구,시군구코드,법정동,지번,단지코드,아파트명,전용면적,층,건축년도,보증금,월세,계약일,계약기간,계약구분,갱신요구권,종전보증금,종전월세
강남구,11680,개포동,1164-14,11680-672,새롬(1164-14),57.93,2,2000,31000,0,2017-10-14,,,,,
강남구,11680,개포동,1164-14,11680-672,새롬(1164-14),57.93,5,2000,30000,0,2017-10-26,,,,,
강남구,11680,개포동,12,11680-279,삼익대청아파트,39.53,14,1992,32000,0,2017-10-20,,,,,
강남구,11680,개포동,12,11680-279,삼익대청아파트,39.53,4,1992,33000,0,2017-10-14,,,,,
강남구,11680,개포동,12,11680-279,삼익대청아파트,39.53,5,1992,31000,0,2017-10-24,,,,,
강남구,11680,개포동,12,11680-279,삼익대청아파트,51.12,10,1992,30000,40,2017-10-31,,,,,
강남구,11680,개포동,12,11680-279,삼익대청아파트,51.12,11,1992,42000,0,2017-10-27,,,,,
강남구,11680,개포동,12,11680-279,삼익대청아파트,51.12,14,1992,39000,0,2017-10-26,17.11~19.11,갱신,,38000,
강남구,11680,개포동,12,11680-279,삼익대청아파트,51.12,14,1992,40000,0,2017-10-18,,,,,
강남구,11680,개포동,12,11680-279,삼익대청아파트,51.12,15,1992,37500,0,2017-10-11,,,,,
강남구,11680,개포동,12,11680-279,삼익대청아파트,51.12,15,1992,40000,0,2017-10-17,,,,,
강남구,11680,개포동,12,11680-279,삼익대청아파트,51.12,9,1992,29000,25,2017-10-30,,,,,
강남구,11680,개포동,12,11680-279,삼익대청아파트,60,9,1992,48000,0,2017-10-30,,,,,
강남구,11680,개포동,12,11680-280,성원대치2단지아파트,33.18,13,1992,25000,0,2017-10-27,,,,,
강남구,11680,개포동,12,11680-280,성원대치2단지아파트,33.18,14,1992,27000,0,2017-10-19,,,,,
강남구,11680,개포동,12,11680-280,성원대치2단지아파트,33.18,4,1992,25000,0,2017-10-27,,,,,
강남구,11680,개포동,12,11680-280,성원대치2단지아파트,33.18,4,1992,27000,0,2017-10-27,,,,,
강남구,11680,개포동,12,11680-280,성원대치2단지아파트,33.18,6,1992,25000,0,2017-10-06,17.11~19.11,신규,,,
강남구,11680,개포동,12,11680-280,성원대치2단지아파트,39.53,11,1992,34000,0,2017-10-14,,,,,
강남구,11680,개포동,12,11680-280,성원대치2단지아파트,39.53,13,1992,32000,0,2017-10-06,,,,,
강남구,11680,개포동,12,11680-280,성원대치2단지아파트,39.53,2,1992,2000,95,2017-10-21,,,,,
강남구,11680,개포동,12,11680-280,성원대치2단지아파트,39.53,3,1992,27000,20,2017-10-24,,,,,
강남구,11680,개포동,12,11680-280,성원대치2단지아파트,39.53,3,1992,30000,0,2017-10-30,,,,,
강남구,11680,개포동,12,11680-280,성원대치2단지아파트,39.53,3,1992,32000,0,2017-10-21,,,,,
강남구,11680,개포동,12,11680-280,성원대치2단지아파트,39.53,6,1992,30000,0,2017-10-10,,,,,
강남구,11680,개포동,12,11680-280,성원대치2단지아파트,39.53,9,1992,35000,0,2017-10-28,,,,,
강남구,11680,개포동,12,11680-280,성원대치2단지아파트,49.86,7,1992,45000,0,2017-10-11,,,,,
강남구,11680,개포동,12,11680-280,성원대치2단지아파트,49.86,8,1992,40000,0,2017-10-21,,,,,
강남구,11680,개포동,12,11680-280,성원대치2단지아파트,49.86,9,1992,39000,0,2017-10-19,,,,,
강남구,11680,개포동,12,11680-280,성원대치2단지아파트,49.86,9,1992,40000,0,2017-10-21,,,,,
강남구,11680,개포동,12-2,11680-505,개포자이,153.8,7,2004,90000,40,2017-10-19,17.10~19.10,갱신,,90000,40
강남구,11680,개포동,12-2,11680-505,개포자이,168.42,16,2004,110000,0,2017-10-21,,,,,
강남구,11680,개포동,12-2,11680-505,개포자이,168.42,9,2004,105000,0,2017-10-23,,,,,
강남구,11680,개포동,141,11680-573,개포주공1단지,35.64,2,1982,7500,0,2017-10-31,,,,,
강남구,11680,개포동,141,11680-573,개포주공1단지,35.64,4,1982,1000,40,2017-10-19,,,,,
강남구,11680,개포동,141,11680-573,개포주공1단지,35.64,4,1982,7000,0,2017-10-27,,,,,
강남구,11680,개포동,141,11680-573,개포주공1단지,35.87,4,1982,7000,0,2017-10-16,,,,,
강남구,11680,개포동,141,11680-573,개포주공1단지,35.87,5,1982,6500,0,2017-10-11,,,,,
강남구,11680,개포동,141,11680-573,개포주공1단지,41.98,1,1982,12000,0,2017-10-21,,,,,
강남구,11680,개포동,141,11680-573,개포주공1단지,41.98,3,1982,1000,40,2017-10-24,,,,,
강남구,11680,개포동,141,11680-573,개포주공1단지,41.98,3,1982,10000,0,2017-10-21,,,,,
강남구,11680,개포동,141,11680-573,개포주공1단지,41.98,3,1982,11000,0,2017-10-10,,,,,
강남구,11680,개포동,141,11680-573,개포주공1단지,41.98,3,1982,9000,0,2017-10-17,,,,,
강남구,11680,개포동,141,11680-573,개포주공1단지,41.98,4,1982,10000,0,2017-10-17,,,,,
강남구,11680,개포동,141,11680-573,개포주공1단지,41.98,4,1982,10000,0,2017-10-20,,,,,
강남구,11680,개포동,141,11680-573,개포주공1단지,41.98,4,1982,9000,0,2017-10-13,,,,,
강남구,11680,개포동,141,11680-573,개포주공1단지,41.98,5,1982,10500,0,2017-10-14,,,,,
강남구,11680,개포동,141,11680-573,개포주공1단지,41.98,5,1982,7000,0,2017-10-30,,,,,
강남구,11680,개포동,141,11680-573,개포주공1단지,41.98,5,1982,8000,0,2017-10-27,,,,,
강남구,11680,개포동,141,11680-573,개포주공1단지,42.55,2,1982,1000,45,2017-10-10,,,,,
강남구,11680,개포동,141,11680-573,개포주공1단지,42.55,2,1982,10000,0,2017-10-13,,,,,
강남구,11680,개포동,141,11680-573,개포주공1단지,42.55,4,1982,500,55,2017-10-13,,,,,
강남구,11680,개포동,141,11680-573,개포주공1단지,45.26,4,1982,1000,50,2017-10-11,,,,,
강남구,11680,개포동,141,11680-573,개포주공1단지,49.56,1,1982,1000,60,2017-10-11,,,,,
강남구,11680,개포동,141,11680-573,개포주공1단지,49.56,3,1982,12000,10,2017-10-12,,,,,
강남구,11680,개포동,141,11680-573,개포주공1단지,49.56,5,1982,11500,0,2017-10-14,,,,,
강남구,11680,개포동,141,11680-573,개포주공1단지,50.38,1,1982,10000,0,2017-10-25,,,,,
강남구,11680,개포동,141,11680-573,개포주공1단지,50.38,1,1982,14000,0,2017-10-27,,,,,
강남구,11680,개포동,141,11680-573,개포주공1단지,50.38,1,1982,9000,0,2017-10-31,,,,,
강남구,11680,개포동,141,11680-573,개포주공1단지,50.38,2,1982,9000,5,2017-10-24,,,,,
강남구,11680,개포동,141,11680-573,개포주공1단지,50.38,3,1982,1000,45,2017-10-18,,,,,
강남구,11680,개포동,141,11680-573,개포주공1단지,50.38,3,1982,10000,0,2017-10-21,,,,,
강남구,11680,개포동,141,11680-573,개포주공1단지,50.38,3,1982,11000,0,2017-10-09,,,,,
강남구,11680,개포동,141,11680-573,개포주공1단지,50.64,1,1982,10000,0,2017-10-25,,,,,
강남구,11680,개포동,141,11680-573,개포주공1단지,50.64,1,1982,2000,55,2017-10-19,,,,,
강남구,11680,개포동,141,11680-573,개포주공1단지,50.64,2,1982,2000,55,2017-10-30,,,,,
강남구,11680,개포동,141,11680-573,개포주공1단지,50.64,2,1982,2000,60,2017-10-19,,,,,
강남구,11680,개포동,141,11680-573,개포주공1단지,50.64,2,1982,8000,0,2017-10-21,,,,,
강남구,11680,개포동,141,11680-573,개포주공1단지,50.64,5,1982,1000,50,2017-10-16,,,,,
강남구,11680,개포동,141,11680-573,개포주공1단지,50.64,5,1982,1000,50,2017-10-31,,,,,
강남구,11680,개포동,141,11680-573,개포주공1단지,56.57,3,1982,10000,0,2017-10-27,,,,,
강남구,11680,개포동,141,11680-573,개포주공1단지,56.57,4,1982,1500,60,2017-10-25,,,,,
강남구,11680,개포동,141,11680-573,개포주공1단지,58.08,2,1982,14000,0,2017-10-27,,,,,
강남구,11680,개포동,141,11680-573,개포주공1단지,58.08,2,1982,16000,0,2017-10-12,,,,,
강남구,11680,개포동,141,11680-573,개포주공1단지,58.08,2,1982,16000,0,2017-10-18,,,,,
강남구,11680,개포동,141,11680-573,개포주공1단지,58.08,4,1982,16000,0,2017-10-12,,,,,
강남구,11680,개포동,141,11680-573,개포주공1단지,58.08,4,1982,16000,0,2017-10-23,,,,,
강남구,11680,개포동,141,11680-573,개포주공1단지,58.08,4,1982,3000,60,2017-10-19,,,,,
강남구,11680,개포동,141,11680-573,개포주공1단지,58.08,5,1982,12000,0,2017-10-23,,,,,
강남구,11680,개포동,141,11680-573,개포주공1단지,58.08,5,1982,13000,0,2017-10-17,,,,,
강남구,11680,개포동,141,11680-573,개포주공1단지,61.57,5,1982,15000,0,2017-10-20,,,,,
강남구,11680,개포동,177,11680-294,현대아파트3,163.85,9,1986,100000,0,2017-10-22,,,,,
강남구,11680,개포동,177,11680-294,현대아파트3,163.85,9,1986,95000,0,2017-10-22,,,,,
강남구,11680,개포동,177,11680-294,현대아파트3,84.87,5,1986,75000,0,2017-10-03,,,,,
강남구,11680,개포동,179,11680-285,우성8,79.61,1,1987,58000,0,2017-10-28,,,,,
강남구,11680,개포동,179,11680-285,우성8,79.61,1,1987,65000,0,2017-10-17,,,,,
강남구,11680,개포동,179,11680-285,우성8,79.61,7,1987,55000,0,2017-10-12,,,,,
강남구,11680,개포동,185,11680-290,개포주공6단지,53.06,11,1983,40000,0,2017-10-14,,,,,
강남구,11680,개포동,185,11680-290,개포주공6단지,53.06,12,1983,41500,0,2017-10-12,,,,,
강남구,11680,개포동,185,11680-290,개포주공6단지,53.06,12,1983,42000,0,2017-10-23,,,,,
강남구,11680,개포동,185,11680-290,개포주공6단지,53.06,13,1983,33000,30,2017-10-19,,,,,
강남구,11680,개포동,185,11680-290,개포주공6단지,60.13,12,1983,33000,40,2017-10-14,,,,,
강남구,11680,개포동,185,11680-290,개포주공6단지,60.13,2,1983,15000,105,2017-10-24,,,,,
강남구,11680,개포동,185,11680-290,개포주공6단지,60.13,2,1983,43000,0,2017-10-30,,,,,
강남구,11680,개포동,185,11680-290,개포주공6단지,60.13,5,1983,10000,110,2017-10-12,,,,,
강남구,11680,개포동,185,11680-290,개포주공6단지,60.13,9,1983,45000,0,2017-10-12,,,,,
강남구,11680,개포동,185,11680-290,개포주공6단지,83.21,14,1983,53000,0,2017-10-30,,,,,
강남구,11680,개포동,185,11680-290,개포주공6단지,83.21,3,1983,56000,0,2017-10-18,,,,,
강남구,11680,개포동,185,11680-290,개포주공6단지,83.21,7,1983,45000,0,2017-10-23,,,,,
강남구,11680,개포동,185,11680-290,개포주공6단지,83.21,8,1983,55000,0,2017-10-14,,,,,
강남구,11680,개포동,185,11680-578,개포주공7단지,53.46,10,1983,41000,0,2017-10-28,,,,,
강남구,11680,개포동,185,11680-578,개포주공7단지,53.46,12,1983,42000,0,2017-10-21,,,,,
강남구,11680,개포동,185,11680-578,개포주공7단지,53.46,2,1983,41000,0,2017-10-30,,,,,
강남구,11680,개포동,185,11680-578,개포주공7단지,53.46,6,1983,37000,0,2017-10-14,,,,,
강남구,11680,개포동,185,11680-578,개포주공7단지,60.76,4,1983,39000,20,2017-10-26,,,,,
강남구,11680,개포동,185,11680-578,개포주공7단지,73.26,15,1983,50000,0,2017-10-31,,,,,
강남구,11680,개포동,185,11680-578,개포주공7단지,73.26,3,1983,34000,50,2017-10-28,,,,,
강남구,11680,개포동,185,11680-578,개포주공7단지,83.7,1,1983,36000,50,2017-10-11,,,,,
강남구,11680,개포동,185,11680-578,개포주공7단지,83.7,11,1983,53000,0,2017-10-15,,,,,
강남구,11680,개포동,185,11680-578,개포주공7단지,83.7,11,1983,54000,0,2017-10-28,,,,,
강남구,11680,개포동,185,11680-578,개포주공7단지,83.7,14,1983,53000,0,2017-10-24,,,,,
강남구,11680,개포동,185,11680-578,개포주공7단지,83.7,14,1983,53000,0,2017-10-24,,,,,
강남구,11680,개포동,185,11680-578,개포주공7단지,83.7,3,1983,51000,0,2017-10-26,,,,,
강남구,11680,개포동,185,11680-578,개포주공7단지,83.7,9,1983,7000,150,2017-10-21,,,,,
강남구,11680,개포동,187,11680-391,개포주공5단지,53.98,11,1983,20000,80,2017-10-24,,,,,
강남구,11680,개포동,187,11680-391,개포주공5단지,53.98,6,1983,39000,0,2017-10-18,,,,,
강남구,11680,개포동,187,11680-391,개포주공5단지,53.98,8,1983,35000,0,2017-10-16,,,,,
강남구,11680,개포동,187,11680-391,개포주공5단지,61.19,14,1983,43000,0,2017-10-17,,,,,
강남구,11680,개포동,187,11680-391,개포주공5단지,61.19,4,1983,42000,0,2017-10-30,,,,,
강남구,11680,개포동,187,11680-391,개포주공5단지,83.17,12,1983,55000,0,2017-10-16,,,,,
강남구,11680,개포동,187,11680-391,개포주공5단지,83.17,2,1983,10000,150,2017-10-19,17.11~19.11,갱신,,10000,100
강남구,11680,개포동,187,11680-391,개포주공5단지,83.17,6,1983,56000,0,2017-10-12,,,,,
강남구,11680,개포동,187,11680-391,개포주공5단지,83.17,7,1983,10000,150,2017-10-15,,,,,
강남구,11680,개포동,649,11680-277,경남1,123.28,2,1984,78000,0,2017-10-28,17.11~19.11,갱신,,74000,
강남구,11680,개포동,649,11680-277,경남1,123.28,3,1984,50000,120,2017-10-16,,,,,
강남구,11680,개포동,649,11680-277,경남1,123.28,7,1984,85000,0,2017-10-28,,,,,
강남구,11680,개포동,649,11680-277,경남1,166.48,6,1984,55000,100,2017-10-16,,,,,
강남구,11680,개포동,649,11680-277,경남1,96.98,12,1984,70000,0,2017-10-18,,,,,
강남구,11680,개포동,649,11680-277,경남1,96.98,8,1984,65000,0,2017-10-14,,,,,
강남구,11680,개포동,649,11680-278,경남2차,149.21,11,1984,85000,0,2017-10-19,,,,,
강남구,11680,개포동,649,11680-278,경남2차,149.21,12,1984,77000,0,2017-10-19,17.10~19.10,갱신,,72000,
강남구,11680,개포동,649,11680-278,경남2차,182.2,7,1984,70000,100,2017-10-28,,,,,
강남구,11680,개포동,652,11680-283,개포우성3차,104.43,1,1984,60000,0,2017-10-19,,,,,
강남구,11680,개포동,652,11680-283,개포우성3차,104.43,10,1984,67000,0,2017-10-28,,,,,
강남구,11680,개포동,652,11680-283,개포우성3차,104.43,11,1984,65000,0,2017-10-30,,,,,
강남구,11680,개포동,652,11680-283,개포우성3차,104.43,12,1984,65000,0,2017-10-10,,,,,
강남구,11680,개포동,652,11680-283,개포우성3차,161,14,1984,93000,0,2017-10-23,,,,,
강남구,11680,개포동,653,11680-292,현대1차101동~106동,128.62,1,1984,80000,0,2017-10-17,,,,,
강남구,11680,개포동,653,11680-292,현대1차101동~106동,128.62,4,1984,80000,0,2017-10-10,,,,,
강남구,11680,개포동,654,11680-293,현대2,131.83,4,1986,80000,0,2017-10-19,,,,,
강남구,11680,개포동,654,11680-293,현대2,131.83,8,1986,30000,160,2017-10-30,,,,,
강남구,11680,개포동,654,11680-293,현대2,134.98,6,1986,75000,20,2017-10-24,,,,,
강남구,11680,개포동,654,11680-293,현대2,165.08,3,1986,88000,0,2017-10-21,,,,,
강남구,11680,개포동,654,11680-293,현대2,165.08,9,1986,80000,0,2017-10-31,,,,,
강남구,11680,개포동,655-1,11680-295,개포현대200동,82.2,9,1986,60000,0,2017-10-16,,,,,
강남구,11680,개포동,658-1,11680-284,개포6차우성아파트1동~8동,54.98,4,1987,32000,0,2017-10-17,,,,,
강남구,11680,개포동,658-1,11680-284,개포6차우성아파트1동~8동,67.28,2,1987,38500,0,2017-10-13,,,,,
강남구,11680,개포동,658-1,11680-284,개포6차우성아파트1동~8동,67.28,5,1987,34500,0,2017-10-23,,,,,
강남구,11680,개포동,658-1,11680-284,개포6차우성아파트1동~8동,79.97,3,1987,44000,0,2017-10-03,,,,,
강남구,11680,논현동,103,11680-136,쌍용,84.87,10,1996,51000,0,2017-10-18,,,,,
강남구,11680,논현동,105,11680-121,동현아파트1~6,84.92,1,1985,35000,60,2017-10-18,,,,,
강남구,11680,논현동,105,11680-121,동현아파트1~6,84.92,13,1985,51000,0,2017-10-21,,,,,
강남구,11680,논현동,180-6,11680-583,우성,102,4,2004,53000,0,2017-10-08,,,,,
강남구,11680,논현동,196,11680-104,거평프리젠,39.035,1,1996,16000,0,2017-10-17,,,,,
강남구,11680,논현동,196,11680-104,거평프리젠,59.895,10,1996,35000,0,2017-10-26,17.11~19.11,신규,,,
강남구,11680,논현동,205-2,11680-699,논현동한화꿈에그린,67.671,9,2005,45000,0,2017-10-13,,,,,
강남구,11680,논현동,215-14,11680-444,논현아트빌,90.38,1,2003,55000,0,2017-10-13,,,,,
강남구,11680,논현동,22,11680-109,신동아(22),114.34,4,1997,70000,0,2017-10-07,,,,,
강남구,11680,논현동,22,11680-109,신동아(22),114.34,5,1997,53000,70,2017-10-24,,,,,
강남구,11680,논현동,22,11680-109,신동아(22),35.73,11,1997,15000,50,2017-10-26,,,,,
강남구,11680,논현동,22,11680-109,신동아(22),35.73,4,1997,33000,0,2017-10-26,,,,,
강남구,11680,논현동,22,11680-109,신동아(22),35.73,9,1997,34000,0,2017-10-11,17.11~19.11,신규,,,
강남구,11680,논현동,221-7,11680-4202,한양수자인어반게이트,16.2,4,2013,3000,60,2017-10-25,,,,,
강남구,11680,논현동,228-9,11680-446,토미빌(228-9),145.68,1,2003,79000,0,2017-10-22,,,,,
강남구,11680,논현동,258,11680-559,두산위브2단지,68.484,1,2004,9000,180,2017-10-11,,,,,
강남구,11680,논현동,258,11680-559,두산위브2단지,83.464,3,2004,75000,0,2017-10-17,,,,,
강남구,11680,논현동,275,11680-392,동부센트레빌,84.9875,21,2003,70000,0,2017-10-23,,,,,
강남구,11680,논현동,276-1,11680-4356,아크로힐스논현,84.074,10,2014,20000,270,2017-10-09,,,,,
강남구,11680,논현동,276-1,11680-4356,아크로힐스논현,84.074,12,2014,10000,300,2017-10-17,,,,,
강남구,11680,논현동,42-6,11680-4286,인본,49.2,2,2014,1000,127,2017-10-31,,,,,
강남구,11680,논현동,44-9,11680-467,지고하임(102동),73.17,1,2003,5000,230,2017-10-27,,,,,
강남구,11680,논현동,55-12,11680-108,네오빌,73.08,3,2001,10000,135,2017-10-14,,,,,
강남구,11680,논현동,62-3,11680-141,"청학아파트에이동,비동,씨동",97.18,6,1976,10000,110,2017-10-12,17.10~19.10,신규,,,
강남구,11680,논현동,80-13,11680-552,프라임,97.8,3,2004,55000,0,2017-10-30,,,,,
강남구,11680,대치동,1007-2,11680-539,풍림아이원4차(1007-2),114.55,2,2004,50000,150,2017-10-18,,,,,
강남구,11680,대치동,1014-1,11680-209,삼성2차,162.51,5,1999,40000,0,2017-10-02,,,,,
강남구,11680,대치동,1014-3,11680-205,대치삼성,108.52,13,2000,118000,0,2017-10-19,,,,,
강남구,11680,대치동,1014-3,11680-205,대치삼성,108.52,14,2000,70000,160,2017-10-28,,,,,
강남구,11680,대치동,1014-3,11680-205,대치삼성,59.88,12,2000,65000,0,2017-10-12,,,,,
강남구,11680,대치동,1014-3,11680-205,대치삼성,59.88,13,2000,65000,0,2017-10-18,,,,,
강남구,11680,대치동,1014-3,11680-205,대치삼성,59.88,4,2000,67000,0,2017-10-27,,,,,
강남구,11680,대치동,1014-3,11680-205,대치삼성,59.88,6,2000,20000,150,2017-10-16,,,,,
강남구,11680,대치동,1014-3,11680-205,대치삼성,59.88,9,2000,45000,65,2017-10-29,,,,,
강남구,11680,대치동,1014-3,11680-205,대치삼성,84.58,10,2000,70000,65,2017-10-21,,,,,
강남구,11680,대치동,1014-3,11680-205,대치삼성,84.58,12,2000,93000,0,2017-10-23,,,,,
강남구,11680,대치동,1014-3,11680-205,대치삼성,84.58,13,2000,70000,80,2017-10-14,,,,,
강남구,11680,대치동,1014-3,11680-205,대치삼성,84.58,19,2000,92000,0,2017-10-26,,,,,
강남구,11680,대치동,1014-3,11680-205,대치삼성,97.35,11,2000,70000,95,2017-10-25,,,,,
강남구,11680,대치동,1014-3,11680-205,대치삼성,97.35,15,2000,105000,0,2017-10-17,,,,,
강남구,11680,대치동,1014-3,11680-205,대치삼성,97.35,15,2000,107000,0,2017-10-14,,,,,
강남구,11680,대치동,1014-3,11680-205,대치삼성,97.35,18,2000,105000,0,2017-10-11,,,,,
강남구,11680,대치동,1014-3,11680-205,대치삼성,97.35,3,2000,108000,0,2017-10-28,,,,,
강남구,11680,대치동,1014-3,11680-205,대치삼성,97.35,9,2000,95000,55,2017-10-21,,,,,
강남구,11680,대치동,1025,11680-3739,롯데캐슬리베,121.0894,12,2008,115000,80,2017-10-24,,,,,
강남구,11680,대치동,1025,11680-3739,롯데캐슬리베,121.0894,14,2008,80000,220,2017-10-19,,,,,
강남구,11680,대치동,1025,11680-3739,롯데캐슬리베,121.0894,6,2008,140000,0,2017-10-18,,,,,
강남구,11680,대치동,1027,11680-4394,래미안대치팰리스,114.14,13,2015,190000,0,2017-10-13,,,,,
강남구,11680,대치동,1027,11680-4394,래미안대치팰리스,114.14,15,2015,150000,120,2017-10-24,,,,,
강남구,11680,대치동,1027,11680-4394,래미안대치팰리스,114.14,20,2015,120000,250,2017-10-31,,,,,
강남구,11680,대치동,1027,11680-4394,래미안대치팰리스,114.14,20,2015,140000,160,2017-10-23,,,,,
강남구,11680,대치동,1027,11680-4394,래미안대치팰리스,114.14,5,2015,130000,200,2017-10-12,,,,,
강남구,11680,대치동,1027,11680-4394,래미안대치팰리스,114.15,19,2015,193000,0,2017-10-16,,,,,
강남구,11680,대치동,1027,11680-4394,래미안대치팰리스,114.17,10,2015,100000,270,2017-10-24,,,,,
강남구,11680,대치동,1027,11680-4394,래미안대치팰리스,114.17,15,2015,150000,130,2017-10-22,,,,,
강남구,11680,대치동,1027,11680-4394,래미안대치팰리스,151.27,4,2015,220000,0,2017-10-23,,,,,
강남구,11680,대치동,1027,11680-4394,래미안대치팰리스,59.99,11,2015,57750,0,2017-10-31,,,,,
강남구,11680,대치동,1027,11680-4394,래미안대치팰리스,59.99,3,2015,57750,0,2017-10-31,,,,,
강남구,11680,대치동,1027,11680-4394,래미안대치팰리스,84.97,11,2015,70000,150,2017-10-16,,,,,
강남구,11680,대치동,1027,11680-4394,래미안대치팰리스,84.97,11,2015,70000,160,2017-10-16,,,,,
강남구,11680,대치동,1027,11680-4394,래미안대치팰리스,84.97,13,2015,120000,0,2017-10-27,,,,,
강남구,11680,대치동,1027,11680-4394,래미안대치팰리스,84.97,14,2015,125000,0,2017-10-07,,,,,
강남구,11680,대치동,1027,11680-4394,래미안대치팰리스,84.97,14,2015,70000,160,2017-10-17,,,,,
강남구,11680,대치동,1027,11680-4394,래미안대치팰리스,84.97,16,2015,120000,0,2017-10-18,,,,,
강남구,11680,대치동,1027,11680-4394,래미안대치팰리스,84.97,16,2015,125000,0,2017-10-20,,,,,
강남구,11680,대치동,1027,11680-4394,래미안대치팰리스,84.97,2,2015,125000,0,2017-10-10,17.12~19.12,신규,,,
강남구,11680,대치동,1027,11680-4394,래미안대치팰리스,84.97,2,2015,80000,100,2017-10-28,,,,,
강남구,11680,대치동,1027,11680-4394,래미안대치팰리스,84.97,2,2015,98000,0,2017-10-23,,,,,
강남구,11680,대치동,1027,11680-4394,래미안대치팰리스,84.97,22,2015,20000,310,2017-10-19,,,,,
강남구,11680,대치동,1027,11680-4394,래미안대치팰리스,84.97,3,2015,95000,110,2017-10-28,,,,,
강남구,11680,대치동,1027,11680-4394,래미안대치팰리스,84.97,5,2015,125000,0,2017-10-28,,,,,
강남구,11680,대치동,1027,11680-4394,래미안대치팰리스,84.97,9,2015,60000,150,2017-10-24,17.12~19.12,신규,,,
강남구,11680,대치동,1027,11680-4394,래미안대치팰리스,84.97,9,2015,80000,150,2017-10-23,,,,,
강남구,11680,대치동,1027,11680-4394,래미안대치팰리스,84.98,15,2015,115000,0,2017-10-07,,,,,
강남구,11680,대치동,1027,11680-4394,래미안대치팰리스,84.98,16,2015,125000,0,2017-10-28,,,,,
강남구,11680,대치동,1027,11680-4394,래미안대치팰리스,84.99,12,2015,127500,0,2017-10-30,,,,,
강남구,11680,대치동,1027,11680-4394,래미안대치팰리스,84.99,13,2015,120000,0,2017-10-15,,,,,
강남구,11680,대치동,1027,11680-4394,래미안대치팰리스,84.99,15,2015,123000,0,2017-10-21,,,,,
강남구,11680,대치동,1027,11680-4394,래미안대치팰리스,84.99,15,2015,125000,0,2017-10-20,,,,,
강남구,11680,대치동,1027,11680-4394,래미안대치팰리스,84.99,18,2015,120000,0,2017-10-18,,,,,
강남구,11680,대치동,1027,11680-4394,래미안대치팰리스,84.99,3,2015,70000,150,2017-10-28,,,,,
강남구,11680,대치동,1027,11680-4394,래미안대치팰리스,91.89,13,2015,121000,0,2017-10-14,,,,,
강남구,11680,대치동,1027,11680-4394,래미안대치팰리스,91.89,23,2015,125000,0,2017-10-15,,,,,
강남구,11680,대치동,1027,11680-4394,래미안대치팰리스,91.89,24,2015,120000,0,2017-10-21,,,,,
강남구,11680,대치동,1027,11680-4394,래미안대치팰리스,91.89,5,2015,40000,275,2017-10-28,,,,,
강남구,11680,대치동,1027,11680-4394,래미안대치팰리스,91.93,12,2015,80000,165,2017-10-30,,,,,
강남구,11680,대치동,1027,11680-4394,래미안대치팰리스,91.93,13,2015,100000,90,2017-10-27,,,,,
강남구,11680,대치동,1027,11680-4394,래미안대치팰리스,91.93,15,2015,95000,100,2017-10-12,,,,,
강남구,11680,대치동,1027,11680-4394,래미안대치팰리스,91.93,18,2015,123000,0,2017-10-25,,,,,
강남구,11680,대치동,1027,11680-4394,래미안대치팰리스,91.93,21,2015,125000,0,2017-10-18,,,,,
강남구,11680,대치동,1027,11680-4394,래미안대치팰리스,91.93,21,2015,126000,0,2017-10-18,17.12~19.12,신규,,,
강남구,11680,대치동,1027,11680-4394,래미안대치팰리스,91.93,30,2015,109000,75,2017-10-14,,,,,
강남구,11680,대치동,1027,11680-4394,래미안대치팰리스,91.93,33,2015,80000,200,2017-10-18,,,,,
강남구,11680,대치동,1027,11680-4394,래미안대치팰리스,91.93,6,2015,120000,0,2017-10-13,,,,,
강남구,11680,대치동,1027,11680-4394,래미안대치팰리스,94.49,11,2015,100000,130,2017-10-16,,,,,
강남구,11680,대치동,1027,11680-4394,래미안대치팰리스,94.49,14,2015,145000,0,2017-10-17,,,,,
강남구,11680,대치동,1027,11680-4394,래미안대치팰리스,94.49,19,2015,125000,45,2017-10-15,,,,,
강남구,11680,대치동,1027,11680-4394,래미안대치팰리스,94.49,22,2015,140000,0,2017-10-26,,,,,
강남구,11680,대치동,1027,11680-4394,래미안대치팰리스,94.49,25,2015,70000,250,2017-10-13,,,,,
강남구,11680,대치동,1027,11680-4394,래미안대치팰리스,94.49,27,2015,70000,200,2017-10-28,,,,,
강남구,11680,대치동,1027,11680-4394,래미안대치팰리스,94.49,3,2015,90000,170,2017-10-30,,,,,
강남구,11680,대치동,1027,11680-4394,래미안대치팰리스,94.49,30,2015,30000,410,2017-10-21,,,,,
강남구,11680,대치동,1027,11680-4394,래미안대치팰리스,94.49,35,2015,80000,220,2017-10-11,,,,,
강남구,11680,대치동,1027,11680-4394,래미안대치팰리스,94.49,4,2015,130000,0,2017-10-20,,,,,
강남구,11680,대치동,1027,11680-4394,래미안대치팰리스,94.49,6,2015,135000,0,2017-10-27,,,,,
강남구,11680,대치동,1027,11680-4394,래미안대치팰리스,94.49,7,2015,120000,30,2017-10-23,,,,,
강남구,11680,대치동,1027,11680-4394,래미안대치팰리스,94.49,7,2015,137000,0,2017-10-24,,,,,
강남구,11680,대치동,1027,11680-4394,래미안대치팰리스,94.49,8,2015,75000,165,2017-10-12,,,,,
강남구,11680,대치동,1027,11680-4394,래미안대치팰리스,94.49,9,2015,110000,95,2017-10-15,,,,,
강남구,11680,대치동,1027,11680-4394,래미안대치팰리스,94.49,9,2015,150000,0,2017-10-17,,,,,
강남구,11680,대치동,1027,11680-4394,래미안대치팰리스,94.5,10,2015,145000,0,2017-10-22,17.12~19.12,갱신,,120000,
강남구,11680,대치동,1027,11680-4394,래미안대치팰리스,94.5,12,2015,140000,0,2017-10-23,,,,,
강남구,11680,대치동,1027,11680-4394,래미안대치팰리스,94.5,2,2015,138000,0,2017-10-18,,,,,
강남구,11680,대치동,1027,11680-4394,래미안대치팰리스,94.5,2,2015,140000,0,2017-10-14,,,,,
강남구,11680,대치동,1027,11680-4394,래미안대치팰리스,94.51,8,2015,140000,0,2017-10-16,,,,,
강남구,11680,대치동,1029,11680-4637,대치SKVIEW,112.08,12,2017,185000,0,2017-10-18,,,,,
강남구,11680,대치동,1029,11680-4637,대치SKVIEW,112.08,13,2017,180000,0,2017-10-11,,,,,
강남구,11680,대치동,1029,11680-4637,대치SKVIEW,112.08,4,2017,50000,340,2017-10-15,,,,,
강남구,11680,대치동,1029,11680-4637,대치SKVIEW,112.37,3,2017,100000,200,2017-10-12,,,,,
강남구,11680,대치동,1029,11680-4637,대치SKVIEW,112.37,4,2017,100000,220,2017-10-17,,,,,
강남구,11680,대치동,1029,11680-4637,대치SKVIEW,84.34,14,2017,90000,110,2017-10-13,,,,,
강남구,11680,대치동,1029,11680-4637,대치SKVIEW,84.34,9,2017,80000,160,2017-10-24,,,,,
강남구,11680,대치동,1029,11680-4637,대치SKVIEW,84.39,3,2017,10000,300,2017-10-10,,,,,
강남구,11680,대치동,1029,11680-4637,대치SKVIEW,93.4,13,2017,140000,0,2017-10-24,,,,,
강남구,11680,대치동,1029,11680-4637,대치SKVIEW,93.4,14,2017,60000,230,2017-10-20,,,,,
강남구,11680,대치동,1029,11680-4637,대치SKVIEW,93.4,6,2017,50000,260,2017-10-21,,,,,
강남구,11680,대치동,1029,11680-4637,대치SKVIEW,93.48,3,2017,80000,200,2017-10-17,,,,,
강남구,11680,대치동,316,11680-218,은마,76.79,1,1979,39500,0,2017-10-28,,,,,
강남구,11680,대치동,316,11680-218,은마,76.79,1,1979,40000,0,2017-10-17,,,,,
강남구,11680,대치동,316,11680-218,은마,76.79,1,1979,42000,0,2017-10-13,,,,,
강남구,11680,대치동,316,11680-218,은마,76.79,1,1979,45000,0,2017-10-26,,,,,
강남구,11680,대치동,316,11680-218,은마,76.79,10,1979,42500,15,2017-10-20,,,,,
강남구,11680,대치동,316,11680-218,은마,76.79,10,1979,46000,0,2017-10-30,,,,,
강남구,11680,대치동,316,11680-218,은마,76.79,10,1979,48000,0,2017-10-21,,,,,
강남구,11680,대치동,316,11680-218,은마,76.79,10,1979,53000,0,2017-10-27,,,,,
강남구,11680,대치동,316,11680-218,은마,76.79,11,1979,50000,0,2017-10-30,,,,,
강남구,11680,대치동,316,11680-218,은마,76.79,12,1979,45000,0,2017-10-30,,,,,
강남구,11680,대치동,316,11680-218,은마,76.79,12,1979,50000,0,2017-10-27,,,,,
강남구,11680,대치동,316,11680-218,은마,76.79,13,1979,20000,120,2017-10-24,,,,,
강남구,11680,대치동,316,11680-218,은마,76.79,13,1979,20000,90,2017-10-24,,,,,
강남구,11680,대치동,316,11680-218,은마,76.79,13,1979,48000,0,2017-10-23,,,,,
강남구,11680,대치동,316,11680-218,은마,76.79,13,1979,49000,0,2017-10-21,,,,,
강남구,11680,대치동,316,11680-218,은마,76.79,14,1979,39000,20,2017-10-10,,,,,
강남구,11680,대치동,316,11680-218,은마,76.79,14,1979,39000,20,2017-10-30,,,,,
강남구,11680,대치동,316,11680-218,은마,76.79,14,1979,44000,0,2017-10-21,,,,,
강남구,11680,대치동,316,11680-218,은마,76.79,14,1979,50000,0,2017-10-11,,,,,
강남구,11680,대치동,316,11680-218,은마,76.79,2,1979,35000,0,2017-10-30,,,,,
강남구,11680,대치동,316,11680-218,은마,76.79,2,1979,42000,0,2017-10-28,,,,,
강남구,11680,대치동,316,11680-218,은마,76.79,2,1979,43000,0,2017-10-23,,,,,
강남구,11680,대치동,316,11680-218,은마,76.79,2,1979,5000,140,2017-10-31,,,,,
강남구,11680,대치동,316,11680-218,은마,76.79,3,1979,43000,0,2017-10-21,,,,,
강남구,11680,대치동,316,11680-218,은마,76.79,3,1979,47000,0,2017-10-12,,,,,
강남구,11680,대치동,316,11680-218,은마,76.79,4,1979,42000,0,2017-10-17,,,,,
강남구,11680,대치동,316,11680-218,은마,76.79,4,1979,50000,0,2017-10-12,,,,,
강남구,11680,대치동,316,11680-218,은마,76.79,5,1979,49000,0,2017-10-31,,,,,
강남구,11680,대치동,316,11680-218,은마,76.79,6,1979,30000,55,2017-10-13,,,,,
강남구,11680,대치동,316,11680-218,은마,76.79,6,1979,40000,15,2017-10-17,,,,,
강남구,11680,대치동,316,11680-218,은마,76.79,7,1979,36000,40,2017-10-21,,,,,
강남구,11680,대치동,316,11680-218,은마,76.79,7,1979,43000,0,2017-10-13,,,,,
강남구,11680,대치동,316,11680-218,은마,76.79,7,1979,46500,0,2017-10-20,,,,,
강남구,11680,대치동,316,11680-218,은마,76.79,7,1979,47000,0,2017-10-30,,,,,
강남구,11680,대치동,316,11680-218,은마,76.79,7,1979,48000,0,2017-10-20,,,,,
강남구,11680,대치동,316,11680-218,은마,76.79,7,1979,49000,0,2017-10-27,,,,,
강남구,11680,대치동,316,11680-218,은마,76.79,7,1979,50000,0,2017-10-14,,,,,
강남구,11680,대치동,316,11680-218,은마,76.79,9,1979,47000,0,2017-10-24,,,,,
강남구,11680,대치동,316,11680-218,은마,76.79,9,1979,49000,0,2017-10-27,,,,,
강남구,11680,대치동,316,11680-218,은마,76.79,9,1979,5000,135,2017-10-13,,,,,
강남구,11680,대치동,316,11680-218,은마,84.43,1,1979,45000,0,2017-10-11,,,,,
강남구,11680,대치동,316,11680-218,은마,84.43,1,1979,48000,0,2017-10-13,,,,,
강남구,11680,대치동,316,11680-218,은마,84.43,1,1979,48000,0,2017-10-18,,,,,
강남구,11680,대치동,316,11680-218,은마,84.43,10,1979,53000,0,2017-10-26,,,,,
강남구,11680,대치동,316,11680-218,은마,84.43,11,1979,50000,0,2017-10-10,,,,,
강남구,11680,대치동,316,11680-218,은마,84.43,13,1979,30000,100,2017-10-12,,,,,
강남구,11680,대치동,316,11680-218,은마,84.43,14,1979,50000,0,2017-10-28,,,,,
강남구,11680,대치동,316,11680-218,은마,84.43,14,1979,54000,0,2017-10-24,,,,,
강남구,11680,대치동,316,11680-218,은마,84.43,14,1979,55000,0,2017-10-13,,,,,
강남구,11680,대치동,316,11680-218,은마,84.43,2,1979,48000,0,2017-10-25,,,,,
강남구,11680,대치동,316,11680-218,은마,84.43,2,1979,53000,0,2017-10-21,,,,,
강남구,11680,대치동,316,11680-218,은마,84.43,2,1979,56000,0,2017-10-23,,,,,
강남구,11680,대치동,316,11680-218,은마,84.43,3,1979,60000,0,2017-10-12,,,,,
강남구,11680,대치동,316,11680-218,은마,84.43,5,1979,36000,15,2017-10-31,,,,,
강남구,11680,대치동,316,11680-218,은마,84.43,5,1979,59000,0,2017-10-21,,,,,
강남구,11680,대치동,316,11680-218,은마,84.43,6,1979,58500,0,2017-10-14,,,,,
강남구,11680,대치동,316,11680-218,은마,84.43,7,1979,30000,100,2017-10-25,,,,,
강남구,11680,대치동,316,11680-218,은마,84.43,8,1979,40000,40,2017-10-28,,,,,
강남구,11680,대치동,316,11680-218,은마,84.43,8,1979,45000,0,2017-10-17,,,,,
강남구,11680,대치동,316,11680-218,은마,84.43,8,1979,50000,0,2017-10-02,,,,,
강남구,11680,대치동,500,11680-216,개포우성2,127.78,6,1984,70000,140,2017-10-30,,,,,
강남구,11680,대치동,500,11680-216,개포우성2,127.78,8,1984,70000,140,2017-10-11,,,,,
강남구,11680,대치동,500,11680-216,개포우성2,84.69,14,1984,85000,0,2017-10-21,,,,,
강남구,11680,대치동,500,11680-216,개포우성2,84.69,3,1984,65000,80,2017-10-19,,,,,
강남구,11680,대치동,500,11680-216,개포우성2,84.69,3,1984,85000,0,2017-10-14,,,,,
강남구,11680,대치동,500,11680-216,개포우성2,84.69,5,1984,85000,0,2017-10-23,,,,,
강남구,11680,대치동,503,11680-372,개포우성1,127.61,11,1983,70000,140,2017-10-25,,,,,
강남구,11680,대치동,503,11680-372,개포우성1,127.61,4,1983,110000,0,2017-10-24,,,,,
강남구,11680,대치동,503,11680-372,개포우성1,127.61,5,1983,10000,300,2017-10-20,,,,,
강남구,11680,대치동,503,11680-372,개포우성1,127.61,6,1983,120000,0,2017-10-24,,,,,
강남구,11680,대치동,503,11680-372,개포우성1,127.61,8,1983,50000,210,2017-10-31,,,,,
강남구,11680,대치동,503,11680-372,개포우성1,158.54,13,1983,125000,0,2017-10-23,17.12~19.12,갱신,,120000,
강남구,11680,대치동,503,11680-372,개포우성1,158.54,2,1983,130000,0,2017-10-16,,,,,
강남구,11680,대치동,503,11680-372,개포우성1,84.81,11,1983,85000,0,2017-10-31,,,,,
강남구,11680,대치동,506,11680-211,선경1차(1동-7동),136.68,10,1983,110000,0,2017-10-19,,,,,
강남구,11680,대치동,506,11680-211,선경1차(1동-7동),136.68,10,1983,125000,0,2017-10-27,,,,,
강남구,11680,대치동,506,11680-211,선경1차(1동-7동),136.68,4,1983,110000,40,2017-10-23,,,,,
강남구,11680,대치동,506,11680-211,선경1차(1동-7동),163.92,14,1983,120000,0,2017-10-30,,,,,
강남구,11680,대치동,506,11680-211,선경1차(1동-7동),84.35,10,1983,50000,100,2017-10-25,,,,,
강남구,11680,대치동,506,11680-211,선경1차(1동-7동),84.35,11,1983,40000,110,2017-10-25,,,,,
강남구,11680,대치동,506,11680-211,선경1차(1동-7동),84.35,4,1983,82000,0,2017-10-25,,,,,
강남구,11680,대치동,506,11680-211,선경1차(1동-7동),84.35,7,1983,78000,0,2017-10-14,,,,,
강남구,11680,대치동,506,11680-3559,선경2차(8동-12동),127.75,1,1985,95000,0,2017-10-13,,,,,
강남구,11680,대치동,506,11680-3559,선경2차(8동-12동),160.76,12,1985,123000,0,2017-10-16,,,,,
강남구,11680,대치동,506,11680-3559,선경2차(8동-12동),84.55,14,1985,80000,0,2017-10-20,,,,,
강남구,11680,대치동,506,11680-3559,선경2차(8동-12동),84.55,8,1985,20000,230,2017-10-30,,,,,
강남구,11680,대치동,511,11680-222,한보미도맨션1,128.01,13,1983,110000,0,2017-10-18,,,,,
강남구,11680,대치동,511,11680-222,한보미도맨션1,128.01,3,1983,80000,0,2017-10-21,,,,,
강남구,11680,대치동,511,11680-222,한보미도맨션1,128.01,4,1983,105000,0,2017-10-29,,,,,
강남구,11680,대치동,511,11680-222,한보미도맨션1,84.48,1,1983,66000,0,2017-10-25,,,,,
강남구,11680,대치동,511,11680-222,한보미도맨션1,84.48,11,1983,75000,0,2017-10-13,,,,,
강남구,11680,대치동,511,11680-222,한보미도맨션1,84.48,11,1983,75000,0,2017-10-27,,,,,
강남구,11680,대치동,511,11680-222,한보미도맨션1,84.48,13,1983,60000,55,2017-10-15,,,,,
강남구,11680,대치동,511,11680-222,한보미도맨션1,84.48,14,1983,73000,0,2017-10-27,,,,,
강남구,11680,대치동,511,11680-222,한보미도맨션1,84.48,4,1983,70000,0,2017-10-21,,,,,
강남구,11680,대치동,511,11680-222,한보미도맨션1,84.48,5,1983,78000,0,2017-10-27,,,,,
강남구,11680,대치동,511,11680-222,한보미도맨션1,84.48,6,1983,75000,0,2017-10-26,,,,,
강남구,11680,대치동,511,11680-222,한보미도맨션1,84.48,9,1983,63000,0,2017-10-17,,,,,
강남구,11680,대치동,511,11680-481,한보미도맨션2,115.05,6,1985,90000,0,2017-10-21,,,,,
강남구,11680,대치동,511,11680-481,한보미도맨션2,115.05,6,1985,90000,0,2017-10-25,,,,,
강남구,11680,대치동,511,11680-481,한보미도맨션2,115.05,7,1985,10000,290,2017-10-21,,,,,
강남구,11680,대치동,511,11680-481,한보미도맨션2,115.05,7,1985,71000,70,2017-10-13,,,,,
강남구,11680,대치동,511,11680-481,한보미도맨션2,126.33,13,1985,93000,0,2017-10-24,,,,,
강남구,11680,대치동,511,11680-481,한보미도맨션2,126.33,2,1985,100000,0,2017-10-28,,,,,
강남구,11680,대치동,511,11680-481,한보미도맨션2,126.33,3,1985,103000,0,2017-10-21,,,,,
강남구,11680,대치동,511,11680-481,한보미도맨션2,159.15,13,1985,120000,0,2017-10-10,,,,,
강남구,11680,대치동,511,11680-481,한보미도맨션2,84.96,2,1985,72000,0,2017-10-27,,,,,
강남구,11680,대치동,511,11680-481,한보미도맨션2,84.96,4,1985,65000,0,2017-10-18,,,,,
강남구,11680,대치동,511,11680-481,한보미도맨션2,84.96,5,1985,72000,0,2017-10-28,,,,,
강남구,11680,대치동,602,11680-212,선경3차,76.6,1,1990,63000,0,2017-10-20,,,,,
강남구,11680,대치동,63,11680-217,"대치우성아파트1동,2동,3동,5동,6동,7동",115.59,3,1984,82000,0,2017-10-24,,,,,
강남구,11680,대치동,63,11680-217,"대치우성아파트1동,2동,3동,5동,6동,7동",115.59,6,1984,40000,140,2017-10-31,,,,,
강남구,11680,대치동,63,11680-217,"대치우성아파트1동,2동,3동,5동,6동,7동",84.69,4,1984,57000,0,2017-10-28,,,,,
강남구,11680,대치동,65,11680-214,쌍용대치2,120.76,7,1983,50000,80,2017-10-31,,,,,
강남구,11680,대치동,65,11680-214,쌍용대치2,84.49,11,1983,50000,0,2017-10-27,,,,,
강남구,11680,대치동,66,11680-373,"쌍용대치아파트1동,2동,3동,5동,6동",128.03,2,1983,82000,0,2017-10-29,,,,,
강남구,11680,대치동,66,11680-373,"쌍용대치아파트1동,2동,3동,5동,6동",83.56,11,1983,20000,150,2017-10-16,,,,,
강남구,11680,대치동,66,11680-373,"쌍용대치아파트1동,2동,3동,5동,6동",83.56,3,1983,10000,190,2017-10-30,,,,,
강남구,11680,대치동,66,11680-373,"쌍용대치아파트1동,2동,3동,5동,6동",83.56,8,1983,50000,0,2017-10-14,,,,,
강남구,11680,대치동,66,11680-373,"쌍용대치아파트1동,2동,3동,5동,6동",83.56,9,1983,45000,60,2017-10-31,,,,,
강남구,11680,대치동,670,11680-601,동부센트레빌,121.74,21,2005,90000,200,2017-10-28,,,,,
강남구,11680,대치동,670,11680-601,동부센트레빌,121.74,28,2005,115000,200,2017-10-31,,,,,
강남구,11680,대치동,670,11680-601,동부센트레빌,161.47,13,2005,140000,200,2017-10-19,,,,,
강남구,11680,대치동,670,11680-601,동부센트레빌,161.47,5,2005,115000,0,2017-10-09,,,,,
강남구,11680,대치동,888,11680-3752,대치아이파크,119.58,3,2008,113000,0,2017-10-30,,,,,
강남구,11680,대치동,888,11680-3752,대치아이파크,149.78,15,2008,155000,0,2017-10-19,,,,,
강남구,11680,대치동,888,11680-3752,대치아이파크,149.78,16,2008,130000,0,2017-10-18,,,,,
강남구,11680,대치동,888,11680-3752,대치아이파크,149.78,24,2008,140000,120,2017-10-21,,,,,
강남구,11680,대치동,888,11680-3752,대치아이파크,149.78,9,2008,10000,400,2017-10-13,,,,,
강남구,11680,대치동,888,11680-3752,대치아이파크,149.78,9,2008,160000,0,2017-10-27,,,,,
강남구,11680,대치동,888,11680-3752,대치아이파크,59.96,15,2008,40000,150,2017-10-23,,,,,
강남구,11680,대치동,888,11680-3752,대치아이파크,84.95,13,2008,95000,50,2017-10-31,,,,,
강남구,11680,대치동,888,11680-3752,대치아이파크,84.95,2,2008,10000,320,2017-10-20,,,,,
강남구,11680,대치동,888,11680-3752,대치아이파크,84.95,7,2008,70000,150,2017-10-14,,,,,
강남구,11680,대치동,888,11680-3752,대치아이파크,84.95,8,2008,110000,0,2017-10-23,,,,,
강남구,11680,대치동,888,11680-3752,대치아이파크,84.98,11,2008,26000,270,2017-10-11,,,,,
강남구,11680,대치동,888,11680-3752,대치아이파크,84.98,17,2008,110000,0,2017-10-21,,,,,
강남구,11680,대치동,888,11680-3752,대치아이파크,84.98,8,2008,110000,0,2017-10-25,,,,,
강남구,11680,대치동,890-49,11680-528,선릉역대우아이빌(890-49),20.37,12,2004,1000,70,2017-10-26,,,,,
강남구,11680,대치동,890-49,11680-528,선릉역대우아이빌(890-49),28.34,10,2004,1000,87,2017-10-26,,,,,
강남구,11680,대치동,890-49,11680-528,선릉역대우아이빌(890-49),28.34,11,2004,22000,0,2017-10-21,,,,,
강남구,11680,대치동,891-23,11680-530,대우아이빌명문가(891-23),33.06,7,2004,500,100,2017-10-04,,,,,
강남구,11680,대치동,891-23,11680-530,대우아이빌명문가(891-23),34.2,7,2004,1000,85,2017-10-25,,,,,
강남구,11680,대치동,891-26,11680-531,대우아이빌멤버스(891-26),42.837,12,2003,2000,120,2017-10-10,,,,,
강남구,11680,대치동,891-6,11680-529,테헤란로대우아이빌(891-6),29.02,26,2004,24000,0,2017-10-30,,,,,
강남구,11680,대치동,891-6,11680-529,테헤란로대우아이빌(891-6),33.11,13,2004,25000,0,2017-10-04,,,,,
강남구,11680,대치동,891-6,11680-529,테헤란로대우아이빌(891-6),59.83,23,2004,50000,0,2017-10-22,,,,,
강남구,11680,대치동,893,11680-228,롯데캐슬,123.04,10,2002,60000,150,2017-10-31,,,,,
강남구,11680,대치동,900-58,11680-229,대치,58.4,4,2002,4000,70,2017-10-11,,,,,
강남구,11680,대치동,902,11680-532,포스코더샵,139.54,15,2004,75000,190,2017-10-19,,,,,
강남구,11680,대치동,902,11680-532,포스코더샵,139.54,5,2004,60000,200,2017-10-26,,,,,
강남구,11680,대치동,938-16,11680-3698,삼환SOGOOD,84.93,10,2006,50000,95,2017-10-19,,,,,
강남구,11680,대치동,950,11680-535,우정에쉐르,91.36,7,2004,68000,0,2017-10-21,,,,,
강남구,11680,대치동,950,11680-535,우정에쉐르,97.85,2,2004,67000,0,2017-10-21,,,,,
강남구,11680,대치동,974,11680-206,대치현대,101.6,17,1999,50000,180,2017-10-13,,,,,
강남구,11680,대치동,974,11680-206,대치현대,59.82,10,1999,48000,0,2017-10-15,,,,,
강남구,11680,대치동,974,11680-206,대치현대,59.82,22,1999,13000,100,2017-10-23,,,,,
강남구,11680,대치동,974,11680-206,대치현대,59.82,6,1999,53000,0,2017-10-11,,,,,
강남구,11680,대치동,974,11680-206,대치현대,59.82,9,1999,55000,0,2017-10-26,,,,,
강남구,11680,대치동,974,11680-206,대치현대,85,7,1999,87000,0,2017-10-17,,,,,
강남구,11680,대치동,985,11680-4293,래미안대치하이스턴,110.39,10,1989,70000,150,2017-10-28,,,,,
강남구,11680,대치동,985,11680-4293,래미안대치하이스턴,110.39,12,1989,120000,0,2017-10-17,,,,,
강남구,11680,대치동,985,11680-4293,래미안대치하이스턴,110.39,16,1989,125000,0,2017-10-30,,,,,
강남구,11680,대치동,988-4,11680-207,대치효성,59.84,16,1999,30000,90,2017-10-19,,,,,
강남구,11680,대치동,988-4,11680-207,대치효성,84.91,17,1999,78000,0,2017-10-19,,,,,
강남구,11680,대치동,988-4,11680-207,대치효성,84.91,9,1999,77000,0,2017-10-10,,,,,
강남구,11680,대치동,988-4,11680-207,대치효성,84.94,9,1999,75000,0,2017-10-18,,,,,
강남구,11680,대치동,992,11680-225,현대1,84.27,2,1990,65000,0,2017-10-14,,,,,
강남구,11680,도곡동,161,11680-330,삼성,54.81,4,1994,36000,50,2017-10-13,,,,,
강남구,11680,도곡동,161,11680-330,삼성,80.75,1,1994,62000,0,2017-10-10,,,,,
강남구,11680,도곡동,200-5,11680-704,월드메르디앙102동,159.43,2,2005,82000,0,2017-10-13,,,,,
강남구,11680,도곡동,463-1,11680-338,우성사원5,70.89,2,1986,50000,0,2017-10-11,,,,,
강남구,11680,도곡동,463-1,11680-338,우성사원5,70.89,8,1986,49000,5,2017-10-23,,,,,
강남구,11680,도곡동,463-1,11680-338,우성사원5,78.99,9,1986,50000,0,2017-10-25,,,,,
강남구,11680,도곡동,464,11680-349,한신(개포),52.73,5,1985,18000,48,2017-10-24,,,,,
강남구,11680,도곡동,464,11680-349,한신(개포),52.73,5,1985,30000,0,2017-10-24,,,,,
강남구,11680,도곡동,464,11680-349,한신(개포),59.48,2,1985,50000,0,2017-10-29,,,,,
강남구,11680,도곡동,464,11680-349,한신(개포),59.48,8,1985,42000,0,2017-10-24,,,,,
강남구,11680,도곡동,464,11680-349,한신(개포),83.86,4,1985,59000,0,2017-10-19,,,,,
강남구,11680,도곡동,464,11680-349,한신(개포),83.86,6,1985,58000,0,2017-10-16,,,,,
강남구,11680,도곡동,465,11680-337,우성4,126.46,2,1985,85000,0,2017-10-18,,,,,
강남구,11680,도곡동,465,11680-337,우성4,126.46,6,1985,78000,0,2017-10-10,,,,,
강남구,11680,도곡동,465,11680-337,우성4,152.74,4,1985,90000,0,2017-10-31,,,,,
강남구,11680,도곡동,467,11680-364,타워팰리스1,137.24,29,2002,85000,230,2017-10-21,,,,,
강남구,11680,도곡동,467,11680-364,타워팰리스1,164.97,16,2002,160000,0,2017-10-26,,,,,
강남구,11680,도곡동,467,11680-364,타워팰리스1,164.97,42,2002,20000,500,2017-10-19,,,,,
강남구,11680,도곡동,467,11680-364,타워팰리스1,164.97,46,2002,150000,50,2017-10-18,,,,,
강남구,11680,도곡동,467,11680-364,타워팰리스1,164.97,51,2002,180000,0,2017-10-31,,,,,
강남구,11680,도곡동,467,11680-364,타워팰리스1,84.15,22,2002,85000,0,2017-10-27,,,,,
강남구,11680,도곡동,467,11680-364,타워팰리스1,84.15,38,2002,20000,280,2017-10-18,,,,,
강남구,11680,도곡동,467,11680-364,타워팰리스1,84.16,25,2002,105000,0,2017-10-19,,,,,
강남구,11680,도곡동,467,11680-364,타워팰리스1,84.16,31,2002,70000,100,2017-10-13,,,,,
강남구,11680,도곡동,467-17,11680-365,타워팰리스2,115.63,17,2003,135000,0,2017-10-20,,,,,
강남구,11680,도곡동,467-17,11680-365,타워팰리스2,115.63,18,2003,100000,100,2017-10-28,,,,,
강남구,11680,도곡동,467-17,11680-365,타워팰리스2,159.44,24,2003,179000,0,2017-10-28,,,,,
강남구,11680,도곡동,467-17,11680-365,타워팰리스2,164.99,9,2003,135000,200,2017-10-31,,,,,
강남구,11680,도곡동,467-19,11680-354,현대비젼21,32.65,14,1999,22000,0,2017-10-30,,,,,
강남구,11680,도곡동,467-19,11680-354,현대비젼21,33.1,22,1999,10000,45,2017-10-10,,,,,
강남구,11680,도곡동,467-19,11680-354,현대비젼21,34.995,16,1999,5000,60,2017-10-16,,,,,
강남구,11680,도곡동,467-19,11680-354,현대비젼21,34.995,22,1999,23000,0,2017-10-11,,,,,
강남구,11680,도곡동,467-24,11680-340,우성캐릭터199,132.94,9,1998,99000,0,2017-10-28,,,,,
강남구,11680,도곡동,467-29,11680-470,타워팰리스3,124.641,24,2004,130000,0,2017-10-18,,,,,
강남구,11680,도곡동,467-29,11680-470,타워팰리스3,124.641,34,2004,130000,0,2017-10-13,,,,,
강남구,11680,도곡동,467-29,11680-470,타워팰리스3,163.702,35,2004,150000,0,2017-10-26,,,,,
강남구,11680,도곡동,467-6,11680-323,대림아크로빌,130.545,25,1999,110000,0,2017-10-26,,,,,
강남구,11680,도곡동,467-6,11680-323,대림아크로빌,130.545,38,1999,112000,0,2017-10-31,,,,,
강남구,11680,도곡동,467-6,11680-323,대림아크로빌,130.545,7,1999,115000,0,2017-10-31,,,,,
강남구,11680,도곡동,467-7,11680-566,아카데미스위트1,83,18,2004,73000,0,2017-10-17,,,,,
강남구,11680,도곡동,467-7,11680-566,아카데미스위트1,83,24,2004,10000,240,2017-10-18,,,,,
강남구,11680,도곡동,467-7,11680-566,아카데미스위트1,83,30,2004,50000,0,2017-10-13,,,,,
강남구,11680,도곡동,467-7,11680-566,아카데미스위트1,83,33,2004,75000,0,2017-10-12,,,,,
강남구,11680,도곡동,527,11680-3623,도곡렉슬,114.9931,23,2006,125000,0,2017-10-30,,,,,
강남구,11680,도곡동,527,11680-3623,도곡렉슬,120.8233,13,2006,120000,0,2017-10-31,,,,,
강남구,11680,도곡동,527,11680-3623,도곡렉슬,120.8233,19,2006,125000,0,2017-10-25,17.12~19.12,신규,,,
강남구,11680,도곡동,527,11680-3623,도곡렉슬,120.8233,19,2006,125000,0,2017-10-25,17.12~19.12,신규,,,
강남구,11680,도곡동,527,11680-3623,도곡렉슬,120.8233,7,2006,120000,0,2017-10-16,,,,,
강남구,11680,도곡동,527,11680-3623,도곡렉슬,120.8233,9,2006,120000,20,2017-10-18,,,,,
강남구,11680,도곡동,527,11680-3623,도곡렉슬,134.9023,11,2006,110000,160,2017-10-30,,,,,
강남구,11680,도곡동,527,11680-3623,도곡렉슬,134.9023,4,2006,160000,0,2017-10-27,,,,,
강남구,11680,도곡동,527,11680-3623,도곡렉슬,59.9772,13,2006,70000,0,2017-10-31,,,,,
강남구,11680,도곡동,527,11680-3623,도곡렉슬,59.9772,19,2006,65000,0,2017-10-24,,,,,
강남구,11680,도곡동,527,11680-3623,도곡렉슬,59.9818,1,2006,46000,90,2017-10-13,,,,,
강남구,11680,도곡동,527,11680-3623,도곡렉슬,59.9818,13,2006,80000,0,2017-10-20,,,,,
강남구,11680,도곡동,527,11680-3623,도곡렉슬,59.9818,6,2006,10000,220,2017-10-26,,,,,
강남구,11680,도곡동,527,11680-3623,도곡렉슬,59.9818,9,2006,40000,120,2017-10-27,,,,,
강남구,11680,도곡동,527,11680-3623,도곡렉슬,59.9937,4,2006,75000,0,2017-10-28,,,,,
강남구,11680,도곡동,527,11680-3623,도곡렉슬,84.9231,3,2006,10000,290,2017-10-16,,,,,
강남구,11680,도곡동,527,11680-3623,도곡렉슬,84.9231,9,2006,75000,80,2017-10-17,,,,,
강남구,11680,도곡동,527,11680-3623,도곡렉슬,84.9984,20,2006,105000,0,2017-10-27,,,,,
강남구,11680,도곡동,527,11680-3623,도곡렉슬,84.9984,20,2006,70000,110,2017-10-20,,,,,
강남구,11680,도곡동,527,11680-3623,도곡렉슬,84.9984,22,2006,70000,100,2017-10-19,17.12~19.12,신규,,,
강남구,11680,도곡동,527,11680-3623,도곡렉슬,84.9984,3,2006,10000,300,2017-10-23,17.10~19.10,신규,,,
강남구,11680,도곡동,538-3,11680-4173,래미안도곡카운티,71.85,18,2016,80000,35,2017-10-12,,,,,
강남구,11680,도곡동,538-3,11680-4173,래미안도곡카운티,84.67,10,2016,25000,300,2017-10-21,,,,,
강남구,11680,도곡동,538-3,11680-4173,래미안도곡카운티,93.07,18,2016,80000,120,2017-10-14,,,,,
강남구,11680,도곡동,540,11680-335,삼호,127.22,3,1984,60000,0,2017-10-11,,,,,
강남구,11680,도곡동,543-7,11680-3734,도곡1차아이파크,130.259,17,2007,97000,0,2017-10-13,,,,,
강남구,11680,도곡동,543-7,11680-3734,도곡1차아이파크,130.259,19,2007,115000,0,2017-10-14,,,,,
강남구,11680,도곡동,543-7,11680-3734,도곡1차아이파크,130.259,21,2007,76000,110,2017-10-30,,,,,
강남구,11680,도곡동,543-7,11680-3734,도곡1차아이파크,130.259,26,2007,52000,160,2017-10-14,,,,,
강남구,11680,도곡동,543-7,11680-3734,도곡1차아이파크,130.259,4,2007,108000,0,2017-10-31,,,,,
강남구,11680,도곡동,869,11680-332,삼익,104.01,11,1983,53500,0,2017-10-11,,,,,
강남구,11680,도곡동,869,11680-332,삼익,153.71,10,1983,70000,0,2017-10-16,,,,,
강남구,11680,도곡동,895-8,11680-350,한신엠비씨,58.46,13,1988,5000,130,2017-10-11,,,,,
강남구,11680,도곡동,895-8,11680-350,한신엠비씨,58.46,4,1988,10000,120,2017-10-30,,,,,
강남구,11680,도곡동,895-8,11680-350,한신엠비씨,84.74,13,1988,48000,40,2017-10-28,,,,,
강남구,11680,도곡동,895-8,11680-350,한신엠비씨,84.74,15,1988,65000,0,2017-10-16,,,,,
강남구,11680,도곡동,895-8,11680-350,한신엠비씨,84.74,9,1988,50000,40,2017-10-20,,,,,
강남구,11680,도곡동,91-5,11680-331,삼성래미안,122.81,10,2001,125000,0,2017-10-02,17.10~19.10,갱신,,108000,
강남구,11680,도곡동,91-5,11680-331,삼성래미안,122.81,19,2001,127000,0,2017-10-28,,,,,
강남구,11680,도곡동,91-5,11680-331,삼성래미안,59.96,13,2001,67000,20,2017-10-11,,,,,
강남구,11680,도곡동,91-5,11680-331,삼성래미안,59.96,15,2001,30000,130,2017-10-22,,,,,
강남구,11680,도곡동,91-5,11680-331,삼성래미안,59.96,24,2001,67000,0,2017-10-19,,,,,
강남구,11680,도곡동,91-5,11680-331,삼성래미안,59.96,5,2001,73000,0,2017-10-21,,,,,
강남구,11680,도곡동,91-5,11680-331,삼성래미안,59.96,7,2001,71000,0,2017-10-30,,,,,
강남구,11680,도곡동,91-5,11680-331,삼성래미안,89.88,16,2001,87000,0,2017-10-13,,,,,
강남구,11680,도곡동,933,11680-3962,도곡쌍용예가,107.53,1,1978,85000,0,2017-10-13,,,,,
강남구,11680,도곡동,933,11680-3962,도곡쌍용예가,112.13,12,1978,103000,0,2017-10-21,,,,,
강남구,11680,도곡동,933,11680-3962,도곡쌍용예가,112.13,4,1978,104000,0,2017-10-12,,,,,
강남구,11680,도곡동,933,11680-3962,도곡쌍용예가,112.13,7,1978,15000,300,2017-10-26,,,,,
강남구,11680,도곡동,933,11680-3962,도곡쌍용예가,112.92,1,1978,40000,200,2017-10-26,,,,,
강남구,11680,도곡동,933,11680-3962,도곡쌍용예가,66,4,1978,35000,100,2017-10-28,,,,,
강남구,11680,도곡동,934-10,11680-339,도곡우성아파트,76.38,3,1986,30000,70,2017-10-11,,,,,
강남구,11680,도곡동,934-10,11680-339,도곡우성아파트,76.38,3,1986,53000,0,2017-10-24,,,,,
강남구,11680,도곡동,934-10,11680-339,도곡우성아파트,84.83,15,1986,53000,0,2017-10-11,,,,,
강남구,11680,도곡동,934-10,11680-339,도곡우성아파트,84.83,8,1986,12000,150,2017-10-20,,,,,
강남구,11680,도곡동,952,11680-560,대우디오빌,25.89,6,2004,1000,80,2017-10-13,,,,,
강남구,11680,도곡동,953-1,11680-3647,SK허브프리모,70.31,9,2006,4000,225,2017-10-26,,,,,
강남구,11680,도곡동,955,11680-712,도곡그린빌,48.48,3,1995,11000,40,2017-10-14,,,,,
강남구,11680,도곡동,955,11680-712,도곡그린빌,48.48,4,1995,20000,0,2017-10-25,,,,,
강남구,11680,도곡동,961,11680-351,현대아파트1동~3동,84.96,4,1994,65000,0,2017-10-13,,,,,
강남구,11680,도곡동,961,11680-351,현대아파트1동~3동,84.96,8,1994,64000,0,2017-10-27,,,,,
강남구,11680,도곡동,963,11680-327,럭키(963),124.1,14,1995,50000,80,2017-10-16,,,,,
강남구,11680,도곡동,963,11680-327,럭키(963),124.1,6,1995,94000,0,2017-10-11,,,,,
강남구,11680,도곡동,963,11680-327,럭키(963),124.66,4,1995,75000,50,2017-10-21,,,,,
강남구,11680,도곡동,963,11680-327,럭키(963),84.97,1,1995,55000,0,2017-10-27,,,,,
강남구,11680,도곡동,963,11680-327,럭키(963),84.97,14,1995,67000,0,2017-10-11,,,,,
강남구,11680,도곡동,963,11680-327,럭키(963),84.97,14,1995,70000,0,2017-10-17,,,,,
강남구,11680,도곡동,963,11680-327,럭키(963),84.97,15,1995,62500,0,2017-10-17,,,,,
강남구,11680,도곡동,963,11680-327,럭키(963),84.97,3,1995,63000,0,2017-10-28,18.01~20.01,신규,,,
강남구,11680,도곡동,963,11680-327,럭키(963),84.97,6,1995,66000,0,2017-10-27,,,,,
강남구,11680,도곡동,963,11680-327,럭키(963),84.97,9,1995,60000,0,2017-10-30,,,,,
강남구,11680,도곡동,965,11680-344,중명하니빌,34.32,8,1997,16000,0,2017-10-10,,,,,
강남구,11680,도곡동,967,11680-320,경남,59.76,16,2005,50000,20,2017-10-27,,,,,
강남구,11680,도곡동,967,11680-320,경남,59.76,20,2005,33000,60,2017-10-18,,,,,
강남구,11680,도곡동,967,11680-320,경남,84.94,18,2005,73000,0,2017-10-01,,,,,
강남구,11680,도곡동,967,11680-320,경남,84.94,2,2005,64000,0,2017-10-28,,,,,
강남구,11680,도곡동,970,11680-3741,도곡3차아이파크,155.97,4,2007,110000,0,2017-10-14,,,,,
강남구,11680,삼성동,102-2,11680-400,금호어울림,84.32,7,2003,64000,0,2017-10-16,,,,,
강남구,11680,삼성동,102-2,11680-400,금호어울림,84.81,4,2003,65000,0,2017-10-13,,,,,
강남구,11680,삼성동,106,11680-191,풍림(1차),59.7,1,1998,48000,0,2017-10-27,,,,,
강남구,11680,삼성동,106,11680-191,풍림(1차),59.7,13,1998,49000,0,2017-10-07,,,,,
강남구,11680,삼성동,106,11680-191,풍림(1차),59.7,9,1998,48000,0,2017-10-19,,,,,
강남구,11680,삼성동,106,11680-191,풍림(1차),84.78,4,1998,30000,110,2017-10-09,,,,,
강남구,11680,삼성동,11,11680-3733,롯데캐슬프레미어,121.931,7,2007,100000,0,2017-10-10,,,,,
강남구,11680,삼성동,11,11680-3733,롯데캐슬프레미어,121.931,9,2007,60000,240,2017-10-16,,,,,
강남구,11680,삼성동,11,11680-3733,롯데캐슬프레미어,176.613,3,2007,150000,0,2017-10-28,,,,,
강남구,11680,삼성동,11,11680-3733,롯데캐슬프레미어,84.484,18,2007,80000,70,2017-10-20,,,,,
강남구,11680,삼성동,121-38,11680-3923,삼성동신도브래뉴,131.225,5,2010,15000,250,2017-10-19,,,,,
강남구,11680,삼성동,126,11680-180,삼성파크,121.69,10,2001,65000,40,2017-10-31,,,,,
강남구,11680,삼성동,127-5,11680-518,삼성오네뜨,144.43,3,2004,5000,350,2017-10-16,,,,,
강남구,11680,삼성동,130-6,11680-521,이안애2차,64.26,1,2004,2000,167,2017-10-11,,,,,
강남구,11680,삼성동,14-1,11680-507,삼성동중앙하이츠빌리지,59.92,3,2004,5000,230,2017-10-28,,,,,
강남구,11680,삼성동,14-1,11680-507,삼성동중앙하이츠빌리지,84.87,11,2004,5000,290,2017-10-17,,,,,
강남구,11680,삼성동,14-1,11680-507,삼성동중앙하이츠빌리지,84.87,18,2004,93000,0,2017-10-28,,,,,
강남구,11680,삼성동,142-3,11680-522,LG선릉에클라트(B),48.81,12,2004,41000,0,2017-10-17,,,,,
강남구,11680,삼성동,142-7,11680-434,LG선릉에클라트(A),36.16,3,2003,1000,90,2017-10-31,,,,,
강남구,11680,삼성동,144-10,11680-524,우정에쉐르2,59.54,7,2004,5000,160,2017-10-18,,,,,
강남구,11680,삼성동,16-2,11680-3834,삼성동힐스테이트 1단지,114.463,1,2008,120000,0,2017-10-31,,,,,
강남구,11680,삼성동,16-2,11680-3834,삼성동힐스테이트 1단지,114.463,16,2008,40000,280,2017-10-16,,,,,
강남구,11680,삼성동,16-2,11680-3834,삼성동힐스테이트 1단지,114.463,22,2008,50000,270,2017-10-12,,,,,
강남구,11680,삼성동,16-2,11680-3834,삼성동힐스테이트 1단지,26.5,6,2008,40000,0,2017-10-16,,,,,
강남구,11680,삼성동,16-2,11680-3834,삼성동힐스테이트 1단지,31.402,16,2008,30000,50,2017-10-18,,,,,
강남구,11680,삼성동,16-2,11680-3834,삼성동힐스테이트 1단지,31.402,19,2008,7000,140,2017-10-31,,,,,
강남구,11680,삼성동,16-2,11680-3834,삼성동힐스테이트 1단지,31.402,2,2008,2000,165,2017-10-31,,,,,
강남구,11680,삼성동,16-2,11680-3834,삼성동힐스테이트 1단지,84.236,11,2008,40000,170,2017-10-28,,,,,
강남구,11680,삼성동,16-2,11680-3834,삼성동힐스테이트 1단지,84.236,14,2008,90000,0,2017-10-19,,,,,
강남구,11680,삼성동,16-2,11680-3834,삼성동힐스테이트 1단지,84.236,4,2008,95000,0,2017-10-17,,,,,
강남구,11680,삼성동,16-2,11680-3834,삼성동힐스테이트 1단지,84.236,5,2008,95000,0,2017-10-17,,,,,
강남구,11680,삼성동,16-2,11680-3834,삼성동힐스테이트 1단지,84.419,7,2008,50000,120,2017-10-21,,,,,
강남구,11680,삼성동,17,11680-168,삼성동롯데아파트,59.4,15,2000,5000,170,2017-10-14,,,,,
강남구,11680,삼성동,17,11680-168,삼성동롯데아파트,59.4,2,2000,51000,0,2017-10-21,,,,,
강남구,11680,삼성동,2,11680-177,서광아파트,59.67,20,1998,10000,170,2017-10-11,17.11~19.11,신규,,,
강남구,11680,삼성동,2,11680-177,서광아파트,84.93,7,1998,80000,0,2017-10-12,,,,,
강남구,11680,삼성동,3-3,11680-178,석탑아파트101동,59.82,11,1996,58000,0,2017-10-31,,,,,
강남구,11680,삼성동,3-8,11680-405,우정에쉐르,131.0534,7,2003,93000,0,2017-10-20,,,,,
강남구,11680,삼성동,4-3,11680-190,푸른솔아파트1동,59.4,11,1996,43000,0,2017-10-03,,,,,
강남구,11680,삼성동,4-3,11680-190,푸른솔아파트1동,84.9,5,1996,75000,0,2017-10-28,17.12~19.11,신규,,,
강남구,11680,삼성동,42-4,11680-3840,네오블로썸,101.16,3,2009,78000,0,2017-10-26,,,,,
강남구,11680,삼성동,45-5,11680-511,그라나다,41.31,5,2002,32000,0,2017-10-30,17.11~19.11,신규,,,
강남구,11680,삼성동,45-5,11680-511,그라나다,47.25,6,2002,38000,0,2017-10-13,17.11~19.11,신규,,,
강남구,11680,삼성동,47-20,11680-176,상아빌라트,192.96,6,1998,10000,360,2017-10-18,,,,,
강남구,11680,삼성동,50,11680-3830,현대힐스테이트2단지,39.552,8,2008,58000,0,2017-10-16,,,,,
강남구,11680,삼성동,50,11680-3830,현대힐스테이트2단지,84.236,10,2008,5000,320,2017-10-13,,,,,
강남구,11680,삼성동,50,11680-3830,현대힐스테이트2단지,84.236,12,2008,20000,200,2017-10-02,,,,,
강남구,11680,삼성동,50,11680-3830,현대힐스테이트2단지,84.236,17,2008,10000,290,2017-10-21,,,,,
강남구,11680,삼성동,50,11680-3830,현대힐스테이트2단지,84.236,17,2008,83000,50,2017-10-14,,,,,
강남구,11680,삼성동,50,11680-3830,현대힐스테이트2단지,84.236,21,2008,60000,105,2017-10-14,,,,,
강남구,11680,삼성동,50,11680-3830,현대힐스테이트2단지,84.236,3,2008,35000,180,2017-10-24,,,,,
강남구,11680,삼성동,6,11680-197,현대아파트101동,59.83,14,1999,48000,30,2017-10-14,,,,,
강남구,11680,삼성동,6,11680-197,현대아파트101동,59.83,16,1999,55000,0,2017-10-27,,,,,
강남구,11680,삼성동,7-3,11680-3732,래미안삼성2차,119.29,9,2007,125000,0,2017-10-21,,,,,
강남구,11680,삼성동,7-3,11680-3732,래미안삼성2차,134.81,11,2007,140000,0,2017-10-28,,,,,
강남구,11680,삼성동,75-3,11680-599,우림루미아트,127.18,6,2005,80000,0,2017-10-27,,,,,
강남구,11680,삼성동,78-4,11680-189,청구아파트,84.99,9,1992,65000,0,2017-10-30,,,,,
강남구,11680,삼성동,79,11680-200,홍실아파트,162.47,10,1981,52000,0,2017-10-25,,,,,
강남구,11680,삼성동,79,11680-200,홍실아파트,94.26,12,1981,10000,70,2017-10-13,,,,,
강남구,11680,삼성동,98-11,11680-407,삼부아그레빌,84.755,4,2003,5000,200,2017-10-25,,,,,
강남구,11680,삼성동,99-12,11680-172,강변삼부아파트,81.943,5,2000,65000,0,2017-10-14,,,,,
강남구,11680,세곡동,508,11680-3965,강남신동아파밀리에1단지,59.97,10,2011,3000,160,2017-10-14,,,,,
강남구,11680,세곡동,508,11680-3965,강남신동아파밀리에1단지,59.97,5,2011,48000,0,2017-10-11,,,,,
강남구,11680,세곡동,511,11680-3964,강남신동아파밀리에2단지,84.97,6,2011,32681,0,2017-10-26,,,,,
강남구,11680,세곡동,511,11680-3964,강남신동아파밀리에2단지,84.97,7,2011,55000,0,2017-10-09,,,,,
강남구,11680,세곡동,511,11680-3964,강남신동아파밀리에2단지,84.98,10,2011,30000,90,2017-10-14,,,,,
강남구,11680,세곡동,522,11680-4008,세곡리엔파크(4단지),84.98,6,2011,32681,0,2017-10-26,,,,,
강남구,11680,세곡동,525,11680-4003,강남데시앙파크,114.69,1,2011,41775,0,2017-10-31,,,,,
강남구,11680,세곡동,525,11680-4003,강남데시앙파크,114.69,1,2011,41775,0,2017-10-31,,,,,
강남구,11680,세곡동,525,11680-4003,강남데시앙파크,114.69,10,2011,60000,50,2017-10-26,,,,,
강남구,11680,세곡동,525,11680-4003,강남데시앙파크,114.69,4,2011,70000,0,2017-10-31,,,,,
강남구,11680,세곡동,525,11680-4003,강남데시앙파크,84.95,5,2011,54500,0,2017-10-26,,,,,
강남구,11680,세곡동,533,11680-4090,세곡푸르지오,59.89,7,2012,30000,50,2017-10-15,,,,,
강남구,11680,세곡동,533,11680-4090,세곡푸르지오,74.74,1,2012,30000,70,2017-10-22,,,,,
강남구,11680,세곡동,533,11680-4090,세곡푸르지오,74.74,4,2012,55000,0,2017-10-31,,,,,
강남구,11680,세곡동,533,11680-4090,세곡푸르지오,74.74,6,2012,51000,0,2017-10-09,,,,,
강남구,11680,세곡동,533,11680-4090,세곡푸르지오,74.74,6,2012,55000,0,2017-10-25,17.12~19.12,신규,,,
강남구,11680,세곡동,533,11680-4090,세곡푸르지오,74.74,8,2012,52000,0,2017-10-14,,,,,
강남구,11680,세곡동,533,11680-4090,세곡푸르지오,84.83,4,2012,60000,0,2017-10-24,,,,,
강남구,11680,세곡동,533,11680-4090,세곡푸르지오,84.83,5,2012,60000,0,2017-10-29,,,,,
강남구,11680,세곡동,533,11680-4090,세곡푸르지오,84.83,9,2012,15000,170,2017-10-17,,,,,
강남구,11680,세곡동,533,11680-4090,세곡푸르지오,84.84,4,2012,57000,0,2017-10-25,,,,,
강남구,11680,세곡동,533,11680-4090,세곡푸르지오,84.84,5,2012,40000,40,2017-10-27,,,,,
강남구,11680,세곡동,533,11680-4090,세곡푸르지오,84.84,6,2012,60000,0,2017-10-27,,,,,
강남구,11680,세곡동,533,11680-4090,세곡푸르지오,84.84,6,2012,60000,0,2017-10-27,,,,,
강남구,11680,세곡동,579,11680-4199,강남엘에이치1단지,59.86,2,2013,49000,0,2017-10-16,,,,,
강남구,11680,세곡동,579,11680-4199,강남엘에이치1단지,59.86,7,2013,50000,0,2017-10-10,,,,,
강남구,11680,세곡동,579,11680-4199,강남엘에이치1단지,59.99,1,2013,5000,140,2017-10-22,,,,,
강남구,11680,세곡동,579,11680-4199,강남엘에이치1단지,59.99,6,2013,45000,0,2017-10-13,,,,,
강남구,11680,세곡동,579,11680-4199,강남엘에이치1단지,74.74,12,2013,55000,0,2017-10-26,,,,,
강남구,11680,세곡동,579,11680-4199,강남엘에이치1단지,84.83,8,2013,60000,0,2017-10-12,,,,,
강남구,11680,세곡동,579,11680-4199,강남엘에이치1단지,84.84,9,2013,55000,0,2017-10-30,,,,,
강남구,11680,수서동,708,11680-317,삼익,49.2,1,1992,35000,0,2017-10-24,,,,,
강남구,11680,수서동,708,11680-317,삼익,49.2,12,1992,38000,0,2017-10-24,,,,,
강남구,11680,수서동,708,11680-317,삼익,49.2,13,1992,3000,120,2017-10-26,,,,,
강남구,11680,수서동,708,11680-317,삼익,49.2,6,1992,36000,0,2017-10-28,,,,,
강남구,11680,수서동,708,11680-317,삼익,49.2,9,1992,25000,40,2017-10-28,,,,,
강남구,11680,수서동,708,11680-317,삼익,60,12,1992,25000,60,2017-10-17,,,,,
강남구,11680,수서동,708,11680-317,삼익,60,12,1992,30000,65,2017-10-21,,,,,
강남구,11680,수서동,708,11680-317,삼익,60,12,1992,44000,0,2017-10-11,,,,,
강남구,11680,수서동,708,11680-317,삼익,60,14,1992,25000,50,2017-10-11,,,,,
강남구,11680,수서동,708,11680-317,삼익,60,3,1992,35000,40,2017-10-23,,,,,
강남구,11680,수서동,708,11680-317,삼익,60,3,1992,43500,0,2017-10-20,,,,,
강남구,11680,수서동,708,11680-317,삼익,60,3,1992,45000,0,2017-10-26,,,,,
강남구,11680,수서동,708,11680-317,삼익,60,5,1992,44000,0,2017-10-20,,,,,
강남구,11680,수서동,708,11680-317,삼익,60,7,1992,25000,60,2017-10-19,17.11~19.11,신규,,,
강남구,11680,수서동,708,11680-317,삼익,84.48,14,1992,37000,60,2017-10-10,,,,,
강남구,11680,수서동,708,11680-317,삼익,84.48,7,1992,53000,0,2017-10-24,,,,,
강남구,11680,수서동,712,11680-318,수서한아름,129.45,13,1993,73000,0,2017-10-14,,,,,
강남구,11680,수서동,712,11680-318,수서한아름,129.45,13,1993,75000,0,2017-10-21,,,,,
강남구,11680,수서동,712,11680-318,수서한아름,97.63,7,1993,65000,0,2017-10-20,,,,,
강남구,11680,수서동,736,11680-319,신동아,33.18,10,1992,1000,80,2017-10-14,,,,,
강남구,11680,수서동,736,11680-319,신동아,33.18,10,1992,23000,0,2017-10-24,,,,,
강남구,11680,수서동,736,11680-319,신동아,33.18,11,1992,22000,0,2017-10-04,,,,,
강남구,11680,수서동,736,11680-319,신동아,33.18,11,1992,24000,0,2017-10-28,,,,,
강남구,11680,수서동,736,11680-319,신동아,33.18,14,1992,21000,10,2017-10-20,,,,,
강남구,11680,수서동,736,11680-319,신동아,33.18,14,1992,24000,0,2017-10-13,17.11~19.11,신규,,,
강남구,11680,수서동,736,11680-319,신동아,33.18,14,1992,25000,0,2017-10-25,,,,,
강남구,11680,수서동,736,11680-319,신동아,33.18,15,1992,24000,0,2017-10-17,17.10~19.10,신규,,,
강남구,11680,수서동,736,11680-319,신동아,39.51,15,1992,10000,60,2017-10-26,,,,,
강남구,11680,수서동,736,11680-319,신동아,39.51,4,1992,31000,0,2017-10-31,,,,,
강남구,11680,수서동,736,11680-319,신동아,39.53,14,1992,28000,0,2017-10-21,,,,,
강남구,11680,수서동,736,11680-319,신동아,39.53,14,1992,31000,0,2017-10-12,,,,,
강남구,11680,수서동,736,11680-319,신동아,39.53,14,1992,31000,0,2017-10-27,,,,,
강남구,11680,수서동,736,11680-319,신동아,39.53,3,1992,30000,0,2017-10-21,,,,,
강남구,11680,수서동,736,11680-319,신동아,39.53,5,1992,25000,20,2017-10-30,,,,,
강남구,11680,수서동,736,11680-319,신동아,39.53,8,1992,20000,30,2017-10-10,,,,,
강남구,11680,수서동,736,11680-319,신동아,49.96,11,1992,16000,45,2017-10-21,,,,,
강남구,11680,수서동,736,11680-319,신동아,49.96,14,1992,34000,0,2017-10-18,17.11~19.11,신규,,,
강남구,11680,수서동,736,11680-319,신동아,49.96,14,1992,35000,0,2017-10-30,,,,,
강남구,11680,수서동,736,11680-319,신동아,49.96,14,1992,36000,0,2017-10-18,,,,,
강남구,11680,수서동,736,11680-319,신동아,49.96,6,1992,31500,0,2017-10-12,,,,,
강남구,11680,수서동,736,11680-319,신동아,49.96,6,1992,33000,0,2017-10-22,,,,,
강남구,11680,수서동,736,11680-319,신동아,49.96,8,1992,33000,0,2017-10-28,,,,,
강남구,11680,수서동,738,11680-315,동익,84.46,15,1993,55000,0,2017-10-31,,,,,
강남구,11680,수서동,738,11680-315,동익,84.46,15,1993,58000,0,2017-10-19,,,,,
강남구,11680,수서동,738,11680-315,동익,84.46,4,1993,58000,0,2017-10-25,,,,,
강남구,11680,수서동,738,11680-315,동익,84.46,5,1993,52000,0,2017-10-21,,,,,
강남구,11680,수서동,738,11680-315,동익,84.46,9,1993,56500,0,2017-10-28,,,,,
강남구,11680,수서동,746,11680-314,까치마을,34.44,1,1993,21500,14,2017-10-14,,,,,
강남구,11680,수서동,746,11680-314,까치마을,34.44,11,1993,24000,0,2017-10-19,,,,,
강남구,11680,수서동,746,11680-314,까치마을,34.44,14,1993,18000,20,2017-10-03,,,,,
강남구,11680,수서동,746,11680-314,까치마을,34.44,15,1993,1000,80,2017-10-31,,,,,
강남구,11680,수서동,746,11680-314,까치마을,34.44,3,1993,2000,80,2017-10-21,,,,,
강남구,11680,수서동,746,11680-314,까치마을,34.44,4,1993,1000,70,2017-10-19,,,,,
강남구,11680,수서동,746,11680-314,까치마을,34.44,4,1993,10000,45,2017-10-14,,,,,
강남구,11680,수서동,746,11680-314,까치마을,34.44,6,1993,14000,30,2017-10-28,,,,,
강남구,11680,수서동,746,11680-314,까치마을,34.44,9,1993,25000,0,2017-10-26,,,,,
강남구,11680,수서동,746,11680-314,까치마을,39.6,1,1993,15000,35,2017-10-16,,,,,
강남구,11680,수서동,746,11680-314,까치마을,39.6,1,1993,18500,30,2017-10-29,,,,,
강남구,11680,수서동,746,11680-314,까치마을,39.6,12,1993,2000,80,2017-10-20,,,,,
강남구,11680,수서동,746,11680-314,까치마을,39.6,13,1993,29000,0,2017-10-20,,,,,
강남구,11680,수서동,746,11680-314,까치마을,39.6,3,1993,28000,0,2017-10-27,,,,,
강남구,11680,수서동,746,11680-314,까치마을,39.6,3,1993,5000,75,2017-10-30,,,,,
강남구,11680,수서동,746,11680-314,까치마을,39.6,3,1993,7000,63,2017-10-20,,,,,
강남구,11680,수서동,746,11680-314,까치마을,39.6,4,1993,27000,0,2017-10-22,,,,,
강남구,11680,수서동,746,11680-314,까치마을,39.6,5,1993,2000,80,2017-10-21,,,,,
강남구,11680,수서동,746,11680-314,까치마을,39.6,7,1993,27000,0,2017-10-18,,,,,
강남구,11680,수서동,746,11680-314,까치마을,39.6,8,1993,31000,0,2017-10-30,,,,,
강남구,11680,수서동,746,11680-314,까치마을,49.5,1,1993,39000,0,2017-10-16,,,,,
강남구,11680,수서동,746,11680-314,까치마을,49.5,14,1993,42500,0,2017-10-14,,,,,
강남구,11680,수서동,746,11680-314,까치마을,49.5,15,1993,30000,0,2017-10-14,,,,,
강남구,11680,수서동,746,11680-314,까치마을,49.5,3,1993,10000,85,2017-10-18,,,,,
강남구,11680,수서동,746,11680-314,까치마을,49.5,4,1993,42000,0,2017-10-28,,,,,
강남구,11680,수서동,746,11680-314,까치마을,49.5,6,1993,41000,0,2017-10-20,,,,,
강남구,11680,수서동,746,11680-314,까치마을,49.5,9,1993,25000,45,2017-10-14,,,,,
강남구,11680,수서동,746,11680-314,까치마을,49.5,9,1993,38000,0,2017-10-28,,,,,
강남구,11680,수서동,747,11680-316,삼성,59.86,2,1997,35000,50,2017-10-17,,,,,
강남구,11680,수서동,747,11680-316,삼성,84.97,13,1997,20000,166,2017-10-17,,,,,
강남구,11680,수서동,747,11680-316,삼성,84.97,13,1997,67000,0,2017-10-26,,,,,
강남구,11680,수서동,747,11680-316,삼성,84.97,2,1997,65000,0,2017-10-20,,,,,
강남구,11680,수서동,747,11680-316,삼성,84.97,2,1997,65000,0,2017-10-27,,,,,
강남구,11680,수서동,747,11680-316,삼성,84.97,5,1997,62000,0,2017-10-13,,,,,
강남구,11680,수서동,747,11680-316,삼성,84.97,7,1997,68000,0,2017-10-12,,,,,
강남구,11680,수서동,795,11680-4324,강남데시앙포레,101.73,15,2014,90000,0,2017-10-23,,,,,
강남구,11680,수서동,795,11680-4324,강남데시앙포레,59.97,13,2014,60000,0,2017-10-28,,,,,
강남구,11680,수서동,795,11680-4324,강남데시앙포레,59.97,14,2014,57000,0,2017-10-25,,,,,
강남구,11680,수서동,795,11680-4324,강남데시앙포레,59.97,2,2014,10000,130,2017-10-13,,,,,
강남구,11680,수서동,795,11680-4324,강남데시앙포레,84.86,14,2014,73000,0,2017-10-27,,,,,
강남구,11680,수서동,795,11680-4324,강남데시앙포레,84.86,14,2014,80000,0,2017-10-16,,,,,
강남구,11680,수서동,795,11680-4324,강남데시앙포레,84.92,10,2014,71000,0,2017-10-30,,,,,
강남구,11680,신사동,510-11,11680-1,강남상가,63.31,4,1974,22500,0,2017-10-17,,,,,
강남구,11680,신사동,523-4,11680-15,신사동씨티빌,60.92,2,2002,37000,0,2017-10-15,,,,,
강남구,11680,신사동,540-2,11680-16,대성아파트,51.09,5,2002,29000,0,2017-10-17,,,,,
강남구,11680,신사동,555-11,11680-544,청림빌,84.93,1,2004,42000,0,2017-10-12,,,,,
강남구,11680,신사동,562-24,11680-546,신사파크빌B동,121.01,7,2004,83000,0,2017-10-23,,,,,
강남구,11680,신사동,659,11680-2,압구정대원칸타빌아파트,59.73,8,2001,3000,180,2017-10-17,,,,,
강남구,11680,압구정동,369-1,11680-415,"현대1차(12,13,21,22,31,32,33동)",131.48,2,1976,75000,0,2017-10-22,,,,,
강남구,11680,압구정동,369-1,11680-415,"현대1차(12,13,21,22,31,32,33동)",131.48,2,1976,76000,0,2017-10-25,,,,,
강남구,11680,압구정동,369-1,11680-416,"현대2차(10,11,20,23,24,25동)",161.19,3,1976,110000,0,2017-10-13,,,,,
강남구,11680,압구정동,369-1,11680-416,"현대2차(10,11,20,23,24,25동)",161.19,5,1976,121000,0,2017-10-10,,,,,
강남구,11680,압구정동,397,11680-20,미성2차,118.63,8,1987,10000,280,2017-10-17,,,,,
강남구,11680,압구정동,397,11680-20,미성2차,118.63,8,1987,60000,120,2017-10-12,,,,,
강남구,11680,압구정동,397,11680-20,미성2차,74.4,10,1987,5000,190,2017-10-24,,,,,
강남구,11680,압구정동,397,11680-20,미성2차,74.4,11,1987,57000,0,2017-10-29,,,,,
강남구,11680,압구정동,397,11680-20,미성2차,74.4,13,1987,52000,0,2017-10-23,,,,,
강남구,11680,압구정동,397,11680-20,미성2차,74.4,14,1987,57000,0,2017-10-20,,,,,
강남구,11680,압구정동,397,11680-20,미성2차,74.4,15,1987,5000,190,2017-10-26,,,,,
강남구,11680,압구정동,397,11680-20,미성2차,74.4,15,1987,62000,0,2017-10-16,17.11~19.11,신규,,,
강남구,11680,압구정동,397,11680-20,미성2차,74.4,15,1987,62000,0,2017-10-16,17.11~19.11,신규,,,
강남구,11680,압구정동,397,11680-20,미성2차,74.4,8,1987,38000,65,2017-10-21,,,,,
강남구,11680,압구정동,414,11680-385,미성1차,105.65,9,1982,59000,0,2017-10-10,,,,,
강남구,11680,압구정동,414,11680-385,미성1차,153.32,2,1982,30000,240,2017-10-12,,,,,
강남구,11680,압구정동,414,11680-385,미성1차,153.32,6,1982,60000,160,2017-10-17,,,,,
강남구,11680,압구정동,426,11680-423,신현대9차,108.88,1,1982,5000,190,2017-10-23,,,,,
강남구,11680,압구정동,426,11680-423,신현대9차,108.88,4,1982,55000,0,2017-10-28,,,,,
강남구,11680,압구정동,426,11680-423,신현대9차,111.38,3,1982,65000,0,2017-10-19,17.11~19.11,갱신,,20000,150
강남구,11680,압구정동,426,11680-423,신현대9차,111.38,6,1982,70000,0,2017-10-18,,,,,
강남구,11680,압구정동,426,11680-423,신현대9차,111.38,9,1982,62000,0,2017-10-12,,,,,
강남구,11680,압구정동,433,11680-425,신현대11차,115.23,7,1983,65000,0,2017-10-28,,,,,
강남구,11680,압구정동,433,11680-425,신현대11차,183.41,6,1983,120000,0,2017-10-25,,,,,
강남구,11680,압구정동,433,11680-425,신현대11차,183.41,7,1983,10000,330,2017-10-23,,,,,
강남구,11680,압구정동,434,11680-426,신현대12차,107.16,12,1982,65000,0,2017-10-28,,,,,
강남구,11680,압구정동,434,11680-426,신현대12차,108.31,5,1982,72000,0,2017-10-17,,,,,
강남구,11680,압구정동,434,11680-426,신현대12차,110.82,5,1982,66000,0,2017-10-10,,,,,
강남구,11680,압구정동,434,11680-426,신현대12차,170.38,7,1982,140000,0,2017-10-16,,,,,
강남구,11680,압구정동,434,11680-426,신현대12차,170.38,9,1982,115000,0,2017-10-28,,,,,
강남구,11680,압구정동,434,11680-426,신현대12차,182.95,11,1982,40000,270,2017-10-25,,,,,
강남구,11680,압구정동,443,11680-417,현대3차(61~64동),82.5,4,1976,55000,0,2017-10-31,,,,,
강남구,11680,압구정동,443,11680-417,현대3차(61~64동),82.5,8,1976,62000,0,2017-10-10,,,,,
강남구,11680,압구정동,447,11680-428,"현대14차(203,204,205,206동)",84.56,3,1987,10000,170,2017-10-25,,,,,
강남구,11680,압구정동,447,11680-428,"현대14차(203,204,205,206동)",84.94,6,1987,50000,0,2017-10-02,,,,,
강남구,11680,압구정동,447,11680-428,"현대14차(203,204,205,206동)",84.98,11,1987,43000,100,2017-10-16,,,,,
강남구,11680,압구정동,447,11680-428,"현대14차(203,204,205,206동)",84.98,7,1987,69000,0,2017-10-20,,,,,
강남구,11680,압구정동,447,11680-428,"현대14차(203,204,205,206동)",84.98,7,1987,70000,0,2017-10-25,,,,,
강남구,11680,압구정동,448,11680-427,현대13차(208~211동),105.31,6,1983,70000,0,2017-10-19,,,,,
강남구,11680,압구정동,448,11680-427,현대13차(208~211동),108.47,1,1983,60000,0,2017-10-31,,,,,
강남구,11680,압구정동,448,11680-427,현대13차(208~211동),108.47,12,1983,65000,0,2017-10-09,,,,,
강남구,11680,압구정동,455,11680-419,"현대5차(71,72동)",82.23,10,1977,60000,40,2017-10-21,,,,,
강남구,11680,압구정동,455,11680-419,"현대5차(71,72동)",82.23,12,1977,20000,175,2017-10-21,,,,,
강남구,11680,압구정동,455,11680-419,"현대5차(71,72동)",82.23,14,1977,3000,200,2017-10-12,,,,,
강남구,11680,압구정동,455,11680-419,"현대5차(71,72동)",82.23,4,1977,70000,0,2017-10-26,,,,,
강남구,11680,압구정동,455,11680-419,"현대5차(71,72동)",82.23,6,1977,40000,70,2017-10-19,,,,,
강남구,11680,압구정동,456,11680-420,"현대6차(78~81,83,84,86,87동)",144.2,7,1978,115000,0,2017-10-17,,,,,
강남구,11680,압구정동,456,11680-420,"현대6차(78~81,83,84,86,87동)",144.7,10,1978,95000,0,2017-10-19,17.10~19.10,갱신,,90000,
강남구,11680,압구정동,456,11680-420,"현대6차(78~81,83,84,86,87동)",144.7,2,1978,60000,130,2017-10-31,,,,,
강남구,11680,압구정동,456,11680-420,"현대6차(78~81,83,84,86,87동)",144.7,3,1978,105000,0,2017-10-16,,,,,
강남구,11680,압구정동,456,11680-420,"현대6차(78~81,83,84,86,87동)",157.36,10,1978,105000,0,2017-10-13,,,,,
강남구,11680,압구정동,456,11680-420,"현대6차(78~81,83,84,86,87동)",157.36,6,1978,130000,0,2017-10-18,,,,,
강남구,11680,압구정동,456,11680-420,"현대6차(78~81,83,84,86,87동)",196.7,12,1978,140000,120,2017-10-18,,,,,
강남구,11680,압구정동,456,11680-420,"현대6차(78~81,83,84,86,87동)",196.7,2,1978,114000,0,2017-10-25,,,,,
강남구,11680,압구정동,456,11680-421,"현대7차(73~77,82,85동)",157.36,13,1979,80000,160,2017-10-31,,,,,
강남구,11680,압구정동,462,11680-418,현대4차저층(51~56동),117.9,3,1977,78000,0,2017-10-12,,,,,
강남구,11680,압구정동,462,11680-418,현대4차저층(51~56동),117.91,1,1977,80000,0,2017-10-12,,,,,
강남구,11680,압구정동,462,11680-418,현대4차저층(51~56동),117.91,5,1977,75000,0,2017-10-23,,,,,
강남구,11680,압구정동,481,11680-422,현대8차(성수현대:91~95동),107.64,12,1980,55000,0,2017-10-18,,,,,
강남구,11680,압구정동,486,11680-381,한양4,101.09,10,1978,14000,0,2017-10-17,,,,,
강남구,11680,압구정동,486,11680-381,한양4,101.09,11,1978,56000,0,2017-10-16,,,,,
강남구,11680,압구정동,486,11680-381,한양4,101.09,12,1978,40000,0,2017-10-21,,,,,
강남구,11680,압구정동,486,11680-381,한양4,101.09,13,1978,28000,100,2017-10-16,17.10~19.10,신규,,,
강남구,11680,압구정동,486,11680-381,한양4,101.09,13,1978,58000,0,2017-10-27,,,,,
강남구,11680,압구정동,486,11680-381,한양4,101.09,3,1978,53000,0,2017-10-27,,,,,
강남구,11680,압구정동,486,11680-381,한양4,104.76,1,1978,50000,0,2017-10-28,,,,,
강남구,11680,압구정동,486,11680-381,한양4,208.65,6,1978,80000,165,2017-10-30,,,,,
강남구,11680,압구정동,489,11680-380,한양3,116.94,13,1978,75000,0,2017-10-19,,,,,
강남구,11680,압구정동,489,11680-380,한양3,116.94,4,1978,69500,0,2017-10-05,,,,,
강남구,11680,압구정동,489,11680-380,한양3,161.9,7,1978,97000,0,2017-10-31,,,,,
강남구,11680,압구정동,489,11680-380,한양3,161.9,9,1978,92000,0,2017-10-14,,,,,
강남구,11680,압구정동,490,11680-378,한양1차(영동한양),49.98,1,1977,38000,0,2017-10-12,,,,,
강남구,11680,압구정동,490,11680-378,한양1차(영동한양),49.98,12,1977,2500,150,2017-10-16,,,,,
강남구,11680,압구정동,490,11680-378,한양1차(영동한양),49.98,4,1977,40000,0,2017-10-20,,,,,
강남구,11680,압구정동,490,11680-378,한양1차(영동한양),63.87,12,1977,43000,0,2017-10-23,,,,,
강남구,11680,압구정동,490,11680-378,한양1차(영동한양),63.87,6,1977,52000,0,2017-10-24,,,,,
강남구,11680,압구정동,490,11680-378,한양1차(영동한양),63.87,7,1977,47000,0,2017-10-26,,,,,
강남구,11680,압구정동,490,11680-378,한양1차(영동한양),63.87,7,1977,5000,160,2017-10-16,,,,,
강남구,11680,압구정동,490,11680-378,한양1차(영동한양),63.87,9,1977,40000,25,2017-10-21,,,,,
강남구,11680,압구정동,490,11680-378,한양1차(영동한양),78.05,11,1977,12000,160,2017-10-31,,,,,
강남구,11680,압구정동,490,11680-378,한양1차(영동한양),78.05,5,1977,45000,0,2017-10-21,,,,,
강남구,11680,압구정동,490,11680-378,한양1차(영동한양),78.05,5,1977,60000,0,2017-10-23,,,,,
강남구,11680,압구정동,490,11680-378,한양1차(영동한양),78.05,7,1977,10000,130,2017-10-20,17.11~19.11,신규,,,
강남구,11680,압구정동,490,11680-378,한양1차(영동한양),78.05,9,1977,50000,0,2017-10-12,,,,,
강남구,11680,압구정동,490,11680-378,한양1차(영동한양),91.21,2,1977,40000,120,2017-10-30,,,,,
강남구,11680,압구정동,493,11680-379,한양2,147.41,7,1978,90000,0,2017-10-16,17.10~19.10,갱신,,85000,
강남구,11680,압구정동,510,11680-383,한양8(81동한개동),210.1,12,1984,130000,0,2017-10-11,,,,,
강남구,11680,압구정동,513,11680-382,한양5,100.5,7,1979,60000,0,2017-10-13,,,,,
강남구,11680,압구정동,513,11680-382,한양5,102.35,10,1979,50000,0,2017-10-14,,,,,
강남구,11680,압구정동,513,11680-382,한양5,115.24,6,1979,65000,0,2017-10-20,,,,,
강남구,11680,압구정동,513,11680-382,한양5,153.59,11,1979,105000,0,2017-10-21,,,,,
강남구,11680,압구정동,528,11680-384,한양7,106.22,2,1981,54000,0,2017-10-16,,,,,
강남구,11680,역삼동,606-18,11680-259,현대휴먼터치빌,25.92,9,1999,2000,70,2017-10-31,,,,,
강남구,11680,역삼동,706-11,11680-665,우림루미아트1,23.66,6,2003,12000,16,2017-10-12,,,,,
강남구,11680,역삼동,706-11,11680-665,우림루미아트1,23.66,6,2003,14000,10,2017-10-12,,,,,
강남구,11680,역삼동,706-20,11680-249,한화진넥스빌,43.58,24,2001,15000,40,2017-10-14,,,,,
강남구,11680,역삼동,706-20,11680-249,한화진넥스빌,43.58,7,2001,23000,0,2017-10-22,,,,,
강남구,11680,역삼동,706-20,11680-249,한화진넥스빌,43.58,9,2001,15000,45,2017-10-16,,,,,
강남구,11680,역삼동,707-18,11680-493,역삼우정에쉐르2,42.41,2,2004,33000,0,2017-10-28,,,,,
강남구,11680,역삼동,707-18,11680-493,역삼우정에쉐르2,42.41,5,2004,34500,0,2017-10-28,,,,,
강남구,11680,역삼동,708-31,11680-494,우정에쉐르멤버스,36.19,4,2004,26000,0,2017-10-18,,,,,
강남구,11680,역삼동,709-5,11680-4296,테헤란아이파크,70.83,1,2014,85000,0,2017-10-30,,,,,
강남구,11680,역삼동,709-5,11680-4296,테헤란아이파크,70.83,2,2014,80000,0,2017-10-13,,,,,
강남구,11680,역삼동,709-5,11680-4296,테헤란아이파크,92.62,13,2014,20000,0,2017-10-17,,,,,
강남구,11680,역삼동,709-5,11680-4296,테헤란아이파크,92.62,15,2014,110000,0,2017-10-31,,,,,
강남구,11680,역삼동,710,11680-252,현대까르띠에710,149.7,5,2001,105000,0,2017-10-13,,,,,
강남구,11680,역삼동,711-3,11680-4515,역삼자이,59.9977,28,2016,15000,240,2017-10-25,,,,,
강남구,11680,역삼동,711-3,11680-4515,역삼자이,84.993,12,2016,103000,0,2017-10-21,,,,,
강남구,11680,역삼동,711-3,11680-4515,역삼자이,84.993,16,2016,70000,100,2017-10-31,,,,,
강남구,11680,역삼동,711-3,11680-4515,역삼자이,84.993,20,2016,10000,290,2017-10-27,,,,,
강남구,11680,역삼동,713-11,11680-3679,역삼I'PARK,116.285,11,2006,120000,0,2017-10-28,,,,,
강남구,11680,역삼동,713-11,11680-3679,역삼I'PARK,28.246,11,2006,35000,0,2017-10-14,,,,,
강남구,11680,역삼동,713-11,11680-3679,역삼I'PARK,28.246,18,2006,19000,45,2017-10-13,,,,,
강남구,11680,역삼동,713-7,11680-3766,래미안펜타빌,135.67,9,2007,135000,0,2017-10-30,,,,,
강남구,11680,역삼동,713-7,11680-3766,래미안펜타빌,158.58,12,2007,135000,0,2017-10-14,,,,,
강남구,11680,역삼동,716,11680-237,동부센트레빌,59.82,17,1998,5000,175,2017-10-16,,,,,
강남구,11680,역삼동,716,11680-237,동부센트레빌,59.82,4,1998,62000,0,2017-10-24,,,,,
강남구,11680,역삼동,716,11680-237,동부센트레빌,59.97,13,1998,60000,0,2017-10-26,,,,,
강남구,11680,역삼동,716-3,11680-4084,개나리SK뷰,127.27,2,2012,90000,150,2017-10-14,,,,,
강남구,11680,역삼동,716-3,11680-4084,개나리SK뷰,127.27,8,2012,100000,140,2017-10-26,,,,,
강남구,11680,역삼동,716-3,11680-4084,개나리SK뷰,84.98,20,2012,8000,320,2017-10-20,,,,,
강남구,11680,역삼동,720-25,11680-275,대우디오빌,30.03,15,2002,23500,0,2017-10-22,,,,,
강남구,11680,역삼동,720-25,11680-275,대우디오빌,30.03,9,2002,1000,90,2017-10-13,17.10~18.10,신규,,,
강남구,11680,역삼동,722,11680-276,경남아너스빌,84.688,8,2002,5000,230,2017-10-14,,,,,
강남구,11680,역삼동,727-2,11680-4036,대명벨리온,14.302,6,2012,18000,0,2017-10-19,,,,,
강남구,11680,역삼동,728-52,11680-460,예지향,84.93,2,2003,23000,115,2017-10-23,,,,,
강남구,11680,역삼동,735-15,11680-4317,이스턴오피스텔,14.78,12,2014,5000,68,2017-10-14,,,,,
강남구,11680,역삼동,735-15,11680-4317,이스턴오피스텔,14.92,12,2014,5000,70,2017-10-12,,,,,
강남구,11680,역삼동,735-15,11680-4317,이스턴오피스텔,15.25,13,2014,16000,0,2017-10-16,17.11~19.11,신규,,,
강남구,11680,역삼동,754,11680-3680,개나리래미안,114.65,12,2006,25000,270,2017-10-01,,,,,
강남구,11680,역삼동,754,11680-3680,개나리래미안,129.8,19,2006,120000,0,2017-10-30,,,,,
강남구,11680,역삼동,754,11680-3680,개나리래미안,129.8,21,2006,120000,0,2017-10-31,,,,,
강남구,11680,역삼동,754,11680-3680,개나리래미안,144.55,18,2006,135000,0,2017-10-24,,,,,
강남구,11680,역삼동,754,11680-3680,개나리래미안,59.7,6,2006,59000,55,2017-10-12,,,,,
강남구,11680,역삼동,754-1,11680-3643,역삼푸르지오,59.8848,1,2006,60000,0,2017-10-23,,,,,
강남구,11680,역삼동,754-1,11680-3643,역삼푸르지오,59.8848,10,2006,54000,75,2017-10-10,,,,,
강남구,11680,역삼동,754-1,11680-3643,역삼푸르지오,59.8848,23,2006,40000,90,2017-10-24,,,,,
강남구,11680,역삼동,754-1,11680-3643,역삼푸르지오,59.8848,8,2006,70000,0,2017-10-16,,,,,
강남구,11680,역삼동,754-1,11680-3643,역삼푸르지오,84.9097,1,2006,10000,220,2017-10-16,,,,,
강남구,11680,역삼동,754-1,11680-3643,역삼푸르지오,84.9097,11,2006,90000,0,2017-10-18,,,,,
강남구,11680,역삼동,754-1,11680-3643,역삼푸르지오,84.9097,12,2006,87000,0,2017-10-31,,,,,
강남구,11680,역삼동,754-1,11680-3643,역삼푸르지오,84.9097,14,2006,70000,80,2017-10-28,,,,,
강남구,11680,역삼동,755-1,11680-3678,개나리푸르지오,132.8355,15,2006,133000,0,2017-10-10,,,,,
강남구,11680,역삼동,755-1,11680-3678,개나리푸르지오,132.8355,5,2006,125000,0,2017-10-11,,,,,
강남구,11680,역삼동,755-1,11680-3678,개나리푸르지오,133.1686,2,2006,80000,145,2017-10-11,,,,,
강남구,11680,역삼동,755-1,11680-3678,개나리푸르지오,59.6851,11,2006,85000,0,2017-10-11,,,,,
강남구,11680,역삼동,755-4,11680-3622,e-편한세상,59.606,1,2005,67000,0,2017-10-23,,,,,
강남구,11680,역삼동,755-4,11680-3622,e-편한세상,59.606,13,2005,75000,0,2017-10-13,,,,,
강남구,11680,역삼동,755-4,11680-3622,e-편한세상,59.606,16,2005,3000,210,2017-10-23,,,,,
강남구,11680,역삼동,755-4,11680-3622,e-편한세상,59.606,25,2005,5000,200,2017-10-23,,,,,
강남구,11680,역삼동,755-4,11680-3622,e-편한세상,59.606,4,2005,60000,30,2017-10-28,,,,,
강남구,11680,역삼동,755-4,11680-3622,e-편한세상,59.606,4,2005,76000,0,2017-10-31,,,,,
강남구,11680,역삼동,755-4,11680-3622,e-편한세상,59.606,5,2005,10000,170,2017-10-16,,,,,
강남구,11680,역삼동,755-4,11680-3622,e-편한세상,59.606,7,2005,70000,0,2017-10-12,,,,,
강남구,11680,역삼동,755-4,11680-3622,e-편한세상,84.991,3,2005,7000,270,2017-10-21,,,,,
강남구,11680,역삼동,757,11680-3621,역삼래미안,59.4,11,2005,67000,0,2017-10-14,,,,,
강남구,11680,역삼동,757,11680-3621,역삼래미안,59.4,13,2005,10000,150,2017-10-23,,,,,
강남구,11680,역삼동,757,11680-3621,역삼래미안,59.4,17,2005,5000,200,2017-10-31,,,,,
강남구,11680,역삼동,757,11680-3621,역삼래미안,59.4,2,2005,70000,0,2017-10-26,,,,,
강남구,11680,역삼동,757,11680-3621,역삼래미안,59.4,7,2005,70000,0,2017-10-28,,,,,
강남구,11680,역삼동,757,11680-3621,역삼래미안,59.4,7,2005,71000,0,2017-10-14,,,,,
강남구,11680,역삼동,757,11680-3621,역삼래미안,59.53,17,2005,10000,160,2017-10-21,,,,,
강남구,11680,역삼동,757,11680-3621,역삼래미안,59.53,2,2005,30000,100,2017-10-27,,,,,
강남구,11680,역삼동,757,11680-3621,역삼래미안,59.73,17,2005,70000,0,2017-10-31,,,,,
강남구,11680,역삼동,757,11680-3621,역삼래미안,59.73,2,2005,67000,0,2017-10-21,,,,,
강남구,11680,역삼동,757,11680-3621,역삼래미안,59.73,5,2005,5000,200,2017-10-27,,,,,
강남구,11680,역삼동,757,11680-3621,역삼래미안,59.73,8,2005,69000,0,2017-10-21,,,,,
강남구,11680,역삼동,757,11680-3621,역삼래미안,80.87,14,2005,93000,0,2017-10-21,,,,,
강남구,11680,역삼동,757,11680-3621,역삼래미안,80.87,18,2005,85000,0,2017-10-26,,,,,
강남구,11680,역삼동,757,11680-3621,역삼래미안,80.87,19,2005,40000,170,2017-10-24,,,,,
강남구,11680,역삼동,757,11680-3621,역삼래미안,80.87,6,2005,95000,0,2017-10-13,,,,,
강남구,11680,역삼동,757,11680-3621,역삼래미안,80.87,9,2005,92000,0,2017-10-30,,,,,
강남구,11680,역삼동,761-10,11680-236,대림역삼,59.66,2,1997,52000,0,2017-10-20,,,,,
강남구,11680,역삼동,761-10,11680-236,대림역삼,59.66,7,1997,50000,0,2017-10-24,,,,,
강남구,11680,역삼동,761-10,11680-236,대림역삼,59.66,8,1997,40000,30,2017-10-30,,,,,
강남구,11680,역삼동,761-10,11680-236,대림역삼,59.99,9,1997,55000,0,2017-10-31,,,,,
강남구,11680,역삼동,761-10,11680-236,대림역삼,84.96,11,1997,40000,100,2017-10-17,,,,,
강남구,11680,역삼동,761-10,11680-236,대림역삼,84.96,18,1997,63000,0,2017-10-16,,,,,
강남구,11680,역삼동,762-3,11680-3905,래미안그레이튼(진달래2차),105.89,31,2010,115000,0,2017-10-23,,,,,
강남구,11680,역삼동,762-3,11680-3905,래미안그레이튼(진달래2차),120.37,9,2010,118000,0,2017-10-28,,,,,
강남구,11680,역삼동,762-3,11680-3905,래미안그레이튼(진달래2차),59.78,14,2010,60000,60,2017-10-17,,,,,
강남구,11680,역삼동,762-3,11680-3905,래미안그레이튼(진달래2차),59.78,22,2010,40000,115,2017-10-24,,,,,
강남구,11680,역삼동,762-3,11680-3905,래미안그레이튼(진달래2차),59.91,17,2010,4500,220,2017-10-16,,,,,
강남구,11680,역삼동,762-3,11680-3905,래미안그레이튼(진달래2차),59.91,17,2010,45000,100,2017-10-20,,,,,
강남구,11680,역삼동,762-3,11680-3905,래미안그레이튼(진달래2차),84.81,21,2010,10000,270,2017-10-27,,,,,
강남구,11680,역삼동,762-3,11680-3905,래미안그레이튼(진달래2차),84.81,9,2010,20000,230,2017-10-18,,,,,
강남구,11680,역삼동,762-3,11680-3905,래미안그레이튼(진달래2차),84.87,15,2010,60000,110,2017-10-28,,,,,
강남구,11680,역삼동,762-3,11680-3905,래미안그레이튼(진달래2차),84.87,16,2010,5000,300,2017-10-19,17.11~19.11,신규,,,
강남구,11680,역삼동,763-16,11680-3871,래미안그레이튼,59.97,20,2009,10000,210,2017-10-26,,,,,
강남구,11680,역삼동,763-16,11680-3871,래미안그레이튼,70.98,20,2009,10000,240,2017-10-30,,,,,
강남구,11680,역삼동,763-16,11680-3871,래미안그레이튼,84.97,12,2009,100000,0,2017-10-24,,,,,
강남구,11680,역삼동,763-16,11680-3871,래미안그레이튼,84.97,15,2009,70000,90,2017-10-16,,,,,
강남구,11680,역삼동,763-16,11680-3871,래미안그레이튼,84.97,3,2009,81000,55,2017-10-26,,,,,
강남구,11680,역삼동,763-16,11680-3871,래미안그레이튼,84.97,7,2009,50000,150,2017-10-24,,,,,
강남구,11680,역삼동,783-28,11680-272,갤러리아트,81.18,2,2002,40000,0,2017-10-27,,,,,
강남구,11680,역삼동,783-3,11680-271,갤러리하우스,81.1,3,2002,50000,0,2017-10-12,,,,,
강남구,11680,역삼동,794-19,11680-3626,강남한솔,74.61,3,2006,45000,0,2017-10-22,,,,,
강남구,11680,역삼동,795-41,11680-3570,역삼동월드메르디앙,83.27,1,2005,60000,0,2017-10-21,,,,,
강남구,11680,역삼동,796-29,11680-4050,강남서해그랑블,62.26,9,2012,10000,145,2017-10-28,,,,,
강남구,11680,역삼동,823-7,11680-503,강남역우정에쉐르,16.78,10,2004,17000,0,2017-10-13,,,,,
강남구,11680,역삼동,823-7,11680-503,강남역우정에쉐르,17.23,12,2004,1000,70,2017-10-21,,,,,
강남구,11680,역삼동,823-7,11680-503,강남역우정에쉐르,17.23,6,2004,16000,0,2017-10-25,,,,,
강남구,11680,역삼동,823-7,11680-503,강남역우정에쉐르,26.68,13,2004,21000,0,2017-10-28,,,,,
강남구,11680,역삼동,824-25,11680-668,대우디오빌플러스,43.99,11,2004,1000,125,2017-10-20,,,,,
강남구,11680,역삼동,824-25,11680-668,대우디오빌플러스,43.99,9,2004,1000,123,2017-10-24,,,,,
강남구,11680,역삼동,826-29,11680-504,역삼동우정에쉐르1,57.98,4,2004,2000,150,2017-10-13,,,,,
강남구,11680,역삼동,828-21,11680-1327,(828-21),76.1,5,2005,40000,40,2017-10-24,,,,,
강남구,11680,역삼동,831-29,11680-4153,에레프,14.31,10,2013,6000,40,2017-10-20,,,,,
강남구,11680,역삼동,835-67,11680-411,금호어울림,132.88,15,2003,60000,0,2017-10-31,,,,,
강남구,11680,역삼동,836,11680-251,한스빌(836),39.89,3,1996,25000,0,2017-10-13,,,,,
강남구,11680,율현동,365,11680-4398,강남한신휴플러스6단지,59.98,7,2015,47000,0,2017-10-19,,,,,
강남구,11680,율현동,365,11680-4398,강남한신휴플러스6단지,84.83,3,2015,58000,0,2017-10-12,17.10~19.10,갱신,,40000,12
강남구,11680,일원동,615,11680-306,우성7,68.39,2,1987,5000,140,2017-10-15,,,,,
강남구,11680,일원동,615,11680-306,우성7,83.69,12,1987,38000,70,2017-10-16,,,,,
강남구,11680,일원동,615,11680-306,우성7,83.69,8,1987,65000,0,2017-10-21,,,,,
강남구,11680,일원동,615,11680-306,우성7,84.06,4,1987,58000,0,2017-10-17,,,,,
강남구,11680,일원동,615-1,11680-310,개포한신,82.3,2,1984,45000,0,2017-10-14,,,,,
강남구,11680,일원동,690-1,11680-300,대우,80.67,2,1983,30000,0,2017-10-13,,,,,
강남구,11680,일원동,690-1,11680-300,대우,80.67,2,1983,35000,0,2017-10-13,,,,,
강남구,11680,일원동,711,11680-305,수서,39.98,1,1992,31000,0,2017-10-30,,,,,
강남구,11680,일원동,711,11680-305,수서,59.94,12,1992,45000,0,2017-10-20,,,,,
강남구,11680,일원동,711,11680-305,수서,59.94,6,1992,18000,60,2017-10-25,,,,,
강남구,11680,일원동,711,11680-305,수서,59.94,8,1992,30000,0,2017-10-25,17.11~19.11,신규,,,
강남구,11680,일원동,711,11680-305,수서,59.94,8,1992,45000,0,2017-10-21,,,,,
강남구,11680,일원동,711,11680-305,수서,59.96,11,1992,40000,20,2017-10-24,,,,,
강남구,11680,일원동,716,11680-301,목련타운,134.71,7,1993,91000,0,2017-10-14,,,,,
강남구,11680,일원동,716,11680-301,목련타운,99.79,5,1993,85000,0,2017-10-21,,,,,
강남구,11680,일원동,716,11680-301,목련타운,99.79,7,1993,83000,0,2017-10-19,,,,,
강남구,11680,일원동,718,11680-304,샘터마을,101.97,2,1994,50000,100,2017-10-15,,,,,
강남구,11680,일원동,718,11680-304,샘터마을,134.438,10,1994,20000,200,2017-10-13,,,,,
강남구,11680,일원동,719,11680-308,푸른마을아파트101동~111동,59.76,1,1994,45000,0,2017-10-12,,,,,
강남구,11680,일원동,719,11680-308,푸른마을아파트101동~111동,59.76,10,1994,50000,0,2017-10-21,,,,,
강남구,11680,일원동,719,11680-308,푸른마을아파트101동~111동,59.76,12,1994,10000,120,2017-10-16,17.10~19.10,갱신,,10000,110
강남구,11680,일원동,719,11680-308,푸른마을아파트101동~111동,59.76,13,1994,50000,0,2017-10-25,,,,,
강남구,11680,일원동,719,11680-308,푸른마을아파트101동~111동,59.76,14,1994,35000,50,2017-10-10,,,,,
강남구,11680,일원동,719,11680-308,푸른마을아파트101동~111동,59.76,3,1994,52000,0,2017-10-14,,,,,
강남구,11680,일원동,719,11680-308,푸른마을아파트101동~111동,59.76,5,1994,5000,145,2017-10-21,,,,,
강남구,11680,일원동,719,11680-308,푸른마을아파트101동~111동,59.76,8,1994,50000,0,2017-10-19,,,,,
강남구,11680,일원동,719,11680-308,푸른마을아파트101동~111동,84.93,2,1994,5000,185,2017-10-14,,,,,
강남구,11680,일원동,719,11680-308,푸른마을아파트101동~111동,84.93,4,1994,60000,25,2017-10-18,,,,,
강남구,11680,일원동,719,11680-308,푸른마을아파트101동~111동,84.93,5,1994,70000,0,2017-10-13,,,,,
강남구,11680,일원동,719,11680-308,푸른마을아파트101동~111동,84.93,7,1994,69000,0,2017-10-30,,,,,
강남구,11680,일원동,719,11680-308,푸른마을아파트101동~111동,84.93,9,1994,52000,50,2017-10-18,,,,,
강남구,11680,일원동,731,11680-309,한솔마을,84.73,3,1994,30000,100,2017-10-11,,,,,
강남구,11680,일원동,731,11680-309,한솔마을,84.73,4,1994,30000,100,2017-10-24,,,,,
강남구,11680,일원동,734,11680-303,상록수,74.54,1,1993,54600,0,2017-10-10,,,,,
강남구,11680,일원동,734,11680-303,상록수,74.54,4,1993,10000,150,2017-10-07,,,,,
강남구,11680,일원동,734,11680-303,상록수,74.54,4,1993,60000,0,2017-10-27,,,,,
강남구,11680,일원동,734,11680-303,상록수,74.54,4,1993,60000,0,2017-10-30,,,,,
강남구,11680,일원동,734,11680-303,상록수,74.54,5,1993,53000,20,2017-10-11,,,,,
강남구,11680,일원동,734,11680-303,상록수,74.54,5,1993,55000,5,2017-10-17,,,,,
강남구,11680,일원동,734,11680-303,상록수,74.54,5,1993,60000,0,2017-10-16,,,,,
강남구,11680,일원동,734,11680-303,상록수,74.54,5,1993,60000,0,2017-10-23,,,,,
강남구,11680,일원동,734,11680-303,상록수,84.95,1,1993,68000,0,2017-10-21,,,,,
강남구,11680,일원동,734,11680-303,상록수,84.95,3,1993,50000,60,2017-10-24,,,,,
강남구,11680,일원동,734,11680-303,상록수,84.95,3,1993,72000,0,2017-10-14,,,,,
강남구,11680,일원동,735,11680-299,가람,75.16,2,1993,46000,50,2017-10-23,,,,,
강남구,11680,일원동,735,11680-299,가람,75.16,3,1993,25000,0,2017-10-28,,,,,
강남구,11680,일원동,735,11680-299,가람,75.16,3,1993,62000,0,2017-10-26,,,,,
강남구,11680,일원동,735,11680-299,가람,75.16,4,1993,58000,0,2017-10-23,,,,,
강남구,11680,일원동,735,11680-299,가람,75.16,4,1993,59000,0,2017-10-14,,,,,
강남구,11680,자곡동,602,11680-4332,강남자곡아이파크,59.96,14,2014,5000,130,2017-10-11,,,,,
강남구,11680,자곡동,602,11680-4332,강남자곡아이파크,74.97,12,2014,15000,73,2017-10-09,,,,,
강남구,11680,자곡동,602,11680-4332,강남자곡아이파크,84.92,1,2014,5000,170,2017-10-02,,,,,
강남구,11680,자곡동,611,11680-4319,래미안강남힐즈,101.94,6,2014,86000,0,2017-10-24,,,,,
강남구,11680,자곡동,611,11680-4319,래미안강남힐즈,101.94,7,2014,79000,0,2017-10-18,,,,,
강남구,11680,자곡동,611,11680-4319,래미안강남힐즈,101.95,2,2014,5000,220,2017-10-27,,,,,
강남구,11680,자곡동,611,11680-4319,래미안강남힐즈,91.95,15,2014,66000,0,2017-10-21,,,,,
강남구,11680,자곡동,611,11680-4319,래미안강남힐즈,91.95,6,2014,71000,0,2017-10-09,,,,,
강남구,11680,자곡동,611,11680-4319,래미안강남힐즈,91.96,1,2014,10000,200,2017-10-20,,,,,
강남구,11680,자곡동,611,11680-4319,래미안강남힐즈,91.96,14,2014,71500,0,2017-10-14,,,,,
강남구,11680,자곡동,611,11680-4319,래미안강남힐즈,91.96,15,2014,73000,0,2017-10-27,,,,,
강남구,11680,자곡동,611,11680-4319,래미안강남힐즈,91.96,8,2014,70000,0,2017-10-14,,,,,
강남구,11680,자곡동,611,11680-4319,래미안강남힐즈,91.96,9,2014,30000,120,2017-10-19,,,,,
강남구,11680,자곡동,618,11680-4341,강남브리즈힐,74.04,12,2014,50000,0,2017-10-13,,,,,
강남구,11680,자곡동,618,11680-4341,강남브리즈힐,84.29,5,2014,50000,0,2017-10-28,,,,,
강남구,11680,자곡동,619,11680-4375,강남자곡 힐스테이트,23.32,5,2015,8400,0,2017-10-26,,,,,
강남구,11680,자곡동,619,11680-4375,강남자곡 힐스테이트,51.99,3,2015,18690,0,2017-10-31,,,,,
강남구,11680,자곡동,619,11680-4375,강남자곡 힐스테이트,59.93,7,2015,20790,0,2017-10-26,,,,,
강남구,11680,자곡동,619,11680-4375,강남자곡 힐스테이트,74.8,13,2015,11330,18,2017-10-16,,,,,
강남구,11680,자곡동,619,11680-4375,강남자곡 힐스테이트,74.8,7,2015,11330,18,2017-10-15,,,,,
강남구,11680,자곡동,686,11680-4298,강남한양수자인(4단지),114.46,4,2014,75000,0,2017-10-21,,,,,
강남구,11680,자곡동,686,11680-4298,강남한양수자인(4단지),114.46,8,2014,55000,0,2017-10-12,,,,,
강남구,11680,자곡동,687,11680-4297,래미안포레,59.92,10,2014,34875,0,2017-10-28,,,,,
강남구,11680,자곡동,687,11680-4297,래미안포레,84.99,6,2014,63000,0,2017-10-10,,,,,
강남구,11680,청담동,10,11680-41,삼환(101동),114.97,9,1999,60000,80,2017-10-19,,,,,
강남구,11680,청담동,105,11680-51,씨티3차,149.77,2,1996,85000,0,2017-10-12,,,,,
강남구,11680,청담동,108,11680-65,청담건영,84.595,2,1994,57000,0,2017-10-12,,,,,
강남구,11680,청담동,108,11680-65,청담건영,84.595,5,1994,20000,140,2017-10-30,,,,,
강남구,11680,청담동,110-13,11680-572,청담대우멤버스카운티10차,148.87,2,2004,20000,300,2017-10-21,,,,,
강남구,11680,청담동,121,11680-87,청담동현대빌라트,183.77,7,1998,70000,0,2017-10-24,,,,,
강남구,11680,청담동,121,11680-87,청담동현대빌라트,183.77,7,1998,70000,360,2017-10-24,,,,,
강남구,11680,청담동,122-35,11680-4284,청담신원아침도시마인,27.0875,5,2013,23100,0,2017-10-14,,,,,
강남구,11680,청담동,122-35,11680-4284,청담신원아침도시마인,27.7131,6,2013,24000,0,2017-10-20,,,,,
강남구,11680,청담동,122-35,11680-4284,청담신원아침도시마인,36.1185,6,2013,1000,145,2017-10-23,,,,,
강남구,11680,청담동,127,11680-3845,연세리버빌7차A동,203.08,5,2004,100000,0,2017-10-18,17.11~19.11,신규,,,
강남구,11680,청담동,127-31,11680-78,청담현대3차아파트,59.95,3,1999,6000,165,2017-10-12,,,,,
강남구,11680,청담동,128,11680-478,상지카일룸,244.46,4,2003,300000,0,2017-10-11,,,,,
강남구,11680,청담동,130,11680-4292,청담아이파크,110.14,2,1992,70000,70,2017-10-20,,,,,
강남구,11680,청담동,130-7,11680-3899,마크힐스이스트윙,192.86,13,2010,400000,0,2017-10-13,,,,,
강남구,11680,청담동,134-15,11680-35,청담삼익아파트,104.63,11,1980,37000,0,2017-10-26,,,,,
강남구,11680,청담동,134-15,11680-35,청담삼익아파트,105.58,6,1980,35000,0,2017-10-27,,,,,
강남구,11680,청담동,134-15,11680-35,청담삼익아파트,106.44,5,1980,20000,0,2017-10-20,,,,,
강남구,11680,청담동,134-15,11680-35,청담삼익아파트,106.86,4,1980,28000,0,2017-10-26,,,,,
강남구,11680,청담동,134-15,11680-35,청담삼익아파트,109.49,1,1980,26000,0,2017-10-27,,,,,
강남구,11680,청담동,134-15,11680-35,청담삼익아파트,109.49,2,1980,10000,10,2017-10-24,,,,,
강남구,11680,청담동,134-15,11680-35,청담삼익아파트,109.49,7,1980,33000,0,2017-10-19,,,,,
강남구,11680,청담동,134-15,11680-35,청담삼익아파트,109.49,7,1980,36000,0,2017-10-25,,,,,
강남구,11680,청담동,134-15,11680-35,청담삼익아파트,109.49,9,1980,37000,0,2017-10-31,,,,,
강남구,11680,청담동,134-15,11680-35,청담삼익아파트,138.51,3,1980,5000,150,2017-10-23,,,,,
강남구,11680,청담동,134-15,11680-35,청담삼익아파트,138.51,6,1980,37000,0,2017-10-27,,,,,
강남구,11680,청담동,134-16,11680-47,신동아,84.94,14,1997,10000,170,2017-10-30,,,,,
강남구,11680,청담동,134-16,11680-47,신동아,84.94,4,1997,55000,0,2017-10-17,,,,,
강남구,11680,청담동,134-16,11680-47,신동아,84.94,4,1997,57000,0,2017-10-23,,,,,
강남구,11680,청담동,134-38,11680-4004,청담자이,49.593,17,2011,75000,0,2017-10-16,,,,,
강남구,11680,청담동,134-38,11680-4004,청담자이,49.619,21,2011,80000,0,2017-10-13,,,,,
강남구,11680,청담동,134-38,11680-4004,청담자이,49.619,21,2011,80000,0,2017-10-31,,,,,
강남구,11680,청담동,134-38,11680-4004,청담자이,49.619,32,2011,76000,0,2017-10-30,,,,,
강남구,11680,청담동,134-38,11680-4004,청담자이,49.619,34,2011,72000,0,2017-10-12,,,,,
강남구,11680,청담동,134-38,11680-4004,청담자이,49.639,18,2011,3000,285,2017-10-10,,,,,
강남구,11680,청담동,134-38,11680-4004,청담자이,82.952,25,2011,114000,0,2017-10-26,,,,,
강남구,11680,청담동,134-38,11680-4004,청담자이,82.952,8,2011,110000,0,2017-10-17,,,,,
강남구,11680,청담동,134-38,11680-4004,청담자이,89.115,10,2011,10000,480,2017-10-14,,,,,
강남구,11680,청담동,14,11680-3650,"청담2차이-편한세상(201동,202동,203동)",84.97,5,2006,30000,180,2017-10-12,,,,,
강남구,11680,청담동,15,11680-3633,청담2차이-편한세상(204동),98.05,4,2005,80000,0,2017-10-25,,,,,
강남구,11680,청담동,23,11680-83,현대아파트,84.78,4,1988,60000,0,2017-10-31,,,,,
강남구,11680,청담동,28-13,11680-25,골든아트빌,178.41,8,2000,85000,0,2017-10-13,,,,,
강남구,11680,청담동,30-33,11680-98,청담대림이-편한세상,81.84,15,2002,60000,50,2017-10-16,,,,,
강남구,11680,청담동,33,11680-32,청담동삼성1차(101동),59.4,5,1997,10000,140,2017-10-11,,,,,
강남구,11680,청담동,33,11680-32,청담동삼성1차(101동),59.4,7,1997,55000,0,2017-10-14,,,,,
강남구,11680,청담동,34-13,11680-4364,청담스위트,13.425,5,2015,18000,0,2017-10-31,17.10~19.10,신규,,,
강남구,11680,청담동,34-13,11680-4364,청담스위트,13.425,5,2015,2000,75,2017-10-28,,,,,
강남구,11680,청담동,35-48,11680-3575,한신오페라하우스2차,152.4,2,2005,95000,0,2017-10-17,,,,,
강남구,11680,청담동,42,11680-33,삼성청담아파트,114.83,14,1999,85000,0,2017-10-23,,,,,
강남구,11680,청담동,43,11680-73,청담우방아파트,59.97,14,1999,56000,0,2017-10-21,,,,,
강남구,11680,청담동,43-1,11680-84,현대빌라(43-1),148.77,2,1992,70000,0,2017-10-19,,,,,
강남구,11680,청담동,44-21,11680-3773,청담3차이-편한세상(301동),84.97,3,2007,40000,155,2017-10-31,,,,,
강남구,11680,청담동,5-25,11680-3574,휴먼스타빌,193.505,27,2005,1000,1000,2017-10-01,,,,,
강남구,11680,청담동,5-25,11680-3574,휴먼스타빌,35.905,19,2005,2000,200,2017-10-19,,,,,
강남구,11680,청담동,5-25,11680-3574,휴먼스타빌,35.905,23,2005,34000,0,2017-10-18,,,,,
강남구,11680,청담동,5-25,11680-3574,휴먼스타빌,39.95,17,2005,10000,110,2017-10-06,,,,,
강남구,11680,청담동,50-5,11680-474,대우유로카운티,120.89,12,2004,95000,0,2017-10-26,,,,,
강남구,11680,청담동,50-5,11680-474,대우유로카운티,121.48,9,2004,100000,0,2017-10-25,,,,,
강남구,11680,청담동,50-5,11680-474,대우유로카운티,156.57,15,2004,125000,0,2017-10-20,,,,,
강남구,11680,청담동,59-13,11680-413,청담대우로얄카운티5차,244.27,4,2003,90000,500,2017-10-18,,,,,
강남구,11680,청담동,60,11680-34,삼성청담공원아파트,59.93,13,1999,5000,180,2017-10-28,,,,,
강남구,11680,청담동,65,11680-62,진흥아파트,109.31,13,1984,60000,0,2017-10-12,,,,,
강남구,11680,청담동,65,11680-62,진흥아파트,109.31,8,1984,35000,100,2017-10-26,,,,,
강남구,11680,청담동,67-1,11680-4653,청담린든그로브,232.9557,3,2017,320000,0,2017-10-09,17.12~19.12,신규,,,
강남구,11680,청담동,67-1,11680-4653,청담린든그로브,84.9979,6,2017,99990,0,2017-10-26,17.11~19.11,신규,,,
강동구,11740,강일동,670,11740-2890,강일리버파크5단지,49.87,1,2009,3811,25,2017-10-02,,,,,
강동구,11740,강일동,670,11740-2890,강일리버파크5단지,49.87,1,2009,8336,0,2017-10-26,,,,,
강동구,11740,강일동,670,11740-2890,강일리버파크5단지,49.9,10,2009,8336,253,2017-10-27,,,,,
강동구,11740,강일동,670,11740-2890,강일리버파크5단지,49.9,4,2009,3811,25,2017-10-27,,,,,
강동구,11740,강일동,670,11740-2890,강일리버파크5단지,49.9,9,2009,3811,25,2017-10-25,,,,,
강동구,11740,강일동,670,11740-2890,강일리버파크5단지,59.87,3,2009,11388,0,2017-10-25,,,,,
강동구,11740,강일동,670,11740-2890,강일리버파크5단지,59.87,4,2009,36000,0,2017-10-23,,,,,
강동구,11740,강일동,670,11740-2890,강일리버파크5단지,59.87,5,2009,11388,0,2017-10-25,,,,,
강동구,11740,강일동,670,11740-2890,강일리버파크5단지,84.83,11,2009,6000,110,2017-10-23,,,,,
강동구,11740,강일동,670,11740-2890,강일리버파크5단지,84.83,2,2009,43000,0,2017-10-25,,,,,
강동구,11740,강일동,673,11740-2851,강일리버파크4단지,84.53,3,2009,41000,0,2017-10-20,,,,,
강동구,11740,강일동,674,11740-2852,강일리버파크3단지,59.86,12,2009,11388,0,2017-10-10,,,,,
강동구,11740,강일동,674,11740-2852,강일리버파크3단지,59.87,3,2009,11931,0,2017-10-31,,,,,
강동구,11740,강일동,674,11740-2852,강일리버파크3단지,59.87,7,2009,37000,0,2017-10-28,,,,,
강동구,11740,강일동,674,11740-2852,강일리버파크3단지,59.87,9,2009,5000,100,2017-10-21,,,,,
강동구,11740,강일동,674,11740-2852,강일리버파크3단지,84.53,10,2009,5000,120,2017-10-09,,,,,
강동구,11740,강일동,674,11740-2852,강일리버파크3단지,84.83,10,2009,42000,0,2017-10-14,,,,,
강동구,11740,강일동,684,11740-2853,강일리버파크6단지,84.53,15,2009,45000,0,2017-10-20,,,,,
강동구,11740,강일동,686,11740-2877,강일리버파크7단지,84.83,13,2009,41500,0,2017-10-28,17.11~19.11,신규,,,
강동구,11740,강일동,695,11740-2855,강일리버파크10단지,84.53,13,2009,23000,65,2017-10-13,,,,,
강동구,11740,강일동,695,11740-2855,강일리버파크10단지,84.53,4,2009,3000,130,2017-10-20,,,,,
강동구,11740,강일동,695,11740-2855,강일리버파크10단지,84.74,10,2009,17978,0,2017-10-27,,,,,
강동구,11740,강일동,695,11740-2855,강일리버파크10단지,84.74,4,2009,29200,0,2017-10-31,,,,,
강동구,11740,강일동,699,11740-2856,강일리버파크9단지,84.74,7,2009,43000,0,2017-10-30,,,,,
강동구,11740,강일동,701,11740-2854,강일리버파크8단지,84.83,1,2009,12000,110,2017-10-20,,,,,
강동구,11740,강일동,707,11740-3005,고덕리엔파크1단지,114.97,3,2011,37000,0,2017-10-17,,,,,
강동구,11740,강일동,707,11740-3005,고덕리엔파크1단지,84.83,5,2011,32200,0,2017-10-31,,,,,
강동구,11740,강일동,707,11740-3005,고덕리엔파크1단지,84.83,6,2011,47000,0,2017-10-11,,,,,
강동구,11740,강일동,717,11740-3004,고덕리엔파크2단지,59.83,12,2011,40000,0,2017-10-12,,,,,
강동구,11740,강일동,717,11740-3004,고덕리엔파크2단지,84.87,5,2011,48000,0,2017-10-13,,,,,
강동구,11740,고덕동,307,11740-415,상록,54.6,1,1984,10017,0,2017-10-26,,,,,
강동구,11740,고덕동,307,11740-415,상록,54.6,2,1984,10363,0,2017-10-18,,,,,
강동구,11740,고덕동,307,11740-415,상록,54.6,2,1984,14425,0,2017-10-30,,,,,
강동구,11740,고덕동,307,11740-415,상록,54.6,5,1984,14111,0,2017-10-11,,,,,
강동구,11740,고덕동,312,11740-28,배재현대,59.94,17,1995,41000,0,2017-10-31,,,,,
강동구,11740,고덕동,312,11740-28,배재현대,84.9,19,1995,50000,0,2017-10-16,,,,,
강동구,11740,고덕동,312,11740-28,배재현대,84.9,2,1995,34000,50,2017-10-23,,,,,
강동구,11740,고덕동,312,11740-28,배재현대,84.9,6,1995,52000,0,2017-10-12,,,,,
강동구,11740,고덕동,312,11740-28,배재현대,84.9,9,1995,51000,0,2017-10-30,,,,,
강동구,11740,고덕동,470,11740-22,대우,72.035,8,1986,36000,0,2017-10-24,,,,,
강동구,11740,고덕동,470,11740-22,대우,96,1,1986,33000,0,2017-10-17,,,,,
강동구,11740,고덕동,486,11740-25,아남1,78.3,15,1996,20000,50,2017-10-31,,,,,
강동구,11740,고덕동,486,11740-25,아남1,84.91,11,1996,45000,0,2017-10-12,,,,,
강동구,11740,고덕동,486,11740-25,아남1,84.91,2,1996,43000,0,2017-10-30,,,,,
강동구,11740,고덕동,486,11740-25,아남1,84.91,3,1996,42000,0,2017-10-20,,,,,
강동구,11740,고덕동,486,11740-25,아남1,84.91,4,1996,38000,0,2017-10-25,,,,,
강동구,11740,고덕동,486,11740-25,아남1,84.91,5,1996,43500,0,2017-10-21,,,,,
강동구,11740,고덕동,486,11740-25,아남1,84.91,5,1996,45000,0,2017-10-14,,,,,
강동구,11740,고덕동,499,11740-2894,고덕 아이파크,114.98,12,2011,70000,0,2017-10-13,,,,,
강동구,11740,고덕동,499,11740-2894,고덕 아이파크,114.98,13,2011,50000,0,2017-10-11,,,,,
강동구,11740,고덕동,499,11740-2894,고덕 아이파크,114.98,4,2011,50000,55,2017-10-25,,,,,
강동구,11740,고덕동,499,11740-2894,고덕 아이파크,114.98,6,2011,75000,0,2017-10-13,,,,,
강동구,11740,고덕동,499,11740-2894,고덕 아이파크,115.45,15,2011,45000,100,2017-10-28,,,,,
강동구,11740,고덕동,499,11740-2894,고덕 아이파크,145,10,2011,80000,0,2017-10-13,,,,,
강동구,11740,고덕동,499,11740-2894,고덕 아이파크,145.22,12,2011,80000,0,2017-10-13,,,,,
강동구,11740,고덕동,499,11740-2894,고덕 아이파크,145.22,19,2011,70000,35,2017-10-28,,,,,
강동구,11740,고덕동,499,11740-2894,고덕 아이파크,177.99,1,2011,90000,0,2017-10-01,,,,,
강동구,11740,고덕동,499,11740-2894,고덕 아이파크,59.99,5,2011,52500,0,2017-10-25,,,,,
강동구,11740,고덕동,499,11740-2894,고덕 아이파크,59.99,9,2011,54000,0,2017-10-15,,,,,
강동구,11740,고덕동,499,11740-2894,고덕 아이파크,84.98,12,2011,60000,0,2017-10-01,,,,,
강동구,11740,고덕동,499,11740-2894,고덕 아이파크,84.98,16,2011,65000,0,2017-10-14,17.12~19.12,신규,,,
강동구,11740,고덕동,499,11740-2894,고덕 아이파크,84.98,20,2011,65000,0,2017-10-14,,,,,
강동구,11740,고덕동,499,11740-2894,고덕 아이파크,84.98,3,2011,20000,130,2017-10-11,,,,,
강동구,11740,고덕동,499,11740-2894,고덕 아이파크,84.98,5,2011,65000,0,2017-10-14,,,,,
강동구,11740,고덕동,499,11740-2894,고덕 아이파크,84.98,7,2011,63000,0,2017-10-17,,,,,
강동구,11740,고덕동,499,11740-2894,고덕 아이파크,84.98,8,2011,61000,0,2017-10-19,,,,,
강동구,11740,고덕동,688,11740-4214,래미안힐스테이트고덕,59.23,11,2016,15000,125,2017-10-18,17.12~19.12,신규,,,
강동구,11740,고덕동,688,11740-4214,래미안힐스테이트고덕,59.23,20,2016,58000,0,2017-10-28,,,,,
강동구,11740,고덕동,688,11740-4214,래미안힐스테이트고덕,59.35,11,2016,58000,0,2017-10-16,17.12~19.12,신규,,,
강동구,11740,고덕동,688,11740-4214,래미안힐스테이트고덕,59.35,4,2016,56000,0,2017-10-12,17.11~19.11,신규,,,
강동구,11740,고덕동,688,11740-4214,래미안힐스테이트고덕,59.35,8,2016,36400,0,2017-10-31,18.01~20.01,신규,,,
강동구,11740,고덕동,688,11740-4214,래미안힐스테이트고덕,59.96,15,2016,45000,0,2017-10-14,17.10~19.04,신규,,,
강동구,11740,고덕동,688,11740-4214,래미안힐스테이트고덕,84.83,28,2016,20000,150,2017-10-31,17.11~18.11,신규,,,
강동구,11740,고덕동,688,11740-4214,래미안힐스테이트고덕,84.83,29,2016,50000,70,2017-10-14,17.11~19.11,신규,,,
강동구,11740,고덕동,688,11740-4214,래미안힐스테이트고덕,84.88,27,2016,68000,0,2017-10-02,17.12~19.12,신규,,,
강동구,11740,고덕동,688,11740-4214,래미안힐스테이트고덕,84.94,21,2016,68000,0,2017-10-22,,,,,
강동구,11740,길동,160,11740-49,신동아,102.8,2,1983,2000,60,2017-10-11,,,,,
강동구,11740,길동,160,11740-49,신동아,102.8,8,1983,54000,0,2017-10-31,,,,,
강동구,11740,길동,160,11740-49,신동아,60.39,10,1983,500,50,2017-10-09,,,,,
강동구,11740,길동,160,11740-49,신동아,60.42,3,1983,20000,0,2017-10-18,,,,,
강동구,11740,길동,160,11740-49,신동아,60.42,7,1983,8000,0,2017-10-09,,,,,
강동구,11740,길동,160,11740-49,신동아,72.41,7,1983,1000,50,2017-10-30,,,,,
강동구,11740,길동,160,11740-49,신동아,72.44,3,1983,2000,50,2017-10-21,,,,,
강동구,11740,길동,160,11740-49,신동아,73.01,1,1983,10000,0,2017-10-25,,,,,
강동구,11740,길동,184,11740-47,삼익세라믹,84.85,7,1992,30000,0,2017-10-24,,,,,
강동구,11740,길동,323-1,11740-63,주풍그린빌,234.01,5,1996,28000,0,2017-10-11,,,,,
강동구,11740,길동,334-3,11740-366,시가오똠,84.98,2,2004,5000,100,2017-10-09,,,,,
강동구,11740,길동,337-19,11740-291,예전이룸2차,84.13,4,2004,33000,0,2017-10-13,,,,,
강동구,11740,길동,339-1,11740-2906,동서울오네뜨,54.12,10,2009,13000,50,2017-10-11,,,,,
강동구,11740,길동,343-1,11740-3164,현대웰하임(101동),16.959,10,2012,12500,0,2017-10-17,,,,,
강동구,11740,길동,343-1,11740-3164,현대웰하임(101동),16.959,12,2012,500,50,2017-10-28,,,,,
강동구,11740,길동,343-1,11740-3164,현대웰하임(101동),16.959,4,2012,12500,0,2017-10-10,,,,,
강동구,11740,길동,343-1,11740-3164,현대웰하임(101동),16.959,5,2012,12000,0,2017-10-17,,,,,
강동구,11740,길동,343-1,11740-3164,현대웰하임(101동),16.959,7,2012,500,53,2017-10-20,,,,,
강동구,11740,길동,343-1,11740-3164,현대웰하임(101동),16.959,8,2012,2500,35,2017-10-20,,,,,
강동구,11740,길동,343-2,11740-3163,현대웰하임(201동),14.468,2,2012,9000,0,2017-10-23,,,,,
강동구,11740,길동,348-4,11740-2719,다성이즈빌,84.96,6,2008,38000,0,2017-10-12,,,,,
강동구,11740,길동,349-1,11740-3158,다성이즈빌(349-1),16.88,9,2012,13000,0,2017-10-27,,,,,
강동구,11740,길동,349-1,11740-3158,다성이즈빌(349-1),17.2,3,2012,2000,50,2017-10-17,,,,,
강동구,11740,길동,366-13,11740-3290,백천이스트하임,17.39,4,2012,1000,55,2017-10-07,,,,,
강동구,11740,길동,366-13,11740-3290,백천이스트하임,17.39,4,2012,12000,0,2017-10-12,,,,,
강동구,11740,길동,366-13,11740-3290,백천이스트하임,17.39,6,2012,1000,55,2017-10-17,,,,,
강동구,11740,길동,380-6,11740-218,광남아파트102동,68.6,7,2003,30000,0,2017-10-31,,,,,
강동구,11740,길동,384-4,11740-360,에이치비골드빌(102동),64.19,3,2004,34000,0,2017-10-23,,,,,
강동구,11740,길동,384-5,11740-359,에이치비골드빌(103동),57.31,3,2004,10000,75,2017-10-23,,,,,
강동구,11740,길동,385-1,11740-417,예건타워빌,36.02,8,2005,21000,0,2017-10-15,17.10~19.10,갱신,,16000,
강동구,11740,길동,385-1,11740-417,예건타워빌,64.21,5,2005,29000,0,2017-10-30,,,,,
강동구,11740,길동,400,11740-39,길동우성,40.36,10,1994,7000,70,2017-10-10,,,,,
강동구,11740,길동,400,11740-39,길동우성,57.1,1,1994,33000,0,2017-10-17,,,,,
강동구,11740,길동,400,11740-39,길동우성,57.1,11,1994,35000,0,2017-10-10,,,,,
강동구,11740,길동,400,11740-39,길동우성,84.75,10,1994,42000,0,2017-10-26,,,,,
강동구,11740,길동,401-1,11740-357,하나플러스,84.84,4,2004,42500,0,2017-10-31,,,,,
강동구,11740,길동,410-3,11740-219,광남캐스빌610V,73.53,6,2003,33000,0,2017-10-14,,,,,
강동구,11740,길동,414-10,11740-2618,강동한신휴플러스,84.98,5,2006,5000,100,2017-10-02,,,,,
강동구,11740,길동,414-4,11740-3474,강동와이시티,13.97,10,2014,500,53,2017-10-30,,,,,
강동구,11740,길동,414-4,11740-3474,강동와이시티,13.99,12,2014,500,53,2017-10-13,,,,,
강동구,11740,길동,415-11,11740-358,한솔브리즈,84.89,11,2004,33000,0,2017-10-07,,,,,
강동구,11740,길동,415-11,11740-358,한솔브리즈,84.89,4,2004,36000,0,2017-10-25,,,,,
강동구,11740,길동,415-13,11740-3349,강동큐브(2차),15.12,10,2013,1000,50,2017-10-10,,,,,
강동구,11740,길동,415-13,11740-3349,강동큐브(2차),15.12,15,2013,3600,30,2017-10-25,,,,,
강동구,11740,길동,415-16,11740-3569,청광플러스원큐브3차,13.265,11,2014,11000,0,2017-10-14,,,,,
강동구,11740,길동,415-16,11740-3569,청광플러스원큐브3차,13.265,15,2014,10000,0,2017-10-17,,,,,
강동구,11740,길동,415-16,11740-3569,청광플러스원큐브3차,13.265,17,2014,2000,40,2017-10-17,,,,,
강동구,11740,길동,415-16,11740-3569,청광플러스원큐브3차,13.265,19,2014,3000,35,2017-10-13,,,,,
강동구,11740,길동,445-1,11740-2622,강동역에스케이허브,99.55,15,2006,10000,120,2017-10-01,,,,,
강동구,11740,길동,456-3,11740-3323,강동큐브,12.49,9,2013,11000,0,2017-10-27,,,,,
강동구,11740,길동,457,11740-3392,청광플러스원큐브2차,14.495,6,2013,500,55,2017-10-30,,,,,
강동구,11740,길동,470,11740-60,현대1,84.63,7,1996,41500,0,2017-10-21,,,,,
강동구,11740,길동,470,11740-60,현대1,84.87,6,1996,45000,0,2017-10-19,,,,,
강동구,11740,길동,474,11740-221,강동LG자이,126.43,9,2003,63000,0,2017-10-12,,,,,
강동구,11740,길동,474,11740-221,강동LG자이,84.88,11,2003,51000,0,2017-10-21,,,,,
강동구,11740,길동,474,11740-221,강동LG자이,84.88,12,2003,38000,40,2017-10-13,,,,,
강동구,11740,길동,53,11740-48,삼익파크맨션,130.84,2,1982,50000,0,2017-10-22,,,,,
강동구,11740,길동,53,11740-48,삼익파크맨션,137.7,3,1982,6000,90,2017-10-14,,,,,
강동구,11740,길동,53,11740-48,삼익파크맨션,55.7,9,1982,23000,0,2017-10-30,,,,,
강동구,11740,길동,53,11740-48,삼익파크맨션,56.53,1,1982,9000,35,2017-10-30,,,,,
강동구,11740,길동,53,11740-48,삼익파크맨션,59.65,10,1982,25000,0,2017-10-27,,,,,
강동구,11740,길동,53,11740-48,삼익파크맨션,63.32,11,1982,10000,60,2017-10-02,,,,,
강동구,11740,길동,53,11740-48,삼익파크맨션,63.32,12,1982,27000,0,2017-10-12,,,,,
강동구,11740,길동,53,11740-48,삼익파크맨션,63.35,1,1982,26000,0,2017-10-18,,,,,
강동구,11740,길동,53,11740-48,삼익파크맨션,73.36,1,1982,29500,0,2017-10-23,,,,,
강동구,11740,길동,53,11740-48,삼익파크맨션,79.57,3,1982,33000,0,2017-10-19,,,,,
강동구,11740,길동,53,11740-48,삼익파크맨션,97.22,12,1982,38000,0,2017-10-18,,,,,
강동구,11740,둔촌동,135-1,11740-81,현대3,69.3,11,1988,32000,0,2017-10-12,17.10~19.10,신규,,,
강동구,11740,둔촌동,135-1,11740-81,현대3,69.3,5,1988,38000,0,2017-10-17,,,,,
강동구,11740,둔촌동,135-1,11740-81,현대3,69.3,9,1988,39000,0,2017-10-14,17.11~19.11,신규,,,
강동구,11740,둔촌동,135-1,11740-81,현대3,79.99,2,1988,39000,0,2017-10-09,,,,,
강동구,11740,둔촌동,135-1,11740-81,현대3,79.99,3,1988,42000,0,2017-10-28,,,,,
강동구,11740,둔촌동,135-1,11740-81,현대3,79.99,6,1988,41000,0,2017-10-16,,,,,
강동구,11740,둔촌동,170-1,11740-211,둔촌주공4단지,99.61,8,1980,37000,0,2017-10-20,,,,,
강동구,11740,둔촌동,170-1,11740-75,둔촌주공1단지,80.03,1,1980,45000,0,2017-10-18,,,,,
강동구,11740,둔촌동,174-1,11740-76,둔촌주공3단지,96.75,4,1980,34500,0,2017-10-10,,,,,
강동구,11740,둔촌동,174-1,11740-76,둔촌주공3단지,98.66,1,1980,35000,0,2017-10-30,,,,,
강동구,11740,둔촌동,30-4,11740-79,현대1차아파트,84.36,5,1984,39500,0,2017-10-10,,,,,
강동구,11740,둔촌동,30-4,11740-79,현대1차아파트,84.36,6,1984,5000,110,2017-10-10,,,,,
강동구,11740,둔촌동,30-4,11740-79,현대1차아파트,84.36,7,1984,41000,0,2017-10-07,,,,,
강동구,11740,둔촌동,30-4,11740-79,현대1차아파트,84.36,8,1984,39000,0,2017-10-19,,,,,
강동구,11740,둔촌동,426,11740-2525,세양청마루,84.42,13,2005,47000,0,2017-10-16,,,,,
강동구,11740,둔촌동,435-2,11740-3106,상상프리,57.67,11,2012,30000,0,2017-10-25,,,,,
강동구,11740,둔촌동,490-3,11740-305,다원애버니아,111.34,7,2004,5000,130,2017-10-11,,,,,
강동구,11740,둔촌동,544,11740-72,라이프101동(544)102동(544-1),84.6,8,1993,40000,0,2017-10-23,17.10~19.10,갱신,,31000,
강동구,11740,둔촌동,545,11740-77,둔촌하이츠,59.79,18,1998,38000,0,2017-10-17,,,,,
강동구,11740,둔촌동,545,11740-77,둔촌하이츠,59.79,2,1998,30000,30,2017-10-25,,,,,
강동구,11740,둔촌동,545,11740-77,둔촌하이츠,84.54,2,1998,45000,0,2017-10-19,,,,,
강동구,11740,둔촌동,546,11740-74,신성둔촌미소지움1,109.73,11,1998,45000,40,2017-10-12,,,,,
강동구,11740,둔촌동,546,11740-74,신성둔촌미소지움1,109.73,7,1998,50000,0,2017-10-20,,,,,
강동구,11740,둔촌동,546,11740-74,신성둔촌미소지움1,114.98,16,1998,56000,0,2017-10-20,,,,,
강동구,11740,둔촌동,546,11740-74,신성둔촌미소지움1,59.78,13,1998,37000,0,2017-10-11,,,,,
강동구,11740,둔촌동,546,11740-74,신성둔촌미소지움1,59.78,20,1998,36000,0,2017-10-17,,,,,
강동구,11740,둔촌동,546,11740-74,신성둔촌미소지움1,59.78,3,1998,8000,100,2017-10-24,,,,,
강동구,11740,둔촌동,555,11740-83,신동아파밀리에,58.87,7,2002,39000,0,2017-10-11,,,,,
강동구,11740,둔촌동,555,11740-83,신동아파밀리에,59.4,18,2002,41000,0,2017-10-28,,,,,
강동구,11740,둔촌동,555,11740-83,신동아파밀리에,59.4,6,2002,41000,0,2017-10-13,,,,,
강동구,11740,둔촌동,555,11740-83,신동아파밀리에,59.4,7,2002,40000,0,2017-10-14,,,,,
강동구,11740,둔촌동,555,11740-83,신동아파밀리에,59.4,9,2002,39000,0,2017-10-18,,,,,
강동구,11740,둔촌동,555,11740-83,신동아파밀리에,84.93,13,2002,55000,0,2017-10-20,,,,,
강동구,11740,둔촌동,603,11740-57,프라자,109.07,6,1984,43000,0,2017-10-15,,,,,
강동구,11740,둔촌동,603,11740-57,프라자,109.07,8,1984,43000,0,2017-10-10,,,,,
강동구,11740,둔촌동,603,11740-57,프라자,83.4,12,1984,42000,0,2017-10-31,,,,,
강동구,11740,둔촌동,603,11740-57,프라자,83.4,6,1984,40000,0,2017-10-27,17.12~19.12,신규,,,
강동구,11740,둔촌동,603,11740-57,프라자,83.4,9,1984,38000,0,2017-10-19,,,,,
강동구,11740,둔촌동,613,11740-969,성원,59.22,4,1995,33000,0,2017-10-14,,,,,
강동구,11740,둔촌동,613,11740-969,성원,73.98,10,1995,27000,0,2017-10-23,,,,,
강동구,11740,둔촌동,621,11740-44,초원동아,59.63,3,1997,32000,0,2017-10-20,,,,,
강동구,11740,둔촌동,621,11740-44,초원동아,59.63,5,1997,35000,0,2017-10-13,,,,,
강동구,11740,둔촌동,630,11740-2931,둔촌푸르지오,113.67,14,2010,64000,0,2017-10-13,,,,,
강동구,11740,둔촌동,630,11740-2931,둔촌푸르지오,59.98,12,2010,51000,0,2017-10-12,,,,,
강동구,11740,둔촌동,630,11740-2931,둔촌푸르지오,59.98,7,2010,53000,0,2017-10-28,,,,,
강동구,11740,둔촌동,630,11740-2931,둔촌푸르지오,84.9,6,2010,45000,50,2017-10-19,,,,,
강동구,11740,둔촌동,630,11740-2931,둔촌푸르지오,84.91,18,2010,60000,0,2017-10-28,,,,,
강동구,11740,둔촌동,630,11740-2931,둔촌푸르지오,84.92,17,2010,57500,0,2017-10-20,,,,,
강동구,11740,둔촌동,630,11740-2931,둔촌푸르지오,84.92,17,2010,59000,0,2017-10-26,,,,,
강동구,11740,둔촌동,70-5,11740-80,현대2,59.19,8,1988,26000,20,2017-10-17,,,,,
강동구,11740,둔촌동,70-5,11740-80,현대2,79.79,8,1988,45000,0,2017-10-12,,,,,
강동구,11740,둔촌동,89,11740-78,현대4,84.94,1,1996,49000,0,2017-10-18,,,,,
강동구,11740,둔촌동,94-16,11740-71,동아,54.22,8,1992,29000,0,2017-10-11,,,,,
강동구,11740,명일동,15,11740-7,삼익그린2차,107.56,4,1983,53000,0,2017-10-23,,,,,
강동구,11740,명일동,15,11740-7,삼익그린2차,42.93,4,1983,25000,0,2017-10-14,,,,,
강동구,11740,명일동,15,11740-7,삼익그린2차,42.93,8,1983,18000,28,2017-10-14,,,,,
강동구,11740,명일동,15,11740-7,삼익그린2차,42.93,9,1983,24000,0,2017-10-14,,,,,
강동구,11740,명일동,15,11740-7,삼익그린2차,54.81,12,1983,34000,0,2017-10-20,,,,,
강동구,11740,명일동,15,11740-7,삼익그린2차,54.81,12,1983,34000,0,2017-10-21,,,,,
강동구,11740,명일동,15,11740-7,삼익그린2차,54.81,14,1983,3000,90,2017-10-12,,,,,
강동구,11740,명일동,15,11740-7,삼익그린2차,54.81,3,1983,34500,0,2017-10-27,17.11~19.11,신규,,,
강동구,11740,명일동,15,11740-7,삼익그린2차,66.87,11,1983,41500,0,2017-10-23,,,,,
강동구,11740,명일동,15,11740-7,삼익그린2차,66.87,14,1983,38000,0,2017-10-28,,,,,
강동구,11740,명일동,15,11740-7,삼익그린2차,66.87,3,1983,37000,0,2017-10-28,,,,,
강동구,11740,명일동,15,11740-7,삼익그린2차,66.87,6,1983,33000,0,2017-10-28,,,,,
강동구,11740,명일동,15,11740-7,삼익그린2차,66.87,7,1983,42000,0,2017-10-12,,,,,
강동구,11740,명일동,15,11740-7,삼익그린2차,66.87,9,1983,39000,0,2017-10-13,,,,,
강동구,11740,명일동,15,11740-7,삼익그린2차,84.755,1,1983,43000,0,2017-10-20,,,,,
강동구,11740,명일동,15,11740-7,삼익그린2차,84.755,10,1983,45000,0,2017-10-23,,,,,
강동구,11740,명일동,15,11740-7,삼익그린2차,84.755,11,1983,45000,0,2017-10-17,,,,,
강동구,11740,명일동,15,11740-7,삼익그린2차,84.755,15,1983,45000,0,2017-10-28,,,,,
강동구,11740,명일동,15,11740-7,삼익그린2차,84.76,12,1983,5000,150,2017-10-21,,,,,
강동구,11740,명일동,257,11740-1,고덕주공9,83.21,11,1985,43000,0,2017-10-31,,,,,
강동구,11740,명일동,257,11740-1,고덕주공9,83.21,7,1985,42500,0,2017-10-26,,,,,
강동구,11740,명일동,257,11740-1,고덕주공9,83.34,11,1985,43000,0,2017-10-28,,,,,
강동구,11740,명일동,257,11740-1,고덕주공9,83.34,4,1985,39000,0,2017-10-17,,,,,
강동구,11740,명일동,257,11740-1,고덕주공9,83.34,5,1985,45000,0,2017-10-12,,,,,
강동구,11740,명일동,257,11740-1,고덕주공9,83.34,7,1985,41000,0,2017-10-14,,,,,
강동구,11740,명일동,257,11740-1,고덕주공9,83.52,10,1985,44000,0,2017-10-30,,,,,
강동구,11740,명일동,257,11740-1,고덕주공9,83.52,11,1985,40000,0,2017-10-30,,,,,
강동구,11740,명일동,257,11740-1,고덕주공9,83.52,12,1985,47000,0,2017-10-27,,,,,
강동구,11740,명일동,257,11740-1,고덕주공9,83.52,13,1985,38000,0,2017-10-18,17.11~19.01,갱신,,38000,
강동구,11740,명일동,257,11740-1,고덕주공9,83.52,2,1985,40500,0,2017-10-17,,,,,
강동구,11740,명일동,257,11740-1,고덕주공9,83.52,4,1985,10000,105,2017-10-20,17.12~19.12,신규,,,
강동구,11740,명일동,257,11740-1,고덕주공9,83.52,7,1985,40000,0,2017-10-27,,,,,
강동구,11740,명일동,257,11740-1,고덕주공9,83.52,7,1985,43500,0,2017-10-09,,,,,
강동구,11740,명일동,270,11740-4,삼익가든,66.87,11,1984,35000,0,2017-10-24,,,,,
강동구,11740,명일동,270,11740-4,삼익가든,66.87,12,1984,37000,0,2017-10-31,,,,,
강동구,11740,명일동,270,11740-4,삼익가든,66.87,2,1984,35000,0,2017-10-26,,,,,
강동구,11740,명일동,270,11740-4,삼익가든,66.87,6,1984,38000,0,2017-10-16,,,,,
강동구,11740,명일동,270,11740-4,삼익가든,72.55,2,1984,35000,0,2017-10-10,,,,,
강동구,11740,명일동,270,11740-4,삼익가든,82.45,6,1984,45000,0,2017-10-26,,,,,
강동구,11740,명일동,326-9,11740-12,중앙,84.86,3,2001,38000,0,2017-10-20,,,,,
강동구,11740,명일동,332,11740-3,명일지에스아파트,84.9,21,1999,42000,0,2017-10-28,,,,,
강동구,11740,명일동,332,11740-3,명일지에스아파트,84.96,4,1999,31600,0,2017-10-06,,,,,
강동구,11740,명일동,332,11740-3,명일지에스아파트,84.96,4,1999,31600,0,2017-10-06,17.10~23.10,신규,,,
강동구,11740,명일동,357,11740-350,에스엠해그린,84.72,2,2004,37500,0,2017-10-13,,,,,
강동구,11740,명일동,42,11740-11,명일우성,133.65,13,1986,58000,0,2017-10-10,,,,,
강동구,11740,명일동,42,11740-11,명일우성,133.65,2,1986,51000,12,2017-10-30,,,,,
강동구,11740,명일동,42,11740-11,명일우성,133.65,8,1986,45000,35,2017-10-09,,,,,
강동구,11740,명일동,42,11740-11,명일우성,84.93,11,1986,50000,0,2017-10-27,,,,,
강동구,11740,명일동,44,11740-10,신동아,112.93,12,1986,55000,0,2017-10-26,,,,,
강동구,11740,명일동,44,11740-10,신동아,127.33,13,1986,57000,0,2017-10-31,,,,,
강동구,11740,명일동,44,11740-10,신동아,127.33,2,1986,56000,0,2017-10-12,,,,,
강동구,11740,명일동,44,11740-10,신동아,81.07,13,1986,47000,0,2017-10-16,17.12~19.12,갱신,,33000,23
강동구,11740,명일동,47,11740-8,삼환,84.92,5,1992,50000,0,2017-10-30,,,,,
강동구,11740,명일동,47,11740-8,삼환,84.92,9,1992,50000,0,2017-10-16,,,,,
강동구,11740,명일동,47-12,11740-13,명일진로,118.44,6,1994,48000,0,2017-10-22,,,,,
강동구,11740,명일동,54,11740-14,한양,106.64,4,1986,50000,0,2017-10-14,,,,,
강동구,11740,명일동,54,11740-14,한양,84.92,10,1986,10000,160,2017-10-11,,,,,
강동구,11740,명일동,54,11740-14,한양,84.92,15,1986,50000,0,2017-10-28,,,,,
강동구,11740,명일동,54,11740-14,한양,84.92,6,1986,47000,0,2017-10-24,,,,,
강동구,11740,명일동,54,11740-14,한양,84.92,8,1986,47500,0,2017-10-12,,,,,
강동구,11740,명일동,56,11740-15,현대(고덕),131.83,12,1986,56000,0,2017-10-28,,,,,
강동구,11740,명일동,56,11740-15,현대(고덕),131.83,7,1986,52000,0,2017-10-21,,,,,
강동구,11740,명일동,56,11740-15,현대(고덕),84.91,10,1986,48000,0,2017-10-18,,,,,
강동구,11740,명일동,56,11740-15,현대(고덕),84.91,2,1986,50000,0,2017-10-18,,,,,
강동구,11740,상일동,476,11740-38,중앙하이츠,59.94,13,1992,33000,0,2017-10-26,,,,,
강동구,11740,상일동,476,11740-38,중앙하이츠,84.23,3,1992,44000,0,2017-10-14,,,,,
강동구,11740,상일동,476,11740-38,중앙하이츠,84.23,7,1992,42000,0,2017-10-31,,,,,
강동구,11740,상일동,476,11740-38,중앙하이츠,84.23,9,1992,40000,0,2017-10-12,17.11~19.11,갱신,,37000,
강동구,11740,상일동,490,11740-3008,고덕리엔파크3단지,114.92,7,2011,39120,0,2017-10-31,,,,,
강동구,11740,상일동,490,11740-3008,고덕리엔파크3단지,114.97,6,2011,39120,0,2017-10-31,,,,,
강동구,11740,상일동,490,11740-3008,고덕리엔파크3단지,59.83,8,2011,40000,0,2017-10-14,,,,,
강동구,11740,상일동,490,11740-3008,고덕리엔파크3단지,84.83,13,2011,25000,70,2017-10-16,,,,,
강동구,11740,상일동,490,11740-3008,고덕리엔파크3단지,84.87,15,2011,47000,0,2017-10-27,,,,,
강동구,11740,상일동,490,11740-3008,고덕리엔파크3단지,84.96,10,2011,50000,0,2017-10-14,,,,,
강동구,11740,상일동,515,11740-4359,고덕숲아이파크,59.97,18,2018,46000,0,2017-10-31,,,,,
강동구,11740,상일동,515,11740-4359,고덕숲아이파크,59.97,19,2018,55000,0,2017-10-25,,,,,
강동구,11740,상일동,515,11740-4359,고덕숲아이파크,59.97,5,2018,30000,40,2017-10-28,,,,,
강동구,11740,상일동,515,11740-4359,고덕숲아이파크,59.97,9,2018,27000,50,2017-10-13,,,,,
강동구,11740,상일동,515,11740-4359,고덕숲아이파크,84.85,20,2018,15000,130,2017-10-23,,,,,
강동구,11740,상일동,515,11740-4359,고덕숲아이파크,84.85,20,2018,56000,0,2017-10-18,,,,,
강동구,11740,상일동,515,11740-4359,고덕숲아이파크,84.85,5,2018,57000,0,2017-10-10,,,,,
강동구,11740,성내동,164-1,11740-2569,씨제이나인,84.42,6,2006,25000,60,2017-10-16,,,,,
강동구,11740,성내동,164-1,11740-2569,씨제이나인,84.79,8,2006,42000,0,2017-10-16,,,,,
강동구,11740,성내동,194,11740-347,에스케이허브진,33.71,11,2004,1000,85,2017-10-17,,,,,
강동구,11740,성내동,194,11740-347,에스케이허브진,33.71,3,2004,8000,55,2017-10-18,17.10~19.10,신규,,,
강동구,11740,성내동,194,11740-347,에스케이허브진,33.71,4,2004,6000,62,2017-10-23,,,,,
강동구,11740,성내동,194,11740-347,에스케이허브진,47.36,10,2004,35000,0,2017-10-09,,,,,
강동구,11740,성내동,194,11740-347,에스케이허브진,47.36,14,2004,36000,0,2017-10-07,,,,,
강동구,11740,성내동,194,11740-347,에스케이허브진,47.36,14,2004,37000,0,2017-10-25,,,,,
강동구,11740,성내동,194,11740-347,에스케이허브진,47.36,4,2004,35000,0,2017-10-25,,,,,
강동구,11740,성내동,196-8,11740-141,코오롱(1차),59.24,14,1999,40000,0,2017-10-20,,,,,
강동구,11740,성내동,199-4,11740-250,한솔브리즈(199-4),84.52,10,2004,35000,0,2017-10-30,,,,,
강동구,11740,성내동,244-12,11740-2787,LIGA,125.35,12,2008,48000,0,2017-10-13,,,,,
강동구,11740,성내동,244-5,11740-3505,한양립스,12.33,6,2014,3000,35,2017-10-14,,,,,
강동구,11740,성내동,25-1,11740-2558,이안강동,84.87,9,2006,36000,0,2017-10-26,,,,,
강동구,11740,성내동,295,11740-130,성안마을청구,84.96,2,2002,29000,50,2017-10-25,,,,,
강동구,11740,성내동,295,11740-130,성안마을청구,84.96,4,2002,48000,0,2017-10-24,,,,,
강동구,11740,성내동,295,11740-130,성안마을청구,84.96,8,2002,7000,150,2017-10-11,,,,,
강동구,11740,성내동,30-2,11740-147,현대,59.36,3,1987,27000,0,2017-10-15,,,,,
강동구,11740,성내동,386,11740-255,비앤비(101동),82.01,2,2003,18000,65,2017-10-13,,,,,
강동구,11740,성내동,386-82,11740-256,비앤비(102동),84.48,4,2003,38000,0,2017-10-17,,,,,
강동구,11740,성내동,410-2,11740-138,중앙하이츠,84.95,8,2001,44000,0,2017-10-27,,,,,
강동구,11740,성내동,419-1,11740-121,둔촌역청구,59.96,5,1999,25000,40,2017-10-28,17.12~19.12,신규,,,
강동구,11740,성내동,419-46,11740-2712,성내동AURAⅡ,84.84,6,2008,10000,90,2017-10-31,,,,,
강동구,11740,성내동,428-2,11740-231,파크프라자,97.53,10,2003,38000,0,2017-10-12,,,,,
강동구,11740,성내동,437-26,11740-279,영진파크빌(437-26),84,2,2005,40000,0,2017-10-18,,,,,
강동구,11740,성내동,446-17,11740-2513,올림픽파크힐,84.81,5,2005,45000,0,2017-10-13,,,,,
강동구,11740,성내동,448-5,11740-115,광남캐스빌(448-5),81.62,8,2001,43000,0,2017-10-14,,,,,
강동구,11740,성내동,448-5,11740-115,광남캐스빌(448-5),84.39,2,2001,25500,0,2017-10-13,,,,,
강동구,11740,성내동,456-8,11740-157,동원2,65.11,15,2002,15000,65,2017-10-21,,,,,
강동구,11740,성내동,457-4,11740-158,동원,84.66,8,2002,20000,75,2017-10-29,,,,,
강동구,11740,성내동,551-4,11740-3481,다성이즈빌,25.92,6,2014,5000,40,2017-10-16,,,,,
강동구,11740,성내동,551-4,11740-3481,다성이즈빌,35.11,6,2014,23000,0,2017-10-13,,,,,
강동구,11740,성내동,551-4,11740-3481,다성이즈빌,35.11,7,2014,22000,0,2017-10-13,,,,,
강동구,11740,성내동,590,11740-129,성내동삼성아파트,59.88,1,1999,38000,0,2017-10-06,,,,,
강동구,11740,성내동,590,11740-129,성내동삼성아파트,59.88,17,1999,29000,30,2017-10-27,,,,,
강동구,11740,성내동,590,11740-129,성내동삼성아파트,84.99,17,1999,50000,0,2017-10-16,,,,,
강동구,11740,성내동,590,11740-129,성내동삼성아파트,84.99,19,1999,50000,0,2017-10-10,,,,,
강동구,11740,성내동,593,11740-162,영풍마드레빌,80.31,13,2002,45000,0,2017-10-16,17.12~19.12,신규,,,
강동구,11740,성내동,604,11740-2638,금광포란재,63.02,11,2007,37000,0,2017-10-21,,,,,
강동구,11740,암사동,400,11740-276,현대홈타운,59.97,15,2004,30000,0,2017-10-23,,,,,
강동구,11740,암사동,400,11740-276,현대홈타운,84.98,18,2004,53000,0,2017-10-30,,,,,
강동구,11740,암사동,400,11740-276,현대홈타운,84.98,2,2004,52500,0,2017-10-21,,,,,
강동구,11740,암사동,400,11740-276,현대홈타운,84.98,4,2004,53000,0,2017-10-25,,,,,
강동구,11740,암사동,413,11740-2664,프라이어팰리스,114.272,14,2007,65000,0,2017-10-21,,,,,
강동구,11740,암사동,413,11740-2664,프라이어팰리스,114.272,23,2007,63000,0,2017-10-11,,,,,
강동구,11740,암사동,413,11740-2664,프라이어팰리스,114.272,3,2007,64000,0,2017-10-31,,,,,
강동구,11740,암사동,413,11740-2664,프라이어팰리스,59.983,21,2007,47000,0,2017-10-27,,,,,
강동구,11740,암사동,413,11740-2664,프라이어팰리스,59.983,7,2007,43000,0,2017-10-10,,,,,
강동구,11740,암사동,413,11740-2664,프라이어팰리스,84.949,14,2007,56000,0,2017-10-17,,,,,
강동구,11740,암사동,413,11740-2664,프라이어팰리스,84.949,9,2007,57000,0,2017-10-20,,,,,
강동구,11740,암사동,413,11740-2664,프라이어팰리스,84.975,10,2007,6000,160,2017-10-12,,,,,
강동구,11740,암사동,413,11740-2664,프라이어팰리스,84.975,12,2007,60000,0,2017-10-10,,,,,
강동구,11740,암사동,413,11740-2664,프라이어팰리스,84.975,22,2007,56500,0,2017-10-14,,,,,
강동구,11740,암사동,413,11740-2664,프라이어팰리스,84.988,15,2007,59000,0,2017-10-13,,,,,
강동구,11740,암사동,413,11740-2664,프라이어팰리스,84.988,25,2007,57000,0,2017-10-14,17.12~19.12,신규,,,
강동구,11740,암사동,413,11740-2664,프라이어팰리스,84.988,6,2007,57000,0,2017-10-27,,,,,
강동구,11740,암사동,414-2,11740-2802,롯데캐슬퍼스트,102.34,14,2008,20000,130,2017-10-21,,,,,
강동구,11740,암사동,414-2,11740-2802,롯데캐슬퍼스트,102.34,26,2008,20000,140,2017-10-18,,,,,
강동구,11740,암사동,414-2,11740-2802,롯데캐슬퍼스트,102.34,7,2008,65500,0,2017-10-18,,,,,
강동구,11740,암사동,414-2,11740-2802,롯데캐슬퍼스트,102.34,8,2008,50000,50,2017-10-26,,,,,
강동구,11740,암사동,414-2,11740-2802,롯데캐슬퍼스트,111.22,10,2008,66000,0,2017-10-06,,,,,
강동구,11740,암사동,414-2,11740-2802,롯데캐슬퍼스트,111.22,10,2008,68000,0,2017-10-30,,,,,
강동구,11740,암사동,414-2,11740-2802,롯데캐슬퍼스트,111.22,10,2008,68500,0,2017-10-11,,,,,
강동구,11740,암사동,414-2,11740-2802,롯데캐슬퍼스트,111.22,31,2008,63000,0,2017-10-20,,,,,
강동구,11740,암사동,414-2,11740-2802,롯데캐슬퍼스트,112.11,14,2008,65000,0,2017-10-10,,,,,
강동구,11740,암사동,414-2,11740-2802,롯데캐슬퍼스트,112.11,19,2008,30000,120,2017-10-28,,,,,
강동구,11740,암사동,414-2,11740-2802,롯데캐슬퍼스트,112.11,21,2008,40000,80,2017-10-20,,,,,
강동구,11740,암사동,414-2,11740-2802,롯데캐슬퍼스트,59.99,18,2008,27000,60,2017-10-26,,,,,
강동구,11740,암사동,414-2,11740-2802,롯데캐슬퍼스트,84.81,16,2008,62000,0,2017-10-13,,,,,
강동구,11740,암사동,414-2,11740-2802,롯데캐슬퍼스트,84.81,25,2008,60000,0,2017-10-31,,,,,
강동구,11740,암사동,414-2,11740-2802,롯데캐슬퍼스트,84.81,26,2008,62000,0,2017-10-21,,,,,
강동구,11740,암사동,414-2,11740-2802,롯데캐슬퍼스트,84.81,28,2008,5000,160,2017-10-10,,,,,
강동구,11740,암사동,414-2,11740-2802,롯데캐슬퍼스트,84.98,16,2008,15000,130,2017-10-28,,,,,
강동구,11740,암사동,414-2,11740-2802,롯데캐슬퍼스트,84.98,17,2008,5000,155,2017-10-13,,,,,
강동구,11740,암사동,414-2,11740-2802,롯데캐슬퍼스트,84.98,20,2008,50000,40,2017-10-23,,,,,
강동구,11740,암사동,445,11740-105,한강포스파크,113.8,8,2002,56000,0,2017-10-14,,,,,
강동구,11740,암사동,445,11740-105,한강포스파크,59.75,12,2002,39000,0,2017-10-16,,,,,
강동구,11740,암사동,461,11740-88,대원,59.9,6,1998,33000,0,2017-10-20,,,,,
강동구,11740,암사동,474-21,11740-109,메이저(474-21),84.58,6,2002,35000,0,2017-10-12,,,,,
강동구,11740,암사동,493-14,11740-99,중앙하이츠,52.94,6,1998,5000,50,2017-10-17,,,,,
강동구,11740,암사동,493-14,11740-99,중앙하이츠,59.52,6,1998,29000,0,2017-10-17,,,,,
강동구,11740,암사동,493-14,11740-99,중앙하이츠,59.52,8,1998,32000,0,2017-10-17,17.12~19.12,신규,,,
강동구,11740,암사동,508,11740-90,삼성광나루,114.87,10,2002,55000,0,2017-10-21,,,,,
강동구,11740,암사동,508,11740-90,삼성광나루,114.87,21,2002,58000,0,2017-10-31,,,,,
강동구,11740,암사동,508,11740-90,삼성광나루,59.69,17,2002,43000,0,2017-10-25,,,,,
강동구,11740,암사동,508,11740-90,삼성광나루,59.69,5,2002,20000,55,2017-10-17,17.11~19.10,신규,,,
강동구,11740,암사동,508,11740-90,삼성광나루,59.94,11,2002,41000,0,2017-10-17,17.11~19.11,갱신,,38000,
강동구,11740,암사동,508,11740-90,삼성광나루,84.79,2,2002,48000,0,2017-10-14,,,,,
강동구,11740,암사동,508,11740-90,삼성광나루,84.79,5,2002,50000,0,2017-10-18,17.10~19.10,신규,,,
강동구,11740,암사동,508,11740-90,삼성광나루,84.93,18,2002,39000,0,2017-10-12,,,,,
강동구,11740,암사동,509,11740-91,선사현대아파트,58.68,10,2000,39000,0,2017-10-21,,,,,
강동구,11740,암사동,509,11740-91,선사현대아파트,59.64,1,2000,37500,0,2017-10-31,,,,,
강동구,11740,암사동,509,11740-91,선사현대아파트,59.64,11,2000,30000,30,2017-10-12,,,,,
강동구,11740,암사동,509,11740-91,선사현대아파트,59.64,11,2000,5000,100,2017-10-16,,,,,
강동구,11740,암사동,509,11740-91,선사현대아파트,59.64,12,2000,40000,0,2017-10-11,,,,,
강동구,11740,암사동,509,11740-91,선사현대아파트,59.64,13,2000,35000,0,2017-10-27,,,,,
강동구,11740,암사동,509,11740-91,선사현대아파트,59.64,3,2000,35000,0,2017-10-28,,,,,
강동구,11740,암사동,509,11740-91,선사현대아파트,59.64,7,2000,36000,0,2017-10-26,,,,,
강동구,11740,암사동,509,11740-91,선사현대아파트,59.64,9,2000,38000,0,2017-10-23,,,,,
강동구,11740,암사동,509,11740-91,선사현대아파트,72.85,1,2000,40000,0,2017-10-30,,,,,
강동구,11740,암사동,509,11740-91,선사현대아파트,72.85,14,2000,30000,46,2017-10-12,,,,,
강동구,11740,암사동,509,11740-91,선사현대아파트,72.85,7,2000,44800,0,2017-10-29,,,,,
강동구,11740,암사동,509,11740-91,선사현대아파트,82.94,11,2000,47000,0,2017-10-23,,,,,
강동구,11740,암사동,509,11740-91,선사현대아파트,82.94,2,2000,49000,0,2017-10-31,,,,,
강동구,11740,암사동,509,11740-91,선사현대아파트,82.94,27,2000,50000,0,2017-10-17,,,,,
강동구,11740,암사동,509,11740-91,선사현대아파트,82.94,3,2000,49000,0,2017-10-24,,,,,
강동구,11740,암사동,509,11740-91,선사현대아파트,82.94,3,2000,52000,0,2017-10-18,,,,,
강동구,11740,암사동,509,11740-91,선사현대아파트,82.94,5,2000,48000,0,2017-10-21,,,,,
강동구,11740,암사동,509,11740-91,선사현대아파트,82.94,6,2000,4000,160,2017-10-26,,,,,
강동구,11740,암사동,509,11740-91,선사현대아파트,82.94,6,2000,40000,0,2017-10-27,,,,,
강동구,11740,암사동,509,11740-91,선사현대아파트,83.18,3,2000,49000,0,2017-10-14,,,,,
강동구,11740,암사동,509,11740-91,선사현대아파트,83.18,6,2000,40000,0,2017-10-13,,,,,
강동구,11740,암사동,509,11740-91,선사현대아파트,83.67,16,2000,49000,0,2017-10-16,,,,,
강동구,11740,암사동,672,11740-268,효정하나플러스,81.46,2,2003,36000,0,2017-10-08,,,,,
강동구,11740,천호동,163-14,11740-362,우정에쉐르(102동),84.3,6,2004,36000,0,2017-10-22,,,,,
강동구,11740,천호동,164-70,11740-3322,하이브2,13.5,6,2013,2500,45,2017-10-14,17.10~18.10,신규,,,
강동구,11740,천호동,168-6,11740-184,현대아파트,60.76,9,1990,28000,0,2017-10-31,,,,,
강동구,11740,천호동,19-1,11740-173,우성,64.53,13,1985,28000,0,2017-10-08,,,,,
강동구,11740,천호동,19-1,11740-173,우성,64.53,5,1985,25000,0,2017-10-03,,,,,
강동구,11740,천호동,217-132,11740-170,동아하이빌아파트,59.98,4,2000,33000,0,2017-10-21,,,,,
강동구,11740,천호동,217-132,11740-170,동아하이빌아파트,84.97,16,2000,34000,0,2017-10-30,,,,,
강동구,11740,천호동,237,11740-183,한신아파트,46.9,7,1991,24000,0,2017-10-26,,,,,
강동구,11740,천호동,237,11740-183,한신아파트,57.84,8,1991,25000,0,2017-10-15,,,,,
강동구,11740,천호동,237,11740-183,한신아파트,58.08,10,1991,25000,0,2017-10-30,,,,,
강동구,11740,천호동,305,11740-177,중앙하이츠,84.99,7,1998,8000,95,2017-10-11,,,,,
강동구,11740,천호동,320,11740-4358,다성이즈빌(320),46.55,4,2017,37000,0,2017-10-28,,,,,
강동구,11740,천호동,320,11740-4358,다성이즈빌(320),57.78,5,2017,40000,0,2017-10-13,,,,,
강동구,11740,천호동,320,11740-4358,다성이즈빌(320),57.78,6,2017,39500,0,2017-10-25,,,,,
강동구,11740,천호동,333-55,11740-2501,천호e-편한세상,84.95,3,2005,40000,20,2017-10-20,,,,,
강동구,11740,천호동,334,11740-205,즈믄촌,84.4,5,2002,32500,0,2017-10-25,,,,,
강동구,11740,천호동,410-100,11740-180,코오롱상가아파트,59.97,9,1988,18000,0,2017-10-10,,,,,
강동구,11740,천호동,410-105,11740-186,현대프라자아파트,83.69,7,1990,28000,0,2017-10-27,,,,,
강동구,11740,천호동,414,11740-343,두산위브센티움,31.37,3,2004,13500,0,2017-10-11,,,,,
강동구,11740,천호동,414,11740-343,두산위브센티움,31.37,6,2004,13000,0,2017-10-25,,,,,
강동구,11740,천호동,414,11740-343,두산위브센티움,33.81,7,2004,17000,0,2017-10-21,,,,,
강동구,11740,천호동,437-22,11740-344,다성이즈빌(437-22),117.92,5,2004,40000,0,2017-10-23,,,,,
강동구,11740,천호동,44,11740-167,금호아파트,27.61,3,1987,3000,43,2017-10-28,,,,,
강동구,11740,천호동,44,11740-167,금호아파트,27.61,4,1987,3000,40,2017-10-09,,,,,
강동구,11740,천호동,44,11740-167,금호아파트,27.61,7,1987,11000,0,2017-10-12,,,,,
강동구,11740,천호동,44,11740-167,금호아파트,27.61,7,1987,2000,50,2017-10-09,17.11~19.11,신규,,,
강동구,11740,천호동,447-17,11740-3722,강동역신동아파밀리에,101.25,12,2015,63000,0,2017-10-25,,,,,
강동구,11740,천호동,447-17,11740-3722,강동역신동아파밀리에,101.25,34,2015,63000,0,2017-10-10,,,,,
강동구,11740,천호동,447-17,11740-3722,강동역신동아파밀리에,107.34,34,2015,70000,0,2017-10-16,,,,,
강동구,11740,천호동,450,11740-2632,강동상떼빌,119.7,12,2007,44000,35,2017-10-18,,,,,
강동구,11740,천호동,46-5,11740-174,우정아파트,59.94,5,1996,25000,0,2017-10-10,,,,,
강동구,11740,천호동,462-35,11740-273,리버하임아파트,83.11,3,2003,31200,0,2017-10-20,,,,,
강동구,11740,천호동,47-24,11740-330,천호1차우림루미아트,84.69,5,2004,20000,65,2017-10-30,,,,,
강동구,11740,천호동,49-4,11740-331,천호동1차예전이룸아파트,84.18,3,2004,36000,0,2017-10-16,,,,,
강동구,11740,천호동,49-4,11740-331,천호동1차예전이룸아파트,84.3,1,2004,35000,0,2017-10-17,,,,,
강동구,11740,천호동,52-17,11740-200,태천해오름아파트,84.24,12,2002,40000,0,2017-10-11,,,,,
강동구,11740,천호동,528,11740-171,천호동삼성아파트,59.86,20,1997,34500,0,2017-10-16,,,,,
강동구,11740,천호동,528,11740-171,천호동삼성아파트,84.97,6,1997,40000,0,2017-10-14,,,,,
강동구,11740,천호동,563,11740-169,동아코아아파트,113.49,15,1997,40000,0,2017-10-24,,,,,
강동구,11740,천호동,563,11740-169,동아코아아파트,57.33,10,1997,17000,35,2017-10-21,,,,,
강동구,11740,천호동,563,11740-169,동아코아아파트,57.33,14,1997,23000,20,2017-10-17,,,,,
강동구,11740,천호동,563,11740-169,동아코아아파트,84.24,14,1997,20000,50,2017-10-21,,,,,
강동구,11740,천호동,564,11740-179,성원아파트,60,6,1998,10000,80,2017-10-11,,,,,
강동구,11740,천호동,565,11740-185,현대코아아파트,79.98,16,1999,40000,0,2017-10-12,,,,,
강동구,11740,천호동,566,11740-181,천호태영아파트,114.83,4,1999,33000,43,2017-10-18,,,,,
강동구,11740,천호동,566,11740-181,천호태영아파트,84.88,11,1999,43000,0,2017-10-10,,,,,
강동구,11740,천호동,567,11740-194,동구햇살아파트,84.54,7,2002,38000,0,2017-10-02,,,,,
강동구,11740,천호동,568,11740-2628,강변그대가리버뷰,84.97,12,2007,50000,0,2017-10-21,,,,,
강동구,11740,천호동,571,11740-4289,래미안강동팰리스,155.47,44,2017,105000,0,2017-10-06,,,,,
강동구,11740,천호동,571,11740-4289,래미안강동팰리스,59.98,10,2017,20000,90,2017-10-14,,,,,
강동구,11740,천호동,571,11740-4289,래미안강동팰리스,59.98,28,2017,50000,0,2017-10-31,,,,,
강동구,11740,천호동,571,11740-4289,래미안강동팰리스,59.98,31,2017,30000,70,2017-10-26,,,,,
강동구,11740,천호동,571,11740-4289,래미안강동팰리스,59.98,39,2017,20000,110,2017-10-15,,,,,
강동구,11740,천호동,571,11740-4289,래미안강동팰리스,59.98,39,2017,56000,0,2017-10-14,,,,,
강동구,11740,천호동,571,11740-4289,래미안강동팰리스,59.98,8,2017,40000,50,2017-10-02,,,,,
강동구,11740,천호동,571,11740-4289,래미안강동팰리스,84.97,14,2017,30000,0,2017-10-13,,,,,
강동구,11740,천호동,571,11740-4289,래미안강동팰리스,84.97,14,2017,30000,90,2017-10-30,,,,,
강동구,11740,천호동,571,11740-4289,래미안강동팰리스,84.97,15,2017,30000,120,2017-10-23,,,,,
강동구,11740,천호동,571,11740-4289,래미안강동팰리스,84.97,16,2017,57000,0,2017-10-24,,,,,
강동구,11740,천호동,571,11740-4289,래미안강동팰리스,84.97,18,2017,32000,0,2017-10-31,,,,,
강동구,11740,천호동,571,11740-4289,래미안강동팰리스,84.97,18,2017,58000,0,2017-10-21,,,,,
강동구,11740,천호동,571,11740-4289,래미안강동팰리스,84.97,2,2017,57000,0,2017-10-18,,,,,
강동구,11740,천호동,571,11740-4289,래미안강동팰리스,84.97,21,2017,60000,0,2017-10-19,,,,,
강동구,11740,천호동,571,11740-4289,래미안강동팰리스,84.97,26,2017,10000,180,2017-10-13,,,,,
강동구,11740,천호동,571,11740-4289,래미안강동팰리스,84.97,3,2017,56000,0,2017-10-02,,,,,
강동구,11740,천호동,571,11740-4289,래미안강동팰리스,84.97,35,2017,63000,0,2017-10-23,,,,,
강동구,11740,천호동,571,11740-4289,래미안강동팰리스,84.97,37,2017,60000,0,2017-10-18,,,,,
강동구,11740,천호동,571,11740-4289,래미안강동팰리스,84.97,38,2017,62000,0,2017-10-15,,,,,
강동구,11740,천호동,571,11740-4289,래미안강동팰리스,84.97,39,2017,60000,0,2017-10-31,,,,,
강동구,11740,천호동,571,11740-4289,래미안강동팰리스,84.97,42,2017,60000,0,2017-10-12,,,,,
강동구,11740,천호동,571,11740-4289,래미안강동팰리스,84.97,43,2017,40000,70,2017-10-11,17.11~19.11,신규,,,
강동구,11740,천호동,571,11740-4289,래미안강동팰리스,84.97,7,2017,57000,0,2017-10-15,,,,,
강북구,11305,미아동,1352,11305-4,미아신구,59.415,2,2000,3000,30,2017-10-27,,,,,
강북구,11305,미아동,1353,11305-6,에스케이북한산시티,114.85,10,2004,37000,0,2017-10-20,,,,,
강북구,11305,미아동,1353,11305-6,에스케이북한산시티,114.85,10,2004,5000,110,2017-10-21,,,,,
강북구,11305,미아동,1353,11305-6,에스케이북한산시티,114.85,14,2004,35000,0,2017-10-28,,,,,
강북구,11305,미아동,1353,11305-6,에스케이북한산시티,59.98,1,2004,10000,45,2017-10-10,,,,,
강북구,11305,미아동,1353,11305-6,에스케이북한산시티,59.98,11,2004,4000,80,2017-10-24,,,,,
강북구,11305,미아동,1353,11305-6,에스케이북한산시티,59.98,24,2004,28700,0,2017-10-26,,,,,
강북구,11305,미아동,1353,11305-6,에스케이북한산시티,59.98,24,2004,29000,0,2017-10-09,,,,,
강북구,11305,미아동,1353,11305-6,에스케이북한산시티,59.98,24,2004,29000,0,2017-10-31,,,,,
강북구,11305,미아동,1353,11305-6,에스케이북한산시티,59.98,6,2004,28000,0,2017-10-14,,,,,
강북구,11305,미아동,1353,11305-6,에스케이북한산시티,84.71,20,2004,33000,0,2017-10-24,,,,,
강북구,11305,미아동,1353,11305-6,에스케이북한산시티,84.76,10,2004,4000,105,2017-10-19,,,,,
강북구,11305,미아동,1353,11305-6,에스케이북한산시티,84.76,17,2004,33000,0,2017-10-27,,,,,
강북구,11305,미아동,1353,11305-6,에스케이북한산시티,84.76,2,2004,32000,0,2017-10-09,,,,,
강북구,11305,미아동,1353,11305-6,에스케이북한산시티,84.76,23,2004,27000,17,2017-10-16,,,,,
강북구,11305,미아동,1353,11305-6,에스케이북한산시티,84.86,1,2004,32000,0,2017-10-10,,,,,
강북구,11305,미아동,1353,11305-6,에스케이북한산시티,84.86,2,2004,31000,0,2017-10-10,,,,,
강북구,11305,미아동,1353,11305-6,에스케이북한산시티,84.92,12,2004,30000,0,2017-10-11,,,,,
강북구,11305,미아동,1353,11305-6,에스케이북한산시티,84.92,15,2004,30000,15,2017-10-18,,,,,
강북구,11305,미아동,1353,11305-6,에스케이북한산시티,84.92,2,2004,22000,0,2017-10-13,,,,,
강북구,11305,미아동,1353-1,11305-3719,에스케이북한산시티(임대),32.79,10,2004,3604,0,2017-10-25,,,,,
강북구,11305,미아동,1353-1,11305-3719,에스케이북한산시티(임대),32.79,6,2004,2954,1,2017-10-25,,,,,
강북구,11305,미아동,1354,11305-13,벽산라이브파크,59.67,16,2004,23000,0,2017-10-13,,,,,
강북구,11305,미아동,1354,11305-13,벽산라이브파크,60,12,2004,5000,70,2017-10-26,,,,,
강북구,11305,미아동,1354,11305-13,벽산라이브파크,60,4,2004,25000,0,2017-10-12,,,,,
강북구,11305,미아동,1354,11305-13,벽산라이브파크,84.89,10,2004,31000,0,2017-10-18,,,,,
강북구,11305,미아동,1354,11305-13,벽산라이브파크,84.89,12,2004,30000,0,2017-10-10,,,,,
강북구,11305,미아동,1354,11305-13,벽산라이브파크,84.89,17,2004,2000,120,2017-10-12,,,,,
강북구,11305,미아동,1354,11305-13,벽산라이브파크,84.89,3,2004,30000,0,2017-10-24,,,,,
강북구,11305,미아동,1354,11305-13,벽산라이브파크,84.89,4,2004,29000,0,2017-10-19,,,,,
강북구,11305,미아동,1355,11305-14,미아한일유앤아이,129.784,13,2002,39000,0,2017-10-12,,,,,
강북구,11305,미아동,1355,11305-14,미아한일유앤아이,84.552,16,2002,35000,0,2017-10-14,,,,,
강북구,11305,미아동,1356,11305-47,경남아너스빌(1356-0),114.922,15,2003,40000,0,2017-10-11,,,,,
강북구,11305,미아동,1356,11305-47,경남아너스빌(1356-0),114.922,3,2003,40000,0,2017-10-16,,,,,
강북구,11305,미아동,1356,11305-47,경남아너스빌(1356-0),59.964,14,2003,12000,40,2017-10-12,,,,,
강북구,11305,미아동,1356,11305-47,경남아너스빌(1356-0),84.873,13,2003,30000,25,2017-10-21,,,,,
강북구,11305,미아동,1356,11305-47,경남아너스빌(1356-0),84.873,4,2003,14000,70,2017-10-20,,,,,
강북구,11305,미아동,1357,11305-46,삼각산아이원,114.88,12,2003,38000,0,2017-10-18,,,,,
강북구,11305,미아동,1357,11305-46,삼각산아이원,114.88,18,2003,42000,0,2017-10-01,,,,,
강북구,11305,미아동,1357,11305-46,삼각산아이원,114.88,9,2003,13000,95,2017-10-10,,,,,
강북구,11305,미아동,1357,11305-46,삼각산아이원,84.705,12,2003,4000,105,2017-10-21,,,,,
강북구,11305,미아동,1357,11305-46,삼각산아이원,84.705,17,2003,35000,0,2017-10-25,,,,,
강북구,11305,미아동,1357,11305-46,삼각산아이원,84.705,4,2003,35000,0,2017-10-31,,,,,
강북구,11305,미아동,1357,11305-46,삼각산아이원,84.705,5,2003,35000,0,2017-10-20,,,,,
강북구,11305,미아동,1357,11305-46,삼각산아이원,84.705,5,2003,5000,90,2017-10-30,,,,,
강북구,11305,미아동,1357,11305-46,삼각산아이원,84.705,6,2003,5000,95,2017-10-19,,,,,
강북구,11305,미아동,1361,11305-4545,이너스내안에,66.01,5,2013,25000,0,2017-10-28,,,,,
강북구,11305,미아동,1361,11305-4545,이너스내안에,84.96,4,2013,20000,30,2017-10-24,,,,,
강북구,11305,미아동,152,11305-7,요진,59.42,5,2005,12000,0,2017-10-12,,,,,
강북구,11305,미아동,190-2,11305-9,현대(190-2),84.91,3,1992,24100,0,2017-10-30,,,,,
강북구,11305,미아동,461,11305-4158,송천센트레빌,59.818,7,2010,39000,0,2017-10-10,,,,,
강북구,11305,미아동,461,11305-4158,송천센트레빌,59.818,9,2010,10000,90,2017-10-31,,,,,
강북구,11305,미아동,461,11305-4158,송천센트레빌,84.867,14,2010,5000,130,2017-10-19,,,,,
강북구,11305,미아동,474,11305-3667,미아동부센트레빌,84.89,11,2006,10000,95,2017-10-19,,,,,
강북구,11305,미아동,474,11305-3667,미아동부센트레빌,84.89,2,2006,42000,0,2017-10-27,,,,,
강북구,11305,미아동,474,11305-3667,미아동부센트레빌,84.92,11,2006,3000,110,2017-10-16,,,,,
강북구,11305,미아동,561-2,11305-5,현대성우,84.92,6,1998,29000,0,2017-10-21,,,,,
강북구,11305,미아동,796,11305-3753,경남아너스빌,84.9134,7,2008,36500,0,2017-10-31,,,,,
강북구,11305,미아동,797,11305-3717,미아1차래미안,84.58,7,2006,37000,0,2017-10-12,,,,,
강북구,11305,미아동,8-87,11305-52,스카이빌(8-87),84.93,5,2003,14000,0,2017-10-19,,,,,
강북구,11305,미아동,811,11305-4255,두산위브트레지움,59.54,15,2011,34500,0,2017-10-28,,,,,
강북구,11305,미아동,811,11305-4255,두산위브트레지움,59.54,5,2011,10000,80,2017-10-21,,,,,
강북구,11305,미아동,811,11305-4255,두산위브트레지움,59.54,5,2011,10000,90,2017-10-26,,,,,
강북구,11305,미아동,811,11305-4255,두산위브트레지움,59.54,7,2011,8000,85,2017-10-18,,,,,
강북구,11305,미아동,811,11305-4255,두산위브트레지움,59.82,20,2011,5000,100,2017-10-26,,,,,
강북구,11305,미아동,811,11305-4255,두산위브트레지움,59.82,5,2011,35000,0,2017-10-26,,,,,
강북구,11305,미아동,811,11305-4255,두산위브트레지움,84.97,10,2011,42000,0,2017-10-14,,,,,
강북구,11305,미아동,811,11305-4255,두산위브트레지움,84.97,13,2011,3000,130,2017-10-23,,,,,
강북구,11305,미아동,811,11305-4255,두산위브트레지움,84.97,16,2011,42000,0,2017-10-13,,,,,
강북구,11305,미아동,811,11305-4255,두산위브트레지움,84.97,7,2011,41000,0,2017-10-25,,,,,
강북구,11305,미아동,811,11305-4255,두산위브트레지움,84.97,9,2011,41000,0,2017-10-18,,,,,
강북구,11305,미아동,811,11305-4255,두산위브트레지움,84.99,16,2011,42500,0,2017-10-16,,,,,
강북구,11305,미아동,811,11305-4255,두산위브트레지움,84.99,16,2011,42500,0,2017-10-16,,,,,
강북구,11305,미아동,811,11305-4255,두산위브트레지움,84.99,6,2011,28000,20,2017-10-30,,,,,
강북구,11305,미아동,812,11305-4129,삼성래미안트리베라2단지,84.15,2,2010,35000,30,2017-10-22,,,,,
강북구,11305,미아동,812,11305-4129,삼성래미안트리베라2단지,84.18,16,2010,42000,0,2017-10-28,,,,,
강북구,11305,미아동,812,11305-4129,삼성래미안트리베라2단지,84.29,3,2010,10000,90,2017-10-16,,,,,
강북구,11305,미아동,813,11305-4123,래미안트리베라1단지,114.98,15,2010,52000,0,2017-10-30,,,,,
강북구,11305,미아동,813,11305-4123,래미안트리베라1단지,59.6,6,2010,5000,100,2017-10-13,17.10~19.10,신규,,,
강북구,11305,미아동,813,11305-4123,래미안트리베라1단지,84.97,8,2010,42000,0,2017-10-28,,,,,
강북구,11305,미아동,813,11305-4123,래미안트리베라1단지,84.97,9,2010,4000,120,2017-10-31,17.11~19.11,신규,,,
강북구,11305,미아동,813,11305-4126,래미안트리베라1단지(임대),44.85,10,2010,3020,31,2017-10-27,,,,,
강북구,11305,미아동,813,11305-4126,래미안트리베라1단지(임대),44.85,23,2010,7591,5,2017-10-20,,,,,
강북구,11305,번동,136,11305-21,번동솔그린,84.6,2,1999,16000,45,2017-10-14,,,,,
강북구,11305,번동,138,11305-157,한솔솔파크,84.88,1,2005,32000,0,2017-10-21,,,,,
강북구,11305,번동,138,11305-157,한솔솔파크,84.88,2,2005,32500,0,2017-10-18,,,,,
강북구,11305,번동,138,11305-157,한솔솔파크,84.88,6,2005,35000,0,2017-10-23,,,,,
강북구,11305,번동,139,11305-28,해모로아파트,59.98,13,2003,25000,0,2017-10-15,,,,,
강북구,11305,번동,148-490,11305-23,훼밀리힐,59.16,8,1996,18000,0,2017-10-21,,,,,
강북구,11305,번동,204,11305-20,신원,59.96,15,2000,18000,0,2017-10-11,,,,,
강북구,11305,번동,204,11305-20,신원,84.6,8,2000,22000,10,2017-10-21,,,,,
강북구,11305,번동,234,11305-25,주공4단지,44.89,10,1991,1000,65,2017-10-28,,,,,
강북구,11305,번동,234,11305-25,주공4단지,44.89,13,1991,3000,45,2017-10-09,,,,,
강북구,11305,번동,234,11305-25,주공4단지,59.22,4,1991,20000,15,2017-10-31,,,,,
강북구,11305,번동,234,11305-25,주공4단지,76.51,15,1991,21000,0,2017-10-25,,,,,
강북구,11305,번동,234,11305-25,주공4단지,84.79,1,1991,26000,0,2017-10-30,,,,,
강북구,11305,번동,234,11305-25,주공4단지,84.79,11,1991,13000,53,2017-10-19,,,,,
강북구,11305,번동,234,11305-25,주공4단지,84.79,11,1991,21000,0,2017-10-15,,,,,
강북구,11305,번동,242,11305-24,주공1단지,41.3,10,1991,1000,50,2017-10-10,,,,,
강북구,11305,번동,242,11305-24,주공1단지,41.3,11,1991,13000,0,2017-10-16,,,,,
강북구,11305,번동,242,11305-24,주공1단지,41.3,12,1991,1000,50,2017-10-30,,,,,
강북구,11305,번동,242,11305-24,주공1단지,41.3,13,1991,7000,20,2017-10-17,,,,,
강북구,11305,번동,242,11305-24,주공1단지,41.3,4,1991,1000,50,2017-10-18,,,,,
강북구,11305,번동,242,11305-24,주공1단지,41.3,4,1991,1000,55,2017-10-26,,,,,
강북구,11305,번동,242,11305-24,주공1단지,41.3,4,1991,13000,0,2017-10-16,,,,,
강북구,11305,번동,242,11305-24,주공1단지,41.3,5,1991,14000,0,2017-10-23,,,,,
강북구,11305,번동,242,11305-24,주공1단지,41.3,9,1991,13000,0,2017-10-30,,,,,
강북구,11305,번동,242,11305-24,주공1단지,49.94,10,1991,14500,0,2017-10-20,,,,,
강북구,11305,번동,242,11305-24,주공1단지,49.94,10,1991,3500,0,2017-10-20,,,,,
강북구,11305,번동,242,11305-24,주공1단지,49.94,12,1991,2000,63,2017-10-10,,,,,
강북구,11305,번동,242,11305-24,주공1단지,49.94,14,1991,16000,0,2017-10-21,,,,,
강북구,11305,번동,242,11305-24,주공1단지,49.94,2,1991,15000,0,2017-10-13,,,,,
강북구,11305,번동,242,11305-24,주공1단지,49.94,8,1991,16000,0,2017-10-20,,,,,
강북구,11305,번동,242,11305-24,주공1단지,62.17,1,1991,3000,50,2017-10-23,,,,,
강북구,11305,번동,242,11305-24,주공1단지,71.89,2,1991,20000,0,2017-10-28,,,,,
강북구,11305,번동,242,11305-24,주공1단지,79.07,2,1991,23000,0,2017-10-20,,,,,
강북구,11305,번동,418-3,11305-161,효성네오인텔리안,81.12,13,2005,26000,0,2017-10-28,,,,,
강북구,11305,번동,446-57,11305-4644,파크에비뉴,12.975,4,2014,7500,0,2017-10-19,,,,,
강북구,11305,번동,446-57,11305-4644,파크에비뉴,13.715,7,2014,1500,38,2017-10-26,17.10~18.10,신규,,,
강북구,11305,번동,459-110,11305-18,쌍용,84.92,12,1997,24000,0,2017-10-30,,,,,
강북구,11305,번동,470-1,11305-19,삼성,59.77,19,1998,20000,0,2017-10-18,,,,,
강북구,11305,번동,760,11305-22,오동공원현대,84.4405,2,2001,29000,0,2017-10-30,,,,,
강북구,11305,수유동,205,11305-33,수유벽산1차,63.78,1,1993,23000,0,2017-10-09,,,,,
강북구,11305,수유동,205,11305-33,수유벽산1차,63.78,13,1993,2500,80,2017-10-26,,,,,
강북구,11305,수유동,205,11305-33,수유벽산1차,63.78,15,1993,23000,0,2017-10-19,,,,,
강북구,11305,수유동,205,11305-33,수유벽산1차,63.78,7,1993,23000,0,2017-10-27,,,,,
강북구,11305,수유동,205,11305-33,수유벽산1차,63.78,7,1993,3000,65,2017-10-23,,,,,
강북구,11305,수유동,205,11305-33,수유벽산1차,63.78,9,1993,2000,75,2017-10-27,,,,,
강북구,11305,수유동,553-61,11305-31,극동,84.99,15,1992,24000,0,2017-10-25,,,,,
강북구,11305,수유동,553-61,11305-31,극동,84.99,6,1992,18000,40,2017-10-20,,,,,
강북구,11305,수유동,553-61,11305-31,극동,84.99,7,1992,26000,0,2017-10-13,,,,,
강북구,11305,수유동,553-61,11305-31,극동,84.99,8,1992,24000,0,2017-10-20,17.11~19.11,신규,,,
강북구,11305,수유동,648,11305-34,수유벽산2차,59.99,5,1994,3000,65,2017-10-11,,,,,
강북구,11305,수유동,730,11305-35,래미안수유,84.993,2,2001,34000,0,2017-10-20,,,,,
강북구,11305,수유동,77-9,11305-4232,태솔타운,27.65,7,2011,2000,43,2017-10-13,,,,,
강북구,11305,우이동,342,11305-43,대우,84.93,2,2000,3000,120,2017-10-11,,,,,
강서구,11500,가양동,14-3,11500-144,가양우성,84.85,11,1990,34000,0,2017-10-02,,,,,
강서구,11500,가양동,14-3,11500-144,가양우성,84.85,15,1990,25000,30,2017-10-14,,,,,
강서구,11500,가양동,14-3,11500-144,가양우성,84.87,11,1990,36000,0,2017-10-30,,,,,
강서구,11500,가양동,14-3,11500-144,가양우성,84.87,15,1990,36000,0,2017-10-16,,,,,
강서구,11500,가양동,14-3,11500-144,가양우성,84.87,2,1990,15000,70,2017-10-09,,,,,
강서구,11500,가양동,1459,11500-152,동신대아,101.97,6,1993,40000,0,2017-10-30,,,,,
강서구,11500,가양동,1459,11500-152,동신대아,134.88,14,1993,5000,150,2017-10-13,,,,,
강서구,11500,가양동,1459,11500-152,동신대아,164.25,9,1993,48000,0,2017-10-17,,,,,
강서구,11500,가양동,1460,11500-155,한강타운,84.99,13,1993,36000,0,2017-10-17,,,,,
강서구,11500,가양동,1460,11500-155,한강타운,84.99,14,1993,22000,25,2017-10-19,,,,,
강서구,11500,가양동,1460,11500-155,한강타운,84.99,14,1993,33000,0,2017-10-21,,,,,
강서구,11500,가양동,1460,11500-155,한강타운,84.99,3,1993,33000,0,2017-10-30,,,,,
강서구,11500,가양동,1460,11500-155,한강타운,84.99,3,1993,35000,0,2017-10-28,,,,,
강서구,11500,가양동,1460,11500-155,한강타운,84.99,4,1993,37000,0,2017-10-31,,,,,
강서구,11500,가양동,1460,11500-155,한강타운,84.99,7,1993,33000,0,2017-10-18,,,,,
강서구,11500,가양동,1460,11500-155,한강타운,84.99,9,1993,32000,0,2017-10-30,,,,,
강서구,11500,가양동,1461,11500-151,가양2단지(성지),34.44,6,1992,3000,40,2017-10-27,,,,,
강서구,11500,가양동,1461,11500-151,가양2단지(성지),34.44,8,1992,15500,0,2017-10-20,,,,,
강서구,11500,가양동,1461,11500-151,가양2단지(성지),34.69,4,1992,1000,57,2017-10-14,,,,,
강서구,11500,가양동,1461,11500-151,가양2단지(성지),39.6,10,1992,1000,60,2017-10-30,,,,,
강서구,11500,가양동,1461,11500-151,가양2단지(성지),39.6,15,1992,1500,60,2017-10-09,,,,,
강서구,11500,가양동,1461,11500-151,가양2단지(성지),39.6,15,1992,15000,0,2017-10-31,,,,,
강서구,11500,가양동,1461,11500-151,가양2단지(성지),39.6,2,1992,18000,0,2017-10-16,,,,,
강서구,11500,가양동,1461,11500-151,가양2단지(성지),39.6,6,1992,17000,0,2017-10-25,,,,,
강서구,11500,가양동,1461,11500-151,가양2단지(성지),39.6,7,1992,18500,0,2017-10-21,,,,,
강서구,11500,가양동,1461,11500-151,가양2단지(성지),49.56,11,1992,23000,0,2017-10-14,,,,,
강서구,11500,가양동,1461,11500-151,가양2단지(성지),49.56,7,1992,19000,15,2017-10-21,,,,,
강서구,11500,가양동,1461,11500-151,가양2단지(성지),49.65,3,1992,22000,0,2017-10-19,,,,,
강서구,11500,가양동,1462,11500-5222,강서한강월드메르디앙,84.9,5,2006,35000,0,2017-10-13,,,,,
강서구,11500,가양동,1474,11500-147,대림경동아파트,131.4,1,1993,39000,0,2017-10-17,,,,,
강서구,11500,가양동,1474,11500-147,대림경동아파트,131.4,11,1993,45000,0,2017-10-30,,,,,
강서구,11500,가양동,1474,11500-147,대림경동아파트,131.4,14,1993,45000,0,2017-10-13,,,,,
강서구,11500,가양동,1474,11500-147,대림경동아파트,131.4,4,1993,40000,0,2017-10-27,,,,,
강서구,11500,가양동,1474,11500-147,대림경동아파트,131.4,6,1993,10000,100,2017-10-28,,,,,
강서구,11500,가양동,1474,11500-147,대림경동아파트,131.4,8,1993,45000,0,2017-10-20,,,,,
강서구,11500,가양동,1475,11500-146,강변,34.44,10,1992,16000,0,2017-10-09,,,,,
강서구,11500,가양동,1475,11500-146,강변,34.44,12,1992,15000,0,2017-10-31,,,,,
강서구,11500,가양동,1475,11500-146,강변,39.6,10,1992,18000,0,2017-10-28,,,,,
강서구,11500,가양동,1475,11500-146,강변,39.6,11,1992,19500,0,2017-10-29,,,,,
강서구,11500,가양동,1475,11500-146,강변,39.6,12,1992,10000,30,2017-10-31,,,,,
강서구,11500,가양동,1475,11500-146,강변,39.6,12,1992,3000,55,2017-10-23,,,,,
강서구,11500,가양동,1475,11500-146,강변,39.6,14,1992,20500,0,2017-10-28,,,,,
강서구,11500,가양동,1475,11500-146,강변,39.6,3,1992,20000,0,2017-10-17,,,,,
강서구,11500,가양동,1475,11500-146,강변,39.6,4,1992,10000,30,2017-10-14,,,,,
강서구,11500,가양동,1475,11500-146,강변,39.6,7,1992,5000,45,2017-10-11,,,,,
강서구,11500,가양동,1475,11500-146,강변,39.6,8,1992,20000,0,2017-10-17,,,,,
강서구,11500,가양동,1475,11500-146,강변,49.5,14,1992,7000,50,2017-10-23,,,,,
강서구,11500,가양동,1475,11500-146,강변,49.5,4,1992,23000,10,2017-10-19,,,,,
강서구,11500,가양동,1481,11500-4228,가양도시개발공사5단지(임대),24.84,4,1992,752,4,2017-10-25,,,,,
강서구,11500,가양동,1481,11500-4228,가양도시개발공사5단지(임대),24.84,6,1992,967,13,2017-10-16,,,,,
강서구,11500,가양동,1482,11500-4229,가양도시개발공사8단지(임대),49.5,1,1992,971,13,2017-10-20,,,,,
강서구,11500,가양동,1482,11500-4229,가양도시개발공사8단지(임대),49.5,6,1992,3727,0,2017-10-23,,,,,
강서구,11500,가양동,1485,11500-149,가양6단지,39.6,11,1992,13000,0,2017-10-31,,,,,
강서구,11500,가양동,1485,11500-149,가양6단지,39.6,11,1992,21000,0,2017-10-14,,,,,
강서구,11500,가양동,1485,11500-149,가양6단지,39.6,14,1992,20000,0,2017-10-11,,,,,
강서구,11500,가양동,1485,11500-149,가양6단지,39.6,2,1992,19000,0,2017-10-15,17.12~19.12,갱신,,18000,
강서구,11500,가양동,1485,11500-149,가양6단지,49.5,14,1992,2000,75,2017-10-14,,,,,
강서구,11500,가양동,1485,11500-149,가양6단지,49.5,14,1992,26000,0,2017-10-14,,,,,
강서구,11500,가양동,1485,11500-149,가양6단지,49.5,15,1992,25000,0,2017-10-02,17.11~19.11,신규,,,
강서구,11500,가양동,1485,11500-149,가양6단지,49.5,4,1992,26000,0,2017-10-14,,,,,
강서구,11500,가양동,1485,11500-149,가양6단지,49.5,5,1992,26000,0,2017-10-24,,,,,
강서구,11500,가양동,1485,11500-149,가양6단지,49.5,5,1992,26000,0,2017-10-31,,,,,
강서구,11500,가양동,1485,11500-149,가양6단지,49.5,5,1992,27000,0,2017-10-13,,,,,
강서구,11500,가양동,1485,11500-149,가양6단지,49.5,7,1992,26500,0,2017-10-14,,,,,
강서구,11500,가양동,1485,11500-149,가양6단지,49.5,8,1992,23000,0,2017-10-02,,,,,
강서구,11500,가양동,1485,11500-149,가양6단지,58.65,10,1992,26000,0,2017-10-24,,,,,
강서구,11500,가양동,1485,11500-149,가양6단지,58.65,3,1992,6000,60,2017-10-24,,,,,
강서구,11500,가양동,1485,11500-149,가양6단지,58.65,4,1992,28000,0,2017-10-19,,,,,
강서구,11500,가양동,1485,11500-149,가양6단지,58.65,6,1992,27000,0,2017-10-12,,,,,
강서구,11500,가양동,1486,11500-4230,가양주공7단지(임대),26.37,1,1992,245,4,2017-10-11,,,,,
강서구,11500,가양동,1490,11500-150,가양도시개발9-2단지,34.44,2,1993,1000,60,2017-10-25,,,,,
강서구,11500,가양동,1490,11500-150,가양도시개발9-2단지,34.44,2,1993,18000,0,2017-10-31,,,,,
강서구,11500,가양동,1490,11500-150,가양도시개발9-2단지,34.44,6,1993,7000,30,2017-10-21,,,,,
강서구,11500,가양동,1490,11500-150,가양도시개발9-2단지,34.44,8,1993,18000,0,2017-10-17,,,,,
강서구,11500,가양동,1490,11500-150,가양도시개발9-2단지,34.44,9,1993,5500,30,2017-10-17,,,,,
강서구,11500,가양동,1490,11500-150,가양도시개발9-2단지,39.6,1,1993,18500,0,2017-10-22,,,,,
강서구,11500,가양동,1490,11500-150,가양도시개발9-2단지,39.6,10,1993,1000,65,2017-10-19,,,,,
강서구,11500,가양동,1490,11500-150,가양도시개발9-2단지,39.6,11,1993,19000,0,2017-10-27,,,,,
강서구,11500,가양동,1490,11500-150,가양도시개발9-2단지,39.6,5,1993,4000,50,2017-10-31,,,,,
강서구,11500,가양동,1490,11500-150,가양도시개발9-2단지,39.6,7,1993,19000,0,2017-10-14,,,,,
강서구,11500,가양동,1490,11500-150,가양도시개발9-2단지,49.5,11,1993,24000,0,2017-10-30,,,,,
강서구,11500,가양동,1490,11500-150,가양도시개발9-2단지,49.5,12,1993,5000,60,2017-10-21,,,,,
강서구,11500,가양동,1495,11500-156,한보구암마을,84.39,1,1999,33000,0,2017-10-18,,,,,
강서구,11500,가양동,1495,11500-156,한보구암마을,84.39,2,1999,31000,0,2017-10-14,17.10~19.10,갱신,,29000,
강서구,11500,가양동,1496,11500-353,일신건영휴먼빌,59.984,2,2004,32000,0,2017-10-21,,,,,
강서구,11500,가양동,1496,11500-353,일신건영휴먼빌,84.95,13,2004,40000,0,2017-10-10,,,,,
강서구,11500,가양동,1497,11500-5212,가양1차보람더하임,83.07,9,2006,40000,0,2017-10-17,,,,,
강서구,11500,가양동,1500,11500-6753,강서한강자이,127.1094,17,2013,5000,253,2017-10-25,,,,,
강서구,11500,가양동,1500,11500-6753,강서한강자이,59.9382,1,2013,43000,0,2017-10-28,,,,,
강서구,11500,가양동,1500,11500-6753,강서한강자이,59.9382,17,2013,47000,0,2017-10-12,,,,,
강서구,11500,가양동,1500,11500-6753,강서한강자이,59.9382,3,2013,45000,0,2017-10-14,,,,,
강서구,11500,가양동,1500,11500-6753,강서한강자이,59.9382,6,2013,45500,0,2017-10-17,,,,,
강서구,11500,가양동,1500,11500-6753,강서한강자이,84.9903,1,2013,52500,0,2017-10-27,,,,,
강서구,11500,가양동,1500,11500-6753,강서한강자이,84.9903,11,2013,57000,0,2017-10-31,,,,,
강서구,11500,가양동,1500,11500-6753,강서한강자이,84.9903,12,2013,40000,65,2017-10-01,,,,,
강서구,11500,가양동,1500,11500-6753,강서한강자이,84.9903,15,2013,55000,0,2017-10-18,,,,,
강서구,11500,가양동,1500,11500-6753,강서한강자이,84.9903,17,2013,54000,0,2017-10-14,,,,,
강서구,11500,가양동,1500,11500-6753,강서한강자이,84.9903,20,2013,54000,0,2017-10-30,,,,,
강서구,11500,가양동,1500,11500-6753,강서한강자이,84.9903,6,2013,53000,0,2017-10-13,,,,,
강서구,11500,가양동,1500,11500-6753,강서한강자이,84.9903,8,2013,52500,0,2017-10-15,,,,,
강서구,11500,가양동,1500,11500-6753,강서한강자이,84.997,19,2013,51000,0,2017-10-12,,,,,
강서구,11500,가양동,1500,11500-6753,강서한강자이,98.9994,11,2013,58000,0,2017-10-16,,,,,
강서구,11500,가양동,1500,11500-6753,강서한강자이,98.9994,20,2013,59000,0,2017-10-23,,,,,
강서구,11500,가양동,448,11500-145,강나루2현대,84.99,14,2001,35000,0,2017-10-13,,,,,
강서구,11500,가양동,448-1,11500-143,가양강나루현대,59.76,13,1999,34000,0,2017-10-21,,,,,
강서구,11500,가양동,448-1,11500-143,가양강나루현대,59.76,14,1999,35500,0,2017-10-21,,,,,
강서구,11500,가양동,448-1,11500-143,가양강나루현대,59.76,16,1999,37000,0,2017-10-24,,,,,
강서구,11500,가양동,448-1,11500-143,가양강나루현대,59.76,7,1999,34000,0,2017-10-14,,,,,
강서구,11500,가양동,448-1,11500-143,가양강나루현대,84.98,12,1999,40000,0,2017-10-31,,,,,
강서구,11500,가양동,448-9,11500-153,빛고을우방,84.87,14,1999,40000,0,2017-10-21,,,,,
강서구,11500,가양동,448-9,11500-153,빛고을우방,84.87,3,1999,28000,30,2017-10-22,,,,,
강서구,11500,공항동,1371,11500-185,해태,84.27,9,2000,26500,0,2017-10-27,,,,,
강서구,11500,공항동,1374,11500-5851,공항동부센트레빌,59.96,9,2009,31500,0,2017-10-06,,,,,
강서구,11500,공항동,1374,11500-5851,공항동부센트레빌,84.99,11,2009,35000,0,2017-10-19,,,,,
강서구,11500,공항동,22-4,11500-287,청성스카이,152.22,6,2004,2000,140,2017-10-09,,,,,
강서구,11500,공항동,42-23,11500-266,송정제이빌101동,79.05,3,2003,0,70,2017-10-25,,,,,
강서구,11500,내발산동,650-1,11500-476,원당,73.75,2,2002,25000,0,2017-10-23,,,,,
강서구,11500,내발산동,650-1,11500-476,원당,73.75,2,2002,25000,0,2017-10-23,,,,,
강서구,11500,내발산동,657,11500-477,우장산힐스테이트,101.87,10,2005,60000,0,2017-10-31,,,,,
강서구,11500,내발산동,657,11500-477,우장산힐스테이트,101.87,7,2005,60000,0,2017-10-26,,,,,
강서구,11500,내발산동,657,11500-477,우장산힐스테이트,126.65,17,2005,35000,90,2017-10-20,,,,,
강서구,11500,내발산동,657,11500-477,우장산힐스테이트,59.98,10,2005,42000,0,2017-10-13,,,,,
강서구,11500,내발산동,657,11500-477,우장산힐스테이트,59.98,10,2005,42000,0,2017-10-13,,,,,
강서구,11500,내발산동,657,11500-477,우장산힐스테이트,59.98,16,2005,38000,0,2017-10-21,,,,,
강서구,11500,내발산동,657,11500-477,우장산힐스테이트,59.98,2,2005,41000,0,2017-10-16,,,,,
강서구,11500,내발산동,657,11500-477,우장산힐스테이트,59.98,3,2005,41000,0,2017-10-27,,,,,
강서구,11500,내발산동,657,11500-477,우장산힐스테이트,59.98,4,2005,39000,0,2017-10-11,17.10~19.10,갱신,,30000,
강서구,11500,내발산동,657,11500-477,우장산힐스테이트,59.98,8,2005,39000,0,2017-10-02,,,,,
강서구,11500,내발산동,657,11500-477,우장산힐스테이트,84.98,14,2005,20000,90,2017-10-23,17.06~19.06,갱신,,20000,100
강서구,11500,내발산동,657,11500-477,우장산힐스테이트,84.98,17,2005,35000,47,2017-10-10,,,,,
강서구,11500,내발산동,657,11500-477,우장산힐스테이트,84.98,18,2005,52000,0,2017-10-26,,,,,
강서구,11500,내발산동,657,11500-477,우장산힐스테이트,84.98,3,2005,55000,0,2017-10-28,,,,,
강서구,11500,내발산동,659-1,11500-5213,강서월드메르디앙,84.8945,2,2006,44000,0,2017-10-25,,,,,
강서구,11500,내발산동,665-17,11500-5214,천우네오젠아파트,83.32,7,2006,7000,0,2017-10-20,,,,,
강서구,11500,내발산동,673-2,11500-174,청솔101동,84.5332,2,2001,33500,0,2017-10-25,,,,,
강서구,11500,내발산동,674-32,11500-179,제이월드에메랄드,111.56,10,2002,37000,0,2017-10-11,,,,,
강서구,11500,내발산동,675-9,11500-480,청솔샤르망1002동,68.2067,11,2005,30000,0,2017-10-31,,,,,
강서구,11500,내발산동,682-10,11500-362,천우에이스빌,85,4,2001,28000,0,2017-10-17,,,,,
강서구,11500,내발산동,686-1,11500-163,보람,84.03,1,2001,30000,0,2017-10-16,,,,,
강서구,11500,내발산동,696-2,11500-366,내츄럴2차,79,7,2004,27000,0,2017-10-20,,,,,
강서구,11500,내발산동,698-7,11500-368,상산노블레스빌,106.39,5,2004,31000,0,2017-10-17,,,,,
강서구,11500,내발산동,721-3,11500-181,수산오성,84.94,1,2002,30000,0,2017-10-12,,,,,
강서구,11500,내발산동,721-3,11500-181,수산오성,84.94,7,2002,39000,0,2017-10-16,,,,,
강서구,11500,내발산동,728,11500-182,롯데1차,84.512,4,2002,39000,0,2017-10-21,,,,,
강서구,11500,내발산동,728,11500-182,롯데1차,84.512,6,2002,16000,50,2017-10-30,,,,,
강서구,11500,내발산동,728,11500-182,롯데1차,84.512,8,2002,39000,0,2017-10-19,,,,,
강서구,11500,내발산동,730,11500-226,길성그랑프리텔,84.99,9,2003,41000,0,2017-10-25,17.11~19.11,신규,,,
강서구,11500,내발산동,730,11500-226,길성그랑프리텔,84.99,9,2003,41000,0,2017-10-25,17.11~19.11,신규,,,
강서구,11500,내발산동,734,11500-5146,우장산월드메르디앙,84.4476,11,2005,43000,0,2017-10-19,17.10~19.10,신규,,,
강서구,11500,내발산동,741,11500-5326,마곡수명산파크2단지,59.76,10,2007,10291,0,2017-10-25,,,,,
강서구,11500,내발산동,741,11500-5326,마곡수명산파크2단지,59.76,10,2007,13016,0,2017-10-12,,,,,
강서구,11500,내발산동,741,11500-5326,마곡수명산파크2단지,59.76,12,2007,10291,0,2017-10-23,,,,,
강서구,11500,내발산동,741,11500-5326,마곡수명산파크2단지,59.76,12,2007,10291,0,2017-10-26,,,,,
강서구,11500,내발산동,741,11500-5326,마곡수명산파크2단지,59.76,13,2007,10291,0,2017-10-25,,,,,
강서구,11500,내발산동,741,11500-5326,마곡수명산파크2단지,59.76,2,2007,10291,0,2017-10-23,,,,,
강서구,11500,내발산동,741,11500-5326,마곡수명산파크2단지,59.76,2,2007,10291,0,2017-10-27,,,,,
강서구,11500,내발산동,741,11500-5326,마곡수명산파크2단지,59.76,3,2007,10291,0,2017-10-27,,,,,
강서구,11500,내발산동,741,11500-5326,마곡수명산파크2단지,59.76,5,2007,10291,0,2017-10-27,,,,,
강서구,11500,내발산동,741,11500-5326,마곡수명산파크2단지,59.76,7,2007,10291,0,2017-10-25,,,,,
강서구,11500,내발산동,741,11500-5326,마곡수명산파크2단지,59.76,7,2007,10805,0,2017-10-26,,,,,
강서구,11500,내발산동,741,11500-5326,마곡수명산파크2단지,59.76,7,2007,9997,0,2017-10-26,,,,,
강서구,11500,내발산동,741,11500-5326,마곡수명산파크2단지,59.76,8,2007,10291,0,2017-10-26,,,,,
강서구,11500,내발산동,741,11500-5326,마곡수명산파크2단지,59.76,9,2007,10291,0,2017-10-30,,,,,
강서구,11500,내발산동,741,11500-5326,마곡수명산파크2단지,59.84,1,2007,10291,0,2017-10-26,,,,,
강서구,11500,내발산동,741,11500-5326,마곡수명산파크2단지,59.84,13,2007,10291,0,2017-10-31,,,,,
강서구,11500,내발산동,741,11500-5326,마곡수명산파크2단지,59.84,13,2007,10805,0,2017-10-25,,,,,
강서구,11500,내발산동,741,11500-5326,마곡수명산파크2단지,59.84,14,2007,10291,0,2017-10-27,,,,,
강서구,11500,내발산동,741,11500-5326,마곡수명산파크2단지,59.84,14,2007,9997,0,2017-10-27,,,,,
강서구,11500,내발산동,741,11500-5326,마곡수명산파크2단지,59.84,15,2007,11320,0,2017-10-25,,,,,
강서구,11500,내발산동,741,11500-5326,마곡수명산파크2단지,59.84,2,2007,10291,0,2017-10-26,,,,,
강서구,11500,내발산동,741,11500-5326,마곡수명산파크2단지,59.84,3,2007,10291,0,2017-10-27,,,,,
강서구,11500,내발산동,741,11500-5326,마곡수명산파크2단지,59.84,5,2007,10291,0,2017-10-25,,,,,
강서구,11500,내발산동,741,11500-5326,마곡수명산파크2단지,59.84,5,2007,12349,0,2017-10-26,,,,,
강서구,11500,내발산동,741,11500-5326,마곡수명산파크2단지,59.84,6,2007,10291,0,2017-10-25,,,,,
강서구,11500,내발산동,741,11500-5326,마곡수명산파크2단지,59.84,8,2007,10291,0,2017-10-24,,,,,
강서구,11500,내발산동,741,11500-5326,마곡수명산파크2단지,59.87,10,2007,10291,0,2017-10-25,,,,,
강서구,11500,내발산동,741,11500-5326,마곡수명산파크2단지,59.87,10,2007,11320,0,2017-10-31,,,,,
강서구,11500,내발산동,741,11500-5326,마곡수명산파크2단지,59.87,11,2007,10291,0,2017-10-26,,,,,
강서구,11500,내발산동,741,11500-5326,마곡수명산파크2단지,59.87,12,2007,10291,0,2017-10-20,,,,,
강서구,11500,내발산동,741,11500-5326,마곡수명산파크2단지,59.87,12,2007,10291,0,2017-10-26,,,,,
강서구,11500,내발산동,741,11500-5326,마곡수명산파크2단지,59.87,13,2007,10291,0,2017-10-25,,,,,
강서구,11500,내발산동,741,11500-5326,마곡수명산파크2단지,59.87,13,2007,12349,0,2017-10-23,,,,,
강서구,11500,내발산동,741,11500-5326,마곡수명산파크2단지,59.87,14,2007,11320,0,2017-10-25,,,,,
강서구,11500,내발산동,741,11500-5326,마곡수명산파크2단지,59.87,15,2007,10291,0,2017-10-24,,,,,
강서구,11500,내발산동,741,11500-5326,마곡수명산파크2단지,59.87,2,2007,10805,0,2017-10-27,,,,,
강서구,11500,내발산동,741,11500-5326,마곡수명산파크2단지,59.87,3,2007,11320,0,2017-10-25,,,,,
강서구,11500,내발산동,741,11500-5326,마곡수명산파크2단지,59.87,4,2007,10291,0,2017-10-30,,,,,
강서구,11500,내발산동,741,11500-5326,마곡수명산파크2단지,59.87,4,2007,10291,0,2017-10-30,,,,,
강서구,11500,내발산동,741,11500-5326,마곡수명산파크2단지,59.87,7,2007,10291,0,2017-10-30,,,,,
강서구,11500,내발산동,741,11500-5326,마곡수명산파크2단지,59.87,8,2007,10291,0,2017-10-17,,,,,
강서구,11500,내발산동,741,11500-5326,마곡수명산파크2단지,59.87,9,2007,10291,0,2017-10-25,,,,,
강서구,11500,내발산동,741,11500-5326,마곡수명산파크2단지,84.53,11,2007,38000,0,2017-10-11,,,,,
강서구,11500,내발산동,741,11500-5326,마곡수명산파크2단지,84.53,12,2007,38000,0,2017-10-30,,,,,
강서구,11500,내발산동,741,11500-5326,마곡수명산파크2단지,84.68,15,2007,19000,65,2017-10-02,,,,,
강서구,11500,내발산동,741,11500-5326,마곡수명산파크2단지,84.68,5,2007,10000,95,2017-10-13,,,,,
강서구,11500,내발산동,741,11500-5326,마곡수명산파크2단지,84.68,6,2007,24000,40,2017-10-14,17.12~19.12,신규,,,
강서구,11500,내발산동,741,11500-5326,마곡수명산파크2단지,84.68,6,2007,24000,40,2017-10-14,17.12~19.12,신규,,,
강서구,11500,내발산동,742,11500-5371,마곡수명산파크1단지,39.73,8,2007,2247,20,2017-10-30,,,,,
강서구,11500,내발산동,742,11500-5371,마곡수명산파크1단지,84.53,10,2007,33000,0,2017-10-20,,,,,
강서구,11500,내발산동,742,11500-5371,마곡수명산파크1단지,84.53,8,2007,41000,0,2017-10-12,,,,,
강서구,11500,내발산동,742,11500-5371,마곡수명산파크1단지,84.68,9,2007,36000,0,2017-10-19,,,,,
강서구,11500,내발산동,742,11500-5371,마곡수명산파크1단지,84.82,11,2007,27000,28,2017-10-17,,,,,
강서구,11500,내발산동,742,11500-5371,마곡수명산파크1단지,84.82,13,2007,24000,0,2017-10-29,,,,,
강서구,11500,내발산동,749,11500-5547,마곡수명산파크5단지,49.97,10,2008,3576,26,2017-10-31,,,,,
강서구,11500,내발산동,749,11500-5547,마곡수명산파크5단지,59.84,1,2008,8000,130,2017-10-19,,,,,
강서구,11500,내발산동,749,11500-5547,마곡수명산파크5단지,59.84,4,2008,34500,0,2017-10-31,,,,,
강서구,11500,내발산동,749,11500-5547,마곡수명산파크5단지,59.84,5,2008,30000,0,2017-10-21,,,,,
강서구,11500,내발산동,749,11500-5547,마곡수명산파크5단지,59.84,8,2008,26000,0,2017-10-27,,,,,
강서구,11500,내발산동,749,11500-5547,마곡수명산파크5단지,59.87,5,2008,34500,0,2017-10-20,,,,,
강서구,11500,내발산동,751,11500-5349,마곡수명산파크3단지,84.53,4,2007,37000,0,2017-10-11,,,,,
강서구,11500,내발산동,753,11500-5437,마곡수명산파크4단지,59.84,10,2008,23000,0,2017-10-10,,,,,
강서구,11500,내발산동,753,11500-5437,마곡수명산파크4단지,59.84,11,2008,35000,0,2017-10-28,,,,,
강서구,11500,내발산동,753,11500-5437,마곡수명산파크4단지,59.84,8,2008,33500,0,2017-10-14,,,,,
강서구,11500,내발산동,753,11500-5437,마곡수명산파크4단지,84.76,2,2008,35000,0,2017-10-27,,,,,
강서구,11500,내발산동,753,11500-5437,마곡수명산파크4단지,84.76,5,2008,5000,120,2017-10-21,,,,,
강서구,11500,내발산동,753,11500-5437,마곡수명산파크4단지,84.96,8,2008,40000,0,2017-10-21,,,,,
강서구,11500,내발산동,753,11500-5437,마곡수명산파크4단지,84.96,9,2008,42000,0,2017-10-14,,,,,
강서구,11500,내발산동,756,11500-5741,마곡수명산파크7단지,84.68,6,2008,34500,0,2017-10-14,,,,,
강서구,11500,내발산동,756,11500-5741,마곡수명산파크7단지,84.82,12,2008,35000,0,2017-10-12,,,,,
강서구,11500,내발산동,756,11500-5741,마곡수명산파크7단지,84.82,3,2008,20000,50,2017-10-22,,,,,
강서구,11500,내발산동,759,11500-5364,마곡수명산파크6단지,49.93,10,2007,6249,10,2017-10-31,,,,,
강서구,11500,내발산동,759,11500-5364,마곡수명산파크6단지,84.68,7,2007,38000,0,2017-10-14,,,,,
강서구,11500,등촌동,562-5,11500-51,임광,71.01,8,2000,10000,80,2017-10-28,,,,,
강서구,11500,등촌동,630-3,11500-49,우성,66.9,3,1992,14500,0,2017-10-20,,,,,
강서구,11500,등촌동,630-3,11500-49,우성,77.43,14,1992,32000,0,2017-10-20,,,,,
강서구,11500,등촌동,630-3,11500-49,우성,83.17,10,1992,35000,0,2017-10-12,,,,,
강서구,11500,등촌동,630-3,11500-49,우성,84.96,6,1992,36000,0,2017-10-14,,,,,
강서구,11500,등촌동,631-9,11500-34,대동황토방,59.94,2,2000,30000,0,2017-10-20,,,,,
강서구,11500,등촌동,633-28,11500-303,등촌5차보람쉬움,84.97,6,2004,30000,40,2017-10-26,,,,,
강서구,11500,등촌동,634-2,11500-61,한사랑2삼성,59.85,3,1999,34000,0,2017-10-14,,,,,
강서구,11500,등촌동,634-2,11500-61,한사랑2삼성,84.96,9,1999,1000,30,2017-10-10,,,,,
강서구,11500,등촌동,635-6,11500-230,나성,59.8224,8,2003,32000,0,2017-10-26,,,,,
강서구,11500,등촌동,638,11500-44,서광등촌마을아파트,84.93,6,1999,40000,0,2017-10-14,,,,,
강서구,11500,등촌동,642,11500-52,제일(코오롱),84.83,17,1999,37500,0,2017-10-25,,,,,
강서구,11500,등촌동,655-27,11500-62,현대,84.62,17,1995,34500,0,2017-10-14,17.10~19.10,신규,,,
강서구,11500,등촌동,676,11500-60,태진아름,59.94,5,1995,21000,0,2017-10-18,17.11~18.03,신규,,,
강서구,11500,등촌동,687,11500-54,"등촌1,2단지주공아파트",41.85,10,1994,1000,65,2017-10-20,17.11~19.11,신규,,,
강서구,11500,등촌동,687,11500-54,"등촌1,2단지주공아파트",41.85,10,1994,19000,0,2017-10-14,,,,,
강서구,11500,등촌동,687,11500-54,"등촌1,2단지주공아파트",41.85,10,1994,19000,0,2017-10-14,,,,,
강서구,11500,등촌동,687,11500-54,"등촌1,2단지주공아파트",41.85,13,1994,18500,0,2017-10-28,,,,,
강서구,11500,등촌동,687,11500-54,"등촌1,2단지주공아파트",41.85,15,1994,17500,0,2017-10-09,,,,,
강서구,11500,등촌동,687,11500-54,"등촌1,2단지주공아파트",41.85,2,1994,3000,50,2017-10-13,,,,,
강서구,11500,등촌동,687,11500-54,"등촌1,2단지주공아파트",41.85,3,1994,3000,50,2017-10-09,,,,,
강서구,11500,등촌동,687,11500-54,"등촌1,2단지주공아파트",41.85,4,1994,17300,0,2017-10-25,,,,,
강서구,11500,등촌동,687,11500-54,"등촌1,2단지주공아파트",41.85,4,1994,19500,0,2017-10-17,17.11~19.11,신규,,,
강서구,11500,등촌동,687,11500-54,"등촌1,2단지주공아파트",41.85,5,1994,16000,0,2017-10-24,,,,,
강서구,11500,등촌동,687,11500-54,"등촌1,2단지주공아파트",41.85,8,1994,18000,0,2017-10-21,,,,,
강서구,11500,등촌동,687,11500-54,"등촌1,2단지주공아파트",49.94,11,1994,7000,30,2017-10-12,,,,,
강서구,11500,등촌동,687,11500-54,"등촌1,2단지주공아파트",49.94,15,1994,25000,0,2017-10-24,,,,,
강서구,11500,등촌동,687,11500-54,"등촌1,2단지주공아파트",49.94,3,1994,25000,0,2017-10-21,,,,,
강서구,11500,등촌동,688,11500-55,주공3,37.67,4,1995,2000,57,2017-10-31,,,,,
강서구,11500,등촌동,688,11500-55,주공3,37.67,4,1995,20000,0,2017-10-16,,,,,
강서구,11500,등촌동,688,11500-55,주공3,37.67,7,1995,21000,0,2017-10-09,,,,,
강서구,11500,등촌동,688,11500-55,주공3,58.14,1,1995,27000,0,2017-10-14,,,,,
강서구,11500,등촌동,688,11500-55,주공3,58.14,11,1995,30000,0,2017-10-18,,,,,
강서구,11500,등촌동,688,11500-55,주공3,58.14,15,1995,25000,0,2017-10-11,,,,,
강서구,11500,등촌동,688,11500-55,주공3,58.14,15,1995,26000,0,2017-10-24,,,,,
강서구,11500,등촌동,688,11500-55,주공3,58.14,7,1995,27000,0,2017-10-25,,,,,
강서구,11500,등촌동,688,11500-55,주공3,58.14,7,1995,29000,0,2017-10-12,,,,,
강서구,11500,등촌동,688,11500-55,주공3,58.14,9,1995,27500,0,2017-10-16,,,,,
강서구,11500,등촌동,690,11500-907,등촌4단지주공영구임대,26.37,4,1995,1582,14,2017-10-24,,,,,
강서구,11500,등촌동,691-1,11500-36,동성,150.05,7,1995,45000,0,2017-10-23,,,,,
강서구,11500,등촌동,691-3,11500-41,부영,80.64,10,1994,34000,0,2017-10-27,,,,,
강서구,11500,등촌동,691-3,11500-41,부영,80.64,12,1994,30000,15,2017-10-16,,,,,
강서구,11500,등촌동,691-3,11500-41,부영,80.64,12,1994,33000,10,2017-10-31,,,,,
강서구,11500,등촌동,691-3,11500-41,부영,80.64,13,1994,31000,0,2017-10-11,,,,,
강서구,11500,등촌동,691-3,11500-41,부영,80.64,15,1994,34500,0,2017-10-18,,,,,
강서구,11500,등촌동,691-3,11500-41,부영,80.64,2,1994,34000,0,2017-10-21,,,,,
강서구,11500,등촌동,691-3,11500-41,부영,80.64,2,1994,35000,0,2017-10-12,,,,,
강서구,11500,등촌동,694,11500-35,대림,89.975,1,1995,40000,0,2017-10-20,,,,,
강서구,11500,등촌동,694,11500-35,대림,89.975,19,1995,43000,0,2017-10-16,,,,,
강서구,11500,등촌동,695,11500-56,주공5,37.67,10,1995,20000,0,2017-10-14,,,,,
강서구,11500,등촌동,695,11500-56,주공5,37.67,6,1995,19000,0,2017-10-21,,,,,
강서구,11500,등촌동,695,11500-56,주공5,37.67,9,1995,19000,0,2017-10-23,,,,,
강서구,11500,등촌동,695,11500-56,주공5,58.14,1,1995,25000,0,2017-10-24,,,,,
강서구,11500,등촌동,695,11500-56,주공5,58.14,11,1995,29000,0,2017-10-19,,,,,
강서구,11500,등촌동,695,11500-56,주공5,58.14,3,1995,21000,0,2017-10-13,,,,,
강서구,11500,등촌동,695,11500-56,주공5,58.14,8,1995,28000,0,2017-10-23,,,,,
강서구,11500,등촌동,701,11500-58,"진로,미주아파트",84.96,2,1994,37500,0,2017-10-14,,,,,
강서구,11500,등촌동,701,11500-58,"진로,미주아파트",84.96,3,1994,37000,0,2017-10-19,,,,,
강서구,11500,등촌동,702,11500-53,주공10,37.67,12,1995,21500,0,2017-10-21,,,,,
강서구,11500,등촌동,702,11500-53,주공10,37.67,9,1995,20000,0,2017-10-12,,,,,
강서구,11500,등촌동,702,11500-53,주공10,58.14,12,1995,30000,0,2017-10-28,,,,,
강서구,11500,등촌동,702,11500-53,주공10,58.14,8,1995,28000,0,2017-10-28,,,,,
강서구,11500,등촌동,704,11500-384,등촌9단지영구임대,31.32,6,1994,591,4,2017-10-27,,,,,
강서구,11500,등촌동,705,11500-467,주공6단지,37.5,11,1995,1516,17,2017-10-16,,,,,
강서구,11500,등촌동,707,11500-57,"등촌7,8단지주공아파트",41.85,1,1994,19000,0,2017-10-21,,,,,
강서구,11500,등촌동,707,11500-57,"등촌7,8단지주공아파트",41.85,11,1994,22000,0,2017-10-10,,,,,
강서구,11500,등촌동,707,11500-57,"등촌7,8단지주공아파트",41.85,13,1994,20000,0,2017-10-26,,,,,
강서구,11500,등촌동,707,11500-57,"등촌7,8단지주공아파트",41.85,14,1994,17500,0,2017-10-13,,,,,
강서구,11500,등촌동,707,11500-57,"등촌7,8단지주공아파트",41.85,14,1994,21000,0,2017-10-21,,,,,
강서구,11500,등촌동,707,11500-57,"등촌7,8단지주공아파트",41.85,2,1994,10000,30,2017-10-28,,,,,
강서구,11500,등촌동,707,11500-57,"등촌7,8단지주공아파트",41.85,3,1994,20000,0,2017-10-27,,,,,
강서구,11500,등촌동,707,11500-57,"등촌7,8단지주공아파트",41.85,3,1994,21500,0,2017-10-21,,,,,
강서구,11500,등촌동,707,11500-57,"등촌7,8단지주공아파트",41.85,3,1994,22500,0,2017-10-24,,,,,
강서구,11500,등촌동,707,11500-57,"등촌7,8단지주공아파트",41.85,5,1994,10000,30,2017-10-23,,,,,
강서구,11500,등촌동,707,11500-57,"등촌7,8단지주공아파트",41.85,7,1994,20000,0,2017-10-30,,,,,
강서구,11500,등촌동,707,11500-57,"등촌7,8단지주공아파트",41.85,8,1994,10000,30,2017-10-25,,,,,
강서구,11500,등촌동,714,11500-232,코오롱하늘채,59.95,5,2003,32500,0,2017-10-26,,,,,
강서구,11500,등촌동,715,11500-263,등촌동아이파크,119.9031,17,2004,50000,0,2017-10-10,,,,,
강서구,11500,등촌동,715,11500-263,등촌동아이파크,134.9883,1,2004,60000,0,2017-10-28,,,,,
강서구,11500,등촌동,715,11500-263,등촌동아이파크,134.9883,10,2004,64000,0,2017-10-17,,,,,
강서구,11500,등촌동,715,11500-263,등촌동아이파크,165.8299,8,2004,60000,0,2017-10-27,,,,,
강서구,11500,등촌동,715,11500-263,등촌동아이파크,84.7556,13,2004,20000,95,2017-10-10,,,,,
강서구,11500,등촌동,715,11500-263,등촌동아이파크,84.7556,14,2004,45000,0,2017-10-10,,,,,
강서구,11500,등촌동,715,11500-263,등촌동아이파크,84.7556,5,2004,42000,0,2017-10-10,,,,,
강서구,11500,등촌동,715,11500-263,등촌동아이파크,84.7556,7,2004,46000,0,2017-10-19,17.10~19.10,신규,,,
강서구,11500,등촌동,715,11500-263,등촌동아이파크,84.9958,11,2004,3000,160,2017-10-14,,,,,
강서구,11500,등촌동,715,11500-263,등촌동아이파크,84.9958,15,2004,46000,0,2017-10-14,,,,,
강서구,11500,등촌동,715,11500-263,등촌동아이파크,84.9958,16,2004,46000,0,2017-10-30,,,,,
강서구,11500,등촌동,715,11500-263,등촌동아이파크,84.9958,3,2004,38700,0,2017-10-27,,,,,
강서구,11500,등촌동,715,11500-263,등촌동아이파크,84.9958,3,2004,46500,0,2017-10-28,,,,,
강서구,11500,등촌동,715,11500-263,등촌동아이파크,84.9958,5,2004,45000,0,2017-10-09,,,,,
강서구,11500,등촌동,715,11500-263,등촌동아이파크,84.9958,9,2004,30000,550,2017-10-13,,,,,
강서구,11500,마곡동,1171,11500-199,마곡현대아파트,59.92,13,1999,25000,0,2017-10-12,,,,,
강서구,11500,마곡동,1181,11500-213,마곡청구아파트,84.92,13,1998,30000,0,2017-10-21,,,,,
강서구,11500,마곡동,1252,11500-5165,마곡보타닉경남아너스빌,59.7672,2,2005,28000,0,2017-10-11,,,,,
강서구,11500,마곡동,1252,11500-5165,마곡보타닉경남아너스빌,84.9941,10,2005,38000,0,2017-10-14,,,,,
강서구,11500,마곡동,1252,11500-5165,마곡보타닉경남아너스빌,84.9941,12,2005,37000,0,2017-10-13,,,,,
강서구,11500,마곡동,1478,11500-198,마곡삼성아파트,59.95,5,1998,27000,0,2017-10-27,,,,,
강서구,11500,마곡동,1513,11500-5270,마곡경남아너스빌,84.98,10,2007,36000,0,2017-10-12,,,,,
강서구,11500,마곡동,1525,11500-5552,마곡푸르지오,114.72,4,2008,45000,0,2017-10-20,,,,,
강서구,11500,마곡동,1525,11500-5552,마곡푸르지오,59.87,5,2008,35000,0,2017-10-24,,,,,
강서구,11500,마곡동,1525,11500-5552,마곡푸르지오,84.99,3,2008,40000,0,2017-10-13,,,,,
강서구,11500,마곡동,1565,11500-191,길훈,65.88,10,1989,23000,0,2017-10-23,,,,,
강서구,11500,마곡동,1577,11500-189,마곡나루경남아파트,84.29,10,1991,30000,0,2017-10-16,,,,,
강서구,11500,마곡동,1577,11500-189,마곡나루경남아파트,84.29,8,1991,32000,0,2017-10-25,,,,,
강서구,11500,마곡동,1577,11500-189,마곡나루경남아파트,84.99,2,1991,10000,70,2017-10-23,,,,,
강서구,11500,마곡동,1589,11500-7244,마곡힐스테이트,59.99,10,2017,38000,18,2017-10-19,,,,,
강서구,11500,마곡동,1589,11500-7244,마곡힐스테이트,59.99,2,2017,42000,0,2017-10-28,,,,,
강서구,11500,마곡동,1589,11500-7244,마곡힐스테이트,84.89,7,2017,20000,120,2017-10-20,,,,,
강서구,11500,마곡동,422,11500-158,신안,59.98,8,1993,23000,0,2017-10-15,,,,,
강서구,11500,마곡동,422,11500-158,신안,59.98,9,1993,27000,0,2017-10-27,,,,,
강서구,11500,마곡동,429,11500-157,벽산,59.98,12,1999,27000,0,2017-10-12,,,,,
강서구,11500,마곡동,429,11500-157,벽산,59.98,12,1999,27000,0,2017-10-12,,,,,
강서구,11500,마곡동,429,11500-157,벽산,59.98,9,1999,26000,0,2017-10-25,,,,,
강서구,11500,마곡동,429,11500-157,벽산,84.97,15,1999,30000,0,2017-10-13,,,,,
강서구,11500,마곡동,429,11500-157,벽산,84.97,4,1999,32000,0,2017-10-13,,,,,
강서구,11500,마곡동,429,11500-157,벽산,84.97,9,1999,30000,0,2017-10-12,,,,,
강서구,11500,마곡동,716,11500-5140,한솔솔파크,59.81,3,2005,33000,0,2017-10-23,,,,,
강서구,11500,마곡동,716,11500-5140,한솔솔파크,59.81,5,2005,33000,0,2017-10-28,,,,,
강서구,11500,마곡동,716,11500-5140,한솔솔파크,84.87,15,2005,39000,0,2017-10-21,,,,,
강서구,11500,마곡동,716,11500-5140,한솔솔파크,84.87,9,2005,38000,0,2017-10-15,,,,,
강서구,11500,마곡동,738,11500-6900,마곡엠밸리4단지,114.86,11,2014,52000,0,2017-10-09,,,,,
강서구,11500,마곡동,738,11500-6900,마곡엠밸리4단지,114.86,11,2014,55000,0,2017-10-09,,,,,
강서구,11500,마곡동,738,11500-6900,마곡엠밸리4단지,84.56,3,2014,48000,0,2017-10-31,,,,,
강서구,11500,마곡동,738,11500-6900,마곡엠밸리4단지,84.56,7,2014,52000,0,2017-10-05,,,,,
강서구,11500,마곡동,738,11500-6900,마곡엠밸리4단지,84.85,7,2014,52000,0,2017-10-31,,,,,
강서구,11500,마곡동,740,11500-6908,마곡엠밸리5단지,84.91,14,2014,10000,150,2017-10-30,,,,,
강서구,11500,마곡동,740,11500-6908,마곡엠밸리5단지,84.92,15,2014,45000,0,2017-10-20,,,,,
강서구,11500,마곡동,743,11500-6893,마곡엠밸리6단지,59.79,3,2014,28400,0,2017-10-31,,,,,
강서구,11500,마곡동,743,11500-6893,마곡엠밸리6단지,84.99,10,2014,50000,0,2017-10-27,,,,,
강서구,11500,마곡동,743,11500-6893,마곡엠밸리6단지,84.99,6,2014,50000,0,2017-10-16,,,,,
강서구,11500,마곡동,743-4,11500-6892,마곡엠밸리7단지,114.86,10,2014,47000,0,2017-10-19,17.10~19.10,신규,,,
강서구,11500,마곡동,746,11500-7467,마곡엠밸리11단지,59.79,11,2016,41000,0,2017-10-29,,,,,
강서구,11500,마곡동,746-1,11500-7468,마곡엠밸리12단지,59.79,10,2016,26400,0,2017-10-13,,,,,
강서구,11500,마곡동,746-1,11500-7468,마곡엠밸리12단지,59.79,11,2016,40000,0,2017-10-14,,,,,
강서구,11500,마곡동,746-1,11500-7468,마곡엠밸리12단지,84.89,11,2016,50000,0,2017-10-28,,,,,
강서구,11500,마곡동,746-1,11500-7468,마곡엠밸리12단지,84.89,6,2016,50000,0,2017-10-23,,,,,
강서구,11500,마곡동,748,11500-7596,마곡13단지힐스테이트마스터,59.9825,12,2017,15000,90,2017-10-14,,,,,
강서구,11500,마곡동,748,11500-7596,마곡13단지힐스테이트마스터,59.9825,4,2017,42000,0,2017-10-24,,,,,
강서구,11500,마곡동,748,11500-7596,마곡13단지힐스테이트마스터,59.9855,13,2017,45000,0,2017-10-12,,,,,
강서구,11500,마곡동,748,11500-7596,마곡13단지힐스테이트마스터,84.9805,1,2017,48000,0,2017-10-19,,,,,
강서구,11500,마곡동,748,11500-7596,마곡13단지힐스테이트마스터,84.9805,1,2017,48000,0,2017-10-22,,,,,
강서구,11500,마곡동,748,11500-7596,마곡13단지힐스테이트마스터,84.9805,11,2017,5000,160,2017-10-31,,,,,
강서구,11500,마곡동,748,11500-7596,마곡13단지힐스테이트마스터,84.9805,12,2017,54000,0,2017-10-23,,,,,
강서구,11500,마곡동,748,11500-7596,마곡13단지힐스테이트마스터,84.9805,13,2017,50000,0,2017-10-02,,,,,
강서구,11500,마곡동,748,11500-7596,마곡13단지힐스테이트마스터,84.9805,15,2017,50000,0,2017-10-18,,,,,
강서구,11500,마곡동,748,11500-7596,마곡13단지힐스테이트마스터,84.9805,2,2017,55000,0,2017-10-28,,,,,
강서구,11500,마곡동,748,11500-7596,마곡13단지힐스테이트마스터,84.9805,5,2017,50000,0,2017-10-12,,,,,
강서구,11500,마곡동,748,11500-7596,마곡13단지힐스테이트마스터,84.9805,5,2017,52500,0,2017-10-17,,,,,
강서구,11500,마곡동,748,11500-7596,마곡13단지힐스테이트마스터,84.9805,6,2017,10000,135,2017-10-17,,,,,
강서구,11500,마곡동,748,11500-7596,마곡13단지힐스테이트마스터,84.9805,6,2017,50000,0,2017-10-15,17.12~19.12,신규,,,
강서구,11500,마곡동,748,11500-7596,마곡13단지힐스테이트마스터,84.9805,7,2017,5000,145,2017-10-13,,,,,
강서구,11500,마곡동,748,11500-7596,마곡13단지힐스테이트마스터,84.9881,15,2017,50000,0,2017-10-23,,,,,
강서구,11500,마곡동,750,11500-6868,마곡엠벨리(14단지),84.88,8,2014,50000,0,2017-10-02,,,,,
강서구,11500,마곡동,750,11500-6868,마곡엠벨리(14단지),84.93,16,2014,25593,0,2017-10-30,,,,,
강서구,11500,마곡동,750,11500-6868,마곡엠벨리(14단지),84.95,3,2014,48000,0,2017-10-17,,,,,
강서구,11500,방화동,493-10,11500-6789,노블하이츠,26.54,5,2013,1200,50,2017-10-25,17.11~18.11,신규,,,
강서구,11500,방화동,493-10,11500-6789,노블하이츠,27.4,5,2013,1200,50,2017-10-18,17.11~18.11,신규,,,
강서구,11500,방화동,546-1,11500-5164,방화3차우림필유,59.89,10,2005,30000,0,2017-10-20,,,,,
강서구,11500,방화동,547-11,11500-216,한오,47.06,6,1988,12000,0,2017-10-12,,,,,
강서구,11500,방화동,579,11500-376,마곡 한진해모로,59.92,5,2004,27000,0,2017-10-09,,,,,
강서구,11500,방화동,579,11500-376,마곡 한진해모로,84.93,1,2004,32000,0,2017-10-11,,,,,
강서구,11500,방화동,579,11500-376,마곡 한진해모로,84.97,10,2004,33000,0,2017-10-23,,,,,
강서구,11500,방화동,614-11,11500-208,원미,54.75,1,1988,13000,0,2017-10-26,,,,,
강서구,11500,방화동,615-103,11500-218,형제,73.92,3,1982,10500,0,2017-10-26,,,,,
강서구,11500,방화동,619-7,11500-6675,AirPalace(619-7),14.1,6,2013,3000,30,2017-10-18,,,,,
강서구,11500,방화동,619-7,11500-6675,AirPalace(619-7),14.5,5,2013,2000,35,2017-10-21,17.11~19.11,신규,,,
강서구,11500,방화동,619-7,11500-6675,AirPalace(619-7),14.5,6,2013,500,45,2017-10-19,,,,,
강서구,11500,방화동,793,11500-217,현대,59.89,4,1993,27000,0,2017-10-16,,,,,
강서구,11500,방화동,793,11500-217,현대,84.99,14,1993,34000,0,2017-10-31,,,,,
강서구,11500,방화동,793,11500-217,현대,84.99,6,1993,32000,0,2017-10-12,,,,,
강서구,11500,방화동,793,11500-217,현대,84.99,6,1993,34000,0,2017-10-27,,,,,
강서구,11500,방화동,793,11500-217,현대,84.99,8,1993,30000,0,2017-10-10,,,,,
강서구,11500,방화동,793,11500-217,현대,84.99,9,1993,30000,0,2017-10-30,,,,,
강서구,11500,방화동,796,11500-204,신동아,59.4,2,1995,26000,0,2017-10-12,,,,,
강서구,11500,방화동,796,11500-204,신동아,59.4,6,1995,25000,0,2017-10-14,,,,,
강서구,11500,방화동,804,11500-210,방화동진로아파트,84.96,3,1994,31000,0,2017-10-26,,,,,
강서구,11500,방화동,807,11500-5079,방화9단지,39.84,2,1996,2045,2,2017-10-24,,,,,
강서구,11500,방화동,814,11500-197,방화5,33.18,2,1994,12000,0,2017-10-15,,,,,
강서구,11500,방화동,814,11500-197,방화5,33.18,8,1994,15500,0,2017-10-27,,,,,
강서구,11500,방화동,814,11500-197,방화5,39.6,2,1994,2000,50,2017-10-14,,,,,
강서구,11500,방화동,814,11500-197,방화5,39.6,5,1994,2000,60,2017-10-11,,,,,
강서구,11500,방화동,814,11500-197,방화5,39.6,6,1994,2000,60,2017-10-20,,,,,
강서구,11500,방화동,814,11500-197,방화5,49.77,13,1994,2000,80,2017-10-14,,,,,
강서구,11500,방화동,814,11500-197,방화5,49.77,13,1994,24000,0,2017-10-31,,,,,
강서구,11500,방화동,814,11500-197,방화5,49.77,4,1994,7000,50,2017-10-13,,,,,
강서구,11500,방화동,814,11500-197,방화5,49.77,5,1994,23000,0,2017-10-20,,,,,
강서구,11500,방화동,817,11500-194,동성,64.65,5,1993,7000,70,2017-10-27,,,,,
강서구,11500,방화동,817,11500-194,동성,64.65,9,1993,15000,40,2017-10-28,,,,,
강서구,11500,방화동,817,11500-194,동성,76.8,13,1993,33000,0,2017-10-14,,,,,
강서구,11500,방화동,817,11500-194,동성,76.8,5,1993,20000,40,2017-10-02,,,,,
강서구,11500,방화동,817,11500-194,동성,84.95,7,1993,35000,0,2017-10-10,,,,,
강서구,11500,방화동,817,11500-194,동성,84.95,7,1993,35000,0,2017-10-25,,,,,
강서구,11500,방화동,819,11500-186,개화,101.86,3,1994,36500,0,2017-10-29,,,,,
강서구,11500,방화동,819,11500-186,개화,133.98,1,1994,39000,0,2017-10-25,,,,,
강서구,11500,방화동,831,11500-195,방화4단지,100.35,8,1994,38000,0,2017-10-30,,,,,
강서구,11500,방화동,831,11500-195,방화4단지,134.61,3,1994,39000,0,2017-10-09,,,,,
강서구,11500,방화동,832,11500-196,청솔,39.36,12,1994,19000,0,2017-10-26,,,,,
강서구,11500,방화동,832,11500-196,청솔,39.36,2,1994,16000,0,2017-10-26,,,,,
강서구,11500,방화동,832,11500-196,청솔,39.36,5,1994,12000,20,2017-10-12,,,,,
강서구,11500,방화동,832,11500-196,청솔,49.2,12,1994,2000,70,2017-10-20,,,,,
강서구,11500,방화동,832,11500-196,청솔,49.2,4,1994,24000,0,2017-10-20,,,,,
강서구,11500,방화동,839,11500-193,방화그린,33.6,10,1993,12000,0,2017-10-09,,,,,
강서구,11500,방화동,839,11500-193,방화그린,33.6,13,1993,15000,0,2017-10-17,,,,,
강서구,11500,방화동,839,11500-193,방화그린,33.6,2,1993,14000,0,2017-10-28,,,,,
강서구,11500,방화동,839,11500-193,방화그린,33.6,7,1993,14000,0,2017-10-31,,,,,
강서구,11500,방화동,839,11500-193,방화그린,33.6,8,1993,13500,0,2017-10-13,,,,,
강서구,11500,방화동,839,11500-193,방화그린,39.76,11,1993,15000,0,2017-10-20,,,,,
강서구,11500,방화동,839,11500-193,방화그린,39.76,12,1993,16000,0,2017-10-17,,,,,
강서구,11500,방화동,839,11500-193,방화그린,39.76,12,1993,17000,0,2017-10-27,,,,,
강서구,11500,방화동,839,11500-193,방화그린,39.76,15,1993,17500,0,2017-10-23,,,,,
강서구,11500,방화동,839,11500-193,방화그린,39.76,6,1993,16000,0,2017-10-11,,,,,
강서구,11500,방화동,839,11500-193,방화그린,39.76,7,1993,18000,0,2017-10-14,,,,,
강서구,11500,방화동,839,11500-193,방화그린,39.76,9,1993,16000,0,2017-10-28,,,,,
강서구,11500,방화동,839,11500-193,방화그린,49.77,3,1993,18000,0,2017-10-21,,,,,
강서구,11500,방화동,839,11500-193,방화그린,49.77,4,1993,15000,0,2017-10-12,,,,,
강서구,11500,방화동,841,11500-209,장미,39.96,13,1994,16000,0,2017-10-16,,,,,
강서구,11500,방화동,841,11500-209,장미,39.96,4,1994,17000,0,2017-10-17,,,,,
강서구,11500,방화동,841,11500-209,장미,59.04,14,1994,24000,0,2017-10-19,17.11~19.11,신규,,,
강서구,11500,방화동,841,11500-209,장미,59.04,9,1994,22500,0,2017-10-12,,,,,
강서구,11500,방화동,852,11500-192,마곡중앙하이츠아파트,39.58,14,1994,17500,0,2017-10-16,17.10~19.10,신규,,,
강서구,11500,방화동,852,11500-192,마곡중앙하이츠아파트,39.58,4,1994,16500,0,2017-10-26,,,,,
강서구,11500,방화동,852,11500-192,마곡중앙하이츠아파트,39.58,7,1994,18000,0,2017-10-05,,,,,
강서구,11500,방화동,852,11500-192,마곡중앙하이츠아파트,51.03,15,1994,21000,0,2017-10-28,,,,,
강서구,11500,방화동,852,11500-192,마곡중앙하이츠아파트,59.34,8,1994,23500,0,2017-10-16,,,,,
강서구,11500,방화동,858,11500-202,삼성꽃마을,59.99,11,1997,26000,0,2017-10-18,,,,,
강서구,11500,방화동,858,11500-202,삼성꽃마을,59.99,2,1997,16000,20,2017-10-19,,,,,
강서구,11500,방화동,858,11500-202,삼성꽃마을,84.41,12,1997,36000,0,2017-10-17,,,,,
강서구,11500,방화동,858,11500-202,삼성꽃마을,84.41,9,1997,20000,30,2017-10-16,17.10~19.10,신규,,,
강서구,11500,방화동,860,11500-211,마곡서광(치현마을),84.93,1,1998,25000,0,2017-10-23,,,,,
강서구,11500,방화동,867,11500-484,길성그랑프리텔,77.8,10,2002,13000,55,2017-10-30,,,,,
강서구,11500,방화동,867,11500-484,길성그랑프리텔,84.05,9,2002,35000,0,2017-10-31,,,,,
강서구,11500,방화동,868,11500-222,신안네트빌1단지,84.0164,11,2002,30000,0,2017-10-30,,,,,
강서구,11500,방화동,869,11500-223,신안네트빌2단지,84.0164,2,2002,10000,75,2017-10-14,,,,,
강서구,11500,방화동,870,11500-220,동부센트레빌,59.97,12,2003,30000,0,2017-10-25,,,,,
강서구,11500,방화동,870,11500-220,동부센트레빌,59.97,13,2003,19000,50,2017-10-28,,,,,
강서구,11500,방화동,871,11500-235,방신서광,84.3819,9,2003,28000,10,2017-10-15,,,,,
강서구,11500,방화동,873,11500-237,마곡우림1차아파트,84.971,12,2003,35000,0,2017-10-12,,,,,
강서구,11500,방화동,875,11500-233,방화동동부센트레빌(875번지),68.46,4,2003,4000,80,2017-10-27,,,,,
강서구,11500,방화동,875,11500-233,방화동동부센트레빌(875번지),84.97,10,2003,37000,0,2017-10-21,,,,,
강서구,11500,방화동,875,11500-233,방화동동부센트레빌(875번지),84.97,10,2003,38000,0,2017-10-21,,,,,
강서구,11500,방화동,875,11500-233,방화동동부센트레빌(875번지),84.97,7,2003,45000,0,2017-10-10,,,,,
강서구,11500,방화동,875,11500-233,방화동동부센트레빌(875번지),84.98,6,2003,30000,25,2017-10-25,,,,,
강서구,11500,방화동,880,11500-385,치현마을동일스위트리버,84.9829,9,2004,26000,0,2017-10-11,,,,,
강서구,11500,방화동,898,11500-6839,경동팰리스힐,12.35,3,2014,500,42,2017-10-23,,,,,
강서구,11500,방화동,899,11500-7165,새로나음,14.8,2,2015,8000,0,2017-10-20,,,,,
강서구,11500,염창동,240-32,11500-3,금호타운,59.88,1,1999,25000,20,2017-10-28,,,,,
강서구,11500,염창동,240-32,11500-3,금호타운,59.88,14,1999,30500,20,2017-10-14,,,,,
강서구,11500,염창동,240-32,11500-3,금호타운,59.88,5,1999,35000,0,2017-10-20,,,,,
강서구,11500,염창동,240-32,11500-3,금호타운,84.84,2,1999,40000,0,2017-10-22,,,,,
강서구,11500,염창동,244-2,11500-16,삼성한마음,59.94,4,1995,31000,0,2017-10-28,,,,,
강서구,11500,염창동,244-2,11500-16,삼성한마음,84.87,4,1995,39000,0,2017-10-21,,,,,
강서구,11500,염창동,245-1,11500-5247,이너스내안에201동,84.72,13,2006,38000,0,2017-10-13,,,,,
강서구,11500,염창동,246-23,11500-518,극동,59.9,10,2000,31000,0,2017-10-28,,,,,
강서구,11500,염창동,248-3,11500-15,삼성하나로,59.26,9,1994,29000,0,2017-10-20,,,,,
강서구,11500,염창동,255,11500-13,무학,114.92,18,1999,48000,0,2017-10-13,,,,,
강서구,11500,염창동,255,11500-13,무학,59.38,16,1999,30500,0,2017-10-27,,,,,
강서구,11500,염창동,255,11500-13,무학,84.64,14,1999,39000,0,2017-10-12,,,,,
강서구,11500,염창동,258-1,11500-7,동아3,59.7,3,1999,6000,80,2017-10-13,,,,,
강서구,11500,염창동,258-1,11500-7,동아3,59.83,16,1999,32500,0,2017-10-11,,,,,
강서구,11500,염창동,258-1,11500-7,동아3,59.83,2,1999,31000,0,2017-10-27,,,,,
강서구,11500,염창동,258-1,11500-7,동아3,59.83,2,1999,34000,0,2017-10-14,,,,,
강서구,11500,염창동,258-1,11500-7,동아3,84.87,13,1999,40000,0,2017-10-28,,,,,
강서구,11500,염창동,258-1,11500-7,동아3,84.87,21,1999,40000,0,2017-10-10,,,,,
강서구,11500,염창동,263,11500-26,태진한솔,58.87,10,1994,31000,0,2017-10-27,,,,,
강서구,11500,염창동,263,11500-26,태진한솔,58.87,2,1994,30000,0,2017-10-10,,,,,
강서구,11500,염창동,263,11500-26,태진한솔,84.97,6,1994,39000,0,2017-10-16,,,,,
강서구,11500,염창동,263-2,11500-24,주상복합태진가람,58.86,7,1995,26000,0,2017-10-26,,,,,
강서구,11500,염창동,264-27,11500-17,삼성한아름,84.89,4,1993,34000,0,2017-10-20,,,,,
강서구,11500,염창동,265-28,11500-5415,보람더하임105동,103.37,2,2007,45000,0,2017-10-19,,,,,
강서구,11500,염창동,270-1,11500-25,태영,59.97,12,1999,30000,0,2017-10-17,,,,,
강서구,11500,염창동,270-1,11500-25,태영,59.97,14,1999,30000,0,2017-10-10,,,,,
강서구,11500,염창동,271-4,11500-5181,염창2차보람,84.97,4,2005,43000,0,2017-10-26,,,,,
강서구,11500,염창동,271-5,11500-5226,염창2차보람,82.53,10,2006,38000,0,2017-10-10,,,,,
강서구,11500,염창동,272-11,11500-464,롯데캐슬,134.5767,6,2005,10000,180,2017-10-28,,,,,
강서구,11500,염창동,272-11,11500-464,롯데캐슬,84.9519,1,2005,40000,50,2017-10-14,18.01~20.01,신규,,,
강서구,11500,염창동,272-28,11500-224,염창3우성,84.9,7,1993,38000,0,2017-10-28,,,,,
강서구,11500,염창동,272-28,11500-224,염창3우성,84.96,13,1993,36000,0,2017-10-17,,,,,
강서구,11500,염창동,272-28,11500-224,염창3우성,84.96,6,1993,22000,50,2017-10-27,,,,,
강서구,11500,염창동,280,11500-2,극동상록수,59.91,3,1999,32000,0,2017-10-16,,,,,
강서구,11500,염창동,281-22,11500-465,염창1차한화꿈에그린,59.94,7,2005,30000,59,2017-10-21,,,,,
강서구,11500,염창동,281-22,11500-465,염창1차한화꿈에그린,67.43,13,2005,50000,0,2017-10-21,,,,,
강서구,11500,염창동,281-22,11500-465,염창1차한화꿈에그린,84.93,8,2005,53000,0,2017-10-30,,,,,
강서구,11500,염창동,282-19,11500-5104,현대아이파크,84.84,5,2005,47000,0,2017-10-25,,,,,
강서구,11500,염창동,287-1,11500-23,우성2,65.88,1,1992,28000,0,2017-10-23,,,,,
강서구,11500,염창동,287-1,11500-23,우성2,84.7,3,1992,34000,0,2017-10-26,,,,,
강서구,11500,염창동,288,11500-28,현대1,84.34,10,1994,37000,0,2017-10-28,,,,,
강서구,11500,염창동,288,11500-28,현대1,84.34,3,1994,34000,0,2017-10-19,,,,,
강서구,11500,염창동,288,11500-28,현대1,84.96,13,1994,35000,0,2017-10-25,,,,,
강서구,11500,염창동,289,11500-21,신동아,59.82,3,1995,28000,0,2017-10-29,,,,,
강서구,11500,염창동,290,11500-14,벽산늘푸른,59.97,1,1998,26500,0,2017-10-15,,,,,
강서구,11500,염창동,290,11500-14,벽산늘푸른,59.97,14,1998,29000,0,2017-10-28,,,,,
강서구,11500,염창동,290,11500-14,벽산늘푸른,84.94,14,1998,40000,0,2017-10-30,,,,,
강서구,11500,염창동,290,11500-14,벽산늘푸른,84.94,2,1998,35500,0,2017-10-20,,,,,
강서구,11500,염창동,291,11500-30,현대3,59.92,12,1996,29500,0,2017-10-23,,,,,
강서구,11500,염창동,291,11500-30,현대3,59.92,14,1996,23000,0,2017-10-30,,,,,
강서구,11500,염창동,291,11500-30,현대3,83.71,5,1996,34000,0,2017-10-21,,,,,
강서구,11500,염창동,292,11500-6,동아,114.84,8,1998,40000,0,2017-10-10,,,,,
강서구,11500,염창동,292,11500-6,동아,59.97,11,1998,7000,70,2017-10-28,,,,,
강서구,11500,염창동,292,11500-6,동아,59.97,13,1998,10000,60,2017-10-27,17.10~19.10,신규,,,
강서구,11500,염창동,292,11500-6,동아,59.97,15,1998,29000,0,2017-10-25,,,,,
강서구,11500,염창동,292,11500-6,동아,59.97,17,1998,29000,0,2017-10-21,,,,,
강서구,11500,염창동,292,11500-6,동아,84.95,17,1998,40000,0,2017-10-22,,,,,
강서구,11500,염창동,292,11500-6,동아,84.95,2,1998,37000,0,2017-10-29,,,,,
강서구,11500,염창동,293,11500-27,한강동아,59.97,10,1998,30000,0,2017-10-16,,,,,
강서구,11500,염창동,293,11500-27,한강동아,59.97,17,1998,31000,0,2017-10-27,,,,,
강서구,11500,염창동,293,11500-27,한강동아,84.96,13,1998,42000,0,2017-10-19,,,,,
강서구,11500,염창동,295,11500-20,성원,59.91,3,2001,29000,0,2017-10-14,,,,,
강서구,11500,염창동,295,11500-20,성원,59.91,8,2001,27000,0,2017-10-13,,,,,
강서구,11500,염창동,295,11500-20,성원,84.81,6,2001,39300,0,2017-10-20,,,,,
강서구,11500,염창동,296,11500-270,태진드림피아,84.629,11,2003,39000,0,2017-10-28,,,,,
강서구,11500,염창동,299,11500-466,강변힐스테이트,59.9,2,2005,39000,0,2017-10-16,,,,,
강서구,11500,염창동,299,11500-466,강변힐스테이트,84.99,1,2005,43000,0,2017-10-27,,,,,
강서구,11500,염창동,299,11500-466,강변힐스테이트,84.99,4,2005,45000,0,2017-10-28,,,,,
강서구,11500,염창동,300,11500-5105,강변한솔솔파크,84.69,3,2005,41500,0,2017-10-23,,,,,
강서구,11500,염창동,300,11500-5105,강변한솔솔파크,84.97,16,2005,45000,0,2017-10-21,,,,,
강서구,11500,염창동,300,11500-5105,강변한솔솔파크,84.97,6,2005,42000,0,2017-10-16,,,,,
강서구,11500,염창동,302,11500-5206,염창2차한화꿈에그린,84.99,1,2006,46000,0,2017-10-11,,,,,
강서구,11500,염창동,302,11500-5206,염창2차한화꿈에그린,84.99,14,2006,48000,0,2017-10-28,,,,,
강서구,11500,염창동,305,11500-5406,염창1차보람더하임,84.98,10,2008,50000,0,2017-10-27,,,,,
강서구,11500,염창동,306,11500-5933,염창힐스테이트,84.862,14,2009,52000,0,2017-10-20,,,,,
강서구,11500,염창동,307,11500-6212,이너스내안에,84.41,7,2011,40000,0,2017-10-26,,,,,
강서구,11500,염창동,307,11500-6212,이너스내안에,84.78,6,2011,41000,0,2017-10-26,,,,,
강서구,11500,염창동,308,11500-6884,강서쌍용예가,59.9194,8,2014,45000,0,2017-10-18,,,,,
강서구,11500,염창동,66-9,11500-495,염창동한강우성,65.88,11,1990,26000,0,2017-10-20,,,,,
강서구,11500,화곡동,1014-12,11500-338,은하수,99.34,7,2004,31000,0,2017-10-24,,,,,
강서구,11500,화곡동,1026-2,11500-282,덕현타워,82.34,1,2003,25000,0,2017-10-23,,,,,
강서구,11500,화곡동,1059-19,11500-5271,화곡한강,87.97,3,2007,28000,0,2017-10-23,,,,,
강서구,11500,화곡동,1071-19,11500-6652,강서뉴타워,82.88,13,2013,32000,0,2017-10-30,,,,,
강서구,11500,화곡동,1074-18,11500-119,서부인터빌아파트,83.567,10,2002,29000,0,2017-10-23,,,,,
강서구,11500,화곡동,1091,11500-120,화곡푸르지오,104.75,2,2002,46000,0,2017-10-24,,,,,
강서구,11500,화곡동,1091,11500-120,화곡푸르지오,104.75,2,2002,46000,0,2017-10-31,,,,,
강서구,11500,화곡동,1091,11500-120,화곡푸르지오,125.021,3,2002,49200,0,2017-10-26,,,,,
강서구,11500,화곡동,1091,11500-120,화곡푸르지오,125.021,8,2002,30000,0,2017-10-16,,,,,
강서구,11500,화곡동,1091,11500-120,화곡푸르지오,129.204,12,2002,48000,0,2017-10-30,,,,,
강서구,11500,화곡동,1091,11500-120,화곡푸르지오,129.204,12,2002,50000,0,2017-10-27,,,,,
강서구,11500,화곡동,1091,11500-120,화곡푸르지오,156.876,1,2002,50000,0,2017-10-21,17.11~19.10,신규,,,
강서구,11500,화곡동,1091,11500-120,화곡푸르지오,156.876,13,2002,54000,0,2017-10-23,,,,,
강서구,11500,화곡동,1091,11500-120,화곡푸르지오,156.876,2,2002,53000,0,2017-10-25,,,,,
강서구,11500,화곡동,1091,11500-120,화곡푸르지오,84.914,4,2002,32000,0,2017-10-12,,,,,
강서구,11500,화곡동,1091,11500-120,화곡푸르지오,84.94,12,2002,30000,45,2017-10-12,,,,,
강서구,11500,화곡동,1091,11500-120,화곡푸르지오,84.94,6,2002,39000,0,2017-10-09,,,,,
강서구,11500,화곡동,1091,11500-120,화곡푸르지오,84.94,8,2002,44000,0,2017-10-21,,,,,
강서구,11500,화곡동,1095,11500-6063,그랜드아이파크,112.46,5,2010,40000,0,2017-10-14,,,,,
강서구,11500,화곡동,1095,11500-6063,그랜드아이파크,123.48,17,2010,50000,0,2017-10-14,,,,,
강서구,11500,화곡동,1111-3,11500-6624,경동엠파이어스테이트,18.915,5,2012,13000,0,2017-10-24,,,,,
강서구,11500,화곡동,1130-1,11500-84,송이,116.73,8,1999,3400,90,2017-10-17,,,,,
강서구,11500,화곡동,1138,11500-85,신도금잔디,113.04,3,1998,32000,0,2017-10-18,,,,,
강서구,11500,화곡동,1139,11500-103,초록,49.77,12,1998,20500,0,2017-10-25,,,,,
강서구,11500,화곡동,1139,11500-103,초록,49.77,6,1998,20000,0,2017-10-10,,,,,
강서구,11500,화곡동,1139,11500-103,초록,59.34,1,1998,15000,40,2017-10-28,,,,,
강서구,11500,화곡동,1139,11500-103,초록,59.34,10,1998,28000,0,2017-10-30,,,,,
강서구,11500,화곡동,1139,11500-103,초록,59.34,5,1998,27000,0,2017-10-19,17.10~19.10,신규,,,
강서구,11500,화곡동,1139,11500-103,초록,84.07,3,1998,37000,0,2017-10-14,,,,,
강서구,11500,화곡동,1145,11500-242,우장산롯데캐슬,177.86,15,2003,60000,0,2017-10-18,,,,,
강서구,11500,화곡동,1145,11500-242,우장산롯데캐슬,177.86,4,2003,58000,0,2017-10-14,,,,,
강서구,11500,화곡동,1145,11500-242,우장산롯데캐슬,85,1,2003,44000,0,2017-10-14,,,,,
강서구,11500,화곡동,1145,11500-242,우장산롯데캐슬,85,18,2003,46000,0,2017-10-14,,,,,
강서구,11500,화곡동,1148,11500-347,우장산롯데,84.98,4,2004,39000,0,2017-10-19,,,,,
강서구,11500,화곡동,1151,11500-350,우장산한화꿈에그린,120.11,3,2004,46000,0,2017-10-21,,,,,
강서구,11500,화곡동,1158,11500-5251,우장산에스케이뷰,116.92,4,2006,50000,0,2017-10-28,,,,,
강서구,11500,화곡동,1159,11500-5419,"우장산아이파크,이편한세상",101.65,8,2008,58000,0,2017-10-11,,,,,
강서구,11500,화곡동,1159,11500-5419,"우장산아이파크,이편한세상",114.98,2,2008,60000,0,2017-10-23,,,,,
강서구,11500,화곡동,1159,11500-5419,"우장산아이파크,이편한세상",114.98,5,2008,65000,0,2017-10-28,,,,,
강서구,11500,화곡동,1159,11500-5419,"우장산아이파크,이편한세상",114.98,9,2008,62000,0,2017-10-17,,,,,
강서구,11500,화곡동,1159,11500-5419,"우장산아이파크,이편한세상",59.98,11,2008,3000,150,2017-10-19,,,,,
강서구,11500,화곡동,1159,11500-5419,"우장산아이파크,이편한세상",59.98,11,2008,43000,0,2017-10-30,,,,,
강서구,11500,화곡동,1159,11500-5419,"우장산아이파크,이편한세상",59.98,16,2008,44000,0,2017-10-18,,,,,
강서구,11500,화곡동,1159,11500-5419,"우장산아이파크,이편한세상",59.98,18,2008,45000,0,2017-10-30,,,,,
강서구,11500,화곡동,1159,11500-5419,"우장산아이파크,이편한세상",59.98,7,2008,37000,0,2017-10-14,,,,,
강서구,11500,화곡동,1159,11500-5419,"우장산아이파크,이편한세상",59.98,9,2008,10000,95,2017-10-13,,,,,
강서구,11500,화곡동,1159,11500-5419,"우장산아이파크,이편한세상",59.98,9,2008,45000,0,2017-10-27,,,,,
강서구,11500,화곡동,1159,11500-5419,"우장산아이파크,이편한세상",84.97,10,2008,16000,0,2017-10-12,,,,,
강서구,11500,화곡동,1159,11500-5419,"우장산아이파크,이편한세상",84.97,7,2008,54000,0,2017-10-31,,,,,
강서구,11500,화곡동,1159,11500-5419,"우장산아이파크,이편한세상",84.97,8,2008,30000,75,2017-10-09,,,,,
강서구,11500,화곡동,1159,11500-5419,"우장산아이파크,이편한세상",84.97,9,2008,40000,30,2017-10-31,,,,,
강서구,11500,화곡동,1161,11500-6622,강서동도센트리움,14.677,2,2012,500,45,2017-10-21,,,,,
강서구,11500,화곡동,1161,11500-6622,강서동도센트리움,14.677,2,2012,8800,0,2017-10-06,,,,,
강서구,11500,화곡동,1161,11500-6622,강서동도센트리움,14.677,3,2012,2000,35,2017-10-20,,,,,
강서구,11500,화곡동,1161,11500-6622,강서동도센트리움,14.677,3,2012,8500,0,2017-10-21,,,,,
강서구,11500,화곡동,1161,11500-6622,강서동도센트리움,14.677,3,2012,9500,0,2017-10-21,,,,,
강서구,11500,화곡동,1161,11500-6622,강서동도센트리움,14.677,4,2012,1000,41,2017-10-08,17.10~18.10,신규,,,
강서구,11500,화곡동,1161,11500-6622,강서동도센트리움,14.677,5,2012,3000,30,2017-10-16,,,,,
강서구,11500,화곡동,1165,11500-6919,강서힐스테이트,119.63,4,2015,15000,170,2017-10-19,,,,,
강서구,11500,화곡동,1165,11500-6919,강서힐스테이트,128.81,1,2015,10000,190,2017-10-11,,,,,
강서구,11500,화곡동,1165,11500-6919,강서힐스테이트,128.81,10,2015,63000,0,2017-10-05,,,,,
강서구,11500,화곡동,1165,11500-6919,강서힐스테이트,128.81,12,2015,70500,0,2017-10-11,,,,,
강서구,11500,화곡동,1165,11500-6919,강서힐스테이트,128.81,13,2015,40000,90,2017-10-02,,,,,
강서구,11500,화곡동,1165,11500-6919,강서힐스테이트,128.81,2,2015,64000,0,2017-10-29,,,,,
강서구,11500,화곡동,1165,11500-6919,강서힐스테이트,128.81,5,2015,58000,0,2017-10-21,,,,,
강서구,11500,화곡동,1165,11500-6919,강서힐스테이트,152.1,12,2015,78000,0,2017-10-02,,,,,
강서구,11500,화곡동,1165,11500-6919,강서힐스테이트,59.99,14,2015,44000,0,2017-10-08,17.10~19.10,갱신,,42000,
강서구,11500,화곡동,1165,11500-6919,강서힐스테이트,59.99,15,2015,44000,0,2017-10-28,,,,,
강서구,11500,화곡동,1165,11500-6919,강서힐스테이트,59.99,2,2015,5000,110,2017-10-21,,,,,
강서구,11500,화곡동,1165,11500-6919,강서힐스테이트,59.99,4,2015,46500,0,2017-10-31,,,,,
강서구,11500,화곡동,1165,11500-6919,강서힐스테이트,59.99,9,2015,42000,0,2017-10-30,,,,,
강서구,11500,화곡동,1165,11500-6919,강서힐스테이트,84.99,1,2015,53000,0,2017-10-30,,,,,
강서구,11500,화곡동,1165,11500-6919,강서힐스테이트,84.99,10,2015,32000,0,2017-10-31,,,,,
강서구,11500,화곡동,1165,11500-6919,강서힐스테이트,84.99,15,2015,35000,60,2017-10-24,,,,,
강서구,11500,화곡동,1165,11500-6919,강서힐스테이트,84.99,15,2015,55000,0,2017-10-12,,,,,
강서구,11500,화곡동,1165,11500-6919,강서힐스테이트,84.99,17,2015,10000,135,2017-10-24,,,,,
강서구,11500,화곡동,1165,11500-6919,강서힐스테이트,84.99,18,2015,53500,0,2017-10-16,,,,,
강서구,11500,화곡동,1165,11500-6919,강서힐스테이트,84.99,2,2015,40000,50,2017-10-30,,,,,
강서구,11500,화곡동,1165,11500-6919,강서힐스테이트,84.99,2,2015,55000,0,2017-10-18,,,,,
강서구,11500,화곡동,1165,11500-6919,강서힐스테이트,84.99,2,2015,56000,0,2017-10-28,,,,,
강서구,11500,화곡동,1165,11500-6919,강서힐스테이트,84.99,20,2015,54000,0,2017-10-31,,,,,
강서구,11500,화곡동,1165,11500-6919,강서힐스테이트,84.99,3,2015,55000,0,2017-10-26,,,,,
강서구,11500,화곡동,1165,11500-6919,강서힐스테이트,84.99,6,2015,54500,0,2017-10-26,,,,,
강서구,11500,화곡동,143-40,11500-6763,태민빌딩(143-40),23.47,4,2013,10000,24,2017-10-14,,,,,
강서구,11500,화곡동,24-136,11500-6424,아델리아Ⅲ,15.53,6,2012,8500,0,2017-10-10,,,,,
강서구,11500,화곡동,24-136,11500-6424,아델리아Ⅲ,15.53,7,2012,5000,24,2017-10-28,,,,,
강서구,11500,화곡동,342-35,11500-5254,근상프리즘(342-35),84.07,3,2006,30000,0,2017-10-31,,,,,
강서구,11500,화곡동,343-41,11500-6029,다담센트빌,52.89,5,2010,20000,0,2017-10-30,,,,,
강서구,11500,화곡동,343-41,11500-6029,다담센트빌,52.89,5,2010,20000,0,2017-10-30,,,,,
강서구,11500,화곡동,343-56,11500-6173,블루힐(343-56),12.52,5,2011,7000,0,2017-10-25,,,,,
강서구,11500,화곡동,351-89,11500-101,중앙화곡하이츠,74.16,5,1988,19000,0,2017-10-28,,,,,
강서구,11500,화곡동,354-54,11500-111,화곡동복지,53.94,2,1974,10000,0,2017-10-21,,,,,
강서구,11500,화곡동,361-1,11500-76,대림e편한세상,84.84,4,1992,29000,0,2017-10-11,,,,,
강서구,11500,화곡동,361-1,11500-76,대림e편한세상,84.84,4,1992,33000,0,2017-10-28,,,,,
강서구,11500,화곡동,897-2,11500-7668,루체비스타,23.66,5,2017,17500,0,2017-10-15,,,,,
강서구,11500,화곡동,897-2,11500-7668,루체비스타,23.66,5,2017,18200,0,2017-10-30,,,,,
강서구,11500,화곡동,897-2,11500-7668,루체비스타,24.67,5,2017,17000,0,2017-10-19,,,,,
강서구,11500,화곡동,897-2,11500-7668,루체비스타,29.47,5,2017,19500,0,2017-10-15,,,,,
강서구,11500,화곡동,899-2,11500-7109,세림,21.64,10,2015,3000,55,2017-10-12,,,,,
강서구,11500,화곡동,899-2,11500-7109,세림,21.64,13,2015,15000,0,2017-10-14,,,,,
강서구,11500,화곡동,899-2,11500-7109,세림,21.64,6,2015,16000,0,2017-10-12,,,,,
강서구,11500,화곡동,899-4,11500-7666,동양하우징(899-4),28.18,13,2017,19000,0,2017-10-10,17.09~19.09,신규,,,
강서구,11500,화곡동,900-28,11500-7611,에스타워,29.86,4,2017,18000,0,2017-10-09,,,,,
강서구,11500,화곡동,914-17,11500-6462,행복타운2(914-17),12.39,7,2012,4300,17,2017-10-26,,,,,
강서구,11500,화곡동,916-11,11500-7481,찬누리,29.93,9,2016,2000,65,2017-10-14,,,,,
강서구,11500,화곡동,918-25,11500-6801,AndPra레지던스,15.26,10,2013,2000,50,2017-10-12,,,,,
강서구,11500,화곡동,919-1,11500-332,유림노르웨이숲(919-1),76.23,10,2004,24000,0,2017-10-08,,,,,
강서구,11500,화곡동,920-15,11500-7595,남광아파트,45.99,9,2017,25000,0,2017-10-13,,,,,
강서구,11500,화곡동,922-16,11500-7164,동성아파트,25.65,7,2015,14000,0,2017-10-31,,,,,
강서구,11500,화곡동,925-17,11500-6787,프라임하우스(925-17),37.18,12,2013,16500,0,2017-10-27,,,,,
강서구,11500,화곡동,925-17,11500-6787,프라임하우스(925-17),37.18,7,2013,18000,0,2017-10-16,,,,,
강서구,11500,화곡동,925-3,11500-6715,SRvill(925-3),30.29,9,2013,15000,0,2017-10-28,,,,,
강서구,11500,화곡동,926-5,11500-6746,한양아이클래스,13.79,5,2013,2000,28,2017-10-20,,,,,
강서구,11500,화곡동,927-1,11500-94,웰라이빌,79.87,14,2000,20000,10,2017-10-09,,,,,
강서구,11500,화곡동,957-1,11500-336,근상프리즘(957-1),82.92,5,2003,24000,0,2017-10-02,,,,,
강서구,11500,화곡동,980-21,11500-5131,강서아이파크,83.077,13,2005,30000,0,2017-10-31,,,,,
관악구,11620,남현동,1072-49,11620-175,예촌A,75.44,5,2004,10000,65,2017-10-22,,,,,
관악구,11620,남현동,1135,11620-204,우림루미아트,84.51,2,2004,46000,0,2017-10-27,,,,,
관악구,11620,남현동,1136,11620-205,남현동한일유앤아이,84.99,11,2005,43000,0,2017-10-09,,,,,
관악구,11620,남현동,1136,11620-205,남현동한일유앤아이,84.99,4,2005,35200,0,2017-10-23,,,,,
관악구,11620,남현동,1138,11620-4343,예성그랑펠리체,111.21,7,2007,45000,70,2017-10-16,,,,,
관악구,11620,남현동,1138,11620-4343,예성그랑펠리체,83.45,1,2007,31000,60,2017-10-31,,,,,
관악구,11620,남현동,1138,11620-4343,예성그랑펠리체,83.45,7,2007,30000,80,2017-10-26,,,,,
관악구,11620,남현동,602-17,11620-5546,다청림라인씨티,32.15,7,2016,26000,0,2017-10-10,,,,,
관악구,11620,남현동,602-26,11620-5571,M_STUDIO,15.32,3,2016,1000,56,2017-10-27,,,,,
관악구,11620,남현동,602-26,11620-5571,M_STUDIO,15.51,3,2016,2000,60,2017-10-14,,,,,
관악구,11620,봉천동,100-20,11620-5554,더갤러리테라스,35.98,7,2016,28000,0,2017-10-24,,,,,
관악구,11620,봉천동,1000,11620-28,현대(관악),105.84,13,1992,40000,0,2017-10-28,,,,,
관악구,11620,봉천동,1000,11620-28,현대(관악),116.72,13,1992,41500,0,2017-10-31,,,,,
관악구,11620,봉천동,1000,11620-28,현대(관악),116.72,8,1992,42500,0,2017-10-31,,,,,
관악구,11620,봉천동,1000,11620-28,현대(관악),123.29,4,1992,39000,0,2017-10-24,,,,,
관악구,11620,봉천동,1000,11620-28,현대(관악),58.59,10,1992,20000,15,2017-10-09,,,,,
관악구,11620,봉천동,1000,11620-28,현대(관악),58.59,2,1992,10000,60,2017-10-24,,,,,
관악구,11620,봉천동,1000,11620-28,현대(관악),58.59,3,1992,20000,20,2017-10-26,,,,,
관악구,11620,봉천동,1000,11620-28,현대(관악),58.59,5,1992,4000,80,2017-10-12,,,,,
관악구,11620,봉천동,1000,11620-28,현대(관악),68.8,11,1992,29000,4,2017-10-26,,,,,
관악구,11620,봉천동,1000,11620-28,현대(관악),68.8,12,1992,29000,0,2017-10-10,,,,,
관악구,11620,봉천동,1000,11620-28,현대(관악),68.8,3,1992,30000,0,2017-10-21,,,,,
관악구,11620,봉천동,1000,11620-28,현대(관악),68.8,6,1992,30000,0,2017-10-20,,,,,
관악구,11620,봉천동,1000,11620-28,현대(관악),84.74,1,1992,27000,24,2017-10-19,,,,,
관악구,11620,봉천동,1021,11620-25,일두(1021),38.92,6,1985,13000,0,2017-10-18,,,,,
관악구,11620,봉천동,1522-30,11620-4568,금강아미움(103동),71.1203,3,2010,25000,60,2017-10-22,,,,,
관악구,11620,봉천동,1560-61,11620-4341,서울대입구아이원(1560-61),59.96,1,2006,36000,0,2017-10-13,,,,,
관악구,11620,봉천동,1560-61,11620-4341,서울대입구아이원(1560-61),59.96,13,2006,41000,0,2017-10-18,,,,,
관악구,11620,봉천동,1560-61,11620-4341,서울대입구아이원(1560-61),84.89,10,2006,40000,45,2017-10-20,,,,,
관악구,11620,봉천동,1591-2,11620-17,서울대입구삼성,59.78,11,1999,35000,0,2017-10-20,,,,,
관악구,11620,봉천동,1591-2,11620-17,서울대입구삼성,59.78,5,1999,35000,0,2017-10-29,,,,,
관악구,11620,봉천동,1591-2,11620-17,서울대입구삼성,84.85,4,1999,46000,0,2017-10-25,,,,,
관악구,11620,봉천동,1605-1,11620-129,신성새실마을101동,83.97,4,2004,38000,0,2017-10-13,,,,,
관악구,11620,봉천동,1605-39,11620-191,신성새실마을102동,90.4,2,2005,41000,0,2017-10-14,,,,,
관악구,11620,봉천동,1629-2,11620-10,동아타운,28.8,10,1999,5000,55,2017-10-09,,,,,
관악구,11620,봉천동,1629-2,11620-10,동아타운,32.76,4,1999,14000,20,2017-10-28,,,,,
관악구,11620,봉천동,1698-1,11620-14,보라매삼성,84.84,12,1996,35500,0,2017-10-27,,,,,
관악구,11620,봉천동,1698-1,11620-14,보라매삼성,84.84,13,1996,37000,0,2017-10-24,,,,,
관악구,11620,봉천동,1698-1,11620-14,보라매삼성,84.84,13,1996,42000,0,2017-10-25,,,,,
관악구,11620,봉천동,1698-1,11620-14,보라매삼성,84.84,7,1996,42000,0,2017-10-14,,,,,
관악구,11620,봉천동,1701,11620-2,건영6,82.75,7,1999,44500,0,2017-10-24,,,,,
관악구,11620,봉천동,1703,11620-9,봉천동아,84.87,17,2000,41000,0,2017-10-23,,,,,
관악구,11620,봉천동,1703,11620-9,봉천동아,84.87,24,2000,42000,0,2017-10-21,,,,,
관악구,11620,봉천동,1703,11620-9,봉천동아,84.87,5,2000,30000,0,2017-10-06,,,,,
관악구,11620,봉천동,1705,11620-19,신봉,59.75,10,1999,28000,0,2017-10-13,,,,,
관악구,11620,봉천동,1705,11620-19,신봉,59.75,5,1999,27000,0,2017-10-29,,,,,
관악구,11620,봉천동,1706,11620-21,봉천우성,114.78,10,2000,43500,0,2017-10-16,,,,,
관악구,11620,봉천동,1706,11620-21,봉천우성,114.78,13,2000,44000,0,2017-10-23,,,,,
관악구,11620,봉천동,1706,11620-21,봉천우성,114.78,14,2000,46000,0,2017-10-20,,,,,
관악구,11620,봉천동,1706,11620-21,봉천우성,59.76,1,2000,32000,0,2017-10-11,,,,,
관악구,11620,봉천동,1706,11620-21,봉천우성,59.76,17,2000,32000,0,2017-10-30,,,,,
관악구,11620,봉천동,1706,11620-21,봉천우성,59.76,19,2000,31000,0,2017-10-21,,,,,
관악구,11620,봉천동,1706,11620-21,봉천우성,59.76,23,2000,32000,0,2017-10-27,,,,,
관악구,11620,봉천동,1706,11620-21,봉천우성,84.96,2,2000,37500,0,2017-10-14,,,,,
관악구,11620,봉천동,1706,11620-21,봉천우성,84.96,23,2000,33000,25,2017-10-14,,,,,
관악구,11620,봉천동,1706,11620-21,봉천우성,84.96,9,2000,34500,0,2017-10-14,,,,,
관악구,11620,봉천동,1706-1,11620-4534,우성(임대),30.42,14,2000,3001,0,2017-10-27,,,,,
관악구,11620,봉천동,1706-1,11620-4534,우성(임대),30.42,3,2000,3001,0,2017-10-23,,,,,
관악구,11620,봉천동,1707,11620-23,은천1,84.65,11,2001,40000,0,2017-10-14,,,,,
관악구,11620,봉천동,1707-1,11620-22,은천2단지아파트,49.95,3,2000,28500,0,2017-10-21,,,,,
관악구,11620,봉천동,1707-1,11620-22,은천2단지아파트,49.95,5,2000,29500,0,2017-10-28,,,,,
관악구,11620,봉천동,1707-1,11620-22,은천2단지아파트,59.93,13,2000,28000,18,2017-10-31,,,,,
관악구,11620,봉천동,1708,11620-11,두산,114.99,13,2000,37000,45,2017-10-14,17.12~19.12,신규,,,
관악구,11620,봉천동,1708,11620-11,두산,114.99,21,2000,50000,0,2017-10-28,17.12~19.12,신규,,,
관악구,11620,봉천동,1708,11620-11,두산,114.99,5,2000,50000,0,2017-10-23,17.12~19.12,신규,,,
관악구,11620,봉천동,1708,11620-11,두산,59.92,10,2000,40000,0,2017-10-28,18.03~20.03,신규,,,
관악구,11620,봉천동,1708,11620-11,두산,59.92,15,2000,3000,120,2017-10-14,17.11~19.11,신규,,,
관악구,11620,봉천동,1708,11620-11,두산,59.92,18,2000,2000,125,2017-10-17,17.12~19.12,신규,,,
관악구,11620,봉천동,1708,11620-11,두산,59.92,21,2000,3000,120,2017-10-28,17.12~19.12,신규,,,
관악구,11620,봉천동,1708,11620-11,두산,59.92,3,2000,37500,0,2017-10-24,17.11~19.07,신규,,,
관악구,11620,봉천동,1708,11620-11,두산,59.92,5,2000,39000,0,2017-10-14,18.01~20.01,신규,,,
관악구,11620,봉천동,1708,11620-11,두산,84.87,17,2000,46000,0,2017-10-10,17.12~19.12,신규,,,
관악구,11620,봉천동,1708,11620-11,두산,84.87,19,2000,45000,0,2017-10-21,17.10~19.10,신규,,,
관악구,11620,봉천동,1708,11620-11,두산,84.87,7,2000,10000,105,2017-10-24,18.02~20.02,신규,,,
관악구,11620,봉천동,1712,11620-4,관악드림(동아),114.75,1,2003,45000,0,2017-10-09,,,,,
관악구,11620,봉천동,1712,11620-4,관악드림(동아),114.75,15,2003,43000,0,2017-10-18,17.10~19.10,갱신,,41000,
관악구,11620,봉천동,1712,11620-4,관악드림(동아),59.83,16,2003,35000,0,2017-10-28,,,,,
관악구,11620,봉천동,1712,11620-4,관악드림(동아),59.83,6,2003,34800,0,2017-10-11,,,,,
관악구,11620,봉천동,1712,11620-4,관악드림(동아),59.85,16,2003,30000,0,2017-10-31,,,,,
관악구,11620,봉천동,1712,11620-4,관악드림(동아),59.85,9,2003,33000,0,2017-10-21,,,,,
관악구,11620,봉천동,1712,11620-4,관악드림(동아),60,11,2003,30000,20,2017-10-14,,,,,
관악구,11620,봉천동,1712,11620-4,관악드림(동아),84.96,15,2003,42000,0,2017-10-28,,,,,
관악구,11620,봉천동,1712,11620-4,관악드림(동아),84.96,22,2003,42000,0,2017-10-14,,,,,
관악구,11620,봉천동,1712,11620-5,관악드림(삼성),102,16,2003,47000,0,2017-10-21,,,,,
관악구,11620,봉천동,1712,11620-5,관악드림(삼성),59.85,24,2003,32000,0,2017-10-27,,,,,
관악구,11620,봉천동,1712,11620-5,관악드림(삼성),60,3,2003,3000,100,2017-10-16,,,,,
관악구,11620,봉천동,1712,11620-5,관악드림(삼성),84.96,10,2003,30000,30,2017-10-25,,,,,
관악구,11620,봉천동,1712,11620-5,관악드림(삼성),84.96,12,2003,42000,0,2017-10-21,,,,,
관악구,11620,봉천동,1712,11620-5,관악드림(삼성),84.96,13,2003,22000,65,2017-10-21,,,,,
관악구,11620,봉천동,1712,11620-5,관악드림(삼성),84.96,17,2003,10000,90,2017-10-26,,,,,
관악구,11620,봉천동,1712-1,11620-4536,관악드림타운(임대),32.76,16,2003,3521,0,2017-10-13,,,,,
관악구,11620,봉천동,1712-1,11620-4536,관악드림타운(임대),32.76,3,2003,1082,15,2017-10-18,,,,,
관악구,11620,봉천동,1713,11620-8,낙성대현대홈타운,84.923,17,2002,50000,0,2017-10-21,,,,,
관악구,11620,봉천동,1713,11620-8,낙성대현대홈타운,84.923,8,2002,45000,0,2017-10-27,,,,,
관악구,11620,봉천동,1716,11620-94,벽산타운II,57.36,14,2003,30000,0,2017-10-23,,,,,
관악구,11620,봉천동,1716,11620-94,벽산타운II,57.36,3,2003,5000,75,2017-10-09,17.11~19.11,신규,,,
관악구,11620,봉천동,1717,11620-102,관악푸르지오,114.69,2,2004,5000,140,2017-10-27,,,,,
관악구,11620,봉천동,1717,11620-102,관악푸르지오,59.58,10,2004,37000,0,2017-10-21,17.12~19.12,신규,,,
관악구,11620,봉천동,1717,11620-102,관악푸르지오,59.58,11,2004,5000,100,2017-10-25,17.11~19.11,신규,,,
관악구,11620,봉천동,1717,11620-102,관악푸르지오,59.58,12,2004,35500,0,2017-10-23,,,,,
관악구,11620,봉천동,1717,11620-102,관악푸르지오,59.58,13,2004,36000,0,2017-10-21,,,,,
관악구,11620,봉천동,1717,11620-102,관악푸르지오,59.58,17,2004,15000,70,2017-10-12,,,,,
관악구,11620,봉천동,1717,11620-102,관악푸르지오,59.58,18,2004,35000,0,2017-10-11,,,,,
관악구,11620,봉천동,1717,11620-102,관악푸르지오,59.58,2,2004,34000,0,2017-10-27,,,,,
관악구,11620,봉천동,1717,11620-102,관악푸르지오,59.58,2,2004,35000,0,2017-10-25,,,,,
관악구,11620,봉천동,1717,11620-102,관악푸르지오,59.58,23,2004,36000,0,2017-10-21,,,,,
관악구,11620,봉천동,1717,11620-102,관악푸르지오,59.58,4,2004,24500,40,2017-10-12,,,,,
관악구,11620,봉천동,1717,11620-102,관악푸르지오,59.58,7,2004,35000,0,2017-10-17,,,,,
관악구,11620,봉천동,1717,11620-102,관악푸르지오,84.2,2,2004,35000,35,2017-10-21,,,,,
관악구,11620,봉천동,1717,11620-102,관악푸르지오,84.75,1,2004,42000,0,2017-10-27,,,,,
관악구,11620,봉천동,1717,11620-102,관악푸르지오,84.75,15,2004,32000,45,2017-10-18,,,,,
관악구,11620,봉천동,1717,11620-102,관악푸르지오,84.75,16,2004,45000,0,2017-10-20,,,,,
관악구,11620,봉천동,1717,11620-102,관악푸르지오,84.75,2,2004,30000,50,2017-10-28,,,,,
관악구,11620,봉천동,1717,11620-102,관악푸르지오,84.75,2,2004,44000,0,2017-10-17,,,,,
관악구,11620,봉천동,1717,11620-102,관악푸르지오,84.75,4,2004,45500,0,2017-10-14,,,,,
관악구,11620,봉천동,1717,11620-102,관악푸르지오,84.75,5,2004,46500,0,2017-10-11,,,,,
관악구,11620,봉천동,1718,11620-95,벽산블루밍,101.95,22,2005,45000,0,2017-10-16,,,,,
관악구,11620,봉천동,1718,11620-95,벽산블루밍,101.95,4,2005,47000,0,2017-10-21,,,,,
관악구,11620,봉천동,1718,11620-95,벽산블루밍,114.99,16,2005,5000,160,2017-10-25,,,,,
관악구,11620,봉천동,1718,11620-95,벽산블루밍,59.99,10,2005,20000,35,2017-10-27,,,,,
관악구,11620,봉천동,1718,11620-95,벽산블루밍,59.99,14,2005,32000,0,2017-10-12,,,,,
관악구,11620,봉천동,1718,11620-95,벽산블루밍,59.99,18,2005,32500,0,2017-10-20,,,,,
관악구,11620,봉천동,1718,11620-95,벽산블루밍,59.99,2,2005,30000,0,2017-10-17,,,,,
관악구,11620,봉천동,1718,11620-95,벽산블루밍,59.99,3,2005,15000,50,2017-10-30,,,,,
관악구,11620,봉천동,1718,11620-95,벽산블루밍,59.99,4,2005,29000,0,2017-10-23,,,,,
관악구,11620,봉천동,1718,11620-95,벽산블루밍,59.99,6,2005,25000,15,2017-10-21,,,,,
관악구,11620,봉천동,1718,11620-95,벽산블루밍,59.99,6,2005,32000,0,2017-10-17,,,,,
관악구,11620,봉천동,1718,11620-95,벽산블루밍,84.99,10,2005,10000,95,2017-10-20,,,,,
관악구,11620,봉천동,1718,11620-95,벽산블루밍,84.99,23,2005,38000,0,2017-10-09,,,,,
관악구,11620,봉천동,1718,11620-95,벽산블루밍,84.99,4,2005,30000,25,2017-10-14,,,,,
관악구,11620,봉천동,1718,11620-95,벽산블루밍,84.99,5,2005,38000,0,2017-10-16,,,,,
관악구,11620,봉천동,1718,11620-95,벽산블루밍,84.99,9,2005,39500,0,2017-10-21,,,,,
관악구,11620,봉천동,1718,11620-95,벽산블루밍,84.99,9,2005,40000,0,2017-10-21,,,,,
관악구,11620,봉천동,1719,11620-144,관악동부센트레빌,59.75,3,2004,20000,65,2017-10-26,,,,,
관악구,11620,봉천동,1719,11620-144,관악동부센트레빌,59.75,5,2004,38000,0,2017-10-23,,,,,
관악구,11620,봉천동,1719,11620-144,관악동부센트레빌,59.75,9,2004,38500,0,2017-10-20,,,,,
관악구,11620,봉천동,1719,11620-144,관악동부센트레빌,59.8,5,2004,40000,0,2017-10-14,,,,,
관악구,11620,봉천동,1720,11620-145,벽산블루밍3차,111.04,11,2004,37000,25,2017-10-24,,,,,
관악구,11620,봉천동,1720,11620-145,벽산블루밍3차,83.87,14,2004,35500,0,2017-10-12,,,,,
관악구,11620,봉천동,1721,11620-181,브라운스톤관악,114.98,9,2005,20000,90,2017-10-21,,,,,
관악구,11620,봉천동,1722,11620-4230,제창그로힐,81.892,5,2005,33000,0,2017-10-08,,,,,
관악구,11620,봉천동,1724,11620-4232,관악월드메르디앙,79.27,7,2005,37500,0,2017-10-23,,,,,
관악구,11620,봉천동,1726,11620-4509,관악청광플러스원,59.81,7,2009,35000,0,2017-10-31,17.10~19.10,신규,,,
관악구,11620,봉천동,1728,11620-5194,관악파크푸르지오,74.87,1,2014,44000,0,2017-10-18,,,,,
관악구,11620,봉천동,1728,11620-5194,관악파크푸르지오,84.98,5,2014,45000,0,2017-10-20,,,,,
관악구,11620,봉천동,1728,11620-5194,관악파크푸르지오,84.99,17,2014,46000,0,2017-10-18,,,,,
관악구,11620,봉천동,1729,11620-5206,서희스타힐스,84.58,3,2015,47000,0,2017-10-17,,,,,
관악구,11620,봉천동,1729,11620-5206,서희스타힐스,84.58,4,2015,46000,0,2017-10-14,,,,,
관악구,11620,봉천동,1729,11620-5206,서희스타힐스,84.93,8,2015,40000,0,2017-10-31,,,,,
관악구,11620,봉천동,179-58,11620-29,낙성대현대아파트,61.74,10,1988,10000,75,2017-10-24,,,,,
관악구,11620,봉천동,179-58,11620-29,낙성대현대아파트,61.74,7,1988,30000,0,2017-10-29,,,,,
관악구,11620,봉천동,179-58,11620-29,낙성대현대아파트,84.69,5,1988,40000,0,2017-10-17,,,,,
관악구,11620,봉천동,30-14,11620-5746,라노스,28.14,12,2017,24000,0,2017-10-20,,,,,
관악구,11620,봉천동,30-14,11620-5746,라노스,29.79,10,2017,24000,0,2017-10-12,,,,,
관악구,11620,봉천동,41-259,11620-4371,에메랄드102동,83.01,4,2007,38000,0,2017-10-24,,,,,
관악구,11620,봉천동,41-274,11620-4517,에메랄드104동,83.44,3,2012,9500,50,2017-10-15,,,,,
관악구,11620,봉천동,41-346,11620-4432,일동행복세상,84.93,4,2008,33000,0,2017-10-13,,,,,
관악구,11620,봉천동,463-1,11620-4929,더블유에스타워,19.63,10,2013,13000,0,2017-10-17,,,,,
관악구,11620,봉천동,463-1,11620-4929,더블유에스타워,19.63,6,2013,12500,0,2017-10-25,,,,,
관악구,11620,봉천동,463-1,11620-4929,더블유에스타워,19.63,8,2013,12000,0,2017-10-16,,,,,
관악구,11620,봉천동,463-1,11620-4929,더블유에스타워,19.63,8,2013,12500,0,2017-10-21,,,,,
관악구,11620,봉천동,463-1,11620-4929,더블유에스타워,25.12,10,2013,17000,0,2017-10-31,,,,,
관악구,11620,봉천동,466-1,11620-116,신부파스카빌,75.51,6,2003,6000,37,2017-10-09,,,,,
관악구,11620,봉천동,645,11620-189,새진(645-0),84.9,1,2005,35000,0,2017-10-27,,,,,
관악구,11620,봉천동,645-87,11620-15,복권,47.61,6,1971,5000,0,2017-10-23,,,,,
관악구,11620,봉천동,729-32,11620-27,해태보라매타워,84.04,19,1996,35000,0,2017-10-12,,,,,
관악구,11620,봉천동,859-17,11620-4558,관악위버폴리스,107.08,8,2010,55000,0,2017-10-30,,,,,
관악구,11620,봉천동,863-9,11620-4792,코스모블루,14.25,8,2012,500,53,2017-10-15,,,,,
관악구,11620,봉천동,866-7,11620-5723,카카오티,23.27,13,2017,12000,30,2017-10-24,,,,,
관악구,11620,봉천동,866-7,11620-5723,카카오티,23.27,16,2017,8000,55,2017-10-16,,,,,
관악구,11620,봉천동,867-9,11620-4818,서울대역해담채,13.94,12,2012,1000,56,2017-10-31,,,,,
관악구,11620,봉천동,868-8,11620-5011,라온,13.31,10,2013,2000,53,2017-10-14,17.10~18.10,신규,,,
관악구,11620,봉천동,875-1,11620-119,관악캠퍼스타워,25.86,8,1998,1000,55,2017-10-23,,,,,
관악구,11620,봉천동,876-3,11620-5758,메이플스테이,14.72,11,2017,500,68,2017-10-28,,,,,
관악구,11620,봉천동,881-26,11620-5759,CJ오피스텔,10.11,3,2017,15000,0,2017-10-19,,,,,
관악구,11620,봉천동,881-26,11620-5759,CJ오피스텔,10.11,4,2017,14800,0,2017-10-14,,,,,
관악구,11620,봉천동,881-26,11620-5759,CJ오피스텔,10.11,5,2017,15000,0,2017-10-15,,,,,
관악구,11620,봉천동,881-26,11620-5759,CJ오피스텔,10.81,3,2017,14000,0,2017-10-20,,,,,
관악구,11620,봉천동,881-26,11620-5759,CJ오피스텔,10.81,3,2017,14000,0,2017-10-21,,,,,
관악구,11620,봉천동,881-26,11620-5759,CJ오피스텔,11.77,2,2017,14000,0,2017-10-14,,,,,
관악구,11620,봉천동,881-26,11620-5759,CJ오피스텔,12.31,2,2017,14000,0,2017-10-14,,,,,
관악구,11620,봉천동,881-26,11620-5759,CJ오피스텔,12.31,3,2017,11000,15,2017-10-02,,,,,
관악구,11620,봉천동,881-26,11620-5759,CJ오피스텔,12.31,4,2017,14000,0,2017-10-12,,,,,
관악구,11620,봉천동,893-1,11620-5183,프라비다M,30.01,9,2014,1000,100,2017-10-06,,,,,
관악구,11620,봉천동,893-12,11620-4794,마에스트로캠퍼스타운,13.15,13,2012,1000,55,2017-10-24,,,,,
관악구,11620,봉천동,912-1,11620-5761,KS타워,28.02,7,2017,19000,0,2017-10-20,,,,,
관악구,11620,봉천동,957-6,11620-5334,쁘띠그린힐,31.02,8,2015,6400,0,2017-10-30,,,,,
관악구,11620,신림동,10-10,11620-59,신안,55.21,2,1978,1000,80,2017-10-15,,,,,
관악구,11620,신림동,10-10,11620-59,신안,62.81,5,1978,19000,0,2017-10-28,,,,,
관악구,11620,신림동,1421-1,11620-5276,신림큐브,12.96,10,2015,2000,25,2017-10-26,,,,,
관악구,11620,신림동,1421-1,11620-5276,신림큐브,12.96,5,2015,3000,25,2017-10-11,,,,,
관악구,11620,신림동,1421-1,11620-5276,신림큐브,12.96,6,2015,2000,30,2017-10-31,,,,,
관악구,11620,신림동,1423-8,11620-4983,온누리,13.07,5,2013,1000,53,2017-10-14,,,,,
관악구,11620,신림동,1424-28,11620-66,태영,42.24,22,1997,16000,20,2017-10-12,,,,,
관악구,11620,신림동,1433-17,11620-5411,YJ빌딩,15.56,8,2015,5000,30,2017-10-20,,,,,
관악구,11620,신림동,1458-6,11620-4610,쎄븐스에비뉴,21.18,6,2011,14000,0,2017-10-26,17.11~19.11,신규,,,
관악구,11620,신림동,1568-15,11620-4608,세종도시형생활주택,13.3,6,2011,1000,44,2017-10-06,,,,,
관악구,11620,신림동,1639-51,11620-5091,푸리마타운,12.95,11,2014,1000,53,2017-10-25,,,,,
관악구,11620,신림동,1639-51,11620-5091,푸리마타운,12.95,17,2014,1000,54,2017-10-14,,,,,
관악구,11620,신림동,1693,11620-43,국제산장,84.15,2,1993,25000,0,2017-10-14,,,,,
관악구,11620,신림동,1693,11620-43,국제산장,84.15,5,1993,25000,0,2017-10-13,17.10~19.10,갱신,,19000,20
관악구,11620,신림동,1694,11620-58,신림현대,105.36,5,1993,35000,0,2017-10-19,,,,,
관악구,11620,신림동,1694,11620-58,신림현대,119.49,10,1993,30000,0,2017-10-27,,,,,
관악구,11620,신림동,1694,11620-58,신림현대,119.49,4,1993,37000,0,2017-10-20,,,,,
관악구,11620,신림동,1694,11620-58,신림현대,34.86,10,1993,1000,65,2017-10-01,,,,,
관악구,11620,신림동,1694,11620-58,신림현대,34.86,12,1993,13000,20,2017-10-09,,,,,
관악구,11620,신림동,1694,11620-58,신림현대,34.86,2,1993,3000,55,2017-10-20,,,,,
관악구,11620,신림동,1694,11620-58,신림현대,34.86,3,1993,1000,65,2017-10-20,,,,,
관악구,11620,신림동,1694,11620-58,신림현대,34.86,4,1993,18000,0,2017-10-27,,,,,
관악구,11620,신림동,1694,11620-58,신림현대,34.86,6,1993,1000,67,2017-10-13,,,,,
관악구,11620,신림동,1694,11620-58,신림현대,59.85,1,1993,25300,0,2017-10-14,,,,,
관악구,11620,신림동,1694,11620-58,신림현대,59.85,15,1993,26000,0,2017-10-23,,,,,
관악구,11620,신림동,1694,11620-58,신림현대,59.85,2,1993,14000,40,2017-10-18,17.10~19.10,신규,,,
관악구,11620,신림동,1694,11620-58,신림현대,59.85,3,1993,17000,15,2017-10-21,,,,,
관악구,11620,신림동,1694,11620-58,신림현대,82.2,4,1993,16000,0,2017-10-31,,,,,
관악구,11620,신림동,1694,11620-58,신림현대,82.2,7,1993,31000,0,2017-10-17,,,,,
관악구,11620,신림동,1695,11620-49,동부,26.66,7,1993,1912,8,2017-10-27,,,,,
관악구,11620,신림동,1695,11620-49,동부,60.38,2,1993,30000,0,2017-10-15,,,,,
관악구,11620,신림동,1702-1,11620-40,건영4,84.71,14,1997,20000,45,2017-10-10,,,,,
관악구,11620,신림동,1702-1,11620-40,건영4,84.89,11,1997,33000,0,2017-10-17,,,,,
관악구,11620,신림동,1703-1,11620-39,LIG대학마을(건영아파트3차),58.9,12,1996,27000,0,2017-10-12,,,,,
관악구,11620,신림동,1703-1,11620-39,LIG대학마을(건영아파트3차),58.9,5,1996,25000,0,2017-10-19,,,,,
관악구,11620,신림동,1703-1,11620-39,LIG대학마을(건영아파트3차),58.9,7,1996,26000,0,2017-10-27,,,,,
관악구,11620,신림동,1703-1,11620-39,LIG대학마을(건영아파트3차),58.9,8,1996,25000,0,2017-10-09,,,,,
관악구,11620,신림동,1703-1,11620-39,LIG대학마을(건영아파트3차),69.17,3,1996,20000,30,2017-10-18,,,,,
관악구,11620,신림동,1703-1,11620-39,LIG대학마을(건영아파트3차),69.17,3,1996,26000,0,2017-10-20,,,,,
관악구,11620,신림동,1703-1,11620-39,LIG대학마을(건영아파트3차),69.17,8,1996,29000,0,2017-10-11,,,,,
관악구,11620,신림동,1703-1,11620-39,LIG대학마을(건영아파트3차),84.82,11,1996,36000,0,2017-10-05,,,,,
관악구,11620,신림동,1703-1,11620-39,LIG대학마을(건영아파트3차),84.82,12,1996,38000,0,2017-10-20,,,,,
관악구,11620,신림동,1703-1,11620-39,LIG대학마을(건영아파트3차),84.82,14,1996,33000,0,2017-10-20,,,,,
관악구,11620,신림동,1703-1,11620-39,LIG대학마을(건영아파트3차),84.82,3,1996,26000,0,2017-10-17,,,,,
관악구,11620,신림동,1703-1,11620-39,LIG대학마을(건영아파트3차),84.82,6,1996,30000,0,2017-10-13,,,,,
관악구,11620,신림동,1703-1,11620-39,LIG대학마을(건영아파트3차),84.82,7,1996,27000,0,2017-10-19,17.10~19.10,갱신,,24000,
관악구,11620,신림동,1704-1,11620-63,주공1,38.07,11,1995,2825,13,2017-10-16,,,,,
관악구,11620,신림동,1704-1,11620-63,주공1,38.07,17,1995,1525,19,2017-10-01,,,,,
관악구,11620,신림동,1704-1,11620-63,주공1,38.07,21,1995,1601,20,2017-10-27,,,,,
관악구,11620,신림동,1704-1,11620-63,주공1,38.07,5,1995,1525,19,2017-10-01,,,,,
관악구,11620,신림동,1704-1,11620-63,주공1,38.07,5,1995,2725,11,2017-10-19,,,,,
관악구,11620,신림동,1705,11620-44,금호(1차),84.96,6,1997,14000,60,2017-10-06,,,,,
관악구,11620,신림동,1713,11620-4539,신림2단지주공(임대),39.01,11,2000,4515,10,2017-10-26,,,,,
관악구,11620,신림동,1713,11620-4539,신림2단지주공(임대),39.01,2,2000,1826,22,2017-10-26,,,,,
관악구,11620,신림동,1714,11620-54,삼성산주공(주공3단지),83.21,22,2000,28000,0,2017-10-09,,,,,
관악구,11620,신림동,1714,11620-54,삼성산주공(주공3단지),83.21,9,2000,29000,0,2017-10-24,,,,,
관악구,11620,신림동,1715,11620-61,우방,59.74,13,1999,28000,0,2017-10-23,,,,,
관악구,11620,신림동,1718,11620-75,보라매갑을,55.91,2,2003,23000,0,2017-10-13,,,,,
관악구,11620,신림동,1718,11620-75,보라매갑을,74.7,6,2003,32000,0,2017-10-30,,,,,
관악구,11620,신림동,1721,11620-71,우정하이비전,84.58,15,2004,17000,50,2017-10-27,,,,,
관악구,11620,신림동,1722,11620-104,신림동신도브래뉴,84.95,7,2003,23000,0,2017-10-28,,,,,
관악구,11620,신림동,1727,11620-101,그대家,84.77,13,2003,20000,27,2017-10-30,,,,,
관악구,11620,신림동,1727,11620-101,그대家,84.77,16,2003,30000,0,2017-10-30,,,,,
관악구,11620,신림동,1728,11620-105,제창그로힐,79.3,5,2004,32000,0,2017-10-18,,,,,
관악구,11620,신림동,1730,11620-183,신림푸르지오,138.74,19,2005,38000,50,2017-10-11,,,,,
관악구,11620,신림동,1730,11620-183,신림푸르지오,138.74,20,2005,20000,0,2017-10-31,,,,,
관악구,11620,신림동,1730,11620-183,신림푸르지오,84.79,23,2005,48000,0,2017-10-31,,,,,
관악구,11620,신림동,1730,11620-183,신림푸르지오,84.79,5,2005,43000,0,2017-10-10,,,,,
관악구,11620,신림동,1730,11620-183,신림푸르지오,84.79,8,2005,42000,15,2017-10-28,,,,,
관악구,11620,신림동,1735,11620-4347,관악산휴먼시아2단지,114.7,15,2008,42000,0,2017-10-13,,,,,
관악구,11620,신림동,1735,11620-4347,관악산휴먼시아2단지,114.7,17,2008,40000,0,2017-10-11,,,,,
관악구,11620,신림동,1735,11620-4347,관악산휴먼시아2단지,114.7,3,2008,34000,25,2017-10-26,,,,,
관악구,11620,신림동,1735,11620-4347,관악산휴먼시아2단지,114.7,9,2008,10000,110,2017-10-24,,,,,
관악구,11620,신림동,1735,11620-4347,관악산휴먼시아2단지,59.96,11,2008,31000,0,2017-10-16,,,,,
관악구,11620,신림동,1735,11620-4347,관악산휴먼시아2단지,59.96,16,2008,15000,50,2017-10-30,,,,,
관악구,11620,신림동,1735,11620-4347,관악산휴먼시아2단지,59.96,20,2008,33000,0,2017-10-30,,,,,
관악구,11620,신림동,1735,11620-4347,관악산휴먼시아2단지,59.96,6,2008,3000,100,2017-10-21,,,,,
관악구,11620,신림동,1735,11620-4347,관악산휴먼시아2단지,59.99,15,2008,31000,0,2017-10-11,,,,,
관악구,11620,신림동,1735,11620-4347,관악산휴먼시아2단지,84.96,3,2008,37000,0,2017-10-21,,,,,
관악구,11620,신림동,1735,11620-4347,관악산휴먼시아2단지,84.97,11,2008,20000,60,2017-10-26,,,,,
관악구,11620,신림동,1735,11620-4347,관악산휴먼시아2단지,84.97,11,2008,37000,0,2017-10-13,,,,,
관악구,11620,신림동,1735,11620-4347,관악산휴먼시아2단지,84.97,14,2008,5000,110,2017-10-15,,,,,
관악구,11620,신림동,1735,11620-4347,관악산휴먼시아2단지,84.97,17,2008,37500,0,2017-10-16,,,,,
관악구,11620,신림동,1735,11620-4347,관악산휴먼시아2단지,84.97,20,2008,39000,0,2017-10-26,,,,,
관악구,11620,신림동,1735,11620-4347,관악산휴먼시아2단지,84.97,4,2008,27000,27,2017-10-09,,,,,
관악구,11620,신림동,1735,11620-4347,관악산휴먼시아2단지,84.97,8,2008,2500,122,2017-10-10,,,,,
관악구,11620,신림동,1735,11620-4347,관악산휴먼시아2단지,84.97,9,2008,38000,0,2017-10-25,,,,,
관악구,11620,신림동,1735,11620-4347,관악산휴먼시아2단지,84.98,3,2008,20000,45,2017-10-14,,,,,
관악구,11620,신림동,1735-1,11620-4348,관악산휴먼시아1단지,59.99,9,2008,26000,25,2017-10-19,,,,,
관악구,11620,신림동,1735-1,11620-4348,관악산휴먼시아1단지,84.97,16,2008,35000,0,2017-10-14,,,,,
관악구,11620,신림동,1735-1,11620-4348,관악산휴먼시아1단지,84.97,3,2008,38000,0,2017-10-21,,,,,
관악구,11620,신림동,1735-2,11620-4441,관악산휴먼시아3단지,39.82,13,2008,3079,27,2017-10-31,,,,,
관악구,11620,신림동,1735-2,11620-4441,관악산휴먼시아3단지,39.82,14,2008,3018,26,2017-10-27,,,,,
관악구,11620,신림동,1735-2,11620-4441,관악산휴먼시아3단지,39.82,14,2008,3079,27,2017-10-31,,,,,
관악구,11620,신림동,1735-2,11620-4441,관악산휴먼시아3단지,39.82,14,2008,3818,22,2017-10-27,,,,,
관악구,11620,신림동,1735-2,11620-4441,관악산휴먼시아3단지,39.82,3,2008,3079,27,2017-10-31,,,,,
관악구,11620,신림동,1735-2,11620-4441,관악산휴먼시아3단지,39.82,3,2008,6118,11,2017-10-20,,,,,
관악구,11620,신림동,1735-2,11620-4441,관악산휴먼시아3단지,39.82,8,2008,6018,11,2017-10-17,,,,,
관악구,11620,신림동,1735-2,11620-4441,관악산휴먼시아3단지,39.82,9,2008,5018,16,2017-10-26,,,,,
관악구,11620,신림동,1736,11620-4349,신림2차푸르지오,59.985,3,2007,31000,0,2017-10-25,,,,,
관악구,11620,신림동,1737,11620-4417,효림다온,79.07,7,2007,37000,0,2017-10-14,,,,,
관악구,11620,신림동,1737,11620-4417,효림다온,84.79,5,2007,32000,0,2017-10-21,,,,,
관악구,11620,신림동,1738,11620-4520,파로스프라자,84.17,5,2009,25000,0,2017-10-10,17.10~19.10,갱신,,21000,
관악구,11620,신림동,233-11,11620-41,LIG5차,59.9,1,1995,22000,0,2017-10-13,,,,,
관악구,11620,신림동,244,11620-42,관악,56.39,3,1983,10000,30,2017-10-10,,,,,
관악구,11620,신림동,244,11620-42,관악,56.39,5,1983,10000,20,2017-10-12,,,,,
관악구,11620,신림동,255-189,11620-69,현대,84.44,1,1991,23000,0,2017-10-26,,,,,
관악구,11620,신림동,255-189,11620-69,현대,84.44,7,1991,21000,0,2017-10-03,,,,,
관악구,11620,신림동,497-5,11620-4719,보라매해담채,12.89,9,2012,1000,55,2017-10-26,,,,,
관악구,11620,신림동,534-1,11620-4583,아데나,18,7,2010,9500,0,2017-10-25,,,,,
관악구,11620,신림동,587-97,11620-4300,신화아트벨리2차,65.7,1,2005,22000,0,2017-10-16,,,,,
관악구,11620,신림동,621-5,11620-5045,C&A빌딩,12.8,10,2014,1000,38,2017-10-14,,,,,
관악구,11620,신림동,621-5,11620-5045,C&A빌딩,15.26,5,2014,500,44,2017-10-12,,,,,
관악구,11620,신림동,739,11620-46,뉴서울,51.27,2,1984,12000,0,2017-10-31,,,,,
관악구,11620,신림동,746-43,11620-37,건영1,41.04,5,1984,15500,0,2017-10-11,,,,,
관악구,11620,신림동,746-43,11620-37,건영1,41.04,9,1984,14000,0,2017-10-17,,,,,
관악구,11620,신림동,746-43,11620-37,건영1,60.27,10,1984,16000,25,2017-10-31,,,,,
관악구,11620,신림동,746-43,11620-37,건영1,60.27,8,1984,15000,25,2017-10-20,,,,,
관악구,11620,신림동,산28-9,11620-57,신동아,84.3,5,1994,24000,0,2017-10-23,,,,,
광진구,11215,광장동,145-8,11215-11,워커힐,196,2,1978,65000,0,2017-10-17,,,,,
광진구,11215,광장동,148-4,11215-3323,워커힐푸르지오,69,5,1987,45000,0,2017-10-11,,,,,
광진구,11215,광장동,148-4,11215-3323,워커힐푸르지오,69,7,1987,3000,150,2017-10-17,,,,,
광진구,11215,광장동,148-4,11215-3323,워커힐푸르지오,69,9,1987,20000,90,2017-10-20,,,,,
광진구,11215,광장동,148-4,11215-3323,워커힐푸르지오,92.4,11,1987,70000,0,2017-10-23,,,,,
광진구,11215,광장동,218-1,11215-3,극동1,84.55,1,1985,43000,25,2017-10-17,,,,,
광진구,11215,광장동,218-1,11215-3,극동1,84.55,14,1985,50000,0,2017-10-26,,,,,
광진구,11215,광장동,218-1,11215-3,극동1,84.55,5,1985,48000,0,2017-10-26,,,,,
광진구,11215,광장동,218-1,11215-4,극동2,126.94,4,1989,62000,16,2017-10-21,,,,,
광진구,11215,광장동,218-1,11215-4,극동2,156.91,11,1989,70000,0,2017-10-31,,,,,
광진구,11215,광장동,218-1,11215-4,극동2,156.91,4,1989,69000,0,2017-10-10,,,,,
광진구,11215,광장동,218-1,11215-4,극동2,75.55,1,1989,40000,0,2017-10-29,,,,,
광진구,11215,광장동,218-1,11215-4,극동2,75.55,10,1989,45000,0,2017-10-17,,,,,
광진구,11215,광장동,218-1,11215-4,극동2,75.55,10,1989,45000,0,2017-10-21,,,,,
광진구,11215,광장동,218-1,11215-4,극동2,84.55,2,1989,47000,10,2017-10-28,,,,,
광진구,11215,광장동,218-1,11215-4,극동2,84.55,5,1989,49000,0,2017-10-20,,,,,
광진구,11215,광장동,218-1,11215-4,극동2,84.55,5,1989,50000,0,2017-10-16,,,,,
광진구,11215,광장동,218-1,11215-4,극동2,84.55,7,1989,50000,0,2017-10-25,,,,,
광진구,11215,광장동,218-1,11215-4,극동2,84.55,8,1989,50000,0,2017-10-06,,,,,
광진구,11215,광장동,250,11215-2535,신동아파밀리에,84.55,11,2007,40000,0,2017-10-30,,,,,
광진구,11215,광장동,250,11215-2535,신동아파밀리에,84.69,4,2007,45000,50,2017-10-07,,,,,
광진구,11215,광장동,250,11215-2535,신동아파밀리에,84.78,6,2007,60000,0,2017-10-11,,,,,
광진구,11215,광장동,453-1,11215-8,삼성광장2,58.62,12,1989,36500,0,2017-10-14,,,,,
광진구,11215,광장동,453-1,11215-8,삼성광장2,69.06,7,1989,43000,0,2017-10-25,,,,,
광진구,11215,광장동,453-1,11215-8,삼성광장2,84.93,9,1989,24000,100,2017-10-14,,,,,
광진구,11215,광장동,484,11215-16,현대3,59.67,19,1990,40000,0,2017-10-21,,,,,
광진구,11215,광장동,484,11215-16,현대3,59.67,2,1990,35000,0,2017-10-09,,,,,
광진구,11215,광장동,484,11215-16,현대3,74.92,3,1990,49000,0,2017-10-27,,,,,
광진구,11215,광장동,484,11215-16,현대3,74.92,9,1990,51000,0,2017-10-16,,,,,
광진구,11215,광장동,484,11215-16,현대3,84.97,10,1990,55000,0,2017-10-16,,,,,
광진구,11215,광장동,484,11215-16,현대3,84.97,11,1990,30000,70,2017-10-14,,,,,
광진구,11215,광장동,484,11215-16,현대3,84.97,11,1990,55000,0,2017-10-16,,,,,
광진구,11215,광장동,484,11215-16,현대3,84.97,12,1990,42000,60,2017-10-18,,,,,
광진구,11215,광장동,484,11215-16,현대3,84.97,15,1990,59000,0,2017-10-24,,,,,
광진구,11215,광장동,484,11215-16,현대3,84.97,18,1990,57000,0,2017-10-12,,,,,
광진구,11215,광장동,484,11215-16,현대3,84.97,8,1990,55000,0,2017-10-26,,,,,
광진구,11215,광장동,554-7,11215-17,현대5,59.67,17,1989,40000,0,2017-10-21,,,,,
광진구,11215,광장동,554-7,11215-17,현대5,59.67,5,1989,38000,0,2017-10-28,,,,,
광진구,11215,광장동,554-7,11215-17,현대5,74.88,1,1989,46000,0,2017-10-26,,,,,
광진구,11215,광장동,554-7,11215-17,현대5,84.53,17,1989,57000,0,2017-10-24,,,,,
광진구,11215,광장동,554-7,11215-17,현대5,84.53,18,1989,40000,50,2017-10-28,,,,,
광진구,11215,광장동,554-7,11215-17,현대5,84.53,9,1989,60000,0,2017-10-26,,,,,
광진구,11215,광장동,554-7,11215-17,현대5,84.56,14,1989,5000,160,2017-10-28,,,,,
광진구,11215,광장동,554-7,11215-17,현대5,84.56,15,1989,58500,0,2017-10-14,17.10~19.10,갱신,,52000,
광진구,11215,광장동,565,11215-18,"현대8(801동,802동)",84.92,25,1995,30000,80,2017-10-21,,,,,
광진구,11215,광장동,565,11215-18,"현대8(801동,802동)",84.92,6,1995,20000,100,2017-10-11,17.12~19.12,신규,,,
광진구,11215,광장동,566,11215-14,청구,59.95,17,1996,40000,0,2017-10-24,,,,,
광진구,11215,광장동,566,11215-14,청구,59.95,7,1996,41000,0,2017-10-14,,,,,
광진구,11215,광장동,566,11215-14,청구,84.86,17,1996,50000,0,2017-10-11,,,,,
광진구,11215,광장동,566,11215-14,청구,84.86,18,1996,57000,0,2017-10-10,,,,,
광진구,11215,광장동,566,11215-14,청구,84.86,22,1996,42000,35,2017-10-12,17.10~19.01,신규,,,
광진구,11215,광장동,566,11215-14,청구,84.86,22,1996,57000,0,2017-10-28,,,,,
광진구,11215,광장동,566,11215-14,청구,84.86,5,1996,50000,0,2017-10-25,,,,,
광진구,11215,광장동,567,11215-1,광나루현대,84.92,12,1996,47000,0,2017-10-17,,,,,
광진구,11215,광장동,567,11215-1,광나루현대,84.92,18,1996,5000,160,2017-10-17,,,,,
광진구,11215,광장동,569,11215-112,현대8(803동),59.94,2,1996,44000,0,2017-10-12,,,,,
광진구,11215,광장동,569,11215-112,현대8(803동),59.94,5,1996,40000,0,2017-10-09,,,,,
광진구,11215,광장동,570,11215-144,상록타워아파트,84.9,18,1997,58000,0,2017-10-28,,,,,
광진구,11215,광장동,576,11215-2,광장현대9단지,84.96,19,1999,61000,0,2017-10-28,,,,,
광진구,11215,광장동,576,11215-2,광장현대9단지,84.96,21,1999,60000,0,2017-10-19,,,,,
광진구,11215,광장동,577,11215-21,현대파크빌,59.55,4,2000,22000,35,2017-10-09,,,,,
광진구,11215,광장동,577,11215-21,현대파크빌,59.76,4,2000,30000,50,2017-10-21,,,,,
광진구,11215,광장동,577,11215-21,현대파크빌,84.81,12,2000,32000,100,2017-10-14,,,,,
광진구,11215,광장동,577,11215-21,현대파크빌,84.81,13,2000,10000,180,2017-10-25,,,,,
광진구,11215,광장동,577,11215-21,현대파크빌,84.81,13,2000,20000,150,2017-10-21,,,,,
광진구,11215,광장동,577,11215-21,현대파크빌,84.81,14,2000,65000,0,2017-10-18,17.12~19.01,신규,,,
광진구,11215,광장동,577,11215-21,현대파크빌,84.81,15,2000,20000,120,2017-10-20,,,,,
광진구,11215,광장동,577,11215-21,현대파크빌,84.81,24,2000,1000,50,2017-10-23,,,,,
광진구,11215,광장동,577,11215-21,현대파크빌,84.81,24,2000,10000,150,2017-10-14,,,,,
광진구,11215,광장동,578,11215-6,금호베스트빌,84.91,11,2001,53000,0,2017-10-30,,,,,
광진구,11215,광장동,578,11215-6,금호베스트빌,84.91,6,2001,36000,65,2017-10-10,17.10~19.10,갱신,,36000,60
광진구,11215,광장동,579,11215-102,광장11현대홈타운,84.94,2,2003,81000,0,2017-10-25,,,,,
광진구,11215,광장동,581,11215-2694,광장자이,125.89,8,2008,107000,0,2017-10-17,,,,,
광진구,11215,광장동,582,11215-3062,광장힐스테이트,130.17,20,2012,20000,270,2017-10-30,,,,,
광진구,11215,광장동,582,11215-3062,광장힐스테이트,130.17,25,2012,10000,320,2017-10-11,,,,,
광진구,11215,광장동,582,11215-3062,광장힐스테이트,84.96,14,2012,60000,85,2017-10-13,,,,,
광진구,11215,구의동,199-18,11215-29,삼성쉐르빌,132.08,15,2001,59000,0,2017-10-26,,,,,
광진구,11215,구의동,199-18,11215-29,삼성쉐르빌,84.94,19,2001,52000,0,2017-10-14,17.10~18.04,신규,,,
광진구,11215,구의동,199-23,11215-2464,현대13차폴라트리움,154.92,17,2006,50000,80,2017-10-12,,,,,
광진구,11215,구의동,27-10,11215-3046,리치캐슬,59.87,2,2012,28000,0,2017-10-07,,,,,
광진구,11215,구의동,27-10,11215-3046,리치캐슬,59.87,5,2012,28000,0,2017-10-16,,,,,
광진구,11215,구의동,546-7,11215-24,구의강변우성아파트,84.76,13,1992,47500,0,2017-10-17,,,,,
광진구,11215,구의동,546-7,11215-24,구의강변우성아파트,84.76,17,1992,30000,65,2017-10-10,,,,,
광진구,11215,구의동,546-7,11215-24,구의강변우성아파트,84.76,20,1992,53000,0,2017-10-13,,,,,
광진구,11215,구의동,546-7,11215-24,구의강변우성아파트,84.76,3,1992,47000,0,2017-10-17,,,,,
광진구,11215,구의동,546-7,11215-24,구의강변우성아파트,84.76,4,1992,50000,0,2017-10-10,,,,,
광진구,11215,구의동,546-7,11215-24,구의강변우성아파트,84.76,7,1992,10000,130,2017-10-14,17.11~19.11,신규,,,
광진구,11215,구의동,546-7,11215-24,구의강변우성아파트,84.76,9,1992,23000,0,2017-10-13,,,,,
광진구,11215,구의동,547,11215-141,강변현대하이엘,130.89,9,2004,55000,0,2017-10-12,,,,,
광진구,11215,구의동,547,11215-141,강변현대하이엘,136.66,14,2004,56000,0,2017-10-13,,,,,
광진구,11215,구의동,587-54,11215-27,구의현대7단지현대홈타운,59.97,14,1997,5000,100,2017-10-21,,,,,
광진구,11215,구의동,587-54,11215-27,구의현대7단지현대홈타운,59.97,6,1997,38000,0,2017-10-11,,,,,
광진구,11215,구의동,587-54,11215-27,구의현대7단지현대홈타운,84.99,7,1997,48000,0,2017-10-13,,,,,
광진구,11215,구의동,589-10,11215-106,아크로리버,132.0263,19,2004,71000,0,2017-10-25,,,,,
광진구,11215,구의동,610,11215-26,구의현대6단지,84.84,4,1994,49000,0,2017-10-30,,,,,
광진구,11215,구의동,610,11215-26,구의현대6단지,84.92,8,1994,5000,150,2017-10-19,,,,,
광진구,11215,구의동,610,11215-26,구의현대6단지,84.92,9,1994,55000,0,2017-10-24,,,,,
광진구,11215,구의동,611,11215-25,구의현대2단지,84.75,19,1996,53000,0,2017-10-12,,,,,
광진구,11215,구의동,611,11215-25,구의현대2단지,84.75,9,1996,46000,0,2017-10-14,,,,,
광진구,11215,구의동,611,11215-25,구의현대2단지,84.86,24,1996,53000,0,2017-10-19,,,,,
광진구,11215,구의동,611,11215-25,구의현대2단지,84.91,1,1996,55000,0,2017-10-26,,,,,
광진구,11215,구의동,611,11215-25,구의현대2단지,84.91,10,1996,50000,0,2017-10-20,,,,,
광진구,11215,구의동,611,11215-25,구의현대2단지,84.91,11,1996,55000,0,2017-10-21,,,,,
광진구,11215,구의동,611,11215-25,구의현대2단지,84.91,17,1996,52000,0,2017-10-10,,,,,
광진구,11215,구의동,611,11215-25,구의현대2단지,84.91,20,1996,52000,0,2017-10-21,,,,,
광진구,11215,구의동,631-1,11215-33,현대프라임,126.66,4,1997,73000,0,2017-10-16,,,,,
광진구,11215,구의동,631-1,11215-33,현대프라임,59.82,15,1997,10000,80,2017-10-10,,,,,
광진구,11215,구의동,631-1,11215-33,현대프라임,59.82,2,1997,41000,0,2017-10-10,,,,,
광진구,11215,구의동,631-1,11215-33,현대프라임,59.82,21,1997,45000,0,2017-10-19,17.10~19.10,신규,,,
광진구,11215,구의동,631-1,11215-33,현대프라임,59.82,22,1997,42000,0,2017-10-15,,,,,
광진구,11215,구의동,631-1,11215-33,현대프라임,59.82,28,1997,45000,0,2017-10-12,,,,,
광진구,11215,구의동,631-1,11215-33,현대프라임,59.82,6,1997,44000,0,2017-10-21,,,,,
광진구,11215,구의동,631-1,11215-33,현대프라임,59.82,7,1997,25000,60,2017-10-14,,,,,
광진구,11215,구의동,631-1,11215-33,현대프라임,59.82,7,1997,3000,120,2017-10-28,,,,,
광진구,11215,구의동,631-1,11215-33,현대프라임,59.82,9,1997,43000,0,2017-10-13,,,,,
광진구,11215,구의동,631-1,11215-33,현대프라임,84.99,12,1997,40000,0,2017-10-12,,,,,
광진구,11215,구의동,631-1,11215-33,현대프라임,84.99,13,1997,40000,50,2017-10-25,17.12~19.12,신규,,,
광진구,11215,구의동,631-1,11215-33,현대프라임,84.99,14,1997,58000,0,2017-10-31,,,,,
광진구,11215,구의동,631-1,11215-33,현대프라임,84.99,2,1997,20000,90,2017-10-16,,,,,
광진구,11215,구의동,631-1,11215-33,현대프라임,84.99,20,1997,30000,80,2017-10-23,17.10~19.10,신규,,,
광진구,11215,구의동,631-1,11215-33,현대프라임,84.99,4,1997,38000,55,2017-10-14,,,,,
광진구,11215,구의동,631-1,11215-33,현대프라임,84.99,5,1997,5000,150,2017-10-31,,,,,
광진구,11215,구의동,662,11215-2781,아차산한라아파트,60.39,3,2009,20000,45,2017-10-14,,,,,
광진구,11215,구의동,663,11215-2912,아차산포레안,84.68,6,2010,50000,0,2017-10-13,,,,,
광진구,11215,구의동,667,11215-4277,강변에스케이뷰,84.81,27,2017,30000,120,2017-10-24,,,,,
광진구,11215,구의동,71-1,11215-3352,스위트빌(71-1),16.25,7,2013,330,55,2017-10-18,,,,,
광진구,11215,군자동,360-20,11215-2576,광진동양파라곤1단지,127.56,10,2008,10000,150,2017-10-14,,,,,
광진구,11215,군자동,99,11215-41,일성파크,114.86,4,1996,40000,0,2017-10-16,,,,,
광진구,11215,군자동,99,11215-41,일성파크,114.86,6,1996,34500,0,2017-10-02,17.10~19.10,갱신,,32000,
광진구,11215,군자동,99,11215-41,일성파크,59.96,2,1996,27000,0,2017-10-31,,,,,
광진구,11215,군자동,99,11215-41,일성파크,59.96,8,1996,20000,20,2017-10-16,,,,,
광진구,11215,자양동,227-7,11215-2478,더샵스타시티,119.41,27,2007,80000,0,2017-10-30,17.11~19.11,신규,,,
광진구,11215,자양동,227-7,11215-2478,더샵스타시티,127.95,22,2007,92000,0,2017-10-26,,,,,
광진구,11215,자양동,227-7,11215-2478,더샵스타시티,127.95,38,2007,75000,70,2017-10-23,,,,,
광진구,11215,자양동,227-7,11215-2478,더샵스타시티,127.95,7,2007,40000,180,2017-10-30,,,,,
광진구,11215,자양동,227-7,11215-2478,더샵스타시티,139.54,34,2007,105000,0,2017-10-12,,,,,
광진구,11215,자양동,227-7,11215-2478,더샵스타시티,163.53,18,2007,115000,0,2017-10-19,17.10~19.10,신규,,,
광진구,11215,자양동,227-7,11215-2478,더샵스타시티,163.53,44,2007,123000,0,2017-10-17,,,,,
광진구,11215,자양동,227-7,11215-2478,더샵스타시티,163.53,7,2007,130000,0,2017-10-24,,,,,
광진구,11215,자양동,227-7,11215-2478,더샵스타시티,96.98,32,2007,77000,0,2017-10-16,,,,,
광진구,11215,자양동,507-6,11215-2429,이튼타워리버2차,84.96,21,2006,65000,0,2017-10-02,,,,,
광진구,11215,자양동,510-5,11215-2430,이튼타워리버1차,84.17,12,2006,32000,100,2017-10-23,,,,,
광진구,11215,자양동,510-5,11215-2430,이튼타워리버1차,84.26,6,2006,55000,0,2017-10-17,,,,,
광진구,11215,자양동,515-1,11215-60,우성6,84.72,1,1992,30000,50,2017-10-13,,,,,
광진구,11215,자양동,516,11215-57,우성3,51.39,12,1989,34000,0,2017-10-24,,,,,
광진구,11215,자양동,516,11215-57,우성3,51.39,5,1989,36000,0,2017-10-11,,,,,
광진구,11215,자양동,516,11215-57,우성3,51.39,5,1989,36000,0,2017-10-14,,,,,
광진구,11215,자양동,516,11215-57,우성3,72.34,11,1989,15000,100,2017-10-27,,,,,
광진구,11215,자양동,516,11215-57,우성3,72.34,11,1989,50000,0,2017-10-21,,,,,
광진구,11215,자양동,516,11215-57,우성3,72.34,3,1989,19000,70,2017-10-14,17.10~19.10,신규,,,
광진구,11215,자양동,516,11215-57,우성3,72.34,5,1989,50000,0,2017-10-31,,,,,
광진구,11215,자양동,516,11215-57,우성3,84.91,1,1989,20000,110,2017-10-11,,,,,
광진구,11215,자양동,516,11215-57,우성3,84.91,6,1989,56000,0,2017-10-19,,,,,
광진구,11215,자양동,516,11215-57,우성3,84.91,9,1989,55000,0,2017-10-21,,,,,
광진구,11215,자양동,520-2,11215-56,우성2,64.79,11,1989,40000,0,2017-10-19,,,,,
광진구,11215,자양동,57-103,11215-44,한강극동,84.45,3,1991,39000,0,2017-10-16,,,,,
광진구,11215,자양동,57-103,11215-44,한강극동,84.47,10,1991,39000,0,2017-10-29,,,,,
광진구,11215,자양동,579,11215-55,우성1,51.57,10,1988,28000,10,2017-10-11,,,,,
광진구,11215,자양동,579,11215-55,우성1,51.57,10,1988,33000,0,2017-10-14,,,,,
광진구,11215,자양동,579,11215-55,우성1,51.57,4,1988,2500,115,2017-10-09,,,,,
광진구,11215,자양동,579,11215-55,우성1,59.91,10,1988,22000,30,2017-10-14,,,,,
광진구,11215,자양동,579,11215-55,우성1,59.91,10,1988,35000,0,2017-10-11,,,,,
광진구,11215,자양동,579,11215-55,우성1,59.91,12,1988,35000,0,2017-10-13,17.11~19.11,신규,,,
광진구,11215,자양동,579,11215-55,우성1,59.91,12,1988,35000,0,2017-10-14,,,,,
광진구,11215,자양동,579,11215-55,우성1,59.91,6,1988,36000,0,2017-10-16,,,,,
광진구,11215,자양동,579,11215-55,우성1,79.75,11,1988,40000,0,2017-10-20,,,,,
광진구,11215,자양동,579,11215-55,우성1,79.75,14,1988,9000,0,2017-10-23,,,,,
광진구,11215,자양동,579,11215-55,우성1,79.75,2,1988,39000,0,2017-10-14,,,,,
광진구,11215,자양동,579,11215-55,우성1,79.75,4,1988,25000,60,2017-10-27,,,,,
광진구,11215,자양동,579,11215-55,우성1,79.75,6,1988,28000,30,2017-10-30,,,,,
광진구,11215,자양동,579,11215-55,우성1,79.75,6,1988,38000,0,2017-10-30,,,,,
광진구,11215,자양동,579,11215-55,우성1,79.75,9,1988,44500,0,2017-10-30,,,,,
광진구,11215,자양동,588-20,11215-132,진넥스빌,115.24,2,2001,40000,0,2017-10-20,,,,,
광진구,11215,자양동,624-45,11215-3091,대원캐슬빌,57.23,4,2012,25000,0,2017-10-12,,,,,
광진구,11215,자양동,641,11215-49,경남,59.96,2,1999,31000,0,2017-10-31,,,,,
광진구,11215,자양동,641,11215-49,경남,59.96,9,1999,31000,0,2017-10-28,,,,,
광진구,11215,자양동,642,11215-67,자양현대5,59.72,14,1998,33000,0,2017-10-12,,,,,
광진구,11215,자양동,642,11215-67,자양현대5,59.72,8,1998,32000,0,2017-10-30,,,,,
광진구,11215,자양동,642,11215-67,자양현대5,59.88,11,1998,10000,70,2017-10-11,,,,,
광진구,11215,자양동,642,11215-67,자양현대5,76.94,14,1998,40000,0,2017-10-31,,,,,
광진구,11215,자양동,644,11215-53,로얄동아,114.28,24,1999,53000,0,2017-10-23,,,,,
광진구,11215,자양동,644,11215-53,로얄동아,59.91,11,1999,3000,100,2017-10-26,,,,,
광진구,11215,자양동,644,11215-53,로얄동아,59.91,15,1999,20000,35,2017-10-20,,,,,
광진구,11215,자양동,644,11215-53,로얄동아,59.91,19,1999,33000,0,2017-10-22,,,,,
광진구,11215,자양동,644,11215-53,로얄동아,59.91,2,1999,29000,0,2017-10-27,,,,,
광진구,11215,자양동,644,11215-53,로얄동아,59.91,5,1999,32000,0,2017-10-22,,,,,
광진구,11215,자양동,644,11215-53,로얄동아,84.75,6,1999,25000,40,2017-10-17,,,,,
광진구,11215,자양동,644,11215-53,로얄동아,84.83,4,1999,21000,50,2017-10-19,,,,,
광진구,11215,자양동,645-5,11215-66,자양동현대,83.11,2,1993,43000,0,2017-10-23,,,,,
광진구,11215,자양동,645-5,11215-66,자양동현대,83.11,4,1993,10000,30,2017-10-12,,,,,
광진구,11215,자양동,645-5,11215-66,자양동현대,84.55,4,1993,42000,0,2017-10-30,,,,,
광진구,11215,자양동,670,11215-73,현대3,84.9,18,1996,18500,40,2017-10-21,,,,,
광진구,11215,자양동,670,11215-73,현대3,84.9,2,1996,45000,0,2017-10-09,,,,,
광진구,11215,자양동,670,11215-73,현대3,84.9,22,1996,44500,0,2017-10-30,,,,,
광진구,11215,자양동,670,11215-73,현대3,84.9,23,1996,49000,0,2017-10-28,,,,,
광진구,11215,자양동,673,11215-76,현대강변,82.08,12,1991,39000,0,2017-10-24,,,,,
광진구,11215,자양동,695,11215-72,한양,110.22,1,1983,36000,0,2017-10-19,,,,,
광진구,11215,자양동,695,11215-72,한양,157.87,2,1983,48000,0,2017-10-17,,,,,
광진구,11215,자양동,762,11215-70,한라아파트,59.96,11,1996,40000,0,2017-10-23,,,,,
광진구,11215,자양동,762,11215-70,한라아파트,84.6,19,1996,40000,25,2017-10-30,,,,,
광진구,11215,자양동,779-11,11215-183,구의현대하이엘,69.08,10,2005,34000,0,2017-10-03,,,,,
광진구,11215,자양동,779-8,11215-2467,구의현대홈시티,84.9,18,2006,50000,0,2017-10-17,,,,,
광진구,11215,자양동,783-1,11215-64,자양우성7,59.94,16,1998,41000,0,2017-10-30,,,,,
광진구,11215,자양동,783-1,11215-64,자양우성7,59.94,17,1998,33000,25,2017-10-18,,,,,
광진구,11215,자양동,783-1,11215-64,자양우성7,59.94,17,1998,45000,0,2017-10-24,,,,,
광진구,11215,자양동,783-1,11215-64,자양우성7,59.94,19,1998,41000,0,2017-10-28,,,,,
광진구,11215,자양동,783-1,11215-64,자양우성7,59.94,4,1998,40000,0,2017-10-10,,,,,
광진구,11215,자양동,783-1,11215-64,자양우성7,59.94,6,1998,18000,70,2017-10-18,,,,,
광진구,11215,자양동,784-1,11215-51,대동,59.54,17,1999,10000,85,2017-10-31,,,,,
광진구,11215,자양동,786,11215-68,자양현대6,84.97,4,1999,50000,0,2017-10-31,,,,,
광진구,11215,자양동,787,11215-63,자양삼성,84.96,17,1999,40000,40,2017-10-24,,,,,
광진구,11215,자양동,789,11215-75,자양8차현대홈타운,108.43,10,2002,30000,160,2017-10-19,,,,,
광진구,11215,자양동,790,11215-79,자양9차현대홈타운,83.58,11,2002,60000,0,2017-10-14,,,,,
광진구,11215,자양동,792,11215-81,자양10차현대홈타운,84.46,15,2002,25000,100,2017-10-10,,,,,
광진구,11215,자양동,793,11215-111,우방리버파크,59.87,17,2003,40000,0,2017-10-21,,,,,
광진구,11215,자양동,809,11215-184,자양강변I-Park,84.95,16,2006,40000,80,2017-10-21,,,,,
광진구,11215,자양동,829,11215-48,한강현대,83.45,4,1993,43000,0,2017-10-12,,,,,
광진구,11215,자양동,829,11215-48,한강현대,83.45,5,1993,45000,0,2017-10-23,,,,,
광진구,11215,자양동,831-1,11215-45,한강성원,59.46,6,1997,38000,0,2017-10-20,,,,,
광진구,11215,자양동,856,11215-2790,이튼타워리버5차,159.97,4,2009,95000,0,2017-10-24,,,,,
광진구,11215,자양동,856,11215-2790,이튼타워리버5차,84.77,10,2009,43000,90,2017-10-26,,,,,
광진구,11215,자양동,856,11215-2790,이튼타워리버5차,84.77,4,2009,69000,0,2017-10-14,,,,,
광진구,11215,자양동,856,11215-2790,이튼타워리버5차,84.92,6,2009,10000,200,2017-10-25,,,,,
광진구,11215,자양동,859,11215-4343,래미안프리미어팰리스,102.87,29,2017,75000,0,2017-10-13,,,,,
광진구,11215,자양동,859,11215-4343,래미안프리미어팰리스,59.87,25,2017,6249,9,2017-10-23,,,,,
광진구,11215,자양동,859,11215-4343,래미안프리미어팰리스,59.87,7,2017,6249,9,2017-10-24,,,,,
광진구,11215,자양동,859,11215-4343,래미안프리미어팰리스,84.92,12,2017,58000,0,2017-10-16,,,,,
광진구,11215,자양동,859,11215-4343,래미안프리미어팰리스,84.92,15,2017,60000,0,2017-10-20,,,,,
광진구,11215,자양동,859,11215-4343,래미안프리미어팰리스,84.92,18,2017,60000,0,2017-10-27,,,,,
광진구,11215,자양동,859,11215-4343,래미안프리미어팰리스,84.92,18,2017,62000,0,2017-10-28,,,,,
광진구,11215,자양동,859,11215-4343,래미안프리미어팰리스,84.92,19,2017,58000,0,2017-10-27,,,,,
광진구,11215,자양동,859,11215-4343,래미안프리미어팰리스,84.92,29,2017,63000,0,2017-10-30,,,,,
광진구,11215,자양동,87-1,11215-47,한강우성,84.72,10,1993,40000,0,2017-10-11,,,,,
광진구,11215,자양동,87-1,11215-47,한강우성,84.72,10,1993,52000,0,2017-10-23,,,,,
광진구,11215,자양동,87-1,11215-47,한강우성,84.72,12,1993,30000,60,2017-10-25,,,,,
광진구,11215,자양동,87-1,11215-47,한강우성,84.72,24,1993,55000,0,2017-10-31,,,,,
광진구,11215,자양동,87-1,11215-47,한강우성,84.72,9,1993,35000,30,2017-10-25,,,,,
광진구,11215,중곡동,190-26,11215-100,중곡2단지,55.87,5,1976,15000,0,2017-10-18,17.10~19.10,신규,,,
광진구,11215,중곡동,191-77,11215-88,중곡1단지,48.5,3,1976,12000,0,2017-10-23,,,,,
광진구,11215,중곡동,90-18,11215-90,욱현,70.71,4,2002,32000,0,2017-10-10,,,,,
광진구,11215,화양동,113-1,11215-3509,광진코지웰,18.82,9,2014,3000,55,2017-10-20,,,,,
광진구,11215,화양동,21-2,11215-2471,브라운스톤,84.99,10,2006,38000,0,2017-10-12,17.11~20.11,갱신,,34000,
광진구,11215,화양동,234,11215-99,화양현대,59.99,13,1999,8000,90,2017-10-21,,,,,
광진구,11215,화양동,234,11215-99,화양현대,59.99,2,1999,34000,0,2017-10-21,,,,,
광진구,11215,화양동,530,11215-4313,씨즈건대힐스,14.23,2,2017,2000,55,2017-10-27,17.11~19.02,신규,,,
광진구,11215,화양동,530,11215-4313,씨즈건대힐스,14.23,3,2017,13300,0,2017-10-10,,,,,
광진구,11215,화양동,530,11215-4313,씨즈건대힐스,14.23,3,2017,13500,0,2017-10-14,,,,,
광진구,11215,화양동,530,11215-4313,씨즈건대힐스,14.23,3,2017,14000,0,2017-10-30,,,,,
광진구,11215,화양동,530,11215-4313,씨즈건대힐스,14.23,4,2017,2000,55,2017-10-27,,,,,
광진구,11215,화양동,530,11215-4313,씨즈건대힐스,14.23,5,2017,4000,40,2017-10-18,,,,,
광진구,11215,화양동,530,11215-4313,씨즈건대힐스,14.23,7,2017,1000,60,2017-10-31,,,,,
구로구,11530,개봉동,170-30,11530-82,신개봉삼환,59.81,1,2001,25000,0,2017-10-02,,,,,
구로구,11530,개봉동,170-30,11530-82,신개봉삼환,74.1,1,2001,24000,0,2017-10-20,,,,,
구로구,11530,개봉동,270-80,11530-70,거성,47.52,5,1988,10000,0,2017-10-18,,,,,
구로구,11530,개봉동,270-80,11530-70,거성,58.23,1,1988,13000,0,2017-10-20,,,,,
구로구,11530,개봉동,322-12,11530-182,중앙힐,63.84,5,2000,17500,0,2017-10-31,,,,,
구로구,11530,개봉동,470,11530-80,삼환,59.4,12,1995,26000,0,2017-10-27,,,,,
구로구,11530,개봉동,470,11530-80,삼환,59.4,14,1995,25500,0,2017-10-13,,,,,
구로구,11530,개봉동,470,11530-80,삼환,59.4,7,1995,27000,0,2017-10-13,,,,,
구로구,11530,개봉동,472,11530-77,두산,59.69,10,1997,18000,25,2017-10-23,,,,,
구로구,11530,개봉동,472,11530-77,두산,84.96,22,1997,31000,0,2017-10-25,,,,,
구로구,11530,개봉동,475,11530-84,영화,59.78,24,1998,9000,50,2017-10-10,,,,,
구로구,11530,개봉동,475,11530-84,영화,59.78,8,1998,8000,50,2017-10-18,,,,,
구로구,11530,개봉동,476,11530-89,한마을,123.46,13,1999,41000,0,2017-10-10,,,,,
구로구,11530,개봉동,476,11530-89,한마을,59.57,1,1999,20000,25,2017-10-11,,,,,
구로구,11530,개봉동,476,11530-89,한마을,59.57,10,1999,30000,0,2017-10-09,,,,,
구로구,11530,개봉동,476,11530-89,한마을,59.57,11,1999,30000,0,2017-10-12,,,,,
구로구,11530,개봉동,476,11530-89,한마을,59.57,17,1999,32000,0,2017-10-31,,,,,
구로구,11530,개봉동,476,11530-89,한마을,59.57,2,1999,30000,0,2017-10-20,,,,,
구로구,11530,개봉동,476,11530-89,한마을,59.57,24,1999,30000,0,2017-10-30,,,,,
구로구,11530,개봉동,476,11530-89,한마을,59.57,24,1999,31000,0,2017-10-28,,,,,
구로구,11530,개봉동,476,11530-89,한마을,59.57,4,1999,30000,0,2017-10-30,,,,,
구로구,11530,개봉동,476,11530-89,한마을,59.57,8,1999,27000,0,2017-10-31,,,,,
구로구,11530,개봉동,476,11530-89,한마을,84.57,16,1999,34000,0,2017-10-22,,,,,
구로구,11530,개봉동,476,11530-89,한마을,84.57,6,1999,36000,0,2017-10-31,,,,,
구로구,11530,개봉동,477,11530-75,대상,74.56,2,1999,25000,0,2017-10-02,,,,,
구로구,11530,개봉동,477,11530-75,대상,74.56,2,1999,4000,70,2017-10-28,,,,,
구로구,11530,개봉동,478,11530-90,한진,59.95,18,2000,25000,0,2017-10-19,,,,,
구로구,11530,개봉동,478,11530-90,한진,59.95,18,2000,25500,0,2017-10-14,,,,,
구로구,11530,개봉동,478,11530-90,한진,59.95,5,2000,25500,0,2017-10-14,,,,,
구로구,11530,개봉동,478,11530-90,한진,59.95,8,2000,20000,15,2017-10-18,,,,,
구로구,11530,개봉동,478,11530-90,한진,84.96,18,2000,20000,40,2017-10-26,,,,,
구로구,11530,개봉동,478,11530-90,한진,84.96,2,2000,31500,0,2017-10-13,,,,,
구로구,11530,개봉동,480,11530-92,현대홈타운,115,11,2001,35000,0,2017-10-10,,,,,
구로구,11530,개봉동,480,11530-92,현대홈타운,59.49,15,2001,28000,0,2017-10-28,,,,,
구로구,11530,개봉동,480,11530-92,현대홈타운,59.49,17,2001,31000,0,2017-10-19,,,,,
구로구,11530,개봉동,480,11530-92,현대홈타운,59.49,25,2001,30800,0,2017-10-12,,,,,
구로구,11530,개봉동,480,11530-92,현대홈타운,59.49,7,2001,30000,0,2017-10-14,,,,,
구로구,11530,개봉동,480,11530-92,현대홈타운,84.915,23,2001,37000,0,2017-10-31,,,,,
구로구,11530,개봉동,481,11530-91,현대,114.99,1,2001,41000,0,2017-10-27,,,,,
구로구,11530,개봉동,481,11530-91,현대,59.94,10,2001,34000,0,2017-10-29,,,,,
구로구,11530,개봉동,481,11530-91,현대,59.94,12,2001,33000,0,2017-10-28,,,,,
구로구,11530,개봉동,481,11530-91,현대,59.94,2,2001,32000,0,2017-10-21,,,,,
구로구,11530,개봉동,481,11530-91,현대,59.94,23,2001,32000,0,2017-10-31,,,,,
구로구,11530,개봉동,481,11530-91,현대,84.99,13,2001,34000,0,2017-10-28,,,,,
구로구,11530,개봉동,481,11530-91,현대,84.99,17,2001,38000,0,2017-10-31,,,,,
구로구,11530,개봉동,481,11530-91,현대,84.99,18,2001,33500,0,2017-10-25,,,,,
구로구,11530,개봉동,481,11530-91,현대,84.99,3,2001,40000,0,2017-10-19,,,,,
구로구,11530,개봉동,481,11530-91,현대,84.99,4,2001,38500,0,2017-10-16,,,,,
구로구,11530,개봉동,483,11530-94,율포그레이스빌,84.78,12,2002,30000,0,2017-10-11,,,,,
구로구,11530,개봉동,489,11530-3213,개봉동현대아이파크,59.99,10,2006,38000,0,2017-10-16,,,,,
구로구,11530,개봉동,489,11530-3213,개봉동현대아이파크,59.99,17,2006,33000,0,2017-10-28,,,,,
구로구,11530,개봉동,489,11530-3213,개봉동현대아이파크,84.98,11,2006,5000,120,2017-10-14,,,,,
구로구,11530,개봉동,492,11530-3798,개봉푸르지오,59.86,15,2014,5000,100,2017-10-28,,,,,
구로구,11530,개봉동,492,11530-3798,개봉푸르지오,59.86,8,2014,24450,0,2017-10-31,,,,,
구로구,11530,개봉동,492,11530-3798,개봉푸르지오,71.49,15,2014,42000,0,2017-10-25,,,,,
구로구,11530,개봉동,492,11530-3798,개봉푸르지오,84.94,15,2014,45000,0,2017-10-24,,,,,
구로구,11530,개봉동,60-101,11530-71,거성푸르뫼,59.89,13,1993,22000,0,2017-10-12,,,,,
구로구,11530,개봉동,60-101,11530-71,거성푸르뫼,59.89,9,1993,20000,0,2017-10-20,,,,,
구로구,11530,개봉동,60-82,11530-72,거성푸르뫼2,132.68,4,1994,30000,0,2017-10-25,,,,,
구로구,11530,고척동,141-1,11530-56,서울가든,54.61,6,1989,19000,0,2017-10-09,,,,,
구로구,11530,고척동,141-1,11530-56,서울가든,64.39,1,1989,21000,0,2017-10-20,,,,,
구로구,11530,고척동,141-1,11530-56,서울가든,64.39,2,1989,22000,0,2017-10-14,,,,,
구로구,11530,고척동,141-1,11530-56,서울가든,64.39,5,1989,2000,80,2017-10-11,,,,,
구로구,11530,고척동,141-1,11530-56,서울가든,64.39,5,1989,7000,50,2017-10-21,,,,,
구로구,11530,고척동,141-1,11530-56,서울가든,64.39,6,1989,18000,0,2017-10-12,17.12~19.12,갱신,,15000,
구로구,11530,고척동,141-1,11530-56,서울가든,64.39,6,1989,7000,50,2017-10-11,,,,,
구로구,11530,고척동,141-1,11530-56,서울가든,64.39,7,1989,21000,0,2017-10-20,,,,,
구로구,11530,고척동,141-1,11530-56,서울가든,64.39,8,1989,6000,60,2017-10-16,,,,,
구로구,11530,고척동,141-1,11530-56,서울가든,64.39,9,1989,7000,45,2017-10-10,,,,,
구로구,11530,고척동,141-1,11530-56,서울가든,84.99,1,1989,26500,0,2017-10-09,,,,,
구로구,11530,고척동,296,11530-51,대우,84.98,16,1999,34000,0,2017-10-31,,,,,
구로구,11530,고척동,321,11530-62,우성꿈동산,71.66,4,1996,19000,0,2017-10-10,,,,,
구로구,11530,고척동,323,11530-50,그랜드,57.74,3,1997,18000,0,2017-10-18,17.11~19.11,신규,,,
구로구,11530,고척동,324,11530-59,신원프라자,59.97,9,1997,22000,0,2017-10-15,,,,,
구로구,11530,고척동,326,11530-63,청구,114.12,15,1999,38000,0,2017-10-10,,,,,
구로구,11530,고척동,326,11530-63,청구,59.94,11,1999,24000,0,2017-10-16,,,,,
구로구,11530,고척동,331,11530-55,삼익(2단지),84.96,5,2001,29000,0,2017-10-21,,,,,
구로구,11530,고척동,334,11530-69,벽산,84.878,1,2003,40000,0,2017-10-19,,,,,
구로구,11530,고척동,334,11530-69,벽산,84.878,11,2003,40000,0,2017-10-14,,,,,
구로구,11530,고척동,334,11530-69,벽산,84.878,11,2003,40000,0,2017-10-16,,,,,
구로구,11530,고척동,334,11530-69,벽산,84.878,2,2003,40000,0,2017-10-14,,,,,
구로구,11530,고척동,334,11530-69,벽산,84.878,2,2003,40000,0,2017-10-21,,,,,
구로구,11530,고척동,334,11530-69,벽산,84.878,22,2003,33000,25,2017-10-21,,,,,
구로구,11530,고척동,334,11530-69,벽산,84.878,24,2003,39000,0,2017-10-27,,,,,
구로구,11530,고척동,334,11530-69,벽산,84.878,4,2003,7000,100,2017-10-15,,,,,
구로구,11530,고척동,334,11530-69,벽산,84.878,6,2003,39500,0,2017-10-25,,,,,
구로구,11530,고척동,336,11530-180,삼환로즈빌,102.375,19,2004,43000,0,2017-10-29,,,,,
구로구,11530,고척동,336,11530-180,삼환로즈빌,59.998,16,2004,100,35,2017-10-14,,,,,
구로구,11530,고척동,336,11530-180,삼환로즈빌,59.998,9,2004,34000,0,2017-10-12,,,,,
구로구,11530,고척동,336,11530-180,삼환로즈빌,84.994,2,2004,5000,100,2017-10-29,,,,,
구로구,11530,고척동,336,11530-180,삼환로즈빌,84.994,4,2004,38000,0,2017-10-26,,,,,
구로구,11530,고척동,337,11530-3134,한일유앤아이,84.98,3,2005,4000,90,2017-10-30,,,,,
구로구,11530,고척동,338,11530-3323,마젤란,84.923,6,2008,36000,0,2017-10-14,17.10~19.10,갱신,,35000,
구로구,11530,고척동,339,11530-3373,고척파크푸르지오,59.89,10,2009,37500,0,2017-10-13,,,,,
구로구,11530,고척동,339,11530-3373,고척파크푸르지오,84.94,1,2009,43000,0,2017-10-21,,,,,
구로구,11530,고척동,340,11530-3385,고척LIG리가1차,84.98,11,2009,29000,30,2017-10-28,,,,,
구로구,11530,고척동,340,11530-3385,고척LIG리가1차,84.98,18,2009,33000,0,2017-10-16,,,,,
구로구,11530,고척동,340-1,11530-3386,고척LIG리가2차,59.95,2,2009,36000,0,2017-10-15,,,,,
구로구,11530,고척동,340-1,11530-3386,고척LIG리가2차,84.91,6,2009,31000,40,2017-10-30,,,,,
구로구,11530,고척동,343,11530-3459,고척월드메르디앙,84.93,2,2011,38000,0,2017-10-27,,,,,
구로구,11530,고척동,346,11530-3622,라이프플러스,15.45,7,2012,8000,0,2017-10-20,,,,,
구로구,11530,고척동,346,11530-3622,라이프플러스,17.57,13,2012,11000,0,2017-10-17,,,,,
구로구,11530,고척동,346,11530-3622,라이프플러스,30.285,3,2012,13000,0,2017-10-20,,,,,
구로구,11530,고척동,346,11530-3622,라이프플러스,30.285,4,2012,12000,5,2017-10-12,,,,,
구로구,11530,고척동,52-332,11530-67,한효,69.87,3,1985,20000,0,2017-10-15,,,,,
구로구,11530,고척동,52-332,11530-67,한효,82.48,1,1985,4000,80,2017-10-24,17.11~19.11,신규,,,
구로구,11530,고척동,52-332,11530-67,한효,83.2,10,1985,11000,20,2017-10-26,,,,,
구로구,11530,고척동,57-9,11530-53,산업인,47,5,1976,8500,0,2017-10-13,,,,,
구로구,11530,고척동,57-9,11530-53,산업인,47,5,1976,9000,0,2017-10-28,,,,,
구로구,11530,고척동,57-9,11530-53,산업인,47.01,1,1976,2000,35,2017-10-19,,,,,
구로구,11530,고척동,57-9,11530-53,산업인,47.01,2,1976,8500,0,2017-10-28,,,,,
구로구,11530,고척동,57-9,11530-53,산업인,47.26,3,1976,8700,0,2017-10-12,,,,,
구로구,11530,고척동,76-55,11530-61,"우성,현대아파트",68.7,10,1987,4000,67,2017-10-14,,,,,
구로구,11530,고척동,97-3,11530-167,삼명,43.74,1,1977,6000,15,2017-10-26,,,,,
구로구,11530,고척동,97-3,11530-167,삼명,43.74,1,1977,7500,0,2017-10-20,,,,,
구로구,11530,고척동,97-3,11530-167,삼명,43.74,4,1977,9000,0,2017-10-10,17.11~19.11,신규,,,
구로구,11530,구로동,100-8,11530-19,신안타워,84.93,11,1998,29500,0,2017-10-08,,,,,
구로구,11530,구로동,104-9,11530-43,성호메이플라워멤버스빌,31.75,9,2002,13000,0,2017-10-21,,,,,
구로구,11530,구로동,104-9,11530-43,성호메이플라워멤버스빌,31.76,14,2002,1000,50,2017-10-21,,,,,
구로구,11530,구로동,104-9,11530-43,성호메이플라워멤버스빌,41.4,15,2002,16000,0,2017-10-07,17.10~19.10,신규,,,
구로구,11530,구로동,1058,11530-23,우성(1058),59.34,10,1995,26000,0,2017-10-19,,,,,
구로구,11530,구로동,1058,11530-23,우성(1058),59.34,9,1995,25000,0,2017-10-11,,,,,
구로구,11530,구로동,1058,11530-23,우성(1058),84.38,14,1995,35000,0,2017-10-02,,,,,
구로구,11530,구로동,106-2,11530-3957,대림역포스큐,14.579,17,2015,5000,35,2017-10-12,,,,,
구로구,11530,구로동,107-4,11530-3660,비즈트위트블루,16.04,4,2012,3000,35,2017-10-10,,,,,
구로구,11530,구로동,107-4,11530-3660,비즈트위트블루,16.04,5,2012,12000,0,2017-10-12,,,,,
구로구,11530,구로동,108-2,11530-15,새솔금호,84.89,4,1996,33000,0,2017-10-14,,,,,
구로구,11530,구로동,110,11530-3583,종인아네스트,16.04,19,2012,500,55,2017-10-13,,,,,
구로구,11530,구로동,110-1,11530-42,희훈타워빌,128.68,15,1998,11500,80,2017-10-13,,,,,
구로구,11530,구로동,110-8,11530-3438,하나세인스톤1차,21.7256,11,2011,7000,30,2017-10-16,,,,,
구로구,11530,구로동,110-8,11530-3438,하나세인스톤1차,21.7256,12,2011,1000,60,2017-10-09,,,,,
구로구,11530,구로동,120,11530-7,대림우성2,43.79,10,1987,19000,0,2017-10-13,,,,,
구로구,11530,구로동,120,11530-7,대림우성2,43.79,8,1987,19000,0,2017-10-27,,,,,
구로구,11530,구로동,1256,11530-138,구로현대,56.49,12,1992,16000,20,2017-10-21,,,,,
구로구,11530,구로동,1256,11530-138,구로현대,63.98,7,1992,5000,85,2017-10-19,,,,,
구로구,11530,구로동,1257,11530-10,럭키,59.98,8,1992,17000,0,2017-10-18,17.11~19.11,신규,,,
구로구,11530,구로동,1257,11530-10,럭키,84.9,13,1992,30000,0,2017-10-23,,,,,
구로구,11530,구로동,1259,11530-1,구일우성,114.47,14,1998,40000,0,2017-10-10,,,,,
구로구,11530,구로동,1259,11530-1,구일우성,59.44,15,1998,4000,65,2017-10-20,17.11~19.11,신규,,,
구로구,11530,구로동,1259,11530-1,구일우성,59.44,24,1998,23500,0,2017-10-31,,,,,
구로구,11530,구로동,1259,11530-1,구일우성,59.44,7,1998,23000,0,2017-10-16,,,,,
구로구,11530,구로동,1260,11530-27,이화우성,114.92,2,1998,40000,0,2017-10-19,,,,,
구로구,11530,구로동,1260,11530-27,이화우성,114.92,4,1998,41000,0,2017-10-19,17.10~19.10,신규,,,
구로구,11530,구로동,1260,11530-27,이화우성,84.98,1,1998,32000,0,2017-10-18,,,,,
구로구,11530,구로동,1261,11530-28,일신건영,59.97,18,1998,31000,0,2017-10-21,,,,,
구로구,11530,구로동,1262,11530-26,월드,84.94,21,1998,27000,0,2017-10-20,,,,,
구로구,11530,구로동,1263,11530-11,신도림롯데아파트,59.68,17,1999,10000,70,2017-10-09,,,,,
구로구,11530,구로동,1263,11530-11,신도림롯데아파트,84.93,10,1999,19000,55,2017-10-02,,,,,
구로구,11530,구로동,1263,11530-11,신도림롯데아파트,84.93,6,1999,37000,0,2017-10-24,,,,,
구로구,11530,구로동,1265,11530-9,구로두산,44.64,11,1998,1000,80,2017-10-31,,,,,
구로구,11530,구로동,1265,11530-9,구로두산,44.64,17,1998,2000,70,2017-10-23,,,,,
구로구,11530,구로동,1265,11530-9,구로두산,44.64,18,1998,22000,0,2017-10-10,,,,,
구로구,11530,구로동,1265,11530-9,구로두산,44.64,19,1998,22000,0,2017-10-12,,,,,
구로구,11530,구로동,1265,11530-9,구로두산,44.64,20,1998,21500,0,2017-10-28,,,,,
구로구,11530,구로동,1265,11530-9,구로두산,44.64,3,1998,20000,0,2017-10-29,,,,,
구로구,11530,구로동,1265,11530-9,구로두산,44.64,9,1998,21000,0,2017-10-30,,,,,
구로구,11530,구로동,1265,11530-9,구로두산,51.84,11,1998,26000,0,2017-10-20,,,,,
구로구,11530,구로동,1265,11530-9,구로두산,51.84,24,1998,26000,0,2017-10-28,,,,,
구로구,11530,구로동,1265,11530-9,구로두산,63.33,3,1998,10000,60,2017-10-19,,,,,
구로구,11530,구로동,1266,11530-1436,구로두산(201동),27.6,20,1998,752,12,2017-10-11,,,,,
구로구,11530,구로동,1267,11530-17,신도림태영타운,59.88,1,2000,35000,0,2017-10-28,,,,,
구로구,11530,구로동,1267,11530-17,신도림태영타운,59.88,14,2000,39000,0,2017-10-16,,,,,
구로구,11530,구로동,1267,11530-17,신도림태영타운,84.87,8,2000,47000,0,2017-10-17,,,,,
구로구,11530,구로동,1268,11530-21,영화참마음,84.63,5,2001,32000,0,2017-10-24,,,,,
구로구,11530,구로동,1269,11530-31,중앙하이츠(1269),82.3019,14,2001,37000,0,2017-10-25,,,,,
구로구,11530,구로동,1274,11530-146,신성미소지움,84.23,3,2003,34000,0,2017-10-31,,,,,
구로구,11530,구로동,1274,11530-146,신성미소지움,84.23,8,2003,33000,0,2017-10-14,,,,,
구로구,11530,구로동,1275,11530-149,성삼하이츠,78.88,1,2004,30000,0,2017-10-20,,,,,
구로구,11530,구로동,1278,11530-3249,구로두산위브,36.88,1,2006,22500,0,2017-10-13,18.01~20.01,신규,,,
구로구,11530,구로동,1278,11530-3249,구로두산위브,36.88,11,2006,24000,0,2017-10-27,,,,,
구로구,11530,구로동,1278,11530-3249,구로두산위브,36.88,11,2006,5000,60,2017-10-16,,,,,
구로구,11530,구로동,1278,11530-3249,구로두산위브,36.88,12,2006,24000,0,2017-10-13,,,,,
구로구,11530,구로동,1278,11530-3249,구로두산위브,36.88,12,2006,3000,70,2017-10-09,,,,,
구로구,11530,구로동,1278,11530-3249,구로두산위브,36.88,14,2006,10000,45,2017-10-26,,,,,
구로구,11530,구로동,1278,11530-3249,구로두산위브,36.88,16,2006,8000,50,2017-10-16,,,,,
구로구,11530,구로동,1278,11530-3249,구로두산위브,36.88,7,2006,21000,0,2017-10-19,,,,,
구로구,11530,구로동,1278,11530-3249,구로두산위브,36.88,9,2006,24000,0,2017-10-14,,,,,
구로구,11530,구로동,1278,11530-3249,구로두산위브,36.88,9,2006,25000,0,2017-10-19,,,,,
구로구,11530,구로동,1278,11530-3249,구로두산위브,50.14,7,2006,20000,45,2017-10-23,,,,,
구로구,11530,구로동,1278,11530-3249,구로두산위브,57.1,4,2006,34000,0,2017-10-11,,,,,
구로구,11530,구로동,1278,11530-3249,구로두산위브,57.1,6,2006,32000,0,2017-10-09,,,,,
구로구,11530,구로동,1278,11530-3249,구로두산위브,57.1,9,2006,34000,0,2017-10-13,,,,,
구로구,11530,구로동,1279,11530-176,우민늘푸른,84.702,8,2004,37500,0,2017-10-27,,,,,
구로구,11530,구로동,1280,11530-3282,한신휴플러스(1280-0),50.03,10,2007,32000,0,2017-10-14,,,,,
구로구,11530,구로동,1280,11530-3282,한신휴플러스(1280-0),50.03,16,2007,10000,70,2017-10-26,,,,,
구로구,11530,구로동,1280,11530-3282,한신휴플러스(1280-0),50.17,18,2007,28000,0,2017-10-23,,,,,
구로구,11530,구로동,1280,11530-3282,한신휴플러스(1280-0),50.17,9,2007,31000,0,2017-10-26,,,,,
구로구,11530,구로동,1280,11530-3282,한신휴플러스(1280-0),50.17,9,2007,31000,0,2017-10-27,,,,,
구로구,11530,구로동,1280,11530-3282,한신휴플러스(1280-0),58.03,11,2007,33000,0,2017-10-30,17.12~19.12,신규,,,
구로구,11530,구로동,1280,11530-3282,한신휴플러스(1280-0),58.03,12,2007,3000,115,2017-10-15,,,,,
구로구,11530,구로동,1280,11530-3282,한신휴플러스(1280-0),58.03,17,2007,36000,0,2017-10-21,,,,,
구로구,11530,구로동,1280,11530-3282,한신휴플러스(1280-0),58.03,4,2007,34000,0,2017-10-19,,,,,
구로구,11530,구로동,1280,11530-3282,한신휴플러스(1280-0),58.03,4,2007,34000,0,2017-10-19,,,,,
구로구,11530,구로동,1281,11530-3214,한일유앤아이,84.962,12,2006,5000,110,2017-10-13,,,,,
구로구,11530,구로동,1282,11530-3270,덕영드림,56.19,15,2006,29000,0,2017-10-28,,,,,
구로구,11530,구로동,1282,11530-3270,덕영드림,56.19,6,2006,12000,40,2017-10-30,,,,,
구로구,11530,구로동,1282,11530-3270,덕영드림,70.17,6,2006,8000,50,2017-10-26,,,,,
구로구,11530,구로동,1283,11530-3289,근상프리즘,78.88,15,2007,29000,0,2017-10-17,,,,,
구로구,11530,구로동,1285,11530-3371,대림역경남아너스빌,65.7595,10,2009,36000,0,2017-10-21,,,,,
구로구,11530,구로동,1285,11530-3371,대림역경남아너스빌,84.8382,10,2009,38000,0,2017-10-24,,,,,
구로구,11530,구로동,1287,11530-3509,구로지웰,59.651,8,2011,27000,0,2017-10-29,,,,,
구로구,11530,구로동,145-23,11530-16,성락,57.33,4,1988,2000,65,2017-10-23,,,,,
구로구,11530,구로동,23,11530-24,우성(23),109.27,8,1985,44000,0,2017-10-31,,,,,
구로구,11530,구로동,256-1,11530-171,삼성래미안,56.036,13,2004,32500,0,2017-10-14,,,,,
구로구,11530,구로동,256-1,11530-171,삼성래미안,58.136,21,2004,36500,0,2017-10-14,,,,,
구로구,11530,구로동,256-1,11530-171,삼성래미안,78.665,21,2004,12000,80,2017-10-14,,,,,
구로구,11530,구로동,256-1,11530-171,삼성래미안,78.665,22,2004,41000,0,2017-10-11,,,,,
구로구,11530,구로동,256-1,11530-171,삼성래미안,78.665,5,2004,42000,0,2017-10-02,,,,,
구로구,11530,구로동,256-1,11530-171,삼성래미안,78.665,7,2004,30000,30,2017-10-25,,,,,
구로구,11530,구로동,314,11530-2,극동,55.57,2,1984,5000,50,2017-10-10,,,,,
구로구,11530,구로동,314,11530-2,극동,55.57,8,1984,20000,0,2017-10-16,,,,,
구로구,11530,구로동,314,11530-2,극동,58.19,5,1984,20000,0,2017-10-16,17.12~19.12,신규,,,
구로구,11530,구로동,314,11530-2,극동,64.02,11,1984,21000,0,2017-10-14,,,,,
구로구,11530,구로동,314,11530-2,극동,64.02,8,1984,12000,37,2017-10-23,,,,,
구로구,11530,구로동,42,11530-148,신도림LG자이,84.952,13,2004,43000,0,2017-10-15,,,,,
구로구,11530,구로동,42,11530-148,신도림LG자이,84.952,27,2004,47000,0,2017-10-27,,,,,
구로구,11530,구로동,43-4,11530-4,다솜금호,59.95,17,1995,28000,0,2017-10-17,,,,,
구로구,11530,구로동,43-4,11530-4,다솜금호,59.95,8,1995,19000,25,2017-10-17,,,,,
구로구,11530,구로동,44-5,11530-3601,비즈트위트레인보우,15.17,2,2012,500,50,2017-10-18,17.10~18.10,신규,,,
구로구,11530,구로동,44-5,11530-3601,비즈트위트레인보우,15.17,4,2012,1500,40,2017-10-27,,,,,
구로구,11530,구로동,44-5,11530-3601,비즈트위트레인보우,15.17,4,2012,3200,35,2017-10-30,,,,,
구로구,11530,구로동,44-5,11530-3601,비즈트위트레인보우,15.17,6,2012,3000,35,2017-10-31,,,,,
구로구,11530,구로동,44-8,11530-3730,비즈트위트오렌지,14.88,3,2013,500,50,2017-10-22,,,,,
구로구,11530,구로동,44-8,11530-3730,비즈트위트오렌지,15.6,4,2013,3300,30,2017-10-31,,,,,
구로구,11530,구로동,44-8,11530-3730,비즈트위트오렌지,15.6,6,2013,11500,0,2017-10-14,,,,,
구로구,11530,구로동,440,11530-13,보광,66.42,3,1984,4000,60,2017-10-25,,,,,
구로구,11530,구로동,46,11530-3246,쌍용플래티넘노블,105,9,2006,39000,0,2017-10-30,,,,,
구로구,11530,구로동,46-4,11530-3499,하나세인스톤3차,19.99,20,2011,3000,40,2017-10-19,,,,,
구로구,11530,구로동,560,11530-18,신도림현대,80.01,10,1994,37000,0,2017-10-19,,,,,
구로구,11530,구로동,560,11530-18,신도림현대,80.01,11,1994,36000,0,2017-10-19,,,,,
구로구,11530,구로동,560,11530-18,신도림현대,80.01,5,1994,38000,0,2017-10-14,,,,,
구로구,11530,구로동,567-4,11530-3229,구로에스케이뷰,84.945,19,2006,32000,0,2017-10-18,,,,,
구로구,11530,구로동,642-33,11530-40,현대의보아파트,83.02,7,1994,26000,0,2017-10-13,,,,,
구로구,11530,구로동,642-33,11530-40,현대의보아파트,84.25,8,1994,23000,0,2017-10-30,,,,,
구로구,11530,구로동,642-39,11530-33,한국현대,84.72,13,1994,27000,0,2017-10-19,,,,,
구로구,11530,구로동,642-39,11530-33,한국현대,84.72,8,1994,15000,45,2017-10-26,,,,,
구로구,11530,구로동,642-9,11530-35,한신,35.277,15,1988,15000,0,2017-10-30,,,,,
구로구,11530,구로동,642-9,11530-35,한신,35.277,4,1988,15000,0,2017-10-28,17.12~19.12,신규,,,
구로구,11530,구로동,642-9,11530-35,한신,35.277,4,1988,15000,0,2017-10-29,17.11~19.11,신규,,,
구로구,11530,구로동,642-9,11530-35,한신,44.78,6,1988,20000,0,2017-10-12,,,,,
구로구,11530,구로동,642-9,11530-35,한신,44.78,7,1988,2000,65,2017-10-16,,,,,
구로구,11530,구로동,642-9,11530-35,한신,44.78,9,1988,15000,0,2017-10-22,17.10~19.10,신규,,,
구로구,11530,구로동,642-9,11530-35,한신,44.78,9,1988,19000,0,2017-10-30,,,,,
구로구,11530,구로동,642-9,11530-35,한신,45.563,4,1988,18000,0,2017-10-12,,,,,
구로구,11530,구로동,642-9,11530-35,한신,45.563,7,1988,20000,0,2017-10-20,,,,,
구로구,11530,구로동,642-9,11530-35,한신,59.88,6,1988,24500,0,2017-10-20,,,,,
구로구,11530,구로동,642-9,11530-35,한신,59.88,9,1988,19000,0,2017-10-18,,,,,
구로구,11530,구로동,685-147,11530-38,현대상선,64.55,13,1987,15000,40,2017-10-18,,,,,
구로구,11530,구로동,685-147,11530-38,현대상선,79.98,10,1987,8000,85,2017-10-31,,,,,
구로구,11530,구로동,685-222,11530-29,주공1,73.68,3,1986,22000,0,2017-10-11,,,,,
구로구,11530,구로동,685-222,11530-29,주공1,73.68,3,1986,25000,0,2017-10-11,,,,,
구로구,11530,구로동,685-222,11530-29,주공1,83.805,13,1986,31000,0,2017-10-28,,,,,
구로구,11530,구로동,685-222,11530-29,주공1,84.87,14,1986,31000,0,2017-10-22,,,,,
구로구,11530,구로동,685-223,11530-137,주공2,32.39,1,1987,1000,45,2017-10-15,,,,,
구로구,11530,구로동,685-223,11530-137,주공2,32.39,6,1987,13000,0,2017-10-27,,,,,
구로구,11530,구로동,685-223,11530-137,주공2,32.39,8,1987,13000,0,2017-10-12,,,,,
구로구,11530,구로동,685-223,11530-137,주공2,32.39,9,1987,13000,0,2017-10-24,,,,,
구로구,11530,구로동,685-223,11530-137,주공2,41.3,10,1987,16000,0,2017-10-11,,,,,
구로구,11530,구로동,685-223,11530-137,주공2,41.3,11,1987,16500,0,2017-10-28,,,,,
구로구,11530,구로동,685-223,11530-137,주공2,41.3,6,1987,10000,10,2017-10-16,,,,,
구로구,11530,구로동,685-223,11530-137,주공2,41.3,7,1987,16000,0,2017-10-11,,,,,
구로구,11530,구로동,685-223,11530-137,주공2,41.3,8,1987,16000,0,2017-10-12,,,,,
구로구,11530,구로동,685-223,11530-137,주공2,41.3,8,1987,17000,0,2017-10-13,,,,,
구로구,11530,구로동,685-223,11530-137,주공2,54.9,15,1987,3000,65,2017-10-31,,,,,
구로구,11530,구로동,685-280,11530-32,칠성3,57.13,2,1985,15000,0,2017-10-12,,,,,
구로구,11530,구로동,685-70,11530-39,현대연예인,44.17,13,1989,19000,0,2017-10-12,17.12~19.12,신규,,,
구로구,11530,구로동,685-70,11530-39,현대연예인,54.86,1,1989,20000,0,2017-10-12,,,,,
구로구,11530,구로동,685-70,11530-39,현대연예인,54.86,12,1989,21000,0,2017-10-18,,,,,
구로구,11530,구로동,685-70,11530-39,현대연예인,74.66,13,1989,26000,0,2017-10-26,,,,,
구로구,11530,구로동,685-70,11530-39,현대연예인,74.66,14,1989,26000,0,2017-10-17,17.11~19.11,신규,,,
구로구,11530,구로동,685-70,11530-39,현대연예인,74.66,15,1989,23500,0,2017-10-29,,,,,
구로구,11530,구로동,685-70,11530-39,현대연예인,74.94,7,1989,27000,0,2017-10-20,,,,,
구로구,11530,구로동,685-70,11530-39,현대연예인,84.91,13,1989,15000,40,2017-10-17,,,,,
구로구,11530,구로동,685-70,11530-39,현대연예인,84.91,14,1989,4500,80,2017-10-13,,,,,
구로구,11530,구로동,685-70,11530-39,현대연예인,84.91,2,1989,30000,0,2017-10-13,,,,,
구로구,11530,구로동,685-70,11530-39,현대연예인,84.91,4,1989,5000,80,2017-10-18,,,,,
구로구,11530,구로동,701-76,11530-37,현대로얄,79.79,5,1987,12500,40,2017-10-20,,,,,
구로구,11530,구로동,739-29,11530-287,(739-29),47.95,2,1997,11000,0,2017-10-26,,,,,
구로구,11530,구로동,74-30,11530-36,현대,56.49,15,1988,23000,0,2017-10-02,,,,,
구로구,11530,구로동,740-11,11530-295,(740-11),40.66,2,1997,2000,52,2017-10-07,,,,,
구로구,11530,구로동,745-57,11530-375,(745-57),35.46,5,1997,1000,45,2017-10-22,,,,,
구로구,11530,구로동,746-3,11530-383,(746-3),53.1,3,2000,16000,0,2017-10-21,,,,,
구로구,11530,구로동,749-48,11530-426,(749-48),22.96,1,1996,1000,30,2017-10-12,,,,,
구로구,11530,구로동,779-3,11530-484,(779-3),35.59,4,1997,1000,50,2017-10-18,,,,,
구로구,11530,구로동,791-19,11530-522,한신빌라,33.48,4,1997,1000,50,2017-10-12,,,,,
구로구,11530,구로동,791-44,11530-526,(791-44),55.38,3,1994,15000,0,2017-10-27,,,,,
구로구,11530,구로동,792-98,11530-547,(792-98),32.13,3,1998,9500,0,2017-10-28,,,,,
구로구,11530,구로동,793-44,11530-560,(793-44),33.84,4,1996,11000,0,2017-10-26,,,,,
구로구,11530,구로동,793-6,11530-553,(793-6),46.2,5,1995,13000,0,2017-10-18,,,,,
구로구,11530,구로동,796-14,11530-579,(796-14),49.84,4,1996,1500,55,2017-10-14,,,,,
구로구,11530,구로동,796-56,11530-591,(796-56),27.6,1,1997,500,45,2017-10-31,,,,,
구로구,11530,구로동,797-25,11530-604,(797-25),37.08,2,1994,1000,38,2017-10-16,,,,,
구로구,11530,구로동,798-2,11530-611,한신주택,47.16,5,1996,13500,0,2017-10-09,,,,,
구로구,11530,구로동,798-21,11530-615,(798-21),34.92,5,1984,9500,0,2017-10-13,,,,,
구로구,11530,구로동,799-1,11530-621,대성,41.01,5,1995,11000,0,2017-10-18,,,,,
구로구,11530,구로동,806-14,11530-641,(806-14),31.81,2,1967,500,45,2017-10-17,,,,,
구로구,11530,구로동,806-14,11530-641,(806-14),31.81,4,1967,7000,10,2017-10-11,,,,,
구로구,11530,구로동,97,11530-3762,로제리움2차,14.04,18,2014,11500,0,2017-10-25,,,,,
구로구,11530,구로동,97-2,11530-231,순영웰라이빌2차,64.45,16,2005,28000,0,2017-10-27,,,,,
구로구,11530,구로동,97-2,11530-231,순영웰라이빌2차,64.45,19,2005,2500,110,2017-10-28,17.10~19.10,신규,,,
구로구,11530,구로동,97-2,11530-231,순영웰라이빌2차,64.45,19,2005,8500,0,2017-10-16,,,,,
구로구,11530,구로동,97-2,11530-231,순영웰라이빌2차,64.45,20,2005,10000,58,2017-10-13,,,,,
구로구,11530,구로동,97-2,11530-231,순영웰라이빌2차,64.45,20,2005,10000,58,2017-10-13,,,,,
구로구,11530,구로동,97-4,11530-3536,하나세인스톤2차,19.33,14,2011,3000,50,2017-10-31,,,,,
구로구,11530,구로동,97-5,11530-3397,SR친오애,84.973,15,2009,35000,0,2017-10-25,,,,,
구로구,11530,구로동,98-12,11530-4014,파인마루오피스텔,14.22,14,2016,2000,45,2017-10-21,17.11~18.11,신규,,,
구로구,11530,신도림동,290,11530-133,미성,37.91,3,1987,16000,10,2017-10-23,,,,,
구로구,11530,신도림동,290,11530-133,미성,52.45,13,1987,24000,0,2017-10-19,17.11~19.11,신규,,,
구로구,11530,신도림동,290,11530-133,미성,52.45,2,1987,21000,0,2017-10-20,,,,,
구로구,11530,신도림동,290,11530-133,미성,66.03,1,1987,25000,0,2017-10-31,,,,,
구로구,11530,신도림동,290,11530-133,미성,66.03,3,1987,27000,0,2017-10-27,,,,,
구로구,11530,신도림동,312-17,11530-139,우성1,73.18,15,1992,20000,50,2017-10-19,,,,,
구로구,11530,신도림동,312-17,11530-139,우성1,84.96,13,1992,39000,0,2017-10-19,17.10~19.04,신규,,,
구로구,11530,신도림동,435-10,11530-3291,신도림3차푸르지오,82.8,3,2007,50000,0,2017-10-19,,,,,
구로구,11530,신도림동,638,11530-135,우성5,79.56,2,1994,39000,0,2017-10-14,,,,,
구로구,11530,신도림동,638,11530-135,우성5,79.56,6,1994,41000,0,2017-10-30,,,,,
구로구,11530,신도림동,641,11530-136,현대홈타운아파트,59.73,6,1999,6000,80,2017-10-14,,,,,
구로구,11530,신도림동,641,11530-136,현대홈타운아파트,59.73,8,1999,20500,35,2017-10-02,17.11~19.11,신규,,,
구로구,11530,신도림동,642,11530-127,대림1,59.82,24,1999,2000,90,2017-10-31,,,,,
구로구,11530,신도림동,642,11530-127,대림1,59.88,21,1999,34000,0,2017-10-18,,,,,
구로구,11530,신도림동,642,11530-127,대림1,59.88,8,1999,35000,0,2017-10-20,,,,,
구로구,11530,신도림동,642,11530-127,대림1,59.9,12,1999,36000,0,2017-10-31,,,,,
구로구,11530,신도림동,642,11530-127,대림1,84.95,11,1999,30000,50,2017-10-14,,,,,
구로구,11530,신도림동,642,11530-127,대림1,84.95,4,1999,20000,75,2017-10-14,,,,,
구로구,11530,신도림동,642,11530-128,대림2,101.48,4,2001,50000,0,2017-10-20,,,,,
구로구,11530,신도림동,642,11530-128,대림2,59.82,16,2001,35000,0,2017-10-11,17.12~19.12,신규,,,
구로구,11530,신도림동,642,11530-128,대림2,59.9,17,2001,36000,0,2017-10-31,,,,,
구로구,11530,신도림동,643,11530-130,동아1,169.199,13,1999,44000,40,2017-10-18,,,,,
구로구,11530,신도림동,643,11530-130,동아1,169.199,23,1999,56000,0,2017-10-17,,,,,
구로구,11530,신도림동,643,11530-130,동아1,169.199,6,1999,38000,0,2017-10-01,,,,,
구로구,11530,신도림동,643,11530-130,동아1,59.978,12,1999,40000,0,2017-10-27,,,,,
구로구,11530,신도림동,643,11530-130,동아1,59.978,18,1999,40000,0,2017-10-27,,,,,
구로구,11530,신도림동,643,11530-130,동아1,84.908,19,1999,47500,0,2017-10-13,,,,,
구로구,11530,신도림동,643,11530-130,동아1,84.908,23,1999,40000,25,2017-10-29,,,,,
구로구,11530,신도림동,643,11530-130,동아1,84.908,23,1999,48000,0,2017-10-18,,,,,
구로구,11530,신도림동,644,11530-131,동아2,59.595,11,2000,38000,0,2017-10-30,,,,,
구로구,11530,신도림동,644,11530-131,동아2,59.595,17,2000,40000,0,2017-10-16,,,,,
구로구,11530,신도림동,644,11530-131,동아2,84.908,7,2000,20000,100,2017-10-16,,,,,
구로구,11530,신도림동,645,11530-132,동아3,60,22,2000,39000,0,2017-10-25,,,,,
구로구,11530,신도림동,645,11530-132,동아3,60,26,2000,45000,0,2017-10-23,,,,,
구로구,11530,신도림동,645,11530-132,동아3,84.99,8,2000,55000,0,2017-10-26,,,,,
구로구,11530,신도림동,646,11530-163,대림e-편한세상4,117.74,10,2003,63000,50,2017-10-30,17.12~19.12,신규,,,
구로구,11530,신도림동,646,11530-163,대림e-편한세상4,117.74,16,2003,70000,0,2017-10-25,,,,,
구로구,11530,신도림동,646,11530-163,대림e-편한세상4,117.74,19,2003,55000,70,2017-10-23,,,,,
구로구,11530,신도림동,646,11530-163,대림e-편한세상4,117.74,2,2003,71000,0,2017-10-12,,,,,
구로구,11530,신도림동,646,11530-163,대림e-편한세상4,117.74,5,2003,73000,0,2017-10-21,,,,,
구로구,11530,신도림동,646,11530-163,대림e-편한세상4,117.74,8,2003,60000,0,2017-10-31,,,,,
구로구,11530,신도림동,646,11530-163,대림e-편한세상4,152.07,1,2003,80000,0,2017-10-13,,,,,
구로구,11530,신도림동,646,11530-163,대림e-편한세상4,84.78,14,2003,63500,0,2017-10-30,,,,,
구로구,11530,신도림동,648,11530-151,대림e-편한세상6,84.816,2,2003,48000,0,2017-10-31,,,,,
구로구,11530,신도림동,649,11530-168,대림e-편한세상7,84.928,19,2004,41000,35,2017-10-13,,,,,
구로구,11530,신도림동,692,11530-3480,디큐브시티,105.45,14,2011,71000,0,2017-10-21,,,,,
구로구,11530,신도림동,692,11530-3480,디큐브시티,128.41,18,2011,50000,140,2017-10-10,,,,,
구로구,11530,신도림동,692,11530-3480,디큐브시티,128.41,24,2011,80000,0,2017-10-30,,,,,
구로구,11530,신도림동,692,11530-3480,디큐브시티,84.96,35,2011,65000,0,2017-10-15,,,,,
구로구,11530,신도림동,692,11530-3480,디큐브시티,84.96,39,2011,68000,0,2017-10-18,,,,,
구로구,11530,신도림동,693,11530-3874,신도림아이파크,57.2934,12,2015,30000,32,2017-10-17,,,,,
구로구,11530,오류동,334,11530-103,라인,84.36,5,1995,25000,0,2017-10-30,,,,,
구로구,11530,오류동,335,11530-98,금강,59.28,3,1996,20000,0,2017-10-23,,,,,
구로구,11530,오류동,336,11530-142,동부(101동~103동),59.98,8,1998,22500,0,2017-10-23,,,,,
구로구,11530,오류동,338,11530-102,동부골든,105.21,8,1998,32000,0,2017-10-11,,,,,
구로구,11530,오류동,338,11530-102,동부골든,113.43,5,1998,29000,0,2017-10-25,17.10~19.10,,,,
구로구,11530,오류동,338,11530-102,동부골든,59.94,1,1998,22000,0,2017-10-23,,,,,
구로구,11530,오류동,338,11530-102,동부골든,59.94,10,1998,23500,0,2017-10-13,,,,,
구로구,11530,오류동,338,11530-102,동부골든,59.94,10,1998,25000,0,2017-10-14,,,,,
구로구,11530,오류동,338,11530-102,동부골든,59.94,7,1998,22000,0,2017-10-18,,,,,
구로구,11530,오류동,338,11530-102,동부골든,59.94,8,1998,22000,0,2017-10-13,,,,,
구로구,11530,오류동,34-13,11530-3799,썬앤빌,14.064,7,2014,2000,30,2017-10-11,,,,,
구로구,11530,오류동,34-13,11530-3799,썬앤빌,14.064,7,2014,7000,0,2017-10-22,,,,,
구로구,11530,오류동,34-13,11530-3799,썬앤빌,14.064,8,2014,2000,30,2017-10-20,17.11~18.10,신규,,,
구로구,11530,오류동,340,11530-105,삼천리,134.64,5,1998,35000,0,2017-10-16,,,,,
구로구,11530,오류동,340,11530-105,삼천리,59.73,18,1998,29500,0,2017-10-27,,,,,
구로구,11530,오류동,340,11530-105,삼천리,84.75,12,1998,32000,0,2017-10-13,,,,,
구로구,11530,오류동,341,11530-114,한신플러스타운,114.78,10,2002,38000,0,2017-10-21,,,,,
구로구,11530,오류동,341,11530-114,한신플러스타운,59.91,10,2002,27000,0,2017-10-13,,,,,
구로구,11530,오류동,341,11530-114,한신플러스타운,59.91,15,2002,26500,0,2017-10-20,,,,,
구로구,11530,오류동,342,11530-115,영풍마드레빌,84.741,2,2002,33000,0,2017-10-28,,,,,
구로구,11530,오류동,343,11530-153,금강(343),60.054,2,2003,5000,70,2017-10-23,,,,,
구로구,11530,오류동,343,11530-153,금강(343),60.054,3,2003,32000,0,2017-10-26,,,,,
구로구,11530,오류동,343,11530-153,금강(343),84.983,2,2003,33500,0,2017-10-11,,,,,
구로구,11530,오류동,343,11530-153,금강(343),84.983,2,2003,36000,0,2017-10-14,,,,,
구로구,11530,오류동,343,11530-153,금강(343),84.983,2,2003,38000,0,2017-10-12,,,,,
구로구,11530,오류동,344,11530-152,경남아너스빌,59.98,15,2003,30000,0,2017-10-31,,,,,
구로구,11530,오류동,344,11530-152,경남아너스빌,59.98,6,2003,3000,110,2017-10-16,,,,,
구로구,11530,오류동,344,11530-152,경남아너스빌,84.91,2,2003,10000,70,2017-10-15,,,,,
구로구,11530,오류동,344,11530-152,경남아너스빌,84.98,19,2003,35000,0,2017-10-24,,,,,
구로구,11530,오류동,345,11530-190,동선,58.2159,5,2004,26000,0,2017-10-12,,,,,
구로구,11530,오류동,347,11530-3225,오류동금호어울림,84.93,2,2006,32000,0,2017-10-24,,,,,
구로구,11530,오류동,348,11530-3148,우림필유,59.95,11,2005,30000,0,2017-10-11,,,,,
구로구,11530,오류동,356,11530-3734,다청림(356),15.57,3,2013,1000,40,2017-10-20,17.10~19.10,신규,,,
구로구,11530,오류동,46-1,11530-3146,이좋은집,36.69,6,2005,14000,0,2017-10-12,,,,,
구로구,11530,오류동,51-31,11530-3818,포스시티,14.29,13,2014,500,45,2017-10-28,,,,,
구로구,11530,오류동,75-2,11530-4009,오류동역솔리스타,19.09,8,2016,8000,0,2017-10-09,17.10~19.10,신규,,,
구로구,11530,오류동,75-2,11530-4009,오류동역솔리스타,19.09,9,2016,1000,40,2017-10-11,,,,,
구로구,11530,오류동,81-24,11530-3354,골든팰리스,78.31,6,2008,24000,0,2017-10-19,,,,,
구로구,11530,온수동,155,11530-3391,온수힐스테이트,102.6,5,2010,6000,0,2017-10-31,,,,,
구로구,11530,온수동,155,11530-3391,온수힐스테이트,121.26,9,2010,20000,100,2017-10-13,,,,,
구로구,11530,온수동,155,11530-3391,온수힐스테이트,59.96,12,2010,28000,11,2017-10-26,,,,,
구로구,11530,온수동,155,11530-3391,온수힐스테이트,59.98,9,2010,20000,0,2017-10-11,,,,,
구로구,11530,천왕동,273,11530-3489,천왕이펜하우스4단지,49.58,1,2011,4289,30,2017-10-17,,,,,
구로구,11530,천왕동,273,11530-3489,천왕이펜하우스4단지,49.58,11,2011,4289,30,2017-10-16,,,,,
구로구,11530,천왕동,273,11530-3489,천왕이펜하우스4단지,49.58,3,2011,4289,30,2017-10-17,,,,,
구로구,11530,천왕동,273,11530-3489,천왕이펜하우스4단지,49.58,3,2011,4289,30,2017-10-17,,,,,
구로구,11530,천왕동,273,11530-3489,천왕이펜하우스4단지,49.58,3,2011,9635,0,2017-10-16,,,,,
구로구,11530,천왕동,273,11530-3489,천왕이펜하우스4단지,49.58,4,2011,9635,0,2017-10-16,,,,,
구로구,11530,천왕동,273,11530-3489,천왕이펜하우스4단지,49.58,4,2011,9635,0,2017-10-16,,,,,
구로구,11530,천왕동,273,11530-3489,천왕이펜하우스4단지,49.58,4,2011,9635,0,2017-10-18,,,,,
구로구,11530,천왕동,273,11530-3489,천왕이펜하우스4단지,49.58,5,2011,4289,30,2017-10-16,,,,,
구로구,11530,천왕동,273,11530-3489,천왕이펜하우스4단지,49.58,5,2011,4289,30,2017-10-17,,,,,
구로구,11530,천왕동,273,11530-3489,천왕이펜하우스4단지,49.58,5,2011,4289,30,2017-10-19,,,,,
구로구,11530,천왕동,273,11530-3489,천왕이펜하우스4단지,49.58,7,2011,5146,36,2017-10-20,,,,,
구로구,11530,천왕동,273,11530-3489,천왕이펜하우스4단지,49.58,8,2011,4289,30,2017-10-17,,,,,
구로구,11530,천왕동,273,11530-3489,천왕이펜하우스4단지,49.58,8,2011,4289,30,2017-10-18,,,,,
구로구,11530,천왕동,273,11530-3489,천왕이펜하우스4단지,49.58,8,2011,9635,0,2017-10-17,,,,,
구로구,11530,천왕동,273,11530-3489,천왕이펜하우스4단지,49.58,8,2011,9635,0,2017-10-17,,,,,
구로구,11530,천왕동,273,11530-3489,천왕이펜하우스4단지,49.58,8,2011,9635,0,2017-10-18,,,,,
구로구,11530,천왕동,273,11530-3489,천왕이펜하우스4단지,49.58,8,2011,9635,0,2017-10-19,17.10~19.10,신규,,,
구로구,11530,천왕동,273,11530-3489,천왕이펜하우스4단지,49.58,9,2011,6053,20,2017-10-17,,,,,
구로구,11530,천왕동,273,11530-3489,천왕이펜하우스4단지,49.58,9,2011,9635,0,2017-10-17,,,,,
구로구,11530,천왕동,273,11530-3489,천왕이펜하우스4단지,59.95,1,2011,12595,0,2017-10-23,,,,,
구로구,11530,천왕동,273,11530-3489,천왕이펜하우스4단지,59.95,11,2011,12595,0,2017-10-16,,,,,
구로구,11530,천왕동,273,11530-3489,천왕이펜하우스4단지,59.95,12,2011,12595,0,2017-10-24,,,,,
구로구,11530,천왕동,273,11530-3489,천왕이펜하우스4단지,59.95,12,2011,12595,0,2017-10-24,,,,,
구로구,11530,천왕동,273,11530-3489,천왕이펜하우스4단지,59.95,12,2011,12595,0,2017-10-27,,,,,
구로구,11530,천왕동,273,11530-3489,천왕이펜하우스4단지,59.95,13,2011,12595,0,2017-10-26,,,,,
구로구,11530,천왕동,273,11530-3489,천왕이펜하우스4단지,59.95,13,2011,13854,0,2017-10-23,,,,,
구로구,11530,천왕동,273,11530-3489,천왕이펜하우스4단지,59.95,13,2011,13854,0,2017-10-24,,,,,
구로구,11530,천왕동,273,11530-3489,천왕이펜하우스4단지,59.95,14,2011,12595,0,2017-10-25,,,,,
구로구,11530,천왕동,273,11530-3489,천왕이펜하우스4단지,59.95,14,2011,12595,0,2017-10-27,,,,,
구로구,11530,천왕동,273,11530-3489,천왕이펜하우스4단지,59.95,14,2011,12595,0,2017-10-27,,,,,
구로구,11530,천왕동,273,11530-3489,천왕이펜하우스4단지,59.95,15,2011,12595,0,2017-10-23,,,,,
구로구,11530,천왕동,273,11530-3489,천왕이펜하우스4단지,59.95,2,2011,12595,0,2017-10-18,,,,,
구로구,11530,천왕동,273,11530-3489,천왕이펜하우스4단지,59.95,2,2011,12595,0,2017-10-24,,,,,
구로구,11530,천왕동,273,11530-3489,천왕이펜하우스4단지,59.95,2,2011,12595,0,2017-10-27,,,,,
구로구,11530,천왕동,273,11530-3489,천왕이펜하우스4단지,59.95,3,2011,12595,0,2017-10-23,,,,,
구로구,11530,천왕동,273,11530-3489,천왕이펜하우스4단지,59.95,3,2011,12595,0,2017-10-26,,,,,
구로구,11530,천왕동,273,11530-3489,천왕이펜하우스4단지,59.95,3,2011,12595,0,2017-10-26,,,,,
구로구,11530,천왕동,273,11530-3489,천왕이펜하우스4단지,59.95,4,2011,12595,0,2017-10-17,,,,,
구로구,11530,천왕동,273,11530-3489,천왕이펜하우스4단지,59.95,4,2011,12595,0,2017-10-26,,,,,
구로구,11530,천왕동,273,11530-3489,천왕이펜하우스4단지,59.95,5,2011,12595,0,2017-10-25,,,,,
구로구,11530,천왕동,273,11530-3489,천왕이펜하우스4단지,59.95,5,2011,12595,0,2017-10-27,,,,,
구로구,11530,천왕동,273,11530-3489,천왕이펜하우스4단지,59.95,5,2011,13224,0,2017-10-23,,,,,
구로구,11530,천왕동,273,11530-3489,천왕이펜하우스4단지,59.95,6,2011,12595,0,2017-10-13,,,,,
구로구,11530,천왕동,273,11530-3489,천왕이펜하우스4단지,59.95,6,2011,12595,0,2017-10-23,,,,,
구로구,11530,천왕동,273,11530-3489,천왕이펜하우스4단지,59.95,6,2011,12595,0,2017-10-24,,,,,
구로구,11530,천왕동,273,11530-3489,천왕이펜하우스4단지,59.95,6,2011,12595,0,2017-10-25,,,,,
구로구,11530,천왕동,273,11530-3489,천왕이펜하우스4단지,59.95,6,2011,12595,0,2017-10-26,,,,,
구로구,11530,천왕동,273,11530-3489,천왕이펜하우스4단지,59.95,7,2011,12595,0,2017-10-30,,,,,
구로구,11530,천왕동,273,11530-3489,천왕이펜하우스4단지,59.95,7,2011,13224,0,2017-10-26,,,,,
구로구,11530,천왕동,273,11530-3489,천왕이펜하우스4단지,59.95,8,2011,12595,0,2017-10-23,,,,,
구로구,11530,천왕동,273,11530-3489,천왕이펜하우스4단지,59.95,9,2011,12595,0,2017-10-30,,,,,
구로구,11530,천왕동,273,11530-3489,천왕이펜하우스4단지,84.95,1,2011,16716,0,2017-10-23,,,,,
구로구,11530,천왕동,273,11530-3489,천왕이펜하우스4단지,84.95,1,2011,16716,0,2017-10-30,,,,,
구로구,11530,천왕동,273,11530-3489,천왕이펜하우스4단지,84.95,3,2011,16716,0,2017-10-24,,,,,
구로구,11530,천왕동,273,11530-3489,천왕이펜하우스4단지,84.95,4,2011,16716,0,2017-10-24,,,,,
구로구,11530,천왕동,273,11530-3489,천왕이펜하우스4단지,84.95,4,2011,16716,0,2017-10-26,,,,,
구로구,11530,천왕동,273,11530-3489,천왕이펜하우스4단지,84.95,4,2011,20059,0,2017-10-26,,,,,
구로구,11530,천왕동,273,11530-3489,천왕이펜하우스4단지,84.95,5,2011,16716,0,2017-10-26,,,,,
구로구,11530,천왕동,273,11530-3489,천왕이펜하우스4단지,84.95,6,2011,16716,0,2017-10-26,,,,,
구로구,11530,천왕동,273,11530-3489,천왕이펜하우스4단지,84.95,6,2011,16716,0,2017-10-27,,,,,
구로구,11530,천왕동,273,11530-3489,천왕이펜하우스4단지,84.95,6,2011,27600,0,2017-10-13,,,,,
구로구,11530,천왕동,273,11530-3489,천왕이펜하우스4단지,84.95,7,2011,16716,0,2017-10-23,,,,,
구로구,11530,천왕동,273,11530-3489,천왕이펜하우스4단지,84.95,7,2011,16716,0,2017-10-25,,,,,
구로구,11530,천왕동,273,11530-3489,천왕이펜하우스4단지,84.95,7,2011,16716,0,2017-10-25,,,,,
구로구,11530,천왕동,273,11530-3489,천왕이펜하우스4단지,84.95,8,2011,17551,0,2017-10-30,,,,,
구로구,11530,천왕동,275,11530-3469,천왕이펜하우스6단지,59.95,13,2011,12595,0,2017-10-23,,,,,
구로구,11530,천왕동,275,11530-3469,천왕이펜하우스6단지,59.95,14,2011,14481,0,2017-10-12,,,,,
구로구,11530,천왕동,275,11530-3469,천왕이펜하우스6단지,59.95,15,2011,12595,0,2017-10-23,,,,,
구로구,11530,천왕동,275,11530-3469,천왕이펜하우스6단지,59.95,15,2011,12595,0,2017-10-24,,,,,
구로구,11530,천왕동,275,11530-3469,천왕이펜하우스6단지,59.95,4,2011,12595,0,2017-10-23,,,,,
구로구,11530,천왕동,275,11530-3469,천왕이펜하우스6단지,59.95,6,2011,12595,0,2017-10-27,,,,,
구로구,11530,천왕동,275,11530-3469,천왕이펜하우스6단지,59.95,9,2011,12595,0,2017-10-25,,,,,
구로구,11530,천왕동,275,11530-3469,천왕이펜하우스6단지,59.96,4,2011,12595,0,2017-10-25,,,,,
구로구,11530,천왕동,275,11530-3469,천왕이펜하우스6단지,84.95,3,2011,16716,0,2017-10-23,,,,,
구로구,11530,천왕동,275,11530-3469,천왕이펜하우스6단지,84.95,9,2011,16716,0,2017-10-17,,,,,
구로구,11530,천왕동,275,11530-3469,천왕이펜하우스6단지,84.97,15,2011,40000,0,2017-10-24,,,,,
구로구,11530,천왕동,275,11530-3469,천왕이펜하우스6단지,84.97,7,2011,39000,0,2017-10-20,,,,,
구로구,11530,천왕동,277,11530-3485,천왕이펜하우스5단지,114.85,1,2011,19679,0,2017-10-25,,,,,
구로구,11530,천왕동,277,11530-3485,천왕이펜하우스5단지,114.85,11,2011,19679,0,2017-10-24,,,,,
구로구,11530,천왕동,277,11530-3485,천왕이펜하우스5단지,114.85,11,2011,19679,0,2017-10-24,,,,,
구로구,11530,천왕동,277,11530-3485,천왕이펜하우스5단지,114.85,13,2011,19679,0,2017-10-26,,,,,
구로구,11530,천왕동,277,11530-3485,천왕이펜하우스5단지,114.85,14,2011,31200,0,2017-10-31,,,,,
구로구,11530,천왕동,277,11530-3485,천왕이펜하우스5단지,114.85,15,2011,19679,0,2017-10-30,,,,,
구로구,11530,천왕동,277,11530-3485,천왕이펜하우스5단지,114.85,18,2011,19679,0,2017-10-25,,,,,
구로구,11530,천왕동,277,11530-3485,천왕이펜하우스5단지,114.85,2,2011,19679,0,2017-10-24,,,,,
구로구,11530,천왕동,277,11530-3485,천왕이펜하우스5단지,114.85,7,2011,19679,0,2017-10-23,,,,,
구로구,11530,천왕동,277,11530-3485,천왕이펜하우스5단지,114.85,8,2011,19679,0,2017-10-23,,,,,
구로구,11530,천왕동,277,11530-3485,천왕이펜하우스5단지,59.95,10,2011,11909,0,2017-10-10,,,,,
구로구,11530,천왕동,277,11530-3485,천왕이펜하우스5단지,59.95,8,2011,11909,0,2017-10-27,,,,,
구로구,11530,천왕동,277,11530-3485,천왕이펜하우스5단지,59.96,2,2011,11909,0,2017-10-26,,,,,
구로구,11530,천왕동,277,11530-3485,천왕이펜하우스5단지,59.96,7,2011,12504,0,2017-10-30,,,,,
구로구,11530,천왕동,277,11530-3485,천왕이펜하우스5단지,84.96,6,2011,16716,0,2017-10-20,,,,,
구로구,11530,천왕동,277,11530-3485,천왕이펜하우스5단지,84.96,9,2011,16716,0,2017-10-23,,,,,
구로구,11530,천왕동,278,11530-3515,천왕이펜하우스3단지,114.85,6,2011,31920,0,2017-10-31,,,,,
구로구,11530,천왕동,278,11530-3515,천왕이펜하우스3단지,59.95,6,2011,13773,0,2017-10-24,,,,,
구로구,11530,천왕동,279-2,11530-3470,천왕이펜하우스2단지,114.85,1,2011,19679,0,2017-10-23,,,,,
구로구,11530,천왕동,279-2,11530-3470,천왕이펜하우스2단지,114.85,7,2011,19679,0,2017-10-12,,,,,
구로구,11530,천왕동,279-2,11530-3470,천왕이펜하우스2단지,39.45,11,2011,7047,0,2017-10-17,,,,,
구로구,11530,천왕동,279-2,11530-3470,천왕이펜하우스2단지,39.45,8,2011,3465,20,2017-10-24,,,,,
구로구,11530,천왕동,281,11530-3775,천왕연지타운2단지,101.97,4,2014,31200,0,2017-10-31,,,,,
구로구,11530,항동,233,11530-193,현대홈타운스위트,101.9806,1,2004,29000,0,2017-10-12,,,,,
구로구,11530,항동,233,11530-193,현대홈타운스위트,84.9852,2,2004,32000,0,2017-10-14,,,,,
금천구,11545,가산동,140-36,11545-1957,비즈트위트바이올렛5차,12.19,10,2014,500,50,2017-10-29,,,,,
금천구,11545,가산동,140-36,11545-1957,비즈트위트바이올렛5차,12.19,12,2014,3500,33,2017-10-30,,,,,
금천구,11545,가산동,140-36,11545-1957,비즈트위트바이올렛5차,12.19,13,2014,3000,33,2017-10-25,,,,,
금천구,11545,가산동,140-36,11545-1957,비즈트위트바이올렛5차,12.19,14,2014,3500,35,2017-10-17,,,,,
금천구,11545,가산동,140-36,11545-1957,비즈트위트바이올렛5차,12.19,8,2014,11000,0,2017-10-14,,,,,
금천구,11545,가산동,140-9,11545-1860,가산지웰에스테이트,12.13,9,2013,1000,45,2017-10-10,,,,,
금천구,11545,가산동,140-9,11545-1860,가산지웰에스테이트,15.52,11,2013,1000,55,2017-10-02,,,,,
금천구,11545,가산동,140-9,11545-1860,가산지웰에스테이트,15.95,8,2013,1000,53,2017-10-13,,,,,
금천구,11545,가산동,141-2,11545-1825,가산양우내안에애플,12.04,13,2013,1000,40,2017-10-12,,,,,
금천구,11545,가산동,234-46,11545-3,삼익,84.69,16,1998,7000,70,2017-10-14,,,,,
금천구,11545,가산동,234-46,11545-3,삼익,84.69,16,1998,7000,70,2017-10-14,,,,,
금천구,11545,가산동,769,11545-2,두산,101.67,7,1998,36000,0,2017-10-11,,,,,
금천구,11545,가산동,769,11545-2,두산,59.84,14,1998,26000,0,2017-10-31,,,,,
금천구,11545,가산동,769,11545-2,두산,59.84,19,1998,4000,80,2017-10-14,,,,,
금천구,11545,가산동,769,11545-2,두산,59.84,21,1998,15000,45,2017-10-22,,,,,
금천구,11545,가산동,769,11545-2,두산,59.84,6,1998,5000,80,2017-10-17,,,,,
금천구,11545,가산동,769,11545-2,두산,84.9,1,1998,29000,0,2017-10-10,,,,,
금천구,11545,가산동,769,11545-2,두산,84.9,12,1998,32000,0,2017-10-25,,,,,
금천구,11545,가산동,769,11545-2,두산,84.9,12,1998,33000,0,2017-10-26,,,,,
금천구,11545,가산동,769,11545-2,두산,84.9,20,1998,3000,100,2017-10-27,,,,,
금천구,11545,가산동,769,11545-2,두산,84.9,22,1998,31000,0,2017-10-31,,,,,
금천구,11545,가산동,774,11545-1452,온누리,72.2477,4,2007,16000,0,2017-10-19,17.11~19.11,신규,,,
금천구,11545,독산동,1002,11545-19,진도1차,84.84,9,1996,25000,0,2017-10-20,,,,,
금천구,11545,독산동,1006-132,11545-15,삼환아파트,59.94,2,1998,21500,0,2017-10-07,,,,,
금천구,11545,독산동,1031-22,11545-1921,골드캐슬(1031-22),13.47,8,2014,8000,0,2017-10-16,,,,,
금천구,11545,독산동,1031-22,11545-1921,골드캐슬(1031-22),13.47,8,2014,8000,0,2017-10-17,,,,,
금천구,11545,독산동,1031-22,11545-1921,골드캐슬(1031-22),16.37,6,2014,10000,0,2017-10-14,,,,,
금천구,11545,독산동,1088,11545-17,독산주공14단지,38.64,15,1990,1000,50,2017-10-31,,,,,
금천구,11545,독산동,1088,11545-17,독산주공14단지,38.64,9,1990,14000,0,2017-10-19,,,,,
금천구,11545,독산동,1088,11545-17,독산주공14단지,38.64,9,1990,3000,50,2017-10-31,,,,,
금천구,11545,독산동,1088,11545-17,독산주공14단지,44.89,5,1990,16500,0,2017-10-16,,,,,
금천구,11545,독산동,1088,11545-17,독산주공14단지,44.94,9,1990,15500,0,2017-10-16,,,,,
금천구,11545,독산동,1093-4,11545-22,한신아파트,129.66,15,1991,10000,80,2017-10-12,,,,,
금천구,11545,독산동,1093-4,11545-22,한신아파트,89.46,21,1991,17000,30,2017-10-27,,,,,
금천구,11545,독산동,1131,11545-9,라이프,84.74,2,1996,23000,0,2017-10-17,,,,,
금천구,11545,독산동,1133,11545-20,진도2차,59.95,4,1997,23000,0,2017-10-20,,,,,
금천구,11545,독산동,1133,11545-20,진도2차,59.95,7,1997,20000,0,2017-10-28,,,,,
금천구,11545,독산동,1133,11545-20,진도2차,84.58,19,1997,26000,0,2017-10-07,,,,,
금천구,11545,독산동,1133,11545-20,진도2차,84.58,4,1997,25000,0,2017-10-13,,,,,
금천구,11545,독산동,1139,11545-68,청광플러스원,59.946,12,2003,24000,35,2017-10-20,,,,,
금천구,11545,독산동,1139,11545-68,청광플러스원,84.962,7,2003,32000,0,2017-10-14,,,,,
금천구,11545,독산동,1140,11545-108,독산동중앙하이츠빌,84.8768,16,2004,39000,0,2017-10-23,,,,,
금천구,11545,독산동,1143,11545-1476,이랜드해가든,84.927,4,2008,35000,0,2017-10-17,,,,,
금천구,11545,독산동,1144,11545-1560,독산동한양수자인,67.824,7,2011,29000,0,2017-10-28,17.11~19.11,신규,,,
금천구,11545,독산동,1144,11545-1560,독산동한양수자인,68.161,9,2011,9000,65,2017-10-30,,,,,
금천구,11545,독산동,1144,11545-1560,독산동한양수자인,68.307,5,2011,35000,0,2017-10-15,,,,,
금천구,11545,독산동,1147,11545-2262,금천롯데캐슬골드파크1차,84.8114,15,2016,10000,115,2017-10-26,,,,,
금천구,11545,독산동,1147,11545-2262,금천롯데캐슬골드파크1차,84.8114,6,2016,50000,0,2017-10-18,,,,,
금천구,11545,독산동,1150,11545-2369,금천롯데캐슬골드파크2차201동202동,59.27,24,2017,20000,70,2017-10-11,,,,,
금천구,11545,독산동,1150,11545-2369,금천롯데캐슬골드파크2차201동202동,59.27,39,2017,43000,0,2017-10-22,,,,,
금천구,11545,독산동,1150,11545-2369,금천롯데캐슬골드파크2차201동202동,59.98,32,2017,42000,0,2017-10-21,,,,,
금천구,11545,독산동,1150,11545-2369,금천롯데캐슬골드파크2차201동202동,84.95,21,2017,15000,105,2017-10-17,,,,,
금천구,11545,독산동,1150,11545-2369,금천롯데캐슬골드파크2차201동202동,84.95,34,2017,48000,0,2017-10-17,,,,,
금천구,11545,독산동,1150,11545-2369,금천롯데캐슬골드파크2차201동202동,84.97,37,2017,15000,105,2017-10-14,,,,,
금천구,11545,독산동,711-2,11545-23,금천현대,59.82,10,2002,5000,60,2017-10-18,,,,,
금천구,11545,독산동,711-2,11545-23,금천현대,59.82,15,2002,27000,0,2017-10-22,,,,,
금천구,11545,독산동,711-2,11545-23,금천현대,59.82,21,2002,26000,0,2017-10-10,,,,,
금천구,11545,독산동,711-2,11545-23,금천현대,84.83,24,2002,31500,0,2017-10-24,,,,,
금천구,11545,독산동,711-2,11545-23,금천현대,84.83,5,2002,30000,0,2017-10-19,,,,,
금천구,11545,독산동,711-2,11545-23,금천현대,84.83,7,2002,31000,0,2017-10-10,,,,,
금천구,11545,독산동,889-36,11545-155,장미아파트B동,67.21,7,2000,23000,0,2017-10-30,,,,,
금천구,11545,독산동,961-13,11545-11,목화102,70.15,8,1997,13000,0,2017-10-17,,,,,
금천구,11545,시흥동,1002-1,11545-36,럭키남서울아파트,41.22,3,1981,13000,0,2017-10-14,,,,,
금천구,11545,시흥동,1002-1,11545-36,럭키남서울아파트,41.22,7,1981,14500,0,2017-10-14,17.11~19.11,신규,,,
금천구,11545,시흥동,1002-1,11545-36,럭키남서울아파트,41.26,7,1981,12500,0,2017-10-14,,,,,
금천구,11545,시흥동,1002-1,11545-36,럭키남서울아파트,49.75,2,1981,16000,0,2017-10-31,,,,,
금천구,11545,시흥동,1002-1,11545-36,럭키남서울아파트,49.75,5,1981,300,20,2017-10-12,,,,,
금천구,11545,시흥동,1002-1,11545-36,럭키남서울아파트,49.75,5,1981,4500,55,2017-10-10,,,,,
금천구,11545,시흥동,1002-1,11545-36,럭키남서울아파트,49.75,7,1981,18000,0,2017-10-30,,,,,
금천구,11545,시흥동,1002-1,11545-36,럭키남서울아파트,49.76,7,1981,6000,60,2017-10-16,,,,,
금천구,11545,시흥동,1002-1,11545-36,럭키남서울아파트,49.79,8,1981,3000,60,2017-10-29,,,,,
금천구,11545,시흥동,1002-1,11545-36,럭키남서울아파트,62.11,7,1981,20000,0,2017-10-19,,,,,
금천구,11545,시흥동,1006,11545-40,벽산3,59.94,1,1998,6000,50,2017-10-11,,,,,
금천구,11545,시흥동,1008,11545-31,금강,59.95,2,2000,15500,0,2017-10-11,,,,,
금천구,11545,시흥동,1009,11545-37,시흥목련,28.95,2,1996,1080,11,2017-10-30,,,,,
금천구,11545,시흥동,1009,11545-37,시흥목련,58.4,11,1996,24000,0,2017-10-10,,,,,
금천구,11545,시흥동,1010,11545-39,벽산,114.84,3,2000,30000,0,2017-10-18,,,,,
금천구,11545,시흥동,1010,11545-39,벽산,114.84,7,2000,30000,0,2017-10-23,,,,,
금천구,11545,시흥동,1010,11545-39,벽산,32.7,9,2000,3203,0,2017-10-26,,,,,
금천구,11545,시흥동,1010,11545-39,벽산,59.94,10,2000,23000,0,2017-10-21,,,,,
금천구,11545,시흥동,1010,11545-39,벽산,59.94,16,2000,22000,0,2017-10-30,,,,,
금천구,11545,시흥동,1010,11545-39,벽산,84.99,17,2000,5000,80,2017-10-30,,,,,
금천구,11545,시흥동,1010,11545-39,벽산,84.99,5,2000,28000,0,2017-10-11,,,,,
금천구,11545,시흥동,1011,11545-63,우방,114.89,12,2002,25000,0,2017-10-30,,,,,
금천구,11545,시흥동,1011,11545-63,우방,114.89,16,2002,0,30,2017-10-17,,,,,
금천구,11545,시흥동,1011,11545-63,우방,59.91,3,2002,24000,0,2017-10-28,,,,,
금천구,11545,시흥동,1011,11545-63,우방,59.91,6,2002,24000,0,2017-10-22,,,,,
금천구,11545,시흥동,1011,11545-63,우방,84.84,10,2002,25000,0,2017-10-10,,,,,
금천구,11545,시흥동,1011,11545-63,우방,84.84,4,2002,28000,0,2017-10-28,,,,,
금천구,11545,시흥동,1013,11545-55,관악산벽산타운5,114.84,5,2004,35000,0,2017-10-12,,,,,
금천구,11545,시흥동,1013,11545-55,관악산벽산타운5,59.34,11,2004,24500,0,2017-10-16,,,,,
금천구,11545,시흥동,1013,11545-55,관악산벽산타운5,59.34,17,2004,14000,0,2017-10-20,17.10~19.10,신규,,,
금천구,11545,시흥동,1013,11545-55,관악산벽산타운5,59.34,5,2004,13000,40,2017-10-26,17.11~19.11,신규,,,
금천구,11545,시흥동,1013,11545-55,관악산벽산타운5,59.34,9,2004,2000,85,2017-10-20,,,,,
금천구,11545,시흥동,1013,11545-55,관악산벽산타운5,84.97,11,2004,15000,0,2017-10-30,,,,,
금천구,11545,시흥동,1013,11545-55,관악산벽산타운5,84.97,14,2004,30500,0,2017-10-30,,,,,
금천구,11545,시흥동,1013,11545-55,관악산벽산타운5,84.97,18,2004,30500,0,2017-10-30,,,,,
금천구,11545,시흥동,1013,11545-55,관악산벽산타운5,84.97,20,2004,30000,0,2017-10-13,17.11~19.11,신규,,,
금천구,11545,시흥동,1015,11545-112,시흥베르빌,81.16,10,2004,33000,0,2017-10-28,,,,,
금천구,11545,시흥동,1017,11545-1440,관악산신도브래뉴,84.8,6,2006,32800,0,2017-10-14,,,,,
금천구,11545,시흥동,1017,11545-1440,관악산신도브래뉴,84.8,8,2006,30000,0,2017-10-29,,,,,
금천구,11545,시흥동,1018,11545-1471,백운한비치Ⅱ,59.213,3,2008,6000,70,2017-10-28,,,,,
금천구,11545,시흥동,1026,11545-1642,남서울힐스테이트,113.329,4,2014,5000,140,2017-10-20,,,,,
금천구,11545,시흥동,1026,11545-1642,남서울힐스테이트,115.801,19,2014,47000,0,2017-10-25,18.01~20.01,신규,,,
금천구,11545,시흥동,1026,11545-1642,남서울힐스테이트,59.817,12,2014,38000,0,2017-10-10,,,,,
금천구,11545,시흥동,1026,11545-1642,남서울힐스테이트,59.817,5,2014,38000,0,2017-10-26,,,,,
금천구,11545,시흥동,1026,11545-1642,남서울힐스테이트,59.817,5,2014,38500,0,2017-10-20,,,,,
금천구,11545,시흥동,1026,11545-1642,남서울힐스테이트,59.87,16,2014,36000,0,2017-10-30,,,,,
금천구,11545,시흥동,1026,11545-1642,남서울힐스테이트,84.677,1,2014,42000,0,2017-10-02,,,,,
금천구,11545,시흥동,1026,11545-1642,남서울힐스테이트,84.677,13,2014,5000,118,2017-10-13,,,,,
금천구,11545,시흥동,1026,11545-1642,남서울힐스테이트,84.677,19,2014,2000,138,2017-10-28,,,,,
금천구,11545,시흥동,1026,11545-1642,남서울힐스테이트,84.677,2,2014,40000,0,2017-10-22,,,,,
금천구,11545,시흥동,1026,11545-1642,남서울힐스테이트,84.697,1,2014,43000,0,2017-10-27,,,,,
금천구,11545,시흥동,1026,11545-1642,남서울힐스테이트,84.697,10,2014,38000,15,2017-10-30,,,,,
금천구,11545,시흥동,1026,11545-1642,남서울힐스테이트,84.786,17,2014,40000,0,2017-10-23,,,,,
금천구,11545,시흥동,1026,11545-1642,남서울힐스테이트,84.786,26,2014,42900,0,2017-10-20,,,,,
금천구,11545,시흥동,1026,11545-1642,남서울힐스테이트,84.786,4,2014,43000,0,2017-10-22,,,,,
금천구,11545,시흥동,109-1,11545-38,무지개,53.75,2,1980,11000,0,2017-10-10,,,,,
금천구,11545,시흥동,109-1,11545-38,무지개,53.75,2,1980,11000,0,2017-10-19,,,,,
금천구,11545,시흥동,109-1,11545-38,무지개,53.75,2,1980,2000,35,2017-10-22,,,,,
금천구,11545,시흥동,109-1,11545-38,무지개,53.75,3,1980,1000,50,2017-10-25,,,,,
금천구,11545,시흥동,109-1,11545-38,무지개,53.75,9,1980,12000,0,2017-10-30,,,,,
금천구,11545,시흥동,109-1,11545-38,무지개,53.79,5,1980,12000,0,2017-10-14,,,,,
금천구,11545,시흥동,109-1,11545-38,무지개,84.96,3,1980,1500,75,2017-10-27,,,,,
금천구,11545,시흥동,109-1,11545-38,무지개,84.96,5,1980,18000,0,2017-10-17,,,,,
금천구,11545,시흥동,209,11545-51,현대(209),82.53,12,1996,29000,0,2017-10-18,,,,,
금천구,11545,시흥동,220-2,11545-52,현대(220-2),49.14,2,1984,11000,0,2017-10-23,,,,,
금천구,11545,시흥동,5-13,11545-41,삼익,59.9,4,1999,5000,60,2017-10-24,,,,,
금천구,11545,시흥동,5-13,11545-41,삼익,59.9,6,1999,21000,0,2017-10-10,,,,,
금천구,11545,시흥동,5-13,11545-41,삼익,84.96,9,1999,30000,0,2017-10-20,,,,,
금천구,11545,시흥동,791-40,11545-1745,SM엘루이,84.94,3,2012,33000,0,2017-10-31,,,,,
금천구,11545,시흥동,898-17,11545-64,금천,84.86,1,2002,5000,85,2017-10-13,,,,,
금천구,11545,시흥동,912-20,11545-46,에벤에셀프라자,100.99,10,1997,28000,0,2017-10-12,,,,,
금천구,11545,시흥동,912-20,11545-46,에벤에셀프라자,44.7,10,1997,3000,43,2017-10-16,,,,,
금천구,11545,시흥동,992-2,11545-33,남서울건영아파트,53.39,12,1982,14000,0,2017-10-30,17.11~18.10,신규,,,
금천구,11545,시흥동,992-2,11545-33,남서울건영아파트,53.39,6,1982,14000,0,2017-10-17,17.12~19.12,신규,,,
금천구,11545,시흥동,992-2,11545-33,남서울건영아파트,53.39,6,1982,14000,0,2017-10-17,17.12~19.12,신규,,,
금천구,11545,시흥동,992-2,11545-33,남서울건영아파트,88.83,10,1982,10000,30,2017-10-28,18.01~19.01,신규,,,
금천구,11545,시흥동,999-1,11545-79,산호시티빌,41.58,2,2003,16000,0,2017-10-25,,,,,
노원구,11350,공릉동,106,11350-190,공릉해링턴플레이스,99.917,5,2000,47000,0,2017-10-23,,,,,
노원구,11350,공릉동,108,11350-177,우방아파트,60.502,2,2000,30000,0,2017-10-19,,,,,
노원구,11350,공릉동,108,11350-177,우방아파트,84.881,14,2000,36000,0,2017-10-14,,,,,
노원구,11350,공릉동,109,11350-169,비선아파트,48.93,2,1999,23000,0,2017-10-23,,,,,
노원구,11350,공릉동,109,11350-169,비선아파트,49.28,3,1999,3000,75,2017-10-16,,,,,
노원구,11350,공릉동,109,11350-169,비선아파트,59.97,1,1999,25000,0,2017-10-31,,,,,
노원구,11350,공릉동,110,11350-1708,공릉아파트,33.18,2,1999,3824,0,2017-10-30,,,,,
노원구,11350,공릉동,110,11350-1708,공릉아파트,39.84,7,1999,4591,0,2017-10-16,,,,,
노원구,11350,공릉동,111,11350-187,화랑타운아파트,84.65,1,2000,39500,0,2017-10-10,,,,,
노원구,11350,공릉동,111,11350-187,화랑타운아파트,84.65,1,2000,39500,0,2017-10-10,,,,,
노원구,11350,공릉동,111,11350-187,화랑타운아파트,84.65,5,2000,41000,0,2017-10-18,,,,,
노원구,11350,공릉동,254,11350-178,태릉우성아파트,84.97,6,1985,31000,0,2017-10-24,,,,,
노원구,11350,공릉동,351-1,11350-226,서로퍼스트빌,69.29,3,2004,24000,0,2017-10-31,,,,,
노원구,11350,공릉동,380-1,11350-162,대동아파트2,114.95,2,1999,32000,0,2017-10-19,,,,,
노원구,11350,공릉동,380-1,11350-162,대동아파트2,84.81,8,1999,32000,0,2017-10-13,,,,,
노원구,11350,공릉동,380-10,11350-210,청솔브레싱B동,80.86,3,2003,22500,0,2017-10-16,16.07~18.07,신규,,,
노원구,11350,공릉동,604-11,11350-161,대동아파트,59.83,4,1999,7500,0,2017-10-20,,,,,
노원구,11350,공릉동,670-20,11350-2139,노원프레미어스엠코,84.0261,13,2016,3000,160,2017-10-25,,,,,
노원구,11350,공릉동,707,11350-160,시영2단지(라이프)아파트,34.44,6,1994,14000,0,2017-10-28,,,,,
노원구,11350,공릉동,707,11350-160,시영2단지(라이프)아파트,34.44,8,1994,14000,0,2017-10-26,,,,,
노원구,11350,공릉동,707,11350-160,시영2단지(라이프)아파트,39.6,14,1994,15000,0,2017-10-21,,,,,
노원구,11350,공릉동,707,11350-160,시영2단지(라이프)아파트,39.6,9,1994,11000,0,2017-10-20,,,,,
노원구,11350,공릉동,714,11350-171,삼익4단지아파트,39.6,6,1994,6000,30,2017-10-25,,,,,
노원구,11350,공릉동,714,11350-171,삼익4단지아파트,59.04,15,1994,24500,0,2017-10-26,,,,,
노원구,11350,공릉동,714,11350-171,삼익4단지아파트,59.04,3,1994,25000,0,2017-10-09,,,,,
노원구,11350,공릉동,715,11350-173,시영3차(라이프)아파트,34.44,13,1994,1000,50,2017-10-23,,,,,
노원구,11350,공릉동,715,11350-173,시영3차(라이프)아파트,39.6,13,1994,16000,0,2017-10-31,,,,,
노원구,11350,공릉동,715,11350-173,시영3차(라이프)아파트,39.6,3,1994,11000,20,2017-10-18,,,,,
노원구,11350,공릉동,715,11350-173,시영3차(라이프)아파트,39.6,3,1994,15000,0,2017-10-25,,,,,
노원구,11350,공릉동,715,11350-173,시영3차(라이프)아파트,39.6,8,1994,8000,30,2017-10-17,,,,,
노원구,11350,공릉동,725,11350-183,풍림아파트A,59.94,12,2001,23000,27,2017-10-20,,,,,
노원구,11350,공릉동,725,11350-183,풍림아파트A,59.94,17,2001,14000,50,2017-10-22,,,,,
노원구,11350,공릉동,725,11350-183,풍림아파트A,59.94,17,2001,14000,50,2017-10-22,,,,,
노원구,11350,공릉동,725,11350-183,풍림아파트A,59.94,18,2001,9000,73,2017-10-13,,,,,
노원구,11350,공릉동,725,11350-183,풍림아파트A,84.99,14,2001,37000,0,2017-10-11,,,,,
노원구,11350,공릉동,725,11350-183,풍림아파트A,84.99,19,2001,36000,0,2017-10-20,,,,,
노원구,11350,공릉동,727,11350-209,풍림아파트B,31.32,13,2001,12000,10,2017-10-14,,,,,
노원구,11350,공릉동,737,11350-172,삼익포레스트아파트,114.88,7,1995,37000,0,2017-10-14,,,,,
노원구,11350,공릉동,737,11350-172,삼익포레스트아파트,51.03,4,1995,15000,20,2017-10-10,,,,,
노원구,11350,공릉동,737,11350-172,삼익포레스트아파트,51.03,6,1995,20000,0,2017-10-30,,,,,
노원구,11350,공릉동,737,11350-172,삼익포레스트아파트,51.03,7,1995,20000,0,2017-10-18,,,,,
노원구,11350,공릉동,738,11350-198,공릉우성아파트,109.4,5,1995,39000,0,2017-10-07,,,,,
노원구,11350,공릉동,742,11350-188,효성아파트,73.18,1,1995,26500,0,2017-10-27,,,,,
노원구,11350,공릉동,742,11350-188,효성아파트,73.18,2,1995,25000,0,2017-10-23,,,,,
노원구,11350,공릉동,742,11350-188,효성아파트,73.18,3,1995,26000,0,2017-10-16,,,,,
노원구,11350,공릉동,742,11350-188,효성아파트,84.66,2,1995,31000,0,2017-10-18,,,,,
노원구,11350,공릉동,743,11350-184,공릉동한보에센시티아파트,59.4,12,2000,28000,0,2017-10-23,,,,,
노원구,11350,공릉동,744,11350-159,건영장미아파트,59.87,1,1999,23000,0,2017-10-20,,,,,
노원구,11350,공릉동,744,11350-159,건영장미아파트,84.88,12,1999,32000,0,2017-10-14,,,,,
노원구,11350,공릉동,747,11350-168,두산힐스빌아파트,114.72,19,2000,40000,0,2017-10-16,,,,,
노원구,11350,공릉동,747,11350-168,두산힐스빌아파트,60,15,2000,29500,0,2017-10-20,,,,,
노원구,11350,공릉동,748,11350-174,신도1차아파트,81.2768,1,2002,14000,80,2017-10-14,,,,,
노원구,11350,공릉동,755,11350-236,비콘아파트,84.98,4,2004,12000,70,2017-10-11,,,,,
노원구,11350,공릉동,755,11350-236,비콘아파트,84.98,4,2004,12000,70,2017-10-16,,,,,
노원구,11350,공릉동,756,11350-237,신성미소지움아파트,84.996,7,2004,100,250,2017-10-26,,,,,
노원구,11350,공릉동,757,11350-1724,우국리더스빌,49.6,10,2006,22000,0,2017-10-20,,,,,
노원구,11350,공릉동,81,11350-182,태강아파트(아이파크),49.6,1,1999,21000,0,2017-10-31,17.10~19.10,신규,,,
노원구,11350,공릉동,81,11350-182,태강아파트(아이파크),49.6,10,1999,23500,0,2017-10-21,,,,,
노원구,11350,공릉동,81,11350-182,태강아파트(아이파크),49.6,10,1999,23500,0,2017-10-28,,,,,
노원구,11350,공릉동,81,11350-182,태강아파트(아이파크),49.6,10,1999,24000,0,2017-10-26,,,,,
노원구,11350,공릉동,81,11350-182,태강아파트(아이파크),49.6,11,1999,23000,0,2017-10-12,,,,,
노원구,11350,공릉동,81,11350-182,태강아파트(아이파크),49.6,12,1999,22500,0,2017-10-11,,,,,
노원구,11350,공릉동,81,11350-182,태강아파트(아이파크),49.6,12,1999,23000,0,2017-10-18,,,,,
노원구,11350,공릉동,81,11350-182,태강아파트(아이파크),49.6,12,1999,23500,0,2017-10-13,,,,,
노원구,11350,공릉동,81,11350-182,태강아파트(아이파크),49.6,12,1999,3000,75,2017-10-18,,,,,
노원구,11350,공릉동,81,11350-182,태강아파트(아이파크),49.6,13,1999,21000,0,2017-10-17,,,,,
노원구,11350,공릉동,81,11350-182,태강아파트(아이파크),49.6,13,1999,23500,0,2017-10-25,,,,,
노원구,11350,공릉동,81,11350-182,태강아파트(아이파크),49.6,14,1999,2000,75,2017-10-12,,,,,
노원구,11350,공릉동,81,11350-182,태강아파트(아이파크),49.6,4,1999,24000,0,2017-10-14,,,,,
노원구,11350,공릉동,81,11350-182,태강아파트(아이파크),49.6,5,1999,23000,0,2017-10-26,,,,,
노원구,11350,공릉동,81,11350-182,태강아파트(아이파크),49.6,6,1999,23000,0,2017-10-28,,,,,
노원구,11350,공릉동,81,11350-182,태강아파트(아이파크),49.6,8,1999,23000,0,2017-10-16,,,,,
노원구,11350,공릉동,81,11350-182,태강아파트(아이파크),49.6,8,1999,23000,0,2017-10-28,,,,,
노원구,11350,공릉동,81,11350-182,태강아파트(아이파크),49.6,8,1999,24000,0,2017-10-30,,,,,
노원구,11350,공릉동,81,11350-182,태강아파트(아이파크),49.6,9,1999,21000,0,2017-10-31,,,,,
노원구,11350,공릉동,81,11350-182,태강아파트(아이파크),49.6,9,1999,23500,0,2017-10-21,,,,,
노원구,11350,공릉동,81,11350-182,태강아파트(아이파크),49.6,9,1999,24000,0,2017-10-02,,,,,
노원구,11350,공릉동,81,11350-182,태강아파트(아이파크),59.34,3,1999,4000,85,2017-10-17,,,,,
노원구,11350,공릉동,81,11350-182,태강아파트(아이파크),59.34,4,1999,8000,60,2017-10-11,,,,,
노원구,11350,공릉동,81,11350-182,태강아파트(아이파크),59.38,4,1999,28000,0,2017-10-12,,,,,
노원구,11350,공릉동,81,11350-182,태강아파트(아이파크),59.38,5,1999,27000,0,2017-10-30,,,,,
노원구,11350,공릉동,81,11350-182,태강아파트(아이파크),59.38,8,1999,26500,0,2017-10-23,,,,,
노원구,11350,공릉동,91,11350-180,청솔아파트8,84.83,7,2000,36000,0,2017-10-21,,,,,
노원구,11350,상계동,1063,11350-53,상계현대3차,84.96,2,1999,27000,0,2017-10-30,,,,,
노원구,11350,상계동,1078,11350-52,현대2차,82.68,13,1993,27000,0,2017-10-12,,,,,
노원구,11350,상계동,1110,11350-28,두산,41.85,12,1994,16000,0,2017-10-26,,,,,
노원구,11350,상계동,1110,11350-28,두산,51.66,15,1994,20000,0,2017-10-27,,,,,
노원구,11350,상계동,1110,11350-28,두산,58.65,10,1994,22000,0,2017-10-31,,,,,
노원구,11350,상계동,1110,11350-28,두산,58.65,9,1994,22000,0,2017-10-14,,,,,
노원구,11350,상계동,1110,11350-28,두산,59.97,6,1994,22000,0,2017-10-13,,,,,
노원구,11350,상계동,1110,11350-28,두산,67.43,3,1994,22000,0,2017-10-31,,,,,
노원구,11350,상계동,1110,11350-28,두산,84.09,7,1994,15000,0,2017-10-26,,,,,
노원구,11350,상계동,1255,11350-19,은빛1단지,39.69,7,1998,14000,0,2017-10-10,,,,,
노원구,11350,상계동,1255,11350-19,은빛1단지,39.7,7,1998,15000,0,2017-10-19,,,,,
노원구,11350,상계동,1255,11350-19,은빛1단지,49.77,13,1998,20000,0,2017-10-13,,,,,
노원구,11350,상계동,1255,11350-19,은빛1단지,49.77,5,1998,20000,0,2017-10-31,,,,,
노원구,11350,상계동,1255,11350-19,은빛1단지,49.77,7,1998,20000,0,2017-10-10,,,,,
노원구,11350,상계동,1255,11350-19,은빛1단지,59.92,6,1998,24000,0,2017-10-14,,,,,
노원구,11350,상계동,1255,11350-19,은빛1단지,59.95,1,1998,23000,0,2017-10-10,,,,,
노원구,11350,상계동,1255,11350-19,은빛1단지,59.95,10,1998,25000,0,2017-10-18,,,,,
노원구,11350,상계동,1255,11350-19,은빛1단지,59.95,2,1998,26000,0,2017-10-31,,,,,
노원구,11350,상계동,1255,11350-19,은빛1단지,59.95,7,1998,22500,0,2017-10-14,,,,,
노원구,11350,상계동,1256,11350-20,은빛2단지,39.7,14,1998,16000,0,2017-10-12,,,,,
노원구,11350,상계동,1256,11350-20,은빛2단지,39.7,4,1998,7000,30,2017-10-11,,,,,
노원구,11350,상계동,1256,11350-20,은빛2단지,39.7,6,1998,1000,60,2017-10-02,,,,,
노원구,11350,상계동,1256,11350-20,은빛2단지,39.7,7,1998,6000,35,2017-10-30,,,,,
노원구,11350,상계동,1256,11350-20,은빛2단지,49.77,12,1998,3000,60,2017-10-14,,,,,
노원구,11350,상계동,1256,11350-20,은빛2단지,49.77,5,1998,6000,40,2017-10-16,,,,,
노원구,11350,상계동,1256,11350-20,은빛2단지,49.77,7,1998,2000,70,2017-10-12,,,,,
노원구,11350,상계동,1256,11350-20,은빛2단지,49.77,7,1998,21200,0,2017-10-18,,,,,
노원구,11350,상계동,1256,11350-20,은빛2단지,59.95,10,1998,26500,0,2017-10-21,,,,,
노원구,11350,상계동,1256,11350-20,은빛2단지,59.95,8,1998,18000,27,2017-10-10,,,,,
노원구,11350,상계동,1265,11350-9,수락산벨리체,114.92,14,2000,39000,0,2017-10-09,,,,,
노원구,11350,상계동,1265,11350-9,수락산벨리체,134.94,12,2000,31000,40,2017-10-30,,,,,
노원구,11350,상계동,1269,11350-60,수락파크빌,84.62,4,2001,38000,0,2017-10-15,,,,,
노원구,11350,상계동,1270,11350-2,금호타운,84.54,7,1995,27000,0,2017-10-14,,,,,
노원구,11350,상계동,1276,11350-62,청암2단지,49.77,16,2001,22000,0,2017-10-16,,,,,
노원구,11350,상계동,1276,11350-62,청암2단지,59.4,10,2001,25000,0,2017-10-18,,,,,
노원구,11350,상계동,1276,11350-62,청암2단지,59.4,6,2001,26000,0,2017-10-30,,,,,
노원구,11350,상계동,1276,11350-62,청암2단지,59.96,15,2001,24500,0,2017-10-14,,,,,
노원구,11350,상계동,1277,11350-22,수락한신,84.95,5,1997,27000,0,2017-10-28,,,,,
노원구,11350,상계동,1279,11350-15,상계1차중앙하이츠,59.82,1,1997,23000,13,2017-10-17,,,,,
노원구,11350,상계동,1279,11350-15,상계1차중앙하이츠,59.82,14,1997,27000,0,2017-10-17,,,,,
노원구,11350,상계동,1279,11350-15,상계1차중앙하이츠,59.82,17,1997,26000,0,2017-10-30,,,,,
노원구,11350,상계동,1279,11350-15,상계1차중앙하이츠,84.6,12,1997,38000,0,2017-10-24,,,,,
노원구,11350,상계동,1279,11350-15,상계1차중앙하이츠,84.6,23,1997,37000,0,2017-10-20,,,,,
노원구,11350,상계동,1282,11350-16,상계2차중앙하이츠,59.82,17,1998,26000,0,2017-10-30,,,,,
노원구,11350,상계동,1282,11350-16,상계2차중앙하이츠,59.82,9,1998,28000,0,2017-10-13,,,,,
노원구,11350,상계동,1285,11350-6,동아불암,114.24,14,1999,30000,40,2017-10-16,,,,,
노원구,11350,상계동,1285,11350-6,동아불암,59.4,11,1999,2000,75,2017-10-14,,,,,
노원구,11350,상계동,1285,11350-6,동아불암,84.9,10,1999,32000,0,2017-10-18,17.10~19.10,신규,,,
노원구,11350,상계동,1289,11350-17,상계불암대림,114.81,13,2000,40000,0,2017-10-11,,,,,
노원구,11350,상계동,1289,11350-17,상계불암대림,114.81,23,2000,45000,0,2017-10-25,,,,,
노원구,11350,상계동,1293,11350-14,불암현대,59.4,17,1999,20000,20,2017-10-18,,,,,
노원구,11350,상계동,1293,11350-14,불암현대,59.4,7,1999,22000,0,2017-10-21,,,,,
노원구,11350,상계동,1293,11350-14,불암현대,84.9,16,1999,33000,0,2017-10-24,,,,,
노원구,11350,상계동,1293,11350-14,불암현대,84.9,20,1999,23500,0,2017-10-18,17.10~19.10,신규,,,
노원구,11350,상계동,1293,11350-14,불암현대,84.9,3,1999,13000,20,2017-10-18,,,,,
노원구,11350,상계동,1299,11350-59,양우,79.4198,8,2002,24000,0,2017-10-26,,,,,
노원구,11350,상계동,1301,11350-66,상계대림e편한세상,114.34,2,2002,35500,0,2017-10-13,,,,,
노원구,11350,상계동,1302,11350-56,대창센시티,84.8577,4,2002,26500,0,2017-10-23,,,,,
노원구,11350,상계동,1303,11350-215,문수해오름,42.76,2,2003,17000,0,2017-10-12,,,,,
노원구,11350,상계동,1304,11350-213,대망드림힐1,84.8968,7,2003,35000,0,2017-10-18,,,,,
노원구,11350,상계동,1306,11350-244,우림루미아트1,84.887,9,2004,35500,0,2017-10-24,17.11~19.11,신규,,,
노원구,11350,상계동,1307,11350-245,우림루미아트201동,84.569,5,2004,36000,0,2017-10-28,,,,,
노원구,11350,상계동,1312,11350-1825,수락리버시티3단지,84.88,8,2009,34000,0,2017-10-10,,,,,
노원구,11350,상계동,1313,11350-1826,수락리버시티4단지,59.9,4,2009,20000,22,2017-10-14,,,,,
노원구,11350,상계동,1313,11350-1826,수락리버시티4단지,84.69,14,2009,36000,0,2017-10-26,,,,,
노원구,11350,상계동,135,11350-46,한신1차,45.44,11,1987,13000,0,2017-10-24,,,,,
노원구,11350,상계동,135,11350-46,한신1차,45.44,8,1987,2000,45,2017-10-10,,,,,
노원구,11350,상계동,135,11350-46,한신1차,53.96,4,1987,19000,0,2017-10-20,,,,,
노원구,11350,상계동,172,11350-5,상계대림,59.67,10,1989,5000,53,2017-10-16,,,,,
노원구,11350,상계동,172,11350-5,상계대림,59.67,12,1989,2000,70,2017-10-10,,,,,
노원구,11350,상계동,172,11350-5,상계대림,59.67,2,1989,22000,0,2017-10-02,,,,,
노원구,11350,상계동,172,11350-5,상계대림,59.67,3,1989,5000,53,2017-10-18,,,,,
노원구,11350,상계동,172,11350-5,상계대림,59.67,7,1989,2000,75,2017-10-27,,,,,
노원구,11350,상계동,172,11350-5,상계대림,84.91,4,1989,5000,90,2017-10-25,,,,,
노원구,11350,상계동,173-1,11350-10,벽산,43.35,5,1989,2000,45,2017-10-31,,,,,
노원구,11350,상계동,173-1,11350-10,벽산,43.35,6,1989,7000,30,2017-10-30,,,,,
노원구,11350,상계동,173-1,11350-10,벽산,46.8,11,1989,6000,0,2017-10-25,16.10~18.10,신규,,,
노원구,11350,상계동,173-1,11350-10,벽산,46.8,12,1989,13000,0,2017-10-16,,,,,
노원구,11350,상계동,173-1,11350-10,벽산,46.8,15,1989,10000,20,2017-10-17,,,,,
노원구,11350,상계동,173-1,11350-10,벽산,59.9,13,1989,13000,30,2017-10-19,,,,,
노원구,11350,상계동,173-1,11350-10,벽산,59.9,13,1989,4000,65,2017-10-10,,,,,
노원구,11350,상계동,173-1,11350-10,벽산,59.9,14,1989,18000,0,2017-10-12,,,,,
노원구,11350,상계동,173-1,11350-10,벽산,59.9,2,1989,21000,0,2017-10-09,,,,,
노원구,11350,상계동,173-1,11350-10,벽산,84.89,12,1989,29000,0,2017-10-13,,,,,
노원구,11350,상계동,173-1,11350-10,벽산,84.89,8,1989,27000,0,2017-10-18,,,,,
노원구,11350,상계동,330-29,11350-2053,소담빌,14.65,5,2014,1000,52,2017-10-25,,,,,
노원구,11350,상계동,330-29,11350-2053,소담빌,14.65,7,2014,500,50,2017-10-17,,,,,
노원구,11350,상계동,359,11350-3,노원현대,84.78,6,1997,34000,0,2017-10-12,,,,,
노원구,11350,상계동,359,11350-3,노원현대,84.78,8,1997,10000,70,2017-10-16,17.10~19.10,신규,,,
노원구,11350,상계동,451,11350-47,한신2차,45.92,1,1988,13000,0,2017-10-31,,,,,
노원구,11350,상계동,451,11350-47,한신2차,45.92,10,1988,2000,50,2017-10-13,,,,,
노원구,11350,상계동,451,11350-47,한신2차,45.92,11,1988,200,15,2017-10-15,,,,,
노원구,11350,상계동,451,11350-47,한신2차,45.92,5,1988,1500,0,2017-10-10,,,,,
노원구,11350,상계동,458,11350-48,한신3차,84.59,10,1990,27500,0,2017-10-18,17.11~19.11,신규,,,
노원구,11350,상계동,458,11350-48,한신3차,84.59,9,1990,28000,0,2017-10-12,,,,,
노원구,11350,상계동,624,11350-252,"상계주공15(고층,공무원임대)",41.3,11,1988,7619,0,2017-10-12,,,,,
노원구,11350,상계동,624,11350-252,"상계주공15(고층,공무원임대)",49.94,11,1988,7933,13,2017-10-12,,,,,
노원구,11350,상계동,624,11350-252,"상계주공15(고층,공무원임대)",49.94,11,1988,9215,16,2017-10-27,,,,,
노원구,11350,상계동,624,11350-252,"상계주공15(고층,공무원임대)",49.94,13,1988,7933,13,2017-10-12,,,,,
노원구,11350,상계동,624,11350-252,"상계주공15(고층,공무원임대)",49.94,15,1988,9031,15,2017-10-12,,,,,
노원구,11350,상계동,624,11350-252,"상계주공15(고층,공무원임대)",49.94,3,1988,11333,0,2017-10-12,,,,,
노원구,11350,상계동,624,11350-252,"상계주공15(고층,공무원임대)",49.94,3,1988,7933,13,2017-10-12,,,,,
노원구,11350,상계동,624,11350-252,"상계주공15(고층,공무원임대)",49.94,5,1988,9215,16,2017-10-12,,,,,
노원구,11350,상계동,624,11350-252,"상계주공15(고층,공무원임대)",49.94,5,1988,9215,16,2017-10-27,,,,,
노원구,11350,상계동,624,11350-35,상계주공16(고층),45.77,1,1988,14500,0,2017-10-14,17.11~19.11,신규,,,
노원구,11350,상계동,624,11350-35,상계주공16(고층),45.77,12,1988,14000,0,2017-10-26,,,,,
노원구,11350,상계동,624,11350-35,상계주공16(고층),45.77,9,1988,13000,0,2017-10-25,,,,,
노원구,11350,상계동,624,11350-35,상계주공16(고층),58.01,11,1988,20000,0,2017-10-24,,,,,
노원구,11350,상계동,624,11350-35,상계주공16(고층),58.01,5,1988,15000,20,2017-10-23,,,,,
노원구,11350,상계동,624,11350-35,상계주공16(고층),58.01,8,1988,19000,0,2017-10-27,,,,,
노원구,11350,상계동,624,11350-35,상계주공16(고층),59.39,1,1988,10000,30,2017-10-14,,,,,
노원구,11350,상계동,624,11350-35,상계주공16(고층),59.39,1,1988,17000,0,2017-10-20,17.11~19.11,신규,,,
노원구,11350,상계동,624,11350-35,상계주공16(고층),59.39,1,1988,17000,0,2017-10-26,,,,,
노원구,11350,상계동,624,11350-35,상계주공16(고층),59.39,11,1988,3000,65,2017-10-26,,,,,
노원구,11350,상계동,624,11350-35,상계주공16(고층),59.39,13,1988,21000,0,2017-10-13,,,,,
노원구,11350,상계동,624,11350-35,상계주공16(고층),59.39,2,1988,15000,0,2017-10-08,,,,,
노원구,11350,상계동,624,11350-35,상계주공16(고층),59.39,2,1988,18000,0,2017-10-09,,,,,
노원구,11350,상계동,624,11350-35,상계주공16(고층),59.39,3,1988,22000,0,2017-10-15,,,,,
노원구,11350,상계동,624,11350-35,상계주공16(고층),59.39,7,1988,19000,0,2017-10-30,,,,,
노원구,11350,상계동,626,11350-34,상계주공14(고층),41.3,1,1989,1000,45,2017-10-28,,,,,
노원구,11350,상계동,626,11350-34,상계주공14(고층),41.3,13,1989,13000,0,2017-10-16,,,,,
노원구,11350,상계동,626,11350-34,상계주공14(고층),41.3,14,1989,1000,50,2017-10-14,,,,,
노원구,11350,상계동,626,11350-34,상계주공14(고층),41.3,2,1989,15000,0,2017-10-17,,,,,
노원구,11350,상계동,626,11350-34,상계주공14(고층),41.3,3,1989,13000,0,2017-10-14,17.10~19.10,신규,,,
노원구,11350,상계동,626,11350-34,상계주공14(고층),41.3,3,1989,13500,0,2017-10-13,,,,,
노원구,11350,상계동,626,11350-34,상계주공14(고층),41.3,6,1989,14000,0,2017-10-30,,,,,
노원구,11350,상계동,626,11350-34,상계주공14(고층),45.55,12,1989,9000,20,2017-10-18,,,,,
노원구,11350,상계동,626,11350-34,상계주공14(고층),45.55,15,1989,14000,0,2017-10-14,,,,,
노원구,11350,상계동,626,11350-34,상계주공14(고층),45.55,2,1989,9500,25,2017-10-10,,,,,
노원구,11350,상계동,626,11350-34,상계주공14(고층),45.55,5,1989,14000,0,2017-10-28,,,,,
노원구,11350,상계동,626,11350-34,상계주공14(고층),45.55,6,1989,13000,0,2017-10-13,,,,,
노원구,11350,상계동,626,11350-34,상계주공14(고층),45.55,7,1989,6000,25,2017-10-17,,,,,
노원구,11350,상계동,626,11350-34,상계주공14(고층),45.9,12,1989,13000,0,2017-10-12,,,,,
노원구,11350,상계동,626,11350-34,상계주공14(고층),45.9,15,1989,1000,52,2017-10-15,,,,,
노원구,11350,상계동,626,11350-34,상계주공14(고층),45.9,2,1989,12000,0,2017-10-12,,,,,
노원구,11350,상계동,626,11350-34,상계주공14(고층),45.9,6,1989,7500,15,2017-10-22,,,,,
노원구,11350,상계동,626,11350-34,상계주공14(고층),45.9,7,1989,1000,50,2017-10-12,,,,,
노원구,11350,상계동,626,11350-34,상계주공14(고층),49.94,10,1989,18500,0,2017-10-08,,,,,
노원구,11350,상계동,626,11350-34,상계주공14(고층),49.94,14,1989,2000,60,2017-10-22,,,,,
노원구,11350,상계동,626,11350-34,상계주공14(고층),49.94,2,1989,19950,0,2017-10-27,,,,,
노원구,11350,상계동,626,11350-34,상계주공14(고층),49.94,3,1989,5000,40,2017-10-21,,,,,
노원구,11350,상계동,626,11350-34,상계주공14(고층),49.94,6,1989,3000,53,2017-10-13,,,,,
노원구,11350,상계동,626,11350-34,상계주공14(고층),59.39,12,1989,15000,0,2017-10-28,,,,,
노원구,11350,상계동,626,11350-34,상계주공14(고층),90.94,5,1989,31000,0,2017-10-10,,,,,
노원구,11350,상계동,637,11350-33,상계주공13(고층),41.3,6,1989,12500,0,2017-10-21,,,,,
노원구,11350,상계동,637,11350-33,상계주공13(고층),45.55,15,1989,14000,0,2017-10-14,,,,,
노원구,11350,상계동,637,11350-33,상계주공13(고층),45.9,6,1989,10000,10,2017-10-14,,,,,
노원구,11350,상계동,637,11350-33,상계주공13(고층),45.9,6,1989,9000,14,2017-10-14,,,,,
노원구,11350,상계동,637,11350-33,상계주공13(고층),49.94,12,1989,16000,0,2017-10-17,,,,,
노원구,11350,상계동,637,11350-33,상계주공13(고층),49.94,14,1989,2500,55,2017-10-18,,,,,
노원구,11350,상계동,637,11350-33,상계주공13(고층),49.94,5,1989,16000,0,2017-10-17,,,,,
노원구,11350,상계동,637,11350-33,상계주공13(고층),49.94,7,1989,10500,15,2017-10-17,,,,,
노원구,11350,상계동,637,11350-33,상계주공13(고층),58.01,5,1989,15500,0,2017-10-17,,,,,
노원구,11350,상계동,639,11350-202,보람아파트,44.33,1,1988,14000,0,2017-10-14,,,,,
노원구,11350,상계동,639,11350-202,보람아파트,44.33,2,1988,1000,60,2017-10-31,,,,,
노원구,11350,상계동,639,11350-202,보람아파트,44.33,2,1988,14500,0,2017-10-23,,,,,
노원구,11350,상계동,639,11350-202,보람아파트,44.33,9,1988,5000,30,2017-10-13,,,,,
노원구,11350,상계동,639,11350-202,보람아파트,54.59,11,1988,19000,0,2017-10-25,,,,,
노원구,11350,상계동,639,11350-202,보람아파트,54.59,12,1988,18000,0,2017-10-18,,,,,
노원구,11350,상계동,639,11350-202,보람아파트,54.59,3,1988,20000,0,2017-10-17,,,,,
노원구,11350,상계동,639,11350-202,보람아파트,68.99,15,1988,100,30,2017-10-20,,,,,
노원구,11350,상계동,639,11350-202,보람아파트,79.25,4,1988,27000,0,2017-10-21,,,,,
노원구,11350,상계동,639,11350-202,보람아파트,79.25,4,1988,27000,0,2017-10-21,,,,,
노원구,11350,상계동,647,11350-32,상계주공12(고층),41.3,11,1988,14500,0,2017-10-11,,,,,
노원구,11350,상계동,647,11350-32,상계주공12(고층),41.3,11,1988,15000,0,2017-10-30,,,,,
노원구,11350,상계동,647,11350-32,상계주공12(고층),41.3,12,1988,13000,0,2017-10-18,,,,,
노원구,11350,상계동,647,11350-32,상계주공12(고층),41.3,13,1988,14000,0,2017-10-26,,,,,
노원구,11350,상계동,647,11350-32,상계주공12(고층),41.3,14,1988,14000,0,2017-10-30,,,,,
노원구,11350,상계동,647,11350-32,상계주공12(고층),41.3,15,1988,1000,50,2017-10-16,,,,,
노원구,11350,상계동,647,11350-32,상계주공12(고층),49.94,10,1988,15500,12,2017-10-24,,,,,
노원구,11350,상계동,647,11350-32,상계주공12(고층),49.94,10,1988,3000,55,2017-10-14,17.12~19.12,신규,,,
노원구,11350,상계동,647,11350-32,상계주공12(고층),49.94,11,1988,18000,0,2017-10-17,,,,,
노원구,11350,상계동,647,11350-32,상계주공12(고층),49.94,12,1988,18000,0,2017-10-02,,,,,
노원구,11350,상계동,647,11350-32,상계주공12(고층),49.94,15,1988,18000,0,2017-10-13,,,,,
노원구,11350,상계동,647,11350-32,상계주공12(고층),49.94,3,1988,1000,65,2017-10-12,,,,,
노원구,11350,상계동,647,11350-32,상계주공12(고층),49.94,3,1988,17500,0,2017-10-18,,,,,
노원구,11350,상계동,647,11350-32,상계주공12(고층),49.94,3,1988,2000,60,2017-10-20,,,,,
노원구,11350,상계동,647,11350-32,상계주공12(고층),61.52,8,1988,3000,80,2017-10-28,,,,,
노원구,11350,상계동,647,11350-32,상계주공12(고층),66.56,3,1988,22500,0,2017-10-17,,,,,
노원구,11350,상계동,652,11350-31,상계주공11(고층),41.3,1,1988,13500,0,2017-10-13,,,,,
노원구,11350,상계동,652,11350-31,상계주공11(고층),41.3,1,1988,2000,42,2017-10-24,,,,,
노원구,11350,상계동,652,11350-31,상계주공11(고층),41.3,5,1988,15000,0,2017-10-25,,,,,
노원구,11350,상계동,652,11350-31,상계주공11(고층),41.3,5,1988,15000,0,2017-10-28,,,,,
노원구,11350,상계동,652,11350-31,상계주공11(고층),49.94,1,1988,17500,0,2017-10-19,,,,,
노원구,11350,상계동,652,11350-31,상계주공11(고층),49.94,15,1988,3000,50,2017-10-31,,,,,
노원구,11350,상계동,652,11350-31,상계주공11(고층),49.94,4,1988,1000,70,2017-10-10,,,,,
노원구,11350,상계동,652,11350-31,상계주공11(고층),49.94,5,1988,18500,0,2017-10-14,,,,,
노원구,11350,상계동,652,11350-31,상계주공11(고층),49.94,7,1988,17000,0,2017-10-14,,,,,
노원구,11350,상계동,652,11350-31,상계주공11(고층),49.94,8,1988,18000,0,2017-10-30,,,,,
노원구,11350,상계동,652,11350-31,상계주공11(고층),49.94,9,1988,2000,65,2017-10-28,,,,,
노원구,11350,상계동,652,11350-31,상계주공11(고층),49.94,9,1988,32000,0,2017-10-27,,,,,
노원구,11350,상계동,652,11350-31,상계주공11(고층),58.01,10,1988,21000,0,2017-10-25,,,,,
노원구,11350,상계동,652,11350-31,상계주공11(고층),58.01,7,1988,22000,0,2017-10-27,,,,,
노원구,11350,상계동,652,11350-31,상계주공11(고층),58.01,9,1988,19000,0,2017-10-11,,,,,
노원구,11350,상계동,652,11350-31,상계주공11(고층),59.28,3,1988,22000,0,2017-10-30,,,,,
노원구,11350,상계동,652,11350-31,상계주공11(고층),60.5,5,1988,19000,0,2017-10-25,,,,,
노원구,11350,상계동,652,11350-31,상계주공11(고층),68.86,11,1988,28000,0,2017-10-24,,,,,
노원구,11350,상계동,652,11350-31,상계주공11(고층),68.86,2,1988,24000,0,2017-10-17,,,,,
노원구,11350,상계동,652,11350-31,상계주공11(고층),68.86,4,1988,26000,0,2017-10-13,,,,,
노원구,11350,상계동,666,11350-205,상계주공10(저층),47.34,3,1988,18000,0,2017-10-21,,,,,
노원구,11350,상계동,666,11350-205,상계주공10(저층),54.54,3,1988,20000,0,2017-10-23,,,,,
노원구,11350,상계동,666,11350-205,상계주공10(저층),54.54,3,1988,21000,0,2017-10-18,,,,,
노원구,11350,상계동,666,11350-205,상계주공10(저층),54.54,4,1988,2000,72,2017-10-16,,,,,
노원구,11350,상계동,666,11350-30,상계주공10(고층),45.77,15,1988,15000,0,2017-10-17,,,,,
노원구,11350,상계동,666,11350-30,상계주공10(고층),45.77,6,1988,2000,50,2017-10-17,,,,,
노원구,11350,상계동,666,11350-30,상계주공10(고층),45.9,13,1988,9000,20,2017-10-21,,,,,
노원구,11350,상계동,666,11350-30,상계주공10(고층),45.9,2,1988,14300,0,2017-10-15,17.10~19.10,갱신,,13300,
노원구,11350,상계동,666,11350-30,상계주공10(고층),45.9,4,1988,13500,0,2017-10-13,,,,,
노원구,11350,상계동,666,11350-30,상계주공10(고층),45.9,8,1988,6000,20,2017-10-18,,,,,
노원구,11350,상계동,666,11350-30,상계주공10(고층),49.94,1,1988,5000,50,2017-10-10,,,,,
노원구,11350,상계동,666,11350-30,상계주공10(고층),49.94,11,1988,18500,0,2017-10-24,,,,,
노원구,11350,상계동,666,11350-30,상계주공10(고층),49.94,2,1988,18200,0,2017-10-12,,,,,
노원구,11350,상계동,666,11350-30,상계주공10(고층),49.94,5,1988,17500,0,2017-10-10,,,,,
노원구,11350,상계동,666,11350-30,상계주공10(고층),49.94,8,1988,2000,50,2017-10-09,,,,,
노원구,11350,상계동,666,11350-30,상계주공10(고층),58.01,15,1988,3000,60,2017-10-17,,,,,
노원구,11350,상계동,666,11350-30,상계주공10(고층),58.01,3,1988,10000,30,2017-10-27,,,,,
노원구,11350,상계동,666,11350-30,상계주공10(고층),59.39,13,1988,19000,0,2017-10-14,,,,,
노원구,11350,상계동,666,11350-30,상계주공10(고층),60.5,12,1988,15000,0,2017-10-11,,,,,
노원구,11350,상계동,666,11350-30,상계주공10(고층),68.86,7,1988,26000,0,2017-10-11,,,,,
노원구,11350,상계동,670,11350-43,상계주공9(고층),41.3,14,1988,2000,45,2017-10-30,,,,,
노원구,11350,상계동,670,11350-43,상계주공9(고층),45.9,12,1988,12000,0,2017-10-10,,,,,
노원구,11350,상계동,670,11350-43,상계주공9(고층),45.9,13,1988,15000,0,2017-10-01,,,,,
노원구,11350,상계동,670,11350-43,상계주공9(고층),45.9,14,1988,1000,55,2017-10-31,,,,,
노원구,11350,상계동,670,11350-43,상계주공9(고층),45.9,14,1988,13000,0,2017-10-17,,,,,
노원구,11350,상계동,670,11350-43,상계주공9(고층),45.9,3,1988,14500,0,2017-10-24,,,,,
노원구,11350,상계동,670,11350-43,상계주공9(고층),45.9,7,1988,15000,0,2017-10-17,,,,,
노원구,11350,상계동,670,11350-43,상계주공9(고층),45.9,8,1988,8000,25,2017-10-25,,,,,
노원구,11350,상계동,670,11350-43,상계주공9(고층),49.94,1,1988,16500,0,2017-10-24,,,,,
노원구,11350,상계동,670,11350-43,상계주공9(고층),49.94,10,1988,17000,0,2017-10-16,,,,,
노원구,11350,상계동,670,11350-43,상계주공9(고층),49.94,12,1988,3300,55,2017-10-20,17.11~19.11,신규,,,
노원구,11350,상계동,670,11350-43,상계주공9(고층),49.94,3,1988,19000,0,2017-10-21,,,,,
노원구,11350,상계동,670,11350-43,상계주공9(고층),49.94,4,1988,2000,60,2017-10-31,,,,,
노원구,11350,상계동,670,11350-43,상계주공9(고층),49.94,5,1988,14000,0,2017-10-14,,,,,
노원구,11350,상계동,670,11350-43,상계주공9(고층),49.94,6,1988,2000,60,2017-10-11,,,,,
노원구,11350,상계동,670,11350-43,상계주공9(고층),49.94,7,1988,2000,60,2017-10-28,,,,,
노원구,11350,상계동,670,11350-43,상계주공9(고층),49.94,8,1988,20000,0,2017-10-09,,,,,
노원구,11350,상계동,670,11350-43,상계주공9(고층),58.01,1,1988,21000,0,2017-10-30,,,,,
노원구,11350,상계동,670,11350-43,상계주공9(고층),61.52,9,1988,21000,0,2017-10-12,,,,,
노원구,11350,상계동,670,11350-43,상계주공9(고층),66.56,4,1988,25000,0,2017-10-17,,,,,
노원구,11350,상계동,670,11350-43,상계주공9(고층),79.07,4,1988,14000,60,2017-10-02,,,,,
노원구,11350,상계동,691,11350-41,상계주공7(고층),41.3,10,1988,1000,55,2017-10-24,,,,,
노원구,11350,상계동,691,11350-41,상계주공7(고층),41.3,4,1988,8500,30,2017-10-21,,,,,
노원구,11350,상계동,691,11350-41,상계주공7(고층),41.3,6,1988,14000,0,2017-10-26,,,,,
노원구,11350,상계동,691,11350-41,상계주공7(고층),45.55,2,1988,16000,0,2017-10-17,,,,,
노원구,11350,상계동,691,11350-41,상계주공7(고층),45.55,7,1988,4000,50,2017-10-21,,,,,
노원구,11350,상계동,691,11350-41,상계주공7(고층),45.55,9,1988,15500,0,2017-10-09,,,,,
노원구,11350,상계동,691,11350-41,상계주공7(고층),45.77,10,1988,10000,20,2017-10-17,,,,,
노원구,11350,상계동,691,11350-41,상계주공7(고층),45.77,5,1988,17000,0,2017-10-10,,,,,
노원구,11350,상계동,691,11350-41,상계주공7(고층),45.9,10,1988,1000,60,2017-10-31,,,,,
노원구,11350,상계동,691,11350-41,상계주공7(고층),45.9,13,1988,14000,0,2017-10-14,,,,,
노원구,11350,상계동,691,11350-41,상계주공7(고층),45.9,15,1988,13000,0,2017-10-28,,,,,
노원구,11350,상계동,691,11350-41,상계주공7(고층),45.9,15,1988,2000,45,2017-10-09,,,,,
노원구,11350,상계동,691,11350-41,상계주공7(고층),45.9,3,1988,2000,55,2017-10-23,,,,,
노원구,11350,상계동,691,11350-41,상계주공7(고층),45.9,7,1988,15000,0,2017-10-30,,,,,
노원구,11350,상계동,691,11350-41,상계주공7(고층),45.9,8,1988,1000,55,2017-10-28,,,,,
노원구,11350,상계동,691,11350-41,상계주공7(고층),45.9,8,1988,13000,0,2017-10-11,,,,,
노원구,11350,상계동,691,11350-41,상계주공7(고층),49.94,1,1988,17000,0,2017-10-30,,,,,
노원구,11350,상계동,691,11350-41,상계주공7(고층),49.94,10,1988,20000,0,2017-10-23,,,,,
노원구,11350,상계동,691,11350-41,상계주공7(고층),49.94,11,1988,18500,0,2017-10-28,17.11~19.11,갱신,,17000,
노원구,11350,상계동,691,11350-41,상계주공7(고층),49.94,13,1988,17000,0,2017-10-28,,,,,
노원구,11350,상계동,691,11350-41,상계주공7(고층),49.94,4,1988,20000,0,2017-10-16,,,,,
노원구,11350,상계동,691,11350-41,상계주공7(고층),49.94,4,1988,20000,0,2017-10-30,,,,,
노원구,11350,상계동,691,11350-41,상계주공7(고층),49.94,8,1988,17000,0,2017-10-25,,,,,
노원구,11350,상계동,691,11350-41,상계주공7(고층),58.01,10,1988,22000,0,2017-10-13,,,,,
노원구,11350,상계동,691,11350-41,상계주공7(고층),58.01,5,1988,22000,0,2017-10-11,17.10~18.10,갱신,,22000,
노원구,11350,상계동,691,11350-41,상계주공7(고층),58.01,8,1988,21000,0,2017-10-26,,,,,
노원구,11350,상계동,691,11350-41,상계주공7(고층),59.39,6,1988,1500,85,2017-10-09,17.11~19.11,,,,
노원구,11350,상계동,691,11350-41,상계주공7(고층),79.07,15,1988,3000,100,2017-10-21,,,,,
노원구,11350,상계동,691,11350-41,상계주공7(고층),79.07,4,1988,33000,0,2017-10-30,,,,,
노원구,11350,상계동,691,11350-41,상계주공7(고층),79.07,5,1988,36000,0,2017-10-17,,,,,
노원구,11350,상계동,691,11350-41,상계주공7(고층),79.07,7,1988,10000,70,2017-10-26,,,,,
노원구,11350,상계동,694,11350-27,임광,122.18,4,1989,37000,0,2017-10-24,,,,,
노원구,11350,상계동,695,11350-201,대림,93.13,8,1988,34000,0,2017-10-14,,,,,
노원구,11350,상계동,720,11350-40,상계주공6(고층),37.46,6,1988,12500,0,2017-10-20,,,,,
노원구,11350,상계동,720,11350-40,상계주공6(고층),41.3,14,1988,1000,60,2017-10-16,,,,,
노원구,11350,상계동,720,11350-40,상계주공6(고층),41.3,14,1988,15000,0,2017-10-19,,,,,
노원구,11350,상계동,720,11350-40,상계주공6(고층),41.3,4,1988,15000,0,2017-10-14,,,,,
노원구,11350,상계동,720,11350-40,상계주공6(고층),41.3,4,1988,15500,0,2017-10-14,,,,,
노원구,11350,상계동,720,11350-40,상계주공6(고층),49.94,15,1988,18000,0,2017-10-27,,,,,
노원구,11350,상계동,720,11350-40,상계주공6(고층),49.94,8,1988,20000,0,2017-10-14,,,,,
노원구,11350,상계동,720,11350-40,상계주공6(고층),58.01,11,1988,2000,63,2017-10-20,,,,,
노원구,11350,상계동,720,11350-40,상계주공6(고층),58.01,11,1988,22000,0,2017-10-28,,,,,
노원구,11350,상계동,720,11350-40,상계주공6(고층),58.01,12,1988,26000,0,2017-10-14,,,,,
노원구,11350,상계동,720,11350-40,상계주공6(고층),58.01,15,1988,17500,0,2017-10-17,,,,,
노원구,11350,상계동,720,11350-40,상계주공6(고층),58.01,2,1988,10000,40,2017-10-28,,,,,
노원구,11350,상계동,720,11350-40,상계주공6(고층),58.01,5,1988,22000,0,2017-10-13,,,,,
노원구,11350,상계동,720,11350-40,상계주공6(고층),58.01,6,1988,24000,0,2017-10-09,,,,,
노원구,11350,상계동,720,11350-40,상계주공6(고층),58.01,7,1988,21000,0,2017-10-30,,,,,
노원구,11350,상계동,720,11350-40,상계주공6(고층),58.01,8,1988,2000,67,2017-10-13,,,,,
노원구,11350,상계동,720,11350-40,상계주공6(고층),58.01,8,1988,20000,0,2017-10-14,,,,,
노원구,11350,상계동,720,11350-40,상계주공6(고층),58.01,9,1988,22000,0,2017-10-30,,,,,
노원구,11350,상계동,720,11350-40,상계주공6(고층),59.28,12,1988,3000,70,2017-10-28,,,,,
노원구,11350,상계동,720,11350-40,상계주공6(고층),59.28,12,1988,3000,70,2017-10-28,,,,,
노원구,11350,상계동,721,11350-39,상계주공5(저층),31.98,1,1987,1000,40,2017-10-28,,,,,
노원구,11350,상계동,721,11350-39,상계주공5(저층),31.98,1,1987,10000,0,2017-10-10,,,,,
노원구,11350,상계동,721,11350-39,상계주공5(저층),31.98,1,1987,10500,0,2017-10-16,,,,,
노원구,11350,상계동,721,11350-39,상계주공5(저층),31.98,1,1987,11000,0,2017-10-17,,,,,
노원구,11350,상계동,721,11350-39,상계주공5(저층),31.98,1,1987,500,45,2017-10-25,,,,,
노원구,11350,상계동,721,11350-39,상계주공5(저층),31.98,1,1987,500,48,2017-10-16,,,,,
노원구,11350,상계동,721,11350-39,상계주공5(저층),31.98,2,1987,1000,45,2017-10-21,,,,,
노원구,11350,상계동,721,11350-39,상계주공5(저층),31.98,2,1987,10000,0,2017-10-30,,,,,
노원구,11350,상계동,721,11350-39,상계주공5(저층),31.98,2,1987,9000,0,2017-10-30,,,,,
노원구,11350,상계동,721,11350-39,상계주공5(저층),31.98,3,1987,12000,0,2017-10-18,,,,,
노원구,11350,상계동,721,11350-39,상계주공5(저층),31.98,3,1987,9200,0,2017-10-13,,,,,
노원구,11350,상계동,721,11350-39,상계주공5(저층),31.98,4,1987,13000,0,2017-10-21,,,,,
노원구,11350,상계동,721,11350-39,상계주공5(저층),31.98,4,1987,1700,41,2017-10-24,,,,,
노원구,11350,상계동,721,11350-39,상계주공5(저층),31.98,5,1987,11000,0,2017-10-31,17.11~19.11,신규,,,
노원구,11350,상계동,721,11350-39,상계주공5(저층),31.98,5,1987,500,38,2017-10-13,,,,,
노원구,11350,상계동,730-2,11350-37,상계주공3(고층),32.39,15,1987,1000,45,2017-10-13,,,,,
노원구,11350,상계동,730-2,11350-37,상계주공3(고층),37.46,4,1987,14000,0,2017-10-13,,,,,
노원구,11350,상계동,730-2,11350-37,상계주공3(고층),37.46,4,1987,15000,0,2017-10-30,,,,,
노원구,11350,상계동,730-2,11350-37,상계주공3(고층),58.01,1,1987,17500,0,2017-10-16,,,,,
노원구,11350,상계동,730-2,11350-37,상계주공3(고층),58.01,11,1987,22000,0,2017-10-20,,,,,
노원구,11350,상계동,730-2,11350-37,상계주공3(고층),58.01,12,1987,1000,80,2017-10-14,,,,,
노원구,11350,상계동,730-2,11350-37,상계주공3(고층),58.01,15,1987,5000,60,2017-10-11,,,,,
노원구,11350,상계동,730-2,11350-37,상계주공3(고층),58.01,5,1987,24000,0,2017-10-14,,,,,
노원구,11350,상계동,730-2,11350-37,상계주공3(고층),58.01,7,1987,23000,0,2017-10-21,,,,,
노원구,11350,상계동,730-2,11350-37,상계주공3(고층),58.01,7,1987,3000,73,2017-10-18,,,,,
노원구,11350,상계동,730-2,11350-37,상계주공3(고층),59.2,13,1987,21000,0,2017-10-14,,,,,
노원구,11350,상계동,730-2,11350-37,상계주공3(고층),59.2,13,1987,23000,0,2017-10-20,,,,,
노원구,11350,상계동,730-2,11350-37,상계주공3(고층),59.2,7,1987,20000,0,2017-10-11,,,,,
노원구,11350,상계동,730-2,11350-37,상계주공3(고층),59.39,6,1987,21000,0,2017-10-18,,,,,
노원구,11350,상계동,730-2,11350-37,상계주공3(고층),60.5,4,1987,23000,0,2017-10-19,,,,,
노원구,11350,상계동,730-2,11350-37,상계주공3(고층),68.86,13,1987,25500,0,2017-10-21,,,,,
노원구,11350,상계동,730-2,11350-37,상계주공3(고층),68.86,7,1987,20000,25,2017-10-11,,,,,
노원구,11350,상계동,730-2,11350-37,상계주공3(고층),84.2,4,1987,35000,0,2017-10-27,,,,,
노원구,11350,상계동,730-2,11350-37,상계주공3(고층),84.38,7,1987,30000,0,2017-10-12,,,,,
노원구,11350,상계동,737,11350-207,상계주공3(저층),71.89,1,1987,3000,95,2017-10-13,,,,,
노원구,11350,상계동,740,11350-206,상계주공2(저층),46.04,2,1987,17000,0,2017-10-17,,,,,
노원구,11350,상계동,740,11350-206,상계주공2(저층),46.04,3,1987,1000,60,2017-10-25,,,,,
노원구,11350,상계동,740,11350-206,상계주공2(저층),59.18,2,1987,3000,70,2017-10-16,,,,,
노원구,11350,상계동,740,11350-206,상계주공2(저층),62.17,1,1987,20000,0,2017-10-10,,,,,
노원구,11350,상계동,740,11350-36,상계주공2(고층),32.39,7,1987,13000,0,2017-10-25,,,,,
노원구,11350,상계동,740,11350-36,상계주공2(고층),41.3,10,1987,400,60,2017-10-09,,,,,
노원구,11350,상계동,740,11350-36,상계주공2(고층),41.3,12,1987,16000,0,2017-10-12,,,,,
노원구,11350,상계동,740,11350-36,상계주공2(고층),41.3,14,1987,16000,0,2017-10-28,,,,,
노원구,11350,상계동,740,11350-36,상계주공2(고층),41.3,15,1987,14500,0,2017-10-23,,,,,
노원구,11350,상계동,740,11350-36,상계주공2(고층),41.3,5,1987,1500,52,2017-10-09,,,,,
노원구,11350,상계동,740,11350-36,상계주공2(고층),58.01,11,1987,23000,0,2017-10-10,,,,,
노원구,11350,상계동,740,11350-36,상계주공2(고층),58.01,2,1987,1500,75,2017-10-21,,,,,
노원구,11350,상계동,740,11350-36,상계주공2(고층),58.01,2,1987,20000,0,2017-10-18,,,,,
노원구,11350,상계동,740,11350-36,상계주공2(고층),58.01,8,1987,23000,0,2017-10-30,,,,,
노원구,11350,상계동,740,11350-36,상계주공2(고층),59.28,2,1987,20000,0,2017-10-13,,,,,
노원구,11350,상계동,740,11350-36,상계주공2(고층),59.28,8,1987,10000,0,2017-10-31,,,,,
노원구,11350,상계동,740,11350-36,상계주공2(고층),68.86,12,1987,23000,0,2017-10-28,,,,,
노원구,11350,상계동,740,11350-36,상계주공2(고층),68.86,2,1987,13000,0,2017-10-31,,,,,
노원구,11350,상계동,749-5,11350-38,상계주공4(고층),32.39,1,1988,12000,0,2017-10-28,,,,,
노원구,11350,상계동,749-5,11350-38,상계주공4(고층),32.39,11,1988,1000,43,2017-10-10,,,,,
노원구,11350,상계동,749-5,11350-38,상계주공4(고층),32.39,11,1988,2000,30,2017-10-10,,,,,
노원구,11350,상계동,749-5,11350-38,상계주공4(고층),32.39,4,1988,1000,45,2017-10-24,,,,,
노원구,11350,상계동,749-5,11350-38,상계주공4(고층),32.39,8,1988,500,48,2017-10-18,,,,,
노원구,11350,상계동,749-5,11350-38,상계주공4(고층),37.46,4,1988,16000,0,2017-10-12,,,,,
노원구,11350,상계동,749-5,11350-38,상계주공4(고층),37.46,5,1988,13000,0,2017-10-24,,,,,
노원구,11350,상계동,749-5,11350-38,상계주공4(고층),41.3,10,1988,15000,0,2017-10-01,,,,,
노원구,11350,상계동,749-5,11350-38,상계주공4(고층),41.3,15,1988,14000,0,2017-10-27,,,,,
노원구,11350,상계동,749-5,11350-38,상계주공4(고층),41.3,2,1988,13000,0,2017-10-25,,,,,
노원구,11350,상계동,749-5,11350-38,상계주공4(고층),41.3,2,1988,14000,0,2017-10-23,,,,,
노원구,11350,상계동,749-5,11350-38,상계주공4(고층),41.3,6,1988,2000,50,2017-10-09,,,,,
노원구,11350,상계동,749-5,11350-38,상계주공4(고층),41.3,7,1988,500,55,2017-10-11,,,,,
노원구,11350,상계동,749-5,11350-38,상계주공4(고층),41.3,9,1988,1000,60,2017-10-17,17.11~19.11,신규,,,
노원구,11350,상계동,749-5,11350-38,상계주공4(고층),41.3,9,1988,14000,0,2017-10-12,,,,,
노원구,11350,상계동,749-5,11350-38,상계주공4(고층),49.94,9,1988,2000,60,2017-10-10,,,,,
노원구,11350,상계동,749-5,11350-38,상계주공4(고층),58.01,11,1988,22000,0,2017-10-18,,,,,
노원구,11350,상계동,749-5,11350-38,상계주공4(고층),59.2,3,1988,21500,0,2017-10-17,,,,,
노원구,11350,상계동,749-5,11350-38,상계주공4(고층),59.28,14,1988,10000,0,2017-10-11,,,,,
노원구,11350,상계동,749-5,11350-38,상계주공4(고층),59.28,14,1988,10000,40,2017-10-11,,,,,
노원구,11350,상계동,749-5,11350-38,상계주공4(고층),73.94,7,1988,28000,0,2017-10-24,,,,,
노원구,11350,상계동,749-5,11350-38,상계주공4(고층),75.2,1,1988,29000,0,2017-10-14,17.11~19.11,신규,,,
노원구,11350,상계동,749-5,11350-38,상계주공4(고층),84.2,6,1988,34000,0,2017-10-11,,,,,
노원구,11350,상계동,757,11350-50,한양,86.62,2,1988,35000,0,2017-10-23,,,,,
노원구,11350,상계동,757,11350-50,한양,87.49,11,1988,34000,0,2017-10-24,,,,,
노원구,11350,상계동,765,11350-29,상계주공1(고층),32.39,1,1988,10500,0,2017-10-24,,,,,
노원구,11350,상계동,765,11350-29,상계주공1(고층),32.39,3,1988,11000,0,2017-10-27,,,,,
노원구,11350,상계동,765,11350-29,상계주공1(고층),32.39,5,1988,3000,35,2017-10-12,,,,,
노원구,11350,상계동,765,11350-29,상계주공1(고층),32.39,8,1988,11000,0,2017-10-20,,,,,
노원구,11350,상계동,765,11350-29,상계주공1(고층),41.3,10,1988,12000,0,2017-10-13,,,,,
노원구,11350,상계동,765,11350-29,상계주공1(고층),41.3,2,1988,13000,0,2017-10-09,,,,,
노원구,11350,상계동,765,11350-29,상계주공1(고층),41.3,2,1988,14000,0,2017-10-12,,,,,
노원구,11350,상계동,765,11350-29,상계주공1(고층),41.3,5,1988,14000,0,2017-10-27,,,,,
노원구,11350,상계동,765,11350-29,상계주공1(고층),41.3,7,1988,16000,0,2017-10-11,,,,,
노원구,11350,상계동,765,11350-29,상계주공1(고층),41.3,8,1988,15500,0,2017-10-13,,,,,
노원구,11350,상계동,765,11350-29,상계주공1(고층),49.94,7,1988,17000,0,2017-10-14,,,,,
노원구,11350,상계동,765,11350-29,상계주공1(고층),49.94,8,1988,1000,65,2017-10-27,,,,,
노원구,11350,상계동,765,11350-29,상계주공1(고층),58.01,2,1988,2500,75,2017-10-30,,,,,
노원구,11350,상계동,765,11350-29,상계주공1(고층),58.01,5,1988,22000,0,2017-10-25,,,,,
노원구,11350,상계동,765,11350-29,상계주공1(고층),58.01,9,1988,24000,0,2017-10-28,,,,,
노원구,11350,상계동,765,11350-29,상계주공1(고층),59.39,9,1988,21000,0,2017-10-13,,,,,
노원구,11350,상계동,765,11350-29,상계주공1(고층),68.86,13,1988,26000,0,2017-10-31,,,,,
노원구,11350,상계동,766-1,11350-7,미도,87.57,14,1988,9000,70,2017-10-31,,,,,
노원구,11350,상계동,766-1,11350-7,미도,87.57,6,1988,32000,0,2017-10-16,17.12~19.12,신규,,,
노원구,11350,상계동,766-1,11350-7,미도,87.57,7,1988,29000,0,2017-10-21,,,,,
노원구,11350,상계동,766-1,11350-7,미도,87.57,8,1988,33000,0,2017-10-14,,,,,
노원구,11350,상계동,771-3,11350-1711,상계마들,33.63,5,1988,2324,2,2017-10-27,,,,,
노원구,11350,상계동,771-3,11350-1711,상계마들,33.63,5,1988,859,10,2017-10-20,,,,,
노원구,11350,월계동,12,11350-143,삼호4,50.18,1,1987,14500,0,2017-10-16,,,,,
노원구,11350,월계동,12,11350-143,삼호4,50.18,14,1987,13500,15,2017-10-28,,,,,
노원구,11350,월계동,12,11350-143,삼호4,50.18,14,1987,2000,50,2017-10-16,,,,,
노원구,11350,월계동,12,11350-143,삼호4,50.18,4,1987,2000,60,2017-10-18,,,,,
노원구,11350,월계동,12,11350-143,삼호4,50.18,5,1987,16000,0,2017-10-11,,,,,
노원구,11350,월계동,12,11350-143,삼호4,50.18,9,1987,17000,0,2017-10-24,,,,,
노원구,11350,월계동,12,11350-143,삼호4,59.49,6,1987,17000,0,2017-10-30,,,,,
노원구,11350,월계동,12,11350-143,삼호4,59.49,7,1987,19000,0,2017-10-15,,,,,
노원구,11350,월계동,13,11350-139,미륭,51.48,11,1986,16000,0,2017-10-23,,,,,
노원구,11350,월계동,13,11350-139,미륭,51.48,13,1986,12000,10,2017-10-21,,,,,
노원구,11350,월계동,13,11350-139,미륭,51.48,14,1986,11500,0,2017-10-10,,,,,
노원구,11350,월계동,13,11350-139,미륭,51.48,14,1986,15000,0,2017-10-23,,,,,
노원구,11350,월계동,13,11350-139,미륭,51.48,3,1986,13000,0,2017-10-27,,,,,
노원구,11350,월계동,13,11350-139,미륭,51.48,3,1986,17000,0,2017-10-24,,,,,
노원구,11350,월계동,13,11350-139,미륭,51.48,8,1986,18000,0,2017-10-09,,,,,
노원구,11350,월계동,13,11350-139,미륭,51.48,9,1986,16500,0,2017-10-14,,,,,
노원구,11350,월계동,13,11350-139,미륭,51.48,9,1986,9000,30,2017-10-28,,,,,
노원구,11350,월계동,13,11350-140,미성,33.28,1,1986,1000,45,2017-10-24,,,,,
노원구,11350,월계동,13,11350-140,미성,33.28,1,1986,11000,0,2017-10-23,,,,,
노원구,11350,월계동,13,11350-140,미성,33.28,1,1986,9000,0,2017-10-14,,,,,
노원구,11350,월계동,13,11350-140,미성,33.28,2,1986,10000,0,2017-10-19,,,,,
노원구,11350,월계동,13,11350-140,미성,33.28,2,1986,10000,0,2017-10-20,,,,,
노원구,11350,월계동,13,11350-140,미성,33.28,4,1986,500,45,2017-10-18,,,,,
노원구,11350,월계동,13,11350-140,미성,33.28,5,1986,9000,0,2017-10-20,,,,,
노원구,11350,월계동,13,11350-140,미성,50.14,1,1986,17000,0,2017-10-21,,,,,
노원구,11350,월계동,13,11350-140,미성,50.14,10,1986,16000,0,2017-10-15,,,,,
노원구,11350,월계동,13,11350-140,미성,50.14,11,1986,16000,0,2017-10-30,,,,,
노원구,11350,월계동,13,11350-140,미성,50.14,13,1986,2000,55,2017-10-13,,,,,
노원구,11350,월계동,13,11350-140,미성,50.14,14,1986,1000,60,2017-10-20,,,,,
노원구,11350,월계동,13,11350-140,미성,50.14,14,1986,15000,0,2017-10-19,,,,,
노원구,11350,월계동,13,11350-140,미성,50.14,2,1986,17000,0,2017-10-23,,,,,
노원구,11350,월계동,13,11350-140,미성,50.14,3,1986,15000,0,2017-10-21,,,,,
노원구,11350,월계동,13,11350-140,미성,50.14,4,1986,1000,45,2017-10-28,,,,,
노원구,11350,월계동,13,11350-197,삼호3,59.22,1,1986,3000,60,2017-10-27,,,,,
노원구,11350,월계동,13,11350-197,삼호3,59.22,11,1986,6000,50,2017-10-20,,,,,
노원구,11350,월계동,13,11350-197,삼호3,59.22,12,1986,18000,0,2017-10-16,17.11~19.11,신규,,,
노원구,11350,월계동,13,11350-197,삼호3,59.22,13,1986,18000,0,2017-10-24,,,,,
노원구,11350,월계동,13,11350-197,삼호3,59.22,13,1986,2000,65,2017-10-25,,,,,
노원구,11350,월계동,13,11350-197,삼호3,59.22,9,1986,15000,0,2017-10-10,,,,,
노원구,11350,월계동,18,11350-133,한진한화그랑빌,114.97,18,2002,43000,0,2017-10-31,,,,,
노원구,11350,월계동,18,11350-133,한진한화그랑빌,114.97,21,2002,44000,0,2017-10-21,,,,,
노원구,11350,월계동,18,11350-133,한진한화그랑빌,114.97,21,2002,45000,0,2017-10-11,,,,,
노원구,11350,월계동,18,11350-133,한진한화그랑빌,114.97,23,2002,44000,0,2017-10-26,,,,,
노원구,11350,월계동,18,11350-133,한진한화그랑빌,114.97,23,2002,45000,0,2017-10-02,,,,,
노원구,11350,월계동,18,11350-133,한진한화그랑빌,114.97,3,2002,42000,0,2017-10-24,,,,,
노원구,11350,월계동,18,11350-133,한진한화그랑빌,139.08,2,2002,10000,135,2017-10-23,,,,,
노원구,11350,월계동,18,11350-133,한진한화그랑빌,139.08,24,2002,48000,0,2017-10-25,,,,,
노원구,11350,월계동,18,11350-133,한진한화그랑빌,59.94,12,2002,33000,0,2017-10-18,,,,,
노원구,11350,월계동,18,11350-133,한진한화그랑빌,59.94,13,2002,33000,0,2017-10-14,,,,,
노원구,11350,월계동,18,11350-133,한진한화그랑빌,59.94,14,2002,31000,0,2017-10-14,,,,,
노원구,11350,월계동,18,11350-133,한진한화그랑빌,59.94,15,2002,32000,0,2017-10-28,,,,,
노원구,11350,월계동,18,11350-133,한진한화그랑빌,59.94,17,2002,20000,40,2017-10-09,,,,,
노원구,11350,월계동,18,11350-133,한진한화그랑빌,59.94,19,2002,32000,0,2017-10-14,,,,,
노원구,11350,월계동,18,11350-133,한진한화그랑빌,59.94,24,2002,32000,0,2017-10-14,,,,,
노원구,11350,월계동,18,11350-133,한진한화그랑빌,59.94,4,2002,32000,0,2017-10-19,17.11~19.11,신규,,,
노원구,11350,월계동,18,11350-133,한진한화그랑빌,59.94,6,2002,31000,0,2017-10-11,,,,,
노원구,11350,월계동,18,11350-133,한진한화그랑빌,84.97,12,2002,5000,120,2017-10-24,,,,,
노원구,11350,월계동,18,11350-133,한진한화그랑빌,84.97,13,2002,30000,20,2017-10-31,,,,,
노원구,11350,월계동,18,11350-133,한진한화그랑빌,84.97,17,2002,5000,110,2017-10-26,,,,,
노원구,11350,월계동,18,11350-133,한진한화그랑빌,84.97,18,2002,18000,70,2017-10-28,,,,,
노원구,11350,월계동,18,11350-133,한진한화그랑빌,84.97,2,2002,37000,0,2017-10-10,,,,,
노원구,11350,월계동,18,11350-133,한진한화그랑빌,84.97,2,2002,5000,100,2017-10-14,,,,,
노원구,11350,월계동,18,11350-133,한진한화그랑빌,84.97,21,2002,35000,0,2017-10-21,,,,,
노원구,11350,월계동,18,11350-133,한진한화그랑빌,84.97,23,2002,40000,0,2017-10-24,,,,,
노원구,11350,월계동,18,11350-133,한진한화그랑빌,84.97,23,2002,40000,0,2017-10-28,,,,,
노원구,11350,월계동,18,11350-133,한진한화그랑빌,84.97,4,2002,38500,0,2017-10-14,,,,,
노원구,11350,월계동,320-11,11350-141,사슴3,33.18,14,1995,12000,0,2017-10-10,17.10~19.10,신규,,,
노원구,11350,월계동,320-11,11350-141,사슴3,33.18,2,1995,11000,0,2017-10-10,,,,,
노원구,11350,월계동,320-11,11350-141,사슴3,33.18,6,1995,500,55,2017-10-31,,,,,
노원구,11350,월계동,320-11,11350-141,사슴3,39.6,3,1995,14500,0,2017-10-21,,,,,
노원구,11350,월계동,320-11,11350-141,사슴3,39.6,7,1995,1000,55,2017-10-20,,,,,
노원구,11350,월계동,320-11,11350-141,사슴3,39.6,7,1995,15000,0,2017-10-26,,,,,
노원구,11350,월계동,320-11,11350-141,사슴3,49.5,12,1995,14000,15,2017-10-13,,,,,
노원구,11350,월계동,322-1,11350-146,성원(사슴4),49.92,12,1995,1500,60,2017-10-24,,,,,
노원구,11350,월계동,322-1,11350-146,성원(사슴4),49.92,5,1995,5000,40,2017-10-24,,,,,
노원구,11350,월계동,436,11350-137,동신,104.36,9,1983,29000,0,2017-10-19,,,,,
노원구,11350,월계동,436,11350-137,동신,70.81,3,1983,20000,0,2017-10-16,,,,,
노원구,11350,월계동,436,11350-137,동신,70.81,3,1983,20000,0,2017-10-21,,,,,
노원구,11350,월계동,436,11350-137,동신,71.21,1,1983,17000,0,2017-10-25,,,,,
노원구,11350,월계동,436,11350-137,동신,71.77,11,1983,20000,0,2017-10-16,,,,,
노원구,11350,월계동,436,11350-137,동신,71.77,3,1983,16000,0,2017-10-14,,,,,
노원구,11350,월계동,436,11350-137,동신,71.77,6,1983,19000,0,2017-10-26,,,,,
노원구,11350,월계동,436,11350-137,동신,71.83,11,1983,19000,0,2017-10-26,,,,,
노원구,11350,월계동,436,11350-137,동신,92.84,6,1983,5000,70,2017-10-28,,,,,
노원구,11350,월계동,448-3,11350-142,삼창,121,3,1984,33000,0,2017-10-29,,,,,
노원구,11350,월계동,448-3,11350-142,삼창,56.59,3,1984,16000,0,2017-10-25,,,,,
노원구,11350,월계동,492-1,11350-147,우남(저층),93.36,4,1984,18000,0,2017-10-20,,,,,
노원구,11350,월계동,492-1,11350-147,우남(저층),93.36,5,1984,15000,0,2017-10-21,,,,,
노원구,11350,월계동,556,11350-149,주공2,38.64,10,1992,12500,0,2017-10-31,,,,,
노원구,11350,월계동,556,11350-149,주공2,38.64,12,1992,13000,0,2017-10-10,,,,,
노원구,11350,월계동,556,11350-149,주공2,38.64,2,1992,11500,0,2017-10-31,,,,,
노원구,11350,월계동,556,11350-149,주공2,38.64,2,1992,12200,0,2017-10-31,,,,,
노원구,11350,월계동,556,11350-149,주공2,38.64,2,1992,5500,25,2017-10-31,,,,,
노원구,11350,월계동,556,11350-149,주공2,44.52,12,1992,15000,0,2017-10-26,,,,,
노원구,11350,월계동,556,11350-149,주공2,44.52,15,1992,14500,0,2017-10-26,,,,,
노원구,11350,월계동,556,11350-149,주공2,44.52,3,1992,13500,0,2017-10-31,,,,,
노원구,11350,월계동,556,11350-149,주공2,44.52,6,1992,13500,0,2017-10-30,,,,,
노원구,11350,월계동,556,11350-149,주공2,44.52,9,1992,2000,50,2017-10-28,,,,,
노원구,11350,월계동,556,11350-149,주공2,44.94,15,1992,12000,0,2017-10-27,,,,,
노원구,11350,월계동,556,11350-149,주공2,44.94,9,1992,1000,55,2017-10-10,,,,,
노원구,11350,월계동,556,11350-149,주공2,59.97,5,1992,2000,80,2017-10-28,,,,,
노원구,11350,월계동,556,11350-149,주공2,84.815,7,1992,30000,0,2017-10-16,,,,,
노원구,11350,월계동,780,11350-150,청백3,49.77,15,1998,19500,0,2017-10-13,,,,,
노원구,11350,월계동,781,11350-151,청백4,59.4,1,1998,20000,0,2017-10-25,,,,,
노원구,11350,월계동,803-1,11350-134,극동,80.28,16,1996,26000,0,2017-10-17,,,,,
노원구,11350,월계동,880,11350-148,유원,59.93,17,1998,18000,0,2017-10-16,,,,,
노원구,11350,월계동,880,11350-148,유원,84.93,20,1998,23000,0,2017-10-31,,,,,
노원구,11350,월계동,922,11350-144,서광,59.96,3,1994,2000,58,2017-10-12,,,,,
노원구,11350,월계동,922,11350-144,서광,84.61,1,1994,29000,0,2017-10-14,,,,,
노원구,11350,월계동,923,11350-153,초안1,39.6,11,1998,15500,0,2017-10-11,,,,,
노원구,11350,월계동,923,11350-153,초안1,49.6,11,1998,18000,0,2017-10-27,,,,,
노원구,11350,월계동,923,11350-153,초안1,49.6,13,1998,19000,0,2017-10-31,,,,,
노원구,11350,월계동,923,11350-153,초안1,59.85,7,1998,6500,40,2017-10-28,,,,,
노원구,11350,월계동,924,11350-152,초안2,39.6,1,1997,12000,0,2017-10-09,,,,,
노원구,11350,월계동,924,11350-152,초안2,39.6,7,1997,15000,0,2017-10-19,,,,,
노원구,11350,월계동,924,11350-152,초안2,49.6,4,1997,3000,60,2017-10-09,,,,,
노원구,11350,월계동,924,11350-152,초안2,49.6,8,1997,18000,0,2017-10-25,,,,,
노원구,11350,월계동,924,11350-152,초안2,49.6,8,1997,18500,0,2017-10-21,,,,,
노원구,11350,월계동,927,11350-155,한일2,59.953,17,2000,24000,0,2017-10-10,,,,,
노원구,11350,월계동,929,11350-156,현대,59.95,10,2000,27500,0,2017-10-17,,,,,
노원구,11350,월계동,929,11350-156,현대,59.95,16,2000,28000,0,2017-10-10,,,,,
노원구,11350,월계동,929,11350-156,현대,84.98,23,2000,36000,0,2017-10-14,,,,,
노원구,11350,월계동,929,11350-156,현대,84.98,4,2000,28000,25,2017-10-18,17.10~19.10,갱신,,28000,
노원구,11350,월계동,938,11350-216,건양노블레스빌,84.659,10,2003,15000,50,2017-10-28,,,,,
노원구,11350,월계동,940,11350-423,동원베네스트,59.854,5,2005,18500,0,2017-10-25,,,,,
노원구,11350,월계동,940,11350-423,동원베네스트,84.627,13,2005,31000,0,2017-10-30,,,,,
노원구,11350,월계동,941,11350-1662,성북역신도브래뉴,84.8437,14,2005,29000,0,2017-10-28,,,,,
노원구,11350,월계동,942,11350-1663,월계역신도브래뉴,59.8587,15,2005,27000,0,2017-10-18,,,,,
노원구,11350,월계동,942,11350-1663,월계역신도브래뉴,59.8587,7,2005,27000,0,2017-10-31,,,,,
노원구,11350,월계동,942,11350-1663,월계역신도브래뉴,84.5133,2,2005,33000,0,2017-10-16,,,,,
노원구,11350,월계동,943,11350-1664,세양청마루,84.957,6,2005,34000,0,2017-10-10,,,,,
노원구,11350,월계동,943,11350-1664,세양청마루,84.957,6,2005,34000,0,2017-10-10,,,,,
노원구,11350,월계동,944,11350-1665,풍림아이원,59.149,19,2005,34000,0,2017-10-30,17.10~19.10,신규,,,
노원구,11350,월계동,945,11350-1719,초안산쌍용스윗닷홈,84.69,10,2006,32000,0,2017-10-24,,,,,
노원구,11350,월계동,947,11350-1734,롯데캐슬루나,127.032,5,2006,45000,0,2017-10-13,,,,,
노원구,11350,월계동,947,11350-1734,롯데캐슬루나,127.032,7,2006,5000,160,2017-10-21,,,,,
노원구,11350,월계동,947,11350-1734,롯데캐슬루나,59.993,1,2006,30000,0,2017-10-12,,,,,
노원구,11350,월계동,947,11350-1734,롯데캐슬루나,59.993,2,2006,31000,0,2017-10-12,,,,,
노원구,11350,월계동,947,11350-1734,롯데캐슬루나,84.985,5,2006,5000,120,2017-10-24,,,,,
노원구,11350,월계동,947,11350-1734,롯데캐슬루나,84.985,7,2006,39000,0,2017-10-17,,,,,
노원구,11350,월계동,947,11350-1734,롯데캐슬루나,84.985,8,2006,39000,0,2017-10-12,,,,,
노원구,11350,월계동,949,11350-2140,꿈의숲SKVIEW,59.92,7,2016,35000,0,2017-10-30,,,,,
노원구,11350,월계동,949,11350-2140,꿈의숲SKVIEW,59.96,11,2016,36000,0,2017-10-13,,,,,
노원구,11350,월계동,949,11350-2140,꿈의숲SKVIEW,84.93,6,2016,45000,0,2017-10-20,,,,,
노원구,11350,월계동,950,11350-2194,녹천역두산위브아파트,39.62,6,2017,1841,12,2017-10-16,,,,,
노원구,11350,중계동,103,11350-94,동진,47.61,3,1988,10000,0,2017-10-21,,,,,
노원구,11350,중계동,34-5,11350-127,현대(6차),59.84,17,2018,26000,0,2017-10-31,,,,,
노원구,11350,중계동,34-5,11350-127,현대(6차),59.84,4,2018,25000,0,2017-10-28,,,,,
노원구,11350,중계동,34-5,11350-127,현대(6차),59.84,6,2018,25000,0,2017-10-23,,,,,
노원구,11350,중계동,34-5,11350-127,현대(6차),59.84,6,2018,25000,0,2017-10-23,,,,,
노원구,11350,중계동,34-5,11350-127,현대(6차),59.84,8,2018,24000,0,2017-10-25,,,,,
노원구,11350,중계동,358-2,11350-113,주공4,45.77,13,1991,15000,0,2017-10-19,,,,,
노원구,11350,중계동,358-2,11350-113,주공4,45.77,14,1991,14000,0,2017-10-14,,,,,
노원구,11350,중계동,358-2,11350-113,주공4,45.77,7,1991,3000,40,2017-10-16,,,,,
노원구,11350,중계동,358-2,11350-113,주공4,45.77,8,1991,15000,0,2017-10-30,,,,,
노원구,11350,중계동,358-2,11350-113,주공4,45.77,8,1991,15000,0,2017-10-31,,,,,
노원구,11350,중계동,358-2,11350-113,주공4,45.77,8,1991,2000,55,2017-10-24,,,,,
노원구,11350,중계동,358-2,11350-113,주공4,59.39,3,1991,4000,70,2017-10-27,,,,,
노원구,11350,중계동,358-2,11350-113,주공4,59.39,5,1991,25500,0,2017-10-23,,,,,
노원구,11350,중계동,358-2,11350-113,주공4,59.39,9,1991,17000,20,2017-10-16,,,,,
노원구,11350,중계동,358-2,11350-113,주공4,76.51,4,1991,26000,0,2017-10-30,,,,,
노원구,11350,중계동,359-1,11350-114,주공5,38.64,14,1992,12500,0,2017-10-16,,,,,
노원구,11350,중계동,359-1,11350-114,주공5,38.64,5,1992,3000,35,2017-10-21,,,,,
노원구,11350,중계동,359-1,11350-114,주공5,44.52,13,1992,1000,60,2017-10-27,,,,,
노원구,11350,중계동,359-1,11350-114,주공5,44.52,13,1992,15000,0,2017-10-11,,,,,
노원구,11350,중계동,359-1,11350-114,주공5,44.52,6,1992,10000,0,2017-10-20,17.10~19.10,신규,,,
노원구,11350,중계동,359-1,11350-114,주공5,44.94,9,1992,15000,0,2017-10-14,,,,,
노원구,11350,중계동,359-1,11350-114,주공5,44.94,9,1992,16000,0,2017-10-12,,,,,
노원구,11350,중계동,359-1,11350-114,주공5,58.46,1,1992,10000,55,2017-10-16,,,,,
노원구,11350,중계동,359-1,11350-114,주공5,58.46,11,1992,26000,0,2017-10-13,,,,,
노원구,11350,중계동,359-1,11350-114,주공5,58.46,12,1992,27000,0,2017-10-28,,,,,
노원구,11350,중계동,359-1,11350-114,주공5,58.46,15,1992,25000,0,2017-10-14,,,,,
노원구,11350,중계동,359-1,11350-114,주공5,58.46,15,1992,26000,0,2017-10-14,,,,,
노원구,11350,중계동,359-1,11350-114,주공5,58.46,15,1992,27000,0,2017-10-10,,,,,
노원구,11350,중계동,359-1,11350-114,주공5,58.46,2,1992,10000,50,2017-10-02,,,,,
노원구,11350,중계동,359-1,11350-114,주공5,58.46,5,1992,26500,0,2017-10-31,,,,,
노원구,11350,중계동,359-1,11350-114,주공5,76.51,1,1992,29000,15,2017-10-16,,,,,
노원구,11350,중계동,359-1,11350-114,주공5,76.51,15,1992,20000,35,2017-10-17,,,,,
노원구,11350,중계동,359-1,11350-114,주공5,76.51,2,1992,35000,0,2017-10-25,,,,,
노원구,11350,중계동,359-1,11350-114,주공5,84.79,1,1992,9000,110,2017-10-28,,,,,
노원구,11350,중계동,359-1,11350-114,주공5,84.79,6,1992,27000,48,2017-10-20,,,,,
노원구,11350,중계동,359-1,11350-114,주공5,84.79,9,1992,45000,0,2017-10-28,,,,,
노원구,11350,중계동,360-15,11350-88,건영3,84.9,1,1995,27000,35,2017-10-27,,,,,
노원구,11350,중계동,360-15,11350-88,건영3,84.9,4,1995,30000,50,2017-10-23,,,,,
노원구,11350,중계동,360-15,11350-88,건영3,84.9,6,1995,48000,0,2017-10-23,,,,,
노원구,11350,중계동,360-15,11350-88,건영3,84.9,9,1995,48000,0,2017-10-24,,,,,
노원구,11350,중계동,360-16,11350-111,주공10,58.14,6,1995,31000,0,2017-10-21,,,,,
노원구,11350,중계동,360-2,11350-125,청구3,84.77,10,1996,51000,0,2017-10-28,,,,,
노원구,11350,중계동,360-2,11350-125,청구3,84.77,11,1996,48000,0,2017-10-23,,,,,
노원구,11350,중계동,360-2,11350-125,청구3,84.77,12,1996,27000,60,2017-10-31,,,,,
노원구,11350,중계동,360-2,11350-125,청구3,84.77,9,1996,10000,0,2017-10-14,,,,,
노원구,11350,중계동,361-1,11350-110,롯데우성,115.26,13,1993,20000,150,2017-10-12,,,,,
노원구,11350,중계동,362-1,11350-117,주공8,49.72,10,1993,20000,0,2017-10-23,,,,,
노원구,11350,중계동,362-1,11350-117,주공8,49.72,10,1993,21500,0,2017-10-19,,,,,
노원구,11350,중계동,362-1,11350-117,주공8,49.72,6,1993,5000,50,2017-10-31,,,,,
노원구,11350,중계동,362-1,11350-117,주공8,49.72,9,1993,20000,0,2017-10-30,,,,,
노원구,11350,중계동,362-1,11350-117,주공8,49.72,9,1993,21000,0,2017-10-31,,,,,
노원구,11350,중계동,363,11350-92,대림벽산(363),114.39,10,1993,60000,0,2017-10-30,,,,,
노원구,11350,중계동,363-1,11350-116,주공7,44.1,14,1993,15000,0,2017-10-30,,,,,
노원구,11350,중계동,363-1,11350-116,주공7,44.1,14,1993,15000,0,2017-10-31,,,,,
노원구,11350,중계동,363-1,11350-116,주공7,44.1,15,1993,1000,60,2017-10-19,,,,,
노원구,11350,중계동,363-1,11350-116,주공7,44.1,2,1993,1000,60,2017-10-20,,,,,
노원구,11350,중계동,364,11350-105,동진신안,101.99,1,1993,52500,0,2017-10-20,,,,,
노원구,11350,중계동,364,11350-105,동진신안,134.74,1,1993,64000,0,2017-10-30,,,,,
노원구,11350,중계동,364-12,11350-115,주공6,44.1,13,1993,15000,0,2017-10-30,,,,,
노원구,11350,중계동,364-12,11350-115,주공6,44.1,13,1993,15500,0,2017-10-16,,,,,
노원구,11350,중계동,364-12,11350-115,주공6,44.1,15,1993,15000,0,2017-10-19,,,,,
노원구,11350,중계동,364-12,11350-115,주공6,44.1,2,1993,14500,0,2017-10-17,,,,,
노원구,11350,중계동,364-12,11350-115,주공6,44.1,9,1993,1000,60,2017-10-19,,,,,
노원구,11350,중계동,366,11350-103,신동아(366),115.35,2,1993,10000,200,2017-10-31,18.02~20.02,신규,,,
노원구,11350,중계동,366,11350-103,신동아(366),115.35,7,1993,54000,0,2017-10-21,,,,,
노원구,11350,중계동,366,11350-103,신동아(366),115.35,8,1993,55000,0,2017-10-23,,,,,
노원구,11350,중계동,366,11350-95,라이프,115.65,15,1993,12000,165,2017-10-14,,,,,
노원구,11350,중계동,366,11350-95,라이프,115.65,8,1993,56500,0,2017-10-20,,,,,
노원구,11350,중계동,369,11350-112,주공2,44.52,12,1992,11000,0,2017-10-28,,,,,
노원구,11350,중계동,369,11350-112,주공2,44.52,13,1992,12000,0,2017-10-20,,,,,
노원구,11350,중계동,369,11350-112,주공2,44.52,13,1992,12000,0,2017-10-20,,,,,
노원구,11350,중계동,369,11350-112,주공2,44.52,13,1992,15000,0,2017-10-17,,,,,
노원구,11350,중계동,369,11350-112,주공2,44.52,15,1992,13000,0,2017-10-27,,,,,
노원구,11350,중계동,369,11350-112,주공2,44.52,15,1992,2000,40,2017-10-30,,,,,
노원구,11350,중계동,369,11350-112,주공2,44.52,15,1992,3000,40,2017-10-12,,,,,
노원구,11350,중계동,369,11350-112,주공2,44.52,2,1992,14000,0,2017-10-28,,,,,
노원구,11350,중계동,369,11350-112,주공2,44.52,5,1992,14500,0,2017-10-31,,,,,
노원구,11350,중계동,369,11350-112,주공2,44.52,8,1992,14000,0,2017-10-27,,,,,
노원구,11350,중계동,435-1,11350-121,중계현대2,71.76,6,1991,27000,0,2017-10-17,,,,,
노원구,11350,중계동,435-1,11350-121,중계현대2,84.36,5,1991,30000,0,2017-10-24,,,,,
노원구,11350,중계동,445,11350-109,염광,59.34,15,1996,27000,0,2017-10-14,,,,,
노원구,11350,중계동,445,11350-109,염광,59.34,25,1996,27300,0,2017-10-21,,,,,
노원구,11350,중계동,445,11350-109,염광,59.34,8,1996,3000,50,2017-10-15,,,,,
노원구,11350,중계동,445,11350-109,염광,84.5,11,1996,37000,0,2017-10-12,,,,,
노원구,11350,중계동,445,11350-109,염광,84.5,4,1996,38000,0,2017-10-28,18.01~20.01,신규,,,
노원구,11350,중계동,502-1,11350-120,중계그린1단지,39.78,6,1990,1000,60,2017-10-28,,,,,
노원구,11350,중계동,502-1,11350-120,중계그린1단지,39.91,10,1990,15500,0,2017-10-17,,,,,
노원구,11350,중계동,502-1,11350-120,중계그린1단지,39.91,6,1990,1000,60,2017-10-30,,,,,
노원구,11350,중계동,502-1,11350-120,중계그린1단지,39.92,10,1990,15000,0,2017-10-16,,,,,
노원구,11350,중계동,502-1,11350-120,중계그린1단지,39.92,10,1990,3000,46,2017-10-09,,,,,
노원구,11350,중계동,502-1,11350-120,중계그린1단지,39.92,3,1990,1000,60,2017-10-24,,,,,
노원구,11350,중계동,502-1,11350-120,중계그린1단지,39.92,3,1990,1500,55,2017-10-21,,,,,
노원구,11350,중계동,502-1,11350-120,중계그린1단지,44.1,1,1990,14000,0,2017-10-30,,,,,
노원구,11350,중계동,502-1,11350-120,중계그린1단지,44.1,4,1990,20000,0,2017-10-18,,,,,
노원구,11350,중계동,502-1,11350-120,중계그린1단지,44.1,7,1990,20000,0,2017-10-20,,,,,
노원구,11350,중계동,502-1,11350-120,중계그린1단지,49.5,10,1990,20000,0,2017-10-27,,,,,
노원구,11350,중계동,502-1,11350-120,중계그린1단지,49.5,12,1990,19000,0,2017-10-19,,,,,
노원구,11350,중계동,502-1,11350-120,중계그린1단지,49.5,12,1990,20000,0,2017-10-19,,,,,
노원구,11350,중계동,502-1,11350-120,중계그린1단지,49.5,2,1990,19500,0,2017-10-14,,,,,
노원구,11350,중계동,502-1,11350-120,중계그린1단지,49.5,3,1990,21500,0,2017-10-14,,,,,
노원구,11350,중계동,502-1,11350-120,중계그린1단지,49.5,9,1990,19000,0,2017-10-11,,,,,
노원구,11350,중계동,502-1,11350-120,중계그린1단지,49.5,9,1990,2000,70,2017-10-29,,,,,
노원구,11350,중계동,502-1,11350-120,중계그린1단지,49.5,9,1990,2000,70,2017-10-29,,,,,
노원구,11350,중계동,502-1,11350-120,중계그린1단지,49.5,9,1990,22000,0,2017-10-16,,,,,
노원구,11350,중계동,502-1,11350-120,중계그린1단지,49.85,2,1990,17500,0,2017-10-31,,,,,
노원구,11350,중계동,502-1,11350-120,중계그린1단지,49.85,6,1990,21000,0,2017-10-17,,,,,
노원구,11350,중계동,502-1,11350-120,중계그린1단지,59.46,10,1990,25000,0,2017-10-13,,,,,
노원구,11350,중계동,502-1,11350-120,중계그린1단지,59.87,3,1990,24000,0,2017-10-30,,,,,
노원구,11350,중계동,505,11350-90,경남,74.2,3,1989,35000,0,2017-10-27,,,,,
노원구,11350,중계동,505,11350-96,롯데(505),54.48,13,1989,23000,0,2017-10-16,,,,,
노원구,11350,중계동,505,11350-96,롯데(505),54.48,13,1989,25000,0,2017-10-25,,,,,
노원구,11350,중계동,505,11350-96,롯데(505),54.48,5,1989,22000,0,2017-10-26,,,,,
노원구,11350,중계동,505,11350-99,상아,114.57,4,1989,46000,0,2017-10-24,,,,,
노원구,11350,중계동,505,11350-99,상아,51.29,2,1989,2000,75,2017-10-30,,,,,
노원구,11350,중계동,505,11350-99,상아,84.97,12,1989,38000,0,2017-10-28,,,,,
노원구,11350,중계동,505,11350-99,상아,84.97,2,1989,36000,0,2017-10-21,18.01~20.01,신규,,,
노원구,11350,중계동,512,11350-102,중계무지개,39.82,10,1991,2000,50,2017-10-21,,,,,
노원구,11350,중계동,512,11350-102,중계무지개,39.82,2,1991,14500,0,2017-10-30,,,,,
노원구,11350,중계동,512,11350-102,중계무지개,39.82,8,1991,15000,0,2017-10-16,,,,,
노원구,11350,중계동,512,11350-102,중계무지개,39.96,12,1991,1000,55,2017-10-24,,,,,
노원구,11350,중계동,512,11350-102,중계무지개,39.96,15,1991,3000,43,2017-10-13,17.11~19.11,신규,,,
노원구,11350,중계동,512,11350-102,중계무지개,39.96,4,1991,15000,0,2017-10-12,,,,,
노원구,11350,중계동,512,11350-102,중계무지개,39.96,6,1991,15000,0,2017-10-11,,,,,
노원구,11350,중계동,512,11350-102,중계무지개,49.54,1,1991,19000,0,2017-10-31,,,,,
노원구,11350,중계동,512,11350-102,중계무지개,49.54,10,1991,20000,0,2017-10-14,,,,,
노원구,11350,중계동,512,11350-102,중계무지개,49.54,6,1991,21000,0,2017-10-18,,,,,
노원구,11350,중계동,512,11350-102,중계무지개,49.54,7,1991,2000,70,2017-10-13,,,,,
노원구,11350,중계동,512,11350-102,중계무지개,49.54,8,1991,21000,0,2017-10-14,,,,,
노원구,11350,중계동,512,11350-102,중계무지개,49.89,12,1991,20000,0,2017-10-28,,,,,
노원구,11350,중계동,512,11350-102,중계무지개,49.89,4,1991,5000,50,2017-10-21,,,,,
노원구,11350,중계동,512,11350-102,중계무지개,49.89,6,1991,19000,0,2017-10-20,,,,,
노원구,11350,중계동,512,11350-102,중계무지개,49.89,7,1991,5000,50,2017-10-20,,,,,
노원구,11350,중계동,512,11350-102,중계무지개,49.89,8,1991,20000,0,2017-10-14,,,,,
노원구,11350,중계동,512,11350-102,중계무지개,59.26,14,1991,2000,75,2017-10-31,,,,,
노원구,11350,중계동,512,11350-102,중계무지개,59.26,14,1991,8000,50,2017-10-21,,,,,
노원구,11350,중계동,512,11350-102,중계무지개,59.26,15,1991,24000,0,2017-10-14,,,,,
노원구,11350,중계동,512,11350-102,중계무지개,59.26,3,1991,7000,60,2017-10-18,,,,,
노원구,11350,중계동,512,11350-102,중계무지개,59.26,5,1991,22000,0,2017-10-11,,,,,
노원구,11350,중계동,512,11350-102,중계무지개,59.26,5,1991,23000,0,2017-10-28,,,,,
노원구,11350,중계동,515-2,11350-87,건영2,75.02,9,1991,4000,90,2017-10-25,17.12~19.12,신규,,,
노원구,11350,중계동,515-2,11350-87,건영2,84.96,2,1991,33000,0,2017-10-26,,,,,
노원구,11350,중계동,515-2,11350-87,건영2,84.96,5,1991,34000,0,2017-10-21,,,,,
노원구,11350,중계동,576,11350-126,현대(3차),66.47,10,1992,28800,0,2017-10-10,,,,,
노원구,11350,중계동,576,11350-126,현대(3차),66.47,2,1992,30000,0,2017-10-14,,,,,
노원구,11350,중계동,576,11350-126,현대(3차),84.35,2,1992,37000,0,2017-10-17,,,,,
노원구,11350,중계동,577,11350-128,현대1(4차),71.16,6,1993,21200,0,2017-10-30,,,,,
노원구,11350,중계동,579,11350-131,화인상가,83.07,4,1994,27000,0,2017-10-30,,,,,
노원구,11350,중계동,580,11350-100,성원1,59.75,13,1996,37000,0,2017-10-26,,,,,
노원구,11350,중계동,580,11350-100,성원1,59.75,4,1996,30000,0,2017-10-27,,,,,
노원구,11350,중계동,580,11350-100,성원1,59.75,8,1996,35000,0,2017-10-28,,,,,
노원구,11350,중계동,581,11350-101,성원2,84.51,5,1995,28000,0,2017-10-23,,,,,
노원구,11350,중계동,583,11350-91,금호타운(583),59.52,13,1997,25300,0,2017-10-11,,,,,
노원구,11350,중계동,583,11350-91,금호타운(583),59.52,14,1997,27500,0,2017-10-13,,,,,
노원구,11350,중계동,583,11350-91,금호타운(583),59.52,15,1997,26500,0,2017-10-31,,,,,
노원구,11350,중계동,583,11350-91,금호타운(583),59.52,6,1997,27000,0,2017-10-30,,,,,
노원구,11350,중계동,583,11350-91,금호타운(583),84.98,5,1997,35000,0,2017-10-21,,,,,
노원구,11350,중계동,586,11350-89,LIG건영,84.44,6,1998,5000,90,2017-10-24,,,,,
노원구,11350,중계동,587,11350-107,양지마을(대림)1,114.96,18,1998,54000,0,2017-10-24,,,,,
노원구,11350,중계동,587,11350-107,양지마을(대림)1,84.9,1,1998,30000,30,2017-10-28,,,,,
노원구,11350,중계동,587,11350-107,양지마을(대림)1,84.9,13,1998,40000,0,2017-10-14,,,,,
노원구,11350,중계동,587,11350-107,양지마을(대림)1,84.9,13,1998,8000,115,2017-10-23,,,,,
노원구,11350,중계동,587,11350-107,양지마을(대림)1,84.9,17,1998,25000,30,2017-10-25,,,,,
노원구,11350,중계동,587,11350-107,양지마을(대림)1,84.9,5,1998,40000,0,2017-10-23,,,,,
노원구,11350,중계동,587,11350-107,양지마을(대림)1,84.9,6,1998,40000,0,2017-10-17,,,,,
노원구,11350,중계동,587,11350-107,양지마을(대림)1,84.9,8,1998,45000,0,2017-10-28,,,,,
노원구,11350,중계동,587-1,11350-1712,양지대림1(임대),30.6,1,1999,957,14,2017-10-17,,,,,
노원구,11350,중계동,587-1,11350-1712,양지대림1(임대),30.6,3,1999,2405,6,2017-10-24,,,,,
노원구,11350,중계동,588,11350-108,양지마을(대림)2,114.81,11,1999,50000,0,2017-10-23,,,,,
노원구,11350,중계동,588,11350-108,양지마을(대림)2,59.4,13,1999,30000,0,2017-10-14,,,,,
노원구,11350,중계동,588,11350-108,양지마을(대림)2,59.4,7,1999,27000,0,2017-10-14,,,,,
노원구,11350,중계동,590,11350-104,신안,59.97,1,1999,1000,20,2017-10-02,,,,,
노원구,11350,중계동,590,11350-104,신안,59.97,4,1999,34000,0,2017-10-19,17.12~19.12,신규,,,
노원구,11350,중계동,590,11350-104,신안,59.97,5,1999,34200,0,2017-10-20,,,,,
노원구,11350,중계동,590,11350-104,신안,84.93,15,1999,43000,0,2017-10-16,,,,,
노원구,11350,중계동,590,11350-104,신안,84.93,15,1999,43000,0,2017-10-16,,,,,
노원구,11350,중계동,590,11350-104,신안,84.93,6,1999,45000,0,2017-10-30,,,,,
노원구,11350,중계동,592,11350-118,중계3벽산,85,1,1999,39000,0,2017-10-31,,,,,
노원구,11350,중계동,593,11350-97,삼성,84.75,5,1999,39000,0,2017-10-20,,,,,
노원구,11350,중계동,597,11350-132,경남아너스빌,79.098,11,2002,35000,0,2017-10-20,,,,,
노원구,11350,중계동,598,11350-429,한화꿈에그린,125.027,8,2005,55000,0,2017-10-26,,,,,
노원구,11350,중계동,598,11350-429,한화꿈에그린,84.902,4,2005,40000,0,2017-10-20,,,,,
노원구,11350,중계동,78,11350-123,진로유통조합대림,59.04,11,1992,22000,12,2017-10-13,,,,,
노원구,11350,하계동,167-10,11350-86,아주,79.64,5,2002,19000,0,2017-10-14,,,,,
노원구,11350,하계동,251,11350-78,하계1청구,84.6,2,1997,41000,0,2017-10-25,,,,,
노원구,11350,하계동,251,11350-78,하계1청구,84.6,3,1997,41500,0,2017-10-30,,,,,
노원구,11350,하계동,251,11350-78,하계1청구,84.6,4,1997,32000,32,2017-10-26,,,,,
노원구,11350,하계동,251,11350-78,하계1청구,84.6,8,1997,40000,0,2017-10-17,,,,,
노원구,11350,하계동,255-1,11350-71,삼익선경,107.95,11,1993,45000,0,2017-10-24,,,,,
노원구,11350,하계동,255-1,11350-71,삼익선경,107.95,12,1993,45000,0,2017-10-20,,,,,
노원구,11350,하계동,255-1,11350-71,삼익선경,107.95,6,1993,34000,25,2017-10-11,,,,,
노원구,11350,하계동,256,11350-1848,중계9단지주공영구임대(256-0),31.32,1,1992,291,6,2017-10-26,,,,,
노원구,11350,하계동,256,11350-1848,중계9단지주공영구임대(256-0),31.32,15,1992,291,6,2017-10-18,,,,,
노원구,11350,하계동,256-5,11350-83,한신동성,112.24,1,1993,42000,0,2017-10-19,,,,,
노원구,11350,하계동,256-5,11350-83,한신동성,138.29,9,1993,20000,120,2017-10-10,,,,,
노원구,11350,하계동,270,11350-75,우성,127.22,2,1988,3500,155,2017-10-17,,,,,
노원구,11350,하계동,271-3,11350-67,건영,45.55,5,1988,1000,58,2017-10-13,,,,,
노원구,11350,하계동,271-3,11350-67,건영,53.14,1,1988,21000,0,2017-10-21,,,,,
노원구,11350,하계동,271-3,11350-67,건영,53.14,13,1988,10000,30,2017-10-23,,,,,
노원구,11350,하계동,271-3,11350-68,극동,55.72,12,1988,5000,60,2017-10-25,,,,,
노원구,11350,하계동,271-3,11350-68,극동,55.72,8,1988,20000,0,2017-10-28,,,,,
노원구,11350,하계동,271-3,11350-68,극동,55.72,8,1988,23000,0,2017-10-20,,,,,
노원구,11350,하계동,271-3,11350-70,벽산,57.71,13,1988,21000,0,2017-10-14,,,,,
노원구,11350,하계동,271-3,11350-70,벽산,70.56,7,1988,33000,0,2017-10-28,,,,,
노원구,11350,하계동,271-3,11350-70,벽산,70.56,9,1988,10000,65,2017-10-16,,,,,
노원구,11350,하계동,271-3,11350-70,벽산,84.85,10,1988,36000,0,2017-10-14,,,,,
노원구,11350,하계동,273,11350-72,장미(시영6),43.41,1,1989,13000,0,2017-10-24,,,,,
노원구,11350,하계동,273,11350-72,장미(시영6),43.41,2,1989,14000,0,2017-10-25,,,,,
노원구,11350,하계동,273,11350-72,장미(시영6),43.41,4,1989,1000,55,2017-10-26,,,,,
노원구,11350,하계동,273,11350-72,장미(시영6),43.41,4,1989,600,65,2017-10-26,,,,,
노원구,11350,하계동,273,11350-72,장미(시영6),43.41,7,1989,1000,55,2017-10-23,,,,,
노원구,11350,하계동,273,11350-72,장미(시영6),43.41,8,1989,14500,0,2017-10-10,,,,,
노원구,11350,하계동,273,11350-72,장미(시영6),43.41,9,1989,1000,52,2017-10-07,,,,,
노원구,11350,하계동,273,11350-72,장미(시영6),43.56,1,1989,14000,0,2017-10-26,,,,,
노원구,11350,하계동,273,11350-72,장미(시영6),43.56,10,1989,1000,55,2017-10-21,,,,,
노원구,11350,하계동,273,11350-72,장미(시영6),43.56,11,1989,1000,50,2017-10-28,,,,,
노원구,11350,하계동,273,11350-72,장미(시영6),43.56,3,1989,13500,0,2017-10-27,,,,,
노원구,11350,하계동,273,11350-72,장미(시영6),43.56,6,1989,15000,0,2017-10-20,,,,,
노원구,11350,하계동,273,11350-72,장미(시영6),54.02,1,1989,19000,0,2017-10-30,,,,,
노원구,11350,하계동,273,11350-72,장미(시영6),54.02,11,1989,20000,0,2017-10-21,,,,,
노원구,11350,하계동,273,11350-72,장미(시영6),54.02,4,1989,19000,0,2017-10-09,,,,,
노원구,11350,하계동,273,11350-72,장미(시영6),54.02,4,1989,20000,0,2017-10-26,,,,,
노원구,11350,하계동,273,11350-72,장미(시영6),54.02,5,1989,18000,0,2017-10-10,,,,,
노원구,11350,하계동,273,11350-72,장미(시영6),54.02,6,1989,19000,0,2017-10-30,,,,,
노원구,11350,하계동,273,11350-72,장미(시영6),54.29,10,1989,22500,0,2017-10-26,,,,,
노원구,11350,하계동,273,11350-72,장미(시영6),65.33,11,1989,25000,0,2017-10-23,,,,,
노원구,11350,하계동,274,11350-73,청솔(시영7),39.78,1,1989,1000,50,2017-10-16,,,,,
노원구,11350,하계동,274,11350-73,청솔(시영7),39.78,10,1989,15000,0,2017-10-13,,,,,
노원구,11350,하계동,274,11350-73,청솔(시영7),39.78,15,1989,14500,0,2017-10-12,17.10~19.10,갱신,,12500,
노원구,11350,하계동,274,11350-73,청솔(시영7),39.78,8,1989,1000,50,2017-10-10,,,,,
노원구,11350,하계동,274,11350-73,청솔(시영7),39.92,1,1989,13500,0,2017-10-14,,,,,
노원구,11350,하계동,274,11350-73,청솔(시영7),39.92,2,1989,18000,0,2017-10-25,,,,,
노원구,11350,하계동,274,11350-73,청솔(시영7),39.92,6,1989,1000,55,2017-10-31,,,,,
노원구,11350,하계동,274,11350-73,청솔(시영7),39.92,7,1989,3000,50,2017-10-21,,,,,
노원구,11350,하계동,274,11350-73,청솔(시영7),49.5,1,1989,16000,0,2017-10-28,,,,,
노원구,11350,하계동,274,11350-73,청솔(시영7),49.5,4,1989,18500,0,2017-10-14,,,,,
노원구,11350,하계동,274,11350-73,청솔(시영7),49.5,9,1989,4000,60,2017-10-09,,,,,
노원구,11350,하계동,274,11350-73,청솔(시영7),49.85,12,1989,7000,0,2017-10-14,,,,,
노원구,11350,하계동,274,11350-73,청솔(시영7),59.46,12,1989,6000,70,2017-10-28,,,,,
노원구,11350,하계동,274,11350-73,청솔(시영7),59.87,12,1989,23000,0,2017-10-12,,,,,
노원구,11350,하계동,274,11350-73,청솔(시영7),59.87,15,1989,21000,0,2017-10-21,,,,,
노원구,11350,하계동,284,11350-76,청구,84.97,1,1988,34000,0,2017-10-11,,,,,
노원구,11350,하계동,284,11350-76,청구,84.97,12,1988,25000,0,2017-10-31,,,,,
노원구,11350,하계동,284,11350-76,청구,84.97,14,1988,40000,0,2017-10-30,,,,,
노원구,11350,하계동,284,11350-76,청구,84.97,3,1988,38000,0,2017-10-10,,,,,
노원구,11350,하계동,284,11350-81,한신1,27,11,1988,500,52,2017-10-11,,,,,
노원구,11350,하계동,284,11350-81,한신1,27,12,1988,13000,0,2017-10-17,,,,,
노원구,11350,하계동,284,11350-81,한신1,27,14,1988,3000,35,2017-10-16,,,,,
노원구,11350,하계동,284,11350-81,한신1,27,15,1988,1000,40,2017-10-19,,,,,
노원구,11350,하계동,284,11350-81,한신1,27,3,1988,1000,45,2017-10-13,,,,,
노원구,11350,하계동,284,11350-81,한신1,27,6,1988,1000,43,2017-10-30,,,,,
노원구,11350,하계동,284,11350-81,한신1,27,6,1988,6000,20,2017-10-21,,,,,
노원구,11350,하계동,284,11350-81,한신1,27,7,1988,11500,0,2017-10-26,,,,,
노원구,11350,하계동,284,11350-81,한신1,35.28,9,1988,15500,0,2017-10-10,,,,,
노원구,11350,하계동,284,11350-82,한신2,44.52,12,1988,3000,62,2017-10-25,,,,,
노원구,11350,하계동,288,11350-79,하계2현대,75.35,10,1997,37000,0,2017-10-14,,,,,
노원구,11350,하계동,288,11350-79,하계2현대,84.51,4,1997,40000,0,2017-10-20,,,,,
노원구,11350,하계동,353,11350-74,우방,59.74,2,1999,20000,0,2017-10-21,,,,,
노원구,11350,하계동,353,11350-74,우방,77.41,3,1999,11000,65,2017-10-13,17.10~19.10,갱신,,11000,50
노원구,11350,하계동,353,11350-74,우방,77.41,8,1999,35000,0,2017-10-22,,,,,
노원구,11350,하계동,354,11350-80,학여울청구,113.51,1,1999,42000,0,2017-10-12,,,,,
노원구,11350,하계동,354,11350-80,학여울청구,113.51,13,1999,42000,0,2017-10-31,,,,,
노원구,11350,하계동,354,11350-80,학여울청구,113.51,14,1999,34000,30,2017-10-21,,,,,
노원구,11350,하계동,354,11350-80,학여울청구,59.4,12,1999,28500,0,2017-10-12,,,,,
노원구,11350,하계동,354,11350-80,학여울청구,59.4,17,1999,28000,0,2017-10-13,,,,,
노원구,11350,하계동,354,11350-80,학여울청구,59.4,17,1999,8000,50,2017-10-21,,,,,
노원구,11350,하계동,354,11350-80,학여울청구,59.4,18,1999,28000,0,2017-10-20,,,,,
노원구,11350,하계동,354,11350-80,학여울청구,59.4,5,1999,28000,0,2017-10-16,,,,,
노원구,11350,하계동,354,11350-80,학여울청구,59.4,5,1999,28000,0,2017-10-23,,,,,
노원구,11350,하계동,354,11350-80,학여울청구,59.4,9,1999,27500,0,2017-10-19,,,,,
노원구,11350,하계동,354,11350-80,학여울청구,84.77,5,1999,39000,0,2017-10-09,,,,,
노원구,11350,하계동,355,11350-1700,학여울청구117동(355),32.76,6,2001,3008,0,2017-10-17,,,,,
노원구,11350,하계동,355,11350-1700,학여울청구117동(355),32.76,6,2001,3008,0,2017-10-17,,,,,
도봉구,11320,도봉동,30-1,11320-86,한신,84.94,10,1995,27500,0,2017-10-14,,,,,
도봉구,11320,도봉동,30-1,11320-86,한신,84.94,13,1995,3000,100,2017-10-31,,,,,
도봉구,11320,도봉동,30-1,11320-86,한신,84.94,16,1995,27000,0,2017-10-12,,,,,
도봉구,11320,도봉동,30-1,11320-86,한신,84.94,2,1995,27000,0,2017-10-21,,,,,
도봉구,11320,도봉동,30-1,11320-86,한신,84.94,7,1995,27000,0,2017-10-02,,,,,
도봉구,11320,도봉동,30-1,11320-86,한신,84.94,9,1995,28000,0,2017-10-21,,,,,
도봉구,11320,도봉동,51-12,11320-150,중흥에스-클래스,84.996,11,2004,30000,0,2017-10-27,,,,,
도봉구,11320,도봉동,51-12,11320-150,중흥에스-클래스,84.996,5,2004,30000,0,2017-10-19,,,,,
도봉구,11320,도봉동,555,11320-82,서울가든,75.33,10,1987,21000,0,2017-10-16,,,,,
도봉구,11320,도봉동,555,11320-82,서울가든,75.33,2,1987,20000,0,2017-10-19,,,,,
도봉구,11320,도봉동,595,11320-79,럭키,84.86,7,1992,27000,0,2017-10-14,,,,,
도봉구,11320,도봉동,641,11320-83,서원,24.05,1,1996,2123,0,2017-10-23,,,,,
도봉구,11320,도봉동,641,11320-83,서원,49.14,17,1996,3000,50,2017-10-21,,,,,
도봉구,11320,도봉동,641,11320-83,서원,49.77,10,1996,17000,0,2017-10-21,,,,,
도봉구,11320,도봉동,641,11320-83,서원,49.77,10,1996,20000,0,2017-10-12,,,,,
도봉구,11320,도봉동,641,11320-83,서원,49.77,10,1996,3000,50,2017-10-16,,,,,
도봉구,11320,도봉동,641,11320-83,서원,49.77,14,1996,10000,30,2017-10-19,,,,,
도봉구,11320,도봉동,641,11320-83,서원,49.77,15,1996,3000,50,2017-10-31,,,,,
도봉구,11320,도봉동,641,11320-83,서원,49.77,16,1996,15000,0,2017-10-26,,,,,
도봉구,11320,도봉동,641,11320-83,서원,49.77,3,1996,18000,0,2017-10-12,,,,,
도봉구,11320,도봉동,641,11320-83,서원,49.77,5,1996,16500,0,2017-10-16,,,,,
도봉구,11320,도봉동,641,11320-83,서원,49.77,5,1996,2000,60,2017-10-16,,,,,
도봉구,11320,도봉동,641,11320-83,서원,49.77,7,1996,1500,70,2017-10-13,17.11~19.11,신규,,,
도봉구,11320,도봉동,641,11320-83,서원,49.77,9,1996,17000,0,2017-10-11,,,,,
도봉구,11320,도봉동,641,11320-83,서원,49.77,9,1996,2000,65,2017-10-27,,,,,
도봉구,11320,도봉동,641,11320-83,서원,59.51,16,1996,14000,0,2017-10-10,,,,,
도봉구,11320,도봉동,641,11320-83,서원,59.51,16,1996,14000,20,2017-10-10,,,,,
도봉구,11320,도봉동,641,11320-83,서원,59.76,11,1996,8000,50,2017-10-12,,,,,
도봉구,11320,도봉동,641,11320-83,서원,59.76,3,1996,17500,0,2017-10-27,,,,,
도봉구,11320,도봉동,642,11320-87,현대성우,59.92,2,1998,3000,70,2017-10-11,,,,,
도봉구,11320,도봉동,642,11320-87,현대성우,84.39,3,1998,25000,0,2017-10-10,,,,,
도봉구,11320,도봉동,642,11320-87,현대성우,84.39,3,1998,25000,0,2017-10-19,,,,,
도봉구,11320,도봉동,643,11320-81,서광,59.91,1,1999,1500,70,2017-10-23,,,,,
도봉구,11320,도봉동,644,11320-115,도봉파크빌3,84.336,1,2002,29000,0,2017-10-12,,,,,
도봉구,11320,도봉동,644,11320-115,도봉파크빌3,84.354,18,2002,29500,0,2017-10-24,,,,,
도봉구,11320,도봉동,647,11320-116,도봉파크빌2,84.354,12,2002,28000,0,2017-10-09,,,,,
도봉구,11320,도봉동,647,11320-116,도봉파크빌2,84.354,14,2002,30000,0,2017-10-28,,,,,
도봉구,11320,방학동,271-1,11320-42,신동아아파트1,112.49,8,1986,31000,0,2017-10-16,,,,,
도봉구,11320,방학동,271-1,11320-42,신동아아파트1,43.35,11,1986,13000,0,2017-10-11,,,,,
도봉구,11320,방학동,271-1,11320-42,신동아아파트1,43.35,13,1986,1000,50,2017-10-10,,,,,
도봉구,11320,방학동,271-1,11320-42,신동아아파트1,43.35,9,1986,14000,0,2017-10-21,,,,,
도봉구,11320,방학동,271-1,11320-42,신동아아파트1,51.27,9,1986,17000,0,2017-10-31,,,,,
도봉구,11320,방학동,271-1,11320-42,신동아아파트1,53.16,1,1986,1000,65,2017-10-11,,,,,
도봉구,11320,방학동,271-1,11320-42,신동아아파트1,53.16,4,1986,1500,65,2017-10-26,,,,,
도봉구,11320,방학동,271-1,11320-42,신동아아파트1,62.22,4,1986,18000,0,2017-10-17,,,,,
도봉구,11320,방학동,271-1,11320-42,신동아아파트1,62.22,4,1986,18000,0,2017-10-17,,,,,
도봉구,11320,방학동,271-1,11320-42,신동아아파트1,62.22,7,1986,1000,80,2017-10-30,,,,,
도봉구,11320,방학동,271-1,11320-42,신동아아파트1,70.62,6,1986,2500,75,2017-10-16,,,,,
도봉구,11320,방학동,271-1,11320-42,신동아아파트1,70.62,8,1986,17000,0,2017-10-20,,,,,
도봉구,11320,방학동,271-1,11320-42,신동아아파트1,84.87,1,1986,24000,0,2017-10-19,,,,,
도봉구,11320,방학동,274,11320-39,삼익세라믹아파트,58.77,3,1988,15500,0,2017-10-13,,,,,
도봉구,11320,방학동,275,11320-38,벽산아파트1,52.36,8,1991,2000,60,2017-10-12,,,,,
도봉구,11320,방학동,444-31,11320-37,대원그린아파트,46.86,11,1987,14000,0,2017-10-13,,,,,
도봉구,11320,방학동,444-31,11320-37,대원그린아파트,46.86,11,1987,8500,15,2017-10-07,,,,,
도봉구,11320,방학동,444-31,11320-37,대원그린아파트,46.86,12,1987,13500,0,2017-10-17,,,,,
도봉구,11320,방학동,444-31,11320-37,대원그린아파트,53.7,5,1987,16000,0,2017-10-17,,,,,
도봉구,11320,방학동,496,11320-95,벽산아파트2,59.581,10,1998,22000,0,2017-10-14,,,,,
도봉구,11320,방학동,507,11320-45,우성아파트1,83.85,11,1992,27000,0,2017-10-31,,,,,
도봉구,11320,방학동,507,11320-45,우성아파트1,83.85,5,1992,24500,0,2017-10-30,,,,,
도봉구,11320,방학동,508,11320-46,우성아파트2,84.98,15,1993,25000,0,2017-10-27,,,,,
도봉구,11320,방학동,508,11320-46,우성아파트2,84.98,15,1993,4000,70,2017-10-28,,,,,
도봉구,11320,방학동,531,11320-91,신동아아파트2,84.82,3,1992,5000,75,2017-10-12,,,,,
도봉구,11320,방학동,636,11320-3414,송학휴스테이,49.16,5,2016,2000,80,2017-10-26,,,,,
도봉구,11320,방학동,705-17,11320-2945,퍼스티안,13.6794,13,2013,500,45,2017-10-09,,,,,
도봉구,11320,방학동,714-1,11320-2344,금광포란재아파트,59.611,3,2005,27000,0,2017-10-21,,,,,
도봉구,11320,방학동,716-5,11320-105,이에스에이아파트2,84.98,12,2003,36000,0,2017-10-10,,,,,
도봉구,11320,방학동,718-7,11320-106,이에스에이아파트1,84.98,11,2003,35000,0,2017-10-30,,,,,
도봉구,11320,방학동,720-1,11320-36,대상타운현대아파트,101.48,3,2001,43000,0,2017-10-12,,,,,
도봉구,11320,방학동,720-1,11320-36,대상타운현대아파트,133.97,16,2001,45000,0,2017-10-21,,,,,
도봉구,11320,방학동,720-1,11320-36,대상타운현대아파트,60,16,2001,8000,70,2017-10-25,,,,,
도봉구,11320,방학동,720-1,11320-36,대상타운현대아파트,60,17,2001,31000,0,2017-10-31,,,,,
도봉구,11320,방학동,720-1,11320-36,대상타운현대아파트,84.78,14,2001,39000,0,2017-10-25,,,,,
도봉구,11320,방학동,720-1,11320-36,대상타운현대아파트,84.78,22,2001,40000,0,2017-10-31,,,,,
도봉구,11320,방학동,720-18,11320-49,방학동삼성래미안1,118.381,15,2002,5000,130,2017-10-17,,,,,
도봉구,11320,방학동,720-18,11320-49,방학동삼성래미안1,84.937,22,2002,38000,0,2017-10-19,,,,,
도봉구,11320,방학동,730,11320-35,극동아파트,84.935,5,1993,18000,0,2017-10-18,,,,,
도봉구,11320,방학동,732,11320-93,신동아아파트4,59.92,4,1995,17800,0,2017-10-30,,,,,
도봉구,11320,방학동,734,11320-47,청구아파트,84.97,10,1994,28000,0,2017-10-29,,,,,
도봉구,11320,방학동,734,11320-47,청구아파트,84.97,6,1994,23000,0,2017-10-19,,,,,
도봉구,11320,방학동,734,11320-47,청구아파트,84.97,7,1994,28000,0,2017-10-12,,,,,
도봉구,11320,방학동,735,11320-41,성원아파트,59.94,4,1996,4000,60,2017-10-19,,,,,
도봉구,11320,방학동,735,11320-41,성원아파트,59.94,8,1996,5000,60,2017-10-11,,,,,
도봉구,11320,방학동,735,11320-41,성원아파트,84.54,7,1996,26000,0,2017-10-27,,,,,
도봉구,11320,방학동,736,11320-43,신동아타워아파트,84.74,10,1997,16500,30,2017-10-17,,,,,
도봉구,11320,방학동,736,11320-43,신동아타워아파트,84.74,10,1997,16500,30,2017-10-17,,,,,
도봉구,11320,방학동,740,11320-146,동양크레오아파트,59.9837,1,2004,21000,0,2017-10-24,,,,,
도봉구,11320,방학동,740,11320-146,동양크레오아파트,84.9358,10,2004,30000,0,2017-10-10,,,,,
도봉구,11320,쌍문동,103-231,11320-3348,드림하우스,35.13,10,2016,19000,0,2017-10-12,,,,,
도봉구,11320,쌍문동,153,11320-5,기용,41.31,5,1988,11000,0,2017-10-14,,,,,
도봉구,11320,쌍문동,158,11320-26,한양7,84.92,13,1993,15000,0,2017-10-31,,,,,
도봉구,11320,쌍문동,195,11320-19,청구,84.63,7,1996,28000,0,2017-10-21,,,,,
도봉구,11320,쌍문동,199-1,11320-90,금호1,36.36,15,1990,12300,0,2017-10-10,,,,,
도봉구,11320,쌍문동,199-1,11320-90,금호1,36.36,8,1990,13000,0,2017-10-16,,,,,
도봉구,11320,쌍문동,199-1,11320-90,금호1,36.36,8,1990,2000,40,2017-10-23,,,,,
도봉구,11320,쌍문동,199-1,11320-90,금호1,56.73,12,1990,12000,30,2017-10-25,,,,,
도봉구,11320,쌍문동,199-1,11320-90,금호1,70.13,14,1990,25000,0,2017-10-11,,,,,
도봉구,11320,쌍문동,199-1,11320-90,금호1,84.88,8,1990,5000,85,2017-10-20,,,,,
도봉구,11320,쌍문동,285-5,11320-8,동익미라벨,65.42,12,1987,16000,0,2017-10-19,,,,,
도봉구,11320,쌍문동,285-5,11320-8,동익미라벨,65.42,2,1987,18000,0,2017-10-21,,,,,
도봉구,11320,쌍문동,285-5,11320-8,동익미라벨,84.39,13,1987,10000,60,2017-10-24,,,,,
도봉구,11320,쌍문동,321,11320-3,쌍문금용,59.94,2,1995,17000,0,2017-10-12,,,,,
도봉구,11320,쌍문동,388-33,11320-20,한양1,50.58,12,1986,19000,0,2017-10-20,,,,,
도봉구,11320,쌍문동,388-33,11320-20,한양1,50.58,13,1986,20000,0,2017-10-25,,,,,
도봉구,11320,쌍문동,388-33,11320-20,한양1,50.58,4,1986,17000,0,2017-10-21,,,,,
도봉구,11320,쌍문동,388-33,11320-20,한양1,50.58,5,1986,3000,55,2017-10-26,,,,,
도봉구,11320,쌍문동,388-33,11320-20,한양1,66.33,13,1986,23000,0,2017-10-13,,,,,
도봉구,11320,쌍문동,388-33,11320-20,한양1,66.33,3,1986,23000,0,2017-10-24,,,,,
도봉구,11320,쌍문동,53,11320-12,성원,71.78,8,1989,22000,0,2017-10-25,,,,,
도봉구,11320,쌍문동,53,11320-12,성원,84.98,6,1989,4000,75,2017-10-30,,,,,
도봉구,11320,쌍문동,54,11320-27,현대1,63.36,13,1990,18500,0,2017-10-12,,,,,
도봉구,11320,쌍문동,54,11320-27,현대1,84.66,3,1990,25500,0,2017-10-13,,,,,
도봉구,11320,쌍문동,56,11320-11,삼익세라믹,40.11,10,1988,14000,0,2017-10-18,,,,,
도봉구,11320,쌍문동,56,11320-11,삼익세라믹,40.11,9,1988,14000,0,2017-10-10,,,,,
도봉구,11320,쌍문동,56,11320-11,삼익세라믹,42.93,4,1988,11000,0,2017-10-18,,,,,
도봉구,11320,쌍문동,56,11320-11,삼익세라믹,42.93,5,1988,2000,44,2017-10-21,,,,,
도봉구,11320,쌍문동,56,11320-11,삼익세라믹,58.77,12,1988,4000,0,2017-10-17,,,,,
도봉구,11320,쌍문동,56,11320-11,삼익세라믹,79.98,13,1988,28000,0,2017-10-31,,,,,
도봉구,11320,쌍문동,59,11320-21,한양2,28.71,13,1988,1000,40,2017-10-12,,,,,
도봉구,11320,쌍문동,59,11320-21,한양2,28.71,4,1988,500,45,2017-10-10,,,,,
도봉구,11320,쌍문동,59,11320-21,한양2,28.71,4,1988,500,50,2017-10-10,,,,,
도봉구,11320,쌍문동,59,11320-21,한양2,28.71,9,1988,500,43,2017-10-13,,,,,
도봉구,11320,쌍문동,59,11320-21,한양2,35.1,10,1988,1000,45,2017-10-18,,,,,
도봉구,11320,쌍문동,59,11320-21,한양2,35.1,4,1988,14000,0,2017-10-27,,,,,
도봉구,11320,쌍문동,59,11320-21,한양2,35.1,6,1988,6000,20,2017-10-30,,,,,
도봉구,11320,쌍문동,59,11320-21,한양2,35.1,9,1988,12000,0,2017-10-12,17.11~19.11,신규,,,
도봉구,11320,쌍문동,59,11320-21,한양2,48.96,10,1988,18000,0,2017-10-18,17.11~19.11,갱신,,16000,
도봉구,11320,쌍문동,59,11320-21,한양2,76.92,1,1988,23500,0,2017-10-07,,,,,
도봉구,11320,쌍문동,59,11320-21,한양2,76.92,3,1988,6000,50,2017-10-28,,,,,
도봉구,11320,쌍문동,59,11320-21,한양2,76.92,8,1988,3000,85,2017-10-13,17.10~18.11,신규,,,
도봉구,11320,쌍문동,59,11320-21,한양2,84.9,2,1988,25500,0,2017-10-30,,,,,
도봉구,11320,쌍문동,59-3,11320-24,한양5,65.37,14,1991,22500,0,2017-10-18,,,,,
도봉구,11320,쌍문동,642,11320-138,동순미,91.16,2,2002,22000,0,2017-10-13,,,,,
도봉구,11320,쌍문동,719,11320-29,현대3,84.55,9,1995,3000,70,2017-10-10,,,,,
도봉구,11320,쌍문동,719,11320-29,현대3,84.83,1,1995,22000,0,2017-10-20,,,,,
도봉구,11320,쌍문동,721,11320-2,극동아파트,84.79,9,1996,27500,0,2017-10-11,,,,,
도봉구,11320,쌍문동,722,11320-17,염광,59.91,1,1997,17600,0,2017-10-10,,,,,
도봉구,11320,쌍문동,725,11320-32,쌍문동삼성래미안,114.9396,9,2002,40500,0,2017-10-12,,,,,
도봉구,11320,쌍문동,73,11320-1,경남,44.5,6,1988,1000,54,2017-10-25,,,,,
도봉구,11320,쌍문동,73,11320-1,경남,44.5,6,1988,12500,0,2017-10-23,,,,,
도봉구,11320,쌍문동,73,11320-1,경남,46.3,7,1988,15200,0,2017-10-27,,,,,
도봉구,11320,쌍문동,732,11320-2999,북한산코오롱하늘채,59.98,1,2014,30000,0,2017-10-26,,,,,
도봉구,11320,쌍문동,75-29,11320-2435,풀내음아파트,54.77,4,2007,2000,70,2017-10-19,,,,,
도봉구,11320,쌍문동,산69-1,11320-4,금호2,71.98,1,1991,24500,0,2017-10-23,,,,,
도봉구,11320,창동,26,11320-55,동아,88.23,13,1988,33000,0,2017-10-21,,,,,
도봉구,11320,창동,26,11320-55,동아,88.23,4,1988,33000,0,2017-10-30,,,,,
도봉구,11320,창동,26,11320-55,동아,89.45,13,1988,30000,0,2017-10-10,,,,,
도봉구,11320,창동,26,11320-55,동아,89.45,2,1988,18000,35,2017-10-20,,,,,
도봉구,11320,창동,26,11320-55,동아,89.45,5,1988,29000,0,2017-10-09,,,,,
도봉구,11320,창동,27,11320-101,주공19단지(창동리버타운),59.39,11,1988,20000,0,2017-10-25,,,,,
도봉구,11320,창동,27,11320-101,주공19단지(창동리버타운),59.39,12,1988,21500,0,2017-10-30,,,,,
도봉구,11320,창동,27,11320-101,주공19단지(창동리버타운),59.39,14,1988,22000,0,2017-10-27,,,,,
도봉구,11320,창동,27,11320-101,주공19단지(창동리버타운),68.86,2,1988,25000,0,2017-10-10,,,,,
도봉구,11320,창동,27,11320-101,주공19단지(창동리버타운),68.86,4,1988,25000,0,2017-10-12,,,,,
도봉구,11320,창동,27,11320-101,주공19단지(창동리버타운),68.86,6,1988,26000,0,2017-10-12,,,,,
도봉구,11320,창동,27,11320-101,주공19단지(창동리버타운),68.86,8,1988,2000,85,2017-10-23,,,,,
도봉구,11320,창동,27,11320-101,주공19단지(창동리버타운),68.86,8,1988,27000,0,2017-10-17,,,,,
도봉구,11320,창동,27,11320-101,주공19단지(창동리버타운),84.9,12,1988,27000,0,2017-10-13,,,,,
도봉구,11320,창동,27,11320-101,주공19단지(창동리버타운),90.94,2,1988,22000,0,2017-10-26,,,,,
도봉구,11320,창동,27,11320-101,주공19단지(창동리버타운),99.75,2,1988,31000,0,2017-10-14,17.11~19.06,갱신,,30000,
도봉구,11320,창동,299,11320-59,상아1차아파트,45.54,7,1987,2000,50,2017-10-23,,,,,
도봉구,11320,창동,299,11320-59,상아1차아파트,58.59,5,1987,19000,0,2017-10-25,,,,,
도봉구,11320,창동,299,11320-59,상아1차아파트,69.03,10,1987,15000,25,2017-10-16,,,,,
도봉구,11320,창동,299,11320-59,상아1차아파트,69.03,9,1987,25000,0,2017-10-19,,,,,
도봉구,11320,창동,299,11320-59,상아1차아파트,84.99,10,1987,33000,0,2017-10-13,,,,,
도봉구,11320,창동,299,11320-59,상아1차아파트,84.99,12,1987,29000,0,2017-10-18,,,,,
도봉구,11320,창동,30,11320-64,창동주공18단지,32.34,10,1988,1000,38,2017-10-31,,,,,
도봉구,11320,창동,30,11320-64,창동주공18단지,45.55,1,1988,15000,0,2017-10-12,,,,,
도봉구,11320,창동,30,11320-64,창동주공18단지,45.55,1,1988,15000,0,2017-10-12,,,,,
도봉구,11320,창동,30,11320-64,창동주공18단지,45.55,3,1988,1000,50,2017-10-24,,,,,
도봉구,11320,창동,30,11320-64,창동주공18단지,59.39,1,1988,13500,0,2017-10-25,,,,,
도봉구,11320,창동,30,11320-64,창동주공18단지,84.41,1,1988,26000,0,2017-10-25,,,,,
도봉구,11320,창동,300,11320-102,상아2차아파트,44.61,6,1988,15000,0,2017-10-30,,,,,
도봉구,11320,창동,300,11320-102,상아2차아파트,45.54,4,1988,22000,0,2017-10-30,,,,,
도봉구,11320,창동,305,11320-96,창동주공1단지,41.3,5,1990,14000,0,2017-10-31,,,,,
도봉구,11320,창동,305,11320-96,창동주공1단지,49.94,9,1990,19000,0,2017-10-11,,,,,
도봉구,11320,창동,305,11320-96,창동주공1단지,58.01,5,1990,5500,55,2017-10-12,17.10~19.10,신규,,,
도봉구,11320,창동,316,11320-97,창동주공2단지,36.16,14,1990,11000,0,2017-10-17,,,,,
도봉구,11320,창동,316,11320-97,창동주공2단지,36.16,3,1990,1000,50,2017-10-24,,,,,
도봉구,11320,창동,316,11320-97,창동주공2단지,36.34,6,1990,1100,50,2017-10-09,,,,,
도봉구,11320,창동,316,11320-97,창동주공2단지,41.3,11,1990,16000,0,2017-10-17,,,,,
도봉구,11320,창동,316,11320-97,창동주공2단지,41.3,6,1990,14500,0,2017-10-09,,,,,
도봉구,11320,창동,316,11320-97,창동주공2단지,41.3,7,1990,15000,0,2017-10-11,,,,,
도봉구,11320,창동,316,11320-97,창동주공2단지,41.3,8,1990,15000,0,2017-10-14,,,,,
도봉구,11320,창동,316,11320-97,창동주공2단지,45.55,14,1990,15000,0,2017-10-24,,,,,
도봉구,11320,창동,316,11320-97,창동주공2단지,45.9,13,1990,15000,0,2017-10-19,17.12~19.12,신규,,,
도봉구,11320,창동,316,11320-97,창동주공2단지,45.9,9,1990,14000,0,2017-10-31,,,,,
도봉구,11320,창동,316,11320-97,창동주공2단지,49.94,10,1990,12000,20,2017-10-19,,,,,
도봉구,11320,창동,316,11320-97,창동주공2단지,49.94,12,1990,14000,20,2017-10-13,,,,,
도봉구,11320,창동,316,11320-97,창동주공2단지,49.94,14,1990,15800,10,2017-10-30,,,,,
도봉구,11320,창동,316,11320-97,창동주공2단지,49.94,15,1990,3000,55,2017-10-27,,,,,
도봉구,11320,창동,347,11320-98,창동주공3단지(해등마을),41.3,11,1990,1000,60,2017-10-18,,,,,
도봉구,11320,창동,347,11320-98,창동주공3단지(해등마을),41.3,11,1990,15000,0,2017-10-31,,,,,
도봉구,11320,창동,347,11320-98,창동주공3단지(해등마을),41.3,2,1990,5000,35,2017-10-17,,,,,
도봉구,11320,창동,347,11320-98,창동주공3단지(해등마을),41.3,7,1990,16000,0,2017-10-31,,,,,
도봉구,11320,창동,347,11320-98,창동주공3단지(해등마을),41.3,9,1990,15000,0,2017-10-27,,,,,
도봉구,11320,창동,347,11320-98,창동주공3단지(해등마을),45.77,15,1990,7000,30,2017-10-16,,,,,
도봉구,11320,창동,347,11320-98,창동주공3단지(해등마을),49.94,1,1990,17000,0,2017-10-09,,,,,
도봉구,11320,창동,347,11320-98,창동주공3단지(해등마을),49.94,12,1990,18000,0,2017-10-31,,,,,
도봉구,11320,창동,347,11320-98,창동주공3단지(해등마을),49.94,14,1990,1500,70,2017-10-10,,,,,
도봉구,11320,창동,347,11320-98,창동주공3단지(해등마을),58.01,3,1990,21500,0,2017-10-10,,,,,
도봉구,11320,창동,347,11320-98,창동주공3단지(해등마을),58.01,4,1990,23000,0,2017-10-17,,,,,
도봉구,11320,창동,347,11320-98,창동주공3단지(해등마을),58.01,5,1990,23000,0,2017-10-18,,,,,
도봉구,11320,창동,347,11320-98,창동주공3단지(해등마을),58.01,5,1990,3000,70,2017-10-21,,,,,
도봉구,11320,창동,347,11320-98,창동주공3단지(해등마을),58.01,7,1990,24000,0,2017-10-18,17.12~20.04,신규,,,
도봉구,11320,창동,347,11320-98,창동주공3단지(해등마을),58.01,8,1990,23000,0,2017-10-21,,,,,
도봉구,11320,창동,347,11320-98,창동주공3단지(해등마을),58.01,9,1990,21500,0,2017-10-14,,,,,
도봉구,11320,창동,347,11320-98,창동주공3단지(해등마을),61.52,10,1990,22000,0,2017-10-09,,,,,
도봉구,11320,창동,347,11320-98,창동주공3단지(해등마을),61.52,12,1990,3000,65,2017-10-27,,,,,
도봉구,11320,창동,347,11320-98,창동주공3단지(해등마을),66.56,5,1990,26000,0,2017-10-20,,,,,
도봉구,11320,창동,347,11320-98,창동주공3단지(해등마을),71.89,5,1990,24000,0,2017-10-21,,,,,
도봉구,11320,창동,347,11320-98,창동주공3단지(해등마을),71.89,5,1990,25000,0,2017-10-25,,,,,
도봉구,11320,창동,347,11320-98,창동주공3단지(해등마을),79.07,10,1990,27000,0,2017-10-10,,,,,
도봉구,11320,창동,347,11320-98,창동주공3단지(해등마을),79.07,5,1990,31000,0,2017-10-20,,,,,
도봉구,11320,창동,347,11320-98,창동주공3단지(해등마을),84.41,5,1990,9000,50,2017-10-17,,,,,
도봉구,11320,창동,366,11320-60,서울가든,136.74,4,1992,38000,0,2017-10-17,,,,,
도봉구,11320,창동,373,11320-99,창동주공4단지,36.16,5,1991,1000,50,2017-10-10,,,,,
도봉구,11320,창동,373,11320-99,창동주공4단지,36.16,8,1991,1000,45,2017-10-30,,,,,
도봉구,11320,창동,373,11320-99,창동주공4단지,36.34,4,1991,13000,0,2017-10-27,,,,,
도봉구,11320,창동,373,11320-99,창동주공4단지,41.3,10,1991,14500,0,2017-10-31,,,,,
도봉구,11320,창동,373,11320-99,창동주공4단지,41.3,11,1991,7000,30,2017-10-30,,,,,
도봉구,11320,창동,373,11320-99,창동주공4단지,41.3,13,1991,1000,55,2017-10-19,,,,,
도봉구,11320,창동,373,11320-99,창동주공4단지,41.3,3,1991,14000,0,2017-10-22,,,,,
도봉구,11320,창동,373,11320-99,창동주공4단지,41.3,4,1991,13500,0,2017-10-17,,,,,
도봉구,11320,창동,373,11320-99,창동주공4단지,41.3,8,1991,15000,0,2017-10-21,,,,,
도봉구,11320,창동,373,11320-99,창동주공4단지,41.3,8,1991,2000,50,2017-10-22,,,,,
도봉구,11320,창동,373,11320-99,창동주공4단지,41.3,8,1991,3000,40,2017-10-09,,,,,
도봉구,11320,창동,373,11320-99,창동주공4단지,49.94,2,1991,16300,0,2017-10-23,,,,,
도봉구,11320,창동,373,11320-99,창동주공4단지,49.94,3,1991,2000,55,2017-10-30,,,,,
도봉구,11320,창동,38,11320-100,주공17단지,36.16,11,1989,1000,45,2017-10-25,,,,,
도봉구,11320,창동,38,11320-100,주공17단지,36.16,11,1989,2000,37,2017-10-27,,,,,
도봉구,11320,창동,38,11320-100,주공17단지,36.16,12,1989,12000,0,2017-10-18,,,,,
도봉구,11320,창동,38,11320-100,주공17단지,36.16,2,1989,5000,0,2017-10-21,,,,,
도봉구,11320,창동,38,11320-100,주공17단지,36.16,3,1989,11000,0,2017-10-12,,,,,
도봉구,11320,창동,38,11320-100,주공17단지,36.16,3,1989,11000,0,2017-10-13,,,,,
도봉구,11320,창동,38,11320-100,주공17단지,36.16,3,1989,500,45,2017-10-17,,,,,
도봉구,11320,창동,38,11320-100,주공17단지,36.16,5,1989,700,45,2017-10-30,,,,,
도봉구,11320,창동,38,11320-100,주공17단지,36.16,8,1989,10500,0,2017-10-10,,,,,
도봉구,11320,창동,38,11320-100,주공17단지,36.16,8,1989,11000,0,2017-10-09,,,,,
도봉구,11320,창동,38,11320-100,주공17단지,36.16,8,1989,2000,40,2017-10-13,,,,,
도봉구,11320,창동,38,11320-100,주공17단지,36.16,8,1989,2500,34,2017-10-25,,,,,
도봉구,11320,창동,38,11320-100,주공17단지,36.16,8,1989,500,50,2017-10-16,,,,,
도봉구,11320,창동,38,11320-100,주공17단지,36.34,1,1989,500,50,2017-10-20,,,,,
도봉구,11320,창동,38,11320-100,주공17단지,49.94,14,1989,17000,0,2017-10-17,,,,,
도봉구,11320,창동,38,11320-100,주공17단지,49.94,2,1989,17500,0,2017-10-26,,,,,
도봉구,11320,창동,38,11320-100,주공17단지,49.94,6,1989,16000,0,2017-10-30,,,,,
도봉구,11320,창동,45,11320-58,삼성래미안,73.92,17,1992,30000,0,2017-10-24,,,,,
도봉구,11320,창동,45,11320-58,삼성래미안,84.87,16,1992,31000,0,2017-10-25,,,,,
도봉구,11320,창동,45,11320-58,삼성래미안,84.87,17,1992,10500,80,2017-10-10,,,,,
도봉구,11320,창동,45,11320-58,삼성래미안,84.87,19,1992,31900,0,2017-10-25,,,,,
도봉구,11320,창동,45,11320-58,삼성래미안,84.87,19,1992,33000,0,2017-10-10,,,,,
도봉구,11320,창동,581-4,11320-300,청하아파트A동,84.59,3,2005,22000,0,2017-10-26,,,,,
도봉구,11320,창동,621-69,11320-73,창동한신휴플러스(621-69),84.65,8,2002,35000,0,2017-10-17,,,,,
도봉구,11320,창동,635-42,11320-74,LIG건영캐스빌,80.1498,18,2002,34000,0,2017-10-21,,,,,
도봉구,11320,창동,661-38,11320-3428,호신빌딩,25.77,7,2017,3000,50,2017-10-20,,,,,
도봉구,11320,창동,804,11320-53,대우,59.86,13,1995,28000,0,2017-10-26,,,,,
도봉구,11320,창동,804,11320-53,대우,59.86,2,1995,26000,0,2017-10-24,,,,,
도봉구,11320,창동,804,11320-53,대우,59.86,6,1995,17700,0,2017-10-23,,,,,
도봉구,11320,창동,804,11320-53,대우,84.88,2,1995,20000,50,2017-10-16,,,,,
도봉구,11320,창동,805,11320-56,동아그린,84.94,7,1996,3000,115,2017-10-24,,,,,
도봉구,11320,창동,807,11320-63,쌍용,135,23,1997,43000,0,2017-10-12,,,,,
도봉구,11320,창동,807,11320-63,쌍용,135,8,1997,40000,0,2017-10-26,,,,,
도봉구,11320,창동,807,11320-63,쌍용,59.88,17,1997,30000,0,2017-10-09,,,,,
도봉구,11320,창동,807,11320-63,쌍용,59.88,18,1997,30000,0,2017-10-31,,,,,
도봉구,11320,창동,807,11320-63,쌍용,59.88,2,1997,25000,0,2017-10-31,,,,,
도봉구,11320,창동,807,11320-63,쌍용,59.88,5,1997,28000,0,2017-10-21,,,,,
도봉구,11320,창동,807,11320-63,쌍용,84.76,12,1997,37000,0,2017-10-21,,,,,
도봉구,11320,창동,807,11320-63,쌍용,84.76,6,1997,36000,0,2017-10-20,,,,,
도봉구,11320,창동,808,11320-57,동아청솔,134.94,13,1997,45000,0,2017-10-31,,,,,
도봉구,11320,창동,808,11320-57,동아청솔,134.94,15,1997,2000,130,2017-10-09,,,,,
도봉구,11320,창동,808,11320-57,동아청솔,134.94,6,1997,42000,0,2017-10-30,,,,,
도봉구,11320,창동,808,11320-57,동아청솔,134.94,9,1997,5000,130,2017-10-19,,,,,
도봉구,11320,창동,808,11320-57,동아청솔,59.445,9,1997,26000,0,2017-10-25,,,,,
도봉구,11320,창동,808,11320-57,동아청솔,59.76,16,1997,28000,0,2017-10-16,,,,,
도봉구,11320,창동,808,11320-57,동아청솔,59.76,22,1997,24000,0,2017-10-21,,,,,
도봉구,11320,창동,808,11320-57,동아청솔,59.76,4,1997,25000,0,2017-10-17,,,,,
도봉구,11320,창동,808,11320-57,동아청솔,59.76,4,1997,25000,0,2017-10-17,,,,,
도봉구,11320,창동,808,11320-57,동아청솔,84.97,1,1997,32000,0,2017-10-31,,,,,
도봉구,11320,창동,808,11320-57,동아청솔,84.97,20,1997,35000,0,2017-10-13,,,,,
도봉구,11320,창동,808,11320-57,동아청솔,84.97,4,1997,33500,0,2017-10-10,,,,,
도봉구,11320,창동,808,11320-57,동아청솔,84.97,5,1997,37000,0,2017-10-27,,,,,
도봉구,11320,창동,808,11320-57,동아청솔,84.97,8,1997,26500,20,2017-10-13,17.10~19.10,신규,,,
도봉구,11320,창동,809,11320-51,금용,84.93,6,1997,34500,0,2017-10-10,,,,,
도봉구,11320,창동,810,11320-62,신창,49.14,9,1998,1000,70,2017-10-18,,,,,
도봉구,11320,창동,810,11320-62,신창,49.77,2,1998,20000,0,2017-10-28,,,,,
도봉구,11320,창동,812,11320-71,창동현대타운,57.93,6,1999,24000,0,2017-10-20,,,,,
도봉구,11320,창동,815,11320-66,창동2차현대,59.499,13,2001,31000,0,2017-10-16,,,,,
도봉구,11320,창동,815,11320-66,창동2차현대,84.504,1,2001,32000,0,2017-10-19,,,,,
도봉구,11320,창동,815,11320-66,창동2차현대,95.633,13,2001,38000,0,2017-10-16,,,,,
도봉구,11320,창동,815,11320-66,창동2차현대,95.633,19,2001,37000,0,2017-10-20,,,,,
도봉구,11320,창동,819,11320-112,태영데시앙,84.995,18,2003,37000,0,2017-10-14,,,,,
도봉구,11320,창동,819,11320-112,태영데시앙,84.995,5,2003,35500,0,2017-10-12,,,,,
도봉구,11320,창동,819,11320-112,태영데시앙,84.995,6,2003,28000,30,2017-10-23,,,,,
도봉구,11320,창동,819,11320-112,태영데시앙,84.995,8,2003,35000,0,2017-10-21,,,,,
도봉구,11320,창동,820,11320-113,창동신도브래뉴1차,121.852,1,2003,30000,65,2017-10-14,,,,,
도봉구,11320,창동,820,11320-113,창동신도브래뉴1차,121.852,4,2003,44000,0,2017-10-20,,,,,
도봉구,11320,창동,820,11320-113,창동신도브래뉴1차,84.989,6,2003,25000,50,2017-10-28,,,,,
도봉구,11320,창동,822,11320-114,대림e-편한세상,84.976,20,2003,39000,0,2017-10-21,,,,,
도봉구,11320,창동,825,11320-149,북한산아이파크5차,101.9176,20,2004,46000,0,2017-10-24,,,,,
도봉구,11320,창동,825,11320-149,북한산아이파크5차,101.9176,3,2004,30000,50,2017-10-29,,,,,
도봉구,11320,창동,825,11320-149,북한산아이파크5차,134.9091,17,2004,2500,160,2017-10-10,17.10~19.10,신규,,,
도봉구,11320,창동,825,11320-149,북한산아이파크5차,165.1717,14,2004,57000,0,2017-10-21,,,,,
도봉구,11320,창동,825,11320-149,북한산아이파크5차,165.1717,7,2004,53000,0,2017-10-31,,,,,
도봉구,11320,창동,825,11320-149,북한산아이파크5차,84.4516,2,2004,30000,25,2017-10-11,,,,,
도봉구,11320,창동,825,11320-149,북한산아이파크5차,84.4516,20,2004,23000,45,2017-10-21,,,,,
도봉구,11320,창동,825,11320-149,북한산아이파크5차,84.4516,20,2004,25000,42,2017-10-21,,,,,
도봉구,11320,창동,825,11320-149,북한산아이파크5차,84.4516,24,2004,42000,0,2017-10-18,,,,,
동대문구,11230,답십리동,10,11230-21,동아,114.84,11,2001,24000,40,2017-10-11,,,,,
동대문구,11230,답십리동,10,11230-21,동아,59.88,3,2001,30000,0,2017-10-17,,,,,
동대문구,11230,답십리동,10,11230-21,동아,84.72,13,2001,38000,0,2017-10-17,,,,,
동대문구,11230,답십리동,10,11230-21,동아,84.72,2,2001,37500,0,2017-10-15,,,,,
동대문구,11230,답십리동,10-1,11230-2176,답십리동아(임대),31.77,10,2001,3290,0,2017-10-23,,,,,
동대문구,11230,답십리동,10-1,11230-2176,답십리동아(임대),31.77,14,2001,3104,1,2017-10-23,,,,,
동대문구,11230,답십리동,10-1,11230-2176,답십리동아(임대),31.77,15,2001,3104,0,2017-10-13,,,,,
동대문구,11230,답십리동,10-1,11230-2176,답십리동아(임대),31.77,6,2001,3515,14,2017-10-23,,,,,
동대문구,11230,답십리동,1000,11230-2157,래미안엘파인아파트,114.82,1,2011,50000,0,2017-10-19,,,,,
동대문구,11230,답십리동,1000,11230-2157,래미안엘파인아파트,59.95,17,2011,20000,50,2017-10-29,,,,,
동대문구,11230,답십리동,1000,11230-2157,래미안엘파인아파트,59.95,3,2011,37000,0,2017-10-11,,,,,
동대문구,11230,답십리동,1000-1,11230-2242,래미안엘파인(임대),30.13,8,2011,5105,10,2017-10-11,,,,,
동대문구,11230,답십리동,1002,11230-2208,청계한신휴플러스,73.96,7,2010,48000,0,2017-10-27,,,,,
동대문구,11230,답십리동,1002,11230-2208,청계한신휴플러스,84.73,1,2010,12000,100,2017-10-22,,,,,
동대문구,11230,답십리동,1002,11230-2208,청계한신휴플러스,90.62,13,2010,49000,0,2017-10-31,,,,,
동대문구,11230,답십리동,1003,11230-2587,래미안위브,121.64,13,2014,10000,220,2017-10-20,,,,,
동대문구,11230,답십리동,1003,11230-2587,래미안위브,59.97,12,2014,47000,0,2017-10-09,,,,,
동대문구,11230,답십리동,1003,11230-2587,래미안위브,59.97,4,2014,30000,50,2017-10-09,,,,,
동대문구,11230,답십리동,1003,11230-2587,래미안위브,59.99,14,2014,4000,140,2017-10-28,,,,,
동대문구,11230,답십리동,1003,11230-2587,래미안위브,59.99,5,2014,47000,0,2017-10-16,,,,,
동대문구,11230,답십리동,1003,11230-2587,래미안위브,84.99,15,2014,52000,0,2017-10-21,,,,,
동대문구,11230,답십리동,1003,11230-2587,래미안위브,84.99,3,2014,54000,0,2017-10-30,,,,,
동대문구,11230,답십리동,1008,11230-2758,청계와이즈노벨리아,59.89,4,2017,10000,100,2017-10-15,,,,,
동대문구,11230,답십리동,41,11230-20,동서울한양,59.67,13,1989,25000,0,2017-10-19,,,,,
동대문구,11230,답십리동,41,11230-20,동서울한양,76.41,5,1989,27000,0,2017-10-18,,,,,
동대문구,11230,답십리동,42,11230-19,동답한신,59.22,15,1992,24000,0,2017-10-21,,,,,
동대문구,11230,답십리동,42,11230-19,동답한신,59.22,5,1992,17000,30,2017-10-17,,,,,
동대문구,11230,답십리동,42,11230-19,동답한신,82.39,9,1992,31000,0,2017-10-27,,,,,
동대문구,11230,답십리동,464-1,11230-17,신답극동,105.59,5,1987,6000,0,2017-10-23,,,,,
동대문구,11230,답십리동,464-1,11230-17,신답극동,105.59,9,1987,32000,0,2017-10-24,,,,,
동대문구,11230,답십리동,488-18,11230-2370,센시티16,14.244,2,2013,8000,0,2017-10-13,,,,,
동대문구,11230,답십리동,488-18,11230-2370,센시티16,14.244,9,2013,500,50,2017-10-27,,,,,
동대문구,11230,답십리동,493-5,11230-30,클래식타워,120.1,17,1999,2500,125,2017-10-01,,,,,
동대문구,11230,답십리동,497-23,11230-2510,청계푸르지오시티,18.92,17,2015,3000,50,2017-10-18,,,,,
동대문구,11230,답십리동,497-23,11230-2510,청계푸르지오시티,30.42,14,2015,1000,105,2017-10-17,17.10~18.10,신규,,,
동대문구,11230,답십리동,530-15,11230-2682,현대썬앤빌청계,14.21,11,2016,12000,0,2017-10-02,,,,,
동대문구,11230,답십리동,530-15,11230-2682,현대썬앤빌청계,14.82,7,2016,3500,35,2017-10-31,,,,,
동대문구,11230,답십리동,530-15,11230-2682,현대썬앤빌청계,23.52,11,2016,1500,50,2017-10-22,,,,,
동대문구,11230,답십리동,530-5,11230-23,삼희,69.57,6,1983,25000,0,2017-10-13,,,,,
동대문구,11230,답십리동,80,11230-2177,답십리청솔우성(임대),32.86,16,2000,2735,0,2017-10-19,17.10~19.09,신규,,,
동대문구,11230,답십리동,80,11230-26,답십리청솔우성,114.76,17,2000,40000,0,2017-10-26,,,,,
동대문구,11230,답십리동,80,11230-26,답십리청솔우성,84.94,1,2000,35000,0,2017-10-01,,,,,
동대문구,11230,답십리동,808,11230-31,대림,84.66,18,2003,36000,0,2017-10-19,,,,,
동대문구,11230,답십리동,990,11230-22,두산,84.83,6,2000,38000,0,2017-10-12,,,,,
동대문구,11230,답십리동,990-1,11230-2180,답십리두산(임대),32.93,5,2000,3272,1,2017-10-24,,,,,
동대문구,11230,답십리동,998,11230-2036,두산위브,59.91,14,2007,38000,0,2017-10-31,,,,,
동대문구,11230,답십리동,998,11230-2036,두산위브,59.91,6,2007,37000,0,2017-10-26,,,,,
동대문구,11230,답십리동,998,11230-2036,두산위브,59.91,7,2007,10000,85,2017-10-14,,,,,
동대문구,11230,답십리동,999,11230-2037,청계벽산메가트리움,59.93,2,2006,30000,0,2017-10-20,,,,,
동대문구,11230,용두동,104-3,11230-2647,동대문푸르지오시티(도시형생활주택),30.11,20,2016,7000,75,2017-10-27,17.11~19.11,신규,,,
동대문구,11230,용두동,138-59,11230-2439,리안빌딩,44.22,4,2014,20000,0,2017-10-31,17.12~19.12,신규,,,
동대문구,11230,용두동,255-66,11230-2076,청계천대성스카이렉스2,84.99,12,2007,40000,0,2017-10-09,17.10~19.10,갱신,,34000,
동대문구,11230,용두동,255-66,11230-2076,청계천대성스카이렉스2,84.99,15,2007,38500,0,2017-10-26,17.10~19.03,갱신,,35000,
동대문구,11230,용두동,779,11230-2,신동아,49.68,5,1994,23000,0,2017-10-11,17.12~19.12,신규,,,
동대문구,11230,용두동,779,11230-2,신동아,49.68,8,1994,5000,65,2017-10-16,17.11~18.11,신규,,,
동대문구,11230,용두동,779,11230-2,신동아,58.59,9,1994,22000,10,2017-10-29,18.01~20.01,갱신,,19500,
동대문구,11230,용두동,779,11230-2,신동아,84.63,2,1994,35000,0,2017-10-17,17.12~19.12,신규,,,
동대문구,11230,용두동,779,11230-2,신동아,84.63,8,1994,5000,100,2017-10-21,17.11~19.11,신규,,,
동대문구,11230,용두동,790,11230-2159,롯데캐슬피렌체,26.08,11,2009,22000,0,2017-10-11,17.10~19.10,신규,,,
동대문구,11230,용두동,790,11230-2159,롯데캐슬피렌체,26.08,14,2009,20000,0,2017-10-28,17.11~19.11,신규,,,
동대문구,11230,용두동,790,11230-2159,롯데캐슬피렌체,26.08,8,2009,2000,70,2017-10-19,,,,,
동대문구,11230,용두동,790,11230-2159,롯데캐슬피렌체,30.4,14,2009,23000,0,2017-10-31,17.11~19.11,신규,,,
동대문구,11230,용두동,790,11230-2159,롯데캐슬피렌체,30.4,6,2009,8000,50,2017-10-14,17.11~19.11,신규,,,
동대문구,11230,용두동,790,11230-2159,롯데캐슬피렌체,30.4,9,2009,23000,0,2017-10-09,17.10~19.10,신규,,,
동대문구,11230,용두동,792,11230-2198,래미안 허브리츠,114.96,9,2011,50000,0,2017-10-10,17.10~19.10,신규,,,
동대문구,11230,용두동,792,11230-2198,래미안 허브리츠,114.98,10,2011,42000,50,2017-10-26,17.11~19.11,신규,,,
동대문구,11230,용두동,792,11230-2198,래미안 허브리츠,114.98,20,2011,65000,0,2017-10-26,18.01~20.01,신규,,,
동대문구,11230,용두동,792,11230-2198,래미안 허브리츠,59.98,12,2011,37900,0,2017-10-26,17.10~17.11,신규,,,
동대문구,11230,용두동,792,11230-2198,래미안 허브리츠,59.98,16,2011,43000,0,2017-10-28,17.12~19.12,신규,,,
동대문구,11230,용두동,792,11230-2198,래미안 허브리츠,59.98,16,2011,44000,0,2017-10-26,17.10~19.10,신규,,,
동대문구,11230,용두동,792,11230-2198,래미안 허브리츠,84.96,9,2011,50000,0,2017-10-23,17.10~18.10,신규,,,
동대문구,11230,용두동,794,11230-2518,용두롯데캐슬리치,84.5011,14,2015,55000,0,2017-10-27,17.10~18.03,신규,,,
동대문구,11230,이문동,225,11230-65,대림e-편한세상,59.958,12,2003,35000,0,2017-10-27,,,,,
동대문구,11230,이문동,225,11230-65,대림e-편한세상,79.35,22,2003,33000,0,2017-10-25,,,,,
동대문구,11230,이문동,225,11230-65,대림e-편한세상,79.35,4,2003,40000,0,2017-10-30,,,,,
동대문구,11230,이문동,225,11230-65,대림e-편한세상,84.972,23,2003,9000,0,2017-10-20,,,,,
동대문구,11230,이문동,311,11230-125,래미안이문2차,84.61,5,2004,43000,0,2017-10-16,,,,,
동대문구,11230,이문동,425,11230-60,이문삼성래미안아파트,114.988,1,2001,40000,0,2017-10-05,,,,,
동대문구,11230,이문동,425,11230-60,이문삼성래미안아파트,114.988,3,2001,40000,30,2017-10-16,,,,,
동대문구,11230,이문동,427,11230-2077,이문2차푸르지오,84.98,12,2007,36500,0,2017-10-09,,,,,
동대문구,11230,이문동,428,11230-2126,신이문금호어울림,84.84,11,2008,41000,0,2017-10-28,,,,,
동대문구,11230,이문동,428,11230-2126,신이문금호어울림,84.84,8,2008,40000,0,2017-10-21,,,,,
동대문구,11230,이문동,45,11230-59,대우,114.521,10,2001,20000,65,2017-10-25,,,,,
동대문구,11230,이문동,45,11230-59,대우,84.891,12,2001,3000,0,2017-10-14,,,,,
동대문구,11230,이문동,54,11230-63,현대,59.92,11,2000,27000,0,2017-10-20,,,,,
동대문구,11230,이문동,54,11230-63,현대,59.92,23,2000,27500,0,2017-10-07,,,,,
동대문구,11230,이문동,54,11230-63,현대,59.92,4,2000,28000,0,2017-10-21,,,,,
동대문구,11230,이문동,54,11230-63,현대,84.58,4,2000,33000,0,2017-10-25,,,,,
동대문구,11230,이문동,64,11230-62,쌍용,59.99,12,2000,30000,0,2017-10-22,,,,,
동대문구,11230,이문동,64,11230-62,쌍용,59.99,14,2000,29000,0,2017-10-17,,,,,
동대문구,11230,이문동,64,11230-62,쌍용,59.99,16,2000,30000,0,2017-10-12,,,,,
동대문구,11230,이문동,64,11230-62,쌍용,59.99,16,2000,30000,0,2017-10-13,,,,,
동대문구,11230,이문동,64,11230-62,쌍용,59.99,21,2000,15000,40,2017-10-08,,,,,
동대문구,11230,이문동,64,11230-62,쌍용,59.99,23,2000,29000,0,2017-10-01,,,,,
동대문구,11230,이문동,64,11230-62,쌍용,59.99,24,2000,29000,0,2017-10-16,,,,,
동대문구,11230,이문동,64,11230-62,쌍용,59.99,9,2000,31000,0,2017-10-31,,,,,
동대문구,11230,이문동,64-1,11230-2000,쌍용아파트(임대),30.36,14,2000,1124,15,2017-10-30,,,,,
동대문구,11230,이문동,73,11230-61,삼익,59.95,3,1997,28000,0,2017-10-30,,,,,
동대문구,11230,장안동,329-2,11230-2078,장안힐스테이트,59.539,23,2007,37000,0,2017-10-16,,,,,
동대문구,11230,장안동,329-2,11230-2078,장안힐스테이트,59.885,1,2007,3000,110,2017-10-19,,,,,
동대문구,11230,장안동,329-2,11230-2078,장안힐스테이트,59.885,11,2007,35000,0,2017-10-14,,,,,
동대문구,11230,장안동,329-2,11230-2078,장안힐스테이트,59.885,15,2007,12000,80,2017-10-28,,,,,
동대문구,11230,장안동,329-2,11230-2078,장안힐스테이트,59.885,20,2007,38500,0,2017-10-21,,,,,
동대문구,11230,장안동,329-2,11230-2078,장안힐스테이트,59.928,11,2007,37000,0,2017-10-12,,,,,
동대문구,11230,장안동,329-2,11230-2078,장안힐스테이트,84.568,22,2007,46000,0,2017-10-19,,,,,
동대문구,11230,장안동,329-2,11230-2078,장안힐스테이트,84.789,7,2007,46000,0,2017-10-17,,,,,
동대문구,11230,장안동,329-2,11230-2078,장안힐스테이트,84.854,4,2007,45500,0,2017-10-19,,,,,
동대문구,11230,장안동,329-2,11230-2078,장안힐스테이트,84.897,4,2007,45000,0,2017-10-12,,,,,
동대문구,11230,장안동,329-3,11230-129,래미안장안2차,112.92,10,2007,6000,160,2017-10-31,,,,,
동대문구,11230,장안동,329-3,11230-129,래미안장안2차,112.92,14,2007,50000,0,2017-10-27,,,,,
동대문구,11230,장안동,329-3,11230-129,래미안장안2차,64.85,20,2007,39000,0,2017-10-20,,,,,
동대문구,11230,장안동,329-3,11230-129,래미안장안2차,81.05,18,2007,43000,0,2017-10-31,,,,,
동대문구,11230,장안동,329-3,11230-129,래미안장안2차,81.05,19,2007,40000,0,2017-10-24,,,,,
동대문구,11230,장안동,329-3,11230-129,래미안장안2차,81.05,22,2007,20000,70,2017-10-18,,,,,
동대문구,11230,장안동,329-3,11230-129,래미안장안2차,81.05,24,2007,43000,0,2017-10-16,,,,,
동대문구,11230,장안동,329-3,11230-129,래미안장안2차,81.05,6,2007,3000,135,2017-10-30,,,,,
동대문구,11230,장안동,335-8,11230-1971,르미에르장안타운5차,84.85,11,2005,24000,0,2017-10-11,,,,,
동대문구,11230,장안동,336,11230-81,장안현대홈타운(336),112.78,15,2003,48000,0,2017-10-23,,,,,
동대문구,11230,장안동,336,11230-81,장안현대홈타운(336),58.42,26,2003,32000,0,2017-10-10,,,,,
동대문구,11230,장안동,336,11230-81,장안현대홈타운(336),58.42,27,2003,10000,60,2017-10-16,,,,,
동대문구,11230,장안동,336,11230-81,장안현대홈타운(336),58.42,4,2003,37000,0,2017-10-06,,,,,
동대문구,11230,장안동,336,11230-81,장안현대홈타운(336),59.61,15,2003,38000,0,2017-10-19,,,,,
동대문구,11230,장안동,336,11230-81,장안현대홈타운(336),84.78,10,2003,41000,0,2017-10-20,,,,,
동대문구,11230,장안동,336,11230-81,장안현대홈타운(336),84.87,12,2003,45000,0,2017-10-24,,,,,
동대문구,11230,장안동,336,11230-81,장안현대홈타운(336),84.87,13,2003,43000,0,2017-10-31,,,,,
동대문구,11230,장안동,336,11230-81,장안현대홈타운(336),84.87,14,2003,41000,0,2017-10-10,,,,,
동대문구,11230,장안동,342-11,11230-126,르메이에르장안타운II(342-11),105.51,9,2005,36000,0,2017-10-16,,,,,
동대문구,11230,장안동,342-21,11230-2667,월튼파크뷰(342-21),46.405,5,2016,27000,0,2017-10-20,,,,,
동대문구,11230,장안동,344-8,11230-2300,태솔타운(1차),49.77,5,2012,23000,0,2017-10-26,,,,,
동대문구,11230,장안동,354-2,11230-70,래미안장안,115.681,11,2003,6000,160,2017-10-19,,,,,
동대문구,11230,장안동,354-2,11230-70,래미안장안,59.86,8,2003,38000,0,2017-10-13,,,,,
동대문구,11230,장안동,354-2,11230-70,래미안장안,84.774,17,2003,10000,110,2017-10-30,,,,,
동대문구,11230,장안동,358-18,11230-109,SM이로빌3차(358-18),84.87,7,2004,28000,0,2017-10-12,,,,,
동대문구,11230,장안동,365-4,11230-2240,서희스타힐스,51.07,13,2013,15000,40,2017-10-13,,,,,
동대문구,11230,장안동,365-4,11230-2240,서희스타힐스,80.53,9,2013,20000,55,2017-10-24,,,,,
동대문구,11230,장안동,365-4,11230-2240,서희스타힐스,80.53,9,2013,34000,0,2017-10-27,,,,,
동대문구,11230,장안동,365-4,11230-2240,서희스타힐스,80.82,6,2013,32000,0,2017-10-11,,,,,
동대문구,11230,장안동,371-1,11230-38,장안삼성쉐르빌,102.31,30,2002,34000,0,2017-10-20,,,,,
동대문구,11230,장안동,371-1,11230-38,장안삼성쉐르빌,122.58,25,2002,40000,0,2017-10-28,,,,,
동대문구,11230,장안동,371-1,11230-38,장안삼성쉐르빌,127.75,25,2002,10000,110,2017-10-24,,,,,
동대문구,11230,장안동,371-1,11230-38,장안삼성쉐르빌,98.5,23,2002,10000,90,2017-10-11,,,,,
동대문구,11230,장안동,372-5,11230-2274,장안뉴시티,17.63,12,2012,500,50,2017-10-19,,,,,
동대문구,11230,장안동,374-9,11230-2649,가우디트윈캐슬1,41.26,14,2016,2000,80,2017-10-17,,,,,
동대문구,11230,장안동,380-1,11230-112,공감대(380-1),84.95,4,2004,30000,0,2017-10-31,,,,,
동대문구,11230,장안동,417-11,11230-117,형인허브빌102동(417-11),78.81,8,2004,30000,0,2017-10-23,,,,,
동대문구,11230,장안동,455-10,11230-2140,JS아파트,62.37,2,2008,25000,0,2017-10-16,,,,,
동대문구,11230,장안동,466-5,11230-2389,장안푸르미에,12.6512,5,2013,10000,0,2017-10-18,,,,,
동대문구,11230,장안동,466-5,11230-2389,장안푸르미에,12.9463,4,2013,200,50,2017-10-19,,,,,
동대문구,11230,장안동,565,11230-1980,대명이룸아파트(565-0),82.85,6,2005,34000,0,2017-10-19,17.12~19.12,신규,,,
동대문구,11230,장안동,565,11230-1980,대명이룸아파트(565-0),82.85,6,2005,34000,0,2017-10-19,17.12~19.12,신규,,,
동대문구,11230,장안동,567,11230-1982,신일해피트리2차(567),79.51,9,2005,27000,0,2017-10-14,,,,,
동대문구,11230,장안동,567,11230-1982,신일해피트리2차(567),84.83,3,2005,34500,0,2017-10-30,,,,,
동대문구,11230,장안동,569,11230-1973,현대홈타운2차,84.97,1,2005,36000,0,2017-10-15,,,,,
동대문구,11230,장안동,581,11230-2249,일성트루엘,59.9819,6,2012,27000,0,2017-10-06,,,,,
동대문구,11230,장안동,581,11230-2249,일성트루엘,84.9216,9,2012,20000,0,2017-10-23,,,,,
동대문구,11230,장안동,95-1,11230-36,장안현대,95.44,9,1984,26000,0,2017-10-16,,,,,
동대문구,11230,장안동,95-1,11230-36,장안현대,95.45,4,1984,21000,0,2017-10-21,,,,,
동대문구,11230,전농동,10,11230-10,전농SK,114.3,11,2000,42000,0,2017-10-17,,,,,
동대문구,11230,전농동,10,11230-10,전농SK,114.3,4,2000,40000,0,2017-10-23,,,,,
동대문구,11230,전농동,10,11230-10,전농SK,84.84,15,2000,41000,0,2017-10-08,,,,,
동대문구,11230,전농동,10,11230-10,전농SK,84.95,13,2000,8000,100,2017-10-18,,,,,
동대문구,11230,전농동,10,11230-10,전농SK,84.95,13,2000,8000,100,2017-10-18,,,,,
동대문구,11230,전농동,10,11230-10,전농SK,84.95,19,2000,39000,0,2017-10-10,,,,,
동대문구,11230,전농동,10,11230-10,전농SK,84.95,4,2000,39000,0,2017-10-17,,,,,
동대문구,11230,전농동,10-1,11230-2173,전농SK(임대),32.77,7,2000,3288,2,2017-10-25,,,,,
동대문구,11230,전농동,155,11230-9,전농동삼성래미안,114.89,16,2000,4000,150,2017-10-25,,,,,
동대문구,11230,전농동,155,11230-9,전농동삼성래미안,114.89,18,2000,42000,0,2017-10-14,,,,,
동대문구,11230,전농동,155,11230-9,전농동삼성래미안,84.98,6,2000,38000,0,2017-10-15,,,,,
동대문구,11230,전농동,6,11230-12,전농우성,115.56,9,1992,8000,90,2017-10-12,,,,,
동대문구,11230,전농동,6,11230-12,전농우성,126.63,6,1992,41000,0,2017-10-26,,,,,
동대문구,11230,전농동,6,11230-12,전농우성,59.78,7,1992,3000,80,2017-10-01,,,,,
동대문구,11230,전농동,6,11230-12,전농우성,59.78,9,1992,24000,0,2017-10-19,,,,,
동대문구,11230,전농동,645-2,11230-8,동아,114.81,19,1997,10000,100,2017-10-27,,,,,
동대문구,11230,전농동,645-2,11230-8,동아,70.03,21,1997,31000,0,2017-10-20,,,,,
동대문구,11230,전농동,645-2,11230-8,동아,83.01,15,1997,15000,60,2017-10-28,,,,,
동대문구,11230,전농동,687,11230-1966,전농동신성미소지움,55.371,14,2005,32000,0,2017-10-13,17.11~19.11,신규,,,
동대문구,11230,전농동,687,11230-1966,전농동신성미소지움,55.371,2,2005,28000,0,2017-10-09,,,,,
동대문구,11230,전농동,687,11230-1966,전농동신성미소지움,80.325,12,2005,41000,0,2017-10-29,,,,,
동대문구,11230,전농동,688,11230-2222,래미안아름숲,84.92,6,2012,45500,0,2017-10-27,,,,,
동대문구,11230,전농동,689,11230-2269,와이시티휘경,16.71,3,2012,4000,25,2017-10-25,,,,,
동대문구,11230,전농동,689,11230-2269,와이시티휘경,16.71,7,2012,3000,35,2017-10-18,,,,,
동대문구,11230,전농동,690,11230-2578,래미안크레시티,121.93,11,2014,60000,0,2017-10-18,,,,,
동대문구,11230,전농동,690,11230-2578,래미안크레시티,121.93,19,2014,37000,80,2017-10-23,,,,,
동대문구,11230,전농동,690,11230-2578,래미안크레시티,121.93,4,2014,68000,0,2017-10-31,,,,,
동대문구,11230,전농동,690,11230-2578,래미안크레시티,59.99,1,2014,41000,0,2017-10-31,,,,,
동대문구,11230,전농동,690,11230-2578,래미안크레시티,59.99,10,2014,43000,0,2017-10-12,,,,,
동대문구,11230,전농동,690,11230-2578,래미안크레시티,59.99,11,2014,43000,0,2017-10-13,17.12~19.12,신규,,,
동대문구,11230,전농동,690,11230-2578,래미안크레시티,59.99,4,2014,40000,0,2017-10-27,,,,,
동대문구,11230,전농동,690,11230-2578,래미안크레시티,84.96,10,2014,37000,0,2017-10-14,17.10~19.10,신규,,,
동대문구,11230,전농동,690,11230-2578,래미안크레시티,84.96,11,2014,30000,50,2017-10-26,,,,,
동대문구,11230,전농동,690,11230-2578,래미안크레시티,84.96,11,2014,49000,0,2017-10-16,,,,,
동대문구,11230,전농동,690,11230-2578,래미안크레시티,84.96,21,2014,50000,0,2017-10-28,17.12~19.12,신규,,,
동대문구,11230,전농동,690,11230-2578,래미안크레시티,84.96,3,2014,10000,130,2017-10-06,,,,,
동대문구,11230,전농동,690,11230-2578,래미안크레시티,84.96,3,2014,50000,0,2017-10-20,,,,,
동대문구,11230,전농동,690,11230-2578,래미안크레시티,84.98,10,2014,51000,0,2017-10-21,,,,,
동대문구,11230,전농동,690,11230-2578,래미안크레시티,84.98,11,2014,52000,0,2017-10-31,,,,,
동대문구,11230,제기동,1212,11230-5,한신아파트,114.885,10,2004,41000,0,2017-10-16,,,,,
동대문구,11230,제기동,1212,11230-5,한신아파트,114.885,20,2004,32000,40,2017-10-22,,,,,
동대문구,11230,제기동,1212,11230-5,한신아파트,114.885,3,2004,12000,110,2017-10-11,,,,,
동대문구,11230,제기동,1212,11230-5,한신아파트,114.885,5,2004,3000,150,2017-10-06,,,,,
동대문구,11230,제기동,1212,11230-5,한신아파트,59.84,14,2004,30000,0,2017-10-12,,,,,
동대문구,11230,제기동,1212,11230-5,한신아파트,59.84,17,2004,15000,50,2017-10-20,,,,,
동대문구,11230,제기동,1212,11230-5,한신아파트,59.84,3,2004,15000,50,2017-10-27,,,,,
동대문구,11230,제기동,1212,11230-5,한신아파트,59.84,7,2004,33000,0,2017-10-17,,,,,
동대문구,11230,제기동,1212,11230-5,한신아파트,84.76,9,2004,37000,0,2017-10-27,,,,,
동대문구,11230,제기동,1212-1,11230-2172,제기한신113동(임대),32.76,9,2004,4046,0,2017-10-26,,,,,
동대문구,11230,제기동,153,11230-84,안암골벽산,116.69,12,2003,45000,0,2017-10-23,,,,,
동대문구,11230,제기동,153,11230-84,안암골벽산,84.98,12,2003,10000,80,2017-10-05,,,,,
동대문구,11230,제기동,153,11230-84,안암골벽산,84.98,6,2003,10000,95,2017-10-05,,,,,
동대문구,11230,제기동,892-66,11230-6,현대,90.95,24,1999,37000,0,2017-10-21,,,,,
동대문구,11230,제기동,892-68,11230-3,경동미주,96.96,4,1977,35000,0,2017-10-01,,,,,
동대문구,11230,청량리동,213,11230-2202,홍릉동부(임대),33.205,5,2001,3550,0,2017-10-23,,,,,
동대문구,11230,청량리동,213,11230-2202,홍릉동부(임대),33.205,5,2001,3929,3,2017-10-25,,,,,
동대문구,11230,청량리동,234-2,11230-45,현대,82.18,1,1987,20000,0,2017-10-16,,,,,
동대문구,11230,청량리동,235-1,11230-43,미주,101.59,2,1978,28000,0,2017-10-10,,,,,
동대문구,11230,청량리동,235-1,11230-43,미주,101.65,10,1978,19500,0,2017-10-26,,,,,
동대문구,11230,청량리동,235-1,11230-43,미주,101.65,15,1978,8000,70,2017-10-19,,,,,
동대문구,11230,청량리동,235-1,11230-43,미주,127.11,7,1978,32000,0,2017-10-10,,,,,
동대문구,11230,청량리동,235-1,11230-43,미주,137.42,5,1978,35000,0,2017-10-27,,,,,
동대문구,11230,청량리동,235-1,11230-43,미주,86.78,10,1978,25000,0,2017-10-24,,,,,
동대문구,11230,청량리동,60,11230-44,한신,114.95,8,1997,20000,60,2017-10-30,17.10~19.10,신규,,,
동대문구,11230,청량리동,60,11230-44,한신,59.97,11,1997,16000,45,2017-10-17,,,,,
동대문구,11230,청량리동,60,11230-44,한신,59.97,11,1997,29000,0,2017-10-16,,,,,
동대문구,11230,청량리동,60,11230-44,한신,59.97,7,1997,29500,0,2017-10-14,,,,,
동대문구,11230,청량리동,949,11230-2029,샹그레빌아파트,79.984,8,2004,33000,0,2017-10-18,,,,,
동대문구,11230,청량리동,949,11230-2029,샹그레빌아파트,80.16,4,2004,29000,0,2017-10-02,,,,,
동대문구,11230,회기동,351,11230-2239,회기힐스테이트,84.99,10,2011,37000,40,2017-10-21,,,,,
동대문구,11230,회기동,351,11230-2239,회기힐스테이트,84.99,13,2011,50000,0,2017-10-29,,,,,
동대문구,11230,회기동,65,11230-48,신현대,55.89,4,1989,25000,0,2017-10-10,,,,,
동대문구,11230,회기동,65,11230-48,신현대,60.48,3,1989,5000,70,2017-10-16,,,,,
동대문구,11230,회기동,65,11230-48,신현대,60.48,5,1989,29000,0,2017-10-27,17.10~19.10,신규,,,
동대문구,11230,회기동,65,11230-48,신현대,72.27,11,1989,10000,80,2017-10-24,,,,,
동대문구,11230,회기동,65,11230-48,신현대,84.96,1,1989,22000,35,2017-10-14,,,,,
동대문구,11230,회기동,65,11230-48,신현대,84.96,4,1989,3000,110,2017-10-16,,,,,
동대문구,11230,회기동,67-3,11230-2744,민족통일MJ캠퍼스경희대,23.16,8,2017,24000,0,2017-10-21,,,,,
동대문구,11230,회기동,77-40,11230-2771,한성베스트빌,24.3,4,2017,20000,0,2017-10-28,,,,,
동대문구,11230,회기동,77-40,11230-2771,한성베스트빌,32.4,10,2017,24000,0,2017-10-19,,,,,
동대문구,11230,휘경동,109,11230-75,롯데낙천대,59.94,14,2003,32000,0,2017-10-23,,,,,
동대문구,11230,휘경동,367,11230-2232,휘경센트레빌,114.99,6,2011,20000,100,2017-10-23,,,,,
동대문구,11230,휘경동,367,11230-2233,휘경센트레빌(임대),38.53,6,2011,6800,0,2017-10-24,,,,,
동대문구,11230,휘경동,368,11230-2283,브라운스톤휘경,59.78,13,2013,25000,50,2017-10-15,,,,,
동대문구,11230,휘경동,368,11230-2283,브라운스톤휘경,59.95,1,2013,33000,0,2017-10-14,,,,,
동대문구,11230,휘경동,368,11230-2283,브라운스톤휘경,84.74,3,2013,41500,0,2017-10-16,,,,,
동대문구,11230,휘경동,43-66,11230-55,휘경,69.72,5,1972,5400,0,2017-10-30,,,,,
동대문구,11230,휘경동,52,11230-58,휘경베스트빌현대,59.92,6,2000,27000,0,2017-10-30,,,,,
동대문구,11230,휘경동,52,11230-58,휘경베스트빌현대,84.99,7,2000,35000,0,2017-10-16,,,,,
동대문구,11230,휘경동,57,11230-53,휘경리오포레아파트(1단지),114.73,5,2001,2000,30,2017-10-17,,,,,
동대문구,11230,휘경동,57,11230-53,휘경리오포레아파트(1단지),114.96,20,2001,45000,0,2017-10-10,,,,,
동대문구,11230,휘경동,57,11230-53,휘경리오포레아파트(1단지),84.29,9,2001,39000,0,2017-10-21,,,,,
동대문구,11230,휘경동,57,11230-64,휘경리오포레아파트(2단지),39.98,10,2001,23000,0,2017-10-30,,,,,
동대문구,11230,휘경동,57,11230-64,휘경리오포레아파트(2단지),59.13,18,2001,5000,80,2017-10-23,,,,,
동대문구,11230,휘경동,57,11230-64,휘경리오포레아파트(2단지),59.13,25,2001,5000,75,2017-10-25,,,,,
동대문구,11230,휘경동,57,11230-64,휘경리오포레아파트(2단지),59.79,16,2001,29000,0,2017-10-22,,,,,
동대문구,11230,휘경동,57,11230-64,휘경리오포레아파트(2단지),59.79,8,2001,32000,0,2017-10-31,,,,,
동대문구,11230,휘경동,78,11230-50,롯데,59.94,14,2000,20000,30,2017-10-19,,,,,
동작구,11590,노량진동,323,11590-5,우성,124.77,6,1997,48000,0,2017-10-23,,,,,
동작구,11590,노량진동,323,11590-5,우성,59.82,10,1997,36000,0,2017-10-19,17.11~19.11,신규,,,
동작구,11590,노량진동,323,11590-5,우성,84.84,17,1997,5000,115,2017-10-13,,,,,
동작구,11590,노량진동,323,11590-5,우성,84.96,1,1997,44000,0,2017-10-29,,,,,
동작구,11590,노량진동,323,11590-5,우성,84.96,2,1997,44000,0,2017-10-11,,,,,
동작구,11590,노량진동,325,11590-4,신동아리버파크,114.75,10,2001,52000,0,2017-10-26,,,,,
동작구,11590,노량진동,325,11590-4,신동아리버파크,114.75,5,2001,52000,0,2017-10-09,,,,,
동작구,11590,노량진동,325,11590-4,신동아리버파크,59.67,11,2001,31000,14,2017-10-29,,,,,
동작구,11590,노량진동,325,11590-4,신동아리버파크,59.67,14,2001,37000,0,2017-10-21,,,,,
동작구,11590,노량진동,325,11590-4,신동아리버파크,59.67,16,2001,10000,80,2017-10-11,,,,,
동작구,11590,노량진동,325,11590-4,신동아리버파크,59.67,4,2001,20000,50,2017-10-11,,,,,
동작구,11590,노량진동,325,11590-4,신동아리버파크,59.67,5,2001,30000,20,2017-10-18,,,,,
동작구,11590,노량진동,325,11590-4,신동아리버파크,59.67,8,2001,35000,0,2017-10-22,,,,,
동작구,11590,노량진동,325,11590-4,신동아리버파크,84.88,15,2001,30000,40,2017-10-27,,,,,
동작구,11590,노량진동,325,11590-4,신동아리버파크,84.88,16,2001,5000,120,2017-10-19,,,,,
동작구,11590,노량진동,325,11590-4,신동아리버파크,84.88,24,2001,44000,0,2017-10-30,,,,,
동작구,11590,노량진동,325,11590-4,신동아리버파크,84.88,3,2001,44000,0,2017-10-30,,,,,
동작구,11590,노량진동,326,11590-3291,SHVille(임대),32.76,10,2001,1180,16,2017-10-12,,,,,
동작구,11590,노량진동,326,11590-3291,SHVille(임대),32.76,14,2001,1180,16,2017-10-11,,,,,
동작구,11590,노량진동,326,11590-3291,SHVille(임대),32.76,21,2001,1090,15,2017-10-11,,,,,
동작구,11590,노량진동,331,11590-6,형인한강,76.05,8,2001,37000,0,2017-10-17,,,,,
동작구,11590,노량진동,332,11590-3742,쌍용예가,114.685,6,2010,58000,0,2017-10-31,,,,,
동작구,11590,노량진동,57-1,11590-4413,메가스터디타워,15.974,12,2015,17000,0,2017-10-27,,,,,
동작구,11590,노량진동,57-1,11590-4413,메가스터디타워,15.974,13,2015,18000,0,2017-10-13,,,,,
동작구,11590,노량진동,57-1,11590-4413,메가스터디타워,15.974,16,2015,17000,0,2017-10-27,,,,,
동작구,11590,노량진동,57-1,11590-4413,메가스터디타워,15.974,19,2015,1000,73,2017-10-17,,,,,
동작구,11590,노량진동,57-1,11590-4413,메가스터디타워,16.01,11,2015,18000,0,2017-10-16,,,,,
동작구,11590,대방동,500,11590-59,성원,84.32,2,1994,40000,25,2017-10-18,,,,,
동작구,11590,대방동,501,11590-57,대림아파트,59.84,1,1993,35000,0,2017-10-24,,,,,
동작구,11590,대방동,501,11590-57,대림아파트,59.84,11,1993,37000,0,2017-10-17,,,,,
동작구,11590,대방동,501,11590-57,대림아파트,59.84,12,1993,39000,0,2017-10-21,,,,,
동작구,11590,대방동,501,11590-57,대림아파트,59.84,18,1993,37000,0,2017-10-23,,,,,
동작구,11590,대방동,501,11590-57,대림아파트,59.84,3,1993,15000,60,2017-10-10,,,,,
동작구,11590,대방동,501,11590-57,대림아파트,59.84,6,1993,37000,0,2017-10-12,,,,,
동작구,11590,대방동,501,11590-57,대림아파트,84.92,14,1993,60000,0,2017-10-10,,,,,
동작구,11590,대방동,501,11590-57,대림아파트,84.92,2,1993,52000,0,2017-10-12,,,,,
동작구,11590,대방동,501,11590-57,대림아파트,84.92,3,1993,15000,75,2017-10-28,17.10~19.10,갱신,,45000,
동작구,11590,대방동,502,11590-84,대방동현대,84.96,14,1994,42000,0,2017-10-18,,,,,
동작구,11590,대방동,502,11590-84,대방동현대,84.96,17,1994,20000,60,2017-10-28,,,,,
동작구,11590,대방동,503,11590-63,주공2,51.66,6,1995,23000,0,2017-10-21,,,,,
동작구,11590,대방동,503,11590-63,주공2,58.65,2,1995,33000,0,2017-10-18,,,,,
동작구,11590,대방동,503,11590-63,주공2,58.65,5,1995,35500,0,2017-10-20,,,,,
동작구,11590,대방동,503,11590-63,주공2,59.97,10,1995,37000,0,2017-10-07,,,,,
동작구,11590,대방동,503,11590-63,주공2,59.97,3,1995,12000,60,2017-10-13,,,,,
동작구,11590,대방동,503,11590-63,주공2,59.97,5,1995,35000,0,2017-10-13,,,,,
동작구,11590,대방동,503,11590-63,주공2,59.97,9,1995,28000,20,2017-10-24,,,,,
동작구,11590,대방동,504,11590-64,한국개나리,59.85,14,1997,30000,0,2017-10-23,,,,,
동작구,11590,대방동,505,11590-61,우정,84.6,10,1999,37000,0,2017-10-21,17.11~19.10,신규,,,
동작구,11590,대방동,505,11590-61,우정,84.6,21,1999,40000,0,2017-10-27,,,,,
동작구,11590,대방동,506,11590-65,현대홈타운2,84.94,5,1999,44000,0,2017-10-25,,,,,
동작구,11590,대방동,507,11590-93,대방2차e-편한세상,131.637,4,2003,64000,0,2017-10-18,,,,,
동작구,11590,대방동,507,11590-93,대방2차e-편한세상,131.637,9,2003,65000,0,2017-10-26,,,,,
동작구,11590,대방동,508,11590-94,대방1차e-편한세상,84.32,11,2003,20000,110,2017-10-17,,,,,
동작구,11590,대방동,508,11590-94,대방1차e-편한세상,84.32,12,2003,40000,35,2017-10-17,18.01~21.01,갱신,,22000,60
동작구,11590,대방동,509,11590-3281,보라매코오롱하늘채,84.7,7,2005,44000,0,2017-10-23,,,,,
동작구,11590,대방동,510,11590-3282,신일해피트리,59.8165,17,2005,40000,0,2017-10-18,,,,,
동작구,11590,대방동,512,11590-3323,경남아너스빌,84.688,1,2006,51000,0,2017-10-28,,,,,
동작구,11590,대방동,512,11590-3323,경남아너스빌,84.688,3,2006,54000,0,2017-10-14,,,,,
동작구,11590,대방동,515,11590-3964,아데나339,15.36,3,2012,1000,55,2017-10-12,,,,,
동작구,11590,대방동,99-1,11590-194,(99-1),71.025,2,2001,26000,0,2017-10-14,,,,,
동작구,11590,동작동,331,11590-95,금강KCC,115.53,16,2003,58000,0,2017-10-31,,,,,
동작구,11590,동작동,331,11590-95,금강KCC,59.72,4,2003,38000,0,2017-10-28,,,,,
동작구,11590,동작동,331,11590-95,금강KCC,84.95,20,2003,10000,0,2017-10-17,,,,,
동작구,11590,동작동,332,11590-3322,이수교KCC스위첸,120.71,1,2006,63000,0,2017-10-27,,,,,
동작구,11590,동작동,333,11590-4023,이수힐스테이트,59.942,8,2013,53000,0,2017-10-30,,,,,
동작구,11590,본동,148-2,11590-28,극동강변,84.73,1,1992,35000,0,2017-10-30,,,,,
동작구,11590,본동,150,11590-31,한강쌍용,59.64,7,1999,34000,0,2017-10-14,,,,,
동작구,11590,본동,150,11590-31,한강쌍용,59.64,7,1999,34000,10,2017-10-14,,,,,
동작구,11590,본동,481,11590-29,신동아,104.7,3,1993,43500,0,2017-10-31,,,,,
동작구,11590,본동,481,11590-29,신동아,46.75,5,1993,12000,0,2017-10-17,,,,,
동작구,11590,본동,481,11590-29,신동아,59.89,11,1993,36000,0,2017-10-14,,,,,
동작구,11590,본동,481,11590-29,신동아,59.89,3,1993,27000,0,2017-10-30,,,,,
동작구,11590,본동,481,11590-29,신동아,59.89,5,1993,35000,0,2017-10-12,,,,,
동작구,11590,본동,481,11590-29,신동아,59.89,9,1993,35000,0,2017-10-29,,,,,
동작구,11590,본동,481,11590-29,신동아,84.46,6,1993,40000,0,2017-10-01,,,,,
동작구,11590,본동,481,11590-29,신동아,84.46,9,1993,44000,0,2017-10-23,,,,,
동작구,11590,본동,481,11590-29,신동아,84.46,9,1993,45000,0,2017-10-23,,,,,
동작구,11590,본동,482,11590-30,유원강변,59.79,11,2000,14000,100,2017-10-22,,,,,
동작구,11590,본동,482,11590-30,유원강변,84.28,6,2000,46000,0,2017-10-28,,,,,
동작구,11590,본동,482,11590-30,유원강변,84.28,7,2000,44000,0,2017-10-30,,,,,
동작구,11590,본동,484,11590-96,경동윈츠리버,110.04,2,2004,35000,0,2017-10-14,,,,,
동작구,11590,본동,484,11590-96,경동윈츠리버,56.68,1,2004,36000,0,2017-10-21,,,,,
동작구,11590,본동,484,11590-96,경동윈츠리버,56.68,8,2004,37000,0,2017-10-28,,,,,
동작구,11590,본동,487,11590-128,한신휴플러스,84.84,17,2004,49000,0,2017-10-21,,,,,
동작구,11590,본동,487,11590-128,한신휴플러스,84.84,5,2004,40000,30,2017-10-22,,,,,
동작구,11590,본동,492,11590-130,삼성래미안,114.9855,3,2004,45000,0,2017-10-23,,,,,
동작구,11590,본동,492,11590-130,삼성래미안,59.9843,4,2004,3000,140,2017-10-21,,,,,
동작구,11590,본동,492,11590-130,삼성래미안,84.2261,9,2004,48000,0,2017-10-23,,,,,
동작구,11590,본동,494,11590-3831,래미안트윈파크,115.42,5,2011,83000,0,2017-10-14,,,,,
동작구,11590,본동,494,11590-3831,래미안트윈파크,115.42,6,2011,75000,30,2017-10-16,,,,,
동작구,11590,본동,494,11590-3831,래미안트윈파크,115.42,7,2011,83000,0,2017-10-26,,,,,
동작구,11590,본동,494,11590-3831,래미안트윈파크,115.5,18,2011,35000,150,2017-10-27,,,,,
동작구,11590,본동,494,11590-3831,래미안트윈파크,115.5,3,2011,50000,80,2017-10-21,,,,,
동작구,11590,본동,494,11590-3831,래미안트윈파크,59.9,12,2011,33000,80,2017-10-08,,,,,
동작구,11590,본동,494,11590-3831,래미안트윈파크,59.9,21,2011,58000,0,2017-10-25,,,,,
동작구,11590,본동,494,11590-3831,래미안트윈파크,84.76,16,2011,73000,0,2017-10-10,,,,,
동작구,11590,본동,494,11590-3831,래미안트윈파크,84.76,19,2011,40000,90,2017-10-14,17.11~19.10,신규,,,
동작구,11590,본동,494,11590-3831,래미안트윈파크,84.76,23,2011,40000,100,2017-10-09,,,,,
동작구,11590,본동,494,11590-3831,래미안트윈파크,84.76,28,2011,75000,0,2017-10-15,,,,,
동작구,11590,본동,494,11590-3831,래미안트윈파크,84.76,5,2011,70000,0,2017-10-26,,,,,
동작구,11590,사당동,1044-11,11590-4302,라온시티,12.44,6,2014,3000,50,2017-10-07,,,,,
동작구,11590,사당동,105,11590-38,극동(105),109.7,10,1993,48000,0,2017-10-23,,,,,
동작구,11590,사당동,105,11590-38,극동(105),109.7,17,1993,49000,0,2017-10-27,,,,,
동작구,11590,사당동,105,11590-38,극동(105),109.7,4,1993,49000,0,2017-10-21,,,,,
동작구,11590,사당동,105,11590-38,극동(105),119.5,17,1993,52000,0,2017-10-24,,,,,
동작구,11590,사당동,105,11590-38,극동(105),119.5,7,1993,5000,150,2017-10-19,17.12~19.12,신규,,,
동작구,11590,사당동,105,11590-38,극동(105),46.75,11,1993,25000,0,2017-10-12,,,,,
동작구,11590,사당동,105,11590-38,극동(105),46.75,13,1993,27500,0,2017-10-11,,,,,
동작구,11590,사당동,105,11590-38,극동(105),51.57,10,1993,32000,0,2017-10-27,,,,,
동작구,11590,사당동,105,11590-38,극동(105),51.57,3,1993,5000,90,2017-10-19,,,,,
동작구,11590,사당동,105,11590-38,극동(105),59.25,11,1993,37000,0,2017-10-18,,,,,
동작구,11590,사당동,105,11590-38,극동(105),59.25,13,1993,35000,0,2017-10-14,,,,,
동작구,11590,사당동,105,11590-38,극동(105),59.25,5,1993,37000,0,2017-10-23,,,,,
동작구,11590,사당동,105,11590-38,극동(105),84.32,1,1993,30000,25,2017-10-23,,,,,
동작구,11590,사당동,105,11590-38,극동(105),84.32,20,1993,39000,0,2017-10-09,,,,,
동작구,11590,사당동,105,11590-47,신동아4,118.25,11,1993,10000,150,2017-10-29,17.11~48.08,갱신,,20000,110
동작구,11590,사당동,105,11590-47,신동아4,46.75,14,1993,30500,0,2017-10-17,,,,,
동작구,11590,사당동,105,11590-47,신동아4,59.89,13,1993,38500,0,2017-10-30,,,,,
동작구,11590,사당동,105,11590-47,신동아4,59.89,2,1993,38000,0,2017-10-26,,,,,
동작구,11590,사당동,105,11590-47,신동아4,84.46,2,1993,48000,0,2017-10-17,,,,,
동작구,11590,사당동,105,11590-47,신동아4,84.46,7,1993,28000,50,2017-10-20,,,,,
동작구,11590,사당동,105,11590-49,사당우성2,108.08,10,1993,56500,0,2017-10-17,,,,,
동작구,11590,사당동,105,11590-49,사당우성2,118.25,15,1993,58000,0,2017-10-21,,,,,
동작구,11590,사당동,105,11590-49,사당우성2,118.25,9,1993,48000,20,2017-10-27,,,,,
동작구,11590,사당동,105,11590-49,사당우성2,46.75,10,1993,30000,0,2017-10-21,,,,,
동작구,11590,사당동,105,11590-49,사당우성2,46.75,2,1993,25000,0,2017-10-30,,,,,
동작구,11590,사당동,105,11590-49,사당우성2,46.75,7,1993,27000,0,2017-10-10,,,,,
동작구,11590,사당동,105,11590-49,사당우성2,46.75,7,1993,27000,0,2017-10-10,,,,,
동작구,11590,사당동,105,11590-49,사당우성2,59.89,2,1993,5000,90,2017-10-19,,,,,
동작구,11590,사당동,105,11590-49,사당우성2,59.89,3,1993,20000,55,2017-10-22,,,,,
동작구,11590,사당동,105,11590-49,사당우성2,59.89,3,1993,42000,0,2017-10-17,,,,,
동작구,11590,사당동,105,11590-49,사당우성2,59.89,9,1993,48000,0,2017-10-20,,,,,
동작구,11590,사당동,105,11590-49,사당우성2,84.66,13,1993,52000,0,2017-10-14,,,,,
동작구,11590,사당동,105,11590-49,사당우성2,84.66,4,1993,40000,10,2017-10-11,,,,,
동작구,11590,사당동,105,11590-49,사당우성2,84.66,8,1993,50000,0,2017-10-14,,,,,
동작구,11590,사당동,105,11590-89,사당우성3,118.25,10,1993,50000,0,2017-10-26,,,,,
동작구,11590,사당동,105,11590-89,사당우성3,118.25,2,1993,50000,0,2017-10-17,,,,,
동작구,11590,사당동,105,11590-89,사당우성3,59.89,15,1993,10000,60,2017-10-28,,,,,
동작구,11590,사당동,105,11590-89,사당우성3,84.66,10,1993,5000,130,2017-10-31,,,,,
동작구,11590,사당동,105,11590-89,사당우성3,84.66,7,1993,48000,0,2017-10-28,,,,,
동작구,11590,사당동,1051-22,11590-4502,스톤하우스,31.725,8,2016,23500,0,2017-10-17,,,,,
동작구,11590,사당동,1131,11590-3828,두산위브트레지움,116.6177,18,2011,85000,0,2017-10-18,,,,,
동작구,11590,사당동,1131,11590-3828,두산위브트레지움,59.773,10,2011,10000,140,2017-10-23,,,,,
동작구,11590,사당동,1131,11590-3828,두산위브트레지움,59.989,14,2011,45000,20,2017-10-12,,,,,
동작구,11590,사당동,1131,11590-3828,두산위브트레지움,59.989,7,2011,40000,65,2017-10-27,,,,,
동작구,11590,사당동,1131,11590-3828,두산위브트레지움,84.422,14,2011,20000,150,2017-10-21,,,,,
동작구,11590,사당동,1131,11590-3828,두산위브트레지움,84.9706,19,2011,60000,0,2017-10-29,,,,,
동작구,11590,사당동,1131,11590-3828,두산위브트레지움,84.9706,4,2011,40000,80,2017-10-28,,,,,
동작구,11590,사당동,1131,11590-3828,두산위브트레지움,84.9706,8,2011,50000,50,2017-10-23,,,,,
동작구,11590,사당동,1132,11590-97,롯데캐슬,117.68,15,2003,60000,0,2017-10-25,,,,,
동작구,11590,사당동,1132,11590-97,롯데캐슬,117.68,4,2003,60000,0,2017-10-21,,,,,
동작구,11590,사당동,1132,11590-97,롯데캐슬,84.96,4,2003,10000,110,2017-10-28,,,,,
동작구,11590,사당동,1133,11590-54,삼성래미안,114.502,17,2003,43000,0,2017-10-31,,,,,
동작구,11590,사당동,1133,11590-54,삼성래미안,114.502,18,2003,55000,0,2017-10-09,,,,,
동작구,11590,사당동,1133,11590-54,삼성래미안,114.502,2,2003,57500,0,2017-10-28,,,,,
동작구,11590,사당동,1133,11590-54,삼성래미안,114.502,2,2003,58000,0,2017-10-17,,,,,
동작구,11590,사당동,1133,11590-54,삼성래미안,114.502,20,2003,60000,0,2017-10-25,,,,,
동작구,11590,사당동,1133,11590-54,삼성래미안,114.502,3,2003,60000,0,2017-10-28,,,,,
동작구,11590,사당동,1133,11590-54,삼성래미안,114.502,7,2003,63000,0,2017-10-02,,,,,
동작구,11590,사당동,1133,11590-54,삼성래미안,158.468,17,2003,70000,0,2017-10-28,,,,,
동작구,11590,사당동,1133,11590-54,삼성래미안,60.739,19,2003,45000,0,2017-10-31,,,,,
동작구,11590,사당동,1133,11590-54,삼성래미안,60.739,19,2003,5000,140,2017-10-21,,,,,
동작구,11590,사당동,1133,11590-54,삼성래미안,84.967,13,2003,45000,20,2017-10-28,,,,,
동작구,11590,사당동,1133,11590-54,삼성래미안,84.967,19,2003,48000,0,2017-10-21,,,,,
동작구,11590,사당동,1134,11590-40,경남아너스빌1차,59.9,4,1997,33000,0,2017-10-31,,,,,
동작구,11590,사당동,1134,11590-40,경남아너스빌1차,84.98,11,1997,45000,0,2017-10-20,,,,,
동작구,11590,사당동,1134,11590-40,경남아너스빌1차,84.98,8,1997,43500,0,2017-10-11,,,,,
동작구,11590,사당동,1136,11590-87,경남아너스빌(대아3),42.63,5,1998,5000,65,2017-10-28,,,,,
동작구,11590,사당동,1137,11590-88,신동아5,59.67,7,1998,37000,0,2017-10-24,,,,,
동작구,11590,사당동,1137,11590-88,신동아5,84.66,4,1998,46000,0,2017-10-02,,,,,
동작구,11590,사당동,1138,11590-45,삼호그린,84.72,9,1999,45000,0,2017-10-19,17.10~19.10,갱신,,41000,
동작구,11590,사당동,1139,11590-43,사당자이,114.94,1,1999,5000,160,2017-10-20,,,,,
동작구,11590,사당동,1139,11590-43,사당자이,60,7,1999,36000,0,2017-10-26,,,,,
동작구,11590,사당동,1141,11590-41,르메이에르,59.4,7,2001,33000,0,2017-10-17,,,,,
동작구,11590,사당동,1145,11590-137,사당해그린,110.78,7,2004,42000,0,2017-10-23,,,,,
동작구,11590,사당동,1145,11590-137,사당해그린,110.78,9,2004,42000,0,2017-10-21,,,,,
동작구,11590,사당동,1149,11590-138,사당롯데캐슬2차,84.614,15,2004,35000,50,2017-10-26,,,,,
동작구,11590,사당동,1149,11590-138,사당롯데캐슬2차,84.614,9,2004,40000,25,2017-10-21,,,,,
동작구,11590,사당동,1153,11590-3372,케이씨씨,84.7472,1,2007,47000,0,2017-10-27,,,,,
동작구,11590,사당동,1153,11590-3372,케이씨씨,84.7472,3,2007,44000,0,2017-10-21,,,,,
동작구,11590,사당동,1154,11590-3579,사당휴먼시아,59.96,8,2009,39000,0,2017-10-21,,,,,
동작구,11590,사당동,1154,11590-3579,사당휴먼시아,84.73,2,2009,45000,0,2017-10-28,,,,,
동작구,11590,사당동,1154,11590-3579,사당휴먼시아,84.9,10,2009,15000,95,2017-10-12,,,,,
동작구,11590,사당동,1155,11590-3643,대성유니드,59.99,2,2009,40000,0,2017-10-31,,,,,
동작구,11590,사당동,1155,11590-3643,대성유니드,84.93,4,2009,44000,0,2017-10-14,,,,,
동작구,11590,사당동,1157,11590-4095,이수역리가,84.7236,11,2013,52700,0,2017-10-31,,,,,
동작구,11590,사당동,1157,11590-4095,이수역리가,84.7236,12,2013,22000,100,2017-10-19,17.10~19.10,신규,,,
동작구,11590,사당동,1157,11590-4095,이수역리가,84.7236,12,2013,50000,20,2017-10-12,,,,,
동작구,11590,사당동,1157,11590-4095,이수역리가,84.847,1,2013,50000,0,2017-10-26,,,,,
동작구,11590,사당동,1157,11590-4095,이수역리가,84.847,11,2013,52000,0,2017-10-22,,,,,
동작구,11590,사당동,1157,11590-4095,이수역리가,84.847,12,2013,55000,0,2017-10-28,,,,,
동작구,11590,사당동,1157,11590-4095,이수역리가,84.847,12,2013,56000,0,2017-10-14,,,,,
동작구,11590,사당동,1157,11590-4095,이수역리가,84.847,13,2013,50000,0,2017-10-23,,,,,
동작구,11590,사당동,1157,11590-4095,이수역리가,84.847,13,2013,57000,0,2017-10-27,,,,,
동작구,11590,사당동,1157,11590-4095,이수역리가,84.847,4,2013,50000,0,2017-10-17,,,,,
동작구,11590,사당동,1157,11590-4095,이수역리가,84.847,4,2013,51000,0,2017-10-19,,,,,
동작구,11590,사당동,1157,11590-4095,이수역리가,84.847,4,2013,55000,0,2017-10-16,,,,,
동작구,11590,사당동,1157,11590-4095,이수역리가,84.847,5,2013,50000,0,2017-10-12,,,,,
동작구,11590,사당동,1157,11590-4095,이수역리가,84.847,5,2013,51500,0,2017-10-21,,,,,
동작구,11590,사당동,1157,11590-4095,이수역리가,84.847,6,2013,40000,50,2017-10-26,,,,,
동작구,11590,사당동,1157,11590-4095,이수역리가,84.847,6,2013,52000,0,2017-10-23,,,,,
동작구,11590,사당동,1157,11590-4095,이수역리가,84.847,6,2013,55000,0,2017-10-16,,,,,
동작구,11590,사당동,1157,11590-4095,이수역리가,84.847,8,2013,53000,0,2017-10-12,,,,,
동작구,11590,사당동,1157,11590-4095,이수역리가,84.847,9,2013,53000,0,2017-10-14,,,,,
동작구,11590,사당동,1157,11590-4095,이수역리가,84.956,7,2013,60000,0,2017-10-21,,,,,
동작구,11590,사당동,1157,11590-4095,이수역리가,84.9604,12,2013,54000,0,2017-10-10,,,,,
동작구,11590,사당동,1157,11590-4095,이수역리가,84.9604,14,2013,55000,0,2017-10-23,,,,,
동작구,11590,사당동,1157,11590-4095,이수역리가,84.9604,7,2013,50000,0,2017-10-18,,,,,
동작구,11590,사당동,1157,11590-4095,이수역리가,84.9826,1,2013,49500,0,2017-10-23,,,,,
동작구,11590,사당동,1157,11590-4095,이수역리가,84.9826,2,2013,45000,30,2017-10-31,,,,,
동작구,11590,사당동,1157,11590-4095,이수역리가,84.9826,6,2013,54000,0,2017-10-27,,,,,
동작구,11590,사당동,1157,11590-4095,이수역리가,84.9827,13,2013,50000,0,2017-10-12,,,,,
동작구,11590,사당동,1157,11590-4095,이수역리가,84.9827,16,2013,54000,0,2017-10-13,,,,,
동작구,11590,사당동,1157,11590-4095,이수역리가,84.9827,4,2013,45000,30,2017-10-14,,,,,
동작구,11590,사당동,1157,11590-4095,이수역리가,84.9827,6,2013,55000,0,2017-10-17,,,,,
동작구,11590,사당동,1157,11590-4095,이수역리가,84.9827,7,2013,40000,0,2017-10-24,,,,,
동작구,11590,사당동,1157,11590-4095,이수역리가,84.9827,8,2013,56000,0,2017-10-19,17.11~19.11,신규,,,
동작구,11590,사당동,1157,11590-4095,이수역리가,84.9827,9,2013,58000,0,2017-10-14,,,,,
동작구,11590,사당동,147-29,11590-3763,이수자이,120.81,11,2010,83000,0,2017-10-26,,,,,
동작구,11590,사당동,169-32,11590-52,현대,120.03,15,1991,45000,0,2017-10-26,,,,,
동작구,11590,사당동,169-32,11590-52,현대,51.66,7,1991,29000,0,2017-10-15,,,,,
동작구,11590,사당동,169-32,11590-52,현대,59.96,3,1991,34000,0,2017-10-14,,,,,
동작구,11590,사당동,169-32,11590-52,현대,59.96,8,1991,29000,0,2017-10-24,,,,,
동작구,11590,사당동,169-8,11590-39,대림(169-8),125.4,7,1990,40000,33,2017-10-10,17.10~19.10,갱신,,40000,30
동작구,11590,사당동,169-8,11590-39,대림(169-8),59.67,12,1990,37000,0,2017-10-29,,,,,
동작구,11590,사당동,169-8,11590-39,대림(169-8),84.91,10,1990,45000,0,2017-10-21,,,,,
동작구,11590,사당동,169-8,11590-39,대림(169-8),84.91,13,1990,50000,0,2017-10-28,,,,,
동작구,11590,사당동,169-8,11590-39,대림(169-8),84.91,7,1990,28000,40,2017-10-10,,,,,
동작구,11590,사당동,169-8,11590-39,대림(169-8),84.91,9,1990,36000,20,2017-10-20,,,,,
동작구,11590,사당동,169-8,11590-39,대림(169-8),84.91,9,1990,36000,20,2017-10-30,,,,,
동작구,11590,사당동,240-15,11590-51,제일,60.03,3,1987,31000,0,2017-10-21,,,,,
동작구,11590,상도1동,475,11590-3955,상도현진에버빌,12.1,3,2012,9500,0,2017-10-29,,,,,
동작구,11590,상도동,363-164,11590-4526,상도휴엔하임,14.7,13,2016,14000,0,2017-10-19,,,,,
동작구,11590,상도동,407,11590-3295,현대(관악),58.59,11,1992,4000,80,2017-10-20,,,,,
동작구,11590,상도동,407,11590-3295,현대(관악),58.59,2,1992,27000,0,2017-10-28,,,,,
동작구,11590,상도동,408,11590-13,상도동삼호아파트,114.63,11,1994,43000,0,2017-10-31,,,,,
동작구,11590,상도동,408,11590-13,상도동삼호아파트,114.63,15,1994,44000,0,2017-10-26,,,,,
동작구,11590,상도동,413,11590-12,삼익,59.93,6,1997,27000,0,2017-10-19,,,,,
동작구,11590,상도동,414,11590-9,건영,114.96,17,1997,48000,0,2017-10-20,,,,,
동작구,11590,상도동,414,11590-9,건영,32.8,17,1997,22000,0,2017-10-23,,,,,
동작구,11590,상도동,415,11590-100,중앙하이츠빌,84.9883,1,2003,49000,0,2017-10-17,,,,,
동작구,11590,상도동,415,11590-100,중앙하이츠빌,84.9883,13,2003,50000,0,2017-10-09,,,,,
동작구,11590,상도동,415,11590-100,중앙하이츠빌,84.9883,6,2003,30000,70,2017-10-27,,,,,
동작구,11590,상도동,416,11590-126,아이파크,84.96,17,2004,48000,0,2017-10-28,,,,,
동작구,11590,상도동,416,11590-126,아이파크,84.96,21,2004,36000,40,2017-10-06,,,,,
동작구,11590,상도동,416,11590-126,아이파크,84.96,22,2004,50000,0,2017-10-25,,,,,
동작구,11590,상도동,418,11590-99,쌍용스윗닷홈,112.756,14,2003,58000,0,2017-10-27,,,,,
동작구,11590,상도동,418,11590-99,쌍용스윗닷홈,84.917,9,2003,50000,0,2017-10-16,,,,,
동작구,11590,상도동,420,11590-101,대우유로카운티,142.129,15,2003,59000,0,2017-10-28,,,,,
동작구,11590,상도동,420,11590-101,대우유로카운티,142.129,15,2003,59000,0,2017-10-28,,,,,
동작구,11590,상도동,421,11590-102,삼성래미안2,59.886,11,2003,45000,0,2017-10-19,,,,,
동작구,11590,상도동,421,11590-102,삼성래미안2,59.886,2,2003,5000,120,2017-10-11,,,,,
동작구,11590,상도동,421,11590-102,삼성래미안2,84.796,13,2003,35000,50,2017-10-16,,,,,
동작구,11590,상도동,421,11590-102,삼성래미안2,84.796,15,2003,39000,30,2017-10-15,,,,,
동작구,11590,상도동,431,11590-127,래미안상도3차,114.97,11,2004,50000,0,2017-10-15,,,,,
동작구,11590,상도동,431,11590-127,래미안상도3차,114.97,8,2004,70000,0,2017-10-17,,,,,
동작구,11590,상도동,431,11590-127,래미안상도3차,114.97,9,2004,70000,0,2017-10-30,,,,,
동작구,11590,상도동,431,11590-127,래미안상도3차,59.97,11,2004,49000,0,2017-10-26,,,,,
동작구,11590,상도동,431,11590-127,래미안상도3차,59.97,3,2004,49000,0,2017-10-11,,,,,
동작구,11590,상도동,431,11590-127,래미안상도3차,84.96,1,2004,55000,0,2017-10-14,,,,,
동작구,11590,상도동,431,11590-127,래미안상도3차,84.96,13,2004,56000,0,2017-10-14,,,,,
동작구,11590,상도동,431,11590-127,래미안상도3차,84.96,2,2004,56000,0,2017-10-10,,,,,
동작구,11590,상도동,431,11590-127,래미안상도3차,84.96,3,2004,58000,0,2017-10-23,,,,,
동작구,11590,상도동,431,11590-127,래미안상도3차,84.96,7,2004,10000,155,2017-10-16,,,,,
동작구,11590,상도동,431,11590-127,래미안상도3차,84.96,7,2004,45000,45,2017-10-15,,,,,
동작구,11590,상도동,431,11590-127,래미안상도3차,84.96,7,2004,57000,0,2017-10-12,,,,,
동작구,11590,상도동,431,11590-127,래미안상도3차,84.96,9,2004,40000,63,2017-10-21,,,,,
동작구,11590,상도동,447,11590-3677,상도동래미안1차(임대),30.289,13,2004,3974,1,2017-10-31,,,,,
동작구,11590,상도동,447,11590-3677,상도동래미안1차(임대),30.289,5,2004,3575,0,2017-10-17,,,,,
동작구,11590,상도동,450,11590-22,상도동래미안1차,114.171,5,2004,58000,0,2017-10-31,,,,,
동작구,11590,상도동,450,11590-22,상도동래미안1차,59.828,10,2004,20000,50,2017-10-25,,,,,
동작구,11590,상도동,450,11590-22,상도동래미안1차,59.828,7,2004,20000,50,2017-10-31,,,,,
동작구,11590,상도동,450,11590-22,상도동래미안1차,84.959,10,2004,40000,0,2017-10-18,17.11~19.11,신규,,,
동작구,11590,상도동,450,11590-22,상도동래미안1차,84.959,12,2004,48000,0,2017-10-21,,,,,
동작구,11590,상도동,450,11590-22,상도동래미안1차,84.959,14,2004,50000,0,2017-10-18,,,,,
동작구,11590,상도동,450,11590-22,상도동래미안1차,84.959,17,2004,45000,0,2017-10-21,,,,,
동작구,11590,상도동,450,11590-22,상도동래미안1차,84.959,6,2004,40500,0,2017-10-22,,,,,
동작구,11590,상도동,459,11590-3358,상도2차갑을명가,84.33,2,2006,31000,0,2017-10-29,,,,,
동작구,11590,상도동,459,11590-3358,상도2차갑을명가,84.97,9,2006,32500,0,2017-10-28,,,,,
동작구,11590,상도동,520,11590-3388,삼환나우빌(520-0),84.87,5,2007,51000,0,2017-10-24,,,,,
동작구,11590,상도동,521,11590-3412,포스코더샵,161.481,6,2007,80000,0,2017-10-19,,,,,
동작구,11590,상도동,521,11590-3412,포스코더샵,59.99,12,2007,25000,75,2017-10-29,,,,,
동작구,11590,상도동,521,11590-3412,포스코더샵,59.99,2,2007,47500,0,2017-10-19,,,,,
동작구,11590,상도동,521,11590-3412,포스코더샵,84.995,4,2007,28000,80,2017-10-14,,,,,
동작구,11590,상도동,527,11590-3441,이수브라운스톤상도(527-0),84.99,12,2007,56000,0,2017-10-24,,,,,
동작구,11590,상도동,529,11590-3714,상도두산위브,84.534,2,2010,54000,0,2017-10-25,,,,,
동작구,11590,상도동,529,11590-3714,상도두산위브,84.911,2,2010,55000,0,2017-10-14,,,,,
동작구,11590,상도동,530,11590-3744,롯데캐슬비엔,122.61,1,2010,55000,0,2017-10-14,,,,,
동작구,11590,상도동,530,11590-3744,롯데캐슬비엔,122.61,4,2010,56000,0,2017-10-21,,,,,
동작구,11590,상도동,531,11590-3954,힐스테이트 상도 센트럴파크,118.1432,5,2012,77000,0,2017-10-25,,,,,
동작구,11590,상도동,531,11590-3954,힐스테이트 상도 센트럴파크,118.1432,7,2012,80000,0,2017-10-18,,,,,
동작구,11590,상도동,531,11590-3954,힐스테이트 상도 센트럴파크,118.1759,15,2012,40000,125,2017-10-30,,,,,
동작구,11590,상도동,531,11590-3954,힐스테이트 상도 센트럴파크,118.1759,8,2012,80000,0,2017-10-30,,,,,
동작구,11590,상도동,531,11590-3954,힐스테이트 상도 센트럴파크,59.7754,6,2012,20000,120,2017-10-21,,,,,
동작구,11590,상도동,531,11590-3954,힐스테이트 상도 센트럴파크,84.6099,10,2012,50000,40,2017-10-15,,,,,
동작구,11590,상도동,531,11590-3954,힐스테이트 상도 센트럴파크,84.6099,10,2012,65000,0,2017-10-25,,,,,
동작구,11590,상도동,531,11590-3954,힐스테이트 상도 센트럴파크,84.6099,11,2012,40000,70,2017-10-28,,,,,
동작구,11590,상도동,531,11590-3954,힐스테이트 상도 센트럴파크,84.6099,6,2012,65000,0,2017-10-17,,,,,
동작구,11590,상도동,531,11590-3954,힐스테이트 상도 센트럴파크,84.6099,9,2012,62000,0,2017-10-02,17.12~19.12,신규,,,
동작구,11590,상도동,531,11590-3954,힐스테이트 상도 센트럴파크,84.7835,1,2012,59000,0,2017-10-14,,,,,
동작구,11590,상도동,531,11590-3954,힐스테이트 상도 센트럴파크,84.7835,11,2012,67000,0,2017-10-21,,,,,
동작구,11590,상도동,531,11590-3954,힐스테이트 상도 센트럴파크,84.7835,13,2012,65000,0,2017-10-31,,,,,
동작구,11590,상도동,531,11590-3954,힐스테이트 상도 센트럴파크,84.7835,6,2012,50000,50,2017-10-18,,,,,
동작구,11590,상도동,531,11590-3954,힐스테이트 상도 센트럴파크,84.7835,6,2012,65000,0,2017-10-17,,,,,
동작구,11590,상도동,531,11590-3954,힐스테이트 상도 센트럴파크,84.7835,7,2012,65000,0,2017-10-31,,,,,
동작구,11590,상도동,531,11590-3954,힐스테이트 상도 센트럴파크,84.7835,8,2012,64000,0,2017-10-23,,,,,
동작구,11590,상도동,532,11590-3991,씨티아모리움,12.7071,3,2012,1000,50,2017-10-20,17.10~19.10,신규,,,
동작구,11590,상도동,533,11590-4078,힐스테이트 상도 프레스티지,120.004,12,2013,80000,0,2017-10-08,,,,,
동작구,11590,상도동,533,11590-4078,힐스테이트 상도 프레스티지,120.004,12,2013,80000,0,2017-10-17,,,,,
동작구,11590,상도동,533,11590-4078,힐스테이트 상도 프레스티지,120.571,7,2013,79000,0,2017-10-18,,,,,
동작구,11590,상도동,533,11590-4078,힐스테이트 상도 프레스티지,120.936,9,2013,65000,0,2017-10-17,,,,,
동작구,11590,상도동,533,11590-4078,힐스테이트 상도 프레스티지,59.928,4,2013,52000,0,2017-10-31,,,,,
동작구,11590,상도동,533,11590-4078,힐스테이트 상도 프레스티지,84.884,10,2013,40000,75,2017-10-23,,,,,
동작구,11590,상도동,533,11590-4078,힐스테이트 상도 프레스티지,84.884,13,2013,62500,0,2017-10-10,,,,,
동작구,11590,상도동,533,11590-4078,힐스테이트 상도 프레스티지,84.884,14,2013,30000,90,2017-10-21,,,,,
동작구,11590,상도동,533,11590-4078,힐스테이트 상도 프레스티지,84.884,17,2013,60500,0,2017-10-14,,,,,
동작구,11590,상도동,533,11590-4078,힐스테이트 상도 프레스티지,84.884,4,2013,59000,0,2017-10-21,,,,,
동작구,11590,상도동,533,11590-4078,힐스테이트 상도 프레스티지,84.884,7,2013,58000,0,2017-10-18,,,,,
동작구,11590,상도동,533,11590-4078,힐스테이트 상도 프레스티지,84.884,7,2013,60000,0,2017-10-16,,,,,
동작구,11590,상도동,533,11590-4078,힐스테이트 상도 프레스티지,84.951,14,2013,65000,0,2017-10-26,,,,,
동작구,11590,상도동,533,11590-4078,힐스테이트 상도 프레스티지,84.951,15,2013,53000,30,2017-10-16,,,,,
동작구,11590,상도동,533,11590-4078,힐스테이트 상도 프레스티지,84.951,4,2013,60000,0,2017-10-16,,,,,
동작구,11590,상도동,533,11590-4078,힐스테이트 상도 프레스티지,84.951,5,2013,20000,140,2017-10-28,17.10~18.02,갱신,,20000,140
동작구,11590,상도동,533,11590-4078,힐스테이트 상도 프레스티지,84.953,6,2013,64000,0,2017-10-28,,,,,
동작구,11590,상도동,534,11590-4206,상도더샵2차,84.99,4,2014,10000,120,2017-10-20,,,,,
동작구,11590,상도동,534,11590-4206,상도더샵2차,84.99,5,2014,56000,0,2017-10-27,,,,,
동작구,11590,상도동,535,11590-4495,두산위브트레지움2차,84.8032,20,2016,21000,0,2017-10-17,,,,,
동작구,11590,상도동,536,11590-4559,상도효성해링턴플레이스,84.8136,26,2016,60000,0,2017-10-14,17.12~19.12,신규,,,
동작구,11590,상도동,900,11590-4642,상도파크자이,71.252,11,2016,60000,0,2017-10-28,,,,,
동작구,11590,신대방동,360-17,11590-75,신동아,37.74,5,1993,2500,50,2017-10-07,,,,,
동작구,11590,신대방동,360-17,11590-75,신동아,37.74,9,1993,3000,50,2017-10-31,,,,,
동작구,11590,신대방동,360-17,11590-75,신동아,48.18,10,1993,21500,0,2017-10-29,,,,,
동작구,11590,신대방동,364-55,11590-237,펭귄,57.69,1,1978,15000,0,2017-10-23,,,,,
동작구,11590,신대방동,364-55,11590-237,펭귄,57.69,4,1978,12000,0,2017-10-26,,,,,
동작구,11590,신대방동,395-62,11590-73,삼성보라매옴니타워,164.76,24,1997,50000,0,2017-10-19,17.10~19.10,신규,,,
동작구,11590,신대방동,395-66,11590-82,보라매삼성쉐르빌,163.83,33,2003,60000,0,2017-10-24,,,,,
동작구,11590,신대방동,395-67,11590-67,롯데관악타워,160.19,30,1996,35000,60,2017-10-30,,,,,
동작구,11590,신대방동,395-67,11590-67,롯데관악타워,172.51,17,1996,62000,0,2017-10-21,,,,,
동작구,11590,신대방동,565,11590-76,우성1차,157.07,2,1988,48000,0,2017-10-15,,,,,
동작구,11590,신대방동,565,11590-76,우성1차,157.07,8,1988,53000,0,2017-10-13,,,,,
동작구,11590,신대방동,565,11590-76,우성1차,66.69,1,1988,32000,0,2017-10-18,,,,,
동작구,11590,신대방동,565,11590-76,우성1차,66.69,6,1988,32000,0,2017-10-18,,,,,
동작구,11590,신대방동,565,11590-76,우성1차,66.69,6,1988,35000,0,2017-10-12,,,,,
동작구,11590,신대방동,565,11590-76,우성1차,84.99,17,1988,41000,0,2017-10-10,,,,,
동작구,11590,신대방동,565,11590-76,우성1차,84.99,19,1988,18000,50,2017-10-21,,,,,
동작구,11590,신대방동,565-21,11590-90,우성2차,59.47,15,1995,20000,40,2017-10-11,,,,,
동작구,11590,신대방동,565-21,11590-90,우성2차,76.84,6,1995,35000,0,2017-10-31,,,,,
동작구,11590,신대방동,707,11590-79,현대,84.57,2,1996,41000,10,2017-10-18,,,,,
동작구,11590,신대방동,707,11590-79,현대,84.57,7,1996,47000,0,2017-10-23,,,,,
동작구,11590,신대방동,707,11590-79,현대,84.57,8,1996,2000,125,2017-10-20,,,,,
동작구,11590,신대방동,708,11590-3324,해태보라매타워,59.94,12,1996,10000,70,2017-10-24,,,,,
동작구,11590,신대방동,711,11590-83,보라매파크빌,84.73,5,2002,5000,140,2017-10-11,,,,,
동작구,11590,신대방동,711,11590-83,보라매파크빌,84.81,2,2002,52000,0,2017-10-31,,,,,
동작구,11590,신대방동,712,11590-81,신대방경남,56,8,2003,30000,10,2017-10-11,,,,,
동작구,11590,신대방동,712,11590-81,신대방경남,78.19,1,2003,39000,0,2017-10-14,,,,,
동작구,11590,신대방동,712,11590-81,신대방경남,78.19,10,2003,42000,0,2017-10-17,,,,,
동작구,11590,신대방동,713,11590-103,롯데낙천대,55.4561,10,2003,37000,0,2017-10-14,,,,,
동작구,11590,신대방동,713,11590-103,롯데낙천대,55.4561,18,2003,37000,0,2017-10-26,,,,,
동작구,11590,신대방동,713,11590-103,롯데낙천대,55.4561,2,2003,25000,38,2017-10-26,,,,,
동작구,11590,신대방동,713,11590-103,롯데낙천대,55.4561,3,2003,20000,50,2017-10-19,17.11~19.11,신규,,,
동작구,11590,신대방동,713,11590-103,롯데낙천대,55.4561,5,2003,38000,0,2017-10-27,,,,,
동작구,11590,신대방동,713,11590-103,롯데낙천대,80.124,3,2003,47000,0,2017-10-21,,,,,
동작구,11590,신대방동,713,11590-103,롯데낙천대,80.2422,20,2003,10000,130,2017-10-14,,,,,
동작구,11590,신대방동,716,11590-104,현진에버빌,84.9234,19,2003,38500,0,2017-10-31,,,,,
동작구,11590,신대방동,717,11590-3285,신동아파밀리에,112.058,5,2005,55000,0,2017-10-13,,,,,
동작구,11590,신대방동,717,11590-3285,신동아파밀리에,84.9636,6,2005,47000,0,2017-10-23,,,,,
동작구,11590,신대방동,719,11590-3351,동작상떼빌,132.43,6,2006,54000,0,2017-10-14,,,,,
동작구,11590,신대방동,719,11590-3351,동작상떼빌,84.98,3,2006,47000,0,2017-10-31,,,,,
동작구,11590,신대방동,719,11590-3351,동작상떼빌,84.98,7,2006,45000,0,2017-10-10,,,,,
동작구,11590,흑석동,10,11590-34,명수대현대,112.29,11,1988,38000,0,2017-10-14,,,,,
동작구,11590,흑석동,10,11590-34,명수대현대,124.95,10,1988,60000,0,2017-10-24,,,,,
동작구,11590,흑석동,10,11590-34,명수대현대,124.95,7,1988,67000,0,2017-10-31,,,,,
동작구,11590,흑석동,10,11590-34,명수대현대,78.07,12,1988,47000,0,2017-10-14,,,,,
동작구,11590,흑석동,10,11590-34,명수대현대,78.07,14,1988,5000,135,2017-10-13,,,,,
동작구,11590,흑석동,10,11590-34,명수대현대,78.07,15,1988,35000,30,2017-10-21,,,,,
동작구,11590,흑석동,28,11590-36,한강현대,66.225,13,1988,40000,0,2017-10-11,,,,,
동작구,11590,흑석동,28,11590-36,한강현대,66.225,9,1988,42000,0,2017-10-17,,,,,
동작구,11590,흑석동,28,11590-36,한강현대,83.475,10,1988,7000,125,2017-10-11,,,,,
동작구,11590,흑석동,327,11590-35,청호,59.85,1,1997,16000,35,2017-10-23,,,,,
동작구,11590,흑석동,327,11590-35,청호,59.85,13,1997,29000,0,2017-10-13,,,,,
동작구,11590,흑석동,327,11590-35,청호,59.85,14,1997,32000,0,2017-10-13,,,,,
동작구,11590,흑석동,327,11590-35,청호,59.85,2,1997,30000,0,2017-10-15,,,,,
동작구,11590,흑석동,328,11590-106,흑석동양아파트,84.985,12,2003,30000,55,2017-10-23,,,,,
동작구,11590,흑석동,329,11590-105,우리유앤미,59.9404,3,2003,36000,0,2017-10-25,,,,,
동작구,11590,흑석동,335,11590-3773,흑석한강센트레빌,114.83,3,2011,79000,0,2017-10-12,,,,,
동작구,11590,흑석동,335,11590-3773,흑석한강센트레빌,84.84,12,2011,10000,180,2017-10-22,,,,,
동작구,11590,흑석동,335,11590-3773,흑석한강센트레빌,84.84,6,2011,67000,0,2017-10-31,,,,,
동작구,11590,흑석동,335,11590-3773,흑석한강센트레빌,84.89,4,2011,68000,0,2017-10-27,,,,,
동작구,11590,흑석동,336,11590-3965,흑석한강푸르지오,84.98,10,2012,10000,180,2017-10-25,,,,,
동작구,11590,흑석동,336,11590-3965,흑석한강푸르지오,84.98,12,2012,50000,50,2017-10-20,,,,,
동작구,11590,흑석동,336,11590-3965,흑석한강푸르지오,84.98,13,2012,20000,70,2017-10-14,,,,,
동작구,11590,흑석동,336,11590-3965,흑석한강푸르지오,84.98,13,2012,50000,50,2017-10-28,,,,,
동작구,11590,흑석동,336,11590-3965,흑석한강푸르지오,84.98,5,2012,70000,0,2017-10-29,,,,,
동작구,11590,흑석동,339,11590-4002,흑석한강센트레빌Ⅱ,119.727,3,2012,70000,0,2017-10-24,,,,,
동작구,11590,흑석동,339,11590-4002,흑석한강센트레빌Ⅱ,119.727,7,2012,65000,0,2017-10-13,,,,,
동작구,11590,흑석동,339,11590-4002,흑석한강센트레빌Ⅱ,119.738,14,2012,75000,0,2017-10-19,,,,,
동작구,11590,흑석동,339,11590-4002,흑석한강센트레빌Ⅱ,59.953,9,2012,55000,0,2017-10-08,,,,,
동작구,11590,흑석동,339,11590-4002,흑석한강센트레빌Ⅱ,84.946,16,2012,58000,0,2017-10-30,,,,,
동작구,11590,흑석동,339,11590-4002,흑석한강센트레빌Ⅱ,84.951,7,2012,30000,90,2017-10-18,,,,,
동작구,11590,흑석동,339,11590-4002,흑석한강센트레빌Ⅱ,84.989,16,2012,2000,80,2017-10-23,,,,,
동작구,11590,흑석동,339,11590-4002,흑석한강센트레빌Ⅱ,84.99,11,2012,65000,0,2017-10-27,,,,,
동작구,11590,흑석동,339,11590-4002,흑석한강센트레빌Ⅱ,84.99,6,2012,45000,50,2017-10-21,,,,,
마포구,11440,공덕동,188-108,11440-6,마포현대,59.95,12,1988,30000,0,2017-10-28,,,,,
마포구,11440,공덕동,188-108,11440-6,마포현대,59.95,15,1988,2000,100,2017-10-14,,,,,
마포구,11440,공덕동,188-108,11440-6,마포현대,84.87,14,1988,39000,0,2017-10-02,,,,,
마포구,11440,공덕동,188-108,11440-6,마포현대,84.87,4,1988,38000,0,2017-10-19,,,,,
마포구,11440,공덕동,371,11440-4,공덕1삼성래미안,59.74,13,1999,30000,35,2017-10-31,,,,,
마포구,11440,공덕동,371,11440-4,공덕1삼성래미안,59.74,6,1999,10000,85,2017-10-20,,,,,
마포구,11440,공덕동,371,11440-4,공덕1삼성래미안,84.94,11,1999,5000,150,2017-10-26,,,,,
마포구,11440,공덕동,371,11440-4,공덕1삼성래미안,84.94,24,1999,53000,0,2017-10-30,,,,,
마포구,11440,공덕동,43,11440-7,공덕2삼성래미안,59.97,18,2004,45000,0,2017-10-14,,,,,
마포구,11440,공덕동,43,11440-7,공덕2삼성래미안,59.97,4,2004,46000,0,2017-10-20,,,,,
마포구,11440,공덕동,43,11440-7,공덕2삼성래미안,84.94,2,2004,50000,0,2017-10-27,,,,,
마포구,11440,공덕동,43,11440-7,공덕2삼성래미안,84.94,9,2004,42000,20,2017-10-28,,,,,
마포구,11440,공덕동,457,11440-175,공덕3삼성래미안,114.98,14,2004,75000,0,2017-10-17,,,,,
마포구,11440,공덕동,457,11440-175,공덕3삼성래미안,114.98,4,2004,8000,50,2017-10-14,,,,,
마포구,11440,공덕동,457,11440-175,공덕3삼성래미안,59.97,11,2004,5000,150,2017-10-23,,,,,
마포구,11440,공덕동,457,11440-175,공덕3삼성래미안,59.97,16,2004,50000,0,2017-10-15,,,,,
마포구,11440,공덕동,457,11440-175,공덕3삼성래미안,59.97,2,2004,38000,40,2017-10-14,,,,,
마포구,11440,공덕동,457,11440-175,공덕3삼성래미안,59.97,3,2004,50000,0,2017-10-24,,,,,
마포구,11440,공덕동,457,11440-175,공덕3삼성래미안,59.97,7,2004,40000,50,2017-10-18,,,,,
마포구,11440,공덕동,457,11440-175,공덕3삼성래미안,59.97,9,2004,48000,0,2017-10-20,,,,,
마포구,11440,공덕동,457,11440-175,공덕3삼성래미안,84.98,19,2004,60000,0,2017-10-30,,,,,
마포구,11440,공덕동,460,11440-176,한화꿈에그린,84.939,13,2004,56000,0,2017-10-23,,,,,
마포구,11440,공덕동,460,11440-176,한화꿈에그린,84.939,2,2004,35200,45,2017-10-24,,,,,
마포구,11440,공덕동,464,11440-3934,래미안공덕4차,59.9,13,2005,44500,0,2017-10-14,,,,,
마포구,11440,공덕동,464,11440-3934,래미안공덕4차,59.9,18,2005,46000,0,2017-10-27,,,,,
마포구,11440,공덕동,464,11440-3934,래미안공덕4차,59.9,5,2005,38000,40,2017-10-28,,,,,
마포구,11440,공덕동,464,11440-3934,래미안공덕4차,83.42,10,2005,56000,0,2017-10-20,,,,,
마포구,11440,공덕동,469,11440-4855,래미안공덕5차,113.866,2,2011,3000,250,2017-10-18,,,,,
마포구,11440,공덕동,469,11440-4855,래미안공덕5차,113.866,9,2011,10000,250,2017-10-14,,,,,
마포구,11440,공덕동,469,11440-4855,래미안공덕5차,59.959,8,2011,53000,0,2017-10-10,,,,,
마포구,11440,공덕동,476,11440-5530,공덕파크자이,119.0111,16,2015,90000,0,2017-10-31,,,,,
마포구,11440,공덕동,476,11440-5530,공덕파크자이,27.0714,3,2015,30000,0,2017-10-13,,,,,
마포구,11440,공덕동,476,11440-5530,공덕파크자이,84.9541,12,2015,71000,0,2017-10-20,,,,,
마포구,11440,공덕동,476,11440-5530,공덕파크자이,84.9541,9,2015,67000,0,2017-10-26,,,,,
마포구,11440,공덕동,476,11440-5530,공덕파크자이,84.9802,11,2015,15000,165,2017-10-23,,,,,
마포구,11440,공덕동,476,11440-5530,공덕파크자이,84.9802,4,2015,72000,0,2017-10-14,,,,,
마포구,11440,공덕동,476,11440-5530,공덕파크자이,84.996,12,2015,75000,0,2017-10-14,,,,,
마포구,11440,공덕동,476,11440-5530,공덕파크자이,84.996,15,2015,70000,0,2017-10-12,,,,,
마포구,11440,공덕동,476,11440-5530,공덕파크자이,84.996,7,2015,40000,85,2017-10-19,,,,,
마포구,11440,노고산동,1-3,11440-180,신촌포스빌,32.34,11,2004,24000,0,2017-10-14,,,,,
마포구,11440,노고산동,1-3,11440-180,신촌포스빌,32.34,12,2004,12000,60,2017-10-22,,,,,
마포구,11440,노고산동,1-3,11440-180,신촌포스빌,32.34,5,2004,25000,0,2017-10-23,,,,,
마포구,11440,노고산동,1-3,11440-180,신촌포스빌,32.34,8,2004,2000,85,2017-10-22,,,,,
마포구,11440,노고산동,107-36,11440-37,현대벤처빌,41.96,15,2002,1000,90,2017-10-24,,,,,
마포구,11440,대흥동,18-55,11440-3931,성신,64.05,3,2006,21000,23,2017-10-14,,,,,
마포구,11440,대흥동,660,11440-32,대흥동태영아파트,114.93,6,1999,63000,0,2017-10-22,,,,,
마포구,11440,대흥동,660,11440-32,대흥동태영아파트,59.4,10,1999,40000,0,2017-10-27,,,,,
마포구,11440,대흥동,660,11440-32,대흥동태영아파트,59.4,2,1999,40000,0,2017-10-18,,,,,
마포구,11440,대흥동,660,11440-32,대흥동태영아파트,59.4,21,1999,15000,80,2017-10-21,,,,,
마포구,11440,대흥동,660,11440-32,대흥동태영아파트,59.4,22,1999,30000,30,2017-10-13,,,,,
마포구,11440,대흥동,660,11440-32,대흥동태영아파트,59.4,9,1999,44000,0,2017-10-25,,,,,
마포구,11440,대흥동,660,11440-32,대흥동태영아파트,84.77,15,1999,50000,15,2017-10-27,,,,,
마포구,11440,대흥동,660,11440-32,대흥동태영아파트,84.77,24,1999,57000,0,2017-10-26,,,,,
마포구,11440,대흥동,660,11440-32,대흥동태영아파트,84.77,5,1999,25000,80,2017-10-28,,,,,
마포구,11440,대흥동,803,11440-4074,동양엔파트,84.893,6,2007,40000,0,2017-10-10,,,,,
마포구,11440,대흥동,804,11440-5348,마포자이2차,118.79,1,2014,82000,0,2017-10-13,,,,,
마포구,11440,대흥동,804,11440-5348,마포자이2차,118.79,14,2014,10000,250,2017-10-19,,,,,
마포구,11440,대흥동,804,11440-5348,마포자이2차,84.44,22,2014,500,250,2017-10-23,,,,,
마포구,11440,대흥동,804,11440-5348,마포자이2차,84.95,11,2014,72000,0,2017-10-22,,,,,
마포구,11440,도화동,353,11440-19,현대홈타운,113.25,3,2000,46000,0,2017-10-14,,,,,
마포구,11440,도화동,353,11440-19,현대홈타운,113.25,8,2000,50000,0,2017-10-12,,,,,
마포구,11440,도화동,353,11440-19,현대홈타운,59.17,11,2000,36000,0,2017-10-17,,,,,
마포구,11440,도화동,353,11440-19,현대홈타운,84.95,13,2000,46300,0,2017-10-19,17.11~19.11,갱신,,45000,
마포구,11440,도화동,353,11440-19,현대홈타운,84.95,13,2000,5000,120,2017-10-21,,,,,
마포구,11440,도화동,353,11440-19,현대홈타운,84.95,15,2000,46000,0,2017-10-21,,,,,
마포구,11440,도화동,353,11440-19,현대홈타운,84.95,5,2000,38000,0,2017-10-30,,,,,
마포구,11440,도화동,353,11440-19,현대홈타운,84.95,5,2000,46000,0,2017-10-27,,,,,
마포구,11440,도화동,353,11440-19,현대홈타운,84.95,7,2000,42000,0,2017-10-10,,,,,
마포구,11440,도화동,353,11440-19,현대홈타운,84.95,9,2000,46000,0,2017-10-11,,,,,
마포구,11440,도화동,353-1,11440-4816,현대2차아파트,27.72,16,2000,2266,0,2017-10-23,,,,,
마포구,11440,도화동,357,11440-12,도화동현대,128.26,10,1996,35000,50,2017-10-18,17.11~19.11,갱신,,30000,50
마포구,11440,도화동,357,11440-12,도화동현대,128.26,11,1996,52000,0,2017-10-31,,,,,
마포구,11440,도화동,357,11440-12,도화동현대,128.26,12,1996,48000,0,2017-10-27,,,,,
마포구,11440,도화동,357,11440-12,도화동현대,128.26,14,1996,53000,0,2017-10-16,,,,,
마포구,11440,도화동,357,11440-12,도화동현대,128.26,7,1996,49000,0,2017-10-20,,,,,
마포구,11440,도화동,357,11440-12,도화동현대,68.22,13,1996,38000,0,2017-10-12,,,,,
마포구,11440,도화동,357,11440-12,도화동현대,68.22,5,1996,35000,0,2017-10-30,,,,,
마포구,11440,도화동,357,11440-12,도화동현대,79.83,7,1996,40000,0,2017-10-14,,,,,
마포구,11440,도화동,357,11440-12,도화동현대,79.83,7,1996,42000,0,2017-10-25,,,,,
마포구,11440,도화동,357,11440-12,도화동현대,79.83,8,1996,5000,100,2017-10-26,,,,,
마포구,11440,도화동,536,11440-18,정우상가맨션,118.02,10,1983,8000,90,2017-10-18,,,,,
마포구,11440,도화동,538,11440-16,성지,84.24,5,1984,13000,45,2017-10-16,,,,,
마포구,11440,도화동,538,11440-16,성지,84.24,7,1984,35000,0,2017-10-21,,,,,
마포구,11440,도화동,538,11440-16,성지,84.25,12,1984,33000,0,2017-10-30,,,,,
마포구,11440,도화동,544,11440-11,고려,84.51,14,1984,27000,0,2017-10-12,,,,,
마포구,11440,도화동,547,11440-13,도화현대,113.87,3,1998,10000,120,2017-10-13,,,,,
마포구,11440,도화동,547,11440-13,도화현대,84.42,4,1998,43000,0,2017-10-28,,,,,
마포구,11440,도화동,550,11440-15,삼성,136.65,9,1997,30000,0,2017-10-10,,,,,
마포구,11440,도화동,550,11440-15,삼성,84.985,14,1997,47000,0,2017-10-24,,,,,
마포구,11440,도화동,550,11440-15,삼성,84.985,2,1997,47000,0,2017-10-23,,,,,
마포구,11440,도화동,550,11440-15,삼성,84.985,2,1997,50000,0,2017-10-28,,,,,
마포구,11440,도화동,550,11440-15,삼성,84.985,5,1997,49000,0,2017-10-21,,,,,
마포구,11440,도화동,550,11440-15,삼성,84.985,6,1997,10000,115,2017-10-22,,,,,
마포구,11440,도화동,550,11440-15,삼성,84.985,6,1997,53000,0,2017-10-13,,,,,
마포구,11440,도화동,555,11440-177,한화오벨리스크,38.88,14,2004,1000,110,2017-10-16,,,,,
마포구,11440,도화동,555,11440-177,한화오벨리스크,39.91,15,2004,3000,120,2017-10-21,,,,,
마포구,11440,도화동,555,11440-177,한화오벨리스크,59,24,2004,5000,140,2017-10-19,17.11~18.11,신규,,,
마포구,11440,도화동,555,11440-177,한화오벨리스크,59,9,2004,5000,0,2017-10-20,,,,,
마포구,11440,도화동,555,11440-177,한화오벨리스크,79.9,33,2004,45000,42,2017-10-21,,,,,
마포구,11440,도화동,563,11440-4108,마포아크로타워,84.99,14,2007,51000,0,2017-10-30,,,,,
마포구,11440,도화동,563,11440-4108,마포아크로타워,84.99,9,2007,52000,0,2017-10-15,,,,,
마포구,11440,도화동,82,11440-17,우성,128.315,5,1991,32000,60,2017-10-19,17.11~19.11,갱신,,32000,50
마포구,11440,도화동,82,11440-17,우성,128.315,5,1991,32500,60,2017-10-24,,,,,
마포구,11440,도화동,82,11440-17,우성,54.72,6,1991,31000,0,2017-10-28,,,,,
마포구,11440,도화동,82,11440-17,우성,68.94,14,1991,32000,0,2017-10-31,,,,,
마포구,11440,도화동,82,11440-17,우성,68.94,2,1991,34000,0,2017-10-28,,,,,
마포구,11440,도화동,82,11440-17,우성,79.97,1,1991,39500,0,2017-10-10,,,,,
마포구,11440,도화동,82,11440-17,우성,79.97,12,1991,40000,0,2017-10-27,,,,,
마포구,11440,마포동,253,11440-30,마포쌍용황금아파트,114.84,12,2000,49000,0,2017-10-21,,,,,
마포구,11440,마포동,253,11440-30,마포쌍용황금아파트,59.9,18,2000,39000,0,2017-10-13,,,,,
마포구,11440,마포동,253,11440-30,마포쌍용황금아파트,59.9,6,2000,36000,0,2017-10-18,,,,,
마포구,11440,마포동,253,11440-30,마포쌍용황금아파트,59.9,6,2000,39800,0,2017-10-18,,,,,
마포구,11440,마포동,253,11440-30,마포쌍용황금아파트,59.9,9,2000,3000,120,2017-10-15,,,,,
마포구,11440,마포동,442,11440-29,보성,59.4,11,1996,28000,0,2017-10-23,,,,,
마포구,11440,마포동,442,11440-29,보성,84.8,8,1996,10000,100,2017-10-20,,,,,
마포구,11440,망원동,236-2,11440-4939,한강그린1차아파트,60.48,2,2011,25000,0,2017-10-18,17.10~19.10,신규,,,
마포구,11440,망원동,412-19,11440-81,뉴서울,79.77,1,2002,33000,0,2017-10-23,,,,,
마포구,11440,망원동,420,11440-128,성원1,84.92,1,1998,28000,0,2017-10-25,,,,,
마포구,11440,망원동,465-32,11440-85,광남캐스빌D,77.22,4,2002,29000,20,2017-10-29,,,,,
마포구,11440,망원동,478-27,11440-74,미원1,58.98,5,1996,33000,0,2017-10-31,,,,,
마포구,11440,망원동,489,11440-76,성원2,114.74,1,1999,10000,150,2017-10-16,,,,,
마포구,11440,망원동,491,11440-69,대상3,59.61,12,2000,31000,0,2017-10-18,,,,,
마포구,11440,망원동,493,11440-80,함성백합,59.9,5,2001,33500,0,2017-10-20,,,,,
마포구,11440,망원동,495,11440-157,신부3차파스카,59.94,4,2002,32000,0,2017-10-30,,,,,
마포구,11440,망원동,496,11440-88,대림1,114.81,4,2002,50000,0,2017-10-18,,,,,
마포구,11440,망원동,496,11440-88,대림1,59.73,7,2002,36000,0,2017-10-12,,,,,
마포구,11440,망원동,498,11440-89,우림루미아트,59.9488,1,2003,35000,0,2017-10-24,,,,,
마포구,11440,망원동,498,11440-89,우림루미아트,59.9488,10,2003,35000,0,2017-10-28,,,,,
마포구,11440,망원동,498,11440-89,우림루미아트,59.9488,11,2003,5000,120,2017-10-30,,,,,
마포구,11440,망원동,499,11440-91,한강2차대주피오레,84.97,12,2003,45000,0,2017-10-23,,,,,
마포구,11440,망원동,499,11440-91,한강2차대주피오레,84.97,15,2003,48000,0,2017-10-22,,,,,
마포구,11440,망원동,507,11440-202,신부파스카4차,84.62,8,2004,4000,130,2017-10-10,,,,,
마포구,11440,망원동,509,11440-204,휴먼빌,84.963,5,2004,20000,80,2017-10-21,,,,,
마포구,11440,망원동,510,11440-205,두영이지안,59.95,4,2004,32500,0,2017-10-11,,,,,
마포구,11440,망원동,516,11440-4503,망원동동원데쟈뷰,82.9,2,2008,15800,0,2017-10-27,,,,,
마포구,11440,망원동,517,11440-4686,영화블렌하임,103.86,8,2009,50000,0,2017-10-12,,,,,
마포구,11440,망원동,518,11440-5286,신부파스카5차,37.17,1,2013,21000,0,2017-10-10,17.10~19.10,신규,,,
마포구,11440,망원동,518,11440-5286,신부파스카5차,37.17,2,2013,23000,0,2017-10-17,,,,,
마포구,11440,상수동,398,11440-5427,래미안밤섬리베뉴Ⅱ,84.82,2,2014,50000,65,2017-10-31,,,,,
마포구,11440,상수동,402,11440-5428,래미안밤섬리베뉴Ⅰ,84.99,11,2014,73000,0,2017-10-07,,,,,
마포구,11440,상암동,1618,11440-4659,DMC상암센트럴파크2단지,59.9,2,2009,3000,130,2017-10-24,,,,,
마포구,11440,상암동,1630,11440-4660,DMC상암센트럴파크1단지,84.91,5,2009,50000,20,2017-10-28,,,,,
마포구,11440,상암동,1630,11440-4660,DMC상암센트럴파크1단지,84.91,6,2009,55000,0,2017-10-18,,,,,
마포구,11440,상암동,1634,11440-3930,상암월드컵파크1단지,39.44,5,2003,1635,24,2017-10-12,,,,,
마포구,11440,상암동,1634,11440-3930,상암월드컵파크1단지,39.66,1,2003,5941,0,2017-10-12,,,,,
마포구,11440,상암동,1634,11440-3930,상암월드컵파크1단지,39.66,12,2003,1645,24,2017-10-19,17.10~19.10,갱신,,1645,24
마포구,11440,상암동,1634,11440-3930,상암월드컵파크1단지,39.66,14,2003,5941,0,2017-10-16,,,,,
마포구,11440,상암동,1634,11440-3930,상암월드컵파크1단지,39.66,17,2003,5941,0,2017-10-13,,,,,
마포구,11440,상암동,1634,11440-3930,상암월드컵파크1단지,49.53,16,2003,6852,0,2017-10-13,,,,,
마포구,11440,상암동,1634,11440-3930,상암월드컵파크1단지,49.53,2,2003,6852,0,2017-10-17,,,,,
마포구,11440,상암동,1634,11440-3930,상암월드컵파크1단지,49.53,4,2003,1975,27,2017-10-19,,,,,
마포구,11440,상암동,1634,11440-3930,상암월드컵파크1단지,49.53,6,2003,1975,27,2017-10-16,,,,,
마포구,11440,상암동,1634,11440-3930,상암월드컵파크1단지,49.65,12,2003,1980,27,2017-10-19,,,,,
마포구,11440,상암동,1634,11440-3930,상암월드컵파크1단지,49.65,7,2003,6869,0,2017-10-12,,,,,
마포구,11440,상암동,1634,11440-3930,상암월드컵파크1단지,49.77,17,2003,6886,0,2017-10-13,,,,,
마포구,11440,상암동,1634,11440-3930,상암월드컵파크1단지,49.93,11,2003,6906,0,2017-10-12,,,,,
마포구,11440,상암동,1634,11440-3930,상암월드컵파크1단지,49.93,12,2003,6906,0,2017-10-12,,,,,
마포구,11440,상암동,1634,11440-3930,상암월드컵파크1단지,49.93,13,2003,6886,0,2017-10-13,,,,,
마포구,11440,상암동,1637,11440-136,상암월드컵파크2단지,49.8,12,2003,36000,0,2017-10-21,,,,,
마포구,11440,상암동,1637,11440-136,상암월드컵파크2단지,59.84,19,2003,43000,0,2017-10-10,,,,,
마포구,11440,상암동,1637,11440-136,상암월드컵파크2단지,59.92,13,2003,42000,0,2017-10-27,,,,,
마포구,11440,상암동,1637,11440-136,상암월드컵파크2단지,59.92,14,2003,42000,0,2017-10-28,,,,,
마포구,11440,상암동,1637,11440-136,상암월드컵파크2단지,59.92,19,2003,39000,0,2017-10-11,,,,,
마포구,11440,상암동,1637,11440-136,상암월드컵파크2단지,59.92,19,2003,40000,0,2017-10-09,,,,,
마포구,11440,상암동,1637,11440-136,상암월드컵파크2단지,59.92,9,2003,42000,0,2017-10-13,,,,,
마포구,11440,상암동,1643,11440-135,상암월드컵파크3단지,84.84,13,2003,50000,0,2017-10-14,,,,,
마포구,11440,상암동,1643,11440-135,상암월드컵파크3단지,84.84,3,2003,48500,0,2017-10-10,,,,,
마포구,11440,상암동,1643,11440-135,상암월드컵파크3단지,84.84,5,2003,49000,0,2017-10-27,,,,,
마포구,11440,상암동,1643,11440-135,상암월드컵파크3단지,84.84,6,2003,52000,0,2017-10-23,,,,,
마포구,11440,상암동,1643,11440-135,상암월드컵파크3단지,84.84,8,2003,47000,0,2017-10-28,,,,,
마포구,11440,상암동,1643,11440-135,상암월드컵파크3단지,84.84,9,2003,38900,0,2017-10-27,,,,,
마포구,11440,상암동,1655,11440-4038,상암월드컵파크4단지,104.78,10,2006,64000,0,2017-10-26,,,,,
마포구,11440,상암동,1655,11440-4038,상암월드컵파크4단지,104.78,3,2006,65000,0,2017-10-25,,,,,
마포구,11440,상암동,1655,11440-4038,상암월드컵파크4단지,84.66,1,2006,58000,0,2017-10-14,,,,,
마포구,11440,상암동,1655,11440-4038,상암월드컵파크4단지,84.66,21,2006,57000,0,2017-10-10,,,,,
마포구,11440,상암동,1655,11440-4038,상암월드컵파크4단지,84.66,5,2006,51000,17,2017-10-13,,,,,
마포구,11440,상암동,1655,11440-4038,상암월드컵파크4단지,84.66,9,2006,58000,0,2017-10-28,,,,,
마포구,11440,상암동,1655,11440-4038,상암월드컵파크4단지,84.81,19,2006,29000,90,2017-10-21,,,,,
마포구,11440,상암동,1655,11440-4038,상암월드컵파크4단지,84.89,13,2006,58000,0,2017-10-19,,,,,
마포구,11440,상암동,1658,11440-3929,상암월드컵파크5단지,104.69,13,2005,20000,125,2017-10-22,,,,,
마포구,11440,상암동,1658,11440-3929,상암월드컵파크5단지,84.67,19,2005,58000,0,2017-10-18,,,,,
마포구,11440,상암동,1658,11440-3929,상암월드컵파크5단지,84.67,9,2005,5000,160,2017-10-31,,,,,
마포구,11440,상암동,1660,11440-3927,상암월드컵파크7단지,84.74,8,2005,55000,0,2017-10-10,,,,,
마포구,11440,상암동,1660,11440-3927,상암월드컵파크7단지,84.74,9,2005,55000,0,2017-10-27,,,,,
마포구,11440,상암동,1660,11440-3927,상암월드컵파크7단지,84.9,10,2005,53000,0,2017-10-31,,,,,
마포구,11440,상암동,1660,11440-3927,상암월드컵파크7단지,84.9,5,2005,10000,120,2017-10-20,,,,,
마포구,11440,상암동,1689,11440-3928,상암월드컵파크6단지,104.32,10,2005,65000,0,2017-10-23,,,,,
마포구,11440,상암동,1689,11440-3928,상암월드컵파크6단지,104.32,13,2005,35000,0,2017-10-30,,,,,
마포구,11440,상암동,1689,11440-3928,상암월드컵파크6단지,104.32,2,2005,35000,90,2017-10-30,,,,,
마포구,11440,상암동,1689,11440-3928,상암월드컵파크6단지,104.32,2,2005,62000,0,2017-10-21,,,,,
마포구,11440,상암동,1689,11440-3928,상암월드컵파크6단지,104.32,4,2005,10000,180,2017-10-13,,,,,
마포구,11440,상암동,1689,11440-3928,상암월드컵파크6단지,104.32,5,2005,65000,0,2017-10-31,,,,,
마포구,11440,상암동,1689,11440-3928,상암월드컵파크6단지,104.32,7,2005,68000,0,2017-10-14,,,,,
마포구,11440,상암동,1689,11440-3928,상암월드컵파크6단지,104.32,9,2005,65000,0,2017-10-28,,,,,
마포구,11440,상암동,1736,11440-4772,상암월드컵파크10단지,59.73,13,2010,15523,0,2017-10-20,,,,,
마포구,11440,상암동,1736,11440-4772,상암월드컵파크10단지,84.89,2,2010,50000,0,2017-10-17,,,,,
마포구,11440,상암동,1741,11440-4755,상암월드컵파크11단지,114.26,7,2010,40650,0,2017-10-31,,,,,
마포구,11440,상암동,1741,11440-4755,상암월드컵파크11단지,114.72,7,2010,25930,0,2017-10-27,,,,,
마포구,11440,상암동,1743,11440-4801,상암월드컵파크12단지,59.73,3,2010,45000,0,2017-10-20,,,,,
마포구,11440,상암동,1752,11440-4800,상암월드컵파크9단지,84.94,5,2010,52000,0,2017-10-21,,,,,
마포구,11440,상암동,1752,11440-4800,상암월드컵파크9단지,84.94,9,2010,10000,120,2017-10-28,,,,,
마포구,11440,상암동,1752,11440-4800,상암월드컵파크9단지,84.98,1,2010,36000,40,2017-10-28,,,,,
마포구,11440,상암동,1752,11440-4800,상암월드컵파크9단지,84.98,8,2010,50000,0,2017-10-26,,,,,
마포구,11440,서교동,329-2,11440-53,대아,84.98,3,1997,33000,20,2017-10-29,,,,,
마포구,11440,서교동,487,11440-3901,대우미래사랑,34.29,7,2005,1000,85,2017-10-14,,,,,
마포구,11440,서교동,487,11440-3901,대우미래사랑,34.29,8,2005,20000,0,2017-10-16,,,,,
마포구,11440,서교동,487,11440-3901,대우미래사랑,68.03,6,2005,10000,100,2017-10-14,,,,,
마포구,11440,서교동,490,11440-5097,메세나폴리스,122.867,25,2012,10000,400,2017-10-28,,,,,
마포구,11440,서교동,490,11440-5097,메세나폴리스,142.034,17,2012,33000,440,2017-10-16,,,,,
마포구,11440,서교동,490,11440-5097,메세나폴리스,142.034,31,2012,130000,0,2017-10-16,,,,,
마포구,11440,성산동,142-9,11440-108,세원,59.87,11,1996,27000,0,2017-10-10,,,,,
마포구,11440,성산동,142-9,11440-108,세원,59.87,4,1996,25000,0,2017-10-30,,,,,
마포구,11440,성산동,142-9,11440-108,세원,59.87,4,1996,27000,0,2017-10-23,,,,,
마포구,11440,성산동,142-9,11440-108,세원,66.51,6,1996,29000,0,2017-10-23,,,,,
마포구,11440,성산동,214-70,11440-140,엘지(214-70),102,2,2003,35000,0,2017-10-18,17.12~19.12,신규,,,
마포구,11440,성산동,446,11440-109,성산시영(유원),59.43,10,1986,27000,0,2017-10-19,,,,,
마포구,11440,성산동,446,11440-109,성산시영(유원),59.43,10,1986,29000,0,2017-10-28,,,,,
마포구,11440,성산동,446,11440-109,성산시영(유원),59.43,11,1986,27000,0,2017-10-10,,,,,
마포구,11440,성산동,446,11440-109,성산시영(유원),59.43,12,1986,28000,0,2017-10-07,,,,,
마포구,11440,성산동,446,11440-109,성산시영(유원),59.43,13,1986,28000,0,2017-10-09,,,,,
마포구,11440,성산동,446,11440-109,성산시영(유원),59.43,14,1986,25000,0,2017-10-18,,,,,
마포구,11440,성산동,446,11440-109,성산시영(유원),59.43,14,1986,26000,0,2017-10-25,,,,,
마포구,11440,성산동,446,11440-109,성산시영(유원),59.43,3,1986,28000,0,2017-10-21,,,,,
마포구,11440,성산동,446,11440-109,성산시영(유원),59.43,7,1986,27000,0,2017-10-26,,,,,
마포구,11440,성산동,446,11440-109,성산시영(유원),59.43,7,1986,28000,0,2017-10-27,,,,,
마포구,11440,성산동,446,11440-109,성산시영(유원),59.43,9,1986,28000,0,2017-10-27,,,,,
마포구,11440,성산동,446,11440-168,성산시영(선경),50.54,11,1986,11000,40,2017-10-13,,,,,
마포구,11440,성산동,446,11440-168,성산시영(선경),50.54,11,1986,23500,0,2017-10-21,,,,,
마포구,11440,성산동,446,11440-168,성산시영(선경),50.54,12,1986,17000,0,2017-10-31,,,,,
마포구,11440,성산동,446,11440-168,성산시영(선경),50.54,12,1986,22000,0,2017-10-23,,,,,
마포구,11440,성산동,446,11440-168,성산시영(선경),50.54,12,1986,23000,0,2017-10-28,,,,,
마포구,11440,성산동,446,11440-168,성산시영(선경),50.54,12,1986,25000,0,2017-10-10,,,,,
마포구,11440,성산동,446,11440-168,성산시영(선경),50.54,13,1986,25000,0,2017-10-24,,,,,
마포구,11440,성산동,446,11440-168,성산시영(선경),50.54,3,1986,19000,0,2017-10-30,,,,,
마포구,11440,성산동,446,11440-168,성산시영(선경),50.54,3,1986,23000,0,2017-10-20,,,,,
마포구,11440,성산동,446,11440-168,성산시영(선경),50.54,3,1986,24000,0,2017-10-12,,,,,
마포구,11440,성산동,446,11440-168,성산시영(선경),50.54,4,1986,24000,0,2017-10-21,,,,,
마포구,11440,성산동,446,11440-168,성산시영(선경),50.54,6,1986,14000,30,2017-10-28,,,,,
마포구,11440,성산동,446,11440-168,성산시영(선경),50.54,6,1986,21000,0,2017-10-21,,,,,
마포구,11440,성산동,446,11440-168,성산시영(선경),50.54,7,1986,15000,20,2017-10-16,,,,,
마포구,11440,성산동,446,11440-168,성산시영(선경),50.54,7,1986,25000,0,2017-10-16,,,,,
마포구,11440,성산동,446,11440-168,성산시영(선경),50.54,8,1986,23000,0,2017-10-12,,,,,
마포구,11440,성산동,446,11440-168,성산시영(선경),50.54,8,1986,24500,0,2017-10-17,,,,,
마포구,11440,성산동,446,11440-169,성산시영(대우),50.03,1,1986,23000,0,2017-10-28,,,,,
마포구,11440,성산동,446,11440-169,성산시영(대우),50.03,10,1986,23000,0,2017-10-12,,,,,
마포구,11440,성산동,446,11440-169,성산시영(대우),50.03,11,1986,23000,0,2017-10-12,,,,,
마포구,11440,성산동,446,11440-169,성산시영(대우),50.03,2,1986,23000,0,2017-10-22,,,,,
마포구,11440,성산동,446,11440-169,성산시영(대우),50.03,3,1986,21000,0,2017-10-30,,,,,
마포구,11440,성산동,446,11440-169,성산시영(대우),50.03,3,1986,23000,0,2017-10-22,,,,,
마포구,11440,성산동,446,11440-169,성산시영(대우),50.03,3,1986,5000,60,2017-10-28,,,,,
마포구,11440,성산동,446,11440-169,성산시영(대우),50.03,6,1986,25000,0,2017-10-21,,,,,
마포구,11440,성산동,446,11440-169,성산시영(대우),50.03,7,1986,25000,0,2017-10-14,,,,,
마포구,11440,성산동,600,11440-112,성사1차풍림아파트101동,59.85,2,2000,20000,30,2017-10-09,,,,,
마포구,11440,성산동,601,11440-118,성산월드타운대림,117.898,4,2004,51000,0,2017-10-18,,,,,
마포구,11440,성산동,601,11440-118,성산월드타운대림,84.689,15,2004,38000,25,2017-10-28,,,,,
마포구,11440,성산동,601,11440-118,성산월드타운대림,84.689,17,2004,44000,0,2017-10-30,,,,,
마포구,11440,성산동,667,11440-4586,월드컵아이파크(667),59.73,1,2009,12031,0,2017-10-31,,,,,
마포구,11440,성산동,667,11440-4586,월드컵아이파크(667),59.73,19,2009,41000,0,2017-10-17,17.11~19.11,신규,,,
마포구,11440,성산동,667,11440-4586,월드컵아이파크(667),59.73,6,2009,40000,0,2017-10-14,,,,,
마포구,11440,성산동,668,11440-5459,노블에비뉴,31.728,6,2015,5000,95,2017-10-29,,,,,
마포구,11440,성산동,669,11440-5579,블룸에비뉴,30.922,3,2016,14000,50,2017-10-23,,,,,
마포구,11440,성산동,669,11440-5579,블룸에비뉴,30.922,7,2016,8000,105,2017-10-14,,,,,
마포구,11440,신공덕동,15-80,11440-5440,공덕프로포즈Ⅱ,14.03,16,2015,12000,0,2017-10-13,17.11~19.10,신규,,,
마포구,11440,신공덕동,155,11440-9,신공덕1차삼성래미안1아파트,59.76,12,2000,46000,0,2017-10-21,,,,,
마포구,11440,신공덕동,155,11440-9,신공덕1차삼성래미안1아파트,59.76,15,2000,36000,35,2017-10-16,,,,,
마포구,11440,신공덕동,155,11440-9,신공덕1차삼성래미안1아파트,59.76,18,2000,44500,0,2017-10-24,,,,,
마포구,11440,신공덕동,155,11440-9,신공덕1차삼성래미안1아파트,84.9,13,2000,54500,0,2017-10-13,17.10~19.10,신규,,,
마포구,11440,신공덕동,155,11440-9,신공덕1차삼성래미안1아파트,84.9,20,2000,35000,50,2017-10-27,,,,,
마포구,11440,신공덕동,155,11440-9,신공덕1차삼성래미안1아파트,84.9,4,2000,35000,45,2017-10-17,17.10~19.10,갱신,,35000,35
마포구,11440,신공덕동,159,11440-8,신공덕래미안2차,114.5,16,2000,15000,120,2017-10-30,,,,,
마포구,11440,신공덕동,159,11440-8,신공덕래미안2차,59.48,1,2000,34500,0,2017-10-12,,,,,
마포구,11440,신공덕동,159,11440-8,신공덕래미안2차,59.48,14,2000,40000,0,2017-10-28,,,,,
마포구,11440,신공덕동,159,11440-8,신공덕래미안2차,84.73,3,2000,10000,120,2017-10-23,,,,,
마포구,11440,신공덕동,161,11440-10,신공덕래미안3차,114.76,17,2003,43000,40,2017-10-27,,,,,
마포구,11440,신공덕동,161,11440-10,신공덕래미안3차,59.96,18,2003,30000,50,2017-10-28,,,,,
마포구,11440,신공덕동,161,11440-10,신공덕래미안3차,59.96,2,2003,45000,0,2017-10-21,,,,,
마포구,11440,신공덕동,161,11440-10,신공덕래미안3차,59.96,3,2003,39000,14,2017-10-11,,,,,
마포구,11440,신공덕동,161,11440-10,신공덕래미안3차,84.69,17,2003,3000,170,2017-10-31,,,,,
마포구,11440,신공덕동,167,11440-4071,대우메트로디오빌,34.39,27,2005,25500,0,2017-10-18,,,,,
마포구,11440,신공덕동,167,11440-4071,대우메트로디오빌,49.97,24,2005,35000,0,2017-10-28,,,,,
마포구,11440,신공덕동,170,11440-4551,브라운스톤공덕아파트,84.98,16,2009,75000,0,2017-10-13,,,,,
마포구,11440,신공덕동,170,11440-4551,브라운스톤공덕아파트,84.98,4,2009,66000,0,2017-10-25,,,,,
마포구,11440,신공덕동,172,11440-4887,펜트라우스,115.04,16,2011,84000,0,2017-10-27,,,,,
마포구,11440,신공덕동,172,11440-4887,펜트라우스,84.67,10,2011,50000,60,2017-10-21,,,,,
마포구,11440,신공덕동,172,11440-4887,펜트라우스,84.95,7,2011,65000,0,2017-10-12,,,,,
마포구,11440,신공덕동,174,11440-5218,공덕아이파크,59.98,3,2013,40000,13,2017-10-28,17.12~19.11,신규,,,
마포구,11440,신수동,190,11440-39,신수동성원,84.96,16,1998,43500,0,2017-10-14,,,,,
마포구,11440,신수동,190,11440-39,신수동성원,84.96,7,1998,41000,0,2017-10-16,,,,,
마포구,11440,신수동,22-35,11440-181,하나테크노빌,31.25,12,2002,1000,65,2017-10-23,,,,,
마포구,11440,신수동,445-5,11440-41,현대,84.47,11,1996,42000,0,2017-10-18,,,,,
마포구,11440,신수동,450,11440-40,신촌삼익,59.85,11,1997,38000,0,2017-10-10,,,,,
마포구,11440,신수동,450,11440-40,신촌삼익,59.85,12,1997,5000,100,2017-10-21,,,,,
마포구,11440,신수동,450,11440-40,신촌삼익,59.85,15,1997,37000,0,2017-10-20,,,,,
마포구,11440,신수동,450,11440-40,신촌삼익,59.85,22,1997,37000,0,2017-10-25,,,,,
마포구,11440,신수동,450,11440-40,신촌삼익,59.85,3,1997,38000,0,2017-10-13,,,,,
마포구,11440,신수동,451,11440-142,세양청마루,111.88,14,2003,52000,0,2017-10-30,,,,,
마포구,11440,신수동,453,11440-129,대원칸타빌,84.96,14,2004,55000,0,2017-10-19,,,,,
마포구,11440,신수동,455,11440-3920,경남아너스빌,84.97,12,2005,49000,0,2017-10-25,,,,,
마포구,11440,신수동,457,11440-4155,벽산솔렌스힐,84.9657,4,2007,39000,0,2017-10-19,,,,,
마포구,11440,신수동,457,11440-4155,벽산솔렌스힐,84.9657,4,2007,50000,0,2017-10-19,,,,,
마포구,11440,신수동,459,11440-4706,밤섬경남아너스빌,84.83,14,2009,55000,0,2017-10-21,,,,,
마포구,11440,신수동,459,11440-4706,밤섬경남아너스빌,84.83,15,2009,50000,0,2017-10-12,,,,,
마포구,11440,신수동,459,11440-4706,밤섬경남아너스빌,84.83,15,2009,50700,0,2017-10-10,,,,,
마포구,11440,신수동,459,11440-4706,밤섬경남아너스빌,84.9,22,2009,55000,0,2017-10-16,,,,,
마포구,11440,신정동,30,11440-51,서강GS,114.87,19,1999,5000,200,2017-10-23,,,,,
마포구,11440,신정동,30,11440-51,서강GS,84.4,17,1999,30000,0,2017-10-27,,,,,
마포구,11440,신정동,30,11440-51,서강GS,84.97,21,1999,50000,0,2017-10-31,,,,,
마포구,11440,아현동,692,11440-1,서서울삼성,48.92,15,1998,10000,65,2017-10-10,,,,,
마포구,11440,아현동,692,11440-1,서서울삼성,48.92,6,1998,31000,0,2017-10-10,,,,,
마포구,11440,아현동,777,11440-5406,마포래미안푸르지오2단지,114.588,4,2014,85000,0,2017-10-14,18.01~20.01,신규,,,
마포구,11440,아현동,777,11440-5406,마포래미안푸르지오2단지,114.7267,7,2014,50000,0,2017-10-16,,,,,
마포구,11440,아현동,777,11440-5406,마포래미안푸르지오2단지,114.7267,9,2014,85000,0,2017-10-10,,,,,
마포구,11440,아현동,777,11440-5406,마포래미안푸르지오2단지,59.9656,12,2014,40000,60,2017-10-14,,,,,
마포구,11440,아현동,777,11440-5406,마포래미안푸르지오2단지,59.9656,21,2014,58500,0,2017-10-16,,,,,
마포구,11440,아현동,777,11440-5406,마포래미안푸르지오2단지,59.9656,6,2014,36000,60,2017-10-17,,,,,
마포구,11440,아현동,777,11440-5406,마포래미안푸르지오2단지,59.9796,11,2014,5000,160,2017-10-30,,,,,
마포구,11440,아현동,777,11440-5406,마포래미안푸르지오2단지,84.8919,5,2014,20000,150,2017-10-11,17.10~19.10,신규,,,
마포구,11440,아현동,777,11440-5407,마포래미안푸르지오1단지,59.9236,18,2014,10000,130,2017-10-11,,,,,
마포구,11440,아현동,777,11440-5407,마포래미안푸르지오1단지,59.9656,14,2014,55000,0,2017-10-20,17.10~19.10,신규,,,
마포구,11440,아현동,777,11440-5407,마포래미안푸르지오1단지,84.5978,4,2014,68000,0,2017-10-28,,,,,
마포구,11440,아현동,777,11440-5407,마포래미안푸르지오1단지,84.8919,23,2014,70000,0,2017-10-21,,,,,
마포구,11440,아현동,777,11440-5408,마포래미안푸르지오3단지,114.588,9,2014,20000,165,2017-10-23,,,,,
마포구,11440,아현동,777,11440-5408,마포래미안푸르지오3단지,114.7267,13,2014,85000,0,2017-10-21,,,,,
마포구,11440,아현동,777,11440-5408,마포래미안푸르지오3단지,59.9236,23,2014,25000,100,2017-10-17,,,,,
마포구,11440,아현동,777,11440-5408,마포래미안푸르지오3단지,59.9236,3,2014,42000,40,2017-10-09,,,,,
마포구,11440,아현동,777,11440-5410,마포래미안푸르지오4단지,59.9236,24,2014,40000,55,2017-10-21,,,,,
마포구,11440,아현동,777,11440-5410,마포래미안푸르지오4단지,59.9236,5,2014,55000,0,2017-10-21,,,,,
마포구,11440,아현동,777,11440-5410,마포래미안푸르지오4단지,59.9236,6,2014,25000,100,2017-10-21,,,,,
마포구,11440,아현동,777,11440-5410,마포래미안푸르지오4단지,59.9656,18,2014,57000,0,2017-10-17,,,,,
마포구,11440,아현동,777,11440-5410,마포래미안푸르지오4단지,59.9656,6,2014,55000,0,2017-10-14,,,,,
마포구,11440,아현동,777,11440-5410,마포래미안푸르지오4단지,59.9656,9,2014,5000,160,2017-10-14,,,,,
마포구,11440,아현동,777,11440-5410,마포래미안푸르지오4단지,84.5978,19,2014,69000,0,2017-10-19,,,,,
마포구,11440,아현동,777,11440-5410,마포래미안푸르지오4단지,84.8919,22,2014,70000,0,2017-10-15,,,,,
마포구,11440,아현동,777,11440-5410,마포래미안푸르지오4단지,84.8919,9,2014,69500,0,2017-10-20,,,,,
마포구,11440,아현동,799,11440-5457,공덕자이(임대),36.4,2,2015,7179,0,2017-10-17,,,,,
마포구,11440,아현동,799,11440-5457,공덕자이(임대),36.4,6,2015,7179,0,2017-10-24,,,,,
마포구,11440,아현동,799,11440-5457,공덕자이(임대),36.4,6,2015,7179,0,2017-10-26,,,,,
마포구,11440,아현동,799,11440-5457,공덕자이(임대),36.4,7,2015,3599,20,2017-10-30,,,,,
마포구,11440,아현동,799,11440-5457,공덕자이(임대),36.4,7,2015,7179,0,2017-10-23,,,,,
마포구,11440,아현동,799,11440-5457,공덕자이(임대),36.4,8,2015,7,20,2017-10-24,,,,,
마포구,11440,아현동,799,11440-5457,공덕자이(임대),36.4,8,2015,7179,0,2017-10-23,,,,,
마포구,11440,아현동,799,11440-5457,공덕자이(임대),36.4,9,2015,7179,0,2017-10-24,,,,,
마포구,11440,아현동,800,11440-5458,공덕자이,114.99,19,2015,60000,80,2017-10-13,,,,,
마포구,11440,아현동,800,11440-5458,공덕자이,59.99,13,2015,40000,60,2017-10-14,,,,,
마포구,11440,아현동,800,11440-5458,공덕자이,84.99,1,2015,5000,190,2017-10-20,,,,,
마포구,11440,아현동,800,11440-5458,공덕자이,84.99,1,2015,64000,0,2017-10-12,,,,,
마포구,11440,아현동,800,11440-5458,공덕자이,84.99,19,2015,70000,0,2017-10-10,,,,,
마포구,11440,아현동,800,11440-5458,공덕자이,84.99,4,2015,64000,0,2017-10-27,,,,,
마포구,11440,아현동,802,11440-5661,마포센트럴 아이파크,111.1083,23,2017,79000,0,2017-10-12,17.11~19.11,신규,,,
마포구,11440,아현동,802,11440-5661,마포센트럴 아이파크,111.1083,9,2017,10000,210,2017-10-25,17.10~19.10,신규,,,
마포구,11440,아현동,802,11440-5661,마포센트럴 아이파크,84.9668,15,2017,30000,120,2017-10-20,17.11~19.11,신규,,,
마포구,11440,연남동,244-15,11440-96,새마을,41.65,1,1970,1000,45,2017-10-02,,,,,
마포구,11440,연남동,244-15,11440-96,새마을,41.65,1,1970,3000,55,2017-10-31,,,,,
마포구,11440,연남동,244-15,11440-96,새마을,41.65,2,1970,3000,70,2017-10-26,,,,,
마포구,11440,연남동,250-8,11440-208,서암,67.08,1,2004,25000,0,2017-10-30,,,,,
마포구,11440,연남동,259-1,11440-94,대명,59.99,17,1995,33000,0,2017-10-12,,,,,
마포구,11440,연남동,493-27,11440-209,홍익하이빌,34.77,4,2004,12800,0,2017-10-02,,,,,
마포구,11440,연남동,573,11440-146,코오롱,102.158,1,2003,52000,0,2017-10-23,17.11~19.11,신규,,,
마포구,11440,연남동,573,11440-146,코오롱,114.88,10,2003,60000,0,2017-10-25,,,,,
마포구,11440,연남동,573,11440-146,코오롱,114.88,4,2003,54500,0,2017-10-02,,,,,
마포구,11440,연남동,573,11440-146,코오롱,150.048,2,2003,35500,0,2017-10-25,,,,,
마포구,11440,연남동,573,11440-146,코오롱,59.76,1,2003,39000,0,2017-10-10,,,,,
마포구,11440,연남동,573,11440-146,코오롱,59.76,1,2003,5000,120,2017-10-17,,,,,
마포구,11440,연남동,573,11440-146,코오롱,84.936,14,2003,48000,0,2017-10-26,,,,,
마포구,11440,연남동,573,11440-146,코오롱,84.936,15,2003,48000,0,2017-10-23,,,,,
마포구,11440,연남동,573,11440-146,코오롱,84.936,5,2003,48000,0,2017-10-21,,,,,
마포구,11440,연남동,573,11440-146,코오롱,84.936,8,2003,45000,0,2017-10-21,,,,,
마포구,11440,염리동,161-1,11440-35,중앙하이츠,83.82,11,1998,45000,0,2017-10-20,,,,,
마포구,11440,염리동,515-1,11440-33,상록,57.88,20,1997,25000,0,2017-10-31,,,,,
마포구,11440,염리동,515-1,11440-33,상록,57.88,4,1997,30000,0,2017-10-25,,,,,
마포구,11440,염리동,515-1,11440-33,상록,58.71,18,1997,30000,0,2017-10-31,,,,,
마포구,11440,염리동,515-1,11440-33,상록,58.71,3,1997,28000,0,2017-10-31,,,,,
마포구,11440,염리동,515-1,11440-33,상록,58.71,4,1997,28000,0,2017-10-17,,,,,
마포구,11440,염리동,515-1,11440-33,상록,58.71,5,1997,22000,0,2017-10-17,,,,,
마포구,11440,염리동,515-1,11440-5144,상록임대,27.47,2,1997,2882,0,2017-10-18,,,,,
마포구,11440,염리동,515-1,11440-5144,상록임대,27.47,3,1997,968,11,2017-10-17,,,,,
마포구,11440,염리동,515-1,11440-5144,상록임대,27.47,5,1997,1522,2,2017-10-18,17.10~19.10,갱신,,1522,2
마포구,11440,염리동,515-1,11440-5144,상록임대,27.47,8,1997,2152,2,2017-10-30,,,,,
마포구,11440,염리동,515-1,11440-5144,상록임대,27.47,8,1997,668,13,2017-10-27,,,,,
마포구,11440,염리동,520,11440-34,염리삼성래미안,114.48,6,2001,40000,60,2017-10-17,,,,,
마포구,11440,염리동,520,11440-34,염리삼성래미안,59.76,2,2001,37000,0,2017-10-24,,,,,
마포구,11440,염리동,520,11440-34,염리삼성래미안,84.96,10,2001,40000,45,2017-10-21,,,,,
마포구,11440,염리동,520,11440-34,염리삼성래미안,84.96,3,2001,45000,0,2017-10-16,,,,,
마포구,11440,염리동,521,11440-147,마포자이,113.803,5,2003,50000,120,2017-10-14,,,,,
마포구,11440,염리동,521,11440-147,마포자이,84.692,12,2003,21000,100,2017-10-26,,,,,
마포구,11440,염리동,521,11440-147,마포자이,84.692,7,2003,75000,0,2017-10-21,,,,,
마포구,11440,염리동,522,11440-3897,염리동세양청마루아파트101동,56.24,11,2005,40000,0,2017-10-10,,,,,
마포구,11440,염리동,522,11440-3897,염리동세양청마루아파트101동,70.33,7,2005,22000,70,2017-10-09,,,,,
마포구,11440,용강동,380,11440-23,마포용강삼성래미안,59.98,12,2003,25000,0,2017-10-25,,,,,
마포구,11440,용강동,380,11440-23,마포용강삼성래미안,59.98,9,2003,50000,0,2017-10-16,,,,,
마포구,11440,용강동,380,11440-23,마포용강삼성래미안,59.99,10,2003,5000,130,2017-10-12,,,,,
마포구,11440,용강동,380,11440-23,마포용강삼성래미안,84.2,10,2003,60000,0,2017-10-25,,,,,
마포구,11440,용강동,500,11440-24,마포대림1,131.85,17,2002,20000,180,2017-10-16,,,,,
마포구,11440,용강동,500,11440-24,마포대림1,131.85,19,2002,72000,0,2017-10-13,,,,,
마포구,11440,용강동,501,11440-178,대림2차,59.25,13,2004,45000,0,2017-10-23,,,,,
마포구,11440,용강동,501,11440-178,대림2차,84.77,16,2004,40000,0,2017-10-03,17.10~19.10,신규,,,
마포구,11440,용강동,508,11440-5449,이편한세상마포리버파크,59.98,8,2016,25000,120,2017-10-19,,,,,
마포구,11440,용강동,508,11440-5449,이편한세상마포리버파크,59.98,9,2016,15000,150,2017-10-31,,,,,
마포구,11440,용강동,508,11440-5449,이편한세상마포리버파크,84.98,10,2016,78000,0,2017-10-31,,,,,
마포구,11440,중동,36-29,11440-120,강림월드타운,68.15,3,2002,32500,0,2017-10-16,,,,,
마포구,11440,중동,390,11440-123,DMC마포청구아파트,84.9,17,1994,40000,0,2017-10-26,,,,,
마포구,11440,중동,390,11440-123,DMC마포청구아파트,84.9,2,1994,40000,0,2017-10-29,,,,,
마포구,11440,중동,390,11440-123,DMC마포청구아파트,84.9,4,1994,20000,60,2017-10-14,,,,,
마포구,11440,중동,391,11440-121,중동계룡아파트,84.6,5,2000,40000,0,2017-10-12,,,,,
마포구,11440,중동,392,11440-122,마포중동현대,59.88,1,2001,33000,0,2017-10-28,,,,,
마포구,11440,중동,392,11440-122,마포중동현대,59.88,2,2001,30000,0,2017-10-10,,,,,
마포구,11440,중동,393,11440-125,건영월드컵,78.39,12,2002,36500,0,2017-10-24,,,,,
마포구,11440,중동,393,11440-125,건영월드컵,80.3,16,2002,38000,0,2017-10-14,,,,,
마포구,11440,중동,395,11440-163,동원월드타운,59.915,3,2004,31000,0,2017-10-30,,,,,
마포구,11440,중동,398,11440-3996,울트라월드컵(참누리),84.9406,16,2006,56000,0,2017-10-20,,,,,
마포구,11440,중동,398,11440-3996,울트라월드컵(참누리),84.9406,6,2006,52000,0,2017-10-19,,,,,
마포구,11440,중동,40-12,11440-124,현대,59.54,18,2000,3000,100,2017-10-22,,,,,
마포구,11440,창전동,42-9,11440-4062,중앙하이츠103동,57.86,1,2007,6000,70,2017-10-09,,,,,
마포구,11440,창전동,437,11440-47,창전래미안,32.76,11,1998,1863,9,2017-10-20,,,,,
마포구,11440,창전동,437,11440-47,창전래미안,59.94,1,1998,42000,0,2017-10-28,,,,,
마포구,11440,창전동,437,11440-47,창전래미안,59.94,16,1998,25000,40,2017-10-16,17.11~19.11,신규,,,
마포구,11440,창전동,437,11440-47,창전래미안,84.93,11,1998,24000,55,2017-10-17,,,,,
마포구,11440,창전동,437,11440-47,창전래미안,84.93,2,1998,50000,0,2017-10-20,,,,,
마포구,11440,창전동,439,11440-149,신촌태영데시앙,84.97,16,2003,55000,0,2017-10-28,,,,,
마포구,11440,창전동,439,11440-149,신촌태영데시앙,84.97,5,2003,46000,0,2017-10-23,,,,,
마포구,11440,창전동,440,11440-3890,창전동현대홈타운,59.651,10,2005,43000,0,2017-10-24,,,,,
마포구,11440,창전동,442,11440-4083,서강오벨리스크스위트,84.96,7,2007,50000,0,2017-10-18,,,,,
마포구,11440,창전동,444,11440-4156,서강예가,84.988,10,2007,60000,0,2017-10-23,,,,,
마포구,11440,창전동,444,11440-4156,서강예가,84.988,7,2007,58000,0,2017-10-25,,,,,
마포구,11440,토정동,138,11440-26,한강삼성,59.76,14,1997,41000,0,2017-10-13,,,,,
마포구,11440,토정동,138,11440-26,한강삼성,84.96,12,1997,49000,0,2017-10-28,,,,,
마포구,11440,토정동,138,11440-26,한강삼성,84.96,12,1997,50000,0,2017-10-11,,,,,
마포구,11440,하중동,101,11440-4715,한강밤섬자이,118.28,15,2010,90000,0,2017-10-22,,,,,
마포구,11440,하중동,101,11440-4715,한강밤섬자이,132.54,23,2010,60000,150,2017-10-03,,,,,
마포구,11440,하중동,101,11440-4715,한강밤섬자이,138.08,19,2010,84000,0,2017-10-21,,,,,
마포구,11440,하중동,101,11440-4715,한강밤섬자이,160.39,17,2010,113000,0,2017-10-28,,,,,
마포구,11440,하중동,101,11440-4715,한강밤섬자이,168.15,15,2010,110000,0,2017-10-23,,,,,
마포구,11440,하중동,101,11440-4715,한강밤섬자이,84.99,2,2010,45000,85,2017-10-09,,,,,
마포구,11440,하중동,101,11440-4715,한강밤섬자이,84.99,4,2010,70000,0,2017-10-15,,,,,
마포구,11440,합정동,375-2,11440-164,그레이스,52.34,7,2003,28500,0,2017-10-14,,,,,
마포구,11440,합정동,386-2,11440-185,현대하이츠,81.56,4,2004,37000,0,2017-10-27,,,,,
마포구,11440,합정동,473,11440-5606,마포한강2차푸르지오,83.45,5,2016,45000,150,2017-10-22,17.12~19.12,신규,,,
마포구,11440,합정동,474,11440-5673,합정한강아파트,52.17,5,2017,37000,0,2017-10-14,,,,,
마포구,11440,합정동,474,11440-5673,합정한강아파트,52.62,1,2017,20000,70,2017-10-24,,,,,
마포구,11440,합정동,474,11440-5673,합정한강아파트,52.62,5,2017,37000,0,2017-10-16,,,,,
마포구,11440,합정동,474,11440-5673,합정한강아파트,52.62,5,2017,37000,0,2017-10-30,,,,,
마포구,11440,합정동,474,11440-5673,합정한강아파트,52.62,7,2017,35000,0,2017-10-16,,,,,
마포구,11440,현석동,220,11440-42,밤섬힐스테이트,114.81,14,1999,42000,55,2017-10-21,,,,,
마포구,11440,현석동,220,11440-42,밤섬힐스테이트,59.4,21,1999,38000,0,2017-10-19,,,,,
마포구,11440,현석동,220,11440-42,밤섬힐스테이트,59.4,23,1999,10000,90,2017-10-20,,,,,
마포구,11440,현석동,220,11440-42,밤섬힐스테이트,59.4,3,1999,5000,80,2017-10-09,,,,,
마포구,11440,현석동,220,11440-42,밤섬힐스테이트,84.84,18,1999,50000,0,2017-10-11,,,,,
마포구,11440,현석동,222,11440-151,강변힐스테이트,59.54,6,2004,41000,0,2017-10-16,,,,,
마포구,11440,현석동,222,11440-151,강변힐스테이트,84.85,1,2004,35000,40,2017-10-25,,,,,
마포구,11440,현석동,222,11440-151,강변힐스테이트,84.85,1,2004,35000,40,2017-10-26,,,,,
마포구,11440,현석동,222,11440-151,강변힐스테이트,84.85,1,2004,46500,0,2017-10-31,,,,,
마포구,11440,현석동,222,11440-151,강변힐스테이트,84.85,10,2004,53000,0,2017-10-25,,,,,
마포구,11440,현석동,222,11440-151,강변힐스테이트,84.85,11,2004,54000,0,2017-10-28,,,,,
마포구,11440,현석동,222,11440-151,강변힐스테이트,84.85,13,2004,54000,0,2017-10-22,,,,,
마포구,11440,현석동,222,11440-151,강변힐스테이트,84.85,4,2004,51000,0,2017-10-28,,,,,
마포구,11440,현석동,225,11440-5559,래미안웰스트림,59.96,10,2016,5000,500,2017-10-24,,,,,
마포구,11440,현석동,225,11440-5559,래미안웰스트림,84.9,24,2016,50000,0,2017-10-13,,,,,
마포구,11440,현석동,225,11440-5559,래미안웰스트림,84.98,25,2016,58000,0,2017-10-17,,,,,
서대문구,11410,남가좌동,345-4,11410-100,백련미라보,57.79,6,1992,6000,50,2017-10-09,,,,,
서대문구,11410,남가좌동,376,11410-104,남가좌동현대,114.9,2,1999,41000,0,2017-10-27,,,,,
서대문구,11410,남가좌동,376,11410-104,남가좌동현대,114.9,4,1999,45000,0,2017-10-23,,,,,
서대문구,11410,남가좌동,376,11410-104,남가좌동현대,59.4,1,1999,26000,0,2017-10-30,,,,,
서대문구,11410,남가좌동,376,11410-104,남가좌동현대,59.4,13,1999,30000,0,2017-10-01,,,,,
서대문구,11410,남가좌동,376,11410-104,남가좌동현대,59.4,17,1999,25000,18,2017-10-30,,,,,
서대문구,11410,남가좌동,376,11410-104,남가좌동현대,59.4,4,1999,20000,37,2017-10-11,,,,,
서대문구,11410,남가좌동,376,11410-104,남가좌동현대,59.4,7,1999,13000,50,2017-10-16,,,,,
서대문구,11410,남가좌동,376,11410-104,남가좌동현대,84.78,6,1999,38000,0,2017-10-31,,,,,
서대문구,11410,남가좌동,377,11410-102,DMC래미안클라시스,114.88,1,2000,10000,100,2017-10-28,,,,,
서대문구,11410,남가좌동,377,11410-102,DMC래미안클라시스,114.88,1,2000,5000,120,2017-10-28,,,,,
서대문구,11410,남가좌동,377,11410-102,DMC래미안클라시스,114.88,11,2000,40000,0,2017-10-24,,,,,
서대문구,11410,남가좌동,377,11410-102,DMC래미안클라시스,59.59,2,2000,4000,85,2017-10-23,,,,,
서대문구,11410,남가좌동,377,11410-102,DMC래미안클라시스,59.59,3,2000,27000,0,2017-10-30,,,,,
서대문구,11410,남가좌동,377,11410-102,DMC래미안클라시스,59.97,16,2000,35000,0,2017-10-06,,,,,
서대문구,11410,남가좌동,377,11410-102,DMC래미안클라시스,59.97,2,2000,30000,0,2017-10-28,,,,,
서대문구,11410,남가좌동,377,11410-102,DMC래미안클라시스,59.97,3,2000,8000,55,2017-10-11,,,,,
서대문구,11410,남가좌동,377,11410-102,DMC래미안클라시스,59.97,9,2000,33000,0,2017-10-22,,,,,
서대문구,11410,남가좌동,377,11410-102,DMC래미안클라시스,84.9,14,2000,40000,0,2017-10-12,,,,,
서대문구,11410,남가좌동,377-1,11410-3620,DMC래미안클라시스(임대),30.56,6,2000,3008,0,2017-10-11,,,,,
서대문구,11410,남가좌동,379,11410-3524,래미안남가좌2차,114.793,10,2005,55000,0,2017-10-24,,,,,
서대문구,11410,남가좌동,379,11410-3524,래미안남가좌2차,59.788,7,2005,35000,20,2017-10-11,,,,,
서대문구,11410,남가좌동,379,11410-3524,래미안남가좌2차,84.806,4,2005,46000,0,2017-10-28,,,,,
서대문구,11410,남가좌동,381,11410-3900,DMC센트레빌,114.9,4,2009,55000,0,2017-10-16,,,,,
서대문구,11410,남가좌동,381,11410-3900,DMC센트레빌,59.95,3,2009,42000,0,2017-10-13,,,,,
서대문구,11410,남가좌동,381,11410-3900,DMC센트레빌,59.95,6,2009,34000,24,2017-10-10,,,,,
서대문구,11410,남가좌동,381,11410-3900,DMC센트레빌,84.87,9,2009,10000,100,2017-10-21,,,,,
서대문구,11410,남가좌동,381,11410-3900,DMC센트레빌,84.98,11,2009,48000,0,2017-10-27,,,,,
서대문구,11410,남가좌동,385,11410-4479,DMC파크뷰자이1단지,120.006,24,2015,35000,120,2017-10-23,,,,,
서대문구,11410,남가좌동,385,11410-4479,DMC파크뷰자이1단지,120.006,32,2015,56000,50,2017-10-28,18.01~20.01,신규,,,
서대문구,11410,남가좌동,385,11410-4479,DMC파크뷰자이1단지,120.492,15,2015,30000,167,2017-10-18,,,,,
서대문구,11410,남가좌동,385,11410-4479,DMC파크뷰자이1단지,120.492,24,2015,65000,0,2017-10-13,,,,,
서대문구,11410,남가좌동,385,11410-4479,DMC파크뷰자이1단지,121.614,8,2015,71000,0,2017-10-19,,,,,
서대문구,11410,남가좌동,385,11410-4479,DMC파크뷰자이1단지,59.977,21,2015,48000,0,2017-10-30,,,,,
서대문구,11410,남가좌동,385,11410-4479,DMC파크뷰자이1단지,59.981,3,2015,10000,115,2017-10-19,,,,,
서대문구,11410,남가좌동,385,11410-4479,DMC파크뷰자이1단지,59.981,8,2015,49000,0,2017-10-29,,,,,
서대문구,11410,남가좌동,385,11410-4479,DMC파크뷰자이1단지,59.992,15,2015,20000,80,2017-10-14,,,,,
서대문구,11410,남가좌동,385,11410-4479,DMC파크뷰자이1단지,59.992,20,2015,5000,120,2017-10-18,,,,,
서대문구,11410,남가좌동,385,11410-4479,DMC파크뷰자이1단지,84.968,14,2015,54000,0,2017-10-09,,,,,
서대문구,11410,남가좌동,385,11410-4479,DMC파크뷰자이1단지,84.968,15,2015,55000,0,2017-10-26,,,,,
서대문구,11410,남가좌동,385,11410-4479,DMC파크뷰자이1단지,84.968,2,2015,47000,0,2017-10-21,,,,,
서대문구,11410,남가좌동,385,11410-4479,DMC파크뷰자이1단지,84.968,2,2015,56000,0,2017-10-13,,,,,
서대문구,11410,남가좌동,385,11410-4479,DMC파크뷰자이1단지,84.968,4,2015,43000,15,2017-10-21,,,,,
서대문구,11410,남가좌동,385,11410-4479,DMC파크뷰자이1단지,84.968,9,2015,35000,72,2017-10-24,,,,,
서대문구,11410,남가좌동,385,11410-4479,DMC파크뷰자이1단지,84.971,1,2015,53000,0,2017-10-30,,,,,
서대문구,11410,남가좌동,385,11410-4479,DMC파크뷰자이1단지,84.971,10,2015,25000,70,2017-10-31,,,,,
서대문구,11410,남가좌동,385,11410-4479,DMC파크뷰자이1단지,84.971,17,2015,56000,0,2017-10-21,18.01~20.01,갱신,,45000,
서대문구,11410,남가좌동,385,11410-4479,DMC파크뷰자이1단지,84.971,19,2015,55000,0,2017-10-18,,,,,
서대문구,11410,남가좌동,385,11410-4479,DMC파크뷰자이1단지,84.971,21,2015,55000,0,2017-10-28,,,,,
서대문구,11410,남가좌동,385,11410-4479,DMC파크뷰자이1단지,84.974,13,2015,5000,150,2017-10-19,,,,,
서대문구,11410,남가좌동,385,11410-4479,DMC파크뷰자이1단지,84.98,1,2015,58000,0,2017-10-12,,,,,
서대문구,11410,남가좌동,385,11410-4479,DMC파크뷰자이1단지,84.98,5,2015,53000,0,2017-10-14,,,,,
서대문구,11410,남가좌동,385,11410-4480,DMC파크뷰자이2단지,59.981,10,2015,30000,50,2017-10-30,18.01~20.01,신규,,,
서대문구,11410,남가좌동,385,11410-4480,DMC파크뷰자이2단지,59.981,10,2015,37000,32,2017-10-28,,,,,
서대문구,11410,남가좌동,385,11410-4480,DMC파크뷰자이2단지,59.981,14,2015,48000,0,2017-10-07,,,,,
서대문구,11410,남가좌동,385,11410-4480,DMC파크뷰자이2단지,59.981,5,2015,20000,60,2017-10-26,,,,,
서대문구,11410,남가좌동,385,11410-4480,DMC파크뷰자이2단지,59.981,5,2015,47000,0,2017-10-12,,,,,
서대문구,11410,남가좌동,385,11410-4480,DMC파크뷰자이2단지,59.981,8,2015,47500,0,2017-10-28,,,,,
서대문구,11410,남가좌동,385,11410-4480,DMC파크뷰자이2단지,84.909,14,2015,50000,0,2017-10-18,,,,,
서대문구,11410,남가좌동,385,11410-4480,DMC파크뷰자이2단지,84.909,14,2015,53000,0,2017-10-02,17.11~19.11,갱신,,43000,
서대문구,11410,남가좌동,385,11410-4480,DMC파크뷰자이2단지,84.909,18,2015,50000,0,2017-10-31,,,,,
서대문구,11410,남가좌동,385,11410-4480,DMC파크뷰자이2단지,84.909,3,2015,43000,28,2017-10-25,,,,,
서대문구,11410,남가좌동,385,11410-4480,DMC파크뷰자이2단지,84.968,11,2015,31000,55,2017-10-25,,,,,
서대문구,11410,남가좌동,385,11410-4480,DMC파크뷰자이2단지,84.968,11,2015,42000,30,2017-10-29,,,,,
서대문구,11410,남가좌동,385,11410-4480,DMC파크뷰자이2단지,84.968,12,2015,55000,0,2017-10-16,,,,,
서대문구,11410,남가좌동,385,11410-4480,DMC파크뷰자이2단지,84.968,13,2015,29000,70,2017-10-28,,,,,
서대문구,11410,남가좌동,385,11410-4480,DMC파크뷰자이2단지,84.968,13,2015,42000,30,2017-10-19,,,,,
서대문구,11410,남가좌동,385,11410-4480,DMC파크뷰자이2단지,84.968,13,2015,53000,0,2017-10-19,,,,,
서대문구,11410,남가좌동,385,11410-4480,DMC파크뷰자이2단지,84.968,13,2015,54000,0,2017-10-20,,,,,
서대문구,11410,남가좌동,385,11410-4480,DMC파크뷰자이2단지,84.968,2,2015,20000,95,2017-10-31,,,,,
서대문구,11410,남가좌동,385,11410-4480,DMC파크뷰자이2단지,84.968,20,2015,46000,0,2017-10-28,,,,,
서대문구,11410,남가좌동,385,11410-4480,DMC파크뷰자이2단지,84.968,20,2015,47000,20,2017-10-21,,,,,
서대문구,11410,남가좌동,385,11410-4480,DMC파크뷰자이2단지,84.968,21,2015,54000,0,2017-10-17,,,,,
서대문구,11410,남가좌동,385,11410-4480,DMC파크뷰자이2단지,84.968,21,2015,54000,0,2017-10-18,17.12~19.12,신규,,,
서대문구,11410,남가좌동,385,11410-4480,DMC파크뷰자이2단지,84.968,23,2015,54000,0,2017-10-31,,,,,
서대문구,11410,남가좌동,385,11410-4480,DMC파크뷰자이2단지,84.968,3,2015,55000,0,2017-10-19,,,,,
서대문구,11410,남가좌동,385,11410-4480,DMC파크뷰자이2단지,84.968,6,2015,53000,0,2017-10-21,,,,,
서대문구,11410,남가좌동,385,11410-4480,DMC파크뷰자이2단지,84.968,6,2015,56000,0,2017-10-20,,,,,
서대문구,11410,남가좌동,385,11410-4480,DMC파크뷰자이2단지,84.99,14,2015,53000,0,2017-10-26,,,,,
서대문구,11410,남가좌동,385,11410-4480,DMC파크뷰자이2단지,84.99,9,2015,54000,0,2017-10-13,,,,,
서대문구,11410,남가좌동,385,11410-4481,DMC파크뷰자이3단지,59.981,1,2015,43000,0,2017-10-28,,,,,
서대문구,11410,남가좌동,385,11410-4481,DMC파크뷰자이3단지,59.981,17,2015,43000,0,2017-10-29,,,,,
서대문구,11410,남가좌동,385,11410-4481,DMC파크뷰자이3단지,59.981,8,2015,20000,90,2017-10-23,,,,,
서대문구,11410,남가좌동,385,11410-4481,DMC파크뷰자이3단지,84.968,3,2015,50000,0,2017-10-21,,,,,
서대문구,11410,남가좌동,385,11410-4482,DMC파크뷰자이4단지,59.981,10,2015,25000,65,2017-10-19,,,,,
서대문구,11410,남가좌동,385,11410-4482,DMC파크뷰자이4단지,59.981,2,2015,46000,0,2017-10-30,,,,,
서대문구,11410,남가좌동,385,11410-4482,DMC파크뷰자이4단지,59.981,2,2015,5000,110,2017-10-21,,,,,
서대문구,11410,남가좌동,385,11410-4482,DMC파크뷰자이4단지,84.968,10,2015,49000,0,2017-10-25,,,,,
서대문구,11410,남가좌동,385,11410-4482,DMC파크뷰자이4단지,84.968,10,2015,53000,0,2017-10-10,,,,,
서대문구,11410,남가좌동,385,11410-4482,DMC파크뷰자이4단지,84.968,12,2015,40000,30,2017-10-25,,,,,
서대문구,11410,남가좌동,385,11410-4482,DMC파크뷰자이4단지,84.968,6,2015,40000,40,2017-10-27,,,,,
서대문구,11410,남가좌동,385,11410-4483,DMC파크뷰자이5단지,59.981,4,2015,50000,0,2017-10-30,,,,,
서대문구,11410,남가좌동,385,11410-4483,DMC파크뷰자이5단지,59.981,8,2015,25000,60,2017-10-30,,,,,
서대문구,11410,남가좌동,387,11410-4634,디엠씨엘가,13.03,11,2017,1000,60,2017-10-28,,,,,
서대문구,11410,남가좌동,387,11410-4634,디엠씨엘가,13.03,14,2017,1000,60,2017-10-26,,,,,
서대문구,11410,남가좌동,387,11410-4634,디엠씨엘가,26.7,5,2017,2000,85,2017-10-31,,,,,
서대문구,11410,남가좌동,387,11410-4634,디엠씨엘가,30.36,11,2017,26000,0,2017-10-11,,,,,
서대문구,11410,남가좌동,387,11410-4634,디엠씨엘가,30.36,11,2017,26000,0,2017-10-21,,,,,
서대문구,11410,남가좌동,387,11410-4634,디엠씨엘가,30.36,3,2017,24000,0,2017-10-11,,,,,
서대문구,11410,남가좌동,387,11410-4634,디엠씨엘가,30.36,4,2017,24000,0,2017-10-21,,,,,
서대문구,11410,남가좌동,387,11410-4634,디엠씨엘가,30.36,8,2017,25000,0,2017-10-14,,,,,
서대문구,11410,냉천동,260,11410-7,동부센트레빌,114.92,10,2002,31500,40,2017-10-25,,,,,
서대문구,11410,냉천동,260,11410-7,동부센트레빌,114.92,8,2002,33000,0,2017-10-25,17.10~19.10,갱신,,30000,
서대문구,11410,냉천동,261,11410-3906,돈의문센트레빌,114.98,2,2011,70000,0,2017-10-19,,,,,
서대문구,11410,냉천동,261,11410-3906,돈의문센트레빌,114.98,4,2011,30000,130,2017-10-11,,,,,
서대문구,11410,냉천동,261,11410-3906,돈의문센트레빌,114.98,5,2011,70000,0,2017-10-10,,,,,
서대문구,11410,냉천동,261,11410-3906,돈의문센트레빌,59.98,11,2011,20000,80,2017-10-09,,,,,
서대문구,11410,냉천동,261,11410-3906,돈의문센트레빌,84.99,14,2011,57000,0,2017-10-28,,,,,
서대문구,11410,냉천동,261,11410-3906,돈의문센트레빌,84.99,2,2011,5000,150,2017-10-02,,,,,
서대문구,11410,대신동,144,11410-4170,메이즈,15.47,1,2013,2000,40,2017-10-02,,,,,
서대문구,11410,대현동,144,11410-22,신촌럭키,121.6,9,1999,51000,0,2017-10-14,,,,,
서대문구,11410,대현동,144,11410-22,신촌럭키,59.7,5,1999,25000,30,2017-10-29,,,,,
서대문구,11410,대현동,144,11410-22,신촌럭키,59.7,5,1999,32000,0,2017-10-14,,,,,
서대문구,11410,대현동,144,11410-22,신촌럭키,59.7,5,1999,4000,100,2017-10-27,,,,,
서대문구,11410,대현동,144,11410-22,신촌럭키,83.38,1,1999,38000,0,2017-10-21,,,,,
서대문구,11410,대현동,144,11410-22,신촌럭키,83.38,12,1999,5000,120,2017-10-28,,,,,
서대문구,11410,대현동,144,11410-22,신촌럭키,83.38,15,1999,40000,0,2017-10-27,,,,,
서대문구,11410,대현동,144,11410-22,신촌럭키,83.38,3,1999,10000,120,2017-10-23,,,,,
서대문구,11410,대현동,144,11410-22,신촌럭키,83.38,6,1999,40000,0,2017-10-18,,,,,
서대문구,11410,대현동,144,11410-22,신촌럭키,83.38,6,1999,42000,0,2017-10-21,,,,,
서대문구,11410,대현동,144,11410-22,신촌럭키,83.38,8,1999,38500,0,2017-10-28,,,,,
서대문구,11410,미근동,215,11410-6,서소문,39.34,7,1971,7000,0,2017-10-21,,,,,
서대문구,11410,미근동,215,11410-6,서소문,42.64,3,1971,3000,40,2017-10-28,,,,,
서대문구,11410,북가좌동,371-1,11410-107,월드컵현대,59.76,14,1998,32000,0,2017-10-01,,,,,
서대문구,11410,북가좌동,371-1,11410-107,월드컵현대,84.93,10,1998,40000,0,2017-10-30,,,,,
서대문구,11410,북가좌동,384-1,11410-3702,우공팰리스,84.81,7,2007,30000,0,2017-10-21,,,,,
서대문구,11410,북가좌동,431,11410-108,DMC한양,65.34,6,1987,12000,50,2017-10-23,,,,,
서대문구,11410,북가좌동,431,11410-108,DMC한양,65.34,6,1987,5000,80,2017-10-21,,,,,
서대문구,11410,북가좌동,431,11410-108,DMC한양,84.33,4,1987,30000,0,2017-10-10,,,,,
서대문구,11410,북가좌동,431,11410-108,DMC한양,84.33,8,1987,9000,70,2017-10-11,,,,,
서대문구,11410,북가좌동,449,11410-106,북가좌삼호,114.03,10,1996,43500,0,2017-10-12,,,,,
서대문구,11410,북가좌동,449,11410-106,북가좌삼호,75.75,11,1996,34000,0,2017-10-20,,,,,
서대문구,11410,북가좌동,449,11410-106,북가좌삼호,84.57,12,1996,25000,40,2017-10-29,,,,,
서대문구,11410,북가좌동,449,11410-106,북가좌삼호,84.57,2,1996,25000,35,2017-10-18,17.12~19.12,신규,,,
서대문구,11410,북가좌동,449,11410-106,북가좌삼호,84.57,8,1996,10000,70,2017-10-01,,,,,
서대문구,11410,북가좌동,453,11410-109,DMC현대아파트,71.89,3,2000,25000,0,2017-10-27,,,,,
서대문구,11410,북가좌동,455,11410-3517,신일해피트리,59.23,6,2005,30000,0,2017-10-21,,,,,
서대문구,11410,북가좌동,456,11410-3608,DMC휴먼빌아파트,84.99,2,2008,33000,0,2017-10-31,,,,,
서대문구,11410,북가좌동,458,11410-3856,DMC아이파크,114.94,6,2009,53000,0,2017-10-10,,,,,
서대문구,11410,북가좌동,459,11410-3677,DMC두산위브,84.9623,7,2007,40000,0,2017-10-11,,,,,
서대문구,11410,북가좌동,459,11410-3677,DMC두산위브,84.9923,7,2007,42000,0,2017-10-28,,,,,
서대문구,11410,북가좌동,460,11410-3712,DMC이랜드해가든,84.91,6,2007,40000,0,2017-10-21,,,,,
서대문구,11410,북가좌동,481,11410-4085,DMC래미안e편한세상,120.93,6,2012,63000,0,2017-10-24,,,,,
서대문구,11410,북가좌동,481,11410-4085,DMC래미안e편한세상,120.95,8,2012,47000,0,2017-10-06,,,,,
서대문구,11410,북가좌동,481,11410-4085,DMC래미안e편한세상,201.71,34,2012,90000,0,2017-10-11,,,,,
서대문구,11410,북가좌동,481,11410-4085,DMC래미안e편한세상,39.96,4,2012,2799,18,2017-10-11,,,,,
서대문구,11410,북가좌동,481,11410-4085,DMC래미안e편한세상,59.97,18,2012,48000,0,2017-10-28,,,,,
서대문구,11410,북가좌동,481,11410-4085,DMC래미안e편한세상,59.97,5,2012,47000,0,2017-10-07,,,,,
서대문구,11410,북가좌동,481,11410-4085,DMC래미안e편한세상,59.97,7,2012,45000,0,2017-10-28,,,,,
서대문구,11410,북가좌동,481,11410-4085,DMC래미안e편한세상,59.97,9,2012,20000,60,2017-10-14,,,,,
서대문구,11410,북가좌동,481,11410-4085,DMC래미안e편한세상,84.92,1,2012,51000,0,2017-10-15,,,,,
서대문구,11410,북가좌동,481,11410-4085,DMC래미안e편한세상,84.92,14,2012,49000,0,2017-10-29,,,,,
서대문구,11410,북가좌동,481,11410-4085,DMC래미안e편한세상,84.92,16,2012,51000,0,2017-10-28,,,,,
서대문구,11410,북가좌동,481,11410-4085,DMC래미안e편한세상,84.93,22,2012,52000,0,2017-10-20,,,,,
서대문구,11410,북가좌동,481,11410-4085,DMC래미안e편한세상,84.94,15,2012,15000,130,2017-10-10,,,,,
서대문구,11410,북가좌동,481,11410-4085,DMC래미안e편한세상,84.94,30,2012,53000,0,2017-10-28,,,,,
서대문구,11410,북가좌동,481,11410-4085,DMC래미안e편한세상,84.95,10,2012,52000,0,2017-10-26,,,,,
서대문구,11410,북가좌동,481,11410-4085,DMC래미안e편한세상,84.95,11,2012,55000,0,2017-10-14,17.11~18.11,신규,,,
서대문구,11410,북가좌동,481,11410-4085,DMC래미안e편한세상,84.95,2,2012,54000,0,2017-10-21,,,,,
서대문구,11410,북가좌동,481,11410-4085,DMC래미안e편한세상,84.95,3,2012,52000,0,2017-10-21,,,,,
서대문구,11410,북가좌동,481,11410-4085,DMC래미안e편한세상,84.95,4,2012,40000,0,2017-10-24,,,,,
서대문구,11410,북가좌동,481,11410-4085,DMC래미안e편한세상,84.95,5,2012,53000,0,2017-10-21,,,,,
서대문구,11410,북가좌동,481,11410-4085,DMC래미안e편한세상,84.95,8,2012,40000,0,2017-10-28,,,,,
서대문구,11410,북가좌동,481,11410-4085,DMC래미안e편한세상,84.97,7,2012,53000,0,2017-10-28,,,,,
서대문구,11410,북아현동,1-1836,11410-148,조은2차,84.85,6,2004,25000,0,2017-10-31,,,,,
서대문구,11410,북아현동,1-46,11410-20,문영센스빌,83.49,1,2002,25000,0,2017-10-11,,,,,
서대문구,11410,북아현동,1006,11410-14,북아현경남,59.77,6,1996,28000,0,2017-10-13,,,,,
서대문구,11410,북아현동,1009,11410-13,두산,59.96,13,1999,30000,0,2017-10-24,,,,,
서대문구,11410,북아현동,1009,11410-13,두산,59.96,6,1999,30000,0,2017-10-14,17.10~19.10,신규,,,
서대문구,11410,북아현동,1009,11410-13,두산,59.96,7,1999,15000,70,2017-10-16,,,,,
서대문구,11410,북아현동,1009,11410-13,두산,59.96,7,1999,26000,10,2017-10-28,,,,,
서대문구,11410,북아현동,1009,11410-13,두산,59.96,7,1999,31000,0,2017-10-28,,,,,
서대문구,11410,북아현동,1009,11410-13,두산,59.96,7,1999,33000,0,2017-10-14,,,,,
서대문구,11410,북아현동,1009,11410-13,두산,59.96,8,1999,31000,0,2017-10-26,,,,,
서대문구,11410,북아현동,1009,11410-13,두산,59.96,8,1999,31500,0,2017-10-16,,,,,
서대문구,11410,북아현동,1009,11410-13,두산,59.96,9,1999,33000,0,2017-10-14,,,,,
서대문구,11410,북아현동,1010,11410-3902,경남102동,114.75,9,2008,35000,0,2017-10-10,,,,,
서대문구,11410,북아현동,1011,11410-4476,신촌푸르지오,109.09,5,2015,78000,0,2017-10-21,,,,,
서대문구,11410,북아현동,1011,11410-4476,신촌푸르지오,109.09,7,2015,75000,0,2017-10-20,,,,,
서대문구,11410,북아현동,1011,11410-4476,신촌푸르지오,34.25,1,2015,32000,0,2017-10-11,,,,,
서대문구,11410,북아현동,1011,11410-4476,신촌푸르지오,34.25,2,2015,34000,0,2017-10-25,,,,,
서대문구,11410,북아현동,1011,11410-4476,신촌푸르지오,34.9573,3,2015,36000,0,2017-10-20,,,,,
서대문구,11410,북아현동,1011,11410-4476,신촌푸르지오,59.88,10,2015,50000,0,2017-10-19,,,,,
서대문구,11410,북아현동,1011,11410-4476,신촌푸르지오,59.88,3,2015,10000,125,2017-10-28,,,,,
서대문구,11410,북아현동,1011,11410-4476,신촌푸르지오,59.993,15,2015,50000,0,2017-10-17,,,,,
서대문구,11410,북아현동,1011,11410-4476,신촌푸르지오,59.993,5,2015,47000,0,2017-10-21,17.11~19.11,신규,,,
서대문구,11410,북아현동,1011,11410-4476,신촌푸르지오,59.9973,11,2015,48000,0,2017-10-29,,,,,
서대문구,11410,북아현동,1011,11410-4476,신촌푸르지오,84.9559,13,2015,60000,0,2017-10-26,18.02~20.02,신규,,,
서대문구,11410,북아현동,1011,11410-4476,신촌푸르지오,84.9559,15,2015,45000,57,2017-10-30,,,,,
서대문구,11410,북아현동,1011,11410-4476,신촌푸르지오,84.9559,16,2015,60000,0,2017-10-11,,,,,
서대문구,11410,북아현동,1011,11410-4476,신촌푸르지오,84.9559,8,2015,62000,0,2017-10-26,,,,,
서대문구,11410,북아현동,1011,11410-4476,신촌푸르지오,84.9738,11,2015,60000,0,2017-10-12,,,,,
서대문구,11410,북아현동,1011,11410-4476,신촌푸르지오,84.9892,1,2015,10000,148,2017-10-23,18.01~19.02,신규,,,
서대문구,11410,북아현동,1011,11410-4476,신촌푸르지오,84.9892,14,2015,60000,0,2017-10-24,,,,,
서대문구,11410,북아현동,1011,11410-4476,신촌푸르지오,84.9953,14,2015,53000,20,2017-10-21,,,,,
서대문구,11410,북아현동,1011,11410-4476,신촌푸르지오,84.9953,8,2015,59000,0,2017-10-28,,,,,
서대문구,11410,북아현동,1013,11410-4617,e편한세상신촌3단지,59.85,6,2018,10000,135,2017-10-25,17.11~19.11,신규,,,
서대문구,11410,북아현동,1013,11410-4617,e편한세상신촌3단지,59.85,8,2018,57000,0,2017-10-28,,,,,
서대문구,11410,북아현동,1013,11410-4617,e편한세상신촌3단지,84.93,2,2018,67000,0,2017-10-25,,,,,
서대문구,11410,북아현동,1013,11410-4618,e편한세상신촌2단지,84.98,15,2018,65000,0,2017-10-13,,,,,
서대문구,11410,북아현동,1013,11410-4619,e편한세상신촌1단지,59.85,18,2018,50000,0,2017-10-21,,,,,
서대문구,11410,북아현동,1013,11410-4619,e편한세상신촌1단지,84.93,6,2018,64500,0,2017-10-30,,,,,
서대문구,11410,북아현동,1013,11410-4645,e편한세상신촌4단지,59.9,24,2018,10000,140,2017-10-28,,,,,
서대문구,11410,북아현동,114-1,11410-15,북아현맨션,84.95,3,1975,20000,0,2017-10-30,17.10~19.10,신규,,,
서대문구,11410,북아현동,118-9,11410-12,경남(2차),134.9,7,1999,40000,0,2017-10-31,,,,,
서대문구,11410,북아현동,123-1,11410-21,삼우빌라,32.13,4,2002,1000,50,2017-10-17,,,,,
서대문구,11410,연희동,103-1,11410-3674,덕운포레스트힐,135.905,1,2007,42000,0,2017-10-11,,,,,
서대문구,11410,연희동,103-1,11410-3674,덕운포레스트힐,135.905,2,2007,45000,0,2017-10-17,17.11~19.11,갱신,,41000,
서대문구,11410,연희동,708-4,11410-37,홍연,52.23,3,1981,5000,50,2017-10-31,,,,,
서대문구,11410,연희동,740,11410-30,성원,84.95,5,2001,15000,87,2017-10-24,,,,,
서대문구,11410,연희동,740,11410-30,성원,84.95,6,2001,10000,110,2017-10-30,,,,,
서대문구,11410,연희동,745,11410-4254,연희자이엘라,13.642,6,2014,9000,23,2017-10-25,,,,,
서대문구,11410,연희동,745,11410-4254,연희자이엘라,13.642,8,2014,1000,60,2017-10-27,,,,,
서대문구,11410,연희동,91-2,11410-33,연희아트빌,103.98,5,2001,39000,0,2017-10-30,,,,,
서대문구,11410,천연동,145,11410-3569,천연뜨란채,30.17,5,2006,3000,70,2017-10-24,,,,,
서대문구,11410,천연동,145,11410-3569,천연뜨란채,30.17,9,2006,20500,0,2017-10-28,,,,,
서대문구,11410,천연동,145,11410-3569,천연뜨란채,55.85,6,2006,36000,0,2017-10-30,,,,,
서대문구,11410,천연동,145,11410-3569,천연뜨란채,56.08,2,2006,34500,0,2017-10-17,,,,,
서대문구,11410,천연동,145,11410-3569,천연뜨란채,56.08,6,2006,37000,0,2017-10-21,,,,,
서대문구,11410,천연동,145,11410-3569,천연뜨란채,57.78,16,2006,10000,75,2017-10-18,,,,,
서대문구,11410,충정로3가,189-8,11410-3,미동,66.12,1,1969,2000,45,2017-10-29,,,,,
서대문구,11410,충정로3가,222,11410-5,피어리스,84.24,11,1987,34000,0,2017-10-24,,,,,
서대문구,11410,충정로3가,222,11410-5,피어리스,84.24,12,1987,34500,0,2017-10-31,,,,,
서대문구,11410,충정로3가,222,11410-5,피어리스,84.24,16,1987,35000,0,2017-10-31,,,,,
서대문구,11410,충정로3가,465,11410-141,충정리시온,44.88,19,2004,3000,100,2017-10-17,,,,,
서대문구,11410,충정로3가,465,11410-141,충정리시온,44.88,9,2004,26000,20,2017-10-13,,,,,
서대문구,11410,충정로3가,465,11410-141,충정리시온,45.75,21,2004,2000,110,2017-10-10,,,,,
서대문구,11410,충정로3가,477,11410-3939,충림예하임,84.6,1,2010,37000,0,2017-10-13,,,,,
서대문구,11410,충정로3가,477,11410-3939,충림예하임,84.6,8,2010,10000,80,2017-10-13,,,,,
서대문구,11410,현저동,1019,11410-11,독립문파크빌,59.4,10,2000,30000,0,2017-10-14,17.10~20.10,갱신,,26000,
서대문구,11410,현저동,1019,11410-11,독립문파크빌,59.4,12,2000,3000,100,2017-10-21,,,,,
서대문구,11410,현저동,1019,11410-11,독립문파크빌,59.4,4,2000,16500,50,2017-10-15,,,,,
서대문구,11410,현저동,1019,11410-11,독립문파크빌,59.4,5,2000,28000,0,2017-10-14,,,,,
서대문구,11410,현저동,1019,11410-11,독립문파크빌,59.4,8,2000,30000,0,2017-10-21,,,,,
서대문구,11410,현저동,200,11410-10,독립문극동(200-0),114.51,1,1998,60000,0,2017-10-28,,,,,
서대문구,11410,현저동,200,11410-10,독립문극동(200-0),59.58,18,1998,28000,45,2017-10-21,,,,,
서대문구,11410,현저동,200,11410-10,독립문극동(200-0),59.58,23,1998,40000,0,2017-10-26,,,,,
서대문구,11410,현저동,200,11410-10,독립문극동(200-0),84.87,11,1998,50000,0,2017-10-28,,,,,
서대문구,11410,현저동,200,11410-10,독립문극동(200-0),84.87,13,1998,45000,0,2017-10-31,17.10~18.03,신규,,,
서대문구,11410,현저동,200,11410-10,독립문극동(200-0),84.87,23,1998,10000,120,2017-10-02,,,,,
서대문구,11410,홍은동,202-5,11410-95,"현대(1,2차)",73.98,13,1988,25000,0,2017-10-14,,,,,
서대문구,11410,홍은동,202-5,11410-95,"현대(1,2차)",73.98,2,1988,18000,0,2017-10-14,,,,,
서대문구,11410,홍은동,202-5,11410-95,"현대(1,2차)",74.52,7,1988,29000,0,2017-10-13,,,,,
서대문구,11410,홍은동,202-5,11410-95,"현대(1,2차)",84.77,13,1988,33000,0,2017-10-21,,,,,
서대문구,11410,홍은동,202-5,11410-95,"현대(1,2차)",84.77,6,1988,32000,0,2017-10-30,,,,,
서대문구,11410,홍은동,22,11410-89,유원,54.54,10,1987,8000,40,2017-10-28,,,,,
서대문구,11410,홍은동,22,11410-89,유원,54.54,12,1987,9000,0,2017-10-28,,,,,
서대문구,11410,홍은동,22,11410-89,유원,54.54,8,1987,20000,0,2017-10-20,,,,,
서대문구,11410,홍은동,22,11410-89,유원,64.26,13,1987,21000,0,2017-10-18,,,,,
서대문구,11410,홍은동,277-108,11410-3550,제이씨라디앙,196.98,8,2005,45000,0,2017-10-19,,,,,
서대문구,11410,홍은동,402-39,11410-179,성우,169.96,6,2004,5000,100,2017-10-30,,,,,
서대문구,11410,홍은동,435-10,11410-121,유림그랑블,99.35,3,2003,24000,0,2017-10-11,,,,,
서대문구,11410,홍은동,437-2,11410-3967,G패밀리움,59,7,2011,26000,10,2017-10-23,,,,,
서대문구,11410,홍은동,440-3,11410-92,풍림1차,64.53,7,1988,20000,0,2017-10-30,,,,,
서대문구,11410,홍은동,453-2,11410-93,풍림2,58.5,15,1990,20000,0,2017-10-13,,,,,
서대문구,11410,홍은동,453-2,11410-93,풍림2,58.5,3,1990,25000,0,2017-10-13,,,,,
서대문구,11410,홍은동,453-2,11410-93,풍림2,84.93,14,1990,35000,0,2017-10-30,,,,,
서대문구,11410,홍은동,453-2,11410-93,풍림2,84.93,8,1990,30000,0,2017-10-20,,,,,
서대문구,11410,홍은동,454,11410-77,극동,84.92,2,1995,25000,0,2017-10-16,,,,,
서대문구,11410,홍은동,454,11410-77,극동,84.92,6,1995,4000,80,2017-10-27,,,,,
서대문구,11410,홍은동,454,11410-77,극동,84.92,8,1995,26000,0,2017-10-15,,,,,
서대문구,11410,홍은동,455,11410-85,홍은동벽산,142.98,9,1997,18000,65,2017-10-23,,,,,
서대문구,11410,홍은동,455,11410-85,홍은동벽산,58.64,14,1997,10000,55,2017-10-30,,,,,
서대문구,11410,홍은동,455,11410-85,홍은동벽산,58.64,3,1997,25000,0,2017-10-11,,,,,
서대문구,11410,홍은동,455,11410-85,홍은동벽산,58.64,4,1997,25000,0,2017-10-22,,,,,
서대문구,11410,홍은동,457,11410-81,동일,59.77,8,1997,10000,0,2017-10-16,,,,,
서대문구,11410,홍은동,457,11410-81,동일,97.1,9,1997,10000,50,2017-10-17,,,,,
서대문구,11410,홍은동,460,11410-96,홍은동풍림아이원,84.918,16,2002,35000,0,2017-10-31,,,,,
서대문구,11410,홍은동,461,11410-3898,홍은센트레빌,59.96,7,2009,33000,0,2017-10-29,,,,,
서대문구,11410,홍은동,463,11410-4044,동원베네스트,84.9386,7,2012,37000,0,2017-10-10,,,,,
서대문구,11410,홍은동,464,11410-4702,북한산더샵,59.899,16,2017,40000,0,2017-10-21,18.01~20.01,신규,,,
서대문구,11410,홍은동,464,11410-4702,북한산더샵,84.85,2,2017,46000,0,2017-10-28,18.01~20.01,신규,,,
서대문구,11410,홍은동,464,11410-4702,북한산더샵,84.96,11,2017,48000,0,2017-10-14,,,,,
서대문구,11410,홍은동,464,11410-4702,북한산더샵,84.96,13,2017,47000,0,2017-10-14,,,,,
서대문구,11410,홍은동,48,11410-90,유진맨션,110.74,5,1970,18500,0,2017-10-25,,,,,
서대문구,11410,홍제동,104-1,11410-57,인왕,56.66,6,1968,15000,0,2017-10-29,,,,,
서대문구,11410,홍제동,104-1,11410-57,인왕,58.18,2,1968,15000,0,2017-10-14,,,,,
서대문구,11410,홍제동,104-20,11410-54,안산맨숀,72.73,3,1972,20000,0,2017-10-24,,,,,
서대문구,11410,홍제동,104-6,11410-58,인왕궁맨숀,54.02,5,1974,15000,0,2017-10-31,,,,,
서대문구,11410,홍제동,104-6,11410-58,인왕궁맨숀,71.4,2,1974,3000,75,2017-10-31,,,,,
서대문구,11410,홍제동,307-9,11410-72,홍제맨션,82.71,1,1971,22000,0,2017-10-17,,,,,
서대문구,11410,홍제동,312-223,11410-122,월드뷰,122.4,7,2003,500,35,2017-10-07,,,,,
서대문구,11410,홍제동,312-223,11410-122,월드뷰,83.85,2,2003,16000,0,2017-10-14,,,,,
서대문구,11410,홍제동,315-7,11410-52,서울맨션,45.32,5,1972,2500,45,2017-10-10,17.10~19.10,신규,,,
서대문구,11410,홍제동,331,11410-68,홍제현대,106.18,1,1992,36000,0,2017-10-19,,,,,
서대문구,11410,홍제동,331,11410-68,홍제현대,106.18,3,1992,31000,0,2017-10-02,,,,,
서대문구,11410,홍제동,331,11410-68,홍제현대,119.32,5,1992,47000,0,2017-10-17,,,,,
서대문구,11410,홍제동,331,11410-68,홍제현대,75.15,15,1992,20000,50,2017-10-30,,,,,
서대문구,11410,홍제동,331,11410-68,홍제현대,75.15,8,1992,38000,0,2017-10-13,,,,,
서대문구,11410,홍제동,373,11410-56,태영으뜸(데시앙),48.97,10,1998,21500,0,2017-10-30,,,,,
서대문구,11410,홍제동,373,11410-56,태영으뜸(데시앙),52.77,6,1998,17000,0,2017-10-19,,,,,
서대문구,11410,홍제동,453,11410-63,청구1차,84.78,14,1994,38000,0,2017-10-28,,,,,
서대문구,11410,홍제동,453,11410-63,청구1차,84.78,6,1994,31000,20,2017-10-18,17.12~19.12,신규,,,
서대문구,11410,홍제동,453,11410-63,청구1차,84.78,7,1994,38000,0,2017-10-15,,,,,
서대문구,11410,홍제동,453,11410-63,청구1차,84.78,8,1994,20000,40,2017-10-18,,,,,
서대문구,11410,홍제동,453,11410-63,청구1차,84.78,8,1994,20000,70,2017-10-14,,,,,
서대문구,11410,홍제동,453,11410-63,청구1차,84.78,9,1994,10000,80,2017-10-17,,,,,
서대문구,11410,홍제동,453,11410-63,청구1차,84.78,9,1994,38000,0,2017-10-26,,,,,
서대문구,11410,홍제동,453-1,11410-64,청구2차,84.81,1,1997,38000,0,2017-10-30,,,,,
서대문구,11410,홍제동,454,11410-55,유원하나,28.71,15,1996,533,7,2017-10-16,,,,,
서대문구,11410,홍제동,454,11410-55,유원하나,58.77,13,1996,19000,20,2017-10-31,,,,,
서대문구,11410,홍제동,454,11410-55,유원하나,82.35,2,1996,29500,0,2017-10-20,,,,,
서대문구,11410,홍제동,455,11410-69,현대그린,84.96,3,1996,34000,0,2017-10-12,,,,,
서대문구,11410,홍제동,456,11410-53,성원,55.35,14,1998,25000,0,2017-10-11,,,,,
서대문구,11410,홍제동,456,11410-53,성원,55.35,2,1998,22500,0,2017-10-13,,,,,
서대문구,11410,홍제동,457,11410-46,남양,114.99,9,1999,35000,0,2017-10-07,,,,,
서대문구,11410,홍제동,459,11410-73,홍제원현대(459-0),59.93,18,2000,34000,0,2017-10-11,,,,,
서대문구,11410,홍제동,459,11410-73,홍제원현대(459-0),59.93,6,2000,32000,0,2017-10-23,,,,,
서대문구,11410,홍제동,459,11410-73,홍제원현대(459-0),59.93,8,2000,3000,110,2017-10-21,,,,,
서대문구,11410,홍제동,459,11410-73,홍제원현대(459-0),59.93,8,2000,33000,0,2017-10-18,,,,,
서대문구,11410,홍제동,459,11410-73,홍제원현대(459-0),84.9,11,2000,30000,40,2017-10-15,,,,,
서대문구,11410,홍제동,459-1,11410-4110,홍제원현대(459-1),32.67,16,2000,1567,4,2017-10-17,,,,,
서대문구,11410,홍제동,460,11410-60,인왕산현대,59.93,15,2000,34000,0,2017-10-31,,,,,
서대문구,11410,홍제동,461,11410-71,홍제삼성래미안,60,11,2001,32500,0,2017-10-31,,,,,
서대문구,11410,홍제동,461,11410-71,홍제삼성래미안,60,15,2001,34500,0,2017-10-14,,,,,
서대문구,11410,홍제동,461,11410-71,홍제삼성래미안,60,4,2001,34000,0,2017-10-21,,,,,
서대문구,11410,홍제동,462,11410-65,청구3차,59.4,12,2001,33000,0,2017-10-21,,,,,
서대문구,11410,홍제동,463,11410-49,문화촌현대,59.94,10,2002,25000,0,2017-10-31,,,,,
서대문구,11410,홍제동,463,11410-49,문화촌현대,59.94,17,2002,28000,0,2017-10-10,,,,,
서대문구,11410,홍제동,463,11410-49,문화촌현대,59.94,4,2002,28500,0,2017-10-28,,,,,
서대문구,11410,홍제동,463,11410-49,문화촌현대,59.94,8,2002,27000,0,2017-10-19,17.10~19.10,신규,,,
서대문구,11410,홍제동,463,11410-49,문화촌현대,84.99,5,2002,37000,0,2017-10-09,,,,,
서대문구,11410,홍제동,465,11410-59,인왕산벽산,59.82,4,2003,33000,0,2017-10-24,,,,,
서대문구,11410,홍제동,465,11410-59,인왕산벽산,84.63,10,2003,36000,0,2017-10-23,,,,,
서대문구,11410,홍제동,465,11410-59,인왕산벽산,84.63,10,2003,36000,0,2017-10-23,,,,,
서대문구,11410,홍제동,469,11410-3893,인왕산한신휴플러스,124.423,8,2009,5000,180,2017-10-26,,,,,
서대문구,11410,홍제동,471,11410-4537,금호어울림,84.4965,3,2016,45000,0,2017-10-02,,,,,
서대문구,11410,홍제동,82,11410-67,홍제한양,120.14,10,1993,46000,0,2017-10-23,,,,,
서대문구,11410,홍제동,82,11410-67,홍제한양,60.06,10,1993,29000,0,2017-10-13,,,,,
서대문구,11410,홍제동,82,11410-67,홍제한양,60.06,13,1993,28000,0,2017-10-28,,,,,
서대문구,11410,홍제동,82,11410-67,홍제한양,60.06,14,1993,26000,5,2017-10-21,,,,,
서대문구,11410,홍제동,82,11410-67,홍제한양,60.06,6,1993,3000,80,2017-10-16,,,,,
서대문구,11410,홍제동,82,11410-67,홍제한양,60.06,7,1993,3000,80,2017-10-19,,,,,
서대문구,11410,홍제동,82,11410-67,홍제한양,60.06,8,1993,26000,0,2017-10-28,,,,,
서대문구,11410,홍제동,82,11410-67,홍제한양,60.06,9,1993,28000,0,2017-10-17,,,,,
서대문구,11410,홍제동,82,11410-67,홍제한양,84.77,11,1993,37000,0,2017-10-20,,,,,
서대문구,11410,홍제동,82,11410-67,홍제한양,84.77,4,1993,22000,0,2017-10-24,,,,,
서초구,11650,내곡동,384,11650-4156,서초포레스타2단지,39.43,11,2015,6186,17,2017-10-13,,,,,
서초구,11650,내곡동,384,11650-4156,서초포레스타2단지,59.09,4,2015,55000,0,2017-10-16,,,,,
서초구,11650,내곡동,384,11650-4156,서초포레스타2단지,59.09,6,2015,26145,0,2017-10-24,,,,,
서초구,11650,내곡동,384,11650-4156,서초포레스타2단지,59.21,11,2015,53000,0,2017-10-27,,,,,
서초구,11650,내곡동,384,11650-4156,서초포레스타2단지,59.21,15,2015,10000,145,2017-10-31,,,,,
서초구,11650,내곡동,384,11650-4156,서초포레스타2단지,59.21,4,2015,26145,0,2017-10-24,,,,,
서초구,11650,내곡동,384,11650-4156,서초포레스타2단지,59.94,5,2015,26145,0,2017-10-24,,,,,
서초구,11650,내곡동,411,11650-4063,서초더샵포레,101.31,3,2014,67000,0,2017-10-22,,,,,
서초구,11650,내곡동,411,11650-4063,서초더샵포레,59.69,13,2014,4000,160,2017-10-28,,,,,
서초구,11650,내곡동,411,11650-4063,서초더샵포레,59.88,7,2014,36750,0,2017-10-18,,,,,
서초구,11650,내곡동,411,11650-4063,서초더샵포레,59.94,13,2014,55000,0,2017-10-14,,,,,
서초구,11650,내곡동,411,11650-4063,서초더샵포레,84.41,8,2014,45000,40,2017-10-28,,,,,
서초구,11650,반포동,1-1,11650-206,한신3차,132.94,10,1978,68000,0,2017-10-02,,,,,
서초구,11650,반포동,1-1,11650-206,한신3차,150.44,11,1978,30000,0,2017-10-28,,,,,
서초구,11650,반포동,1-1,11650-206,한신3차,150.44,5,1978,60000,0,2017-10-12,,,,,
서초구,11650,반포동,1-8,11650-159,반포경남아파트,131.93,2,1978,35000,0,2017-10-27,,,,,
서초구,11650,반포동,10,11650-176,반포푸르지오,59.91,11,2000,64000,0,2017-10-20,,,,,
서초구,11650,반포동,10,11650-176,반포푸르지오,84.82,7,2000,90000,0,2017-10-24,,,,,
서초구,11650,반포동,10,11650-176,반포푸르지오,84.82,8,2000,93000,0,2017-10-29,,,,,
서초구,11650,반포동,107-19,11650-693,정광아파트,90.06,4,2004,65000,0,2017-10-14,,,,,
서초구,11650,반포동,108-5,11650-3950,서래루체,131.9025,5,2013,30000,200,2017-10-25,,,,,
서초구,11650,반포동,112-15,11650-3344,반포에스케이뷰,207.24,9,2006,170000,0,2017-10-12,,,,,
서초구,11650,반포동,16-6,11650-3687,반포힐스테이트,155.38,14,2012,100000,290,2017-10-28,,,,,
서초구,11650,반포동,16-6,11650-3687,반포힐스테이트,155.38,22,2012,155000,160,2017-10-28,,,,,
서초구,11650,반포동,16-6,11650-3687,반포힐스테이트,155.38,6,2012,188000,0,2017-10-26,,,,,
서초구,11650,반포동,16-6,11650-3687,반포힐스테이트,155.95,15,2012,80000,370,2017-10-23,,,,,
서초구,11650,반포동,16-6,11650-3687,반포힐스테이트,155.95,18,2012,210000,0,2017-10-27,,,,,
서초구,11650,반포동,16-6,11650-3687,반포힐스테이트,155.95,9,2012,197000,0,2017-10-24,,,,,
서초구,11650,반포동,16-6,11650-3687,반포힐스테이트,59.7,24,2012,95000,0,2017-10-17,,,,,
서초구,11650,반포동,16-6,11650-3687,반포힐스테이트,59.7,5,2012,90000,0,2017-10-12,,,,,
서초구,11650,반포동,16-6,11650-3687,반포힐스테이트,59.7,8,2012,60000,130,2017-10-24,,,,,
서초구,11650,반포동,16-6,11650-3687,반포힐스테이트,59.96,6,2012,92000,0,2017-10-28,,,,,
서초구,11650,반포동,16-6,11650-3687,반포힐스테이트,84.77,10,2012,30000,280,2017-10-27,,,,,
서초구,11650,반포동,16-6,11650-3687,반포힐스테이트,84.77,12,2012,85000,160,2017-10-18,,,,,
서초구,11650,반포동,16-6,11650-3687,반포힐스테이트,84.77,24,2012,10000,370,2017-10-14,,,,,
서초구,11650,반포동,16-6,11650-3687,반포힐스테이트,84.77,6,2012,127000,0,2017-10-11,,,,,
서초구,11650,반포동,16-6,11650-3687,반포힐스테이트,84.8,11,2012,80000,180,2017-10-18,,,,,
서초구,11650,반포동,18-1,11650-3559,래미안퍼스티지,168.65,14,2009,50000,550,2017-10-28,,,,,
서초구,11650,반포동,18-1,11650-3559,래미안퍼스티지,168.65,25,2009,220000,0,2017-10-20,,,,,
서초구,11650,반포동,18-1,11650-3559,래미안퍼스티지,198.22,13,2009,240000,0,2017-10-16,,,,,
서초구,11650,반포동,18-1,11650-3559,래미안퍼스티지,222.76,19,2009,260000,0,2017-10-23,,,,,
서초구,11650,반포동,18-1,11650-3559,래미안퍼스티지,59.89,10,2009,10000,290,2017-10-14,,,,,
서초구,11650,반포동,18-1,11650-3559,래미안퍼스티지,59.89,10,2009,29835,0,2017-10-23,,,,,
서초구,11650,반포동,18-1,11650-3559,래미안퍼스티지,59.89,17,2009,29835,0,2017-10-27,,,,,
서초구,11650,반포동,18-1,11650-3559,래미안퍼스티지,59.89,21,2009,29835,0,2017-10-27,,,,,
서초구,11650,반포동,18-1,11650-3559,래미안퍼스티지,59.89,24,2009,99000,0,2017-10-16,,,,,
서초구,11650,반포동,18-1,11650-3559,래미안퍼스티지,59.89,25,2009,29835,0,2017-10-24,,,,,
서초구,11650,반포동,18-1,11650-3559,래미안퍼스티지,59.89,26,2009,29835,0,2017-10-30,,,,,
서초구,11650,반포동,18-1,11650-3559,래미안퍼스티지,59.89,27,2009,29835,0,2017-10-27,,,,,
서초구,11650,반포동,18-1,11650-3559,래미안퍼스티지,59.89,27,2009,29835,0,2017-10-31,,,,,
서초구,11650,반포동,18-1,11650-3559,래미안퍼스티지,59.89,28,2009,29835,0,2017-10-31,,,,,
서초구,11650,반포동,18-1,11650-3559,래미안퍼스티지,59.89,4,2009,29835,0,2017-10-18,,,,,
서초구,11650,반포동,18-1,11650-3559,래미안퍼스티지,59.89,6,2009,29835,0,2017-10-30,,,,,
서초구,11650,반포동,18-1,11650-3559,래미안퍼스티지,59.89,7,2009,20000,260,2017-10-15,,,,,
서초구,11650,반포동,18-1,11650-3559,래미안퍼스티지,59.89,7,2009,29835,0,2017-10-27,,,,,
서초구,11650,반포동,18-1,11650-3559,래미안퍼스티지,59.96,11,2009,29835,0,2017-10-30,,,,,
서초구,11650,반포동,18-1,11650-3559,래미안퍼스티지,59.96,12,2009,29835,0,2017-10-31,,,,,
서초구,11650,반포동,18-1,11650-3559,래미안퍼스티지,59.96,14,2009,29835,0,2017-10-31,,,,,
서초구,11650,반포동,18-1,11650-3559,래미안퍼스티지,59.96,17,2009,28983,0,2017-10-30,,,,,
서초구,11650,반포동,18-1,11650-3559,래미안퍼스티지,59.96,20,2009,99000,0,2017-10-14,,,,,
서초구,11650,반포동,18-1,11650-3559,래미안퍼스티지,59.96,27,2009,29835,0,2017-10-30,,,,,
서초구,11650,반포동,18-1,11650-3559,래미안퍼스티지,59.96,4,2009,29835,0,2017-10-27,,,,,
서초구,11650,반포동,18-1,11650-3559,래미안퍼스티지,59.96,6,2009,29835,0,2017-10-17,,,,,
서초구,11650,반포동,18-1,11650-3559,래미안퍼스티지,59.96,8,2009,29835,0,2017-10-27,,,,,
서초구,11650,반포동,18-1,11650-3559,래미안퍼스티지,59.98,12,2009,29835,0,2017-10-31,,,,,
서초구,11650,반포동,18-1,11650-3559,래미안퍼스티지,59.98,18,2009,29835,0,2017-10-31,,,,,
서초구,11650,반포동,18-1,11650-3559,래미안퍼스티지,59.98,20,2009,93000,0,2017-10-30,,,,,
서초구,11650,반포동,18-1,11650-3559,래미안퍼스티지,59.98,5,2009,28983,0,2017-10-30,,,,,
서초구,11650,반포동,18-1,11650-3559,래미안퍼스티지,84.76,3,2009,40020,0,2017-10-27,,,,,
서초구,11650,반포동,18-1,11650-3559,래미안퍼스티지,84.85,10,2009,40020,0,2017-10-27,,,,,
서초구,11650,반포동,18-1,11650-3559,래미안퍼스티지,84.85,26,2009,40020,0,2017-10-30,,,,,
서초구,11650,반포동,18-1,11650-3559,래미안퍼스티지,84.85,7,2009,40020,0,2017-10-25,,,,,
서초구,11650,반포동,18-1,11650-3559,래미안퍼스티지,84.93,1,2009,40020,0,2017-10-20,,,,,
서초구,11650,반포동,18-1,11650-3559,래미안퍼스티지,84.93,10,2009,140000,0,2017-10-31,18.02~20.02,신규,,,
서초구,11650,반포동,18-1,11650-3559,래미안퍼스티지,84.93,2,2009,40020,0,2017-10-30,,,,,
서초구,11650,반포동,18-1,11650-3559,래미안퍼스티지,84.93,21,2009,90000,150,2017-10-12,,,,,
서초구,11650,반포동,18-1,11650-3559,래미안퍼스티지,84.93,23,2009,100000,150,2017-10-12,,,,,
서초구,11650,반포동,18-1,11650-3559,래미안퍼스티지,84.93,28,2009,70000,200,2017-10-19,,,,,
서초구,11650,반포동,18-1,11650-3559,래미안퍼스티지,84.93,29,2009,128000,0,2017-10-27,,,,,
서초구,11650,반포동,18-1,11650-3559,래미안퍼스티지,84.93,3,2009,40020,0,2017-10-30,,,,,
서초구,11650,반포동,18-1,11650-3559,래미안퍼스티지,84.93,8,2009,135000,0,2017-10-23,,,,,
서초구,11650,반포동,18-1,11650-3559,래미안퍼스티지,84.93,9,2009,140000,0,2017-10-31,,,,,
서초구,11650,반포동,2-12,11650-4440,아크로리버파크,112.93,27,2016,200000,0,2017-10-16,,,,,
서초구,11650,반포동,2-12,11650-4440,아크로리버파크,112.96,17,2016,10000,600,2017-10-23,,,,,
서초구,11650,반포동,2-12,11650-4440,아크로리버파크,112.98,9,2016,100000,330,2017-10-24,,,,,
서초구,11650,반포동,2-12,11650-4440,아크로리버파크,164.39,15,2016,280000,0,2017-10-23,17.12~21.12,신규,,,
서초구,11650,반포동,2-12,11650-4440,아크로리버파크,164.39,18,2016,260000,0,2017-10-30,,,,,
서초구,11650,반포동,2-12,11650-4440,아크로리버파크,164.39,19,2016,80100,0,2017-10-28,,,,,
서초구,11650,반포동,2-12,11650-4440,아크로리버파크,59.95,15,2016,10000,330,2017-10-14,,,,,
서초구,11650,반포동,2-12,11650-4440,아크로리버파크,59.97,9,2016,61250,0,2017-10-31,,,,,
서초구,11650,반포동,2-12,11650-4440,아크로리버파크,59.98,6,2016,61250,0,2017-10-31,,,,,
서초구,11650,반포동,2-12,11650-4440,아크로리버파크,84.95,11,2016,147000,0,2017-10-31,,,,,
서초구,11650,반포동,2-12,11650-4440,아크로리버파크,84.95,19,2016,150000,0,2017-10-16,,,,,
서초구,11650,반포동,20-43,11650-3500,반포자이,132.439,16,2009,140000,140,2017-10-28,,,,,
서초구,11650,반포동,20-43,11650-3500,반포자이,132.439,24,2009,130000,120,2017-10-31,,,,,
서초구,11650,반포동,20-43,11650-3500,반포자이,132.439,29,2009,180000,0,2017-10-21,,,,,
서초구,11650,반포동,20-43,11650-3500,반포자이,165.052,22,2009,195000,0,2017-10-13,,,,,
서초구,11650,반포동,20-43,11650-3500,반포자이,165.446,9,2009,190000,0,2017-10-21,,,,,
서초구,11650,반포동,20-43,11650-3500,반포자이,194.515,19,2009,195000,0,2017-10-16,,,,,
서초구,11650,반포동,20-43,11650-3500,반포자이,216.49,1,2009,79000,320,2017-10-24,,,,,
서초구,11650,반포동,20-43,11650-3500,반포자이,244.543,12,2009,220000,0,2017-10-13,,,,,
서초구,11650,반포동,20-43,11650-3500,반포자이,59.971,14,2009,10000,250,2017-10-20,,,,,
서초구,11650,반포동,20-43,11650-3500,반포자이,59.971,16,2009,85000,0,2017-10-21,,,,,
서초구,11650,반포동,20-43,11650-3500,반포자이,59.98,10,2009,29881,0,2017-10-27,,,,,
서초구,11650,반포동,20-43,11650-3500,반포자이,59.98,22,2009,85000,0,2017-10-30,,,,,
서초구,11650,반포동,20-43,11650-3500,반포자이,59.98,26,2009,87000,0,2017-10-11,,,,,
서초구,11650,반포동,20-43,11650-3500,반포자이,59.98,27,2009,85000,0,2017-10-16,17.10~19.10,신규,,,
서초구,11650,반포동,20-43,11650-3500,반포자이,59.98,3,2009,60000,90,2017-10-27,,,,,
서초구,11650,반포동,20-43,11650-3500,반포자이,59.98,4,2009,84000,0,2017-10-29,,,,,
서초구,11650,반포동,20-43,11650-3500,반포자이,84.943,12,2009,120000,0,2017-10-28,,,,,
서초구,11650,반포동,20-43,11650-3500,반포자이,84.943,13,2009,10000,330,2017-10-22,17.11~19.11,신규,,,
서초구,11650,반포동,20-43,11650-3500,반포자이,84.943,2,2009,125000,0,2017-10-23,,,,,
서초구,11650,반포동,20-43,11650-3500,반포자이,84.943,24,2009,30000,250,2017-10-20,,,,,
서초구,11650,반포동,20-43,11650-3500,반포자이,84.943,26,2009,125000,0,2017-10-30,,,,,
서초구,11650,반포동,20-43,11650-3500,반포자이,84.943,9,2009,123000,0,2017-10-17,,,,,
서초구,11650,반포동,20-43,11650-3500,반포자이,84.943,9,2009,125000,0,2017-10-27,,,,,
서초구,11650,반포동,20-43,11650-3500,반포자이,84.982,10,2009,115000,0,2017-10-19,17.10~19.10,갱신,,85000,
서초구,11650,반포동,20-43,11650-3500,반포자이,84.982,15,2009,80000,110,2017-10-14,,,,,
서초구,11650,반포동,20-43,11650-3500,반포자이,84.982,15,2009,80000,110,2017-10-14,,,,,
서초구,11650,반포동,20-43,11650-3500,반포자이,84.982,26,2009,60000,145,2017-10-23,,,,,
서초구,11650,반포동,20-43,11650-3500,반포자이,84.982,7,2009,40000,220,2017-10-31,,,,,
서초구,11650,반포동,20-43,11650-3500,반포자이,84.982,8,2009,20000,300,2017-10-24,,,,,
서초구,11650,반포동,20-43,11650-3500,반포자이,84.984,10,2009,120000,0,2017-10-24,,,,,
서초구,11650,반포동,20-43,11650-3500,반포자이,84.984,28,2009,66220,0,2017-10-31,,,,,
서초구,11650,반포동,20-43,11650-3500,반포자이,84.998,13,2009,50000,210,2017-10-30,,,,,
서초구,11650,반포동,20-43,11650-3500,반포자이,84.998,16,2009,10000,320,2017-10-12,,,,,
서초구,11650,반포동,30-26,11650-3617,반포리체,106.148,24,2010,90000,100,2017-10-11,,,,,
서초구,11650,반포동,30-26,11650-3617,반포리체,106.148,29,2010,125000,0,2017-10-21,,,,,
서초구,11650,반포동,30-26,11650-3617,반포리체,59.993,13,2010,70000,50,2017-10-25,,,,,
서초구,11650,반포동,30-26,11650-3617,반포리체,59.993,17,2010,86000,0,2017-10-21,,,,,
서초구,11650,반포동,30-26,11650-3617,반포리체,59.993,2,2010,82000,0,2017-10-23,,,,,
서초구,11650,반포동,30-26,11650-3617,반포리체,59.993,22,2010,80000,0,2017-10-21,,,,,
서초구,11650,반포동,30-26,11650-3617,반포리체,59.993,24,2010,10000,240,2017-10-26,,,,,
서초구,11650,반포동,30-26,11650-3617,반포리체,59.993,25,2010,55000,80,2017-10-26,,,,,
서초구,11650,반포동,30-26,11650-3617,반포리체,59.994,12,2010,70000,60,2017-10-30,,,,,
서초구,11650,반포동,30-26,11650-3617,반포리체,84.967,13,2010,70000,120,2017-10-21,,,,,
서초구,11650,반포동,30-26,11650-3617,반포리체,84.967,2,2010,110000,0,2017-10-30,,,,,
서초구,11650,반포동,30-26,11650-3617,반포리체,84.967,22,2010,81000,110,2017-10-20,,,,,
서초구,11650,반포동,30-26,11650-3617,반포리체,84.967,27,2010,107000,0,2017-10-14,,,,,
서초구,11650,반포동,30-26,11650-3617,반포리체,84.967,32,2010,30000,0,2017-10-24,,,,,
서초구,11650,반포동,30-26,11650-3617,반포리체,84.967,5,2010,10000,330,2017-10-26,,,,,
서초구,11650,반포동,46,11650-199,엠브이아파트,59.82,15,1994,45000,0,2017-10-25,,,,,
서초구,11650,반포동,46,11650-199,엠브이아파트,59.82,16,1994,43000,0,2017-10-28,,,,,
서초구,11650,반포동,48-2,11650-684,대성유니드,123.974,5,2004,80000,0,2017-10-28,,,,,
서초구,11650,반포동,50-2,11650-163,다우탑스빌라트,159.75,3,1997,75000,0,2017-10-21,,,,,
서초구,11650,반포동,54-5,11650-168,반포두산힐스빌,58.7,8,2001,30000,45,2017-10-17,,,,,
서초구,11650,반포동,550-27,11650-766,반포서래월드메르디앙스칼라아파트B동,115.94,5,2005,35000,150,2017-10-13,,,,,
서초구,11650,반포동,550-34,11650-767,반포서래월드메르디앙스칼라아파트A동,131.87,3,2005,65000,65,2017-10-31,,,,,
서초구,11650,반포동,60-4,11650-172,반포미도,84.96,1,1987,55000,0,2017-10-23,,,,,
서초구,11650,반포동,60-4,11650-172,반포미도,84.96,10,1987,10000,150,2017-10-30,,,,,
서초구,11650,반포동,60-4,11650-172,반포미도,84.96,11,1987,10000,160,2017-10-31,,,,,
서초구,11650,반포동,60-4,11650-172,반포미도,84.96,11,1987,30000,90,2017-10-12,,,,,
서초구,11650,반포동,60-4,11650-172,반포미도,84.96,11,1987,65000,0,2017-10-19,,,,,
서초구,11650,반포동,60-4,11650-172,반포미도,84.96,12,1987,5000,140,2017-10-07,,,,,
서초구,11650,반포동,60-4,11650-172,반포미도,84.96,13,1987,24000,110,2017-10-17,,,,,
서초구,11650,반포동,60-4,11650-172,반포미도,84.96,13,1987,40000,70,2017-10-10,,,,,
서초구,11650,반포동,60-4,11650-172,반포미도,84.96,13,1987,55000,0,2017-10-16,,,,,
서초구,11650,반포동,60-4,11650-172,반포미도,84.96,15,1987,55000,0,2017-10-11,,,,,
서초구,11650,반포동,60-4,11650-172,반포미도,84.96,15,1987,63000,0,2017-10-14,,,,,
서초구,11650,반포동,60-4,11650-172,반포미도,84.96,2,1987,5000,150,2017-10-26,,,,,
서초구,11650,반포동,60-4,11650-172,반포미도,84.96,2,1987,55000,0,2017-10-21,,,,,
서초구,11650,반포동,60-4,11650-172,반포미도,84.96,2,1987,55000,0,2017-10-30,,,,,
서초구,11650,반포동,60-4,11650-172,반포미도,84.96,5,1987,45000,0,2017-10-16,,,,,
서초구,11650,반포동,60-4,11650-172,반포미도,84.96,5,1987,57000,0,2017-10-19,,,,,
서초구,11650,반포동,60-4,11650-172,반포미도,84.96,6,1987,60000,0,2017-10-23,,,,,
서초구,11650,반포동,60-4,11650-172,반포미도,84.96,6,1987,62000,0,2017-10-14,17.11~19.11,신규,,,
서초구,11650,반포동,60-4,11650-172,반포미도,84.96,7,1987,45000,60,2017-10-20,,,,,
서초구,11650,반포동,60-5,11650-173,반포미도2차아파트,71.49,13,1989,50000,0,2017-10-26,,,,,
서초구,11650,반포동,60-5,11650-173,반포미도2차아파트,71.49,5,1989,49000,0,2017-10-13,,,,,
서초구,11650,반포동,612-138,11650-540,새티스,66.06,4,2003,37000,0,2017-10-13,,,,,
서초구,11650,반포동,612-2,11650-3385,반포2차ApelBaum,243.7,3,2007,61000,0,2017-10-31,,,,,
서초구,11650,반포동,64-5,11650-236,현대동궁아파트,70.38,6,1991,48000,0,2017-10-20,,,,,
서초구,11650,반포동,64-5,11650-236,현대동궁아파트,81.9,7,1991,54000,0,2017-10-26,,,,,
서초구,11650,반포동,64-5,11650-236,현대동궁아파트,81.9,9,1991,40000,40,2017-10-08,,,,,
서초구,11650,반포동,64-5,11650-236,현대동궁아파트,82.35,9,1991,53000,0,2017-10-18,,,,,
서초구,11650,반포동,65-1,11650-160,궁전,117.11,3,1984,66000,0,2017-10-27,,,,,
서초구,11650,반포동,65-1,11650-160,궁전,117.11,4,1984,20000,140,2017-10-28,,,,,
서초구,11650,반포동,65-1,11650-160,궁전,117.11,8,1984,68000,0,2017-10-29,,,,,
서초구,11650,반포동,70,11650-169,라인,59.97,2,1995,30000,50,2017-10-17,,,,,
서초구,11650,반포동,70-1,11650-232,한신서래,115,2,1987,73000,0,2017-10-20,,,,,
서초구,11650,반포동,70-1,11650-232,한신서래,115,9,1987,55000,70,2017-10-18,,,,,
서초구,11650,반포동,70-1,11650-232,한신서래,45.72,10,1987,34000,0,2017-10-19,,,,,
서초구,11650,반포동,70-1,11650-232,한신서래,45.72,3,1987,28000,0,2017-10-26,,,,,
서초구,11650,반포동,70-1,11650-232,한신서래,64.53,12,1987,46000,0,2017-10-27,,,,,
서초구,11650,반포동,70-1,11650-232,한신서래,64.53,2,1987,43000,0,2017-10-09,,,,,
서초구,11650,반포동,741-5,11650-187,산호아파트,91.4,4,2001,27000,0,2017-10-30,,,,,
서초구,11650,반포동,757,11650-175,반포주공1단지,104.89,1,1973,35000,0,2017-10-26,,,,,
서초구,11650,반포동,757,11650-175,반포주공1단지,104.89,2,1973,29000,0,2017-10-27,,,,,
서초구,11650,반포동,757,11650-175,반포주공1단지,106.25,2,1973,30000,0,2017-10-30,,,,,
서초구,11650,반포동,757,11650-175,반포주공1단지,106.25,5,1973,25000,0,2017-10-26,,,,,
서초구,11650,반포동,757,11650-175,반포주공1단지,106.25,5,1973,40000,0,2017-10-28,,,,,
서초구,11650,반포동,757,11650-175,반포주공1단지,106.26,4,1973,40000,0,2017-10-28,,,,,
서초구,11650,반포동,757,11650-175,반포주공1단지,107.47,1,1973,35000,0,2017-10-24,,,,,
서초구,11650,반포동,757,11650-175,반포주공1단지,107.47,2,1973,50000,0,2017-10-28,,,,,
서초구,11650,반포동,757,11650-175,반포주공1단지,107.47,3,1973,35000,0,2017-10-31,,,,,
서초구,11650,반포동,757,11650-175,반포주공1단지,107.47,5,1973,40000,0,2017-10-23,,,,,
서초구,11650,반포동,757,11650-175,반포주공1단지,140.13,4,1973,45000,0,2017-10-27,,,,,
서초구,11650,반포동,968,11650-209,에이아이디차관주택,72.51,1,1974,3000,100,2017-10-29,,,,,
서초구,11650,반포동,968,11650-209,에이아이디차관주택,72.51,1,1974,3000,85,2017-10-23,,,,,
서초구,11650,반포동,968,11650-209,에이아이디차관주택,72.51,1,1974,34000,0,2017-10-28,,,,,
서초구,11650,반포동,968,11650-209,에이아이디차관주택,72.51,2,1974,33000,0,2017-10-20,,,,,
서초구,11650,반포동,968,11650-209,에이아이디차관주택,72.51,2,1974,35000,0,2017-10-18,,,,,
서초구,11650,반포동,968,11650-209,에이아이디차관주택,72.51,4,1974,24000,0,2017-10-13,,,,,
서초구,11650,반포동,968,11650-209,에이아이디차관주택,72.51,5,1974,22000,0,2017-10-16,,,,,
서초구,11650,반포동,968,11650-209,에이아이디차관주택,72.51,5,1974,5000,0,2017-10-20,,,,,
서초구,11650,방배동,1002-10,11650-486,삼환나띠르빌(1002-10),92.93,2,2003,60000,0,2017-10-10,,,,,
서초구,11650,방배동,1006-1,11650-407,서초이에스에이3차,59.4,10,2002,52000,0,2017-10-19,,,,,
서초구,11650,방배동,1006-1,11650-407,서초이에스에이3차,59.4,4,2002,44000,20,2017-10-19,,,,,
서초구,11650,방배동,1008-2,11650-658,래미안방배아트힐(1008-2),127.31,10,2004,30000,200,2017-10-12,,,,,
서초구,11650,방배동,1008-2,11650-658,래미안방배아트힐(1008-2),127.31,12,2004,95000,0,2017-10-12,,,,,
서초구,11650,방배동,1008-2,11650-658,래미안방배아트힐(1008-2),127.61,9,2004,80000,35,2017-10-31,,,,,
서초구,11650,방배동,1008-2,11650-658,래미안방배아트힐(1008-2),163.31,19,2004,105000,0,2017-10-31,,,,,
서초구,11650,방배동,1010-1,11650-342,방배임광3차,51.84,9,1988,33000,0,2017-10-10,,,,,
서초구,11650,방배동,1010-1,11650-342,방배임광3차,67.47,10,1988,10000,100,2017-10-14,,,,,
서초구,11650,방배동,1010-1,11650-342,방배임광3차,82.34,3,1988,30000,60,2017-10-12,,,,,
서초구,11650,방배동,1010-1,11650-342,방배임광3차,84,2,1988,47000,20,2017-10-13,,,,,
서초구,11650,방배동,1010-1,11650-342,방배임광3차,84,5,1988,30000,65,2017-10-14,,,,,
서초구,11650,방배동,1015,11650-341,임광,136.38,2,1985,80000,0,2017-10-23,,,,,
서초구,11650,방배동,1015,11650-341,임광,84.78,2,1985,59950,0,2017-10-18,,,,,
서초구,11650,방배동,1015,11650-341,임광,84.78,2,1985,65000,0,2017-10-10,,,,,
서초구,11650,방배동,1018-1,11650-305,삼익,151.54,3,1981,45000,75,2017-10-14,,,,,
서초구,11650,방배동,1018-1,11650-305,삼익,151.54,8,1981,30000,150,2017-10-13,,,,,
서초구,11650,방배동,1018-1,11650-305,삼익,151.54,8,1981,60000,0,2017-10-11,,,,,
서초구,11650,방배동,1018-1,11650-305,삼익,88.26,7,1981,39000,0,2017-10-27,,,,,
서초구,11650,방배동,1018-1,11650-305,삼익,88.26,9,1981,35000,0,2017-10-24,,,,,
서초구,11650,방배동,1018-1,11650-305,삼익,89.12,2,1981,40000,0,2017-10-12,,,,,
서초구,11650,방배동,1018-1,11650-305,삼익,91.47,13,1981,3000,150,2017-10-19,,,,,
서초구,11650,방배동,1026-1,11650-408,대우로얄빌라트,221.8,4,2002,95000,0,2017-10-13,,,,,
서초구,11650,방배동,1030-1,11650-315,삼호한숲,59.98,2,1998,51000,0,2017-10-30,,,,,
서초구,11650,방배동,1038,11650-272,대우(효령),84.91,5,1992,63000,0,2017-10-27,,,,,
서초구,11650,방배동,1038,11650-272,대우(효령),84.93,1,1992,30000,100,2017-10-11,,,,,
서초구,11650,방배동,12-1,11650-3858,UPPERHOUSE,239.43,5,2012,200000,0,2017-10-30,,,,,
서초구,11650,방배동,1344,11650-290,방배1차현대홈타운,59.94,16,1999,55000,0,2017-10-16,,,,,
서초구,11650,방배동,1344,11650-290,방배1차현대홈타운,59.94,3,1999,10000,130,2017-10-23,,,,,
서초구,11650,방배동,1344,11650-290,방배1차현대홈타운,84.96,14,1999,66000,50,2017-10-29,,,,,
서초구,11650,방배동,2001,11650-380,방배2차현대홈타운,59.86,10,2001,30000,90,2017-10-25,,,,,
서초구,11650,방배동,2001,11650-380,방배2차현대홈타운,59.86,7,2001,59000,0,2017-10-28,,,,,
서초구,11650,방배동,2001,11650-380,방배2차현대홈타운,84.94,6,2001,60000,60,2017-10-19,,,,,
서초구,11650,방배동,2001,11650-380,방배2차현대홈타운,84.94,6,2001,78000,0,2017-10-25,,,,,
서초구,11650,방배동,2001,11650-380,방배2차현대홈타운,84.94,9,2001,70000,30,2017-10-18,,,,,
서초구,11650,방배동,2233,11650-732,방배3차현대홈타운,120.915,1,2004,30000,175,2017-10-09,,,,,
서초구,11650,방배동,2525,11650-331,방배우성,84.95,1,1991,49000,0,2017-10-17,,,,,
서초구,11650,방배동,2525,11650-331,방배우성,84.95,6,1991,56000,0,2017-10-31,,,,,
서초구,11650,방배동,3275,11650-659,동부센트레빌,134.04,7,2004,50000,200,2017-10-24,,,,,
서초구,11650,방배동,3276,11650-764,한진로즈힐,102.503,3,2005,90000,0,2017-10-25,,,,,
서초구,11650,방배동,3276,11650-764,한진로즈힐,84.376,8,2005,70000,0,2017-10-28,,,,,
서초구,11650,방배동,3276,11650-764,한진로즈힐,84.959,3,2005,65000,0,2017-10-02,,,,,
서초구,11650,방배동,3277,11650-3299,방배아이파크,84.32,7,2006,10000,220,2017-10-14,,,,,
서초구,11650,방배동,3277,11650-3299,방배아이파크,84.66,5,2006,10000,220,2017-10-17,,,,,
서초구,11650,방배동,424-28,11650-4044,롯데캐슬아르떼,121.6356,11,2013,118000,0,2017-10-19,,,,,
서초구,11650,방배동,424-28,11650-4044,롯데캐슬아르떼,121.6356,4,2013,95000,110,2017-10-20,,,,,
서초구,11650,방배동,424-28,11650-4044,롯데캐슬아르떼,147.7221,14,2013,25000,400,2017-10-20,,,,,
서초구,11650,방배동,424-28,11650-4044,롯데캐슬아르떼,84.9145,12,2013,95000,0,2017-10-11,,,,,
서초구,11650,방배동,424-28,11650-4044,롯데캐슬아르떼,84.9145,14,2013,94000,0,2017-10-18,,,,,
서초구,11650,방배동,424-28,11650-4044,롯데캐슬아르떼,84.9145,15,2013,90000,0,2017-10-20,,,,,
서초구,11650,방배동,424-28,11650-4044,롯데캐슬아르떼,84.9145,5,2013,65000,110,2017-10-20,,,,,
서초구,11650,방배동,424-28,11650-4044,롯데캐슬아르떼,84.9145,9,2013,100000,0,2017-10-28,,,,,
서초구,11650,방배동,424-28,11650-4044,롯데캐슬아르떼,84.9321,9,2013,80000,0,2017-10-19,,,,,
서초구,11650,방배동,425-1,11650-3246,세양아르비채102동,130.591,4,2006,72000,0,2017-10-23,,,,,
서초구,11650,방배동,434-3,11650-343,정림,103.5,2,2001,57000,0,2017-10-14,,,,,
서초구,11650,방배동,460-1,11650-390,덕산럭스,152.34,2,2002,60000,0,2017-10-27,,,,,
서초구,11650,방배동,485-3,11650-759,방배래미안타워,102.93,22,2005,75000,0,2017-10-30,,,,,
서초구,11650,방배동,485-3,11650-759,방배래미안타워,134.96,9,2005,87000,0,2017-10-29,,,,,
서초구,11650,방배동,488-2,11650-3628,리베하임,112.74,2,2016,54000,0,2017-10-31,,,,,
서초구,11650,방배동,562-1,11650-271,방배대우(562-1),84.76,3,1992,32000,0,2017-10-17,,,,,
서초구,11650,방배동,593-64,11650-639,명지해드는터,133.83,3,2004,61000,0,2017-10-16,,,,,
서초구,11650,방배동,752-36,11650-640,방배아크로리버,149.225,21,2004,105000,0,2017-10-30,,,,,
서초구,11650,방배동,752-36,11650-640,방배아크로리버,84.74,24,2004,10000,230,2017-10-11,,,,,
서초구,11650,방배동,754-1,11650-3317,롯데캐슬헤론,169.08,10,2006,105000,0,2017-10-30,,,,,
서초구,11650,방배동,754-1,11650-3317,롯데캐슬헤론,95.66,18,2006,80000,0,2017-10-20,,,,,
서초구,11650,방배동,755-14,11650-3569,리첸시아방배,146.71,9,2010,70000,100,2017-10-21,,,,,
서초구,11650,방배동,758-4,11650-310,삼호2,127.94,10,1976,67000,0,2017-10-14,,,,,
서초구,11650,방배동,758-4,11650-310,삼호2,127.94,7,1976,3000,150,2017-10-21,,,,,
서초구,11650,방배동,758-4,11650-310,삼호2,132.39,1,1976,53000,0,2017-10-28,,,,,
서초구,11650,방배동,759-3,11650-311,삼호3,168.77,12,1976,70000,0,2017-10-11,,,,,
서초구,11650,방배동,763-12,11650-568,푸른마을,63.1,5,2003,39000,0,2017-10-28,,,,,
서초구,11650,방배동,763-12,11650-568,푸른마을,84.8,3,2003,44000,15,2017-10-11,,,,,
서초구,11650,방배동,770-1,11650-309,삼호1동~3동,80.33,5,1975,34000,0,2017-10-11,,,,,
서초구,11650,방배동,770-1,11650-309,삼호1동~3동,81.39,10,1975,33000,0,2017-10-19,,,,,
서초구,11650,방배동,770-1,11650-309,삼호1동~3동,81.39,5,1975,38000,0,2017-10-29,,,,,
서초구,11650,방배동,776-3,11650-265,쌍용예가클래식,121.0751,8,2006,65000,60,2017-10-15,,,,,
서초구,11650,방배동,797-1,11650-359,탑빌라트,208.53,2,1991,83000,35,2017-10-26,,,,,
서초구,11650,방배동,797-30,11650-3281,방배3차e-편한세상,216.7346,8,2006,180000,0,2017-10-10,,,,,
서초구,11650,방배동,802-10,11650-3552,방배렉슬,113.36,3,2009,90000,0,2017-10-23,,,,,
서초구,11650,방배동,803-4,11650-644,포렛힐,178.47,2,2004,115000,0,2017-10-13,,,,,
서초구,11650,방배동,812-1,11650-4538,TheHerren,61.41,6,2017,59500,0,2017-10-19,,,,,
서초구,11650,방배동,812-1,11650-4538,TheHerren,63.33,3,2017,55000,0,2017-10-14,,,,,
서초구,11650,방배동,816-1,11650-590,한신트리플,43.93,7,2004,15000,40,2017-10-21,,,,,
서초구,11650,방배동,836-1,11650-302,방배씨티(보성),36.84,11,2000,6000,65,2017-10-10,,,,,
서초구,11650,방배동,836-4,11650-330,영진,104.98,5,1998,50000,20,2017-10-14,,,,,
서초구,11650,방배동,843-1,11650-363,파인빌리지,244.85,3,2001,140000,0,2017-10-22,,,,,
서초구,11650,방배동,849-30,11650-3548,방배롯데캐슬로제,172.27,7,2009,150000,0,2017-10-29,,,,,
서초구,11650,방배동,866-20,11650-3191,방배대우디오빌,28.84,3,2005,1000,85,2017-10-16,,,,,
서초구,11650,방배동,866-20,11650-3191,방배대우디오빌,28.84,3,2005,24000,0,2017-10-30,,,,,
서초구,11650,방배동,866-20,11650-3191,방배대우디오빌,29.6,11,2005,1000,80,2017-10-24,,,,,
서초구,11650,방배동,866-20,11650-3191,방배대우디오빌,29.6,21,2005,24000,0,2017-10-28,,,,,
서초구,11650,방배동,866-20,11650-3191,방배대우디오빌,29.6,4,2005,1000,80,2017-10-31,,,,,
서초구,11650,방배동,877-4,11650-737,방배삼성홈타운(101),83.62,3,2004,53500,0,2017-10-16,,,,,
서초구,11650,방배동,884-21,11650-511,대림e-편한세상1,164.25,14,2003,10000,360,2017-10-12,,,,,
서초구,11650,방배동,889-6,11650-763,방배CJ나인빌2차,158.33,2,2005,95000,0,2017-10-28,,,,,
서초구,11650,방배동,899-16,11650-630,브라운스톤방배,84.96,8,2005,40000,100,2017-10-23,,,,,
서초구,11650,방배동,906-13,11650-3573,서리풀e편한세상,108.28,10,2010,130000,0,2017-10-15,,,,,
서초구,11650,방배동,906-13,11650-3573,서리풀e편한세상,121.48,1,2010,120000,0,2017-10-16,,,,,
서초구,11650,방배동,906-13,11650-3573,서리풀e편한세상,148.56,7,2010,150000,0,2017-10-14,,,,,
서초구,11650,방배동,906-13,11650-3573,서리풀e편한세상,84.97,4,2010,65000,140,2017-10-20,,,,,
서초구,11650,방배동,906-13,11650-3573,서리풀e편한세상,84.97,6,2010,105000,0,2017-10-28,,,,,
서초구,11650,방배동,915-16,11650-3338,방배서리풀힐스,84.992,10,2006,40000,50,2017-10-12,,,,,
서초구,11650,방배동,915-16,11650-3338,방배서리풀힐스,84.992,3,2006,67000,0,2017-10-13,,,,,
서초구,11650,방배동,923-6,11650-3358,방배아크로타워,84.83,5,2007,57000,0,2017-10-10,,,,,
서초구,11650,방배동,930-1,11650-569,방배브라운가,124.67,10,2006,76000,0,2017-10-14,,,,,
서초구,11650,방배동,930-1,11650-569,방배브라운가,84.94,6,2006,68000,0,2017-10-30,,,,,
서초구,11650,방배동,940-8,11650-291,금강프리빌,81.73,1,2001,55000,0,2017-10-13,,,,,
서초구,11650,방배동,971-1,11650-652,뉴캐슬,89.98,5,2004,25000,70,2017-10-15,,,,,
서초구,11650,방배동,981-40,11650-3203,브라운스톤효령아파트,121.269,2,2005,90000,0,2017-10-30,,,,,
서초구,11650,방배동,982-1,11650-406,방배현대멤피스2,162.8,10,2002,100000,0,2017-10-17,,,,,
서초구,11650,방배동,985-15,11650-583,엘르빌,141.83,5,2003,30000,160,2017-10-18,,,,,
서초구,11650,방배동,988-1,11650-322,신동아,102.65,11,1981,63000,0,2017-10-27,,,,,
서초구,11650,방배동,988-1,11650-322,신동아,102.65,7,1981,10000,200,2017-10-16,,,,,
서초구,11650,방배동,988-1,11650-322,신동아,105.86,5,1981,36000,0,2017-10-18,,,,,
서초구,11650,방배동,988-1,11650-322,신동아,175.04,2,1981,70000,50,2017-10-28,,,,,
서초구,11650,서초동,1301-6,11650-3515,래미안서초스위트,84.9571,21,2009,5000,270,2017-10-18,,,,,
서초구,11650,서초동,1301-6,11650-3515,래미안서초스위트,84.9571,27,2009,88000,0,2017-10-07,,,,,
서초구,11650,서초동,1301-6,11650-3515,래미안서초스위트,95.658,28,2009,105000,0,2017-10-29,,,,,
서초구,11650,서초동,1303-10,11650-3393,서초한일유앤아이주상복합,96.65,5,2007,60000,0,2017-10-19,,,,,
서초구,11650,서초동,1310-4,11650-3471,서초두산위브트레지움,130.3,5,2008,60000,120,2017-10-21,,,,,
서초구,11650,서초동,1311-10,11650-4550,서초푸르지오써밋,104.11,5,2017,80000,110,2017-10-25,17.11~19.11,신규,,,
서초구,11650,서초동,1311-10,11650-4550,서초푸르지오써밋,104.19,21,2017,40000,260,2017-10-21,17.11~19.11,신규,,,
서초구,11650,서초동,1311-10,11650-4550,서초푸르지오써밋,104.4,10,2017,123000,0,2017-10-13,17.12~19.12,신규,,,
서초구,11650,서초동,1311-10,11650-4550,서초푸르지오써밋,104.4,18,2017,50000,230,2017-10-31,17.12~19.12,신규,,,
서초구,11650,서초동,1311-10,11650-4550,서초푸르지오써밋,104.4,3,2017,70000,130,2017-10-19,17.11~19.11,신규,,,
서초구,11650,서초동,1311-10,11650-4550,서초푸르지오써밋,120.86,22,2017,130000,0,2017-10-19,17.12~19.12,신규,,,
서초구,11650,서초동,1311-10,11650-4550,서초푸르지오써밋,120.86,4,2017,133000,0,2017-10-23,17.11~19.11,신규,,,
서초구,11650,서초동,1311-10,11650-4550,서초푸르지오써밋,59.62,14,2017,76000,0,2017-10-17,17.11~19.11,신규,,,
서초구,11650,서초동,1311-10,11650-4550,서초푸르지오써밋,59.62,27,2017,5000,230,2017-10-11,17.10~19.10,신규,,,
서초구,11650,서초동,1311-10,11650-4550,서초푸르지오써밋,59.62,30,2017,78000,0,2017-10-21,17.12~19.12,신규,,,
서초구,11650,서초동,1311-10,11650-4550,서초푸르지오써밋,59.62,32,2017,20000,195,2017-10-20,17.11~19.11,신규,,,
서초구,11650,서초동,1311-10,11650-4550,서초푸르지오써밋,59.92,10,2017,52150,0,2017-10-31,17.11~19.01,신규,,,
서초구,11650,서초동,1311-10,11650-4550,서초푸르지오써밋,59.92,11,2017,52150,0,2017-10-31,,,,,
서초구,11650,서초동,1311-10,11650-4550,서초푸르지오써밋,59.92,14,2017,52150,0,2017-10-31,17.11~18.01,신규,,,
서초구,11650,서초동,1311-10,11650-4550,서초푸르지오써밋,59.92,16,2017,77000,0,2017-10-14,17.11~19.11,신규,,,
서초구,11650,서초동,1311-10,11650-4550,서초푸르지오써밋,59.92,19,2017,73000,0,2017-10-11,17.10~19.10,신규,,,
서초구,11650,서초동,1311-10,11650-4550,서초푸르지오써밋,59.92,2,2017,52150,0,2017-10-31,,,,,
서초구,11650,서초동,1311-10,11650-4550,서초푸르지오써밋,59.92,21,2017,50000,80,2017-10-17,17.11~19.11,신규,,,
서초구,11650,서초동,1311-10,11650-4550,서초푸르지오써밋,59.92,4,2017,80000,0,2017-10-28,17.11~19.11,신규,,,
서초구,11650,서초동,1311-10,11650-4550,서초푸르지오써밋,59.92,8,2017,52150,0,2017-10-31,17.11~18.01,신규,,,
서초구,11650,서초동,1311-10,11650-4550,서초푸르지오써밋,74.93,17,2017,35000,165,2017-10-19,17.11~19.11,신규,,,
서초구,11650,서초동,1311-10,11650-4550,서초푸르지오써밋,74.93,25,2017,88000,0,2017-10-15,,,,,
서초구,11650,서초동,1311-10,11650-4550,서초푸르지오써밋,74.93,26,2017,5000,280,2017-10-14,17.11~19.11,신규,,,
서초구,11650,서초동,1311-10,11650-4550,서초푸르지오써밋,74.96,14,2017,87000,0,2017-10-28,17.11~19.11,신규,,,
서초구,11650,서초동,1311-10,11650-4550,서초푸르지오써밋,74.96,23,2017,50000,125,2017-10-28,,,,,
서초구,11650,서초동,1311-10,11650-4550,서초푸르지오써밋,84.93,10,2017,50000,135,2017-10-25,,,,,
서초구,11650,서초동,1311-10,11650-4550,서초푸르지오써밋,84.93,23,2017,5000,300,2017-10-27,,,,,
서초구,11650,서초동,1311-10,11650-4550,서초푸르지오써밋,84.95,13,2017,10000,260,2017-10-17,,,,,
서초구,11650,서초동,1311-10,11650-4550,서초푸르지오써밋,84.95,15,2017,95000,0,2017-10-17,17.11~19.11,신규,,,
서초구,11650,서초동,1311-10,11650-4550,서초푸르지오써밋,84.95,23,2017,95000,0,2017-10-02,17.11~19.11,신규,,,
서초구,11650,서초동,1311-10,11650-4550,서초푸르지오써밋,84.95,3,2017,50000,140,2017-10-21,,,,,
서초구,11650,서초동,1311-10,11650-4550,서초푸르지오써밋,84.95,9,2017,10000,300,2017-10-22,,,,,
서초구,11650,서초동,1311-10,11650-4550,서초푸르지오써밋,84.95,9,2017,95000,0,2017-10-28,,,,,
서초구,11650,서초동,1312-3,11650-3300,롯데캐슬클래식,120.18,15,2006,50000,0,2017-10-18,,,,,
서초구,11650,서초동,1312-3,11650-3300,롯데캐슬클래식,120.18,20,2006,105000,0,2017-10-16,,,,,
서초구,11650,서초동,1312-3,11650-3300,롯데캐슬클래식,120.18,20,2006,105000,0,2017-10-25,,,,,
서초구,11650,서초동,1312-3,11650-3300,롯데캐슬클래식,74.3,11,2006,20000,180,2017-10-21,,,,,
서초구,11650,서초동,1312-3,11650-3300,롯데캐슬클래식,74.3,24,2006,50000,70,2017-10-21,,,,,
서초구,11650,서초동,1312-3,11650-3300,롯데캐슬클래식,74.3,26,2006,76000,0,2017-10-27,,,,,
서초구,11650,서초동,1312-3,11650-3300,롯데캐슬클래식,74.3,6,2006,5000,230,2017-10-21,,,,,
서초구,11650,서초동,1312-3,11650-3300,롯데캐슬클래식,74.3,7,2006,40000,100,2017-10-15,,,,,
서초구,11650,서초동,1312-3,11650-3300,롯데캐슬클래식,84.98,15,2006,22000,200,2017-10-30,,,,,
서초구,11650,서초동,1312-3,11650-3300,롯데캐슬클래식,84.98,17,2006,60000,75,2017-10-21,,,,,
서초구,11650,서초동,1312-3,11650-3300,롯데캐슬클래식,84.98,2,2006,70000,50,2017-10-14,,,,,
서초구,11650,서초동,1315,11650-66,진흥아파트,101.32,15,1979,4000,150,2017-10-21,,,,,
서초구,11650,서초동,1315,11650-66,진흥아파트,101.32,6,1979,52000,0,2017-10-13,,,,,
서초구,11650,서초동,1315,11650-66,진흥아파트,101.32,8,1979,40000,20,2017-10-16,,,,,
서초구,11650,서초동,1315,11650-66,진흥아파트,101.32,9,1979,53000,0,2017-10-12,,,,,
서초구,11650,서초동,1315,11650-66,진흥아파트,131.04,1,1979,66000,0,2017-10-24,,,,,
서초구,11650,서초동,1315,11650-66,진흥아파트,131.04,13,1979,37000,100,2017-10-10,,,,,
서초구,11650,서초동,1315,11650-66,진흥아파트,131.04,14,1979,65000,0,2017-10-20,,,,,
서초구,11650,서초동,1315,11650-66,진흥아파트,131.07,12,1979,39000,100,2017-10-25,,,,,
서초구,11650,서초동,1315,11650-66,진흥아파트,160.46,14,1979,40000,70,2017-10-10,,,,,
서초구,11650,서초동,1315,11650-66,진흥아파트,160.46,15,1979,80000,0,2017-10-24,,,,,
서초구,11650,서초동,1315,11650-66,진흥아파트,160.46,9,1979,75000,0,2017-10-31,,,,,
서초구,11650,서초동,1316-15,11650-700,현대성우주상복합아파트,161.91,14,2002,90000,0,2017-10-23,,,,,
서초구,11650,서초동,1316-15,11650-700,현대성우주상복합아파트,176.59,3,2002,88000,0,2017-10-28,,,,,
서초구,11650,서초동,1321-6,11650-35,서초동아타워,136.04,15,1996,50000,0,2017-10-18,,,,,
서초구,11650,서초동,1321-6,11650-35,서초동아타워,177.26,7,1996,10000,250,2017-10-29,,,,,
서초구,11650,서초동,1326,11650-31,삼성서초가든스위트,176.24,3,2000,130000,0,2017-10-11,,,,,
서초구,11650,서초동,1326-17,11650-60,우성아파트,59.93,11,1998,60000,0,2017-10-23,,,,,
서초구,11650,서초동,1326-17,11650-60,우성아파트,59.93,12,1998,5000,140,2017-10-23,,,,,
서초구,11650,서초동,1327-29,11650-3235,서초파라곤,84.98,12,2005,62000,0,2017-10-27,,,,,
서초구,11650,서초동,1330,11650-608,서초동삼성쉐르빌2,35.17,3,2002,23000,0,2017-10-19,,,,,
서초구,11650,서초동,1330,11650-608,서초동삼성쉐르빌2,35.22,10,2002,120,120,2017-10-23,,,,,
서초구,11650,서초동,1330,11650-608,서초동삼성쉐르빌2,35.22,13,2002,14000,25,2017-10-18,17.11~18.11,신규,,,
서초구,11650,서초동,1332-13,11650-4470,래미안서초에스티지,101.55,6,2016,120000,0,2017-10-24,,,,,
서초구,11650,서초동,1332-13,11650-4470,래미안서초에스티지,125.79,16,2016,50000,200,2017-10-27,,,,,
서초구,11650,서초동,1332-13,11650-4470,래미안서초에스티지,59.99,5,2016,54400,0,2017-10-30,,,,,
서초구,11650,서초동,1332-13,11650-4470,래미안서초에스티지,83.6,24,2016,93000,0,2017-10-28,,,,,
서초구,11650,서초동,1333,11650-53,신동아아파트(1차),101.6,7,1978,35000,0,2017-10-28,,,,,
서초구,11650,서초동,1333,11650-53,신동아아파트(1차),102.21,5,1978,30000,35,2017-10-16,,,,,
서초구,11650,서초동,1333,11650-53,신동아아파트(1차),102.66,1,1978,10000,90,2017-10-24,,,,,
서초구,11650,서초동,1333,11650-53,신동아아파트(1차),75.86,3,1978,3000,70,2017-10-26,,,,,
서초구,11650,서초동,1333,11650-53,신동아아파트(1차),75.86,4,1978,5000,85,2017-10-01,,,,,
서초구,11650,서초동,1333,11650-53,신동아아파트(1차),75.86,6,1978,37000,0,2017-10-28,,,,,
서초구,11650,서초동,1333,11650-53,신동아아파트(1차),75.86,7,1978,35000,0,2017-10-20,,,,,
서초구,11650,서초동,1333,11650-53,신동아아파트(1차),86.61,3,1978,20000,45,2017-10-28,,,,,
서초구,11650,서초동,1338,11650-532,현대이에스에이아파트,116.04,3,2002,61000,0,2017-10-25,,,,,
서초구,11650,서초동,1338,11650-532,현대이에스에이아파트,163.95,5,2002,80000,0,2017-10-17,,,,,
서초구,11650,서초동,1338-1,11650-701,풍림아이원플러스,27.643,13,2004,1000,85,2017-10-19,,,,,
서초구,11650,서초동,1338-1,11650-701,풍림아이원플러스,27.643,13,2004,22000,0,2017-10-16,,,,,
서초구,11650,서초동,1338-1,11650-701,풍림아이원플러스,35.903,8,2004,27000,0,2017-10-11,,,,,
서초구,11650,서초동,1338-1,11650-701,풍림아이원플러스,35.903,8,2004,8000,65,2017-10-18,,,,,
서초구,11650,서초동,1338-1,11650-701,풍림아이원플러스,35.903,9,2004,25000,0,2017-10-27,,,,,
서초구,11650,서초동,1344-13,11650-3238,서초트라팰리스,124.98,15,2005,40000,180,2017-10-10,,,,,
서초구,11650,서초동,1344-13,11650-3238,서초트라팰리스,132.79,2,2005,94000,0,2017-10-31,,,,,
서초구,11650,서초동,1344-13,11650-3238,서초트라팰리스,133.05,21,2005,13000,310,2017-10-18,,,,,
서초구,11650,서초동,1344-13,11650-3238,서초트라팰리스,73.42,7,2005,62000,0,2017-10-25,,,,,
서초구,11650,서초동,1344-4,11650-4471,서초동프레스티지아파트,56.14,5,2017,45000,45,2017-10-12,,,,,
서초구,11650,서초동,1346,11650-85,현대아파트,84.33,9,1989,10000,120,2017-10-24,,,,,
서초구,11650,서초동,1346,11650-85,현대아파트,84.34,2,1989,55000,0,2017-10-14,,,,,
서초구,11650,서초동,1346,11650-85,현대아파트,84.34,2,1989,56000,0,2017-10-20,,,,,
서초구,11650,서초동,1346,11650-85,현대아파트,84.34,6,1989,51000,25,2017-10-28,,,,,
서초구,11650,서초동,1347-20,11650-3301,서초벽산블루밍,84.39,5,2006,67000,0,2017-10-19,17.11~19.11,갱신,,44000,45
서초구,11650,서초동,1347-20,11650-3301,서초벽산블루밍,84.39,8,2006,74000,0,2017-10-28,,,,,
서초구,11650,서초동,1355-24,11650-702,우정에쉐르,43.19,8,2004,30000,0,2017-10-30,,,,,
서초구,11650,서초동,1355-24,11650-702,우정에쉐르,72.44,6,2004,47000,0,2017-10-10,,,,,
서초구,11650,서초동,1359-50,11650-620,롯데캐슬쥬피터,114.2,10,2003,55000,0,2017-10-31,,,,,
서초구,11650,서초동,1362,11650-3250,두산위브(1362),83.11,9,2005,5000,200,2017-10-19,,,,,
서초구,11650,서초동,1363-25,11650-3926,한라비발디스튜디오193,19.99,8,2013,3000,80,2017-10-30,,,,,
서초구,11650,서초동,1363-25,11650-3926,한라비발디스튜디오193,19.99,9,2013,5000,70,2017-10-14,,,,,
서초구,11650,서초동,1434-2,11650-704,신원아침도시(1434),83.022,2,2004,10000,180,2017-10-13,,,,,
서초구,11650,서초동,1435-18,11650-735,서초가람아파트,94.35,5,2005,50000,0,2017-10-22,,,,,
서초구,11650,서초동,1436-14,11650-517,서초동아이파크,164.74,1,2003,98000,0,2017-10-24,,,,,
서초구,11650,서초동,1436-14,11650-517,서초동아이파크,164.8,16,2003,110000,0,2017-10-23,,,,,
서초구,11650,서초동,1445-13,11650-3276,서초쌍용플래티넘,68.21,12,2006,48000,0,2017-10-27,,,,,
서초구,11650,서초동,1445-13,11650-3276,서초쌍용플래티넘,68.21,16,2006,5000,150,2017-10-23,,,,,
서초구,11650,서초동,1445-14,11650-3284,더샵서초,33.06,30,2006,3000,130,2017-10-11,,,,,
서초구,11650,서초동,1445-4,11650-518,래미안서초유니빌,35.383,8,2003,28500,0,2017-10-22,,,,,
서초구,11650,서초동,1445-4,11650-518,래미안서초유니빌,45.255,15,2003,2000,100,2017-10-11,,,,,
서초구,11650,서초동,1445-4,11650-518,래미안서초유니빌,45.255,5,2003,10000,60,2017-10-25,,,,,
서초구,11650,서초동,1445-4,11650-518,래미안서초유니빌,56.344,9,2003,2000,155,2017-10-12,,,,,
서초구,11650,서초동,1446-11,11650-519,현대슈퍼빌,147.86,22,2003,90000,80,2017-10-31,,,,,
서초구,11650,서초동,1451-89,11650-3944,서초중흥S-클래스(도시형생활주택),20.68,1,2013,3000,60,2017-10-26,,,,,
서초구,11650,서초동,1451-89,11650-3944,서초중흥S-클래스(도시형생활주택),20.68,5,2013,21000,0,2017-10-16,,,,,
서초구,11650,서초동,1454-29,11650-43,서초한신,84.99,14,2001,20000,150,2017-10-24,17.12~19.12,신규,,,
서초구,11650,서초동,1455-9,11650-3220,경남아너스빌,136.373,3,2005,90000,0,2017-10-27,,,,,
서초구,11650,서초동,1456-1,11650-706,서린,84.84,6,2004,48000,0,2017-10-22,,,,,
서초구,11650,서초동,1458-6,11650-3221,서초지웰,84.74,15,2005,68000,0,2017-10-25,,,,,
서초구,11650,서초동,1458-6,11650-3221,서초지웰,84.74,7,2005,45000,80,2017-10-24,,,,,
서초구,11650,서초동,1458-6,11650-3221,서초지웰,84.74,7,2005,45000,80,2017-10-24,,,,,
서초구,11650,서초동,1467-97,11650-4,서초금호어울림,124.35,4,2001,60000,60,2017-10-25,,,,,
서초구,11650,서초동,1483-18,11650-3227,"더샾오데움(101,102동)",205.195,1,2005,145000,0,2017-10-26,,,,,
서초구,11650,서초동,1487-145,11650-3263,래미안서초3차,180.27,2,2005,20000,250,2017-10-13,,,,,
서초구,11650,서초동,1498-5,11650-4516,"마제스타시티(힐스테이트서리풀101,102동)",59.95,6,2017,70000,0,2017-10-28,,,,,
서초구,11650,서초동,1507-38,11650-3228,서초두산위브2,113.11,5,2005,85000,0,2017-10-12,,,,,
서초구,11650,서초동,1508-39,11650-1,갤러리하우스,121.03,1,2001,69000,0,2017-10-10,17.11~19.11,신규,,,
서초구,11650,서초동,1518-6,11650-755,서초대림빌라트,206.27,1,2004,105000,0,2017-10-13,,,,,
서초구,11650,서초동,1521-8,11650-3308,서초에스케이뷰,84.25,8,2006,69000,0,2017-10-28,,,,,
서초구,11650,서초동,1533,11650-44,서초한신리빙타워,42.55,14,1999,1000,105,2017-10-10,,,,,
서초구,11650,서초동,1542-1,11650-3339,동일하이빌,100.39,20,2006,85000,0,2017-10-30,,,,,
서초구,11650,서초동,1542-6,11650-601,현대ESA2,136.25,20,2003,80000,0,2017-10-16,,,,,
서초구,11650,서초동,1542-6,11650-601,현대ESA2,136.25,7,2003,75000,0,2017-10-23,,,,,
서초구,11650,서초동,1583-10,11650-3542,서초아트자이,165.5725,6,2009,115000,0,2017-10-30,,,,,
서초구,11650,서초동,1583-10,11650-3542,서초아트자이,267.1009,21,2009,160000,0,2017-10-26,,,,,
서초구,11650,서초동,1593-7,11650-521,서초이오빌,36.66,10,2003,1000,82,2017-10-18,17.10~18.10,신규,,,
서초구,11650,서초동,1593-7,11650-521,서초이오빌,36.66,12,2003,25000,0,2017-10-24,,,,,
서초구,11650,서초동,1593-7,11650-521,서초이오빌,36.66,17,2003,12000,50,2017-10-10,,,,,
서초구,11650,서초동,1593-7,11650-521,서초이오빌,36.66,24,2003,22000,0,2017-10-12,,,,,
서초구,11650,서초동,1593-7,11650-521,서초이오빌,45.96,19,2003,24000,0,2017-10-28,,,,,
서초구,11650,서초동,1593-7,11650-521,서초이오빌,45.96,3,2003,10000,50,2017-10-25,,,,,
서초구,11650,서초동,1607-15,11650-3031,풍림아이원(102동),117.13,2,2004,66000,0,2017-10-07,,,,,
서초구,11650,서초동,1616-10,11650-602,서초극동스타클래스,144.6,7,2003,51000,0,2017-10-31,,,,,
서초구,11650,서초동,1620-20,11650-833,서초동롯데캐슬리버티,84.99,2,2005,75000,0,2017-10-20,,,,,
서초구,11650,서초동,1622-9,11650-3753,SUITEHILL,20.466,2,2012,2000,65,2017-10-30,,,,,
서초구,11650,서초동,1622-9,11650-3753,SUITEHILL,20.466,3,2012,7000,30,2017-10-18,,,,,
서초구,11650,서초동,1622-9,11650-3753,SUITEHILL,20.466,4,2012,15000,0,2017-10-20,,,,,
서초구,11650,서초동,1625-7,11650-753,티에스프리우스,108.34,2,2004,65000,0,2017-10-12,,,,,
서초구,11650,서초동,1636-1,11650-45,서초한일,84.98,9,1997,10000,180,2017-10-28,,,,,
서초구,11650,서초동,1641-3,11650-607,대성유니드,95.55,2,2004,80000,0,2017-10-23,,,,,
서초구,11650,서초동,1648-2,11650-46,서초현대,54.45,11,1999,49000,0,2017-10-18,,,,,
서초구,11650,서초동,1648-2,11650-46,서초현대,54.45,6,1999,48000,0,2017-10-12,,,,,
서초구,11650,서초동,1656-4,11650-3568,롯데캐슬메디치,110.62,14,2010,30000,220,2017-10-16,,,,,
서초구,11650,서초동,1656-4,11650-3568,롯데캐슬메디치,124.18,11,2010,90000,0,2017-10-10,,,,,
서초구,11650,서초동,1668-1,11650-41,서초태동스위트,111.28,7,2001,7000,190,2017-10-30,,,,,
서초구,11650,서초동,1671-5,11650-605,대림서초리시온,49.92,6,2003,17000,30,2017-10-09,,,,,
서초구,11650,서초동,1671-5,11650-605,대림서초리시온,49.92,8,2003,1000,130,2017-10-20,,,,,
서초구,11650,서초동,1675-11,11650-606,서초대우아이빌,37.777,7,2003,26000,0,2017-10-15,,,,,
서초구,11650,서초동,1682,11650-523,서초래미안,111.32,10,2003,91500,0,2017-10-27,,,,,
서초구,11650,서초동,1682,11650-523,서초래미안,111.32,12,2003,80000,55,2017-10-10,,,,,
서초구,11650,서초동,1682,11650-523,서초래미안,111.32,2,2003,20000,250,2017-10-21,,,,,
서초구,11650,서초동,1682,11650-523,서초래미안,111.32,22,2003,70000,140,2017-10-21,,,,,
서초구,11650,서초동,1682,11650-523,서초래미안,111.32,5,2003,100000,0,2017-10-17,,,,,
서초구,11650,서초동,1682,11650-523,서초래미안,126.31,10,2003,114000,0,2017-10-29,,,,,
서초구,11650,서초동,1682,11650-523,서초래미안,126.31,10,2003,70000,130,2017-10-24,,,,,
서초구,11650,서초동,1682,11650-523,서초래미안,84.95,18,2003,80000,0,2017-10-20,,,,,
서초구,11650,서초동,1682,11650-523,서초래미안,84.95,2,2003,70000,0,2017-10-14,,,,,
서초구,11650,서초동,1682,11650-523,서초래미안,84.97,13,2003,73000,0,2017-10-12,,,,,
서초구,11650,서초동,1684,11650-30,서초4현대,84.96,8,2000,77000,0,2017-10-24,,,,,
서초구,11650,서초동,1685,11650-28,삼풍아파트,130.23,7,1988,30000,240,2017-10-19,,,,,
서초구,11650,서초동,1685,11650-28,삼풍아파트,130.73,1,1988,102000,0,2017-10-13,,,,,
서초구,11650,서초동,1685,11650-28,삼풍아파트,163.81,1,1988,110000,0,2017-10-28,,,,,
서초구,11650,서초동,1685,11650-28,삼풍아파트,163.81,5,1988,120000,0,2017-10-13,,,,,
서초구,11650,서초동,1685,11650-28,삼풍아파트,79.47,1,1988,60000,0,2017-10-16,,,,,
서초구,11650,서초동,1685,11650-28,삼풍아파트,79.47,1,1988,60000,0,2017-10-30,,,,,
서초구,11650,서초동,1685,11650-28,삼풍아파트,79.47,10,1988,40000,90,2017-10-21,,,,,
서초구,11650,서초동,1685,11650-28,삼풍아파트,79.47,10,1988,65000,0,2017-10-28,,,,,
서초구,11650,서초동,1685,11650-28,삼풍아파트,79.47,2,1988,69000,0,2017-10-10,,,,,
서초구,11650,서초동,1685,11650-28,삼풍아파트,79.47,5,1988,65000,0,2017-10-11,,,,,
서초구,11650,서초동,1685,11650-28,삼풍아파트,79.47,5,1988,65000,0,2017-10-16,,,,,
서초구,11650,서초동,1685,11650-28,삼풍아파트,79.47,7,1988,62000,0,2017-10-13,,,,,
서초구,11650,서초동,1685,11650-28,삼풍아파트,79.47,7,1988,70000,0,2017-10-25,,,,,
서초구,11650,서초동,1685,11650-28,삼풍아파트,79.47,8,1988,65000,0,2017-10-22,,,,,
서초구,11650,서초동,1685,11650-28,삼풍아파트,79.47,9,1988,60000,0,2017-10-26,,,,,
서초구,11650,서초동,1685,11650-28,삼풍아파트,79.47,9,1988,60000,0,2017-10-28,,,,,
서초구,11650,서초동,1685-3,11650-724,아크로비스타,134.97,13,2004,110000,0,2017-10-21,,,,,
서초구,11650,서초동,1685-3,11650-724,아크로비스타,138.96,13,2004,120000,0,2017-10-13,,,,,
서초구,11650,서초동,1685-3,11650-724,아크로비스타,138.96,3,2004,120000,0,2017-10-21,,,,,
서초구,11650,서초동,1685-3,11650-724,아크로비스타,152.33,16,2004,80000,200,2017-10-11,,,,,
서초구,11650,서초동,1685-3,11650-724,아크로비스타,152.33,9,2004,95000,0,2017-10-17,,,,,
서초구,11650,서초동,1685-3,11650-724,아크로비스타,174.78,21,2004,160000,0,2017-10-16,,,,,
서초구,11650,서초동,1685-3,11650-724,아크로비스타,205.07,28,2004,100000,0,2017-10-13,,,,,
서초구,11650,서초동,1685-3,11650-724,아크로비스타,205.07,8,2004,15000,550,2017-10-27,,,,,
서초구,11650,서초동,1686-9,11650-3579,서초교대e편한세상,110.32,14,2010,90000,0,2017-10-24,,,,,
서초구,11650,서초동,1686-9,11650-3579,서초교대e편한세상,110.32,17,2010,88000,100,2017-10-30,,,,,
서초구,11650,서초동,1686-9,11650-3579,서초교대e편한세상,136.44,13,2010,125000,0,2017-10-25,,,,,
서초구,11650,서초동,1687,11650-62,유원서초,84.82,10,1993,70000,0,2017-10-14,,,,,
서초구,11650,서초동,1687,11650-62,유원서초,84.82,13,1993,30000,90,2017-10-16,,,,,
서초구,11650,서초동,1687,11650-62,유원서초,84.82,13,1993,72000,0,2017-10-28,,,,,
서초구,11650,서초동,1687,11650-62,유원서초,84.82,14,1993,49000,0,2017-10-26,,,,,
서초구,11650,서초동,1687,11650-62,유원서초,84.82,17,1993,71000,0,2017-10-23,,,,,
서초구,11650,서초동,1687,11650-62,유원서초,84.82,18,1993,65000,0,2017-10-19,,,,,
서초구,11650,서초동,1687,11650-62,유원서초,84.82,4,1993,58000,0,2017-10-09,,,,,
서초구,11650,서초동,1687,11650-62,유원서초,84.82,6,1993,65000,0,2017-10-28,,,,,
서초구,11650,서초동,1687,11650-62,유원서초,84.82,7,1993,69000,0,2017-10-27,,,,,
서초구,11650,서초동,1687,11650-62,유원서초,84.82,8,1993,64000,0,2017-10-18,,,,,
서초구,11650,서초동,1687,11650-62,유원서초,84.87,7,1993,23000,0,2017-10-13,,,,,
서초구,11650,신원동,557,11650-4103,힐스테이트서초젠트리스,84.95,5,2014,61000,0,2017-10-11,,,,,
서초구,11650,신원동,557,11650-4103,힐스테이트서초젠트리스,84.95,7,2014,30000,160,2017-10-24,,,,,
서초구,11650,신원동,568,11650-4040,서초포레스타3단지,114.81,1,2014,70000,0,2017-10-31,,,,,
서초구,11650,신원동,568,11650-4040,서초포레스타3단지,59.96,5,2014,53000,0,2017-10-18,,,,,
서초구,11650,신원동,579,11650-4026,서초포레스타5단지,101.35,3,2014,70000,0,2017-10-19,,,,,
서초구,11650,신원동,579,11650-4026,서초포레스타5단지,84.4,5,2014,65000,0,2017-10-28,,,,,
서초구,11650,신원동,615,11650-3954,서초포레스타7단지,59.81,6,2013,54000,0,2017-10-14,,,,,
서초구,11650,신원동,615,11650-3954,서초포레스타7단지,84.33,2,2013,65000,0,2017-10-28,,,,,
서초구,11650,신원동,619,11650-4140,서초포레스타6단지,54.84,4,2015,23388,0,2017-10-24,,,,,
서초구,11650,신원동,619,11650-4140,서초포레스타6단지,54.97,7,2015,23388,0,2017-10-25,,,,,
서초구,11650,신원동,619,11650-4140,서초포레스타6단지,84.33,4,2015,63000,0,2017-10-13,,,,,
서초구,11650,신원동,619,11650-4140,서초포레스타6단지,84.33,7,2015,65000,0,2017-10-30,,,,,
서초구,11650,양재동,137-1,11650-433,우성112,84.58,4,1991,52000,0,2017-10-26,,,,,
서초구,11650,양재동,137-1,11650-433,우성112,84.91,9,1991,43000,0,2017-10-30,,,,,
서초구,11650,양재동,154-2,11650-440,우성,73.15,13,1991,45000,0,2017-10-13,,,,,
서초구,11650,양재동,154-2,11650-440,우성,73.15,2,1991,45000,0,2017-10-27,,,,,
서초구,11650,양재동,154-2,11650-440,우성,73.15,4,1991,5000,130,2017-10-25,,,,,
서초구,11650,양재동,154-2,11650-440,우성,84.58,12,1991,40000,50,2017-10-15,,,,,
서초구,11650,양재동,154-2,11650-440,우성,84.58,14,1991,54000,0,2017-10-09,,,,,
서초구,11650,양재동,154-2,11650-440,우성,84.58,6,1991,30000,70,2017-10-27,,,,,
서초구,11650,양재동,154-2,11650-440,우성,84.58,7,1991,55000,0,2017-10-24,,,,,
서초구,11650,양재동,154-2,11650-440,우성,84.88,13,1991,55000,0,2017-10-10,,,,,
서초구,11650,양재동,154-2,11650-440,우성,84.88,15,1991,3000,180,2017-10-19,,,,,
서초구,11650,양재동,154-2,11650-440,우성,84.88,2,1991,38000,55,2017-10-19,,,,,
서초구,11650,양재동,154-2,11650-440,우성,84.88,5,1991,51000,0,2017-10-16,,,,,
서초구,11650,양재동,154-2,11650-440,우성,84.91,6,1991,55000,0,2017-10-16,,,,,
서초구,11650,양재동,16-21,11650-581,비젼(103),96.77,5,2003,44000,30,2017-10-08,,,,,
서초구,11650,양재동,160-2,11650-488,우성KBS(113동),84.69,3,1996,41000,0,2017-10-27,,,,,
서초구,11650,양재동,206-8,11650-430,아원데코빌,135.1,3,2001,48000,0,2017-10-12,,,,,
서초구,11650,양재동,212,11650-4047,양재리본타워2단지,84.97,12,2014,35595,0,2017-10-30,,,,,
서초구,11650,양재동,212,11650-4047,양재리본타워2단지,84.97,31,2014,39750,0,2017-10-18,17.10~19.10,신규,,,
서초구,11650,양재동,312-3,11650-669,서초파크빌,71.5,5,2000,33000,0,2017-10-24,,,,,
서초구,11650,양재동,391-12,11650-676,리치스,84.68,4,2001,50000,0,2017-10-25,,,,,
서초구,11650,양재동,402-10,11650-679,새티스(402-10),56.34,6,2001,31000,0,2017-10-18,,,,,
서초구,11650,양재동,7-17,11650-664,광정,75.8,2,2004,40000,0,2017-10-19,,,,,
서초구,11650,양재동,90,11650-461,신영체르니,39.1,5,2002,30000,0,2017-10-18,,,,,
서초구,11650,우면동,57,11650-479,대림,130.89,1,1995,70000,0,2017-10-18,,,,,
서초구,11650,우면동,57,11650-479,대림,130.89,10,1995,70000,0,2017-10-28,,,,,
서초구,11650,우면동,59,11650-480,동고,77.14,13,1995,5000,150,2017-10-26,,,,,
서초구,11650,우면동,59,11650-480,동고,77.14,14,1995,49000,0,2017-10-10,,,,,
서초구,11650,우면동,59,11650-480,동고,77.14,6,1995,50000,0,2017-10-31,,,,,
서초구,11650,우면동,59,11650-480,동고,84.96,2,1995,48000,0,2017-10-17,,,,,
서초구,11650,우면동,67,11650-483,한라,59.98,2,1994,38000,0,2017-10-28,,,,,
서초구,11650,우면동,67,11650-483,한라,59.98,4,1994,10000,100,2017-10-17,17.11~19.11,신규,,,
서초구,11650,우면동,70,11650-482,코오롱,52.47,1,1994,3000,95,2017-10-13,,,,,
서초구,11650,우면동,70,11650-482,코오롱,52.47,5,1994,39000,0,2017-10-30,,,,,
서초구,11650,우면동,70,11650-482,코오롱,52.47,6,1994,40000,0,2017-10-17,,,,,
서초구,11650,우면동,707,11650-3863,서초네이처힐1단지,114.71,3,2012,50000,100,2017-10-26,,,,,
서초구,11650,우면동,707,11650-3863,서초네이처힐1단지,49.87,4,2012,25200,0,2017-10-30,,,,,
서초구,11650,우면동,712,11650-3748,서초네이처힐2단지,59.99,2,2012,16913,0,2017-10-30,,,,,
서초구,11650,우면동,717,11650-3864,서초네이처힐3단지,84.77,3,2013,47250,0,2017-10-18,,,,,
서초구,11650,우면동,717,11650-3864,서초네이처힐3단지,84.84,10,2013,67500,0,2017-10-25,17.12~19.12,신규,,,
서초구,11650,우면동,717,11650-3864,서초네이처힐3단지,84.84,14,2013,65000,0,2017-10-24,,,,,
서초구,11650,우면동,717,11650-3864,서초네이처힐3단지,84.84,5,2013,55000,50,2017-10-27,,,,,
서초구,11650,우면동,717,11650-3864,서초네이처힐3단지,84.84,9,2013,68000,0,2017-10-26,,,,,
서초구,11650,우면동,720,11650-3704,서초네이처힐4단지,59.99,13,2011,13622,0,2017-10-26,,,,,
서초구,11650,우면동,720,11650-3704,서초네이처힐4단지,84.61,9,2011,64000,0,2017-10-16,,,,,
서초구,11650,우면동,720,11650-3704,서초네이처힐4단지,84.84,10,2011,63000,0,2017-10-31,,,,,
서초구,11650,우면동,730,11650-3702,서초네이처힐5단지,114.95,11,2011,38808,0,2017-10-31,,,,,
서초구,11650,우면동,730,11650-3702,서초네이처힐5단지,114.95,11,2011,58125,0,2017-10-31,,,,,
서초구,11650,우면동,730,11650-3702,서초네이처힐5단지,114.95,14,2011,58425,0,2017-10-31,,,,,
서초구,11650,우면동,737,11650-3874,서초네이처힐6단지,59.99,5,2013,55000,0,2017-10-15,,,,,
서초구,11650,우면동,737,11650-3874,서초네이처힐6단지,84.77,12,2013,69000,0,2017-10-28,,,,,
서초구,11650,우면동,737,11650-3874,서초네이처힐6단지,84.77,12,2013,72450,0,2017-10-28,,,,,
서초구,11650,우면동,753,11650-3963,서초호반써밋,101.0482,1,2013,20000,170,2017-10-14,,,,,
서초구,11650,우면동,753,11650-3963,서초호반써밋,101.0482,1,2013,68000,0,2017-10-15,,,,,
서초구,11650,우면동,753,11650-3963,서초호반써밋,101.0482,5,2013,60000,15,2017-10-27,,,,,
서초구,11650,우면동,753,11650-3963,서초호반써밋,118.1321,13,2013,75000,15,2017-10-20,,,,,
서초구,11650,우면동,753,11650-3963,서초호반써밋,118.1321,4,2013,40000,0,2017-10-21,,,,,
서초구,11650,우면동,764,11650-4065,우솔마을서초리슈빌S아파트,21.5893,8,2014,1000,65,2017-10-21,,,,,
서초구,11650,우면동,773,11650-3821,서초힐스,59.89,3,2012,52000,0,2017-10-18,,,,,
서초구,11650,우면동,773,11650-3821,서초힐스,59.97,12,2012,53000,0,2017-10-26,,,,,
서초구,11650,우면동,773,11650-3821,서초힐스,59.97,12,2012,54000,0,2017-10-28,17.12~19.12,신규,,,
서초구,11650,우면동,773,11650-3821,서초힐스,59.97,14,2012,45000,0,2017-10-30,,,,,
서초구,11650,우면동,773,11650-3821,서초힐스,74.97,3,2012,60000,0,2017-10-11,,,,,
서초구,11650,우면동,773,11650-3821,서초힐스,84.95,17,2012,63000,0,2017-10-24,,,,,
서초구,11650,우면동,773,11650-3821,서초힐스,84.95,7,2012,64000,0,2017-10-17,,,,,
서초구,11650,우면동,773,11650-3821,서초힐스,84.96,21,2012,64000,0,2017-10-19,,,,,
서초구,11650,우면동,773,11650-3821,서초힐스,84.97,5,2012,65000,0,2017-10-11,,,,,
서초구,11650,우면동,773,11650-3821,서초힐스,84.97,7,2012,65000,0,2017-10-15,,,,,
서초구,11650,우면동,784,11650-3966,엘에이치서초3단지,36.87,5,2013,4814,11,2017-10-25,,,,,
서초구,11650,우면동,784,11650-3966,엘에이치서초3단지,59.94,17,2013,20486,0,2017-10-26,,,,,
서초구,11650,우면동,789,11650-3976,호반써밋서초파크뷰,59.93,12,2013,33000,0,2017-10-10,,,,,
서초구,11650,우면동,789,11650-3976,호반써밋서초파크뷰,59.99,11,2013,49000,0,2017-10-19,,,,,
서초구,11650,우면동,789,11650-3976,호반써밋서초파크뷰,84.95,13,2013,56000,0,2017-10-23,,,,,
서초구,11650,우면동,789,11650-3976,호반써밋서초파크뷰,84.95,9,2013,10000,150,2017-10-27,,,,,
서초구,11650,우면동,789,11650-3976,호반써밋서초파크뷰,84.99,14,2013,59500,0,2017-10-25,,,,,
서초구,11650,잠원동,157,11650-102,동아,59.8,1,2002,20000,100,2017-10-17,,,,,
서초구,11650,잠원동,157,11650-102,동아,59.8,2,2002,59000,0,2017-10-26,,,,,
서초구,11650,잠원동,157,11650-102,동아,59.92,10,2002,10000,160,2017-10-27,,,,,
서초구,11650,잠원동,157,11650-102,동아,59.92,16,2002,63000,0,2017-10-10,,,,,
서초구,11650,잠원동,157,11650-102,동아,59.92,9,2002,3000,175,2017-10-28,,,,,
서초구,11650,잠원동,157,11650-102,동아,84.91,11,2002,50000,90,2017-10-28,,,,,
서초구,11650,잠원동,157,11650-102,동아,84.91,16,2002,75000,0,2017-10-30,,,,,
서초구,11650,잠원동,157,11650-102,동아,84.91,19,2002,15000,210,2017-10-21,,,,,
서초구,11650,잠원동,157,11650-102,동아,84.91,20,2002,50000,80,2017-10-23,,,,,
서초구,11650,잠원동,157,11650-102,동아,84.91,20,2002,80000,0,2017-10-22,,,,,
서초구,11650,잠원동,158,11650-4439,래미안신반포팰리스,133.02,4,2016,40000,420,2017-10-25,,,,,
서초구,11650,잠원동,158,11650-4439,래미안신반포팰리스,59.99,14,2016,54670,0,2017-10-31,,,,,
서초구,11650,잠원동,158,11650-4439,래미안신반포팰리스,59.99,6,2016,54670,0,2017-10-31,,,,,
서초구,11650,잠원동,158,11650-4439,래미안신반포팰리스,84.46,25,2016,60000,130,2017-10-14,,,,,
서초구,11650,잠원동,158,11650-4439,래미안신반포팰리스,84.49,11,2016,80000,110,2017-10-18,,,,,
서초구,11650,잠원동,32-22,11650-105,보미리아파트,84.94,10,2001,55000,0,2017-10-13,,,,,
서초구,11650,잠원동,33-11,11650-135,월드메르디앙,116.42,2,2002,76000,0,2017-10-17,,,,,
서초구,11650,잠원동,42-13,11650-101,대우아이빌,34.72,8,2001,26000,0,2017-10-30,,,,,
서초구,11650,잠원동,42-13,11650-101,대우아이빌,35.38,7,2001,30000,0,2017-10-31,,,,,
서초구,11650,잠원동,49-17,11650-115,신반포18(49-17),50.64,10,1983,29000,0,2017-10-22,,,,,
서초구,11650,잠원동,49-17,11650-115,신반포18(49-17),50.64,13,1983,24000,0,2017-10-20,,,,,
서초구,11650,잠원동,49-8,11650-144,한강,76.68,4,1989,52000,0,2017-10-11,17.11~19.11,신규,,,
서초구,11650,잠원동,49-8,11650-144,한강,84.53,10,1989,50000,55,2017-10-12,,,,,
서초구,11650,잠원동,49-8,11650-144,한강,84.53,2,1989,3000,180,2017-10-12,,,,,
서초구,11650,잠원동,49-8,11650-144,한강,84.53,7,1989,30000,95,2017-10-13,,,,,
서초구,11650,잠원동,49-8,11650-144,한강,84.53,7,1989,62000,0,2017-10-14,,,,,
서초구,11650,잠원동,49-8,11650-144,한강,84.53,8,1989,20000,120,2017-10-13,,,,,
서초구,11650,잠원동,49-8,11650-144,한강,84.53,9,1989,50000,40,2017-10-25,,,,,
서초구,11650,잠원동,49-8,11650-144,한강,84.53,9,1989,50000,40,2017-10-26,,,,,
서초구,11650,잠원동,50-1,11650-682,롯데캐슬갤럭시(50-1),132.78,18,2004,115000,0,2017-10-13,,,,,
서초구,11650,잠원동,50-5,11650-110,신반포12,105.36,3,1982,5000,160,2017-10-21,,,,,
서초구,11650,잠원동,51,11650-154,훼미리,84.83,14,1992,40000,65,2017-10-10,,,,,
서초구,11650,잠원동,51,11650-154,훼미리,84.83,2,1992,60000,0,2017-10-31,,,,,
서초구,11650,잠원동,51,11650-154,훼미리,84.9,2,1992,62000,0,2017-10-13,,,,,
서초구,11650,잠원동,52-2,11650-111,신반포13,106.72,11,1981,50000,0,2017-10-13,,,,,
서초구,11650,잠원동,53,11650-152,현대,84.87,9,1993,5000,190,2017-10-26,,,,,
서초구,11650,잠원동,53-15,11650-97,강변,66.29,14,1987,54000,0,2017-10-24,,,,,
서초구,11650,잠원동,53-15,11650-97,강변,66.29,15,1987,2000,160,2017-10-18,,,,,
서초구,11650,잠원동,53-15,11650-97,강변,66.29,5,1987,54000,0,2017-10-20,,,,,
서초구,11650,잠원동,53-15,11650-97,강변,66.29,9,1987,10000,125,2017-10-16,,,,,
서초구,11650,잠원동,53-15,11650-97,강변,84.53,4,1987,68000,0,2017-10-23,,,,,
서초구,11650,잠원동,53-15,11650-97,강변,84.53,8,1987,5000,170,2017-10-19,,,,,
서초구,11650,잠원동,55-12,11650-113,신반포16,52.26,7,1983,2000,100,2017-10-15,,,,,
서초구,11650,잠원동,55-12,11650-113,신반포16,52.32,11,1983,27000,0,2017-10-18,,,,,
서초구,11650,잠원동,55-12,11650-113,신반포16,52.32,7,1983,2000,90,2017-10-02,,,,,
서초구,11650,잠원동,55-7,11650-136,청구빌라트,242.16,6,1996,130000,0,2017-10-10,,,,,
서초구,11650,잠원동,56-2,11650-124,신반포27,53.46,6,1985,30000,0,2017-10-16,,,,,
서초구,11650,잠원동,56-2,11650-124,신반포27,84.49,6,1985,60000,0,2017-10-16,,,,,
서초구,11650,잠원동,56-2,11650-124,신반포27,84.49,9,1985,55000,0,2017-10-13,,,,,
서초구,11650,잠원동,56-3,11650-145,한신,84.52,13,1992,82000,0,2017-10-21,,,,,
서초구,11650,잠원동,56-3,11650-145,한신,84.52,3,1992,78000,0,2017-10-28,,,,,
서초구,11650,잠원동,56-3,11650-145,한신,84.52,3,1992,78000,0,2017-10-28,,,,,
서초구,11650,잠원동,56-3,11650-145,한신,84.52,5,1992,5000,220,2017-10-30,,,,,
서초구,11650,잠원동,58,11650-156,금호베스트빌,140.36,6,2002,110000,0,2017-10-26,,,,,
서초구,11650,잠원동,58-16,11650-108,신반포10,53.88,10,1981,1000,85,2017-10-11,,,,,
서초구,11650,잠원동,58-16,11650-108,신반포10,53.88,3,1981,28000,0,2017-10-19,,,,,
서초구,11650,잠원동,58-16,11650-108,신반포10,54.03,10,1981,16000,50,2017-10-28,,,,,
서초구,11650,잠원동,58-16,11650-108,신반포10,54.03,9,1981,15000,45,2017-10-28,,,,,
서초구,11650,잠원동,58-16,11650-108,신반포10,54.03,9,1981,31000,0,2017-10-28,,,,,
서초구,11650,잠원동,58-16,11650-108,신반포10,54.11,12,1981,20000,16,2017-10-14,,,,,
서초구,11650,잠원동,58-16,11650-108,신반포10,54.11,4,1981,24000,0,2017-10-14,,,,,
서초구,11650,잠원동,58-16,11650-108,신반포10,54.11,5,1981,26000,15,2017-10-16,,,,,
서초구,11650,잠원동,58-16,11650-108,신반포10,76.32,11,1981,3000,115,2017-10-27,,,,,
서초구,11650,잠원동,58-16,11650-108,신반포10,76.32,7,1981,41500,20,2017-10-24,,,,,
서초구,11650,잠원동,58-24,11650-109,신반포11,110.42,11,1981,50000,0,2017-10-27,,,,,
서초구,11650,잠원동,58-24,11650-109,신반포11,76.4,3,1981,41000,0,2017-10-28,,,,,
서초구,11650,잠원동,58-24,11650-109,신반포11,76.4,4,1981,40000,0,2017-10-05,,,,,
서초구,11650,잠원동,58-24,11650-109,신반포11,76.4,5,1981,33000,0,2017-10-21,,,,,
서초구,11650,잠원동,58-24,11650-109,신반포11,76.4,7,1981,38000,0,2017-10-28,,,,,
서초구,11650,잠원동,58-24,11650-109,신반포11,76.4,9,1981,36000,0,2017-10-20,,,,,
서초구,11650,잠원동,59-12,11650-98,노블레스,152.78,4,2000,76000,0,2017-10-26,,,,,
서초구,11650,잠원동,60-3,11650-129,신반포8,141.53,11,1981,60000,70,2017-10-10,,,,,
서초구,11650,잠원동,60-3,11650-129,신반포8,141.83,2,1981,75000,0,2017-10-19,,,,,
서초구,11650,잠원동,60-3,11650-129,신반포8,52.74,10,1981,10000,60,2017-10-10,,,,,
서초구,11650,잠원동,60-3,11650-129,신반포8,52.74,2,1981,3000,75,2017-10-16,,,,,
서초구,11650,잠원동,60-3,11650-129,신반포8,52.74,7,1981,30000,0,2017-10-14,,,,,
서초구,11650,잠원동,60-3,11650-129,신반포8,52.74,9,1981,29000,0,2017-10-12,,,,,
서초구,11650,잠원동,60-3,11650-129,신반포8,53.06,1,1981,1500,75,2017-10-31,,,,,
서초구,11650,잠원동,60-3,11650-129,신반포8,54.8,11,1981,2000,80,2017-10-10,,,,,
서초구,11650,잠원동,60-6,11650-130,신반포9,75.95,10,1981,3000,130,2017-10-17,,,,,
서초구,11650,잠원동,60-6,11650-130,신반포9,75.95,10,1981,3000,130,2017-10-30,,,,,
서초구,11650,잠원동,60-6,11650-130,신반포9,75.95,3,1981,45000,0,2017-10-14,,,,,
서초구,11650,잠원동,60-6,11650-130,신반포9,75.95,5,1981,40000,0,2017-10-17,,,,,
서초구,11650,잠원동,60-6,11650-130,신반포9,75.95,7,1981,20000,40,2017-10-11,,,,,
서초구,11650,잠원동,60-7,11650-99,녹원한신,84.75,9,1995,60000,0,2017-10-30,,,,,
서초구,11650,잠원동,63-2,11650-141,신반포청구,59.91,4,1998,5000,150,2017-10-31,,,,,
서초구,11650,잠원동,63-2,11650-141,신반포청구,84.86,10,1998,80000,0,2017-10-17,,,,,
서초구,11650,잠원동,63-2,11650-141,신반포청구,84.86,13,1998,78000,0,2017-10-14,,,,,
서초구,11650,잠원동,63-2,11650-141,신반포청구,84.86,3,1998,20000,165,2017-10-26,,,,,
서초구,11650,잠원동,65-33,11650-120,신반포22,117.15,4,1983,30000,100,2017-10-30,,,,,
서초구,11650,잠원동,65-8,11650-146,한신그린,84.89,10,1993,65000,0,2017-10-24,,,,,
서초구,11650,잠원동,65-8,11650-146,한신그린,84.89,14,1993,30000,120,2017-10-24,,,,,
서초구,11650,잠원동,65-8,11650-146,한신그린,84.89,14,1993,69000,0,2017-10-11,,,,,
서초구,11650,잠원동,65-8,11650-146,한신그린,84.89,8,1993,65000,0,2017-10-19,,,,,
서초구,11650,잠원동,67-1,11650-3450,데뜨아르,84.99,12,2008,65000,0,2017-10-27,,,,,
서초구,11650,잠원동,67-1,11650-3450,데뜨아르,84.99,5,2008,65000,0,2017-10-27,,,,,
서초구,11650,잠원동,70,11650-125,신반포4,100.11,4,1979,26000,80,2017-10-16,,,,,
서초구,11650,잠원동,70,11650-125,신반포4,100.11,4,1979,60000,0,2017-10-23,,,,,
서초구,11650,잠원동,70,11650-125,신반포4,100.11,5,1979,59000,0,2017-10-21,,,,,
서초구,11650,잠원동,70,11650-125,신반포4,105.89,3,1979,7000,165,2017-10-28,,,,,
서초구,11650,잠원동,70,11650-125,신반포4,137.1,6,1979,78000,0,2017-10-21,,,,,
서초구,11650,잠원동,70,11650-125,신반포4,96.48,11,1979,5000,185,2017-10-10,,,,,
서초구,11650,잠원동,70,11650-125,신반포4,96.48,3,1979,35000,50,2017-10-27,,,,,
서초구,11650,잠원동,70,11650-125,신반포4,96.48,4,1979,5000,160,2017-10-17,,,,,
서초구,11650,잠원동,70,11650-125,신반포4,96.48,9,1979,55000,0,2017-10-19,,,,,
서초구,11650,잠원동,70,11650-125,신반포4,96.78,1,1979,53000,0,2017-10-21,,,,,
서초구,11650,잠원동,71-1,11650-106,블루힐하우스,59.85,11,1999,63000,0,2017-10-13,,,,,
서초구,11650,잠원동,71-1,11650-106,블루힐하우스,84.54,7,1999,65000,35,2017-10-28,,,,,
서초구,11650,잠원동,71-11,11650-150,한신타워,59.4,14,1996,55000,0,2017-10-02,,,,,
서초구,11650,잠원동,71-11,11650-150,한신타워,59.81,7,1996,50000,0,2017-10-28,,,,,
서초구,11650,잠원동,71-11,11650-150,한신타워,66.02,1,1996,35000,50,2017-10-27,,,,,
서초구,11650,잠원동,71-11,11650-150,한신타워,66.02,1,1996,5000,150,2017-10-25,,,,,
서초구,11650,잠원동,71-11,11650-150,한신타워,68.09,2,1996,40000,70,2017-10-14,,,,,
서초구,11650,잠원동,71-12,11650-142,킴스빌리지,30.18,4,1996,28000,0,2017-10-13,,,,,
서초구,11650,잠원동,71-12,11650-142,킴스빌리지,30.18,7,1996,28000,0,2017-10-20,,,,,
서초구,11650,잠원동,71-8,11650-4533,잠원시티아파트,21.17,11,2017,45000,0,2017-10-25,,,,,
서초구,11650,잠원동,73,11650-117,신반포2,107.31,10,1978,65000,0,2017-10-18,,,,,
서초구,11650,잠원동,73,11650-117,신반포2,107.31,11,1978,60000,0,2017-10-13,,,,,
서초구,11650,잠원동,73,11650-117,신반포2,137.66,1,1978,80000,0,2017-10-31,,,,,
서초구,11650,잠원동,73,11650-117,신반포2,137.66,6,1978,10000,200,2017-10-10,,,,,
서초구,11650,잠원동,73,11650-117,신반포2,68.91,1,1978,30000,0,2017-10-25,,,,,
서초구,11650,잠원동,73,11650-117,신반포2,68.91,12,1978,34000,0,2017-10-21,,,,,
서초구,11650,잠원동,73,11650-117,신반포2,68.91,3,1978,37000,0,2017-10-11,,,,,
서초구,11650,잠원동,73,11650-117,신반포2,68.91,6,1978,35000,0,2017-10-27,,,,,
서초구,11650,잠원동,73,11650-117,신반포2,79.42,2,1978,35000,0,2017-10-19,,,,,
서초구,11650,잠원동,73,11650-117,신반포2,79.42,3,1978,38000,0,2017-10-23,,,,,
서초구,11650,잠원동,73,11650-117,신반포2,79.42,3,1978,38000,0,2017-10-26,17.12~19.12,갱신,,38000,
서초구,11650,잠원동,73,11650-117,신반포2,79.42,6,1978,41000,0,2017-10-23,,,,,
서초구,11650,잠원동,73,11650-117,신반포2,79.42,7,1978,40000,0,2017-10-13,17.10~19.10,갱신,,40000,
서초구,11650,잠원동,73,11650-117,신반포2,79.42,7,1978,40000,0,2017-10-13,17.10~19.10,신규,,,
서초구,11650,잠원동,73,11650-117,신반포2,79.42,7,1978,40000,0,2017-10-16,,,,,
서초구,11650,잠원동,73,11650-117,신반포2,92.2,11,1978,35000,50,2017-10-12,,,,,
서초구,11650,잠원동,73,11650-117,신반포2,93.71,10,1978,55000,0,2017-10-14,,,,,
서초구,11650,잠원동,73,11650-117,신반포2,93.71,6,1978,30000,65,2017-10-24,,,,,
서초구,11650,잠원동,73,11650-117,신반포2,93.71,8,1978,45000,0,2017-10-19,,,,,
서초구,11650,잠원동,73,11650-117,신반포2,93.71,8,1978,50000,0,2017-10-24,,,,,
서초구,11650,잠원동,74,11650-112,신반포14,104.74,10,1983,50000,0,2017-10-30,,,,,
서초구,11650,잠원동,74,11650-112,신반포14,104.74,3,1983,32000,0,2017-10-16,,,,,
서초구,11650,잠원동,74-1,11650-134,우성,116.39,8,1978,52000,0,2017-10-26,,,,,
성동구,11200,금호동1가,1500,11200-31,금호삼성래미안,59.95,1,2001,58000,0,2017-10-27,17.11~19.11,신규,,,
성동구,11200,금호동1가,1500,11200-31,금호삼성래미안,59.95,9,2001,3000,125,2017-10-08,,,,,
성동구,11200,금호동1가,633,11200-32,벽산,114.57,1,2001,49000,0,2017-10-14,,,,,
성동구,11200,금호동1가,633,11200-32,벽산,114.57,10,2001,46000,15,2017-10-12,,,,,
성동구,11200,금호동1가,633,11200-32,벽산,59.9,2,2001,2000,120,2017-10-31,,,,,
성동구,11200,금호동1가,633,11200-32,벽산,59.9,3,2001,34000,0,2017-10-15,,,,,
성동구,11200,금호동1가,633,11200-32,벽산,59.9,3,2001,36000,0,2017-10-27,,,,,
성동구,11200,금호동1가,633,11200-32,벽산,59.9,9,2001,34000,0,2017-10-13,,,,,
성동구,11200,금호동1가,633,11200-32,벽산,84.82,12,2001,40000,0,2017-10-11,,,,,
성동구,11200,금호동2가,1,11200-3086,신금호파크자이,59.98,17,2016,22000,110,2017-10-14,,,,,
성동구,11200,금호동2가,1,11200-3086,신금호파크자이,84.98,10,2016,68000,0,2017-10-16,17.12~19.12,신규,,,
성동구,11200,금호동2가,1215,11200-2938,금호자이1차,117.18,7,2012,63000,0,2017-10-26,,,,,
성동구,11200,금호동2가,1215,11200-2938,금호자이1차,84.97,8,2012,62000,0,2017-10-19,,,,,
성동구,11200,금호동2가,1217,11200-2944,래미안하이리버,59.99,11,2012,20000,120,2017-10-25,,,,,
성동구,11200,금호동2가,1217,11200-2944,래미안하이리버,59.99,18,2012,49000,0,2017-10-13,,,,,
성동구,11200,금호동2가,1217,11200-2944,래미안하이리버,59.99,20,2012,50000,0,2017-10-19,17.10~19.10,신규,,,
성동구,11200,금호동2가,1217,11200-2944,래미안하이리버,59.99,3,2012,3000,160,2017-10-13,,,,,
성동구,11200,금호동2가,1217,11200-2944,래미안하이리버,84.97,4,2012,10000,170,2017-10-20,,,,,
성동구,11200,금호동2가,1217,11200-2944,래미안하이리버,84.98,14,2012,10000,170,2017-10-25,,,,,
성동구,11200,금호동3가,1331,11200-34,두산,116.81,8,1994,42000,0,2017-10-27,,,,,
성동구,11200,금호동3가,1331,11200-34,두산,79.08,1,1994,15000,85,2017-10-23,,,,,
성동구,11200,금호동3가,1331,11200-34,두산,79.08,11,1994,38000,0,2017-10-14,,,,,
성동구,11200,금호동3가,1331,11200-34,두산,79.08,14,1994,38000,0,2017-10-14,,,,,
성동구,11200,금호동3가,1331,11200-34,두산,79.08,5,1994,36000,0,2017-10-27,,,,,
성동구,11200,금호동3가,1331,11200-34,두산,84.99,7,1994,46000,0,2017-10-27,,,,,
성동구,11200,금호동3가,1662,11200-2691,금호한신,59.99,15,2005,40000,0,2017-10-10,,,,,
성동구,11200,금호동3가,1662,11200-2691,금호한신,84.49,4,2005,48000,0,2017-10-24,,,,,
성동구,11200,금호동3가,700,11200-2969,금호자이2차,59.9663,7,2012,20000,100,2017-10-29,,,,,
성동구,11200,금호동3가,700,11200-2969,금호자이2차,59.9912,11,2012,49000,0,2017-10-23,,,,,
성동구,11200,금호동3가,700,11200-2969,금호자이2차,84.9796,6,2012,57000,0,2017-10-28,,,,,
성동구,11200,금호동3가,917,11200-2689,금호1차푸르지오,114.88,9,2005,55000,0,2017-10-11,,,,,
성동구,11200,금호동3가,917,11200-2689,금호1차푸르지오,59.97,1,2005,43000,0,2017-10-25,,,,,
성동구,11200,금호동3가,917,11200-2689,금호1차푸르지오,59.97,10,2005,30000,50,2017-10-24,,,,,
성동구,11200,금호동3가,917,11200-2689,금호1차푸르지오,59.97,2,2005,44000,0,2017-10-19,,,,,
성동구,11200,금호동3가,917,11200-2689,금호1차푸르지오,84.92,1,2005,43000,0,2017-10-31,,,,,
성동구,11200,금호동3가,917,11200-2689,금호1차푸르지오,84.92,1,2005,5000,160,2017-10-25,,,,,
성동구,11200,금호동4가,1250,11200-37,롯데,84.99,11,2003,35000,45,2017-10-17,,,,,
성동구,11200,금호동4가,1250,11200-37,롯데,84.99,15,2003,30000,0,2017-10-20,,,,,
성동구,11200,금호동4가,1250,11200-37,롯데,84.99,21,2003,35000,55,2017-10-09,,,,,
성동구,11200,금호동4가,1507,11200-2789,브라운스톤금호,84.838,6,2007,10000,150,2017-10-30,,,,,
성동구,11200,금호동4가,235,11200-2970,서울숲2차푸르지오,59.862,4,2012,51000,0,2017-10-11,,,,,
성동구,11200,금호동4가,235,11200-2970,서울숲2차푸르지오,59.907,9,2012,10000,165,2017-10-16,,,,,
성동구,11200,금호동4가,235,11200-2970,서울숲2차푸르지오,84.776,2,2012,59000,0,2017-10-09,,,,,
성동구,11200,금호동4가,340,11200-2820,서울숲푸르지오,59.9,4,2007,10000,130,2017-10-09,,,,,
성동구,11200,금호동4가,340,11200-2820,서울숲푸르지오,59.99,14,2007,3000,165,2017-10-23,,,,,
성동구,11200,금호동4가,340,11200-2820,서울숲푸르지오,59.99,17,2007,5000,165,2017-10-23,,,,,
성동구,11200,금호동4가,340,11200-2820,서울숲푸르지오,59.99,5,2007,53000,0,2017-10-19,,,,,
성동구,11200,금호동4가,340,11200-2820,서울숲푸르지오,59.99,7,2007,20000,100,2017-10-30,,,,,
성동구,11200,금호동4가,340,11200-2820,서울숲푸르지오,59.99,9,2007,53000,0,2017-10-15,,,,,
성동구,11200,금호동4가,340,11200-2820,서울숲푸르지오,84.6,1,2007,63000,0,2017-10-25,,,,,
성동구,11200,금호동4가,340,11200-2820,서울숲푸르지오,84.87,1,2007,65000,0,2017-10-16,,,,,
성동구,11200,금호동4가,340,11200-2820,서울숲푸르지오,84.87,10,2007,65000,0,2017-10-13,,,,,
성동구,11200,금호동4가,340,11200-2820,서울숲푸르지오,84.87,7,2007,65000,0,2017-10-17,,,,,
성동구,11200,금호동4가,800,11200-35,대우,114.71,10,2001,69000,0,2017-10-20,,,,,
성동구,11200,금호동4가,800,11200-35,대우,59.97,12,2001,10000,110,2017-10-26,,,,,
성동구,11200,금호동4가,800,11200-35,대우,59.97,13,2001,39000,0,2017-10-11,,,,,
성동구,11200,금호동4가,800,11200-35,대우,59.97,18,2001,5000,120,2017-10-21,,,,,
성동구,11200,금호동4가,800,11200-35,대우,59.97,21,2001,30000,50,2017-10-14,,,,,
성동구,11200,금호동4가,800,11200-35,대우,84.71,17,2001,51000,0,2017-10-28,,,,,
성동구,11200,금호동4가,800,11200-35,대우,84.71,19,2001,47000,0,2017-10-18,,,,,
성동구,11200,금호동4가,800,11200-35,대우,84.96,20,2001,10000,120,2017-10-31,,,,,
성동구,11200,금호동4가,800,11200-35,대우,84.96,23,2001,50000,0,2017-10-26,,,,,
성동구,11200,도선동,105,11200-3029,트윈빌,15.56,6,2014,1000,60,2017-10-21,,,,,
성동구,11200,도선동,69,11200-2751,삼성쉐르빌,84.74,3,2006,41000,0,2017-10-09,,,,,
성동구,11200,도선동,69,11200-2751,삼성쉐르빌,84.93,22,2006,35000,40,2017-10-30,,,,,
성동구,11200,도선동,69,11200-2751,삼성쉐르빌,84.99,13,2006,30000,60,2017-10-30,,,,,
성동구,11200,마장동,512-2,11200-2827,한건토파즈빌,84.96,4,2007,25000,0,2017-10-13,,,,,
성동구,11200,마장동,784,11200-13,세림,40.86,5,1986,17000,0,2017-10-16,,,,,
성동구,11200,마장동,784,11200-13,세림,40.86,6,1986,25000,0,2017-10-11,,,,,
성동구,11200,마장동,784,11200-13,세림,40.86,7,1986,4000,60,2017-10-26,,,,,
성동구,11200,마장동,784,11200-13,세림,40.86,8,1986,19000,0,2017-10-01,,,,,
성동구,11200,마장동,784,11200-13,세림,72.84,14,1986,32000,0,2017-10-24,,,,,
성동구,11200,마장동,784,11200-13,세림,72.84,5,1986,30000,0,2017-10-09,,,,,
성동구,11200,마장동,784,11200-13,세림,84.93,15,1986,34000,0,2017-10-24,,,,,
성동구,11200,마장동,784,11200-13,세림,84.93,2,1986,33500,0,2017-10-09,,,,,
성동구,11200,마장동,784,11200-13,세림,84.93,2,1986,34500,0,2017-10-09,,,,,
성동구,11200,마장동,784,11200-13,세림,84.93,7,1986,31000,0,2017-10-12,,,,,
성동구,11200,마장동,784,11200-13,세림,84.93,7,1986,31000,0,2017-10-30,,,,,
성동구,11200,마장동,817,11200-10,왕십리삼성아파트,59.76,1,1996,11000,70,2017-10-27,,,,,
성동구,11200,마장동,817,11200-10,왕십리삼성아파트,59.76,14,1996,35000,0,2017-10-16,,,,,
성동구,11200,마장동,817,11200-10,왕십리삼성아파트,59.76,15,1996,34000,0,2017-10-09,,,,,
성동구,11200,마장동,817,11200-10,왕십리삼성아파트,59.76,2,1996,34000,0,2017-10-14,,,,,
성동구,11200,마장동,817,11200-10,왕십리삼성아파트,84.93,17,1996,35000,30,2017-10-28,,,,,
성동구,11200,마장동,818,11200-14,현대,134.79,19,1998,45000,0,2017-10-13,,,,,
성동구,11200,마장동,818,11200-14,현대,59.91,26,1998,33000,0,2017-10-28,,,,,
성동구,11200,마장동,818,11200-14,현대,59.94,21,1998,33000,0,2017-10-09,,,,,
성동구,11200,마장동,819,11200-9,마장동중앙하이츠,84.8,6,1999,43000,0,2017-10-31,,,,,
성동구,11200,마장동,820,11200-90,왕십리금호어울림,114.97,18,2006,63000,0,2017-10-31,,,,,
성동구,11200,마장동,820,11200-90,왕십리금호어울림,84.97,8,2006,52000,0,2017-10-27,,,,,
성동구,11200,마장동,822,11200-91,신성미소지움,59.96,18,2004,4000,100,2017-10-21,17.12~19.12,신규,,,
성동구,11200,마장동,822,11200-91,신성미소지움,59.96,7,2004,8500,85,2017-10-16,,,,,
성동구,11200,마장동,822,11200-91,신성미소지움,84.93,14,2004,44000,0,2017-10-20,,,,,
성동구,11200,마장동,822,11200-91,신성미소지움,84.99,6,2004,3000,130,2017-10-13,,,,,
성동구,11200,마장동,825,11200-92,대성유니드,114.52,22,2004,54000,0,2017-10-23,,,,,
성동구,11200,마장동,825,11200-92,대성유니드,59.7,13,2004,38000,0,2017-10-21,,,,,
성동구,11200,마장동,834,11200-3052,삼성홈타운,14.45,4,2015,1000,65,2017-10-27,,,,,
성동구,11200,마장동,835,11200-3155,우성에비뉴,70.88,7,2017,15000,30,2017-10-23,,,,,
성동구,11200,사근동,199,11200-17,중앙하이츠,71.85,2,1989,28000,0,2017-10-12,,,,,
성동구,11200,사근동,231-24,11200-3150,J앤PVill,43.93,3,2017,21000,0,2017-10-30,,,,,
성동구,11200,사근동,314,11200-16,벽산,84.8,3,2000,25000,0,2017-10-14,,,,,
성동구,11200,상왕십리동,811,11200-3024,텐즈힐(2단지),127.44,16,2014,81500,0,2017-10-17,,,,,
성동구,11200,상왕십리동,811,11200-3024,텐즈힐(2단지),59.96,7,2014,55000,0,2017-10-28,,,,,
성동구,11200,상왕십리동,811,11200-3024,텐즈힐(2단지),84.92,2,2014,55500,0,2017-10-27,,,,,
성동구,11200,상왕십리동,811,11200-3024,텐즈힐(2단지),84.95,4,2014,50000,50,2017-10-25,,,,,
성동구,11200,성수동1가,479-1,11200-55,강변동양,59.9,11,2001,38000,0,2017-10-17,,,,,
성동구,11200,성수동1가,479-1,11200-55,강변동양,84.95,4,2001,42500,0,2017-10-16,,,,,
성동구,11200,성수동1가,656-234,11200-50,서울숲대림,59.885,2,2000,31500,0,2017-10-31,,,,,
성동구,11200,성수동1가,656-234,11200-50,서울숲대림,59.885,8,2000,40000,0,2017-10-30,,,,,
성동구,11200,성수동1가,656-234,11200-50,서울숲대림,77.47,15,2000,48000,0,2017-10-24,,,,,
성동구,11200,성수동1가,656-234,11200-50,서울숲대림,84.015,12,2000,50000,0,2017-10-16,,,,,
성동구,11200,성수동1가,656-234,11200-50,서울숲대림,84.015,14,2000,53000,0,2017-10-23,,,,,
성동구,11200,성수동1가,656-234,11200-50,서울숲대림,84.015,4,2000,21000,80,2017-10-27,,,,,
성동구,11200,성수동1가,656-234,11200-50,서울숲대림,84.015,6,2000,42000,0,2017-10-30,,,,,
성동구,11200,성수동1가,656-234,11200-50,서울숲대림,84.015,9,2000,50000,0,2017-10-14,,,,,
성동구,11200,성수동1가,656-320,11200-52,동아,52.68,7,1983,24000,0,2017-10-12,,,,,
성동구,11200,성수동1가,656-320,11200-52,동아,52.7,7,1983,24000,0,2017-10-02,,,,,
성동구,11200,성수동1가,656-320,11200-52,동아,53.14,1,1983,21000,0,2017-10-13,,,,,
성동구,11200,성수동1가,656-320,11200-52,동아,53.14,8,1983,25000,0,2017-10-31,,,,,
성동구,11200,성수동1가,656-320,11200-52,동아,96.18,2,1983,37000,0,2017-10-31,,,,,
성동구,11200,성수동1가,656-320,11200-52,동아,96.18,6,1983,36000,0,2017-10-20,,,,,
성동구,11200,성수동1가,656-421,11200-58,신장미,68.66,1,1983,10000,70,2017-10-12,,,,,
성동구,11200,성수동1가,656-421,11200-58,신장미,68.66,5,1983,27000,0,2017-10-12,,,,,
성동구,11200,성수동1가,676-5,11200-61,서울숲성수현대,59.13,2,1990,33000,0,2017-10-17,,,,,
성동구,11200,성수동1가,676-5,11200-61,서울숲성수현대,59.13,5,1990,32000,0,2017-10-12,,,,,
성동구,11200,성수동1가,704,11200-60,한진타운,59.4,10,1994,38000,0,2017-10-18,,,,,
성동구,11200,성수동1가,704,11200-60,한진타운,59.4,6,1994,8000,100,2017-10-14,,,,,
성동구,11200,성수동1가,704,11200-60,한진타운,84.21,10,1994,48000,0,2017-10-15,,,,,
성동구,11200,성수동1가,704,11200-60,한진타운,84.21,4,1994,43000,0,2017-10-22,,,,,
성동구,11200,성수동1가,706,11200-56,쌍용,59.76,1,1997,28000,40,2017-10-28,,,,,
성동구,11200,성수동1가,706,11200-56,쌍용,59.76,13,1997,43000,0,2017-10-31,,,,,
성동구,11200,성수동1가,706,11200-56,쌍용,59.76,17,1997,41000,0,2017-10-28,,,,,
성동구,11200,성수동1가,706,11200-56,쌍용,59.76,2,1997,30000,30,2017-10-13,,,,,
성동구,11200,성수동1가,706,11200-56,쌍용,59.76,5,1997,39000,0,2017-10-24,,,,,
성동구,11200,성수동1가,706,11200-56,쌍용,59.76,7,1997,42000,0,2017-10-24,,,,,
성동구,11200,성수동1가,706,11200-56,쌍용,84.78,6,1997,20000,80,2017-10-14,,,,,
성동구,11200,성수동1가,707,11200-59,서울숲한양현대,84.81,8,1999,49000,0,2017-10-11,,,,,
성동구,11200,성수동1가,708,11200-53,동아그린,58.32,11,1999,38000,0,2017-10-25,,,,,
성동구,11200,성수동1가,708,11200-53,동아그린,58.32,7,1999,35000,0,2017-10-10,,,,,
성동구,11200,성수동1가,708,11200-53,동아그린,84.91,5,1999,42000,0,2017-10-17,,,,,
성동구,11200,성수동1가,709,11200-51,대우2,84.97,4,1999,30000,50,2017-10-24,,,,,
성동구,11200,성수동1가,709,11200-51,대우2,84.97,6,1999,43000,0,2017-10-13,,,,,
성동구,11200,성수동1가,710,11200-49,강변건영아파트,84.952,14,2002,57000,0,2017-10-22,,,,,
성동구,11200,성수동1가,710,11200-49,강변건영아파트,84.952,16,2002,30000,100,2017-10-17,,,,,
성동구,11200,성수동1가,710,11200-49,강변건영아파트,84.952,3,2002,35000,40,2017-10-28,,,,,
성동구,11200,성수동1가,710,11200-49,강변건영아파트,84.952,8,2002,57000,0,2017-10-28,,,,,
성동구,11200,성수동1가,715,11200-79,중앙하이츠빌,84.9673,10,2003,55000,0,2017-10-18,,,,,
성동구,11200,성수동1가,717,11200-152,서울숲해오름(717-0),72.83,3,2005,40500,0,2017-10-22,,,,,
성동구,11200,성수동1가,718,11200-3141,트리마제,136.5606,21,2017,165000,0,2017-10-19,,,,,
성동구,11200,성수동1가,718,11200-3141,트리마제,140.3099,2,2017,155000,0,2017-10-23,,,,,
성동구,11200,성수동1가,718,11200-3141,트리마제,140.3099,5,2017,5000,500,2017-10-21,,,,,
성동구,11200,성수동1가,718,11200-3141,트리마제,216.6178,46,2017,300000,0,2017-10-19,17.11~19.11,신규,,,
성동구,11200,성수동1가,718,11200-3141,트리마제,25.3284,3,2017,10000,110,2017-10-15,17.10~18.10,신규,,,
성동구,11200,성수동1가,718,11200-3141,트리마제,84.8111,38,2017,115000,0,2017-10-31,17.11~19.11,신규,,,
성동구,11200,성수동1가,718,11200-3141,트리마제,84.8213,28,2017,35000,340,2017-10-03,17.11~19.11,신규,,,
성동구,11200,성수동1가,718,11200-3141,트리마제,84.8213,35,2017,115000,0,2017-10-20,17.11~19.11,신규,,,
성동구,11200,성수동2가,320-2,11200-153,이화101동,89.81,3,2004,40000,0,2017-10-25,,,,,
성동구,11200,성수동2가,400,11200-67,강변현대,78.96,7,1994,35000,0,2017-10-18,,,,,
성동구,11200,성수동2가,400,11200-67,강변현대,81.8,7,1994,36000,0,2017-10-31,17.12~19.12,,,,
성동구,11200,성수동2가,400,11200-67,강변현대,81.8,9,1994,33000,0,2017-10-28,,,,,
성동구,11200,성수동2가,442,11200-73,한신한강,59.95,12,2000,37000,0,2017-10-21,,,,,
성동구,11200,성수동2가,442,11200-73,한신한강,59.95,6,2000,35000,0,2017-10-28,,,,,
성동구,11200,성수동2가,442,11200-73,한신한강,59.95,8,2000,33500,0,2017-10-18,,,,,
성동구,11200,성수동2가,442,11200-73,한신한강,84.97,12,2000,39000,0,2017-10-20,,,,,
성동구,11200,성수동2가,609-2,11200-65,강변임광,59.67,8,2000,26000,0,2017-10-18,,,,,
성동구,11200,성수동2가,609-2,11200-65,강변임광,84.77,11,2000,35000,0,2017-10-13,,,,,
성동구,11200,성수동2가,712,11200-72,청구강변1,84.87,1,1994,25000,25,2017-10-14,,,,,
성동구,11200,성수동2가,712,11200-72,청구강변1,84.87,20,1994,5000,140,2017-10-25,,,,,
성동구,11200,성수동2가,712,11200-72,청구강변1,84.87,4,1994,36000,0,2017-10-13,,,,,
성동구,11200,성수동2가,830,11200-64,강변금호타운,59.67,2,1994,25000,0,2017-10-14,,,,,
성동구,11200,성수동2가,830,11200-64,강변금호타운,59.67,3,1994,5000,80,2017-10-11,,,,,
성동구,11200,성수동2가,832,11200-68,금호타운2차아파트,59.94,11,1997,32000,0,2017-10-24,,,,,
성동구,11200,성수동2가,832,11200-68,금호타운2차아파트,59.94,2,1997,33000,0,2017-10-17,,,,,
성동구,11200,성수동2가,833,11200-70,신성미소지움,59.4,8,2001,33000,0,2017-10-10,,,,,
성동구,11200,성수동2가,833,11200-70,신성미소지움,84.01,4,2001,37000,20,2017-10-28,,,,,
성동구,11200,성수동2가,834,11200-80,현대I-PARK,104.56,12,2003,63000,0,2017-10-14,,,,,
성동구,11200,성수동2가,834,11200-80,현대I-PARK,104.56,12,2003,63000,0,2017-10-16,,,,,
성동구,11200,성수동2가,834,11200-80,현대I-PARK,104.56,12,2003,66000,0,2017-10-27,,,,,
성동구,11200,성수동2가,834,11200-80,현대I-PARK,116.22,1,2003,62000,0,2017-10-10,,,,,
성동구,11200,성수동2가,834,11200-80,현대I-PARK,116.22,8,2003,50000,50,2017-10-21,,,,,
성동구,11200,성수동2가,834,11200-80,현대I-PARK,84.98,11,2003,54000,0,2017-10-30,,,,,
성동구,11200,성수동2가,834,11200-80,현대I-PARK,84.98,12,2003,55000,0,2017-10-20,,,,,
성동구,11200,성수동2가,835,11200-81,롯데캐슬파크,101.995,15,2003,58000,0,2017-10-11,,,,,
성동구,11200,성수동2가,835,11200-81,롯데캐슬파크,81.567,1,2003,9000,130,2017-10-30,,,,,
성동구,11200,성수동2가,835,11200-81,롯데캐슬파크,81.567,2,2003,5000,150,2017-10-21,,,,,
성동구,11200,성수동2가,835,11200-81,롯데캐슬파크,81.567,9,2003,53000,0,2017-10-16,,,,,
성동구,11200,성수동2가,835,11200-81,롯데캐슬파크,84.686,4,2003,30000,100,2017-10-15,,,,,
성동구,11200,성수동2가,836,11200-87,서울숲금강아미움,80.89,1,2004,11000,80,2017-10-23,,,,,
성동구,11200,성수동2가,836,11200-87,서울숲금강아미움,80.89,6,2004,15000,0,2017-10-20,,,,,
성동구,11200,성수동2가,838,11200-2734,성수동두산위브,84.34,10,2006,43000,0,2017-10-11,,,,,
성동구,11200,성수동2가,840,11200-2882,대명루첸,84.95,10,2009,43000,35,2017-10-17,,,,,
성동구,11200,성수동2가,840,11200-2882,대명루첸,84.95,11,2009,59000,0,2017-10-24,,,,,
성동구,11200,성수동2가,840,11200-2882,대명루첸,84.95,7,2009,54000,0,2017-10-25,,,,,
성동구,11200,성수동2가,843,11200-2883,서울숲힐스테이트,117.13,11,2009,10000,300,2017-10-27,,,,,
성동구,11200,성수동2가,843,11200-2883,서울숲힐스테이트,117.13,11,2009,70000,100,2017-10-26,,,,,
성동구,11200,성수동2가,843,11200-2883,서울숲힐스테이트,143,11,2009,28000,0,2017-10-16,17.10~19.10,신규,,,
성동구,11200,성수동2가,843,11200-2883,서울숲힐스테이트,143,9,2009,80000,100,2017-10-18,,,,,
성동구,11200,성수동2가,843,11200-2883,서울숲힐스테이트,57.03,12,2009,59000,0,2017-10-30,,,,,
성동구,11200,성수동2가,843,11200-2883,서울숲힐스테이트,57.49,18,2009,9000,200,2017-10-28,,,,,
성동구,11200,성수동2가,843,11200-2883,서울숲힐스테이트,57.49,4,2009,50000,20,2017-10-26,,,,,
성동구,11200,송정동,90,11200-74,건영,84.945,9,2000,15000,75,2017-10-14,,,,,
성동구,11200,옥수동,220-1,11200-45,한남하이츠,101.09,10,1982,42000,0,2017-10-21,,,,,
성동구,11200,옥수동,220-1,11200-45,한남하이츠,149.39,11,1982,40000,20,2017-10-23,,,,,
성동구,11200,옥수동,220-1,11200-45,한남하이츠,177.12,5,1982,65000,0,2017-10-17,,,,,
성동구,11200,옥수동,220-1,11200-45,한남하이츠,87.67,8,1982,3000,110,2017-10-12,,,,,
성동구,11200,옥수동,250,11200-42,옥수삼성,114.666,18,1999,64000,0,2017-10-12,,,,,
성동구,11200,옥수동,250,11200-42,옥수삼성,59.7,19,1999,44000,0,2017-10-11,,,,,
성동구,11200,옥수동,250,11200-42,옥수삼성,59.7,3,1999,40000,0,2017-10-27,,,,,
성동구,11200,옥수동,250,11200-42,옥수삼성,59.7,4,1999,3000,135,2017-10-20,,,,,
성동구,11200,옥수동,250,11200-42,옥수삼성,59.7,4,1999,47000,0,2017-10-17,17.12~19.12,신규,,,
성동구,11200,옥수동,250,11200-42,옥수삼성,59.7,8,1999,42000,0,2017-10-14,,,,,
성동구,11200,옥수동,250,11200-42,옥수삼성,59.7,9,1999,5000,120,2017-10-19,,,,,
성동구,11200,옥수동,250,11200-42,옥수삼성,84.822,16,1999,34000,60,2017-10-23,,,,,
성동구,11200,옥수동,250,11200-42,옥수삼성,84.822,17,1999,53000,0,2017-10-14,,,,,
성동구,11200,옥수동,250,11200-42,옥수삼성,84.822,20,1999,44000,40,2017-10-16,,,,,
성동구,11200,옥수동,250-5,11200-1848,"옥수삼성(임대,111동)",32.76,10,1999,1847,9,2017-10-19,17.10~19.10,신규,,,
성동구,11200,옥수동,4,11200-47,현대,104.38,6,1990,60000,0,2017-10-20,,,,,
성동구,11200,옥수동,4,11200-47,현대,104.41,11,1990,55000,0,2017-10-30,,,,,
성동구,11200,옥수동,4,11200-47,현대,71.05,12,1990,45500,0,2017-10-31,,,,,
성동구,11200,옥수동,4,11200-47,현대,84.9,3,1990,45000,0,2017-10-21,,,,,
성동구,11200,옥수동,4,11200-47,현대,84.9,6,1990,49000,0,2017-10-18,,,,,
성동구,11200,옥수동,4,11200-47,현대,84.9,9,1990,38000,0,2017-10-12,,,,,
성동구,11200,옥수동,428,11200-38,극동,148.23,14,1986,10000,210,2017-10-11,,,,,
성동구,11200,옥수동,428,11200-38,극동,68.58,6,1986,35000,0,2017-10-14,,,,,
성동구,11200,옥수동,428,11200-38,극동,68.58,7,1986,31000,0,2017-10-30,,,,,
성동구,11200,옥수동,428,11200-38,극동,68.58,7,1986,36000,0,2017-10-14,,,,,
성동구,11200,옥수동,428,11200-38,극동,84.74,13,1986,44000,0,2017-10-11,,,,,
성동구,11200,옥수동,436,11200-39,극동그린,114.32,10,1997,48000,0,2017-10-27,,,,,
성동구,11200,옥수동,528,11200-3114,옥수파크힐스101동~116동,107.99,-1,2016,60000,165,2017-10-17,17.12~19.12,신규,,,
성동구,11200,옥수동,528,11200-3114,옥수파크힐스101동~116동,115.9,9,2016,93000,0,2017-10-13,17.03~19.03,갱신,,93000,
성동구,11200,옥수동,528,11200-3114,옥수파크힐스101동~116동,59.78,18,2016,40000,90,2017-10-20,17.12~19.12,신규,,,
성동구,11200,옥수동,528,11200-3114,옥수파크힐스101동~116동,84.3,3,2016,85000,0,2017-10-26,,,,,
성동구,11200,옥수동,528-1,11200-3143,옥수파크힐스117동~125동,33.5,2,2016,3203,16,2017-10-15,,,,,
성동구,11200,옥수동,528-1,11200-3143,옥수파크힐스117동~125동,59.59,8,2016,65000,0,2017-10-27,,,,,
성동구,11200,옥수동,557,11200-40,극동옥정,59.34,8,1998,36000,0,2017-10-21,,,,,
성동구,11200,옥수동,557,11200-40,극동옥정,84.93,9,1998,35000,30,2017-10-20,,,,,
성동구,11200,옥수동,558,11200-48,옥수이테크빌,84.37,15,2002,51000,0,2017-10-18,,,,,
성동구,11200,옥수동,558,11200-48,옥수이테크빌,84.37,5,2002,50000,0,2017-10-21,,,,,
성동구,11200,옥수동,560,11200-2935,옥수어울림,84.699,5,2011,15000,180,2017-10-15,,,,,
성동구,11200,옥수동,561,11200-2980,래미안 옥수 리버젠,113.52,14,2012,100000,0,2017-10-16,,,,,
성동구,11200,옥수동,561,11200-2980,래미안 옥수 리버젠,113.74,19,2012,80000,100,2017-10-21,,,,,
성동구,11200,옥수동,561,11200-2980,래미안 옥수 리버젠,59.25,19,2012,62000,0,2017-10-28,,,,,
성동구,11200,옥수동,561,11200-2980,래미안 옥수 리버젠,59.25,2,2012,60000,0,2017-10-14,,,,,
성동구,11200,옥수동,561,11200-2980,래미안 옥수 리버젠,59.98,13,2012,5000,165,2017-10-25,,,,,
성동구,11200,옥수동,561,11200-2980,래미안 옥수 리버젠,84.81,1,2012,4000,245,2017-10-16,,,,,
성동구,11200,옥수동,561,11200-2980,래미안 옥수 리버젠,84.81,16,2012,5000,245,2017-10-11,,,,,
성동구,11200,옥수동,561,11200-2980,래미안 옥수 리버젠,84.81,4,2012,10000,200,2017-10-14,,,,,
성동구,11200,옥수동,561,11200-2980,래미안 옥수 리버젠,84.81,8,2012,10000,250,2017-10-23,,,,,
성동구,11200,용답동,226-4,11200-2829,YM프라젠,59.94,8,2007,32000,0,2017-10-13,,,,,
성동구,11200,응봉동,100,11200-77,대림(1차),113.71,10,1986,33000,50,2017-10-24,17.12~19.12,신규,,,
성동구,11200,응봉동,100,11200-77,대림(1차),113.71,14,1986,31500,30,2017-10-12,,,,,
성동구,11200,응봉동,100,11200-77,대림(1차),126.66,15,1986,43000,0,2017-10-13,17.10~19.10,갱신,,38000,
성동구,11200,응봉동,100,11200-77,대림(1차),126.66,6,1986,50000,0,2017-10-23,,,,,
성동구,11200,응봉동,100,11200-77,대림(1차),63.18,2,1986,30000,0,2017-10-28,,,,,
성동구,11200,응봉동,100,11200-77,대림(1차),75.51,2,1986,36000,0,2017-10-28,,,,,
성동구,11200,응봉동,100,11200-77,대림(1차),75.51,4,1986,35000,0,2017-10-28,,,,,
성동구,11200,응봉동,15,11200-29,대림강변타운,114.88,22,2001,60000,0,2017-10-12,,,,,
성동구,11200,응봉동,15,11200-29,대림강변타운,59.76,12,2001,40000,0,2017-10-21,,,,,
성동구,11200,응봉동,15,11200-29,대림강변타운,59.76,5,2001,40000,0,2017-10-21,,,,,
성동구,11200,응봉동,15,11200-29,대림강변타운,59.76,7,2001,40000,0,2017-10-12,,,,,
성동구,11200,응봉동,15,11200-29,대림강변타운,84.42,15,2001,5000,170,2017-10-03,,,,,
성동구,11200,응봉동,15,11200-29,대림강변타운,84.42,16,2001,49000,0,2017-10-19,,,,,
성동구,11200,응봉동,15,11200-29,대림강변타운,84.42,17,2001,50000,0,2017-10-01,,,,,
성동구,11200,응봉동,15,11200-29,대림강변타운,84.42,8,2001,52000,0,2017-10-23,,,,,
성동구,11200,응봉동,15,11200-29,대림강변타운,84.42,9,2001,50000,0,2017-10-23,,,,,
성동구,11200,응봉동,275,11200-30,신동아,59.97,13,1996,30000,0,2017-10-12,,,,,
성동구,11200,응봉동,275,11200-30,신동아,59.97,5,1996,30000,0,2017-10-27,,,,,
성동구,11200,응봉동,275,11200-30,신동아,84.81,2,1996,33000,0,2017-10-28,,,,,
성동구,11200,응봉동,276,11200-82,서울숲리버그린동아아파트,114.86,25,2003,55000,0,2017-10-12,,,,,
성동구,11200,응봉동,276,11200-82,서울숲리버그린동아아파트,59.98,6,2003,40000,0,2017-10-20,,,,,
성동구,11200,응봉동,276,11200-82,서울숲리버그린동아아파트,59.98,9,2003,5000,130,2017-10-31,,,,,
성동구,11200,응봉동,97,11200-28,대림(2차),59.91,5,1989,30000,0,2017-10-27,,,,,
성동구,11200,응봉동,97,11200-28,대림(2차),84.53,1,1989,37000,0,2017-10-30,,,,,
성동구,11200,응봉동,97,11200-28,대림(2차),84.53,3,1989,36000,0,2017-10-28,,,,,
성동구,11200,응봉동,98,11200-27,금호현대,59.91,10,1990,30000,0,2017-10-16,,,,,
성동구,11200,응봉동,98,11200-27,금호현대,59.91,10,1990,37000,0,2017-10-24,,,,,
성동구,11200,응봉동,98,11200-27,금호현대,79.8,1,1990,36000,0,2017-10-17,,,,,
성동구,11200,응봉동,98,11200-27,금호현대,79.8,4,1990,35000,0,2017-10-14,,,,,
성동구,11200,응봉동,98,11200-27,금호현대,79.8,5,1990,23000,30,2017-10-19,,,,,
성동구,11200,응봉동,98,11200-27,금호현대,79.8,9,1990,30000,0,2017-10-31,,,,,
성동구,11200,하왕십리동,1002,11200-3085,왕십리KCC스위첸,59.851,15,2016,10000,130,2017-10-12,,,,,
성동구,11200,하왕십리동,1002,11200-3085,왕십리KCC스위첸,68.733,13,2016,10000,120,2017-10-26,,,,,
성동구,11200,하왕십리동,1052,11200-2,금호베스트빌,84.97,11,2001,13000,90,2017-10-21,,,,,
성동구,11200,하왕십리동,1052,11200-2,금호베스트빌,84.97,11,2001,37000,0,2017-10-24,,,,,
성동구,11200,하왕십리동,1058,11200-1,극동미라주,114.63,3,2001,49000,0,2017-10-17,,,,,
성동구,11200,하왕십리동,1058,11200-1,극동미라주,84.33,3,2001,6000,50,2017-10-01,,,,,
성동구,11200,하왕십리동,1061,11200-98,왕십리풍림아이원,59.936,13,2004,37000,0,2017-10-16,,,,,
성동구,11200,하왕십리동,1061,11200-98,왕십리풍림아이원,59.936,15,2004,38000,0,2017-10-31,,,,,
성동구,11200,하왕십리동,1061,11200-98,왕십리풍림아이원,59.936,9,2004,28000,35,2017-10-30,,,,,
성동구,11200,하왕십리동,1061,11200-98,왕십리풍림아이원,84.417,7,2004,45000,0,2017-10-28,,,,,
성동구,11200,하왕십리동,1066,11200-3074,텐즈힐(1단지),129.34,14,2015,10000,290,2017-10-16,17.12~19.12,신규,,,
성동구,11200,하왕십리동,1066,11200-3074,텐즈힐(1단지),129.34,15,2015,75000,0,2017-10-11,,,,,
성동구,11200,하왕십리동,1066,11200-3074,텐즈힐(1단지),148.8,10,2015,89000,0,2017-10-18,,,,,
성동구,11200,하왕십리동,1066,11200-3074,텐즈힐(1단지),72.52,4,2015,59000,0,2017-10-30,,,,,
성동구,11200,하왕십리동,1066,11200-3074,텐즈힐(1단지),84.88,11,2015,5000,200,2017-10-14,,,,,
성동구,11200,하왕십리동,1066,11200-3074,텐즈힐(1단지),84.88,12,2015,55000,0,2017-10-16,,,,,
성동구,11200,하왕십리동,1066,11200-3074,텐즈힐(1단지),84.88,13,2015,42000,80,2017-10-14,,,,,
성동구,11200,하왕십리동,1066,11200-3074,텐즈힐(1단지),84.88,16,2015,10000,180,2017-10-19,,,,,
성동구,11200,하왕십리동,1066,11200-3074,텐즈힐(1단지),84.92,21,2015,50000,40,2017-10-13,,,,,
성동구,11200,하왕십리동,1066,11200-3074,텐즈힐(1단지),84.96,18,2015,35000,90,2017-10-17,,,,,
성동구,11200,하왕십리동,1070,11200-3120,센트라스,40.94,12,2016,20000,80,2017-10-30,17.11~19.11,신규,,,
성동구,11200,하왕십리동,1070,11200-3120,센트라스,59.99,8,2016,52000,0,2017-10-09,,,,,
성동구,11200,하왕십리동,1070,11200-3120,센트라스,84.77,9,2016,66000,0,2017-10-14,,,,,
성동구,11200,하왕십리동,1070,11200-3120,센트라스,84.96,1,2016,5000,165,2017-10-22,17.12~19.12,신규,,,
성동구,11200,하왕십리동,1070,11200-3120,센트라스,84.96,15,2016,67000,0,2017-10-18,17.11~19.11,신규,,,
성동구,11200,하왕십리동,1070,11200-3120,센트라스,84.96,15,2016,67000,0,2017-10-19,17.11~19.11,신규,,,
성동구,11200,하왕십리동,1070,11200-3120,센트라스,84.96,23,2016,20000,150,2017-10-10,,,,,
성동구,11200,하왕십리동,1070,11200-3120,센트라스,84.96,7,2016,65000,0,2017-10-28,17.11~19.11,신규,,,
성동구,11200,하왕십리동,1071,11200-3144,왕십리자이,51.91,3,2017,43000,0,2017-10-25,17.11~19.11,신규,,,
성동구,11200,하왕십리동,1071,11200-3144,왕십리자이,59.99,10,2017,10000,140,2017-10-31,17.12~19.11,신규,,,
성동구,11200,하왕십리동,1071,11200-3144,왕십리자이,59.99,10,2017,47500,0,2017-10-13,17.11~19.11,신규,,,
성동구,11200,하왕십리동,1071,11200-3144,왕십리자이,59.99,12,2017,10000,73,2017-10-07,17.09~19.09,신규,,,
성동구,11200,하왕십리동,1071,11200-3144,왕십리자이,59.99,14,2017,5000,165,2017-10-14,17.11~19.11,신규,,,
성동구,11200,하왕십리동,1071,11200-3144,왕십리자이,59.99,16,2017,47000,0,2017-10-21,17.10~19.10,신규,,,
성동구,11200,하왕십리동,1071,11200-3144,왕십리자이,59.99,20,2017,48000,0,2017-10-26,17.11~18.11,신규,,,
성동구,11200,하왕십리동,1071,11200-3144,왕십리자이,59.99,3,2017,46500,0,2017-10-18,17.11~19.11,신규,,,
성동구,11200,하왕십리동,1071,11200-3144,왕십리자이,59.99,4,2017,46000,0,2017-10-09,17.10~19.10,신규,,,
성동구,11200,하왕십리동,1071,11200-3144,왕십리자이,59.99,4,2017,46000,0,2017-10-24,17.10~19.10,신규,,,
성동구,11200,하왕십리동,1071,11200-3144,왕십리자이,59.99,5,2017,25000,60,2017-10-20,17.11~19.11,신규,,,
성동구,11200,하왕십리동,1071,11200-3144,왕십리자이,59.99,9,2017,10000,155,2017-10-18,17.10~19.10,신규,,,
성동구,11200,하왕십리동,1071,11200-3144,왕십리자이,59.99,9,2017,48000,0,2017-10-21,17.11~19.11,신규,,,
성동구,11200,하왕십리동,1071,11200-3144,왕십리자이,84.99,10,2017,58000,0,2017-10-20,17.12~19.12,신규,,,
성동구,11200,하왕십리동,1071,11200-3144,왕십리자이,84.99,10,2017,58000,0,2017-10-23,17.12~19.12,신규,,,
성동구,11200,하왕십리동,1071,11200-3144,왕십리자이,84.99,11,2017,59000,0,2017-10-21,17.12~19.12,신규,,,
성동구,11200,하왕십리동,1071,11200-3144,왕십리자이,84.99,17,2017,10000,190,2017-10-23,17.10~19.10,신규,,,
성동구,11200,하왕십리동,1071,11200-3144,왕십리자이,84.99,2,2017,56000,0,2017-10-16,17.11~19.11,신규,,,
성동구,11200,하왕십리동,1071,11200-3144,왕십리자이,84.99,7,2017,59000,0,2017-10-25,18.01~20.01,신규,,,
성동구,11200,하왕십리동,1071,11200-3144,왕십리자이,84.99,8,2017,59000,0,2017-10-27,17.11~19.11,신규,,,
성동구,11200,하왕십리동,1071,11200-3144,왕십리자이,84.99,9,2017,56500,0,2017-10-19,17.12~19.12,신규,,,
성동구,11200,하왕십리동,258,11200-4,벽산,84.94,1,1996,13500,65,2017-10-17,,,,,
성동구,11200,하왕십리동,258,11200-4,벽산,84.94,5,1996,46000,0,2017-10-14,,,,,
성동구,11200,하왕십리동,890-446,11200-3038,블루빌,20.19,4,2014,3500,50,2017-10-30,,,,,
성동구,11200,하왕십리동,966-18,11200-2991,상리제나우스,12.84,4,2013,2000,50,2017-10-14,,,,,
성동구,11200,하왕십리동,990,11200-5,한신무학,114.59,12,1989,32000,20,2017-10-24,,,,,
성동구,11200,행당동,147,11200-20,서울숲삼부아파트,122.01,13,1998,60000,0,2017-10-30,,,,,
성동구,11200,행당동,147,11200-20,서울숲삼부아파트,84.09,4,1998,30000,60,2017-10-14,,,,,
성동구,11200,행당동,147,11200-20,서울숲삼부아파트,84.09,7,1998,20000,100,2017-10-10,,,,,
성동구,11200,행당동,147,11200-20,서울숲삼부아파트,84.93,1,1998,45000,0,2017-10-31,,,,,
성동구,11200,행당동,147,11200-20,서울숲삼부아파트,84.93,4,1998,45000,0,2017-10-18,,,,,
성동구,11200,행당동,344,11200-21,신동아,59.97,13,1995,32000,0,2017-10-20,,,,,
성동구,11200,행당동,344,11200-21,신동아,59.97,15,1995,1000,110,2017-10-07,,,,,
성동구,11200,행당동,344,11200-21,신동아,59.97,8,1995,30000,0,2017-10-24,,,,,
성동구,11200,행당동,346,11200-22,행당한진타운,114.62,15,2000,50000,20,2017-10-16,,,,,
성동구,11200,행당동,346,11200-22,행당한진타운,114.62,17,2000,62000,0,2017-10-21,,,,,
성동구,11200,행당동,346,11200-22,행당한진타운,114.62,9,2000,58000,0,2017-10-25,,,,,
성동구,11200,행당동,346,11200-22,행당한진타운,59.96,11,2000,5000,110,2017-10-17,,,,,
성동구,11200,행당동,346,11200-22,행당한진타운,59.96,15,2000,41000,0,2017-10-15,,,,,
성동구,11200,행당동,346,11200-22,행당한진타운,59.96,18,2000,42000,0,2017-10-12,,,,,
성동구,11200,행당동,346,11200-22,행당한진타운,59.96,23,2000,40000,0,2017-10-30,,,,,
성동구,11200,행당동,346,11200-22,행당한진타운,59.96,4,2000,5000,100,2017-10-24,,,,,
성동구,11200,행당동,346,11200-22,행당한진타운,59.96,5,2000,41000,0,2017-10-20,,,,,
성동구,11200,행당동,346,11200-22,행당한진타운,59.96,8,2000,40000,0,2017-10-21,,,,,
성동구,11200,행당동,346,11200-22,행당한진타운,84.71,24,2000,51000,0,2017-10-24,,,,,
성동구,11200,행당동,346,11200-22,행당한진타운,84.71,4,2000,8000,120,2017-10-28,17.12~19.12,신규,,,
성동구,11200,행당동,346,11200-22,행당한진타운,84.71,8,2000,41000,38,2017-10-09,,,,,
성동구,11200,행당동,346-1,11200-2718,행당한진타운(임대),32.96,15,2000,3688,0,2017-10-17,,,,,
성동구,11200,행당동,347,11200-18,대림e-편한세상,114.94,1,2000,56000,0,2017-10-24,,,,,
성동구,11200,행당동,347,11200-18,대림e-편한세상,114.94,11,2000,38000,60,2017-10-28,,,,,
성동구,11200,행당동,347,11200-18,대림e-편한세상,114.94,13,2000,54000,0,2017-10-30,,,,,
성동구,11200,행당동,347,11200-18,대림e-편한세상,114.94,3,2000,60000,0,2017-10-12,,,,,
성동구,11200,행당동,347,11200-18,대림e-편한세상,114.94,6,2000,30000,100,2017-10-21,,,,,
성동구,11200,행당동,347,11200-18,대림e-편한세상,114.94,9,2000,60000,0,2017-10-24,,,,,
성동구,11200,행당동,347,11200-18,대림e-편한세상,59.96,1,2000,37500,0,2017-10-30,,,,,
성동구,11200,행당동,347,11200-18,대림e-편한세상,59.96,7,2000,40000,0,2017-10-21,,,,,
성동구,11200,행당동,347,11200-18,대림e-편한세상,59.96,8,2000,40000,0,2017-10-30,,,,,
성동구,11200,행당동,347,11200-18,대림e-편한세상,84.87,10,2000,28000,70,2017-10-28,,,,,
성동구,11200,행당동,347,11200-18,대림e-편한세상,84.87,13,2000,30000,0,2017-10-11,,,,,
성동구,11200,행당동,347,11200-18,대림e-편한세상,84.87,14,2000,49000,0,2017-10-11,,,,,
성동구,11200,행당동,347,11200-18,대림e-편한세상,84.87,4,2000,50000,0,2017-10-27,,,,,
성동구,11200,행당동,347,11200-18,대림e-편한세상,84.87,6,2000,48000,0,2017-10-21,,,,,
성동구,11200,행당동,347,11200-18,대림e-편한세상,84.87,8,2000,10000,130,2017-10-26,,,,,
성동구,11200,행당동,347,11200-18,대림e-편한세상,84.87,9,2000,34000,50,2017-10-12,,,,,
성동구,11200,행당동,347,11200-18,대림e-편한세상,84.87,9,2000,46000,0,2017-10-13,,,,,
성동구,11200,행당동,347,11200-18,대림e-편한세상,84.87,9,2000,46000,0,2017-10-21,,,,,
성동구,11200,행당동,347,11200-2879,대림e-편한세상(임대),32.76,8,2000,3178,0,2017-10-10,,,,,
성동구,11200,행당동,349,11200-24,서울숲 한신 더 휴,114.97,14,2003,57000,0,2017-10-31,,,,,
성동구,11200,행당동,349,11200-24,서울숲 한신 더 휴,114.97,15,2003,59000,0,2017-10-14,,,,,
성동구,11200,행당동,349,11200-24,서울숲 한신 더 휴,114.97,20,2003,43500,50,2017-10-23,,,,,
성동구,11200,행당동,349,11200-24,서울숲 한신 더 휴,59.91,17,2003,42000,0,2017-10-28,,,,,
성동구,11200,행당동,349,11200-24,서울숲 한신 더 휴,59.91,2,2003,36000,0,2017-10-19,17.11~19.11,신규,,,
성동구,11200,행당동,349,11200-24,서울숲 한신 더 휴,59.91,23,2003,2000,140,2017-10-17,,,,,
성동구,11200,행당동,349,11200-24,서울숲 한신 더 휴,59.91,6,2003,10000,100,2017-10-28,,,,,
성동구,11200,행당동,349,11200-24,서울숲 한신 더 휴,59.94,12,2003,31000,31,2017-10-27,,,,,
성동구,11200,행당동,349,11200-24,서울숲 한신 더 휴,59.94,2,2003,35000,0,2017-10-14,,,,,
성동구,11200,행당동,349,11200-24,서울숲 한신 더 휴,59.94,6,2003,20000,55,2017-10-26,,,,,
성동구,11200,행당동,349,11200-24,서울숲 한신 더 휴,59.94,7,2003,10000,100,2017-10-21,,,,,
성동구,11200,행당동,349,11200-24,서울숲 한신 더 휴,59.94,8,2003,3000,130,2017-10-16,,,,,
성동구,11200,행당동,349,11200-24,서울숲 한신 더 휴,84.95,19,2003,50000,0,2017-10-17,,,,,
성동구,11200,행당동,350,11200-2696,서울숲한신더휴(임대),28.08,2,2003,4163,0,2017-10-17,,,,,
성동구,11200,행당동,375,11200-2899,행당두산위브,59.99,10,2009,15000,110,2017-10-24,,,,,
성동구,11200,행당동,375,11200-2899,행당두산위브,59.99,5,2009,37000,40,2017-10-28,,,,,
성동구,11200,행당동,375,11200-2899,행당두산위브,59.99,8,2009,50000,0,2017-10-11,,,,,
성동구,11200,행당동,375,11200-2899,행당두산위브,84.99,14,2009,57000,0,2017-10-14,,,,,
성동구,11200,행당동,375,11200-2899,행당두산위브,84.99,14,2009,65000,0,2017-10-20,,,,,
성동구,11200,행당동,376,11200-2914,서울숲행당푸르지오,114.33,11,2011,69000,0,2017-10-23,,,,,
성동구,11200,행당동,376,11200-2914,서울숲행당푸르지오,84.74,1,2011,30000,60,2017-10-12,,,,,
성동구,11200,행당동,376,11200-2914,서울숲행당푸르지오,84.74,1,2011,55000,0,2017-10-21,,,,,
성동구,11200,행당동,376,11200-2914,서울숲행당푸르지오,84.81,2,2011,55000,0,2017-10-10,,,,,
성동구,11200,행당동,377,11200-3031,서울숲더샵,84.06,10,2014,70000,0,2017-10-10,,,,,
성동구,11200,행당동,377,11200-3031,서울숲더샵,84.18,11,2014,65000,0,2017-10-12,,,,,
성동구,11200,행당동,377,11200-3031,서울숲더샵,84.18,28,2014,40000,110,2017-10-27,,,,,
성동구,11200,행당동,377,11200-3031,서울숲더샵,92.08,19,2014,30000,155,2017-10-21,,,,,
성동구,11200,행당동,377,11200-3031,서울숲더샵,92.24,15,2014,70000,0,2017-10-30,,,,,
성동구,11200,행당동,377,11200-3031,서울숲더샵,92.24,8,2014,10000,220,2017-10-30,,,,,
성동구,11200,홍익동,53,11200-2674,청계대주파크빌,84.98,9,2005,37000,0,2017-10-26,,,,,
성북구,11290,길음동,1276,11290-57,삼부컨비니언,59.94,10,1998,26000,0,2017-10-16,,,,,
성북구,11290,길음동,1276,11290-57,삼부컨비니언,59.94,5,1998,22000,15,2017-10-23,,,,,
성북구,11290,길음동,1276,11290-57,삼부컨비니언,59.94,9,1998,27000,0,2017-10-24,,,,,
성북구,11290,길음동,1276,11290-57,삼부컨비니언,84.13,5,1998,30000,0,2017-10-13,,,,,
성북구,11290,길음동,1277,11290-55,길음현대,32.98,3,2000,20000,20,2017-10-24,,,,,
성북구,11290,길음동,1277,11290-55,길음현대,32.98,5,2000,2000,65,2017-10-26,,,,,
성북구,11290,길음동,1277,11290-55,길음현대,59.98,13,2000,3000,90,2017-10-20,,,,,
성북구,11290,길음동,1278,11290-56,길음동동부센트레빌(1278-0),114.912,13,2003,33000,40,2017-10-11,,,,,
성북구,11290,길음동,1278,11290-56,길음동동부센트레빌(1278-0),114.912,17,2003,41000,0,2017-10-13,,,,,
성북구,11290,길음동,1278,11290-56,길음동동부센트레빌(1278-0),114.912,6,2003,39000,0,2017-10-31,,,,,
성북구,11290,길음동,1278,11290-56,길음동동부센트레빌(1278-0),84.844,15,2003,37000,0,2017-10-21,,,,,
성북구,11290,길음동,1278,11290-56,길음동동부센트레빌(1278-0),84.844,16,2003,36000,0,2017-10-31,,,,,
성북구,11290,길음동,1278,11290-56,길음동동부센트레빌(1278-0),84.844,2,2003,5000,100,2017-10-13,,,,,
성북구,11290,길음동,1278,11290-56,길음동동부센트레빌(1278-0),84.844,3,2003,36500,0,2017-10-16,17.11~19.04,신규,,,
성북구,11290,길음동,1278,11290-56,길음동동부센트레빌(1278-0),84.844,4,2003,37000,0,2017-10-14,,,,,
성북구,11290,길음동,1278,11290-56,길음동동부센트레빌(1278-0),84.844,4,2003,37000,0,2017-10-17,,,,,
성북구,11290,길음동,1279,11290-60,길음뉴타운1단지(래미안길음1차),114.98,15,2003,50000,0,2017-10-24,,,,,
성북구,11290,길음동,1279,11290-60,길음뉴타운1단지(래미안길음1차),59.99,1,2003,30000,0,2017-10-26,,,,,
성북구,11290,길음동,1279,11290-60,길음뉴타운1단지(래미안길음1차),59.99,13,2003,10000,80,2017-10-21,,,,,
성북구,11290,길음동,1279,11290-60,길음뉴타운1단지(래미안길음1차),59.99,2,2003,35500,0,2017-10-14,,,,,
성북구,11290,길음동,1279,11290-60,길음뉴타운1단지(래미안길음1차),59.99,3,2003,34500,0,2017-10-25,,,,,
성북구,11290,길음동,1279,11290-60,길음뉴타운1단지(래미안길음1차),59.99,9,2003,35000,0,2017-10-21,,,,,
성북구,11290,길음동,1279,11290-60,길음뉴타운1단지(래미안길음1차),84.96,12,2003,44500,0,2017-10-30,,,,,
성북구,11290,길음동,1279,11290-60,길음뉴타운1단지(래미안길음1차),84.96,9,2003,30000,50,2017-10-07,,,,,
성북구,11290,길음동,1280,11290-210,길음뉴타운2단지푸르지오,114.73,12,2005,20000,100,2017-10-31,,,,,
성북구,11290,길음동,1280,11290-210,길음뉴타운2단지푸르지오,114.73,2,2005,50000,0,2017-10-14,,,,,
성북구,11290,길음동,1280,11290-210,길음뉴타운2단지푸르지오,114.73,5,2005,49000,0,2017-10-18,,,,,
성북구,11290,길음동,1280,11290-210,길음뉴타운2단지푸르지오,114.73,6,2005,4000,147,2017-10-20,,,,,
성북구,11290,길음동,1280,11290-210,길음뉴타운2단지푸르지오,84.97,16,2005,41500,0,2017-10-14,,,,,
성북구,11290,길음동,1280,11290-210,길음뉴타운2단지푸르지오,84.97,2,2005,5000,130,2017-10-25,,,,,
성북구,11290,길음동,1280,11290-210,길음뉴타운2단지푸르지오,84.97,3,2005,10000,75,2017-10-25,,,,,
성북구,11290,길음동,1280,11290-210,길음뉴타운2단지푸르지오,84.97,4,2005,40000,0,2017-10-13,,,,,
성북구,11290,길음동,1280-1,11290-211,길음뉴타운3단지푸르지오,59.77,14,2005,33000,0,2017-10-13,,,,,
성북구,11290,길음동,1280-1,11290-211,길음뉴타운3단지푸르지오,59.99,3,2005,31000,0,2017-10-11,,,,,
성북구,11290,길음동,1280-3,11290-3641,"길음3단지(임대307동,308동,1280-3)",30.61,12,2005,4640,0,2017-10-12,,,,,
성북구,11290,길음동,1281,11290-212,길음뉴타운4단지(e편한세상),114.88,12,2005,57000,0,2017-10-14,,,,,
성북구,11290,길음동,1281,11290-212,길음뉴타운4단지(e편한세상),114.88,13,2005,53000,0,2017-10-20,,,,,
성북구,11290,길음동,1281,11290-212,길음뉴타운4단지(e편한세상),114.88,3,2005,56000,0,2017-10-12,,,,,
성북구,11290,길음동,1281,11290-212,길음뉴타운4단지(e편한세상),114.88,9,2005,56000,0,2017-10-11,,,,,
성북구,11290,길음동,1281,11290-212,길음뉴타운4단지(e편한세상),59.97,1,2005,38000,0,2017-10-27,,,,,
성북구,11290,길음동,1281,11290-212,길음뉴타운4단지(e편한세상),59.97,2,2005,36500,0,2017-10-30,,,,,
성북구,11290,길음동,1281,11290-212,길음뉴타운4단지(e편한세상),59.97,4,2005,36500,0,2017-10-26,,,,,
성북구,11290,길음동,1281,11290-212,길음뉴타운4단지(e편한세상),59.97,7,2005,39000,0,2017-10-23,,,,,
성북구,11290,길음동,1281,11290-212,길음뉴타운4단지(e편한세상),84.64,18,2005,49000,0,2017-10-27,,,,,
성북구,11290,길음동,1281,11290-212,길음뉴타운4단지(e편한세상),84.64,2,2005,43500,0,2017-10-28,,,,,
성북구,11290,길음동,1281,11290-212,길음뉴타운4단지(e편한세상),84.64,2,2005,47000,0,2017-10-11,,,,,
성북구,11290,길음동,1281,11290-212,길음뉴타운4단지(e편한세상),84.64,3,2005,46000,0,2017-10-14,,,,,
성북구,11290,길음동,1281,11290-212,길음뉴타운4단지(e편한세상),84.64,5,2005,46000,0,2017-10-20,,,,,
성북구,11290,길음동,1281,11290-212,길음뉴타운4단지(e편한세상),84.64,7,2005,5000,130,2017-10-23,,,,,
성북구,11290,길음동,1281-1,11290-3642,"길음4단지(임대426동,1281-1)",30.15,7,2005,3705,0,2017-10-11,,,,,
성북구,11290,길음동,1282,11290-3511,길음뉴타운5단지(래미안),59.75,17,2006,20000,0,2017-10-14,,,,,
성북구,11290,길음동,1282,11290-3511,길음뉴타운5단지(래미안),59.75,20,2006,41000,0,2017-10-19,,,,,
성북구,11290,길음동,1282,11290-3511,길음뉴타운5단지(래미안),59.75,4,2006,40000,0,2017-10-29,,,,,
성북구,11290,길음동,1282,11290-3511,길음뉴타운5단지(래미안),59.75,5,2006,40000,0,2017-10-23,,,,,
성북구,11290,길음동,1282,11290-3511,길음뉴타운5단지(래미안),84.96,16,2006,6000,135,2017-10-07,,,,,
성북구,11290,길음동,1283,11290-3512,길음뉴타운6단지(래미안),113.226,17,2007,62000,0,2017-10-20,,,,,
성북구,11290,길음동,1283,11290-3512,길음뉴타운6단지(래미안),59.373,10,2007,28000,30,2017-10-12,,,,,
성북구,11290,길음동,1283,11290-3512,길음뉴타운6단지(래미안),59.373,12,2007,39000,0,2017-10-27,,,,,
성북구,11290,길음동,1283,11290-3512,길음뉴타운6단지(래미안),59.373,18,2007,41000,0,2017-10-14,,,,,
성북구,11290,길음동,1283,11290-3512,길음뉴타운6단지(래미안),84.049,12,2007,37000,30,2017-10-24,,,,,
성북구,11290,길음동,1283,11290-3512,길음뉴타운6단지(래미안),84.049,13,2007,43000,0,2017-10-02,,,,,
성북구,11290,길음동,1283,11290-3512,길음뉴타운6단지(래미안),84.049,16,2007,53000,0,2017-10-14,,,,,
성북구,11290,길음동,1284,11290-3807,길음뉴타운8단지(래미안),114.99,1,2010,58000,0,2017-10-09,,,,,
성북구,11290,길음동,1284,11290-3807,길음뉴타운8단지(래미안),59.99,1,2010,43000,0,2017-10-12,,,,,
성북구,11290,길음동,1284,11290-3807,길음뉴타운8단지(래미안),59.99,11,2010,38000,0,2017-10-21,,,,,
성북구,11290,길음동,1284,11290-3807,길음뉴타운8단지(래미안),59.99,2,2010,25000,50,2017-10-20,,,,,
성북구,11290,길음동,1284,11290-3807,길음뉴타운8단지(래미안),59.99,25,2010,38000,0,2017-10-10,,,,,
성북구,11290,길음동,1284,11290-3807,길음뉴타운8단지(래미안),84.82,14,2010,36000,50,2017-10-16,,,,,
성북구,11290,길음동,1284,11290-3807,길음뉴타운8단지(래미안),84.92,12,2010,53000,0,2017-10-21,,,,,
성북구,11290,길음동,1284,11290-3807,길음뉴타운8단지(래미안),84.92,8,2010,39000,30,2017-10-22,,,,,
성북구,11290,길음동,1285,11290-3815,길음뉴타운7단지(두산위브),114.99,17,2010,60000,0,2017-10-31,,,,,
성북구,11290,길음동,1285,11290-3815,길음뉴타운7단지(두산위브),84.96,15,2010,51000,0,2017-10-26,,,,,
성북구,11290,길음동,1286,11290-3825,길음뉴타운9단지(래미안),114.86,3,2010,60000,0,2017-10-21,,,,,
성북구,11290,길음동,1286,11290-3825,길음뉴타운9단지(래미안),134.99,17,2010,71500,0,2017-10-19,,,,,
성북구,11290,길음동,1286,11290-3825,길음뉴타운9단지(래미안),59.92,1,2010,39000,0,2017-10-24,,,,,
성북구,11290,길음동,1286,11290-3825,길음뉴타운9단지(래미안),84.96,13,2010,10000,120,2017-10-11,,,,,
성북구,11290,길음동,1286,11290-3825,길음뉴타운9단지(래미안),84.96,15,2010,52000,0,2017-10-15,,,,,
성북구,11290,길음동,1286,11290-3825,길음뉴타운9단지(래미안),84.96,25,2010,12000,115,2017-10-28,,,,,
성북구,11290,길음동,1286,11290-3825,길음뉴타운9단지(래미안),84.96,3,2010,52000,0,2017-10-11,,,,,
성북구,11290,길음동,1286,11290-3825,길음뉴타운9단지(래미안),84.96,3,2010,52000,0,2017-10-31,,,,,
성북구,11290,길음동,1286-7,11290-3861,"길음9단지(임대951동~953동,1286-7)",33.28,6,2010,7059,0,2017-10-30,,,,,
성북구,11290,길음동,635-168,11290-58,길음뉴타운신안파크아파트,68.14,2,1988,23500,0,2017-10-27,,,,,
성북구,11290,길음동,635-168,11290-58,길음뉴타운신안파크아파트,79.87,12,1988,28000,0,2017-10-28,,,,,
성북구,11290,돈암동,1,11290-21,돈암현대아파트,55.89,5,1991,24000,0,2017-10-23,,,,,
성북구,11290,돈암동,1,11290-21,돈암현대아파트,56.7,4,1991,10000,48,2017-10-28,,,,,
성북구,11290,돈암동,1,11290-21,돈암현대아파트,56.7,7,1991,27000,0,2017-10-31,,,,,
성북구,11290,돈암동,1,11290-21,돈암현대아파트,68.76,6,1991,29000,0,2017-10-20,,,,,
성북구,11290,돈암동,1,11290-21,돈암현대아파트,84.39,13,1991,33000,0,2017-10-27,,,,,
성북구,11290,돈암동,1,11290-21,돈암현대아파트,84.8,12,1991,28000,0,2017-10-14,,,,,
성북구,11290,돈암동,15-1,11290-17,돈암동삼성,114.66,4,1999,40000,0,2017-10-28,,,,,
성북구,11290,돈암동,15-1,11290-17,돈암동삼성,59.4,4,1999,27000,0,2017-10-14,,,,,
성북구,11290,돈암동,15-1,11290-17,돈암동삼성,59.4,4,1999,29000,0,2017-10-06,,,,,
성북구,11290,돈암동,15-1,11290-17,돈암동삼성,84.59,1,1999,3600,0,2017-10-14,,,,,
성북구,11290,돈암동,15-1,11290-17,돈암동삼성,84.59,4,1999,35000,0,2017-10-11,,,,,
성북구,11290,돈암동,42-32,11290-13,고명,54.78,4,1972,10000,10,2017-10-04,17.11~19.11,신규,,,
성북구,11290,돈암동,524,11290-204,일신건영휴먼빌아파트,117.16,7,2005,46000,0,2017-10-24,,,,,
성북구,11290,돈암동,524,11290-204,일신건영휴먼빌아파트,84.98,19,2005,39000,0,2017-10-17,,,,,
성북구,11290,돈암동,524,11290-204,일신건영휴먼빌아파트,84.98,5,2005,42200,0,2017-10-18,,,,,
성북구,11290,돈암동,603,11290-3475,돈암동더샵아파트,84.817,6,2006,28000,40,2017-10-19,,,,,
성북구,11290,돈암동,609-1,11290-19,한신,132.96,14,1998,6000,0,2017-10-25,,,,,
성북구,11290,돈암동,609-1,11290-19,한신,132.96,18,1998,46000,0,2017-10-16,,,,,
성북구,11290,돈암동,609-1,11290-19,한신,132.96,20,1998,47000,0,2017-10-11,,,,,
성북구,11290,돈암동,609-1,11290-19,한신,132.96,6,1998,48000,0,2017-10-28,,,,,
성북구,11290,돈암동,609-1,11290-19,한신,132.96,9,1998,47000,0,2017-10-30,,,,,
성북구,11290,돈암동,609-1,11290-19,한신,68.13,1,1998,30000,0,2017-10-10,,,,,
성북구,11290,돈암동,609-1,11290-19,한신,68.13,10,1998,30000,0,2017-10-31,,,,,
성북구,11290,돈암동,609-1,11290-19,한신,68.13,17,1998,5000,110,2017-10-24,,,,,
성북구,11290,돈암동,609-1,11290-19,한신,68.13,7,1998,30000,0,2017-10-25,,,,,
성북구,11290,돈암동,609-1,11290-19,한신,84.87,13,1998,39000,0,2017-10-14,,,,,
성북구,11290,돈암동,609-1,11290-19,한신,84.87,5,1998,37000,0,2017-10-27,17.10~19.10,신규,,,
성북구,11290,돈암동,609-1,11290-20,한진(609-1),113.67,11,1998,43000,0,2017-10-30,,,,,
성북구,11290,돈암동,609-1,11290-20,한진(609-1),113.67,15,1998,45000,0,2017-10-30,,,,,
성북구,11290,돈암동,609-1,11290-20,한진(609-1),132.96,3,1998,45500,0,2017-10-24,,,,,
성북구,11290,돈암동,609-1,11290-20,한진(609-1),59.58,1,1998,23000,0,2017-10-23,,,,,
성북구,11290,돈암동,609-1,11290-20,한진(609-1),59.58,10,1998,5000,80,2017-10-14,,,,,
성북구,11290,돈암동,609-1,11290-20,한진(609-1),59.58,12,1998,26500,0,2017-10-15,,,,,
성북구,11290,돈암동,609-1,11290-20,한진(609-1),59.58,14,1998,26000,0,2017-10-25,,,,,
성북구,11290,돈암동,609-1,11290-20,한진(609-1),59.58,16,1998,27000,0,2017-10-20,,,,,
성북구,11290,돈암동,609-1,11290-20,한진(609-1),59.58,17,1998,27000,0,2017-10-21,,,,,
성북구,11290,돈암동,609-1,11290-20,한진(609-1),59.58,3,1998,24500,0,2017-10-14,,,,,
성북구,11290,돈암동,609-1,11290-20,한진(609-1),59.58,4,1998,26000,0,2017-10-29,,,,,
성북구,11290,돈암동,609-1,11290-20,한진(609-1),84.87,11,1998,3000,120,2017-10-12,,,,,
성북구,11290,돈암동,609-1,11290-20,한진(609-1),84.87,15,1998,37000,0,2017-10-12,,,,,
성북구,11290,돈암동,609-1,11290-20,한진(609-1),84.87,18,1998,37000,0,2017-10-20,,,,,
성북구,11290,돈암동,630,11290-15,동소문현대,84.72,1,1994,32000,0,2017-10-12,,,,,
성북구,11290,돈암동,631,11290-16,범양,114.93,15,1998,40000,0,2017-10-28,,,,,
성북구,11290,돈암동,631,11290-16,범양,59.79,10,1998,28500,0,2017-10-10,,,,,
성북구,11290,돈암동,631,11290-16,범양,59.79,11,1998,3000,90,2017-10-27,,,,,
성북구,11290,돈암동,631,11290-16,범양,59.79,3,1998,14000,45,2017-10-23,,,,,
성북구,11290,돈암동,631,11290-16,범양,59.79,4,1998,5000,80,2017-10-10,,,,,
성북구,11290,돈암동,631,11290-16,범양,59.79,9,1998,28500,0,2017-10-14,17.11~19.11,신규,,,
성북구,11290,돈암동,631,11290-16,범양,84.92,13,1998,35000,0,2017-10-16,,,,,
성북구,11290,돈암동,631,11290-16,범양,84.92,8,1998,20000,53,2017-10-30,,,,,
성북구,11290,돈암동,632,11290-18,돈암동 풍림아파트 101~105동,84.68,12,1999,1000,105,2017-10-19,,,,,
성북구,11290,돈암동,633,11290-22,동부센트레빌,80.54,19,2003,41000,0,2017-10-30,,,,,
성북구,11290,돈암동,633,11290-22,동부센트레빌,80.54,4,2003,42000,0,2017-10-23,,,,,
성북구,11290,돈암동,633,11290-22,동부센트레빌,81.82,2,2003,47000,0,2017-10-16,17.12~19.12,신규,,,
성북구,11290,돈암동,636,11290-116,이수브라운스톤돈암,59.99,17,2004,10000,70,2017-10-14,,,,,
성북구,11290,돈암동,636,11290-116,이수브라운스톤돈암,59.99,3,2004,35500,0,2017-10-01,,,,,
성북구,11290,돈암동,636,11290-116,이수브라운스톤돈암,59.99,9,2004,37000,0,2017-10-20,,,,,
성북구,11290,돈암동,636,11290-116,이수브라운스톤돈암,84.97,6,2004,42500,0,2017-10-27,,,,,
성북구,11290,돈암동,636,11290-116,이수브라운스톤돈암,84.97,6,2004,45000,0,2017-10-29,,,,,
성북구,11290,돈암동,639,11290-3519,돈암힐스테이트,84.54,10,2007,10000,100,2017-10-30,,,,,
성북구,11290,돈암동,639,11290-3519,돈암힐스테이트,84.74,4,2007,22000,70,2017-10-31,,,,,
성북구,11290,돈암동,643,11290-4173,길음역금호어울림센터힐,84.94,13,2014,5000,145,2017-10-18,,,,,
성북구,11290,돈암동,644,11290-4544,돈암코오롱하늘채,84.869,13,2016,51000,0,2017-10-13,17.12~19.12,신규,,,
성북구,11290,돈암동,644,11290-4544,돈암코오롱하늘채,84.9594,5,2016,52000,0,2017-10-24,17.12~19.12,신규,,,
성북구,11290,동선동4가,295-1,11290-3718,한양수자인,68.03,9,2008,3000,105,2017-10-21,,,,,
성북구,11290,동소문동5가,120,11290-3476,돈암동일하이빌,84.958,15,2006,32000,40,2017-10-30,,,,,
성북구,11290,동소문동6가,138-1,11290-3986,하이얀,16.87,6,2013,7000,25,2017-10-12,,,,,
성북구,11290,동소문동6가,138-1,11290-3986,하이얀,16.94,10,2013,8000,20,2017-10-17,,,,,
성북구,11290,동소문동6가,138-1,11290-3986,하이얀,16.94,8,2013,2000,55,2017-10-20,,,,,
성북구,11290,동소문동6가,3-1,11290-4199,시티플레이스,14.02,18,2015,1000,75,2017-10-20,,,,,
성북구,11290,동소문동7가,23,11290-28,한신플러스C,59.91,15,2004,36000,0,2017-10-28,,,,,
성북구,11290,동소문동7가,23,11290-28,한신플러스C,59.91,5,2004,35000,0,2017-10-14,,,,,
성북구,11290,보문동3가,2,11290-81,현대I-PARK,59.65,2,2003,3000,115,2017-10-14,,,,,
성북구,11290,보문동3가,230,11290-4074,이편한세상보문,84.774,12,2013,32500,45,2017-10-21,,,,,
성북구,11290,보문동3가,230,11290-4074,이편한세상보문,84.904,13,2013,44000,0,2017-10-12,,,,,
성북구,11290,보문동6가,36-2,11290-35,아남,84.9,15,1994,29500,0,2017-10-18,,,,,
성북구,11290,보문동6가,458,11290-4536,보문파크뷰자이,29.96,6,2017,6371,17,2017-10-31,,,,,
성북구,11290,보문동6가,458,11290-4536,보문파크뷰자이,45.81,9,2017,40000,0,2017-10-23,17.10~19.10,신규,,,
성북구,11290,삼선동2가,420,11290-3485,삼선현대힐스테이트,56.83,10,2009,35000,0,2017-10-15,,,,,
성북구,11290,삼선동2가,425,11290-3576,삼선푸르지오,114.65,11,2008,36000,40,2017-10-23,,,,,
성북구,11290,삼선동2가,425,11290-3576,삼선푸르지오,114.65,12,2008,48000,0,2017-10-17,,,,,
성북구,11290,삼선동2가,425,11290-3576,삼선푸르지오,114.65,4,2008,52000,0,2017-10-18,,,,,
성북구,11290,삼선동2가,425,11290-3576,삼선푸르지오,59.95,3,2008,15000,50,2017-10-18,17.12~19.12,신규,,,
성북구,11290,삼선동2가,425,11290-3576,삼선푸르지오,59.95,7,2008,5000,110,2017-10-30,,,,,
성북구,11290,삼선동2가,425,11290-3576,삼선푸르지오,84.82,4,2008,6000,140,2017-10-24,,,,,
성북구,11290,삼선동3가,116,11290-3905,삼선에스케이뷰,116.86,6,2012,40000,0,2017-10-12,,,,,
성북구,11290,삼선동3가,116,11290-3905,삼선에스케이뷰,84.94,10,2012,30000,75,2017-10-14,,,,,
성북구,11290,삼선동3가,116,11290-3905,삼선에스케이뷰,84.94,8,2012,20000,100,2017-10-17,,,,,
성북구,11290,삼선동3가,116,11290-3905,삼선에스케이뷰,84.95,15,2012,52000,0,2017-10-20,,,,,
성북구,11290,삼선동4가,73,11290-31,코오롱,59.94,16,1999,5000,100,2017-10-18,,,,,
성북구,11290,삼선동4가,73,11290-31,코오롱,84.87,7,1999,39000,0,2017-10-28,,,,,
성북구,11290,상월곡동,101,11290-71,동아에코빌,114.66,1,2003,40000,0,2017-10-15,,,,,
성북구,11290,상월곡동,101,11290-71,동아에코빌,114.66,4,2003,41000,0,2017-10-16,,,,,
성북구,11290,상월곡동,101,11290-71,동아에코빌,59.95,10,2003,27000,0,2017-10-20,,,,,
성북구,11290,상월곡동,101,11290-71,동아에코빌,59.95,15,2003,29500,0,2017-10-12,,,,,
성북구,11290,상월곡동,101,11290-71,동아에코빌,59.95,19,2003,30000,0,2017-10-20,,,,,
성북구,11290,상월곡동,101,11290-71,동아에코빌,59.95,23,2003,27000,0,2017-10-15,17.12~19.12,신규,,,
성북구,11290,상월곡동,101,11290-71,동아에코빌,84.97,3,2003,10000,80,2017-10-24,,,,,
성북구,11290,상월곡동,101,11290-71,동아에코빌,84.97,9,2003,35000,0,2017-10-17,,,,,
성북구,11290,상월곡동,101-1,11290-3644,동아에코빌아파트(임대),31.59,17,2003,3922,0,2017-10-24,,,,,
성북구,11290,상월곡동,55-56,11290-70,우남푸르미아,84.51,1,1994,30000,0,2017-10-17,,,,,
성북구,11290,석관동,10,11290-74,두산,54.55,8,1998,28000,0,2017-10-20,,,,,
성북구,11290,석관동,10,11290-74,두산,59.97,17,1998,14000,55,2017-10-18,,,,,
성북구,11290,석관동,10,11290-74,두산,59.97,2,1998,30000,0,2017-10-27,,,,,
성북구,11290,석관동,10,11290-74,두산,59.97,20,1998,29500,0,2017-10-10,,,,,
성북구,11290,석관동,10,11290-74,두산,59.97,9,1998,32000,0,2017-10-14,,,,,
성북구,11290,석관동,10,11290-74,두산,84.9,10,1998,25000,40,2017-10-17,,,,,
성북구,11290,석관동,10,11290-74,두산,84.9,16,1998,35000,0,2017-10-19,,,,,
성북구,11290,석관동,10,11290-74,두산,84.9,16,1998,37500,0,2017-10-14,,,,,
성북구,11290,석관동,10,11290-74,두산,84.9,2,1998,35000,0,2017-10-15,,,,,
성북구,11290,석관동,404,11290-75,삼성,59.82,6,1997,5000,60,2017-10-24,,,,,
성북구,11290,석관동,404,11290-75,삼성,84.72,5,1997,27500,0,2017-10-13,,,,,
성북구,11290,석관동,405,11290-77,코오롱,59.94,7,1999,27000,0,2017-10-23,,,,,
성북구,11290,석관동,405,11290-77,코오롱,84.87,9,1999,33000,0,2017-10-15,,,,,
성북구,11290,석관동,407,11290-3766,석관래미안,114.97,11,2009,30000,50,2017-10-23,,,,,
성북구,11290,석관동,407,11290-3766,석관래미안,59.9,15,2009,36000,0,2017-10-03,,,,,
성북구,11290,석관동,407,11290-3766,석관래미안,59.9,2,2009,36500,0,2017-10-28,,,,,
성북구,11290,석관동,407,11290-3766,석관래미안,59.9,4,2009,39000,0,2017-10-13,,,,,
성북구,11290,안암동1가,361,11290-207,안암동삼성래미안,84.8681,15,2005,43000,0,2017-10-19,,,,,
성북구,11290,안암동1가,361,11290-207,안암동삼성래미안,84.8681,6,2005,8000,120,2017-10-19,,,,,
성북구,11290,안암동3가,135,11290-33,삼익,98.04,7,1983,25000,0,2017-10-23,,,,,
성북구,11290,안암동3가,136-1,11290-32,대광,42.61,6,1971,2000,0,2017-10-25,,,,,
성북구,11290,안암동3가,136-1,11290-32,대광,43.17,1,1971,6500,0,2017-10-15,17.11~19.11,신규,,,
성북구,11290,안암동3가,136-1,11290-32,대광,59.31,6,1971,9000,0,2017-10-12,,,,,
성북구,11290,안암동4가,23-3,11290-34,안암,52.03,5,1969,9000,0,2017-10-15,,,,,
성북구,11290,장위동,316-5,11290-3473,참누리아파트,84.98,13,2006,34000,0,2017-10-16,17.12~19.12,신규,,,
성북구,11290,장위동,316-5,11290-3473,참누리아파트,84.98,9,2006,32000,0,2017-10-11,,,,,
성북구,11290,장위동,317,11290-3719,꿈의숲대명루첸아파트,59.988,12,2008,34000,0,2017-10-31,,,,,
성북구,11290,장위동,317,11290-3719,꿈의숲대명루첸아파트,59.988,6,2008,32500,0,2017-10-21,,,,,
성북구,11290,장위동,317,11290-3719,꿈의숲대명루첸아파트,84.843,12,2008,10000,80,2017-10-13,,,,,
성북구,11290,장위동,319,11290-4641,꿈의숲코오롱하늘채,59.35,11,2017,33000,0,2017-10-23,17.12~19.12,신규,,,
성북구,11290,장위동,319,11290-4641,꿈의숲코오롱하늘채,59.35,12,2017,33000,0,2017-10-24,17.12~19.12,신규,,,
성북구,11290,장위동,319,11290-4641,꿈의숲코오롱하늘채,59.35,17,2017,8000,100,2017-10-12,17.12~19.12,신규,,,
성북구,11290,장위동,319,11290-4641,꿈의숲코오롱하늘채,59.35,19,2017,4000,115,2017-10-28,,,,,
성북구,11290,장위동,319,11290-4641,꿈의숲코오롱하늘채,59.35,19,2017,4000,115,2017-10-28,17.12~19.12,신규,,,
성북구,11290,장위동,319,11290-4641,꿈의숲코오롱하늘채,59.35,21,2017,36000,0,2017-10-18,17.12~19.12,신규,,,
성북구,11290,장위동,319,11290-4641,꿈의숲코오롱하늘채,59.35,22,2017,35000,0,2017-10-24,,,,,
성북구,11290,장위동,319,11290-4641,꿈의숲코오롱하늘채,59.35,27,2017,37000,0,2017-10-23,17.12~19.11,신규,,,
성북구,11290,장위동,319,11290-4641,꿈의숲코오롱하늘채,59.35,8,2017,33000,0,2017-10-28,17.12~19.12,신규,,,
성북구,11290,장위동,319,11290-4641,꿈의숲코오롱하늘채,59.35,9,2017,35000,0,2017-10-14,17.12~19.12,신규,,,
성북구,11290,장위동,319,11290-4641,꿈의숲코오롱하늘채,59.35,9,2017,35500,0,2017-10-14,17.11~19.11,신규,,,
성북구,11290,장위동,319,11290-4641,꿈의숲코오롱하늘채,59.5,19,2017,3000,25,2017-10-16,17.11~19.11,,,,
성북구,11290,장위동,319,11290-4641,꿈의숲코오롱하늘채,59.5,4,2017,6000,100,2017-10-28,17.12~19.12,신규,,,
성북구,11290,장위동,319,11290-4641,꿈의숲코오롱하늘채,59.92,17,2017,33000,0,2017-10-26,,,,,
성북구,11290,장위동,319,11290-4641,꿈의숲코오롱하늘채,59.92,7,2017,33000,0,2017-10-09,17.11~19.08,신규,,,
성북구,11290,장위동,319,11290-4641,꿈의숲코오롱하늘채,59.92,8,2017,34000,0,2017-10-21,17.11~19.11,신규,,,
성북구,11290,장위동,319,11290-4641,꿈의숲코오롱하늘채,84.71,12,2017,42000,0,2017-10-26,17.12~19.12,신규,,,
성북구,11290,장위동,319,11290-4641,꿈의숲코오롱하늘채,84.71,12,2017,44000,0,2017-10-21,17.12~19.12,신규,,,
성북구,11290,장위동,319,11290-4641,꿈의숲코오롱하늘채,84.71,3,2017,45000,0,2017-10-15,17.12~19.12,신규,,,
성북구,11290,장위동,319,11290-4641,꿈의숲코오롱하늘채,84.84,13,2017,43000,0,2017-10-21,17.12~19.12,신규,,,
성북구,11290,장위동,319,11290-4641,꿈의숲코오롱하늘채,84.84,17,2017,46000,0,2017-10-17,17.11~19.11,신규,,,
성북구,11290,장위동,319,11290-4641,꿈의숲코오롱하늘채,84.84,3,2017,39000,0,2017-10-21,17.12~19.12,신규,,,
성북구,11290,장위동,319,11290-4641,꿈의숲코오롱하늘채,84.84,4,2017,40000,0,2017-10-14,17.11~19.11,신규,,,
성북구,11290,장위동,319,11290-4641,꿈의숲코오롱하늘채,84.87,30,2017,5000,140,2017-10-11,17.11~19.11,신규,,,
성북구,11290,장위동,50-50,11290-3381,장위동동원베네스트,84.95,6,2005,31000,0,2017-10-27,,,,,
성북구,11290,정릉동,1014,11290-45,정릉스카이쌍용아파트,59.9,19,1999,26000,0,2017-10-19,,,,,
성북구,11290,정릉동,1014,11290-45,정릉스카이쌍용아파트,84.19,13,1999,32000,0,2017-10-20,,,,,
성북구,11290,정릉동,1015,11290-37,길음뉴타운경남아너스빌,50.45,7,1999,24000,0,2017-10-14,,,,,
성북구,11290,정릉동,1015,11290-37,길음뉴타운경남아너스빌,84.88,4,1999,33000,0,2017-10-28,,,,,
성북구,11290,정릉동,1017,11290-46,쌍용2,114.6,6,1999,39000,0,2017-10-31,,,,,
성북구,11290,정릉동,1017,11290-46,쌍용2,59.9,12,1999,26000,0,2017-10-29,,,,,
성북구,11290,정릉동,1017,11290-46,쌍용2,59.9,2,1999,23000,0,2017-10-31,,,,,
성북구,11290,정릉동,1018,11290-53,길음뉴타운데시앙,59.42,10,1999,22000,15,2017-10-31,17.11~19.11,신규,,,
성북구,11290,정릉동,1018,11290-53,길음뉴타운데시앙,59.42,15,1999,3000,75,2017-10-09,,,,,
성북구,11290,정릉동,1018,11290-53,길음뉴타운데시앙,59.42,7,1999,15000,30,2017-10-13,,,,,
성북구,11290,정릉동,1020,11290-48,정릉우성아파트 101~105동,46.65,1,2000,23000,0,2017-10-02,,,,,
성북구,11290,정릉동,1020,11290-48,정릉우성아파트 101~105동,59.97,8,2000,13000,45,2017-10-12,,,,,
성북구,11290,정릉동,1020,11290-48,정릉우성아파트 101~105동,84.99,10,2000,33000,0,2017-10-18,,,,,
성북구,11290,정릉동,1020,11290-48,정릉우성아파트 101~105동,84.99,18,2000,10000,80,2017-10-28,,,,,
성북구,11290,정릉동,1021,11290-38,대우,59.98,3,2001,23000,0,2017-10-15,,,,,
성북구,11290,정릉동,1021,11290-38,대우,59.98,6,2001,18000,20,2017-10-17,,,,,
성북구,11290,정릉동,1024,11290-112,피오레,94.59,10,2004,32000,0,2017-10-19,17.10~19.10,신규,,,
성북구,11290,정릉동,1025,11290-117,정릉힐스테이트,59.94,4,2004,20000,40,2017-10-27,,,,,
성북구,11290,정릉동,1028,11290-3510,정릉e-편한세상,114.56,1,2006,42000,0,2017-10-26,,,,,
성북구,11290,정릉동,1028,11290-3510,정릉e-편한세상,59.77,18,2006,31000,0,2017-10-21,,,,,
성북구,11290,정릉동,1028,11290-3510,정릉e-편한세상,59.77,4,2006,31000,0,2017-10-14,,,,,
성북구,11290,정릉동,1028,11290-3510,정릉e-편한세상,59.77,7,2006,30000,0,2017-10-29,,,,,
성북구,11290,정릉동,1029,11290-3509,정릉한일유앤아이,108.71,9,2006,20000,60,2017-10-02,17.12~19.12,신규,,,
성북구,11290,정릉동,1030,11290-3534,정릉힐스테이트1차,84.88,7,2007,40000,0,2017-10-26,,,,,
성북구,11290,정릉동,1031,11290-3622,정릉힐스테이트3차,114.78,8,2008,49500,0,2017-10-18,,,,,
성북구,11290,정릉동,1032,11290-3647,정릉2차대주피오레,84.9819,4,2008,36500,0,2017-10-20,,,,,
성북구,11290,정릉동,1033,11290-3695,우정에쉐르,84.92,1,2009,31000,0,2017-10-11,,,,,
성북구,11290,정릉동,1035,11290-3763,정릉2차e-편한세상,59.37,7,2009,10000,85,2017-10-14,,,,,
성북구,11290,정릉동,1035,11290-3763,정릉2차e-편한세상,84.4,15,2009,42000,0,2017-10-21,,,,,
성북구,11290,정릉동,1035,11290-3763,정릉2차e-편한세상,84.4,3,2009,43000,0,2017-10-01,,,,,
성북구,11290,정릉동,210,11290-54,정릉푸른마을동아,84.96,1,2003,29000,0,2017-10-23,,,,,
성북구,11290,정릉동,210,11290-54,정릉푸른마을동아,84.96,3,2003,31000,0,2017-10-23,,,,,
성북구,11290,정릉동,239,11290-82,정릉풍림아이원,114.75,15,2005,35000,0,2017-10-02,,,,,
성북구,11290,정릉동,239,11290-82,정릉풍림아이원,59.88,1,2005,23000,0,2017-10-24,,,,,
성북구,11290,정릉동,239,11290-82,정릉풍림아이원,59.88,12,2005,10000,45,2017-10-24,,,,,
성북구,11290,정릉동,239,11290-82,정릉풍림아이원,59.88,14,2005,25000,0,2017-10-13,,,,,
성북구,11290,정릉동,239,11290-82,정릉풍림아이원,59.88,3,2005,24000,0,2017-10-11,,,,,
성북구,11290,정릉동,239,11290-82,정릉풍림아이원,59.88,9,2005,25000,0,2017-10-18,17.11~19.11,갱신,,21000,
성북구,11290,정릉동,239,11290-82,정릉풍림아이원,84.09,4,2005,32500,0,2017-10-12,,,,,
성북구,11290,정릉동,239,11290-82,정릉풍림아이원,84.09,9,2005,3000,100,2017-10-01,,,,,
성북구,11290,정릉동,406,11290-3372,정릉푸르지오,59.98,5,2005,33000,0,2017-10-20,,,,,
성북구,11290,정릉동,406,11290-3372,정릉푸르지오,59.98,8,2005,33000,0,2017-10-28,,,,,
성북구,11290,정릉동,435,11290-110,중앙하이츠빌2단지,84.95,1,2005,33000,0,2017-10-24,,,,,
성북구,11290,정릉동,435,11290-110,중앙하이츠빌2단지,84.95,9,2005,30000,0,2017-10-28,,,,,
성북구,11290,정릉동,494,11290-111,중앙하이츠빌1단지,59.98,5,2004,10000,50,2017-10-14,,,,,
성북구,11290,정릉동,494,11290-111,중앙하이츠빌1단지,84.98,1,2004,8000,60,2017-10-30,,,,,
성북구,11290,정릉동,494,11290-111,중앙하이츠빌1단지,84.98,9,2004,20000,60,2017-10-14,,,,,
성북구,11290,정릉동,809,11290-50,정릉중앙하이츠아파트,59.26,1,1999,19000,0,2017-10-20,17.11~19.11,신규,,,
성북구,11290,정릉동,809,11290-50,정릉중앙하이츠아파트,59.26,2,1999,20000,0,2017-10-24,,,,,
성북구,11290,종암동,104-1,11290-65,종암에스케이,114.75,12,1999,39000,0,2017-10-27,,,,,
성북구,11290,종암동,104-1,11290-65,종암에스케이,114.75,8,1999,39000,0,2017-10-19,,,,,
성북구,11290,종암동,104-1,11290-65,종암에스케이,59.04,2,1999,18000,20,2017-10-31,,,,,
성북구,11290,종암동,104-1,11290-65,종암에스케이,59.86,14,1999,15000,42,2017-10-14,,,,,
성북구,11290,종암동,104-1,11290-65,종암에스케이,59.86,21,1999,28000,0,2017-10-12,,,,,
성북구,11290,종암동,104-1,11290-65,종암에스케이,59.86,6,1999,19000,28,2017-10-31,,,,,
성북구,11290,종암동,104-1,11290-65,종암에스케이,84.72,14,1999,35000,0,2017-10-31,,,,,
성북구,11290,종암동,104-1,11290-65,종암에스케이,84.72,19,1999,36000,0,2017-10-02,,,,,
성북구,11290,종암동,104-1,11290-65,종암에스케이,84.72,9,1999,21000,0,2017-10-05,,,,,
성북구,11290,종암동,128,11290-62,극동,114.75,4,2000,40000,0,2017-10-26,,,,,
성북구,11290,종암동,128,11290-62,극동,59.67,11,2000,30000,0,2017-10-24,,,,,
성북구,11290,종암동,128,11290-62,극동,59.67,14,2000,30000,0,2017-10-14,,,,,
성북구,11290,종암동,128,11290-62,극동,84.96,17,2000,20000,40,2017-10-26,,,,,
성북구,11290,종암동,130,11290-113,아이파크종암동1차,55.27,9,2004,33000,0,2017-10-15,,,,,
성북구,11290,종암동,130,11290-113,아이파크종암동1차,59.73,12,2004,34000,0,2017-10-26,,,,,
성북구,11290,종암동,131,11290-3379,아이파크종암동2차,114.698,7,2005,10000,0,2017-10-05,,,,,
성북구,11290,종암동,131,11290-3379,아이파크종암동2차,59.675,8,2005,34000,0,2017-10-19,17.10~19.10,갱신,,33000,
성북구,11290,종암동,131-1,11290-3579,"종암에스에이치빌(임대216동,131-1)",30.336,8,2007,1530,17,2017-10-17,,,,,
성북구,11290,종암동,132,11290-3624,우림카이저팰리스,84.52,25,2008,40000,0,2017-10-30,,,,,
성북구,11290,종암동,133,11290-3786,래미안세레니티,114.99,12,2009,53000,0,2017-10-07,,,,,
성북구,11290,종암동,133,11290-3786,래미안세레니티,114.99,12,2009,57000,0,2017-10-28,,,,,
성북구,11290,종암동,133,11290-3786,래미안세레니티,59.92,11,2009,40000,0,2017-10-02,,,,,
성북구,11290,종암동,133,11290-3786,래미안세레니티,59.97,16,2009,33000,28,2017-10-30,,,,,
성북구,11290,종암동,133,11290-3786,래미안세레니티,59.97,2,2009,38000,0,2017-10-10,,,,,
성북구,11290,종암동,133,11290-3786,래미안세레니티,59.97,8,2009,40000,0,2017-10-28,,,,,
성북구,11290,종암동,133,11290-3786,래미안세레니티,84.92,13,2009,48000,0,2017-10-13,,,,,
성북구,11290,종암동,133,11290-3786,래미안세레니티,84.99,2,2009,44000,0,2017-10-20,,,,,
성북구,11290,종암동,134,11290-3824,래미안라센트,59.98,4,2011,39000,0,2017-10-06,,,,,
성북구,11290,종암동,134,11290-3824,래미안라센트,59.98,5,2011,40000,5,2017-10-14,,,,,
성북구,11290,종암동,134,11290-3824,래미안라센트,59.98,5,2011,41000,0,2017-10-14,,,,,
성북구,11290,종암동,134,11290-3824,래미안라센트,59.98,8,2011,10000,90,2017-10-26,,,,,
성북구,11290,종암동,134,11290-3824,래미안라센트,84.99,4,2011,50000,0,2017-10-31,,,,,
성북구,11290,종암동,135,11290-3826,종암2차SKVIEW,59.95,18,2010,41000,0,2017-10-16,,,,,
성북구,11290,종암동,135,11290-3826,종암2차SKVIEW,59.98,7,2010,5000,110,2017-10-10,,,,,
성북구,11290,종암동,34-3,11290-64,종암선경,75.5,12,1996,32000,0,2017-10-02,,,,,
성북구,11290,종암동,34-3,11290-64,종암선경,75.5,15,1996,35000,0,2017-10-25,,,,,
성북구,11290,종암동,80,11290-84,래미안크리시엘,114.98,17,2004,47500,0,2017-10-25,,,,,
성북구,11290,종암동,80,11290-84,래미안크리시엘,59.99,10,2004,34000,0,2017-10-21,,,,,
성북구,11290,종암동,80,11290-84,래미안크리시엘,59.99,5,2004,30000,0,2017-10-14,,,,,
성북구,11290,종암동,80,11290-84,래미안크리시엘,84.95,11,2004,39000,0,2017-10-24,,,,,
성북구,11290,종암동,80,11290-84,래미안크리시엘,84.95,17,2004,41000,0,2017-10-28,,,,,
성북구,11290,종암동,80,11290-84,래미안크리시엘,84.95,2,2004,39000,0,2017-10-26,,,,,
성북구,11290,종암동,80,11290-84,래미안크리시엘,84.95,3,2004,38500,0,2017-10-21,,,,,
성북구,11290,종암동,80,11290-84,래미안크리시엘,84.95,4,2004,39500,0,2017-10-28,,,,,
성북구,11290,하월곡동,219,11290-67,동신,59.88,18,1998,25500,0,2017-10-26,,,,,
성북구,11290,하월곡동,219,11290-67,동신,59.88,18,1998,5000,70,2017-10-21,,,,,
성북구,11290,하월곡동,219,11290-67,동신,59.88,20,1998,28000,0,2017-10-29,,,,,
성북구,11290,하월곡동,219,11290-67,동신,59.88,4,1998,27000,0,2017-10-17,,,,,
성북구,11290,하월곡동,222,11290-88,월곡두산위브,114.752,2,2003,45000,0,2017-10-10,,,,,
성북구,11290,하월곡동,222,11290-88,월곡두산위브,59.855,13,2003,33000,0,2017-10-31,,,,,
성북구,11290,하월곡동,222,11290-88,월곡두산위브,59.855,17,2003,3300,0,2017-10-21,,,,,
성북구,11290,하월곡동,222,11290-88,월곡두산위브,59.855,3,2003,20000,43,2017-10-31,,,,,
성북구,11290,하월곡동,222,11290-88,월곡두산위브,59.855,3,2003,33000,0,2017-10-08,,,,,
성북구,11290,하월곡동,222,11290-88,월곡두산위브,59.855,6,2003,33000,0,2017-10-14,,,,,
성북구,11290,하월곡동,222,11290-88,월곡두산위브,84.647,4,2003,5000,50,2017-10-14,17.10~19.10,신규,,,
성북구,11290,하월곡동,222,11290-88,월곡두산위브,84.843,11,2003,40000,0,2017-10-28,,,,,
성북구,11290,하월곡동,222,11290-88,월곡두산위브,84.843,14,2003,38000,0,2017-10-21,,,,,
성북구,11290,하월곡동,222,11290-88,월곡두산위브,84.843,3,2003,39000,0,2017-10-28,,,,,
성북구,11290,하월곡동,222-1,11290-3468,월곡두산위브(임대),30.057,7,2003,3561,15,2017-10-20,,,,,
성북구,11290,하월곡동,225,11290-3492,래미안월곡,59.754,20,2006,38000,0,2017-10-21,,,,,
성북구,11290,하월곡동,225,11290-3492,래미안월곡,84.589,3,2006,43000,0,2017-10-12,,,,,
성북구,11290,하월곡동,226,11290-3572,월곡래미안루나밸리,114.93,17,2007,22500,90,2017-10-18,,,,,
성북구,11290,하월곡동,226,11290-3572,월곡래미안루나밸리,114.93,5,2007,55000,0,2017-10-28,,,,,
성북구,11290,하월곡동,226,11290-3572,월곡래미안루나밸리,114.93,6,2007,54000,0,2017-10-14,,,,,
성북구,11290,하월곡동,226,11290-3572,월곡래미안루나밸리,59.98,11,2007,15000,75,2017-10-14,17.11~19.11,신규,,,
성북구,11290,하월곡동,226,11290-3572,월곡래미안루나밸리,84.88,10,2007,50000,0,2017-10-10,,,,,
성북구,11290,하월곡동,226,11290-3572,월곡래미안루나밸리,84.88,11,2007,48000,0,2017-10-05,,,,,
성북구,11290,하월곡동,226,11290-3572,월곡래미안루나밸리,84.88,15,2007,5000,140,2017-10-25,,,,,
성북구,11290,하월곡동,226,11290-3572,월곡래미안루나밸리,84.88,18,2007,47000,0,2017-10-28,,,,,
성북구,11290,하월곡동,226,11290-3572,월곡래미안루나밸리,84.88,19,2007,48000,0,2017-10-11,,,,,
성북구,11290,하월곡동,226,11290-3572,월곡래미안루나밸리,84.88,20,2007,5000,0,2017-10-16,,,,,
성북구,11290,하월곡동,226,11290-3572,월곡래미안루나밸리,84.88,4,2007,30000,40,2017-10-21,,,,,
성북구,11290,하월곡동,228,11290-3794,꿈의숲푸르지오,59.65,12,2010,6000,75,2017-10-20,,,,,
성북구,11290,하월곡동,228,11290-3794,꿈의숲푸르지오,59.65,13,2010,34000,0,2017-10-14,,,,,
성북구,11290,하월곡동,228,11290-3794,꿈의숲푸르지오,59.65,5,2010,31000,0,2017-10-10,,,,,
성북구,11290,하월곡동,228,11290-3794,꿈의숲푸르지오,59.65,7,2010,32500,0,2017-10-16,,,,,
성북구,11290,하월곡동,228,11290-3794,꿈의숲푸르지오,59.65,8,2010,32000,0,2017-10-25,,,,,
성북구,11290,하월곡동,228,11290-3794,꿈의숲푸르지오,84.73,12,2010,47000,0,2017-10-24,,,,,
성북구,11290,하월곡동,229,11290-3859,길음서희스타힐스,84.91,18,2011,31000,0,2017-10-26,,,,,
성북구,11290,하월곡동,230,11290-3875,동일하이빌뉴시티,126.6,20,2011,53000,0,2017-10-17,,,,,
성북구,11290,하월곡동,230,11290-3875,동일하이빌뉴시티,126.6,21,2011,50000,0,2017-10-13,,,,,
성북구,11290,하월곡동,230,11290-3875,동일하이빌뉴시티,126.6,31,2011,30000,100,2017-10-02,,,,,
성북구,11290,하월곡동,230,11290-3875,동일하이빌뉴시티,133.74,19,2011,58000,0,2017-10-02,,,,,
성북구,11290,하월곡동,230,11290-3875,동일하이빌뉴시티,133.74,19,2011,58000,0,2017-10-16,,,,,
성북구,11290,하월곡동,230,11290-3875,동일하이빌뉴시티,189.07,11,2011,70000,0,2017-10-18,,,,,
성북구,11290,하월곡동,46-73,11290-3797,코업스타클래스,166.87,29,2010,75000,0,2017-10-20,,,,,
성북구,11290,하월곡동,88-64,11290-3558,성북힐스테이트(101동),84.14,19,2007,39000,45,2017-10-16,,,,,
성북구,11290,하월곡동,88-64,11290-3558,성북힐스테이트(101동),84.14,9,2007,37000,0,2017-10-12,,,,,
성북구,11290,하월곡동,88-64,11290-3558,성북힐스테이트(101동),84.69,19,2007,37000,0,2017-10-07,,,,,
송파구,11710,가락동,120-4,11710-44,가락우성2,59.99,6,2000,37000,0,2017-10-13,,,,,
송파구,11710,가락동,138,11710-53,가락미륭아파트,50,9,1986,30000,0,2017-10-30,,,,,
송파구,11710,가락동,138,11710-53,가락미륭아파트,64.26,7,1986,33000,0,2017-10-24,,,,,
송파구,11710,가락동,138,11710-53,가락미륭아파트,83.58,3,1986,45000,0,2017-10-19,,,,,
송파구,11710,가락동,140,11710-59,가락(1차)쌍용아파트,59.92,1,1997,15000,60,2017-10-21,,,,,
송파구,11710,가락동,140,11710-59,가락(1차)쌍용아파트,59.92,12,1997,43000,0,2017-10-18,,,,,
송파구,11710,가락동,140,11710-59,가락(1차)쌍용아파트,59.92,16,1997,44000,0,2017-10-16,,,,,
송파구,11710,가락동,140,11710-59,가락(1차)쌍용아파트,59.92,17,1997,44000,0,2017-10-16,,,,,
송파구,11710,가락동,140,11710-59,가락(1차)쌍용아파트,59.92,19,1997,42000,0,2017-10-21,,,,,
송파구,11710,가락동,140,11710-59,가락(1차)쌍용아파트,59.92,2,1997,10000,95,2017-10-14,17.11~19.11,신규,,,
송파구,11710,가락동,140,11710-59,가락(1차)쌍용아파트,59.92,2,1997,32000,45,2017-10-19,,,,,
송파구,11710,가락동,140,11710-59,가락(1차)쌍용아파트,59.92,22,1997,45000,0,2017-10-24,,,,,
송파구,11710,가락동,140,11710-59,가락(1차)쌍용아파트,59.92,8,1997,43000,0,2017-10-28,,,,,
송파구,11710,가락동,140,11710-59,가락(1차)쌍용아파트,59.92,9,1997,43000,0,2017-10-21,,,,,
송파구,11710,가락동,140,11710-59,가락(1차)쌍용아파트,84.69,10,1997,52000,0,2017-10-31,,,,,
송파구,11710,가락동,140,11710-59,가락(1차)쌍용아파트,84.69,11,1997,30000,80,2017-10-13,,,,,
송파구,11710,가락동,140,11710-59,가락(1차)쌍용아파트,84.69,14,1997,32000,70,2017-10-23,,,,,
송파구,11710,가락동,140,11710-59,가락(1차)쌍용아파트,84.69,14,1997,50000,20,2017-10-14,,,,,
송파구,11710,가락동,140,11710-59,가락(1차)쌍용아파트,84.69,15,1997,55000,0,2017-10-24,,,,,
송파구,11710,가락동,140,11710-59,가락(1차)쌍용아파트,84.69,16,1997,54000,0,2017-10-30,,,,,
송파구,11710,가락동,140,11710-59,가락(1차)쌍용아파트,84.69,16,1997,55000,0,2017-10-20,,,,,
송파구,11710,가락동,140,11710-59,가락(1차)쌍용아파트,84.69,16,1997,56000,0,2017-10-12,,,,,
송파구,11710,가락동,140,11710-59,가락(1차)쌍용아파트,84.69,16,1997,56500,0,2017-10-18,,,,,
송파구,11710,가락동,140,11710-59,가락(1차)쌍용아파트,84.69,3,1997,55000,0,2017-10-27,,,,,
송파구,11710,가락동,140,11710-59,가락(1차)쌍용아파트,84.69,5,1997,52000,0,2017-10-12,,,,,
송파구,11710,가락동,140,11710-59,가락(1차)쌍용아파트,84.69,7,1997,55000,0,2017-10-14,,,,,
송파구,11710,가락동,140,11710-59,가락(1차)쌍용아파트,84.69,8,1997,5000,160,2017-10-30,,,,,
송파구,11710,가락동,142,11710-65,풍림1,59.94,2,1995,32000,0,2017-10-13,,,,,
송파구,11710,가락동,142,11710-65,풍림1,80.52,6,1995,10000,100,2017-10-13,,,,,
송파구,11710,가락동,161-2,11710-71,현대(5차),54,7,1989,24000,30,2017-10-14,,,,,
송파구,11710,가락동,161-2,11710-71,현대(5차),82.68,3,1989,43000,0,2017-10-11,,,,,
송파구,11710,가락동,165,11710-6150,래미안파크팰리스,59.968,1,2007,54000,0,2017-10-30,,,,,
송파구,11710,가락동,165,11710-6150,래미안파크팰리스,59.968,14,2007,20000,125,2017-10-28,,,,,
송파구,11710,가락동,165,11710-6150,래미안파크팰리스,59.968,9,2007,58000,0,2017-10-30,,,,,
송파구,11710,가락동,165,11710-6150,래미안파크팰리스,59.968,9,2007,59000,0,2017-10-16,,,,,
송파구,11710,가락동,165,11710-6150,래미안파크팰리스,84.885,11,2007,30000,100,2017-10-11,,,,,
송파구,11710,가락동,165,11710-6150,래미안파크팰리스,84.885,16,2007,50000,60,2017-10-23,,,,,
송파구,11710,가락동,165,11710-6150,래미안파크팰리스,84.924,13,2007,67000,0,2017-10-31,,,,,
송파구,11710,가락동,165,11710-6150,래미안파크팰리스,84.936,14,2007,70000,0,2017-10-31,,,,,
송파구,11710,가락동,165,11710-6150,래미안파크팰리스,84.936,20,2007,30000,0,2017-10-19,,,,,
송파구,11710,가락동,165,11710-6150,래미안파크팰리스,84.936,20,2007,30000,110,2017-10-19,,,,,
송파구,11710,가락동,165,11710-6150,래미안파크팰리스,84.936,22,2007,46500,45,2017-10-21,,,,,
송파구,11710,가락동,176,11710-55,삼환,84.704,11,1984,35000,20,2017-10-02,,,,,
송파구,11710,가락동,176,11710-55,삼환,84.704,2,1984,39000,0,2017-10-24,,,,,
송파구,11710,가락동,176,11710-55,삼환,84.974,10,1984,42000,0,2017-10-28,,,,,
송파구,11710,가락동,176,11710-55,삼환,84.974,8,1984,40000,0,2017-10-11,,,,,
송파구,11710,가락동,192,11710-47,극동,120.4,15,1984,57000,0,2017-10-09,,,,,
송파구,11710,가락동,192,11710-47,극동,149.74,9,1984,48000,0,2017-10-12,,,,,
송파구,11710,가락동,192,11710-47,극동,59.4,7,1984,36000,0,2017-10-21,,,,,
송파구,11710,가락동,199,11710-67,프라자,133.76,4,1985,50000,0,2017-10-14,,,,,
송파구,11710,가락동,199,11710-67,프라자,84.67,4,1985,38000,0,2017-10-23,,,,,
송파구,11710,가락동,199,11710-67,프라자,84.67,5,1985,43000,0,2017-10-19,,,,,
송파구,11710,가락동,199,11710-67,프라자,84.67,7,1985,26000,0,2017-10-23,,,,,
송파구,11710,가락동,21-6,11710-42,가락쌍용(2차),59.88,11,1999,43000,0,2017-10-13,,,,,
송파구,11710,가락동,21-6,11710-42,가락쌍용(2차),59.88,16,1999,15000,100,2017-10-20,,,,,
송파구,11710,가락동,21-6,11710-42,가락쌍용(2차),84.42,16,1999,55000,0,2017-10-17,,,,,
송파구,11710,가락동,21-6,11710-42,가락쌍용(2차),84.42,22,1999,7000,0,2017-10-12,,,,,
송파구,11710,가락동,21-6,11710-42,가락쌍용(2차),84.42,8,1999,54000,0,2017-10-30,,,,,
송파구,11710,가락동,478,11710-303,송파동부쎈트레빌,84.98,12,2004,58000,0,2017-10-21,,,,,
송파구,11710,가락동,478,11710-303,송파동부쎈트레빌,84.98,6,2004,58000,0,2017-10-19,,,,,
송파구,11710,가락동,51-1,11710-234,쌍용스윗닷홈(105동),122.43,2,2005,63000,0,2017-10-19,17.10~19.10,갱신,,58000,
송파구,11710,가락동,53,11710-298,"가락3차쌍용스윗닷홈101동,102동",84.99,8,2005,29000,90,2017-10-15,,,,,
송파구,11710,가락동,55,11710-72,현대(6차),84.8,9,1991,35000,60,2017-10-18,,,,,
송파구,11710,가락동,70-19,11710-50,대림,69.74,7,1988,29000,40,2017-10-28,,,,,
송파구,11710,가락동,70-19,11710-50,대림,99.38,8,1988,20000,90,2017-10-14,,,,,
송파구,11710,가락동,80,11710-5828,성원상떼빌,101.52,5,2006,53500,0,2017-10-09,,,,,
송파구,11710,가락동,80,11710-5828,성원상떼빌,118.85,11,2006,65000,0,2017-10-31,,,,,
송파구,11710,가락동,80,11710-5828,성원상떼빌,145.72,24,2006,70000,0,2017-10-16,,,,,
송파구,11710,가락동,95,11710-51,동부센트레빌,115.93,6,2001,43000,60,2017-10-13,,,,,
송파구,11710,가락동,95,11710-51,동부센트레빌,143.02,17,2001,60000,50,2017-10-28,,,,,
송파구,11710,가락동,95-1,11710-49,가락금호아파트,59.91,15,1997,39500,0,2017-10-31,,,,,
송파구,11710,가락동,95-1,11710-49,가락금호아파트,59.91,17,1997,37000,11,2017-10-22,,,,,
송파구,11710,가락동,95-1,11710-49,가락금호아파트,59.91,23,1997,41000,0,2017-10-12,,,,,
송파구,11710,가락동,95-1,11710-49,가락금호아파트,59.91,25,1997,40000,0,2017-10-16,,,,,
송파구,11710,가락동,95-1,11710-49,가락금호아파트,84.85,11,1997,50000,0,2017-10-31,,,,,
송파구,11710,가락동,95-1,11710-49,가락금호아파트,84.85,22,1997,50000,0,2017-10-21,,,,,
송파구,11710,가락동,95-1,11710-49,가락금호아파트,85,1,1997,50000,0,2017-10-31,,,,,
송파구,11710,가락동,95-1,11710-49,가락금호아파트,85,20,1997,50500,0,2017-10-24,,,,,
송파구,11710,가락동,95-1,11710-49,가락금호아파트,85,22,1997,51000,0,2017-10-28,,,,,
송파구,11710,가락동,96-1,11710-61,우성,109.25,15,1986,50000,0,2017-10-18,,,,,
송파구,11710,가락동,96-1,11710-61,우성,127.75,10,1986,52000,0,2017-10-25,,,,,
송파구,11710,가락동,96-1,11710-61,우성,43.79,1,1986,27000,0,2017-10-12,,,,,
송파구,11710,가락동,96-1,11710-61,우성,43.79,13,1986,22000,20,2017-10-28,,,,,
송파구,11710,가락동,96-1,11710-61,우성,43.79,14,1986,5000,70,2017-10-22,,,,,
송파구,11710,가락동,96-1,11710-61,우성,43.79,2,1986,28000,0,2017-10-28,,,,,
송파구,11710,가락동,96-1,11710-61,우성,43.79,2,1986,29000,0,2017-10-26,,,,,
송파구,11710,가락동,96-1,11710-61,우성,43.79,3,1986,31000,0,2017-10-20,,,,,
송파구,11710,가락동,96-1,11710-61,우성,43.79,4,1986,29000,0,2017-10-24,,,,,
송파구,11710,가락동,96-1,11710-61,우성,43.79,6,1986,3000,80,2017-10-23,,,,,
송파구,11710,가락동,96-1,11710-61,우성,43.79,7,1986,3000,80,2017-10-23,,,,,
송파구,11710,가락동,96-1,11710-61,우성,43.79,7,1986,5000,70,2017-10-21,,,,,
송파구,11710,가락동,96-1,11710-61,우성,43.79,8,1986,27000,0,2017-10-31,,,,,
송파구,11710,가락동,96-1,11710-61,우성,43.79,8,1986,3000,80,2017-10-11,,,,,
송파구,11710,가락동,96-1,11710-61,우성,43.79,9,1986,28000,0,2017-10-26,,,,,
송파구,11710,가락동,96-1,11710-61,우성,58.46,4,1986,10000,80,2017-10-18,17.10~19.08,신규,,,
송파구,11710,가락동,96-1,11710-61,우성,58.46,5,1986,10000,85,2017-10-24,,,,,
송파구,11710,가락동,96-1,11710-61,우성,58.46,9,1986,36000,0,2017-10-11,,,,,
송파구,11710,가락동,98,11710-300,두산위브,31,9,2004,15000,0,2017-10-14,17.10~19.10,신규,,,
송파구,11710,거여동,258-7,11710-139,보화2차,40.38,6,1988,13500,0,2017-10-14,,,,,
송파구,11710,거여동,27-5,11710-5926,쌍용스윗닷홈2차,104.04,7,2006,50000,0,2017-10-25,,,,,
송파구,11710,거여동,290,11710-133,거여1단지,39.6,1,1997,17500,8,2017-10-21,,,,,
송파구,11710,거여동,290,11710-133,거여1단지,39.6,2,1997,18000,0,2017-10-25,,,,,
송파구,11710,거여동,290,11710-133,거여1단지,39.6,3,1997,22000,0,2017-10-21,,,,,
송파구,11710,거여동,290,11710-133,거여1단지,39.6,4,1997,22500,0,2017-10-14,,,,,
송파구,11710,거여동,290,11710-133,거여1단지,39.6,5,1997,22000,0,2017-10-13,,,,,
송파구,11710,거여동,290,11710-133,거여1단지,39.6,5,1997,22000,0,2017-10-17,,,,,
송파구,11710,거여동,290,11710-133,거여1단지,49.8,5,1997,10000,60,2017-10-18,,,,,
송파구,11710,거여동,290,11710-133,거여1단지,49.8,8,1997,29000,0,2017-10-27,,,,,
송파구,11710,거여동,291,11710-134,거여2단지효성아파트,101.95,9,1997,33000,50,2017-10-17,17.11~19.11,신규,,,
송파구,11710,거여동,291,11710-134,거여2단지효성아파트,101.95,9,1997,33000,50,2017-10-17,17.12~19.12,신규,,,
송파구,11710,거여동,292,11710-5959,거여3단지,39.248,1,2000,3964,5,2017-10-31,,,,,
송파구,11710,거여동,293,11710-136,거여4단지,39.6,2,1997,21000,0,2017-10-10,,,,,
송파구,11710,거여동,293,11710-136,거여4단지,49.8,10,1997,21000,35,2017-10-23,,,,,
송파구,11710,거여동,293,11710-136,거여4단지,59.73,10,1997,5000,85,2017-10-20,,,,,
송파구,11710,거여동,293,11710-136,거여4단지,59.73,5,1997,34000,0,2017-10-07,,,,,
송파구,11710,거여동,293,11710-136,거여4단지,59.73,6,1997,31000,0,2017-10-17,17.11~19.11,신규,,,
송파구,11710,거여동,294,11710-137,거여5단지,59.4,3,1997,12000,65,2017-10-28,,,,,
송파구,11710,거여동,294,11710-137,거여5단지,59.74,11,1997,33000,0,2017-10-23,,,,,
송파구,11710,거여동,294,11710-137,거여5단지,59.74,12,1997,31000,0,2017-10-23,,,,,
송파구,11710,거여동,294,11710-137,거여5단지,59.74,15,1997,30000,0,2017-10-11,,,,,
송파구,11710,거여동,294,11710-137,거여5단지,59.74,6,1997,32000,0,2017-10-11,,,,,
송파구,11710,거여동,294,11710-137,거여5단지,59.74,7,1997,5000,100,2017-10-10,,,,,
송파구,11710,거여동,295,11710-5897,거여6단지,38.5,3,1997,1076,13,2017-10-25,,,,,
송파구,11710,거여동,295,11710-5897,거여6단지,39.15,8,1997,3517,0,2017-10-11,,,,,
송파구,11710,거여동,356,11710-142,우방1,59.91,3,1999,31000,0,2017-10-12,,,,,
송파구,11710,거여동,362,11710-143,현대1차,74.83,12,1992,36000,0,2017-10-14,,,,,
송파구,11710,거여동,362,11710-143,현대1차,84.64,4,1992,40000,0,2017-10-20,,,,,
송파구,11710,거여동,362,11710-143,현대1차,84.85,14,1992,1000,100,2017-10-19,,,,,
송파구,11710,거여동,362,11710-143,현대1차,84.91,10,1992,38000,0,2017-10-30,,,,,
송파구,11710,거여동,362,11710-143,현대1차,84.91,5,1992,42000,0,2017-10-31,,,,,
송파구,11710,거여동,44,11710-144,현대2차,82.96,11,1992,2000,30,2017-10-12,,,,,
송파구,11710,거여동,44,11710-144,현대2차,82.96,11,1992,38000,0,2017-10-17,,,,,
송파구,11710,거여동,44,11710-144,현대2차,82.96,3,1992,22000,45,2017-10-18,,,,,
송파구,11710,거여동,44,11710-144,현대2차,82.96,5,1992,0,50,2017-10-19,,,,,
송파구,11710,거여동,44,11710-144,현대2차,82.96,7,1992,20000,65,2017-10-20,,,,,
송파구,11710,거여동,44,11710-144,현대2차,82.96,8,1992,3000,120,2017-10-17,,,,,
송파구,11710,거여동,45-1,11710-238,블레스,70.39,3,2005,28000,0,2017-10-28,,,,,
송파구,11710,거여동,593,11710-185,금호어울림,101.98,6,2003,50000,0,2017-10-01,,,,,
송파구,11710,거여동,593,11710-185,금호어울림,104.5,12,2003,51000,0,2017-10-28,,,,,
송파구,11710,거여동,593,11710-185,금호어울림,84.98,2,2003,43500,0,2017-10-30,,,,,
송파구,11710,거여동,9-6,11710-268,대영무지개1,59.73,1,1991,21000,0,2017-10-08,,,,,
송파구,11710,마천동,175,11710-154,한보1,39.1,4,1998,6000,0,2017-10-31,,,,,
송파구,11710,마천동,175,11710-154,한보1,49.54,8,1998,15000,0,2017-10-30,,,,,
송파구,11710,마천동,188-2,11710-274,동구햇살,67,6,2002,30000,0,2017-10-13,,,,,
송파구,11710,마천동,188-2,11710-274,동구햇살,82.72,4,2002,24500,25,2017-10-31,,,,,
송파구,11710,마천동,304,11710-148,마천동금호타운1,59.93,18,1998,30000,0,2017-10-20,,,,,
송파구,11710,마천동,304,11710-148,마천동금호타운1,59.93,5,1998,18000,0,2017-10-10,,,,,
송파구,11710,마천동,304,11710-148,마천동금호타운1,84.92,8,1998,10000,80,2017-10-25,,,,,
송파구,11710,마천동,319,11710-5807,금호어울림,84.96,9,2006,45000,0,2017-10-18,,,,,
송파구,11710,마천동,573,11710-149,삼익1,59.4,10,1996,20500,0,2017-10-28,,,,,
송파구,11710,마천동,573,11710-149,삼익1,59.94,14,1996,22000,25,2017-10-14,,,,,
송파구,11710,마천동,573,11710-149,삼익1,84.9,14,1996,37000,0,2017-10-13,,,,,
송파구,11710,마천동,573,11710-149,삼익1,84.9,9,1996,10000,100,2017-10-21,17.10~19.10,신규,,,
송파구,11710,마천동,575,11710-146,마천금호어울림1차아파트,84.95,3,2002,36000,0,2017-10-12,,,,,
송파구,11710,마천동,576,11710-156,우방아파트,55.32,12,2002,20000,20,2017-10-21,,,,,
송파구,11710,마천동,576,11710-156,우방아파트,55.32,2,2002,25000,0,2017-10-21,,,,,
송파구,11710,마천동,582,11710-6680,송파파크데일1단지,114.81,6,2011,35625,0,2017-10-31,,,,,
송파구,11710,마천동,582,11710-6680,송파파크데일1단지,114.81,8,2011,36408,0,2017-10-31,,,,,
송파구,11710,마천동,582,11710-6680,송파파크데일1단지,59.91,6,2011,13207,0,2017-10-27,,,,,
송파구,11710,마천동,582,11710-6680,송파파크데일1단지,84.99,10,2011,44300,0,2017-10-14,,,,,
송파구,11710,마천동,582,11710-6680,송파파크데일1단지,84.99,12,2011,44000,0,2017-10-12,,,,,
송파구,11710,마천동,582,11710-6680,송파파크데일1단지,84.99,2,2011,47000,0,2017-10-17,,,,,
송파구,11710,마천동,607,11710-6679,송파파크데일2단지,114.91,7,2011,35625,0,2017-10-31,,,,,
송파구,11710,마천동,607,11710-6679,송파파크데일2단지,84.13,7,2011,49000,0,2017-10-16,,,,,
송파구,11710,마천동,9,11710-153,아남,82.13,3,1992,36000,0,2017-10-13,,,,,
송파구,11710,문정동,1,11710-282,문정래미안,120.97,15,2004,20000,10,2017-10-26,17.12~19.12,갱신,,20000,10
송파구,11710,문정동,1,11710-282,문정래미안,120.97,18,2004,65000,0,2017-10-21,,,,,
송파구,11710,문정동,1,11710-282,문정래미안,120.97,8,2004,60000,0,2017-10-27,,,,,
송파구,11710,문정동,1,11710-282,문정래미안,131.39,21,2004,69000,0,2017-10-12,,,,,
송파구,11710,문정동,1,11710-282,문정래미안,84.96,19,2004,40000,0,2017-10-23,,,,,
송파구,11710,문정동,1,11710-282,문정래미안,84.96,8,2004,60000,0,2017-10-27,,,,,
송파구,11710,문정동,1,11710-282,문정래미안,84.96,8,2004,60000,0,2017-10-31,,,,,
송파구,11710,문정동,104,11710-85,현대,71.52,6,1991,35000,0,2017-10-23,,,,,
송파구,11710,문정동,117,11710-92,문정대우푸르지오3차,84.96,7,2002,28000,70,2017-10-23,,,,,
송파구,11710,문정동,145,11710-83,문정시영,25.65,1,1989,13000,0,2017-10-25,,,,,
송파구,11710,문정동,145,11710-83,문정시영,25.65,2,1989,1000,48,2017-10-17,,,,,
송파구,11710,문정동,145,11710-83,문정시영,25.65,7,1989,9000,0,2017-10-23,,,,,
송파구,11710,문정동,145,11710-83,문정시영,35.46,12,1989,15000,0,2017-10-02,,,,,
송파구,11710,문정동,145,11710-83,문정시영,35.46,14,1989,15000,0,2017-10-11,,,,,
송파구,11710,문정동,145,11710-83,문정시영,39.69,1,1989,18000,0,2017-10-26,,,,,
송파구,11710,문정동,145,11710-83,문정시영,39.69,11,1989,13000,20,2017-10-19,,,,,
송파구,11710,문정동,145,11710-83,문정시영,39.69,14,1989,19000,0,2017-10-25,,,,,
송파구,11710,문정동,145,11710-83,문정시영,39.69,3,1989,13000,0,2017-10-21,,,,,
송파구,11710,문정동,145,11710-83,문정시영,39.69,4,1989,19500,0,2017-10-11,,,,,
송파구,11710,문정동,145,11710-83,문정시영,39.69,5,1989,18500,0,2017-10-23,,,,,
송파구,11710,문정동,145,11710-83,문정시영,39.69,5,1989,5000,50,2017-10-21,,,,,
송파구,11710,문정동,145,11710-83,문정시영,39.69,6,1989,17000,0,2017-10-25,,,,,
송파구,11710,문정동,145,11710-83,문정시영,39.69,6,1989,18000,0,2017-10-14,,,,,
송파구,11710,문정동,145,11710-83,문정시영,39.69,8,1989,1000,75,2017-10-10,,,,,
송파구,11710,문정동,145,11710-83,문정시영,39.69,8,1989,14000,20,2017-10-14,,,,,
송파구,11710,문정동,145,11710-83,문정시영,39.69,8,1989,18000,0,2017-10-31,,,,,
송파구,11710,문정동,145,11710-83,문정시영,39.69,9,1989,18000,0,2017-10-19,,,,,
송파구,11710,문정동,145,11710-83,문정시영,39.69,9,1989,6000,45,2017-10-15,,,,,
송파구,11710,문정동,145,11710-83,문정시영,46.26,1,1989,21000,0,2017-10-28,,,,,
송파구,11710,문정동,145,11710-83,문정시영,46.26,11,1989,20000,0,2017-10-14,,,,,
송파구,11710,문정동,145,11710-83,문정시영,46.26,14,1989,20000,0,2017-10-16,,,,,
송파구,11710,문정동,145,11710-83,문정시영,46.26,14,1989,21000,0,2017-10-21,,,,,
송파구,11710,문정동,145,11710-83,문정시영,46.26,7,1989,22000,0,2017-10-10,,,,,
송파구,11710,문정동,146,11710-255,세양청마루,59.91,12,2004,41000,0,2017-10-16,,,,,
송파구,11710,문정동,146,11710-255,세양청마루,59.91,8,2004,40000,0,2017-10-13,,,,,
송파구,11710,문정동,15,11710-82,문정동아,57.72,2,1997,26000,15,2017-10-09,,,,,
송파구,11710,문정동,150,11710-89,올림픽훼밀리타운,117.585,13,1988,67000,0,2017-10-27,,,,,
송파구,11710,문정동,150,11710-89,올림픽훼밀리타운,117.585,4,1988,68000,0,2017-10-14,,,,,
송파구,11710,문정동,150,11710-89,올림픽훼밀리타운,117.585,5,1988,40000,60,2017-10-19,17.11~19.11,갱신,,47000,40
송파구,11710,문정동,150,11710-89,올림픽훼밀리타운,117.585,7,1988,40000,100,2017-10-20,,,,,
송파구,11710,문정동,150,11710-89,올림픽훼밀리타운,117.585,8,1988,40000,50,2017-10-30,,,,,
송파구,11710,문정동,150,11710-89,올림픽훼밀리타운,117.585,8,1988,42000,50,2017-10-18,,,,,
송파구,11710,문정동,150,11710-89,올림픽훼밀리타운,117.585,8,1988,45000,60,2017-10-26,,,,,
송파구,11710,문정동,150,11710-89,올림픽훼밀리타운,136.325,1,1988,68000,0,2017-10-31,,,,,
송파구,11710,문정동,150,11710-89,올림픽훼밀리타운,136.325,10,1988,30000,110,2017-10-19,,,,,
송파구,11710,문정동,150,11710-89,올림픽훼밀리타운,136.325,10,1988,67000,0,2017-10-20,,,,,
송파구,11710,문정동,150,11710-89,올림픽훼밀리타운,136.325,15,1988,65000,0,2017-10-31,,,,,
송파구,11710,문정동,150,11710-89,올림픽훼밀리타운,136.325,15,1988,73000,0,2017-10-30,,,,,
송파구,11710,문정동,150,11710-89,올림픽훼밀리타운,136.325,2,1988,66000,0,2017-10-30,,,,,
송파구,11710,문정동,150,11710-89,올림픽훼밀리타운,136.325,2,1988,70000,0,2017-10-24,,,,,
송파구,11710,문정동,150,11710-89,올림픽훼밀리타운,136.325,6,1988,45000,70,2017-10-23,,,,,
송파구,11710,문정동,150,11710-89,올림픽훼밀리타운,136.325,6,1988,66000,0,2017-10-20,,,,,
송파구,11710,문정동,150,11710-89,올림픽훼밀리타운,136.325,7,1988,20000,160,2017-10-18,,,,,
송파구,11710,문정동,150,11710-89,올림픽훼밀리타운,192.235,15,1988,100000,0,2017-10-31,,,,,
송파구,11710,문정동,150,11710-89,올림픽훼밀리타운,84.705,8,1988,55000,0,2017-10-11,17.12~19.12,신규,,,
송파구,11710,문정동,150,11710-89,올림픽훼밀리타운,84.705,8,1988,55000,0,2017-10-18,,,,,
송파구,11710,문정동,150,11710-89,올림픽훼밀리타운,84.705,8,1988,55000,0,2017-10-23,,,,,
송파구,11710,문정동,150,11710-89,올림픽훼밀리타운,84.751,12,1988,10000,130,2017-10-26,,,,,
송파구,11710,문정동,150,11710-89,올림픽훼밀리타운,84.751,12,1988,54500,0,2017-10-14,,,,,
송파구,11710,문정동,150,11710-89,올림픽훼밀리타운,84.751,14,1988,10000,140,2017-10-09,,,,,
송파구,11710,문정동,150,11710-89,올림픽훼밀리타운,84.751,5,1988,40000,40,2017-10-18,,,,,
송파구,11710,문정동,150,11710-89,올림픽훼밀리타운,84.751,5,1988,56000,0,2017-10-14,,,,,
송파구,11710,문정동,150,11710-89,올림픽훼밀리타운,84.751,7,1988,5000,150,2017-10-18,,,,,
송파구,11710,문정동,150,11710-89,올림픽훼밀리타운,84.751,8,1988,10000,130,2017-10-11,,,,,
송파구,11710,문정동,150,11710-89,올림픽훼밀리타운,84.751,8,1988,43000,20,2017-10-26,,,,,
송파구,11710,문정동,150,11710-89,올림픽훼밀리타운,84.751,8,1988,55000,0,2017-10-18,,,,,
송파구,11710,문정동,18,11710-80,문정대우푸르지오1차,84.86,1,1999,11000,100,2017-10-11,,,,,
송파구,11710,문정동,3,11710-87,문정가락현대1차,123.61,14,1984,49000,0,2017-10-17,,,,,
송파구,11710,문정동,3,11710-87,문정가락현대1차,123.61,5,1984,20000,100,2017-10-17,,,,,
송파구,11710,문정동,3,11710-87,문정가락현대1차,123.61,6,1984,45000,10,2017-10-28,,,,,
송파구,11710,문정동,3,11710-87,문정가락현대1차,123.61,8,1984,49500,0,2017-10-28,,,,,
송파구,11710,문정동,3,11710-87,문정가락현대1차,84.98,12,1984,40000,0,2017-10-16,,,,,
송파구,11710,문정동,3,11710-87,문정가락현대1차,84.98,6,1984,0,70,2017-10-10,,,,,
송파구,11710,문정동,3,11710-87,문정가락현대1차,84.98,6,1984,42000,0,2017-10-09,,,,,
송파구,11710,문정동,55-14,11710-253,동궁리치웰문정(102),80.13,2,2004,30000,30,2017-10-18,,,,,
송파구,11710,문정동,58-17,11710-79,동부화이트빌,82.12,2,2001,39000,0,2017-10-11,,,,,
송파구,11710,문정동,618,11710-8245,파크하비오,84.9342,6,2016,51000,0,2017-10-21,,,,,
송파구,11710,문정동,618,11710-8245,파크하비오,84.9648,6,2016,70000,0,2017-10-23,,,,,
송파구,11710,문정동,62-5,11710-86,현대(62-5),81.43,2,1993,45000,0,2017-10-14,,,,,
송파구,11710,문정동,72-3,11710-78,건영1,84.81,1,1996,45000,0,2017-10-18,,,,,
송파구,11710,문정동,72-3,11710-78,건영1,84.81,1,1996,46500,0,2017-10-07,,,,,
송파구,11710,문정동,72-3,11710-78,건영1,84.81,13,1996,47000,0,2017-10-19,,,,,
송파구,11710,문정동,72-3,11710-78,건영1,84.81,2,1996,45500,0,2017-10-15,,,,,
송파구,11710,문정동,72-3,11710-78,건영1,84.81,7,1996,43000,0,2017-10-28,,,,,
송파구,11710,문정동,88-11,11710-207,미소로,59.9,2,2004,29500,0,2017-10-20,,,,,
송파구,11710,방이동,157,11710-93,방이금호어울림,84.3,8,2001,10000,135,2017-10-09,,,,,
송파구,11710,방이동,169-2,11710-212,세원아파트,70.8,3,2003,27000,0,2017-10-22,,,,,
송파구,11710,방이동,177-2,11710-261,리치빌(177-2),175.58,9,2004,65000,0,2017-10-19,,,,,
송파구,11710,방이동,193-37,11710-100,옥산크리스탈,74.53,1,2001,41000,0,2017-10-17,,,,,
송파구,11710,방이동,193-37,11710-100,옥산크리스탈,74.53,2,2001,42000,0,2017-10-11,,,,,
송파구,11710,방이동,205-6,11710-104,올림픽하이빌,149.95,13,2001,67000,0,2017-10-20,,,,,
송파구,11710,방이동,212-8,11710-110,코오롱아파트,84.95,10,1991,53000,0,2017-10-21,,,,,
송파구,11710,방이동,212-8,11710-110,코오롱아파트,84.95,12,1991,53000,0,2017-10-02,,,,,
송파구,11710,방이동,212-8,11710-110,코오롱아파트,84.95,13,1991,50000,0,2017-10-17,,,,,
송파구,11710,방이동,212-8,11710-110,코오롱아파트,84.95,14,1991,55000,0,2017-10-16,,,,,
송파구,11710,방이동,212-8,11710-110,코오롱아파트,84.95,6,1991,53000,0,2017-10-31,,,,,
송파구,11710,방이동,212-8,11710-110,코오롱아파트,84.95,8,1991,30000,70,2017-10-21,,,,,
송파구,11710,방이동,217,11710-94,대림,84.915,9,1985,51000,0,2017-10-17,,,,,
송파구,11710,방이동,225,11710-113,한양3,126.9,3,1985,65000,0,2017-10-18,,,,,
송파구,11710,방이동,225,11710-113,한양3,126.9,6,1985,60000,0,2017-10-12,,,,,
송파구,11710,방이동,225,11710-113,한양3,146.96,14,1985,58000,0,2017-10-25,,,,,
송파구,11710,방이동,39-2,11710-97,신동아타워,50.4,10,1995,11000,55,2017-10-26,,,,,
송파구,11710,방이동,39-2,11710-97,신동아타워,50.4,9,1995,26200,0,2017-10-14,,,,,
송파구,11710,방이동,48-5,11710-119,현대주상복합,33.69,4,1998,14000,10,2017-10-19,17.10~19.10,갱신,,4200,
송파구,11710,방이동,51,11710-8269,올림픽파크리움,16.056,19,2016,16500,0,2017-10-23,,,,,
송파구,11710,방이동,51-4,11710-192,올림픽카운티,38.22,5,2003,6000,45,2017-10-29,,,,,
송파구,11710,방이동,51-4,11710-192,올림픽카운티,38.7,12,2003,15000,10,2017-10-26,,,,,
송파구,11710,방이동,51-4,11710-192,올림픽카운티,56.22,17,2003,25000,0,2017-10-14,,,,,
송파구,11710,방이동,89,11710-102,올림픽선수기자촌3단지,135.99,11,1988,10000,230,2017-10-21,,,,,
송파구,11710,방이동,89,11710-102,올림픽선수기자촌3단지,135.99,11,1988,70000,40,2017-10-21,,,,,
송파구,11710,방이동,89,11710-102,올림픽선수기자촌3단지,135.99,15,1988,100000,0,2017-10-21,,,,,
송파구,11710,방이동,89,11710-102,올림픽선수기자촌3단지,135.99,3,1988,83000,0,2017-10-12,,,,,
송파구,11710,방이동,89,11710-102,올림픽선수기자촌3단지,148.77,3,1988,75000,0,2017-10-20,,,,,
송파구,11710,방이동,89,11710-102,올림픽선수기자촌3단지,163.44,7,1988,105000,0,2017-10-18,,,,,
송파구,11710,방이동,89,11710-102,올림픽선수기자촌3단지,73.14,1,1988,30000,100,2017-10-17,,,,,
송파구,11710,방이동,89,11710-102,올림픽선수기자촌3단지,83.06,12,1988,10000,150,2017-10-30,,,,,
송파구,11710,방이동,89,11710-102,올림픽선수기자촌3단지,83.06,20,1988,64000,0,2017-10-21,,,,,
송파구,11710,방이동,89,11710-5714,올림픽선수기자촌1단지,100.82,10,1988,70000,0,2017-10-20,,,,,
송파구,11710,방이동,89,11710-5714,올림픽선수기자촌1단지,100.82,3,1988,72000,0,2017-10-10,,,,,
송파구,11710,방이동,89,11710-5714,올림픽선수기자촌1단지,100.82,7,1988,50000,60,2017-10-13,,,,,
송파구,11710,방이동,89,11710-5714,올림픽선수기자촌1단지,110.25,1,1988,85000,0,2017-10-23,,,,,
송파구,11710,방이동,89,11710-5714,올림픽선수기자촌1단지,121.23,5,1988,89000,0,2017-10-28,,,,,
송파구,11710,방이동,89,11710-5714,올림픽선수기자촌1단지,131.76,7,1988,67000,60,2017-10-27,,,,,
송파구,11710,방이동,89,11710-5714,올림픽선수기자촌1단지,83.06,15,1988,25000,115,2017-10-30,,,,,
송파구,11710,방이동,89,11710-5714,올림픽선수기자촌1단지,83.06,19,1988,30000,90,2017-10-20,,,,,
송파구,11710,방이동,89,11710-5714,올림픽선수기자촌1단지,83.06,20,1988,62000,0,2017-10-25,,,,,
송파구,11710,방이동,89,11710-5714,올림픽선수기자촌1단지,83.06,22,1988,50000,30,2017-10-13,,,,,
송파구,11710,방이동,89,11710-5714,올림픽선수기자촌1단지,83.06,5,1988,30000,90,2017-10-28,,,,,
송파구,11710,방이동,89,11710-5714,올림픽선수기자촌1단지,83.06,6,1988,35000,80,2017-10-18,,,,,
송파구,11710,방이동,89,11710-5714,올림픽선수기자촌1단지,83.06,7,1988,65000,0,2017-10-30,,,,,
송파구,11710,방이동,89,11710-5714,올림픽선수기자촌1단지,83.06,9,1988,60000,0,2017-10-21,,,,,
송파구,11710,방이동,89,11710-5715,올림픽선수기자촌2단지,100.31,10,1988,25500,150,2017-10-24,,,,,
송파구,11710,방이동,89,11710-5715,올림픽선수기자촌2단지,100.31,14,1988,66000,0,2017-10-20,,,,,
송파구,11710,방이동,89,11710-5715,올림픽선수기자촌2단지,100.31,8,1988,75000,0,2017-10-21,,,,,
송파구,11710,방이동,89,11710-5715,올림픽선수기자촌2단지,126.18,5,1988,55000,50,2017-10-18,,,,,
송파구,11710,방이동,89,11710-5715,올림픽선수기자촌2단지,126.18,5,1988,85000,0,2017-10-21,,,,,
송파구,11710,방이동,89,11710-5715,올림픽선수기자촌2단지,126.18,9,1988,70000,0,2017-10-21,,,,,
송파구,11710,방이동,89,11710-5715,올림픽선수기자촌2단지,128.97,1,1988,81000,0,2017-10-16,,,,,
송파구,11710,방이동,89,11710-5715,올림픽선수기자촌2단지,128.97,1,1988,90000,0,2017-10-21,,,,,
송파구,11710,방이동,89,11710-5715,올림픽선수기자촌2단지,131.76,3,1988,84000,0,2017-10-21,,,,,
송파구,11710,방이동,89,11710-5715,올림픽선수기자촌2단지,135.99,11,1988,82000,0,2017-10-21,,,,,
송파구,11710,방이동,89,11710-5715,올림픽선수기자촌2단지,148.77,4,1988,95000,0,2017-10-14,,,,,
송파구,11710,방이동,89,11710-5715,올림픽선수기자촌2단지,148.77,7,1988,85000,0,2017-10-14,,,,,
송파구,11710,방이동,89,11710-5715,올림픽선수기자촌2단지,163.44,3,1988,90000,0,2017-10-20,,,,,
송파구,11710,방이동,89,11710-5715,올림픽선수기자촌2단지,163.44,9,1988,97000,0,2017-10-24,,,,,
송파구,11710,방이동,89,11710-5715,올림픽선수기자촌2단지,83.06,13,1988,35000,90,2017-10-14,,,,,
송파구,11710,방이동,89,11710-5715,올림픽선수기자촌2단지,83.06,13,1988,58000,0,2017-10-21,,,,,
송파구,11710,방이동,89,11710-5715,올림픽선수기자촌2단지,83.06,18,1988,20000,130,2017-10-11,,,,,
송파구,11710,방이동,89,11710-5715,올림픽선수기자촌2단지,83.06,6,1988,62000,0,2017-10-30,,,,,
송파구,11710,석촌동,24-3,11710-7855,석촌호수효성해링턴타워,15.8307,10,2015,18000,0,2017-10-28,,,,,
송파구,11710,석촌동,24-3,11710-7855,석촌호수효성해링턴타워,15.8307,12,2015,1000,70,2017-10-14,,,,,
송파구,11710,석촌동,24-3,11710-7855,석촌호수효성해링턴타워,15.8307,12,2015,1000,70,2017-10-16,,,,,
송파구,11710,석촌동,24-3,11710-7855,석촌호수효성해링턴타워,15.8307,14,2015,20000,0,2017-10-18,,,,,
송파구,11710,석촌동,24-3,11710-7855,석촌호수효성해링턴타워,15.8307,18,2015,21000,0,2017-10-14,,,,,
송파구,11710,석촌동,24-3,11710-7855,석촌호수효성해링턴타워,15.8307,21,2015,22000,0,2017-10-02,,,,,
송파구,11710,석촌동,24-3,11710-7855,석촌호수효성해링턴타워,15.8307,5,2015,20000,0,2017-10-24,,,,,
송파구,11710,석촌동,24-3,11710-7855,석촌호수효성해링턴타워,15.8307,7,2015,1000,70,2017-10-20,,,,,
송파구,11710,석촌동,271-14,11710-8238,비엔나빌,21.57,6,2016,1000,75,2017-10-28,,,,,
송파구,11710,석촌동,280-4,11710-8299,나래파크빌,39.27,3,2016,33000,0,2017-10-28,,,,,
송파구,11710,석촌동,285,11710-40,잠실한솔,84.87,2,2000,51000,0,2017-10-28,,,,,
송파구,11710,석촌동,5-7,11710-8251,선경빌,26.51,6,2016,25000,0,2017-10-10,,,,,
송파구,11710,송파동,119,11710-30,한양아파트,119.68,10,1983,61000,0,2017-10-16,,,,,
송파구,11710,송파동,119,11710-30,한양아파트,119.68,9,1983,50000,0,2017-10-30,,,,,
송파구,11710,송파동,119,11710-30,한양아파트,64.26,12,1983,36000,0,2017-10-17,,,,,
송파구,11710,송파동,119,11710-30,한양아파트,64.26,3,1983,35000,0,2017-10-21,,,,,
송파구,11710,송파동,119,11710-30,한양아파트,64.26,7,1983,10000,85,2017-10-17,,,,,
송파구,11710,송파동,119,11710-30,한양아파트,64.26,8,1983,38000,0,2017-10-14,,,,,
송파구,11710,송파동,14,11710-219,갑오빌라트,71.95,6,2003,38000,0,2017-10-15,,,,,
송파구,11710,송파동,151,11710-31,2차한양아파트,108.68,11,1984,48000,0,2017-10-10,,,,,
송파구,11710,송파동,151,11710-31,2차한양아파트,108.68,12,1984,10000,130,2017-10-18,,,,,
송파구,11710,송파동,151,11710-31,2차한양아파트,108.68,2,1984,58000,0,2017-10-13,,,,,
송파구,11710,송파동,151,11710-31,2차한양아파트,126.9,4,1984,70000,0,2017-10-12,,,,,
송파구,11710,송파동,151,11710-31,2차한양아파트,146.96,8,1984,57500,0,2017-10-28,,,,,
송파구,11710,송파동,151,11710-31,2차한양아파트,146.96,9,1984,75000,0,2017-10-18,,,,,
송파구,11710,송파동,151,11710-31,2차한양아파트,64.26,6,1984,40000,0,2017-10-24,,,,,
송파구,11710,송파동,151,11710-31,2차한양아파트,84.92,12,1984,43000,0,2017-10-16,,,,,
송파구,11710,송파동,151,11710-31,2차한양아파트,84.92,3,1984,44000,0,2017-10-16,,,,,
송파구,11710,송파동,151,11710-31,2차한양아파트,84.92,3,1984,47000,0,2017-10-30,,,,,
송파구,11710,송파동,161,11710-24,미성맨션,116.94,12,1985,55000,0,2017-10-09,,,,,
송파구,11710,송파동,161,11710-24,미성맨션,84.95,8,1985,32000,60,2017-10-09,,,,,
송파구,11710,송파동,162,11710-26,송파삼성래미안아파트,126.4,1,2001,69000,0,2017-10-14,,,,,
송파구,11710,송파동,162,11710-26,송파삼성래미안아파트,79.7,13,2001,62000,0,2017-10-11,,,,,
송파구,11710,송파동,162,11710-26,송파삼성래미안아파트,79.7,16,2001,61000,0,2017-10-16,,,,,
송파구,11710,송파동,162,11710-26,송파삼성래미안아파트,79.7,9,2001,60000,0,2017-10-30,,,,,
송파구,11710,송파동,163-14,11710-32,현대,59.91,16,1997,35000,0,2017-10-17,,,,,
송파구,11710,송파동,163-14,11710-32,현대,59.91,4,1997,32000,25,2017-10-19,,,,,
송파구,11710,송파동,166,11710-27,가락삼익맨숀,127.808,1,1984,58000,0,2017-10-21,,,,,
송파구,11710,송파동,166,11710-27,가락삼익맨숀,84.828,2,1984,45000,0,2017-10-28,,,,,
송파구,11710,송파동,166,11710-27,가락삼익맨숀,84.828,7,1984,45000,0,2017-10-30,,,,,
송파구,11710,송파동,166,11710-27,가락삼익맨숀,84.828,8,1984,45000,0,2017-10-13,,,,,
송파구,11710,송파동,171,11710-28,성지,84.92,10,1992,42000,0,2017-10-21,,,,,
송파구,11710,송파동,171,11710-28,성지,84.92,14,1992,42000,0,2017-10-30,,,,,
송파구,11710,송파동,171,11710-28,성지,84.92,3,1992,45000,0,2017-10-13,,,,,
송파구,11710,송파동,171,11710-28,성지,84.92,5,1992,36000,20,2017-10-24,,,,,
송파구,11710,송파동,243,11710-6929,래미안송파파인탑,53.36,21,2012,54000,0,2017-10-13,,,,,
송파구,11710,송파동,243,11710-6929,래미안송파파인탑,64.66,21,2012,61000,0,2017-10-31,,,,,
송파구,11710,송파동,243,11710-6929,래미안송파파인탑,71.58,6,2012,64000,0,2017-10-11,,,,,
송파구,11710,송파동,243,11710-6929,래미안송파파인탑,71.76,8,2012,63000,0,2017-10-14,,,,,
송파구,11710,송파동,243,11710-6929,래미안송파파인탑,87.01,20,2012,55000,60,2017-10-16,,,,,
송파구,11710,송파동,33,11710-35,호수임광,56.6,4,1995,43900,0,2017-10-24,,,,,
송파구,11710,송파동,33,11710-35,호수임광,56.6,5,1995,40000,0,2017-10-30,,,,,
송파구,11710,송파동,33,11710-35,호수임광,56.6,9,1995,42000,0,2017-10-24,,,,,
송파구,11710,신천동,11,11710-177,장미2,120,13,1979,64000,0,2017-10-13,,,,,
송파구,11710,신천동,11,11710-177,장미2,120,3,1979,63000,0,2017-10-10,,,,,
송파구,11710,신천동,11,11710-177,장미2,71.2,4,1979,5000,120,2017-10-25,,,,,
송파구,11710,신천동,11,11710-177,장미2,71.2,5,1979,35000,35,2017-10-16,,,,,
송파구,11710,신천동,11,11710-177,장미2,82.45,10,1979,52000,0,2017-10-02,,,,,
송파구,11710,신천동,11,11710-177,장미2,82.45,12,1979,57000,0,2017-10-12,,,,,
송파구,11710,신천동,11,11710-177,장미2,82.45,14,1979,51000,0,2017-10-10,,,,,
송파구,11710,신천동,11,11710-177,장미2,99,11,1979,55000,0,2017-10-30,,,,,
송파구,11710,신천동,11,11710-177,장미2,99,2,1979,48000,0,2017-10-20,,,,,
송파구,11710,신천동,11,11710-177,장미2,99,8,1979,57000,0,2017-10-14,,,,,
송파구,11710,신천동,11-10,11710-169,잠실아이스페이스,83.11,17,2001,45000,0,2017-10-13,,,,,
송파구,11710,신천동,11-4,11710-7307,잠실푸르지오월드마크,108.32,15,2013,88000,0,2017-10-26,,,,,
송파구,11710,신천동,11-9,11710-175,한신잠실코아,31.5,6,1988,1000,65,2017-10-11,,,,,
송파구,11710,신천동,11-9,11710-175,한신잠실코아,41.99,12,1988,20000,20,2017-10-19,,,,,
송파구,11710,신천동,11-9,11710-175,한신잠실코아,50.76,3,1988,30000,0,2017-10-23,,,,,
송파구,11710,신천동,11-9,11710-175,한신잠실코아,52.51,2,1988,20000,0,2017-10-30,,,,,
송파구,11710,신천동,11-9,11710-175,한신잠실코아,52.51,2,1988,34000,0,2017-10-07,,,,,
송파구,11710,신천동,11-9,11710-175,한신잠실코아,52.51,6,1988,30000,0,2017-10-25,,,,,
송파구,11710,신천동,11-9,11710-175,한신잠실코아,52.51,7,1988,35000,0,2017-10-20,17.12~19.12,신규,,,
송파구,11710,신천동,11-9,11710-175,한신잠실코아,64.08,7,1988,35000,0,2017-10-15,,,,,
송파구,11710,신천동,17,11710-6266,파크리오,121.63,2,2008,95000,0,2017-10-20,,,,,
송파구,11710,신천동,17,11710-6266,파크리오,121.63,5,2008,100000,0,2017-10-14,,,,,
송파구,11710,신천동,17,11710-6266,파크리오,144.77,10,2008,80000,80,2017-10-31,,,,,
송파구,11710,신천동,17,11710-6266,파크리오,144.77,13,2008,60000,100,2017-10-15,,,,,
송파구,11710,신천동,17,11710-6266,파크리오,144.77,16,2008,110000,0,2017-10-29,,,,,
송파구,11710,신천동,17,11710-6266,파크리오,144.77,16,2008,80000,95,2017-10-14,,,,,
송파구,11710,신천동,17,11710-6266,파크리오,144.77,19,2008,105000,0,2017-10-17,,,,,
송파구,11710,신천동,17,11710-6266,파크리오,144.77,2,2008,88500,0,2017-10-28,,,,,
송파구,11710,신천동,17,11710-6266,파크리오,144.77,25,2008,105000,0,2017-10-18,,,,,
송파구,11710,신천동,17,11710-6266,파크리오,144.77,3,2008,90000,0,2017-10-19,,,,,
송파구,11710,신천동,17,11710-6266,파크리오,144.77,7,2008,120000,0,2017-10-26,,,,,
송파구,11710,신천동,17,11710-6266,파크리오,35.24,1,2008,35000,0,2017-10-25,,,,,
송파구,11710,신천동,17,11710-6266,파크리오,35.24,14,2008,3000,110,2017-10-19,17.10~19.10,신규,,,
송파구,11710,신천동,17,11710-6266,파크리오,35.24,17,2008,3000,120,2017-10-21,,,,,
송파구,11710,신천동,17,11710-6266,파크리오,35.24,2,2008,37000,0,2017-10-07,,,,,
송파구,11710,신천동,17,11710-6266,파크리오,35.24,7,2008,39000,0,2017-10-18,,,,,
송파구,11710,신천동,17,11710-6266,파크리오,35.24,9,2008,40000,0,2017-10-13,,,,,
송파구,11710,신천동,17,11710-6266,파크리오,59.64,10,2008,20000,125,2017-10-13,,,,,
송파구,11710,신천동,17,11710-6266,파크리오,59.64,12,2008,69000,0,2017-10-14,,,,,
송파구,11710,신천동,17,11710-6266,파크리오,59.64,20,2008,70000,0,2017-10-12,,,,,
송파구,11710,신천동,17,11710-6266,파크리오,59.86,10,2008,69000,0,2017-10-17,17.12~19.12,신규,,,
송파구,11710,신천동,17,11710-6266,파크리오,59.86,12,2008,67000,0,2017-10-21,,,,,
송파구,11710,신천동,17,11710-6266,파크리오,59.86,18,2008,55000,0,2017-10-23,,,,,
송파구,11710,신천동,17,11710-6266,파크리오,59.86,7,2008,69000,0,2017-10-26,,,,,
송파구,11710,신천동,17,11710-6266,파크리오,59.95,12,2008,67000,0,2017-10-26,,,,,
송파구,11710,신천동,17,11710-6266,파크리오,59.95,16,2008,68000,0,2017-10-21,,,,,
송파구,11710,신천동,17,11710-6266,파크리오,59.95,20,2008,70000,0,2017-10-27,,,,,
송파구,11710,신천동,17,11710-6266,파크리오,59.95,22,2008,70000,0,2017-10-20,,,,,
송파구,11710,신천동,17,11710-6266,파크리오,59.95,7,2008,5000,180,2017-10-27,,,,,
송파구,11710,신천동,17,11710-6266,파크리오,59.95,9,2008,69000,0,2017-10-16,,,,,
송파구,11710,신천동,17,11710-6266,파크리오,84.79,1,2008,10000,170,2017-10-11,,,,,
송파구,11710,신천동,17,11710-6266,파크리오,84.79,10,2008,77000,0,2017-10-30,,,,,
송파구,11710,신천동,17,11710-6266,파크리오,84.79,12,2008,80000,0,2017-10-16,,,,,
송파구,11710,신천동,17,11710-6266,파크리오,84.79,12,2008,80000,0,2017-10-17,,,,,
송파구,11710,신천동,17,11710-6266,파크리오,84.79,14,2008,77000,0,2017-10-21,,,,,
송파구,11710,신천동,17,11710-6266,파크리오,84.79,15,2008,45000,75,2017-10-13,,,,,
송파구,11710,신천동,17,11710-6266,파크리오,84.79,17,2008,79000,0,2017-10-11,,,,,
송파구,11710,신천동,17,11710-6266,파크리오,84.79,2,2008,75000,0,2017-10-07,,,,,
송파구,11710,신천동,17,11710-6266,파크리오,84.79,22,2008,79000,0,2017-10-23,,,,,
송파구,11710,신천동,17,11710-6266,파크리오,84.79,24,2008,10000,185,2017-10-17,,,,,
송파구,11710,신천동,17,11710-6266,파크리오,84.79,25,2008,60000,0,2017-10-19,,,,,
송파구,11710,신천동,17,11710-6266,파크리오,84.79,28,2008,79000,0,2017-10-19,,,,,
송파구,11710,신천동,17,11710-6266,파크리오,84.79,29,2008,80000,0,2017-10-30,,,,,
송파구,11710,신천동,17,11710-6266,파크리오,84.79,30,2008,90000,0,2017-10-17,,,,,
송파구,11710,신천동,17,11710-6266,파크리오,84.79,33,2008,78000,0,2017-10-16,,,,,
송파구,11710,신천동,17,11710-6266,파크리오,84.79,34,2008,30000,140,2017-10-21,,,,,
송파구,11710,신천동,17,11710-6266,파크리오,84.79,5,2008,40000,110,2017-10-16,,,,,
송파구,11710,신천동,17,11710-6266,파크리오,84.79,6,2008,20000,150,2017-10-19,,,,,
송파구,11710,신천동,17,11710-6266,파크리오,84.79,6,2008,20000,150,2017-10-19,,,,,
송파구,11710,신천동,17,11710-6266,파크리오,84.79,6,2008,82000,0,2017-10-23,,,,,
송파구,11710,신천동,17,11710-6266,파크리오,84.79,7,2008,74000,0,2017-10-19,,,,,
송파구,11710,신천동,17,11710-6266,파크리오,84.9,10,2008,28000,120,2017-10-19,,,,,
송파구,11710,신천동,17,11710-6266,파크리오,84.9,13,2008,55000,50,2017-10-12,,,,,
송파구,11710,신천동,17,11710-6266,파크리오,84.9,14,2008,30000,130,2017-10-26,17.11~19.11,,,,
송파구,11710,신천동,17,11710-6266,파크리오,84.9,14,2008,71500,15,2017-10-31,,,,,
송파구,11710,신천동,17,11710-6266,파크리오,84.9,17,2008,75000,0,2017-10-31,,,,,
송파구,11710,신천동,17,11710-6266,파크리오,84.9,18,2008,78000,0,2017-10-28,,,,,
송파구,11710,신천동,17,11710-6266,파크리오,84.9,19,2008,75000,0,2017-10-23,,,,,
송파구,11710,신천동,17,11710-6266,파크리오,84.9,2,2008,75000,0,2017-10-21,,,,,
송파구,11710,신천동,17,11710-6266,파크리오,84.9,20,2008,75000,0,2017-10-13,,,,,
송파구,11710,신천동,17,11710-6266,파크리오,84.9,21,2008,76000,0,2017-10-26,,,,,
송파구,11710,신천동,17,11710-6266,파크리오,84.9,22,2008,60000,50,2017-10-11,,,,,
송파구,11710,신천동,17,11710-6266,파크리오,84.9,23,2008,10000,180,2017-10-10,,,,,
송파구,11710,신천동,17,11710-6266,파크리오,84.9,23,2008,35000,105,2017-10-19,,,,,
송파구,11710,신천동,17,11710-6266,파크리오,84.9,24,2008,20000,170,2017-10-15,,,,,
송파구,11710,신천동,17,11710-6266,파크리오,84.9,24,2008,57000,55,2017-10-14,,,,,
송파구,11710,신천동,17,11710-6266,파크리오,84.9,24,2008,60000,50,2017-10-16,,,,,
송파구,11710,신천동,17,11710-6266,파크리오,84.9,30,2008,5000,250,2017-10-11,,,,,
송파구,11710,신천동,17,11710-6266,파크리오,84.9,31,2008,60000,50,2017-10-09,,,,,
송파구,11710,신천동,17,11710-6266,파크리오,84.9,32,2008,74000,0,2017-10-25,17.10~19.10,갱신,,65000,
송파구,11710,신천동,17,11710-6266,파크리오,84.9,35,2008,77000,0,2017-10-19,,,,,
송파구,11710,신천동,17,11710-6266,파크리오,84.9,6,2008,10000,185,2017-10-18,,,,,
송파구,11710,신천동,17,11710-6266,파크리오,84.9,6,2008,74000,0,2017-10-21,,,,,
송파구,11710,신천동,17,11710-6266,파크리오,84.9,8,2008,75000,0,2017-10-28,,,,,
송파구,11710,신천동,17,11710-6266,파크리오,84.9,9,2008,60000,50,2017-10-31,,,,,
송파구,11710,신천동,17,11710-6266,파크리오,84.9,9,2008,70000,0,2017-10-10,,,,,
송파구,11710,신천동,17,11710-6266,파크리오,84.9,9,2008,77000,0,2017-10-18,,,,,
송파구,11710,신천동,17,11710-6266,파크리오,84.97,23,2008,10000,210,2017-10-26,,,,,
송파구,11710,신천동,17,11710-6266,파크리오,84.97,3,2008,30000,140,2017-10-31,,,,,
송파구,11710,신천동,17-6,11710-166,미성,134.36,9,1980,50000,0,2017-10-11,,,,,
송파구,11710,신천동,17-6,11710-166,미성,46.54,1,1980,17000,0,2017-10-06,,,,,
송파구,11710,신천동,17-6,11710-166,미성,46.54,4,1980,500,60,2017-10-20,,,,,
송파구,11710,신천동,17-6,11710-166,미성,46.54,4,1980,5000,40,2017-10-19,,,,,
송파구,11710,신천동,17-6,11710-166,미성,46.54,6,1980,5000,50,2017-10-02,,,,,
송파구,11710,신천동,17-6,11710-166,미성,46.54,8,1980,16000,0,2017-10-30,,,,,
송파구,11710,신천동,17-6,11710-166,미성,46.54,8,1980,20000,0,2017-10-17,,,,,
송파구,11710,신천동,17-6,11710-166,미성,55.62,2,1980,20000,30,2017-10-21,,,,,
송파구,11710,신천동,17-6,11710-166,미성,55.62,4,1980,7000,50,2017-10-18,,,,,
송파구,11710,신천동,17-6,11710-166,미성,75.09,5,1980,30000,0,2017-10-17,,,,,
송파구,11710,신천동,17-6,11710-166,미성,75.09,8,1980,42000,0,2017-10-18,,,,,
송파구,11710,신천동,17-6,11710-173,크로바,125.98,7,1983,10000,85,2017-10-21,,,,,
송파구,11710,신천동,20-4,11710-172,진주,118.94,6,1980,53000,0,2017-10-11,,,,,
송파구,11710,신천동,20-4,11710-172,진주,118.94,7,1980,53000,0,2017-10-19,,,,,
송파구,11710,신천동,20-4,11710-172,진주,118.94,9,1980,47000,15,2017-10-08,,,,,
송파구,11710,신천동,20-4,11710-172,진주,148.06,10,1980,75000,0,2017-10-10,,,,,
송파구,11710,신천동,20-4,11710-172,진주,59.47,1,1980,30000,0,2017-10-19,,,,,
송파구,11710,신천동,20-4,11710-172,진주,59.47,7,1980,35000,0,2017-10-25,,,,,
송파구,11710,신천동,20-4,11710-172,진주,71.34,10,1980,36500,0,2017-10-25,,,,,
송파구,11710,신천동,20-4,11710-172,진주,71.34,4,1980,20000,50,2017-10-14,,,,,
송파구,11710,신천동,20-4,11710-172,진주,71.34,7,1980,3000,90,2017-10-17,,,,,
송파구,11710,신천동,20-4,11710-172,진주,71.34,8,1980,36000,0,2017-10-21,,,,,
송파구,11710,신천동,20-4,11710-172,진주,81.88,2,1980,38000,0,2017-10-26,,,,,
송파구,11710,신천동,20-4,11710-172,진주,81.88,2,1980,43000,0,2017-10-21,,,,,
송파구,11710,신천동,20-4,11710-172,진주,81.88,3,1980,24000,60,2017-10-20,,,,,
송파구,11710,신천동,20-4,11710-172,진주,81.88,8,1980,40000,0,2017-10-17,,,,,
송파구,11710,신천동,7,11710-170,장미1,120,14,1979,73000,0,2017-10-17,,,,,
송파구,11710,신천동,7,11710-170,장미1,120,3,1979,70000,0,2017-10-23,,,,,
송파구,11710,신천동,7,11710-170,장미1,120,5,1979,69000,0,2017-10-13,,,,,
송파구,11710,신천동,7,11710-170,장미1,71.2,10,1979,46000,0,2017-10-21,,,,,
송파구,11710,신천동,7,11710-170,장미1,71.2,10,1979,50000,0,2017-10-26,,,,,
송파구,11710,신천동,7,11710-170,장미1,71.2,13,1979,44000,0,2017-10-26,,,,,
송파구,11710,신천동,7,11710-170,장미1,71.2,14,1979,46500,0,2017-10-16,,,,,
송파구,11710,신천동,7,11710-170,장미1,71.2,2,1979,10000,100,2017-10-12,,,,,
송파구,11710,신천동,7,11710-170,장미1,71.2,3,1979,40000,0,2017-10-31,,,,,
송파구,11710,신천동,7,11710-170,장미1,71.2,6,1979,48000,0,2017-10-18,,,,,
송파구,11710,신천동,7,11710-170,장미1,71.2,8,1979,49000,0,2017-10-13,,,,,
송파구,11710,신천동,7,11710-170,장미1,82.45,1,1979,50000,0,2017-10-20,,,,,
송파구,11710,신천동,7,11710-170,장미1,82.45,13,1979,10000,130,2017-10-21,,,,,
송파구,11710,신천동,7,11710-170,장미1,82.45,13,1979,52000,0,2017-10-31,,,,,
송파구,11710,신천동,7,11710-170,장미1,82.45,14,1979,47000,0,2017-10-13,,,,,
송파구,11710,신천동,7,11710-170,장미1,82.45,2,1979,52000,0,2017-10-19,,,,,
송파구,11710,신천동,7,11710-170,장미1,82.45,2,1979,52000,0,2017-10-19,,,,,
송파구,11710,신천동,7,11710-170,장미1,82.45,3,1979,5000,120,2017-10-11,,,,,
송파구,11710,신천동,7,11710-170,장미1,82.45,4,1979,56000,0,2017-10-16,,,,,
송파구,11710,신천동,7,11710-170,장미1,82.45,6,1979,10000,120,2017-10-23,,,,,
송파구,11710,신천동,7,11710-170,장미1,82.45,7,1979,45000,0,2017-10-10,,,,,
송파구,11710,신천동,7,11710-170,장미1,82.45,7,1979,48000,0,2017-10-10,,,,,
송파구,11710,신천동,7,11710-170,장미1,82.45,7,1979,51500,0,2017-10-25,,,,,
송파구,11710,신천동,7,11710-170,장미1,82.45,7,1979,57500,0,2017-10-02,,,,,
송파구,11710,신천동,7,11710-170,장미1,99,10,1979,55000,0,2017-10-23,,,,,
송파구,11710,신천동,7,11710-170,장미1,99,4,1979,48000,0,2017-10-25,,,,,
송파구,11710,신천동,7,11710-170,장미1,99,9,1979,60000,0,2017-10-19,,,,,
송파구,11710,신천동,7-14,11710-6284,잠실더샵스타파크,137.37,16,2008,90000,0,2017-10-24,,,,,
송파구,11710,신천동,7-14,11710-6284,잠실더샵스타파크,157.08,11,2008,100000,0,2017-10-12,,,,,
송파구,11710,신천동,7-14,11710-6284,잠실더샵스타파크,173.17,16,2008,20000,260,2017-10-31,,,,,
송파구,11710,신천동,7-17,11710-174,한빛웰리스,150.18,20,1996,62000,0,2017-10-18,,,,,
송파구,11710,신천동,7-18,11710-5589,롯데캐슬골드,148.15,13,2005,90000,0,2017-10-31,,,,,
송파구,11710,오금동,11,11710-131,현대백조,114.36,15,1997,57000,0,2017-10-28,,,,,
송파구,11710,오금동,11,11710-131,현대백조,80.25,17,1997,52000,0,2017-10-20,,,,,
송파구,11710,오금동,11,11710-131,현대백조,84.92,5,1997,56000,0,2017-10-18,,,,,
송파구,11710,오금동,114-29,11710-267,한두리,68.7,4,2004,32000,0,2017-10-14,,,,,
송파구,11710,오금동,118-23,11710-226,명성화인캐슬,84.97,6,2003,20000,50,2017-10-23,,,,,
송파구,11710,오금동,164,11710-129,우창,109.72,1,1985,50000,0,2017-10-24,,,,,
송파구,11710,오금동,165,11710-124,상아2차아파트,45.77,13,1988,17000,15,2017-10-01,,,,,
송파구,11710,오금동,165,11710-124,상아2차아파트,45.77,9,1988,24000,0,2017-10-31,,,,,
송파구,11710,오금동,165,11710-124,상아2차아파트,50.72,3,1988,4000,90,2017-10-27,,,,,
송파구,11710,오금동,165,11710-124,상아2차아파트,50.72,6,1988,20000,45,2017-10-27,,,,,
송파구,11710,오금동,165,11710-124,상아2차아파트,60,10,1988,32000,0,2017-10-13,,,,,
송파구,11710,오금동,165,11710-124,상아2차아파트,60,12,1988,34000,0,2017-10-28,,,,,
송파구,11710,오금동,165,11710-124,상아2차아파트,60,5,1988,31000,0,2017-10-25,,,,,
송파구,11710,오금동,165,11710-124,상아2차아파트,60,7,1988,21000,30,2017-10-23,17.12~19.12,신규,,,
송파구,11710,오금동,165,11710-124,상아2차아파트,60.7,2,1988,32500,0,2017-10-12,,,,,
송파구,11710,오금동,165,11710-124,상아2차아파트,60.7,5,1988,23000,0,2017-10-03,,,,,
송파구,11710,오금동,165,11710-124,상아2차아파트,60.7,6,1988,33000,0,2017-10-14,,,,,
송파구,11710,오금동,165,11710-124,상아2차아파트,84.98,14,1988,43000,0,2017-10-13,,,,,
송파구,11710,오금동,165,11710-124,상아2차아파트,84.98,14,1988,45000,0,2017-10-16,,,,,
송파구,11710,오금동,2,11710-122,대림,125.79,6,1988,60000,0,2017-10-19,,,,,
송파구,11710,오금동,2,11710-122,대림,84.91,12,1988,10000,125,2017-10-14,,,,,
송파구,11710,오금동,2,11710-122,대림,84.91,12,1988,50500,0,2017-10-29,,,,,
송파구,11710,오금동,2,11710-122,대림,84.91,15,1988,47500,10,2017-10-14,,,,,
송파구,11710,오금동,29,11710-239,쌍용스윗닷홈1단지,84.94,7,2005,55000,0,2017-10-31,,,,,
송파구,11710,오금동,30-2,11710-5677,쌍용스위닷홈(201동),143.82,3,2005,55000,30,2017-10-04,,,,,
송파구,11710,오금동,43,11710-130,현대(2-4차),130.93,1,1984,60000,0,2017-10-24,,,,,
송파구,11710,오금동,43,11710-130,현대(2-4차),130.93,11,1984,40000,100,2017-10-11,,,,,
송파구,11710,오금동,43,11710-130,현대(2-4차),130.93,9,1984,56000,0,2017-10-26,,,,,
송파구,11710,오금동,43,11710-130,현대(2-4차),130.93,9,1984,60000,0,2017-10-13,,,,,
송파구,11710,오금동,43,11710-130,현대(2-4차),170.32,12,1984,72000,0,2017-10-30,,,,,
송파구,11710,오금동,43,11710-130,현대(2-4차),170.32,5,1984,68000,0,2017-10-26,,,,,
송파구,11710,오금동,43,11710-130,현대(2-4차),170.32,7,1984,50000,63,2017-10-24,,,,,
송파구,11710,오금동,43,11710-130,현대(2-4차),84.98,2,1984,20000,0,2017-10-28,,,,,
송파구,11710,오금동,43,11710-130,현대(2-4차),84.98,2,1984,35000,40,2017-10-27,,,,,
송파구,11710,오금동,43,11710-130,현대(2-4차),84.98,5,1984,5000,150,2017-10-23,,,,,
송파구,11710,오금동,43,11710-130,현대(2-4차),84.98,5,1984,52000,0,2017-10-18,,,,,
송파구,11710,오금동,55-8,11710-132,반석블레스빌,83.15,1,2002,40000,0,2017-10-31,,,,,
송파구,11710,오금동,55-8,11710-132,반석블레스빌,84.15,7,2002,40000,0,2017-10-17,,,,,
송파구,11710,오금동,615,11710-6424,올림픽파크센트레빌,84.6819,11,2009,47000,50,2017-10-02,,,,,
송파구,11710,오금동,615,11710-6424,올림픽파크센트레빌,84.9071,5,2009,60000,0,2017-10-18,,,,,
송파구,11710,오금동,67,11710-125,아남,47.88,10,1992,28000,0,2017-10-02,,,,,
송파구,11710,오금동,67,11710-125,아남,71.26,1,1992,37000,0,2017-10-14,,,,,
송파구,11710,오금동,71-8,11710-447,오금그랑밸리,77.87,5,2002,30000,0,2017-10-21,,,,,
송파구,11710,잠실동,101-1,11710-159,우성아파트,131.08,4,1981,55000,60,2017-10-19,,,,,
송파구,11710,잠실동,101-1,11710-159,우성아파트,131.08,7,1981,80000,0,2017-10-28,,,,,
송파구,11710,잠실동,101-1,11710-159,우성아파트,136.34,8,1981,60000,0,2017-10-27,,,,,
송파구,11710,잠실동,101-1,11710-159,우성아파트,160.74,3,1981,73000,0,2017-10-26,,,,,
송파구,11710,잠실동,101-1,11710-159,우성아파트,80.35,10,1981,43000,0,2017-10-14,17.11~19.11,갱신,,43000,
송파구,11710,잠실동,101-1,11710-159,우성아파트,80.39,12,1981,42000,0,2017-10-30,,,,,
송파구,11710,잠실동,101-1,11710-159,우성아파트,80.39,8,1981,4000,120,2017-10-27,,,,,
송파구,11710,잠실동,101-1,11710-159,우성아파트,82.06,13,1981,27000,40,2017-10-28,,,,,
송파구,11710,잠실동,101-1,11710-159,우성아파트,82.06,5,1981,44000,0,2017-10-21,,,,,
송파구,11710,잠실동,101-1,11710-159,우성아파트,82.06,8,1981,8000,100,2017-10-19,,,,,
송파구,11710,잠실동,101-1,11710-159,우성아파트,96.04,12,1981,37000,50,2017-10-20,,,,,
송파구,11710,잠실동,101-1,11710-159,우성아파트,96.05,2,1981,49500,0,2017-10-24,,,,,
송파구,11710,잠실동,101-1,11710-159,우성아파트,96.05,2,1981,49500,0,2017-10-24,,,,,
송파구,11710,잠실동,101-1,11710-159,우성아파트,96.65,10,1981,58000,0,2017-10-19,,,,,
송파구,11710,잠실동,101-1,11710-159,우성아파트,96.65,2,1981,5000,133,2017-10-20,,,,,
송파구,11710,잠실동,175-4,11710-5571,잠실월드메르디앙,82.83,3,2005,56000,0,2017-10-17,,,,,
송파구,11710,잠실동,19,11710-6346,잠실엘스,119.93,18,2008,80000,0,2017-10-23,,,,,
송파구,11710,잠실동,19,11710-6346,잠실엘스,119.93,3,2008,116000,0,2017-10-30,,,,,
송파구,11710,잠실동,19,11710-6346,잠실엘스,119.93,4,2008,70000,130,2017-10-30,,,,,
송파구,11710,잠실동,19,11710-6346,잠실엘스,59.96,10,2008,70000,0,2017-10-26,,,,,
송파구,11710,잠실동,19,11710-6346,잠실엘스,59.96,10,2008,73000,0,2017-10-23,,,,,
송파구,11710,잠실동,19,11710-6346,잠실엘스,59.96,12,2008,30000,110,2017-10-12,,,,,
송파구,11710,잠실동,19,11710-6346,잠실엘스,59.96,13,2008,5000,190,2017-10-26,,,,,
송파구,11710,잠실동,19,11710-6346,잠실엘스,59.96,13,2008,70000,0,2017-10-25,,,,,
송파구,11710,잠실동,19,11710-6346,잠실엘스,59.96,14,2008,22000,140,2017-10-09,17.10~19.10,갱신,,22000,130
송파구,11710,잠실동,19,11710-6346,잠실엘스,59.96,15,2008,50000,60,2017-10-17,,,,,
송파구,11710,잠실동,19,11710-6346,잠실엘스,59.96,17,2008,66000,0,2017-10-28,,,,,
송파구,11710,잠실동,19,11710-6346,잠실엘스,59.96,17,2008,70000,0,2017-10-28,,,,,
송파구,11710,잠실동,19,11710-6346,잠실엘스,59.96,17,2008,71000,0,2017-10-10,,,,,
송파구,11710,잠실동,19,11710-6346,잠실엘스,59.96,18,2008,65000,0,2017-10-07,,,,,
송파구,11710,잠실동,19,11710-6346,잠실엘스,59.96,19,2008,70000,0,2017-10-16,,,,,
송파구,11710,잠실동,19,11710-6346,잠실엘스,59.96,2,2008,10000,170,2017-10-24,,,,,
송파구,11710,잠실동,19,11710-6346,잠실엘스,59.96,2,2008,71000,0,2017-10-17,,,,,
송파구,11710,잠실동,19,11710-6346,잠실엘스,59.96,20,2008,67000,0,2017-10-20,,,,,
송파구,11710,잠실동,19,11710-6346,잠실엘스,59.96,22,2008,60000,30,2017-10-28,,,,,
송파구,11710,잠실동,19,11710-6346,잠실엘스,59.96,27,2008,20000,140,2017-10-23,,,,,
송파구,11710,잠실동,19,11710-6346,잠실엘스,59.96,3,2008,50000,60,2017-10-02,,,,,
송파구,11710,잠실동,19,11710-6346,잠실엘스,59.96,4,2008,60000,30,2017-10-25,,,,,
송파구,11710,잠실동,19,11710-6346,잠실엘스,59.96,5,2008,66000,0,2017-10-28,,,,,
송파구,11710,잠실동,19,11710-6346,잠실엘스,59.96,6,2008,69000,0,2017-10-30,,,,,
송파구,11710,잠실동,19,11710-6346,잠실엘스,59.96,7,2008,64000,0,2017-10-26,,,,,
송파구,11710,잠실동,19,11710-6346,잠실엘스,59.96,7,2008,70000,0,2017-10-11,,,,,
송파구,11710,잠실동,19,11710-6346,잠실엘스,84.8,1,2008,5000,220,2017-10-24,,,,,
송파구,11710,잠실동,19,11710-6346,잠실엘스,84.8,11,2008,85000,0,2017-10-09,,,,,
송파구,11710,잠실동,19,11710-6346,잠실엘스,84.8,12,2008,82000,0,2017-10-28,,,,,
송파구,11710,잠실동,19,11710-6346,잠실엘스,84.8,12,2008,88000,0,2017-10-12,,,,,
송파구,11710,잠실동,19,11710-6346,잠실엘스,84.8,13,2008,85000,0,2017-10-28,,,,,
송파구,11710,잠실동,19,11710-6346,잠실엘스,84.8,14,2008,35000,130,2017-10-27,,,,,
송파구,11710,잠실동,19,11710-6346,잠실엘스,84.8,14,2008,40000,120,2017-10-14,,,,,
송파구,11710,잠실동,19,11710-6346,잠실엘스,84.8,14,2008,83000,0,2017-10-25,,,,,
송파구,11710,잠실동,19,11710-6346,잠실엘스,84.8,15,2008,80000,15,2017-10-24,,,,,
송파구,11710,잠실동,19,11710-6346,잠실엘스,84.8,16,2008,84000,0,2017-10-12,,,,,
송파구,11710,잠실동,19,11710-6346,잠실엘스,84.8,16,2008,85000,0,2017-10-27,,,,,
송파구,11710,잠실동,19,11710-6346,잠실엘스,84.8,17,2008,60000,65,2017-10-28,,,,,
송파구,11710,잠실동,19,11710-6346,잠실엘스,84.8,18,2008,70000,20,2017-10-30,,,,,
송파구,11710,잠실동,19,11710-6346,잠실엘스,84.8,2,2008,10000,120,2017-10-28,,,,,
송파구,11710,잠실동,19,11710-6346,잠실엘스,84.8,20,2008,88000,0,2017-10-26,,,,,
송파구,11710,잠실동,19,11710-6346,잠실엘스,84.8,21,2008,84000,0,2017-10-23,,,,,
송파구,11710,잠실동,19,11710-6346,잠실엘스,84.8,22,2008,10000,210,2017-10-28,,,,,
송파구,11710,잠실동,19,11710-6346,잠실엘스,84.8,22,2008,83000,0,2017-10-14,,,,,
송파구,11710,잠실동,19,11710-6346,잠실엘스,84.8,23,2008,60000,0,2017-10-31,,,,,
송파구,11710,잠실동,19,11710-6346,잠실엘스,84.8,23,2008,85000,0,2017-10-28,,,,,
송파구,11710,잠실동,19,11710-6346,잠실엘스,84.8,26,2008,60000,50,2017-10-18,,,,,
송파구,11710,잠실동,19,11710-6346,잠실엘스,84.8,26,2008,80000,0,2017-10-24,17.10~19.11,갱신,,77000,
송파구,11710,잠실동,19,11710-6346,잠실엘스,84.8,26,2008,85000,0,2017-10-13,,,,,
송파구,11710,잠실동,19,11710-6346,잠실엘스,84.8,3,2008,50000,90,2017-10-31,,,,,
송파구,11710,잠실동,19,11710-6346,잠실엘스,84.8,5,2008,50000,100,2017-10-27,,,,,
송파구,11710,잠실동,19,11710-6346,잠실엘스,84.8,6,2008,83000,0,2017-10-26,,,,,
송파구,11710,잠실동,19,11710-6346,잠실엘스,84.8,6,2008,85000,0,2017-10-17,,,,,
송파구,11710,잠실동,19,11710-6346,잠실엘스,84.8,8,2008,50000,90,2017-10-10,,,,,
송파구,11710,잠실동,19,11710-6346,잠실엘스,84.8,8,2008,85000,0,2017-10-21,,,,,
송파구,11710,잠실동,19,11710-6346,잠실엘스,84.8,9,2008,85000,0,2017-10-24,,,,,
송파구,11710,잠실동,19,11710-6346,잠실엘스,84.88,12,2008,65000,55,2017-10-21,,,,,
송파구,11710,잠실동,19,11710-6346,잠실엘스,84.88,22,2008,85000,0,2017-10-24,,,,,
송파구,11710,잠실동,19,11710-6346,잠실엘스,84.88,3,2008,40000,105,2017-10-11,17.12~19.12,신규,,,
송파구,11710,잠실동,19,11710-6346,잠실엘스,84.88,5,2008,82000,0,2017-10-23,,,,,
송파구,11710,잠실동,19,11710-6346,잠실엘스,84.97,13,2008,88000,0,2017-10-17,,,,,
송파구,11710,잠실동,19,11710-6346,잠실엘스,84.97,2,2008,80000,0,2017-10-11,,,,,
송파구,11710,잠실동,19,11710-6346,잠실엘스,84.97,23,2008,84000,0,2017-10-23,,,,,
송파구,11710,잠실동,19,11710-6346,잠실엘스,84.97,24,2008,83000,0,2017-10-13,,,,,
송파구,11710,잠실동,19,11710-6346,잠실엘스,84.97,6,2008,50000,90,2017-10-12,,,,,
송파구,11710,잠실동,19,11710-6346,잠실엘스,84.97,7,2008,5000,210,2017-10-26,,,,,
송파구,11710,잠실동,22,11710-6249,리센츠,124.22,19,2008,100000,0,2017-10-11,,,,,
송파구,11710,잠실동,22,11710-6249,리센츠,124.22,27,2008,10000,370,2017-10-19,17.12~19.12,갱신,,10000,350
송파구,11710,잠실동,22,11710-6249,리센츠,124.22,8,2008,137000,0,2017-10-25,,,,,
송파구,11710,잠실동,22,11710-6249,리센츠,27.68,11,2008,33000,0,2017-10-20,,,,,
송파구,11710,잠실동,22,11710-6249,리센츠,27.68,12,2008,25000,40,2017-10-13,,,,,
송파구,11710,잠실동,22,11710-6249,리센츠,27.68,13,2008,5000,110,2017-10-31,,,,,
송파구,11710,잠실동,22,11710-6249,리센츠,27.68,17,2008,2000,120,2017-10-11,,,,,
송파구,11710,잠실동,22,11710-6249,리센츠,27.68,17,2008,43000,0,2017-10-11,,,,,
송파구,11710,잠실동,22,11710-6249,리센츠,27.68,19,2008,2000,110,2017-10-30,,,,,
송파구,11710,잠실동,22,11710-6249,리센츠,27.68,20,2008,43000,0,2017-10-25,,,,,
송파구,11710,잠실동,22,11710-6249,리센츠,27.68,24,2008,40000,0,2017-10-19,16.10~18.10,갱신,,40000,
송파구,11710,잠실동,22,11710-6249,리센츠,27.68,27,2008,46000,0,2017-10-25,,,,,
송파구,11710,잠실동,22,11710-6249,리센츠,27.68,28,2008,34000,0,2017-10-31,,,,,
송파구,11710,잠실동,22,11710-6249,리센츠,27.68,28,2008,36000,0,2017-10-20,,,,,
송파구,11710,잠실동,22,11710-6249,리센츠,27.68,33,2008,25000,0,2017-10-21,,,,,
송파구,11710,잠실동,22,11710-6249,리센츠,27.68,33,2008,33000,0,2017-10-16,,,,,
송파구,11710,잠실동,22,11710-6249,리센츠,27.68,33,2008,44000,0,2017-10-12,,,,,
송파구,11710,잠실동,22,11710-6249,리센츠,27.68,4,2008,45000,0,2017-10-16,,,,,
송파구,11710,잠실동,22,11710-6249,리센츠,27.68,5,2008,10000,78,2017-10-11,17.10~19.10,신규,,,
송파구,11710,잠실동,22,11710-6249,리센츠,27.68,5,2008,1500,110,2017-10-12,17.11~19.11,신규,,,
송파구,11710,잠실동,22,11710-6249,리센츠,27.68,5,2008,42000,0,2017-10-10,,,,,
송파구,11710,잠실동,22,11710-6249,리센츠,27.68,8,2008,34000,0,2017-10-09,,,,,
송파구,11710,잠실동,22,11710-6249,리센츠,27.68,8,2008,34500,0,2017-10-26,,,,,
송파구,11710,잠실동,22,11710-6249,리센츠,59.99,14,2008,72000,0,2017-10-13,,,,,
송파구,11710,잠실동,22,11710-6249,리센츠,59.99,27,2008,45000,80,2017-10-24,,,,,
송파구,11710,잠실동,22,11710-6249,리센츠,59.99,6,2008,72000,0,2017-10-28,,,,,
송파구,11710,잠실동,22,11710-6249,리센츠,59.99,8,2008,5000,195,2017-10-12,,,,,
송파구,11710,잠실동,22,11710-6249,리센츠,84.99,10,2008,80000,0,2017-10-18,17.10~19.10,신규,,,
송파구,11710,잠실동,22,11710-6249,리센츠,84.99,14,2008,90000,0,2017-10-26,,,,,
송파구,11710,잠실동,22,11710-6249,리센츠,84.99,15,2008,30000,150,2017-10-30,,,,,
송파구,11710,잠실동,22,11710-6249,리센츠,84.99,16,2008,45000,115,2017-10-21,,,,,
송파구,11710,잠실동,22,11710-6249,리센츠,84.99,18,2008,60000,80,2017-10-14,,,,,
송파구,11710,잠실동,22,11710-6249,리센츠,84.99,18,2008,85000,0,2017-10-31,,,,,
송파구,11710,잠실동,22,11710-6249,리센츠,84.99,18,2008,87000,0,2017-10-27,,,,,
송파구,11710,잠실동,22,11710-6249,리센츠,84.99,18,2008,93500,0,2017-10-14,,,,,
송파구,11710,잠실동,22,11710-6249,리센츠,84.99,19,2008,50000,100,2017-10-30,,,,,
송파구,11710,잠실동,22,11710-6249,리센츠,84.99,19,2008,90000,0,2017-10-18,,,,,
송파구,11710,잠실동,22,11710-6249,리센츠,84.99,20,2008,20000,180,2017-10-09,,,,,
송파구,11710,잠실동,22,11710-6249,리센츠,84.99,20,2008,82000,0,2017-10-18,,,,,
송파구,11710,잠실동,22,11710-6249,리센츠,84.99,21,2008,60000,80,2017-10-20,,,,,
송파구,11710,잠실동,22,11710-6249,리센츠,84.99,22,2008,30000,150,2017-10-30,,,,,
송파구,11710,잠실동,22,11710-6249,리센츠,84.99,22,2008,90000,0,2017-10-28,,,,,
송파구,11710,잠실동,22,11710-6249,리센츠,84.99,23,2008,42000,120,2017-10-25,,,,,
송파구,11710,잠실동,22,11710-6249,리센츠,84.99,25,2008,85000,0,2017-10-23,,,,,
송파구,11710,잠실동,22,11710-6249,리센츠,84.99,27,2008,10000,200,2017-10-13,,,,,
송파구,11710,잠실동,22,11710-6249,리센츠,84.99,27,2008,83000,0,2017-10-12,,,,,
송파구,11710,잠실동,22,11710-6249,리센츠,84.99,28,2008,80000,0,2017-10-18,,,,,
송파구,11710,잠실동,22,11710-6249,리센츠,84.99,3,2008,30000,170,2017-10-26,,,,,
송파구,11710,잠실동,22,11710-6249,리센츠,84.99,3,2008,80000,0,2017-10-28,,,,,
송파구,11710,잠실동,22,11710-6249,리센츠,84.99,32,2008,10000,220,2017-10-31,,,,,
송파구,11710,잠실동,22,11710-6249,리센츠,84.99,4,2008,38000,100,2017-10-18,,,,,
송파구,11710,잠실동,22,11710-6249,리센츠,84.99,4,2008,88000,0,2017-10-19,,,,,
송파구,11710,잠실동,22,11710-6249,리센츠,84.99,5,2008,10000,220,2017-10-11,,,,,
송파구,11710,잠실동,22,11710-6249,리센츠,84.99,5,2008,5000,225,2017-10-25,,,,,
송파구,11710,잠실동,22,11710-6249,리센츠,84.99,5,2008,88000,0,2017-10-23,,,,,
송파구,11710,잠실동,22,11710-6249,리센츠,84.99,6,2008,10000,210,2017-10-31,,,,,
송파구,11710,잠실동,22,11710-6249,리센츠,84.99,6,2008,88000,0,2017-10-21,,,,,
송파구,11710,잠실동,22,11710-6249,리센츠,84.99,7,2008,65000,80,2017-10-23,,,,,
송파구,11710,잠실동,22,11710-6249,리센츠,84.99,7,2008,88000,0,2017-10-21,,,,,
송파구,11710,잠실동,22,11710-6249,리센츠,84.99,8,2008,88500,0,2017-10-18,,,,,
송파구,11710,잠실동,22,11710-6249,리센츠,84.99,9,2008,10000,220,2017-10-11,,,,,
송파구,11710,잠실동,22,11710-6249,리센츠,98.55,3,2008,50000,160,2017-10-24,,,,,
송파구,11710,잠실동,27,11710-164,주공아파트 5단지,76.5,1,1978,12000,35,2017-10-31,,,,,
송파구,11710,잠실동,27,11710-164,주공아파트 5단지,76.5,1,1978,35000,0,2017-10-28,,,,,
송파구,11710,잠실동,27,11710-164,주공아파트 5단지,76.5,10,1978,37000,0,2017-10-20,,,,,
송파구,11710,잠실동,27,11710-164,주공아파트 5단지,76.5,10,1978,42000,0,2017-10-18,,,,,
송파구,11710,잠실동,27,11710-164,주공아파트 5단지,76.5,10,1978,47000,0,2017-10-23,,,,,
송파구,11710,잠실동,27,11710-164,주공아파트 5단지,76.5,11,1978,41000,0,2017-10-31,,,,,
송파구,11710,잠실동,27,11710-164,주공아파트 5단지,76.5,13,1978,18000,55,2017-10-10,,,,,
송파구,11710,잠실동,27,11710-164,주공아파트 5단지,76.5,13,1978,40000,0,2017-10-25,,,,,
송파구,11710,잠실동,27,11710-164,주공아파트 5단지,76.5,14,1978,42000,0,2017-10-16,,,,,
송파구,11710,잠실동,27,11710-164,주공아파트 5단지,76.5,15,1978,30000,15,2017-10-27,,,,,
송파구,11710,잠실동,27,11710-164,주공아파트 5단지,76.5,15,1978,37500,0,2017-10-25,,,,,
송파구,11710,잠실동,27,11710-164,주공아파트 5단지,76.5,15,1978,40000,0,2017-10-11,,,,,
송파구,11710,잠실동,27,11710-164,주공아파트 5단지,76.5,15,1978,5000,130,2017-10-12,17.10~19.10,신규,,,
송파구,11710,잠실동,27,11710-164,주공아파트 5단지,76.5,2,1978,18000,50,2017-10-28,,,,,
송파구,11710,잠실동,27,11710-164,주공아파트 5단지,76.5,2,1978,25000,25,2017-10-20,,,,,
송파구,11710,잠실동,27,11710-164,주공아파트 5단지,76.5,2,1978,39000,0,2017-10-13,,,,,
송파구,11710,잠실동,27,11710-164,주공아파트 5단지,76.5,3,1978,34000,0,2017-10-14,,,,,
송파구,11710,잠실동,27,11710-164,주공아파트 5단지,76.5,3,1978,38000,0,2017-10-27,,,,,
송파구,11710,잠실동,27,11710-164,주공아파트 5단지,76.5,5,1978,40000,0,2017-10-12,,,,,
송파구,11710,잠실동,27,11710-164,주공아파트 5단지,76.5,7,1978,34000,0,2017-10-27,,,,,
송파구,11710,잠실동,27,11710-164,주공아파트 5단지,76.5,7,1978,38000,0,2017-10-16,,,,,
송파구,11710,잠실동,27,11710-164,주공아파트 5단지,76.5,7,1978,43000,0,2017-10-24,,,,,
송파구,11710,잠실동,27,11710-164,주공아파트 5단지,76.5,7,1978,6000,110,2017-10-18,,,,,
송파구,11710,잠실동,27,11710-164,주공아파트 5단지,76.5,9,1978,35000,0,2017-10-23,,,,,
송파구,11710,잠실동,27,11710-164,주공아파트 5단지,76.5,9,1978,47000,0,2017-10-21,,,,,
송파구,11710,잠실동,27,11710-164,주공아파트 5단지,81.75,10,1978,33000,0,2017-10-25,,,,,
송파구,11710,잠실동,27,11710-164,주공아파트 5단지,81.75,13,1978,27000,40,2017-10-28,,,,,
송파구,11710,잠실동,27,11710-164,주공아파트 5단지,81.75,13,1978,28000,0,2017-10-27,,,,,
송파구,11710,잠실동,27,11710-164,주공아파트 5단지,81.75,2,1978,18000,40,2017-10-25,,,,,
송파구,11710,잠실동,27,11710-164,주공아파트 5단지,81.75,5,1978,37000,0,2017-10-12,,,,,
송파구,11710,잠실동,27,11710-164,주공아파트 5단지,81.75,6,1978,5000,130,2017-10-31,,,,,
송파구,11710,잠실동,27,11710-164,주공아파트 5단지,82.51,1,1978,20000,40,2017-10-26,,,,,
송파구,11710,잠실동,27,11710-164,주공아파트 5단지,82.51,1,1978,39000,0,2017-10-23,,,,,
송파구,11710,잠실동,27,11710-164,주공아파트 5단지,82.51,10,1978,40000,0,2017-10-16,,,,,
송파구,11710,잠실동,27,11710-164,주공아파트 5단지,82.51,11,1978,29000,25,2017-10-25,,,,,
송파구,11710,잠실동,27,11710-164,주공아파트 5단지,82.51,14,1978,20000,60,2017-10-28,,,,,
송파구,11710,잠실동,27,11710-164,주공아파트 5단지,82.51,15,1978,45000,0,2017-10-17,,,,,
송파구,11710,잠실동,27,11710-164,주공아파트 5단지,82.51,5,1978,27000,50,2017-10-23,,,,,
송파구,11710,잠실동,27,11710-164,주공아파트 5단지,82.51,9,1978,42000,0,2017-10-11,,,,,
송파구,11710,잠실동,27,11710-164,주공아파트 5단지,82.51,9,1978,45000,0,2017-10-18,16.09~18.09,신규,,,
송파구,11710,잠실동,27,11710-164,주공아파트 5단지,82.61,1,1978,30000,0,2017-10-21,,,,,
송파구,11710,잠실동,27,11710-164,주공아파트 5단지,82.61,15,1978,41000,0,2017-10-10,,,,,
송파구,11710,잠실동,27,11710-164,주공아파트 5단지,82.61,2,1978,10000,95,2017-10-28,,,,,
송파구,11710,잠실동,27,11710-164,주공아파트 5단지,82.61,3,1978,40000,0,2017-10-25,,,,,
송파구,11710,잠실동,27,11710-164,주공아파트 5단지,82.61,3,1978,45000,0,2017-10-12,,,,,
송파구,11710,잠실동,27,11710-164,주공아파트 5단지,82.61,7,1978,45000,0,2017-10-20,,,,,
송파구,11710,잠실동,27,11710-164,주공아파트 5단지,82.61,9,1978,35000,0,2017-10-21,,,,,
송파구,11710,잠실동,27,11710-164,주공아파트 5단지,82.61,9,1978,43000,0,2017-10-23,17.11~19.11,신규,,,
송파구,11710,잠실동,320,11710-160,우성4차,95.84,10,1983,50000,0,2017-10-18,,,,,
송파구,11710,잠실동,320,11710-160,우성4차,95.84,10,1983,50000,0,2017-10-26,,,,,
송파구,11710,잠실동,320,11710-160,우성4차,95.84,11,1983,50000,0,2017-10-27,,,,,
송파구,11710,잠실동,320,11710-160,우성4차,95.84,2,1983,30000,30,2017-10-10,,,,,
송파구,11710,잠실동,320,11710-160,우성4차,95.84,2,1983,45000,0,2017-10-30,,,,,
송파구,11710,잠실동,320,11710-160,우성4차,95.84,4,1983,30000,40,2017-10-30,,,,,
송파구,11710,잠실동,320,11710-160,우성4차,95.84,4,1983,5000,130,2017-10-16,,,,,
송파구,11710,잠실동,331,11710-165,현대,71.9,5,1990,42000,0,2017-10-26,,,,,
송파구,11710,잠실동,331,11710-165,현대,84.68,1,1990,51000,0,2017-10-23,,,,,
송파구,11710,잠실동,331,11710-165,현대,84.68,4,1990,26000,55,2017-10-17,,,,,
송파구,11710,잠실동,336-5,11710-280,잠실포스코더샵,84.95,6,2004,53000,0,2017-10-28,,,,,
송파구,11710,잠실동,35,11710-6028,트리지움,114.7,1,2007,20000,240,2017-10-12,,,,,
송파구,11710,잠실동,35,11710-6028,트리지움,114.7,18,2007,105000,0,2017-10-31,,,,,
송파구,11710,잠실동,35,11710-6028,트리지움,114.7,20,2007,99000,0,2017-10-21,,,,,
송파구,11710,잠실동,35,11710-6028,트리지움,114.7,25,2007,75000,80,2017-10-11,,,,,
송파구,11710,잠실동,35,11710-6028,트리지움,114.7,8,2007,110000,0,2017-10-16,,,,,
송파구,11710,잠실동,35,11710-6028,트리지움,149.45,12,2007,82500,0,2017-10-23,,,,,
송파구,11710,잠실동,35,11710-6028,트리지움,149.45,13,2007,123000,0,2017-10-23,,,,,
송파구,11710,잠실동,35,11710-6028,트리지움,149.45,24,2007,130000,0,2017-10-26,,,,,
송파구,11710,잠실동,35,11710-6028,트리지움,149.45,25,2007,110000,60,2017-10-13,,,,,
송파구,11710,잠실동,35,11710-6028,트리지움,149.45,27,2007,135000,0,2017-10-23,,,,,
송파구,11710,잠실동,35,11710-6028,트리지움,149.45,29,2007,10000,350,2017-10-23,,,,,
송파구,11710,잠실동,35,11710-6028,트리지움,59.88,10,2007,30000,90,2017-10-14,,,,,
송파구,11710,잠실동,35,11710-6028,트리지움,59.88,14,2007,72000,0,2017-10-17,,,,,
송파구,11710,잠실동,35,11710-6028,트리지움,59.88,15,2007,72000,0,2017-10-21,,,,,
송파구,11710,잠실동,35,11710-6028,트리지움,59.88,19,2007,69000,0,2017-10-12,,,,,
송파구,11710,잠실동,35,11710-6028,트리지움,59.88,2,2007,10000,160,2017-10-10,17.12~19.12,신규,,,
송파구,11710,잠실동,35,11710-6028,트리지움,59.88,23,2007,11000,170,2017-10-11,,,,,
송파구,11710,잠실동,35,11710-6028,트리지움,59.88,23,2007,68000,0,2017-10-19,17.10~17.12,신규,,,
송파구,11710,잠실동,35,11710-6028,트리지움,59.88,23,2007,72000,0,2017-10-10,,,,,
송파구,11710,잠실동,35,11710-6028,트리지움,59.88,24,2007,30000,120,2017-10-31,,,,,
송파구,11710,잠실동,35,11710-6028,트리지움,59.88,26,2007,69000,0,2017-10-26,,,,,
송파구,11710,잠실동,35,11710-6028,트리지움,59.88,3,2007,69000,0,2017-10-30,,,,,
송파구,11710,잠실동,35,11710-6028,트리지움,59.88,4,2007,12000,165,2017-10-14,,,,,
송파구,11710,잠실동,35,11710-6028,트리지움,59.88,6,2007,68000,0,2017-10-24,,,,,
송파구,11710,잠실동,35,11710-6028,트리지움,59.88,6,2007,73000,0,2017-10-13,17.12~19.12,신규,,,
송파구,11710,잠실동,35,11710-6028,트리지움,59.88,8,2007,40000,74,2017-10-13,,,,,
송파구,11710,잠실동,35,11710-6028,트리지움,84.83,10,2007,86000,0,2017-10-24,,,,,
송파구,11710,잠실동,35,11710-6028,트리지움,84.83,11,2007,85000,0,2017-10-20,,,,,
송파구,11710,잠실동,35,11710-6028,트리지움,84.83,13,2007,52000,77,2017-10-22,,,,,
송파구,11710,잠실동,35,11710-6028,트리지움,84.83,13,2007,70000,50,2017-10-19,,,,,
송파구,11710,잠실동,35,11710-6028,트리지움,84.83,13,2007,82000,0,2017-10-11,,,,,
송파구,11710,잠실동,35,11710-6028,트리지움,84.83,14,2007,58000,60,2017-10-28,,,,,
송파구,11710,잠실동,35,11710-6028,트리지움,84.83,15,2007,20000,165,2017-10-19,,,,,
송파구,11710,잠실동,35,11710-6028,트리지움,84.83,15,2007,80000,0,2017-10-12,,,,,
송파구,11710,잠실동,35,11710-6028,트리지움,84.83,15,2007,80393,0,2017-10-12,,,,,
송파구,11710,잠실동,35,11710-6028,트리지움,84.83,16,2007,80000,0,2017-10-14,,,,,
송파구,11710,잠실동,35,11710-6028,트리지움,84.83,18,2007,30000,150,2017-10-21,,,,,
송파구,11710,잠실동,35,11710-6028,트리지움,84.83,18,2007,70000,50,2017-10-28,,,,,
송파구,11710,잠실동,35,11710-6028,트리지움,84.83,19,2007,84000,0,2017-10-21,,,,,
송파구,11710,잠실동,35,11710-6028,트리지움,84.83,20,2007,10000,200,2017-10-24,,,,,
송파구,11710,잠실동,35,11710-6028,트리지움,84.83,20,2007,80000,0,2017-10-14,,,,,
송파구,11710,잠실동,35,11710-6028,트리지움,84.83,23,2007,85000,0,2017-10-31,,,,,
송파구,11710,잠실동,35,11710-6028,트리지움,84.83,25,2007,10000,205,2017-10-13,,,,,
송파구,11710,잠실동,35,11710-6028,트리지움,84.83,25,2007,80000,0,2017-10-11,,,,,
송파구,11710,잠실동,35,11710-6028,트리지움,84.83,3,2007,82000,0,2017-10-30,,,,,
송파구,11710,잠실동,35,11710-6028,트리지움,84.83,5,2007,50000,80,2017-10-09,,,,,
송파구,11710,잠실동,35,11710-6028,트리지움,84.83,8,2007,84000,0,2017-10-23,,,,,
송파구,11710,잠실동,35,11710-6028,트리지움,84.83,8,2007,84000,0,2017-10-24,,,,,
송파구,11710,잠실동,35,11710-6028,트리지움,84.95,14,2007,70500,45,2017-10-30,,,,,
송파구,11710,잠실동,35,11710-6028,트리지움,84.95,14,2007,87000,0,2017-10-23,,,,,
송파구,11710,잠실동,35,11710-6028,트리지움,84.95,16,2007,35000,130,2017-10-28,17.11~19.11,신규,,,
송파구,11710,잠실동,35,11710-6028,트리지움,84.95,17,2007,85000,0,2017-10-11,,,,,
송파구,11710,잠실동,35,11710-6028,트리지움,84.95,18,2007,50000,95,2017-10-14,,,,,
송파구,11710,잠실동,35,11710-6028,트리지움,84.95,20,2007,50000,100,2017-10-26,,,,,
송파구,11710,잠실동,35,11710-6028,트리지움,84.95,24,2007,50000,100,2017-10-31,,,,,
송파구,11710,잠실동,35,11710-6028,트리지움,84.95,29,2007,50000,90,2017-10-27,,,,,
송파구,11710,잠실동,35,11710-6028,트리지움,84.95,3,2007,50000,80,2017-10-07,,,,,
송파구,11710,잠실동,35,11710-6028,트리지움,84.95,5,2007,50000,80,2017-10-21,,,,,
송파구,11710,잠실동,35,11710-6028,트리지움,84.97,12,2007,62000,60,2017-10-25,,,,,
송파구,11710,잠실동,35,11710-6028,트리지움,84.97,14,2007,83000,0,2017-10-25,,,,,
송파구,11710,잠실동,35,11710-6028,트리지움,84.97,29,2007,53000,75,2017-10-23,,,,,
송파구,11710,잠실동,40,11710-281,갤러리아팰리스,122.989,19,2005,10000,300,2017-10-27,,,,,
송파구,11710,잠실동,40,11710-281,갤러리아팰리스,123.291,11,2005,95000,0,2017-10-18,,,,,
송파구,11710,잠실동,40,11710-281,갤러리아팰리스,123.291,38,2005,50000,160,2017-10-14,,,,,
송파구,11710,잠실동,40,11710-281,갤러리아팰리스,151.189,26,2005,105000,0,2017-10-17,,,,,
송파구,11710,잠실동,40,11710-281,갤러리아팰리스,176.034,25,2005,100000,0,2017-10-26,,,,,
송파구,11710,잠실동,40,11710-281,갤러리아팰리스,84.445,18,2005,78000,0,2017-10-18,,,,,
송파구,11710,잠실동,44,11710-5957,레이크팰리스,116.19,1,2006,80000,25,2017-10-12,,,,,
송파구,11710,잠실동,44,11710-5957,레이크팰리스,116.19,19,2006,95000,0,2017-10-10,,,,,
송파구,11710,잠실동,44,11710-5957,레이크팰리스,116.19,6,2006,60000,90,2017-10-17,,,,,
송파구,11710,잠실동,44,11710-5957,레이크팰리스,116.19,8,2006,85000,0,2017-10-20,,,,,
송파구,11710,잠실동,44,11710-5957,레이크팰리스,135.82,12,2006,130000,0,2017-10-26,,,,,
송파구,11710,잠실동,44,11710-5957,레이크팰리스,135.82,13,2006,117000,0,2017-10-24,,,,,
송파구,11710,잠실동,44,11710-5957,레이크팰리스,135.82,19,2006,110000,60,2017-10-23,,,,,
송파구,11710,잠실동,44,11710-5957,레이크팰리스,136.74,8,2006,110000,0,2017-10-30,,,,,
송파구,11710,잠실동,44,11710-5957,레이크팰리스,59.97,10,2006,70000,0,2017-10-28,,,,,
송파구,11710,잠실동,44,11710-5957,레이크팰리스,59.97,11,2006,59000,0,2017-10-19,,,,,
송파구,11710,잠실동,44,11710-5957,레이크팰리스,59.97,14,2006,65000,0,2017-10-21,,,,,
송파구,11710,잠실동,44,11710-5957,레이크팰리스,59.97,19,2006,50000,60,2017-10-19,,,,,
송파구,11710,잠실동,44,11710-5957,레이크팰리스,59.97,29,2006,40000,70,2017-10-14,,,,,
송파구,11710,잠실동,44,11710-5957,레이크팰리스,59.97,30,2006,51000,40,2017-10-15,,,,,
송파구,11710,잠실동,44,11710-5957,레이크팰리스,59.97,4,2006,50000,50,2017-10-02,,,,,
송파구,11710,잠실동,44,11710-5957,레이크팰리스,59.97,9,2006,40000,80,2017-10-17,,,,,
송파구,11710,잠실동,44,11710-5957,레이크팰리스,84.82,11,2006,20000,180,2017-10-21,,,,,
송파구,11710,잠실동,44,11710-5957,레이크팰리스,84.82,12,2006,83000,0,2017-10-21,,,,,
송파구,11710,잠실동,44,11710-5957,레이크팰리스,84.82,13,2006,50000,105,2017-10-11,,,,,
송파구,11710,잠실동,44,11710-5957,레이크팰리스,84.82,13,2006,85000,0,2017-10-14,,,,,
송파구,11710,잠실동,44,11710-5957,레이크팰리스,84.82,2,2006,60000,60,2017-10-31,,,,,
송파구,11710,잠실동,44,11710-5957,레이크팰리스,84.82,21,2006,85000,0,2017-10-12,,,,,
송파구,11710,잠실동,44,11710-5957,레이크팰리스,84.82,22,2006,57000,85,2017-10-13,,,,,
송파구,11710,잠실동,44,11710-5957,레이크팰리스,84.82,25,2006,90000,0,2017-10-12,,,,,
송파구,11710,잠실동,44,11710-5957,레이크팰리스,84.82,29,2006,42000,120,2017-10-31,,,,,
송파구,11710,잠실동,86,11710-158,아시아선수촌아파트,134.485,3,1986,64000,0,2017-10-25,,,,,
송파구,11710,잠실동,86,11710-158,아시아선수촌아파트,151.008,9,1986,20000,300,2017-10-10,,,,,
송파구,11710,잠실동,86,11710-158,아시아선수촌아파트,178.325,3,1986,100000,90,2017-10-24,,,,,
송파구,11710,잠실동,86,11710-158,아시아선수촌아파트,99.385,10,1986,40000,100,2017-10-24,,,,,
송파구,11710,잠실동,86,11710-158,아시아선수촌아파트,99.385,5,1986,40000,100,2017-10-25,,,,,
송파구,11710,잠실동,86,11710-158,아시아선수촌아파트,99.385,7,1986,73000,0,2017-10-23,,,,,
송파구,11710,잠실동,86,11710-158,아시아선수촌아파트,99.385,8,1986,40000,100,2017-10-12,,,,,
송파구,11710,잠실동,86,11710-158,아시아선수촌아파트,99.385,9,1986,80000,0,2017-10-18,,,,,
송파구,11710,장지동,833,11710-6486,송파파인타운1단지,84.95,2,2010,10000,140,2017-10-31,,,,,
송파구,11710,장지동,833,11710-6486,송파파인타운1단지,84.95,4,2010,48000,0,2017-10-27,,,,,
송파구,11710,장지동,833,11710-6486,송파파인타운1단지,84.95,5,2010,50000,0,2017-10-18,,,,,
송파구,11710,장지동,835,11710-6299,송파파인타운2단지,49.77,3,2008,6424,16,2017-10-25,,,,,
송파구,11710,장지동,837,11710-6182,송파파인타운4단지,84.95,11,2008,58000,0,2017-10-14,,,,,
송파구,11710,장지동,842,11710-6317,송파파인타운8단지,59.97,17,2008,25000,80,2017-10-17,17.12~19.12,신규,,,
송파구,11710,장지동,842,11710-6317,송파파인타운8단지,59.97,17,2008,48000,0,2017-10-13,,,,,
송파구,11710,장지동,842,11710-6317,송파파인타운8단지,59.97,18,2008,38000,35,2017-10-27,,,,,
송파구,11710,장지동,842,11710-6317,송파파인타운8단지,59.97,8,2008,8000,110,2017-10-14,,,,,
송파구,11710,장지동,843,11710-6125,송파파인타운9단지,59.93,5,2007,10000,110,2017-10-28,,,,,
송파구,11710,장지동,844,11710-6126,송파파인타운7단지,84.94,13,2007,56000,0,2017-10-12,,,,,
송파구,11710,장지동,844,11710-6126,송파파인타운7단지,84.94,9,2007,36000,0,2017-10-23,,,,,
송파구,11710,장지동,845,11710-6276,송파파인타운5단지,84.93,6,2008,57000,0,2017-10-31,,,,,
송파구,11710,장지동,845,11710-6276,송파파인타운5단지,84.98,15,2008,55000,0,2017-10-21,,,,,
송파구,11710,장지동,845,11710-6276,송파파인타운5단지,84.98,16,2008,30000,75,2017-10-13,,,,,
송파구,11710,장지동,845,11710-6276,송파파인타운5단지,84.98,5,2008,5000,155,2017-10-13,,,,,
송파구,11710,장지동,845,11710-6276,송파파인타운5단지,84.98,8,2008,30000,70,2017-10-17,,,,,
송파구,11710,장지동,847,11710-6309,송파파인타운6단지,84.93,18,2008,53000,0,2017-10-21,,,,,
송파구,11710,장지동,847,11710-6309,송파파인타운6단지,84.93,19,2008,50000,0,2017-10-13,,,,,
송파구,11710,장지동,847,11710-6309,송파파인타운6단지,84.94,11,2008,25000,88,2017-10-21,,,,,
송파구,11710,장지동,849,11710-6241,송파파인타운3단지,84.93,7,2008,25000,90,2017-10-27,,,,,
송파구,11710,장지동,849,11710-6241,송파파인타운3단지,84.94,4,2008,50000,0,2017-10-11,,,,,
송파구,11710,장지동,849,11710-6241,송파파인타운3단지,84.98,14,2008,50000,0,2017-10-25,,,,,
송파구,11710,장지동,849,11710-6241,송파파인타운3단지,84.98,16,2008,26000,80,2017-10-28,,,,,
송파구,11710,장지동,854,11710-6029,송파파인타운11단지,59.96,1,2007,13860,0,2017-10-24,,,,,
송파구,11710,장지동,854,11710-6029,송파파인타운11단지,59.96,10,2007,13200,0,2017-10-24,,,,,
송파구,11710,장지동,854,11710-6029,송파파인타운11단지,59.96,2,2007,13200,0,2017-10-24,,,,,
송파구,11710,장지동,854,11710-6029,송파파인타운11단지,59.96,3,2007,13200,0,2017-10-25,,,,,
송파구,11710,장지동,854,11710-6029,송파파인타운11단지,59.96,3,2007,13200,0,2017-10-31,,,,,
송파구,11710,장지동,854,11710-6029,송파파인타운11단지,59.96,3,2007,14520,0,2017-10-31,,,,,
송파구,11710,장지동,854,11710-6029,송파파인타운11단지,59.96,4,2007,13200,0,2017-10-24,,,,,
송파구,11710,장지동,854,11710-6029,송파파인타운11단지,59.96,5,2007,13200,0,2017-10-23,,,,,
송파구,11710,장지동,854,11710-6029,송파파인타운11단지,59.96,5,2007,13200,0,2017-10-24,,,,,
송파구,11710,장지동,854,11710-6029,송파파인타운11단지,59.96,6,2007,13200,0,2017-10-23,,,,,
송파구,11710,장지동,854,11710-6029,송파파인타운11단지,59.96,6,2007,13200,0,2017-10-30,,,,,
송파구,11710,장지동,854,11710-6029,송파파인타운11단지,59.96,6,2007,13829,0,2017-10-26,,,,,
송파구,11710,장지동,854,11710-6029,송파파인타운11단지,59.96,7,2007,13200,0,2017-10-24,,,,,
송파구,11710,장지동,854,11710-6029,송파파인타운11단지,59.96,7,2007,13860,0,2017-10-31,,,,,
송파구,11710,장지동,854,11710-6029,송파파인타운11단지,84.94,12,2007,52000,0,2017-10-12,,,,,
송파구,11710,장지동,854,11710-6029,송파파인타운11단지,84.94,12,2007,53000,0,2017-10-12,,,,,
송파구,11710,장지동,854,11710-6029,송파파인타운11단지,84.94,2,2007,51000,0,2017-10-14,,,,,
송파구,11710,장지동,855,11710-6677,송파파인타운12단지,84.76,13,2011,56000,0,2017-10-26,,,,,
송파구,11710,장지동,856,11710-6030,송파파인타운10단지,49.93,1,2007,4168,28,2017-10-30,,,,,
송파구,11710,장지동,856,11710-6030,송파파인타운10단지,59.92,10,2007,13431,0,2017-10-20,,,,,
송파구,11710,장지동,856,11710-6030,송파파인타운10단지,59.92,14,2007,13431,0,2017-10-24,,,,,
송파구,11710,장지동,856,11710-6030,송파파인타운10단지,59.92,14,2007,13431,0,2017-10-27,,,,,
송파구,11710,장지동,856,11710-6030,송파파인타운10단지,59.92,2,2007,13431,0,2017-10-31,,,,,
송파구,11710,장지동,856,11710-6030,송파파인타운10단지,59.92,7,2007,13431,0,2017-10-24,,,,,
송파구,11710,장지동,856,11710-6030,송파파인타운10단지,59.92,9,2007,13431,0,2017-10-24,,,,,
송파구,11710,장지동,856,11710-6030,송파파인타운10단지,59.95,11,2007,13431,0,2017-10-27,,,,,
송파구,11710,장지동,856,11710-6030,송파파인타운10단지,59.95,12,2007,13431,0,2017-10-25,,,,,
송파구,11710,장지동,856,11710-6030,송파파인타운10단지,59.95,13,2007,13431,0,2017-10-25,,,,,
송파구,11710,장지동,856,11710-6030,송파파인타운10단지,59.95,3,2007,13431,0,2017-10-24,,,,,
송파구,11710,장지동,856,11710-6030,송파파인타운10단지,59.96,12,2007,13431,0,2017-10-27,,,,,
송파구,11710,장지동,856,11710-6030,송파파인타운10단지,59.96,16,2007,13431,0,2017-10-24,,,,,
송파구,11710,장지동,856,11710-6030,송파파인타운10단지,59.96,5,2007,13431,0,2017-10-26,,,,,
송파구,11710,장지동,878,11710-7714,위례신도시송파푸르지오,106.967,21,2015,5000,220,2017-10-21,,,,,
송파구,11710,장지동,878,11710-7714,위례신도시송파푸르지오,108.119,11,2015,68000,0,2017-10-09,,,,,
송파구,11710,장지동,879,11710-7430,송파더센트레,51.77,10,2013,39000,0,2017-10-31,,,,,
송파구,11710,장지동,879,11710-7430,송파더센트레,51.77,11,2013,38000,0,2017-10-24,,,,,
송파구,11710,장지동,879,11710-7430,송파더센트레,51.77,13,2013,39000,0,2017-10-28,,,,,
송파구,11710,장지동,879,11710-7430,송파더센트레,51.77,14,2013,38000,0,2017-10-21,,,,,
송파구,11710,장지동,879,11710-7430,송파더센트레,51.77,14,2013,39000,0,2017-10-22,,,,,
송파구,11710,장지동,879,11710-7430,송파더센트레,51.77,15,2013,39000,0,2017-10-29,,,,,
송파구,11710,장지동,879,11710-7430,송파더센트레,51.77,2,2013,23000,55,2017-10-29,,,,,
송파구,11710,장지동,879,11710-7430,송파더센트레,51.77,4,2013,10000,95,2017-10-13,,,,,
송파구,11710,장지동,879,11710-7430,송파더센트레,51.77,9,2013,38000,0,2017-10-23,,,,,
송파구,11710,장지동,879,11710-7430,송파더센트레,51.96,18,2013,5000,110,2017-10-14,,,,,
송파구,11710,장지동,879,11710-7430,송파더센트레,51.96,22,2013,38000,0,2017-10-16,,,,,
송파구,11710,장지동,879,11710-7430,송파더센트레,59.73,25,2013,43000,0,2017-10-29,,,,,
송파구,11710,장지동,879,11710-7430,송파더센트레,59.85,12,2013,44000,0,2017-10-21,,,,,
송파구,11710,장지동,879,11710-7430,송파더센트레,59.96,23,2013,35000,0,2017-10-19,,,,,
송파구,11710,장지동,894,11710-7945,위례아이파크,100.8522,11,2015,60000,0,2017-10-30,,,,,
송파구,11710,장지동,894,11710-7945,위례아이파크,100.8522,19,2015,65000,0,2017-10-20,,,,,
송파구,11710,장지동,894,11710-7945,위례아이파크,100.8522,9,2015,65000,0,2017-10-13,,,,,
송파구,11710,장지동,894,11710-7945,위례아이파크,87.6889,23,2015,60000,0,2017-10-26,,,,,
송파구,11710,장지동,894,11710-7945,위례아이파크,87.8354,14,2015,60000,0,2017-10-31,,,,,
송파구,11710,장지동,894,11710-7945,위례아이파크,87.8869,9,2015,58000,0,2017-10-18,,,,,
송파구,11710,장지동,895,11710-8018,송파와이즈더샵,96.5326,22,2016,67000,0,2017-10-15,,,,,
송파구,11710,장지동,895,11710-8018,송파와이즈더샵,97.1656,9,2016,30000,120,2017-10-29,,,,,
송파구,11710,장지동,895,11710-8018,송파와이즈더샵,97.1662,14,2016,68000,0,2017-10-18,,,,,
송파구,11710,장지동,901,11710-7441,위례24단지(꿈에그린),51.77,10,2013,36000,0,2017-10-20,,,,,
송파구,11710,장지동,901,11710-7441,위례24단지(꿈에그린),51.77,13,2013,39000,0,2017-10-02,,,,,
송파구,11710,장지동,901,11710-7441,위례24단지(꿈에그린),51.77,14,2013,39000,0,2017-10-28,,,,,
송파구,11710,장지동,901,11710-7441,위례24단지(꿈에그린),51.77,3,2013,38000,0,2017-10-21,,,,,
송파구,11710,장지동,901,11710-7441,위례24단지(꿈에그린),51.77,4,2013,3000,110,2017-10-15,,,,,
송파구,11710,장지동,901,11710-7441,위례24단지(꿈에그린),51.77,6,2013,40000,0,2017-10-15,17.10~19.10,신규,,,
송파구,11710,장지동,901,11710-7441,위례24단지(꿈에그린),51.77,7,2013,40000,0,2017-10-23,,,,,
송파구,11710,장지동,901,11710-7441,위례24단지(꿈에그린),54.12,13,2013,38500,0,2017-10-19,17.10~19.10,신규,,,
송파구,11710,장지동,901,11710-7441,위례24단지(꿈에그린),59.63,12,2013,45000,0,2017-10-14,,,,,
송파구,11710,장지동,901,11710-7441,위례24단지(꿈에그린),59.63,4,2013,45000,0,2017-10-24,,,,,
송파구,11710,장지동,901,11710-7441,위례24단지(꿈에그린),59.63,6,2013,10000,120,2017-10-19,,,,,
송파구,11710,장지동,901,11710-7441,위례24단지(꿈에그린),59.66,14,2013,45000,0,2017-10-30,,,,,
송파구,11710,장지동,901,11710-7441,위례24단지(꿈에그린),59.66,5,2013,29000,40,2017-10-15,,,,,
송파구,11710,장지동,901,11710-7441,위례24단지(꿈에그린),59.66,8,2013,5000,130,2017-10-10,,,,,
송파구,11710,장지동,901,11710-7441,위례24단지(꿈에그린),75.92,9,2013,10000,110,2017-10-08,,,,,
송파구,11710,장지동,901,11710-7441,위례24단지(꿈에그린),75.97,20,2013,55000,0,2017-10-20,,,,,
송파구,11710,장지동,901,11710-7441,위례24단지(꿈에그린),84.96,16,2013,20000,130,2017-10-27,,,,,
송파구,11710,장지동,905,11710-8544,위례포레샤인23단지,39.79,11,2017,6474,10,2017-10-19,,,,,
송파구,11710,장지동,905,11710-8544,위례포레샤인23단지,39.79,13,2017,6474,10,2017-10-26,,,,,
송파구,11710,장지동,905,11710-8544,위례포레샤인23단지,39.79,15,2017,6474,10,2017-10-27,,,,,
송파구,11710,장지동,905,11710-8544,위례포레샤인23단지,39.79,5,2017,6474,10,2017-10-20,,,,,
송파구,11710,장지동,905,11710-8544,위례포레샤인23단지,39.79,6,2017,6474,10,2017-10-31,,,,,
송파구,11710,장지동,905,11710-8544,위례포레샤인23단지,39.79,7,2017,6474,10,2017-10-30,,,,,
송파구,11710,장지동,905,11710-8544,위례포레샤인23단지,39.93,3,2017,6474,10,2017-10-31,,,,,
송파구,11710,장지동,905,11710-8544,위례포레샤인23단지,39.93,9,2017,6474,10,2017-10-19,,,,,
송파구,11710,장지동,905,11710-8544,위례포레샤인23단지,39.93,9,2017,6474,10,2017-10-24,,,,,
송파구,11710,장지동,905,11710-8544,위례포레샤인23단지,49.48,10,2017,5837,30,2017-10-07,,,,,
송파구,11710,장지동,905,11710-8544,위례포레샤인23단지,49.48,10,2017,9112,12,2017-10-12,,,,,
송파구,11710,장지동,905,11710-8544,위례포레샤인23단지,49.48,11,2017,9112,12,2017-10-12,,,,,
송파구,11710,장지동,905,11710-8544,위례포레샤인23단지,49.48,11,2017,9112,12,2017-10-31,,,,,
송파구,11710,장지동,905,11710-8544,위례포레샤인23단지,49.48,12,2017,9112,12,2017-10-11,,,,,
송파구,11710,장지동,905,11710-8544,위례포레샤인23단지,49.48,13,2017,5837,30,2017-10-31,,,,,
송파구,11710,장지동,905,11710-8544,위례포레샤인23단지,49.59,10,2017,9112,12,2017-10-12,,,,,
송파구,11710,장지동,905,11710-8544,위례포레샤인23단지,49.59,12,2017,3275,12,2017-10-23,,,,,
송파구,11710,장지동,905,11710-8544,위례포레샤인23단지,49.59,8,2017,9112,12,2017-10-18,,,,,
송파구,11710,장지동,905,11710-8544,위례포레샤인23단지,59.66,14,2017,29200,0,2017-10-31,,,,,
송파구,11710,장지동,905,11710-8544,위례포레샤인23단지,59.66,17,2017,29200,0,2017-10-31,,,,,
송파구,11710,장지동,905,11710-8544,위례포레샤인23단지,59.66,2,2017,29200,0,2017-10-31,,,,,
송파구,11710,장지동,905,11710-8544,위례포레샤인23단지,59.66,2,2017,29200,0,2017-10-31,,,,,
송파구,11710,장지동,905,11710-8544,위례포레샤인23단지,59.66,2,2017,29200,0,2017-10-31,,,,,
송파구,11710,장지동,905,11710-8544,위례포레샤인23단지,59.97,10,2017,29200,0,2017-10-31,,,,,
송파구,11710,장지동,905,11710-8544,위례포레샤인23단지,59.97,13,2017,29200,0,2017-10-31,,,,,
송파구,11710,장지동,905,11710-8544,위례포레샤인23단지,59.97,2,2017,29200,0,2017-10-31,,,,,
송파구,11710,장지동,905,11710-8544,위례포레샤인23단지,59.97,2,2017,29200,0,2017-10-31,,,,,
송파구,11710,장지동,905,11710-8544,위례포레샤인23단지,59.97,9,2017,29200,0,2017-10-31,,,,,
송파구,11710,장지동,905,11710-8544,위례포레샤인23단지,74.82,1,2017,32400,0,2017-10-31,,,,,
송파구,11710,장지동,905,11710-8544,위례포레샤인23단지,74.82,14,2017,32400,0,2017-10-13,,,,,
송파구,11710,장지동,905,11710-8544,위례포레샤인23단지,74.82,18,2017,32400,0,2017-10-13,,,,,
송파구,11710,장지동,905,11710-8544,위례포레샤인23단지,74.82,6,2017,32400,0,2017-10-10,,,,,
송파구,11710,장지동,905,11710-8544,위례포레샤인23단지,74.95,1,2017,32400,0,2017-10-31,,,,,
송파구,11710,장지동,905,11710-8544,위례포레샤인23단지,74.95,1,2017,32400,0,2017-10-31,,,,,
송파구,11710,장지동,905,11710-8544,위례포레샤인23단지,74.95,1,2017,32400,0,2017-10-31,,,,,
송파구,11710,장지동,905,11710-8544,위례포레샤인23단지,74.95,14,2017,32400,0,2017-10-12,,,,,
송파구,11710,장지동,905,11710-8544,위례포레샤인23단지,74.95,18,2017,32400,0,2017-10-12,,,,,
송파구,11710,장지동,905,11710-8544,위례포레샤인23단지,74.95,3,2017,32400,0,2017-10-12,,,,,
송파구,11710,장지동,905,11710-8544,위례포레샤인23단지,74.95,4,2017,32400,0,2017-10-13,,,,,
송파구,11710,장지동,905,11710-8544,위례포레샤인23단지,74.95,5,2017,32400,0,2017-10-12,,,,,
송파구,11710,장지동,905,11710-8544,위례포레샤인23단지,74.95,7,2017,32400,0,2017-10-12,,,,,
송파구,11710,풍납동,163,11710-5,대아(제101상가동),60,4,1998,30000,0,2017-10-25,,,,,
송파구,11710,풍납동,219,11710-7,미성,116.965,3,1985,47000,0,2017-10-16,,,,,
송파구,11710,풍납동,219,11710-7,미성,63.39,7,1985,30000,0,2017-10-28,,,,,
송파구,11710,풍납동,219,11710-7,미성,63.39,7,1985,30000,0,2017-10-29,,,,,
송파구,11710,풍납동,219,11710-7,미성,98.32,8,1985,40000,0,2017-10-28,,,,,
송파구,11710,풍납동,220-2,11710-9,신동아파밀리에,59.36,1,1993,28000,0,2017-10-18,,,,,
송파구,11710,풍납동,220-2,11710-9,신동아파밀리에,84.63,7,1993,20000,50,2017-10-21,,,,,
송파구,11710,풍납동,260,11710-19,현대리버빌1지구,43.2,14,1999,28000,0,2017-10-14,,,,,
송파구,11710,풍납동,260,11710-19,현대리버빌1지구,43.2,16,1999,5000,70,2017-10-13,,,,,
송파구,11710,풍납동,260,11710-19,현대리버빌1지구,43.2,2,1999,29000,0,2017-10-31,,,,,
송파구,11710,풍납동,260,11710-19,현대리버빌1지구,43.2,3,1999,28000,0,2017-10-12,,,,,
송파구,11710,풍납동,260,11710-19,현대리버빌1지구,43.2,6,1999,28000,0,2017-10-13,,,,,
송파구,11710,풍납동,260,11710-19,현대리버빌1지구,59.96,5,1999,42000,0,2017-10-28,,,,,
송파구,11710,풍납동,260,11710-19,현대리버빌1지구,84.95,2,1999,51000,0,2017-10-25,,,,,
송파구,11710,풍납동,260,11710-19,현대리버빌1지구,84.95,3,1999,11000,110,2017-10-19,17.10~19.10,갱신,,11000,100
송파구,11710,풍납동,261,11710-20,현대리버빌2지구,40.95,11,1999,24000,0,2017-10-30,,,,,
송파구,11710,풍납동,261,11710-20,현대리버빌2지구,40.95,3,1999,24000,0,2017-10-27,,,,,
송파구,11710,풍납동,261,11710-20,현대리버빌2지구,84.97,18,1999,49000,0,2017-10-28,,,,,
송파구,11710,풍납동,261,11710-20,현대리버빌2지구,84.97,6,1999,32000,45,2017-10-26,,,,,
송파구,11710,풍납동,299-1,11710-2,강변현대,83.19,13,1991,37000,0,2017-10-17,,,,,
송파구,11710,풍납동,391,11710-3,극동,58.11,6,1987,24000,35,2017-10-17,,,,,
송파구,11710,풍납동,391,11710-3,극동,59.975,15,1987,36500,0,2017-10-11,,,,,
송파구,11710,풍납동,391,11710-3,극동,79.945,13,1987,42500,0,2017-10-27,,,,,
송파구,11710,풍납동,391,11710-3,극동,79.945,7,1987,30000,50,2017-10-31,,,,,
송파구,11710,풍납동,397-1,11710-7486,드림스페이스II,19.67,5,2014,5500,42,2017-10-24,,,,,
송파구,11710,풍납동,397-1,11710-7486,드림스페이스II,44.32,6,2014,5000,42,2017-10-16,17.11~18.11,신규,,,
송파구,11710,풍납동,401-1,11710-12,쌍용,84.85,13,1994,52000,0,2017-10-23,,,,,
송파구,11710,풍납동,401-1,11710-12,쌍용,84.85,14,1994,35000,50,2017-10-31,,,,,
송파구,11710,풍납동,401-1,11710-12,쌍용,84.86,17,1994,50400,0,2017-10-11,,,,,
송파구,11710,풍납동,413-1,11710-18,현대1,71.17,15,1995,25000,50,2017-10-01,,,,,
송파구,11710,풍납동,413-1,11710-18,현대1,83.02,1,1995,20000,80,2017-10-13,,,,,
송파구,11710,풍납동,413-1,11710-18,현대1,83.02,10,1995,41000,30,2017-10-20,,,,,
송파구,11710,풍납동,413-1,11710-18,현대1,83.02,6,1995,47500,0,2017-10-21,,,,,
송파구,11710,풍납동,413-1,11710-18,현대1,84,5,1995,14000,110,2017-10-11,,,,,
송파구,11710,풍납동,413-1,11710-18,현대1,84,9,1995,43000,30,2017-10-27,,,,,
송파구,11710,풍납동,506,11710-6,동아한가람1,84.38,13,1995,46000,0,2017-10-27,,,,,
송파구,11710,풍납동,506,11710-6,동아한가람1,84.38,13,1995,47000,0,2017-10-13,,,,,
송파구,11710,풍납동,506,11710-6,동아한가람1,84.38,15,1995,43000,0,2017-10-08,,,,,
송파구,11710,풍납동,506,11710-6,동아한가람1,84.38,3,1995,40000,0,2017-10-11,,,,,
송파구,11710,풍납동,506,11710-6,동아한가람1,84.38,7,1995,43000,0,2017-10-23,,,,,
송파구,11710,풍납동,508,11710-17,한강극동,114.76,11,1995,54000,0,2017-10-21,,,,,
송파구,11710,풍납동,508,11710-17,한강극동,114.76,13,1995,53000,0,2017-10-14,,,,,
송파구,11710,풍납동,508,11710-17,한강극동,114.76,9,1995,60000,0,2017-10-11,,,,,
송파구,11710,풍납동,508,11710-17,한강극동,59.26,7,1995,33000,0,2017-10-10,,,,,
송파구,11710,풍납동,508,11710-17,한강극동,59.26,9,1995,34000,0,2017-10-23,,,,,
송파구,11710,풍납동,508,11710-17,한강극동,84.76,6,1995,44000,0,2017-10-16,,,,,
송파구,11710,풍납동,509,11710-13,씨티극동1,80.15,8,1998,20000,50,2017-10-17,,,,,
송파구,11710,풍납동,509,11710-13,씨티극동1,80.15,8,1998,20000,50,2017-10-17,,,,,
송파구,11710,풍납동,509,11710-13,씨티극동1,84.22,12,1998,43500,0,2017-10-16,,,,,
송파구,11710,풍납동,510,11710-10,신성노바빌아파트,59.78,14,2000,12000,80,2017-10-10,,,,,
송파구,11710,풍납동,510,11710-10,신성노바빌아파트,59.78,2,2000,30000,0,2017-10-21,,,,,
양천구,11470,목동,200,11470-41,우성,84.44,3,1992,50000,0,2017-10-25,,,,,
양천구,11470,목동,200,11470-41,우성,84.44,6,1992,50000,0,2017-10-21,,,,,
양천구,11470,목동,200,11470-41,우성,84.63,3,1992,49000,0,2017-10-12,,,,,
양천구,11470,목동,315-6,11470-251,힐타운,65.41,2,2004,23000,0,2017-10-17,,,,,
양천구,11470,목동,404-13,11470-5141,목동센트럴푸르지오,118.8208,13,2015,60000,165,2017-10-21,,,,,
양천구,11470,목동,404-13,11470-5141,목동센트럴푸르지오,57.8736,5,2015,27384,0,2017-10-16,,,,,
양천구,11470,목동,404-13,11470-5141,목동센트럴푸르지오,57.8803,2,2015,27384,0,2017-10-18,,,,,
양천구,11470,목동,404-13,11470-5141,목동센트럴푸르지오,57.8803,5,2015,27384,0,2017-10-17,,,,,
양천구,11470,목동,404-13,11470-5141,목동센트럴푸르지오,57.9172,5,2015,27384,0,2017-10-17,,,,,
양천구,11470,목동,404-13,11470-5141,목동센트럴푸르지오,57.9172,6,2015,27384,0,2017-10-18,,,,,
양천구,11470,목동,404-13,11470-5141,목동센트럴푸르지오,57.9649,3,2015,27384,0,2017-10-26,,,,,
양천구,11470,목동,404-13,11470-5141,목동센트럴푸르지오,57.9649,5,2015,27384,0,2017-10-18,,,,,
양천구,11470,목동,404-13,11470-5141,목동센트럴푸르지오,84.9808,6,2015,41412,0,2017-10-17,,,,,
양천구,11470,목동,404-13,11470-5141,목동센트럴푸르지오,84.9808,8,2015,41412,0,2017-10-30,,,,,
양천구,11470,목동,405,11470-8,목동대림,84.82,12,1994,39000,0,2017-10-26,,,,,
양천구,11470,목동,405,11470-8,목동대림,84.82,16,1994,53000,0,2017-10-23,18.01~20.01,신규,,,
양천구,11470,목동,405,11470-8,목동대림,84.82,20,1994,52000,0,2017-10-23,,,,,
양천구,11470,목동,405,11470-8,목동대림,84.82,4,1994,40000,50,2017-10-19,,,,,
양천구,11470,목동,408-219,11470-254,래디앙아파트,139.4,4,2003,53000,30,2017-10-17,,,,,
양천구,11470,목동,539-4,11470-56,목동효성,111.33,12,2003,30000,0,2017-10-29,,,,,
양천구,11470,목동,549,11470-7,목동금호베스트빌,125.37,2,2002,50000,0,2017-10-30,,,,,
양천구,11470,목동,709-2,11470-35,성원2,59.9,3,2000,27000,0,2017-10-11,,,,,
양천구,11470,목동,709-2,11470-35,성원2,59.9,5,2000,5000,85,2017-10-12,,,,,
양천구,11470,목동,709-2,11470-35,성원2,77.17,8,2000,33300,0,2017-10-19,,,,,
양천구,11470,목동,709-2,11470-35,성원2,79.21,5,2000,33000,0,2017-10-02,,,,,
양천구,11470,목동,743-21,11470-265,한일,73.05,4,2004,29000,0,2017-10-25,,,,,
양천구,11470,목동,750-5,11470-42,월드메르디앙,84.1969,4,2001,41000,0,2017-10-17,,,,,
양천구,11470,목동,752-1,11470-4,극동늘푸른,59.91,4,1998,34000,0,2017-10-28,,,,,
양천구,11470,목동,752-1,11470-4,극동늘푸른,59.91,6,1998,33000,0,2017-10-26,,,,,
양천구,11470,목동,752-1,11470-4,극동늘푸른,84.21,4,1998,37000,30,2017-10-14,,,,,
양천구,11470,목동,753-1,11470-58,금강에스쁘아,59.691,17,2002,32500,0,2017-10-25,17.10~19.10,갱신,,30000,
양천구,11470,목동,753-1,11470-58,금강에스쁘아,82.615,17,2002,42000,0,2017-10-11,17.10~19.10,갱신,,39000,
양천구,11470,목동,753-1,11470-58,금강에스쁘아,82.615,9,2002,48000,0,2017-10-21,,,,,
양천구,11470,목동,755-1,11470-13,목4현대,59.91,9,1997,31000,0,2017-10-21,,,,,
양천구,11470,목동,764-4,11470-37,신목,74.64,5,1992,26500,30,2017-10-11,,,,,
양천구,11470,목동,772-11,11470-36,스카이빌아파트,84.51,13,2002,43000,0,2017-10-18,,,,,
양천구,11470,목동,772-7,11470-60,신동아파밀리에,118.5154,4,2002,55000,0,2017-10-28,,,,,
양천구,11470,목동,803-2,11470-4611,엘리온,72.4629,4,2011,10000,75,2017-10-16,,,,,
양천구,11470,목동,806-18,11470-269,상록,105.24,7,2001,40000,0,2017-10-10,,,,,
양천구,11470,목동,901,11470-17,목동신시가지1,116.29,11,1985,45000,130,2017-10-21,,,,,
양천구,11470,목동,901,11470-17,목동신시가지1,116.29,9,1985,40000,140,2017-10-17,,,,,
양천구,11470,목동,901,11470-17,목동신시가지1,47.52,13,1985,16000,350,2017-10-27,,,,,
양천구,11470,목동,901,11470-17,목동신시가지1,51.48,8,1985,35000,0,2017-10-23,,,,,
양천구,11470,목동,901,11470-17,목동신시가지1,65.34,8,1985,45000,0,2017-10-19,,,,,
양천구,11470,목동,901,11470-17,목동신시가지1,65.34,9,1985,38000,20,2017-10-27,,,,,
양천구,11470,목동,901,11470-17,목동신시가지1,66,12,1985,45000,0,2017-10-11,,,,,
양천구,11470,목동,901,11470-17,목동신시가지1,88.5,13,1985,57500,0,2017-10-31,,,,,
양천구,11470,목동,901,11470-17,목동신시가지1,88.5,7,1985,25000,110,2017-10-11,,,,,
양천구,11470,목동,901,11470-17,목동신시가지1,91.26,11,1985,70000,0,2017-10-26,,,,,
양천구,11470,목동,901,11470-17,목동신시가지1,91.26,4,1985,60000,0,2017-10-31,,,,,
양천구,11470,목동,901,11470-17,목동신시가지1,91.26,9,1985,50000,0,2017-10-13,,,,,
양천구,11470,목동,901,11470-17,목동신시가지1,98.08,2,1985,70000,0,2017-10-21,17.12~19.12,신규,,,
양천구,11470,목동,901,11470-17,목동신시가지1,98.08,4,1985,30000,125,2017-10-21,,,,,
양천구,11470,목동,901,11470-17,목동신시가지1,98.08,5,1985,73000,0,2017-10-25,,,,,
양천구,11470,목동,901,11470-17,목동신시가지1,99.15,3,1985,43000,80,2017-10-26,,,,,
양천구,11470,목동,901,11470-17,목동신시가지1,99.15,3,1985,71000,0,2017-10-28,,,,,
양천구,11470,목동,902,11470-18,목동신시가지2,116.82,2,1986,76000,0,2017-10-21,,,,,
양천구,11470,목동,902,11470-18,목동신시가지2,122.31,1,1986,78000,0,2017-10-10,,,,,
양천구,11470,목동,902,11470-18,목동신시가지2,122.31,3,1986,80000,0,2017-10-25,,,,,
양천구,11470,목동,902,11470-18,목동신시가지2,122.31,4,1986,50000,90,2017-10-20,,,,,
양천구,11470,목동,902,11470-18,목동신시가지2,144,10,1986,93000,0,2017-10-19,,,,,
양천구,11470,목동,902,11470-18,목동신시가지2,65.25,11,1986,41000,0,2017-10-28,,,,,
양천구,11470,목동,902,11470-18,목동신시가지2,65.25,6,1986,11000,80,2017-10-25,,,,,
양천구,11470,목동,902,11470-18,목동신시가지2,65.82,13,1986,43000,0,2017-10-06,,,,,
양천구,11470,목동,902,11470-18,목동신시가지2,65.82,15,1986,40000,0,2017-10-11,,,,,
양천구,11470,목동,902,11470-18,목동신시가지2,65.82,4,1986,40000,0,2017-10-25,,,,,
양천구,11470,목동,902,11470-18,목동신시가지2,65.82,8,1986,45000,0,2017-10-31,,,,,
양천구,11470,목동,902,11470-18,목동신시가지2,65.82,9,1986,5000,90,2017-10-12,,,,,
양천구,11470,목동,902,11470-18,목동신시가지2,83.52,1,1986,20000,80,2017-10-20,,,,,
양천구,11470,목동,902,11470-18,목동신시가지2,95.22,5,1986,60000,0,2017-10-13,,,,,
양천구,11470,목동,902,11470-18,목동신시가지2,95.67,11,1986,65000,0,2017-10-18,17.10~19.10,갱신,,56500,
양천구,11470,목동,902,11470-18,목동신시가지2,95.67,8,1986,48000,40,2017-10-18,,,,,
양천구,11470,목동,902,11470-18,목동신시가지2,97.92,3,1986,70000,0,2017-10-23,,,,,
양천구,11470,목동,902,11470-18,목동신시가지2,97.92,7,1986,50000,50,2017-10-23,17.12~19.12,신규,,,
양천구,11470,목동,902,11470-18,목동신시가지2,97.92,9,1986,40000,95,2017-10-25,,,,,
양천구,11470,목동,903,11470-19,목동신시가지3,122.35,3,1986,80000,0,2017-10-23,,,,,
양천구,11470,목동,903,11470-19,목동신시가지3,145.13,12,1986,74000,30,2017-10-21,,,,,
양천구,11470,목동,903,11470-19,목동신시가지3,145.13,3,1986,80000,0,2017-10-14,,,,,
양천구,11470,목동,903,11470-19,목동신시가지3,64.98,12,1986,40000,0,2017-10-22,,,,,
양천구,11470,목동,903,11470-19,목동신시가지3,64.98,12,1986,41000,0,2017-10-28,,,,,
양천구,11470,목동,903,11470-19,목동신시가지3,64.98,15,1986,41000,0,2017-10-30,,,,,
양천구,11470,목동,903,11470-19,목동신시가지3,64.98,5,1986,28500,50,2017-10-19,17.10~19.10,갱신,,28500,55
양천구,11470,목동,903,11470-19,목동신시가지3,64.98,7,1986,44000,0,2017-10-29,,,,,
양천구,11470,목동,903,11470-19,목동신시가지3,64.98,8,1986,45000,0,2017-10-17,,,,,
양천구,11470,목동,903,11470-19,목동신시가지3,64.98,8,1986,45000,0,2017-10-28,,,,,
양천구,11470,목동,903,11470-19,목동신시가지3,95.03,2,1986,63000,0,2017-10-16,,,,,
양천구,11470,목동,903,11470-19,목동신시가지3,95.03,4,1986,65000,0,2017-10-14,,,,,
양천구,11470,목동,903,11470-19,목동신시가지3,95.16,3,1986,63000,0,2017-10-23,,,,,
양천구,11470,목동,903,11470-19,목동신시가지3,95.74,1,1986,50000,80,2017-10-27,,,,,
양천구,11470,목동,903,11470-19,목동신시가지3,95.74,1,1986,70000,0,2017-10-18,,,,,
양천구,11470,목동,903,11470-19,목동신시가지3,95.74,4,1986,50000,45,2017-10-15,,,,,
양천구,11470,목동,903,11470-19,목동신시가지3,95.74,5,1986,70000,0,2017-10-25,,,,,
양천구,11470,목동,904,11470-20,목동신시가지4,142.2,2,1986,80000,0,2017-10-20,,,,,
양천구,11470,목동,904,11470-20,목동신시가지4,47.25,13,1986,3000,90,2017-10-27,,,,,
양천구,11470,목동,904,11470-20,목동신시가지4,47.25,15,1986,27000,0,2017-10-19,,,,,
양천구,11470,목동,904,11470-20,목동신시가지4,47.25,4,1986,33000,0,2017-10-19,,,,,
양천구,11470,목동,904,11470-20,목동신시가지4,47.25,6,1986,28000,0,2017-10-14,,,,,
양천구,11470,목동,904,11470-20,목동신시가지4,47.25,8,1986,30000,0,2017-10-10,,,,,
양천구,11470,목동,904,11470-20,목동신시가지4,48.69,13,1986,4000,85,2017-10-25,,,,,
양천구,11470,목동,904,11470-20,목동신시가지4,48.69,15,1986,8000,55,2017-10-31,,,,,
양천구,11470,목동,904,11470-20,목동신시가지4,65.34,11,1986,45000,0,2017-10-25,,,,,
양천구,11470,목동,904,11470-20,목동신시가지4,95.67,5,1986,75000,0,2017-10-30,,,,,
양천구,11470,목동,905-22,11470-24,목동트윈빌,142.6,17,2000,71000,0,2017-10-26,,,,,
양천구,11470,목동,907-23,11470-61,현대파크빌(907-23),150.09,10,2003,67000,0,2017-10-27,,,,,
양천구,11470,목동,907-5,11470-14,목동가든스위트,144.16,19,1999,40000,120,2017-10-26,,,,,
양천구,11470,목동,908-28,11470-29,부영2,123.08,11,2000,70000,40,2017-10-31,,,,,
양천구,11470,목동,908-28,11470-29,부영2,149.28,9,2000,85000,0,2017-10-14,,,,,
양천구,11470,목동,908-28,11470-29,부영2,79.69,9,2000,57000,0,2017-10-24,,,,,
양천구,11470,목동,908-34,11470-30,부영3,136.77,16,2000,78000,0,2017-10-27,,,,,
양천구,11470,목동,908-34,11470-30,부영3,198.2,4,2000,85000,0,2017-10-10,,,,,
양천구,11470,목동,908-34,11470-30,부영3,198.2,4,2000,88000,0,2017-10-10,,,,,
양천구,11470,목동,908-34,11470-30,부영3,89.61,6,2000,60000,0,2017-10-18,,,,,
양천구,11470,목동,911,11470-22,목동신시가지6,115.19,6,1986,60000,70,2017-10-31,,,,,
양천구,11470,목동,911,11470-22,목동신시가지6,47.94,1,1986,33000,0,2017-10-21,,,,,
양천구,11470,목동,911,11470-22,목동신시가지6,47.94,12,1986,30000,0,2017-10-26,,,,,
양천구,11470,목동,911,11470-22,목동신시가지6,47.94,15,1986,22000,0,2017-10-13,,,,,
양천구,11470,목동,911,11470-22,목동신시가지6,47.94,15,1986,31000,0,2017-10-17,,,,,
양천구,11470,목동,911,11470-22,목동신시가지6,47.94,5,1986,14000,50,2017-10-16,,,,,
양천구,11470,목동,911,11470-22,목동신시가지6,47.94,7,1986,28000,20,2017-10-21,17.12~19.12,신규,,,
양천구,11470,목동,911,11470-22,목동신시가지6,65.1,2,1986,43000,0,2017-10-26,17.10~19.10,갱신,,41000,
양천구,11470,목동,911,11470-22,목동신시가지6,95.03,1,1986,60000,0,2017-10-21,,,,,
양천구,11470,목동,911,11470-22,목동신시가지6,95.03,5,1986,70000,0,2017-10-01,17.12~19.12,신규,,,
양천구,11470,목동,911,11470-22,목동신시가지6,95.03,6,1986,65000,0,2017-10-16,,,,,
양천구,11470,목동,912,11470-21,목동신시가지5,115.47,15,1986,52000,90,2017-10-16,,,,,
양천구,11470,목동,912,11470-21,목동신시가지5,152.85,5,1986,80000,0,2017-10-20,,,,,
양천구,11470,목동,912,11470-21,목동신시가지5,65.08,1,1986,38000,30,2017-10-28,,,,,
양천구,11470,목동,912,11470-21,목동신시가지5,65.08,10,1986,43000,0,2017-10-25,,,,,
양천구,11470,목동,912,11470-21,목동신시가지5,65.08,11,1986,30000,45,2017-10-21,,,,,
양천구,11470,목동,912,11470-21,목동신시가지5,65.08,2,1986,45000,0,2017-10-20,,,,,
양천구,11470,목동,912,11470-21,목동신시가지5,65.08,2,1986,48000,0,2017-10-21,,,,,
양천구,11470,목동,912,11470-21,목동신시가지5,65.08,3,1986,43000,0,2017-10-12,,,,,
양천구,11470,목동,912,11470-21,목동신시가지5,65.08,3,1986,47000,0,2017-10-23,,,,,
양천구,11470,목동,912,11470-21,목동신시가지5,65.08,6,1986,43000,0,2017-10-10,,,,,
양천구,11470,목동,912,11470-21,목동신시가지5,65.08,8,1986,47000,0,2017-10-26,,,,,
양천구,11470,목동,912,11470-21,목동신시가지5,65.08,9,1986,38000,0,2017-10-19,,,,,
양천구,11470,목동,912,11470-21,목동신시가지5,81.64,1,1986,15000,145,2017-10-20,,,,,
양천구,11470,목동,912,11470-21,목동신시가지5,83.47,1,1986,25000,75,2017-10-17,,,,,
양천구,11470,목동,912,11470-21,목동신시가지5,95.01,2,1986,68000,0,2017-10-24,,,,,
양천구,11470,목동,912,11470-21,목동신시가지5,95.01,2,1986,75000,0,2017-10-21,,,,,
양천구,11470,목동,912,11470-21,목동신시가지5,95.06,4,1986,72000,0,2017-10-25,,,,,
양천구,11470,목동,912,11470-21,목동신시가지5,95.06,5,1986,63000,0,2017-10-27,,,,,
양천구,11470,목동,912,11470-21,목동신시가지5,95.27,2,1986,72000,0,2017-10-28,,,,,
양천구,11470,목동,912,11470-21,목동신시가지5,95.28,10,1986,65000,0,2017-10-28,,,,,
양천구,11470,목동,912,11470-21,목동신시가지5,95.28,14,1986,69000,0,2017-10-09,,,,,
양천구,11470,목동,916,11470-187,현대하이페리온,167.44,26,2003,135000,0,2017-10-31,,,,,
양천구,11470,목동,916,11470-187,현대하이페리온,180.42,20,2003,140000,0,2017-10-31,,,,,
양천구,11470,목동,925,11470-23,목동신시가지7,101.2,13,1986,60000,45,2017-10-26,,,,,
양천구,11470,목동,925,11470-23,목동신시가지7,101.2,13,1986,70000,0,2017-10-23,,,,,
양천구,11470,목동,925,11470-23,목동신시가지7,101.2,2,1986,70000,0,2017-10-25,,,,,
양천구,11470,목동,925,11470-23,목동신시가지7,101.2,3,1986,75000,0,2017-10-19,,,,,
양천구,11470,목동,925,11470-23,목동신시가지7,101.2,7,1986,75000,0,2017-10-28,,,,,
양천구,11470,목동,925,11470-23,목동신시가지7,53.88,10,1986,37000,0,2017-10-13,,,,,
양천구,11470,목동,925,11470-23,목동신시가지7,53.88,12,1986,37000,0,2017-10-25,,,,,
양천구,11470,목동,925,11470-23,목동신시가지7,53.88,14,1986,35000,0,2017-10-15,,,,,
양천구,11470,목동,925,11470-23,목동신시가지7,53.88,3,1986,35000,0,2017-10-11,,,,,
양천구,11470,목동,925,11470-23,목동신시가지7,53.88,5,1986,35000,0,2017-10-18,,,,,
양천구,11470,목동,925,11470-23,목동신시가지7,59.39,1,1986,5000,100,2017-10-28,,,,,
양천구,11470,목동,925,11470-23,목동신시가지7,59.39,1,1986,7000,80,2017-10-16,17.11~19.11,신규,,,
양천구,11470,목동,925,11470-23,목동신시가지7,59.39,5,1986,15000,50,2017-10-28,18.01~20.01,신규,,,
양천구,11470,목동,925,11470-23,목동신시가지7,64.4,1,1986,39000,0,2017-10-21,,,,,
양천구,11470,목동,925,11470-23,목동신시가지7,64.4,1,1986,43000,0,2017-10-21,,,,,
양천구,11470,목동,925,11470-23,목동신시가지7,66.6,1,1986,41000,0,2017-10-21,,,,,
양천구,11470,목동,925,11470-23,목동신시가지7,66.6,1,1986,5000,0,2017-10-23,,,,,
양천구,11470,목동,925,11470-23,목동신시가지7,66.6,10,1986,35000,35,2017-10-31,,,,,
양천구,11470,목동,925,11470-23,목동신시가지7,66.6,11,1986,32000,20,2017-10-15,,,,,
양천구,11470,목동,925,11470-23,목동신시가지7,66.6,13,1986,44000,0,2017-10-21,,,,,
양천구,11470,목동,925,11470-23,목동신시가지7,66.6,14,1986,45000,0,2017-10-28,,,,,
양천구,11470,목동,925,11470-23,목동신시가지7,66.6,3,1986,30000,50,2017-10-31,,,,,
양천구,11470,목동,925,11470-23,목동신시가지7,66.6,3,1986,42000,0,2017-10-09,,,,,
양천구,11470,목동,925,11470-23,목동신시가지7,66.6,3,1986,48000,0,2017-10-22,,,,,
양천구,11470,목동,925,11470-23,목동신시가지7,66.6,5,1986,35000,30,2017-10-25,,,,,
양천구,11470,목동,925,11470-23,목동신시가지7,66.6,6,1986,43000,0,2017-10-11,,,,,
양천구,11470,목동,925,11470-23,목동신시가지7,66.6,7,1986,6000,105,2017-10-27,,,,,
양천구,11470,목동,925,11470-23,목동신시가지7,66.6,9,1986,15000,85,2017-10-11,,,,,
양천구,11470,목동,925,11470-23,목동신시가지7,66.6,9,1986,46000,0,2017-10-21,,,,,
양천구,11470,목동,925,11470-23,목동신시가지7,74.12,3,1986,10000,110,2017-10-18,,,,,
양천구,11470,목동,926-7,11470-27,벽산,84.71,11,1991,58000,0,2017-10-16,,,,,
양천구,11470,목동,926-8,11470-34,목동성원(926-8),114.95,8,1997,65000,0,2017-10-18,,,,,
양천구,11470,목동,926-8,11470-34,목동성원(926-8),59.4,9,1997,43000,0,2017-10-30,,,,,
양천구,11470,목동,928,11470-2,건영,84.27,1,1994,30000,0,2017-10-19,,,,,
양천구,11470,목동,929,11470-46,목동청구한신아파트,84.76,10,1997,60000,0,2017-10-28,,,,,
양천구,11470,목동,929,11470-46,목동청구한신아파트,84.76,11,1997,43000,55,2017-10-30,,,,,
양천구,11470,목동,929,11470-46,목동청구한신아파트,84.76,11,1997,61000,0,2017-10-28,,,,,
양천구,11470,목동,929,11470-46,목동청구한신아파트,84.76,14,1997,35000,85,2017-10-31,,,,,
양천구,11470,목동,929,11470-46,목동청구한신아파트,84.76,14,1997,58000,0,2017-10-14,,,,,
양천구,11470,목동,929,11470-46,목동청구한신아파트,84.76,15,1997,58000,0,2017-10-28,,,,,
양천구,11470,목동,929,11470-46,목동청구한신아파트,84.77,1,1997,60000,0,2017-10-23,,,,,
양천구,11470,목동,929,11470-46,목동청구한신아파트,84.77,4,1997,57000,0,2017-10-28,,,,,
양천구,11470,목동,929,11470-46,목동청구한신아파트,84.77,4,1997,60000,0,2017-10-26,,,,,
양천구,11470,목동,929,11470-46,목동청구한신아파트,84.77,7,1997,10000,165,2017-10-25,,,,,
양천구,11470,목동,929,11470-46,목동청구한신아파트,84.77,7,1997,61000,0,2017-10-17,,,,,
양천구,11470,목동,930,11470-48,현대,57.84,13,1996,44000,0,2017-10-14,,,,,
양천구,11470,목동,930,11470-48,현대,57.84,14,1996,52000,0,2017-10-31,,,,,
양천구,11470,목동,930,11470-48,현대,59.46,12,1996,48000,0,2017-10-28,,,,,
양천구,11470,목동,930,11470-48,현대,83.16,12,1996,45000,40,2017-10-18,,,,,
양천구,11470,목동,930,11470-48,현대,83.16,6,1996,55000,0,2017-10-19,,,,,
양천구,11470,목동,932,11470-38,목동현대1,59.9,17,1997,47000,0,2017-10-10,,,,,
양천구,11470,목동,933,11470-33,삼익,84.88,7,1997,55000,0,2017-10-30,,,,,
양천구,11470,목동,934,11470-6,금호1,114.78,22,1997,75000,0,2017-10-23,17.12~19.12,신규,,,
양천구,11470,목동,936,11470-45,진도2,108.69,18,1999,10000,170,2017-10-20,17.11~18.11,갱신,,10000,180
양천구,11470,목동,936,11470-45,진도2,59.46,6,1999,10000,100,2017-10-27,,,,,
양천구,11470,목동,940,11470-190,현대I-PARK,82.81,12,2003,5000,130,2017-10-26,,,,,
양천구,11470,목동,941,11470-204,대원칸타빌2,83.72,14,2003,50000,7,2017-10-19,17.12~19.08,갱신,,50000,
양천구,11470,목동,941,11470-204,대원칸타빌2,83.72,4,2003,52000,0,2017-10-23,,,,,
양천구,11470,목동,941,11470-204,대원칸타빌2,84.98,12,2003,54000,0,2017-10-23,,,,,
양천구,11470,목동,941,11470-204,대원칸타빌2,84.98,6,2003,53000,0,2017-10-25,,,,,
양천구,11470,목동,944,11470-192,대원칸타빌3,84.98,9,2003,52000,0,2017-10-13,,,,,
양천구,11470,목동,947,11470-193,월드메르디앙3,101.97,3,2003,75000,0,2017-10-09,,,,,
양천구,11470,목동,950,11470-4014,목동이-편한세상,134.77,2,2006,15000,0,2017-10-31,,,,,
양천구,11470,목동,950,11470-4014,목동이-편한세상,134.77,8,2006,73000,0,2017-10-14,,,,,
양천구,11470,목동,951,11470-271,금호어울림,84.99,5,2004,50000,0,2017-10-13,,,,,
양천구,11470,목동,954,11470-207,웨스트빌(102동),81.262,3,2005,38000,0,2017-10-11,,,,,
양천구,11470,목동,956,11470-206,롯데캐슬위너,59.98,16,2005,44000,0,2017-10-13,,,,,
양천구,11470,목동,956,11470-206,롯데캐슬위너,84.94,14,2005,53000,0,2017-10-19,,,,,
양천구,11470,목동,956,11470-206,롯데캐슬위너,84.98,18,2005,47000,26,2017-10-09,,,,,
양천구,11470,목동,958,11470-3954,목동미소래,84.95,9,2005,36000,0,2017-10-13,,,,,
양천구,11470,목동,960,11470-3998,신한이모르젠,84.92,5,2006,35000,0,2017-10-23,,,,,
양천구,11470,목동,960,11470-3998,신한이모르젠,84.92,9,2006,35000,0,2017-10-31,,,,,
양천구,11470,목동,961,11470-4045,하이페리온2,119.523,35,2006,110000,0,2017-10-10,,,,,
양천구,11470,목동,961,11470-4045,하이페리온2,133.363,13,2006,80000,120,2017-10-30,,,,,
양천구,11470,목동,961,11470-4045,하이페리온2,133.363,26,2006,110000,0,2017-10-23,,,,,
양천구,11470,목동,961,11470-4045,하이페리온2,155.586,12,2006,50000,300,2017-10-18,,,,,
양천구,11470,목동,962,11470-4349,트라팰리스웨스턴에비뉴,127.65,14,2009,40000,300,2017-10-31,,,,,
양천구,11470,목동,962-1,11470-4350,트라팰리스이스턴에비뉴,112.33,30,2009,120000,0,2017-10-16,,,,,
양천구,11470,목동,962-1,11470-4350,트라팰리스이스턴에비뉴,124.95,29,2009,65000,200,2017-10-10,,,,,
양천구,11470,신월동,1017,11470-201,대방샤인힐,59.648,8,2003,26000,0,2017-10-23,,,,,
양천구,11470,신월동,1022,11470-200,벽산블루밍1단지,59.9461,7,2003,29000,0,2017-10-14,17.11~19.11,신규,,,
양천구,11470,신월동,1022,11470-200,벽산블루밍1단지,84.0145,14,2003,35000,0,2017-10-18,,,,,
양천구,11470,신월동,1027,11470-4025,양천벽산블루밍2단지,84.77,7,2006,30000,0,2017-10-21,17.12~19.12,갱신,,29000,
양천구,11470,신월동,1030,11470-333,방주기픈샘,83.841,1,2004,26000,0,2017-10-29,,,,,
양천구,11470,신월동,1032,11470-335,신월동방원,84.86,13,2004,24000,0,2017-10-01,,,,,
양천구,11470,신월동,1033,11470-336,대성유니드,84.3,14,2004,35000,0,2017-10-31,,,,,
양천구,11470,신월동,1036,11470-4305,수명산롯데캐슬,59.98,2,2008,17600,0,2017-10-31,,,,,
양천구,11470,신월동,1038,11470-4043,아름다운세상,74.73,6,2006,24500,0,2017-10-12,,,,,
양천구,11470,신월동,1041,11470-3945,삼정그린뷰,59.6,10,2005,26000,0,2017-10-26,,,,,
양천구,11470,신월동,1043,11470-3946,길훈엔트런스빌,84.96,11,2005,5000,100,2017-10-26,,,,,
양천구,11470,신월동,1053,11470-4378,수명산SKVIEW,128.76,3,2009,45000,0,2017-10-12,,,,,
양천구,11470,신월동,1055,11470-4743,신정두산위브,75.63,15,2012,35000,0,2017-10-16,,,,,
양천구,11470,신월동,1055,11470-4743,신정두산위브,84.22,6,2012,37500,0,2017-10-14,17.11~19.11,신규,,,
양천구,11470,신월동,1057,11470-4500,롯데캐슬(1057-0),70.91,14,2010,13000,80,2017-10-26,17.11~19.11,신규,,,
양천구,11470,신월동,1060,11470-4729,동원데자뷰,76.6408,5,2012,34000,0,2017-10-28,,,,,
양천구,11470,신월동,1060,11470-4729,동원데자뷰,84.9375,8,2012,38000,0,2017-10-01,,,,,
양천구,11470,신월동,1063,11470-4993,롯데캐슬,36.806,10,2014,5344,0,2017-10-17,,,,,
양천구,11470,신월동,1063,11470-4993,롯데캐슬,36.806,6,2014,6000,18,2017-10-19,17.10~19.09,,,,
양천구,11470,신월동,1063,11470-4993,롯데캐슬,59.474,4,2014,33000,0,2017-10-11,,,,,
양천구,11470,신월동,1063,11470-4993,롯데캐슬,59.474,9,2014,33000,0,2017-10-27,,,,,
양천구,11470,신월동,1063,11470-4993,롯데캐슬,59.747,6,2014,33000,0,2017-10-30,,,,,
양천구,11470,신월동,1063,11470-4993,롯데캐슬,59.747,8,2014,15000,0,2017-10-14,,,,,
양천구,11470,신월동,1063,11470-4993,롯데캐슬,84.966,7,2014,41000,0,2017-10-30,,,,,
양천구,11470,신월동,1063,11470-4993,롯데캐슬,84.984,11,2014,26000,50,2017-10-30,,,,,
양천구,11470,신월동,1063,11470-4993,롯데캐슬,84.984,13,2014,40000,0,2017-10-28,,,,,
양천구,11470,신월동,1063,11470-4993,롯데캐슬,84.984,3,2014,30000,0,2017-10-10,,,,,
양천구,11470,신월동,1068,11470-4948,삼익플라주행복한마을,71.2,8,2013,23000,0,2017-10-16,,,,,
양천구,11470,신월동,1070,11470-5010,수명산그린시아,83.25,2,2014,32000,0,2017-10-30,,,,,
양천구,11470,신월동,128,11470-98,태헌(신월프라자),56.97,10,1999,14000,0,2017-10-20,,,,,
양천구,11470,신월동,128,11470-98,태헌(신월프라자),56.97,6,1999,14500,0,2017-10-12,17.11~19.11,신규,,,
양천구,11470,신월동,128,11470-98,태헌(신월프라자),56.97,8,1999,16000,0,2017-10-16,,,,,
양천구,11470,신월동,207-24,11470-64,금강,84.9,11,1998,2000,85,2017-10-19,,,,,
양천구,11470,신월동,217-2,11470-68,나산,59.9,12,1997,16000,0,2017-10-25,,,,,
양천구,11470,신월동,341-1,11470-67,길훈,42.57,5,1987,8500,0,2017-10-19,,,,,
양천구,11470,신월동,341-1,11470-67,길훈,49.77,1,1987,2000,40,2017-10-13,,,,,
양천구,11470,신월동,350-2,11470-86,신안파크,47.6,3,1987,2500,45,2017-10-09,,,,,
양천구,11470,신월동,350-2,11470-86,신안파크,56.78,1,1987,3000,0,2017-10-27,,,,,
양천구,11470,신월동,350-2,11470-86,신안파크,60.2,1,1987,11000,18,2017-10-15,17.11~19.10,신규,,,
양천구,11470,신월동,350-2,11470-86,신안파크,60.2,4,1987,2000,55,2017-10-14,,,,,
양천구,11470,신월동,45-1,11470-276,NEWSK아파트,62.76,7,2002,17000,0,2017-10-10,,,,,
양천구,11470,신월동,465-5,11470-88,신월보성,59.99,5,1996,19500,0,2017-10-20,,,,,
양천구,11470,신월동,467-3,11470-97,태진,59.95,4,1998,23000,0,2017-10-14,,,,,
양천구,11470,신월동,475,11470-79,서울가든,100.8,2,1985,26000,0,2017-10-11,,,,,
양천구,11470,신월동,475,11470-79,서울가든,100.8,4,1985,28000,0,2017-10-24,,,,,
양천구,11470,신월동,494-8,11470-113,제일캐슬,71.91,9,2003,25000,0,2017-10-15,,,,,
양천구,11470,신월동,501-13,11470-4995,501HOUSE,16.7,2,2014,500,49,2017-10-18,17.10~18.10,신규,,,
양천구,11470,신월동,519-12,11470-307,삼종레이빌101동,77.25,5,2004,23500,0,2017-10-15,,,,,
양천구,11470,신월동,520-8,11470-5095,태산,51.64,3,2015,23000,0,2017-10-10,,,,,
양천구,11470,신월동,591-1,11470-85,신안약수,68,2,1985,23000,0,2017-10-28,,,,,
양천구,11470,신월동,591-1,11470-85,신안약수,68,4,1985,20000,0,2017-10-21,,,,,
양천구,11470,신월동,591-1,11470-85,신안약수,84.56,5,1985,19000,0,2017-10-11,,,,,
양천구,11470,신월동,591-1,11470-85,신안약수,87.17,6,1985,3000,80,2017-10-26,,,,,
양천구,11470,신월동,8-2,11470-273,수명산타워빌,75.05,3,2003,22000,0,2017-10-02,,,,,
양천구,11470,신월동,81-7,11470-4925,덕현해밀(102동),84.99,5,2013,3000,105,2017-10-23,,,,,
양천구,11470,신월동,987-1,11470-83,신월시영,43.2,10,1988,1000,55,2017-10-21,,,,,
양천구,11470,신월동,987-1,11470-83,신월시영,43.2,10,1988,14000,0,2017-10-13,,,,,
양천구,11470,신월동,987-1,11470-83,신월시영,43.2,10,1988,15000,0,2017-10-26,,,,,
양천구,11470,신월동,987-1,11470-83,신월시영,43.2,10,1988,6000,35,2017-10-13,,,,,
양천구,11470,신월동,987-1,11470-83,신월시영,43.2,10,1988,7000,30,2017-10-13,,,,,
양천구,11470,신월동,987-1,11470-83,신월시영,43.2,2,1988,13000,0,2017-10-10,,,,,
양천구,11470,신월동,987-1,11470-83,신월시영,43.2,5,1988,15000,0,2017-10-17,17.12~19.12,신규,,,
양천구,11470,신월동,987-1,11470-83,신월시영,43.2,6,1988,13000,0,2017-10-12,,,,,
양천구,11470,신월동,987-1,11470-83,신월시영,43.2,7,1988,15000,0,2017-10-16,,,,,
양천구,11470,신월동,987-1,11470-83,신월시영,50.67,10,1988,3000,60,2017-10-26,,,,,
양천구,11470,신월동,987-1,11470-83,신월시영,50.67,4,1988,17000,0,2017-10-11,,,,,
양천구,11470,신월동,987-1,11470-83,신월시영,50.67,9,1988,13000,0,2017-10-24,17.11~19.11,신규,,,
양천구,11470,신월동,987-1,11470-83,신월시영,59.49,3,1988,4000,60,2017-10-10,,,,,
양천구,11470,신월동,987-1,11470-83,신월시영,59.49,9,1988,19000,0,2017-10-17,,,,,
양천구,11470,신정동,1052-29,11470-236,뉴목동,84.31,8,2001,38500,0,2017-10-16,,,,,
양천구,11470,신정동,119-175,11470-5311,목동신세계아파트,70.2,4,2016,44000,0,2017-10-25,,,,,
양천구,11470,신정동,1196-16,11470-239,현대쉐르빌,81.39,3,2000,18000,0,2017-10-16,,,,,
양천구,11470,신정동,1198-23,11470-241,대성유니드1차,59.87,12,2004,24000,0,2017-10-30,,,,,
양천구,11470,신정동,1198-3,11470-240,대성유니드2차,59.95,7,2004,24000,0,2017-10-22,,,,,
양천구,11470,신정동,1198-3,11470-240,대성유니드2차,59.95,8,2004,25000,0,2017-10-17,,,,,
양천구,11470,신정동,1198-3,11470-240,대성유니드2차,84.67,4,2004,31000,0,2017-10-30,,,,,
양천구,11470,신정동,1218-1,11470-243,일진아이윌,84.982,8,2003,25000,0,2017-10-11,,,,,
양천구,11470,신정동,1252,11470-154,현대,84.84,11,1995,46500,0,2017-10-30,,,,,
양천구,11470,신정동,1258,11470-3987,신트리2단지,39.6,15,2000,3744,0,2017-10-16,,,,,
양천구,11470,신정동,1259,11470-138,신트리1,49.8,7,1999,23000,0,2017-10-17,,,,,
양천구,11470,신정동,1259,11470-138,신트리1,59.73,10,1999,27000,0,2017-10-20,,,,,
양천구,11470,신정동,1259,11470-138,신트리1,59.73,12,1999,28000,0,2017-10-14,,,,,
양천구,11470,신정동,1259,11470-138,신트리1,59.73,13,1999,10000,0,2017-10-27,,,,,
양천구,11470,신정동,1259,11470-138,신트리1,59.73,14,1999,28000,0,2017-10-17,,,,,
양천구,11470,신정동,1259,11470-138,신트리1,59.73,4,1999,28000,0,2017-10-14,,,,,
양천구,11470,신정동,1273,11470-137,신정현대5,114.24,2,1999,33000,40,2017-10-24,,,,,
양천구,11470,신정동,1273,11470-137,신정현대5,114.24,7,1999,45000,0,2017-10-26,,,,,
양천구,11470,신정동,1276,11470-139,신트리3,84.25,16,2000,43000,0,2017-10-21,,,,,
양천구,11470,신정동,1276,11470-139,신트리3,84.8,12,2000,45000,0,2017-10-12,,,,,
양천구,11470,신정동,1277,11470-140,신트리4,48.96,9,2000,2500,60,2017-10-20,,,,,
양천구,11470,신정동,1277,11470-140,신트리4,59.73,4,2000,17000,30,2017-10-05,,,,,
양천구,11470,신정동,1277,11470-140,신트리4,59.73,5,2000,27000,0,2017-10-10,,,,,
양천구,11470,신정동,1278,11470-132,목동삼성,114.93,10,1996,61000,0,2017-10-27,,,,,
양천구,11470,신정동,1278,11470-132,목동삼성,114.93,20,1996,59500,0,2017-10-28,,,,,
양천구,11470,신정동,1278,11470-132,목동삼성,114.93,9,1996,64000,0,2017-10-14,,,,,
양천구,11470,신정동,1278,11470-132,목동삼성,84.77,12,1996,50000,0,2017-10-21,,,,,
양천구,11470,신정동,1278-1,11470-3988,목동삼성,32.76,21,1996,2574,0,2017-10-26,,,,,
양천구,11470,신정동,1279,11470-128,목동현대3차,101.91,19,1997,50000,0,2017-10-10,,,,,
양천구,11470,신정동,1279,11470-128,목동현대3차,101.91,19,1997,56000,0,2017-10-20,,,,,
양천구,11470,신정동,1279,11470-128,목동현대3차,101.91,5,1997,30000,100,2017-10-28,,,,,
양천구,11470,신정동,1279,11470-128,목동현대3차,114.93,2,1997,58000,0,2017-10-30,,,,,
양천구,11470,신정동,1279,11470-128,목동현대3차,71.16,14,1997,10000,100,2017-10-18,,,,,
양천구,11470,신정동,1279,11470-128,목동현대3차,71.16,6,1997,42000,0,2017-10-19,,,,,
양천구,11470,신정동,1279,11470-128,목동현대3차,84.77,15,1997,54000,0,2017-10-11,,,,,
양천구,11470,신정동,1279,11470-128,목동현대3차,84.77,17,1997,54000,0,2017-10-19,,,,,
양천구,11470,신정동,1279,11470-128,목동현대3차,84.77,20,1997,53000,0,2017-10-14,,,,,
양천구,11470,신정동,1279,11470-128,목동현대3차,84.77,5,1997,55000,0,2017-10-26,,,,,
양천구,11470,신정동,1279-1,11470-3989,목동현대,32.76,13,1997,1,11,2017-10-16,,,,,
양천구,11470,신정동,1279-1,11470-3989,목동현대,32.76,14,1997,2299,0,2017-10-16,,,,,
양천구,11470,신정동,1281,11470-150,푸른마을2,49.16,1,2001,20000,0,2017-10-14,,,,,
양천구,11470,신정동,1281,11470-150,푸른마을2,49.16,8,2001,19500,0,2017-10-12,,,,,
양천구,11470,신정동,1281,11470-150,푸른마을2,49.16,9,2001,21000,0,2017-10-23,,,,,
양천구,11470,신정동,1281,11470-150,푸른마을2,59.85,7,2001,28000,0,2017-10-30,,,,,
양천구,11470,신정동,1281,11470-150,푸른마을2,59.91,10,2001,24000,0,2017-10-11,,,,,
양천구,11470,신정동,1282,11470-3990,푸른마을1단지,49.16,12,2001,1520,0,2017-10-23,,,,,
양천구,11470,신정동,1293,11470-153,학마을1단지,49.99,2,2000,21000,0,2017-10-20,,,,,
양천구,11470,신정동,1293,11470-153,학마을1단지,49.99,5,2000,21000,0,2017-10-20,,,,,
양천구,11470,신정동,1293,11470-153,학마을1단지,49.99,9,2000,22000,0,2017-10-15,,,,,
양천구,11470,신정동,1295,11470-172,목동2삼성래미안,59.54,14,2001,10000,90,2017-10-12,,,,,
양천구,11470,신정동,1295,11470-172,목동2삼성래미안,59.92,6,2001,36000,0,2017-10-28,,,,,
양천구,11470,신정동,1295,11470-172,목동2삼성래미안,84.65,4,2001,43000,0,2017-10-20,,,,,
양천구,11470,신정동,1296,11470-157,아이파크,59.82,1,2002,45000,0,2017-10-27,,,,,
양천구,11470,신정동,1296,11470-157,아이파크,84.88,6,2002,68000,0,2017-10-20,,,,,
양천구,11470,신정동,1300,11470-184,명지해드는터,84.98,5,2003,51000,20,2017-10-17,,,,,
양천구,11470,신정동,1303,11470-182,대림e-편한세상,109.905,12,2004,6000,165,2017-10-27,,,,,
양천구,11470,신정동,1303,11470-182,대림e-편한세상,109.905,12,2004,8000,145,2017-10-27,,,,,
양천구,11470,신정동,1303,11470-182,대림e-편한세상,109.905,18,2004,44000,0,2017-10-21,,,,,
양천구,11470,신정동,1303,11470-182,대림e-편한세상,84.985,22,2004,39000,0,2017-10-17,,,,,
양천구,11470,신정동,1303,11470-182,대림e-편한세상,84.985,5,2004,39500,0,2017-10-21,,,,,
양천구,11470,신정동,1306,11470-4015,세양청마루,84.98,14,2006,42000,0,2017-10-17,,,,,
양천구,11470,신정동,1309,11470-248,롯데캐슬,84.73,4,2004,20000,130,2017-10-13,,,,,
양천구,11470,신정동,1310,11470-3927,동일하이빌1단지,115.321,4,2005,30000,70,2017-10-26,,,,,
양천구,11470,신정동,1310,11470-3927,동일하이빌1단지,115.321,5,2005,47000,0,2017-10-21,,,,,
양천구,11470,신정동,1310,11470-3927,동일하이빌1단지,84.955,9,2005,41000,0,2017-10-08,,,,,
양천구,11470,신정동,1311,11470-3928,동일하이빌2단지,84.955,2,2005,40000,0,2017-10-30,,,,,
양천구,11470,신정동,1311,11470-3928,동일하이빌2단지,84.955,9,2005,43000,0,2017-10-14,,,,,
양천구,11470,신정동,1316,11470-4600,이펜하우스3단지,49.52,4,2011,3769,30,2017-10-24,,,,,
양천구,11470,신정동,1316,11470-4600,이펜하우스3단지,49.52,5,2011,9172,0,2017-10-18,,,,,
양천구,11470,신정동,1316,11470-4600,이펜하우스3단지,49.52,5,2011,9172,30,2017-10-19,,,,,
양천구,11470,신정동,1316,11470-4600,이펜하우스3단지,49.52,7,2011,9548,0,2017-10-20,,,,,
양천구,11470,신정동,1316,11470-4600,이펜하우스3단지,49.92,3,2011,9172,0,2017-10-25,,,,,
양천구,11470,신정동,1316,11470-4600,이펜하우스3단지,49.94,1,2011,3769,30,2017-10-23,,,,,
양천구,11470,신정동,1316,11470-4600,이펜하우스3단지,49.94,2,2011,9172,0,2017-10-18,,,,,
양천구,11470,신정동,1316,11470-4600,이펜하우스3단지,84.51,5,2011,38000,0,2017-10-20,17.12~19.12,신규,,,
양천구,11470,신정동,1317,11470-4601,이펜하우스4단지,84.51,2,2011,36000,0,2017-10-10,,,,,
양천구,11470,신정동,1317,11470-4601,이펜하우스4단지,84.86,3,2011,37000,0,2017-10-02,17.11~19.11,신규,,,
양천구,11470,신정동,1317,11470-4601,이펜하우스4단지,84.96,5,2011,37000,0,2017-10-30,,,,,
양천구,11470,신정동,1317,11470-4601,이펜하우스4단지,84.96,7,2011,25000,50,2017-10-26,,,,,
양천구,11470,신정동,1317,11470-4601,이펜하우스4단지,84.96,7,2011,37000,0,2017-10-26,,,,,
양천구,11470,신정동,1318,11470-4574,이펜하우스5단지,114.73,15,2011,41000,0,2017-10-30,,,,,
양천구,11470,신정동,1318,11470-4574,이펜하우스5단지,59.88,5,2011,12531,0,2017-10-18,,,,,
양천구,11470,신정동,1318,11470-4574,이펜하우스5단지,59.88,7,2011,11961,0,2017-10-23,,,,,
양천구,11470,신정동,1321,11470-4594,이펜하우스1단지,114.98,10,2011,22966,0,2017-10-26,,,,,
양천구,11470,신정동,1321,11470-4594,이펜하우스1단지,114.98,10,2011,25262,0,2017-10-30,,,,,
양천구,11470,신정동,1321,11470-4594,이펜하우스1단지,114.98,3,2011,22966,0,2017-10-18,,,,,
양천구,11470,신정동,1321,11470-4594,이펜하우스1단지,114.98,3,2011,22966,0,2017-10-23,,,,,
양천구,11470,신정동,1321,11470-4594,이펜하우스1단지,114.98,4,2011,22966,0,2017-10-30,,,,,
양천구,11470,신정동,1321,11470-4594,이펜하우스1단지,114.98,5,2011,22966,0,2017-10-25,,,,,
양천구,11470,신정동,1321,11470-4594,이펜하우스1단지,114.98,5,2011,22966,0,2017-10-25,,,,,
양천구,11470,신정동,1321,11470-4594,이펜하우스1단지,114.98,6,2011,22966,0,2017-10-30,,,,,
양천구,11470,신정동,1321,11470-4594,이펜하우스1단지,114.98,7,2011,22966,0,2017-10-25,,,,,
양천구,11470,신정동,1321,11470-4594,이펜하우스1단지,49.92,7,2011,3674,28,2017-10-20,,,,,
양천구,11470,신정동,1321,11470-4594,이펜하우스1단지,59.83,3,2011,11586,0,2017-10-27,,,,,
양천구,11470,신정동,1321,11470-4594,이펜하우스1단지,59.83,4,2011,11586,0,2017-10-24,,,,,
양천구,11470,신정동,1321,11470-4594,이펜하우스1단지,59.83,5,2011,11586,0,2017-10-19,17.10~19.10,신규,,,
양천구,11470,신정동,1321,11470-4594,이펜하우스1단지,59.83,5,2011,12165,0,2017-10-25,,,,,
양천구,11470,신정동,1321,11470-4594,이펜하우스1단지,59.9,1,2011,11586,0,2017-10-18,,,,,
양천구,11470,신정동,1321,11470-4594,이펜하우스1단지,59.9,1,2011,11586,0,2017-10-26,,,,,
양천구,11470,신정동,1321,11470-4594,이펜하우스1단지,59.93,10,2011,11586,0,2017-10-26,,,,,
양천구,11470,신정동,1321,11470-4594,이펜하우스1단지,59.93,3,2011,11586,0,2017-10-23,,,,,
양천구,11470,신정동,1321,11470-4594,이펜하우스1단지,59.93,3,2011,11586,0,2017-10-25,,,,,
양천구,11470,신정동,1321,11470-4594,이펜하우스1단지,59.93,3,2011,11586,0,2017-10-31,,,,,
양천구,11470,신정동,1321,11470-4594,이펜하우스1단지,59.93,4,2011,11586,0,2017-10-30,,,,,
양천구,11470,신정동,1321,11470-4594,이펜하우스1단지,59.93,4,2011,11586,0,2017-10-31,,,,,
양천구,11470,신정동,1321,11470-4594,이펜하우스1단지,59.93,5,2011,11586,0,2017-10-23,,,,,
양천구,11470,신정동,1321,11470-4594,이펜하우스1단지,59.93,6,2011,11586,0,2017-10-30,,,,,
양천구,11470,신정동,1321,11470-4594,이펜하우스1단지,59.93,6,2011,11586,0,2017-10-30,,,,,
양천구,11470,신정동,1321,11470-4594,이펜하우스1단지,59.93,7,2011,11586,0,2017-10-24,,,,,
양천구,11470,신정동,1321,11470-4594,이펜하우스1단지,59.93,7,2011,12744,0,2017-10-13,,,,,
양천구,11470,신정동,1321,11470-4594,이펜하우스1단지,59.93,8,2011,11586,0,2017-10-25,,,,,
양천구,11470,신정동,1321,11470-4594,이펜하우스1단지,59.93,9,2011,11586,0,2017-10-24,,,,,
양천구,11470,신정동,1321,11470-4594,이펜하우스1단지,59.93,9,2011,11586,0,2017-10-25,,,,,
양천구,11470,신정동,1321,11470-4594,이펜하우스1단지,59.93,9,2011,11586,0,2017-10-27,,,,,
양천구,11470,신정동,1321,11470-4594,이펜하우스1단지,59.93,9,2011,14655,0,2017-10-12,,,,,
양천구,11470,신정동,1321,11470-4594,이펜하우스1단지,84.51,1,2011,18428,0,2017-10-19,,,,,
양천구,11470,신정동,1321,11470-4594,이펜하우스1단지,84.51,1,2011,18428,0,2017-10-25,,,,,
양천구,11470,신정동,1321,11470-4594,이펜하우스1단지,84.51,1,2011,18428,0,2017-10-27,,,,,
양천구,11470,신정동,1321,11470-4594,이펜하우스1단지,84.51,1,2011,18428,0,2017-10-30,,,,,
양천구,11470,신정동,1321,11470-4594,이펜하우스1단지,84.51,10,2011,18428,0,2017-10-24,,,,,
양천구,11470,신정동,1321,11470-4594,이펜하우스1단지,84.51,10,2011,18428,0,2017-10-26,,,,,
양천구,11470,신정동,1321,11470-4594,이펜하우스1단지,84.51,10,2011,18428,0,2017-10-26,,,,,
양천구,11470,신정동,1321,11470-4594,이펜하우스1단지,84.51,11,2011,18428,0,2017-10-20,,,,,
양천구,11470,신정동,1321,11470-4594,이펜하우스1단지,84.51,11,2011,18428,0,2017-10-23,,,,,
양천구,11470,신정동,1321,11470-4594,이펜하우스1단지,84.51,11,2011,36500,0,2017-10-24,,,,,
양천구,11470,신정동,1321,11470-4594,이펜하우스1단지,84.51,2,2011,18428,0,2017-10-18,,,,,
양천구,11470,신정동,1321,11470-4594,이펜하우스1단지,84.51,2,2011,18428,0,2017-10-18,,,,,
양천구,11470,신정동,1321,11470-4594,이펜하우스1단지,84.51,2,2011,18428,0,2017-10-24,,,,,
양천구,11470,신정동,1321,11470-4594,이펜하우스1단지,84.51,3,2011,18428,0,2017-10-19,17.10~19.10,신규,,,
양천구,11470,신정동,1321,11470-4594,이펜하우스1단지,84.51,3,2011,18428,0,2017-10-26,,,,,
양천구,11470,신정동,1321,11470-4594,이펜하우스1단지,84.51,3,2011,18428,0,2017-10-30,,,,,
양천구,11470,신정동,1321,11470-4594,이펜하우스1단지,84.51,4,2011,18428,0,2017-10-19,17.10~19.10,신규,,,
양천구,11470,신정동,1321,11470-4594,이펜하우스1단지,84.51,4,2011,18428,0,2017-10-26,,,,,
양천구,11470,신정동,1321,11470-4594,이펜하우스1단지,84.51,4,2011,18428,0,2017-10-27,,,,,
양천구,11470,신정동,1321,11470-4594,이펜하우스1단지,84.51,4,2011,18428,0,2017-10-31,,,,,
양천구,11470,신정동,1321,11470-4594,이펜하우스1단지,84.51,5,2011,18428,0,2017-10-16,,,,,
양천구,11470,신정동,1321,11470-4594,이펜하우스1단지,84.51,5,2011,18428,0,2017-10-23,,,,,
양천구,11470,신정동,1321,11470-4594,이펜하우스1단지,84.51,8,2011,18428,0,2017-10-23,,,,,
양천구,11470,신정동,1321,11470-4594,이펜하우스1단지,84.51,8,2011,18428,0,2017-10-25,,,,,
양천구,11470,신정동,1321,11470-4594,이펜하우스1단지,84.51,9,2011,18428,0,2017-10-23,,,,,
양천구,11470,신정동,1321,11470-4594,이펜하우스1단지,84.86,10,2011,18428,0,2017-10-26,,,,,
양천구,11470,신정동,1321,11470-4594,이펜하우스1단지,84.86,2,2011,18428,0,2017-10-20,,,,,
양천구,11470,신정동,1321,11470-4594,이펜하우스1단지,84.86,3,2011,18428,0,2017-10-18,,,,,
양천구,11470,신정동,1321,11470-4594,이펜하우스1단지,84.86,3,2011,18428,0,2017-10-26,,,,,
양천구,11470,신정동,1321,11470-4594,이펜하우스1단지,84.86,4,2011,18428,0,2017-10-27,,,,,
양천구,11470,신정동,1321,11470-4594,이펜하우스1단지,84.86,5,2011,18428,0,2017-10-19,,,,,
양천구,11470,신정동,1321,11470-4594,이펜하우스1단지,84.86,6,2011,18428,0,2017-10-20,,,,,
양천구,11470,신정동,1321,11470-4594,이펜하우스1단지,84.86,6,2011,18428,0,2017-10-23,,,,,
양천구,11470,신정동,1321,11470-4594,이펜하우스1단지,84.86,6,2011,18428,0,2017-10-30,,,,,
양천구,11470,신정동,1321,11470-4594,이펜하우스1단지,84.86,7,2011,18428,0,2017-10-27,,,,,
양천구,11470,신정동,1321,11470-4594,이펜하우스1단지,84.86,7,2011,18428,0,2017-10-30,,,,,
양천구,11470,신정동,1321,11470-4594,이펜하우스1단지,84.86,8,2011,18428,0,2017-10-16,,,,,
양천구,11470,신정동,1321,11470-4594,이펜하우스1단지,84.86,8,2011,18428,0,2017-10-26,,,,,
양천구,11470,신정동,1322,11470-4576,이펜하우스2단지,114.98,4,2011,32560,0,2017-10-31,,,,,
양천구,11470,신정동,1322,11470-4576,이펜하우스2단지,84.51,1,2011,38000,0,2017-10-14,,,,,
양천구,11470,신정동,1323,11470-5271,목동힐스테이트,100.84,11,2016,80000,0,2017-10-13,,,,,
양천구,11470,신정동,1323,11470-5271,목동힐스테이트,100.84,12,2016,76000,0,2017-10-15,,,,,
양천구,11470,신정동,1323,11470-5271,목동힐스테이트,59.95,10,2016,5000,145,2017-10-14,,,,,
양천구,11470,신정동,1323,11470-5271,목동힐스테이트,84.98,16,2016,70000,0,2017-10-08,,,,,
양천구,11470,신정동,1323,11470-5271,목동힐스테이트,84.98,2,2016,65000,0,2017-10-19,,,,,
양천구,11470,신정동,1324,11470-5318,신정숲속마을,84.99,18,2016,38000,0,2017-10-12,,,,,
양천구,11470,신정동,276,11470-3984,양천,39.2,4,1995,3148,0,2017-10-24,,,,,
양천구,11470,신정동,276,11470-3984,양천,39.36,11,1995,3161,0,2017-10-25,,,,,
양천구,11470,신정동,311,11470-119,목동신시가지10,105.58,3,1987,59500,0,2017-10-30,,,,,
양천구,11470,신정동,311,11470-119,목동신시가지10,105.58,9,1987,60000,0,2017-10-20,,,,,
양천구,11470,신정동,311,11470-119,목동신시가지10,105.58,9,1987,8000,150,2017-10-17,,,,,
양천구,11470,신정동,311,11470-119,목동신시가지10,106.06,4,1987,58000,0,2017-10-17,,,,,
양천구,11470,신정동,311,11470-119,목동신시가지10,127.21,12,1987,75000,0,2017-10-14,,,,,
양천구,11470,신정동,311,11470-119,목동신시가지10,53.82,1,1987,28000,0,2017-10-21,,,,,
양천구,11470,신정동,311,11470-119,목동신시가지10,53.82,1,1987,30000,0,2017-10-30,,,,,
양천구,11470,신정동,311,11470-119,목동신시가지10,53.82,12,1987,6000,60,2017-10-25,,,,,
양천구,11470,신정동,311,11470-119,목동신시가지10,53.82,12,1987,6000,70,2017-10-25,,,,,
양천구,11470,신정동,311,11470-119,목동신시가지10,53.82,13,1987,2000,100,2017-10-30,,,,,
양천구,11470,신정동,311,11470-119,목동신시가지10,53.82,14,1987,29000,0,2017-10-14,,,,,
양천구,11470,신정동,311,11470-119,목동신시가지10,53.82,15,1987,28000,0,2017-10-20,,,,,
양천구,11470,신정동,311,11470-119,목동신시가지10,53.82,4,1987,35000,0,2017-10-27,,,,,
양천구,11470,신정동,311,11470-119,목동신시가지10,53.82,8,1987,29000,0,2017-10-12,,,,,
양천구,11470,신정동,311,11470-119,목동신시가지10,70.2,1,1987,45000,0,2017-10-27,,,,,
양천구,11470,신정동,311,11470-119,목동신시가지10,70.2,12,1987,37500,0,2017-10-14,,,,,
양천구,11470,신정동,311,11470-119,목동신시가지10,70.2,14,1987,41000,0,2017-10-27,,,,,
양천구,11470,신정동,311,11470-119,목동신시가지10,70.2,15,1987,39000,0,2017-10-22,,,,,
양천구,11470,신정동,311,11470-119,목동신시가지10,70.2,2,1987,40000,0,2017-10-20,,,,,
양천구,11470,신정동,311,11470-119,목동신시가지10,70.2,2,1987,40000,0,2017-10-27,,,,,
양천구,11470,신정동,311,11470-119,목동신시가지10,70.2,4,1987,45000,0,2017-10-24,,,,,
양천구,11470,신정동,311,11470-119,목동신시가지10,70.2,5,1987,41500,0,2017-10-27,,,,,
양천구,11470,신정동,311,11470-119,목동신시가지10,70.2,7,1987,40000,0,2017-10-15,,,,,
양천구,11470,신정동,311,11470-119,목동신시가지10,70.2,7,1987,43000,0,2017-10-26,17.12~19.12,신규,,,
양천구,11470,신정동,312,11470-125,목동신시가지9,100.33,3,1987,55000,0,2017-10-21,,,,,
양천구,11470,신정동,312,11470-125,목동신시가지9,106.93,12,1987,58000,0,2017-10-28,,,,,
양천구,11470,신정동,312,11470-125,목동신시가지9,106.93,4,1987,65000,0,2017-10-14,,,,,
양천구,11470,신정동,312,11470-125,목동신시가지9,106.93,5,1987,62000,0,2017-10-25,,,,,
양천구,11470,신정동,312,11470-125,목동신시가지9,106.93,6,1987,70000,0,2017-10-30,,,,,
양천구,11470,신정동,312,11470-125,목동신시가지9,106.93,8,1987,67000,0,2017-10-17,,,,,
양천구,11470,신정동,312,11470-125,목동신시가지9,106.93,9,1987,30000,130,2017-10-21,,,,,
양천구,11470,신정동,312,11470-125,목동신시가지9,106.93,9,1987,70000,0,2017-10-14,,,,,
양천구,11470,신정동,312,11470-125,목동신시가지9,126.02,4,1987,69000,0,2017-10-20,,,,,
양천구,11470,신정동,312,11470-125,목동신시가지9,126.53,4,1987,70000,0,2017-10-25,,,,,
양천구,11470,신정동,312,11470-125,목동신시가지9,156.84,7,1987,84000,0,2017-10-28,,,,,
양천구,11470,신정동,312,11470-125,목동신시가지9,158.7,5,1987,70000,16,2017-10-17,,,,,
양천구,11470,신정동,312,11470-125,목동신시가지9,53.82,14,1987,35000,0,2017-10-21,,,,,
양천구,11470,신정동,312,11470-125,목동신시가지9,53.82,5,1987,15000,50,2017-10-23,,,,,
양천구,11470,신정동,312,11470-125,목동신시가지9,53.82,9,1987,5000,80,2017-10-21,,,,,
양천구,11470,신정동,312,11470-125,목동신시가지9,71.37,10,1987,30000,50,2017-10-16,,,,,
양천구,11470,신정동,312,11470-125,목동신시가지9,71.37,10,1987,43000,0,2017-10-12,,,,,
양천구,11470,신정동,312,11470-125,목동신시가지9,71.37,13,1987,42000,0,2017-10-11,,,,,
양천구,11470,신정동,312,11470-125,목동신시가지9,71.37,2,1987,42000,0,2017-10-28,,,,,
양천구,11470,신정동,312,11470-125,목동신시가지9,71.37,4,1987,40000,0,2017-10-21,,,,,
양천구,11470,신정동,312,11470-125,목동신시가지9,71.37,4,1987,41000,0,2017-10-21,,,,,
양천구,11470,신정동,312,11470-125,목동신시가지9,71.37,5,1987,30000,40,2017-10-16,,,,,
양천구,11470,신정동,312,11470-125,목동신시가지9,71.37,5,1987,45000,0,2017-10-14,,,,,
양천구,11470,신정동,312,11470-125,목동신시가지9,71.37,9,1987,45000,0,2017-10-20,,,,,
양천구,11470,신정동,314,11470-124,목동신시가지8,105.35,11,1987,67000,0,2017-10-21,,,,,
양천구,11470,신정동,314,11470-124,목동신시가지8,105.35,7,1987,70000,0,2017-10-16,,,,,
양천구,11470,신정동,314,11470-124,목동신시가지8,54.94,11,1987,32000,0,2017-10-21,,,,,
양천구,11470,신정동,314,11470-124,목동신시가지8,54.94,15,1987,34000,0,2017-10-14,,,,,
양천구,11470,신정동,314,11470-124,목동신시가지8,54.94,2,1987,32000,0,2017-10-17,,,,,
양천구,11470,신정동,314,11470-124,목동신시가지8,54.94,3,1987,30000,0,2017-10-30,,,,,
양천구,11470,신정동,314,11470-124,목동신시가지8,54.94,6,1987,27000,0,2017-10-30,,,,,
양천구,11470,신정동,314,11470-124,목동신시가지8,54.94,6,1987,30000,0,2017-10-11,,,,,
양천구,11470,신정동,314,11470-124,목동신시가지8,54.94,7,1987,32000,0,2017-10-24,,,,,
양천구,11470,신정동,314,11470-124,목동신시가지8,54.94,9,1987,10000,50,2017-10-15,,,,,
양천구,11470,신정동,314,11470-124,목동신시가지8,54.94,9,1987,15000,60,2017-10-21,,,,,
양천구,11470,신정동,314,11470-124,목동신시가지8,71.77,12,1987,41000,0,2017-10-31,,,,,
양천구,11470,신정동,314,11470-124,목동신시가지8,71.77,2,1987,47000,0,2017-10-13,,,,,
양천구,11470,신정동,318-10,11470-203,삼성쉐르빌,197.65,11,2003,40000,0,2017-10-15,,,,,
양천구,11470,신정동,318-10,11470-203,삼성쉐르빌,197.65,14,2003,100000,0,2017-10-28,,,,,
양천구,11470,신정동,318-10,11470-203,삼성쉐르빌,205.12,14,2003,100000,0,2017-10-14,,,,,
양천구,11470,신정동,318-10,11470-203,삼성쉐르빌,216.29,7,2003,75000,80,2017-10-30,,,,,
양천구,11470,신정동,318-10,11470-203,삼성쉐르빌,78.45,4,2003,43000,0,2017-10-30,,,,,
양천구,11470,신정동,318-12,11470-210,목동삼성쉐르빌Ⅱ,125.89,4,2004,53000,100,2017-10-26,,,,,
양천구,11470,신정동,318-12,11470-210,목동삼성쉐르빌Ⅱ,178.94,4,2004,100000,0,2017-10-24,,,,,
양천구,11470,신정동,324-7,11470-166,대림아크로빌,174.25,13,2003,68000,0,2017-10-27,,,,,
양천구,11470,신정동,325,11470-120,목동신시가지11,51.48,10,1988,26000,0,2017-10-12,17.12~19.12,신규,,,
양천구,11470,신정동,325,11470-120,목동신시가지11,51.48,10,1988,27000,0,2017-10-30,,,,,
양천구,11470,신정동,325,11470-120,목동신시가지11,51.48,13,1988,27000,0,2017-10-28,,,,,
양천구,11470,신정동,325,11470-120,목동신시가지11,51.48,13,1988,35000,0,2017-10-31,,,,,
양천구,11470,신정동,325,11470-120,목동신시가지11,51.48,14,1988,28000,0,2017-10-14,,,,,
양천구,11470,신정동,325,11470-120,목동신시가지11,51.48,8,1988,20000,15,2017-10-18,,,,,
양천구,11470,신정동,325,11470-120,목동신시가지11,51.48,9,1988,23000,0,2017-10-11,,,,,
양천구,11470,신정동,325,11470-120,목동신시가지11,59.29,4,1988,27500,0,2017-10-14,,,,,
양천구,11470,신정동,325,11470-120,목동신시가지11,66.24,10,1988,32000,0,2017-10-11,17.09~19.09,갱신,,31000,
양천구,11470,신정동,325,11470-120,목동신시가지11,66.24,12,1988,35500,0,2017-10-20,,,,,
양천구,11470,신정동,325,11470-120,목동신시가지11,66.24,2,1988,10000,75,2017-10-13,17.12~19.12,신규,,,
양천구,11470,신정동,325,11470-120,목동신시가지11,66.24,2,1988,26500,25,2017-10-07,,,,,
양천구,11470,신정동,325,11470-120,목동신시가지11,66.24,3,1988,33000,0,2017-10-16,,,,,
양천구,11470,신정동,325,11470-120,목동신시가지11,66.24,4,1988,21500,0,2017-10-10,,,,,
양천구,11470,신정동,325,11470-120,목동신시가지11,66.24,4,1988,25000,40,2017-10-18,,,,,
양천구,11470,신정동,325,11470-120,목동신시가지11,66.24,5,1988,37000,0,2017-10-30,,,,,
양천구,11470,신정동,326,11470-121,목동신시가지12,53.46,10,1988,30000,0,2017-10-31,,,,,
양천구,11470,신정동,326,11470-121,목동신시가지12,53.46,4,1988,28000,0,2017-10-10,,,,,
양천구,11470,신정동,326,11470-121,목동신시가지12,53.46,7,1988,31000,0,2017-10-31,,,,,
양천구,11470,신정동,326,11470-121,목동신시가지12,53.46,9,1988,20000,20,2017-10-21,,,,,
양천구,11470,신정동,326,11470-121,목동신시가지12,71.64,10,1988,43000,0,2017-10-16,,,,,
양천구,11470,신정동,326,11470-121,목동신시가지12,71.64,11,1988,39000,0,2017-10-30,,,,,
양천구,11470,신정동,326,11470-121,목동신시가지12,71.64,12,1988,39000,0,2017-10-24,,,,,
양천구,11470,신정동,326,11470-121,목동신시가지12,71.64,13,1988,37000,0,2017-10-27,,,,,
양천구,11470,신정동,326,11470-121,목동신시가지12,71.64,15,1988,32000,20,2017-10-25,,,,,
양천구,11470,신정동,326,11470-121,목동신시가지12,71.64,4,1988,41000,0,2017-10-23,,,,,
양천구,11470,신정동,326,11470-121,목동신시가지12,71.64,5,1988,10000,90,2017-10-25,,,,,
양천구,11470,신정동,326,11470-121,목동신시가지12,71.64,7,1988,42000,0,2017-10-28,,,,,
양천구,11470,신정동,326,11470-121,목동신시가지12,72.75,2,1988,10000,100,2017-10-16,,,,,
양천구,11470,신정동,326,11470-121,목동신시가지12,72.75,4,1988,45000,0,2017-10-27,,,,,
양천구,11470,신정동,327,11470-122,목동신시가지13,124.55,3,1987,69000,0,2017-10-25,,,,,
양천구,11470,신정동,327,11470-122,목동신시가지13,124.55,4,1987,64000,0,2017-10-10,,,,,
양천구,11470,신정동,327,11470-122,목동신시가지13,53.9,11,1987,16000,45,2017-10-27,,,,,
양천구,11470,신정동,327,11470-122,목동신시가지13,53.9,7,1987,30000,0,2017-10-10,,,,,
양천구,11470,신정동,327,11470-122,목동신시가지13,53.9,9,1987,29500,0,2017-10-16,,,,,
양천구,11470,신정동,327,11470-122,목동신시가지13,70.73,12,1987,45000,0,2017-10-18,,,,,
양천구,11470,신정동,327,11470-122,목동신시가지13,70.73,13,1987,42500,0,2017-10-23,,,,,
양천구,11470,신정동,327,11470-122,목동신시가지13,70.73,14,1987,42000,0,2017-10-29,18.02~20.02,신규,,,
양천구,11470,신정동,327,11470-122,목동신시가지13,70.73,15,1987,45000,0,2017-10-26,,,,,
양천구,11470,신정동,327,11470-122,목동신시가지13,70.73,2,1987,39500,0,2017-10-12,,,,,
양천구,11470,신정동,327,11470-122,목동신시가지13,70.73,4,1987,43500,0,2017-10-28,,,,,
양천구,11470,신정동,327,11470-122,목동신시가지13,70.73,5,1987,43000,0,2017-10-16,,,,,
양천구,11470,신정동,327,11470-122,목동신시가지13,70.73,5,1987,43000,0,2017-10-31,,,,,
양천구,11470,신정동,327,11470-122,목동신시가지13,70.73,6,1987,30000,0,2017-10-29,,,,,
양천구,11470,신정동,327,11470-122,목동신시가지13,70.73,6,1987,36800,0,2017-10-13,17.10~19.10,갱신,,30800,
양천구,11470,신정동,327,11470-122,목동신시가지13,70.73,6,1987,40000,0,2017-10-11,,,,,
양천구,11470,신정동,327,11470-122,목동신시가지13,98.63,1,1987,59000,0,2017-10-14,,,,,
양천구,11470,신정동,327,11470-122,목동신시가지13,98.63,12,1987,30000,100,2017-10-21,,,,,
양천구,11470,신정동,327,11470-122,목동신시가지13,98.63,5,1987,59000,0,2017-10-25,,,,,
양천구,11470,신정동,327,11470-122,목동신시가지13,98.63,7,1987,61000,0,2017-10-25,,,,,
양천구,11470,신정동,329,11470-123,목동신시가지14,108.28,11,1987,67000,0,2017-10-27,,,,,
양천구,11470,신정동,329,11470-123,목동신시가지14,108.28,12,1987,68000,0,2017-10-14,,,,,
양천구,11470,신정동,329,11470-123,목동신시가지14,108.28,15,1987,50000,50,2017-10-20,,,,,
양천구,11470,신정동,329,11470-123,목동신시가지14,108.28,3,1987,60000,0,2017-10-10,,,,,
양천구,11470,신정동,329,11470-123,목동신시가지14,108.28,3,1987,67000,0,2017-10-28,,,,,
양천구,11470,신정동,329,11470-123,목동신시가지14,129.33,10,1987,80000,0,2017-10-28,,,,,
양천구,11470,신정동,329,11470-123,목동신시가지14,55.02,11,1987,24000,40,2017-10-13,,,,,
양천구,11470,신정동,329,11470-123,목동신시가지14,55.02,12,1987,28000,0,2017-10-14,,,,,
양천구,11470,신정동,329,11470-123,목동신시가지14,55.02,12,1987,29000,0,2017-10-24,,,,,
양천구,11470,신정동,329,11470-123,목동신시가지14,55.02,13,1987,10000,59,2017-10-26,,,,,
양천구,11470,신정동,329,11470-123,목동신시가지14,55.02,15,1987,32000,0,2017-10-21,,,,,
양천구,11470,신정동,329,11470-123,목동신시가지14,55.02,2,1987,18000,40,2017-10-16,,,,,
양천구,11470,신정동,329,11470-123,목동신시가지14,55.02,3,1987,33000,0,2017-10-21,,,,,
양천구,11470,신정동,329,11470-123,목동신시가지14,55.02,6,1987,28000,0,2017-10-01,,,,,
양천구,11470,신정동,329,11470-123,목동신시가지14,55.02,6,1987,33000,0,2017-10-13,,,,,
양천구,11470,신정동,329,11470-123,목동신시가지14,55.02,7,1987,32000,0,2017-10-16,,,,,
양천구,11470,신정동,329,11470-123,목동신시가지14,55.02,8,1987,30000,0,2017-10-13,,,,,
양천구,11470,신정동,329,11470-123,목동신시가지14,55.02,9,1987,3500,80,2017-10-21,,,,,
양천구,11470,신정동,329,11470-123,목동신시가지14,71.4,16,1987,48000,0,2017-10-30,,,,,
양천구,11470,신정동,329,11470-123,목동신시가지14,71.4,17,1987,30000,45,2017-10-13,,,,,
양천구,11470,신정동,329,11470-123,목동신시가지14,71.4,17,1987,44000,0,2017-10-31,,,,,
양천구,11470,신정동,329,11470-123,목동신시가지14,71.4,9,1987,25000,50,2017-10-16,,,,,
양천구,11470,신정동,329,11470-123,목동신시가지14,71.4,9,1987,42000,0,2017-10-29,,,,,
양천구,11470,신정동,329,11470-123,목동신시가지14,74.19,13,1987,41000,0,2017-10-21,,,,,
양천구,11470,신정동,329,11470-123,목동신시가지14,83.31,10,1987,29500,70,2017-10-20,,,,,
양천구,11470,신정동,329,11470-123,목동신시가지14,83.89,11,1987,55000,0,2017-10-21,,,,,
양천구,11470,신정동,329,11470-123,목동신시가지14,83.89,14,1987,55000,0,2017-10-13,,,,,
양천구,11470,신정동,329,11470-123,목동신시가지14,84.87,3,1987,58000,0,2017-10-20,,,,,
양천구,11470,신정동,333,11470-117,대림,84.86,12,1992,46000,0,2017-10-13,,,,,
양천구,11470,신정동,333,11470-117,대림,84.89,14,1992,46000,0,2017-10-28,,,,,
양천구,11470,신정동,334,11470-142,쌍용,84.63,15,1992,42500,0,2017-10-23,,,,,
양천구,11470,신정동,334,11470-142,쌍용,84.63,4,1992,41000,0,2017-10-14,,,,,
양천구,11470,신정동,334,11470-142,쌍용,84.65,6,1992,13000,0,2017-10-18,,,,,
양천구,11470,신정동,336,11470-147,청구,84.99,2,1992,43000,0,2017-10-12,,,,,
양천구,11470,신정동,336,11470-147,청구,84.99,3,1992,43000,0,2017-10-31,,,,,
양천구,11470,신정동,336,11470-147,청구,84.99,7,1992,45000,0,2017-10-14,,,,,
양천구,11470,신정동,337,11470-126,목동우성2,113.91,3,2000,39000,0,2017-10-12,,,,,
양천구,11470,신정동,337,11470-126,목동우성2,84.96,16,2000,39000,0,2017-10-25,,,,,
양천구,11470,신정동,337,11470-126,목동우성2,84.96,17,2000,37500,0,2017-10-16,,,,,
양천구,11470,신정동,337,11470-126,목동우성2,84.96,3,2000,37000,0,2017-10-14,,,,,
양천구,11470,신정동,337,11470-126,목동우성2,84.96,6,2000,35500,0,2017-10-25,,,,,
양천구,11470,신정동,339,11470-149,파인빌,73.138,2,2001,34000,0,2017-10-20,,,,,
양천구,11470,신정동,339,11470-149,파인빌,73.138,6,2001,37000,0,2017-10-21,,,,,
양천구,11470,신정동,733-31,11470-135,수정,51.3,1,1987,13000,0,2017-10-26,17.10~19.10,갱신,,10000,
양천구,11470,신정동,743-2,11470-136,신정6현대,59.4,17,2000,23000,0,2017-10-26,,,,,
양천구,11470,신정동,743-2,11470-136,신정6현대,59.4,3,2000,23000,0,2017-10-23,,,,,
양천구,11470,신정동,743-2,11470-136,신정6현대,84.6,2,2000,21000,30,2017-10-15,,,,,
양천구,11470,신정동,743-2,11470-136,신정6현대,84.6,22,2000,29000,0,2017-10-18,17.10~19.10,신규,,,
양천구,11470,신정동,872-8,11470-181,성은,71.06,4,2003,21000,0,2017-10-18,,,,,
양천구,11470,신정동,879-5,11470-346,동국화이트빌B동,84.65,3,2003,31000,0,2017-10-16,,,,,
양천구,11470,신정동,888-8,11470-4063,이연에버리치,84.79,6,2007,39000,0,2017-10-19,,,,,
양천구,11470,신정동,895-3,11470-4324,예지팰리스50차,81.05,8,2008,33000,0,2017-10-20,17.11~19.11,신규,,,
양천구,11470,신정동,906-4,11470-219,보성제이드,73.38,2,2003,27000,0,2017-10-15,,,,,
양천구,11470,신정동,948-24,11470-141,신호,59.94,11,1997,24000,0,2017-10-11,,,,,
양천구,11470,신정동,948-24,11470-141,신호,59.94,7,1997,8000,50,2017-10-31,17.12~19.11,신규,,,
양천구,11470,신정동,952-3,11470-227,주안펌니스아파트,84.95,9,2002,27000,0,2017-10-23,17.11~19.11,신규,,,
양천구,11470,신정동,979-34,11470-205,신세계하이츠,75.25,4,2005,31000,0,2017-10-14,,,,,
양천구,11470,신정동,992-1,11470-130,보성주상복합,84.93,4,1996,37000,0,2017-10-11,,,,,
양천구,11470,신정동,992-1,11470-130,보성주상복합,84.93,8,1996,35000,0,2017-10-26,18.01~20.01,신규,,,
양천구,11470,신정동,995-3,11470-3957,목동휘버스,83.25,4,2005,42000,0,2017-10-29,,,,,
영등포구,11560,당산동,121-131,11560-1553,미진리버빌,19.39,7,2012,1000,50,2017-10-08,,,,,
영등포구,11560,당산동,121-19,11560-154,계명,59.3,6,2002,22000,0,2017-10-19,,,,,
영등포구,11560,당산동,374,11560-49,래미안당산1차,59.97,8,1995,29000,23,2017-10-21,,,,,
영등포구,11560,당산동,374,11560-49,래미안당산1차,84.99,3,1995,41000,0,2017-10-18,,,,,
영등포구,11560,당산동,374,11560-49,래미안당산1차,84.99,3,1995,41000,0,2017-10-26,,,,,
영등포구,11560,당산동,376,11560-50,강변래미안,108.15,1,2002,43000,0,2017-10-18,,,,,
영등포구,11560,당산동,376,11560-50,강변래미안,108.15,14,2002,59000,0,2017-10-27,,,,,
영등포구,11560,당산동,376,11560-50,강변래미안,108.15,2,2002,52000,0,2017-10-17,,,,,
영등포구,11560,당산동,376,11560-50,강변래미안,108.15,9,2002,30000,70,2017-10-31,,,,,
영등포구,11560,당산동,376,11560-50,강변래미안,79.05,4,2002,5000,120,2017-10-23,,,,,
영등포구,11560,당산동,376,11560-50,강변래미안,79.05,4,2002,50000,0,2017-10-23,,,,,
영등포구,11560,당산동,376,11560-50,강변래미안,79.43,9,2002,10000,100,2017-10-16,17.11~19.11,신규,,,
영등포구,11560,당산동,378,11560-51,드림리버빌,117.41,17,2002,47000,0,2017-10-18,,,,,
영등포구,11560,당산동1가,16-1,11560-29,진로,59.4,12,1997,36000,0,2017-10-14,,,,,
영등포구,11560,당산동1가,16-1,11560-29,진로,59.4,21,1997,36000,0,2017-10-24,,,,,
영등포구,11560,당산동1가,16-1,11560-29,진로,59.4,22,1997,38000,0,2017-10-25,,,,,
영등포구,11560,당산동1가,16-1,11560-29,진로,59.4,3,1997,36000,0,2017-10-17,,,,,
영등포구,11560,당산동1가,16-1,11560-29,진로,84.87,13,1997,45000,0,2017-10-19,17.10~19.10,신규,,,
영등포구,11560,당산동1가,457,11560-1363,신동아파밀리에,59.4,2,2008,27000,0,2017-10-27,,,,,
영등포구,11560,당산동1가,457,11560-1363,신동아파밀리에,59.4,3,2008,38000,0,2017-10-13,,,,,
영등포구,11560,당산동1가,457,11560-1363,신동아파밀리에,59.4,4,2008,38000,0,2017-10-31,,,,,
영등포구,11560,당산동1가,9-1,11560-30,코오롱,68.88,8,1996,5000,100,2017-10-23,,,,,
영등포구,11560,당산동2가,16-1,11560-152,당산대우,31.73,11,1999,1000,60,2017-10-25,,,,,
영등포구,11560,당산동2가,16-1,11560-152,당산대우,31.73,11,1999,2000,53,2017-10-12,,,,,
영등포구,11560,당산동2가,16-1,11560-152,당산대우,31.73,15,1999,1000,60,2017-10-28,,,,,
영등포구,11560,당산동2가,16-1,11560-152,당산대우,31.73,16,1999,17500,0,2017-10-30,,,,,
영등포구,11560,당산동2가,16-1,11560-152,당산대우,31.73,22,1999,6000,40,2017-10-25,,,,,
영등포구,11560,당산동2가,16-1,11560-152,당산대우,32.62,24,1999,1000,65,2017-10-13,,,,,
영등포구,11560,당산동2가,16-1,11560-152,당산대우,45.55,1,1999,22000,0,2017-10-21,,,,,
영등포구,11560,당산동2가,16-1,11560-152,당산대우,45.55,6,1999,24000,0,2017-10-23,,,,,
영등포구,11560,당산동2가,164,11560-31,당산2가현대홈타운,82.77,10,1994,46000,0,2017-10-30,,,,,
영등포구,11560,당산동2가,164,11560-31,당산2가현대홈타운,82.77,13,1994,25000,60,2017-10-30,,,,,
영등포구,11560,당산동2가,164,11560-31,당산2가현대홈타운,82.77,2,1994,5000,120,2017-10-14,,,,,
영등포구,11560,당산동2가,164,11560-31,당산2가현대홈타운,82.77,4,1994,43000,0,2017-10-21,,,,,
영등포구,11560,당산동2가,164,11560-31,당산2가현대홈타운,82.77,6,1994,42000,0,2017-10-18,,,,,
영등포구,11560,당산동3가,394,11560-32,삼익,60.83,10,1979,27000,0,2017-10-18,,,,,
영등포구,11560,당산동3가,394,11560-32,삼익,60.83,6,1979,26000,0,2017-10-19,,,,,
영등포구,11560,당산동3가,394,11560-32,삼익,60.83,7,1979,26000,0,2017-10-16,,,,,
영등포구,11560,당산동3가,559,11560-1453,쌍용예가클래식,106.56,13,2010,32250,0,2017-10-16,,,,,
영등포구,11560,당산동3가,559,11560-1453,쌍용예가클래식,54.87,4,2010,30000,0,2017-10-21,,,,,
영등포구,11560,당산동3가,559,11560-1453,쌍용예가클래식,54.87,7,2010,20000,50,2017-10-19,,,,,
영등포구,11560,당산동3가,559,11560-1453,쌍용예가클래식,68.28,2,2010,25000,30,2017-10-12,,,,,
영등포구,11560,당산동3가,563,11560-1444,당산어울림2차,84.8711,3,2009,45000,0,2017-10-24,,,,,
영등포구,11560,당산동3가,564,11560-1682,당산계룡리슈빌1단지,39.986,7,2014,36000,0,2017-10-14,,,,,
영등포구,11560,당산동3가,564,11560-1682,당산계룡리슈빌1단지,40.136,4,2014,10000,80,2017-10-19,,,,,
영등포구,11560,당산동3가,564,11560-1682,당산계룡리슈빌1단지,40.154,9,2014,5000,90,2017-10-20,,,,,
영등포구,11560,당산동3가,565,11560-1689,당산계룡리슈빌3단지,49.993,9,2014,38500,0,2017-10-15,,,,,
영등포구,11560,당산동3가,566,11560-1681,당산계룡리슈빌2단지,38.77,2,2014,3000,100,2017-10-25,,,,,
영등포구,11560,당산동3가,566,11560-1681,당산계룡리슈빌2단지,42.02,12,2014,20000,55,2017-10-20,,,,,
영등포구,11560,당산동4가,29,11560-37,한강아파트,84.98,10,1999,38000,0,2017-10-14,,,,,
영등포구,11560,당산동4가,30-1,11560-40,당산현대5차,114.84,1,2000,27000,70,2017-10-20,,,,,
영등포구,11560,당산동4가,30-1,11560-40,당산현대5차,114.84,22,2000,60000,0,2017-10-12,,,,,
영등포구,11560,당산동4가,30-1,11560-40,당산현대5차,59.37,12,2000,40000,0,2017-10-25,,,,,
영등포구,11560,당산동4가,30-1,11560-40,당산현대5차,59.37,23,2000,42000,0,2017-10-30,17.11~19.11,신규,,,
영등포구,11560,당산동4가,30-1,11560-40,당산현대5차,59.55,15,2000,40500,0,2017-10-13,17.12~19.12,신규,,,
영등포구,11560,당산동4가,30-1,11560-40,당산현대5차,59.75,10,2000,26000,50,2017-10-14,,,,,
영등포구,11560,당산동4가,88,11560-38,당산현대3차,59.26,3,1988,32000,0,2017-10-23,,,,,
영등포구,11560,당산동4가,88,11560-38,당산현대3차,59.26,3,1988,34500,0,2017-10-31,,,,,
영등포구,11560,당산동4가,88,11560-38,당산현대3차,73.27,14,1988,38000,0,2017-10-21,,,,,
영등포구,11560,당산동4가,88,11560-38,당산현대3차,84.5,10,1988,6000,110,2017-10-16,,,,,
영등포구,11560,당산동4가,91,11560-36,유원제일,64.08,9,1983,31000,0,2017-10-27,,,,,
영등포구,11560,당산동4가,91,11560-36,유원제일,73.98,4,1983,35000,0,2017-10-14,,,,,
영등포구,11560,당산동4가,91,11560-36,유원제일,73.98,5,1983,32000,0,2017-10-20,,,,,
영등포구,11560,당산동4가,91,11560-36,유원제일,84.78,11,1983,37000,0,2017-10-09,,,,,
영등포구,11560,당산동4가,92,11560-39,현대2,62.6,9,1986,20000,50,2017-10-16,,,,,
영등포구,11560,당산동4가,92,11560-39,현대2,82.16,12,1986,20000,50,2017-10-13,,,,,
영등포구,11560,당산동4가,94-1,11560-35,당산삼성2차,59.76,21,1997,37000,0,2017-10-28,,,,,
영등포구,11560,당산동4가,94-1,11560-35,당산삼성2차,84.93,14,1997,10000,100,2017-10-12,,,,,
영등포구,11560,당산동4가,95,11560-41,당산금호어울림,84.25,1,2002,45000,0,2017-10-28,,,,,
영등포구,11560,당산동4가,95,11560-41,당산금호어울림,84.25,3,2002,25000,70,2017-10-21,,,,,
영등포구,11560,당산동4가,98,11560-1778,브라운스톤당산,84.039,7,2015,40000,40,2017-10-14,17.12~19.12,신규,,,
영등포구,11560,당산동4가,98,11560-1778,브라운스톤당산,84.039,8,2015,53000,0,2017-10-14,,,,,
영등포구,11560,당산동5가,11-33,11560-165,당산디오빌,38.97,4,2005,25000,0,2017-10-20,,,,,
영등포구,11560,당산동5가,12,11560-47,당산효성1차,134.77,6,1999,40000,70,2017-10-13,,,,,
영등포구,11560,당산동5가,12,11560-47,당산효성1차,59.85,11,1999,30000,35,2017-10-28,,,,,
영등포구,11560,당산동5가,12,11560-47,당산효성1차,59.85,11,1999,43000,0,2017-10-31,,,,,
영등포구,11560,당산동5가,12,11560-47,당산효성1차,59.85,8,1999,43000,0,2017-10-21,,,,,
영등포구,11560,당산동5가,13,11560-42,당산효성타운2차,84.38,4,2001,52500,0,2017-10-14,,,,,
영등포구,11560,당산동5가,13,11560-42,당산효성타운2차,84.38,6,2001,51500,0,2017-10-21,,,,,
영등포구,11560,당산동5가,40,11560-44,성원,113.55,4,1997,56000,0,2017-10-21,,,,,
영등포구,11560,당산동5가,42,11560-138,당산삼성래미안4차,115.78,20,2003,75000,0,2017-10-21,,,,,
영등포구,11560,당산동5가,42,11560-138,당산삼성래미안4차,84.94,22,2003,37000,80,2017-10-11,,,,,
영등포구,11560,당산동5가,42,11560-138,당산삼성래미안4차,97.27,12,2003,61000,0,2017-10-21,,,,,
영등포구,11560,당산동5가,42,11560-138,당산삼성래미안4차,97.27,4,2003,50000,40,2017-10-26,,,,,
영등포구,11560,당산동5가,7-2,11560-45,유원제일2차,123.76,2,1984,40000,35,2017-10-27,18.01~18.12,갱신,,40000,25
영등포구,11560,당산동5가,7-2,11560-45,유원제일2차,123.76,4,1984,37000,55,2017-10-14,,,,,
영등포구,11560,당산동5가,7-2,11560-45,유원제일2차,84.6,7,1984,43000,0,2017-10-29,,,,,
영등포구,11560,대림동,1101-1,11560-1546,(1101-1),13.64,8,2012,4000,30,2017-10-17,17.10~18.10,신규,,,
영등포구,11560,대림동,1101-1,11560-1546,(1101-1),14.46,10,2012,1000,50,2017-10-21,,,,,
영등포구,11560,대림동,1101-1,11560-1546,(1101-1),14.46,5,2012,2000,40,2017-10-13,,,,,
영등포구,11560,대림동,1101-1,11560-1546,(1101-1),14.46,5,2012,2000,40,2017-10-18,,,,,
영등포구,11560,대림동,1101-1,11560-1546,(1101-1),14.46,9,2012,12000,0,2017-10-13,,,,,
영등포구,11560,대림동,1124,11560-1606,신대림신동아파밀리에,91.2439,13,2013,41000,0,2017-10-11,,,,,
영등포구,11560,대림동,1126,11560-1942,HHouse대림뉴스테이,32.293,15,2017,1000,107,2017-10-17,,,,,
영등포구,11560,대림동,1126,11560-1942,HHouse대림뉴스테이,34.251,10,2017,7000,91,2017-10-01,,,,,
영등포구,11560,대림동,1126,11560-1942,HHouse대림뉴스테이,34.251,7,2017,1000,109,2017-10-10,,,,,
영등포구,11560,대림동,1126,11560-1942,HHouse대림뉴스테이,34.498,3,2017,1000,109,2017-10-19,,,,,
영등포구,11560,대림동,1126,11560-1942,HHouse대림뉴스테이,36.39,10,2017,8000,85,2017-10-09,,,,,
영등포구,11560,대림동,1126,11560-1942,HHouse대림뉴스테이,36.39,4,2017,3000,98,2017-10-19,,,,,
영등포구,11560,대림동,608-1,11560-133,현대3차,43.92,12,1997,25500,0,2017-10-24,17.10~19.07,갱신,,21000,
영등포구,11560,대림동,608-1,11560-133,현대3차,43.92,2,1997,23500,0,2017-10-14,,,,,
영등포구,11560,대림동,608-1,11560-133,현대3차,43.92,24,1997,26000,0,2017-10-07,,,,,
영등포구,11560,대림동,608-1,11560-133,현대3차,43.92,26,1997,3000,70,2017-10-14,,,,,
영등포구,11560,대림동,608-1,11560-133,현대3차,43.92,8,1997,26000,0,2017-10-19,,,,,
영등포구,11560,대림동,608-1,11560-133,현대3차,59.83,12,1997,35000,0,2017-10-23,,,,,
영등포구,11560,대림동,608-1,11560-133,현대3차,59.83,15,1997,35000,0,2017-10-28,,,,,
영등포구,11560,대림동,608-1,11560-133,현대3차,59.83,16,1997,35000,0,2017-10-28,,,,,
영등포구,11560,대림동,608-1,11560-133,현대3차,59.83,2,1997,34000,0,2017-10-28,,,,,
영등포구,11560,대림동,687-1,11560-123,성락,69.46,2,1989,21000,0,2017-10-13,,,,,
영등포구,11560,대림동,696,11560-131,우성1,52.07,15,1985,20000,0,2017-10-09,17.10~19.10,신규,,,
영등포구,11560,대림동,696,11560-131,우성1,52.07,8,1985,21000,0,2017-10-24,,,,,
영등포구,11560,대림동,696,11560-131,우성1,62.37,13,1985,26000,0,2017-10-11,,,,,
영등포구,11560,대림동,717,11560-1602,쌍용플래티넘S,18.24,3,2013,10000,0,2017-10-27,,,,,
영등포구,11560,대림동,717,11560-1602,쌍용플래티넘S,18.24,3,2013,2000,40,2017-10-14,,,,,
영등포구,11560,대림동,777-1,11560-125,신동아,53.37,11,1987,22000,0,2017-10-08,,,,,
영등포구,11560,대림동,777-1,11560-125,신동아,53.37,12,1987,3500,66,2017-10-31,,,,,
영등포구,11560,대림동,777-1,11560-125,신동아,67.41,13,1987,21000,10,2017-10-09,,,,,
영등포구,11560,대림동,785-1,11560-132,현대1,66.66,8,1992,31000,0,2017-10-24,,,,,
영등포구,11560,대림동,785-1,11560-132,현대1,84.75,15,1992,34000,0,2017-10-15,,,,,
영등포구,11560,대림동,946-1,11560-120,대림현대,59.76,14,1999,26000,0,2017-10-14,,,,,
영등포구,11560,대림동,993-8,11560-121,무림,56.2,3,1981,13000,0,2017-10-15,,,,,
영등포구,11560,대림동,993-8,11560-121,무림,69.95,4,1981,19000,0,2017-10-28,,,,,
영등포구,11560,도림동,221-1,11560-53,도림청구,37.81,4,1997,20000,0,2017-10-17,,,,,
영등포구,11560,도림동,821,11560-1665,영등포아트자이,120.038,25,2014,5000,195,2017-10-17,,,,,
영등포구,11560,도림동,821,11560-1665,영등포아트자이,59.999,26,2014,44000,0,2017-10-14,,,,,
영등포구,11560,도림동,821,11560-1665,영등포아트자이,84.762,20,2014,54000,0,2017-10-20,,,,,
영등포구,11560,도림동,821,11560-1665,영등포아트자이,84.974,19,2014,28000,0,2017-10-30,,,,,
영등포구,11560,문래동3가,13,11560-59,문래해태,59.41,5,1999,9000,30,2017-10-10,,,,,
영등포구,11560,문래동3가,54,11560-60,문래자이,121.53,13,2001,67000,0,2017-10-17,,,,,
영등포구,11560,문래동3가,54,11560-60,문래자이,121.53,18,2001,5000,190,2017-10-16,,,,,
영등포구,11560,문래동3가,54,11560-60,문래자이,121.53,22,2001,5000,200,2017-10-23,,,,,
영등포구,11560,문래동3가,54,11560-60,문래자이,121.53,24,2001,67000,0,2017-10-14,,,,,
영등포구,11560,문래동3가,54,11560-60,문래자이,84.98,20,2001,57500,0,2017-10-30,,,,,
영등포구,11560,문래동3가,54,11560-60,문래자이,84.98,5,2001,33000,80,2017-10-14,17.10~19.10,신규,,,
영등포구,11560,문래동3가,76-1,11560-57,국화맨션,84.71,6,1983,45000,0,2017-10-23,17.12~19.11,신규,,,
영등포구,11560,문래동3가,77-2,11560-62,문래공원한신,58.96,9,1988,32000,0,2017-10-02,,,,,
영등포구,11560,문래동3가,77-2,11560-62,문래공원한신,79.46,15,1988,42500,0,2017-10-28,,,,,
영등포구,11560,문래동3가,77-2,11560-62,문래공원한신,79.46,7,1988,43000,0,2017-10-14,,,,,
영등포구,11560,문래동3가,77-2,11560-62,문래공원한신,79.46,8,1988,40000,0,2017-10-14,,,,,
영등포구,11560,문래동3가,78,11560-61,문래우정,59.76,6,1998,35000,0,2017-10-24,17.10~19.10,갱신,,33000,
영등포구,11560,문래동3가,93-1,11560-58,문래건영,114.72,13,1998,46000,0,2017-10-18,17.12~19.12,신규,,,
영등포구,11560,문래동3가,94,11560-137,문래힐스테이트,119.47,22,2003,66000,0,2017-10-21,,,,,
영등포구,11560,문래동3가,94,11560-137,문래힐스테이트,119.47,5,2003,50,45,2017-10-25,,,,,
영등포구,11560,문래동3가,94,11560-137,문래힐스테이트,119.47,8,2003,69000,0,2017-10-13,,,,,
영등포구,11560,문래동3가,94,11560-137,문래힐스테이트,137.82,13,2003,11000,0,2017-10-31,,,,,
영등포구,11560,문래동3가,94,11560-137,문래힐스테이트,137.82,6,2003,60000,0,2017-10-20,,,,,
영등포구,11560,문래동3가,94,11560-137,문래힐스테이트,84.92,16,2003,43000,0,2017-10-31,,,,,
영등포구,11560,문래동3가,96,11560-1215,태영데시앙,84.93,7,2005,54000,0,2017-10-25,,,,,
영등포구,11560,문래동3가,97,11560-1299,문래금호어울림,84.97,13,2006,30000,80,2017-10-14,,,,,
영등포구,11560,문래동3가,99,11560-1762,예지팰리스77차,57.38,10,2015,34700,0,2017-10-24,,,,,
영등포구,11560,문래동3가,99,11560-1762,예지팰리스77차,57.38,6,2015,36000,0,2017-10-12,,,,,
영등포구,11560,문래동4가,43,11560-63,문래동삼환,84.98,17,2001,20000,50,2017-10-26,,,,,
영등포구,11560,문래동4가,68,11560-1373,리버뷰신안인스빌2단지,84.995,1,2008,35000,0,2017-10-28,,,,,
영등포구,11560,문래동5가,14,11560-64,문래두산위브,65.46,13,1988,30000,0,2017-10-16,,,,,
영등포구,11560,문래동5가,14,11560-64,문래두산위브,65.46,4,1988,9500,50,2017-10-24,,,,,
영등포구,11560,문래동5가,14,11560-64,문래두산위브,79.86,2,1988,31000,0,2017-10-16,,,,,
영등포구,11560,문래동5가,21,11560-67,현대3차,84.36,6,1991,30000,0,2017-10-11,,,,,
영등포구,11560,문래동5가,23-1,11560-68,문래현대5차,84.79,1,1992,36000,0,2017-10-23,17.10~22.10,,,,
영등포구,11560,문래동5가,23-1,11560-68,문래현대5차,84.79,10,1992,34000,0,2017-10-17,,,,,
영등포구,11560,문래동5가,67,11560-1971,문래모아미래도,59.9,4,2017,26160,0,2017-10-31,,,,,
영등포구,11560,문래동5가,67,11560-1971,문래모아미래도,84.75,14,2017,10000,120,2017-10-18,,,,,
영등포구,11560,문래동5가,67,11560-1971,문래모아미래도,84.81,9,2017,50000,0,2017-10-17,,,,,
영등포구,11560,문래동5가,67,11560-1971,문래모아미래도,84.98,4,2017,32000,0,2017-10-31,,,,,
영등포구,11560,문래동6가,11-1,11560-73,유원문래,84.98,4,1991,36000,0,2017-10-25,,,,,
영등포구,11560,문래동6가,38-1,11560-72,문래베어스타운,84.82,3,1997,33000,0,2017-10-29,,,,,
영등포구,11560,문래동6가,43,11560-74,한신,40.04,6,1985,19000,0,2017-10-28,,,,,
영등포구,11560,문래동6가,43,11560-74,한신,62.36,12,1985,15000,50,2017-10-26,,,,,
영등포구,11560,문래동6가,43,11560-74,한신,62.36,12,1985,28000,0,2017-10-26,,,,,
영등포구,11560,문래동6가,43,11560-74,한신,81.89,4,1985,32000,0,2017-10-17,,,,,
영등포구,11560,문래동6가,43,11560-74,한신,81.89,6,1985,32500,0,2017-10-20,,,,,
영등포구,11560,문래동6가,45,11560-75,현대2차,59.31,7,1987,8000,60,2017-10-17,,,,,
영등포구,11560,문래동6가,45,11560-75,현대2차,79.72,12,1987,35000,0,2017-10-28,,,,,
영등포구,11560,문래동6가,45,11560-75,현대2차,79.72,3,1987,35000,0,2017-10-25,,,,,
영등포구,11560,문래동6가,47-1,11560-69,대원,58.37,15,1998,20000,25,2017-10-13,,,,,
영등포구,11560,문래동6가,54,11560-70,문래미원,59.4,12,1996,27000,15,2017-10-30,,,,,
영등포구,11560,문래동6가,54,11560-70,문래미원,59.4,5,1996,13000,50,2017-10-13,,,,,
영등포구,11560,신길동,102-8,11560-114,우성4,84.95,1,1991,30000,0,2017-10-14,,,,,
영등포구,11560,신길동,1343,11560-117,대방전철,75.9,2,1976,26500,0,2017-10-22,,,,,
영등포구,11560,신길동,2-3,11560-105,삼두,57.87,6,1987,22500,0,2017-10-26,,,,,
영등포구,11560,신길동,261-22,11560-1609,신길레전드힐스,13.49,11,2013,4000,25,2017-10-12,,,,,
영등포구,11560,신길동,261-22,11560-1609,신길레전드힐스,13.74,11,2013,3000,35,2017-10-16,,,,,
영등포구,11560,신길동,261-22,11560-1609,신길레전드힐스,13.74,11,2013,3000,45,2017-10-16,,,,,
영등포구,11560,신길동,261-22,11560-1609,신길레전드힐스,13.74,15,2013,10000,0,2017-10-22,,,,,
영등포구,11560,신길동,261-22,11560-1609,신길레전드힐스,13.74,16,2013,3000,35,2017-10-12,,,,,
영등포구,11560,신길동,261-22,11560-1609,신길레전드힐스,13.74,6,2013,10000,0,2017-10-20,,,,,
영등포구,11560,신길동,261-22,11560-1609,신길레전드힐스,13.74,7,2013,3000,35,2017-10-22,,,,,
영등포구,11560,신길동,3002,11560-103,남서울,41.62,4,1974,8000,0,2017-10-30,,,,,
영등포구,11560,신길동,3002,11560-103,남서울,42.98,2,1974,2000,40,2017-10-14,,,,,
영등포구,11560,신길동,3002,11560-103,남서울,42.98,3,1974,7500,7,2017-10-17,,,,,
영등포구,11560,신길동,3002,11560-103,남서울,42.98,4,1974,10000,0,2017-10-12,,,,,
영등포구,11560,신길동,3002,11560-103,남서울,42.98,5,1974,7500,0,2017-10-21,,,,,
영등포구,11560,신길동,3002,11560-103,남서울,48.26,3,1974,1000,50,2017-10-26,,,,,
영등포구,11560,신길동,3002,11560-103,남서울,48.26,3,1974,10500,0,2017-10-29,,,,,
영등포구,11560,신길동,3002,11560-103,남서울,58.58,3,1974,4000,43,2017-10-28,,,,,
영등포구,11560,신길동,364,11560-101,건영,60.27,11,1985,26000,0,2017-10-13,,,,,
영등포구,11560,신길동,364,11560-101,건영,75.93,10,1985,29000,0,2017-10-13,,,,,
영등포구,11560,신길동,365,11560-111,우성1,49.64,7,1986,25000,0,2017-10-12,17.11~19.11,신규,,,
영등포구,11560,신길동,365,11560-111,우성1,64.4,10,1986,10000,30,2017-10-27,,,,,
영등포구,11560,신길동,365,11560-111,우성1,64.4,10,1986,26000,0,2017-10-10,,,,,
영등포구,11560,신길동,365,11560-111,우성1,64.4,13,1986,27500,0,2017-10-14,,,,,
영등포구,11560,신길동,365,11560-111,우성1,64.4,7,1986,30000,0,2017-10-31,,,,,
영등포구,11560,신길동,365,11560-111,우성1,83.64,7,1986,18000,0,2017-10-12,,,,,
영등포구,11560,신길동,365,11560-111,우성1,83.64,7,1986,34500,0,2017-10-14,,,,,
영등포구,11560,신길동,4497,11560-1232,보라매두산위브,136.74,4,2005,56500,0,2017-10-31,,,,,
영등포구,11560,신길동,4501,11560-116,우창,66.82,11,1983,27000,0,2017-10-13,17.12~19.12,신규,,,
영등포구,11560,신길동,4518,11560-112,우성2,64.4,12,1986,29500,0,2017-10-16,,,,,
영등포구,11560,신길동,4518,11560-112,우성2,64.4,13,1986,10000,60,2017-10-18,,,,,
영등포구,11560,신길동,4656,11560-113,우성3,83.66,10,1989,2000,100,2017-10-12,,,,,
영등포구,11560,신길동,4656,11560-113,우성3,83.66,5,1989,34500,0,2017-10-19,18.01~20.01,신규,,,
영등포구,11560,신길동,4656,11560-113,우성3,83.66,6,1989,15000,60,2017-10-18,,,,,
영등포구,11560,신길동,4759,11560-106,삼성,41.58,1,1984,3000,60,2017-10-14,,,,,
영등포구,11560,신길동,4759,11560-106,삼성,41.58,12,1984,1000,65,2017-10-02,,,,,
영등포구,11560,신길동,4759,11560-106,삼성,60.48,11,1984,11000,20,2017-10-20,,,,,
영등포구,11560,신길동,4759,11560-106,삼성,60.48,5,1984,22000,0,2017-10-28,,,,,
영등포구,11560,신길동,4759,11560-106,삼성,60.48,8,1984,25000,0,2017-10-21,,,,,
영등포구,11560,신길동,4759,11560-106,삼성,60.48,9,1984,20000,0,2017-10-16,,,,,
영등포구,11560,신길동,4780,11560-1233,보라매경남아너스빌,84.79,9,2005,30000,45,2017-10-09,,,,,
영등포구,11560,신길동,4933,11560-115,우성5,84.98,14,1993,38000,0,2017-10-16,,,,,
영등포구,11560,신길동,4934,11560-107,삼성래미안,114.87,4,2001,25000,70,2017-10-25,,,,,
영등포구,11560,신길동,4934,11560-107,삼성래미안,59.33,3,2001,31000,0,2017-10-27,,,,,
영등포구,11560,신길동,4934,11560-107,삼성래미안,84.91,6,2001,36500,0,2017-10-12,,,,,
영등포구,11560,신길동,4935,11560-109,신기목련아파트,33.88,13,2000,4126,16,2017-10-20,,,,,
영등포구,11560,신길동,4935,11560-109,신기목련아파트,33.88,5,2000,1837,16,2017-10-19,,,,,
영등포구,11560,신길동,4937,11560-1382,포레나 신길,84.9202,9,2008,48000,0,2017-10-19,,,,,
영등포구,11560,신길동,4942,11560-1574,여의도리버뷰,13.06,3,2012,1000,50,2017-10-01,,,,,
영등포구,11560,신길동,4943,11560-1626,선원가와인,80.434,14,2013,35000,0,2017-10-19,,,,,
영등포구,11560,신길동,4943,11560-1626,선원가와인,80.434,9,2013,20000,50,2017-10-30,,,,,
영등포구,11560,신길동,4945,11560-1793,래미안영등포프레비뉴,59.99,10,2015,41000,0,2017-10-26,,,,,
영등포구,11560,신길동,4945,11560-1793,래미안영등포프레비뉴,59.99,2,2015,42000,0,2017-10-14,,,,,
영등포구,11560,신길동,4945,11560-1793,래미안영등포프레비뉴,84.98,10,2015,56000,0,2017-10-14,,,,,
영등포구,11560,신길동,4945,11560-1793,래미안영등포프레비뉴,84.98,2,2015,50000,0,2017-10-27,,,,,
영등포구,11560,신길동,67-1,11560-102,경남,114.97,13,1999,45000,0,2017-10-11,17.12~19.12,갱신,,40000,
영등포구,11560,신길동,67-1,11560-102,경남,114.97,2,1999,20000,78,2017-10-19,,,,,
영등포구,11560,신길동,67-1,11560-102,경남,59.96,16,1999,36000,0,2017-10-13,,,,,
영등포구,11560,신길동,67-1,11560-102,경남,59.96,9,1999,17000,50,2017-10-14,,,,,
영등포구,11560,신길동,769-1,11560-118,한성,134.33,2,1997,45000,0,2017-10-26,,,,,
영등포구,11560,신길동,769-1,11560-118,한성,134.33,6,1997,46000,0,2017-10-31,,,,,
영등포구,11560,신길동,769-1,11560-118,한성,59.87,3,1997,32500,0,2017-10-15,,,,,
영등포구,11560,신길동,897-1,11560-108,삼환,59.53,12,1997,24000,0,2017-10-21,,,,,
영등포구,11560,신길동,897-1,11560-108,삼환,59.53,13,1997,10000,75,2017-10-19,17.10~19.10,신규,,,
영등포구,11560,신길동,897-1,11560-108,삼환,59.53,16,1997,34000,0,2017-10-30,,,,,
영등포구,11560,신길동,897-1,11560-108,삼환,59.53,8,1997,4000,102,2017-10-30,,,,,
영등포구,11560,신길동,897-1,11560-108,삼환,59.53,9,1997,35000,0,2017-10-27,,,,,
영등포구,11560,신길동,897-1,11560-108,삼환,84.84,11,1997,20000,70,2017-10-01,,,,,
영등포구,11560,신길동,897-1,11560-108,삼환,84.84,13,1997,22000,50,2017-10-07,,,,,
영등포구,11560,신길동,897-1,11560-108,삼환,84.84,18,1997,37000,0,2017-10-23,,,,,
영등포구,11560,신길동,897-1,11560-108,삼환,84.84,2,1997,38000,0,2017-10-07,,,,,
영등포구,11560,신길동,897-1,11560-108,삼환,84.84,4,1997,41000,0,2017-10-27,,,,,
영등포구,11560,신길동,897-1,11560-108,삼환,84.84,5,1997,24500,50,2017-10-24,,,,,
영등포구,11560,신길동,897-1,11560-108,삼환,84.84,6,1997,14000,80,2017-10-14,,,,,
영등포구,11560,신길동,897-1,11560-108,삼환,84.84,6,1997,20000,77,2017-10-29,,,,,
영등포구,11560,양평동1가,20,11560-79,신동아,50.81,13,1982,22000,0,2017-10-14,,,,,
영등포구,11560,양평동1가,20,11560-79,신동아,50.81,2,1982,24000,0,2017-10-24,,,,,
영등포구,11560,양평동2가,38-1,11560-84,삼성래미안,59.4,16,1998,15000,50,2017-10-20,17.12~19.12,신규,,,
영등포구,11560,양평동2가,38-1,11560-84,삼성래미안,59.4,21,1998,35000,0,2017-10-22,,,,,
영등포구,11560,양평동2가,38-1,11560-84,삼성래미안,84.69,19,1998,45000,0,2017-10-31,,,,,
영등포구,11560,양평동3가,101,11560-91,양평현대6차,59.98,16,2000,36000,0,2017-10-14,,,,,
영등포구,11560,양평동3가,102,11560-157,우림루미아트,84.87,4,2004,43000,0,2017-10-28,,,,,
영등포구,11560,양평동3가,102,11560-157,우림루미아트,84.91,3,2004,40000,0,2017-10-28,,,,,
영등포구,11560,양평동3가,104,11560-1418,삼익플라주101동,59.68,4,2009,34000,0,2017-10-30,,,,,
영등포구,11560,양평동3가,24,11560-87,삼천리,123.58,18,2000,37000,0,2017-10-27,,,,,
영등포구,11560,양평동3가,55-1,11560-89,경남아너스빌,59.9,6,1998,27000,20,2017-10-19,,,,,
영등포구,11560,양평동3가,55-1,11560-89,경남아너스빌,84.92,7,1998,10000,80,2017-10-20,,,,,
영등포구,11560,양평동3가,79-4,11560-92,현대2차,80.92,10,1990,38000,0,2017-10-16,,,,,
영등포구,11560,양평동3가,79-4,11560-92,현대2차,80.92,11,1990,34000,0,2017-10-24,,,,,
영등포구,11560,양평동3가,79-4,11560-92,현대2차,80.92,13,1990,37500,0,2017-10-23,,,,,
영등포구,11560,양평동4가,12,11560-95,성원,84.6,16,1993,40000,0,2017-10-11,,,,,
영등포구,11560,양평동4가,12,11560-95,성원,84.66,8,1993,40000,0,2017-10-14,,,,,
영등포구,11560,양평동4가,324,11560-1254,에이스리버티움,83.2534,9,2006,40000,0,2017-10-13,,,,,
영등포구,11560,양평동4가,324,11560-1254,에이스리버티움,83.6179,10,2006,39000,25,2017-10-18,,,,,
영등포구,11560,양평동4가,51-1,11560-93,경남아너스빌,59.84,16,2000,33000,0,2017-10-21,,,,,
영등포구,11560,양평동4가,51-1,11560-93,경남아너스빌,59.84,6,2000,32500,0,2017-10-23,,,,,
영등포구,11560,양평동4가,94,11560-94,삼호한숲,59.9,5,2000,34000,0,2017-10-10,,,,,
영등포구,11560,양평동5가,76,11560-98,양평한신,59.94,11,1996,32000,0,2017-10-20,,,,,
영등포구,11560,양평동5가,76,11560-98,양평한신,59.94,13,1996,32000,0,2017-10-26,,,,,
영등포구,11560,양평동5가,76,11560-98,양평한신,59.94,2,1996,35000,0,2017-10-19,,,,,
영등포구,11560,양평동5가,76,11560-98,양평한신,59.94,3,1996,14000,50,2017-10-21,,,,,
영등포구,11560,양평동5가,76,11560-98,양평한신,59.94,3,1996,30000,0,2017-10-07,,,,,
영등포구,11560,양평동5가,76,11560-98,양평한신,59.94,4,1996,31000,0,2017-10-14,,,,,
영등포구,11560,양평동5가,76,11560-98,양평한신,59.94,5,1996,32000,0,2017-10-14,,,,,
영등포구,11560,양평동5가,76,11560-98,양평한신,59.94,5,1996,32000,0,2017-10-15,,,,,
영등포구,11560,양평동5가,76,11560-98,양평한신,59.94,6,1996,29000,12,2017-10-21,,,,,
영등포구,11560,양평동5가,76,11560-98,양평한신,59.94,8,1996,6000,78,2017-10-20,,,,,
영등포구,11560,양평동5가,76,11560-98,양평한신,84.87,3,1996,30000,30,2017-10-11,,,,,
영등포구,11560,양평동5가,9-1,11560-97,동보,59.4,9,1998,28000,0,2017-10-31,,,,,
영등포구,11560,양평동5가,9-1,11560-97,동보,84.48,9,1998,38000,0,2017-10-27,,,,,
영등포구,11560,양평동6가,100,11560-99,동양,59.86,8,2000,18000,40,2017-10-16,,,,,
영등포구,11560,양평동6가,100,11560-99,동양,84.85,10,2000,35500,0,2017-10-07,,,,,
영등포구,11560,양평동6가,95-4,11560-1656,리츠뷰,57.01,4,2014,29000,0,2017-10-21,,,,,
영등포구,11560,양평동6가,99,11560-100,한솔,59.28,18,1999,24000,15,2017-10-26,,,,,
영등포구,11560,양평동6가,99,11560-100,한솔,59.28,18,1999,30000,0,2017-10-11,,,,,
영등포구,11560,양평동6가,99,11560-100,한솔,69.03,6,1999,20000,0,2017-10-23,,,,,
영등포구,11560,양평동6가,99,11560-100,한솔,84.13,8,1999,10000,70,2017-10-24,,,,,
영등포구,11560,여의도동,11-1,11560-19,순복음(초원),66.94,12,1971,20000,0,2017-10-27,,,,,
영등포구,11560,여의도동,11-1,11560-19,순복음(초원),66.94,12,1971,21000,12,2017-10-30,,,,,
영등포구,11560,여의도동,11-1,11560-19,순복음(초원),66.94,12,1971,23000,5,2017-10-27,,,,,
영등포구,11560,여의도동,11-1,11560-19,순복음(초원),66.94,13,1971,2000,100,2017-10-19,,,,,
영등포구,11560,여의도동,21-1,11560-17,서울,139.31,11,1976,60000,37,2017-10-17,,,,,
영등포구,11560,여의도동,21-1,11560-17,서울,200.27,7,1976,75000,0,2017-10-21,,,,,
영등포구,11560,여의도동,21-2,11560-8,공작,103.41,1,1976,30000,0,2017-10-31,,,,,
영등포구,11560,여의도동,21-2,11560-8,공작,103.41,1,1976,30000,0,2017-10-31,,,,,
영등포구,11560,여의도동,21-2,11560-8,공작,51.77,1,1976,18000,0,2017-10-28,,,,,
영등포구,11560,여의도동,21-2,11560-8,공작,91.97,11,1976,2000,130,2017-10-24,,,,,
영등포구,11560,여의도동,21-2,11560-8,공작,91.97,11,1976,35000,0,2017-10-24,,,,,
영등포구,11560,여의도동,28,11560-9,광장,138.31,10,1978,69000,20,2017-10-26,,,,,
영등포구,11560,여의도동,28,11560-9,광장,138.31,11,1978,70000,0,2017-10-30,,,,,
영등포구,11560,여의도동,28,11560-9,광장,138.81,2,1978,63000,0,2017-10-16,,,,,
영등포구,11560,여의도동,30,11560-12,목화,67.77,1,1977,30000,0,2017-10-19,,,,,
영등포구,11560,여의도동,30,11560-12,목화,67.77,1,1977,33000,0,2017-10-17,,,,,
영등포구,11560,여의도동,30,11560-12,목화,89.26,3,1977,2000,140,2017-10-24,,,,,
영등포구,11560,여의도동,30,11560-12,목화,89.92,12,1977,37000,20,2017-10-20,,,,,
영등포구,11560,여의도동,30,11560-12,목화,89.92,2,1977,38500,0,2017-10-19,,,,,
영등포구,11560,여의도동,30-2,11560-15,삼부,106.38,7,1975,73000,0,2017-10-26,,,,,
영등포구,11560,여의도동,30-2,11560-15,삼부,146.68,7,1975,62000,0,2017-10-24,,,,,
영등포구,11560,여의도동,30-2,11560-15,삼부,146.68,8,1975,70000,0,2017-10-30,,,,,
영등포구,11560,여의도동,30-2,11560-15,삼부,175.8,7,1975,55000,60,2017-10-16,,,,,
영등포구,11560,여의도동,30-2,11560-15,삼부,77.69,15,1975,48000,0,2017-10-31,,,,,
영등포구,11560,여의도동,30-2,11560-15,삼부,77.69,9,1975,51000,0,2017-10-19,,,,,
영등포구,11560,여의도동,30-2,11560-15,삼부,92.13,4,1975,30000,36,2017-10-20,,,,,
영등포구,11560,여의도동,30-2,11560-15,삼부,92.13,9,1975,40000,0,2017-10-18,,,,,
영등포구,11560,여의도동,32,11560-18,수정,150.65,1,1976,53000,0,2017-10-12,,,,,
영등포구,11560,여의도동,32,11560-18,수정,150.65,13,1976,62000,0,2017-10-25,,,,,
영등포구,11560,여의도동,36,11560-168,롯데캐슬엠파이어,120.41,5,2005,78000,0,2017-10-17,,,,,
영등포구,11560,여의도동,36,11560-168,롯데캐슬엠파이어,147.8,18,2005,60000,100,2017-10-19,,,,,
영등포구,11560,여의도동,36,11560-168,롯데캐슬엠파이어,213.84,35,2005,120000,0,2017-10-27,,,,,
영등포구,11560,여의도동,37,11560-13,미성,101.29,10,1978,58000,0,2017-10-31,,,,,
영등포구,11560,여의도동,37,11560-13,미성,101.29,5,1978,3000,160,2017-10-28,,,,,
영등포구,11560,여의도동,37,11560-13,미성,92.56,13,1978,4000,150,2017-10-12,,,,,
영등포구,11560,여의도동,37,11560-13,미성,92.56,4,1978,3000,150,2017-10-25,,,,,
영등포구,11560,여의도동,37,11560-13,미성,92.56,4,1978,46000,0,2017-10-23,,,,,
영등포구,11560,여의도동,37,11560-13,미성,92.56,8,1978,49000,0,2017-10-23,,,,,
영등포구,11560,여의도동,40-4,11560-27,화랑,104.5,2,1977,5000,100,2017-10-21,,,,,
영등포구,11560,여의도동,42,11560-26,한양,105.72,12,1975,33000,50,2017-10-27,,,,,
영등포구,11560,여의도동,42,11560-26,한양,105.72,6,1975,200,80,2017-10-10,,,,,
영등포구,11560,여의도동,42,11560-26,한양,193.03,3,1975,50000,100,2017-10-24,,,,,
영등포구,11560,여의도동,43-4,11560-1247,롯데캐슬아이비,113.59,4,2005,40000,110,2017-10-21,,,,,
영등포구,11560,여의도동,43-4,11560-1247,롯데캐슬아이비,137.09,16,2005,5000,280,2017-10-02,,,,,
영등포구,11560,여의도동,43-4,11560-1247,롯데캐슬아이비,137.09,6,2005,10000,290,2017-10-31,,,,,
영등포구,11560,여의도동,43-4,11560-1247,롯데캐슬아이비,150.8,13,2005,90000,0,2017-10-20,,,,,
영등포구,11560,여의도동,43-4,11560-1247,롯데캐슬아이비,150.8,22,2005,20000,250,2017-10-25,,,,,
영등포구,11560,여의도동,47,11560-1369,여의도자이,148.94,23,2008,50000,250,2017-10-23,,,,,
영등포구,11560,여의도동,47,11560-1369,여의도자이,148.94,31,2008,30000,300,2017-10-23,,,,,
영등포구,11560,여의도동,50,11560-20,시범,118.12,1,1971,10000,100,2017-10-23,,,,,
영등포구,11560,여의도동,50,11560-20,시범,118.12,5,1971,40000,0,2017-10-24,,,,,
영등포구,11560,여의도동,50,11560-20,시범,156.99,1,1971,55000,0,2017-10-26,,,,,
영등포구,11560,여의도동,50,11560-20,시범,156.99,11,1971,55000,0,2017-10-14,,,,,
영등포구,11560,여의도동,50,11560-20,시범,156.99,9,1971,60000,0,2017-10-30,,,,,
영등포구,11560,여의도동,50,11560-20,시범,60.96,11,1971,23000,0,2017-10-31,,,,,
영등포구,11560,여의도동,50,11560-20,시범,60.96,12,1971,23000,0,2017-10-19,17.11~19.11,신규,,,
영등포구,11560,여의도동,50,11560-20,시범,60.96,13,1971,20000,0,2017-10-23,,,,,
영등포구,11560,여의도동,50,11560-20,시범,79.24,11,1971,1000,110,2017-10-31,,,,,
영등포구,11560,여의도동,50,11560-20,시범,79.24,12,1971,1000,100,2017-10-10,,,,,
영등포구,11560,여의도동,50,11560-20,시범,79.24,2,1971,30000,0,2017-10-10,,,,,
영등포구,11560,여의도동,50,11560-20,시범,79.24,2,1971,31000,0,2017-10-14,,,,,
영등포구,11560,여의도동,50,11560-20,시범,79.24,7,1971,2000,100,2017-10-27,,,,,
영등포구,11560,여의도동,50,11560-20,시범,79.24,9,1971,2000,100,2017-10-21,,,,,
영등포구,11560,여의도동,51,11560-16,삼익,122.78,1,1974,57000,0,2017-10-31,,,,,
영등포구,11560,여의도동,52,11560-21,은하,121.52,1,1974,20000,105,2017-10-30,,,,,
영등포구,11560,여의도동,52,11560-21,은하,121.52,10,1974,60000,0,2017-10-28,,,,,
영등포구,11560,여의도동,52,11560-21,은하,121.52,11,1974,43000,0,2017-10-10,,,,,
영등포구,11560,여의도동,54,11560-23,진주,48.26,10,1977,25500,0,2017-10-16,,,,,
영등포구,11560,여의도동,54,11560-23,진주,48.26,6,1977,33000,0,2017-10-30,,,,,
영등포구,11560,여의도동,54,11560-23,진주,63.83,11,1977,36000,0,2017-10-14,,,,,
영등포구,11560,여의도동,54,11560-23,진주,63.83,2,1977,33000,0,2017-10-26,,,,,
영등포구,11560,여의도동,54,11560-23,진주,63.83,5,1977,37000,0,2017-10-14,,,,,
영등포구,11560,여의도동,54,11560-23,진주,94.31,9,1977,54000,0,2017-10-22,,,,,
영등포구,11560,여의도동,61-4,11560-24,라이프콤비,131.6,14,1994,33000,0,2017-10-31,,,,,
영등포구,11560,여의도동,61-4,11560-24,라이프콤비,131.6,19,1994,50000,0,2017-10-31,,,,,
영등포구,11560,영등포동,618-83,11560-1,영일,38.02,5,1969,10000,0,2017-10-31,,,,,
영등포구,11560,영등포동,618-83,11560-1,영일,38.02,5,1969,8400,0,2017-10-23,,,,,
영등포구,11560,영등포동,647,11560-2,영등포푸르지오,59.912,1,2002,20000,0,2017-10-15,,,,,
영등포구,11560,영등포동,647,11560-2,영등포푸르지오,59.912,1,2002,36000,0,2017-10-16,,,,,
영등포구,11560,영등포동,647,11560-2,영등포푸르지오,59.912,21,2002,38000,0,2017-10-21,,,,,
영등포구,11560,영등포동,647,11560-2,영등포푸르지오,59.912,6,2002,37000,0,2017-10-28,,,,,
영등포구,11560,영등포동,647,11560-2,영등포푸르지오,73.133,10,2002,28000,45,2017-10-28,,,,,
영등포구,11560,영등포동,647,11560-2,영등포푸르지오,73.133,13,2002,40000,0,2017-10-18,,,,,
영등포구,11560,영등포동,647,11560-2,영등포푸르지오,73.133,18,2002,30000,35,2017-10-02,,,,,
영등포구,11560,영등포동,647,11560-2,영등포푸르지오,73.133,20,2002,42000,0,2017-10-14,,,,,
영등포구,11560,영등포동,647,11560-2,영등포푸르지오,73.133,21,2002,43000,0,2017-10-20,,,,,
영등포구,11560,영등포동,647,11560-2,영등포푸르지오,73.133,8,2002,39000,0,2017-10-27,,,,,
영등포구,11560,영등포동,647,11560-2,영등포푸르지오,73.133,9,2002,39000,0,2017-10-19,,,,,
영등포구,11560,영등포동,647,11560-2,영등포푸르지오,79.777,14,2002,40000,0,2017-10-31,,,,,
영등포구,11560,영등포동,647,11560-2,영등포푸르지오,79.777,17,2002,42000,0,2017-10-10,,,,,
영등포구,11560,영등포동,647,11560-2,영등포푸르지오,79.777,2,2002,5000,120,2017-10-18,,,,,
영등포구,11560,영등포동,647,11560-2,영등포푸르지오,79.777,23,2002,44000,0,2017-10-23,,,,,
영등포구,11560,영등포동,647,11560-2,영등포푸르지오,79.777,4,2002,43000,0,2017-10-20,,,,,
영등포구,11560,영등포동,647,11560-2,영등포푸르지오,84.84,6,2002,42500,0,2017-10-14,,,,,
영등포구,11560,영등포동,647,11560-2,영등포푸르지오,84.908,10,2002,42000,0,2017-10-14,17.10~19.10,신규,,,
영등포구,11560,영등포동,647,11560-2,영등포푸르지오,84.908,11,2002,30000,57,2017-10-02,,,,,
영등포구,11560,영등포동,647,11560-2,영등포푸르지오,84.908,6,2002,44000,0,2017-10-16,,,,,
영등포구,11560,영등포동,647,11560-2,영등포푸르지오,84.908,7,2002,41000,0,2017-10-28,,,,,
영등포구,11560,영등포동,647,11560-2,영등포푸르지오,84.908,9,2002,41000,0,2017-10-28,,,,,
영등포구,11560,영등포동1가,113-1,11560-1637,여의도씨티아이,12.59,15,2013,11500,0,2017-10-13,,,,,
영등포구,11560,영등포동1가,144,11560-1518,헤렌어반,13.331,6,2011,1000,50,2017-10-09,17.10~18.10,신규,,,
영등포구,11560,영등포동1가,144,11560-1518,헤렌어반,13.486,8,2011,1000,43,2017-10-20,,,,,
영등포구,11560,영등포동1가,145,11560-1549,내이처해밀,15.076,10,2012,500,50,2017-10-09,,,,,
영등포구,11560,영등포동1가,40-1,11560-1297,창방누리애,84.94,3,2006,33000,0,2017-10-06,,,,,
영등포구,11560,영등포동1가,44,11560-1586,프라다,12.38,5,2013,4000,20,2017-10-16,,,,,
영등포구,11560,영등포동1가,79-3,11560-1956,여의도명남더블레스,13.65,9,2017,13000,0,2017-10-13,,,,,
영등포구,11560,영등포동2가,28-117,11560-1581,이지리움S,12.4,7,2013,4000,30,2017-10-09,,,,,
영등포구,11560,영등포동2가,28-117,11560-1581,이지리움S,13.35,4,2013,10000,0,2017-10-25,,,,,
영등포구,11560,영등포동2가,94-129,11560-1957,경동미르웰여의도,14.03,10,2017,13500,0,2017-10-25,,,,,
영등포구,11560,영등포동2가,94-129,11560-1957,경동미르웰여의도,14.03,11,2017,14000,0,2017-10-20,,,,,
영등포구,11560,영등포동2가,94-129,11560-1957,경동미르웰여의도,14.03,6,2017,5000,40,2017-10-18,,,,,
영등포구,11560,영등포동2가,94-129,11560-1957,경동미르웰여의도,14.03,7,2017,13500,0,2017-10-11,,,,,
영등포구,11560,영등포동2가,94-129,11560-1957,경동미르웰여의도,14.03,8,2017,3000,50,2017-10-18,,,,,
영등포구,11560,영등포동2가,94-129,11560-1957,경동미르웰여의도,14.03,9,2017,5000,43,2017-10-27,,,,,
영등포구,11560,영등포동2가,94-212,11560-1892,명화오피스텔,31.36,8,2017,20000,0,2017-10-10,,,,,
영등포구,11560,영등포동3가,19-2,11560-1680,포레스트힐시티,13.53,4,2014,2000,40,2017-10-24,,,,,
영등포구,11560,영등포동3가,19-2,11560-1680,포레스트힐시티,13.53,6,2014,5000,30,2017-10-21,,,,,
영등포구,11560,영등포동4가,103,11560-1562,영등포그랑그루,12.1,8,2012,500,65,2017-10-16,,,,,
영등포구,11560,영등포동5가,24,11560-4,동남,72.73,6,1971,11000,0,2017-10-12,,,,,
영등포구,11560,영등포동5가,24,11560-4,동남,83.64,8,1971,8000,10,2017-10-07,,,,,
영등포구,11560,영등포동7가,202,11560-151,브라운스톤영등포,84.9,9,2004,45000,0,2017-10-15,,,,,
영등포구,11560,영등포동7가,203,11560-1955,아크로타워스퀘어,115.58,29,2017,80000,0,2017-10-18,17.12~19.12,신규,,,
영등포구,11560,영등포동7가,203,11560-1955,아크로타워스퀘어,115.58,30,2017,30000,175,2017-10-28,17.12~19.12,신규,,,
영등포구,11560,영등포동7가,203,11560-1955,아크로타워스퀘어,115.58,31,2017,40000,145,2017-10-29,,,,,
영등포구,11560,영등포동7가,203,11560-1955,아크로타워스퀘어,115.58,8,2017,74500,0,2017-10-24,17.11~19.11,신규,,,
영등포구,11560,영등포동7가,203,11560-1955,아크로타워스퀘어,26.78,18,2017,1704,10,2017-10-13,,,,,
영등포구,11560,영등포동7가,203,11560-1955,아크로타워스퀘어,26.78,18,2017,2753,10,2017-10-31,17.10~19.10,신규,,,
영등포구,11560,영등포동7가,203,11560-1955,아크로타워스퀘어,59.7,18,2017,10000,110,2017-10-20,17.11~18.11,신규,,,
영등포구,11560,영등포동7가,203,11560-1955,아크로타워스퀘어,59.7,21,2017,50000,0,2017-10-14,17.12~20.02,신규,,,
영등포구,11560,영등포동7가,203,11560-1955,아크로타워스퀘어,59.7,28,2017,10000,110,2017-10-17,,,,,
영등포구,11560,영등포동7가,203,11560-1955,아크로타워스퀘어,59.7,30,2017,46000,0,2017-10-26,,,,,
영등포구,11560,영등포동7가,203,11560-1955,아크로타워스퀘어,59.7,6,2017,47000,0,2017-10-15,17.11~19.11,신규,,,
영등포구,11560,영등포동7가,203,11560-1955,아크로타워스퀘어,59.7,7,2017,48000,0,2017-10-17,17.10~19.10,신규,,,
영등포구,11560,영등포동7가,203,11560-1955,아크로타워스퀘어,59.91,10,2017,46000,0,2017-10-28,17.11~19.11,신규,,,
영등포구,11560,영등포동7가,203,11560-1955,아크로타워스퀘어,59.91,3,2017,46000,0,2017-10-11,17.12~19.12,신규,,,
영등포구,11560,영등포동7가,203,11560-1955,아크로타워스퀘어,71.98,12,2017,25000,80,2017-10-13,17.11~19.11,신규,,,
영등포구,11560,영등포동7가,203,11560-1955,아크로타워스퀘어,84.65,15,2017,53000,0,2017-10-15,17.12~19.12,신규,,,
영등포구,11560,영등포동7가,203,11560-1955,아크로타워스퀘어,84.65,20,2017,56000,0,2017-10-14,17.12~19.12,신규,,,
영등포구,11560,영등포동7가,203,11560-1955,아크로타워스퀘어,84.65,25,2017,54000,0,2017-10-16,17.11~19.11,신규,,,
영등포구,11560,영등포동7가,203,11560-1955,아크로타워스퀘어,84.65,28,2017,55000,0,2017-10-28,17.10~19.10,신규,,,
영등포구,11560,영등포동7가,203,11560-1955,아크로타워스퀘어,84.65,30,2017,54000,0,2017-10-22,,,,,
영등포구,11560,영등포동7가,203,11560-1955,아크로타워스퀘어,84.65,32,2017,64500,0,2017-10-11,17.10~19.10,신규,,,
영등포구,11560,영등포동7가,203,11560-1955,아크로타워스퀘어,84.65,8,2017,54000,0,2017-10-13,17.12~19.12,신규,,,
영등포구,11560,영등포동7가,203,11560-1955,아크로타워스퀘어,84.69,11,2017,57000,0,2017-10-30,17.12~19.12,신규,,,
영등포구,11560,영등포동7가,203,11560-1955,아크로타워스퀘어,84.69,29,2017,62000,0,2017-10-12,18.01~20.01,신규,,,
영등포구,11560,영등포동7가,203,11560-1955,아크로타워스퀘어,84.69,31,2017,58000,0,2017-10-11,17.11~19.11,신규,,,
영등포구,11560,영등포동7가,203,11560-1955,아크로타워스퀘어,84.71,17,2017,59000,0,2017-10-22,17.12~19.12,신규,,,
영등포구,11560,영등포동7가,203,11560-1955,아크로타워스퀘어,84.71,3,2017,53000,0,2017-10-23,17.11~19.11,신규,,,
영등포구,11560,영등포동7가,203,11560-1955,아크로타워스퀘어,84.75,13,2017,20000,110,2017-10-23,17.12~19.12,신규,,,
영등포구,11560,영등포동7가,203,11560-1955,아크로타워스퀘어,84.75,16,2017,63000,0,2017-10-14,17.12~19.12,신규,,,
영등포구,11560,영등포동7가,203,11560-1955,아크로타워스퀘어,84.75,5,2017,54000,0,2017-10-14,,,,,
영등포구,11560,영등포동7가,203,11560-1955,아크로타워스퀘어,84.75,7,2017,56000,0,2017-10-29,,,,,
영등포구,11560,영등포동7가,29-130,11560-1449,근상프리즘,82.79,7,2010,38000,0,2017-10-24,,,,,
영등포구,11560,영등포동7가,46-1,11560-6,경남아너스빌,59.9,10,1998,35000,0,2017-10-24,,,,,
영등포구,11560,영등포동7가,46-1,11560-6,경남아너스빌,59.9,13,1998,35000,0,2017-10-30,,,,,
영등포구,11560,영등포동7가,46-1,11560-6,경남아너스빌,59.9,2,1998,8000,60,2017-10-14,,,,,
영등포구,11560,영등포동7가,46-1,11560-6,경남아너스빌,84.93,6,1998,41000,0,2017-10-10,,,,,
영등포구,11560,영등포동7가,94-51,11560-1530,훼미리하우스117,16.98,9,2012,4000,40,2017-10-10,,,,,
영등포구,11560,영등포동8가,51-1,11560-1577,영등포메이준2011,12.23,14,2012,500,48,2017-10-21,,,,,
영등포구,11560,영등포동8가,76-1,11560-7,삼환,59.91,17,1999,36000,0,2017-10-16,,,,,
영등포구,11560,영등포동8가,76-1,11560-7,삼환,84.87,5,1999,7000,130,2017-10-12,,,,,
영등포구,11560,영등포동8가,91,11560-153,당산푸르지오,114.51,15,2004,30000,75,2017-10-21,,,,,
영등포구,11560,영등포동8가,91,11560-153,당산푸르지오,114.51,19,2004,43000,40,2017-10-24,,,,,
영등포구,11560,영등포동8가,91,11560-153,당산푸르지오,114.51,3,2004,42000,45,2017-10-11,,,,,
영등포구,11560,영등포동8가,91,11560-153,당산푸르지오,114.51,6,2004,60000,0,2017-10-30,,,,,
영등포구,11560,영등포동8가,91,11560-153,당산푸르지오,84.98,17,2004,52000,0,2017-10-28,,,,,
영등포구,11560,영등포동8가,91,11560-153,당산푸르지오,84.98,20,2004,52000,0,2017-10-14,,,,,
용산구,11170,도원동,23,11170-27,삼성래미안,114.99,9,2001,10000,150,2017-10-11,,,,,
용산구,11170,도원동,23,11170-27,삼성래미안,59.94,15,2001,3000,120,2017-10-24,,,,,
용산구,11170,도원동,23,11170-27,삼성래미안,59.94,8,2001,30000,30,2017-10-14,17.10~18.10,갱신,,30000,30
용산구,11170,도원동,23,11170-27,삼성래미안,84.69,1,2001,27000,40,2017-10-19,17.10~19.10,갱신,,37000,
용산구,11170,도원동,23,11170-27,삼성래미안,84.69,1,2001,40000,0,2017-10-13,,,,,
용산구,11170,도원동,23,11170-27,삼성래미안,84.69,13,2001,46000,0,2017-10-30,,,,,
용산구,11170,도원동,23,11170-27,삼성래미안,84.69,14,2001,47000,0,2017-10-23,,,,,
용산구,11170,도원동,23,11170-27,삼성래미안,84.92,5,2001,45000,0,2017-10-15,,,,,
용산구,11170,동자동,19-8,11170-8,동자,51.47,3,1969,1000,50,2017-10-20,,,,,
용산구,11170,동자동,45,11170-2917,센트레빌아스테리움서울,128.06,20,2013,70000,0,2017-10-20,,,,,
용산구,11170,동자동,45,11170-2917,센트레빌아스테리움서울,131.05,28,2013,75000,0,2017-10-28,,,,,
용산구,11170,동자동,45,11170-2917,센트레빌아스테리움서울,145.2,11,2013,40000,110,2017-10-30,17.11~19.04,신규,,,
용산구,11170,동자동,45,11170-2917,센트레빌아스테리움서울,145.2,25,2013,100000,0,2017-10-30,,,,,
용산구,11170,동자동,45,11170-2917,센트레빌아스테리움서울,149.05,21,2013,92000,0,2017-10-13,,,,,
용산구,11170,문배동,17-1,11170-191,지오베르크,84.99,5,2004,1000,150,2017-10-26,,,,,
용산구,11170,문배동,24-21,11170-2426,아크로타워,84.97,26,2007,52500,0,2017-10-28,,,,,
용산구,11170,문배동,24-4,11170-2913,용산큐브,13.01,17,2013,17000,0,2017-10-17,,,,,
용산구,11170,문배동,24-4,11170-2913,용산큐브,13.01,18,2013,16800,0,2017-10-18,,,,,
용산구,11170,문배동,24-4,11170-2913,용산큐브,13.01,20,2013,3000,55,2017-10-09,,,,,
용산구,11170,문배동,24-6,11170-2497,CJ나인파크,123.47,23,2007,55000,0,2017-10-24,,,,,
용산구,11170,문배동,24-6,11170-2497,CJ나인파크,84.98,13,2007,30000,70,2017-10-14,17.10~19.10,신규,,,
용산구,11170,문배동,24-6,11170-2497,CJ나인파크,84.98,16,2007,21000,110,2017-10-25,,,,,
용산구,11170,문배동,24-6,11170-2497,CJ나인파크,84.98,27,2007,50000,0,2017-10-25,,,,,
용산구,11170,문배동,24-6,11170-2497,CJ나인파크,84.98,5,2007,50000,0,2017-10-18,17.12~19.12,신규,,,
용산구,11170,문배동,24-6,11170-2497,CJ나인파크,97.24,25,2007,56000,0,2017-10-28,,,,,
용산구,11170,문배동,24-6,11170-2497,CJ나인파크,97.24,25,2007,60000,0,2017-10-30,,,,,
용산구,11170,문배동,24-6,11170-2497,CJ나인파크,97.24,8,2007,58000,0,2017-10-20,,,,,
용산구,11170,문배동,3-3,11170-2496,이안용산프리미어,109.03,19,2007,59000,0,2017-10-26,,,,,
용산구,11170,문배동,3-3,11170-2496,이안용산프리미어,109.74,20,2007,57000,0,2017-10-24,17.10~19.10,신규,,,
용산구,11170,문배동,3-3,11170-2496,이안용산프리미어,109.74,21,2007,30000,150,2017-10-25,,,,,
용산구,11170,문배동,40-19,11170-203,삼라마이다스빌2,84.84,14,2004,40000,0,2017-10-19,,,,,
용산구,11170,문배동,40-31,11170-2810,리첸시아용산B,141.78,24,2010,8000,300,2017-10-29,,,,,
용산구,11170,문배동,40-31,11170-2810,리첸시아용산B,84.98,12,2010,55000,0,2017-10-28,,,,,
용산구,11170,문배동,40-39,11170-2338,이안용산3차,84.77,4,2006,47000,0,2017-10-10,,,,,
용산구,11170,문배동,40-39,11170-2338,이안용산3차,84.77,6,2006,47000,0,2017-10-21,,,,,
용산구,11170,문배동,40-39,11170-2338,이안용산3차,84.83,2,2006,47000,0,2017-10-27,,,,,
용산구,11170,문배동,7-6,11170-2304,이안용산1차(102동),84.59,4,2005,45500,0,2017-10-12,,,,,
용산구,11170,보광동,151,11170-133,리버빌(삼성),59.7,1,2000,15000,50,2017-10-12,,,,,
용산구,11170,보광동,151,11170-133,리버빌(삼성),59.7,12,2000,2000,120,2017-10-26,,,,,
용산구,11170,보광동,151,11170-133,리버빌(삼성),59.7,6,2000,33000,0,2017-10-27,,,,,
용산구,11170,보광동,448,11170-134,신동아1,84.93,1,1992,38000,0,2017-10-02,,,,,
용산구,11170,보광동,448,11170-134,신동아1,84.93,11,1992,2000,140,2017-10-01,,,,,
용산구,11170,산천동,193,11170-138,리버힐삼성,59.55,4,2001,38000,0,2017-10-28,,,,,
용산구,11170,산천동,193,11170-138,리버힐삼성,59.98,5,2001,38000,0,2017-10-12,,,,,
용산구,11170,산천동,193,11170-138,리버힐삼성,84.98,13,2001,43000,0,2017-10-13,,,,,
용산구,11170,산천동,193,11170-138,리버힐삼성,84.98,2,2001,10000,100,2017-10-24,,,,,
용산구,11170,산천동,193,11170-138,리버힐삼성,84.98,5,2001,44500,0,2017-10-09,,,,,
용산구,11170,산천동,193,11170-138,리버힐삼성,84.98,6,2001,30000,50,2017-10-27,,,,,
용산구,11170,산천동,193,11170-138,리버힐삼성,84.98,7,2001,28000,50,2017-10-23,17.10~19.10,갱신,,28000,
용산구,11170,산천동,204,11170-139,한강타운,59.69,1,2001,28000,0,2017-10-16,,,,,
용산구,11170,산천동,204,11170-139,한강타운,59.69,2,2001,20000,25,2017-10-25,,,,,
용산구,11170,산천동,204,11170-139,한강타운,59.69,2,2001,3000,95,2017-10-24,,,,,
용산구,11170,산천동,204,11170-139,한강타운,59.69,6,2001,24000,0,2017-10-18,,,,,
용산구,11170,산천동,204,11170-139,한강타운,59.69,7,2001,28000,0,2017-10-18,,,,,
용산구,11170,서빙고동,241-21,11170-131,신동아,140.81,13,1984,75000,0,2017-10-11,,,,,
용산구,11170,서빙고동,241-21,11170-131,신동아,140.81,2,1984,68000,0,2017-10-16,,,,,
용산구,11170,서빙고동,241-21,11170-131,신동아,140.81,7,1984,80000,0,2017-10-28,,,,,
용산구,11170,서빙고동,241-21,11170-131,신동아,166.98,4,1984,79000,0,2017-10-23,,,,,
용산구,11170,서빙고동,241-21,11170-131,신동아,167.08,1,1984,78000,0,2017-10-26,,,,,
용산구,11170,서빙고동,241-21,11170-131,신동아,95.66,11,1984,50000,0,2017-10-19,17.10~19.10,갱신,,45000,
용산구,11170,서빙고동,241-21,11170-131,신동아,95.66,13,1984,3000,160,2017-10-12,,,,,
용산구,11170,서빙고동,241-21,11170-131,신동아,95.66,13,1984,50000,0,2017-10-21,,,,,
용산구,11170,서빙고동,241-21,11170-131,신동아,95.66,13,1984,55000,0,2017-10-14,,,,,
용산구,11170,서빙고동,241-21,11170-131,신동아,95.66,6,1984,23000,100,2017-10-26,,,,,
용산구,11170,서빙고동,241-21,11170-131,신동아,95.66,7,1984,55000,0,2017-10-31,,,,,
용산구,11170,서빙고동,241-47,11170-2822,한강르네상스,60.42,8,2010,30000,0,2017-10-06,,,,,
용산구,11170,서빙고동,293,11170-130,그린파크(코오롱하늘채),59.98,2,2000,33000,15,2017-10-24,,,,,
용산구,11170,서빙고동,293,11170-130,그린파크(코오롱하늘채),84.99,18,2000,46000,0,2017-10-31,,,,,
용산구,11170,서빙고동,296,11170-132,금호베스트빌1,84.94,10,2002,3000,170,2017-10-03,,,,,
용산구,11170,신계동,48,11170-2843,용산e편한세상,124.08,4,2011,85000,0,2017-10-13,,,,,
용산구,11170,신계동,48,11170-2843,용산e편한세상,124.08,7,2011,88000,0,2017-10-24,,,,,
용산구,11170,신계동,48,11170-2843,용산e편한세상,84.21,13,2011,50000,0,2017-10-16,,,,,
용산구,11170,신계동,48,11170-2843,용산e편한세상,84.21,15,2011,63000,0,2017-10-27,,,,,
용산구,11170,신계동,48,11170-2843,용산e편한세상,84.21,8,2011,68000,0,2017-10-12,,,,,
용산구,11170,신계동,48,11170-2843,용산e편한세상,84.89,10,2011,64000,0,2017-10-26,,,,,
용산구,11170,신계동,48,11170-2843,용산e편한세상,84.89,23,2011,70000,0,2017-10-14,,,,,
용산구,11170,신창동,102,11170-259,세방리버하이빌,84.77,1,2005,35000,0,2017-10-15,,,,,
용산구,11170,신창동,77-27,11170-168,대성,84.95,3,2002,31000,0,2017-10-11,,,,,
용산구,11170,용문동,90,11170-2841,브라운스톤,114.93,2,2011,56000,0,2017-10-18,,,,,
용산구,11170,용산동5가,24,11170-2766,용산파크타워(24-0),124.8,5,2009,50000,160,2017-10-28,,,,,
용산구,11170,용산동5가,24-1,11170-2767,용산파크타워(24-1),140.31,15,2009,70000,200,2017-10-16,,,,,
용산구,11170,용산동5가,24-1,11170-2767,용산파크타워(24-1),180.62,33,2009,100000,80,2017-10-21,,,,,
용산구,11170,원효로1가,41,11170-2960,용산더프라임,142.901,24,2014,80000,0,2017-10-21,,,,,
용산구,11170,원효로1가,41,11170-2960,용산더프라임,142.901,9,2014,80000,0,2017-10-30,,,,,
용산구,11170,원효로1가,41,11170-2960,용산더프라임,47.562,3,2014,43000,0,2017-10-14,,,,,
용산구,11170,원효로1가,41,11170-2960,용산더프라임,55.325,5,2014,30000,70,2017-10-11,,,,,
용산구,11170,원효로1가,41,11170-2960,용산더프라임,56.754,5,2014,52000,0,2017-10-19,,,,,
용산구,11170,원효로1가,41,11170-2960,용산더프라임,84.976,25,2014,64000,0,2017-10-14,,,,,
용산구,11170,원효로1가,41,11170-2960,용산더프라임,84.976,32,2014,65000,0,2017-10-12,,,,,
용산구,11170,원효로1가,41,11170-2960,용산더프라임,84.976,9,2014,60000,0,2017-10-06,,,,,
용산구,11170,원효로4가,118-16,11170-14,산호,103.67,6,1977,29000,0,2017-10-30,,,,,
용산구,11170,원효로4가,118-16,11170-14,산호,40.46,11,1977,14500,0,2017-10-20,,,,,
용산구,11170,원효로4가,118-16,11170-14,산호,40.46,12,1977,12800,0,2017-10-12,,,,,
용산구,11170,원효로4가,118-16,11170-14,산호,40.46,2,1977,15000,0,2017-10-14,,,,,
용산구,11170,원효로4가,118-16,11170-14,산호,78.02,1,1977,5000,62,2017-10-28,,,,,
용산구,11170,원효로4가,118-16,11170-14,산호,78.06,1,1977,20000,0,2017-10-25,,,,,
용산구,11170,원효로4가,118-16,11170-14,산호,78.06,2,1977,17000,40,2017-10-31,,,,,
용산구,11170,원효로4가,118-16,11170-14,산호,78.06,8,1977,13000,50,2017-10-14,,,,,
용산구,11170,원효로4가,118-16,11170-14,산호,86.12,12,1977,2000,120,2017-10-17,16.03~18.03,신규,,,
용산구,11170,원효로4가,178,11170-13,강변삼성스위트,72.84,10,1999,44000,0,2017-10-20,,,,,
용산구,11170,원효로4가,178,11170-13,강변삼성스위트,84.9,2,1999,45000,0,2017-10-20,,,,,
용산구,11170,이촌동,206-27,11170-51,이촌시범,49.59,6,1970,1000,40,2017-10-20,,,,,
용산구,11170,이촌동,206-27,11170-51,이촌시범,59.5,6,1970,14000,0,2017-10-25,,,,,
용산구,11170,이촌동,206-27,11170-51,이촌시범,69.42,4,1970,12000,0,2017-10-30,,,,,
용산구,11170,이촌동,211-2,11170-60,시범(중산1차),49.59,3,1970,12000,0,2017-10-11,,,,,
용산구,11170,이촌동,211-2,11170-60,시범(중산1차),59.5,3,1970,4000,0,2017-10-31,,,,,
용산구,11170,이촌동,300-11,11170-53,왕궁,102.48,2,1974,40000,0,2017-10-14,,,,,
용산구,11170,이촌동,300-11,11170-53,왕궁,102.48,3,1974,10000,105,2017-10-28,,,,,
용산구,11170,이촌동,300-11,11170-53,왕궁,102.48,4,1974,32000,50,2017-10-07,,,,,
용산구,11170,이촌동,300-11,11170-53,왕궁,102.48,5,1974,30000,0,2017-10-17,,,,,
용산구,11170,이촌동,300-11,11170-53,왕궁,102.48,5,1974,35000,0,2017-10-17,17.11~19.11,신규,,,
용산구,11170,이촌동,300-23,11170-68,한강맨숀,101.95,1,1971,44000,0,2017-10-25,,,,,
용산구,11170,이촌동,300-23,11170-68,한강맨숀,101.95,2,1971,50000,0,2017-10-26,,,,,
용산구,11170,이촌동,300-23,11170-68,한강맨숀,101.95,5,1971,3000,170,2017-10-10,,,,,
용산구,11170,이촌동,300-23,11170-68,한강맨숀,120.56,1,1971,50000,0,2017-10-21,,,,,
용산구,11170,이촌동,300-23,11170-68,한강맨숀,120.56,3,1971,50000,0,2017-10-31,,,,,
용산구,11170,이촌동,300-23,11170-68,한강맨숀,120.56,4,1971,50000,0,2017-10-04,,,,,
용산구,11170,이촌동,300-23,11170-68,한강맨숀,89.82,5,1971,40000,0,2017-10-10,,,,,
용산구,11170,이촌동,300-301,11170-49,삼익,104.86,11,1979,50000,0,2017-10-26,,,,,
용산구,11170,이촌동,300-301,11170-49,삼익,104.86,5,1979,49000,0,2017-10-18,,,,,
용산구,11170,이촌동,301-10,11170-43,로얄맨숀,147.74,3,1972,77000,0,2017-10-30,,,,,
용산구,11170,이촌동,301-10,11170-43,로얄맨숀,147.74,4,1972,9500,0,2017-10-20,,,,,
용산구,11170,이촌동,301-10,11170-43,로얄맨숀,186.12,6,1972,87000,0,2017-10-19,,,,,
용산구,11170,이촌동,301-155,11170-2683,두산위브트레지움,89.09,10,1976,55000,40,2017-10-24,,,,,
용산구,11170,이촌동,301-155,11170-2683,두산위브트레지움,89.09,7,1976,60000,0,2017-10-21,,,,,
용산구,11170,이촌동,301-160,11170-69,현대맨숀,126.11,9,1974,20000,60,2017-10-31,,,,,
용산구,11170,이촌동,301-160,11170-69,현대맨숀,146.38,1,1974,45000,0,2017-10-20,,,,,
용산구,11170,이촌동,302-54,11170-45,미주A,205.75,2,1975,55000,0,2017-10-17,,,,,
용산구,11170,이촌동,302-63,11170-2671,한강동부,83.77,3,2008,60000,0,2017-10-18,,,,,
용산구,11170,이촌동,395,11170-38,대림,114.96,1,1994,35000,0,2017-10-28,,,,,
용산구,11170,이촌동,395,11170-38,대림,114.96,1,1994,35500,0,2017-10-22,,,,,
용산구,11170,이촌동,395,11170-38,대림,114.96,20,1994,47000,0,2017-10-05,,,,,
용산구,11170,이촌동,395,11170-38,대림,114.96,6,1994,28000,0,2017-10-31,,,,,
용산구,11170,이촌동,395,11170-38,대림,59.22,1,1994,2000,100,2017-10-31,,,,,
용산구,11170,이촌동,395,11170-38,대림,59.22,10,1994,32000,0,2017-10-17,17.10~19.10,갱신,,30000,
용산구,11170,이촌동,395,11170-38,대림,59.22,14,1994,2000,100,2017-10-25,,,,,
용산구,11170,이촌동,395,11170-38,대림,59.22,19,1994,3000,100,2017-10-30,,,,,
용산구,11170,이촌동,395,11170-38,대림,59.22,3,1994,31000,0,2017-10-22,,,,,
용산구,11170,이촌동,395,11170-38,대림,59.22,5,1994,30000,0,2017-10-10,,,,,
용산구,11170,이촌동,395,11170-38,대림,59.22,6,1994,21000,30,2017-10-24,,,,,
용산구,11170,이촌동,395,11170-38,대림,59.22,7,1994,31500,0,2017-10-24,,,,,
용산구,11170,이촌동,395,11170-38,대림,59.22,8,1994,18500,45,2017-10-21,,,,,
용산구,11170,이촌동,395,11170-38,대림,84.78,13,1994,41000,0,2017-10-24,,,,,
용산구,11170,이촌동,395,11170-38,대림,84.78,15,1994,3000,150,2017-10-30,,,,,
용산구,11170,이촌동,399-1,11170-54,우성,58.2,8,1995,30000,50,2017-10-31,,,,,
용산구,11170,이촌동,399-1,11170-54,우성,84.86,6,1995,20000,150,2017-10-13,,,,,
용산구,11170,이촌동,400,11170-70,현대한강,59.55,7,1997,37500,0,2017-10-10,,,,,
용산구,11170,이촌동,400,11170-70,현대한강,84.88,16,1997,47000,0,2017-10-15,,,,,
용산구,11170,이촌동,400,11170-70,현대한강,84.88,6,1997,29000,50,2017-10-20,17.11~19.11,신규,,,
용산구,11170,이촌동,402,11170-35,강촌,114.595,10,1998,5000,260,2017-10-24,,,,,
용산구,11170,이촌동,402,11170-35,강촌,59.12,2,1998,46000,0,2017-10-18,17.10~18.10,갱신,,44000,
용산구,11170,이촌동,402,11170-35,강촌,59.12,22,1998,47000,0,2017-10-31,,,,,
용산구,11170,이촌동,402,11170-35,강촌,84.77,19,1998,20000,170,2017-10-25,17.12~19.12,신규,,,
용산구,11170,이촌동,402,11170-35,강촌,84.77,8,1998,72000,0,2017-10-16,,,,,
용산구,11170,이촌동,402,11170-35,강촌,84.85,18,1998,25000,150,2017-10-20,,,,,
용산구,11170,이촌동,404,11170-66,한가람,114.96,4,1998,82000,0,2017-10-14,,,,,
용산구,11170,이촌동,404,11170-66,한가람,114.96,5,1998,80000,0,2017-10-13,,,,,
용산구,11170,이촌동,404,11170-66,한가람,114.96,6,1998,70000,45,2017-10-10,,,,,
용산구,11170,이촌동,404,11170-66,한가람,59.88,10,1998,20000,90,2017-10-01,,,,,
용산구,11170,이촌동,404,11170-66,한가람,59.88,11,1998,48000,0,2017-10-12,,,,,
용산구,11170,이촌동,404,11170-66,한가람,59.88,12,1998,35000,55,2017-10-28,,,,,
용산구,11170,이촌동,404,11170-66,한가람,59.88,12,1998,48000,0,2017-10-15,,,,,
용산구,11170,이촌동,404,11170-66,한가람,59.88,12,1998,49000,0,2017-10-12,,,,,
용산구,11170,이촌동,404,11170-66,한가람,59.88,13,1998,51000,0,2017-10-14,,,,,
용산구,11170,이촌동,404,11170-66,한가람,59.88,18,1998,30000,600,2017-10-14,,,,,
용산구,11170,이촌동,404,11170-66,한가람,59.88,19,1998,20000,100,2017-10-21,,,,,
용산구,11170,이촌동,404,11170-66,한가람,59.88,3,1998,2000,150,2017-10-21,,,,,
용산구,11170,이촌동,404,11170-66,한가람,59.88,3,1998,40000,0,2017-10-18,,,,,
용산구,11170,이촌동,404,11170-66,한가람,59.88,3,1998,45000,0,2017-10-31,,,,,
용산구,11170,이촌동,404,11170-66,한가람,59.88,5,1998,51000,0,2017-10-17,,,,,
용산구,11170,이촌동,404,11170-66,한가람,59.88,6,1998,35000,50,2017-10-28,,,,,
용산구,11170,이촌동,404,11170-66,한가람,59.88,6,1998,40000,30,2017-10-27,,,,,
용산구,11170,이촌동,404,11170-66,한가람,59.88,7,1998,36000,0,2017-10-24,,,,,
용산구,11170,이촌동,404,11170-66,한가람,59.88,8,1998,10000,130,2017-10-19,,,,,
용산구,11170,이촌동,404,11170-66,한가람,84.89,11,1998,75000,0,2017-10-16,,,,,
용산구,11170,이촌동,404,11170-66,한가람,84.89,14,1998,3000,230,2017-10-21,,,,,
용산구,11170,이촌동,404,11170-66,한가람,84.96,10,1998,65000,0,2017-10-03,,,,,
용산구,11170,이촌동,404,11170-66,한가람,84.96,2,1998,40000,60,2017-10-13,,,,,
용산구,11170,이촌동,404,11170-66,한가람,84.96,21,1998,74000,0,2017-10-09,,,,,
용산구,11170,이촌동,411,11170-41,동아그린,43.02,10,1999,25000,0,2017-10-26,,,,,
용산구,11170,이촌동,411,11170-41,동아그린,43.02,8,1999,27000,0,2017-10-18,,,,,
용산구,11170,이촌동,411,11170-41,동아그린,59.58,15,1999,4000,120,2017-10-17,,,,,
용산구,11170,이촌동,411,11170-41,동아그린,59.58,5,1999,33000,0,2017-10-13,,,,,
용산구,11170,이촌동,412,11170-55,이촌코오롱(A),114.69,20,1999,3000,300,2017-10-13,,,,,
용산구,11170,이촌동,412,11170-55,이촌코오롱(A),59.82,16,1999,5000,120,2017-10-21,,,,,
용산구,11170,이촌동,412,11170-55,이촌코오롱(A),59.82,19,1999,29500,50,2017-10-20,,,,,
용산구,11170,이촌동,412,11170-55,이촌코오롱(A),59.82,22,1999,43000,0,2017-10-27,,,,,
용산구,11170,이촌동,415,11170-67,한강(대우),134.13,11,2000,67000,87,2017-10-27,,,,,
용산구,11170,이촌동,415,11170-67,한강(대우),135.5,5,2000,10000,280,2017-10-11,,,,,
용산구,11170,이촌동,415,11170-67,한강(대우),60,19,2000,51000,0,2017-10-28,,,,,
용산구,11170,이촌동,415,11170-67,한강(대우),84.98,14,2000,70000,0,2017-10-10,,,,,
용산구,11170,이촌동,415,11170-67,한강(대우),84.98,9,2000,20000,175,2017-10-16,,,,,
용산구,11170,이촌동,418,11170-40,동부센트레빌,100.8,3,2001,66000,0,2017-10-16,,,,,
용산구,11170,이촌동,422,11170-47,북한강(성원),59.55,11,2001,32000,0,2017-10-21,,,,,
용산구,11170,이촌동,422,11170-47,북한강(성원),59.55,12,2001,35000,0,2017-10-10,,,,,
용산구,11170,이촌동,422,11170-47,북한강(성원),59.55,14,2001,35500,0,2017-10-18,,,,,
용산구,11170,이촌동,430,11170-156,LG한강자이,134.82,4,2003,60000,220,2017-10-31,,,,,
용산구,11170,이촌동,430,11170-156,LG한강자이,171.74,18,2003,130000,0,2017-10-25,,,,,
용산구,11170,이촌동,430,11170-156,LG한강자이,171.74,20,2003,70000,240,2017-10-31,,,,,
용산구,11170,이촌동,436,11170-3048,래미안첼리투스,124.02,15,2015,20000,400,2017-10-26,,,,,
용산구,11170,이촌동,436,11170-3048,래미안첼리투스,124.02,2,2015,105000,100,2017-10-15,,,,,
용산구,11170,이촌동,436,11170-3048,래미안첼리투스,124.02,21,2015,10000,480,2017-10-12,,,,,
용산구,11170,이촌동,436,11170-3048,래미안첼리투스,124.02,27,2015,140000,0,2017-10-18,,,,,
용산구,11170,이촌동,436,11170-3048,래미안첼리투스,124.02,40,2015,160000,21,2017-10-13,,,,,
용산구,11170,이촌동,436,11170-3048,래미안첼리투스,124.02,44,2015,100000,180,2017-10-27,,,,,
용산구,11170,이촌동,436,11170-3048,래미안첼리투스,124.02,51,2015,5000,590,2017-10-28,,,,,
용산구,11170,이촌동,436,11170-3048,래미안첼리투스,124.02,7,2015,130000,0,2017-10-17,,,,,
용산구,11170,이촌동,436,11170-3048,래미안첼리투스,124.02,9,2015,140000,0,2017-10-18,,,,,
용산구,11170,이촌동,436,11170-3048,래미안첼리투스,124.35,14,2015,150000,0,2017-10-26,,,,,
용산구,11170,이촌동,436,11170-3048,래미안첼리투스,124.35,22,2015,155000,0,2017-10-30,,,,,
용산구,11170,이촌동,436,11170-3048,래미안첼리투스,124.35,23,2015,150000,0,2017-10-13,17.10~19.10,갱신,,120000,
용산구,11170,이태원동,22-2,11170-77,청화1,105.72,4,1982,5000,0,2017-10-12,,,,,
용산구,11170,이태원동,22-2,11170-77,청화1,174.38,10,1982,62000,0,2017-10-21,,,,,
용산구,11170,이태원동,728,11170-76,주공1,84.66,3,1993,42000,0,2017-10-18,17.10~19.10,갱신,,40000,
용산구,11170,이태원동,729,11170-72,남산대림,59.92,2,1994,2000,140,2017-10-11,,,,,
용산구,11170,이태원동,730,11170-178,이태원(이테크빌),58.7,4,2002,30000,0,2017-10-20,,,,,
용산구,11170,청암동,181,11170-164,GS자이,157.43,5,2005,80000,0,2017-10-13,,,,,
용산구,11170,청암동,181,11170-164,GS자이,157.43,7,2005,85000,0,2017-10-20,,,,,
용산구,11170,청파동3가,132-50,11170-151,한울글로리A,65.3,2,2003,15000,30,2017-10-10,,,,,
용산구,11170,한강로1가,231-24,11170-29,삼각아파트,56.19,3,1970,12000,0,2017-10-13,,,,,
용산구,11170,한강로1가,231-24,11170-29,삼각아파트,79.34,1,1970,7000,30,2017-10-24,,,,,
용산구,11170,한강로1가,64,11170-2539,대우월드마크용산,133.085,10,2007,60000,100,2017-10-23,,,,,
용산구,11170,한강로1가,64,11170-2539,대우월드마크용산,96.645,13,2007,30000,100,2017-10-21,,,,,
용산구,11170,한강로2가,2-11,11170-202,한강로대우아이빌,29.53,12,2004,15000,25,2017-10-21,,,,,
용산구,11170,한강로2가,2-8,11170-293,벽산메가트리움,116.28,11,2005,59000,0,2017-10-13,,,,,
용산구,11170,한강로2가,2-8,11170-293,벽산메가트리움,84.97,5,2005,30000,65,2017-10-28,,,,,
용산구,11170,한강로3가,65-230,11170-174,한강대우트럼프월드3,126.19,15,2004,85000,0,2017-10-19,17.11~19.11,신규,,,
용산구,11170,한강로3가,91,11170-2359,우림필유,84.99,7,2006,40000,0,2017-10-14,,,,,
용산구,11170,한남동,1-349,11170-93,시범,59.5,4,1970,15000,10,2017-10-17,,,,,
용산구,11170,한남동,1-44,11170-148,힐탑트레져1동,214.48,1,2003,160000,0,2017-10-23,,,,,
용산구,11170,한남동,522-1,11170-2765,한남동동원베네스트,81.83,12,2010,25000,120,2017-10-21,,,,,
용산구,11170,한남동,522-1,11170-2765,한남동동원베네스트,81.83,13,2010,55000,0,2017-10-23,,,,,
용산구,11170,한남동,522-1,11170-2765,한남동동원베네스트,81.83,4,2010,50000,0,2017-10-13,,,,,
용산구,11170,한남동,522-1,11170-2765,한남동동원베네스트,81.83,9,2010,53000,0,2017-10-17,,,,,
용산구,11170,한남동,644-2,11170-200,태성1,59.95,1,1975,20000,0,2017-10-21,,,,,
용산구,11170,한남동,684-82,11170-147,뉴캐슬하우스,69.03,6,2003,50000,0,2017-10-27,,,,,
용산구,11170,한남동,72-1,11170-184,한남동리첸시아,37.53,12,2004,33000,0,2017-10-23,,,,,
용산구,11170,한남동,72-1,11170-184,한남동리첸시아,37.53,9,2004,2000,130,2017-10-20,,,,,
용산구,11170,한남동,72-1,11170-184,한남동리첸시아,60.9,8,2004,49000,0,2017-10-13,,,,,
용산구,11170,한남동,802,11170-82,리버탑,59.57,2,2001,4000,120,2017-10-12,,,,,
용산구,11170,한남동,805,11170-120,현대하이페리온,197.22,13,2002,120000,0,2017-10-30,,,,,
용산구,11170,한남동,807,11170-145,한남힐스테이트,127.2,8,2003,75000,0,2017-10-27,,,,,
용산구,11170,한남동,807,11170-145,한남힐스테이트,130.445,10,2003,78000,0,2017-10-24,,,,,
용산구,11170,한남동,807,11170-145,한남힐스테이트,130.898,2,2003,75000,0,2017-10-17,,,,,
용산구,11170,한남동,807,11170-145,한남힐스테이트,84.785,2,2003,41000,52,2017-10-17,,,,,
용산구,11170,한남동,807,11170-145,한남힐스테이트,84.785,7,2003,40000,70,2017-10-18,,,,,
용산구,11170,한남동,807,11170-145,한남힐스테이트,84.86,2,2003,55000,0,2017-10-16,,,,,
용산구,11170,한남동,809,11170-2346,대성이태리하우스,84.89,1,2006,20000,160,2017-10-13,,,,,
용산구,11170,한남동,809,11170-2346,대성이태리하우스,84.89,1,2006,65000,0,2017-10-12,,,,,
용산구,11170,한남동,828,11170-3107,한남아이파크애비뉴,47.8105,10,2017,5000,185,2017-10-27,,,,,
용산구,11170,효창동,268,11170-2327,세양청마루,84.18,10,2006,49000,0,2017-10-27,,,,,
용산구,11170,효창동,274,11170-2821,효창파크푸르지오,59.41,7,2010,52000,0,2017-10-17,,,,,
용산구,11170,효창동,274,11170-2821,효창파크푸르지오,84.45,10,2010,63000,0,2017-10-26,,,,,
용산구,11170,효창동,5-145,11170-23,효창한신,60.4,6,1987,10000,40,2017-10-20,,,,,
용산구,11170,효창동,5-145,11170-23,효창한신,71.77,6,1987,25000,0,2017-10-14,,,,,
용산구,11170,효창동,5-47,11170-278,효창드림빌,162.24,6,2002,15000,0,2017-10-31,,,,,
용산구,11170,효창동,5-49,11170-279,효창팰리스2차,84.03,1,2002,28000,0,2017-10-14,,,,,
용산구,11170,효창동,5-495,11170-22,효창맨션,66.12,3,1969,3000,70,2017-10-21,,,,,
용산구,11170,효창동,5-495,11170-22,효창맨션,73.06,3,1969,22000,0,2017-10-27,,,,,
용산구,11170,후암동,244-99,11170-276,화인,125.79,3,2002,40000,25,2017-10-26,,,,,
용산구,11170,후암동,244-99,11170-276,화인,137.37,2,2002,55000,0,2017-10-28,,,,,
용산구,11170,후암동,423-1,11170-4,후암미주,62.28,7,1980,2000,80,2017-10-23,,,,,
용산구,11170,후암동,423-1,11170-4,후암미주,63.44,6,1980,8000,12,2017-10-19,,,,,
용산구,11170,후암동,426,11170-2,뉴후암,69.42,2,1973,500,20,2017-10-20,,,,,
은평구,11380,갈현동,465-12,11380-273,동광갈현베르빌,107.156,7,2004,38000,0,2017-10-11,,,,,
은평구,11380,갈현동,468-5,11380-10502,베로니스,52.1,4,2017,34000,0,2017-10-12,,,,,
은평구,11380,갈현동,468-5,11380-10502,베로니스,52.1,4,2017,34000,0,2017-10-27,,,,,
은평구,11380,갈현동,468-5,11380-10502,베로니스,52.1,7,2017,33000,0,2017-10-19,17.10~19.10,신규,,,
은평구,11380,갈현동,477-8,11380-41,수정럭스,68.6,4,2002,18000,0,2017-10-10,17.06~19.06,갱신,,18000,
은평구,11380,갈현동,537,11380-36,갈현동현대,88.47,1,1997,28000,0,2017-10-21,,,,,
은평구,11380,갈현동,540,11380-31,우남,133.02,11,1998,28000,0,2017-10-22,,,,,
은평구,11380,갈현동,540,11380-31,우남,59.92,1,1998,17700,0,2017-10-26,,,,,
은평구,11380,구산동,162-1,11380-42,경향파크,84.06,7,1989,21500,0,2017-10-25,,,,,
은평구,11380,구산동,199-24,11380-7975,신호(199-24),100.53,7,2008,34000,0,2017-10-21,,,,,
은평구,11380,구산동,213-4,11380-248,새천년구산2차,83.46,2,2004,23000,0,2017-10-28,,,,,
은평구,11380,구산동,224,11380-247,경남아너스빌,122.77,4,2004,40000,0,2017-10-25,,,,,
은평구,11380,구산동,355-98,11380-7824,동익파크2동(355-98),84.95,1,1991,18000,0,2017-10-21,,,,,
은평구,11380,구산동,547,11380-186,갈현1단지e-편한세상,84.618,16,2004,31000,0,2017-10-13,,,,,
은평구,11380,구산동,547,11380-186,갈현1단지e-편한세상,84.618,17,2004,30000,0,2017-10-24,,,,,
은평구,11380,녹번동,100-55,11380-4,녹번현대아파트,62.36,3,1989,26000,0,2017-10-31,,,,,
은평구,11380,녹번동,276,11380-2,대림아파트(276),133.87,11,1993,36000,0,2017-10-20,,,,,
은평구,11380,녹번동,276,11380-2,대림아파트(276),84.94,6,1993,34000,0,2017-10-17,,,,,
은평구,11380,녹번동,276,11380-2,대림아파트(276),84.94,7,1993,33000,0,2017-10-28,,,,,
은평구,11380,녹번동,280-1,11380-6,녹번JR아파트,59.866,16,2002,28000,0,2017-10-19,,,,,
은평구,11380,녹번동,280-1,11380-6,녹번JR아파트,59.866,7,2002,25500,0,2017-10-19,,,,,
은평구,11380,녹번동,280-1,11380-6,녹번JR아파트,84.923,5,2002,37000,0,2017-10-25,,,,,
은평구,11380,녹번동,281,11380-10020,북한산푸르지오,114.98,17,2015,55000,0,2017-10-31,,,,,
은평구,11380,녹번동,281,11380-10020,북한산푸르지오,38.02,1,2015,2643,15,2017-10-24,,,,,
은평구,11380,녹번동,281,11380-10020,북한산푸르지오,38.02,1,2015,5261,15,2017-10-27,,,,,
은평구,11380,녹번동,281,11380-10020,북한산푸르지오,40.93,13,2015,2845,16,2017-10-24,,,,,
은평구,11380,녹번동,281,11380-10020,북한산푸르지오,40.93,16,2015,5664,0,2017-10-24,,,,,
은평구,11380,녹번동,281,11380-10020,북한산푸르지오,40.93,4,2015,5664,16,2017-10-24,,,,,
은평구,11380,녹번동,281,11380-10020,북한산푸르지오,51.04,18,2015,6139,5,2017-10-24,,,,,
은평구,11380,녹번동,281,11380-10020,북한산푸르지오,59.99,17,2015,38000,0,2017-10-12,,,,,
은평구,11380,녹번동,281,11380-10020,북한산푸르지오,59.99,3,2015,40000,0,2017-10-30,,,,,
은평구,11380,녹번동,281,11380-10020,북한산푸르지오,59.99,7,2015,20000,60,2017-10-16,,,,,
은평구,11380,녹번동,281,11380-10020,북한산푸르지오,59.99,8,2015,20000,60,2017-10-28,,,,,
은평구,11380,녹번동,281,11380-10020,북한산푸르지오,84.99,11,2015,44000,0,2017-10-25,,,,,
은평구,11380,녹번동,281,11380-10020,북한산푸르지오,84.99,11,2015,45000,0,2017-10-31,,,,,
은평구,11380,녹번동,281,11380-10020,북한산푸르지오,84.99,12,2015,40000,0,2017-10-13,,,,,
은평구,11380,녹번동,281,11380-10020,북한산푸르지오,84.99,17,2015,28900,0,2017-10-30,,,,,
은평구,11380,녹번동,281,11380-10020,북한산푸르지오,84.99,17,2015,50000,0,2017-10-30,,,,,
은평구,11380,녹번동,281,11380-10020,북한산푸르지오,84.99,2,2015,44000,0,2017-10-17,,,,,
은평구,11380,녹번동,281,11380-10020,북한산푸르지오,84.99,4,2015,45000,0,2017-10-23,,,,,
은평구,11380,녹번동,281,11380-10020,북한산푸르지오,84.99,5,2015,45000,0,2017-10-14,,,,,
은평구,11380,녹번동,281,11380-10020,북한산푸르지오,84.99,6,2015,45000,0,2017-10-21,,,,,
은평구,11380,녹번동,281,11380-10020,북한산푸르지오,84.99,7,2015,44000,0,2017-10-26,,,,,
은평구,11380,녹번동,281,11380-10020,북한산푸르지오,84.99,8,2015,39000,33,2017-10-23,,,,,
은평구,11380,녹번동,281,11380-10020,북한산푸르지오,84.99,9,2015,41000,0,2017-10-17,,,,,
은평구,11380,대조동,15-114,11380-9933,정익제이원아파트(15-114),26.65,9,2015,2000,80,2017-10-19,,,,,
은평구,11380,대조동,15-89,11380-9395,포도하우스,12.53,9,2013,2000,30,2017-10-23,,,,,
은평구,11380,대조동,185-71,11380-9388,대덕타워,15.56,10,2013,12000,0,2017-10-26,,,,,
은평구,11380,대조동,186-21,11380-10698,서경아파트,28.18,13,2017,23000,0,2017-10-17,,,,,
은평구,11380,대조동,186-21,11380-10698,서경아파트,28.18,14,2017,23000,0,2017-10-16,17.11~19.11,신규,,,
은평구,11380,대조동,186-21,11380-10698,서경아파트,28.18,6,2017,21000,0,2017-10-14,,,,,
은평구,11380,대조동,186-21,11380-10698,서경아파트,30.03,8,2017,21000,0,2017-10-28,,,,,
은평구,11380,대조동,186-21,11380-10698,서경아파트,30.03,9,2017,21000,0,2017-10-26,,,,,
은평구,11380,대조동,186-21,11380-10698,서경아파트,30.33,13,2017,21000,0,2017-10-30,,,,,
은평구,11380,대조동,186-21,11380-10698,서경아파트,30.33,14,2017,22000,0,2017-10-11,,,,,
은평구,11380,대조동,186-21,11380-10698,서경아파트,30.33,7,2017,21000,0,2017-10-27,,,,,
은평구,11380,대조동,186-21,11380-10698,서경아파트,30.33,8,2017,21500,0,2017-10-11,,,,,
은평구,11380,대조동,186-44,11380-9375,YS홈타운,16.17,8,2013,1000,50,2017-10-01,,,,,
은평구,11380,대조동,186-44,11380-9375,YS홈타운,16.41,11,2013,500,45,2017-10-30,,,,,
은평구,11380,대조동,231,11380-51,삼성타운,59.4,6,1997,25000,0,2017-10-31,,,,,
은평구,11380,대조동,6-17,11380-9318,미래하임,31.8,12,2012,2000,75,2017-10-19,,,,,
은평구,11380,대조동,6-18,11380-9207,나이스홈,29.98,12,2012,21000,0,2017-10-20,,,,,
은평구,11380,대조동,6-21,11380-10035,미소세상,27.82,7,2015,19000,0,2017-10-10,,,,,
은평구,11380,대조동,9-12,11380-9440,디와이빌,34.06,5,2013,15000,0,2017-10-06,17.10~19.10,신규,,,
은평구,11380,대조동,9-14,11380-9641,주주베에이,13.56,9,2014,3000,40,2017-10-31,,,,,
은평구,11380,대조동,9-18,11380-10123,모아아파트(104동),47.14,8,2015,30000,0,2017-10-21,,,,,
은평구,11380,대조동,9-29,11380-9373,뉴캐슬,15.16,9,2013,8000,0,2017-10-16,,,,,
은평구,11380,대조동,9-29,11380-9373,뉴캐슬,16.22,12,2013,8500,0,2017-10-06,,,,,
은평구,11380,대조동,9-31,11380-9660,주주베B,14.89,7,2014,1000,60,2017-10-28,,,,,
은평구,11380,대조동,9-40,11380-9203,해오름시티,19.98,14,2012,2000,55,2017-10-18,,,,,
은평구,11380,불광동,248,11380-11,라이프미성,66.7,1,1988,22000,0,2017-10-31,,,,,
은평구,11380,불광동,248,11380-11,라이프미성,66.7,1,1988,5500,60,2017-10-23,,,,,
은평구,11380,불광동,248,11380-11,라이프미성,66.7,11,1988,23000,0,2017-10-15,,,,,
은평구,11380,불광동,248,11380-11,라이프미성,66.7,13,1988,24500,0,2017-10-17,,,,,
은평구,11380,불광동,248,11380-11,라이프미성,66.7,2,1988,10000,40,2017-10-10,,,,,
은평구,11380,불광동,248,11380-11,라이프미성,66.7,3,1988,25000,0,2017-10-17,,,,,
은평구,11380,불광동,248,11380-11,라이프미성,66.7,5,1988,24000,0,2017-10-19,,,,,
은평구,11380,불광동,248,11380-11,라이프미성,66.7,5,1988,26000,0,2017-10-10,,,,,
은평구,11380,불광동,248,11380-11,라이프미성,84.65,12,1988,30000,0,2017-10-28,,,,,
은평구,11380,불광동,248,11380-11,라이프미성,84.65,3,1988,28000,0,2017-10-11,,,,,
은평구,11380,불광동,248,11380-11,라이프미성,84.65,5,1988,30000,0,2017-10-31,,,,,
은평구,11380,불광동,248,11380-11,라이프미성,84.65,5,1988,31000,0,2017-10-10,,,,,
은평구,11380,불광동,248,11380-11,라이프미성,84.65,7,1988,28000,0,2017-10-17,,,,,
은평구,11380,불광동,248,11380-11,라이프미성,84.65,9,1988,30000,0,2017-10-18,,,,,
은평구,11380,불광동,305-1,11380-10702,디앤제이하우징,25.35,10,2017,20000,0,2017-10-14,,,,,
은평구,11380,불광동,484-56,11380-10114,정익제이원(4차),27.92,8,2015,20000,0,2017-10-30,,,,,
은평구,11380,불광동,631-1,11380-10,대호프라자아파트,114.03,13,2000,35000,0,2017-10-16,,,,,
은평구,11380,불광동,633,11380-263,북한산현대홈타운,59.9765,11,2004,36000,0,2017-10-28,,,,,
은평구,11380,불광동,633,11380-263,북한산현대홈타운,59.9765,14,2004,38000,0,2017-10-25,,,,,
은평구,11380,불광동,633,11380-263,북한산현대홈타운,59.9765,2,2004,36000,0,2017-10-28,,,,,
은평구,11380,불광동,633,11380-263,북한산현대홈타운,59.9765,3,2004,33000,0,2017-10-15,,,,,
은평구,11380,불광동,633,11380-263,북한산현대홈타운,84.9956,11,2004,44000,0,2017-10-17,,,,,
은평구,11380,불광동,633,11380-263,북한산현대홈타운,84.9956,4,2004,10000,90,2017-10-17,,,,,
은평구,11380,불광동,633,11380-263,북한산현대홈타운,84.9956,6,2004,45000,0,2017-10-11,,,,,
은평구,11380,불광동,635,11380-8104,북한산힐스테이트1차아파트,114.942,8,2009,50000,0,2017-10-16,,,,,
은평구,11380,불광동,635,11380-8104,북한산힐스테이트1차아파트,59.817,8,2009,36000,0,2017-10-22,,,,,
은평구,11380,불광동,635,11380-8104,북한산힐스테이트1차아파트,84.734,1,2009,38000,0,2017-10-18,,,,,
은평구,11380,불광동,635,11380-8104,북한산힐스테이트1차아파트,84.734,12,2009,40000,0,2017-10-27,,,,,
은평구,11380,불광동,637,11380-8696,북한산래미안아파트(2단지),59.9932,1,2010,37000,0,2017-10-28,,,,,
은평구,11380,불광동,638,11380-8699,북한산래미안아파트(1단지),114.9986,8,2010,50000,0,2017-10-14,,,,,
은평구,11380,불광동,638,11380-8699,북한산래미안아파트(1단지),59.9932,3,2010,36000,0,2017-10-13,,,,,
은평구,11380,불광동,638,11380-8699,북한산래미안아파트(1단지),59.9932,9,2010,37000,0,2017-10-30,,,,,
은평구,11380,불광동,638,11380-8699,북한산래미안아파트(1단지),84.9885,10,2010,48000,0,2017-10-26,,,,,
은평구,11380,불광동,638,11380-8699,북한산래미안아파트(1단지),84.9885,5,2010,43000,0,2017-10-31,,,,,
은평구,11380,불광동,641,11380-8697,북한산현대힐스테이트3차아파트,59.99,1,2010,34000,0,2017-10-11,,,,,
은평구,11380,불광동,641,11380-8697,북한산현대힐스테이트3차아파트,59.99,5,2010,15000,55,2017-10-26,,,,,
은평구,11380,불광동,641,11380-8697,북한산현대힐스테이트3차아파트,84.96,12,2010,45000,0,2017-10-23,,,,,
은평구,11380,불광동,641,11380-8697,북한산현대힐스테이트3차아파트,84.98,6,2010,44000,0,2017-10-11,,,,,
은평구,11380,불광동,641,11380-8697,북한산현대힐스테이트3차아파트,84.98,9,2010,28000,40,2017-10-18,,,,,
은평구,11380,불광동,643,11380-8922,북한산힐스테이트7차,114.844,8,2011,5000,50,2017-10-13,,,,,
은평구,11380,불광동,643,11380-8922,북한산힐스테이트7차,59.981,12,2011,10000,95,2017-10-16,,,,,
은평구,11380,불광동,643,11380-8922,북한산힐스테이트7차,59.981,9,2011,40000,0,2017-10-02,,,,,
은평구,11380,불광동,643,11380-8922,북한산힐스테이트7차,84.813,1,2011,45000,0,2017-10-27,,,,,
은평구,11380,불광동,643,11380-8922,북한산힐스테이트7차,84.891,1,2011,42000,0,2017-10-26,,,,,
은평구,11380,불광동,643,11380-8922,북한산힐스테이트7차,84.891,7,2011,46000,0,2017-10-17,,,,,
은평구,11380,불광동,643,11380-8922,북한산힐스테이트7차,84.947,10,2011,48000,0,2017-10-09,,,,,
은평구,11380,불광동,644,11380-9431,북한산동호스카이,59.99,4,2013,31000,0,2017-10-21,,,,,
은평구,11380,불광동,645,11380-10903,불광롯데캐슬,59.99,18,2018,5000,120,2017-10-21,17.11~19.11,신규,,,
은평구,11380,불광동,71-16,11380-257,북한산대창센시티,59.85,15,2004,27500,0,2017-10-11,,,,,
은평구,11380,불광동,8-51,11380-142,월드그린,65.22,7,2003,22000,0,2017-10-31,,,,,
은평구,11380,수색동,345-5,11380-7827,제일아파트나동(345-5),56.34,3,2007,9000,0,2017-10-15,,,,,
은평구,11380,수색동,413,11380-102,청구,59.97,10,2000,22000,20,2017-10-17,,,,,
은평구,11380,수색동,413,11380-102,청구,59.97,8,2000,30000,0,2017-10-31,,,,,
은평구,11380,수색동,415-1,11380-100,e편한세상 수색 에코포레,59.895,15,2003,28500,0,2017-10-21,,,,,
은평구,11380,수색동,415-1,11380-100,e편한세상 수색 에코포레,59.895,5,2003,28000,0,2017-10-10,,,,,
은평구,11380,수색동,415-1,11380-100,e편한세상 수색 에코포레,59.895,9,2003,24000,0,2017-10-14,,,,,
은평구,11380,수색동,415-1,11380-100,e편한세상 수색 에코포레,84.951,13,2003,35000,0,2017-10-14,,,,,
은평구,11380,수색동,415-1,11380-100,e편한세상 수색 에코포레,84.951,4,2003,33000,0,2017-10-10,,,,,
은평구,11380,수색동,416-1,11380-173,DMC 진흥,57.5033,11,2003,6500,60,2017-10-06,,,,,
은평구,11380,수색동,416-1,11380-173,DMC 진흥,78.2853,6,2003,32000,0,2017-10-28,,,,,
은평구,11380,수색동,75,11380-8443,DMC자이1단지,116.92,16,2009,50000,0,2017-10-13,,,,,
은평구,11380,신사동,140-1,11380-66,미성,63.53,14,1987,22000,0,2017-10-10,,,,,
은평구,11380,신사동,140-1,11380-66,미성,63.53,5,1987,22000,0,2017-10-28,,,,,
은평구,11380,신사동,140-1,11380-66,미성,63.53,7,1987,17000,70,2017-10-24,,,,,
은평구,11380,신사동,140-1,11380-66,미성,83.27,11,1987,26000,0,2017-10-29,,,,,
은평구,11380,신사동,140-1,11380-66,미성,83.27,5,1987,25000,0,2017-10-20,,,,,
은평구,11380,신사동,140-1,11380-66,미성,83.27,5,1987,28000,0,2017-10-18,,,,,
은평구,11380,신사동,155-1,11380-71,신성,61.32,13,1988,5000,65,2017-10-31,,,,,
은평구,11380,신사동,155-1,11380-71,신성,61.32,4,1988,20000,0,2017-10-18,,,,,
은평구,11380,신사동,155-1,11380-71,신성,82.74,9,1988,25000,0,2017-10-20,,,,,
은평구,11380,신사동,297,11380-72,신사씨티,58.09,7,1993,23000,0,2017-10-20,,,,,
은평구,11380,신사동,297,11380-72,신사씨티,58.09,9,1993,20000,0,2017-10-14,,,,,
은평구,11380,신사동,33-10,11380-408,부흥아파트(33-10),81.56,6,2005,19000,0,2017-10-14,,,,,
은평구,11380,신사동,338-7,11380-272,뉴월드,69.33,3,2004,23000,0,2017-10-30,,,,,
은평구,11380,신사동,354,11380-67,라이프씨티,83.04,5,1992,20000,0,2017-10-13,17.10~21.10,신규,,,
은평구,11380,신사동,355,11380-105,현대2,84.83,11,1994,29000,0,2017-10-28,,,,,
은평구,11380,신사동,358,11380-69,신성수정,59.63,4,1996,24800,0,2017-10-22,,,,,
은평구,11380,신사동,359,11380-73,현대1,84.17,1,1997,26000,0,2017-10-27,,,,,
은평구,11380,신사동,359,11380-73,현대1,84.17,13,1997,30000,0,2017-10-18,,,,,
은평구,11380,신사동,359,11380-73,현대1,84.17,3,1997,20000,0,2017-10-21,,,,,
은평구,11380,신사동,359,11380-73,현대1,84.17,3,1997,20000,0,2017-10-21,,,,,
은평구,11380,신사동,361,11380-68,삼부,62.7,11,2001,19000,10,2017-10-30,,,,,
은평구,11380,신사동,361,11380-68,삼부,62.7,12,2001,23000,0,2017-10-13,,,,,
은평구,11380,신사동,365,11380-120,신사동한신휴플러스,84.65,13,2003,20000,20,2017-10-20,,,,,
은평구,11380,신사동,367,11380-265,이랜드타운아파트,59.982,3,2004,25500,0,2017-10-09,,,,,
은평구,11380,신사동,39-11,11380-229,다원그린,81.16,1,2003,22000,0,2017-10-26,,,,,
은평구,11380,신사동,9-24,11380-261,신사코아,110.89,6,2004,33000,0,2017-10-30,,,,,
은평구,11380,역촌동,31-6,11380-8464,아그네스풍림아이원,102.88,5,2009,37000,0,2017-10-11,,,,,
은평구,11380,역촌동,31-6,11380-8464,아그네스풍림아이원,103.87,4,2009,37000,0,2017-10-24,,,,,
은평구,11380,역촌동,31-6,11380-8464,아그네스풍림아이원,103.87,7,2009,35000,0,2017-10-24,,,,,
은평구,11380,역촌동,31-6,11380-8464,아그네스풍림아이원,104.83,8,2009,37000,0,2017-10-17,,,,,
은평구,11380,응암동,117-35,11380-10515,미소세상,29.99,3,2017,3000,70,2017-10-10,,,,,
은평구,11380,응암동,176,11380-7855,응암푸르지오,114.92,5,2008,42000,0,2017-10-18,17.11~20.11,신규,,,
은평구,11380,응암동,176,11380-7855,응암푸르지오,84.2,1,2008,33000,0,2017-10-16,,,,,
은평구,11380,응암동,176,11380-7855,응암푸르지오,84.2,11,2008,35000,0,2017-10-11,,,,,
은평구,11380,응암동,176,11380-7855,응암푸르지오,84.2,2,2008,33000,0,2017-10-15,,,,,
은평구,11380,응암동,176-1,11380-8272,응암SH-VILLE,30.24,6,2008,4922,0,2017-10-25,,,,,
은평구,11380,응암동,176-1,11380-8272,응암SH-VILLE,30.24,9,2008,3858,0,2017-10-27,,,,,
은평구,11380,응암동,365-35,11380-7708,모아(365-35),82.41,2,2006,25500,0,2017-10-02,,,,,
은평구,11380,응암동,368-6,11380-9201,청안파인,32.24,7,2012,15000,0,2017-10-16,,,,,
은평구,11380,응암동,402-112,11380-7608,뉴월드(402-112),79.35,2,2005,15500,20,2017-10-21,,,,,
은평구,11380,응암동,577-16,11380-9284,명남더블레스,51.28,8,2012,10000,50,2017-10-14,,,,,
은평구,11380,응암동,577-16,11380-9284,명남더블레스,51.28,8,2012,20000,30,2017-10-10,,,,,
은평구,11380,응암동,577-16,11380-9284,명남더블레스,51.28,9,2012,5000,95,2017-10-18,,,,,
은평구,11380,응암동,669-1,11380-109,대주피오레,84.92,4,2003,35000,0,2017-10-13,,,,,
은평구,11380,응암동,694-1,11380-58,우성,80.99,6,1988,26000,0,2017-10-25,,,,,
은평구,11380,응암동,739,11380-7650,응암동금호,59.82,13,1998,10000,55,2017-10-25,,,,,
은평구,11380,응암동,739,11380-7650,응암동금호,84.3,8,1998,5000,110,2017-10-24,,,,,
은평구,11380,응암동,739,11380-7650,응암동금호,84.93,6,1998,34000,0,2017-10-10,,,,,
은평구,11380,응암동,759,11380-9190,백련산힐스테이트1차,114.9,8,2011,50000,0,2017-10-24,,,,,
은평구,11380,응암동,759,11380-9190,백련산힐스테이트1차,114.9,9,2011,25000,97,2017-10-17,,,,,
은평구,11380,응암동,759,11380-9190,백련산힐스테이트1차,84.42,10,2011,40000,0,2017-10-16,,,,,
은평구,11380,응암동,759,11380-9190,백련산힐스테이트1차,84.42,12,2011,38000,0,2017-10-21,,,,,
은평구,11380,응암동,760,11380-9189,백련산힐스테이트2차,59.63,2,2011,33000,0,2017-10-11,,,,,
은평구,11380,응암동,760,11380-9189,백련산힐스테이트2차,59.63,7,2011,33000,0,2017-10-27,,,,,
은평구,11380,응암동,760,11380-9189,백련산힐스테이트2차,84.49,8,2011,40000,0,2017-10-25,,,,,
은평구,11380,응암동,761,11380-9188,백련산힐스테이트3차,59.63,6,2011,34000,0,2017-10-28,,,,,
은평구,11380,응암동,761,11380-9188,백련산힐스테이트3차,59.63,9,2011,35000,0,2017-10-18,,,,,
은평구,11380,응암동,761,11380-9188,백련산힐스테이트3차,84.32,15,2011,41000,0,2017-10-24,,,,,
은평구,11380,응암동,762,11380-9567,녹번역센트레빌,84.9,12,2013,32000,30,2017-10-20,,,,,
은평구,11380,응암동,762,11380-9567,녹번역센트레빌,84.9,13,2013,40000,0,2017-10-09,,,,,
은평구,11380,응암동,762,11380-9567,녹번역센트레빌,84.9,13,2013,43000,0,2017-10-25,,,,,
은평구,11380,응암동,762,11380-9567,녹번역센트레빌,84.97,12,2013,32000,30,2017-10-20,,,,,
은평구,11380,응암동,764,11380-10719,백련산힐스테이트4차,59.98,1,2018,25875,0,2017-10-31,,,,,
은평구,11380,응암동,764,11380-10719,백련산힐스테이트4차,59.98,11,2018,3000,120,2017-10-20,17.10~19.10,신규,,,
은평구,11380,응암동,764,11380-10719,백련산힐스테이트4차,59.98,11,2018,5000,100,2017-10-11,17.11~19.11,신규,,,
은평구,11380,응암동,764,11380-10719,백련산힐스테이트4차,59.98,15,2018,5000,100,2017-10-26,17.12~19.12,신규,,,
은평구,11380,응암동,764,11380-10719,백련산힐스테이트4차,59.98,16,2018,15000,0,2017-10-01,,,,,
은평구,11380,응암동,764,11380-10719,백련산힐스테이트4차,59.98,7,2018,10000,85,2017-10-14,17.11~19.11,신규,,,
은평구,11380,응암동,764,11380-10719,백련산힐스테이트4차,84.98,13,2018,41000,0,2017-10-28,17.11~19.11,신규,,,
은평구,11380,응암동,764,11380-10719,백련산힐스테이트4차,84.98,13,2018,5000,130,2017-10-16,17.12~19.12,신규,,,
은평구,11380,응암동,764,11380-10719,백련산힐스테이트4차,84.98,14,2018,35500,0,2017-10-17,17.10~17.12,신규,,,
은평구,11380,응암동,764,11380-10719,백련산힐스테이트4차,84.98,15,2018,42000,0,2017-10-24,,,,,
은평구,11380,응암동,764,11380-10719,백련산힐스테이트4차,84.98,15,2018,43000,0,2017-10-20,17.11~19.11,신규,,,
은평구,11380,응암동,764,11380-10719,백련산힐스테이트4차,84.98,15,2018,44000,0,2017-10-17,17.10~19.10,신규,,,
은평구,11380,응암동,764,11380-10719,백련산힐스테이트4차,84.98,15,2018,45000,0,2017-10-11,,,,,
은평구,11380,응암동,764,11380-10719,백련산힐스테이트4차,84.98,2,2018,40000,0,2017-10-28,,,,,
은평구,11380,응암동,764,11380-10719,백련산힐스테이트4차,84.98,8,2018,28000,0,2017-10-25,17.11~19.11,신규,,,
은평구,11380,응암동,81-173,11380-10656,더위일,58.77,9,2017,35000,0,2017-10-22,,,,,
은평구,11380,응암동,81-173,11380-10656,더위일,58.88,13,2017,35000,0,2017-10-10,,,,,
은평구,11380,응암동,88-8,11380-9791,응암아네스트,13.6793,14,2014,1000,50,2017-10-24,,,,,
은평구,11380,응암동,88-8,11380-9791,응암아네스트,13.6793,15,2014,2000,42,2017-10-31,,,,,
은평구,11380,응암동,88-8,11380-9791,응암아네스트,13.6793,16,2014,12000,0,2017-10-11,17.11~19.11,신규,,,
은평구,11380,응암동,96-18,11380-189,경향렉스빌,116.845,21,2004,33500,0,2017-10-18,,,,,
은평구,11380,증산동,167-1,11380-251,문영마운틴(167-1),84.69,5,2004,29000,0,2017-10-10,,,,,
은평구,11380,증산동,173-1,11380-9047,디오반,14.46,4,2011,2000,40,2017-10-13,,,,,
은평구,11380,증산동,173-1,11380-9047,디오반,14.46,5,2011,1000,45,2017-10-23,,,,,
은평구,11380,증산동,174-8,11380-8243,삼성베스트빌,82.035,3,2008,27000,0,2017-10-18,,,,,
은평구,11380,증산동,178-8,11380-241,청운,70.12,6,2004,27000,0,2017-10-21,,,,,
은평구,11380,증산동,193-1,11380-170,자선메르시안(193),82,2,2003,25000,0,2017-10-15,,,,,
은평구,11380,증산동,220-1,11380-82,DMC덕원,95.04,16,1997,31000,0,2017-10-10,,,,,
은평구,11380,증산동,223-28,11380-8471,DMC자이2단지,108.52,10,2009,6000,140,2017-10-23,,,,,
은평구,11380,증산동,223-28,11380-8471,DMC자이2단지,108.52,5,2009,50000,0,2017-10-13,,,,,
은평구,11380,증산동,223-28,11380-8471,DMC자이2단지,108.52,8,2009,50000,0,2017-10-21,,,,,
은평구,11380,증산동,223-28,11380-8471,DMC자이2단지,113.66,10,2009,50000,0,2017-10-14,,,,,
은평구,11380,진관동,10,11380-8171,상림마을7단지아이파크(730~742동)BL1-14,134.75,2,2008,45000,12,2017-10-12,,,,,
은평구,11380,진관동,101,11380-8391,박석고개1단지힐스테이트(101~111동)BL2-12,84.49,2,2009,42000,0,2017-10-26,,,,,
은평구,11380,진관동,101,11380-8391,박석고개1단지힐스테이트(101~111동)BL2-12,84.49,5,2009,28000,60,2017-10-11,,,,,
은평구,11380,진관동,101,11380-8391,박석고개1단지힐스테이트(101~111동)BL2-12,84.49,5,2009,44000,0,2017-10-26,,,,,
은평구,11380,진관동,101,11380-8391,박석고개1단지힐스테이트(101~111동)BL2-12,84.72,1,2009,40000,0,2017-10-14,,,,,
은평구,11380,진관동,101,11380-8391,박석고개1단지힐스테이트(101~111동)BL2-12,84.72,15,2009,5000,130,2017-10-12,,,,,
은평구,11380,진관동,102,11380-8392,박석고개1단지힐스테이트(116~131동)BL2-1,101.76,1,2009,25000,80,2017-10-25,,,,,
은평구,11380,진관동,102,11380-8392,박석고개1단지힐스테이트(116~131동)BL2-1,59.85,10,2009,5000,105,2017-10-01,,,,,
은평구,11380,진관동,102,11380-8392,박석고개1단지힐스테이트(116~131동)BL2-1,59.85,3,2009,38000,0,2017-10-10,,,,,
은평구,11380,진관동,102,11380-8392,박석고개1단지힐스테이트(116~131동)BL2-1,59.85,4,2009,30000,20,2017-10-28,17.11~19.11,신규,,,
은평구,11380,진관동,102,11380-8392,박석고개1단지힐스테이트(116~131동)BL2-1,59.85,7,2009,20000,60,2017-10-17,,,,,
은평구,11380,진관동,102,11380-8392,박석고개1단지힐스테이트(116~131동)BL2-1,84.49,9,2009,43000,0,2017-10-21,,,,,
은평구,11380,진관동,102,11380-8392,박석고개1단지힐스테이트(116~131동)BL2-1,84.72,11,2009,42000,0,2017-10-15,,,,,
은평구,11380,진관동,102,11380-8392,박석고개1단지힐스테이트(116~131동)BL2-1,84.85,4,2009,5000,130,2017-10-30,,,,,
은평구,11380,진관동,105,11380-8507,마고정3단지센트레빌(323~335동)BL2-2,101.81,1,2009,45000,0,2017-10-29,,,,,
은평구,11380,진관동,105,11380-8507,마고정3단지센트레빌(323~335동)BL2-2,59.14,1,2009,14962,0,2017-10-30,,,,,
은평구,11380,진관동,105,11380-8507,마고정3단지센트레빌(323~335동)BL2-2,84.04,2,2009,23940,0,2017-10-27,,,,,
은평구,11380,진관동,106,11380-8508,마고정3단지센트레빌(301~309동)BL2-11,84.34,8,2009,42000,0,2017-10-22,,,,,
은평구,11380,진관동,107,11380-8489,마고정3단지센트레빌(310~322동)BL2-3,167.14,12,2009,56000,0,2017-10-26,,,,,
은평구,11380,진관동,107,11380-8489,마고정3단지센트레빌(310~322동)BL2-3,167.14,13,2009,59000,0,2017-10-28,17.12~19.12,신규,,,
은평구,11380,진관동,107,11380-8489,마고정3단지센트레빌(310~322동)BL2-3,59.37,2,2009,11805,0,2017-10-19,,,,,
은평구,11380,진관동,107,11380-8489,마고정3단지센트레빌(310~322동)BL2-3,84.16,4,2009,40000,0,2017-10-14,,,,,
은평구,11380,진관동,11,11380-8172,상림마을7단지아이파크(719~729동)BL1-13,84.63,6,2008,41000,0,2017-10-29,,,,,
은평구,11380,진관동,113,11380-8596,폭포동4단지힐스테이트(401~407동)임대BL2-10,84.96,5,2010,26040,0,2017-10-26,,,,,
은평구,11380,진관동,12,11380-8024,상림마을7단지아이파크(709~712동)BL1-10,84.98,5,2008,20374,0,2017-10-30,,,,,
은평구,11380,진관동,123,11380-8393,박석고개1단지힐스테이트(112~115동)BL2-13,101.76,10,2008,46000,0,2017-10-24,,,,,
은평구,11380,진관동,123,11380-8393,박석고개1단지힐스테이트(112~115동)BL2-13,101.76,6,2008,44000,0,2017-10-14,,,,,
은평구,11380,진관동,13,11380-8025,상림마을7단지아이파크(706~708동)BL1-3,84.79,7,2008,36500,0,2017-10-15,,,,,
은평구,11380,진관동,13,11380-8025,상림마을7단지아이파크(706~708동)BL1-3,84.97,2,2008,15351,0,2017-10-12,,,,,
은평구,11380,진관동,132,11380-8597,폭포동4단지힐스테이트(423~425동)BL3-10,134.87,4,2010,55000,0,2017-10-21,,,,,
은평구,11380,진관동,14,11380-8026,상림마을8단지롯데캐슬(801~809동)BL1-2,84.79,3,2008,30000,30,2017-10-01,,,,,
은평구,11380,진관동,140,11380-8599,폭포동4단지힐스테이트(408~422동)BL3-9,101.93,13,2010,48000,0,2017-10-16,,,,,
은평구,11380,진관동,15,11380-8027,상림마을7단지아이파크(713~718동)BL1-11,84.79,2,2008,30000,30,2017-10-12,,,,,
은평구,11380,진관동,150,11380-9862,은평뉴타운기자촌11단지,84.78,4,2015,40000,0,2017-10-24,,,,,
은평구,11380,진관동,150,11380-9862,은평뉴타운기자촌11단지,84.82,9,2015,41000,0,2017-10-14,,,,,
은평구,11380,진관동,154,11380-8668,은평뉴타운 제각말 푸르지오(5-1단지),101.83,11,2010,45000,0,2017-10-14,,,,,
은평구,11380,진관동,154,11380-8668,은평뉴타운 제각말 푸르지오(5-1단지),101.83,2,2010,43000,0,2017-10-30,,,,,
은평구,11380,진관동,19,11380-8028,상림마을8단지롯데캐슬(810~820동)BL1-1,134.26,5,2008,54000,0,2017-10-05,,,,,
은평구,11380,진관동,2,11380-8019,상림마을6단지푸르지오(606~614동)BL1-7,84.79,5,2008,20000,65,2017-10-25,,,,,
은평구,11380,진관동,20,11380-8029,상림마을8단지롯데캐슬(821~830동)BL1-12,101.61,10,2008,15000,0,2017-10-11,,,,,
은평구,11380,진관동,20,11380-8029,상림마을8단지롯데캐슬(821~830동)BL1-12,39.87,6,2008,5616,4,2017-10-27,,,,,
은평구,11380,진관동,20,11380-8029,상림마을8단지롯데캐슬(821~830동)BL1-12,84.79,4,2008,44000,0,2017-10-12,,,,,
은평구,11380,진관동,20,11380-8029,상림마을8단지롯데캐슬(821~830동)BL1-12,84.83,4,2008,22000,85,2017-10-25,,,,,
은평구,11380,진관동,22,11380-8622,구파발9단지래미안(901~915동)임대BL3-3,39.96,3,2010,2954,23,2017-10-23,,,,,
은평구,11380,진관동,22,11380-8622,구파발9단지래미안(901~915동)임대BL3-3,59.97,8,2010,12249,0,2017-10-26,,,,,
은평구,11380,진관동,22,11380-8622,구파발9단지래미안(901~915동)임대BL3-3,84.84,12,2010,31125,0,2017-10-31,,,,,
은평구,11380,진관동,22,11380-8622,구파발9단지래미안(901~915동)임대BL3-3,84.84,5,2010,21168,0,2017-10-26,,,,,
은평구,11380,진관동,22,11380-8622,구파발9단지래미안(901~915동)임대BL3-3,84.93,12,2010,31125,0,2017-10-31,,,,,
은평구,11380,진관동,25,11380-8619,구파발9단지래미안(916~928동)BL3-2,84.83,3,2010,43000,0,2017-10-09,,,,,
은평구,11380,진관동,25,11380-8619,구파발9단지래미안(916~928동)BL3-2,84.84,7,2010,5000,130,2017-10-21,,,,,
은평구,11380,진관동,25,11380-8619,구파발9단지래미안(916~928동)BL3-2,84.98,8,2010,41000,0,2017-10-02,,,,,
은평구,11380,진관동,27,11380-8723,구파발10단지어울림(1011~1019동)BL3-1,101.84,6,2010,46500,0,2017-10-10,,,,,
은평구,11380,진관동,27,11380-8723,구파발10단지어울림(1011~1019동)BL3-1,101.84,7,2010,46000,0,2017-10-19,,,,,
은평구,11380,진관동,27,11380-8723,구파발10단지어울림(1011~1019동)BL3-1,134.73,7,2010,50000,0,2017-10-30,,,,,
은평구,11380,진관동,27,11380-8723,구파발10단지어울림(1011~1019동)BL3-1,166.19,8,2010,54000,0,2017-10-16,,,,,
은평구,11380,진관동,27,11380-8723,구파발10단지어울림(1011~1019동)BL3-1,84.85,4,2010,20000,70,2017-10-09,,,,,
은평구,11380,진관동,27,11380-8723,구파발10단지어울림(1011~1019동)BL3-1,84.85,8,2010,37500,0,2017-10-09,,,,,
은평구,11380,진관동,28,11380-8728,구파발10단지어울림(1001~1010동)장기전세BL3-4,59.98,11,2010,12781,0,2017-10-27,,,,,
은평구,11380,진관동,28,11380-8728,구파발10단지어울림(1001~1010동)장기전세BL3-4,84.78,14,2010,21168,0,2017-10-27,,,,,
은평구,11380,진관동,28,11380-8728,구파발10단지어울림(1001~1010동)장기전세BL3-4,84.78,7,2010,21168,0,2017-10-25,,,,,
은평구,11380,진관동,3,11380-8020,상림마을6단지푸르지오(601~605동)BL1-8,84.97,6,2008,39000,0,2017-10-26,,,,,
은평구,11380,진관동,5,11380-8021,상림마을6단지푸르지오(622~629동)BL1-5,59.97,2,2008,11909,0,2017-10-26,,,,,
은평구,11380,진관동,5,11380-8021,상림마을6단지푸르지오(622~629동)BL1-5,59.97,6,2008,15060,0,2017-10-12,17.12~19.12,신규,,,
은평구,11380,진관동,6,11380-8022,상림마을7단지아이파크(702~705동)BL1-4,84.97,3,2008,27000,0,2017-10-11,,,,,
은평구,11380,진관동,60,11380-10714,은평뉴타운솔하임,14.235,15,2017,12000,0,2017-10-16,,,,,
은평구,11380,진관동,60,11380-10714,은평뉴타운솔하임,14.235,15,2017,13500,0,2017-10-25,,,,,
은평구,11380,진관동,60,11380-10714,은평뉴타운솔하임,14.235,15,2017,14000,0,2017-10-30,,,,,
은평구,11380,진관동,60,11380-10714,은평뉴타운솔하임,14.235,15,2017,3000,42,2017-10-27,,,,,
은평구,11380,진관동,60,11380-10714,은평뉴타운솔하임,14.235,16,2017,12000,0,2017-10-17,,,,,
은평구,11380,진관동,60,11380-10714,은평뉴타운솔하임,14.235,16,2017,13000,0,2017-10-26,,,,,
은평구,11380,진관동,60,11380-10714,은평뉴타운솔하임,14.235,17,2017,2000,45,2017-10-18,,,,,
은평구,11380,진관동,60,11380-10714,은평뉴타운솔하임,14.235,18,2017,3000,40,2017-10-14,,,,,
은평구,11380,진관동,60,11380-10714,은평뉴타운솔하임,14.235,18,2017,500,55,2017-10-30,17.10~18.10,신규,,,
은평구,11380,진관동,60,11380-10714,은평뉴타운솔하임,14.235,19,2017,1000,50,2017-10-16,,,,,
은평구,11380,진관동,60,11380-10714,은평뉴타운솔하임,14.235,19,2017,14000,0,2017-10-28,,,,,
은평구,11380,진관동,60,11380-10714,은평뉴타운솔하임,19.685,15,2017,22000,0,2017-10-25,,,,,
은평구,11380,진관동,60,11380-10714,은평뉴타운솔하임,19.685,19,2017,20000,0,2017-10-11,,,,,
은평구,11380,진관동,60,11380-10714,은평뉴타운솔하임,19.839,15,2017,1500,80,2017-10-28,,,,,
은평구,11380,진관동,60,11380-10714,은평뉴타운솔하임,45.034,13,2017,31000,0,2017-10-13,17.10~19.10,신규,,,
은평구,11380,진관동,60,11380-10714,은평뉴타운솔하임,45.034,19,2017,30000,0,2017-10-23,,,,,
은평구,11380,진관동,60,11380-10714,은평뉴타운솔하임,45.034,3,2017,28000,0,2017-10-26,,,,,
은평구,11380,진관동,60,11380-10714,은평뉴타운솔하임,45.034,7,2017,29000,0,2017-10-09,,,,,
은평구,11380,진관동,60,11380-10714,은평뉴타운솔하임,45.034,9,2017,15000,50,2017-10-26,17.10~19.10,신규,,,
은평구,11380,진관동,60,11380-10714,은평뉴타운솔하임,45.034,9,2017,4000,85,2017-10-24,17.11~18.11,신규,,,
은평구,11380,진관동,60,11380-10714,은평뉴타운솔하임,45.044,11,2017,28000,0,2017-10-16,,,,,
은평구,11380,진관동,60,11380-10714,은평뉴타운솔하임,45.044,11,2017,30000,0,2017-10-22,,,,,
은평구,11380,진관동,60,11380-10714,은평뉴타운솔하임,45.044,12,2017,10000,70,2017-10-14,,,,,
은평구,11380,진관동,60,11380-10714,은평뉴타운솔하임,45.044,14,2017,10000,60,2017-10-11,,,,,
은평구,11380,진관동,60,11380-10714,은평뉴타운솔하임,45.044,15,2017,31000,0,2017-10-21,,,,,
은평구,11380,진관동,60,11380-10714,은평뉴타운솔하임,45.044,18,2017,29000,0,2017-10-24,,,,,
은평구,11380,진관동,60,11380-10714,은평뉴타운솔하임,45.044,19,2017,29900,0,2017-10-28,,,,,
은평구,11380,진관동,60,11380-10714,은평뉴타운솔하임,45.044,8,2017,30000,0,2017-10-20,,,,,
은평구,11380,진관동,65,11380-10527,은평뉴타운엘크루,59.98,17,2017,10000,100,2017-10-19,,,,,
은평구,11380,진관동,7,11380-8023,상림마을7단지아이파크(701동)임대BL1-9,84.98,2,2008,15351,0,2017-10-26,,,,,
은평구,11380,진관동,81,11380-8503,우물골2단지두산위브(245~255동)BL2-6,134.57,9,2009,6000,166,2017-10-15,,,,,
은평구,11380,진관동,81,11380-8503,우물골2단지두산위브(245~255동)BL2-6,84.51,2,2009,38000,0,2017-10-31,,,,,
은평구,11380,진관동,81,11380-8503,우물골2단지두산위브(245~255동)BL2-6,84.69,3,2009,31500,30,2017-10-13,,,,,
은평구,11380,진관동,82,11380-8504,우물골2단지두산위브(201~203동)BL2-4,84.49,6,2009,5000,130,2017-10-19,17.11~19.11,신규,,,
은평구,11380,진관동,83,11380-8505,우물골2단지두산위브(204~208동)BL2-5,59.36,4,2009,15843,0,2017-10-12,,,,,
은평구,11380,진관동,83,11380-8505,우물골2단지두산위브(204~208동)BL2-5,59.37,3,2009,15843,0,2017-10-13,,,,,
은평구,11380,진관동,83,11380-8505,우물골2단지두산위브(204~208동)BL2-5,84.51,2,2009,40000,0,2017-10-09,,,,,
은평구,11380,진관동,88,11380-8506,우물골2단지두산위브(209~222동)BL2-8,84.51,3,2009,35000,0,2017-10-23,,,,,
은평구,11380,진관동,88,11380-8506,우물골2단지두산위브(209~222동)BL2-8,84.54,3,2009,38000,0,2017-10-27,,,,,
은평구,11380,진관동,88,11380-8506,우물골2단지두산위브(209~222동)BL2-8,84.79,3,2009,9000,120,2017-10-24,,,,,
은평구,11380,진관동,92,11380-8666,은평뉴타운 제각말 푸르지오(5-4단지),84.97,13,2010,30000,30,2017-10-22,,,,,
은평구,11380,진관동,94,11380-8670,은평뉴타운 제각말 푸르지오(5-3단지),84.89,4,2010,10000,100,2017-10-10,,,,,
종로구,11110,교남동,126,11110-2464,경희궁자이(4단지),37.2635,11,2017,32000,25,2017-10-21,,,,,
종로구,11110,교남동,126,11110-2464,경희궁자이(4단지),37.2635,11,2017,39000,0,2017-10-17,,,,,
종로구,11110,교남동,126,11110-2464,경희궁자이(4단지),37.2635,15,2017,30000,37,2017-10-20,,,,,
종로구,11110,교남동,126,11110-2464,경희궁자이(4단지),37.2635,15,2017,44000,0,2017-10-31,,,,,
종로구,11110,교남동,126,11110-2464,경희궁자이(4단지),37.2635,8,2017,10000,90,2017-10-27,,,,,
종로구,11110,교남동,126,11110-2464,경희궁자이(4단지),37.2635,8,2017,39000,0,2017-10-21,,,,,
종로구,11110,교남동,126,11110-2464,경희궁자이(4단지),45.879,12,2017,25000,80,2017-10-28,,,,,
종로구,11110,교남동,126,11110-2464,경희궁자이(4단지),45.879,14,2017,52000,0,2017-10-20,,,,,
종로구,11110,교남동,199,11110-2445,경희궁자이(2단지),138.653,4,2017,121000,0,2017-10-12,,,,,
종로구,11110,교남동,199,11110-2445,경희궁자이(2단지),59.895,3,2017,65000,0,2017-10-07,,,,,
종로구,11110,교남동,199,11110-2445,경희궁자이(2단지),84.614,7,2017,77000,0,2017-10-28,,,,,
종로구,11110,교남동,199,11110-2445,경희궁자이(2단지),84.836,11,2017,5000,200,2017-10-09,,,,,
종로구,11110,교남동,199,11110-2445,경희궁자이(2단지),84.836,15,2017,77500,0,2017-10-18,,,,,
종로구,11110,교남동,199,11110-2445,경희궁자이(2단지),84.836,16,2017,72500,0,2017-10-14,,,,,
종로구,11110,교남동,199,11110-2445,경희궁자이(2단지),84.836,7,2017,12000,200,2017-10-29,,,,,
종로구,11110,교남동,199,11110-2445,경희궁자이(2단지),84.907,10,2017,40000,90,2017-10-21,,,,,
종로구,11110,교남동,199,11110-2445,경희궁자이(2단지),84.99,15,2017,10000,190,2017-10-10,,,,,
종로구,11110,교남동,233,11110-2446,경희궁자이(3단지),84.836,15,2017,73000,0,2017-10-14,,,,,
종로구,11110,교북동,101,11110-51,동아,59.98,5,1995,35000,0,2017-10-16,,,,,
종로구,11110,구기동,95-15,11110-219,포시즌,98.26,4,2003,45000,0,2017-10-26,,,,,
종로구,11110,명륜2가,236,11110-92,아남2,59.4,4,1996,20000,60,2017-10-23,,,,,
종로구,11110,명륜2가,237,11110-26,명륜동주상복합아남아파트,50.49,4,1999,5000,110,2017-10-28,,,,,
종로구,11110,명륜2가,4,11110-25,아남1,84.8,14,1995,30000,100,2017-10-21,,,,,
종로구,11110,명륜2가,4,11110-25,아남1,84.9,11,1995,58000,0,2017-10-21,,,,,
종로구,11110,명륜2가,4,11110-25,아남1,84.9,9,1995,10000,150,2017-10-10,,,,,
종로구,11110,무악동,60,11110-2212,인왕산아이파크,84.858,10,2008,56000,0,2017-10-24,,,,,
종로구,11110,무악동,60,11110-2212,인왕산아이파크,84.858,14,2008,29000,80,2017-10-14,,,,,
종로구,11110,무악동,60,11110-2212,인왕산아이파크,84.858,8,2008,15000,140,2017-10-24,,,,,
종로구,11110,무악동,82,11110-90,현대,114.9,7,2000,60000,0,2017-10-23,,,,,
종로구,11110,무악동,82,11110-90,현대,60,10,2000,4000,90,2017-10-27,,,,,
종로구,11110,무악동,82,11110-90,현대,84.92,20,2000,20000,90,2017-10-28,,,,,
종로구,11110,무악동,82,11110-90,현대,84.92,4,2000,47000,0,2017-10-27,,,,,
종로구,11110,무악동,82,11110-90,현대,84.92,6,2000,33000,50,2017-10-21,,,,,
종로구,11110,무악동,82,11110-90,현대,84.92,9,2000,50000,0,2017-10-28,,,,,
종로구,11110,무악동,88,11110-2417,인왕산2차아이파크,84.0284,1,2015,55000,0,2017-10-30,,,,,
종로구,11110,무악동,88,11110-2417,인왕산2차아이파크,84.2427,8,2015,10000,110,2017-10-30,,,,,
종로구,11110,무악동,88,11110-2417,인왕산2차아이파크,84.4541,12,2015,52000,15,2017-10-28,,,,,
종로구,11110,무악동,88,11110-2417,인왕산2차아이파크,84.4924,15,2015,55000,0,2017-10-21,,,,,
종로구,11110,무악동,88,11110-2417,인왕산2차아이파크,84.748,15,2015,55000,0,2017-10-24,,,,,
종로구,11110,사직동,9,11110-2203,광화문스페이스본(101동~105동),108.55,11,2008,80000,0,2017-10-02,,,,,
종로구,11110,사직동,9,11110-2203,광화문스페이스본(101동~105동),121.37,11,2008,65000,0,2017-10-18,,,,,
종로구,11110,사직동,9,11110-2203,광화문스페이스본(101동~105동),151.81,3,2008,90000,0,2017-10-13,,,,,
종로구,11110,사직동,9,11110-2203,광화문스페이스본(101동~105동),160.85,11,2008,60000,110,2017-10-20,,,,,
종로구,11110,사직동,9,11110-2203,광화문스페이스본(101동~105동),70.8,9,2008,56500,0,2017-10-30,,,,,
종로구,11110,사직동,9,11110-2203,광화문스페이스본(101동~105동),91.35,14,2008,68000,0,2017-10-25,,,,,
종로구,11110,사직동,9,11110-2203,광화문스페이스본(101동~105동),94.51,4,2008,45000,80,2017-10-17,,,,,
종로구,11110,사직동,9,11110-2203,광화문스페이스본(101동~105동),94.51,6,2008,55000,0,2017-10-17,,,,,
종로구,11110,숭인동,1421,11110-2336,버넷하임1,17.93,13,2013,13000,0,2017-10-13,,,,,
종로구,11110,숭인동,1421-1,11110-2343,종로동광모닝스카이,15.855,9,2013,500,60,2017-10-12,,,,,
종로구,11110,숭인동,2-1,11110-2224,종로센트레빌,59.92,12,2008,39000,0,2017-10-28,,,,,
종로구,11110,숭인동,2-1,11110-2224,종로센트레빌,84.92,2,2008,38000,0,2017-10-25,,,,,
종로구,11110,숭인동,2-1,11110-2224,종로센트레빌,84.92,2,2008,44000,0,2017-10-31,,,,,
종로구,11110,숭인동,202-3,11110-2339,종로중흥S클래스,17.811,15,2013,12500,0,2017-10-25,,,,,
종로구,11110,숭인동,204-11,11110-48,숭인상가,62.2,6,1979,20000,0,2017-10-22,,,,,
종로구,11110,숭인동,318-2,11110-2368,삼전솔하임4차,15.09,14,2014,1000,55,2017-10-14,,,,,
종로구,11110,숭인동,766,11110-2234,종로청계힐스테이트,114.7153,10,2009,50000,0,2017-10-12,,,,,
종로구,11110,숭인동,766,11110-2234,종로청계힐스테이트,59.9426,9,2009,8000,0,2017-10-16,,,,,
종로구,11110,신영동,254,11110-86,대아파크빌,59.22,4,1998,4000,85,2017-10-09,,,,,
종로구,11110,익선동,55,11110-102,현대뜨레비앙,46.64,4,2003,22000,0,2017-10-24,,,,,
종로구,11110,인의동,48-2,11110-2155,효성쥬얼리시티,92.81,15,2006,45000,0,2017-10-12,,,,,
종로구,11110,창신동,23-76,11110-2150,브라운스톤창신,84.87,12,2006,40500,0,2017-10-10,,,,,
종로구,11110,창신동,436-64,11110-32,동대문상가,48.99,5,1968,6500,0,2017-10-22,,,,,
종로구,11110,창신동,702,11110-37,창신쌍용1,79.87,1,1992,32000,0,2017-10-05,,,,,
종로구,11110,창신동,702,11110-37,창신쌍용1,79.87,10,1992,20000,0,2017-10-17,,,,,
종로구,11110,창신동,702,11110-37,창신쌍용1,79.87,4,1992,26000,0,2017-10-16,,,,,
종로구,11110,창신동,703,11110-91,창신쌍용2,106.62,3,1993,34000,0,2017-10-20,17.10~19.04,신규,,,
종로구,11110,창신동,703,11110-91,창신쌍용2,54.7,8,1993,26000,0,2017-10-17,,,,,
종로구,11110,창신동,703,11110-91,창신쌍용2,64.66,13,1993,27000,0,2017-10-16,,,,,
종로구,11110,창신동,703,11110-91,창신쌍용2,64.66,7,1993,26000,0,2017-10-17,,,,,
종로구,11110,통인동,5-1,11110-204,효자,61.49,5,1999,13500,0,2017-10-27,,,,,
종로구,11110,평창동,102,11110-2211,르트랑시망,140.49,4,2008,53000,0,2017-10-18,,,,,
종로구,11110,평창동,145-5,11110-77,일성빌라트,59.82,4,1996,15000,60,2017-10-21,,,,,
종로구,11110,평창동,46-1,11110-101,크래스빌,187.9,2,2003,60000,0,2017-10-30,,,,,
종로구,11110,평창동,595,11110-68,갑을아파트,30.46,11,1997,13500,0,2017-10-18,,,,,
종로구,11110,평창동,595,11110-68,갑을아파트,30.46,8,1997,14000,0,2017-10-11,,,,,
종로구,11110,평창동,595,11110-68,갑을아파트,64.88,5,1997,22000,0,2017-10-19,,,,,
종로구,11110,평창동,596,11110-73,삼성,59.97,3,1998,27000,0,2017-10-09,,,,,
종로구,11110,필운동,254,11110-2164,신동아블루아광화문의꿈,108.95,11,2007,40000,75,2017-10-28,,,,,
종로구,11110,행촌동,41-1,11110-52,대성아파트,30.28,2,1971,7000,0,2017-10-09,,,,,
중구,11140,만리동2가,273,11140-1300,서울역센트럴자이,59.943,16,2017,51000,0,2017-10-13,17.11~19.11,신규,,,
중구,11140,만리동2가,273,11140-1300,서울역센트럴자이,59.943,19,2017,5000,150,2017-10-09,17.12~19.12,신규,,,
중구,11140,만리동2가,273,11140-1300,서울역센트럴자이,59.943,20,2017,35000,60,2017-10-20,17.12~19.11,신규,,,
중구,11140,만리동2가,273,11140-1300,서울역센트럴자이,59.943,21,2017,10000,150,2017-10-11,17.10~19.10,신규,,,
중구,11140,만리동2가,273,11140-1300,서울역센트럴자이,59.943,21,2017,5000,145,2017-10-26,17.12~19.12,신규,,,
중구,11140,만리동2가,273,11140-1300,서울역센트럴자이,59.943,25,2017,10000,130,2017-10-13,17.11~19.11,신규,,,
중구,11140,만리동2가,273,11140-1300,서울역센트럴자이,59.943,8,2017,5000,140,2017-10-08,17.11~18.12,신규,,,
중구,11140,만리동2가,273,11140-1300,서울역센트럴자이,59.943,8,2017,8000,135,2017-10-24,17.10~19.10,신규,,,
중구,11140,만리동2가,273,11140-1300,서울역센트럴자이,59.943,9,2017,52000,0,2017-10-18,17.12~19.12,신규,,,
중구,11140,만리동2가,273,11140-1300,서울역센트럴자이,59.9808,22,2017,53000,0,2017-10-23,17.10~19.10,신규,,,
중구,11140,만리동2가,273,11140-1300,서울역센트럴자이,59.9808,3,2017,5000,150,2017-10-18,17.10~19.10,신규,,,
중구,11140,만리동2가,273,11140-1300,서울역센트럴자이,72.9733,10,2017,55000,0,2017-10-13,17.10~19.10,신규,,,
중구,11140,만리동2가,273,11140-1300,서울역센트럴자이,72.9733,19,2017,55000,0,2017-10-11,17.11~19.11,신규,,,
중구,11140,만리동2가,273,11140-1300,서울역센트럴자이,72.9932,1,2017,52000,0,2017-10-12,17.11~19.11,신규,,,
중구,11140,만리동2가,273,11140-1300,서울역센트럴자이,72.9932,15,2017,54000,0,2017-10-30,17.12~19.12,신규,,,
중구,11140,만리동2가,273,11140-1300,서울역센트럴자이,72.9965,22,2017,58000,0,2017-10-15,17.11~19.11,신규,,,
중구,11140,만리동2가,273,11140-1300,서울역센트럴자이,84.972,11,2017,60000,0,2017-10-16,17.12~19.12,신규,,,
중구,11140,만리동2가,273,11140-1300,서울역센트럴자이,84.972,13,2017,63000,0,2017-10-26,17.12~19.12,신규,,,
중구,11140,만리동2가,273,11140-1300,서울역센트럴자이,84.972,14,2017,50000,0,2017-10-28,17.12~19.12,신규,,,
중구,11140,만리동2가,273,11140-1300,서울역센트럴자이,84.972,14,2017,63500,0,2017-10-17,17.11~19.11,신규,,,
중구,11140,만리동2가,273,11140-1300,서울역센트럴자이,84.972,17,2017,32000,90,2017-10-20,17.11~19.11,신규,,,
중구,11140,만리동2가,273,11140-1300,서울역센트럴자이,84.972,20,2017,15000,150,2017-10-31,17.12~20.08,신규,,,
중구,11140,만리동2가,273,11140-1300,서울역센트럴자이,84.972,21,2017,65000,0,2017-10-02,17.12~20.02,신규,,,
중구,11140,만리동2가,273,11140-1300,서울역센트럴자이,84.972,4,2017,10000,140,2017-10-18,17.12~19.12,신규,,,
중구,11140,만리동2가,273,11140-1300,서울역센트럴자이,84.972,4,2017,59000,0,2017-10-24,17.11~19.11,신규,,,
중구,11140,만리동2가,273,11140-1300,서울역센트럴자이,84.972,5,2017,56000,0,2017-10-13,17.11~19.11,신규,,,
중구,11140,만리동2가,273,11140-1300,서울역센트럴자이,84.972,5,2017,60000,0,2017-10-30,17.12~19.12,신규,,,
중구,11140,만리동2가,273,11140-1300,서울역센트럴자이,84.9791,20,2017,62000,0,2017-10-14,17.11~19.11,신규,,,
중구,11140,만리동2가,273,11140-1300,서울역센트럴자이,84.9918,10,2017,56000,0,2017-10-19,17.12~19.12,신규,,,
중구,11140,만리동2가,273,11140-1300,서울역센트럴자이,84.9918,11,2017,1000,50,2017-10-14,17.11~18.03,신규,,,
중구,11140,만리동2가,273,11140-1300,서울역센트럴자이,84.9918,12,2017,59500,0,2017-10-25,17.11~19.11,신규,,,
중구,11140,만리동2가,273,11140-1300,서울역센트럴자이,84.9918,17,2017,63500,0,2017-10-14,17.11~20.05,신규,,,
중구,11140,만리동2가,273,11140-1300,서울역센트럴자이,84.9918,19,2017,12000,0,2017-10-23,17.10~18.10,신규,,,
중구,11140,만리동2가,273,11140-1300,서울역센트럴자이,84.9918,2,2017,15000,0,2017-10-10,17.11~19.11,신규,,,
중구,11140,만리동2가,273,11140-1300,서울역센트럴자이,84.9918,20,2017,59000,0,2017-10-23,17.12~19.12,신규,,,
중구,11140,만리동2가,273,11140-1300,서울역센트럴자이,84.9918,21,2017,13000,0,2017-10-23,17.11~19.11,신규,,,
중구,11140,만리동2가,273,11140-1300,서울역센트럴자이,84.9918,21,2017,20000,100,2017-10-09,17.10~19.10,신규,,,
중구,11140,만리동2가,273,11140-1300,서울역센트럴자이,84.9918,3,2017,900,48,2017-10-30,17.11~19.11,신규,,,
중구,11140,만리동2가,273,11140-1300,서울역센트럴자이,84.9918,5,2017,49000,0,2017-10-11,17.11~19.11,신규,,,
중구,11140,만리동2가,273,11140-1300,서울역센트럴자이,84.9918,6,2017,15000,0,2017-10-15,17.11~19.11,신규,,,
중구,11140,묵정동,11-2,11140-16,충무,54.18,2,1982,22000,0,2017-10-24,,,,,
중구,11140,묵정동,11-2,11140-16,충무,67.77,6,1982,3000,100,2017-10-18,17.11~19.11,신규,,,
중구,11140,묵정동,11-67,11140-15,묵정,52.46,9,1981,22000,0,2017-10-10,,,,,
중구,11140,순화동,217,11140-1277,덕수궁롯데캐슬,31.7571,3,2016,31000,0,2017-10-27,,,,,
중구,11140,순화동,217,11140-1277,덕수궁롯데캐슬,56.2897,11,2016,5000,150,2017-10-14,,,,,
중구,11140,순화동,217,11140-1277,덕수궁롯데캐슬,56.2897,5,2016,30000,70,2017-10-18,,,,,
중구,11140,신당동,140-23,11140-1255,신당역솔하임,14.08,20,2016,3000,60,2017-10-20,,,,,
중구,11140,신당동,160-5,11140-1217,신당아르브,18.08,3,2014,15500,0,2017-10-26,,,,,
중구,11140,신당동,292-35,11140-63,청구파크뷰,130.32,6,2003,55000,0,2017-10-31,17.10~18.02,갱신,,55000,
중구,11140,신당동,333-9,11140-45,성지,82.1,2,2002,35000,0,2017-10-23,,,,,
중구,11140,신당동,333-9,11140-45,성지,83.48,2,2002,37000,0,2017-10-16,,,,,
중구,11140,신당동,340-127,11140-1139,한스아파트,16.64,9,2011,14000,0,2017-10-26,,,,,
중구,11140,신당동,340-45,11140-1170,한스아파트B,18.9,6,2012,12500,0,2017-10-26,,,,,
중구,11140,신당동,372-13,11140-34,약수(372-13),50.91,3,1968,14500,0,2017-10-29,,,,,
중구,11140,신당동,432-657,11140-46,명경,59.71,5,2002,20000,0,2017-10-30,,,,,
중구,11140,신당동,840,11140-40,현대,122.275,1,1993,24000,60,2017-10-19,17.10~19.10,갱신,,25000,20
중구,11140,신당동,840,11140-40,현대,83.97,3,1993,6000,105,2017-10-16,,,,,
중구,11140,신당동,840,11140-40,현대,83.97,5,1993,33000,0,2017-10-16,,,,,
중구,11140,신당동,842,11140-37,약수하이츠,114.92,13,1999,20000,110,2017-10-18,,,,,
중구,11140,신당동,842,11140-37,약수하이츠,114.92,5,1999,60000,0,2017-10-17,,,,,
중구,11140,신당동,842,11140-37,약수하이츠,57.63,10,1999,20000,30,2017-10-14,,,,,
중구,11140,신당동,842,11140-37,약수하이츠,57.63,2,1999,36000,0,2017-10-14,,,,,
중구,11140,신당동,842,11140-37,약수하이츠,57.63,20,1999,37000,0,2017-10-28,,,,,
중구,11140,신당동,842,11140-37,약수하이츠,57.63,3,1999,37000,0,2017-10-30,,,,,
중구,11140,신당동,842,11140-37,약수하이츠,57.63,4,1999,36500,0,2017-10-19,,,,,
중구,11140,신당동,842,11140-37,약수하이츠,57.63,4,1999,43000,0,2017-10-27,,,,,
중구,11140,신당동,842,11140-37,약수하이츠,57.63,6,1999,36000,0,2017-10-20,,,,,
중구,11140,신당동,842,11140-37,약수하이츠,65.37,14,1999,45000,0,2017-10-21,,,,,
중구,11140,신당동,842,11140-37,약수하이츠,65.37,17,1999,8000,100,2017-10-12,,,,,
중구,11140,신당동,842,11140-37,약수하이츠,84.88,11,1999,57000,0,2017-10-31,,,,,
중구,11140,신당동,842,11140-37,약수하이츠,84.88,17,1999,5000,150,2017-10-19,,,,,
중구,11140,신당동,842,11140-37,약수하이츠,84.88,19,1999,10000,100,2017-10-13,,,,,
중구,11140,신당동,842,11140-37,약수하이츠,84.88,2,1999,48000,0,2017-10-27,,,,,
중구,11140,신당동,842,11140-37,약수하이츠,84.88,4,1999,50000,0,2017-10-28,,,,,
중구,11140,신당동,843,11140-32,삼성,59.98,12,1999,37000,0,2017-10-02,,,,,
중구,11140,신당동,843,11140-32,삼성,59.98,2,1999,36300,0,2017-10-27,,,,,
중구,11140,신당동,843,11140-32,삼성,84.96,1,1999,47000,0,2017-10-23,,,,,
중구,11140,신당동,843,11140-32,삼성,84.96,10,1999,10000,100,2017-10-28,,,,,
중구,11140,신당동,843,11140-32,삼성,84.96,10,1999,48000,0,2017-10-27,,,,,
중구,11140,신당동,843,11140-32,삼성,84.96,13,1999,50000,0,2017-10-27,,,,,
중구,11140,신당동,843,11140-32,삼성,84.96,16,1999,5000,120,2017-10-14,,,,,
중구,11140,신당동,843,11140-32,삼성,84.96,17,1999,47500,0,2017-10-18,17.11~19.11,신규,,,
중구,11140,신당동,843,11140-32,삼성,84.96,4,1999,44000,0,2017-10-31,,,,,
중구,11140,신당동,844,11140-1276,남산타운(임대),32.76,1,2002,3827,0,2017-10-20,,,,,
중구,11140,신당동,844,11140-28,남산타운,114.88,1,2002,5000,165,2017-10-14,,,,,
중구,11140,신당동,844,11140-28,남산타운,114.88,4,2002,61000,0,2017-10-18,,,,,
중구,11140,신당동,844,11140-28,남산타운,114.88,4,2002,65000,0,2017-10-30,,,,,
중구,11140,신당동,844,11140-28,남산타운,114.88,7,2002,55000,0,2017-10-17,,,,,
중구,11140,신당동,844,11140-28,남산타운,59.94,17,2002,39000,0,2017-10-19,17.12~19.12,신규,,,
중구,11140,신당동,844,11140-28,남산타운,59.94,17,2002,39000,0,2017-10-20,,,,,
중구,11140,신당동,844,11140-28,남산타운,59.94,17,2002,42000,0,2017-10-28,,,,,
중구,11140,신당동,844,11140-28,남산타운,59.94,18,2002,10000,85,2017-10-18,,,,,
중구,11140,신당동,844,11140-28,남산타운,59.94,2,2002,39500,0,2017-10-22,,,,,
중구,11140,신당동,844,11140-28,남산타운,59.94,4,2002,30000,30,2017-10-14,,,,,
중구,11140,신당동,844,11140-28,남산타운,59.94,5,2002,40000,0,2017-10-16,,,,,
중구,11140,신당동,844,11140-28,남산타운,84.88,11,2002,49000,0,2017-10-28,,,,,
중구,11140,신당동,844,11140-28,남산타운,84.88,14,2002,25000,80,2017-10-10,17.10~18.10,신규,,,
중구,11140,신당동,844,11140-28,남산타운,84.88,14,2002,30000,70,2017-10-28,,,,,
중구,11140,신당동,844,11140-28,남산타운,84.88,17,2002,52000,0,2017-10-21,,,,,
중구,11140,신당동,844,11140-28,남산타운,84.88,2,2002,51000,0,2017-10-26,,,,,
중구,11140,신당동,844,11140-28,남산타운,84.88,6,2002,30000,70,2017-10-19,,,,,
중구,11140,신당동,844,11140-28,남산타운,84.88,6,2002,5000,150,2017-10-13,,,,,
중구,11140,신당동,844,11140-28,남산타운,84.88,7,2002,2000,150,2017-10-11,,,,,
중구,11140,신당동,844,11140-28,남산타운,84.88,8,2002,40000,50,2017-10-18,,,,,
중구,11140,신당동,844,11140-28,남산타운,84.88,9,2002,20000,110,2017-10-09,,,,,
중구,11140,신당동,846,11140-33,신당동파라다이스,59.9,3,2000,19000,35,2017-10-02,,,,,
중구,11140,신당동,851,11140-1141,래미안하이베르,117,14,2011,63000,0,2017-10-25,,,,,
중구,11140,신당동,851,11140-1141,래미안하이베르,59.95,13,2011,45000,0,2017-10-10,,,,,
중구,11140,신당동,851,11140-1141,래미안하이베르,59.95,13,2011,45000,0,2017-10-14,,,,,
중구,11140,신당동,851,11140-1141,래미안하이베르,84.85,13,2011,15000,120,2017-10-28,,,,,
중구,11140,신당동,851,11140-1141,래미안하이베르,84.85,4,2011,52000,0,2017-10-21,,,,,
중구,11140,신당동,852,11140-1144,청구e편한세상,59.88,6,2011,10000,150,2017-10-23,,,,,
중구,11140,신당동,852,11140-1144,청구e편한세상,59.89,7,2011,56000,0,2017-10-01,,,,,
중구,11140,신당동,852,11140-1144,청구e편한세상,84.95,1,2011,12000,155,2017-10-22,,,,,
중구,11140,신당동,852,11140-1144,청구e편한세상,84.95,10,2011,50000,55,2017-10-12,,,,,
중구,11140,신당동,852,11140-1144,청구e편한세상,84.95,12,2011,65000,0,2017-10-14,,,,,
중구,11140,신당동,852,11140-1144,청구e편한세상,84.95,4,2011,65000,0,2017-10-17,,,,,
중구,11140,중림동,1153,11140-1145,리하우스(LEEHAUS),43.056,2,2011,10000,67,2017-10-16,,,,,
중구,11140,중림동,1154,11140-1157,더플레이스충정로,19.95,4,2012,1000,70,2017-10-30,,,,,
중구,11140,중림동,149,11140-52,성요셉,41.32,5,1971,9000,0,2017-10-24,,,,,
중구,11140,중림동,200,11140-51,삼성사이버빌리지,114.77,6,2001,65500,0,2017-10-14,,,,,
중구,11140,중림동,200,11140-51,삼성사이버빌리지,59.7,18,2001,40000,0,2017-10-28,,,,,
중구,11140,중림동,200,11140-51,삼성사이버빌리지,84.93,7,2001,55000,0,2017-10-14,,,,,
중구,11140,중림동,200,11140-51,삼성사이버빌리지,84.95,13,2001,46000,0,2017-10-11,,,,,
중구,11140,중림동,200,11140-51,삼성사이버빌리지,84.95,16,2001,22000,0,2017-10-07,17.10~19.10,신규,,,
중구,11140,중림동,200,11140-51,삼성사이버빌리지,84.95,16,2001,22000,0,2017-10-30,,,,,
중구,11140,충무로4가,120-3,11140-13,진양상가,78.28,9,1970,22000,0,2017-10-27,,,,,
중구,11140,충무로4가,306,11140-1097,남산센트럴자이,114.84,23,2009,64000,0,2017-10-21,,,,,
중구,11140,충무로5가,36-2,11140-1261,충무로엘크루메크로시티2차,22.75,4,2016,3000,65,2017-10-13,,,,,
중구,11140,황학동,1743,11140-1297,골드캐슬Ⅲ,29.7,10,2017,24000,0,2017-10-31,,,,,
중구,11140,황학동,1743,11140-1297,골드캐슬Ⅲ,29.7,11,2017,3000,100,2017-10-24,,,,,
중구,11140,황학동,2523,11140-1106,황학아크로타워,109.146,13,2010,52000,0,2017-10-11,,,,,
중구,11140,황학동,2523,11140-1106,황학아크로타워,109.146,6,2010,53200,0,2017-10-19,,,,,
중구,11140,황학동,2523,11140-1106,황학아크로타워,109.146,8,2010,51000,0,2017-10-10,,,,,
중구,11140,황학동,2523,11140-1106,황학아크로타워,130.939,6,2010,62000,0,2017-10-23,,,,,
중구,11140,황학동,2523,11140-1106,황학아크로타워,84.962,5,2010,49000,0,2017-10-13,,,,,
중구,11140,황학동,2545,11140-1039,롯데캐슬,114.9,20,2008,10000,180,2017-10-16,,,,,
중구,11140,황학동,2545,11140-1039,롯데캐슬,33.62,11,2008,2184,24,2017-10-16,,,,,
중구,11140,황학동,2545,11140-1039,롯데캐슬,33.62,19,2008,6543,0,2017-10-31,,,,,
중구,11140,황학동,2545,11140-1039,롯데캐슬,59.94,13,2008,40000,0,2017-10-24,,,,,
중구,11140,황학동,2545,11140-1039,롯데캐슬,59.94,14,2008,40000,0,2017-10-26,,,,,
중구,11140,황학동,2545,11140-1039,롯데캐슬,84.89,13,2008,50000,0,2017-10-11,,,,,
중구,11140,황학동,2545,11140-1039,롯데캐슬,84.89,16,2008,49000,0,2017-10-20,,,,,
중구,11140,황학동,2545,11140-1039,롯데캐슬,84.9,20,2008,10000,130,2017-10-25,,,,,
중구,11140,황학동,2545,11140-1039,롯데캐슬,84.92,14,2008,10000,130,2017-10-17,,,,,
중구,11140,황학동,2545,11140-1039,롯데캐슬,84.92,29,2008,48000,0,2017-10-28,,,,,
중구,11140,황학동,2545,11140-1039,롯데캐슬,84.97,18,2008,49500,0,2017-10-14,,,,,
중구,11140,황학동,2545,11140-1039,롯데캐슬,84.97,24,2008,32000,60,2017-10-14,,,,,
중구,11140,황학동,2545,11140-1039,롯데캐슬,84.97,30,2008,50000,0,2017-10-13,,,,,
중구,11140,황학동,2545,11140-1039,롯데캐슬,84.97,8,2008,48000,0,2017-10-14,,,,,
중구,11140,황학동,73-1,11140-1133,(73-1),19.15,6,1999,4000,35,2017-10-19,,,,,
중구,11140,황학동,819,11140-1206,DUO302,15.97,12,2014,1000,65,2017-10-13,,,,,
중구,11140,황학동,846,11140-1273,신당블루카운티,59.98,11,2016,39000,0,2017-10-11,,,,,
중구,11140,황학동,882,11140-1124,황학동코아루,84.95,9,2010,43000,0,2017-10-10,,,,,
중구,11140,회현동1가,146-1,11140-9,삼풍,66.24,3,1975,9000,40,2017-10-30,,,,,
중구,11140,회현동1가,146-1,11140-9,삼풍,84.01,1,1975,4500,60,2017-10-13,,,,,
중구,11140,회현동1가,206,11140-1099,SK리더스뷰남산,115.04,27,2010,85000,0,2017-10-16,,,,,
중구,11140,회현동1가,206,11140-1099,SK리더스뷰남산,115.04,9,2010,70000,0,2017-10-30,,,,,
중구,11140,회현동1가,208,11140-1142,남산롯데캐슬아이리스,133.98,12,2011,90000,0,2017-10-26,,,,,
중구,11140,회현동1가,208,11140-1142,남산롯데캐슬아이리스,33.81,24,2011,40000,0,2017-10-21,,,,,
중구,11140,흥인동,119,11140-1220,동대문와이즈캐슬,16.55,10,2014,14000,0,2017-10-23,,,,,
중구,11140,흥인동,3-4,11140-26,우일타운,56.43,15,1994,3500,120,2017-10-10,,,,,
중구,11140,흥인동,86,11140-1265,리마크빌동대문,24.96,5,2016,1000,81,2017-10-28,,,,,
중랑구,11260,망우동,226,11260-68,경남,52.71,5,1989,17000,0,2017-10-27,,,,,
중랑구,11260,망우동,226,11260-68,경남,59.94,1,1989,1500,75,2017-10-31,,,,,
중랑구,11260,망우동,226,11260-68,경남,59.94,1,1989,20000,0,2017-10-25,,,,,
중랑구,11260,망우동,479,11260-2136,한일써너스빌리젠시1단지(101동),84.66,3,2008,38000,0,2017-10-26,,,,,
중랑구,11260,망우동,495,11260-2137,한일써너스빌리젠시2단지,84.14,24,2008,12000,55,2017-10-11,,,,,
중랑구,11260,망우동,495,11260-2137,한일써너스빌리젠시2단지,84.48,9,2008,25000,0,2017-10-09,,,,,
중랑구,11260,망우동,506-14,11260-2697,(506-14),18,9,2012,500,55,2017-10-20,,,,,
중랑구,11260,망우동,506-8,11260-2668,EGSoulLeader,13.42,11,2012,3000,30,2017-10-18,,,,,
중랑구,11260,망우동,508-17,11260-77,현대,51.69,2,2002,17500,0,2017-10-26,,,,,
중랑구,11260,망우동,508-6,11260-2772,더하이어,12.0156,6,2013,500,50,2017-10-16,,,,,
중랑구,11260,망우동,573,11260-71,신원,59.62,5,1999,300,20,2017-10-30,,,,,
중랑구,11260,망우동,575,11260-75,청광,64.9136,11,2001,10000,45,2017-10-28,,,,,
중랑구,11260,망우동,580,11260-2012,금호어울림(580),59.96,7,2006,24500,0,2017-10-18,,,,,
중랑구,11260,망우동,583,11260-2564,중랑숲리가,84.956,9,2012,40000,0,2017-10-13,,,,,
중랑구,11260,망우동,583,11260-2564,중랑숲리가,84.964,9,2012,40000,0,2017-10-26,18.01~20.01,신규,,,
중랑구,11260,면목동,1077-1,11260-19,용마한신,35.44,3,1990,17000,0,2017-10-20,,,,,
중랑구,11260,면목동,132-63,11260-126,세모하이츠(A),75.75,5,2003,20000,0,2017-10-28,,,,,
중랑구,11260,면목동,1499,11260-18,용마동아,84.88,2,1993,25000,0,2017-10-30,,,,,
중랑구,11260,면목동,1502,11260-25,현대,84.09,8,1994,38000,0,2017-10-19,,,,,
중랑구,11260,면목동,1502,11260-25,현대,84.81,6,1994,28000,0,2017-10-31,,,,,
중랑구,11260,면목동,1505,11260-164,리치카운티,59.923,8,2004,30000,0,2017-10-27,,,,,
중랑구,11260,면목동,1508,11260-114,동원베네스트,84.86,12,2003,34000,0,2017-10-13,,,,,
중랑구,11260,면목동,1511,11260-1974,두산3,84.77,2,1995,35000,0,2017-10-13,,,,,
중랑구,11260,면목동,1512,11260-26,형진,109.68,13,1996,33000,0,2017-10-25,,,,,
중랑구,11260,면목동,1515,11260-13,성원상떼빌,114.75,10,1997,28000,20,2017-10-27,,,,,
중랑구,11260,면목동,1515,11260-13,성원상떼빌,114.75,10,1997,28000,20,2017-10-27,,,,,
중랑구,11260,면목동,1516,11260-11,면목삼익아파트,111.94,8,1997,24000,30,2017-10-19,,,,,
중랑구,11260,면목동,1519,11260-15,신성,59.91,10,1998,24000,0,2017-10-25,,,,,
중랑구,11260,면목동,1521,11260-8,두원,84.96,9,1998,10000,70,2017-10-13,,,,,
중랑구,11260,면목동,1522,11260-7,두산4,59.97,10,2000,23500,22,2017-10-18,,,,,
중랑구,11260,면목동,1522,11260-7,두산4,59.97,7,2000,8000,50,2017-10-09,,,,,
중랑구,11260,면목동,1522,11260-7,두산4,84.86,3,2000,30000,15,2017-10-10,,,,,
중랑구,11260,면목동,1522-1,11260-3753,두산5,59.72,17,2000,12000,60,2017-10-09,,,,,
중랑구,11260,면목동,1526,11260-1993,남청파인힐(101동),81.93,3,2006,20000,40,2017-10-17,,,,,
중랑구,11260,면목동,1529,11260-2042,경남아너스빌,59.981,11,2006,35000,0,2017-10-19,,,,,
중랑구,11260,면목동,1529,11260-2042,경남아너스빌,59.981,13,2006,35000,0,2017-10-28,,,,,
중랑구,11260,면목동,1529,11260-2042,경남아너스빌,84.961,12,2006,15000,0,2017-10-31,,,,,
중랑구,11260,면목동,1531,11260-2048,마젤란21,59.923,10,2007,26500,0,2017-10-10,,,,,
중랑구,11260,면목동,1535,11260-2724,현대휴온,35.5,8,2013,19000,0,2017-10-28,,,,,
중랑구,11260,면목동,1537,11260-3079,용마산하늘채,84.6147,7,2015,48000,0,2017-10-21,,,,,
중랑구,11260,면목동,1537,11260-3079,용마산하늘채,84.7961,1,2015,46000,0,2017-10-28,18.02~20.02,신규,,,
중랑구,11260,면목동,193-1,11260-24,면목한신,27,13,1987,1000,40,2017-10-21,,,,,
중랑구,11260,면목동,193-1,11260-24,면목한신,35.3,15,1987,16000,0,2017-10-24,,,,,
중랑구,11260,면목동,193-1,11260-24,면목한신,35.3,5,1987,1000,55,2017-10-16,,,,,
중랑구,11260,면목동,193-1,11260-24,면목한신,35.3,9,1987,1000,55,2017-10-26,,,,,
중랑구,11260,면목동,193-1,11260-24,면목한신,58.46,4,1987,20000,0,2017-10-09,,,,,
중랑구,11260,면목동,193-1,11260-24,면목한신,66.56,1,1987,20000,0,2017-10-27,,,,,
중랑구,11260,면목동,193-1,11260-24,면목한신,84.92,7,1987,29000,0,2017-10-30,17.12~19.12,신규,,,
중랑구,11260,면목동,494,11260-17,용마금호타운,84.9,1,1992,30000,0,2017-10-12,,,,,
중랑구,11260,면목동,538,11260-2791,신영,14.43,7,2013,500,45,2017-10-16,,,,,
중랑구,11260,면목동,538,11260-2791,신영,14.43,7,2013,500,45,2017-10-25,,,,,
중랑구,11260,면목동,538,11260-2791,신영,14.43,8,2013,1000,45,2017-10-16,,,,,
중랑구,11260,면목동,581,11260-31,대원칸타빌,105.9035,2,2003,42000,0,2017-10-16,,,,,
중랑구,11260,면목동,715,11260-30,늘푸른동아,84.97,18,2002,12000,90,2017-10-30,,,,,
중랑구,11260,묵동,13,11260-52,신내,39.84,2,1996,16000,0,2017-10-21,,,,,
중랑구,11260,묵동,13,11260-52,신내,39.84,8,1996,17000,0,2017-10-16,,,,,
중랑구,11260,묵동,13,11260-52,신내,39.84,8,1996,17000,0,2017-10-31,,,,,
중랑구,11260,묵동,13,11260-52,신내,59.76,1,1996,24000,0,2017-10-13,,,,,
중랑구,11260,묵동,13,11260-52,신내,59.76,1,1996,25000,0,2017-10-18,,,,,
중랑구,11260,묵동,13,11260-52,신내,59.76,7,1996,26800,0,2017-10-17,,,,,
중랑구,11260,묵동,167,11260-55,신도,114.85,18,1998,38000,10,2017-10-02,,,,,
중랑구,11260,묵동,169-11,11260-2359,위더스빌,84.98,5,2010,35000,0,2017-10-23,,,,,
중랑구,11260,묵동,188-1,11260-60,장미,92.49,5,1983,20000,0,2017-10-31,,,,,
중랑구,11260,묵동,20,11260-53,신내대림아파트,102.7,6,1995,38000,0,2017-10-27,,,,,
중랑구,11260,묵동,20,11260-53,신내대림아파트,102.7,9,1995,30000,45,2017-10-17,,,,,
중랑구,11260,묵동,20,11260-54,신내두산아파트,107.05,1,1995,13000,110,2017-10-28,,,,,
중랑구,11260,묵동,20,11260-54,신내두산아파트,126.28,9,1995,48000,0,2017-10-28,,,,,
중랑구,11260,묵동,385,11260-65,현대아이파크,84.9416,7,2002,20000,70,2017-10-31,,,,,
중랑구,11260,묵동,386,11260-109,금호어울림,84.71,3,2003,18000,70,2017-10-15,,,,,
중랑구,11260,묵동,387,11260-108,브라운스톤태릉,59.4364,4,2004,10000,80,2017-10-19,,,,,
중랑구,11260,묵동,388,11260-151,동구햇살,84.97,8,2004,35000,0,2017-10-17,,,,,
중랑구,11260,묵동,388,11260-151,동구햇살,84.97,8,2004,35500,0,2017-10-20,,,,,
중랑구,11260,묵동,392,11260-2307,월드메르디앙,83.51,11,2009,38000,0,2017-10-21,,,,,
중랑구,11260,묵동,392,11260-2307,월드메르디앙,83.51,4,2009,39000,0,2017-10-29,,,,,
중랑구,11260,묵동,392,11260-2307,월드메르디앙,83.51,8,2009,38000,0,2017-10-13,,,,,
중랑구,11260,묵동,393,11260-2711,묵동포레시타,14.95,3,2013,11000,0,2017-10-14,,,,,
중랑구,11260,묵동,396,11260-3783,이편한세상화랑대,59.953,3,2017,24800,0,2017-10-31,,,,,
중랑구,11260,묵동,396,11260-3783,이편한세상화랑대,59.953,3,2017,24800,0,2017-10-31,,,,,
중랑구,11260,묵동,396,11260-3783,이편한세상화랑대,59.953,3,2017,24800,0,2017-10-31,,,,,
중랑구,11260,상봉동,1,11260-32,건영1,84.96,1,1997,33000,0,2017-10-19,,,,,
중랑구,11260,상봉동,113-1,11260-2879,포시티,14.855,17,2014,8500,0,2017-10-21,,,,,
중랑구,11260,상봉동,127-15,11260-2795,베스트엘리시온,18.09,6,2013,10000,0,2017-10-22,,,,,
중랑구,11260,상봉동,484,11260-36,"엘지,쌍용아파트",68.12,1,1996,25000,0,2017-10-28,,,,,
중랑구,11260,상봉동,484,11260-36,"엘지,쌍용아파트",68.12,5,1996,29500,0,2017-10-16,,,,,
중랑구,11260,상봉동,484,11260-36,"엘지,쌍용아파트",84.67,7,1996,33000,0,2017-10-31,,,,,
중랑구,11260,상봉동,495,11260-35,동부아파트,54,10,1999,25000,0,2017-10-27,,,,,
중랑구,11260,상봉동,496,11260-37,우정아파트,110.2786,17,2002,40000,0,2017-10-16,,,,,
중랑구,11260,상봉동,497,11260-107,태영데시앙1,59.6772,10,2003,33000,0,2017-10-19,,,,,
중랑구,11260,상봉동,497,11260-107,태영데시앙1,84.9353,14,2003,40500,0,2017-10-12,,,,,
중랑구,11260,상봉동,497,11260-107,태영데시앙1,84.9353,16,2003,40000,0,2017-10-11,,,,,
중랑구,11260,상봉동,497,11260-107,태영데시앙1,84.9353,8,2003,38000,0,2017-10-31,,,,,
중랑구,11260,상봉동,499,11260-2002,건영캐스빌,84.6475,11,2006,40000,0,2017-10-23,,,,,
중랑구,11260,상봉동,499,11260-2002,건영캐스빌,84.6475,15,2006,41500,0,2017-10-15,,,,,
중랑구,11260,상봉동,500,11260-2804,프레미어스엠코,101.97,9,2013,50000,0,2017-10-17,,,,,
중랑구,11260,상봉동,500,11260-2804,프레미어스엠코,128.93,36,2013,65000,0,2017-10-13,,,,,
중랑구,11260,상봉동,500,11260-2804,프레미어스엠코,134.87,44,2013,68000,0,2017-10-21,,,,,
중랑구,11260,상봉동,63,11260-33,건영2차아파트,57.3,13,1996,26000,0,2017-10-01,,,,,
중랑구,11260,상봉동,63,11260-33,건영2차아파트,74.25,20,1996,31000,0,2017-10-31,,,,,
중랑구,11260,상봉동,63,11260-33,건영2차아파트,84.96,23,1996,35000,0,2017-10-28,,,,,
중랑구,11260,상봉동,63,11260-33,건영2차아파트,84.96,4,1996,32000,0,2017-10-26,,,,,
중랑구,11260,상봉동,81-5,11260-105,한일써너스빌,66.254,13,2003,33000,0,2017-10-28,,,,,
중랑구,11260,상봉동,81-5,11260-105,한일써너스빌,66.254,15,2003,34000,0,2017-10-21,18.01~20.01,신규,,,
중랑구,11260,상봉동,81-5,11260-105,한일써너스빌,66.254,19,2003,19500,30,2017-10-28,,,,,
중랑구,11260,상봉동,85-18,11260-118,문수해오름,81.24,5,2003,28000,0,2017-10-28,,,,,
중랑구,11260,신내동,317,11260-2336,데시앙,114.71,8,2010,48000,0,2017-10-31,,,,,
중랑구,11260,신내동,317,11260-2336,데시앙,114.99,1,2010,45000,0,2017-10-21,17.11~19.11,신규,,,
중랑구,11260,신내동,317,11260-2336,데시앙,59.7,4,2010,13971,0,2017-10-12,,,,,
중랑구,11260,신내동,317,11260-2336,데시앙,59.99,5,2010,35000,0,2017-10-13,,,,,
중랑구,11260,신내동,317,11260-2336,데시앙,59.99,6,2010,13971,0,2017-10-12,,,,,
중랑구,11260,신내동,317,11260-2336,데시앙,59.99,8,2010,13971,0,2017-10-13,,,,,
중랑구,11260,신내동,317,11260-2336,데시앙,84.45,8,2010,25000,50,2017-10-10,,,,,
중랑구,11260,신내동,317,11260-2336,데시앙,84.99,1,2010,21168,0,2017-10-27,,,,,
중랑구,11260,신내동,397,11260-83,동성1,125.48,1,1993,30000,0,2017-10-28,,,,,
중랑구,11260,신내동,397,11260-83,동성1,59.4,10,1993,24000,0,2017-10-31,,,,,
중랑구,11260,신내동,397,11260-83,동성1,59.4,8,1993,10000,50,2017-10-07,,,,,
중랑구,11260,신내동,397,11260-83,동성1,59.4,8,1993,25500,0,2017-10-23,,,,,
중랑구,11260,신내동,397,11260-83,동성1,84.98,15,1993,33000,0,2017-10-28,,,,,
중랑구,11260,신내동,397,11260-83,동성1,84.98,3,1993,33000,0,2017-10-25,,,,,
중랑구,11260,신내동,408-2,11260-93,원당,63,4,1989,18000,0,2017-10-26,,,,,
중랑구,11260,신내동,437,11260-87,벽산,134.94,15,2000,500,20,2017-10-15,,,,,
중랑구,11260,신내동,437,11260-87,벽산,134.94,17,2000,15000,50,2017-10-05,,,,,
중랑구,11260,신내동,437,11260-87,벽산,59.783,14,2000,24000,0,2017-10-09,,,,,
중랑구,11260,신내동,437,11260-87,벽산,59.783,6,2000,24000,0,2017-10-30,,,,,
중랑구,11260,신내동,449-1,11260-79,경원,55.89,3,1989,16000,0,2017-10-10,,,,,
중랑구,11260,신내동,479,11260-94,중앙하이츠,84.97,15,1996,29000,0,2017-10-18,,,,,
중랑구,11260,신내동,479,11260-94,중앙하이츠,84.97,8,1996,29000,0,2017-10-24,,,,,
중랑구,11260,신내동,487,11260-86,라이프미성,59.23,12,1992,10000,40,2017-10-24,,,,,
중랑구,11260,신내동,487,11260-86,라이프미성,59.6,7,1992,18000,0,2017-10-12,,,,,
중랑구,11260,신내동,591,11260-101,동성아파트,84.08,1,1997,6000,20,2017-10-24,,,,,
중랑구,11260,신내동,618,11260-100,동성3,132.77,22,1997,27000,0,2017-10-29,,,,,
중랑구,11260,신내동,618,11260-100,동성3,132.77,22,1997,8000,0,2017-10-29,,,,,
중랑구,11260,신내동,618,11260-100,동성3,134.88,10,1997,32000,0,2017-10-11,17.10~18.03,신규,,,
중랑구,11260,신내동,618,11260-100,동성3,59.4,15,1997,24000,0,2017-10-27,,,,,
중랑구,11260,신내동,618,11260-100,동성3,59.4,19,1997,23000,0,2017-10-20,,,,,
중랑구,11260,신내동,618,11260-100,동성3,59.4,2,1997,4000,60,2017-10-13,,,,,
중랑구,11260,신내동,618,11260-100,동성3,59.4,6,1997,24500,0,2017-10-13,,,,,
중랑구,11260,신내동,618,11260-100,동성3,59.4,8,1997,24000,0,2017-10-14,,,,,
중랑구,11260,신내동,618,11260-100,동성3,84.08,5,1997,32000,0,2017-10-05,,,,,
중랑구,11260,신내동,650,11260-92,신내6대주,39.84,3,1996,19200,0,2017-10-21,,,,,
중랑구,11260,신내동,650,11260-92,신내6대주,39.84,5,1996,19000,0,2017-10-12,,,,,
중랑구,11260,신내동,650,11260-92,신내6대주,39.84,6,1996,18000,0,2017-10-19,17.10~19.10,갱신,,16000,
중랑구,11260,신내동,650,11260-92,신내6대주,49.77,1,1996,22000,0,2017-10-14,,,,,
중랑구,11260,신내동,650,11260-92,신내6대주,49.77,1,1996,22000,0,2017-10-30,,,,,
중랑구,11260,신내동,650,11260-92,신내6대주,49.77,12,1996,25000,0,2017-10-21,,,,,
중랑구,11260,신내동,650,11260-92,신내6대주,49.77,5,1996,24000,0,2017-10-30,,,,,
중랑구,11260,신내동,650,11260-92,신내6대주,49.77,6,1996,25000,0,2017-10-12,,,,,
중랑구,11260,신내동,650,11260-92,신내6대주,49.77,8,1996,5000,65,2017-10-23,,,,,
중랑구,11260,신내동,650,11260-92,신내6대주,59.76,1,1996,25000,0,2017-10-12,,,,,
중랑구,11260,신내동,650,11260-92,신내6대주,59.76,7,1996,3000,80,2017-10-19,,,,,
중랑구,11260,신내동,654,11260-95,진로아파트,134.37,7,1995,48000,0,2017-10-27,,,,,
중랑구,11260,신내동,654,11260-95,진로아파트,163.63,3,1995,46000,0,2017-10-27,,,,,
중랑구,11260,신내동,657,11260-98,신내9진흥,33.18,3,1996,1000,40,2017-10-30,17.11~19.11,신규,,,
중랑구,11260,신내동,657,11260-98,신내9진흥,33.18,4,1996,15000,0,2017-10-12,,,,,
중랑구,11260,신내동,657,11260-98,신내9진흥,33.18,5,1996,16000,0,2017-10-23,,,,,
중랑구,11260,신내동,657,11260-98,신내9진흥,33.18,6,1996,15000,0,2017-10-21,,,,,
중랑구,11260,신내동,657,11260-98,신내9진흥,33.18,8,1996,1000,55,2017-10-12,17.10~19.10,신규,,,
중랑구,11260,신내동,657,11260-98,신내9진흥,33.18,9,1996,1000,55,2017-10-25,,,,,
중랑구,11260,신내동,657,11260-98,신내9진흥,39.84,1,1996,16000,0,2017-10-12,,,,,
중랑구,11260,신내동,657,11260-98,신내9진흥,39.84,7,1996,17000,0,2017-10-12,,,,,
중랑구,11260,신내동,657,11260-98,신내9진흥,39.84,9,1996,18000,0,2017-10-09,,,,,
중랑구,11260,신내동,657,11260-98,신내9진흥,39.84,9,1996,3000,35,2017-10-24,,,,,
중랑구,11260,신내동,657,11260-98,신내9진흥,49.93,10,1996,23000,0,2017-10-30,,,,,
중랑구,11260,신내동,657,11260-98,신내9진흥,49.93,12,1996,23000,0,2017-10-13,17.12~19.12,신규,,,
중랑구,11260,신내동,657,11260-98,신내9진흥,49.93,3,1996,22000,0,2017-10-11,,,,,
중랑구,11260,신내동,657,11260-98,신내9진흥,49.93,5,1996,23000,0,2017-10-12,,,,,
중랑구,11260,신내동,657,11260-98,신내9진흥,49.93,5,1996,23000,0,2017-10-12,,,,,
중랑구,11260,신내동,661,11260-99,신내11대명,39.76,1,1996,3000,45,2017-10-09,,,,,
중랑구,11260,신내동,661,11260-99,신내11대명,39.76,14,1996,2000,60,2017-10-09,,,,,
중랑구,11260,신내동,661,11260-99,신내11대명,39.76,2,1996,18000,0,2017-10-21,,,,,
중랑구,11260,신내동,661,11260-99,신내11대명,39.76,9,1996,18500,0,2017-10-21,,,,,
중랑구,11260,신내동,661,11260-99,신내11대명,49.77,12,1996,22000,0,2017-10-16,,,,,
중랑구,11260,신내동,661,11260-99,신내11대명,49.77,3,1996,21000,0,2017-10-23,,,,,
중랑구,11260,신내동,661,11260-99,신내11대명,59.76,8,1996,23000,0,2017-10-19,17.10~19.10,갱신,,22000,
중랑구,11260,신내동,783,11260-91,성원,84.32,10,1994,32000,0,2017-10-16,,,,,
중랑구,11260,신내동,783,11260-91,성원,84.32,15,1994,28000,0,2017-10-30,,,,,
중랑구,11260,신내동,783,11260-91,성원,84.32,4,1994,30000,0,2017-10-20,17.12~19.12,신규,,,
중랑구,11260,신내동,783,11260-91,성원,84.4,6,1994,29000,0,2017-10-30,,,,,
중랑구,11260,신내동,785,11260-1971,건영2차,57.3,25,1996,26000,0,2017-10-21,,,,,
중랑구,11260,신내동,785,11260-1971,건영2차,57.3,8,1996,25900,0,2017-10-26,,,,,
중랑구,11260,신내동,785,11260-1971,건영2차,84.96,16,1996,20500,35,2017-10-08,,,,,
중랑구,11260,신내동,785,11260-1971,건영2차,84.96,16,1996,33000,0,2017-10-16,,,,,
중랑구,11260,신내동,785,11260-1971,건영2차,84.96,3,1996,33500,0,2017-10-24,17.11~19.11,신규,,,
중랑구,11260,신내동,788,11260-102,동성5,59.91,14,1997,21000,0,2017-10-14,,,,,
중랑구,11260,신내동,797,11260-103,동성7,59.34,14,1999,24000,0,2017-10-26,,,,,
중랑구,11260,신내동,797,11260-103,동성7,59.34,2,1999,24000,0,2017-10-19,,,,,
중랑구,11260,신내동,801,11260-163,영풍마드레빌,84.8485,14,2004,35000,0,2017-10-13,,,,,
중랑구,11260,신내동,801,11260-163,영풍마드레빌,84.8485,16,2004,5000,90,2017-10-19,,,,,
중랑구,11260,신내동,802,11260-232,우남푸르미아,84.67,12,2005,32500,0,2017-10-20,,,,,
중랑구,11260,신내동,803,11260-236,대성유니트,59.96,6,2005,8000,60,2017-10-24,,,,,
중랑구,11260,신내동,816,11260-2893,신내우디안1단지,59.49,17,2014,23000,30,2017-10-27,,,,,
중랑구,11260,신내동,816,11260-2893,신내우디안1단지,84.94,22,2014,5000,125,2017-10-10,,,,,
중랑구,11260,신내동,817,11260-2821,신내 데시앙포레,114.54,8,2013,29680,0,2017-10-31,17.11~20.01,신규,,,
중랑구,11260,신내동,817,11260-2821,신내 데시앙포레,84.65,15,2013,36000,0,2017-10-25,17.10~19.10,갱신,,20000,50
중랑구,11260,신내동,817,11260-2821,신내 데시앙포레,84.94,6,2013,38000,0,2017-10-11,17.10~19.10,신규,,,
중랑구,11260,신내동,817,11260-2821,신내 데시앙포레,84.94,9,2013,36000,0,2017-10-21,17.12~19.12,신규,,,
중랑구,11260,신내동,817,11260-2821,신내 데시앙포레,84.94,9,2013,37000,0,2017-10-28,,,,,
중랑구,11260,중화동,110-26,11260-119,로얄,76.65,2,2004,16000,10,2017-10-31,,,,,
중랑구,11260,중화동,19,11260-43,극동,84.91,4,1991,24000,0,2017-10-17,,,,,
중랑구,11260,중화동,208-33,11260-2353,동양엔파트,84.35,4,2010,5000,120,2017-10-13,,,,,
중랑구,11260,중화동,307-6,11260-145,강오(B동),71.86,7,2004,27000,0,2017-10-21,,,,,
중랑구,11260,중화동,314-1,11260-229,태능에셈빌,84.843,7,2005,21000,0,2017-10-24,,,,,
중랑구,11260,중화동,314-1,11260-229,태능에셈빌,84.843,8,2005,33000,0,2017-10-18,,,,,
중랑구,11260,중화동,318-81,11260-2009,태솔,69.6,3,2006,1000,20,2017-10-16,,,,,
중랑구,11260,중화동,450,11260-46,한신아파트상가동유치원동(103~109),50.37,9,1997,5000,60,2017-10-19,,,,,
중랑구,11260,중화동,450,11260-46,한신아파트상가동유치원동(103~109),59.76,15,1997,29000,0,2017-10-23,,,,,
중랑구,11260,중화동,450,11260-46,한신아파트상가동유치원동(103~109),59.76,2,1997,29000,0,2017-10-10,,,,,
중랑구,11260,중화동,450,11260-46,한신아파트상가동유치원동(103~109),84.03,7,1997,32000,0,2017-10-18,17.10~19.10,갱신,,30000,
중랑구,11260,중화동,450,11260-46,한신아파트상가동유치원동(103~109),84.2,19,1997,35000,0,2017-10-11,,,,,
중랑구,11260,중화동,452,11260-44,동구햇살아파트101동,75.61,9,2001,26000,0,2017-10-20,,,,,
중랑구,11260,중화동,453,11260-2061,청광플러스원,67.75,1,2007,17325,0,2017-10-19,17.10~19.10,신규,,,
중랑구,11260,중화동,453,11260-2061,청광플러스원,84.69,8,2007,27000,30,2017-10-26,,,,,
