구,시군구코드,법정동코드,법정동,지번,단지코드,아파트명,동,전용면적,층,건축년도,거래금액,계약일,해제여부,해제일,거래유형,매수자,매도자,등기일
종로구,11110,18700,무악동,88,11110-2417,인왕산2차아이파크,,84.068,14,2015,72500,2017-12-30,,,,,,
종로구,11110,18300,평창동,45,11110-146,벽산블루밍평창힐스,,150.94,4,2004,88500,2017-12-19,,,,,,
종로구,11110,18700,무악동,60,11110-2212,인왕산아이파크,,114.931,4,2008,88500,2017-12-27,,,,,,
종로구,11110,11500,사직동,9-1,11110-2204,광화문스페이스본(106동),,153.42,4,2008,115200,2017-12-29,,,,,,
종로구,11110,18700,무악동,60,11110-2212,인왕산아이파크,,84.858,1,2008,70000,2017-12-26,,,,,,
종로구,11110,18100,행촌동,41-1,11110-52,대성아파트,,94.94,3,1971,31000,2017-12-27,,,,,,
종로구,11110,17400,창신동,601-1,11110-153,MID그린(2동),,54.72,4,2002,23500,2017-12-23,,,,,,
종로구,11110,11500,사직동,9,11110-2203,광화문스페이스본(101동~105동),,151.81,2,2008,107000,2017-12-30,,,,,,
종로구,11110,18700,무악동,82,11110-90,현대,,84.92,23,2000,67490,2017-12-12,,,,,,
종로구,11110,17500,숭인동,2-1,11110-2224,종로센트레빌,,59.92,11,2008,51500,2017-12-17,,,,,,
종로구,11110,17400,창신동,703,11110-91,창신쌍용2,,54.7,10,1993,34400,2017-12-26,,,,,,
종로구,11110,18700,무악동,60,11110-2212,인왕산아이파크,,84.858,3,2008,67500,2017-12-30,,,,,,
종로구,11110,10100,청운동,56-45,11110-4,청운현대,,129.76,5,2000,91000,2017-12-19,,,,,,
종로구,11110,18300,평창동,596,11110-73,삼성,,84.98,3,1998,40000,2017-12-13,,,,,,
종로구,11110,11500,사직동,9,11110-2203,광화문스페이스본(101동~105동),,94.51,7,2008,88500,2017-12-21,,,,,,
종로구,11110,17500,숭인동,2-1,11110-2224,종로센트레빌,,59.92,12,2008,52000,2017-12-26,,,,,,
종로구,11110,17400,창신동,702,11110-37,창신쌍용1,,79.87,3,1992,46300,2017-12-21,,,,,,
종로구,11110,18600,신영동,105-22,11110-89,구암하이빌,,59.09,5,2002,28000,2017-12-12,,,,,,
종로구,11110,18300,평창동,45,11110-146,벽산블루밍평창힐스,,186.9,4,2004,105000,2017-12-11,,,,,,
종로구,11110,17400,창신동,703,11110-91,창신쌍용2,,79.87,10,1993,42800,2017-12-04,,,,,,
종로구,11110,18700,무악동,82,11110-90,현대,,84.92,6,2000,64490,2017-12-25,,,,,,
종로구,11110,17100,명륜2가,4,11110-25,아남1,,84.9,13,1995,70700,2017-12-09,,,,,,
종로구,11110,17100,명륜2가,4,11110-25,아남1,,84.9,18,1995,72000,2017-12-21,,,,,,
종로구,11110,17400,창신동,702,11110-37,창신쌍용1,,79.87,10,1992,46800,2017-12-17,,,,,,
종로구,11110,11500,사직동,9,11110-2203,광화문스페이스본(101동~105동),,158.99,1,2008,111000,2017-12-08,,,,,,
종로구,11110,11500,사직동,9,11110-2203,광화문스페이스본(101동~105동),,158.99,12,2008,140000,2017-12-02,,,,,,
종로구,11110,18300,평창동,45,11110-146,벽산블루밍평창힐스,,150.94,1,2004,83500,2017-12-16,,,,,,
종로구,11110,17500,숭인동,202-3,11110-2339,종로중흥S클래스,,17.811,10,2013,13700,2017-12-23,,,,,,
종로구,11110,18300,평창동,72,11110-71,롯데낙천대,,110.53,8,2001,69500,2017-12-28,,,,,,
종로구,11110,17500,숭인동,2-1,11110-2224,종로센트레빌,,59.92,4,2008,52000,2017-12-28,,,,,,
종로구,11110,17400,창신동,703,11110-91,창신쌍용2,,64.66,11,1993,39200,2017-12-08,,,,,,
종로구,11110,17400,창신동,703,11110-91,창신쌍용2,,79.87,4,1993,43000,2017-12-28,,,,,,
종로구,11110,17400,창신동,703,11110-91,창신쌍용2,,54.7,7,1993,34800,2017-12-27,,,,,,
종로구,11110,11300,필운동,142,11110-211,사직파크맨션,,99.17,5,1973,54000,2017-12-10,,,,,,
종로구,11110,18700,무악동,60,11110-2212,인왕산아이파크,,84.858,6,2008,79000,2017-12-23,,,,,,
종로구,11110,17400,창신동,703,11110-91,창신쌍용2,,79.87,12,1993,43000,2017-12-23,,,,,,
종로구,11110,18300,평창동,108,11110-2246,롯데캐슬로잔,,219.775,2,2009,172000,2017-12-27,,,,,,
종로구,11110,17000,명륜1가,2-12,11110-127,송림아마레스아파트,,75.62,5,2003,46500,2017-12-16,,,,,,
종로구,11110,17500,숭인동,766,11110-2234,종로청계힐스테이트,,59.9426,9,2009,55000,2017-12-20,,,,,,
종로구,11110,17500,숭인동,318-2,11110-2368,삼전솔하임4차,,15.09,12,2014,13800,2017-12-26,,,,,,
종로구,11110,17400,창신동,703,11110-91,창신쌍용2,,64.66,4,1993,36800,2017-12-01,,,,,,
종로구,11110,17400,창신동,702,11110-37,창신쌍용1,,79.87,2,1992,44950,2017-12-09,,,,,,
종로구,11110,11800,내수동,110-15,11110-118,킹스매너,,218.86,2,2004,123500,2017-12-29,,,,,,
종로구,11110,16600,연건동,195-10,11110-2359,이화에수풀,,16.98,10,2014,18900,2017-12-25,,,,,,
종로구,11110,18000,교북동,101,11110-51,동아,,84.28,5,1995,56500,2017-12-14,,,,,,
종로구,11110,18700,무악동,82,11110-90,현대,,84.92,17,2000,69490,2017-12-07,,,,,,
종로구,11110,17400,창신동,703,11110-91,창신쌍용2,,64.66,6,1993,37000,2017-12-23,,,,,,
종로구,11110,18700,무악동,88,11110-2417,인왕산2차아이파크,,84.2427,11,2015,69500,2017-12-02,,,,,,
종로구,11110,18700,무악동,88,11110-2417,인왕산2차아이파크,,84.0284,7,2015,71000,2017-12-09,,,,,,
종로구,11110,18700,무악동,60,11110-2212,인왕산아이파크,,84.858,7,2008,75500,2017-12-02,,,,,,
종로구,11110,17500,숭인동,2-1,11110-2224,종로센트레빌,,59.92,1,2008,48000,2017-12-08,,,,,,
종로구,11110,18700,무악동,82,11110-90,현대,,60,9,2000,49490,2017-12-01,,,,,,
종로구,11110,17500,숭인동,2-1,11110-2224,종로센트레빌,,59.92,3,2008,51950,2017-12-22,,,,,,
종로구,11110,17500,숭인동,2-1,11110-2224,종로센트레빌,,59.92,6,2008,51500,2017-12-16,,,,,,
종로구,11110,17400,창신동,703,11110-91,창신쌍용2,,64.66,8,1993,37000,2017-12-30,,,,,,
종로구,11110,17500,숭인동,318-2,11110-2368,삼전솔하임4차,,15.09,15,2014,13700,2017-12-23,,,,,,
종로구,11110,17900,홍파동,199,11110-2445,경희궁자이(2단지),,59.855,15,2017,96500,2017-12-17,,,,,,
종로구,11110,18700,무악동,82,11110-90,현대,,60,7,2000,53990,2017-12-19,,,,,,
종로구,11110,11500,사직동,9,11110-2203,광화문스페이스본(101동~105동),,97.61,3,2008,87000,2017-12-20,,,,,,
종로구,11110,11800,내수동,167,11110-14,세종로대우,,109.91,10,1994,73500,2017-12-08,,,,,,
종로구,11110,17500,숭인동,1421-2,11110-2366,숭인한양LEEPS,,12.78,6,2014,12500,2017-12-05,,,,,,
종로구,11110,11500,사직동,9,11110-2203,광화문스페이스본(101동~105동),,108.07,6,2008,95000,2017-12-15,,,,,,
종로구,11110,12000,신문로1가,238,11110-15,신문로맨션,,91.53,10,1981,51000,2017-12-13,,,,,,
종로구,11110,17500,숭인동,318-2,11110-2368,삼전솔하임4차,,15.09,12,2014,13600,2017-12-19,,,,,,
종로구,11110,17400,창신동,601-5,11110-97,MID그린(4동),,59.55,7,2002,23800,2017-12-05,,,,,,
종로구,11110,17400,창신동,702,11110-37,창신쌍용1,,54.7,13,1992,38800,2017-12-14,,,,,,
종로구,11110,11500,사직동,9,11110-2203,광화문스페이스본(101동~105동),,121.37,2,2008,89900,2017-12-07,,,,,,
종로구,11110,18700,무악동,88,11110-2417,인왕산2차아이파크,,84.068,6,2015,68000,2017-12-05,,,,,,
종로구,11110,17500,숭인동,1421,11110-2336,버넷하임1,,17.93,15,2013,13000,2017-12-12,,,,,,
중구,11140,17400,만리동2가,273,11140-1300,서울역센트럴자이,,59.943,17,2017,85000,2017-12-30,,,,,,
중구,11140,16200,신당동,844,11140-28,남산타운,,84.88,2,2002,67800,2017-12-28,,,,,,
중구,11140,16200,신당동,844,11140-28,남산타운,,59.94,1,2002,51000,2017-12-24,,,,,,
중구,11140,16200,신당동,844,11140-28,남산타운,,84.88,11,2002,71500,2017-12-23,,,,,,
중구,11140,13200,충무로4가,120-3,11140-13,진양상가,,71.93,12,1970,45000,2017-12-23,,,,,,
중구,11140,16200,신당동,844,11140-28,남산타운,,59.94,4,2002,56000,2017-12-21,,,,,,
중구,11140,16200,신당동,844,11140-28,남산타운,,114.88,16,2002,89000,2017-12-26,,,,,,
중구,11140,16200,신당동,432-1653,11140-50,노블레스2,,84.84,2,2002,65000,2017-12-19,,,,,,
중구,11140,16200,신당동,845,11140-1012,한진해모로,,84.96,7,2001,51000,2017-12-18,,,,,,
중구,11140,13200,충무로4가,120-3,11140-13,진양상가,,95.8,9,1970,48500,2017-12-23,,,,,,
중구,11140,16200,신당동,843,11140-32,삼성,,84.96,12,1999,62000,2017-12-29,,,,,,
중구,11140,16200,신당동,844,11140-28,남산타운,,114.88,11,2002,88800,2017-12-28,,,,,,
중구,11140,16200,신당동,844,11140-28,남산타운,,114.88,2,2002,77500,2017-12-12,,,,,,
중구,11140,16200,신당동,844,11140-28,남산타운,,84.88,15,2002,70000,2017-12-18,,,,,,
중구,11140,17100,중림동,200,11140-51,삼성사이버빌리지,,84.95,5,2001,77800,2017-12-30,,,,,,
중구,11140,16200,신당동,852,11140-1144,청구e편한세상,,84.95,11,2011,89500,2017-12-30,,,,,,
중구,11140,16200,신당동,851,11140-1141,래미안하이베르,,59.74,7,2011,60000,2017-12-23,,,,,,
중구,11140,16200,신당동,844,11140-28,남산타운,,59.94,16,2002,61000,2017-12-23,,,,,,
중구,11140,16200,신당동,844,11140-28,남산타운,,84.88,11,2002,69700,2017-12-05,,,,,,
중구,11140,16200,신당동,851,11140-1141,래미안하이베르,,84.98,3,2011,72500,2017-12-19,,,,,,
중구,11140,16200,신당동,844,11140-28,남산타운,,59.94,9,2002,56500,2017-12-29,,,,,,
중구,11140,16200,신당동,840,11140-40,현대,,83.97,7,1993,52000,2017-12-13,,,,,,
중구,11140,16300,흥인동,13-1,11140-1226,청계천두산위브더제니스,,123.8073,4,2014,90000,2017-12-20,,,,,,
중구,11140,16200,신당동,851,11140-1141,래미안하이베르,,84.85,4,2011,68000,2017-12-26,,,,,,
중구,11140,13700,필동1가,51-11,11140-1131,하니맨션,,42.98,10,1972,15000,2017-12-07,,,,,,
중구,11140,16200,신당동,851,11140-1141,래미안하이베르,,84.97,2,2011,63000,2017-12-30,,,,,,
중구,11140,16200,신당동,217-95,11140-30,동평화패션타운,,46.07,8,1968,28000,2017-12-27,,,,,,
중구,11140,13400,인현동2가,192-30,11140-14,인현상가/신성아파트,,76.96,10,1968,33000,2017-12-04,,,,,,
중구,11140,16200,신당동,844,11140-28,남산타운,,59.94,12,2002,57000,2017-12-27,,,,,,
중구,11140,16500,황학동,2545,11140-1039,롯데캐슬,,114.9,26,2008,72500,2017-12-22,,,,,,
중구,11140,13200,충무로4가,306,11140-1097,남산센트럴자이,,160.505,25,2009,110000,2017-12-06,,,,,,
중구,11140,16200,신당동,842,11140-37,약수하이츠,,114.92,5,1999,75000,2017-12-30,,,,,,
중구,11140,16200,신당동,842,11140-37,약수하이츠,,65.37,6,1999,57000,2017-12-25,,,,,,
중구,11140,16200,신당동,842,11140-37,약수하이츠,,57.63,12,1999,55500,2017-12-20,,,,,,
중구,11140,16200,신당동,844,11140-28,남산타운,,59.94,11,2002,58000,2017-12-16,,,,,,
중구,11140,16200,신당동,842,11140-37,약수하이츠,,57.63,6,1999,50900,2017-12-16,,,,,,
중구,11140,16200,신당동,843,11140-32,삼성,,84.96,10,1999,64500,2017-12-19,,,,,,
중구,11140,16200,신당동,842,11140-37,약수하이츠,,84.88,17,1999,73250,2017-12-23,,,,,,
중구,11140,16200,신당동,851,11140-1141,래미안하이베르,,59.95,15,2011,58000,2017-12-21,,,,,,
중구,11140,16200,신당동,844,11140-28,남산타운,,84.88,16,2002,72500,2017-12-22,,,,,,
중구,11140,12100,회현동1가,208,11140-1142,남산롯데캐슬아이리스,,40.9,10,2011,55000,2017-12-19,,,,,,
중구,11140,16200,신당동,844,11140-28,남산타운,,59.94,4,2002,58500,2017-12-27,,,,,,
중구,11140,16200,신당동,840,11140-40,현대,,79.11,7,1993,52000,2017-12-16,,,,,,
중구,11140,16200,신당동,840,11140-40,현대,,122.275,6,1993,62000,2017-12-19,,,,,,
중구,11140,16200,신당동,851,11140-1141,래미안하이베르,,84.85,2,2011,67400,2017-12-05,,,,,,
중구,11140,16200,신당동,842,11140-37,약수하이츠,,57.63,4,1999,53000,2017-12-14,,,,,,
중구,11140,16200,신당동,842,11140-37,약수하이츠,,57.63,8,1999,53350,2017-12-08,,,,,,
중구,11140,16200,신당동,852,11140-1144,청구e편한세상,,59.89,7,2011,73500,2017-12-16,,,,,,
중구,11140,16200,신당동,844,11140-28,남산타운,,59.94,9,2002,55500,2017-12-22,,,,,,
중구,11140,17100,중림동,200,11140-51,삼성사이버빌리지,,84.93,5,2001,71800,2017-12-15,,,,,,
중구,11140,16300,흥인동,13-1,11140-1226,청계천두산위브더제니스,,123.8073,18,2014,94000,2017-12-13,,,,,,
중구,11140,16200,신당동,840,11140-40,현대,,139.275,12,1993,62000,2017-12-26,,,,,,
중구,11140,16200,신당동,844,11140-28,남산타운,,84.88,18,2002,66800,2017-12-01,,,,,,
중구,11140,16200,신당동,844,11140-28,남산타운,,114.88,8,2002,84000,2017-12-14,,,,,,
중구,11140,16200,신당동,842,11140-37,약수하이츠,,114.92,1,1999,70000,2017-12-26,,,,,,
중구,11140,16200,신당동,842,11140-37,약수하이츠,,114.92,20,1999,75000,2017-12-21,,,,,,
중구,11140,16200,신당동,850,11140-990,신당푸르지오,,114.48,10,2005,72500,2017-12-16,,,,,,
중구,11140,16200,신당동,844,11140-28,남산타운,,114.88,14,2002,80900,2017-12-27,,,,,,
중구,11140,16500,황학동,2545,11140-1039,롯데캐슬,,84.89,11,2008,59500,2017-12-29,,,,,,
중구,11140,16200,신당동,842,11140-37,약수하이츠,,84.88,19,1999,63300,2017-12-13,,,,,,
중구,11140,16500,황학동,819,11140-1206,DUO302,,15.97,16,2014,17750,2017-12-30,,,,,,
중구,11140,11800,남대문로5가,827,11140-1119,남산트라팰리스,,116.11,32,2010,109000,2017-12-05,,,,,,
중구,11140,12100,회현동1가,208,11140-1142,남산롯데캐슬아이리스,,176.42,22,2011,160000,2017-12-14,,,,,,
중구,11140,16200,신당동,844,11140-28,남산타운,,84.88,5,2002,66000,2017-12-09,,,,,,
중구,11140,16500,황학동,1743,11140-1297,골드캐슬Ⅲ,,29.16,6,2017,27200,2017-12-25,,,,,,
중구,11140,16200,신당동,842,11140-37,약수하이츠,,114.92,12,1999,79500,2017-12-24,,,,,,
중구,11140,16200,신당동,851,11140-1141,래미안하이베르,,59.95,3,2011,57800,2017-12-20,,,,,,
중구,11140,16200,신당동,852,11140-1144,청구e편한세상,,118.47,4,2011,95000,2017-12-19,,,,,,
중구,11140,16300,흥인동,119,11140-1220,동대문와이즈캐슬,,15.55,9,2014,16900,2017-12-08,,,,,,
중구,11140,16200,신당동,842,11140-37,약수하이츠,,57.63,15,1999,49500,2017-12-09,,,,,,
중구,11140,16200,신당동,844,11140-28,남산타운,,59.94,18,2002,55000,2017-12-09,,,,,,
중구,11140,16300,흥인동,8,11140-1274,동대문솔하임,,23.42,20,2016,29900,2017-12-26,,,,,,
중구,11140,16200,신당동,843,11140-32,삼성,,114.91,7,1999,68000,2017-12-23,,,,,,
중구,11140,16200,신당동,842,11140-37,약수하이츠,,114.92,4,1999,78500,2017-12-14,,,,,,
중구,11140,16200,신당동,840,11140-40,현대,,122.275,11,1993,60700,2017-12-23,,,,,,
중구,11140,16200,신당동,842,11140-37,약수하이츠,,57.63,6,1999,52000,2017-12-05,,,,,,
중구,11140,16200,신당동,852,11140-1144,청구e편한세상,,84.95,11,2011,89100,2017-12-16,,,,,,
중구,11140,13300,충무로5가,36-2,11140-1261,충무로엘크루메크로시티2차,,22.75,15,2016,23475,2017-12-06,,,,,,
중구,11140,11800,남대문로5가,827,11140-1119,남산트라팰리스,,116.11,17,2010,113000,2017-12-23,,,,,,
중구,11140,17100,중림동,355,11140-1000,브라운스톤서울,,84.878,32,2006,69500,2017-12-21,,,,,,
중구,11140,16200,신당동,851,11140-1141,래미안하이베르,,59.95,11,2011,60000,2017-12-17,,,,,,
중구,11140,16200,신당동,842,11140-37,약수하이츠,,65.37,8,1999,56000,2017-12-22,,,,,,
중구,11140,16200,신당동,844,11140-28,남산타운,,59.94,8,2002,53000,2017-12-11,,,,,,
중구,11140,16200,신당동,851,11140-1141,래미안하이베르,,84.98,5,2011,70500,2017-12-14,,,,,,
중구,11140,16200,신당동,843,11140-32,삼성,,59.98,4,1999,54000,2017-12-22,,,,,,
중구,11140,16200,신당동,843,11140-32,삼성,,59.98,1,1999,49000,2017-12-19,,,,,,
중구,11140,16200,신당동,840,11140-40,현대,,66.6,2,1993,45000,2017-12-15,,,,,,
중구,11140,16200,신당동,842,11140-37,약수하이츠,,114.92,5,1999,75000,2017-12-09,,,,,,
중구,11140,16200,신당동,842,11140-37,약수하이츠,,65.37,19,1999,57000,2017-12-02,,,,,,
중구,11140,16200,신당동,851,11140-1141,래미안하이베르,,84.97,13,2011,69900,2017-12-23,,,,,,
중구,11140,17100,중림동,355,11140-1000,브라운스톤서울,,112.527,32,2006,85000,2017-12-23,,,,,,
중구,11140,16500,황학동,2545,11140-1039,롯데캐슬,,59.91,9,2008,49500,2017-12-26,,,,,,
중구,11140,16200,신당동,842,11140-37,약수하이츠,,114.92,9,1999,74500,2017-12-28,,,,,,
중구,11140,16200,신당동,844,11140-28,남산타운,,84.88,6,2002,67800,2017-12-06,,,,,,
중구,11140,16500,황학동,882,11140-1124,황학동코아루,,84.96,8,2010,53000,2017-12-11,,,,,,
중구,11140,17100,중림동,200,11140-51,삼성사이버빌리지,,84.95,2,2001,70500,2017-12-02,,,,,,
중구,11140,13300,충무로5가,36-2,11140-1261,충무로엘크루메크로시티2차,,22.75,11,2016,23400,2017-12-20,,,,,,
중구,11140,17400,만리동2가,273,11140-1300,서울역센트럴자이,,59.943,13,2017,85000,2017-12-20,,,,,,
중구,11140,16200,신당동,852,11140-1144,청구e편한세상,,59.89,4,2011,71400,2017-12-05,,,,,,
중구,11140,16500,황학동,2523,11140-1106,황학아크로타워,,149.06,10,2010,87000,2017-12-06,,,,,,
중구,11140,16200,신당동,844,11140-28,남산타운,,84.88,11,2002,69000,2017-12-22,,,,,,
중구,11140,16200,신당동,842,11140-37,약수하이츠,,57.63,16,1999,50000,2017-12-16,,,,,,
중구,11140,16200,신당동,844,11140-28,남산타운,,84.88,5,2002,78000,2017-12-01,,,,,,
중구,11140,16200,신당동,842,11140-37,약수하이츠,,57.63,16,1999,48600,2017-12-22,,,,,,
중구,11140,16800,순화동,215,11140-1010,바비엥3,,70.81,15,2006,44500,2017-12-02,,,,,,
중구,11140,17100,중림동,149,11140-52,성요셉,,70.98,6,1971,25000,2017-12-26,,,,,,
중구,11140,16200,신당동,413-4,11140-309,태원팰리스,,73.9,5,2004,52000,2017-12-04,,,,,,
중구,11140,16200,신당동,851,11140-1141,래미안하이베르,,59.74,4,2011,59500,2017-12-02,,,,,,
중구,11140,12100,회현동1가,146-1,11140-9,삼풍,,66.15,6,1975,34800,2017-12-15,,,,,,
중구,11140,16200,신당동,850,11140-990,신당푸르지오,,84.76,4,2005,68000,2017-12-23,,,,,,
중구,11140,15700,산림동,207-2,11140-23,대림상가,,81.98,7,1972,29700,2017-12-21,,,,,,
중구,11140,16500,황학동,2545,11140-1039,롯데캐슬,,59.91,20,2008,49000,2017-12-18,,,,,,
중구,11140,13200,충무로4가,306,11140-1097,남산센트럴자이,,80.473,8,2009,59000,2017-12-19,,,,,,
중구,11140,16200,신당동,160-5,11140-1217,신당아르브,,18.08,4,2014,16800,2017-12-19,,,,,,
중구,11140,16200,신당동,840,11140-40,현대,,66.6,4,1993,42200,2017-12-18,,,,,,
중구,11140,16200,신당동,852,11140-1144,청구e편한세상,,59.89,3,2011,69500,2017-12-02,,,,,,
중구,11140,16200,신당동,843,11140-32,삼성,,114.91,14,1999,68000,2017-12-02,,,,,,
중구,11140,16300,흥인동,119,11140-1220,동대문와이즈캐슬,,15.55,8,2014,16900,2017-12-15,,,,,,
중구,11140,16200,신당동,842,11140-37,약수하이츠,,65.37,10,1999,62000,2017-12-05,,,,,,
중구,11140,16200,신당동,842,11140-37,약수하이츠,,57.63,12,1999,54000,2017-12-01,,,,,,
중구,11140,16200,신당동,844,11140-28,남산타운,,114.88,1,2002,66000,2017-12-14,,,,,,
중구,11140,16200,신당동,842,11140-37,약수하이츠,,57.63,17,1999,52800,2017-12-13,,,,,,
중구,11140,16800,순화동,217,11140-1277,덕수궁롯데캐슬,,42.3686,7,2016,51000,2017-12-12,,,,,,
중구,11140,16500,황학동,787,11140-1197,한양I-Class,,16.37,15,2013,14500,2017-12-02,,,,,,
중구,11140,12100,회현동1가,208,11140-1142,남산롯데캐슬아이리스,,187.44,11,2011,139000,2017-12-02,,,,,,
중구,11140,12100,회현동1가,146-1,11140-9,삼풍,,59.5,1,1975,18300,2017-12-01,,,,,,
용산구,11170,13100,한남동,72-1,11170-184,한남동리첸시아,,72.06,13,2004,75300,2017-12-12,,,,,,
용산구,11170,12800,한강로3가,63-387,11170-2521,시티파크(2단지),,149.69,9,2007,154000,2017-12-13,,,,,,
용산구,11170,13100,한남동,810,11170-2839,한남더힐,,235.312,10,2011,438000,2017-12-12,,,,,,
용산구,11170,11500,산천동,204,11170-139,한강타운,,59.69,4,2001,44500,2017-12-14,,,,,,
용산구,11170,12900,이촌동,404,11170-66,한가람,,59.88,11,1998,87000,2017-12-30,,,,,,
용산구,11170,12800,한강로3가,63-389,11170-2522,용산시티파크(1단지),,146.56,19,2007,158500,2017-12-29,,,,,,
용산구,11170,12900,이촌동,402,11170-35,강촌,,59.12,5,1998,86000,2017-12-31,,,,,,
용산구,11170,13100,한남동,810,11170-2839,한남더힐,,59.7,3,2011,155000,2017-12-26,,,,,,
용산구,11170,12300,신계동,48,11170-2843,용산e편한세상,,84.89,1,2011,95000,2017-12-30,,,,,,
용산구,11170,12900,이촌동,415,11170-67,한강(대우),,60,12,2000,95000,2017-12-28,,,,,,
용산구,11170,12800,한강로3가,63-389,11170-2522,용산시티파크(1단지),,143.36,33,2007,168000,2017-12-26,,,,,,
용산구,11170,13000,이태원동,22-2,11170-77,청화1,,104.69,10,1982,117500,2017-12-30,,,,,,
용산구,11170,13300,서빙고동,241-21,11170-131,신동아,,140.81,7,1984,180000,2017-12-29,,,,,,
용산구,11170,12200,문배동,11-14,11170-2305,이안용산1차(101동),,84.56,12,2005,62500,2017-12-27,,,,,,
용산구,11170,12500,한강로2가,417,11170-2457,용산파크e-편한세상,,113.31,5,2007,94900,2017-12-30,,,,,,
용산구,11170,12700,용산동5가,24-1,11170-2767,용산파크타워(24-1),,205.29,26,2009,279300,2017-12-27,,,,,,
용산구,11170,12900,이촌동,402,11170-35,강촌,,114.595,12,1998,146000,2017-12-30,,,,,,
용산구,11170,12900,이촌동,300-11,11170-53,왕궁,,102.48,5,1974,129000,2017-12-28,,,,,,
용산구,11170,12800,한강로3가,63-389,11170-2522,용산시티파크(1단지),,116.31,27,2007,140000,2017-12-28,,,,,,
용산구,11170,12900,이촌동,300-301,11170-49,삼익,,104.86,4,1979,114000,2017-12-20,,,,,,
용산구,11170,11900,효창동,3-197,11170-21,효창,,66.97,5,1972,44533,2017-12-25,,,,,,
용산구,11170,12800,한강로3가,16-85,11170-2348,한강자이에클라트,,103.57,18,2006,83000,2017-12-26,,,,,,
용산구,11170,13100,한남동,805,11170-120,현대하이페리온,,225.13,2,2002,225000,2017-12-27,,,,,,
용산구,11170,12700,용산동5가,24,11170-2766,용산파크타워(24-0),,131.53,26,2009,164000,2017-12-26,,,,,,
용산구,11170,12400,한강로1가,50-1,11170-2307,용산파크자이,,133.09,20,2005,127500,2017-12-22,,,,,,
용산구,11170,13100,한남동,810,11170-2839,한남더힐,,177.764,5,2011,345000,2017-12-27,,,,,,
용산구,11170,12900,이촌동,400,11170-70,현대한강,,59.55,17,1997,78000,2017-12-26,,,,,,
용산구,11170,12700,용산동5가,24-1,11170-2767,용산파크타워(24-1),,158.33,28,2009,253000,2017-12-27,,,,,,
용산구,11170,12700,용산동5가,24,11170-2766,용산파크타워(24-0),,100.29,35,2009,140000,2017-12-27,,,,,,
용산구,11170,12500,한강로2가,419,11170-2907,아스테리움용산,,156.08,16,2012,245000,2017-12-28,,,,,,
용산구,11170,13100,한남동,810,11170-2839,한남더힐,,208.478,4,2011,355000,2017-12-18,,,,,,
용산구,11170,12900,이촌동,415,11170-67,한강(대우),,135.87,17,2000,140000,2017-12-16,,,,,,
용산구,11170,12900,이촌동,412,11170-55,이촌코오롱(A),,59.82,4,1999,84000,2017-12-23,,,,,,
용산구,11170,12900,이촌동,301-155,11170-2683,두산위브트레지움,,89.09,3,1976,87000,2017-12-30,,,,,,
용산구,11170,12700,용산동5가,24,11170-2766,용산파크타워(24-0),,134.02,9,2009,179500,2017-12-21,,,,,,
용산구,11170,12900,이촌동,402,11170-35,강촌,,84.85,17,1998,119000,2017-12-30,,,,,,
용산구,11170,12500,한강로2가,417,11170-2457,용산파크e-편한세상,,84.67,11,2007,83400,2017-12-20,,,,,,
용산구,11170,12900,이촌동,418,11170-40,동부센트레빌,,100.92,11,2001,124000,2017-12-31,,,,,,
용산구,11170,12800,한강로3가,63-389,11170-2522,용산시티파크(1단지),,146.56,36,2007,159000,2017-12-29,,,,,,
용산구,11170,12500,한강로2가,420,11170-3148,용산푸르지오써밋(420),,169.342,27,2017,202630,2017-12-22,,,,,,
용산구,11170,12800,한강로3가,63-389,11170-2522,용산시티파크(1단지),,181.89,21,2007,184000,2017-12-27,,,,,,
용산구,11170,12500,한강로2가,419,11170-2907,아스테리움용산,,156.08,9,2012,240000,2017-12-29,,,,,,
용산구,11170,12900,이촌동,422,11170-47,북한강(성원),,59.55,1,2001,75500,2017-12-26,,,,,,
용산구,11170,12900,이촌동,300-11,11170-53,왕궁,,102.48,3,1974,125000,2017-12-25,,,,,,
용산구,11170,12900,이촌동,402,11170-35,강촌,,84.77,15,1998,119000,2017-12-28,,,,,,
용산구,11170,11500,산천동,193,11170-138,리버힐삼성,,114.48,2,2001,73000,2017-12-28,,,,,,
용산구,11170,12000,도원동,23,11170-27,삼성래미안,,114.99,16,2001,85000,2017-12-28,,,,,,
용산구,11170,13100,한남동,807,11170-145,한남힐스테이트,,84.757,6,2003,101500,2017-12-22,,,,,,
용산구,11170,13100,한남동,810,11170-2839,한남더힐,,235.312,10,2011,435000,2017-12-15,,,,,,
용산구,11170,11800,원효로4가,178,11170-13,강변삼성스위트,,84.9,21,1999,79000,2017-12-26,,,,,,
용산구,11170,12900,이촌동,302-28,11170-64,타워맨션,,202.45,6,1973,127500,2017-12-14,,,,,,
용산구,11170,12900,이촌동,436,11170-3048,래미안첼리투스,,124.02,21,2015,214000,2017-12-25,,,,,,
용산구,11170,12300,신계동,48,11170-2843,용산e편한세상,,124.08,22,2011,133000,2017-12-27,,,,,,
용산구,11170,13000,이태원동,198-16,11170-176,마운틴뷰,,146.64,5,1999,88000,2017-12-16,,,,,,
용산구,11170,12900,이촌동,412,11170-55,이촌코오롱(A),,59.82,2,1999,82500,2017-12-28,,,,,,
용산구,11170,12900,이촌동,301-160,11170-69,현대맨숀,,126.11,14,1974,118999,2017-12-13,,,,,,
용산구,11170,11500,산천동,204,11170-139,한강타운,,59.69,2,2001,42900,2017-12-27,,,,,,
용산구,11170,12900,이촌동,430,11170-156,LG한강자이,,210.01,17,2003,260000,2017-12-26,,,,,,
용산구,11170,11900,효창동,3-197,11170-21,효창,,67,6,1972,42600,2017-12-30,,,,,,
용산구,11170,12500,한강로2가,2-11,11170-202,한강로대우아이빌,,28.22,14,2004,29700,2017-12-29,,,,,,
용산구,11170,12900,이촌동,395,11170-38,대림,,114.96,5,1994,123000,2017-12-23,,,,,,
용산구,11170,13100,한남동,810,11170-2839,한남더힐,,59.686,8,2011,156000,2017-12-20,,,,,,
용산구,11170,12500,한강로2가,2-8,11170-293,벽산메가트리움,,84.87,10,2005,81000,2017-12-23,,,,,,
용산구,11170,12900,이촌동,395,11170-38,대림,,84.78,1,1994,91000,2017-12-26,,,,,,
용산구,11170,12900,이촌동,402,11170-35,강촌,,59.12,11,1998,85000,2017-12-16,,,,,,
용산구,11170,12900,이촌동,415,11170-67,한강(대우),,135.27,7,2000,143000,2017-12-22,,,,,,
용산구,11170,12900,이촌동,434,11170-2310,동원베네스트,,84.973,3,2005,88000,2017-12-28,,,,,,
용산구,11170,11200,원효로1가,41,11170-2960,용산더프라임,,47.562,3,2014,58000,2017-12-16,,,,,,
용산구,11170,12200,문배동,11-10,11170-3008,용산KCC웰츠타워,,97.83,18,2015,89000,2017-12-28,,,,,,
용산구,11170,12900,이촌동,203-14,11170-228,장미(203-14),,46.78,2,1972,45000,2017-12-26,,,,,,
용산구,11170,12900,이촌동,301-160,11170-69,현대맨숀,,121.44,9,1974,122000,2017-12-29,,,,,,
용산구,11170,12900,이촌동,402,11170-35,강촌,,84.905,13,1998,119500,2017-12-26,,,,,,
용산구,11170,12000,도원동,23,11170-27,삼성래미안,,84.69,9,2001,70000,2017-12-23,,,,,,
용산구,11170,13100,한남동,810,11170-2839,한남더힐,,208.478,3,2011,390000,2017-12-29,,,,,,
용산구,11170,13600,보광동,151,11170-133,리버빌(삼성),,59.7,15,2000,60000,2017-12-26,,,,,,
용산구,11170,12900,이촌동,400,11170-70,현대한강,,59.55,18,1997,77000,2017-12-06,,,,,,
용산구,11170,13600,보광동,448,11170-134,신동아1,,84.93,3,1992,106000,2017-12-22,,,,,,
용산구,11170,12900,이촌동,426,11170-71,이촌동삼성리버스위트,,137.37,11,2002,165000,2017-12-11,,,,,,
용산구,11170,12000,도원동,23,11170-27,삼성래미안,,84.69,15,2001,70000,2017-12-17,,,,,,
용산구,11170,12300,신계동,48,11170-2843,용산e편한세상,,84.89,7,2011,104000,2017-12-16,,,,,,
용산구,11170,12900,이촌동,412,11170-55,이촌코오롱(A),,59.82,7,1999,84500,2017-12-30,,,,,,
용산구,11170,12900,이촌동,422,11170-47,북한강(성원),,59.55,4,2001,83000,2017-12-17,,,,,,
용산구,11170,12200,문배동,11-10,11170-3008,용산KCC웰츠타워,,84.03,28,2015,76500,2017-12-12,,,,,,
용산구,11170,12900,이촌동,415,11170-67,한강(대우),,84.98,20,2000,125000,2017-12-18,,,,,,
용산구,11170,13300,서빙고동,241-21,11170-131,신동아,,95.66,13,1984,139000,2017-12-14,,,,,,
용산구,11170,12300,신계동,48,11170-2843,용산e편한세상,,84.21,9,2011,99750,2017-12-15,,,,,,
용산구,11170,12200,문배동,17-1,11170-191,지오베르크,,76.1,9,2004,57000,2017-12-14,,,,,,
용산구,11170,12900,이촌동,422,11170-47,북한강(성원),,59.55,19,2001,85000,2017-12-19,,,,,,
용산구,11170,12900,이촌동,301-170,11170-46,반도,,197.46,6,1977,170000,2017-12-27,,,,,,
용산구,11170,12900,이촌동,430,11170-156,LG한강자이,,169.44,5,2003,205000,2017-12-27,,,,,,
용산구,11170,11200,원효로1가,41,11170-2960,용산더프라임,,46.06,6,2014,60000,2017-12-20,,,,,,
용산구,11170,11500,산천동,193,11170-138,리버힐삼성,,114.48,11,2001,76000,2017-12-21,,,,,,
용산구,11170,11200,원효로1가,133-3,11170-2811,리첸시아용산A,,122.54,18,2010,88500,2017-12-25,,,,,,
용산구,11170,12800,한강로3가,63-389,11170-2522,용산시티파크(1단지),,146.56,28,2007,155000,2017-12-23,,,,,,
용산구,11170,12800,한강로3가,16-85,11170-2348,한강자이에클라트,,68.59,18,2006,59500,2017-12-20,,,,,,
용산구,11170,12100,용문동,90,11170-2841,브라운스톤,,84.98,1,2011,72500,2017-12-30,,,,,,
용산구,11170,12200,문배동,11-10,11170-3008,용산KCC웰츠타워,,84.03,29,2015,79250,2017-12-20,,,,,,
용산구,11170,13600,보광동,151,11170-133,리버빌(삼성),,84.74,5,2000,87500,2017-12-08,,,,,,
용산구,11170,11500,산천동,204,11170-139,한강타운,,59.69,1,2001,37458,2017-12-27,,,,,,
용산구,11170,12200,문배동,17-1,11170-191,지오베르크,,84.99,4,2004,62000,2017-12-22,,,,,,
용산구,11170,13300,서빙고동,241-21,11170-131,신동아,,95.66,7,1984,136500,2017-12-13,,,,,,
용산구,11170,13300,서빙고동,241-21,11170-131,신동아,,140.81,4,1984,177000,2017-12-07,,,,,,
용산구,11170,12900,이촌동,418,11170-40,동부센트레빌,,100.92,13,2001,124500,2017-12-16,,,,,,
용산구,11170,12900,이촌동,414,11170-141,이촌코오롱(B),,84.78,9,1999,114000,2017-12-14,,,,,,
용산구,11170,12300,신계동,48,11170-2843,용산e편한세상,,84.89,4,2011,110000,2017-12-30,,,,,,
용산구,11170,12900,이촌동,404,11170-66,한가람,,59.88,11,1998,92000,2017-12-29,,,,,,
용산구,11170,12500,한강로2가,2-8,11170-293,벽산메가트리움,,84.98,26,2005,84800,2017-12-11,,,,,,
용산구,11170,12900,이촌동,399-1,11170-54,우성,,114.74,11,1995,122500,2017-12-18,,,,,,
용산구,11170,12900,이촌동,426,11170-71,이촌동삼성리버스위트,,134.9,4,2002,172000,2017-12-22,,,,,,
용산구,11170,11500,산천동,193,11170-138,리버힐삼성,,59.55,20,2001,50000,2017-12-11,,,,,,
용산구,11170,12900,이촌동,300-11,11170-53,왕궁,,102.48,1,1974,95000,2017-12-19,,,,,,
용산구,11170,12800,한강로3가,63-389,11170-2522,용산시티파크(1단지),,146.56,20,2007,157000,2017-12-21,,,,,,
용산구,11170,11500,산천동,193,11170-138,리버힐삼성,,84.98,4,2001,62000,2017-12-23,,,,,,
용산구,11170,12000,도원동,23,11170-27,삼성래미안,,114.99,5,2001,77500,2017-12-28,,,,,,
용산구,11170,12900,이촌동,411,11170-41,동아그린,,59.58,13,1999,70000,2017-12-26,,,,,,
용산구,11170,12000,도원동,23,11170-27,삼성래미안,,59.94,7,2001,60000,2017-12-26,,,,,,
용산구,11170,12900,이촌동,404,11170-66,한가람,,59.88,10,1998,90000,2017-12-28,,,,,,
용산구,11170,12900,이촌동,402,11170-35,강촌,,59.12,19,1998,90000,2017-12-28,,,,,,
용산구,11170,12000,도원동,23,11170-27,삼성래미안,,114.99,13,2001,80700,2017-12-16,,,,,,
용산구,11170,12500,한강로2가,417,11170-2457,용산파크e-편한세상,,113.31,21,2007,95000,2017-12-21,,,,,,
용산구,11170,12500,한강로2가,2-8,11170-293,벽산메가트리움,,125.68,21,2005,96500,2017-12-14,,,,,,
용산구,11170,13100,한남동,807,11170-145,한남힐스테이트,,130.445,9,2003,134000,2017-12-14,,,,,,
용산구,11170,11500,산천동,204,11170-139,한강타운,,59.69,1,2001,37458,2017-12-21,,,,,,
용산구,11170,11200,원효로1가,41,11170-2960,용산더프라임,,114.218,32,2014,115000,2017-12-14,,,,,,
용산구,11170,12900,이촌동,418,11170-40,동부센트레빌,,100.92,17,2001,125000,2017-12-29,,,,,,
용산구,11170,12900,이촌동,399-1,11170-54,우성,,114.74,10,1995,125000,2017-12-23,,,,,,
용산구,11170,12900,이촌동,404,11170-66,한가람,,59.88,16,1998,89500,2017-12-18,,,,,,
용산구,11170,12000,도원동,23,11170-27,삼성래미안,,114.99,18,2001,81800,2017-12-01,,,,,,
용산구,11170,11500,산천동,204,11170-139,한강타운,,59.69,8,2001,46000,2017-12-18,,,,,,
용산구,11170,11900,효창동,274,11170-2821,효창파크푸르지오,,114.69,12,2010,110000,2017-12-05,,,,,,
용산구,11170,12900,이촌동,300-11,11170-53,왕궁,,102.48,2,1974,123000,2017-12-23,,,,,,
용산구,11170,12900,이촌동,395,11170-38,대림,,114.96,10,1994,130000,2017-12-30,,,,,,
용산구,11170,12900,이촌동,411,11170-41,동아그린,,43.02,15,1999,49000,2017-12-09,,,,,,
용산구,11170,12400,한강로1가,50-1,11170-2307,용산파크자이,,162.04,10,2005,144000,2017-12-16,,,,,,
용산구,11170,12900,이촌동,402,11170-35,강촌,,59.12,12,1998,90000,2017-12-29,,,,,,
용산구,11170,12700,용산동5가,24,11170-2766,용산파크타워(24-0),,118.2,24,2009,148000,2017-12-14,,,,,,
용산구,11170,12900,이촌동,402,11170-35,강촌,,84.85,6,1998,108000,2017-12-22,,,,,,
용산구,11170,10100,후암동,423-1,11170-4,후암미주,,62.28,2,1980,52500,2017-12-18,,,,,,
용산구,11170,12300,신계동,48,11170-2843,용산e편한세상,,124.96,6,2011,137000,2017-12-21,,,,,,
용산구,11170,12000,도원동,23,11170-27,삼성래미안,,84.69,2,2001,68500,2017-12-19,,,,,,
용산구,11170,12900,이촌동,404,11170-66,한가람,,59.88,19,1998,95000,2017-12-23,,,,,,
용산구,11170,12900,이촌동,415,11170-67,한강(대우),,84.98,18,2000,104000,2017-12-17,,,,,,
용산구,11170,11200,원효로1가,41,11170-2960,용산더프라임,,38.61,5,2014,44500,2017-12-23,,,,,,
용산구,11170,12800,한강로3가,65-230,11170-174,한강대우트럼프월드3,,126.19,22,2004,106500,2017-12-23,,,,,,
용산구,11170,12900,이촌동,404,11170-66,한가람,,84.89,2,1998,112000,2017-12-13,,,,,,
용산구,11170,13300,서빙고동,241-21,11170-131,신동아,,95.66,1,1984,130000,2017-12-27,,,,,,
용산구,11170,12700,용산동5가,24-1,11170-2767,용산파크타워(24-1),,140.31,5,2009,168500,2017-12-15,,,,,,
용산구,11170,12500,한강로2가,419,11170-2907,아스테리움용산,,141.08,14,2012,187000,2017-12-31,,,,,,
용산구,11170,12900,이촌동,400,11170-70,현대한강,,59.55,12,1997,82000,2017-12-22,,,,,,
용산구,11170,13300,서빙고동,241-21,11170-131,신동아,,95.66,3,1984,133000,2017-12-20,,,,,,
용산구,11170,12200,문배동,11-10,11170-3008,용산KCC웰츠타워,,84.03,19,2015,80500,2017-12-18,,,,,,
용산구,11170,12900,이촌동,411,11170-41,동아그린,,43.02,11,1999,48500,2017-12-16,,,,,,
용산구,11170,11500,산천동,204,11170-139,한강타운,,59.69,11,2001,46000,2017-12-23,,,,,,
용산구,11170,12900,이촌동,402,11170-35,강촌,,106.645,2,1998,115000,2017-12-02,,,,,,
용산구,11170,12800,한강로3가,63-387,11170-2521,시티파크(2단지),,117.62,29,2007,132000,2017-12-28,,,,,,
용산구,11170,12900,이촌동,395,11170-38,대림,,59.22,1,1994,65000,2017-12-05,,,,,,
용산구,11170,12900,이촌동,402,11170-35,강촌,,84.905,6,1998,104000,2017-12-12,,,,,,
용산구,11170,12900,이촌동,395,11170-38,대림,,84.78,14,1994,104000,2017-12-29,,,,,,
용산구,11170,11500,산천동,193,11170-138,리버힐삼성,,59.55,8,2001,52000,2017-12-22,,,,,,
용산구,11170,12500,한강로2가,420,11170-3148,용산푸르지오써밋(420),,152.4741,24,2017,192000,2017-12-08,,,,,,
용산구,11170,12300,신계동,48,11170-2843,용산e편한세상,,59.66,18,2011,88500,2017-12-09,,,,,,
용산구,11170,12900,이촌동,301-160,11170-69,현대맨숀,,126.1,15,1974,119999,2017-12-15,,,,,,
용산구,11170,12500,한강로2가,417,11170-2457,용산파크e-편한세상,,113.31,19,2007,95000,2017-12-01,,,,,,
용산구,11170,12900,이촌동,415,11170-67,한강(대우),,84.98,18,2000,116000,2017-12-04,,,,,,
용산구,11170,12900,이촌동,402,11170-35,강촌,,106.645,1,1998,110000,2017-12-21,,,,,,
용산구,11170,12900,이촌동,300-11,11170-53,왕궁,,102.48,3,1974,127000,2017-12-23,,,,,,
용산구,11170,12200,문배동,3-3,11170-2496,이안용산프리미어,,110.14,23,2007,82000,2017-12-30,,,,,,
용산구,11170,12200,문배동,17-1,11170-191,지오베르크,,76.02,4,2004,60000,2017-12-16,,,,,,
용산구,11170,12200,문배동,11-29,11170-2306,이안용산1차(103동),,84.67,5,2005,54500,2017-12-29,,,,,,
용산구,11170,12900,이촌동,404,11170-66,한가람,,59.88,10,1998,90000,2017-12-11,,,,,,
용산구,11170,12000,도원동,23,11170-27,삼성래미안,,84.69,11,2001,70000,2017-12-23,,,,,,
용산구,11170,13100,한남동,828,11170-3107,한남아이파크애비뉴,,48.7897,16,2017,68000,2017-12-26,,,,,,
용산구,11170,12900,이촌동,402,11170-35,강촌,,59.12,13,1998,90000,2017-12-28,,,,,,
용산구,11170,12900,이촌동,418,11170-40,동부센트레빌,,100.92,9,2001,120000,2017-12-05,,,,,,
용산구,11170,13300,서빙고동,241-21,11170-131,신동아,,95.66,10,1984,142000,2017-12-08,,,,,,
용산구,11170,12900,이촌동,412,11170-55,이촌코오롱(A),,59.82,6,1999,80000,2017-12-06,,,,,,
용산구,11170,12900,이촌동,415,11170-67,한강(대우),,135.87,16,2000,134000,2017-12-07,,,,,,
용산구,11170,12900,이촌동,301-160,11170-69,현대맨숀,,121.44,7,1974,117000,2017-12-08,,,,,,
용산구,11170,11800,원효로4가,109-4,11170-15,풍전,,81.72,4,1971,63000,2017-12-08,,,,,,
용산구,11170,12900,이촌동,404,11170-66,한가람,,59.88,4,1998,86000,2017-12-11,,,,,,
용산구,11170,11500,산천동,204,11170-139,한강타운,,59.69,4,2001,44000,2017-12-05,,,,,,
용산구,11170,12000,도원동,23,11170-27,삼성래미안,,84.69,21,2001,71000,2017-12-16,,,,,,
용산구,11170,12900,이촌동,430,11170-156,LG한강자이,,171.74,13,2003,208000,2017-12-29,,,,,,
용산구,11170,12900,이촌동,402,11170-35,강촌,,59.12,8,1998,84000,2017-12-14,,,,,,
용산구,11170,12900,이촌동,402,11170-35,강촌,,59.12,21,1998,84500,2017-12-12,,,,,,
용산구,11170,12000,도원동,23,11170-27,삼성래미안,,84.69,7,2001,71000,2017-12-19,,,,,,
용산구,11170,12900,이촌동,436,11170-3048,래미안첼리투스,,124.02,12,2015,240000,2017-12-22,,,,,,
용산구,11170,11800,원효로4가,109-4,11170-15,풍전,,67.04,1,1971,53500,2017-12-26,,,,,,
용산구,11170,13100,한남동,802,11170-82,리버탑,,59.57,6,2001,59500,2017-12-06,,,,,,
용산구,11170,12900,이촌동,404,11170-66,한가람,,59.88,10,1998,90500,2017-12-15,,,,,,
용산구,11170,12000,도원동,23,11170-27,삼성래미안,,59.94,7,2001,60000,2017-12-23,,,,,,
용산구,11170,11200,원효로1가,133-3,11170-2811,리첸시아용산A,,107.45,8,2010,82000,2017-12-19,,,,,,
용산구,11170,12200,문배동,7-6,11170-2304,이안용산1차(102동),,84.98,9,2005,64000,2017-12-26,,,,,,
용산구,11170,13000,이태원동,22-2,11170-77,청화1,,104.66,4,1982,105000,2017-12-27,,,,,,
용산구,11170,12200,문배동,11-29,11170-2306,이안용산1차(103동),,84.9,15,2005,64500,2017-12-26,,,,,,
용산구,11170,11900,효창동,268,11170-2327,세양청마루,,84.18,8,2006,70800,2017-12-09,,,,,,
용산구,11170,13000,이태원동,252-1,11170-284,창덕아파트,,84.75,5,1996,60000,2017-12-01,,,,,,
용산구,11170,12900,이촌동,395,11170-38,대림,,114.96,18,1994,90000,2017-12-28,,,,,,
용산구,11170,12000,도원동,23,11170-27,삼성래미안,,84.69,4,2001,70000,2017-12-30,,,,,,
용산구,11170,11500,산천동,193,11170-138,리버힐삼성,,84.98,11,2001,68000,2017-12-09,,,,,,
용산구,11170,11800,원효로4가,178,11170-13,강변삼성스위트,,59.92,14,1999,57000,2017-12-29,,,,,,
용산구,11170,13100,한남동,828,11170-3107,한남아이파크애비뉴,,48.7897,13,2017,65000,2017-12-23,,,,,,
용산구,11170,12000,도원동,23,11170-27,삼성래미안,,114.99,9,2001,75000,2017-12-22,,,,,,
용산구,11170,13100,한남동,828,11170-3107,한남아이파크애비뉴,,49.6971,15,2017,69800,2017-12-15,,,,,,
용산구,11170,12000,도원동,23,11170-27,삼성래미안,,114.99,5,2001,75800,2017-12-03,,,,,,
용산구,11170,12900,이촌동,415,11170-67,한강(대우),,60,14,2000,93000,2017-12-28,,,,,,
용산구,11170,12800,한강로3가,91,11170-2359,우림필유,,84.99,6,2006,88000,2017-12-25,,,,,,
용산구,11170,13100,한남동,810,11170-2839,한남더힐,,235.312,9,2011,427000,2017-12-04,,,,,,
용산구,11170,11500,산천동,204,11170-139,한강타운,,59.69,1,2001,39000,2017-12-16,,,,,,
용산구,11170,13100,한남동,807,11170-145,한남힐스테이트,,84.757,5,2003,90000,2017-12-29,,,,,,
용산구,11170,12000,도원동,23,11170-27,삼성래미안,,114.99,14,2001,85000,2017-12-23,,,,,,
용산구,11170,12900,이촌동,404,11170-66,한가람,,59.88,22,1998,95000,2017-12-28,,,,,,
용산구,11170,12900,이촌동,415,11170-67,한강(대우),,84.98,17,2000,118500,2017-12-26,,,,,,
용산구,11170,10100,후암동,423-1,11170-4,후암미주,,63.44,4,1980,57000,2017-12-23,,,,,,
용산구,11170,12900,이촌동,300-301,11170-49,삼익,,104.86,6,1979,115000,2017-12-04,,,,,,
용산구,11170,12900,이촌동,412,11170-55,이촌코오롱(A),,59.82,13,1999,83500,2017-12-23,,,,,,
용산구,11170,13300,서빙고동,241-21,11170-131,신동아,,140.81,10,1984,186500,2017-12-16,,,,,,
용산구,11170,11500,산천동,193,11170-138,리버힐삼성,,84.98,9,2001,67900,2017-12-21,,,,,,
용산구,11170,12900,이촌동,404,11170-66,한가람,,114.96,14,1998,143000,2017-12-08,,,,,,
용산구,11170,12900,이촌동,404,11170-66,한가람,,59.88,11,1998,90000,2017-12-14,,,,,,
용산구,11170,12900,이촌동,415,11170-67,한강(대우),,60,16,2000,95000,2017-12-13,,,,,,
용산구,11170,12900,이촌동,418,11170-40,동부센트레빌,,100.8,15,2001,108500,2017-12-14,,,,,,
용산구,11170,12900,이촌동,412,11170-55,이촌코오롱(A),,84.78,7,1999,110000,2017-12-04,,,,,,
용산구,11170,12400,한강로1가,50-1,11170-2307,용산파크자이,,162.04,5,2005,135000,2017-12-04,,,,,,
용산구,11170,11800,원효로4가,178,11170-13,강변삼성스위트,,72.84,17,1999,69200,2017-12-28,,,,,,
용산구,11170,12900,이촌동,426,11170-71,이촌동삼성리버스위트,,180.82,10,2002,195000,2017-12-02,,,,,,
용산구,11170,12900,이촌동,418,11170-40,동부센트레빌,,100.92,12,2001,123000,2017-12-09,,,,,,
용산구,11170,12900,이촌동,404,11170-66,한가람,,59.88,6,1998,92000,2017-12-28,,,,,,
용산구,11170,12900,이촌동,404,11170-66,한가람,,59.88,11,1998,93000,2017-12-05,,,,,,
용산구,11170,12200,문배동,24-4,11170-2913,용산큐브,,13.01,18,2013,18400,2017-12-16,,,,,,
용산구,11170,11400,신창동,102,11170-259,세방리버하이빌,,59.76,1,2005,44000,2017-12-18,,,,,,
용산구,11170,12300,신계동,48,11170-2843,용산e편한세상,,84.21,4,2011,102500,2017-12-17,,,,,,
용산구,11170,11500,산천동,193,11170-138,리버힐삼성,,84.98,10,2001,67500,2017-12-30,,,,,,
용산구,11170,13100,한남동,810,11170-2839,한남더힐,,235.312,1,2011,405000,2017-12-07,,,,,,
용산구,11170,11500,산천동,193,11170-138,리버힐삼성,,114.48,18,2001,81500,2017-12-26,,,,,,
용산구,11170,12200,문배동,24-4,11170-2913,용산큐브,,13.01,18,2013,19400,2017-12-28,,,,,,
용산구,11170,11500,산천동,193,11170-138,리버힐삼성,,84.98,11,2001,65000,2017-12-14,,,,,,
용산구,11170,11500,산천동,193,11170-138,리버힐삼성,,84.98,2,2001,67000,2017-12-26,,,,,,
용산구,11170,11900,효창동,272,11170-24,효창베네스,,118.6,1,2002,62500,2017-12-18,,,,,,
용산구,11170,11500,산천동,193,11170-138,리버힐삼성,,114.48,13,2001,80000,2017-12-14,,,,,,
용산구,11170,11500,산천동,204,11170-139,한강타운,,59.69,2,2001,40500,2017-12-12,,,,,,
용산구,11170,13300,서빙고동,241-21,11170-131,신동아,,210.25,3,1984,230000,2017-12-22,,,,,,
용산구,11170,11800,원효로4가,178,11170-13,강변삼성스위트,,59.92,18,1999,58000,2017-12-08,,,,,,
용산구,11170,13000,이태원동,729,11170-72,남산대림,,149.53,3,1994,125000,2017-12-12,,,,,,
용산구,11170,12700,용산동5가,24-1,11170-2767,용산파크타워(24-1),,103.12,13,2009,138000,2017-12-10,,,,,,
용산구,11170,11500,산천동,193,11170-138,리버힐삼성,,84.98,3,2001,60000,2017-12-03,,,,,,
용산구,11170,12700,용산동5가,24,11170-2766,용산파크타워(24-0),,124.8,34,2009,150000,2017-12-26,,,,,,
용산구,11170,12000,도원동,23,11170-27,삼성래미안,,84.69,3,2001,66700,2017-12-03,,,,,,
용산구,11170,11500,산천동,193,11170-138,리버힐삼성,,59.55,16,2001,59500,2017-12-08,,,,,,
용산구,11170,11400,신창동,102,11170-259,세방리버하이빌,,71.63,12,2005,55000,2017-12-16,,,,,,
용산구,11170,11400,신창동,102,11170-259,세방리버하이빌,,84.77,2,2005,51000,2017-12-09,,,,,,
용산구,11170,12000,도원동,23,11170-27,삼성래미안,,59.94,9,2001,60000,2017-12-17,,,,,,
용산구,11170,13000,이태원동,124-12,11170-282,메이(124-12),,159.63,3,2002,145000,2017-12-22,,,,,,
용산구,11170,13600,보광동,151,11170-133,리버빌(삼성),,84.74,2,2000,77000,2017-12-12,,,,,,
용산구,11170,12500,한강로2가,2-8,11170-293,벽산메가트리움,,84.97,19,2005,81500,2017-12-09,,,,,,
용산구,11170,12000,도원동,23,11170-27,삼성래미안,,114.99,5,2001,77000,2017-12-17,,,,,,
용산구,11170,11800,원효로4가,178,11170-13,강변삼성스위트,,59.92,7,1999,58000,2017-12-19,,,,,,
용산구,11170,12500,한강로2가,417,11170-2457,용산파크e-편한세상,,84.67,8,2007,82500,2017-12-19,,,,,,
용산구,11170,12900,이촌동,402,11170-35,강촌,,59.12,6,1998,83500,2017-12-20,,,,,,
용산구,11170,12900,이촌동,426,11170-71,이촌동삼성리버스위트,,134.9,8,2002,175000,2017-12-16,,,,,,
용산구,11170,12900,이촌동,402,11170-35,강촌,,59.12,21,1998,89900,2017-12-12,,,,,,
용산구,11170,12900,이촌동,404,11170-66,한가람,,59.88,10,1998,92000,2017-12-13,,,,,,
용산구,11170,12900,이촌동,415,11170-67,한강(대우),,60,18,2000,90000,2017-12-08,,,,,,
용산구,11170,13100,한남동,644-2,11170-200,태성1,,59.95,1,1975,52800,2017-12-05,,,,,,
용산구,11170,12200,문배동,3-3,11170-2496,이안용산프리미어,,110.14,20,2007,81800,2017-12-13,,,,,,
용산구,11170,13100,한남동,808,11170-294,대림아르빌,,81.86,6,2005,86000,2017-12-06,,,,,,
용산구,11170,12300,신계동,48,11170-2843,용산e편한세상,,84.89,17,2011,99000,2017-12-04,,,,,,
용산구,11170,12900,이촌동,412,11170-55,이촌코오롱(A),,84.78,6,1999,110000,2017-12-07,,,,,,
용산구,11170,13000,이태원동,669,11170-75,용산동아파트,,44.76,1,1969,30300,2017-12-09,,,,,,
용산구,11170,13000,이태원동,729,11170-72,남산대림,,59.92,3,1994,73000,2017-12-02,,,,,,
용산구,11170,12900,이촌동,430,11170-156,LG한강자이,,133.78,11,2003,167000,2017-12-02,,,,,,
용산구,11170,13300,서빙고동,293,11170-130,그린파크(코오롱하늘채),,117.77,4,2000,95000,2017-12-09,,,,,,
용산구,11170,13100,한남동,1-44,11170-148,힐탑트레져1동,,182.85,9,2003,245000,2017-12-02,,,,,,
용산구,11170,12000,도원동,23,11170-27,삼성래미안,,114.99,14,2001,82000,2017-12-03,,,,,,
성동구,11200,10200,하왕십리동,1066,11200-3074,텐즈힐(1단지),,84.88,5,2015,116800,2017-12-09,,,,,,
성동구,11200,10800,응봉동,15,11200-29,대림강변타운,,59.76,2,2001,55500,2017-12-23,,,,,,
성동구,11200,10700,행당동,147,11200-20,서울숲삼부아파트,,84.93,4,1998,74800,2017-12-01,,,,,,
성동구,11200,10700,행당동,376,11200-2914,서울숲행당푸르지오,,114.33,12,2011,88000,2017-12-09,,,,,,
성동구,11200,10400,도선동,69,11200-2751,삼성쉐르빌,,84.99,5,2006,53800,2017-12-30,,,,,,
성동구,11200,11100,금호동3가,917,11200-2689,금호1차푸르지오,,114.76,10,2005,76700,2017-12-30,,,,,,
성동구,11200,11000,금호동2가,1215,11200-2938,금호자이1차,,59.98,13,2012,71300,2017-12-30,,,,,,
성동구,11200,11200,금호동4가,235,11200-2970,서울숲2차푸르지오,,84.925,8,2012,115800,2017-12-24,,,,,,
성동구,11200,10100,상왕십리동,811,11200-3024,텐즈힐(2단지),,84.92,9,2014,75000,2017-12-29,,,,,,
성동구,11200,11500,성수동2가,442,11200-73,한신한강,,84.97,10,2000,102000,2017-12-28,,,,,,
성동구,11200,10100,상왕십리동,811,11200-3024,텐즈힐(2단지),,84.9,16,2014,83000,2017-12-29,,,,,,
성동구,11200,10700,행당동,349,11200-24,서울숲 한신 더 휴,,114.97,2,2003,73000,2017-12-27,,,,,,
성동구,11200,10200,하왕십리동,1070,11200-3120,센트라스,,84.96,7,2016,93000,2017-12-25,,,,,,
성동구,11200,11000,금호동2가,1215,11200-2938,금호자이1차,,84.97,13,2012,85000,2017-12-10,,,,,,
성동구,11200,11400,성수동1가,706,11200-56,쌍용,,84.78,3,1997,75700,2017-12-26,,,,,,
성동구,11200,10900,금호동1가,633,11200-32,벽산,,84.82,7,2001,58750,2017-12-25,,,,,,
성동구,11200,10100,상왕십리동,811,11200-3024,텐즈힐(2단지),,127.44,11,2014,99000,2017-12-23,,,,,,
성동구,11200,11400,성수동1가,714,11200-85,금호,,84.98,14,2003,77500,2017-12-24,,,,,,
성동구,11200,11400,성수동1가,656-421,11200-58,신장미,,49.23,4,1983,73000,2017-12-29,,,,,,
성동구,11200,10700,행당동,346,11200-22,행당한진타운,,59.96,14,2000,57000,2017-12-28,,,,,,
성동구,11200,10700,행당동,346,11200-22,행당한진타운,,59.96,4,2000,58500,2017-12-30,,,,,,
성동구,11200,10200,하왕십리동,1070,11200-3120,센트라스,,84.95,4,2016,87000,2017-12-23,,,,,,
성동구,11200,11800,송정동,104,11200-2876,서울숲아이파크,,75.51,11,2009,49500,2017-12-29,,,,,,
성동구,11200,11800,송정동,90,11200-74,건영,,59.21,1,2000,33500,2017-12-19,,,,,,
성동구,11200,11800,송정동,90,11200-74,건영,,84.945,4,2000,44000,2017-12-27,,,,,,
성동구,11200,10800,응봉동,276,11200-82,서울숲리버그린동아아파트,,59.98,25,2003,56500,2017-12-27,,,,,,
성동구,11200,11500,성수동2가,843,11200-2883,서울숲힐스테이트,,143,7,2009,134000,2017-12-27,,,,,,
성동구,11200,11300,옥수동,528-1,11200-3143,옥수파크힐스117동~125동,,59.78,3,2016,85000,2017-12-22,,,,,,
성동구,11200,10200,하왕십리동,1070,11200-3120,센트라스,,84.99,6,2016,89000,2017-12-16,,,,,,
성동구,11200,11300,옥수동,220-1,11200-45,한남하이츠,,177.12,11,1982,216500,2017-12-16,,,,,,
성동구,11200,10700,행당동,349,11200-24,서울숲 한신 더 휴,,84.95,4,2003,69000,2017-12-28,,,,,,
성동구,11200,10200,하왕십리동,1066,11200-3074,텐즈힐(1단지),,129.34,21,2015,111000,2017-12-29,,,,,,
성동구,11200,11100,금호동3가,1331,11200-34,두산,,59.97,11,1994,54000,2017-12-27,,,,,,
성동구,11200,11300,옥수동,561,11200-2980,래미안 옥수 리버젠,,84.81,13,2012,110000,2017-12-28,,,,,,
성동구,11200,10200,하왕십리동,990,11200-5,한신무학,,94.46,11,1989,54000,2017-12-22,,,,,,
성동구,11200,10800,응봉동,98,11200-27,금호현대,,79.8,9,1990,60000,2017-12-18,,,,,,
성동구,11200,10200,하왕십리동,1070,11200-3120,센트라스,,84.99,11,2016,95000,2017-12-23,,,,,,
성동구,11200,10200,하왕십리동,1052,11200-2,금호베스트빌,,59.79,15,2001,44000,2017-12-30,,,,,,
성동구,11200,11500,성수동2가,609-2,11200-65,강변임광,,57.53,12,2000,83000,2017-12-16,,,,,,
성동구,11200,10700,행당동,346,11200-22,행당한진타운,,59.96,20,2000,58700,2017-12-29,,,,,,
성동구,11200,11400,성수동1가,715,11200-79,중앙하이츠빌,,84.9673,1,2003,72200,2017-12-22,,,,,,
성동구,11200,11400,성수동1가,706,11200-56,쌍용,,59.76,10,1997,63700,2017-12-19,,,,,,
성동구,11200,11300,옥수동,561,11200-2980,래미안 옥수 리버젠,,59.25,12,2012,87500,2017-12-26,,,,,,
성동구,11200,11300,옥수동,528,11200-3114,옥수파크힐스101동~116동,,84.64,8,2016,115000,2017-12-30,,,,,,
성동구,11200,11000,금호동2가,1215,11200-2938,금호자이1차,,59.99,5,2012,70800,2017-12-27,,,,,,
성동구,11200,10700,행당동,377,11200-3031,서울숲더샵,,92.08,14,2014,87000,2017-12-24,,,,,,
성동구,11200,11500,성수동2가,843,11200-2883,서울숲힐스테이트,,57.03,15,2009,83000,2017-12-23,,,,,,
성동구,11200,11500,성수동2가,843,11200-2883,서울숲힐스테이트,,57.46,11,2009,87500,2017-12-29,,,,,,
성동구,11200,11500,성수동2가,843,11200-2883,서울숲힐스테이트,,117.13,11,2009,128500,2017-12-22,,,,,,
성동구,11200,10900,금호동1가,633,11200-32,벽산,,114.57,3,2001,65500,2017-12-18,,,,,,
성동구,11200,11100,금호동3가,700,11200-2969,금호자이2차,,84.9796,16,2012,77500,2017-12-19,,,,,,
성동구,11200,10200,하왕십리동,1066,11200-3074,텐즈힐(1단지),,129.34,16,2015,107000,2017-12-13,,,,,,
성동구,11200,11400,성수동1가,706,11200-56,쌍용,,59.76,6,1997,65000,2017-12-22,,,,,,
성동구,11200,11400,성수동1가,716,11200-102,우성,,84.67,13,2004,62500,2017-12-18,,,,,,
성동구,11200,11300,옥수동,100,11200-44,옥수하이츠,,84.86,13,1998,100000,2017-12-31,,,,,,
성동구,11200,10200,하왕십리동,1052,11200-2,금호베스트빌,,84.97,3,2001,44000,2017-12-20,,,,,,
성동구,11200,11300,옥수동,4,11200-47,현대,,123.51,6,1990,93700,2017-12-16,,,,,,
성동구,11200,11500,성수동2가,835,11200-81,롯데캐슬파크,,101.995,3,2003,84000,2017-12-27,,,,,,
성동구,11200,11200,금호동4가,800,11200-35,대우,,84.96,2,2001,65500,2017-12-13,,,,,,
성동구,11200,11300,옥수동,100,11200-44,옥수하이츠,,84.86,9,1998,102700,2017-12-26,,,,,,
성동구,11200,11100,금호동3가,1662,11200-2691,금호한신,,84.49,12,2005,63900,2017-12-18,,,,,,
성동구,11200,11400,성수동1가,706,11200-56,쌍용,,59.76,10,1997,64500,2017-12-23,,,,,,
성동구,11200,11000,금호동2가,1217,11200-2944,래미안하이리버,,59.99,6,2012,72500,2017-12-18,,,,,,
성동구,11200,10900,금호동1가,633,11200-32,벽산,,84.82,9,2001,64500,2017-12-30,,,,,,
성동구,11200,10600,사근동,198-1,11200-94,드림시드,,126.71,2,2001,54000,2017-12-24,,,,,,
성동구,11200,11500,성수동2가,400,11200-67,강변현대,,81.8,17,1994,96000,2017-12-28,,,,,,
성동구,11200,11500,성수동2가,843,11200-2883,서울숲힐스테이트,,143,15,2009,145000,2017-12-15,,,,,,
성동구,11200,11400,성수동1가,708,11200-53,동아그린,,84.89,4,1999,58000,2017-12-15,,,,,,
성동구,11200,11300,옥수동,561,11200-2980,래미안 옥수 리버젠,,59.25,15,2012,84000,2017-12-26,,,,,,
성동구,11200,10700,행당동,375,11200-2899,행당두산위브,,59.99,13,2009,72500,2017-12-29,,,,,,
성동구,11200,10800,응봉동,275,11200-30,신동아,,84.81,5,1996,52800,2017-12-22,,,,,,
성동구,11200,10800,응봉동,276,11200-82,서울숲리버그린동아아파트,,59.98,23,2003,56500,2017-12-28,,,,,,
성동구,11200,10600,사근동,199,11200-17,중앙하이츠,,71.85,14,1989,38500,2017-12-24,,,,,,
성동구,11200,11300,옥수동,428,11200-38,극동,,68.58,5,1986,71500,2017-12-20,,,,,,
성동구,11200,11300,옥수동,4,11200-47,현대,,71.05,7,1990,74000,2017-12-11,,,,,,
성동구,11200,10700,행당동,375,11200-2899,행당두산위브,,59.99,6,2009,74700,2017-12-23,,,,,,
성동구,11200,10900,금호동1가,633,11200-32,벽산,,114.57,10,2001,67000,2017-12-11,,,,,,
성동구,11200,11400,성수동1가,708,11200-53,동아그린,,58.32,14,1999,55000,2017-12-24,,,,,,
성동구,11200,11100,금호동3가,1331,11200-34,두산,,84.99,3,1994,62000,2017-12-18,,,,,,
성동구,11200,11800,송정동,104,11200-2876,서울숲아이파크,,84.87,7,2009,55400,2017-12-11,,,,,,
성동구,11200,11300,옥수동,428,11200-38,극동,,68.58,3,1986,69000,2017-12-12,,,,,,
성동구,11200,10700,행당동,375,11200-2899,행당두산위브,,59.99,5,2009,69000,2017-12-22,,,,,,
성동구,11200,11100,금호동3가,1331,11200-34,두산,,84.99,13,1994,69250,2017-12-19,,,,,,
성동구,11200,11200,금호동4가,800,11200-35,대우,,84.71,6,2001,75000,2017-12-27,,,,,,
성동구,11200,10200,하왕십리동,1070,11200-3120,센트라스,,84.96,6,2016,94500,2017-12-16,,,,,,
성동구,11200,11200,금호동4가,340,11200-2820,서울숲푸르지오,,59.39,4,2007,70000,2017-12-21,,,,,,
성동구,11200,11100,금호동3가,1331,11200-34,두산,,59.97,15,1994,54000,2017-12-15,,,,,,
성동구,11200,11000,금호동2가,1,11200-3086,신금호파크자이,,84.98,8,2016,98500,2017-12-29,,,,,,
성동구,11200,10700,행당동,349,11200-24,서울숲 한신 더 휴,,114.97,10,2003,81000,2017-12-20,,,,,,
성동구,11200,11500,성수동2가,609-2,11200-65,강변임광,,59.67,7,2000,85000,2017-12-29,,,,,,
성동구,11200,11500,성수동2가,712,11200-72,청구강변1,,59.94,13,1994,75000,2017-12-07,,,,,,
성동구,11200,10900,금호동1가,633,11200-32,벽산,,59.9,17,2001,49100,2017-12-09,,,,,,
성동구,11200,11000,금호동2가,1215,11200-2938,금호자이1차,,59.99,7,2012,70700,2017-12-21,,,,,,
성동구,11200,10700,행당동,345,11200-19,두산,,59.94,3,1997,44000,2017-12-12,,,,,,
성동구,11200,10700,행당동,349,11200-24,서울숲 한신 더 휴,,84.95,20,2003,69200,2017-12-18,,,,,,
성동구,11200,11000,금호동2가,1217,11200-2944,래미안하이리버,,84.98,3,2012,81000,2017-12-16,,,,,,
성동구,11200,11300,옥수동,561,11200-2980,래미안 옥수 리버젠,,84.81,14,2012,115000,2017-12-11,,,,,,
성동구,11200,11300,옥수동,561,11200-2980,래미안 옥수 리버젠,,84.81,13,2012,125000,2017-12-13,,,,,,
성동구,11200,10900,금호동1가,633,11200-32,벽산,,114.57,13,2001,70000,2017-12-14,,,,,,
성동구,11200,10900,금호동1가,633,11200-32,벽산,,59.9,11,2001,50000,2017-12-10,,,,,,
성동구,11200,10700,행당동,349,11200-24,서울숲 한신 더 휴,,59.91,14,2003,56000,2017-12-28,,,,,,
성동구,11200,10700,행당동,346,11200-22,행당한진타운,,114.62,20,2000,80000,2017-12-23,,,,,,
성동구,11200,11200,금호동4가,800,11200-35,대우,,84.71,14,2001,77800,2017-12-29,,,,,,
성동구,11200,10200,하왕십리동,1066,11200-3074,텐즈힐(1단지),,129.34,17,2015,109500,2017-12-26,,,,,,
성동구,11200,11300,옥수동,428,11200-38,극동,,57.78,3,1986,63500,2017-12-09,,,,,,
성동구,11200,11800,송정동,104,11200-2876,서울숲아이파크,,116.58,14,2009,60000,2017-12-22,,,,,,
성동구,11200,11200,금호동4가,235,11200-2970,서울숲2차푸르지오,,84.898,2,2012,95000,2017-12-30,,,,,,
성동구,11200,10200,하왕십리동,1070,11200-3120,센트라스,,84.99,3,2016,85000,2017-12-23,,,,,,
성동구,11200,10900,금호동1가,633,11200-32,벽산,,84.82,8,2001,61400,2017-12-30,,,,,,
성동구,11200,10200,하왕십리동,1058,11200-1,극동미라주,,114.63,10,2001,68000,2017-12-23,,,,,,
성동구,11200,11300,옥수동,4,11200-47,현대,,71.05,4,1990,75500,2017-12-08,,,,,,
성동구,11200,10700,행당동,349,11200-24,서울숲 한신 더 휴,,114.97,10,2003,76500,2017-12-18,,,,,,
성동구,11200,10700,행당동,349,11200-24,서울숲 한신 더 휴,,59.91,8,2003,60000,2017-12-09,,,,,,
성동구,11200,10700,행당동,346,11200-22,행당한진타운,,59.96,19,2000,61000,2017-12-30,,,,,,
성동구,11200,11300,옥수동,428,11200-38,극동,,84.74,15,1986,89000,2017-12-23,,,,,,
성동구,11200,11300,옥수동,560,11200-2935,옥수어울림,,128.107,1,2011,127000,2017-12-28,,,,,,
성동구,11200,10700,행당동,377,11200-3031,서울숲더샵,,101.45,29,2014,107000,2017-12-07,,,,,,
성동구,11200,10700,행당동,349,11200-24,서울숲 한신 더 휴,,59.94,17,2003,57500,2017-12-16,,,,,,
성동구,11200,11300,옥수동,561,11200-2980,래미안 옥수 리버젠,,84.73,5,2012,111000,2017-12-22,,,,,,
성동구,11200,11100,금호동3가,1331,11200-34,두산,,59.97,5,1994,52000,2017-12-11,,,,,,
성동구,11200,11300,옥수동,428,11200-38,극동,,57.78,14,1986,65000,2017-12-16,,,,,,
성동구,11200,11500,성수동2가,712,11200-72,청구강변1,,84.87,8,1994,94100,2017-12-04,,,,,,
성동구,11200,11300,옥수동,250,11200-42,옥수삼성,,84.822,6,1999,84800,2017-12-21,,,,,,
성동구,11200,10700,행당동,344,11200-21,신동아,,84.96,15,1995,53500,2017-12-08,,,,,,
성동구,11200,11400,성수동1가,704,11200-60,한진타운,,59.4,4,1994,70000,2017-12-30,,,,,,
성동구,11200,11300,옥수동,4,11200-47,현대,,123.51,11,1990,95000,2017-12-20,,,,,,
성동구,11200,10200,하왕십리동,1061,11200-98,왕십리풍림아이원,,59.936,14,2004,54700,2017-12-29,,,,,,
성동구,11200,10700,행당동,349,11200-24,서울숲 한신 더 휴,,84.95,1,2003,60000,2017-12-25,,,,,,
성동구,11200,11100,금호동3가,700,11200-2969,금호자이2차,,59.9912,1,2012,60000,2017-12-23,,,,,,
성동구,11200,11100,금호동3가,1662,11200-2691,금호한신,,59.99,8,2005,55000,2017-12-16,,,,,,
성동구,11200,10200,하왕십리동,1066,11200-3074,텐즈힐(1단지),,84.96,24,2015,90000,2017-12-09,,,,,,
성동구,11200,10700,행당동,377,11200-3031,서울숲더샵,,101.45,6,2014,103000,2017-12-02,,,,,,
성동구,11200,10200,하왕십리동,1058,11200-1,극동미라주,,84.33,21,2001,56000,2017-12-16,,,,,,
성동구,11200,10200,하왕십리동,1061,11200-98,왕십리풍림아이원,,114.928,16,2004,67500,2017-12-29,,,,,,
성동구,11200,10700,행당동,347,11200-18,대림e-편한세상,,59.96,13,2000,55000,2017-12-20,,,,,,
성동구,11200,11400,성수동1가,710,11200-49,강변건영아파트,,84.941,23,2002,97500,2017-12-04,,,,,,
성동구,11200,10800,응봉동,98,11200-27,금호현대,,79.8,13,1990,60000,2017-12-27,,,,,,
성동구,11200,11800,송정동,104,11200-2876,서울숲아이파크,,84.88,3,2009,53700,2017-12-25,,,,,,
성동구,11200,10200,하왕십리동,1066,11200-3074,텐즈힐(1단지),,59.88,11,2015,79000,2017-12-07,,,,,,
성동구,11200,11400,성수동1가,715,11200-79,중앙하이츠빌,,84.9673,19,2003,79500,2017-12-02,,,,,,
성동구,11200,11300,옥수동,436,11200-39,극동그린,,84.92,1,1997,59900,2017-12-29,,,,,,
성동구,11200,11300,옥수동,428,11200-38,극동,,148.23,7,1986,109500,2017-12-27,,,,,,
성동구,11200,10700,행당동,347,11200-18,대림e-편한세상,,114.94,15,2000,83800,2017-12-26,,,,,,
성동구,11200,11400,성수동1가,704,11200-60,한진타운,,59.4,1,1994,68000,2017-12-06,,,,,,
성동구,11200,10700,행당동,346,11200-22,행당한진타운,,59.96,23,2000,60000,2017-12-29,,,,,,
성동구,11200,10500,마장동,820,11200-90,왕십리금호어울림,,84.97,4,2006,66500,2017-12-02,,,,,,
성동구,11200,10700,행당동,347,11200-18,대림e-편한세상,,84.87,5,2000,69500,2017-12-04,,,,,,
성동구,11200,10200,하왕십리동,990,11200-5,한신무학,,70.12,1,1989,47800,2017-12-09,,,,,,
성동구,11200,10200,하왕십리동,1066,11200-3074,텐즈힐(1단지),,84.96,9,2015,88000,2017-12-22,,,,,,
성동구,11200,11400,성수동1가,704,11200-60,한진타운,,59.4,4,1994,68500,2017-12-02,,,,,,
성동구,11200,10800,응봉동,275,11200-30,신동아,,59.97,7,1996,45000,2017-12-05,,,,,,
성동구,11200,10200,하왕십리동,1066,11200-3074,텐즈힐(1단지),,129.34,3,2015,108000,2017-12-22,,,,,,
성동구,11200,10200,하왕십리동,258,11200-4,벽산,,114.46,3,1996,65000,2017-12-26,,,,,,
성동구,11200,10200,하왕십리동,1061,11200-98,왕십리풍림아이원,,84.417,11,2004,61000,2017-12-12,,,,,,
성동구,11200,11400,성수동1가,710,11200-49,강변건영아파트,,84.941,22,2002,105000,2017-12-12,,,,,,
성동구,11200,10200,하왕십리동,1066,11200-3074,텐즈힐(1단지),,84.96,20,2015,90000,2017-12-11,,,,,,
성동구,11200,11300,옥수동,428,11200-38,극동,,142.26,12,1986,105000,2017-12-18,,,,,,
성동구,11200,10200,하왕십리동,1070,11200-3120,센트라스,,84.98,14,2016,95000,2017-12-23,,,,,,
성동구,11200,10700,행당동,347,11200-18,대림e-편한세상,,59.96,3,2000,54750,2017-12-01,,,,,,
성동구,11200,10800,응봉동,15,11200-29,대림강변타운,,84.42,11,2001,77500,2017-12-05,,,,,,
성동구,11200,10700,행당동,377,11200-3031,서울숲더샵,,84.18,37,2014,97000,2017-12-31,,,,,,
성동구,11200,10800,응봉동,98,11200-27,금호현대,,79.8,4,1990,61700,2017-12-29,,,,,,
성동구,11200,10900,금호동1가,1818,11200-2722,신금호두산위브,,116.8,11,2006,75000,2017-12-03,,,,,,
성동구,11200,10700,행당동,345,11200-19,두산,,59.94,21,1997,47500,2017-12-11,,,,,,
성동구,11200,10200,하왕십리동,992,11200-3,무학현대,,84.675,3,1996,48700,2017-12-26,,,,,,
성동구,11200,11300,옥수동,250,11200-42,옥수삼성,,114.666,17,1999,89500,2017-12-16,,,,,,
성동구,11200,11300,옥수동,250,11200-42,옥수삼성,,114.666,3,1999,89700,2017-12-10,,,,,,
성동구,11200,10100,상왕십리동,811,11200-3024,텐즈힐(2단지),,127.44,9,2014,100900,2017-12-23,,,,,,
성동구,11200,10800,응봉동,100,11200-77,대림(1차),,75.51,10,1986,65000,2017-12-23,,,,,,
성동구,11200,10700,행당동,347,11200-18,대림e-편한세상,,59.96,11,2000,54300,2017-12-02,,,,,,
성동구,11200,10900,금호동1가,633,11200-32,벽산,,59.9,8,2001,47750,2017-12-16,,,,,,
성동구,11200,10200,하왕십리동,1070,11200-3120,센트라스,,84.96,15,2016,93000,2017-12-09,,,,,,
성동구,11200,11000,금호동2가,1217,11200-2944,래미안하이리버,,59.99,2,2012,68500,2017-12-18,,,,,,
성동구,11200,10700,행당동,147,11200-20,서울숲삼부아파트,,122.01,3,1998,90000,2017-12-29,,,,,,
성동구,11200,11500,성수동2가,837,11200-2728,우성2차,,84.35,8,2006,55000,2017-12-02,,,,,,
성동구,11200,10200,하왕십리동,1052,11200-2,금호베스트빌,,59.79,3,2001,42000,2017-12-08,,,,,,
성동구,11200,10700,행당동,347,11200-18,대림e-편한세상,,114.94,3,2000,73000,2017-12-20,,,,,,
성동구,11200,10500,마장동,820,11200-90,왕십리금호어울림,,84.97,3,2006,64000,2017-12-19,,,,,,
성동구,11200,10800,응봉동,15,11200-29,대림강변타운,,114.88,2,2001,83000,2017-12-15,,,,,,
성동구,11200,10700,행당동,147,11200-20,서울숲삼부아파트,,122.01,4,1998,84500,2017-12-10,,,,,,
성동구,11200,10700,행당동,346,11200-22,행당한진타운,,84.71,6,2000,71000,2017-12-27,,,,,,
성동구,11200,11300,옥수동,561,11200-2980,래미안 옥수 리버젠,,59.25,9,2012,85000,2017-12-04,,,,,,
성동구,11200,11000,금호동2가,1215,11200-2938,금호자이1차,,59.99,3,2012,68000,2017-12-11,,,,,,
성동구,11200,10400,도선동,69,11200-2751,삼성쉐르빌,,84.74,20,2006,55800,2017-12-20,,,,,,
성동구,11200,11300,옥수동,561,11200-2980,래미안 옥수 리버젠,,59.25,11,2012,86000,2017-12-25,,,,,,
성동구,11200,10800,응봉동,15,11200-29,대림강변타운,,59.76,6,2001,62500,2017-12-19,,,,,,
성동구,11200,10800,응봉동,97,11200-28,대림(2차),,84.53,7,1989,56500,2017-12-07,,,,,,
성동구,11200,10100,상왕십리동,811,11200-3024,텐즈힐(2단지),,127.44,16,2014,103000,2017-12-11,,,,,,
성동구,11200,10900,금호동1가,1500,11200-31,금호삼성래미안,,84.45,7,2001,70000,2017-12-28,,,,,,
성동구,11200,10900,금호동1가,633,11200-32,벽산,,59.9,5,2001,49500,2017-12-13,,,,,,
성동구,11200,10200,하왕십리동,1066,11200-3074,텐즈힐(1단지),,84.96,13,2015,86000,2017-12-11,,,,,,
성동구,11200,10700,행당동,346,11200-22,행당한진타운,,114.62,14,2000,87700,2017-12-15,,,,,,
성동구,11200,10700,행당동,346,11200-22,행당한진타운,,84.71,17,2000,72000,2017-12-23,,,,,,
성동구,11200,10700,행당동,349,11200-24,서울숲 한신 더 휴,,59.94,5,2003,58500,2017-12-30,,,,,,
성동구,11200,11300,옥수동,561,11200-2980,래미안 옥수 리버젠,,59.25,13,2012,83000,2017-12-26,,,,,,
성동구,11200,11800,송정동,97,11200-3092,양지쉐르빌아파트,,59.02,4,2016,30500,2017-12-19,,,,,,
성동구,11200,10700,행당동,349,11200-24,서울숲 한신 더 휴,,84.95,8,2003,65000,2017-12-23,,,,,,
성동구,11200,11300,옥수동,220-1,11200-45,한남하이츠,,87.67,8,1982,93000,2017-12-21,,,,,,
성동구,11200,10700,행당동,346,11200-22,행당한진타운,,84.71,12,2000,70000,2017-12-02,,,,,,
성동구,11200,11300,옥수동,100,11200-44,옥수하이츠,,84.86,11,1998,83000,2017-12-18,,,,,,
성동구,11200,10900,금호동1가,633,11200-32,벽산,,59.9,16,2001,47800,2017-12-09,,,,,,
성동구,11200,10200,하왕십리동,1061,11200-98,왕십리풍림아이원,,59.936,8,2004,52300,2017-12-16,,,,,,
성동구,11200,10200,하왕십리동,1052,11200-2,금호베스트빌,,59.79,13,2001,44000,2017-12-09,,,,,,
성동구,11200,10800,응봉동,98,11200-27,금호현대,,79.8,4,1990,55000,2017-12-08,,,,,,
성동구,11200,11500,성수동2가,843,11200-2883,서울숲힐스테이트,,117.13,7,2009,124750,2017-12-20,,,,,,
성동구,11200,10200,하왕십리동,1066,11200-3074,텐즈힐(1단지),,148.8,18,2015,125000,2017-12-13,,,,,,
성동구,11200,11000,금호동2가,1,11200-3086,신금호파크자이,,59.98,10,2016,75000,2017-12-18,,,,,,
성동구,11200,10700,행당동,347,11200-18,대림e-편한세상,,114.94,5,2000,77000,2017-12-26,,,,,,
성동구,11200,10700,행당동,347,11200-18,대림e-편한세상,,84.87,2,2000,61500,2017-12-02,,,,,,
성동구,11200,10700,행당동,346,11200-22,행당한진타운,,114.62,15,2000,82500,2017-12-08,,,,,,
성동구,11200,10800,응봉동,100,11200-77,대림(1차),,75.51,4,1986,60000,2017-12-08,,,,,,
성동구,11200,11000,금호동2가,1217,11200-2944,래미안하이리버,,84.98,16,2012,90000,2017-12-30,,,,,,
성동구,11200,11200,금호동4가,800,11200-35,대우,,84.71,5,2001,72000,2017-12-08,,,,,,
성동구,11200,10700,행당동,346,11200-22,행당한진타운,,114.62,22,2000,80000,2017-12-16,,,,,,
성동구,11200,11100,금호동3가,1331,11200-34,두산,,59.97,7,1994,52000,2017-12-29,,,,,,
성동구,11200,10200,하왕십리동,258,11200-4,벽산,,84.94,10,1996,58300,2017-12-27,,,,,,
성동구,11200,11200,금호동4가,235,11200-2970,서울숲2차푸르지오,,59.862,14,2012,82900,2017-12-03,,,,,,
성동구,11200,11800,송정동,97,11200-3092,양지쉐르빌아파트,,59.02,4,2016,29600,2017-12-02,,,,,,
성동구,11200,10200,하왕십리동,1066,11200-3074,텐즈힐(1단지),,59.88,11,2015,79000,2017-12-04,,,,,,
성동구,11200,11300,옥수동,4,11200-47,현대,,84.9,4,1990,85000,2017-12-02,,,,,,
성동구,11200,10500,마장동,784,11200-13,세림,,72.84,11,1986,52000,2017-12-20,,,,,,
성동구,11200,10200,하왕십리동,992,11200-3,무학현대,,84.495,4,1996,47000,2017-12-11,,,,,,
성동구,11200,10800,응봉동,98,11200-27,금호현대,,79.8,6,1990,54800,2017-12-19,,,,,,
성동구,11200,10200,하왕십리동,1070,11200-3120,센트라스,,59.94,12,2016,79300,2017-12-22,,,,,,
성동구,11200,11200,금호동4가,800,11200-35,대우,,114.6,11,2001,89000,2017-12-02,,,,,,
성동구,11200,10800,응봉동,15,11200-29,대림강변타운,,59.76,8,2001,63800,2017-12-20,,,,,,
성동구,11200,10700,행당동,347,11200-18,대림e-편한세상,,59.96,7,2000,53000,2017-12-20,,,,,,
성동구,11200,11200,금호동4가,340,11200-2820,서울숲푸르지오,,59.99,5,2007,72000,2017-12-10,,,,,,
성동구,11200,10700,행당동,349,11200-24,서울숲 한신 더 휴,,84.95,4,2003,64000,2017-12-08,,,,,,
성동구,11200,10700,행당동,377,11200-3031,서울숲더샵,,84.06,17,2014,85500,2017-12-13,,,,,,
성동구,11200,11200,금호동4가,235,11200-2970,서울숲2차푸르지오,,59.862,2,2012,77800,2017-12-20,,,,,,
성동구,11200,10600,사근동,314,11200-16,벽산,,84.8,7,2000,44500,2017-12-02,,,,,,
성동구,11200,11300,옥수동,561,11200-2980,래미안 옥수 리버젠,,113.52,11,2012,135000,2017-12-02,,,,,,
성동구,11200,10700,행당동,376,11200-2914,서울숲행당푸르지오,,84.74,6,2011,79000,2017-12-30,,,,,,
성동구,11200,10800,응봉동,275,11200-30,신동아,,59.97,3,1996,44900,2017-12-16,,,,,,
성동구,11200,10900,금호동1가,633,11200-32,벽산,,59.9,5,2001,48200,2017-12-21,,,,,,
성동구,11200,11300,옥수동,561,11200-2980,래미안 옥수 리버젠,,113.52,11,2012,127000,2017-12-24,,,,,,
성동구,11200,10900,금호동1가,633,11200-32,벽산,,84.82,1,2001,54000,2017-12-15,,,,,,
성동구,11200,11400,성수동1가,708,11200-53,동아그린,,58.32,16,1999,55500,2017-12-14,,,,,,
성동구,11200,10900,금호동1가,633,11200-32,벽산,,59.9,15,2001,49000,2017-12-28,,,,,,
성동구,11200,11400,성수동1가,708,11200-53,동아그린,,84.91,6,1999,67000,2017-12-16,,,,,,
성동구,11200,10500,마장동,784,11200-13,세림,,40.86,7,1986,35000,2017-12-11,,,,,,
성동구,11200,11300,옥수동,561,11200-2980,래미안 옥수 리버젠,,59.25,18,2012,87500,2017-12-14,,,,,,
성동구,11200,10500,마장동,784,11200-13,세림,,72.84,1,1986,52000,2017-12-30,,,,,,
성동구,11200,11000,금호동2가,1215,11200-2938,금호자이1차,,59.99,10,2012,70500,2017-12-02,,,,,,
성동구,11200,10200,하왕십리동,1066,11200-3074,텐즈힐(1단지),,84.88,11,2015,92000,2017-12-13,,,,,,
성동구,11200,10200,하왕십리동,992,11200-3,무학현대,,84.495,5,1996,48500,2017-12-21,,,,,,
성동구,11200,11300,옥수동,557,11200-40,극동옥정,,59.34,7,1998,47000,2017-12-11,,,,,,
성동구,11200,10800,응봉동,100,11200-77,대림(1차),,113.71,1,1986,73000,2017-12-09,,,,,,
성동구,11200,11200,금호동4가,180,11200-36,삼산금호,,49.45,4,1975,30000,2017-12-11,,,,,,
성동구,11200,10700,행당동,347,11200-18,대림e-편한세상,,114.94,14,2000,78500,2017-12-30,,,,,,
성동구,11200,10700,행당동,347,11200-18,대림e-편한세상,,59.96,10,2000,51000,2017-12-07,,,,,,
성동구,11200,10700,행당동,377,11200-3031,서울숲더샵,,101.45,9,2014,102000,2017-12-24,,,,,,
성동구,11200,11100,금호동3가,700,11200-2969,금호자이2차,,84.7313,12,2012,75500,2017-12-27,,,,,,
성동구,11200,11400,성수동1가,676-5,11200-61,서울숲성수현대,,69.21,11,1990,67000,2017-12-24,,,,,,
성동구,11200,10200,하왕십리동,1064,11200-2895,왕십리지웰,,84.981,7,2009,63500,2017-12-08,,,,,,
성동구,11200,10200,하왕십리동,1066,11200-3074,텐즈힐(1단지),,59.88,14,2015,74500,2017-12-09,,,,,,
성동구,11200,10800,응봉동,15,11200-29,대림강변타운,,59.76,21,2001,59200,2017-12-06,,,,,,
성동구,11200,10700,행당동,346,11200-22,행당한진타운,,59.96,17,2000,57000,2017-12-04,,,,,,
성동구,11200,10500,마장동,818,11200-14,현대,,59.91,8,1998,44000,2017-12-21,,,,,,
성동구,11200,11300,옥수동,561,11200-2980,래미안 옥수 리버젠,,59.25,18,2012,86000,2017-12-06,,,,,,
성동구,11200,11500,성수동2가,835,11200-81,롯데캐슬파크,,101.995,6,2003,87000,2017-12-16,,,,,,
성동구,11200,10700,행당동,346,11200-22,행당한진타운,,114.62,20,2000,87000,2017-12-23,,,,,,
성동구,11200,10700,행당동,347,11200-18,대림e-편한세상,,84.87,13,2000,66000,2017-12-26,,,,,,
성동구,11200,10700,행당동,377,11200-3031,서울숲더샵,,92.08,16,2014,84500,2017-12-16,,,,,,
성동구,11200,10900,금호동1가,633,11200-32,벽산,,84.82,7,2001,60000,2017-12-12,,,,,,
성동구,11200,10700,행당동,349,11200-24,서울숲 한신 더 휴,,59.94,20,2003,60000,2017-12-13,,,,,,
성동구,11200,10200,하왕십리동,1052,11200-2,금호베스트빌,,114.93,13,2001,62750,2017-12-02,,,,,,
성동구,11200,11100,금호동3가,1331,11200-34,두산,,116.81,4,1994,66800,2017-12-23,,,,,,
성동구,11200,11100,금호동3가,1331,11200-34,두산,,59.97,15,1994,54500,2017-12-01,,,,,,
성동구,11200,10700,행당동,347,11200-18,대림e-편한세상,,59.96,15,2000,52700,2017-12-23,,,,,,
성동구,11200,11300,옥수동,220-1,11200-45,한남하이츠,,101.09,3,1982,109000,2017-12-14,,,,,,
성동구,11200,10700,행당동,344,11200-21,신동아,,84.99,9,1995,57500,2017-12-06,,,,,,
성동구,11200,11200,금호동4가,340,11200-2820,서울숲푸르지오,,114.55,4,2007,105000,2017-12-04,,,,,,
성동구,11200,10200,하왕십리동,1066,11200-3074,텐즈힐(1단지),,59.88,3,2015,75500,2017-12-01,,,,,,
성동구,11200,10100,상왕십리동,811,11200-3024,텐즈힐(2단지),,84.92,3,2014,86000,2017-12-11,,,,,,
성동구,11200,11300,옥수동,220-1,11200-45,한남하이츠,,149.39,4,1982,141500,2017-12-05,,,,,,
성동구,11200,11500,성수동2가,286,11200-71,성수우방2차아파트,,84.75,13,1999,60000,2017-12-12,,,,,,
성동구,11200,10700,행당동,346,11200-22,행당한진타운,,59.96,15,2000,56500,2017-12-04,,,,,,
성동구,11200,11300,옥수동,220-1,11200-45,한남하이츠,,149.39,3,1982,142000,2017-12-20,,,,,,
성동구,11200,11300,옥수동,528,11200-3114,옥수파크힐스101동~116동,,59.88,20,2016,90000,2017-12-12,,,,,,
성동구,11200,10500,마장동,818,11200-14,현대,,59.91,8,1998,41000,2017-12-11,,,,,,
성동구,11200,10500,마장동,818,11200-14,현대,,59.94,12,1998,42900,2017-12-12,,,,,,
성동구,11200,10700,행당동,349,11200-24,서울숲 한신 더 휴,,59.91,15,2003,60000,2017-12-11,,,,,,
성동구,11200,10700,행당동,349,11200-24,서울숲 한신 더 휴,,59.94,10,2003,58500,2017-12-09,,,,,,
성동구,11200,10900,금호동1가,633,11200-32,벽산,,59.9,9,2001,48800,2017-12-23,,,,,,
성동구,11200,10700,행당동,346,11200-22,행당한진타운,,59.96,19,2000,58300,2017-12-16,,,,,,
성동구,11200,10200,하왕십리동,1070,11200-3120,센트라스,,84.96,9,2016,94500,2017-12-30,,,,,,
성동구,11200,11300,옥수동,528,11200-3114,옥수파크힐스101동~116동,,59.88,17,2016,90000,2017-12-01,,,,,,
성동구,11200,10700,행당동,347,11200-18,대림e-편한세상,,59.96,12,2000,55500,2017-12-21,,,,,,
성동구,11200,10200,하왕십리동,1070,11200-3120,센트라스,,59.94,8,2016,80000,2017-12-08,,,,,,
성동구,11200,11100,금호동3가,1331,11200-34,두산,,116.81,10,1994,73500,2017-12-12,,,,,,
성동구,11200,10500,마장동,817,11200-10,왕십리삼성아파트,,84.93,13,1996,60000,2017-12-13,,,,,,
성동구,11200,10700,행당동,376,11200-2914,서울숲행당푸르지오,,84.74,11,2011,75000,2017-12-26,,,,,,
성동구,11200,11000,금호동2가,1,11200-3086,신금호파크자이,,84.98,2,2016,90000,2017-12-30,,,,,,
성동구,11200,10800,응봉동,100,11200-77,대림(1차),,113.71,2,1986,72000,2017-12-13,,,,,,
성동구,11200,11000,금호동2가,1,11200-3086,신금호파크자이,,84.98,7,2016,92500,2017-12-13,,,,,,
성동구,11200,10900,금호동1가,633,11200-32,벽산,,114.57,1,2001,58500,2017-12-11,,,,,,
성동구,11200,10700,행당동,347,11200-18,대림e-편한세상,,84.87,12,2000,66000,2017-12-08,,,,,,
성동구,11200,11000,금호동2가,1,11200-3086,신금호파크자이,,59.98,10,2016,77900,2017-12-12,,,,,,
성동구,11200,11300,옥수동,561,11200-2980,래미안 옥수 리버젠,,84.73,6,2012,117500,2017-12-02,,,,,,
성동구,11200,10600,사근동,199,11200-17,중앙하이츠,,71.85,11,1989,38500,2017-12-04,,,,,,
성동구,11200,11000,금호동2가,1,11200-3086,신금호파크자이,,84.98,16,2016,96000,2017-12-04,,,,,,
성동구,11200,11000,금호동2가,1,11200-3086,신금호파크자이,,59.98,8,2016,75000,2017-12-16,,,,,,
성동구,11200,10100,상왕십리동,811,11200-3024,텐즈힐(2단지),,127.44,3,2014,96500,2017-12-13,,,,,,
성동구,11200,10200,하왕십리동,1070,11200-3120,센트라스,,59.93,15,2016,74500,2017-12-15,,,,,,
성동구,11200,10200,하왕십리동,1066,11200-3074,텐즈힐(1단지),,84.88,2,2015,87000,2017-12-09,,,,,,
성동구,11200,10200,하왕십리동,1066,11200-3074,텐즈힐(1단지),,84.96,15,2015,89000,2017-12-09,,,,,,
성동구,11200,10200,하왕십리동,1066,11200-3074,텐즈힐(1단지),,84.96,8,2015,89800,2017-12-07,,,,,,
성동구,11200,11300,옥수동,220-1,11200-45,한남하이츠,,87.67,3,1982,93800,2017-12-09,,,,,,
성동구,11200,10700,행당동,347,11200-18,대림e-편한세상,,114.94,10,2000,77200,2017-12-09,,,,,,
성동구,11200,10100,상왕십리동,811,11200-3024,텐즈힐(2단지),,84.9,5,2014,85800,2017-12-09,,,,,,
성동구,11200,10200,하왕십리동,1066,11200-3074,텐즈힐(1단지),,84.96,22,2015,89000,2017-12-09,,,,,,
성동구,11200,10700,행당동,347,11200-18,대림e-편한세상,,84.87,1,2000,66000,2017-12-18,,,,,,
성동구,11200,10500,마장동,818,11200-14,현대,,59.94,14,1998,42800,2017-12-16,,,,,,
성동구,11200,10200,하왕십리동,1052,11200-2,금호베스트빌,,84.97,5,2001,51000,2017-12-19,,,,,,
성동구,11200,11400,성수동1가,708,11200-53,동아그린,,58.32,1,1999,45900,2017-12-07,,,,,,
성동구,11200,11000,금호동2가,1,11200-3086,신금호파크자이,,59.98,7,2016,77000,2017-12-12,,,,,,
성동구,11200,10800,응봉동,275,11200-30,신동아,,59.97,15,1996,46400,2017-12-22,,,,,,
성동구,11200,11500,성수동2가,400,11200-67,강변현대,,81.8,4,1994,91000,2017-12-29,,,,,,
성동구,11200,11000,금호동2가,1,11200-3086,신금호파크자이,,59.98,15,2016,78000,2017-12-23,,,,,,
성동구,11200,11000,금호동2가,1,11200-3086,신금호파크자이,,59.98,3,2016,77000,2017-12-28,,,,,,
성동구,11200,11500,성수동2가,286,11200-71,성수우방2차아파트,,59.82,2,1999,45800,2017-12-16,,,,,,
성동구,11200,11400,성수동1가,710,11200-49,강변건영아파트,,84.941,16,2002,106500,2017-12-12,,,,,,
성동구,11200,10200,하왕십리동,1070,11200-3120,센트라스,,59.99,23,2016,76500,2017-12-15,,,,,,
성동구,11200,10100,상왕십리동,811,11200-3024,텐즈힐(2단지),,84.92,9,2014,87000,2017-12-09,,,,,,
성동구,11200,10800,응봉동,276,11200-82,서울숲리버그린동아아파트,,59.98,19,2003,56000,2017-12-12,,,,,,
성동구,11200,11400,성수동1가,676-5,11200-61,서울숲성수현대,,59.13,1,1990,60500,2017-12-18,,,,,,
성동구,11200,10200,하왕십리동,1066,11200-3074,텐즈힐(1단지),,84.88,17,2015,90000,2017-12-02,,,,,,
성동구,11200,11000,금호동2가,1215,11200-2938,금호자이1차,,59.99,8,2012,71000,2017-12-16,,,,,,
성동구,11200,10700,행당동,347,11200-18,대림e-편한세상,,59.96,6,2000,51400,2017-12-16,,,,,,
성동구,11200,10700,행당동,347,11200-18,대림e-편한세상,,114.94,5,2000,75000,2017-12-09,,,,,,
성동구,11200,10500,마장동,784,11200-13,세림,,40.86,9,1986,36000,2017-12-09,,,,,,
성동구,11200,10900,금호동1가,633,11200-32,벽산,,114.57,15,2001,70000,2017-12-27,,,,,,
성동구,11200,10200,하왕십리동,1066,11200-3074,텐즈힐(1단지),,84.96,18,2015,87500,2017-12-06,,,,,,
성동구,11200,11400,성수동1가,706,11200-56,쌍용,,59.76,6,1997,63500,2017-12-12,,,,,,
성동구,11200,11400,성수동1가,706,11200-56,쌍용,,84.78,14,1997,72500,2017-12-27,,,,,,
성동구,11200,11300,옥수동,250,11200-42,옥수삼성,,114.666,5,1999,95000,2017-12-21,,,,,,
성동구,11200,10700,행당동,347,11200-18,대림e-편한세상,,84.87,12,2000,65000,2017-12-14,,,,,,
성동구,11200,11000,금호동2가,1217,11200-2944,래미안하이리버,,59.99,4,2012,69500,2017-12-07,,,,,,
성동구,11200,10700,행당동,377,11200-3031,서울숲더샵,,84.18,6,2014,86800,2017-12-28,,,,,,
성동구,11200,10200,하왕십리동,1066,11200-3074,텐즈힐(1단지),,84.96,16,2015,86000,2017-12-03,,,,,,
성동구,11200,11000,금호동2가,1,11200-3086,신금호파크자이,,59.98,10,2016,78000,2017-12-09,,,,,,
성동구,11200,11000,금호동2가,1,11200-3086,신금호파크자이,,59.98,16,2016,77500,2017-12-04,,,,,,
성동구,11200,10200,하왕십리동,258,11200-4,벽산,,114.46,9,1996,60000,2017-12-06,,,,,,
성동구,11200,11100,금호동3가,1331,11200-34,두산,,79.08,11,1994,58000,2017-12-26,,,,,,
성동구,11200,10200,하왕십리동,1070,11200-3120,센트라스,,84.99,9,2016,88000,2017-12-04,,,,,,
성동구,11200,11000,금호동2가,1215,11200-2938,금호자이1차,,117.18,1,2012,92800,2017-12-04,,,,,,
성동구,11200,10200,하왕십리동,1061,11200-98,왕십리풍림아이원,,59.936,15,2004,54500,2017-12-05,,,,,,
성동구,11200,11100,금호동3가,1662,11200-2691,금호한신,,84.96,4,2005,60000,2017-12-06,,,,,,
성동구,11200,10200,하왕십리동,1061,11200-98,왕십리풍림아이원,,84.417,16,2004,60000,2017-12-01,,,,,,
성동구,11200,10700,행당동,347,11200-18,대림e-편한세상,,84.87,7,2000,59500,2017-12-20,,,,,,
성동구,11200,11200,금호동4가,1250,11200-37,롯데,,84.99,15,2003,71500,2017-12-09,,,,,,
성동구,11200,10200,하왕십리동,1061,11200-98,왕십리풍림아이원,,59.936,1,2004,49500,2017-12-23,,,,,,
성동구,11200,11400,성수동1가,656-320,11200-52,동아,,96.18,5,1983,90000,2017-12-02,,,,,,
성동구,11200,10200,하왕십리동,1064,11200-2895,왕십리지웰,,133.536,10,2009,71500,2017-12-19,,,,,,
성동구,11200,11300,옥수동,436,11200-39,극동그린,,84.92,2,1997,61000,2017-12-02,,,,,,
성동구,11200,10700,행당동,347,11200-18,대림e-편한세상,,59.96,14,2000,53600,2017-12-20,,,,,,
성동구,11200,10700,행당동,346,11200-22,행당한진타운,,59.96,19,2000,57900,2017-12-20,,,,,,
성동구,11200,10200,하왕십리동,1066,11200-3074,텐즈힐(1단지),,84.96,15,2015,88000,2017-12-09,,,,,,
성동구,11200,10700,행당동,347,11200-18,대림e-편한세상,,59.96,1,2000,51000,2017-12-21,,,,,,
성동구,11200,10700,행당동,346,11200-22,행당한진타운,,59.96,20,2000,56900,2017-12-18,,,,,,
성동구,11200,11300,옥수동,428,11200-38,극동,,84.74,5,1986,73000,2017-12-20,,,,,,
성동구,11200,11000,금호동2가,1217,11200-2944,래미안하이리버,,59.99,20,2012,76500,2017-12-09,,,,,,
성동구,11200,10700,행당동,346,11200-22,행당한진타운,,59.96,24,2000,57500,2017-12-09,,,,,,
성동구,11200,11400,성수동1가,685-696,11200-2923,갤러리아포레,,217.86,28,2011,425000,2017-12-20,,,,,,
성동구,11200,10700,행당동,347,11200-18,대림e-편한세상,,84.87,4,2000,59500,2017-12-15,,,,,,
성동구,11200,10700,행당동,347,11200-18,대림e-편한세상,,114.94,9,2000,75000,2017-12-15,,,,,,
성동구,11200,10200,하왕십리동,1070,11200-3120,센트라스,,59.94,3,2016,77500,2017-12-06,,,,,,
성동구,11200,11000,금호동2가,1217,11200-2944,래미안하이리버,,59.98,10,2012,75000,2017-12-16,,,,,,
성동구,11200,10800,응봉동,275,11200-30,신동아,,59.97,15,1996,45000,2017-12-05,,,,,,
성동구,11200,11000,금호동2가,1217,11200-2944,래미안하이리버,,59.99,10,2012,70000,2017-12-03,,,,,,
성동구,11200,10700,행당동,347,11200-18,대림e-편한세상,,59.96,3,2000,55000,2017-12-14,,,,,,
성동구,11200,10700,행당동,347,11200-18,대림e-편한세상,,59.96,9,2000,51400,2017-12-09,,,,,,
성동구,11200,10200,하왕십리동,1002,11200-3085,왕십리KCC스위첸,,59.851,6,2016,59500,2017-12-08,,,,,,
성동구,11200,11300,옥수동,560,11200-2935,옥수어울림,,84.699,3,2011,96700,2017-12-08,,,,,,
성동구,11200,10700,행당동,376,11200-2914,서울숲행당푸르지오,,84.74,3,2011,74500,2017-12-02,,,,,,
성동구,11200,10400,도선동,69,11200-2751,삼성쉐르빌,,84.93,9,2006,57200,2017-12-15,,,,,,
성동구,11200,10700,행당동,346,11200-22,행당한진타운,,59.96,13,2000,56300,2017-12-15,,,,,,
성동구,11200,11000,금호동2가,1,11200-3086,신금호파크자이,,59.98,16,2016,79500,2017-12-01,,,,,,
성동구,11200,10900,금호동1가,633,11200-32,벽산,,59.9,2,2001,43000,2017-12-01,,,,,,
성동구,11200,10200,하왕십리동,1070,11200-3120,센트라스,,59.94,7,2016,78500,2017-12-02,,,,,,
성동구,11200,10700,행당동,347,11200-18,대림e-편한세상,,84.87,13,2000,69500,2017-12-09,,,,,,
성동구,11200,11000,금호동2가,1217,11200-2944,래미안하이리버,,59.99,7,2012,68750,2017-12-02,,,,,,
성동구,11200,11300,옥수동,220-1,11200-45,한남하이츠,,177.16,3,1982,169500,2017-12-14,,,,,,
성동구,11200,10500,마장동,822,11200-91,신성미소지움,,84.99,11,2004,55900,2017-12-08,,,,,,
성동구,11200,11000,금호동2가,1215,11200-2938,금호자이1차,,84.98,12,2012,84800,2017-12-04,,,,,,
성동구,11200,10700,행당동,349,11200-24,서울숲 한신 더 휴,,84.95,4,2003,67000,2017-12-09,,,,,,
성동구,11200,11300,옥수동,250,11200-42,옥수삼성,,59.7,9,1999,67500,2017-12-04,,,,,,
성동구,11200,11400,성수동1가,705,11200-57,우방,,60,9,1997,41000,2017-12-13,,,,,,
성동구,11200,10200,하왕십리동,990,11200-5,한신무학,,62.41,15,1989,46000,2017-12-06,,,,,,
성동구,11200,11400,성수동1가,707,11200-59,서울숲한양현대,,59.89,6,1999,60000,2017-12-09,,,,,,
성동구,11200,11000,금호동2가,1,11200-3086,신금호파크자이,,59.98,7,2016,75000,2017-12-02,,,,,,
성동구,11200,10500,마장동,818,11200-14,현대,,134.79,7,1998,65900,2017-12-04,,,,,,
성동구,11200,10500,마장동,818,11200-14,현대,,59.91,8,1998,43250,2017-12-01,,,,,,
성동구,11200,10700,행당동,347,11200-18,대림e-편한세상,,59.96,8,2000,55700,2017-12-01,,,,,,
성동구,11200,11000,금호동2가,1,11200-3086,신금호파크자이,,59.98,15,2016,76000,2017-12-10,,,,,,
성동구,11200,11000,금호동2가,1,11200-3086,신금호파크자이,,59.98,9,2016,76000,2017-12-02,,,,,,
성동구,11200,11000,금호동2가,1217,11200-2944,래미안하이리버,,114.32,12,2012,97000,2017-12-03,,,,,,
성동구,11200,11300,옥수동,561,11200-2980,래미안 옥수 리버젠,,59.25,5,2012,87000,2017-12-07,,,,,,
성동구,11200,11100,금호동3가,1331,11200-34,두산,,59.97,4,1994,55000,2017-12-07,,,,,,
성동구,11200,11200,금호동4가,800,11200-35,대우,,59.97,17,2001,60000,2017-12-06,,,,,,
성동구,11200,10700,행당동,346,11200-22,행당한진타운,,59.96,19,2000,57250,2017-12-02,,,,,,
성동구,11200,10700,행당동,346,11200-22,행당한진타운,,59.96,13,2000,57900,2017-12-02,,,,,,
광진구,11215,10500,자양동,579,11215-55,우성1,,79.75,2,1988,64800,2017-12-29,,,,,,
광진구,11215,10500,자양동,793,11215-111,우방리버파크,,84.96,20,2003,79000,2017-12-21,,,,,,
광진구,11215,10500,자양동,829,11215-48,한강현대,,83.45,4,1993,59700,2017-12-28,,,,,,
광진구,11215,10400,광장동,566,11215-14,청구,,59.95,20,1996,56000,2017-12-21,,,,,,
광진구,11215,10300,구의동,610,11215-26,구의현대6단지,,84.78,16,1994,77000,2017-12-23,,,,,,
광진구,11215,10400,광장동,148-4,11215-3323,워커힐푸르지오,,92.4,3,1987,71800,2017-12-15,,,,,,
광진구,11215,10400,광장동,148-4,11215-3323,워커힐푸르지오,,92.4,2,1987,68500,2017-12-13,,,,,,
광진구,11215,10400,광장동,580,11215-130,현대홈타운12차,,143.86,12,2004,130000,2017-12-27,,,,,,
광진구,11215,10500,자양동,786,11215-68,자양현대6,,59.98,9,1999,59500,2017-12-02,,,,,,
광진구,11215,10300,구의동,656,11215-30,새한,,84.91,6,2000,54000,2017-12-30,,,,,,
광진구,11215,10400,광장동,148-4,11215-3323,워커힐푸르지오,,92.4,5,1987,74500,2017-12-27,,,,,,
광진구,11215,10400,광장동,453-1,11215-8,삼성광장2,,84.93,6,1989,84300,2017-12-23,,,,,,
광진구,11215,10400,광장동,582,11215-3062,광장힐스테이트,,130.17,13,2012,133500,2017-12-29,,,,,,
광진구,11215,10400,광장동,580,11215-130,현대홈타운12차,,143.86,1,2004,102500,2017-12-30,,,,,,
광진구,11215,10500,자양동,813,11215-2649,광진하우스토리한강,,143.36,17,2008,121000,2017-12-28,,,,,,
광진구,11215,10400,광장동,218-1,11215-4,극동2,,84.55,13,1989,100000,2017-12-28,,,,,,
광진구,11215,10400,광장동,484,11215-16,현대3,,59.67,1,1990,54000,2017-12-29,,,,,,
광진구,11215,10300,구의동,611,11215-25,구의현대2단지,,84.86,11,1996,85800,2017-12-29,,,,,,
광진구,11215,10300,구의동,662,11215-2781,아차산한라아파트,,74.19,2,2009,44700,2017-12-19,,,,,,
광진구,11215,10400,광장동,567,11215-1,광나루현대,,84.92,20,1996,67000,2017-12-24,,,,,,
광진구,11215,10400,광장동,566,11215-14,청구,,84.86,17,1996,75500,2017-12-30,,,,,,
광진구,11215,10400,광장동,554-7,11215-17,현대5,,74.88,8,1989,84000,2017-12-18,,,,,,
광진구,11215,10300,구의동,611,11215-25,구의현대2단지,,84.91,3,1996,84000,2017-12-28,,,,,,
광진구,11215,10300,구의동,611,11215-25,구의현대2단지,,84.91,7,1996,82500,2017-12-22,,,,,,
광진구,11215,10300,구의동,589-10,11215-106,아크로리버,,164.7228,24,2004,117500,2017-12-29,,,,,,
광진구,11215,10500,자양동,227-7,11215-2478,더샵스타시티,,163.53,3,2007,140000,2017-12-19,,,,,,
광진구,11215,10300,구의동,631-1,11215-33,현대프라임,,126.66,11,1997,115000,2017-12-16,,,,,,
광진구,11215,10400,광장동,576,11215-2,광장현대9단지,,84.96,8,1999,82000,2017-12-26,,,,,,
광진구,11215,10400,광장동,484,11215-16,현대3,,59.67,9,1990,64000,2017-12-16,,,,,,
광진구,11215,10500,자양동,793,11215-111,우방리버파크,,84.96,3,2003,70000,2017-12-28,,,,,,
광진구,11215,10500,자양동,520-2,11215-56,우성2,,51.57,14,1989,53000,2017-12-28,,,,,,
광진구,11215,10400,광장동,145-8,11215-11,워커힐,,162.41,2,1978,128000,2017-12-29,,,,,,
광진구,11215,10300,구의동,631-1,11215-33,현대프라임,,59.82,16,1997,63000,2017-12-30,,,,,,
광진구,11215,10400,광장동,145-8,11215-11,워커힐,,162.41,9,1978,141000,2017-12-11,,,,,,
광진구,11215,10300,구의동,611,11215-25,구의현대2단지,,84.88,6,1996,79700,2017-12-23,,,,,,
광진구,11215,10500,자양동,672,11215-71,한솔리베르,,83.31,25,2002,61000,2017-12-25,,,,,,
광진구,11215,10500,자양동,787,11215-63,자양삼성,,59.76,4,1999,57500,2017-12-29,,,,,,
광진구,11215,10500,자양동,87-1,11215-47,한강우성,,84.72,13,1993,75500,2017-12-12,,,,,,
광진구,11215,10500,자양동,642,11215-67,자양현대5,,84.97,3,1998,55000,2017-12-12,,,,,,
광진구,11215,10500,자양동,762,11215-70,한라아파트,,84.6,18,1996,69000,2017-12-23,,,,,,
광진구,11215,10500,자양동,579,11215-55,우성1,,79.75,15,1988,65250,2017-12-27,,,,,,
광진구,11215,10300,구의동,631-1,11215-33,현대프라임,,59.82,23,1997,63000,2017-12-26,,,,,,
광진구,11215,10100,중곡동,107-4,11215-116,삼보드림,,82.44,5,2003,44500,2017-12-13,,,,,,
광진구,11215,10300,구의동,546-7,11215-24,구의강변우성아파트,,84.76,17,1992,70000,2017-12-16,,,,,,
광진구,11215,10100,중곡동,292,11215-87,에스케이,,84.6,21,1999,49500,2017-12-15,,,,,,
광진구,11215,10500,자양동,854,11215-2457,광진트라팰리스,,119.11,23,2006,128000,2017-12-26,,,,,,
광진구,11215,10400,광장동,218-1,11215-3,극동1,,84.55,1,1985,90000,2017-12-12,,,,,,
광진구,11215,10400,광장동,566,11215-14,청구,,59.95,5,1996,54500,2017-12-18,,,,,,
광진구,11215,10400,광장동,453-1,11215-8,삼성광장2,,69.06,14,1989,69500,2017-12-28,,,,,,
광진구,11215,10400,광장동,566,11215-14,청구,,84.86,1,1996,69000,2017-12-23,,,,,,
광진구,11215,10300,구의동,659,11215-2388,세림리오빌,,117.84,3,2005,60000,2017-12-31,,,,,,
광진구,11215,10500,자양동,227-7,11215-2478,더샵스타시티,,139.54,26,2007,133000,2017-12-11,,,,,,
광진구,11215,10400,광장동,484,11215-16,현대3,,59.67,13,1990,59000,2017-12-22,,,,,,
광진구,11215,10400,광장동,576,11215-2,광장현대9단지,,59.97,4,1999,65000,2017-12-25,,,,,,
광진구,11215,10400,광장동,582,11215-3062,광장힐스테이트,,59.99,12,2012,95000,2017-12-27,,,,,,
광진구,11215,10300,구의동,631-1,11215-33,현대프라임,,84.99,9,1997,81000,2017-12-22,,,,,,
광진구,11215,10500,자양동,591-12,11215-54,신호빌라트,,156.48,3,1997,76000,2017-12-27,,,,,,
광진구,11215,10400,광장동,578,11215-6,금호베스트빌,,59.93,12,2001,62000,2017-12-18,,,,,,
광진구,11215,10900,군자동,99,11215-41,일성파크,,84.96,20,1996,52350,2017-12-04,,,,,,
광진구,11215,10400,광장동,484,11215-16,현대3,,74.92,18,1990,73500,2017-12-14,,,,,,
광진구,11215,10400,광장동,580,11215-130,현대홈타운12차,,143.86,14,2004,130000,2017-12-18,,,,,,
광진구,11215,10300,구의동,611,11215-25,구의현대2단지,,84.88,25,1996,85000,2017-12-04,,,,,,
광진구,11215,10400,광장동,484,11215-16,현대3,,59.67,15,1990,58900,2017-12-30,,,,,,
광진구,11215,10300,구의동,589-10,11215-106,아크로리버,,132.0263,10,2004,89800,2017-12-27,,,,,,
광진구,11215,10400,광장동,566,11215-14,청구,,84.86,22,1996,75000,2017-12-23,,,,,,
광진구,11215,10300,구의동,658,11215-31,세양,,84.32,12,2002,78000,2017-12-15,,,,,,
광진구,11215,10300,구의동,659,11215-2388,세림리오빌,,117.84,10,2005,68000,2017-12-09,,,,,,
광진구,11215,10400,광장동,484,11215-16,현대3,,84.97,9,1990,80000,2017-12-05,,,,,,
광진구,11215,10400,광장동,218-1,11215-4,극동2,,84.55,1,1989,93000,2017-12-13,,,,,,
광진구,11215,10400,광장동,565,11215-18,"현대8(801동,802동)",,84.92,11,1995,87000,2017-12-05,,,,,,
광진구,11215,10400,광장동,145-8,11215-11,워커힐,,166.91,3,1978,165000,2017-12-01,,,,,,
광진구,11215,10500,자양동,644,11215-53,로얄동아,,59.91,10,1999,47000,2017-12-16,,,,,,
광진구,11215,10500,자양동,642,11215-67,자양현대5,,84.96,12,1998,69500,2017-12-20,,,,,,
광진구,11215,10400,광장동,218-1,11215-3,극동1,,84.55,1,1985,104500,2017-12-23,,,,,,
광진구,11215,10400,광장동,577,11215-21,현대파크빌,,59.76,8,2000,65500,2017-12-23,,,,,,
광진구,11215,10400,광장동,567,11215-1,광나루현대,,84.92,5,1996,62000,2017-12-23,,,,,,
광진구,11215,10400,광장동,561,11215-101,삼성광장1,,66.03,10,1987,72500,2017-12-21,,,,,,
광진구,11215,10400,광장동,453-1,11215-8,삼성광장2,,84.66,9,1989,85000,2017-12-11,,,,,,
광진구,11215,10400,광장동,554-7,11215-17,현대5,,74.88,9,1989,68000,2017-12-01,,,,,,
광진구,11215,10500,자양동,227-7,11215-2478,더샵스타시티,,127.95,11,2007,108500,2017-12-10,,,,,,
광진구,11215,10400,광장동,577,11215-21,현대파크빌,,84.81,7,2000,92000,2017-12-26,,,,,,
광진구,11215,10300,구의동,610,11215-26,구의현대6단지,,84.92,20,1994,74500,2017-12-08,,,,,,
광진구,11215,10500,자양동,695,11215-72,한양,,107.31,10,1983,89990,2017-12-29,,,,,,
광진구,11215,10500,자양동,516,11215-57,우성3,,51.39,5,1989,58000,2017-12-23,,,,,,
광진구,11215,10500,자양동,87-1,11215-47,한강우성,,84.72,23,1993,70000,2017-12-26,,,,,,
광진구,11215,10500,자양동,810,11215-2392,자양힐101동,,82.75,7,2005,51500,2017-12-16,,,,,,
광진구,11215,10500,자양동,516,11215-57,우성3,,72.34,12,1989,74800,2017-12-14,,,,,,
광진구,11215,10300,구의동,224-7,11215-139,신덕하이빌,,78.7,3,2001,37000,2017-12-04,,,,,,
광진구,11215,10500,자양동,672,11215-71,한솔리베르,,61.26,23,2002,49000,2017-12-05,,,,,,
광진구,11215,10400,광장동,577,11215-21,현대파크빌,,59.76,5,2000,72000,2017-12-30,,,,,,
광진구,11215,10400,광장동,577,11215-21,현대파크빌,,84.81,2,2000,84700,2017-12-02,,,,,,
광진구,11215,10300,구의동,611,11215-25,구의현대2단지,,84.88,12,1996,79800,2017-12-05,,,,,,
광진구,11215,10500,자양동,784-1,11215-51,대동,,59.54,3,1999,47000,2017-12-19,,,,,,
광진구,11215,10500,자양동,658-14,11215-61,자양,,50.25,2,1981,40000,2017-12-30,,,,,,
광진구,11215,10500,자양동,790,11215-79,자양9차현대홈타운,,94.76,7,2002,84700,2017-12-21,,,,,,
광진구,11215,10300,구의동,631-1,11215-33,현대프라임,,59.82,10,1997,60000,2017-12-23,,,,,,
광진구,11215,10400,광장동,577,11215-21,현대파크빌,,84.81,3,2000,88500,2017-12-04,,,,,,
광진구,11215,10300,구의동,587-54,11215-27,구의현대7단지현대홈타운,,84.99,22,1997,63000,2017-12-23,,,,,,
광진구,11215,10400,광장동,577,11215-21,현대파크빌,,84.81,4,2000,89200,2017-12-18,,,,,,
광진구,11215,10300,구의동,590,11215-32,신원빌라트,,244.13,9,1996,95000,2017-12-19,,,,,,
광진구,11215,10500,자양동,829,11215-48,한강현대,,83.45,19,1993,65000,2017-12-07,,,,,,
광진구,11215,10500,자양동,853,11215-2438,한화꿈에그린,,84.57,13,2006,74500,2017-12-06,,,,,,
광진구,11215,10500,자양동,227-7,11215-2478,더샵스타시티,,119.41,26,2007,109800,2017-12-21,,,,,,
광진구,11215,10500,자양동,809,11215-184,자양강변I-Park,,84.95,14,2006,94000,2017-12-02,,,,,,
광진구,11215,10500,자양동,856,11215-2790,이튼타워리버5차,,84.96,15,2009,89000,2017-12-16,,,,,,
광진구,11215,10500,자양동,788,11215-74,자양7차현대홈타운,,84.7,12,2001,77000,2017-12-02,,,,,,
광진구,11215,10500,자양동,87-1,11215-47,한강우성,,84.72,12,1993,70000,2017-12-22,,,,,,
광진구,11215,10300,구의동,631-1,11215-33,현대프라임,,183.87,25,1997,115000,2017-12-15,,,,,,
광진구,11215,10400,광장동,577,11215-21,현대파크빌,,84.81,2,2000,87000,2017-12-27,,,,,,
광진구,11215,10400,광장동,484,11215-16,현대3,,84.97,1,1990,75000,2017-12-26,,,,,,
광진구,11215,10300,구의동,663,11215-2912,아차산포레안,,84.68,4,2010,58700,2017-12-27,,,,,,
광진구,11215,10500,자양동,516,11215-57,우성3,,72.34,3,1989,73000,2017-12-18,,,,,,
광진구,11215,10500,자양동,516,11215-57,우성3,,72.34,2,1989,72000,2017-12-16,,,,,,
광진구,11215,10400,광장동,566,11215-14,청구,,84.86,7,1996,74000,2017-12-16,,,,,,
광진구,11215,10400,광장동,582,11215-3062,광장힐스테이트,,84.97,11,2012,117500,2017-12-22,,,,,,
광진구,11215,10500,자양동,666-28,11215-62,경남아너스빌,,84.86,4,1997,53000,2017-12-04,,,,,,
광진구,11215,10300,구의동,199-23,11215-2464,현대13차폴라트리움,,127.91,8,2006,81000,2017-12-04,,,,,,
광진구,11215,10500,자양동,645-5,11215-66,자양동현대,,84.55,9,1993,57500,2017-12-06,,,,,,
광진구,11215,10700,화양동,234,11215-99,화양현대,,84.77,11,1999,57800,2017-12-13,,,,,,
광진구,11215,10400,광장동,145-8,11215-11,워커힐,,166.91,10,1978,170000,2017-12-22,,,,,,
광진구,11215,10400,광장동,567,11215-1,광나루현대,,84.92,20,1996,64800,2017-12-09,,,,,,
광진구,11215,10300,구의동,610,11215-26,구의현대6단지,,84.92,2,1994,70500,2017-12-22,,,,,,
광진구,11215,10500,자양동,579,11215-55,우성1,,59.91,7,1988,54000,2017-12-28,,,,,,
광진구,11215,10500,자양동,579,11215-55,우성1,,59.91,3,1988,54000,2017-12-15,,,,,,
광진구,11215,10100,중곡동,190-26,11215-100,중곡2단지,,55.87,2,1976,26750,2017-12-12,,,,,,
광진구,11215,10500,자양동,520-2,11215-56,우성2,,80.1,8,1989,69000,2017-12-09,,,,,,
광진구,11215,10500,자양동,856,11215-2790,이튼타워리버5차,,128.39,5,2009,107000,2017-12-05,,,,,,
광진구,11215,10500,자양동,227-7,11215-2478,더샵스타시티,,127.95,41,2007,112700,2017-12-07,,,,,,
광진구,11215,10500,자양동,790,11215-79,자양9차현대홈타운,,98.78,3,2002,81500,2017-12-02,,,,,,
광진구,11215,10500,자양동,783-1,11215-64,자양우성7,,84.93,15,1998,84000,2017-12-18,,,,,,
광진구,11215,10400,광장동,582,11215-3062,광장힐스테이트,,130.17,9,2012,134000,2017-12-01,,,,,,
광진구,11215,10500,자양동,579,11215-55,우성1,,59.91,10,1988,56000,2017-12-16,,,,,,
광진구,11215,10500,자양동,579,11215-55,우성1,,51.57,9,1988,48300,2017-12-02,,,,,,
광진구,11215,10500,자양동,24-31,11215-145,청정(B),,83.46,4,2004,45800,2017-12-07,,,,,,
광진구,11215,10400,광장동,566,11215-14,청구,,84.86,21,1996,73500,2017-12-05,,,,,,
광진구,11215,10300,구의동,656,11215-30,새한,,84.91,3,2000,57000,2017-12-06,,,,,,
광진구,11215,10500,자양동,695,11215-72,한양,,108.35,4,1983,84500,2017-12-23,,,,,,
광진구,11215,10100,중곡동,191-77,11215-88,중곡1단지,,48.46,5,1976,21600,2017-12-02,,,,,,
광진구,11215,10400,광장동,576,11215-2,광장현대9단지,,84.96,2,1999,72000,2017-12-16,,,,,,
광진구,11215,10900,군자동,360-20,11215-2576,광진동양파라곤1단지,,84.98,4,2008,59500,2017-12-14,,,,,,
광진구,11215,10400,광장동,148-4,11215-3323,워커힐푸르지오,,69.01,3,1987,53000,2017-12-12,,,,,,
광진구,11215,10300,구의동,611,11215-25,구의현대2단지,,84.91,6,1996,82000,2017-12-05,,,,,,
광진구,11215,10500,자양동,227-7,11215-2478,더샵스타시티,,100.32,17,2007,95500,2017-12-07,,,,,,
광진구,11215,10500,자양동,666-28,11215-62,경남아너스빌,,59.79,1,1997,37800,2017-12-12,,,,,,
광진구,11215,10300,구의동,611,11215-25,구의현대2단지,,84.91,19,1996,85500,2017-12-11,,,,,,
광진구,11215,10500,자양동,695,11215-72,한양,,107.31,6,1983,88500,2017-12-26,,,,,,
광진구,11215,10500,자양동,788,11215-74,자양7차현대홈타운,,59.94,5,2001,60000,2017-12-18,,,,,,
광진구,11215,10300,구의동,589-10,11215-106,아크로리버,,132.0263,22,2004,98000,2017-12-25,,,,,,
광진구,11215,10500,자양동,510-5,11215-2430,이튼타워리버1차,,59.99,21,2006,69000,2017-12-02,,,,,,
광진구,11215,10300,구의동,631-1,11215-33,현대프라임,,59.82,21,1997,59500,2017-12-16,,,,,,
광진구,11215,10400,광장동,576,11215-2,광장현대9단지,,59.97,8,1999,63000,2017-12-07,,,,,,
광진구,11215,10400,광장동,148-4,11215-3323,워커힐푸르지오,,69.01,5,1987,55000,2017-12-06,,,,,,
광진구,11215,10500,자양동,588,11215-82,태원강변,,84.81,5,2002,56000,2017-12-01,,,,,,
광진구,11215,10500,자양동,793,11215-111,우방리버파크,,84.96,15,2003,76900,2017-12-05,,,,,,
광진구,11215,10500,자양동,516,11215-57,우성3,,51.39,5,1989,56000,2017-12-02,,,,,,
광진구,11215,10500,자양동,854,11215-2457,광진트라팰리스,,169.53,14,2006,139000,2017-12-14,,,,,,
광진구,11215,10500,자양동,854,11215-2457,광진트라팰리스,,169.53,24,2006,147500,2017-12-09,,,,,,
광진구,11215,10500,자양동,854,11215-2457,광진트라팰리스,,119.11,18,2006,119000,2017-12-26,,,,,,
광진구,11215,10500,자양동,670,11215-73,현대3,,84.9,18,1996,66700,2017-12-15,,,,,,
광진구,11215,10400,광장동,148-4,11215-3323,워커힐푸르지오,,65.63,7,1987,59000,2017-12-13,,,,,,
광진구,11215,10500,자양동,227-7,11215-2478,더샵스타시티,,135.61,26,2007,114000,2017-12-22,,,,,,
광진구,11215,10500,자양동,516,11215-57,우성3,,51.39,9,1989,59500,2017-12-28,,,,,,
광진구,11215,10500,자양동,516,11215-57,우성3,,51.39,5,1989,58000,2017-12-23,,,,,,
광진구,11215,10400,광장동,554-7,11215-17,현대5,,74.88,15,1989,83900,2017-12-25,,,,,,
광진구,11215,10500,자양동,644,11215-53,로얄동아,,59.91,3,1999,44000,2017-12-30,,,,,,
광진구,11215,10500,자양동,510-5,11215-2430,이튼타워리버1차,,84.17,15,2006,81000,2017-12-21,,,,,,
광진구,11215,10400,광장동,148-4,11215-3323,워커힐푸르지오,,92.4,3,1987,73000,2017-12-13,,,,,,
광진구,11215,10400,광장동,577,11215-21,현대파크빌,,84.81,9,2000,90000,2017-12-15,,,,,,
광진구,11215,10700,화양동,530,11215-4313,씨즈건대힐스,,14.23,5,2017,16000,2017-12-01,,,,,,
광진구,11215,10700,화양동,530,11215-4313,씨즈건대힐스,,14.23,7,2017,16000,2017-12-01,,,,,,
광진구,11215,10500,자양동,829,11215-48,한강현대,,83.45,2,1993,56300,2017-12-23,,,,,,
광진구,11215,10500,자양동,829,11215-48,한강현대,,83.45,9,1993,57000,2017-12-15,,,,,,
광진구,11215,10300,구의동,199-18,11215-29,삼성쉐르빌,,161.87,21,2001,90000,2017-12-20,,,,,,
광진구,11215,10500,자양동,227-7,11215-2478,더샵스타시티,,100.29,40,2007,137000,2017-12-27,,,,,,
광진구,11215,10300,구의동,226-12,11215-121,구의청정,,84.75,3,2004,39000,2017-12-27,,,,,,
광진구,11215,10300,구의동,610,11215-26,구의현대6단지,,84.92,18,1994,75000,2017-12-05,,,,,,
광진구,11215,10500,자양동,784-1,11215-51,대동,,113.92,3,1999,73000,2017-12-01,,,,,,
광진구,11215,10500,자양동,520-2,11215-56,우성2,,64.79,13,1989,60000,2017-12-09,,,,,,
광진구,11215,10500,자양동,516,11215-57,우성3,,72.34,7,1989,71000,2017-12-09,,,,,,
광진구,11215,10500,자양동,520-2,11215-56,우성2,,64.79,15,1989,55000,2017-12-01,,,,,,
광진구,11215,10100,중곡동,683,11215-95,중곡동광덕,,84.05,9,2002,39500,2017-12-11,,,,,,
광진구,11215,10400,광장동,484,11215-16,현대3,,59.67,4,1990,58900,2017-12-23,,,,,,
광진구,11215,10400,광장동,554-7,11215-17,현대5,,84.53,18,1989,90000,2017-12-02,,,,,,
광진구,11215,10100,중곡동,683,11215-95,중곡동광덕,,78,12,2002,36000,2017-12-04,,,,,,
광진구,11215,10300,구의동,199-18,11215-29,삼성쉐르빌,,97.92,21,2001,74000,2017-12-21,,,,,,
광진구,11215,10300,구의동,199-23,11215-2464,현대13차폴라트리움,,154.92,3,2006,95000,2017-12-06,,,,,,
광진구,11215,10500,자양동,666-28,11215-62,경남아너스빌,,84.86,1,1997,46500,2017-12-01,,,,,,
광진구,11215,10500,자양동,645-5,11215-66,자양동현대,,83.11,1,1993,49700,2017-12-08,,,,,,
광진구,11215,10500,자양동,658-14,11215-61,자양,,50.25,5,1981,40000,2017-12-02,,,,,,
광진구,11215,10900,군자동,360-20,11215-2576,광진동양파라곤1단지,,124.65,8,2008,65400,2017-12-07,,,,,,
광진구,11215,10500,자양동,783-1,11215-64,자양우성7,,84.93,13,1998,55500,2017-12-13,,,,,,
광진구,11215,10400,광장동,582,11215-3062,광장힐스테이트,,84.96,20,2012,120000,2017-12-11,,,,,,
광진구,11215,10700,화양동,113-1,11215-3509,광진코지웰,,18.82,5,2014,18000,2017-12-07,,,,,,
광진구,11215,10500,자양동,227-7,11215-2478,더샵스타시티,,163.53,51,2007,160000,2017-12-06,,,,,,
광진구,11215,10100,중곡동,62-68,11215-146,대영(62-68),,84.79,2,2001,32000,2017-12-01,,,,,,
광진구,11215,10700,화양동,530,11215-4313,씨즈건대힐스,,14.23,9,2017,17200,2017-12-06,,,,,,
광진구,11215,10400,광장동,566,11215-14,청구,,84.86,13,1996,66000,2017-12-01,,,,,,
광진구,11215,10700,화양동,530,11215-4313,씨즈건대힐스,,14.23,7,2017,17000,2017-12-06,,,,,,
광진구,11215,10400,광장동,578,11215-6,금호베스트빌,,84.91,6,2001,71000,2017-12-05,,,,,,
광진구,11215,10500,자양동,695,11215-72,한양,,108.35,3,1983,85000,2017-12-04,,,,,,
동대문구,11230,10600,장안동,329-3,11230-129,래미안장안2차,,81.05,14,2007,56000,2017-12-16,,,,,,
동대문구,11230,10600,장안동,372-9,11230-2541,청솔아파트(A동),,41.34,5,2015,22000,2017-12-13,,,,,,
동대문구,11230,10500,답십리동,80,11230-26,답십리청솔우성,,59.89,25,2000,42000,2017-12-15,,,,,,
동대문구,11230,10500,답십리동,1003,11230-2587,래미안위브,,59.96,4,2014,62500,2017-12-11,,,,,,
동대문구,11230,10500,답십리동,530-5,11230-23,삼희,,69.57,9,1983,33000,2017-12-31,,,,,,
동대문구,11230,10200,용두동,792,11230-2198,래미안 허브리츠,,84.96,2,2011,62750,2017-12-31,,,,,,
동대문구,11230,10400,전농동,6,11230-12,전농우성,,115.56,11,1992,44900,2017-12-30,,,,,,
동대문구,11230,10200,용두동,790,11230-2159,롯데캐슬피렌체,,84.99,13,2009,60000,2017-12-27,,,,,,
동대문구,11230,10500,답십리동,80-2,11230-27,청솔2차우성,,59.97,9,2000,39600,2017-12-27,,,,,,
동대문구,11230,10600,장안동,346-2,11230-2658,태솔아파트2차,,58.62,10,2016,33500,2017-12-30,,,,,,
동대문구,11230,10600,장안동,365-4,11230-2240,서희스타힐스,,47.28,6,2013,27200,2017-12-23,,,,,,
동대문구,11230,10600,장안동,336,11230-81,장안현대홈타운(336),,112.78,9,2003,60000,2017-12-30,,,,,,
동대문구,11230,10500,답십리동,1003,11230-2587,래미안위브,,59.97,4,2014,65000,2017-12-23,,,,,,
동대문구,11230,10300,제기동,153,11230-84,안암골벽산,,116.69,1,2003,53000,2017-12-22,,,,,,
동대문구,11230,10500,답십리동,464-1,11230-17,신답극동,,46.53,1,1987,28000,2017-12-25,,,,,,
동대문구,11230,11000,이문동,54,11230-63,현대,,59.92,3,2000,32300,2017-12-28,,,,,,
동대문구,11230,10700,청량리동,60,11230-44,한신,,59.97,16,1997,40500,2017-12-29,,,,,,
동대문구,11230,10300,제기동,1212,11230-5,한신아파트,,59.84,5,2004,39200,2017-12-23,,,,,,
동대문구,11230,10400,전농동,6,11230-12,전농우성,,84.84,14,1992,41300,2017-12-27,,,,,,
동대문구,11230,10500,답십리동,494-1,11230-2691,한일노벨리아,,29.786,16,2016,24650,2017-12-13,,,,,,
동대문구,11230,10600,장안동,329-3,11230-129,래미안장안2차,,64.85,3,2007,46000,2017-12-18,,,,,,
동대문구,11230,10600,장안동,574,11230-2059,금강아미움,,97.11,3,2007,38500,2017-12-26,,,,,,
동대문구,11230,10200,용두동,138-52,11230-2113,삼성힐,,68.04,5,2008,32000,2017-12-20,,,,,,
동대문구,11230,10600,장안동,329-3,11230-129,래미안장안2차,,64.85,2,2007,44500,2017-12-14,,,,,,
동대문구,11230,10600,장안동,564,11230-1979,신일해피트리아파트101동,,65.58,6,2005,39000,2017-12-23,,,,,,
동대문구,11230,10400,전농동,690,11230-2578,래미안크레시티,,59.99,3,2014,68800,2017-12-30,,,,,,
동대문구,11230,10600,장안동,329-3,11230-129,래미안장안2차,,81.05,20,2007,54000,2017-12-30,,,,,,
동대문구,11230,11000,이문동,425,11230-60,이문삼성래미안아파트,,114.988,12,2001,59800,2017-12-16,,,,,,
동대문구,11230,10600,장안동,336,11230-81,장안현대홈타운(336),,58.42,4,2003,42250,2017-12-21,,,,,,
동대문구,11230,10400,전농동,690,11230-2578,래미안크레시티,,59.99,7,2014,67000,2017-12-23,,,,,,
동대문구,11230,10600,장안동,329-3,11230-129,래미안장안2차,,81.05,6,2007,52950,2017-12-16,,,,,,
동대문구,11230,11000,이문동,225,11230-65,대림e-편한세상,,59.958,6,2003,43200,2017-12-19,,,,,,
동대문구,11230,10500,답십리동,1003,11230-2587,래미안위브,,84.99,6,2014,77000,2017-12-21,,,,,,
동대문구,11230,10500,답십리동,464-1,11230-17,신답극동,,46.53,1,1987,30000,2017-12-29,,,,,,
동대문구,11230,11000,이문동,45,11230-59,대우,,84.891,1,2001,40000,2017-12-19,,,,,,
동대문구,11230,10300,제기동,1212,11230-5,한신아파트,,84.76,17,2004,46700,2017-12-12,,,,,,
동대문구,11230,10300,제기동,1212,11230-5,한신아파트,,114.885,5,2004,53800,2017-12-10,,,,,,
동대문구,11230,10300,제기동,153,11230-84,안암골벽산,,59.94,4,2003,41700,2017-12-26,,,,,,
동대문구,11230,11000,이문동,428,11230-2126,신이문금호어울림,,84.84,2,2008,45900,2017-12-14,,,,,,
동대문구,11230,10600,장안동,336,11230-81,장안현대홈타운(336),,84.87,5,2003,51900,2017-12-18,,,,,,
동대문구,11230,10900,휘경동,57,11230-64,휘경리오포레아파트(2단지),,59.97,22,2001,37900,2017-12-16,,,,,,
동대문구,11230,10500,답십리동,10,11230-21,동아,,84.72,11,2001,46000,2017-12-19,,,,,,
동대문구,11230,10700,청량리동,205-755,11230-123,청량리신주,,66.13,1,2004,28200,2017-12-23,,,,,,
동대문구,11230,10300,제기동,1212,11230-5,한신아파트,,59.84,4,2004,38900,2017-12-10,,,,,,
동대문구,11230,10500,답십리동,464-1,11230-17,신답극동,,46.53,10,1987,29000,2017-12-20,,,,,,
동대문구,11230,10300,제기동,153,11230-84,안암골벽산,,116.69,5,2003,54900,2017-12-23,,,,,,
동대문구,11230,10600,장안동,354-2,11230-70,래미안장안,,84.774,4,2003,52000,2017-12-28,,,,,,
동대문구,11230,10500,답십리동,990,11230-22,두산,,59.96,6,2000,38500,2017-12-30,,,,,,
동대문구,11230,10600,장안동,329-3,11230-129,래미안장안2차,,81.05,24,2007,51000,2017-12-11,,,,,,
동대문구,11230,10400,전농동,6,11230-12,전농우성,,115.56,10,1992,45000,2017-12-26,,,,,,
동대문구,11230,10500,답십리동,1003,11230-2587,래미안위브,,84.98,2,2014,70000,2017-12-17,,,,,,
동대문구,11230,10600,장안동,365-4,11230-2240,서희스타힐스,,47.28,7,2013,27300,2017-12-08,,,,,,
동대문구,11230,10500,답십리동,1002,11230-2208,청계한신휴플러스,,59.74,3,2010,55500,2017-12-11,,,,,,
동대문구,11230,10500,답십리동,994,11230-29,답십리한화,,84.86,4,2001,46000,2017-12-22,,,,,,
동대문구,11230,10600,장안동,329-2,11230-2078,장안힐스테이트,,84.897,10,2007,54000,2017-12-09,,,,,,
동대문구,11230,10900,휘경동,57,11230-64,휘경리오포레아파트(2단지),,59.97,15,2001,37000,2017-12-11,,,,,,
동대문구,11230,10500,답십리동,1001,11230-2197,한신휴플러스그린파크,,59.92,3,2010,50000,2017-12-29,,,,,,
동대문구,11230,11000,이문동,84,11230-76,중앙하이츠빌,,59.4,8,2002,41000,2017-12-30,,,,,,
동대문구,11230,10900,휘경동,52,11230-58,휘경베스트빌현대,,59.92,2,2000,31600,2017-12-18,,,,,,
동대문구,11230,10500,답십리동,1003,11230-2587,래미안위브,,84.99,5,2014,74500,2017-12-22,,,,,,
동대문구,11230,10500,답십리동,1003,11230-2587,래미안위브,,59.97,15,2014,66500,2017-12-30,,,,,,
동대문구,11230,10500,답십리동,997,11230-214,세양청마루,,84.98,7,2005,43700,2017-12-20,,,,,,
동대문구,11230,10200,용두동,792,11230-2198,래미안 허브리츠,,114.98,8,2011,83000,2017-12-29,,,,,,
동대문구,11230,10600,장안동,336,11230-81,장안현대홈타운(336),,84.87,1,2003,49000,2017-12-29,,,,,,
동대문구,11230,10600,장안동,354-2,11230-70,래미안장안,,59.86,18,2003,46000,2017-12-18,,,,,,
동대문구,11230,10600,장안동,561,11230-1976,형인허브빌아파트301동,,104.92,3,2005,45000,2017-12-09,,,,,,
동대문구,11230,10500,답십리동,80,11230-26,답십리청솔우성,,114.76,6,2000,52700,2017-12-13,,,,,,
동대문구,11230,10300,제기동,892-66,11230-6,현대,,90.95,15,1999,50000,2017-12-17,,,,,,
동대문구,11230,10400,전농동,690,11230-2578,래미안크레시티,,59.99,8,2014,64000,2017-12-15,,,,,,
동대문구,11230,10600,장안동,329-2,11230-2078,장안힐스테이트,,114.958,4,2007,65500,2017-12-06,,,,,,
동대문구,11230,10600,장안동,329-3,11230-129,래미안장안2차,,112.92,20,2007,63000,2017-12-09,,,,,,
동대문구,11230,10600,장안동,584,11230-2409,형인휴아름101동,,77.31,6,2013,36000,2017-12-03,,,,,,
동대문구,11230,10600,장안동,336,11230-81,장안현대홈타운(336),,84.87,23,2003,53000,2017-12-29,,,,,,
동대문구,11230,10300,제기동,153,11230-84,안암골벽산,,116.69,16,2003,53500,2017-12-10,,,,,,
동대문구,11230,11000,이문동,292-10,11230-2120,이문동웰츠타워,,112.134,12,2008,50500,2017-12-13,,,,,,
동대문구,11230,10500,답십리동,998,11230-2036,두산위브,,59.91,4,2007,49000,2017-12-29,,,,,,
동대문구,11230,10500,답십리동,998,11230-2036,두산위브,,59.91,13,2007,49500,2017-12-28,,,,,,
동대문구,11230,10500,답십리동,998,11230-2036,두산위브,,59.91,10,2007,49800,2017-12-09,,,,,,
동대문구,11230,10600,장안동,583,11230-2390,우성5차에비뉴,,84.17,2,2013,38200,2017-12-12,,,,,,
동대문구,11230,10400,전농동,688,11230-2222,래미안아름숲,,114.92,10,2012,70000,2017-12-21,,,,,,
동대문구,11230,10300,제기동,892-68,11230-3,경동미주,,67.21,9,1977,38750,2017-12-21,,,,,,
동대문구,11230,11000,이문동,311,11230-125,래미안이문2차,,59.79,6,2004,44000,2017-12-19,,,,,,
동대문구,11230,10500,답십리동,1003,11230-2587,래미안위브,,59.96,11,2014,65500,2017-12-22,,,,,,
동대문구,11230,10900,휘경동,366,11230-2072,동일스위트리버,,120.456,2,2007,56250,2017-12-26,,,,,,
동대문구,11230,10600,장안동,380-1,11230-112,공감대(380-1),,84.95,6,2004,39700,2017-12-07,,,,,,
동대문구,11230,10300,제기동,1212,11230-5,한신아파트,,59.84,10,2004,39200,2017-12-02,,,,,,
동대문구,11230,10600,장안동,372-5,11230-2274,장안뉴시티,,17.53,6,2012,10500,2017-12-22,,,,,,
동대문구,11230,10500,답십리동,989-1,11230-24,우성그린,,59.36,5,1997,30200,2017-12-30,,,,,,
동대문구,11230,10500,답십리동,989-1,11230-24,우성그린,,84.66,3,1997,39000,2017-12-07,,,,,,
동대문구,11230,10300,제기동,153,11230-84,안암골벽산,,84.98,11,2003,50500,2017-12-13,,,,,,
동대문구,11230,10600,장안동,336,11230-81,장안현대홈타운(336),,59.54,22,2003,45700,2017-12-29,,,,,,
동대문구,11230,10300,제기동,1213,11230-2431,어진재,,15.61,3,2014,15500,2017-12-19,,,,,,
동대문구,11230,11000,이문동,73,11230-61,삼익,,59.95,8,1997,32000,2017-12-23,,,,,,
동대문구,11230,10300,제기동,252,11230-213,이수브라운스톤,,84.9,16,2005,50400,2017-12-25,,,,,,
동대문구,11230,10400,전농동,690,11230-2578,래미안크레시티,,84.96,20,2014,77000,2017-12-10,,,,,,
동대문구,11230,10400,전농동,645-2,11230-8,동아,,57.9,21,1997,37800,2017-12-26,,,,,,
동대문구,11230,10400,전농동,645-2,11230-8,동아,,57.9,12,1997,38000,2017-12-12,,,,,,
동대문구,11230,10500,답십리동,464-1,11230-17,신답극동,,71.28,3,1987,37000,2017-12-29,,,,,,
동대문구,11230,10500,답십리동,1003,11230-2587,래미안위브,,84.98,8,2014,74000,2017-12-28,,,,,,
동대문구,11230,10500,답십리동,1003,11230-2587,래미안위브,,121.66,9,2014,87800,2017-12-09,,,,,,
동대문구,11230,11000,이문동,54,11230-63,현대,,114.6,15,2000,47800,2017-12-09,,,,,,
동대문구,11230,10400,전농동,10,11230-10,전농SK,,59.34,4,2000,37800,2017-12-09,,,,,,
동대문구,11230,11000,이문동,311,11230-125,래미안이문2차,,59.79,1,2004,40700,2017-12-22,,,,,,
동대문구,11230,10600,장안동,346-2,11230-2658,태솔아파트2차,,59.15,4,2016,33000,2017-12-05,,,,,,
동대문구,11230,10200,용두동,779,11230-2,신동아,,84.63,1,1994,42500,2017-12-09,,,,,,
동대문구,11230,11000,이문동,225,11230-65,대림e-편한세상,,59.958,14,2003,42800,2017-12-27,,,,,,
동대문구,11230,10500,답십리동,998,11230-2036,두산위브,,59.91,13,2007,49500,2017-12-29,,,,,,
동대문구,11230,10500,답십리동,998,11230-2036,두산위브,,84.91,16,2007,57000,2017-12-02,,,,,,
동대문구,11230,10500,답십리동,998,11230-2036,두산위브,,84.91,13,2007,58800,2017-12-08,,,,,,
동대문구,11230,10600,장안동,440-3,11230-2210,상록파라브3차,,84.37,4,2010,38500,2017-12-23,,,,,,
동대문구,11230,10500,답십리동,1001,11230-2197,한신휴플러스그린파크,,84.98,1,2010,53000,2017-12-30,,,,,,
동대문구,11230,10900,휘경동,368,11230-2283,브라운스톤휘경,,59.78,9,2013,48300,2017-12-29,,,,,,
동대문구,11230,10600,장안동,371-1,11230-38,장안삼성쉐르빌,,122.58,7,2002,49000,2017-12-10,,,,,,
동대문구,11230,10500,답십리동,808,11230-31,대림,,84.66,14,2003,43000,2017-12-23,,,,,,
동대문구,11230,10600,장안동,95-1,11230-36,장안현대,,95.45,12,1984,41500,2017-12-23,,,,,,
동대문구,11230,10500,답십리동,1003,11230-2587,래미안위브,,84.98,4,2014,69900,2017-12-14,,,,,,
동대문구,11230,10600,장안동,336,11230-81,장안현대홈타운(336),,112.78,14,2003,60000,2017-12-19,,,,,,
동대문구,11230,10400,전농동,690,11230-2578,래미안크레시티,,59.99,12,2014,65000,2017-12-15,,,,,,
동대문구,11230,11000,이문동,64,11230-62,쌍용,,84.89,19,2000,44900,2017-12-30,,,,,,
동대문구,11230,10600,장안동,329-2,11230-2078,장안힐스테이트,,84.854,11,2007,57000,2017-12-16,,,,,,
동대문구,11230,10600,장안동,336,11230-81,장안현대홈타운(336),,133.72,8,2003,67000,2017-12-09,,,,,,
동대문구,11230,10900,휘경동,57,11230-53,휘경리오포레아파트(1단지),,84.82,17,2001,47000,2017-12-14,,,,,,
동대문구,11230,10500,답십리동,999,11230-2037,청계벽산메가트리움,,59.93,12,2006,40000,2017-12-08,,,,,,
동대문구,11230,10600,장안동,354-2,11230-70,래미안장안,,84.774,10,2003,53000,2017-12-21,,,,,,
동대문구,11230,10400,전농동,690,11230-2578,래미안크레시티,,59.99,1,2014,64000,2017-12-21,,,,,,
동대문구,11230,10600,장안동,329-2,11230-2078,장안힐스테이트,,114.958,18,2007,66000,2017-12-23,,,,,,
동대문구,11230,10500,답십리동,999,11230-2037,청계벽산메가트리움,,59.93,17,2006,40500,2017-12-06,,,,,,
동대문구,11230,11000,이문동,45,11230-59,대우,,84.891,2,2001,45500,2017-12-27,,,,,,
동대문구,11230,10400,전농동,10,11230-10,전농SK,,114.3,3,2000,52400,2017-12-29,,,,,,
동대문구,11230,11000,이문동,45,11230-59,대우,,84.891,1,2001,40600,2017-12-18,,,,,,
동대문구,11230,10600,장안동,329-3,11230-129,래미안장안2차,,81.05,2,2007,52000,2017-12-16,,,,,,
동대문구,11230,11000,이문동,311,11230-125,래미안이문2차,,84.61,11,2004,56700,2017-12-16,,,,,,
동대문구,11230,10200,용두동,236-1,11230-88,신설동역대우아이빌1,,84.967,9,2004,46500,2017-12-19,,,,,,
동대문구,11230,11000,이문동,64,11230-62,쌍용,,114.35,7,2000,46900,2017-12-29,,,,,,
동대문구,11230,10700,청량리동,60,11230-44,한신,,59.97,3,1997,39500,2017-12-02,,,,,,
동대문구,11230,10600,장안동,582,11230-2276,홍해오크펠리스3차,,84.47,8,2012,40000,2017-12-14,,,,,,
동대문구,11230,10500,답십리동,494-2,11230-25,우창프라자,,143.64,11,1994,43000,2017-12-15,,,,,,
동대문구,11230,10600,장안동,354-2,11230-70,래미안장안,,84.774,16,2003,54000,2017-12-16,,,,,,
동대문구,11230,10200,용두동,790,11230-2159,롯데캐슬피렌체,,59.43,12,2009,51000,2017-12-01,,,,,,
동대문구,11230,10500,답십리동,1001,11230-2197,한신휴플러스그린파크,,59.92,1,2010,45500,2017-12-22,,,,,,
동대문구,11230,10400,전농동,6,11230-12,전농우성,,59.78,3,1992,31800,2017-12-29,,,,,,
동대문구,11230,10900,휘경동,365,11230-1996,휘경동일하이빌,,84.997,5,2005,45000,2017-12-16,,,,,,
동대문구,11230,11000,이문동,225,11230-65,대림e-편한세상,,114.937,3,2003,56500,2017-12-01,,,,,,
동대문구,11230,10400,전농동,690,11230-2578,래미안크레시티,,121.95,16,2014,89500,2017-12-09,,,,,,
동대문구,11230,10600,장안동,329-2,11230-2078,장안힐스테이트,,59.928,15,2007,46000,2017-12-14,,,,,,
동대문구,11230,10600,장안동,329-3,11230-129,래미안장안2차,,64.85,9,2007,47400,2017-12-04,,,,,,
동대문구,11230,10500,답십리동,42,11230-19,동답한신,,59.22,14,1992,32600,2017-12-12,,,,,,
동대문구,11230,10500,답십리동,42,11230-19,동답한신,,44.35,8,1992,27700,2017-12-15,,,,,,
동대문구,11230,11000,이문동,64,11230-62,쌍용,,114.35,15,2000,48500,2017-12-15,,,,,,
동대문구,11230,10500,답십리동,808,11230-31,대림,,114.9,2,2003,47000,2017-12-23,,,,,,
동대문구,11230,10400,전농동,690,11230-2578,래미안크레시티,,59.99,3,2014,64300,2017-12-23,,,,,,
동대문구,11230,10900,휘경동,57,11230-53,휘경리오포레아파트(1단지),,114.62,3,2001,51750,2017-12-14,,,,,,
동대문구,11230,10200,용두동,792,11230-2198,래미안 허브리츠,,84.96,6,2011,73000,2017-12-12,,,,,,
동대문구,11230,10400,전농동,6,11230-12,전농우성,,126.63,3,1992,47500,2017-12-06,,,,,,
동대문구,11230,10500,답십리동,1003,11230-2587,래미안위브,,84.99,19,2014,73000,2017-12-29,,,,,,
동대문구,11230,10600,장안동,329-2,11230-2078,장안힐스테이트,,84.789,20,2007,61000,2017-12-02,,,,,,
동대문구,11230,10500,답십리동,998,11230-2036,두산위브,,84.91,9,2007,56700,2017-12-06,,,,,,
동대문구,11230,10500,답십리동,1003,11230-2587,래미안위브,,84.98,20,2014,72700,2017-12-13,,,,,,
동대문구,11230,10200,용두동,792,11230-2198,래미안 허브리츠,,59.98,3,2011,59000,2017-12-17,,,,,,
동대문구,11230,10500,답십리동,1001,11230-2197,한신휴플러스그린파크,,84.98,2,2010,51800,2017-12-14,,,,,,
동대문구,11230,10600,장안동,418-4,11230-40,장안예원(418-4),,80.32,4,2002,32700,2017-12-05,,,,,,
동대문구,11230,10500,답십리동,1001,11230-2197,한신휴플러스그린파크,,59.92,3,2010,50000,2017-12-30,,,,,,
동대문구,11230,10400,전농동,6,11230-12,전농우성,,115.56,15,1992,41000,2017-12-01,,,,,,
동대문구,11230,10500,답십리동,998,11230-2036,두산위브,,59.91,7,2007,48700,2017-12-08,,,,,,
동대문구,11230,10500,답십리동,1002,11230-2208,청계한신휴플러스,,59.74,9,2010,56500,2017-12-03,,,,,,
동대문구,11230,10700,청량리동,235-1,11230-43,미주,,102.15,11,1978,64000,2017-12-11,,,,,,
동대문구,11230,10500,답십리동,10,11230-21,동아,,84.72,13,2001,42500,2017-12-18,,,,,,
동대문구,11230,10200,용두동,792,11230-2198,래미안 허브리츠,,59.98,12,2011,59000,2017-12-07,,,,,,
동대문구,11230,10200,용두동,29-1,11230-2205,리채,,101.57,3,2010,50500,2017-12-18,,,,,,
동대문구,11230,10500,답십리동,42,11230-19,동답한신,,35.45,3,1992,21000,2017-12-03,,,,,,
동대문구,11230,10500,답십리동,808,11230-31,대림,,84.66,6,2003,42200,2017-12-09,,,,,,
동대문구,11230,10800,회기동,65,11230-48,신현대,,84.96,2,1989,43800,2017-12-10,,,,,,
동대문구,11230,10500,답십리동,998,11230-2036,두산위브,,84.91,7,2007,57800,2017-12-04,,,,,,
동대문구,11230,10500,답십리동,111,11230-18,답십리대우,,84.99,21,2002,50000,2017-12-12,,,,,,
동대문구,11230,10500,답십리동,111,11230-18,답십리대우,,114.94,13,2002,54500,2017-12-03,,,,,,
동대문구,11230,10600,장안동,336,11230-81,장안현대홈타운(336),,112.78,10,2003,59800,2017-12-15,,,,,,
동대문구,11230,10500,답십리동,645-8,11230-16,신답경남,,59.24,11,1991,32600,2017-12-02,,,,,,
동대문구,11230,10500,답십리동,42,11230-19,동답한신,,59.22,13,1992,31950,2017-12-07,,,,,,
동대문구,11230,10400,전농동,688,11230-2222,래미안아름숲,,59.9,9,2012,51000,2017-12-21,,,,,,
동대문구,11230,10500,답십리동,1003,11230-2587,래미안위브,,84.98,3,2014,72500,2017-12-08,,,,,,
동대문구,11230,10500,답십리동,1003,11230-2587,래미안위브,,121.66,18,2014,86800,2017-12-06,,,,,,
동대문구,11230,11000,이문동,64,11230-62,쌍용,,59.99,23,2000,38500,2017-12-13,,,,,,
동대문구,11230,11000,이문동,425,11230-60,이문삼성래미안아파트,,84.991,3,2001,48500,2017-12-10,,,,,,
동대문구,11230,10500,답십리동,990,11230-22,두산,,59.96,11,2000,39400,2017-12-13,,,,,,
동대문구,11230,10500,답십리동,999,11230-2037,청계벽산메가트리움,,59.93,18,2006,40000,2017-12-20,,,,,,
동대문구,11230,11000,이문동,311,11230-125,래미안이문2차,,114.5,14,2004,65000,2017-12-24,,,,,,
동대문구,11230,10200,용두동,104-3,11230-2647,동대문푸르지오시티(도시형생활주택),,36.99,12,2016,34500,2017-12-21,,,,,,
동대문구,11230,10900,휘경동,368,11230-2283,브라운스톤휘경,,59.78,15,2013,47000,2017-12-22,,,,,,
동대문구,11230,11000,이문동,225,11230-65,대림e-편한세상,,59.958,17,2003,44500,2017-12-01,,,,,,
동대문구,11230,10400,전농동,688,11230-2222,래미안아름숲,,84.91,14,2012,60000,2017-12-23,,,,,,
동대문구,11230,10300,제기동,892-66,11230-6,현대,,59.92,19,1999,37700,2017-12-17,,,,,,
동대문구,11230,10900,휘경동,57,11230-64,휘경리오포레아파트(2단지),,59.13,4,2001,37000,2017-12-27,,,,,,
동대문구,11230,10900,휘경동,57,11230-53,휘경리오포레아파트(1단지),,114.86,1,2001,50500,2017-12-06,,,,,,
동대문구,11230,10200,용두동,791,11230-2164,용두두산위브,,84.99,5,2009,60000,2017-12-21,,,,,,
동대문구,11230,10200,용두동,791,11230-2164,용두두산위브,,59.99,3,2009,51900,2017-12-21,,,,,,
동대문구,11230,10400,전농동,10,11230-10,전농SK,,59.34,13,2000,38000,2017-12-08,,,,,,
동대문구,11230,10400,전농동,688,11230-2222,래미안아름숲,,84.92,13,2012,59000,2017-12-06,,,,,,
동대문구,11230,11000,이문동,311,11230-125,래미안이문2차,,59.79,12,2004,47000,2017-12-29,,,,,,
동대문구,11230,10600,장안동,563,11230-1978,신부파스카(563),,84.99,7,2005,36000,2017-12-15,,,,,,
동대문구,11230,10600,장안동,565,11230-1980,대명이룸아파트(565-0),,82.85,4,2005,39500,2017-12-14,,,,,,
동대문구,11230,10600,장안동,417-3,11230-115,형인허브빌101동(417-3),,100.83,7,2004,39500,2017-12-19,,,,,,
동대문구,11230,11000,이문동,64,11230-62,쌍용,,114.35,7,2000,45500,2017-12-15,,,,,,
동대문구,11230,10500,답십리동,1003,11230-2587,래미안위브,,59.97,11,2014,62000,2017-12-03,,,,,,
동대문구,11230,10400,전농동,688,11230-2222,래미안아름숲,,59.88,10,2012,49000,2017-12-14,,,,,,
동대문구,11230,10400,전농동,10,11230-10,전농SK,,59.34,16,2000,38300,2017-12-30,,,,,,
동대문구,11230,10500,답십리동,1000,11230-2157,래미안엘파인아파트,,84.9,20,2011,53000,2017-12-27,,,,,,
동대문구,11230,10500,답십리동,1000,11230-2157,래미안엘파인아파트,,114.82,9,2011,59700,2017-12-09,,,,,,
동대문구,11230,10700,청량리동,234-2,11230-45,현대,,128.57,3,1987,51500,2017-12-19,,,,,,
동대문구,11230,11000,이문동,64,11230-62,쌍용,,114.35,9,2000,46500,2017-12-09,,,,,,
동대문구,11230,10500,답십리동,1003,11230-2587,래미안위브,,84.99,12,2014,70700,2017-12-21,,,,,,
동대문구,11230,10400,전농동,10,11230-10,전농SK,,59.34,17,2000,37800,2017-12-20,,,,,,
동대문구,11230,11000,이문동,225,11230-65,대림e-편한세상,,79.35,12,2003,48500,2017-12-03,,,,,,
동대문구,11230,10400,전농동,690,11230-2578,래미안크레시티,,121.95,6,2014,88000,2017-12-30,,,,,,
동대문구,11230,10500,답십리동,1001,11230-2197,한신휴플러스그린파크,,84.98,6,2010,52500,2017-12-05,,,,,,
동대문구,11230,11000,이문동,225,11230-65,대림e-편한세상,,84.972,1,2003,44800,2017-12-25,,,,,,
동대문구,11230,10400,전농동,690,11230-2578,래미안크레시티,,121.93,7,2014,85000,2017-12-06,,,,,,
동대문구,11230,10200,용두동,255-66,11230-2076,청계천대성스카이렉스2,,84.99,5,2007,49500,2017-12-11,,,,,,
동대문구,11230,11000,이문동,225,11230-65,대림e-편한세상,,59.958,15,2003,45000,2017-12-30,,,,,,
동대문구,11230,10600,장안동,309-6,11230-2041,SM해그린아파트,,84.87,3,2006,35000,2017-12-12,,,,,,
동대문구,11230,10200,용두동,779,11230-2,신동아,,49.68,1,1994,29500,2017-12-09,,,,,,
동대문구,11230,10600,장안동,336,11230-81,장안현대홈타운(336),,112.78,24,2003,59500,2017-12-09,,,,,,
동대문구,11230,10100,신설동,109-13,11230-2065,청계천대성스카이렉스1,,75.24,12,2007,46000,2017-12-06,,,,,,
동대문구,11230,10600,장안동,336,11230-81,장안현대홈타운(336),,58.42,23,2003,43500,2017-12-09,,,,,,
동대문구,11230,11000,이문동,225,11230-65,대림e-편한세상,,114.937,16,2003,57500,2017-12-30,,,,,,
동대문구,11230,10500,답십리동,41,11230-20,동서울한양,,76.41,8,1989,36200,2017-12-15,,,,,,
동대문구,11230,10600,장안동,329-3,11230-129,래미안장안2차,,81.05,23,2007,55000,2017-12-02,,,,,,
동대문구,11230,10600,장안동,329-2,11230-2078,장안힐스테이트,,59.928,9,2007,45800,2017-12-01,,,,,,
동대문구,11230,10400,전농동,10,11230-10,전농SK,,84.95,19,2000,49000,2017-12-30,,,,,,
동대문구,11230,10400,전농동,10,11230-10,전농SK,,114.3,12,2000,55000,2017-12-29,,,,,,
동대문구,11230,10400,전농동,10,11230-10,전농SK,,114.3,10,2000,55700,2017-12-20,,,,,,
동대문구,11230,10400,전농동,10,11230-10,전농SK,,59.34,14,2000,39200,2017-12-04,,,,,,
동대문구,11230,10500,답십리동,497-23,11230-2510,청계푸르지오시티,,30.42,16,2015,29000,2017-12-19,,,,,,
동대문구,11230,10500,답십리동,645-8,11230-16,신답경남,,82.5,7,1991,38700,2017-12-05,,,,,,
동대문구,11230,10700,청량리동,212,11230-47,홍릉동부,,84.91,13,2001,48000,2017-12-31,,,,,,
동대문구,11230,11000,이문동,64,11230-62,쌍용,,59.99,20,2000,37700,2017-12-02,,,,,,
동대문구,11230,10600,장안동,329-3,11230-129,래미안장안2차,,112.92,1,2007,55500,2017-12-01,,,,,,
동대문구,11230,10800,회기동,346-18,11230-2350,베라체캠퍼스,,24.011,4,2013,25000,2017-12-04,,,,,,
동대문구,11230,10900,휘경동,368,11230-2283,브라운스톤휘경,,59.78,4,2013,45500,2017-12-16,,,,,,
동대문구,11230,11000,이문동,428,11230-2126,신이문금호어울림,,84.84,8,2008,48900,2017-12-09,,,,,,
동대문구,11230,11000,이문동,428,11230-2126,신이문금호어울림,,84.84,6,2008,47500,2017-12-01,,,,,,
동대문구,11230,10700,청량리동,235-1,11230-43,미주,,86.78,10,1978,50000,2017-12-27,,,,,,
동대문구,11230,10400,전농동,645-2,11230-8,동아,,57.9,20,1997,29000,2017-12-21,,,,,,
동대문구,11230,10400,전농동,688,11230-2222,래미안아름숲,,59.88,5,2012,50800,2017-12-22,,,,,,
동대문구,11230,10500,답십리동,1000,11230-2157,래미안엘파인아파트,,59.95,18,2011,43800,2017-12-08,,,,,,
동대문구,11230,10900,휘경동,368,11230-2283,브라운스톤휘경,,84.74,3,2013,51700,2017-12-06,,,,,,
동대문구,11230,11000,이문동,64,11230-62,쌍용,,114.35,9,2000,48000,2017-12-27,,,,,,
동대문구,11230,10400,전농동,688,11230-2222,래미안아름숲,,84.91,12,2012,60000,2017-12-13,,,,,,
동대문구,11230,10500,답십리동,1000,11230-2157,래미안엘파인아파트,,59.95,8,2011,43600,2017-12-02,,,,,,
동대문구,11230,10500,답십리동,111,11230-18,답십리대우,,114.94,4,2002,53000,2017-12-18,,,,,,
동대문구,11230,10500,답십리동,1003,11230-2587,래미안위브,,84.99,18,2014,70000,2017-12-21,,,,,,
동대문구,11230,10500,답십리동,1000,11230-2157,래미안엘파인아파트,,59.95,13,2011,43700,2017-12-03,,,,,,
동대문구,11230,10300,제기동,252,11230-213,이수브라운스톤,,84.9,11,2005,45000,2017-12-19,,,,,,
동대문구,11230,11000,이문동,73,11230-61,삼익,,59.95,4,1997,32500,2017-12-07,,,,,,
동대문구,11230,10700,청량리동,235-1,11230-43,미주,,124.73,2,1978,70000,2017-12-14,,,,,,
동대문구,11230,10600,장안동,365-4,11230-2240,서희스타힐스,,47.28,6,2013,27200,2017-12-20,,,,,,
동대문구,11230,10500,답십리동,497-23,11230-2510,청계푸르지오시티,,18.92,7,2015,15300,2017-12-22,,,,,,
동대문구,11230,10400,전농동,155,11230-9,전농동삼성래미안,,114.89,21,2000,52900,2017-12-03,,,,,,
동대문구,11230,10500,답십리동,1000,11230-2157,래미안엘파인아파트,,84.94,19,2011,52000,2017-12-08,,,,,,
동대문구,11230,10500,답십리동,989-1,11230-24,우성그린,,84.98,3,1997,39900,2017-12-02,,,,,,
동대문구,11230,11000,이문동,225,11230-65,대림e-편한세상,,59.958,18,2003,42100,2017-12-02,,,,,,
동대문구,11230,11000,이문동,225,11230-65,대림e-편한세상,,84.972,17,2003,51700,2017-12-01,,,,,,
동대문구,11230,10400,전농동,690,11230-2578,래미안크레시티,,121.95,6,2014,83000,2017-12-20,,,,,,
동대문구,11230,10600,장안동,364-9,11230-2285,태솔타워,,39.24,9,2012,20500,2017-12-20,,,,,,
동대문구,11230,10500,답십리동,1003,11230-2587,래미안위브,,59.99,1,2014,57000,2017-12-01,,,,,,
동대문구,11230,10600,장안동,566,11230-1981,형인허브빌2차(566),,84.19,9,2005,42000,2017-12-20,,,,,,
동대문구,11230,10500,답십리동,10,11230-21,동아,,84.72,9,2001,42700,2017-12-20,,,,,,
동대문구,11230,10400,전농동,690,11230-2578,래미안크레시티,,59.99,7,2014,67500,2017-12-14,,,,,,
동대문구,11230,10600,장안동,365-4,11230-2240,서희스타힐스,,80.53,7,2013,37850,2017-12-13,,,,,,
동대문구,11230,10600,장안동,336,11230-81,장안현대홈타운(336),,59.54,17,2003,44000,2017-12-06,,,,,,
동대문구,11230,10400,전농동,690,11230-2578,래미안크레시티,,84.96,9,2014,72000,2017-12-09,,,,,,
동대문구,11230,11000,이문동,225,11230-65,대림e-편한세상,,84.972,18,2003,50900,2017-12-18,,,,,,
동대문구,11230,10400,전농동,690,11230-2578,래미안크레시티,,59.99,5,2014,64700,2017-12-01,,,,,,
동대문구,11230,11000,이문동,45,11230-59,대우,,114.521,2,2001,47500,2017-12-19,,,,,,
동대문구,11230,10500,답십리동,488-18,11230-2370,센시티16,,14.244,15,2013,11500,2017-12-11,,,,,,
동대문구,11230,10500,답십리동,1003,11230-2587,래미안위브,,84.99,14,2014,73500,2017-12-11,,,,,,
동대문구,11230,10500,답십리동,497-23,11230-2510,청계푸르지오시티,,30.42,14,2015,28700,2017-12-09,,,,,,
동대문구,11230,10700,청량리동,738,11230-46,현대코아,,69.3,11,1997,39200,2017-12-17,,,,,,
동대문구,11230,10500,답십리동,497-23,11230-2510,청계푸르지오시티,,18.92,7,2015,14900,2017-12-15,,,,,,
동대문구,11230,10500,답십리동,1003,11230-2587,래미안위브,,84.98,9,2014,71800,2017-12-15,,,,,,
동대문구,11230,10500,답십리동,998,11230-2036,두산위브,,59.91,6,2007,49500,2017-12-07,,,,,,
동대문구,11230,10500,답십리동,1003,11230-2587,래미안위브,,84.98,1,2014,70500,2017-12-02,,,,,,
동대문구,11230,10500,답십리동,1003,11230-2587,래미안위브,,84.98,20,2014,75800,2017-12-01,,,,,,
동대문구,11230,10700,청량리동,234-2,11230-45,현대,,82.18,8,1987,42000,2017-12-07,,,,,,
동대문구,11230,10200,용두동,792,11230-2198,래미안 허브리츠,,84.97,12,2011,68800,2017-12-03,,,,,,
동대문구,11230,10200,용두동,792,11230-2198,래미안 허브리츠,,84.97,4,2011,66000,2017-12-13,,,,,,
동대문구,11230,11000,이문동,225,11230-65,대림e-편한세상,,59.958,22,2003,43000,2017-12-02,,,,,,
동대문구,11230,10400,전농동,10,11230-10,전농SK,,59.34,22,2000,38900,2017-12-08,,,,,,
동대문구,11230,10400,전농동,690,11230-2578,래미안크레시티,,59.99,5,2014,64000,2017-12-12,,,,,,
동대문구,11230,10500,답십리동,10,11230-21,동아,,84.72,14,2001,43500,2017-12-06,,,,,,
동대문구,11230,10900,휘경동,106,11230-52,휘경미소지움,,59.84,19,1999,35800,2017-12-09,,,,,,
동대문구,11230,10900,휘경동,367,11230-2232,휘경센트레빌,,84.89,5,2011,52500,2017-12-01,,,,,,
동대문구,11230,10600,장안동,329-2,11230-2078,장안힐스테이트,,84.854,19,2007,57000,2017-12-11,,,,,,
동대문구,11230,10400,전농동,10,11230-10,전농SK,,114.3,18,2000,56000,2017-12-07,,,,,,
동대문구,11230,10700,청량리동,235-1,11230-43,미주,,86.78,13,1978,58000,2017-12-05,,,,,,
동대문구,11230,10300,제기동,1158-25,11230-78,월드캐슬,,132.53,5,2003,58000,2017-12-08,,,,,,
동대문구,11230,10500,답십리동,497-23,11230-2510,청계푸르지오시티,,30.42,15,2015,29000,2017-12-03,,,,,,
동대문구,11230,10500,답십리동,10,11230-21,동아,,59.88,21,2001,37500,2017-12-07,,,,,,
동대문구,11230,10400,전농동,690,11230-2578,래미안크레시티,,84.96,10,2014,71000,2017-12-01,,,,,,
동대문구,11230,10500,답십리동,1002,11230-2208,청계한신휴플러스,,84.73,20,2010,66000,2017-12-04,,,,,,
동대문구,11230,10400,전농동,10,11230-10,전농SK,,84.95,15,2000,48500,2017-12-01,,,,,,
동대문구,11230,11000,이문동,73,11230-61,삼익,,84.95,13,1997,38000,2017-12-02,,,,,,
동대문구,11230,10900,휘경동,366,11230-2072,동일스위트리버,,59.732,4,2007,40600,2017-12-02,,,,,,
동대문구,11230,10600,장안동,354-2,11230-70,래미안장안,,115.681,6,2003,57900,2017-12-01,,,,,,
중랑구,11260,10600,신내동,650,11260-92,신내6대주,,59.76,8,1996,36300,2017-12-29,,,,,,
중랑구,11260,10500,망우동,508-14,11260-1966,해오름101동,,84.972,8,2005,32800,2017-12-07,,,,,,
중랑구,11260,10100,면목동,1528,11260-1945,면목동금호어울림아파트,,84.8726,2,2005,44000,2017-12-26,,,,,,
중랑구,11260,10200,상봉동,81-5,11260-105,한일써너스빌,,84.602,3,2003,53000,2017-12-26,,,,,,
중랑구,11260,10600,신내동,783,11260-91,성원,,84.4,25,1994,35500,2017-12-12,,,,,,
중랑구,11260,10400,묵동,387,11260-108,브라운스톤태릉,,83.5358,7,2004,50000,2017-12-30,,,,,,
중랑구,11260,10100,면목동,1510,11260-6,두산2,,134.2,12,1995,53500,2017-12-26,,,,,,
중랑구,11260,10600,신내동,817,11260-2821,신내 데시앙포레,,114.54,13,2013,53500,2017-12-22,,,,,,
중랑구,11260,10100,면목동,193-1,11260-24,면목한신,,45.44,11,1987,25000,2017-12-22,,,,,,
중랑구,11260,10600,신내동,783,11260-91,성원,,84.32,2,1994,34700,2017-12-18,,,,,,
중랑구,11260,10400,묵동,13,11260-52,신내,,49.77,7,1996,27000,2017-12-30,,,,,,
중랑구,11260,10400,묵동,20,11260-53,신내대림아파트,,126.28,3,1995,59900,2017-12-20,,,,,,
중랑구,11260,10600,신내동,650,11260-92,신내6대주,,49.77,7,1996,31300,2017-12-30,,,,,,
중랑구,11260,10600,신내동,795,11260-89,새한,,115.84,1,1998,36000,2017-12-23,,,,,,
중랑구,11260,10400,묵동,385,11260-65,현대아이파크,,84.9416,17,2002,46600,2017-12-30,,,,,,
중랑구,11260,10400,묵동,381,11260-57,신안1,,59.96,10,1999,33400,2017-12-30,,,,,,
중랑구,11260,10600,신내동,397,11260-83,동성1,,59.4,18,1993,28000,2017-12-23,,,,,,
중랑구,11260,10600,신내동,654,11260-95,진로아파트,,101.86,8,1995,50000,2017-12-30,,,,,,
중랑구,11260,10400,묵동,379,11260-47,극동늘푸른,,84.08,11,1999,37500,2017-12-10,,,,,,
중랑구,11260,10600,신내동,397,11260-83,동성1,,59.4,5,1993,28500,2017-12-28,,,,,,
중랑구,11260,10600,신내동,817,11260-2821,신내 데시앙포레,,84.91,17,2013,45700,2017-12-30,,,,,,
중랑구,11260,10600,신내동,618,11260-100,동성3,,59.4,10,1997,28300,2017-12-14,,,,,,
중랑구,11260,10600,신내동,783,11260-91,성원,,84.91,11,1994,37700,2017-12-31,,,,,,
중랑구,11260,10400,묵동,387,11260-108,브라운스톤태릉,,84.7094,3,2004,46200,2017-12-21,,,,,,
중랑구,11260,10500,망우동,575,11260-75,청광,,83.4564,9,2001,33800,2017-12-17,,,,,,
중랑구,11260,10100,면목동,715,11260-30,늘푸른동아,,114.73,18,2002,50000,2017-12-26,,,,,,
중랑구,11260,10100,면목동,1537,11260-3079,용마산하늘채,,84.6147,12,2015,57800,2017-12-13,,,,,,
중랑구,11260,10200,상봉동,1,11260-32,건영1,,84.96,15,1997,39000,2017-12-30,,,,,,
중랑구,11260,10100,면목동,1537,11260-3079,용마산하늘채,,84.7961,7,2015,59700,2017-12-30,,,,,,
중랑구,11260,10100,면목동,1528,11260-1945,면목동금호어울림아파트,,84.0827,3,2005,46000,2017-12-09,,,,,,
중랑구,11260,10300,중화동,450,11260-46,한신아파트상가동유치원동(103~109),,59.76,24,1997,35200,2017-12-29,,,,,,
중랑구,11260,10100,면목동,1520,11260-21,일신강변,,84.98,7,1999,35500,2017-12-16,,,,,,
중랑구,11260,10600,신내동,801,11260-163,영풍마드레빌,,84.8485,13,2004,40500,2017-12-15,,,,,,
중랑구,11260,10100,면목동,1529,11260-2042,경남아너스빌,,84.961,2,2006,44700,2017-12-30,,,,,,
중랑구,11260,10100,면목동,1502,11260-25,현대,,84.81,14,1994,42000,2017-12-18,,,,,,
중랑구,11260,10200,상봉동,484,11260-36,"엘지,쌍용아파트",,68.12,3,1996,34800,2017-12-16,,,,,,
중랑구,11260,10600,신내동,479,11260-94,중앙하이츠,,84.97,11,1996,36500,2017-12-09,,,,,,
중랑구,11260,10100,면목동,1522-1,11260-3753,두산5,,84.87,5,2000,43500,2017-12-28,,,,,,
중랑구,11260,10400,묵동,20,11260-54,신내두산아파트,,102.7,8,1995,55500,2017-12-18,,,,,,
중랑구,11260,10300,중화동,286-22,11260-144,청원다미소,,84.82,10,2004,40000,2017-12-23,,,,,,
중랑구,11260,10200,상봉동,500,11260-2804,프레미어스엠코,,134.87,46,2013,87700,2017-12-11,,,,,,
중랑구,11260,10100,면목동,1511,11260-1974,두산3,,84.77,8,1995,39800,2017-12-15,,,,,,
중랑구,11260,10100,면목동,1516,11260-11,면목삼익아파트,,84.99,11,1997,36900,2017-12-16,,,,,,
중랑구,11260,10100,면목동,1512,11260-26,형진,,59.94,13,1996,29200,2017-12-07,,,,,,
중랑구,11260,10600,신내동,397,11260-83,동성1,,59.4,9,1993,28800,2017-12-30,,,,,,
중랑구,11260,10600,신내동,795,11260-89,새한,,84.36,11,1998,34000,2017-12-29,,,,,,
중랑구,11260,10400,묵동,171-4,11260-230,공감대,,59.959,12,2005,35000,2017-12-19,,,,,,
중랑구,11260,10200,상봉동,500,11260-2804,프레미어스엠코,,111.56,26,2013,72300,2017-12-21,,,,,,
중랑구,11260,10100,면목동,1516,11260-11,면목삼익아파트,,59.5,5,1997,32700,2017-12-25,,,,,,
중랑구,11260,10100,면목동,1529,11260-2042,경남아너스빌,,51.429,4,2006,37800,2017-12-17,,,,,,
중랑구,11260,10600,신내동,591,11260-101,동성아파트,,46.44,11,1997,24800,2017-12-25,,,,,,
중랑구,11260,10200,상봉동,496,11260-37,우정아파트,,57.189,16,2002,38000,2017-12-18,,,,,,
중랑구,11260,10100,면목동,1531,11260-2048,마젤란21,,59.923,9,2007,37800,2017-12-06,,,,,,
중랑구,11260,10100,면목동,1502,11260-25,현대,,74.79,10,1994,38000,2017-12-02,,,,,,
중랑구,11260,10400,묵동,385,11260-65,현대아이파크,,84.9785,12,2002,45500,2017-12-04,,,,,,
중랑구,11260,10200,상봉동,115-31,11260-963,미랜드프래임빌(101동),,79.52,4,2006,35800,2017-12-30,,,,,,
중랑구,11260,10100,면목동,1529,11260-2042,경남아너스빌,,59.858,7,2006,41000,2017-12-06,,,,,,
중랑구,11260,10400,묵동,245-64,11260-61,우성,,55.87,2,1975,18800,2017-12-09,,,,,,
중랑구,11260,10600,신내동,650,11260-92,신내6대주,,49.77,3,1996,30200,2017-12-22,,,,,,
중랑구,11260,10600,신내동,817,11260-2821,신내 데시앙포레,,84.91,10,2013,45800,2017-12-02,,,,,,
중랑구,11260,10400,묵동,387,11260-108,브라운스톤태릉,,101.9481,11,2004,53500,2017-12-06,,,,,,
중랑구,11260,10400,묵동,392,11260-2307,월드메르디앙,,83.51,7,2009,45800,2017-12-23,,,,,,
중랑구,11260,10200,상봉동,499,11260-2002,건영캐스빌,,84.6475,7,2006,50000,2017-12-14,,,,,,
중랑구,11260,10600,신내동,795,11260-89,새한,,115.84,17,1998,37000,2017-12-28,,,,,,
중랑구,11260,10500,망우동,583,11260-2564,중랑숲리가,,84.913,12,2012,43750,2017-12-07,,,,,,
중랑구,11260,10600,신내동,650,11260-92,신내6대주,,39.84,5,1996,23500,2017-12-13,,,,,,
중랑구,11260,10500,망우동,575,11260-75,청광,,83.4564,12,2001,32700,2017-12-30,,,,,,
중랑구,11260,10400,묵동,387,11260-108,브라운스톤태릉,,101.9481,5,2004,50500,2017-12-07,,,,,,
중랑구,11260,10200,상봉동,484,11260-36,"엘지,쌍용아파트",,84.67,11,1996,40000,2017-12-16,,,,,,
중랑구,11260,10100,면목동,1528,11260-1945,면목동금호어울림아파트,,84.8726,11,2005,45900,2017-12-21,,,,,,
중랑구,11260,10100,면목동,1518,11260-16,신우,,84.66,13,1998,34000,2017-12-29,,,,,,
중랑구,11260,10400,묵동,20,11260-54,신내두산아파트,,102.7,10,1995,56500,2017-12-02,,,,,,
중랑구,11260,10600,신내동,817,11260-2821,신내 데시앙포레,,84.65,9,2013,44000,2017-12-22,,,,,,
중랑구,11260,10100,면목동,1521,11260-8,두원,,59.31,24,1998,28500,2017-12-16,,,,,,
중랑구,11260,10600,신내동,785,11260-1971,건영2차,,84.96,22,1996,41000,2017-12-25,,,,,,
중랑구,11260,10400,묵동,396,11260-3783,이편한세상화랑대,,84.956,17,2017,59000,2017-12-12,,,,,,
중랑구,11260,10600,신내동,796,11260-81,다우훼밀리,,114.51,4,1999,38800,2017-12-16,,,,,,
중랑구,11260,10600,신내동,816,11260-2893,신내우디안1단지,,59.99,12,2014,41500,2017-12-29,,,,,,
중랑구,11260,10500,망우동,178-80,11260-72,"염광(5,8,10,11동)",,60.37,4,1984,25000,2017-12-27,,,,,,
중랑구,11260,10600,신내동,657,11260-98,신내9진흥,,39.84,11,1996,22000,2017-12-21,,,,,,
중랑구,11260,10600,신내동,795,11260-89,새한,,84.4,10,1998,34000,2017-12-12,,,,,,
중랑구,11260,10400,묵동,379,11260-47,극동늘푸른,,57.63,3,1999,31700,2017-12-14,,,,,,
중랑구,11260,10400,묵동,167,11260-55,신도,,59.89,12,1998,32300,2017-12-22,,,,,,
중랑구,11260,10100,면목동,494,11260-17,용마금호타운,,84.9,13,1992,41000,2017-12-04,,,,,,
중랑구,11260,10500,망우동,580-1,11260-2013,금호어울림(580-1),,84.94,7,2006,39900,2017-12-07,,,,,,
중랑구,11260,10200,상봉동,81-5,11260-105,한일써너스빌,,66.254,22,2003,43500,2017-12-22,,,,,,
중랑구,11260,10100,면목동,1527,11260-136,신성미소지움,,80.1913,13,2004,39500,2017-12-08,,,,,,
중랑구,11260,10100,면목동,1521,11260-8,두원,,84.96,11,1998,35400,2017-12-21,,,,,,
중랑구,11260,10100,면목동,136-77,11260-1929,미래한건아파트101동,,76.33,7,2005,30000,2017-12-13,,,,,,
중랑구,11260,10200,상봉동,495,11260-35,동부아파트,,54,1,1999,27950,2017-12-04,,,,,,
중랑구,11260,10400,묵동,379,11260-47,극동늘푸른,,57.63,2,1999,31150,2017-12-11,,,,,,
중랑구,11260,10100,면목동,1529,11260-2042,경남아너스빌,,84.961,9,2006,50500,2017-12-16,,,,,,
중랑구,11260,10400,묵동,387,11260-108,브라운스톤태릉,,59.4364,19,2004,38800,2017-12-15,,,,,,
중랑구,11260,10200,상봉동,484,11260-36,"엘지,쌍용아파트",,68.12,1,1996,28900,2017-12-27,,,,,,
중랑구,11260,10500,망우동,583,11260-2564,중랑숲리가,,59.978,1,2012,32800,2017-12-28,,,,,,
중랑구,11260,10400,묵동,385,11260-65,현대아이파크,,101.4007,3,2002,53200,2017-12-11,,,,,,
중랑구,11260,10200,상봉동,484,11260-36,"엘지,쌍용아파트",,68.12,14,1996,34900,2017-12-19,,,,,,
중랑구,11260,10100,면목동,1516,11260-11,면목삼익아파트,,59.5,2,1997,32900,2017-12-08,,,,,,
중랑구,11260,10500,망우동,580,11260-2012,금호어울림(580),,59.96,11,2006,34250,2017-12-16,,,,,,
중랑구,11260,10500,망우동,580,11260-2012,금호어울림(580),,84.94,10,2006,41000,2017-12-09,,,,,,
중랑구,11260,10200,상봉동,499,11260-2002,건영캐스빌,,84.6475,25,2006,47700,2017-12-02,,,,,,
중랑구,11260,10300,중화동,19,11260-43,극동,,84.82,1,1991,31500,2017-12-21,,,,,,
중랑구,11260,10600,신내동,654,11260-95,진로아파트,,101.86,2,1995,38000,2017-12-23,,,,,,
중랑구,11260,10400,묵동,392,11260-2307,월드메르디앙,,83.51,2,2009,38000,2017-12-26,,,,,,
중랑구,11260,10600,신내동,816,11260-2893,신내우디안1단지,,101.64,21,2014,54500,2017-12-27,,,,,,
중랑구,11260,10500,망우동,495,11260-2137,한일써너스빌리젠시2단지,,84.48,26,2008,51500,2017-12-12,,,,,,
중랑구,11260,10600,신내동,788,11260-102,동성5,,59.91,7,1997,25900,2017-12-20,,,,,,
중랑구,11260,10500,망우동,583,11260-2564,중랑숲리가,,84.964,4,2012,43500,2017-12-02,,,,,,
중랑구,11260,10600,신내동,801,11260-163,영풍마드레빌,,84.8485,11,2004,40000,2017-12-11,,,,,,
중랑구,11260,10100,면목동,136-77,11260-1929,미래한건아파트101동,,76.33,3,2005,32000,2017-12-21,,,,,,
중랑구,11260,10200,상봉동,497,11260-107,태영데시앙1,,84.9353,12,2003,49500,2017-12-12,,,,,,
중랑구,11260,10400,묵동,383,11260-50,세방,,84.8,17,2000,40500,2017-12-09,,,,,,
중랑구,11260,10400,묵동,13,11260-52,신내,,39.84,3,1996,21000,2017-12-09,,,,,,
중랑구,11260,10600,신내동,654,11260-95,진로아파트,,134.37,1,1995,50000,2017-12-11,,,,,,
중랑구,11260,10400,묵동,170-1,11260-2392,묵동자이(2단지),,111.73,8,2010,62500,2017-12-22,,,,,,
중랑구,11260,10100,면목동,1502,11260-25,현대,,84.81,18,1994,42000,2017-12-26,,,,,,
중랑구,11260,10300,중화동,450,11260-46,한신아파트상가동유치원동(103~109),,84.03,11,1997,44300,2017-12-22,,,,,,
중랑구,11260,10300,중화동,450,11260-46,한신아파트상가동유치원동(103~109),,59.76,17,1997,37500,2017-12-19,,,,,,
중랑구,11260,10500,망우동,495,11260-2137,한일써너스빌리젠시2단지,,84.48,15,2008,49000,2017-12-16,,,,,,
중랑구,11260,10600,신내동,656,11260-85,화성.두산아파트,,84.99,9,1995,45400,2017-12-15,,,,,,
중랑구,11260,10300,중화동,438,11260-45,삼익아파트.상가동,,59.34,6,1995,26950,2017-12-19,,,,,,
중랑구,11260,10600,신내동,397,11260-83,동성1,,59.4,19,1993,29000,2017-12-28,,,,,,
중랑구,11260,10600,신내동,650,11260-92,신내6대주,,49.77,3,1996,30000,2017-12-11,,,,,,
중랑구,11260,10200,상봉동,115-61,11260-3199,주함해븐타워,,14.94,11,2015,14000,2017-12-29,,,,,,
중랑구,11260,10300,중화동,42,11260-42,중화동건영아파트,,59.85,1,1998,23500,2017-12-28,,,,,,
중랑구,11260,10200,상봉동,1,11260-32,건영1,,84.96,9,1997,37400,2017-12-04,,,,,,
중랑구,11260,10400,묵동,380,11260-56,신도2,,84.9,9,1999,40000,2017-12-21,,,,,,
중랑구,11260,10400,묵동,385,11260-65,현대아이파크,,101.4007,21,2002,54800,2017-12-02,,,,,,
중랑구,11260,10400,묵동,381,11260-57,신안1,,59.96,10,1999,32500,2017-12-07,,,,,,
중랑구,11260,10100,면목동,1502,11260-25,현대,,84.09,5,1994,39000,2017-12-21,,,,,,
중랑구,11260,10400,묵동,20,11260-53,신내대림아파트,,102.7,9,1995,55000,2017-12-02,,,,,,
중랑구,11260,10600,신내동,479,11260-94,중앙하이츠,,84.97,2,1996,31500,2017-12-05,,,,,,
중랑구,11260,10600,신내동,795,11260-89,새한,,59.77,6,1998,28300,2017-12-04,,,,,,
중랑구,11260,10300,중화동,207-12,11260-2043,미영리치타운103,,84.9,8,2006,39000,2017-12-28,,,,,,
중랑구,11260,10400,묵동,20,11260-53,신내대림아파트,,126.28,4,1995,56800,2017-12-09,,,,,,
중랑구,11260,10200,상봉동,497,11260-107,태영데시앙1,,59.6772,4,2003,39300,2017-12-13,,,,,,
중랑구,11260,10200,상봉동,484,11260-36,"엘지,쌍용아파트",,68.12,1,1996,31200,2017-12-02,,,,,,
중랑구,11260,10600,신내동,804,11260-2047,경남아너스빌,,62.54,3,2007,36400,2017-12-02,,,,,,
중랑구,11260,10600,신내동,449-1,11260-79,경원,,55.89,3,1989,20000,2017-12-29,,,,,,
중랑구,11260,10600,신내동,397,11260-83,동성1,,84.08,7,1993,37700,2017-12-09,,,,,,
중랑구,11260,10100,면목동,1535,11260-2724,현대휴온,,18.17,2,2013,12000,2017-12-06,,,,,,
중랑구,11260,10600,신내동,657,11260-98,신내9진흥,,33.18,8,1996,19000,2017-12-27,,,,,,
중랑구,11260,10600,신내동,657,11260-98,신내9진흥,,33.18,14,1996,19000,2017-12-19,,,,,,
중랑구,11260,10100,면목동,1537,11260-3079,용마산하늘채,,84.6147,7,2015,57900,2017-12-16,,,,,,
중랑구,11260,10600,신내동,816,11260-2893,신내우디안1단지,,84.94,15,2014,46900,2017-12-11,,,,,,
중랑구,11260,10600,신내동,800,11260-82,동광오뜨빌,,79.1736,6,2001,30400,2017-12-01,,,,,,
중랑구,11260,10100,면목동,1073,11260-20,용마한신2,,59.94,6,1998,35900,2017-12-25,,,,,,
중랑구,11260,10500,망우동,573,11260-71,신원,,59.62,5,1999,27000,2017-12-01,,,,,,
중랑구,11260,10600,신내동,783,11260-91,성원,,84.32,1,1994,32500,2017-12-05,,,,,,
중랑구,11260,10600,신내동,817,11260-2821,신내 데시앙포레,,84.94,10,2013,42400,2017-12-15,,,,,,
중랑구,11260,10600,신내동,817,11260-2821,신내 데시앙포레,,84.94,10,2013,42900,2017-12-09,,,,,,
중랑구,11260,10600,신내동,817,11260-2821,신내 데시앙포레,,84.91,8,2013,45100,2017-12-08,,,,,,
중랑구,11260,10600,신내동,816,11260-2893,신내우디안1단지,,84.65,4,2014,43000,2017-12-28,,,,,,
중랑구,11260,10600,신내동,657,11260-98,신내9진흥,,39.84,10,1996,22400,2017-12-04,,,,,,
중랑구,11260,10600,신내동,657,11260-98,신내9진흥,,33.18,2,1996,19200,2017-12-08,,,,,,
중랑구,11260,10500,망우동,508-6,11260-2772,더하이어,,12.0156,14,2013,11400,2017-12-29,,,,,,
중랑구,11260,10100,면목동,1073,11260-20,용마한신2,,59.84,5,1998,36500,2017-12-22,,,,,,
중랑구,11260,10100,면목동,105-4,11260-3260,건원베스트원,,26.38,8,2015,19000,2017-12-18,,,,,,
중랑구,11260,10100,면목동,715,11260-30,늘푸른동아,,59.65,2,2002,32800,2017-12-02,,,,,,
중랑구,11260,10200,상봉동,115-61,11260-3199,주함해븐타워,,14.55,9,2015,13800,2017-12-13,,,,,,
중랑구,11260,10400,묵동,382,11260-58,신안2,,59.845,6,2000,31800,2017-12-11,,,,,,
중랑구,11260,10600,신내동,795,11260-89,새한,,84.4,20,1998,35500,2017-12-14,,,,,,
중랑구,11260,10600,신내동,437,11260-87,벽산,,59.783,20,2000,26800,2017-12-21,,,,,,
중랑구,11260,10600,신내동,650,11260-92,신내6대주,,39.84,6,1996,24300,2017-12-08,,,,,,
중랑구,11260,10600,신내동,650,11260-92,신내6대주,,49.77,7,1996,30000,2017-12-13,,,,,,
중랑구,11260,10300,중화동,450,11260-46,한신아파트상가동유치원동(103~109),,59.76,7,1997,34800,2017-12-20,,,,,,
중랑구,11260,10300,중화동,450,11260-46,한신아파트상가동유치원동(103~109),,59.76,15,1997,35500,2017-12-20,,,,,,
중랑구,11260,10100,면목동,1522-1,11260-3753,두산5,,59.72,12,2000,36300,2017-12-23,,,,,,
중랑구,11260,10200,상봉동,495,11260-35,동부아파트,,84.99,21,1999,41150,2017-12-04,,,,,,
중랑구,11260,10300,중화동,450,11260-46,한신아파트상가동유치원동(103~109),,59.76,4,1997,34800,2017-12-26,,,,,,
중랑구,11260,10300,중화동,450,11260-46,한신아파트상가동유치원동(103~109),,59.76,23,1997,35000,2017-12-16,,,,,,
중랑구,11260,10300,중화동,450,11260-46,한신아파트상가동유치원동(103~109),,59.76,15,1997,36900,2017-12-15,,,,,,
중랑구,11260,10300,중화동,450,11260-46,한신아파트상가동유치원동(103~109),,59.76,1,1997,33800,2017-12-11,,,,,,
중랑구,11260,10300,중화동,450,11260-46,한신아파트상가동유치원동(103~109),,59.76,19,1997,35000,2017-12-09,,,,,,
중랑구,11260,10600,신내동,591,11260-101,동성아파트,,59.4,8,1997,29800,2017-12-05,,,,,,
중랑구,11260,10300,중화동,450,11260-46,한신아파트상가동유치원동(103~109),,84.03,24,1997,42500,2017-12-09,,,,,,
중랑구,11260,10300,중화동,450,11260-46,한신아파트상가동유치원동(103~109),,59.76,25,1997,35900,2017-12-23,,,,,,
중랑구,11260,10100,면목동,1501,11260-4,두산6,,84.94,22,1993,36800,2017-12-16,,,,,,
중랑구,11260,10100,면목동,1522-1,11260-3753,두산5,,59.72,10,2000,37000,2017-12-17,,,,,,
중랑구,11260,10600,신내동,661,11260-99,신내11대명,,59.76,8,1996,30300,2017-12-15,,,,,,
중랑구,11260,10300,중화동,208-4,11260-2626,범양프레체,,17.94,13,2012,12300,2017-12-22,,,,,,
중랑구,11260,10200,상봉동,495,11260-35,동부아파트,,54,15,1999,29500,2017-12-05,,,,,,
중랑구,11260,10300,중화동,208-4,11260-2626,범양프레체,,17.94,9,2012,12000,2017-12-14,,,,,,
중랑구,11260,10600,신내동,650,11260-92,신내6대주,,49.77,4,1996,29300,2017-12-09,,,,,,
중랑구,11260,10400,묵동,13,11260-52,신내,,39.84,12,1996,22000,2017-12-18,,,,,,
중랑구,11260,10400,묵동,13,11260-52,신내,,39.84,12,1996,20800,2017-12-13,,,,,,
중랑구,11260,10400,묵동,169-10,11260-149,신도브래뉴,,51.86,9,2004,31000,2017-12-09,,,,,,
중랑구,11260,10100,면목동,472-8,11260-2030,아람플러스,,84.975,10,2009,39000,2017-12-01,,,,,,
중랑구,11260,10200,상봉동,500,11260-2804,프레미어스엠코,,111.56,9,2013,68000,2017-12-03,,,,,,
중랑구,11260,10200,상봉동,500,11260-2804,프레미어스엠코,,107.12,11,2013,68000,2017-12-09,,,,,,
중랑구,11260,10200,상봉동,500,11260-2804,프레미어스엠코,,111.56,22,2013,71000,2017-12-03,,,,,,
중랑구,11260,10200,상봉동,500,11260-2804,프레미어스엠코,,107.12,12,2013,68500,2017-12-13,,,,,,
중랑구,11260,10100,면목동,1077-1,11260-19,용마한신,,59.22,1,1990,31500,2017-12-13,,,,,,
중랑구,11260,10500,망우동,583,11260-2564,중랑숲리가,,84.961,5,2012,42000,2017-12-17,,,,,,
중랑구,11260,10400,묵동,387,11260-108,브라운스톤태릉,,101.9481,15,2004,52800,2017-12-02,,,,,,
중랑구,11260,10600,신내동,787,11260-90,석탑,,84.6,7,1997,31500,2017-12-12,,,,,,
중랑구,11260,10600,신내동,801,11260-163,영풍마드레빌,,84.8485,18,2004,40000,2017-12-11,,,,,,
중랑구,11260,10600,신내동,817,11260-2821,신내 데시앙포레,,84.94,7,2013,45900,2017-12-08,,,,,,
중랑구,11260,10100,면목동,1077-1,11260-19,용마한신,,44.35,2,1990,26000,2017-12-04,,,,,,
중랑구,11260,10400,묵동,20,11260-53,신내대림아파트,,102.7,1,1995,46900,2017-12-04,,,,,,
중랑구,11260,10600,신내동,591,11260-101,동성아파트,,59.4,4,1997,26000,2017-12-12,,,,,,
중랑구,11260,10600,신내동,657,11260-98,신내9진흥,,39.84,3,1996,21700,2017-12-12,,,,,,
중랑구,11260,10100,면목동,1502,11260-25,현대,,84.81,19,1994,41500,2017-12-06,,,,,,
중랑구,11260,10500,망우동,508-6,11260-2772,더하이어,,12.0156,7,2013,11000,2017-12-01,,,,,,
중랑구,11260,10100,면목동,1077-1,11260-19,용마한신,,44.35,14,1990,26500,2017-12-01,,,,,,
중랑구,11260,10600,신내동,661,11260-99,신내11대명,,49.77,1,1996,25000,2017-12-04,,,,,,
중랑구,11260,10100,면목동,1537,11260-3079,용마산하늘채,,114.9903,8,2015,77200,2017-12-01,,,,,,
성북구,11290,13300,정릉동,1015,11290-37,길음뉴타운경남아너스빌,,114.63,1,1999,40000,2017-12-26,,,,,,
성북구,11290,13900,석관동,10,11290-74,두산,,84.9,13,1998,46000,2017-12-16,,,,,,
성북구,11290,13300,정릉동,239,11290-82,정릉풍림아이원,,59.88,14,2005,29950,2017-12-24,,,,,,
성북구,11290,13600,하월곡동,219,11290-67,동신,,59.88,1,1998,30500,2017-12-18,,,,,,
성북구,11290,13500,종암동,104-1,11290-65,종암에스케이,,114.75,10,1999,46950,2017-12-20,,,,,,
성북구,11290,10300,돈암동,603,11290-3475,돈암동더샵아파트,,84.817,10,2006,46000,2017-12-30,,,,,,
성북구,11290,10300,돈암동,643,11290-4173,길음역금호어울림센터힐,,59.5,13,2014,48900,2017-12-25,,,,,,
성북구,11290,11400,삼선동4가,73,11290-31,코오롱,,114.84,14,1999,59800,2017-12-29,,,,,,
성북구,11290,13600,하월곡동,226,11290-3572,월곡래미안루나밸리,,114.93,18,2007,64500,2017-12-30,,,,,,
성북구,11290,13500,종암동,80,11290-84,래미안크리시엘,,114.98,16,2004,56000,2017-12-07,,,,,,
성북구,11290,13600,하월곡동,225,11290-3492,래미안월곡,,84.589,13,2006,52500,2017-12-28,,,,,,
성북구,11290,13600,하월곡동,226,11290-3572,월곡래미안루나밸리,,84.88,22,2007,58100,2017-12-30,,,,,,
성북구,11290,11200,삼선동2가,425,11290-3576,삼선푸르지오,,59.95,7,2008,43500,2017-12-25,,,,,,
성북구,11290,12800,보문동6가,458,11290-4536,보문파크뷰자이,,59.81,16,2017,57000,2017-12-26,,,,,,
성북구,11290,10300,돈암동,603,11290-3475,돈암동더샵아파트,,84.817,5,2006,45200,2017-12-30,,,,,,
성북구,11290,13300,정릉동,1021,11290-38,대우,,43.11,9,2001,24600,2017-12-29,,,,,,
성북구,11290,13600,하월곡동,88-64,11290-3558,성북힐스테이트(101동),,84.69,12,2007,45000,2017-12-26,,,,,,
성북구,11290,13500,종암동,135,11290-3826,종암2차SKVIEW,,119.87,20,2010,63000,2017-12-25,,,,,,
성북구,11290,13400,길음동,1281,11290-212,길음뉴타운4단지(e편한세상),,84.64,10,2005,58500,2017-12-24,,,,,,
성북구,11290,13400,길음동,1281,11290-212,길음뉴타운4단지(e편한세상),,84.64,16,2005,54900,2017-12-24,,,,,,
성북구,11290,13400,길음동,1286,11290-3825,길음뉴타운9단지(래미안),,84.78,10,2010,63000,2017-12-27,,,,,,
성북구,11290,13400,길음동,1283,11290-3512,길음뉴타운6단지(래미안),,59.373,13,2007,50000,2017-12-30,,,,,,
성북구,11290,13500,종암동,104-1,11290-65,종암에스케이,,84.72,17,1999,41500,2017-12-21,,,,,,
성북구,11290,13600,하월곡동,226,11290-3572,월곡래미안루나밸리,,59.98,20,2007,47800,2017-12-30,,,,,,
성북구,11290,13600,하월곡동,219,11290-67,동신,,59.88,15,1998,32500,2017-12-29,,,,,,
성북구,11290,13600,하월곡동,219,11290-67,동신,,114.88,17,1998,47500,2017-12-23,,,,,,
성북구,11290,10300,돈암동,609-1,11290-19,한신,,152.25,13,1998,56500,2017-12-29,,,,,,
성북구,11290,13500,종암동,131,11290-3379,아이파크종암동2차,,114.698,11,2005,63500,2017-12-28,,,,,,
성북구,11290,13600,하월곡동,88-64,11290-3558,성북힐스테이트(101동),,101.97,16,2007,50000,2017-12-19,,,,,,
성북구,11290,13400,길음동,1283,11290-3512,길음뉴타운6단지(래미안),,59.373,11,2007,55000,2017-12-20,,,,,,
성북구,11290,13500,종암동,134,11290-3824,래미안라센트,,84.99,23,2011,63000,2017-12-30,,,,,,
성북구,11290,10700,동소문동4가,279,11290-24,송산아파트,,144.97,2,1998,49500,2017-12-25,,,,,,
성북구,11290,10300,돈암동,609-1,11290-19,한신,,132.96,3,1998,56000,2017-12-18,,,,,,
성북구,11290,13400,길음동,1284,11290-3807,길음뉴타운8단지(래미안),,84.82,16,2010,64500,2017-12-30,,,,,,
성북구,11290,13900,석관동,407,11290-3766,석관래미안,,59.9,9,2009,46000,2017-12-29,,,,,,
성북구,11290,13300,정릉동,1014,11290-45,정릉스카이쌍용아파트,,109.27,19,1999,45000,2017-12-17,,,,,,
성북구,11290,13600,하월곡동,226,11290-3572,월곡래미안루나밸리,,59.98,7,2007,48700,2017-12-25,,,,,,
성북구,11290,13900,석관동,407,11290-3766,석관래미안,,59.9,6,2009,45600,2017-12-28,,,,,,
성북구,11290,13300,정릉동,210,11290-54,정릉푸른마을동아,,84.96,12,2003,43000,2017-12-24,,,,,,
성북구,11290,13600,하월곡동,225,11290-3492,래미안월곡,,59.754,18,2006,45400,2017-12-30,,,,,,
성북구,11290,13400,길음동,1281,11290-212,길음뉴타운4단지(e편한세상),,84.64,12,2005,55700,2017-12-14,,,,,,
성북구,11290,13300,정릉동,1020,11290-48,정릉우성아파트 101~105동,,84.99,13,2000,27000,2017-12-14,,,,,,
성북구,11290,13500,종암동,104-1,11290-65,종암에스케이,,114.75,5,1999,45400,2017-12-11,,,,,,
성북구,11290,13400,길음동,1280,11290-210,길음뉴타운2단지푸르지오,,114.73,11,2005,61500,2017-12-27,,,,,,
성북구,11290,13600,하월곡동,225,11290-3492,래미안월곡,,114.678,4,2006,59500,2017-12-16,,,,,,
성북구,11290,11200,삼선동2가,420,11290-3485,삼선현대힐스테이트,,56.83,9,2009,43600,2017-12-30,,,,,,
성북구,11290,10300,돈암동,633,11290-22,동부센트레빌,,80.54,7,2003,49800,2017-12-16,,,,,,
성북구,11290,10300,돈암동,636,11290-116,이수브라운스톤돈암,,59.99,2,2004,40200,2017-12-20,,,,,,
성북구,11290,13400,길음동,1280,11290-210,길음뉴타운2단지푸르지오,,84.97,15,2005,51200,2017-12-25,,,,,,
성북구,11290,13400,길음동,1284,11290-3807,길음뉴타운8단지(래미안),,84.82,11,2010,60000,2017-12-14,,,,,,
성북구,11290,13400,길음동,1280-1,11290-211,길음뉴타운3단지푸르지오,,59.99,9,2005,40500,2017-12-21,,,,,,
성북구,11290,13400,길음동,1285,11290-3815,길음뉴타운7단지(두산위브),,114.99,23,2010,73000,2017-12-20,,,,,,
성북구,11290,13300,정릉동,210,11290-54,정릉푸른마을동아,,84.96,10,2003,41800,2017-12-29,,,,,,
성북구,11290,13400,길음동,1285,11290-3815,길음뉴타운7단지(두산위브),,59.98,5,2010,54000,2017-12-30,,,,,,
성북구,11290,10300,돈암동,15-1,11290-17,돈암동삼성,,59.4,16,1999,36500,2017-12-16,,,,,,
성북구,11290,13400,길음동,1280-1,11290-211,길음뉴타운3단지푸르지오,,84.97,14,2005,47700,2017-12-21,,,,,,
성북구,11290,13400,길음동,1279,11290-60,길음뉴타운1단지(래미안길음1차),,59.99,5,2003,45500,2017-12-28,,,,,,
성북구,11290,10300,돈암동,639,11290-3519,돈암힐스테이트,,59.92,5,2007,43800,2017-12-28,,,,,,
성북구,11290,13800,장위동,312,11290-72,우방아파트,,114.73,4,2001,40000,2017-12-31,,,,,,
성북구,11290,11200,삼선동2가,420,11290-3485,삼선현대힐스테이트,,56.83,12,2009,43000,2017-12-17,,,,,,
성북구,11290,10300,돈암동,631,11290-16,범양,,59.79,7,1998,36000,2017-12-30,,,,,,
성북구,11290,11200,삼선동2가,420,11290-3485,삼선현대힐스테이트,,56.83,5,2009,43200,2017-12-30,,,,,,
성북구,11290,11000,동소문동7가,23,11290-28,한신플러스C,,84.95,6,2004,53800,2017-12-27,,,,,,
성북구,11290,13400,길음동,1285,11290-3815,길음뉴타운7단지(두산위브),,84.99,9,2010,63000,2017-12-07,,,,,,
성북구,11290,13900,석관동,407,11290-3766,석관래미안,,59.9,7,2009,46000,2017-12-26,,,,,,
성북구,11290,13900,석관동,110-2,11290-76,중앙하이츠,,59.79,15,1994,32200,2017-12-20,,,,,,
성북구,11290,13600,하월곡동,230,11290-3875,동일하이빌뉴시티,,126.6,19,2011,72500,2017-12-11,,,,,,
성북구,11290,11000,동소문동7가,23,11290-28,한신플러스C,,59.91,13,2004,45700,2017-12-23,,,,,,
성북구,11290,11000,동소문동7가,23,11290-28,한신플러스C,,59.91,3,2004,40500,2017-12-05,,,,,,
성북구,11290,13200,보문동3가,2,11290-81,현대I-PARK,,59.29,1,2003,44000,2017-12-30,,,,,,
성북구,11290,13700,상월곡동,101,11290-71,동아에코빌,,59.95,22,2003,33500,2017-12-25,,,,,,
성북구,11290,13600,하월곡동,225,11290-3492,래미안월곡,,84.589,11,2006,51500,2017-12-28,,,,,,
성북구,11290,13500,종암동,131,11290-3379,아이파크종암동2차,,84.73,7,2005,52300,2017-12-29,,,,,,
성북구,11290,11000,동소문동7가,120,11290-3830,브라운스톤동선,,114.97,2,2010,65700,2017-12-30,,,,,,
성북구,11290,13300,정릉동,1031,11290-3622,정릉힐스테이트3차,,114.78,7,2008,58800,2017-12-30,,,,,,
성북구,11290,12300,안암동3가,136-1,11290-32,대광,,42.61,7,1971,8500,2017-12-06,,,,,,
성북구,11290,13800,장위동,317,11290-3719,꿈의숲대명루첸아파트,,59.988,14,2008,41900,2017-12-08,,,,,,
성북구,11290,13300,정릉동,239,11290-82,정릉풍림아이원,,84.09,4,2005,38000,2017-12-16,,,,,,
성북구,11290,13700,상월곡동,101,11290-71,동아에코빌,,59.95,11,2003,34500,2017-12-23,,,,,,
성북구,11290,13300,정릉동,1014,11290-45,정릉스카이쌍용아파트,,109.27,17,1999,44700,2017-12-21,,,,,,
성북구,11290,13200,보문동3가,2,11290-81,현대I-PARK,,59.49,6,2003,46300,2017-12-23,,,,,,
성북구,11290,13400,길음동,1279,11290-60,길음뉴타운1단지(래미안길음1차),,84.96,15,2003,56000,2017-12-18,,,,,,
성북구,11290,11200,삼선동2가,425,11290-3576,삼선푸르지오,,84.83,7,2008,50500,2017-12-08,,,,,,
성북구,11290,13400,길음동,1281,11290-212,길음뉴타운4단지(e편한세상),,84.64,19,2005,54400,2017-12-16,,,,,,
성북구,11290,13300,정릉동,239,11290-82,정릉풍림아이원,,59.88,10,2005,31300,2017-12-08,,,,,,
성북구,11290,13300,정릉동,239,11290-82,정릉풍림아이원,,59.88,14,2005,31800,2017-12-19,,,,,,
성북구,11290,13300,정릉동,1014,11290-45,정릉스카이쌍용아파트,,109.27,19,1999,43500,2017-12-07,,,,,,
성북구,11290,13900,석관동,110-2,11290-76,중앙하이츠,,84.85,14,1994,37000,2017-12-20,,,,,,
성북구,11290,10300,돈암동,633,11290-22,동부센트레빌,,80.54,2,2003,48000,2017-12-30,,,,,,
성북구,11290,13300,정릉동,239,11290-82,정릉풍림아이원,,84.09,6,2005,38400,2017-12-24,,,,,,
성북구,11290,13400,길음동,1283,11290-3512,길음뉴타운6단지(래미안),,59.373,15,2007,49000,2017-12-16,,,,,,
성북구,11290,13300,정릉동,1020,11290-48,정릉우성아파트 101~105동,,59.97,18,2000,33500,2017-12-07,,,,,,
성북구,11290,13400,길음동,1279,11290-60,길음뉴타운1단지(래미안길음1차),,84.96,7,2003,52400,2017-12-27,,,,,,
성북구,11290,10300,돈암동,633,11290-22,동부센트레빌,,81.82,6,2003,50000,2017-12-22,,,,,,
성북구,11290,13500,종암동,80,11290-84,래미안크리시엘,,114.98,13,2004,58500,2017-12-27,,,,,,
성북구,11290,11000,동소문동7가,120,11290-3830,브라운스톤동선,,59.96,4,2010,51400,2017-12-07,,,,,,
성북구,11290,10300,돈암동,609-1,11290-20,한진(609-1),,132.96,17,1998,51800,2017-12-22,,,,,,
성북구,11290,10800,동소문동5가,120,11290-3476,돈암동일하이빌,,84.958,25,2006,55000,2017-12-09,,,,,,
성북구,11290,13300,정릉동,1028,11290-3510,정릉e-편한세상,,85,14,2006,49500,2017-12-16,,,,,,
성북구,11290,13900,석관동,10,11290-74,두산,,59.97,17,1998,41200,2017-12-05,,,,,,
성북구,11290,13900,석관동,10,11290-74,두산,,84.9,3,1998,44500,2017-12-04,,,,,,
성북구,11290,13800,장위동,317,11290-3719,꿈의숲대명루첸아파트,,84.843,20,2008,48000,2017-12-04,,,,,,
성북구,11290,13500,종암동,133,11290-3786,래미안세레니티,,114.99,16,2009,69000,2017-12-17,,,,,,
성북구,11290,13400,길음동,1279,11290-60,길음뉴타운1단지(래미안길음1차),,114.98,9,2003,60000,2017-12-30,,,,,,
성북구,11290,13800,장위동,312,11290-72,우방아파트,,41.41,6,2001,25300,2017-12-26,,,,,,
성북구,11290,13400,길음동,1278,11290-56,길음동동부센트레빌(1278-0),,59.998,4,2003,41000,2017-12-25,,,,,,
성북구,11290,13400,길음동,1286,11290-3825,길음뉴타운9단지(래미안),,114.86,24,2010,71000,2017-12-20,,,,,,
성북구,11290,13500,종암동,104-1,11290-65,종암에스케이,,114.75,19,1999,45800,2017-12-20,,,,,,
성북구,11290,10300,돈암동,642,11290-3980,돈암동해피트리,,132.43,1,2013,65400,2017-12-09,,,,,,
성북구,11290,13300,정릉동,1014,11290-45,정릉스카이쌍용아파트,,84.19,12,1999,40800,2017-12-31,,,,,,
성북구,11290,13700,상월곡동,101,11290-71,동아에코빌,,84.97,8,2003,43850,2017-12-27,,,,,,
성북구,11290,13500,종암동,104-1,11290-65,종암에스케이,,114.75,9,1999,46500,2017-12-12,,,,,,
성북구,11290,10300,돈암동,609-1,11290-20,한진(609-1),,59.58,16,1998,35400,2017-12-28,,,,,,
성북구,11290,13500,종암동,80,11290-84,래미안크리시엘,,84.95,13,2004,50500,2017-12-27,,,,,,
성북구,11290,10300,돈암동,603,11290-3475,돈암동더샵아파트,,84.817,12,2006,45800,2017-12-19,,,,,,
성북구,11290,13500,종암동,80,11290-84,래미안크리시엘,,114.98,2,2004,52000,2017-12-06,,,,,,
성북구,11290,10300,돈암동,15-1,11290-17,돈암동삼성,,84.59,20,1999,46800,2017-12-20,,,,,,
성북구,11290,13400,길음동,1281,11290-212,길음뉴타운4단지(e편한세상),,59.86,15,2005,43000,2017-12-15,,,,,,
성북구,11290,10300,돈암동,643,11290-4173,길음역금호어울림센터힐,,84.77,5,2014,56000,2017-12-05,,,,,,
성북구,11290,13400,길음동,1284,11290-3807,길음뉴타운8단지(래미안),,59.99,10,2010,56000,2017-12-29,,,,,,
성북구,11290,13700,상월곡동,101,11290-71,동아에코빌,,59.95,6,2003,33800,2017-12-16,,,,,,
성북구,11290,13700,상월곡동,101,11290-71,동아에코빌,,59.95,12,2003,34600,2017-12-13,,,,,,
성북구,11290,10300,돈암동,609-1,11290-20,한진(609-1),,113.67,19,1998,58500,2017-12-10,,,,,,
성북구,11290,10800,동소문동5가,120,11290-3476,돈암동일하이빌,,84.849,7,2006,52000,2017-12-07,,,,,,
성북구,11290,13400,길음동,1284,11290-3807,길음뉴타운8단지(래미안),,84.92,6,2010,68500,2017-12-19,,,,,,
성북구,11290,13600,하월곡동,88-64,11290-3558,성북힐스테이트(101동),,101.97,18,2007,50000,2017-12-27,,,,,,
성북구,11290,13300,정릉동,239,11290-82,정릉풍림아이원,,59.88,8,2005,30200,2017-12-11,,,,,,
성북구,11290,13500,종암동,80,11290-84,래미안크리시엘,,84.95,11,2004,47100,2017-12-01,,,,,,
성북구,11290,13500,종암동,133,11290-3786,래미안세레니티,,84.99,5,2009,58500,2017-12-22,,,,,,
성북구,11290,13600,하월곡동,229,11290-3859,길음서희스타힐스,,84.54,8,2011,34000,2017-12-14,,,,,,
성북구,11290,13300,정릉동,1030,11290-3534,정릉힐스테이트1차,,84.853,9,2007,46000,2017-12-26,,,,,,
성북구,11290,13300,정릉동,1035,11290-3763,정릉2차e-편한세상,,84.4,8,2009,52900,2017-12-31,,,,,,
성북구,11290,13900,석관동,407,11290-3766,석관래미안,,59.9,10,2009,45400,2017-12-21,,,,,,
성북구,11290,13400,길음동,1280,11290-210,길음뉴타운2단지푸르지오,,84.97,12,2005,48700,2017-12-15,,,,,,
성북구,11290,13500,종암동,104-1,11290-65,종암에스케이,,84.72,11,1999,38000,2017-12-08,,,,,,
성북구,11290,10300,돈암동,609-1,11290-19,한신,,132.96,13,1998,59900,2017-12-11,,,,,,
성북구,11290,13300,정릉동,494,11290-111,중앙하이츠빌1단지,,84.98,18,2004,43000,2017-12-30,,,,,,
성북구,11290,13400,길음동,1284,11290-3807,길음뉴타운8단지(래미안),,84.92,24,2010,61500,2017-12-19,,,,,,
성북구,11290,13400,길음동,1283,11290-3512,길음뉴타운6단지(래미안),,84.049,3,2007,62000,2017-12-23,,,,,,
성북구,11290,10300,돈암동,15-1,11290-17,돈암동삼성,,59.4,10,1999,36750,2017-12-16,,,,,,
성북구,11290,13400,길음동,1278,11290-56,길음동동부센트레빌(1278-0),,59.998,7,2003,40800,2017-12-16,,,,,,
성북구,11290,13600,하월곡동,219,11290-67,동신,,59.88,21,1998,32450,2017-12-28,,,,,,
성북구,11290,13500,종암동,104-1,11290-65,종암에스케이,,59.04,5,1999,33400,2017-12-16,,,,,,
성북구,11290,13500,종암동,131,11290-3379,아이파크종암동2차,,84.73,2,2005,53000,2017-12-30,,,,,,
성북구,11290,13200,보문동3가,230,11290-4074,이편한세상보문,,124.181,10,2013,74000,2017-12-20,,,,,,
성북구,11290,13600,하월곡동,228,11290-3794,꿈의숲푸르지오,,59.65,10,2010,42000,2017-12-19,,,,,,
성북구,11290,13400,길음동,1286,11290-3825,길음뉴타운9단지(래미안),,114.86,26,2010,70500,2017-12-21,,,,,,
성북구,11290,13300,정릉동,239,11290-82,정릉풍림아이원,,59.88,5,2005,30800,2017-12-18,,,,,,
성북구,11290,13600,하월곡동,222,11290-88,월곡두산위브,,84.766,12,2003,47900,2017-12-27,,,,,,
성북구,11290,11400,삼선동4가,73,11290-31,코오롱,,59.94,14,1999,42400,2017-12-05,,,,,,
성북구,11290,12100,안암동1가,361,11290-207,안암동삼성래미안,,59.6983,4,2005,41900,2017-12-04,,,,,,
성북구,11290,13500,종암동,131,11290-3379,아이파크종암동2차,,84.73,10,2005,52000,2017-12-22,,,,,,
성북구,11290,10300,돈암동,609-1,11290-20,한진(609-1),,84.87,4,1998,45150,2017-12-23,,,,,,
성북구,11290,13600,하월곡동,229,11290-3859,길음서희스타힐스,,67.44,16,2011,38750,2017-12-14,,,,,,
성북구,11290,13400,길음동,1281,11290-212,길음뉴타운4단지(e편한세상),,59.97,13,2005,46000,2017-12-19,,,,,,
성북구,11290,13400,길음동,1280,11290-210,길음뉴타운2단지푸르지오,,84.97,7,2005,50000,2017-12-01,,,,,,
성북구,11290,13700,상월곡동,101,11290-71,동아에코빌,,114.66,12,2003,47200,2017-12-02,,,,,,
성북구,11290,13700,상월곡동,101,11290-71,동아에코빌,,84.97,2,2003,42000,2017-12-30,,,,,,
성북구,11290,13900,석관동,10,11290-74,두산,,84.9,5,1998,46900,2017-12-30,,,,,,
성북구,11290,13600,하월곡동,222,11290-88,월곡두산위브,,84.843,10,2003,49000,2017-12-23,,,,,,
성북구,11290,13400,길음동,1281,11290-212,길음뉴타운4단지(e편한세상),,59.86,2,2005,42500,2017-12-22,,,,,,
성북구,11290,13700,상월곡동,101,11290-71,동아에코빌,,114.66,11,2003,49400,2017-12-30,,,,,,
성북구,11290,13500,종암동,135,11290-3826,종암2차SKVIEW,,84.97,17,2010,58000,2017-12-15,,,,,,
성북구,11290,13300,정릉동,239,11290-82,정릉풍림아이원,,59.88,13,2005,30900,2017-12-04,,,,,,
성북구,11290,13400,길음동,1283,11290-3512,길음뉴타운6단지(래미안),,84.049,5,2007,65000,2017-12-30,,,,,,
성북구,11290,10300,돈암동,15-1,11290-17,돈암동삼성,,84.59,2,1999,39500,2017-12-09,,,,,,
성북구,11290,13300,정릉동,800-95,11290-3831,동일스카이,,82.69,2,2010,23500,2017-12-28,,,,,,
성북구,11290,10300,돈암동,609-1,11290-20,한진(609-1),,132.96,19,1998,51700,2017-12-17,,,,,,
성북구,11290,13600,하월곡동,225,11290-3492,래미안월곡,,84.589,20,2006,49500,2017-12-05,,,,,,
성북구,11290,13900,석관동,10,11290-74,두산,,59.97,10,1998,40400,2017-12-23,,,,,,
성북구,11290,13400,길음동,1278,11290-56,길음동동부센트레빌(1278-0),,84.844,1,2003,45400,2017-12-15,,,,,,
성북구,11290,13900,석관동,10,11290-74,두산,,84.9,15,1998,48000,2017-12-14,,,,,,
성북구,11290,10300,돈암동,631,11290-16,범양,,59.79,2,1998,32500,2017-12-01,,,,,,
성북구,11290,13400,길음동,1284,11290-3807,길음뉴타운8단지(래미안),,59.99,7,2010,58000,2017-12-23,,,,,,
성북구,11290,10300,돈암동,15-1,11290-17,돈암동삼성,,84.59,4,1999,41800,2017-12-11,,,,,,
성북구,11290,13500,종암동,80,11290-84,래미안크리시엘,,59.99,6,2004,39300,2017-12-30,,,,,,
성북구,11290,13400,길음동,1284,11290-3807,길음뉴타운8단지(래미안),,59.99,1,2010,54600,2017-12-28,,,,,,
성북구,11290,13400,길음동,1281,11290-212,길음뉴타운4단지(e편한세상),,59.97,12,2005,44000,2017-12-02,,,,,,
성북구,11290,13900,석관동,10,11290-74,두산,,84.9,12,1998,46500,2017-12-27,,,,,,
성북구,11290,13300,정릉동,1020,11290-48,정릉우성아파트 101~105동,,84.96,7,2000,40700,2017-12-10,,,,,,
성북구,11290,13300,정릉동,1015,11290-37,길음뉴타운경남아너스빌,,59.59,13,1999,32500,2017-12-13,,,,,,
성북구,11290,13500,종암동,133,11290-3786,래미안세레니티,,84.99,3,2009,56000,2017-12-22,,,,,,
성북구,11290,13400,길음동,1279,11290-60,길음뉴타운1단지(래미안길음1차),,114.98,14,2003,59800,2017-12-08,,,,,,
성북구,11290,13600,하월곡동,219,11290-67,동신,,84.78,11,1998,42000,2017-12-04,,,,,,
성북구,11290,13400,길음동,1277,11290-55,길음현대,,32.98,4,2000,25000,2017-12-31,,,,,,
성북구,11290,13400,길음동,1282,11290-3511,길음뉴타운5단지(래미안),,84.96,6,2006,59000,2017-12-05,,,,,,
성북구,11290,13600,하월곡동,88-64,11290-3558,성북힐스테이트(101동),,84.69,14,2007,46900,2017-12-15,,,,,,
성북구,11290,10300,돈암동,609-1,11290-19,한신,,84.87,14,1998,50600,2017-12-30,,,,,,
성북구,11290,13400,길음동,1285,11290-3815,길음뉴타운7단지(두산위브),,59.98,2,2010,51000,2017-12-22,,,,,,
성북구,11290,13800,장위동,316-5,11290-3473,참누리아파트,,84.89,4,2006,43800,2017-12-04,,,,,,
성북구,11290,13600,하월곡동,222,11290-88,월곡두산위브,,114.752,5,2003,50600,2017-12-13,,,,,,
성북구,11290,10300,돈암동,643,11290-4173,길음역금호어울림센터힐,,59.84,4,2014,48400,2017-12-30,,,,,,
성북구,11290,13400,길음동,1283,11290-3512,길음뉴타운6단지(래미안),,113.226,17,2007,70000,2017-12-11,,,,,,
성북구,11290,13400,길음동,1280,11290-210,길음뉴타운2단지푸르지오,,84.97,4,2005,48000,2017-12-25,,,,,,
성북구,11290,11000,동소문동7가,23,11290-28,한신플러스C,,114.97,13,2004,51000,2017-12-20,,,,,,
성북구,11290,13400,길음동,1281,11290-212,길음뉴타운4단지(e편한세상),,102.38,1,2005,59800,2017-12-14,,,,,,
성북구,11290,13500,종암동,34-3,11290-64,종암선경,,75.5,19,1996,39600,2017-12-16,,,,,,
성북구,11290,13400,길음동,1278,11290-56,길음동동부센트레빌(1278-0),,59.998,6,2003,40000,2017-12-25,,,,,,
성북구,11290,13900,석관동,404,11290-75,삼성,,84.72,7,1997,35000,2017-12-06,,,,,,
성북구,11290,13400,길음동,1280,11290-210,길음뉴타운2단지푸르지오,,114.73,5,2005,55200,2017-12-24,,,,,,
성북구,11290,13200,보문동3가,230,11290-4074,이편한세상보문,,84.774,11,2013,57000,2017-12-15,,,,,,
성북구,11290,13400,길음동,1280,11290-210,길음뉴타운2단지푸르지오,,114.73,11,2005,60000,2017-12-09,,,,,,
성북구,11290,13400,길음동,1280,11290-210,길음뉴타운2단지푸르지오,,84.97,13,2005,50000,2017-12-18,,,,,,
성북구,11290,13600,하월곡동,225,11290-3492,래미안월곡,,114.678,6,2006,61000,2017-12-08,,,,,,
성북구,11290,13200,보문동3가,230,11290-4074,이편한세상보문,,84.904,7,2013,55700,2017-12-23,,,,,,
성북구,11290,13900,석관동,408,11290-3847,신동아파밀리에,,59.69,5,2011,41500,2017-12-18,,,,,,
성북구,11290,13900,석관동,110-2,11290-76,중앙하이츠,,84.85,6,1994,39750,2017-12-27,,,,,,
성북구,11290,13400,길음동,1280,11290-210,길음뉴타운2단지푸르지오,,143.43,10,2005,60000,2017-12-13,,,,,,
성북구,11290,10300,돈암동,609-1,11290-19,한신,,68.13,16,1998,40800,2017-12-12,,,,,,
성북구,11290,10300,돈암동,609-1,11290-19,한신,,132.96,13,1998,59200,2017-12-19,,,,,,
성북구,11290,13400,길음동,1280,11290-210,길음뉴타운2단지푸르지오,,59.99,14,2005,41500,2017-12-23,,,,,,
성북구,11290,13400,길음동,1280,11290-210,길음뉴타운2단지푸르지오,,59.99,7,2005,39700,2017-12-23,,,,,,
성북구,11290,13500,종암동,133,11290-3786,래미안세레니티,,84.99,7,2009,56000,2017-12-09,,,,,,
성북구,11290,13600,하월곡동,225,11290-3492,래미안월곡,,59.754,12,2006,44300,2017-12-23,,,,,,
성북구,11290,13500,종암동,80,11290-84,래미안크리시엘,,114.98,10,2004,56800,2017-12-13,,,,,,
성북구,11290,13400,길음동,1281,11290-212,길음뉴타운4단지(e편한세상),,59.86,9,2005,44500,2017-12-06,,,,,,
성북구,11290,10300,돈암동,631,11290-16,범양,,84.92,3,1998,40800,2017-12-01,,,,,,
성북구,11290,13400,길음동,1284,11290-3807,길음뉴타운8단지(래미안),,84.94,8,2010,59000,2017-12-22,,,,,,
성북구,11290,13500,종암동,80,11290-84,래미안크리시엘,,59.99,7,2004,39500,2017-12-02,,,,,,
성북구,11290,13600,하월곡동,88-64,11290-3558,성북힐스테이트(101동),,84.14,11,2007,46000,2017-12-18,,,,,,
성북구,11290,10300,돈암동,1,11290-21,돈암현대아파트,,55.89,8,1991,32000,2017-12-19,,,,,,
성북구,11290,11300,삼선동3가,116,11290-3905,삼선에스케이뷰,,59.97,7,2012,59800,2017-12-14,,,,,,
성북구,11290,13400,길음동,1278,11290-56,길음동동부센트레빌(1278-0),,114.912,12,2003,56000,2017-12-30,,,,,,
성북구,11290,10300,돈암동,1,11290-21,돈암현대아파트,,84.8,4,1991,38600,2017-12-09,,,,,,
성북구,11290,13600,하월곡동,222,11290-88,월곡두산위브,,84.992,3,2003,44500,2017-12-09,,,,,,
성북구,11290,13900,석관동,10,11290-74,두산,,84.9,7,1998,44900,2017-12-02,,,,,,
성북구,11290,13600,하월곡동,225,11290-3492,래미안월곡,,84.589,12,2006,51900,2017-12-04,,,,,,
성북구,11290,13400,길음동,1283,11290-3512,길음뉴타운6단지(래미안),,59.373,3,2007,52900,2017-12-05,,,,,,
성북구,11290,13400,길음동,1278,11290-56,길음동동부센트레빌(1278-0),,59.998,8,2003,42000,2017-12-30,,,,,,
성북구,11290,13400,길음동,1278,11290-56,길음동동부센트레빌(1278-0),,84.844,5,2003,50800,2017-12-25,,,,,,
성북구,11290,13400,길음동,1281,11290-212,길음뉴타운4단지(e편한세상),,59.97,12,2005,44700,2017-12-02,,,,,,
성북구,11290,13900,석관동,407,11290-3766,석관래미안,,59.9,13,2009,45600,2017-12-13,,,,,,
성북구,11290,13300,정릉동,1015,11290-37,길음뉴타운경남아너스빌,,59.59,13,1999,34000,2017-12-07,,,,,,
성북구,11290,13400,길음동,1284,11290-3807,길음뉴타운8단지(래미안),,59.99,2,2010,48000,2017-12-28,,,,,,
성북구,11290,13900,석관동,10,11290-74,두산,,59.97,12,1998,42300,2017-12-04,,,,,,
성북구,11290,13600,하월곡동,222,11290-88,월곡두산위브,,84.992,6,2003,47000,2017-12-02,,,,,,
성북구,11290,10300,돈암동,630,11290-15,동소문현대,,84.72,13,1994,40700,2017-12-22,,,,,,
성북구,11290,10300,돈암동,633,11290-22,동부센트레빌,,80.54,5,2003,48500,2017-12-16,,,,,,
성북구,11290,13300,정릉동,1020,11290-48,정릉우성아파트 101~105동,,84.99,3,2000,39400,2017-12-02,,,,,,
성북구,11290,10300,돈암동,609-1,11290-20,한진(609-1),,59.58,13,1998,35000,2017-12-15,,,,,,
성북구,11290,10300,돈암동,609-1,11290-19,한신,,152.25,15,1998,56500,2017-12-29,,,,,,
성북구,11290,13300,정릉동,1020,11290-48,정릉우성아파트 101~105동,,84.96,6,2000,40200,2017-12-11,,,,,,
성북구,11290,13600,하월곡동,225,11290-3492,래미안월곡,,59.754,7,2006,45200,2017-12-15,,,,,,
성북구,11290,13400,길음동,1279,11290-60,길음뉴타운1단지(래미안길음1차),,59.99,10,2003,46000,2017-12-23,,,,,,
성북구,11290,12300,안암동3가,135,11290-33,삼익,,98.92,1,1983,39000,2017-12-19,,,,,,
성북구,11290,13300,정릉동,1019,11290-43,정릉성원상떼빌,,59.94,2,2000,29000,2017-12-23,,,,,,
성북구,11290,13400,길음동,1282,11290-3511,길음뉴타운5단지(래미안),,114.93,14,2006,70000,2017-12-12,,,,,,
성북구,11290,13500,종암동,80,11290-84,래미안크리시엘,,84.95,13,2004,47000,2017-12-12,,,,,,
성북구,11290,10300,돈암동,609-1,11290-20,한진(609-1),,84.87,11,1998,49000,2017-12-02,,,,,,
성북구,11290,10300,돈암동,636,11290-116,이수브라운스톤돈암,,84.97,13,2004,53350,2017-12-23,,,,,,
성북구,11290,13600,하월곡동,228,11290-3794,꿈의숲푸르지오,,59.65,13,2010,41500,2017-12-16,,,,,,
성북구,11290,13500,종암동,133,11290-3786,래미안세레니티,,114.99,10,2009,67000,2017-12-31,,,,,,
성북구,11290,13500,종암동,133,11290-3786,래미안세레니티,,84.99,14,2009,58000,2017-12-30,,,,,,
성북구,11290,13300,정릉동,809,11290-50,정릉중앙하이츠아파트,,57.84,2,1999,19900,2017-12-16,,,,,,
성북구,11290,13400,길음동,1283,11290-3512,길음뉴타운6단지(래미안),,84.049,5,2007,60000,2017-12-29,,,,,,
성북구,11290,13900,석관동,10,11290-74,두산,,84.9,5,1998,45000,2017-12-01,,,,,,
성북구,11290,13400,길음동,1282,11290-3511,길음뉴타운5단지(래미안),,84.96,17,2006,58900,2017-12-16,,,,,,
성북구,11290,13300,정릉동,1018,11290-53,길음뉴타운데시앙,,59.42,16,1999,29350,2017-12-30,,,,,,
성북구,11290,13600,하월곡동,228,11290-3794,꿈의숲푸르지오,,59.65,5,2010,41000,2017-12-16,,,,,,
성북구,11290,13800,장위동,319,11290-4641,꿈의숲코오롱하늘채,,59.35,23,2017,49500,2017-12-28,,,,,,
성북구,11290,13300,정릉동,1018,11290-53,길음뉴타운데시앙,,59.42,10,1999,30000,2017-12-02,,,,,,
성북구,11290,10300,돈암동,15-1,11290-17,돈암동삼성,,59.4,10,1999,35900,2017-12-29,,,,,,
성북구,11290,13700,상월곡동,101,11290-71,동아에코빌,,59.95,16,2003,33200,2017-12-08,,,,,,
성북구,11290,13200,보문동3가,230,11290-4074,이편한세상보문,,84.774,14,2013,57200,2017-12-28,,,,,,
성북구,11290,11200,삼선동2가,425,11290-3576,삼선푸르지오,,59.95,7,2008,44900,2017-12-30,,,,,,
성북구,11290,10300,돈암동,643,11290-4173,길음역금호어울림센터힐,,84.88,6,2014,60000,2017-12-02,,,,,,
성북구,11290,13900,석관동,408,11290-3847,신동아파밀리에,,59.69,9,2011,41500,2017-12-29,,,,,,
성북구,11290,13700,상월곡동,101,11290-71,동아에코빌,,114.66,1,2003,44000,2017-12-12,,,,,,
성북구,11290,13800,장위동,316-5,11290-3473,참누리아파트,,84.98,8,2006,42200,2017-12-18,,,,,,
성북구,11290,13400,길음동,1276,11290-57,삼부컨비니언,,111.71,3,1998,46000,2017-12-05,,,,,,
성북구,11290,13300,정릉동,1035,11290-3763,정릉2차e-편한세상,,59.37,10,2009,43500,2017-12-23,,,,,,
성북구,11290,13400,길음동,1281,11290-212,길음뉴타운4단지(e편한세상),,59.86,9,2005,44000,2017-12-06,,,,,,
성북구,11290,13500,종암동,104-1,11290-65,종암에스케이,,59.04,1,1999,31500,2017-12-01,,,,,,
성북구,11290,13400,길음동,1280-1,11290-211,길음뉴타운3단지푸르지오,,84.97,13,2005,48000,2017-12-09,,,,,,
성북구,11290,13400,길음동,1279,11290-60,길음뉴타운1단지(래미안길음1차),,59.99,15,2003,47700,2017-12-26,,,,,,
성북구,11290,13500,종암동,104-1,11290-65,종암에스케이,,84.72,21,1999,40500,2017-12-28,,,,,,
성북구,11290,13300,정릉동,239,11290-82,정릉풍림아이원,,84.09,18,2005,44900,2017-12-15,,,,,,
성북구,11290,13300,정릉동,406,11290-3372,정릉푸르지오,,59.98,16,2005,41900,2017-12-26,,,,,,
성북구,11290,11200,삼선동2가,425,11290-3576,삼선푸르지오,,84.83,6,2008,54000,2017-12-10,,,,,,
성북구,11290,13600,하월곡동,228,11290-3794,꿈의숲푸르지오,,114.61,5,2010,56800,2017-12-04,,,,,,
성북구,11290,13300,정릉동,1018,11290-53,길음뉴타운데시앙,,59.42,11,1999,29700,2017-12-02,,,,,,
성북구,11290,11600,동선동1가,121-6,11290-3809,코아루센타시아,,84.15,10,2010,48000,2017-12-23,,,,,,
성북구,11290,13800,장위동,312,11290-72,우방아파트,,59.98,11,2001,30000,2017-12-26,,,,,,
성북구,11290,13600,하월곡동,225,11290-3492,래미안월곡,,114.678,8,2006,59500,2017-12-07,,,,,,
성북구,11290,13600,하월곡동,228,11290-3794,꿈의숲푸르지오,,114.61,8,2010,52000,2017-12-20,,,,,,
성북구,11290,13300,정릉동,210,11290-54,정릉푸른마을동아,,84.96,7,2003,41700,2017-12-30,,,,,,
성북구,11290,10300,돈암동,609-1,11290-19,한신,,68.13,8,1998,38600,2017-12-15,,,,,,
성북구,11290,13600,하월곡동,219,11290-67,동신,,59.88,19,1998,32300,2017-12-16,,,,,,
성북구,11290,13600,하월곡동,219,11290-67,동신,,59.88,4,1998,31800,2017-12-27,,,,,,
성북구,11290,13300,정릉동,1034,11290-3696,라온유,,84.65,13,2008,45900,2017-12-22,,,,,,
성북구,11290,13300,정릉동,1034,11290-3696,라온유,,109.75,15,2008,51500,2017-12-20,,,,,,
성북구,11290,13300,정릉동,1016,11290-47,우방,,59.94,11,1999,27500,2017-12-28,,,,,,
성북구,11290,13300,정릉동,494,11290-111,중앙하이츠빌1단지,,84.98,4,2004,40000,2017-12-16,,,,,,
성북구,11290,13300,정릉동,1037,11290-4257,정릉꿈에그린,,84.56,8,2015,51700,2017-12-09,,,,,,
성북구,11290,10300,돈암동,636,11290-116,이수브라운스톤돈암,,59.99,3,2004,41200,2017-12-18,,,,,,
성북구,11290,13300,정릉동,1015,11290-37,길음뉴타운경남아너스빌,,84.88,11,1999,40500,2017-12-09,,,,,,
성북구,11290,13500,종암동,132,11290-3624,우림카이저팰리스,,84.98,6,2008,42500,2017-12-31,,,,,,
성북구,11290,13400,길음동,1284,11290-3807,길음뉴타운8단지(래미안),,84.82,15,2010,59750,2017-12-31,,,,,,
성북구,11290,13400,길음동,1286,11290-3825,길음뉴타운9단지(래미안),,114.86,14,2010,73000,2017-12-16,,,,,,
성북구,11290,13400,길음동,1284,11290-3807,길음뉴타운8단지(래미안),,59.99,2,2010,52500,2017-12-29,,,,,,
성북구,11290,13400,길음동,1285,11290-3815,길음뉴타운7단지(두산위브),,114.99,12,2010,75000,2017-12-23,,,,,,
성북구,11290,13400,길음동,1284,11290-3807,길음뉴타운8단지(래미안),,59.99,3,2010,47500,2017-12-22,,,,,,
성북구,11290,10300,돈암동,609-1,11290-19,한신,,132.96,9,1998,55000,2017-12-07,,,,,,
성북구,11290,13600,하월곡동,88-510,11290-4041,삼전솔하임3차,,15.55,18,2013,13500,2017-12-01,,,,,,
성북구,11290,13900,석관동,10,11290-74,두산,,59.97,25,1998,38500,2017-12-14,,,,,,
성북구,11290,13300,정릉동,1019,11290-43,정릉성원상떼빌,,59.94,7,2000,28500,2017-12-22,,,,,,
성북구,11290,10300,돈암동,609-1,11290-20,한진(609-1),,84.87,5,1998,42800,2017-12-09,,,,,,
성북구,11290,13400,길음동,1278,11290-56,길음동동부센트레빌(1278-0),,114.912,1,2003,50000,2017-12-23,,,,,,
성북구,11290,13300,정릉동,239,11290-82,정릉풍림아이원,,84.09,3,2005,39000,2017-12-16,,,,,,
성북구,11290,10300,돈암동,609-1,11290-20,한진(609-1),,59.58,7,1998,33000,2017-12-09,,,,,,
성북구,11290,13500,종암동,80,11290-84,래미안크리시엘,,84.95,19,2004,47800,2017-12-06,,,,,,
성북구,11290,13800,장위동,312,11290-72,우방아파트,,59.98,6,2001,29900,2017-12-04,,,,,,
성북구,11290,13500,종암동,133,11290-3786,래미안세레니티,,59.97,6,2009,46700,2017-12-31,,,,,,
성북구,11290,10300,돈암동,609-1,11290-19,한신,,84.87,5,1998,49900,2017-12-10,,,,,,
성북구,11290,10300,돈암동,609-1,11290-20,한진(609-1),,84.87,17,1998,44500,2017-12-09,,,,,,
성북구,11290,13300,정릉동,1035,11290-3763,정릉2차e-편한세상,,114.35,9,2009,60000,2017-12-30,,,,,,
성북구,11290,13600,하월곡동,225,11290-3492,래미안월곡,,84.589,8,2006,53000,2017-12-09,,,,,,
성북구,11290,13400,길음동,1286,11290-3825,길음뉴타운9단지(래미안),,84.96,16,2010,62800,2017-12-02,,,,,,
성북구,11290,13400,길음동,1278,11290-56,길음동동부센트레빌(1278-0),,84.844,1,2003,45500,2017-12-16,,,,,,
성북구,11290,12600,보문동4가,116,11290-3876,보문하우스토리,,82.028,10,2011,49000,2017-12-18,,,,,,
성북구,11290,13500,종암동,80,11290-84,래미안크리시엘,,114.98,7,2004,53900,2017-12-02,,,,,,
성북구,11290,10300,돈암동,633,11290-22,동부센트레빌,,80.54,9,2003,48700,2017-12-19,,,,,,
성북구,11290,13200,보문동3가,230,11290-4074,이편한세상보문,,84.904,14,2013,59900,2017-12-11,,,,,,
성북구,11290,13300,정릉동,1035,11290-3763,정릉2차e-편한세상,,114.35,4,2009,57500,2017-12-16,,,,,,
성북구,11290,10300,돈암동,636,11290-116,이수브라운스톤돈암,,59.99,11,2004,44000,2017-12-25,,,,,,
성북구,11290,13600,하월곡동,225,11290-3492,래미안월곡,,84.589,8,2006,50000,2017-12-16,,,,,,
성북구,11290,13200,보문동3가,2,11290-81,현대I-PARK,,84.3,1,2003,54000,2017-12-07,,,,,,
성북구,11290,13500,종암동,80,11290-84,래미안크리시엘,,59.99,10,2004,38950,2017-12-23,,,,,,
성북구,11290,13300,정릉동,1030,11290-3534,정릉힐스테이트1차,,84.853,8,2007,45400,2017-12-04,,,,,,
성북구,11290,13900,석관동,405,11290-77,코오롱,,59.94,9,1999,32600,2017-12-07,,,,,,
성북구,11290,10300,돈암동,636,11290-116,이수브라운스톤돈암,,84.97,7,2004,53000,2017-12-09,,,,,,
성북구,11290,10300,돈암동,552-9,11290-3530,삼성아지오아파트,,85,2,2007,31000,2017-12-01,,,,,,
성북구,11290,11200,삼선동2가,425,11290-3576,삼선푸르지오,,84.83,12,2008,51000,2017-12-09,,,,,,
성북구,11290,10300,돈암동,15-1,11290-17,돈암동삼성,,59.4,18,1999,35500,2017-12-16,,,,,,
성북구,11290,13500,종암동,132,11290-3624,우림카이저팰리스,,84.98,6,2008,43800,2017-12-18,,,,,,
성북구,11290,13300,정릉동,1018,11290-53,길음뉴타운데시앙,,59.42,12,1999,29900,2017-12-22,,,,,,
성북구,11290,10300,돈암동,639,11290-3519,돈암힐스테이트,,84.74,3,2007,49300,2017-12-18,,,,,,
성북구,11290,13400,길음동,1278,11290-56,길음동동부센트레빌(1278-0),,84.844,14,2003,52800,2017-12-28,,,,,,
성북구,11290,13300,정릉동,1018,11290-53,길음뉴타운데시앙,,59.42,7,1999,28000,2017-12-01,,,,,,
성북구,11290,10300,돈암동,1,11290-21,돈암현대아파트,,41.58,13,1991,25700,2017-12-05,,,,,,
성북구,11290,13400,길음동,1280,11290-210,길음뉴타운2단지푸르지오,,84.97,6,2005,46500,2017-12-15,,,,,,
성북구,11290,13900,석관동,10,11290-74,두산,,59.97,4,1998,40500,2017-12-18,,,,,,
성북구,11290,13200,보문동3가,230,11290-4074,이편한세상보문,,84.774,12,2013,59000,2017-12-02,,,,,,
성북구,11290,13400,길음동,1281,11290-212,길음뉴타운4단지(e편한세상),,59.97,4,2005,44500,2017-12-27,,,,,,
성북구,11290,13900,석관동,10,11290-74,두산,,134.97,3,1998,52000,2017-12-09,,,,,,
성북구,11290,13400,길음동,1276,11290-57,삼부컨비니언,,59.94,11,1998,33950,2017-12-12,,,,,,
성북구,11290,10300,돈암동,603,11290-3475,돈암동더샵아파트,,84.817,1,2006,41500,2017-12-22,,,,,,
성북구,11290,10300,돈암동,642,11290-3980,돈암동해피트리,,84.98,1,2013,50000,2017-12-22,,,,,,
성북구,11290,13400,길음동,1286,11290-3825,길음뉴타운9단지(래미안),,59.92,19,2010,52500,2017-12-02,,,,,,
성북구,11290,13500,종암동,131,11290-3379,아이파크종암동2차,,114.698,10,2005,63500,2017-12-09,,,,,,
성북구,11290,13500,종암동,80,11290-84,래미안크리시엘,,84.95,11,2004,47500,2017-12-08,,,,,,
성북구,11290,13400,길음동,1276,11290-57,삼부컨비니언,,59.94,9,1998,34000,2017-12-27,,,,,,
성북구,11290,13600,하월곡동,222,11290-88,월곡두산위브,,59.855,4,2003,38300,2017-12-02,,,,,,
성북구,11290,13900,석관동,110-2,11290-76,중앙하이츠,,59.79,11,1994,31000,2017-12-20,,,,,,
성북구,11290,10300,돈암동,632,11290-18,돈암동 풍림아파트 101~105동,,59.64,5,1999,33000,2017-12-21,,,,,,
성북구,11290,13400,길음동,1281,11290-212,길음뉴타운4단지(e편한세상),,84.64,17,2005,55000,2017-12-01,,,,,,
성북구,11290,13400,길음동,1279,11290-60,길음뉴타운1단지(래미안길음1차),,59.99,3,2003,44300,2017-12-23,,,,,,
성북구,11290,13400,길음동,1286,11290-3825,길음뉴타운9단지(래미안),,59.98,23,2010,51500,2017-12-20,,,,,,
성북구,11290,13600,하월곡동,219,11290-67,동신,,59.88,11,1998,32500,2017-12-27,,,,,,
성북구,11290,13300,정릉동,1035,11290-3763,정릉2차e-편한세상,,114.96,1,2009,56000,2017-12-02,,,,,,
성북구,11290,12300,안암동3가,136-1,11290-32,대광,,54.88,6,1971,12800,2017-12-23,,,,,,
성북구,11290,13400,길음동,1279,11290-60,길음뉴타운1단지(래미안길음1차),,84.96,20,2003,50000,2017-12-05,,,,,,
성북구,11290,13400,길음동,1280,11290-210,길음뉴타운2단지푸르지오,,84.97,16,2005,45800,2017-12-23,,,,,,
성북구,11290,13400,길음동,1281,11290-212,길음뉴타운4단지(e편한세상),,84.64,3,2005,51500,2017-12-25,,,,,,
성북구,11290,13400,길음동,1280,11290-210,길음뉴타운2단지푸르지오,,84.97,6,2005,47800,2017-12-09,,,,,,
성북구,11290,13600,하월곡동,88-510,11290-4041,삼전솔하임3차,,15.62,18,2013,13700,2017-12-23,,,,,,
성북구,11290,13500,종암동,131,11290-3379,아이파크종암동2차,,59.675,6,2005,43500,2017-12-19,,,,,,
성북구,11290,13600,하월곡동,225,11290-3492,래미안월곡,,84.589,11,2006,51800,2017-12-17,,,,,,
성북구,11290,13400,길음동,1280,11290-210,길음뉴타운2단지푸르지오,,59.99,13,2005,39300,2017-12-18,,,,,,
성북구,11290,13400,길음동,1284,11290-3807,길음뉴타운8단지(래미안),,84.82,1,2010,58000,2017-12-15,,,,,,
성북구,11290,13400,길음동,1281,11290-212,길음뉴타운4단지(e편한세상),,59.97,10,2005,44200,2017-12-15,,,,,,
성북구,11290,10300,돈암동,636,11290-116,이수브라운스톤돈암,,59.99,1,2004,44800,2017-12-09,,,,,,
성북구,11290,10300,돈암동,636,11290-116,이수브라운스톤돈암,,59.99,5,2004,44000,2017-12-08,,,,,,
성북구,11290,13400,길음동,1280-1,11290-211,길음뉴타운3단지푸르지오,,59.99,12,2005,39500,2017-12-09,,,,,,
성북구,11290,13400,길음동,1280,11290-210,길음뉴타운2단지푸르지오,,84.97,15,2005,46000,2017-12-13,,,,,,
성북구,11290,13400,길음동,1284,11290-3807,길음뉴타운8단지(래미안),,59.99,18,2010,53000,2017-12-21,,,,,,
성북구,11290,12800,보문동6가,36-2,11290-35,아남,,84.9,11,1994,43000,2017-12-01,,,,,,
성북구,11290,13400,길음동,1276,11290-57,삼부컨비니언,,59.94,7,1998,34000,2017-12-15,,,,,,
성북구,11290,13400,길음동,1283,11290-3512,길음뉴타운6단지(래미안),,59.373,11,2007,51500,2017-12-21,,,,,,
성북구,11290,13900,석관동,10,11290-74,두산,,54.55,20,1998,34300,2017-12-05,,,,,,
성북구,11290,13300,정릉동,406,11290-3372,정릉푸르지오,,84.89,12,2005,45000,2017-12-20,,,,,,
성북구,11290,10300,돈암동,524,11290-204,일신건영휴먼빌아파트,,117.16,18,2005,48000,2017-12-18,,,,,,
성북구,11290,13400,길음동,1276,11290-57,삼부컨비니언,,111.71,7,1998,44300,2017-12-03,,,,,,
성북구,11290,13400,길음동,1284,11290-3807,길음뉴타운8단지(래미안),,84.82,15,2010,60000,2017-12-02,,,,,,
성북구,11290,13400,길음동,1284,11290-3807,길음뉴타운8단지(래미안),,114.98,4,2010,74000,2017-12-08,,,,,,
성북구,11290,13600,하월곡동,88-510,11290-4041,삼전솔하임3차,,15.55,17,2013,13650,2017-12-02,,,,,,
성북구,11290,10300,돈암동,609-1,11290-19,한신,,132.96,14,1998,55000,2017-12-05,,,,,,
성북구,11290,12800,보문동6가,36-2,11290-35,아남,,84.9,8,1994,21000,2017-12-18,,,,,,
성북구,11290,13500,종암동,104-1,11290-65,종암에스케이,,59.04,13,1999,33500,2017-12-07,,,,,,
성북구,11290,13600,하월곡동,229,11290-3859,길음서희스타힐스,,66.61,14,2011,38600,2017-12-02,,,,,,
성북구,11290,13400,길음동,1279,11290-60,길음뉴타운1단지(래미안길음1차),,59.99,13,2003,46000,2017-12-16,,,,,,
성북구,11290,13400,길음동,1278,11290-56,길음동동부센트레빌(1278-0),,59.998,4,2003,40500,2017-12-04,,,,,,
성북구,11290,13400,길음동,1280,11290-210,길음뉴타운2단지푸르지오,,84.97,16,2005,49000,2017-12-19,,,,,,
성북구,11290,10300,돈암동,609-1,11290-19,한신,,68.13,10,1998,37000,2017-12-08,,,,,,
성북구,11290,13400,길음동,1286,11290-3825,길음뉴타운9단지(래미안),,114.86,28,2010,71300,2017-12-09,,,,,,
성북구,11290,13300,정릉동,239,11290-82,정릉풍림아이원,,59.88,15,2005,29800,2017-12-15,,,,,,
성북구,11290,11200,삼선동2가,425,11290-3576,삼선푸르지오,,84.88,2,2008,51000,2017-12-09,,,,,,
성북구,11290,13600,하월곡동,218,11290-68,아남,,59.97,20,1996,20000,2017-12-01,,,,,,
성북구,11290,13600,하월곡동,228,11290-3794,꿈의숲푸르지오,,114.61,6,2010,56000,2017-12-14,,,,,,
성북구,11290,13600,하월곡동,226,11290-3572,월곡래미안루나밸리,,84.88,2,2007,53500,2017-12-14,,,,,,
성북구,11290,10300,돈암동,636,11290-116,이수브라운스톤돈암,,84.97,5,2004,53000,2017-12-09,,,,,,
성북구,11290,13600,하월곡동,225,11290-3492,래미안월곡,,84.589,12,2006,52500,2017-12-08,,,,,,
성북구,11290,13400,길음동,1280,11290-210,길음뉴타운2단지푸르지오,,84.97,15,2005,48000,2017-12-16,,,,,,
성북구,11290,13600,하월곡동,226,11290-3572,월곡래미안루나밸리,,59.98,4,2007,45500,2017-12-14,,,,,,
성북구,11290,10300,돈암동,609-1,11290-20,한진(609-1),,59.58,20,1998,32200,2017-12-05,,,,,,
성북구,11290,10900,동소문동6가,3-1,11290-4199,시티플레이스,,14.02,18,2015,20000,2017-12-16,,,,,,
성북구,11290,10300,돈암동,636,11290-116,이수브라운스톤돈암,,59.99,6,2004,43800,2017-12-13,,,,,,
성북구,11290,13700,상월곡동,101,11290-71,동아에코빌,,59.95,6,2003,34000,2017-12-08,,,,,,
성북구,11290,10300,돈암동,636,11290-116,이수브라운스톤돈암,,114.89,4,2004,62000,2017-12-03,,,,,,
성북구,11290,13600,하월곡동,219,11290-67,동신,,59.88,5,1998,32400,2017-12-04,,,,,,
성북구,11290,13400,길음동,1286,11290-3825,길음뉴타운9단지(래미안),,59.96,21,2010,52000,2017-12-13,,,,,,
성북구,11290,13600,하월곡동,90-1213,11290-85,창방트윈(A동),,83.07,4,2003,27000,2017-12-14,,,,,,
성북구,11290,13400,길음동,1283,11290-3512,길음뉴타운6단지(래미안),,84.049,2,2007,62000,2017-12-06,,,,,,
성북구,11290,13400,길음동,1282,11290-3511,길음뉴타운5단지(래미안),,84.96,10,2006,57300,2017-12-04,,,,,,
성북구,11290,13400,길음동,1284,11290-3807,길음뉴타운8단지(래미안),,59.99,4,2010,55000,2017-12-01,,,,,,
성북구,11290,13400,길음동,1278,11290-56,길음동동부센트레빌(1278-0),,84.844,10,2003,49300,2017-12-06,,,,,,
성북구,11290,13300,정릉동,406,11290-3372,정릉푸르지오,,84.89,19,2005,45000,2017-12-13,,,,,,
성북구,11290,13800,장위동,319,11290-4641,꿈의숲코오롱하늘채,,84.87,16,2017,56580,2017-12-06,,,,,,
성북구,11290,12100,안암동1가,361,11290-207,안암동삼성래미안,,84.8681,15,2005,50000,2017-12-03,,,,,,
성북구,11290,13400,길음동,1280,11290-210,길음뉴타운2단지푸르지오,,84.97,5,2005,46800,2017-12-02,,,,,,
성북구,11290,13300,정릉동,1015,11290-37,길음뉴타운경남아너스빌,,114.63,7,1999,45500,2017-12-12,,,,,,
성북구,11290,13400,길음동,1286,11290-3825,길음뉴타운9단지(래미안),,114.86,16,2010,73000,2017-12-11,,,,,,
성북구,11290,13400,길음동,1286,11290-3825,길음뉴타운9단지(래미안),,114.86,8,2010,71800,2017-12-04,,,,,,
성북구,11290,13400,길음동,1280,11290-210,길음뉴타운2단지푸르지오,,84.97,5,2005,46800,2017-12-07,,,,,,
성북구,11290,13400,길음동,1283,11290-3512,길음뉴타운6단지(래미안),,84.049,5,2007,59000,2017-12-06,,,,,,
성북구,11290,13400,길음동,1284,11290-3807,길음뉴타운8단지(래미안),,84.82,2,2010,57000,2017-12-01,,,,,,
성북구,11290,13800,장위동,317,11290-3719,꿈의숲대명루첸아파트,,84.843,17,2008,48000,2017-12-05,,,,,,
성북구,11290,10300,돈암동,639,11290-3519,돈암힐스테이트,,112.42,6,2007,56500,2017-12-02,,,,,,
성북구,11290,13400,길음동,1280,11290-210,길음뉴타운2단지푸르지오,,59.99,2,2005,38300,2017-12-06,,,,,,
성북구,11290,13300,정릉동,1035,11290-3763,정릉2차e-편한세상,,84.09,6,2009,51500,2017-12-02,,,,,,
성북구,11290,13600,하월곡동,225,11290-3492,래미안월곡,,59.754,8,2006,44000,2017-12-05,,,,,,
성북구,11290,10300,돈암동,642,11290-3980,돈암동해피트리,,84.98,2,2013,51000,2017-12-04,,,,,,
성북구,11290,10300,돈암동,642,11290-3980,돈암동해피트리,,84.98,10,2013,55000,2017-12-04,,,,,,
성북구,11290,13700,상월곡동,55-56,11290-70,우남푸르미아,,59.64,2,1994,28000,2017-12-04,,,,,,
성북구,11290,13300,정릉동,1018,11290-53,길음뉴타운데시앙,,59.42,2,1999,29800,2017-12-01,,,,,,
성북구,11290,13600,하월곡동,222,11290-88,월곡두산위브,,59.855,13,2003,39800,2017-12-02,,,,,,
강북구,11305,10200,번동,446-57,11305-4644,파크에비뉴,,12.36,10,2014,11000,2017-12-27,,,,,,
강북구,11305,10200,번동,446-57,11305-4644,파크에비뉴,,12.975,10,2014,11000,2017-12-27,,,,,,
강북구,11305,10200,번동,446-57,11305-4644,파크에비뉴,,13.715,10,2014,11000,2017-12-27,,,,,,
강북구,11305,10200,번동,446-57,11305-4644,파크에비뉴,,12.36,10,2014,11000,2017-12-27,,,,,,
강북구,11305,10200,번동,446-57,11305-4644,파크에비뉴,,12.36,9,2014,11000,2017-12-27,,,,,,
강북구,11305,10200,번동,446-57,11305-4644,파크에비뉴,,12.975,9,2014,11000,2017-12-27,,,,,,
강북구,11305,10200,번동,446-57,11305-4644,파크에비뉴,,13.715,9,2014,11000,2017-12-27,,,,,,
강북구,11305,10200,번동,446-57,11305-4644,파크에비뉴,,12.36,9,2014,11000,2017-12-27,,,,,,
강북구,11305,10200,번동,446-57,11305-4644,파크에비뉴,,12.36,8,2014,11000,2017-12-27,,,,,,
강북구,11305,10200,번동,446-57,11305-4644,파크에비뉴,,12.975,8,2014,11000,2017-12-27,,,,,,
강북구,11305,10200,번동,446-57,11305-4644,파크에비뉴,,13.715,8,2014,11000,2017-12-27,,,,,,
강북구,11305,10200,번동,446-57,11305-4644,파크에비뉴,,12.36,8,2014,11000,2017-12-27,,,,,,
강북구,11305,10200,번동,446-57,11305-4644,파크에비뉴,,12.36,7,2014,11000,2017-12-27,,,,,,
강북구,11305,10200,번동,446-57,11305-4644,파크에비뉴,,12.975,7,2014,11000,2017-12-27,,,,,,
강북구,11305,10200,번동,446-57,11305-4644,파크에비뉴,,13.715,7,2014,11000,2017-12-27,,,,,,
강북구,11305,10200,번동,446-57,11305-4644,파크에비뉴,,12.36,7,2014,11000,2017-12-27,,,,,,
강북구,11305,10200,번동,446-57,11305-4644,파크에비뉴,,12.36,6,2014,11000,2017-12-27,,,,,,
강북구,11305,10200,번동,446-57,11305-4644,파크에비뉴,,12.975,6,2014,11000,2017-12-27,,,,,,
강북구,11305,10200,번동,446-57,11305-4644,파크에비뉴,,13.715,6,2014,12000,2017-12-27,,,,,,
강북구,11305,10200,번동,446-57,11305-4644,파크에비뉴,,12.36,6,2014,12000,2017-12-27,,,,,,
강북구,11305,10200,번동,446-57,11305-4644,파크에비뉴,,12.36,5,2014,12000,2017-12-27,,,,,,
강북구,11305,10200,번동,446-57,11305-4644,파크에비뉴,,12.975,5,2014,12000,2017-12-27,,,,,,
강북구,11305,10200,번동,446-57,11305-4644,파크에비뉴,,13.715,5,2014,12000,2017-12-27,,,,,,
강북구,11305,10200,번동,446-57,11305-4644,파크에비뉴,,12.36,5,2014,12000,2017-12-27,,,,,,
강북구,11305,10200,번동,446-57,11305-4644,파크에비뉴,,12.36,4,2014,12000,2017-12-27,,,,,,
강북구,11305,10200,번동,446-57,11305-4644,파크에비뉴,,12.975,4,2014,12000,2017-12-27,,,,,,
강북구,11305,10100,미아동,1356,11305-47,경남아너스빌(1356-0),,84.873,16,2003,44000,2017-12-29,,,,,,
강북구,11305,10200,번동,242,11305-24,주공1단지,,41.3,9,1991,23250,2017-12-25,,,,,,
강북구,11305,10200,번동,242,11305-24,주공1단지,,41.3,15,1991,22900,2017-12-30,,,,,,
강북구,11305,10100,미아동,797,11305-3717,미아1차래미안,,59.9,2,2006,39400,2017-12-21,,,,,,
강북구,11305,10200,번동,760,11305-22,오동공원현대,,117.2775,3,2001,44000,2017-12-14,,,,,,
강북구,11305,10200,번동,760,11305-22,오동공원현대,,84.4405,17,2001,40500,2017-12-29,,,,,,
강북구,11305,10100,미아동,1353,11305-6,에스케이북한산시티,,114.85,7,2004,46000,2017-12-21,,,,,,
강북구,11305,10100,미아동,1353,11305-6,에스케이북한산시티,,84.76,2,2004,40750,2017-12-30,,,,,,
강북구,11305,10100,미아동,1354,11305-13,벽산라이브파크,,114.68,20,2004,48500,2017-12-30,,,,,,
강북구,11305,10100,미아동,1357,11305-46,삼각산아이원,,114.88,14,2003,50000,2017-12-22,,,,,,
강북구,11305,10400,우이동,1,11305-44,성원상떼빌,,71.78,14,1990,28800,2017-12-13,,,,,,
강북구,11305,10100,미아동,1357,11305-46,삼각산아이원,,84.705,19,2003,44500,2017-12-23,,,,,,
강북구,11305,10100,미아동,474,11305-3667,미아동부센트레빌,,84.93,10,2006,54000,2017-12-19,,,,,,
강북구,11305,10400,우이동,175,11305-59,북한산굿모닝,,77.71,5,2003,29000,2017-12-26,,,,,,
강북구,11305,10100,미아동,461,11305-4158,송천센트레빌,,59.818,13,2010,53000,2017-12-28,,,,,,
강북구,11305,10100,미아동,474,11305-3667,미아동부센트레빌,,114.82,5,2006,64600,2017-12-13,,,,,,
강북구,11305,10200,번동,242,11305-24,주공1단지,,41.3,4,1991,22300,2017-12-16,,,,,,
강북구,11305,10100,미아동,1353,11305-6,에스케이북한산시티,,84.92,17,2004,44500,2017-12-19,,,,,,
강북구,11305,10100,미아동,811,11305-4255,두산위브트레지움,,59.54,3,2011,42000,2017-12-23,,,,,,
강북구,11305,10100,미아동,1354,11305-13,벽산라이브파크,,114.68,3,2004,42800,2017-12-29,,,,,,
강북구,11305,10100,미아동,796,11305-3753,경남아너스빌,,84.9134,13,2008,45200,2017-12-19,,,,,,
강북구,11305,10200,번동,234,11305-25,주공4단지,,84.79,1,1991,35500,2017-12-13,,,,,,
강북구,11305,10300,수유동,730,11305-35,래미안수유,,59.88,7,2001,35700,2017-12-22,,,,,,
강북구,11305,10300,수유동,205,11305-33,수유벽산1차,,63.78,6,1993,31000,2017-12-08,,,,,,
강북구,11305,10100,미아동,811,11305-4255,두산위브트레지움,,84.92,6,2011,50000,2017-12-06,,,,,,
강북구,11305,10100,미아동,1357,11305-46,삼각산아이원,,84.705,1,2003,40300,2017-12-22,,,,,,
강북구,11305,10200,번동,191,11305-16,기산그린,,84.94,1,2000,30500,2017-12-23,,,,,,
강북구,11305,10100,미아동,1353,11305-6,에스케이북한산시티,,114.85,21,2004,46300,2017-12-15,,,,,,
강북구,11305,10200,번동,204,11305-20,신원,,59.96,10,2000,30300,2017-12-29,,,,,,
강북구,11305,10100,미아동,796,11305-3753,경남아너스빌,,84.9134,15,2008,44200,2017-12-11,,,,,,
강북구,11305,10100,미아동,811,11305-4255,두산위브트레지움,,84.99,11,2011,46800,2017-12-20,,,,,,
강북구,11305,10100,미아동,813,11305-4123,래미안트리베라1단지,,84.97,5,2010,51500,2017-12-12,,,,,,
강북구,11305,10100,미아동,1354,11305-13,벽산라이브파크,,60,7,2004,33500,2017-12-16,,,,,,
강북구,11305,10100,미아동,811,11305-4255,두산위브트레지움,,59.82,18,2011,43400,2017-12-18,,,,,,
강북구,11305,10100,미아동,813,11305-4123,래미안트리베라1단지,,84.97,20,2010,48900,2017-12-05,,,,,,
강북구,11305,10200,번동,234,11305-25,주공4단지,,76.51,13,1991,34800,2017-12-04,,,,,,
강북구,11305,10100,미아동,1353,11305-6,에스케이북한산시티,,84.92,4,2004,43000,2017-12-15,,,,,,
강북구,11305,10100,미아동,1353,11305-6,에스케이북한산시티,,59.98,2,2004,36500,2017-12-30,,,,,,
강북구,11305,10100,미아동,1354,11305-13,벽산라이브파크,,60,6,2004,33600,2017-12-02,,,,,,
강북구,11305,10300,수유동,205,11305-33,수유벽산1차,,122.58,3,1993,40500,2017-12-07,,,,,,
강북구,11305,10400,우이동,342,11305-43,대우,,84.93,2,2000,43000,2017-12-07,,,,,,
강북구,11305,10100,미아동,1353,11305-6,에스케이북한산시티,,59.98,16,2004,38400,2017-12-23,,,,,,
강북구,11305,10100,미아동,1353,11305-6,에스케이북한산시티,,84.92,6,2004,42300,2017-12-11,,,,,,
강북구,11305,10100,미아동,796,11305-3753,경남아너스빌,,84.9134,1,2008,39000,2017-12-06,,,,,,
강북구,11305,10100,미아동,1353,11305-6,에스케이북한산시티,,59.98,24,2004,37000,2017-12-16,,,,,,
강북구,11305,10100,미아동,1353,11305-6,에스케이북한산시티,,59.98,12,2004,37200,2017-12-06,,,,,,
강북구,11305,10100,미아동,1353,11305-6,에스케이북한산시티,,59.98,21,2004,38000,2017-12-13,,,,,,
강북구,11305,10100,미아동,1353,11305-6,에스케이북한산시티,,84.92,12,2004,43000,2017-12-15,,,,,,
강북구,11305,10100,미아동,813,11305-4123,래미안트리베라1단지,,84.97,5,2010,53200,2017-12-29,,,,,,
강북구,11305,10200,번동,234,11305-25,주공4단지,,44.89,13,1991,23000,2017-12-16,,,,,,
강북구,11305,10100,미아동,811,11305-4255,두산위브트레지움,,59.68,5,2011,40500,2017-12-11,,,,,,
강북구,11305,10100,미아동,813,11305-4123,래미안트리베라1단지,,84.97,20,2010,51500,2017-12-02,,,,,,
강북구,11305,10100,미아동,1358,11305-3672,신일해피트리,,59.27,9,2006,28000,2017-12-10,,,,,,
강북구,11305,10200,번동,139,11305-28,해모로아파트,,84.93,15,2003,38975,2017-12-12,,,,,,
강북구,11305,10200,번동,139,11305-28,해모로아파트,,59.98,19,2003,32900,2017-12-09,,,,,,
강북구,11305,10300,수유동,729,11305-38,수유현대,,84.51,14,2000,29800,2017-12-19,,,,,,
강북구,11305,10100,미아동,1353,11305-6,에스케이북한산시티,,59.98,10,2004,37400,2017-12-09,,,,,,
강북구,11305,10100,미아동,813,11305-4123,래미안트리베라1단지,,84.97,7,2010,50400,2017-12-11,,,,,,
강북구,11305,10100,미아동,1353,11305-6,에스케이북한산시티,,59.98,1,2004,32500,2017-12-07,,,,,,
강북구,11305,10200,번동,656,11305-15,번동금호어울림,,59.43,3,1998,27200,2017-12-23,,,,,,
강북구,11305,10200,번동,242,11305-24,주공1단지,,49.94,10,1991,29000,2017-12-28,,,,,,
강북구,11305,10200,번동,242,11305-24,주공1단지,,84.41,1,1991,38400,2017-12-02,,,,,,
강북구,11305,10100,미아동,1353,11305-6,에스케이북한산시티,,114.85,6,2004,47000,2017-12-22,,,,,,
강북구,11305,10100,미아동,1353,11305-6,에스케이북한산시티,,84.76,16,2004,43000,2017-12-11,,,,,,
강북구,11305,10100,미아동,1357,11305-46,삼각산아이원,,84.705,12,2003,43000,2017-12-05,,,,,,
강북구,11305,10200,번동,136,11305-21,번동솔그린,,59.82,3,1999,26800,2017-12-30,,,,,,
강북구,11305,10100,미아동,1354,11305-13,벽산라이브파크,,114.68,9,2004,43500,2017-12-19,,,,,,
강북구,11305,10200,번동,234,11305-25,주공4단지,,41.3,13,1991,21500,2017-12-16,,,,,,
강북구,11305,10200,번동,242,11305-24,주공1단지,,41.3,1,1991,21800,2017-12-28,,,,,,
강북구,11305,10200,번동,242,11305-24,주공1단지,,41.3,1,1991,21500,2017-12-23,,,,,,
강북구,11305,10300,수유동,733,11305-4704,수유역하이씨티,,12.02,5,2014,10500,2017-12-26,,,,,,
강북구,11305,10200,번동,410,11305-4064,수유역두산위브1,,84.9909,1,2009,42600,2017-12-01,,,,,,
강북구,11305,10200,번동,204,11305-20,신원,,59.96,8,2000,27500,2017-12-02,,,,,,
강북구,11305,10100,미아동,1357,11305-46,삼각산아이원,,59.758,1,2003,33500,2017-12-15,,,,,,
강북구,11305,10300,수유동,205,11305-33,수유벽산1차,,84.92,7,1993,41500,2017-12-15,,,,,,
강북구,11305,10100,미아동,1352,11305-4,미아신구,,84.9,6,2000,31000,2017-12-02,,,,,,
강북구,11305,10300,수유동,730,11305-35,래미안수유,,84.993,4,2001,46000,2017-12-16,,,,,,
강북구,11305,10300,수유동,730,11305-35,래미안수유,,114.78,9,2001,56000,2017-12-09,,,,,,
강북구,11305,10100,미아동,1354,11305-13,벽산라이브파크,,84.89,4,2004,39000,2017-12-01,,,,,,
강북구,11305,10100,미아동,1354,11305-13,벽산라이브파크,,84.89,7,2004,39900,2017-12-01,,,,,,
강북구,11305,10200,번동,411,11305-4065,수유역두산위브2,,84.9909,3,2009,45000,2017-12-24,,,,,,
강북구,11305,10100,미아동,1358,11305-3672,신일해피트리,,59.27,12,2006,28500,2017-12-19,,,,,,
강북구,11305,10100,미아동,1354,11305-13,벽산라이브파크,,114.68,6,2004,43200,2017-12-19,,,,,,
강북구,11305,10100,미아동,1354,11305-13,벽산라이브파크,,60,22,2004,31600,2017-12-20,,,,,,
강북구,11305,10100,미아동,198-36,11305-1,그린힐빌라트,,148.54,4,1995,48500,2017-12-26,,,,,,
강북구,11305,10200,번동,234,11305-25,주공4단지,,49.94,11,1991,27000,2017-12-23,,,,,,
강북구,11305,10100,미아동,796,11305-3753,경남아너스빌,,84.9134,1,2008,38600,2017-12-12,,,,,,
강북구,11305,10100,미아동,1356,11305-47,경남아너스빌(1356-0),,84.873,20,2003,44500,2017-12-09,,,,,,
강북구,11305,10100,미아동,1355,11305-14,미아한일유앤아이,,84.552,16,2002,39000,2017-12-28,,,,,,
강북구,11305,10100,미아동,258-732,11305-8,한일,,54.99,4,1990,18000,2017-12-05,,,,,,
강북구,11305,10100,미아동,258-732,11305-8,한일,,54.99,1,1990,21000,2017-12-11,,,,,,
강북구,11305,10100,미아동,1354,11305-13,벽산라이브파크,,84.89,9,2004,38500,2017-12-23,,,,,,
강북구,11305,10200,번동,411,11305-4065,수유역두산위브2,,84.9909,12,2009,48000,2017-12-22,,,,,,
강북구,11305,10100,미아동,1356,11305-47,경남아너스빌(1356-0),,84.873,7,2003,43500,2017-12-06,,,,,,
강북구,11305,10100,미아동,160-3,11305-4711,푸르지오시티,,18.6479,13,2014,14850,2017-12-26,,,,,,
강북구,11305,10100,미아동,160-3,11305-4711,푸르지오시티,,18.6479,9,2014,14500,2017-12-13,,,,,,
강북구,11305,10300,수유동,48-8,11305-5110,수유프리미어엠,,15.13,10,2016,11800,2017-12-13,,,,,,
강북구,11305,10100,미아동,813,11305-4123,래미안트리베라1단지,,84.97,3,2010,51000,2017-12-01,,,,,,
강북구,11305,10100,미아동,812,11305-4129,삼성래미안트리베라2단지,,113.89,23,2010,65500,2017-12-29,,,,,,
강북구,11305,10100,미아동,4,11305-5141,꿈의숲롯데캐슬,,84.98,9,2017,58900,2017-12-09,,,,,,
강북구,11305,10200,번동,139,11305-28,해모로아파트,,84.93,14,2003,38500,2017-12-23,,,,,,
강북구,11305,10300,수유동,730,11305-35,래미안수유,,84.993,6,2001,45000,2017-12-02,,,,,,
강북구,11305,10200,번동,133-1,11305-26,번동한양아파트,,84.67,13,1992,34000,2017-12-14,,,,,,
강북구,11305,10200,번동,191,11305-16,기산그린,,59.94,19,2000,25300,2017-12-09,,,,,,
강북구,11305,10200,번동,242,11305-24,주공1단지,,41.3,12,1991,22500,2017-12-01,,,,,,
강북구,11305,10300,수유동,733,11305-4704,수유역하이씨티,,12.01,11,2014,8600,2017-12-22,,,,,,
강북구,11305,10100,미아동,160-3,11305-4711,푸르지오시티,,18.6479,19,2014,15000,2017-12-22,,,,,,
강북구,11305,10100,미아동,1356,11305-47,경남아너스빌(1356-0),,114.922,13,2003,49500,2017-12-16,,,,,,
강북구,11305,10100,미아동,190-2,11305-9,현대(190-2),,84.91,4,1992,38300,2017-12-15,,,,,,
강북구,11305,10200,번동,136,11305-21,번동솔그린,,84.6,19,1999,33000,2017-12-03,,,,,,
강북구,11305,10200,번동,656,11305-15,번동금호어울림,,59.43,14,1998,29700,2017-12-16,,,,,,
강북구,11305,10100,미아동,152,11305-7,요진,,84.85,10,2005,29500,2017-12-21,,,,,,
강북구,11305,10100,미아동,160-3,11305-4711,푸르지오시티,,18.6479,11,2014,14900,2017-12-09,,,,,,
강북구,11305,10100,미아동,1354,11305-13,벽산라이브파크,,59.67,24,2004,31000,2017-12-20,,,,,,
강북구,11305,10100,미아동,1356,11305-47,경남아너스빌(1356-0),,84.873,5,2003,41500,2017-12-18,,,,,,
강북구,11305,10100,미아동,1353,11305-6,에스케이북한산시티,,59.98,6,2004,36400,2017-12-16,,,,,,
강북구,11305,10100,미아동,461,11305-4158,송천센트레빌,,114.475,14,2010,72250,2017-12-02,,,,,,
강북구,11305,10200,번동,133-1,11305-26,번동한양아파트,,84.67,6,1992,33500,2017-12-06,,,,,,
강북구,11305,10100,미아동,1353,11305-6,에스케이북한산시티,,84.71,4,2004,41500,2017-12-02,,,,,,
강북구,11305,10100,미아동,1356,11305-47,경남아너스빌(1356-0),,84.873,14,2003,44000,2017-12-01,,,,,,
강북구,11305,10100,미아동,160-3,11305-4711,푸르지오시티,,18.6479,16,2014,15000,2017-12-04,,,,,,
강북구,11305,10100,미아동,160-3,11305-4711,푸르지오시티,,18.6479,18,2014,14950,2017-12-04,,,,,,
강북구,11305,10200,번동,242,11305-24,주공1단지,,41.3,13,1991,22900,2017-12-08,,,,,,
강북구,11305,10300,수유동,205,11305-33,수유벽산1차,,122.58,1,1993,38300,2017-12-05,,,,,,
강북구,11305,10300,수유동,48-8,11305-5110,수유프리미어엠,,19,8,2016,13100,2017-12-04,,,,,,
강북구,11305,10200,번동,658,11305-27,한진,,59.91,12,2000,29500,2017-12-02,,,,,,
강북구,11305,10200,번동,118-15,11305-3705,꿈의숲수림채,,112.29,5,2006,39000,2017-12-01,,,,,,
도봉구,11320,10700,창동,808,11320-57,동아청솔,,84.97,5,1997,52400,2017-12-29,,,,,,
도봉구,11320,10700,창동,810,11320-62,신창,,59.4,2,1998,22000,2017-12-26,,,,,,
도봉구,11320,10700,창동,305,11320-96,창동주공1단지,,49.94,10,1990,32200,2017-12-26,,,,,,
도봉구,11320,10700,창동,316,11320-97,창동주공2단지,,41.3,8,1990,26800,2017-12-29,,,,,,
도봉구,11320,10800,도봉동,641,11320-83,서원,,49.77,9,1996,23000,2017-12-04,,,,,,
도봉구,11320,10800,도봉동,30-1,11320-86,한신,,84.94,10,1995,33900,2017-12-27,,,,,,
도봉구,11320,10600,방학동,715-12,11320-48,방학동삼성래미안2,,84.937,4,2002,49000,2017-12-29,,,,,,
도봉구,11320,10700,창동,27,11320-101,주공19단지(창동리버타운),,59.39,9,1988,37850,2017-12-29,,,,,,
도봉구,11320,10600,방학동,274,11320-39,삼익세라믹아파트,,84.96,5,1988,32300,2017-12-15,,,,,,
도봉구,11320,10800,도봉동,656,11320-2351,양우내안애,,84.92,7,2005,35500,2017-12-17,,,,,,
도봉구,11320,10500,쌍문동,59,11320-21,한양2,,59.67,12,1988,23150,2017-12-01,,,,,,
도봉구,11320,10500,쌍문동,73,11320-1,경남,,44.5,5,1988,16000,2017-12-28,,,,,,
도봉구,11320,10800,도봉동,30-1,11320-86,한신,,84.94,16,1995,36900,2017-12-26,,,,,,
도봉구,11320,10700,창동,316,11320-97,창동주공2단지,,49.94,15,1990,32500,2017-12-26,,,,,,
도봉구,11320,10700,창동,815,11320-66,창동2차현대,,84.504,16,2001,43800,2017-12-22,,,,,,
도봉구,11320,10800,도봉동,87,11320-80,삼환도봉,,73.89,9,1987,31000,2017-12-23,,,,,,
도봉구,11320,10500,쌍문동,59,11320-21,한양2,,76.92,1,1988,27000,2017-12-20,,,,,,
도봉구,11320,10700,창동,743-15,11320-68,성원상떼빌,,59.75,15,2001,33000,2017-12-22,,,,,,
도봉구,11320,10700,창동,815,11320-66,창동2차현대,,95.633,15,2001,56000,2017-12-29,,,,,,
도봉구,11320,10700,창동,826,11320-2420,북한산한신휴플러스,,114.5534,20,2007,54000,2017-12-31,,,,,,
도봉구,11320,10600,방학동,734,11320-47,청구아파트,,84.97,5,1994,31300,2017-12-26,,,,,,
도봉구,11320,10500,쌍문동,729,11320-2399,브라운스톤쌍문,,59.9788,10,2006,35900,2017-12-25,,,,,,
도봉구,11320,10700,창동,38,11320-100,주공17단지,,41.3,4,1989,23000,2017-12-30,,,,,,
도봉구,11320,10600,방학동,508,11320-46,우성아파트2,,84.89,11,1993,30000,2017-12-18,,,,,,
도봉구,11320,10700,창동,27,11320-101,주공19단지(창동리버타운),,60.5,11,1988,39200,2017-12-28,,,,,,
도봉구,11320,10800,도봉동,655,11320-154,래미안도봉,,59.25,6,2005,37000,2017-12-30,,,,,,
도봉구,11320,10700,창동,27,11320-101,주공19단지(창동리버타운),,68.86,1,1988,39500,2017-12-27,,,,,,
도봉구,11320,10700,창동,316,11320-97,창동주공2단지,,36.16,6,1990,24000,2017-12-26,,,,,,
도봉구,11320,10700,창동,715-3,11320-2348,미소애,,45.466,6,2005,22400,2017-12-30,,,,,,
도봉구,11320,10700,창동,743-15,11320-68,성원상떼빌,,59.75,1,2001,30700,2017-12-16,,,,,,
도봉구,11320,10700,창동,824,11320-148,창동한승미메이드,,84.6865,12,2004,34800,2017-12-29,,,,,,
도봉구,11320,10500,쌍문동,158,11320-26,한양7,,84.93,4,1993,31500,2017-12-12,,,,,,
도봉구,11320,10500,쌍문동,388-33,11320-20,한양1,,66.33,7,1986,36500,2017-12-15,,,,,,
도봉구,11320,10700,창동,347,11320-98,창동주공3단지(해등마을),,49.94,4,1990,32900,2017-12-17,,,,,,
도봉구,11320,10700,창동,45,11320-58,삼성래미안,,73.92,2,1992,40800,2017-12-16,,,,,,
도봉구,11320,10600,방학동,274,11320-39,삼익세라믹아파트,,74.105,5,1988,26000,2017-12-06,,,,,,
도봉구,11320,10700,창동,825,11320-149,북한산아이파크5차,,165.1717,19,2004,75700,2017-12-15,,,,,,
도봉구,11320,10700,창동,816,11320-67,창동3차현대,,135.353,1,2001,51000,2017-12-11,,,,,,
도봉구,11320,10700,창동,743-15,11320-68,성원상떼빌,,59.75,10,2001,34600,2017-12-30,,,,,,
도봉구,11320,10700,창동,815,11320-66,창동2차현대,,95.633,5,2001,52000,2017-12-16,,,,,,
도봉구,11320,10600,방학동,274,11320-39,삼익세라믹아파트,,42.93,9,1988,19000,2017-12-27,,,,,,
도봉구,11320,10500,쌍문동,722,11320-17,염광,,59.91,3,1997,23000,2017-12-21,,,,,,
도봉구,11320,10700,창동,807,11320-63,쌍용,,59.88,3,1997,41000,2017-12-18,,,,,,
도봉구,11320,10700,창동,825,11320-149,북한산아이파크5차,,101.9176,19,2004,58000,2017-12-11,,,,,,
도봉구,11320,10700,창동,804,11320-53,대우,,59.86,12,1995,32800,2017-12-30,,,,,,
도봉구,11320,10700,창동,305,11320-96,창동주공1단지,,41.3,9,1990,25600,2017-12-19,,,,,,
도봉구,11320,10500,쌍문동,725,11320-32,쌍문동삼성래미안,,59.9899,12,2002,34500,2017-12-30,,,,,,
도봉구,11320,10700,창동,810,11320-62,신창,,59.4,10,1998,25500,2017-12-30,,,,,,
도봉구,11320,10700,창동,810,11320-62,신창,,59.4,1,1998,24000,2017-12-27,,,,,,
도봉구,11320,10700,창동,305,11320-96,창동주공1단지,,49.94,14,1990,31500,2017-12-22,,,,,,
도봉구,11320,10800,도봉동,641,11320-83,서원,,49.77,11,1996,22500,2017-12-23,,,,,,
도봉구,11320,10600,방학동,275,11320-38,벽산아파트1,,63.38,3,1991,25200,2017-12-21,,,,,,
도봉구,11320,10600,방학동,531,11320-91,신동아아파트2,,72.92,1,1992,28200,2017-12-18,,,,,,
도봉구,11320,10500,쌍문동,725,11320-32,쌍문동삼성래미안,,114.9396,10,2002,50000,2017-12-07,,,,,,
도봉구,11320,10500,쌍문동,53,11320-12,성원,,84.98,8,1989,30000,2017-12-07,,,,,,
도봉구,11320,10700,창동,807,11320-63,쌍용,,59.88,4,1997,43500,2017-12-13,,,,,,
도봉구,11320,10500,쌍문동,56,11320-11,삼익세라믹,,58.77,4,1988,26850,2017-12-27,,,,,,
도봉구,11320,10700,창동,807,11320-63,쌍용,,59.88,12,1997,40500,2017-12-04,,,,,,
도봉구,11320,10800,도봉동,655,11320-154,래미안도봉,,59.25,8,2005,36700,2017-12-19,,,,,,
도봉구,11320,10500,쌍문동,53,11320-12,성원,,71.78,9,1989,27700,2017-12-30,,,,,,
도봉구,11320,10600,방학동,274,11320-39,삼익세라믹아파트,,42.93,7,1988,19300,2017-12-13,,,,,,
도봉구,11320,10600,방학동,274,11320-39,삼익세라믹아파트,,58.77,13,1988,23200,2017-12-04,,,,,,
도봉구,11320,10500,쌍문동,388-33,11320-20,한양1,,79.2,2,1986,40900,2017-12-15,,,,,,
도봉구,11320,10700,창동,27,11320-101,주공19단지(창동리버타운),,59.39,14,1988,36500,2017-12-21,,,,,,
도봉구,11320,10700,창동,825,11320-149,북한산아이파크5차,,84.4516,14,2004,52200,2017-12-28,,,,,,
도봉구,11320,10500,쌍문동,54,11320-27,현대1,,84.66,5,1990,32700,2017-12-14,,,,,,
도봉구,11320,10700,창동,825,11320-149,북한산아이파크5차,,84.4516,20,2004,56500,2017-12-29,,,,,,
도봉구,11320,10700,창동,808,11320-57,동아청솔,,84.97,9,1997,50000,2017-12-28,,,,,,
도봉구,11320,10700,창동,38,11320-100,주공17단지,,36.16,7,1989,19500,2017-12-14,,,,,,
도봉구,11320,10700,창동,817,11320-147,수산트리플,,59.86,2,2004,31500,2017-12-18,,,,,,
도봉구,11320,10600,방학동,271-1,11320-42,신동아아파트1,,84.87,2,1986,30500,2017-12-20,,,,,,
도봉구,11320,10600,방학동,689,11320-2343,동부센트레빌아파트,,131.336,2,2005,49700,2017-12-14,,,,,,
도봉구,11320,10700,창동,30,11320-64,창동주공18단지,,45.77,5,1988,25000,2017-12-28,,,,,,
도봉구,11320,10700,창동,825,11320-149,북한산아이파크5차,,165.1717,6,2004,77000,2017-12-28,,,,,,
도봉구,11320,10700,창동,813,11320-70,현대조합,,59.91,10,2000,32750,2017-12-19,,,,,,
도봉구,11320,10800,도봉동,30-1,11320-86,한신,,84.94,1,1995,31700,2017-12-11,,,,,,
도봉구,11320,10600,방학동,271-1,11320-42,신동아아파트1,,62.22,13,1986,25000,2017-12-20,,,,,,
도봉구,11320,10600,방학동,720-1,11320-36,대상타운현대아파트,,164.15,21,2001,79500,2017-12-16,,,,,,
도봉구,11320,10500,쌍문동,195,11320-19,청구,,84.63,9,1996,37400,2017-12-20,,,,,,
도봉구,11320,10600,방학동,531,11320-91,신동아아파트2,,147.48,1,1992,42500,2017-12-04,,,,,,
도봉구,11320,10700,창동,373,11320-99,창동주공4단지,,36.16,1,1991,17400,2017-12-26,,,,,,
도봉구,11320,10600,방학동,716-1,11320-145,이에스에이아파트3,,84.87,6,2004,39000,2017-12-11,,,,,,
도봉구,11320,10600,방학동,715-12,11320-48,방학동삼성래미안2,,84.937,11,2002,52300,2017-12-18,,,,,,
도봉구,11320,10700,창동,30,11320-64,창동주공18단지,,45.77,11,1988,26000,2017-12-04,,,,,,
도봉구,11320,10700,창동,27,11320-101,주공19단지(창동리버타운),,90.94,15,1988,52000,2017-12-21,,,,,,
도봉구,11320,10500,쌍문동,56,11320-11,삼익세라믹,,40.11,6,1988,18500,2017-12-14,,,,,,
도봉구,11320,10700,창동,30,11320-64,창동주공18단지,,45.55,1,1988,24800,2017-12-30,,,,,,
도봉구,11320,10700,창동,815,11320-66,창동2차현대,,84.504,1,2001,41800,2017-12-30,,,,,,
도봉구,11320,10600,방학동,271-1,11320-42,신동아아파트1,,62.22,3,1986,22600,2017-12-28,,,,,,
도봉구,11320,10600,방학동,531,11320-91,신동아아파트2,,122.28,11,1992,43700,2017-12-18,,,,,,
도봉구,11320,10600,방학동,720-1,11320-36,대상타운현대아파트,,164.15,13,2001,80000,2017-12-18,,,,,,
도봉구,11320,10500,쌍문동,199-1,11320-90,금호1,,70.13,2,1990,29000,2017-12-11,,,,,,
도봉구,11320,10700,창동,38,11320-100,주공17단지,,36.16,15,1989,18000,2017-12-20,,,,,,
도봉구,11320,10600,방학동,531,11320-91,신동아아파트2,,84.82,6,1992,33000,2017-12-19,,,,,,
도봉구,11320,10500,쌍문동,730,11320-140,대우파크힐(쌍문동이안),,84.955,6,2004,39500,2017-12-23,,,,,,
도봉구,11320,10500,쌍문동,56,11320-11,삼익세라믹,,58.77,9,1988,25500,2017-12-30,,,,,,
도봉구,11320,10600,방학동,720-1,11320-36,대상타운현대아파트,,84.78,12,2001,50000,2017-12-02,,,,,,
도봉구,11320,10700,창동,347,11320-98,창동주공3단지(해등마을),,49.94,2,1990,32500,2017-12-11,,,,,,
도봉구,11320,10600,방학동,734,11320-47,청구아파트,,84.97,9,1994,32600,2017-12-04,,,,,,
도봉구,11320,10700,창동,811,11320-52,대동,,114.88,12,1999,38000,2017-12-15,,,,,,
도봉구,11320,10700,창동,45,11320-58,삼성래미안,,73.92,10,1992,43700,2017-12-02,,,,,,
도봉구,11320,10700,창동,347,11320-98,창동주공3단지(해등마을),,49.94,13,1990,31600,2017-12-08,,,,,,
도봉구,11320,10600,방학동,720-1,11320-36,대상타운현대아파트,,84.78,8,2001,50600,2017-12-01,,,,,,
도봉구,11320,10700,창동,38,11320-100,주공17단지,,36.16,2,1989,18500,2017-12-30,,,,,,
도봉구,11320,10800,도봉동,655,11320-154,래미안도봉,,59.25,2,2005,34800,2017-12-28,,,,,,
도봉구,11320,10700,창동,300,11320-102,상아2차아파트,,45.54,9,1988,27700,2017-12-29,,,,,,
도봉구,11320,10500,쌍문동,73,11320-1,경남,,44.5,8,1988,16200,2017-12-12,,,,,,
도봉구,11320,10700,창동,826,11320-2420,북한산한신휴플러스,,111.2248,22,2007,53500,2017-12-22,,,,,,
도봉구,11320,10800,도봉동,30-1,11320-86,한신,,84.94,10,1995,34500,2017-12-09,,,,,,
도봉구,11320,10600,방학동,701-15,11320-34,거성학마을아파트,,84.93,2,1994,32900,2017-12-04,,,,,,
도봉구,11320,10600,방학동,720-18,11320-49,방학동삼성래미안1,,84.937,14,2002,52000,2017-12-12,,,,,,
도봉구,11320,10700,창동,808,11320-57,동아청솔,,59.96,5,1997,39500,2017-12-02,,,,,,
도봉구,11320,10700,창동,805,11320-56,동아그린,,59.96,4,1996,37800,2017-12-02,,,,,,
도봉구,11320,10800,도봉동,657,11320-2704,한양수자인,,84.46,11,2010,35000,2017-12-16,,,,,,
도봉구,11320,10700,창동,316,11320-97,창동주공2단지,,36.16,2,1990,23000,2017-12-15,,,,,,
도봉구,11320,10700,창동,819,11320-112,태영데시앙,,84.995,5,2003,47400,2017-12-01,,,,,,
도봉구,11320,10700,창동,820,11320-113,창동신도브래뉴1차,,84.989,8,2003,48800,2017-12-04,,,,,,
도봉구,11320,10700,창동,808,11320-57,동아청솔,,84.97,8,1997,53000,2017-12-08,,,,,,
도봉구,11320,10700,창동,30,11320-64,창동주공18단지,,32.34,12,1988,18100,2017-12-25,,,,,,
도봉구,11320,10700,창동,27,11320-101,주공19단지(창동리버타운),,99.75,15,1988,52000,2017-12-30,,,,,,
도봉구,11320,10700,창동,27,11320-101,주공19단지(창동리버타운),,60.5,5,1988,39000,2017-12-01,,,,,,
도봉구,11320,10700,창동,38,11320-100,주공17단지,,41.3,13,1989,23000,2017-12-06,,,,,,
도봉구,11320,10700,창동,7,11320-3007,월가타워,,13.02,14,2013,7850,2017-12-19,,,,,,
도봉구,11320,10700,창동,300,11320-102,상아2차아파트,,58.59,7,1988,34700,2017-12-04,,,,,,
도봉구,11320,10700,창동,581-74,11320-301,청하아파트B동,,84.59,6,2005,27000,2017-12-08,,,,,,
도봉구,11320,10500,쌍문동,56,11320-11,삼익세라믹,,58.77,6,1988,25600,2017-12-19,,,,,,
도봉구,11320,10700,창동,373,11320-99,창동주공4단지,,41.3,9,1991,24900,2017-12-23,,,,,,
도봉구,11320,10500,쌍문동,728,11320-2342,북한산월드메르디앙,,82.69,1,2005,40000,2017-12-06,,,,,,
도봉구,11320,10800,도봉동,30-1,11320-86,한신,,84.94,6,1995,31000,2017-12-20,,,,,,
도봉구,11320,10600,방학동,720-1,11320-36,대상타운현대아파트,,133.97,3,2001,55700,2017-12-18,,,,,,
도봉구,11320,10600,방학동,689,11320-2343,동부센트레빌아파트,,84.983,14,2005,42000,2017-12-08,,,,,,
도봉구,11320,10500,쌍문동,719,11320-29,현대3,,84.08,10,1995,29000,2017-12-11,,,,,,
도봉구,11320,10700,창동,38,11320-100,주공17단지,,36.16,12,1989,19350,2017-12-11,,,,,,
도봉구,11320,10700,창동,45,11320-58,삼성래미안,,84.87,7,1992,48500,2017-12-05,,,,,,
도봉구,11320,10600,방학동,720-1,11320-36,대상타운현대아파트,,101.4,5,2001,56400,2017-12-02,,,,,,
도봉구,11320,10800,도봉동,655,11320-154,래미안도봉,,84.55,8,2005,42500,2017-12-02,,,,,,
도봉구,11320,10700,창동,808,11320-57,동아청솔,,84.97,1,1997,48700,2017-12-01,,,,,,
도봉구,11320,10700,창동,347,11320-98,창동주공3단지(해등마을),,79.07,5,1990,48000,2017-12-17,,,,,,
도봉구,11320,10700,창동,823,11320-110,금호어울림,,84.99,7,2004,51000,2017-12-26,,,,,,
도봉구,11320,10700,창동,662-103,11320-309,동일하이빌,,84.55,1,2001,26000,2017-12-30,,,,,,
도봉구,11320,10700,창동,825,11320-149,북한산아이파크5차,,84.4516,13,2004,53000,2017-12-13,,,,,,
도봉구,11320,10700,창동,820,11320-113,창동신도브래뉴1차,,84.989,22,2003,49500,2017-12-02,,,,,,
도봉구,11320,10700,창동,45,11320-58,삼성래미안,,73.92,20,1992,43700,2017-12-02,,,,,,
도봉구,11320,10700,창동,347,11320-98,창동주공3단지(해등마을),,49.94,10,1990,33200,2017-12-30,,,,,,
도봉구,11320,10600,방학동,271-1,11320-42,신동아아파트1,,84.87,2,1986,28500,2017-12-02,,,,,,
도봉구,11320,10700,창동,347,11320-98,창동주공3단지(해등마을),,41.3,7,1990,28500,2017-12-28,,,,,,
도봉구,11320,10800,도봉동,30-1,11320-86,한신,,84.94,14,1995,34500,2017-12-30,,,,,,
도봉구,11320,10600,방학동,734,11320-47,청구아파트,,84.97,14,1994,35000,2017-12-20,,,,,,
도봉구,11320,10800,도봉동,51-12,11320-150,중흥에스-클래스,,84.996,2,2004,33000,2017-12-13,,,,,,
도봉구,11320,10700,창동,825,11320-149,북한산아이파크5차,,165.1717,3,2004,72000,2017-12-05,,,,,,
도봉구,11320,10600,방학동,734,11320-47,청구아파트,,84.97,1,1994,31300,2017-12-14,,,,,,
도봉구,11320,10700,창동,825,11320-149,북한산아이파크5차,,84.4516,17,2004,52750,2017-12-05,,,,,,
도봉구,11320,10600,방학동,730,11320-35,극동아파트,,84.935,3,1993,30500,2017-12-07,,,,,,
도봉구,11320,10500,쌍문동,725,11320-32,쌍문동삼성래미안,,59.9899,2,2002,34000,2017-12-04,,,,,,
도봉구,11320,10700,창동,825,11320-149,북한산아이파크5차,,84.4516,11,2004,52500,2017-12-02,,,,,,
도봉구,11320,10500,쌍문동,199-1,11320-90,금호1,,36.36,15,1990,16300,2017-12-18,,,,,,
도봉구,11320,10500,쌍문동,59,11320-21,한양2,,35.1,1,1988,14900,2017-12-16,,,,,,
도봉구,11320,10700,창동,373,11320-99,창동주공4단지,,49.94,11,1991,27000,2017-12-15,,,,,,
도봉구,11320,10500,쌍문동,195,11320-19,청구,,84.63,15,1996,36800,2017-12-20,,,,,,
도봉구,11320,10500,쌍문동,56,11320-11,삼익세라믹,,40.11,9,1988,17700,2017-12-27,,,,,,
도봉구,11320,10700,창동,825,11320-149,북한산아이파크5차,,84.4516,16,2004,53900,2017-12-18,,,,,,
도봉구,11320,10700,창동,373,11320-99,창동주공4단지,,49.94,10,1991,27300,2017-12-30,,,,,,
도봉구,11320,10800,도봉동,595,11320-79,럭키,,84.86,2,1992,31800,2017-12-07,,,,,,
도봉구,11320,10800,도봉동,642,11320-87,현대성우,,84.39,11,1998,34000,2017-12-02,,,,,,
도봉구,11320,10800,도봉동,30-1,11320-86,한신,,84.94,10,1995,35870,2017-12-08,,,,,,
도봉구,11320,10700,창동,373,11320-99,창동주공4단지,,49.94,3,1991,25700,2017-12-07,,,,,,
도봉구,11320,10500,쌍문동,59,11320-21,한양2,,35.1,7,1988,16800,2017-12-05,,,,,,
도봉구,11320,10600,방학동,271-1,11320-42,신동아아파트1,,84.87,9,1986,31000,2017-12-13,,,,,,
도봉구,11320,10500,쌍문동,721,11320-2,극동아파트,,84.9,4,1996,31500,2017-12-16,,,,,,
도봉구,11320,10800,도봉동,30-1,11320-86,한신,,84.94,3,1995,32400,2017-12-07,,,,,,
도봉구,11320,10600,방학동,720-1,11320-36,대상타운현대아파트,,84.78,20,2001,50800,2017-12-06,,,,,,
도봉구,11320,10500,쌍문동,13-2,11320-7,대웅,,55.5,1,1989,19800,2017-12-12,,,,,,
도봉구,11320,10700,창동,804,11320-53,대우,,59.86,9,1995,31500,2017-12-11,,,,,,
도봉구,11320,10700,창동,808,11320-57,동아청솔,,59.76,19,1997,40900,2017-12-05,,,,,,
도봉구,11320,10500,쌍문동,199-1,11320-90,금호1,,70.13,7,1990,31500,2017-12-27,,,,,,
도봉구,11320,10500,쌍문동,56,11320-11,삼익세라믹,,42.93,5,1988,20050,2017-12-27,,,,,,
도봉구,11320,10600,방학동,720-1,11320-36,대상타운현대아파트,,164.15,17,2001,81500,2017-12-08,,,,,,
도봉구,11320,10600,방학동,720-1,11320-36,대상타운현대아파트,,84.78,21,2001,48000,2017-12-07,,,,,,
도봉구,11320,10500,쌍문동,199-1,11320-90,금호1,,70.13,1,1990,27600,2017-12-08,,,,,,
도봉구,11320,10700,창동,347,11320-98,창동주공3단지(해등마을),,41.3,6,1990,28000,2017-12-08,,,,,,
도봉구,11320,10500,쌍문동,53,11320-12,성원,,71.78,7,1989,28500,2017-12-02,,,,,,
도봉구,11320,10500,쌍문동,725,11320-32,쌍문동삼성래미안,,84.9383,6,2002,44000,2017-12-05,,,,,,
도봉구,11320,10800,도봉동,30-1,11320-86,한신,,84.94,1,1995,32000,2017-12-02,,,,,,
도봉구,11320,10500,쌍문동,산69-1,11320-4,금호2,,84.46,1,1991,31500,2017-12-20,,,,,,
도봉구,11320,10500,쌍문동,53,11320-12,성원,,84.98,12,1989,30500,2017-12-29,,,,,,
도봉구,11320,10700,창동,347,11320-98,창동주공3단지(해등마을),,49.94,13,1990,33300,2017-12-09,,,,,,
도봉구,11320,10700,창동,347,11320-98,창동주공3단지(해등마을),,45.77,3,1990,29900,2017-12-08,,,,,,
도봉구,11320,10700,창동,804,11320-53,대우,,84.88,14,1995,39900,2017-12-09,,,,,,
도봉구,11320,10700,창동,804,11320-53,대우,,59.86,16,1995,31600,2017-12-13,,,,,,
도봉구,11320,10700,창동,815,11320-66,창동2차현대,,59.499,16,2001,42000,2017-12-02,,,,,,
도봉구,11320,10700,창동,316,11320-97,창동주공2단지,,36.34,1,1990,24000,2017-12-27,,,,,,
도봉구,11320,10700,창동,347,11320-98,창동주공3단지(해등마을),,41.3,11,1990,28500,2017-12-16,,,,,,
도봉구,11320,10700,창동,347,11320-98,창동주공3단지(해등마을),,49.94,6,1990,34000,2017-12-02,,,,,,
도봉구,11320,10500,쌍문동,56,11320-11,삼익세라믹,,58.77,6,1988,25400,2017-12-07,,,,,,
도봉구,11320,10700,창동,38,11320-100,주공17단지,,36.16,12,1989,19000,2017-12-08,,,,,,
도봉구,11320,10700,창동,817,11320-147,수산트리플,,59.86,12,2004,32900,2017-12-08,,,,,,
도봉구,11320,10500,쌍문동,53,11320-12,성원,,71.78,10,1989,27000,2017-12-12,,,,,,
도봉구,11320,10700,창동,810,11320-62,신창,,39.6,7,1998,17500,2017-12-07,,,,,,
도봉구,11320,10800,도봉동,657,11320-2704,한양수자인,,84.99,15,2010,34900,2017-12-20,,,,,,
도봉구,11320,10500,쌍문동,724,11320-10,백조,,56.73,2,1981,20500,2017-12-04,,,,,,
도봉구,11320,10700,창동,38,11320-100,주공17단지,,36.34,14,1989,19000,2017-12-08,,,,,,
도봉구,11320,10700,창동,603-25,11320-302,"은성드림존101동,102동",,84.73,3,2003,25500,2017-12-20,,,,,,
도봉구,11320,10500,쌍문동,729,11320-2399,브라운스톤쌍문,,84.969,8,2006,42800,2017-12-01,,,,,,
도봉구,11320,10600,방학동,734,11320-47,청구아파트,,84.97,13,1994,32500,2017-12-22,,,,,,
도봉구,11320,10800,도봉동,30-1,11320-86,한신,,84.94,3,1995,32500,2017-12-16,,,,,,
도봉구,11320,10800,도봉동,641,11320-83,서원,,39.85,16,1996,19700,2017-12-16,,,,,,
도봉구,11320,10500,쌍문동,285-5,11320-8,동익미라벨,,65.42,13,1987,23750,2017-12-08,,,,,,
도봉구,11320,10800,도봉동,641,11320-83,서원,,59.51,3,1996,26400,2017-12-20,,,,,,
도봉구,11320,10800,도봉동,641,11320-83,서원,,49.77,3,1996,22500,2017-12-02,,,,,,
도봉구,11320,10500,쌍문동,732,11320-2999,북한산코오롱하늘채,,114.98,15,2014,59000,2017-12-20,,,,,,
도봉구,11320,10800,도봉동,641,11320-83,서원,,49.77,9,1996,22300,2017-12-18,,,,,,
도봉구,11320,10800,도봉동,641,11320-83,서원,,49.77,3,1996,23600,2017-12-21,,,,,,
도봉구,11320,10800,도봉동,30-1,11320-86,한신,,84.94,12,1995,32800,2017-12-16,,,,,,
도봉구,11320,10700,창동,804,11320-53,대우,,59.86,13,1995,32500,2017-12-04,,,,,,
도봉구,11320,10700,창동,820,11320-113,창동신도브래뉴1차,,84.989,20,2003,49000,2017-12-16,,,,,,
도봉구,11320,10500,쌍문동,199-1,11320-90,금호1,,54.48,15,1990,24000,2017-12-01,,,,,,
도봉구,11320,10500,쌍문동,73,11320-1,경남,,44.5,5,1988,16850,2017-12-02,,,,,,
도봉구,11320,10600,방학동,739,11320-50,효성하이타운아파트,,84.87,6,2002,35000,2017-12-13,,,,,,
도봉구,11320,10800,도봉동,657,11320-2704,한양수자인,,84.46,9,2010,35800,2017-12-16,,,,,,
도봉구,11320,10500,쌍문동,59-3,11320-24,한양5,,84.635,13,1991,33500,2017-12-11,,,,,,
도봉구,11320,10500,쌍문동,73,11320-1,경남,,44.5,5,1988,15000,2017-12-16,,,,,,
도봉구,11320,10500,쌍문동,195,11320-19,청구,,84.63,15,1996,34500,2017-12-13,,,,,,
도봉구,11320,10700,창동,815,11320-66,창동2차현대,,59.499,5,2001,39900,2017-12-07,,,,,,
도봉구,11320,10700,창동,316,11320-97,창동주공2단지,,41.3,15,1990,25800,2017-12-04,,,,,,
도봉구,11320,10500,쌍문동,732,11320-2999,북한산코오롱하늘채,,84.98,14,2014,47700,2017-12-08,,,,,,
도봉구,11320,10600,방학동,720-1,11320-36,대상타운현대아파트,,164.15,13,2001,70000,2017-12-07,,,,,,
도봉구,11320,10700,창동,7,11320-3007,월가타워,,13.09,10,2013,9700,2017-12-06,,,,,,
도봉구,11320,10500,쌍문동,56,11320-11,삼익세라믹,,58.77,14,1988,26000,2017-12-02,,,,,,
도봉구,11320,10600,방학동,716-5,11320-105,이에스에이아파트2,,124.66,11,2003,49000,2017-12-07,,,,,,
도봉구,11320,10700,창동,807,11320-63,쌍용,,84.76,11,1997,49700,2017-12-08,,,,,,
도봉구,11320,10600,방학동,508,11320-46,우성아파트2,,84.98,9,1993,37400,2017-12-02,,,,,,
도봉구,11320,10700,창동,819,11320-112,태영데시앙,,84.995,15,2003,49200,2017-12-05,,,,,,
노원구,11350,10200,월계동,949,11350-2140,꿈의숲SKVIEW,,59.92,16,2016,45500,2017-12-10,,,,,,
노원구,11350,10600,중계동,579,11350-131,화인상가,,59.88,5,1994,23000,2017-12-22,,,,,,
노원구,11350,10500,상계동,1304,11350-213,대망드림힐1,,67.239,10,2003,36900,2017-12-30,,,,,,
노원구,11350,10500,상계동,749-5,11350-38,상계주공4(고층),,32.39,3,1988,21500,2017-12-30,,,,,,
노원구,11350,10200,월계동,18,11350-133,한진한화그랑빌,,59.94,23,2002,41300,2017-12-19,,,,,,
노원구,11350,10400,하계동,251,11350-78,하계1청구,,84.6,3,1997,48000,2017-12-04,,,,,,
노원구,11350,10600,중계동,602,11350-1684,비콘드림힐(602),,84.985,4,2005,40000,2017-12-30,,,,,,
노원구,11350,10300,공릉동,109,11350-169,비선아파트,,48.6,3,1999,26900,2017-12-23,,,,,,
노원구,11350,10500,상계동,639,11350-202,보람아파트,,54.59,1,1988,27700,2017-12-30,,,,,,
노원구,11350,10400,하계동,271-3,11350-67,건영,,45.55,7,1988,25500,2017-12-23,,,,,,
노원구,11350,10200,월계동,923,11350-153,초안1,,59.85,2,1998,20800,2017-12-26,,,,,,
노원구,11350,10400,하계동,280,11350-69,미성,,84.94,5,1989,48000,2017-12-26,,,,,,
노원구,11350,10600,중계동,360-2,11350-125,청구3,,84.77,15,1996,60000,2017-12-28,,,,,,
노원구,11350,10600,중계동,360-2,11350-125,청구3,,84.77,13,1996,60000,2017-12-26,,,,,,
노원구,11350,10500,상계동,1282,11350-16,상계2차중앙하이츠,,59.82,11,1998,37000,2017-12-28,,,,,,
노원구,11350,10500,상계동,765,11350-29,상계주공1(고층),,58.01,6,1988,33000,2017-12-27,,,,,,
노원구,11350,10200,월계동,13,11350-140,미성,,33.28,1,1986,28500,2017-12-30,,,,,,
노원구,11350,10200,월계동,929,11350-156,현대,,114.99,24,2000,54800,2017-12-31,,,,,,
노원구,11350,10300,공릉동,108,11350-177,우방아파트,,61.151,8,2000,35500,2017-12-28,,,,,,
노원구,11350,10600,중계동,359-1,11350-114,주공5,,76.51,4,1992,51500,2017-12-29,,,,,,
노원구,11350,10500,상계동,720,11350-40,상계주공6(고층),,58.01,14,1988,42000,2017-12-30,,,,,,
노원구,11350,10600,중계동,361-1,11350-110,롯데우성,,115.26,9,1993,74500,2017-12-29,,,,,,
노원구,11350,10500,상계동,1312,11350-1825,수락리버시티3단지,,84.88,13,2009,42950,2017-12-27,,,,,,
노원구,11350,10500,상계동,1299,11350-59,양우,,86.6702,19,2002,41000,2017-12-28,,,,,,
노원구,11350,10600,중계동,502-1,11350-120,중계그린1단지,,39.92,10,1990,23000,2017-12-30,,,,,,
노원구,11350,10600,중계동,515-2,11350-87,건영2,,75.02,15,1991,38000,2017-12-30,,,,,,
노원구,11350,10600,중계동,502-1,11350-120,중계그린1단지,,49.5,7,1990,32400,2017-12-23,,,,,,
노원구,11350,10500,상계동,1312,11350-1825,수락리버시티3단지,,84.69,3,2009,39000,2017-12-29,,,,,,
노원구,11350,10500,상계동,1313,11350-1826,수락리버시티4단지,,59.9,5,2009,34500,2017-12-24,,,,,,
노원구,11350,10500,상계동,666,11350-30,상계주공10(고층),,49.94,14,1988,34200,2017-12-28,,,,,,
노원구,11350,10500,상계동,639,11350-202,보람아파트,,68.99,9,1988,35500,2017-12-29,,,,,,
노원구,11350,10600,중계동,587,11350-107,양지마을(대림)1,,114.96,14,1998,62500,2017-12-23,,,,,,
노원구,11350,10500,상계동,691,11350-41,상계주공7(고층),,45.9,6,1988,33000,2017-12-18,,,,,,
노원구,11350,10500,상계동,691,11350-41,상계주공7(고층),,41.3,4,1988,31000,2017-12-18,,,,,,
노원구,11350,10500,상계동,730-2,11350-37,상계주공3(고층),,58.01,4,1987,42500,2017-12-25,,,,,,
노원구,11350,10500,상계동,720,11350-40,상계주공6(고층),,49.94,12,1988,36900,2017-12-28,,,,,,
노원구,11350,10600,중계동,362-1,11350-117,주공8,,49.72,3,1993,28000,2017-12-29,,,,,,
노원구,11350,10500,상계동,720,11350-40,상계주공6(고층),,58.01,8,1988,43400,2017-12-18,,,,,,
노원구,11350,10600,중계동,445,11350-109,염광,,84.5,2,1996,41800,2017-12-28,,,,,,
노원구,11350,10500,상계동,639,11350-202,보람아파트,,68.99,8,1988,34500,2017-12-22,,,,,,
노원구,11350,10400,하계동,271-3,11350-68,극동,,55.72,3,1988,32400,2017-12-23,,,,,,
노원구,11350,10500,상계동,666,11350-30,상계주공10(고층),,45.9,7,1988,31000,2017-12-28,,,,,,
노원구,11350,10500,상계동,740,11350-36,상계주공2(고층),,60.5,9,1987,32000,2017-12-23,,,,,,
노원구,11350,10600,중계동,512,11350-102,중계무지개,,59.26,10,1991,35000,2017-12-18,,,,,,
노원구,11350,10600,중계동,598,11350-429,한화꿈에그린,,59.941,7,2005,39000,2017-12-30,,,,,,
노원구,11350,10300,공릉동,81,11350-182,태강아파트(아이파크),,49.6,7,1999,29000,2017-12-27,,,,,,
노원구,11350,10600,중계동,502-1,11350-120,중계그린1단지,,44.1,1,1990,27350,2017-12-26,,,,,,
노원구,11350,10600,중계동,590,11350-104,신안,,59.97,10,1999,40000,2017-12-16,,,,,,
노원구,11350,10600,중계동,360-2,11350-125,청구3,,84.77,2,1996,54500,2017-12-25,,,,,,
노원구,11350,10500,상계동,639,11350-202,보람아파트,,54.59,12,1988,27000,2017-12-27,,,,,,
노원구,11350,10500,상계동,639,11350-202,보람아파트,,44.33,9,1988,24000,2017-12-26,,,,,,
노원구,11350,10500,상계동,451,11350-47,한신2차,,45.92,1,1988,19300,2017-12-27,,,,,,
노원구,11350,10500,상계동,639,11350-11,보람2단지,,68.99,14,1988,35500,2017-12-16,,,,,,
노원구,11350,10500,상계동,135,11350-46,한신1차,,53.96,3,1987,23300,2017-12-14,,,,,,
노원구,11350,10500,상계동,730-2,11350-37,상계주공3(고층),,41.3,6,1987,33000,2017-12-28,,,,,,
노원구,11350,10200,월계동,939,11350-224,월계흥화브라운빌,,84.91,9,2004,37000,2017-12-25,,,,,,
노원구,11350,10600,중계동,366,11350-103,신동아(366),,115.35,5,1993,70000,2017-12-26,,,,,,
노원구,11350,10500,상계동,639,11350-202,보람아파트,,54.59,10,1988,30000,2017-12-30,,,,,,
노원구,11350,10500,상계동,765,11350-29,상계주공1(고층),,59.39,10,1988,33000,2017-12-27,,,,,,
노원구,11350,10500,상계동,1272,11350-23,수락현대,,84.74,1,1995,30150,2017-12-30,,,,,,
노원구,11350,10600,중계동,363-1,11350-116,주공7,,44.1,2,1993,21600,2017-12-30,,,,,,
노원구,11350,10600,중계동,580,11350-100,성원1,,84.78,19,1996,49900,2017-12-16,,,,,,
노원구,11350,10400,하계동,270,11350-85,현대,,71.68,15,1988,44300,2017-12-30,,,,,,
노원구,11350,10300,공릉동,109,11350-169,비선아파트,,59.97,11,1999,33400,2017-12-30,,,,,,
노원구,11350,10500,상계동,637,11350-33,상계주공13(고층),,49.94,4,1989,24200,2017-12-18,,,,,,
노원구,11350,10600,중계동,369,11350-112,주공2,,44.52,15,1992,21850,2017-12-30,,,,,,
노원구,11350,10300,공릉동,742,11350-188,효성아파트,,73.18,5,1995,35900,2017-12-29,,,,,,
노원구,11350,10200,월계동,13,11350-197,삼호3,,59.22,2,1986,38500,2017-12-27,,,,,,
노원구,11350,10200,월계동,320-11,11350-141,사슴3,,49.5,3,1995,26700,2017-12-18,,,,,,
노원구,11350,10500,상계동,720,11350-40,상계주공6(고층),,41.3,7,1988,32000,2017-12-29,,,,,,
노원구,11350,10500,상계동,626,11350-34,상계주공14(고층),,41.3,8,1989,25000,2017-12-30,,,,,,
노원구,11350,10500,상계동,647,11350-32,상계주공12(고층),,41.3,10,1988,25000,2017-12-30,,,,,,
노원구,11350,10600,중계동,512,11350-102,중계무지개,,49.54,12,1991,29950,2017-12-20,,,,,,
노원구,11350,10200,월계동,13,11350-140,미성,,50.14,12,1986,33700,2017-12-16,,,,,,
노원구,11350,10200,월계동,18,11350-133,한진한화그랑빌,,84.97,22,2002,53500,2017-12-28,,,,,,
노원구,11350,10600,중계동,360-16,11350-111,주공10,,58.14,5,1995,38000,2017-12-16,,,,,,
노원구,11350,10600,중계동,587,11350-107,양지마을(대림)1,,84.9,7,1998,51100,2017-12-09,,,,,,
노원구,11350,10500,상계동,1309,11350-249,한일유앤아이,,84.991,17,2005,51000,2017-12-30,,,,,,
노원구,11350,10200,월계동,12,11350-143,삼호4,,59.49,14,1987,36000,2017-12-16,,,,,,
노원구,11350,10300,공릉동,725,11350-183,풍림아파트A,,84.99,12,2001,48900,2017-12-29,,,,,,
노원구,11350,10600,중계동,369,11350-112,주공2,,44.52,14,1992,21500,2017-12-30,,,,,,
노원구,11350,10500,상계동,1255,11350-19,은빛1단지,,49.77,10,1998,27000,2017-12-30,,,,,,
노원구,11350,10300,공릉동,754,11350-235,삼익2차아파트,,83.409,14,2004,39500,2017-12-26,,,,,,
노원구,11350,10500,상계동,626,11350-34,상계주공14(고층),,49.94,4,1989,30000,2017-12-13,,,,,,
노원구,11350,10500,상계동,670,11350-43,상계주공9(고층),,61.52,8,1988,37800,2017-12-11,,,,,,
노원구,11350,10600,중계동,360-15,11350-88,건영3,,84.9,11,1995,62500,2017-12-30,,,,,,
노원구,11350,10500,상계동,720,11350-40,상계주공6(고층),,59.39,4,1988,38500,2017-12-15,,,,,,
노원구,11350,10200,월계동,13,11350-139,미륭,,51.48,12,1986,36000,2017-12-29,,,,,,
노원구,11350,10600,중계동,360-2,11350-125,청구3,,84.77,1,1996,59000,2017-12-16,,,,,,
노원구,11350,10500,상계동,1301,11350-66,상계대림e편한세상,,55.77,14,2002,29700,2017-12-21,,,,,,
노원구,11350,10300,공릉동,705,11350-166,동부아파트,,84.79,5,1996,36700,2017-12-26,,,,,,
노원구,11350,10200,월계동,780,11350-150,청백3,,49.77,15,1998,24300,2017-12-28,,,,,,
노원구,11350,10400,하계동,354,11350-80,학여울청구,,113.51,5,1999,56500,2017-12-21,,,,,,
노원구,11350,10500,상계동,1322,11350-2151,중계센트럴파크,,59.75,8,2016,44750,2017-12-17,,,,,,
노원구,11350,10500,상계동,765,11350-203,상계주공1(저층),,71.89,3,1988,38800,2017-12-14,,,,,,
노원구,11350,10600,중계동,515-2,11350-87,건영2,,84.96,9,1991,44800,2017-12-30,,,,,,
노원구,11350,10600,중계동,512,11350-102,중계무지개,,39.82,3,1991,24900,2017-12-26,,,,,,
노원구,11350,10500,상계동,720,11350-40,상계주공6(고층),,59.28,5,1988,42500,2017-12-28,,,,,,
노원구,11350,10500,상계동,1322,11350-2151,중계센트럴파크,,84.53,4,2016,52000,2017-12-17,,,,,,
노원구,11350,10500,상계동,173-1,11350-10,벽산,,59.9,9,1989,29000,2017-12-30,,,,,,
노원구,11350,10200,월계동,320-11,11350-141,사슴3,,39.6,15,1995,20100,2017-12-27,,,,,,
노원구,11350,10300,공릉동,590-1,11350-199,현대(고려)아파트,,59.28,12,1999,29300,2017-12-23,,,,,,
노원구,11350,10500,상계동,1269,11350-60,수락파크빌,,114.82,13,2001,57000,2017-12-23,,,,,,
노원구,11350,10500,상계동,1282,11350-16,상계2차중앙하이츠,,84.6,1,1998,44000,2017-12-25,,,,,,
노원구,11350,10600,중계동,361-1,11350-110,롯데우성,,115.26,10,1993,71300,2017-12-26,,,,,,
노원구,11350,10600,중계동,600,11350-428,극동의푸른별1차,,84.91,8,2005,38800,2017-12-16,,,,,,
노원구,11350,10600,중계동,580,11350-100,성원1,,84.78,22,1996,50400,2017-12-08,,,,,,
노원구,11350,10500,상계동,765,11350-29,상계주공1(고층),,58.01,8,1988,35950,2017-12-25,,,,,,
노원구,11350,10400,하계동,270,11350-75,우성,,127.22,15,1988,62000,2017-12-27,,,,,,
노원구,11350,10400,하계동,273,11350-72,장미(시영6),,65.33,7,1989,34000,2017-12-27,,,,,,
노원구,11350,10200,월계동,13,11350-140,미성,,50.14,6,1986,33800,2017-12-23,,,,,,
노원구,11350,10600,중계동,598,11350-429,한화꿈에그린,,84.902,2,2005,49500,2017-12-22,,,,,,
노원구,11350,10600,중계동,505,11350-96,롯데(505),,84.97,13,1989,48000,2017-12-26,,,,,,
노원구,11350,10200,월계동,929,11350-156,현대,,84.98,18,2000,48500,2017-12-26,,,,,,
노원구,11350,10200,월계동,13,11350-140,미성,,33.28,5,1986,27800,2017-12-05,,,,,,
노원구,11350,10600,중계동,366,11350-95,라이프,,115.65,5,1993,71500,2017-12-12,,,,,,
노원구,11350,10600,중계동,502-1,11350-120,중계그린1단지,,49.5,12,1990,29000,2017-12-22,,,,,,
노원구,11350,10200,월계동,947,11350-1734,롯데캐슬루나,,59.9927,3,2006,42500,2017-12-29,,,,,,
노원구,11350,10600,중계동,364,11350-105,동진신안,,134.74,7,1993,80500,2017-12-15,,,,,,
노원구,11350,10400,하계동,274,11350-73,청솔(시영7),,39.92,9,1989,23250,2017-12-11,,,,,,
노원구,11350,10500,상계동,1078,11350-52,현대2차,,82.68,11,1993,35500,2017-12-30,,,,,,
노원구,11350,10600,중계동,360-2,11350-125,청구3,,84.77,13,1996,67000,2017-12-19,,,,,,
노원구,11350,10300,공릉동,756,11350-237,신성미소지움아파트,,84.996,9,2004,40700,2017-12-30,,,,,,
노원구,11350,10500,상계동,1289,11350-17,상계불암대림,,59.22,9,2000,34000,2017-12-29,,,,,,
노원구,11350,10500,상계동,1295,11350-18,상계우방유쉘,,59.93,10,2000,31000,2017-12-20,,,,,,
노원구,11350,10600,중계동,366,11350-103,신동아(366),,115.35,8,1993,74500,2017-12-21,,,,,,
노원구,11350,10500,상계동,1256,11350-20,은빛2단지,,39.69,3,1998,22000,2017-12-09,,,,,,
노원구,11350,10400,하계동,256-5,11350-83,한신동성,,138.29,10,1993,62500,2017-12-15,,,,,,
노원구,11350,10200,월계동,13,11350-139,미륭,,51.48,10,1986,35000,2017-12-30,,,,,,
노원구,11350,10200,월계동,18,11350-133,한진한화그랑빌,,59.94,18,2002,41950,2017-12-31,,,,,,
노원구,11350,10600,중계동,606,11350-2072,한화꿈에그린TheFIRST,,59.98,13,2014,47500,2017-12-08,,,,,,
노원구,11350,10500,상계동,765,11350-29,상계주공1(고층),,32.39,1,1988,21500,2017-12-15,,,,,,
노원구,11350,10500,상계동,1308,11350-246,비콘드림힐2,,84.54,5,2005,40200,2017-12-15,,,,,,
노원구,11350,10600,중계동,602,11350-1684,비콘드림힐(602),,84.986,13,2005,43000,2017-12-13,,,,,,
노원구,11350,10200,월계동,13,11350-139,미륭,,51.48,6,1986,35400,2017-12-22,,,,,,
노원구,11350,10200,월계동,925,11350-135,대동,,59.76,5,1997,29800,2017-12-15,,,,,,
노원구,11350,10500,상계동,691,11350-41,상계주공7(고층),,45.9,3,1988,32500,2017-12-05,,,,,,
노원구,11350,10600,중계동,445,11350-109,염광,,84.5,8,1996,43000,2017-12-30,,,,,,
노원구,11350,10500,상계동,639,11350-202,보람아파트,,44.33,3,1988,24400,2017-12-08,,,,,,
노원구,11350,10400,하계동,354,11350-80,학여울청구,,113.51,10,1999,57700,2017-12-09,,,,,,
노원구,11350,10600,중계동,359-1,11350-114,주공5,,76.51,7,1992,49000,2017-12-16,,,,,,
노원구,11350,10600,중계동,577,11350-128,현대1(4차),,84.99,5,1993,38000,2017-12-09,,,,,,
노원구,11350,10500,상계동,1078,11350-52,현대2차,,69.26,3,1993,28000,2017-12-26,,,,,,
노원구,11350,10300,공릉동,90,11350-181,청솔아파트9,,84.99,2,2000,39500,2017-12-13,,,,,,
노원구,11350,10200,월계동,13,11350-140,미성,,50.14,2,1986,28000,2017-12-28,,,,,,
노원구,11350,10600,중계동,364,11350-105,동진신안,,101.99,8,1993,62000,2017-12-12,,,,,,
노원구,11350,10200,월계동,18,11350-133,한진한화그랑빌,,139.08,17,2002,59800,2017-12-04,,,,,,
노원구,11350,10500,상계동,695,11350-201,대림,,93.13,6,1988,56000,2017-12-04,,,,,,
노원구,11350,10400,하계동,288,11350-79,하계2현대,,84.51,4,1997,49900,2017-12-29,,,,,,
노원구,11350,10500,상계동,1305,11350-214,동양엔파트,,84.88,3,2003,52500,2017-12-13,,,,,,
노원구,11350,10600,중계동,360-15,11350-88,건영3,,84.9,6,1995,61700,2017-12-09,,,,,,
노원구,11350,10500,상계동,1256,11350-20,은빛2단지,,59.95,7,1998,32650,2017-12-04,,,,,,
노원구,11350,10200,월계동,926,11350-154,한일1,,59.953,14,1999,32600,2017-12-11,,,,,,
노원구,11350,10500,상계동,652,11350-31,상계주공11(고층),,58.01,13,1988,40300,2017-12-29,,,,,,
노원구,11350,10300,공릉동,748,11350-174,신도1차아파트,,72.8129,18,2002,42800,2017-12-29,,,,,,
노원구,11350,10500,상계동,639,11350-11,보람2단지,,79.25,2,1988,39000,2017-12-26,,,,,,
노원구,11350,10300,공릉동,91,11350-180,청솔아파트8,,84.83,2,2000,37900,2017-12-22,,,,,,
노원구,11350,10400,하계동,288,11350-79,하계2현대,,75.35,5,1997,44000,2017-12-30,,,,,,
노원구,11350,10400,하계동,288,11350-79,하계2현대,,84.896,14,1997,58000,2017-12-29,,,,,,
노원구,11350,10300,공릉동,746,11350-189,화랑해링턴플레이스아파트,,84.75,3,1999,40500,2017-12-04,,,,,,
노원구,11350,10200,월계동,924,11350-152,초안2,,59.85,8,1997,25000,2017-12-28,,,,,,
노원구,11350,10400,하계동,288,11350-79,하계2현대,,84.896,7,1997,57000,2017-12-27,,,,,,
노원구,11350,10500,상계동,670,11350-43,상계주공9(고층),,45.9,9,1988,26500,2017-12-07,,,,,,
노원구,11350,10500,상계동,670,11350-43,상계주공9(고층),,45.9,4,1988,26000,2017-12-06,,,,,,
노원구,11350,10500,상계동,652,11350-31,상계주공11(고층),,68.86,4,1988,45800,2017-12-23,,,,,,
노원구,11350,10600,중계동,364-12,11350-115,주공6,,44.1,12,1993,24500,2017-12-30,,,,,,
노원구,11350,10500,상계동,740,11350-36,상계주공2(고층),,60.5,6,1987,33600,2017-12-16,,,,,,
노원구,11350,10500,상계동,740,11350-206,상계주공2(저층),,59.18,4,1987,35600,2017-12-21,,,,,,
노원구,11350,10300,공릉동,707,11350-160,시영2단지(라이프)아파트,,34.44,3,1994,18200,2017-12-24,,,,,,
노원구,11350,10200,월계동,922,11350-144,서광,,84.61,8,1994,42900,2017-12-15,,,,,,
노원구,11350,10500,상계동,626,11350-34,상계주공14(고층),,90.94,6,1989,49800,2017-12-20,,,,,,
노원구,11350,10200,월계동,931,11350-223,장은하이빌,,81.8788,13,2002,40500,2017-12-14,,,,,,
노원구,11350,10500,상계동,1269,11350-60,수락파크빌,,84.83,10,2001,48200,2017-12-04,,,,,,
노원구,11350,10500,상계동,172,11350-5,상계대림,,84.91,11,1989,41000,2017-12-30,,,,,,
노원구,11350,10600,중계동,593,11350-97,삼성,,84.75,9,1999,46800,2017-12-11,,,,,,
노원구,11350,10600,중계동,359-1,11350-114,주공5,,84.79,12,1992,55900,2017-12-23,,,,,,
노원구,11350,10400,하계동,274,11350-73,청솔(시영7),,49.85,4,1989,27000,2017-12-16,,,,,,
노원구,11350,10600,중계동,502-1,11350-120,중계그린1단지,,49.5,1,1990,27500,2017-12-09,,,,,,
노원구,11350,10600,중계동,588,11350-108,양지마을(대림)2,,114.81,18,1999,58000,2017-12-01,,,,,,
노원구,11350,10500,상계동,720,11350-40,상계주공6(고층),,37.46,6,1988,31900,2017-12-16,,,,,,
노원구,11350,10200,월계동,947,11350-1734,롯데캐슬루나,,127.0318,8,2006,57000,2017-12-12,,,,,,
노원구,11350,10600,중계동,515-2,11350-87,건영2,,84.96,9,1991,42500,2017-12-13,,,,,,
노원구,11350,10600,중계동,366,11350-103,신동아(366),,115.35,10,1993,67700,2017-12-16,,,,,,
노원구,11350,10500,상계동,720,11350-40,상계주공6(고층),,49.94,8,1988,34000,2017-12-08,,,,,,
노원구,11350,10600,중계동,512,11350-102,중계무지개,,39.96,2,1991,23000,2017-12-09,,,,,,
노원구,11350,10600,중계동,515-2,11350-87,건영2,,84.96,15,1991,39000,2017-12-11,,,,,,
노원구,11350,10200,월계동,18,11350-133,한진한화그랑빌,,139.08,2,2002,56000,2017-12-26,,,,,,
노원구,11350,10600,중계동,445,11350-109,염광,,84.5,17,1996,45500,2017-12-01,,,,,,
노원구,11350,10500,상계동,749-5,11350-38,상계주공4(고층),,32.39,6,1988,22000,2017-12-13,,,,,,
노원구,11350,10300,공릉동,715,11350-173,시영3차(라이프)아파트,,34.44,13,1994,18450,2017-12-16,,,,,,
노원구,11350,10300,공릉동,670-7,11350-2141,67디벨리움,,17.27,13,2016,16900,2017-12-14,,,,,,
노원구,11350,10600,중계동,601,11350-1683,동도센트리움(601),,84.983,6,2005,51000,2017-12-11,,,,,,
노원구,11350,10500,상계동,730-2,11350-37,상계주공3(고층),,58.01,10,1987,40500,2017-12-08,,,,,,
노원구,11350,10200,월계동,13,11350-197,삼호3,,59.22,10,1986,40000,2017-12-02,,,,,,
노원구,11350,10500,상계동,720,11350-40,상계주공6(고층),,49.94,7,1988,34600,2017-12-11,,,,,,
노원구,11350,10200,월계동,18,11350-133,한진한화그랑빌,,84.97,9,2002,51000,2017-12-05,,,,,,
노원구,11350,10600,중계동,359-1,11350-114,주공5,,38.64,7,1992,20900,2017-12-27,,,,,,
노원구,11350,10200,월계동,13,11350-139,미륭,,51.48,8,1986,35000,2017-12-08,,,,,,
노원구,11350,10600,중계동,49,11350-130,현대그린,,84.99,2,1998,34500,2017-12-26,,,,,,
노원구,11350,10600,중계동,366,11350-103,신동아(366),,101.94,7,1993,63500,2017-12-15,,,,,,
노원구,11350,10200,월계동,18,11350-133,한진한화그랑빌,,84.97,21,2002,53900,2017-12-11,,,,,,
노원구,11350,10500,상계동,765,11350-29,상계주공1(고층),,41.3,7,1988,26000,2017-12-30,,,,,,
노원구,11350,10600,중계동,586,11350-89,LIG건영,,59.92,15,1998,30500,2017-12-27,,,,,,
노원구,11350,10200,월계동,13,11350-197,삼호3,,59.22,13,1986,42000,2017-12-19,,,,,,
노원구,11350,10300,공릉동,109,11350-169,비선아파트,,48.93,6,1999,27800,2017-12-29,,,,,,
노원구,11350,10600,중계동,366,11350-103,신동아(366),,115.35,11,1993,68000,2017-12-13,,,,,,
노원구,11350,10300,공릉동,404-3,11350-158,건영아파트,,59.94,1,1998,29000,2017-12-05,,,,,,
노원구,11350,10300,공릉동,737,11350-172,삼익포레스트아파트,,51.03,13,1995,25500,2017-12-04,,,,,,
노원구,11350,10600,중계동,360-2,11350-125,청구3,,84.77,6,1996,65500,2017-12-13,,,,,,
노원구,11350,10200,월계동,13,11350-197,삼호3,,59.22,10,1986,41800,2017-12-09,,,,,,
노원구,11350,10200,월계동,13,11350-140,미성,,50.14,4,1986,34400,2017-12-16,,,,,,
노원구,11350,10400,하계동,273,11350-72,장미(시영6),,43.41,10,1989,22900,2017-12-22,,,,,,
노원구,11350,10400,하계동,273,11350-72,장미(시영6),,43.41,2,1989,22350,2017-12-25,,,,,,
노원구,11350,10400,하계동,270,11350-85,현대,,84.95,12,1988,49000,2017-12-11,,,,,,
노원구,11350,10600,중계동,593,11350-97,삼성,,59.9,15,1999,29400,2017-12-29,,,,,,
노원구,11350,10400,하계동,271-3,11350-68,극동,,84.91,9,1988,46300,2017-12-11,,,,,,
노원구,11350,10200,월계동,13,11350-139,미륭,,51.48,2,1986,34500,2017-12-20,,,,,,
노원구,11350,10600,중계동,366,11350-103,신동아(366),,115.35,3,1993,67000,2017-12-16,,,,,,
노원구,11350,10500,상계동,721,11350-39,상계주공5(저층),,31.98,4,1987,33000,2017-12-29,,,,,,
노원구,11350,10600,중계동,445,11350-109,염광,,84.5,15,1996,45000,2017-12-19,,,,,,
노원구,11350,10500,상계동,1078,11350-52,현대2차,,69.26,13,1993,30000,2017-12-01,,,,,,
노원구,11350,10600,중계동,593,11350-97,삼성,,84.75,15,1999,45200,2017-12-23,,,,,,
노원구,11350,10400,하계동,273,11350-72,장미(시영6),,43.41,6,1989,23900,2017-12-05,,,,,,
노원구,11350,10500,상계동,730-2,11350-37,상계주공3(고층),,58.01,9,1987,42900,2017-12-23,,,,,,
노원구,11350,10600,중계동,361-1,11350-110,롯데우성,,115.26,8,1993,70500,2017-12-19,,,,,,
노원구,11350,10200,월계동,18,11350-133,한진한화그랑빌,,59.94,8,2002,42300,2017-12-28,,,,,,
노원구,11350,10500,상계동,626,11350-34,상계주공14(고층),,45.55,14,1989,24250,2017-12-09,,,,,,
노원구,11350,10600,중계동,360-2,11350-125,청구3,,84.77,15,1996,62500,2017-12-22,,,,,,
노원구,11350,10500,상계동,740,11350-36,상계주공2(고층),,60.5,7,1987,33200,2017-12-01,,,,,,
노원구,11350,10600,중계동,601,11350-1683,동도센트리움(601),,84.949,5,2005,47000,2017-12-13,,,,,,
노원구,11350,10500,상계동,1313,11350-1826,수락리버시티4단지,,84.69,2,2009,39800,2017-12-23,,,,,,
노원구,11350,10500,상계동,721,11350-39,상계주공5(저층),,31.98,3,1987,31000,2017-12-07,,,,,,
노원구,11350,10200,월계동,18,11350-133,한진한화그랑빌,,84.97,5,2002,49800,2017-12-18,,,,,,
노원구,11350,10400,하계동,271-3,11350-70,벽산,,70.56,3,1988,40500,2017-12-06,,,,,,
노원구,11350,10500,상계동,1285,11350-6,동아불암,,84.9,9,1999,40000,2017-12-15,,,,,,
노원구,11350,10500,상계동,721,11350-39,상계주공5(저층),,31.98,3,1987,32000,2017-12-27,,,,,,
노원구,11350,10600,중계동,366,11350-95,라이프,,115.65,10,1993,71000,2017-12-21,,,,,,
노원구,11350,10300,공릉동,109,11350-169,비선아파트,,48.6,12,1999,28300,2017-12-15,,,,,,
노원구,11350,10600,중계동,366,11350-103,신동아(366),,115.35,10,1993,73000,2017-12-09,,,,,,
노원구,11350,10500,상계동,670,11350-43,상계주공9(고층),,49.94,6,1988,31700,2017-12-06,,,,,,
노원구,11350,10500,상계동,1255,11350-19,은빛1단지,,59.92,7,1998,32000,2017-12-29,,,,,,
노원구,11350,10300,공릉동,109,11350-169,비선아파트,,48.93,11,1999,27800,2017-12-18,,,,,,
노원구,11350,10200,월계동,320-11,11350-141,사슴3,,39.6,8,1995,21500,2017-12-07,,,,,,
노원구,11350,10600,중계동,361-1,11350-110,롯데우성,,115.26,4,1993,67000,2017-12-30,,,,,,
노원구,11350,10200,월계동,320-11,11350-141,사슴3,,49.5,14,1995,26350,2017-12-04,,,,,,
노원구,11350,10500,상계동,624,11350-35,상계주공16(고층),,45.77,5,1988,24000,2017-12-25,,,,,,
노원구,11350,10600,중계동,360-16,11350-111,주공10,,58.14,9,1995,39000,2017-12-23,,,,,,
노원구,11350,10200,월계동,926,11350-154,한일1,,59.953,6,1999,33700,2017-12-02,,,,,,
노원구,11350,10500,상계동,624,11350-35,상계주공16(고층),,45.77,9,1988,24000,2017-12-25,,,,,,
노원구,11350,10500,상계동,694,11350-27,임광,,122.18,9,1989,63000,2017-12-18,,,,,,
노원구,11350,10300,공릉동,81,11350-182,태강아파트(아이파크),,49.6,9,1999,27000,2017-12-21,,,,,,
노원구,11350,10600,중계동,361-1,11350-110,롯데우성,,115.26,10,1993,73250,2017-12-20,,,,,,
노원구,11350,10300,공릉동,81,11350-182,태강아파트(아이파크),,49.6,3,1999,27200,2017-12-08,,,,,,
노원구,11350,10600,중계동,358-2,11350-113,주공4,,59.39,7,1991,34500,2017-12-16,,,,,,
노원구,11350,10600,중계동,588,11350-108,양지마을(대림)2,,114.81,5,1999,56200,2017-12-01,,,,,,
노원구,11350,10600,중계동,584-1,11350-98,삼창타워주상프라자,,58.07,8,1997,29300,2017-12-29,,,,,,
노원구,11350,10600,중계동,363,11350-92,대림벽산(363),,114.39,4,1993,71800,2017-12-16,,,,,,
노원구,11350,10600,중계동,590,11350-104,신안,,59.97,3,1999,38500,2017-12-11,,,,,,
노원구,11350,10300,공릉동,745,11350-167,동신아파트,,84.97,15,1999,44000,2017-12-21,,,,,,
노원구,11350,10200,월계동,556,11350-149,주공2,,44.52,15,1992,21900,2017-12-28,,,,,,
노원구,11350,10500,상계동,694,11350-27,임광,,106.25,4,1989,57400,2017-12-19,,,,,,
노원구,11350,10300,공릉동,753,11350-212,길성그랑프리텔아파트,,81.1088,10,2003,35400,2017-12-03,,,,,,
노원구,11350,10200,월계동,13,11350-140,미성,,50.14,11,1986,33800,2017-12-19,,,,,,
노원구,11350,10600,중계동,359-1,11350-114,주공5,,44.52,12,1992,26300,2017-12-30,,,,,,
노원구,11350,10500,상계동,691,11350-41,상계주공7(고층),,41.3,3,1988,30500,2017-12-03,,,,,,
노원구,11350,10200,월계동,947,11350-1734,롯데캐슬루나,,127.0318,8,2006,59300,2017-12-01,,,,,,
노원구,11350,10600,중계동,590,11350-104,신안,,59.97,15,1999,41200,2017-12-16,,,,,,
노원구,11350,10500,상계동,720,11350-40,상계주공6(고층),,49.94,4,1988,34000,2017-12-21,,,,,,
노원구,11350,10600,중계동,360-15,11350-88,건영3,,84.9,1,1995,55000,2017-12-09,,,,,,
노원구,11350,10300,공릉동,725,11350-183,풍림아파트A,,59.94,7,2001,38000,2017-12-21,,,,,,
노원구,11350,10500,상계동,730-2,11350-37,상계주공3(고층),,38,4,1987,36000,2017-12-29,,,,,,
노원구,11350,10600,중계동,435-1,11350-121,중계현대2,,84.36,2,1991,38000,2017-12-09,,,,,,
노원구,11350,10600,중계동,369,11350-112,주공2,,44.52,9,1992,21900,2017-12-26,,,,,,
노원구,11350,10500,상계동,730-2,11350-37,상계주공3(고층),,58.01,10,1987,43800,2017-12-15,,,,,,
노원구,11350,10500,상계동,691,11350-41,상계주공7(고층),,45.9,7,1988,34000,2017-12-23,,,,,,
노원구,11350,10300,공릉동,707,11350-160,시영2단지(라이프)아파트,,39.6,1,1994,18700,2017-12-03,,,,,,
노원구,11350,10300,공릉동,725,11350-183,풍림아파트A,,84.99,16,2001,45000,2017-12-02,,,,,,
노원구,11350,10500,상계동,740,11350-36,상계주공2(고층),,60.5,6,1987,33600,2017-12-16,,,,,,
노원구,11350,10400,하계동,271-3,11350-68,극동,,70.56,14,1988,42000,2017-12-13,,,,,,
노원구,11350,10400,하계동,271-3,11350-67,건영,,53.14,10,1988,32000,2017-12-13,,,,,,
노원구,11350,10600,중계동,502-1,11350-120,중계그린1단지,,59.87,2,1990,38000,2017-12-13,,,,,,
노원구,11350,10600,중계동,369,11350-112,주공2,,44.52,10,1992,22250,2017-12-21,,,,,,
노원구,11350,10600,중계동,369,11350-112,주공2,,44.52,3,1992,21000,2017-12-15,,,,,,
노원구,11350,10300,공릉동,379-2,11350-228,엘림타운,,74.97,5,2003,27500,2017-12-04,,,,,,
노원구,11350,10600,중계동,369,11350-112,주공2,,44.52,3,1992,21000,2017-12-05,,,,,,
노원구,11350,10600,중계동,358-2,11350-113,주공4,,84.79,2,1991,42300,2017-12-16,,,,,,
노원구,11350,10500,상계동,1256,11350-20,은빛2단지,,49.77,10,1998,27650,2017-12-29,,,,,,
노원구,11350,10400,하계동,284,11350-76,청구,,70.69,1,1988,37800,2017-12-14,,,,,,
노원구,11350,10300,공릉동,705,11350-166,동부아파트,,84.79,4,1996,35300,2017-12-09,,,,,,
노원구,11350,10500,상계동,1269,11350-60,수락파크빌,,84.62,14,2001,51000,2017-12-16,,,,,,
노원구,11350,10600,중계동,583,11350-91,금호타운(583),,59.52,15,1997,32000,2017-12-06,,,,,,
노원구,11350,10200,월계동,940,11350-423,동원베네스트,,84.627,3,2005,37800,2017-12-20,,,,,,
노원구,11350,10500,상계동,637,11350-33,상계주공13(고층),,58.01,9,1989,30120,2017-12-12,,,,,,
노원구,11350,10500,상계동,749-5,11350-38,상계주공4(고층),,41.3,2,1988,29200,2017-12-15,,,,,,
노원구,11350,10500,상계동,626,11350-34,상계주공14(고층),,49.94,14,1989,28000,2017-12-22,,,,,,
노원구,11350,10200,월계동,18,11350-133,한진한화그랑빌,,84.97,20,2002,48900,2017-12-11,,,,,,
노원구,11350,10200,월계동,18,11350-133,한진한화그랑빌,,114.97,1,2002,50000,2017-12-15,,,,,,
노원구,11350,10200,월계동,942,11350-1663,월계역신도브래뉴,,84.5133,13,2005,37500,2017-12-11,,,,,,
노원구,11350,10200,월계동,930,11350-157,우남그랜드,,84.73,6,2001,41900,2017-12-06,,,,,,
노원구,11350,10200,월계동,18,11350-133,한진한화그랑빌,,139.08,8,2002,59000,2017-12-11,,,,,,
노원구,11350,10200,월계동,13,11350-139,미륭,,51.48,3,1986,33750,2017-12-21,,,,,,
노원구,11350,10200,월계동,320-11,11350-141,사슴3,,39.6,7,1995,20500,2017-12-15,,,,,,
노원구,11350,10500,상계동,740,11350-36,상계주공2(고층),,37.46,8,1987,29000,2017-12-01,,,,,,
노원구,11350,10500,상계동,173-1,11350-10,벽산,,46.8,3,1989,21800,2017-12-09,,,,,,
노원구,11350,10600,중계동,512,11350-102,중계무지개,,39.96,8,1991,24900,2017-12-23,,,,,,
노원구,11350,10600,중계동,606,11350-2072,한화꿈에그린TheFIRST,,84.97,7,2014,57400,2017-12-23,,,,,,
노원구,11350,10300,공릉동,111,11350-187,화랑타운아파트,,84.65,1,2000,45500,2017-12-06,,,,,,
노원구,11350,10400,하계동,270,11350-85,현대,,84.95,15,1988,50000,2017-12-02,,,,,,
노원구,11350,10500,상계동,1305,11350-214,동양엔파트,,84.88,20,2003,53000,2017-12-09,,,,,,
노원구,11350,10200,월계동,18,11350-133,한진한화그랑빌,,59.94,23,2002,42500,2017-12-29,,,,,,
노원구,11350,10200,월계동,556,11350-149,주공2,,38.64,9,1992,18800,2017-12-26,,,,,,
노원구,11350,10300,공릉동,604-11,11350-161,대동아파트,,84.97,10,1999,35500,2017-12-29,,,,,,
노원구,11350,10500,상계동,639,11350-202,보람아파트,,68.99,3,1988,34500,2017-12-01,,,,,,
노원구,11350,10400,하계동,256-5,11350-83,한신동성,,112.24,10,1993,54500,2017-12-09,,,,,,
노원구,11350,10400,하계동,270,11350-85,현대,,84.95,9,1988,53700,2017-12-08,,,,,,
노원구,11350,10600,중계동,360-15,11350-88,건영3,,84.9,3,1995,59500,2017-12-07,,,,,,
노원구,11350,10500,상계동,1055,11350-51,상계1차현대아파트,,83.92,9,1993,35700,2017-12-02,,,,,,
노원구,11350,10600,중계동,505,11350-99,상아,,72.73,2,1989,41800,2017-12-04,,,,,,
노원구,11350,10400,하계동,274,11350-73,청솔(시영7),,49.5,9,1989,24900,2017-12-22,,,,,,
노원구,11350,10200,월계동,13,11350-140,미성,,50.14,13,1986,33650,2017-12-13,,,,,,
노원구,11350,10500,상계동,749-5,11350-38,상계주공4(고층),,59.28,6,1988,39000,2017-12-09,,,,,,
노원구,11350,10600,중계동,583,11350-91,금호타운(583),,84.98,10,1997,43000,2017-12-04,,,,,,
노원구,11350,10500,상계동,1306,11350-244,우림루미아트1,,84.887,3,2004,42800,2017-12-20,,,,,,
노원구,11350,10600,중계동,606,11350-2072,한화꿈에그린TheFIRST,,121.284,19,2014,71000,2017-12-04,,,,,,
노원구,11350,10600,중계동,363,11350-92,대림벽산(363),,141.45,4,1993,77000,2017-12-27,,,,,,
노원구,11350,10300,공릉동,707,11350-160,시영2단지(라이프)아파트,,49.5,13,1994,28000,2017-12-05,,,,,,
노원구,11350,10600,중계동,360-2,11350-125,청구3,,84.77,8,1996,66000,2017-12-06,,,,,,
노원구,11350,10400,하계동,288,11350-79,하계2현대,,84.51,14,1997,49800,2017-12-16,,,,,,
노원구,11350,10500,상계동,730-2,11350-37,상계주공3(고층),,59.2,11,1987,39000,2017-12-21,,,,,,
노원구,11350,10600,중계동,583,11350-91,금호타운(583),,59.52,5,1997,32600,2017-12-19,,,,,,
노원구,11350,10200,월계동,940,11350-423,동원베네스트,,59.854,2,2005,32000,2017-12-23,,,,,,
노원구,11350,10500,상계동,666,11350-30,상계주공10(고층),,45.77,4,1988,31500,2017-12-29,,,,,,
노원구,11350,10600,중계동,360-2,11350-125,청구3,,84.77,2,1996,56000,2017-12-11,,,,,,
노원구,11350,10500,상계동,90-1,11350-238,현대하이츠,,48.96,6,2004,20500,2017-12-06,,,,,,
노원구,11350,10600,중계동,583,11350-91,금호타운(583),,59.52,15,1997,31000,2017-12-20,,,,,,
노원구,11350,10600,중계동,363,11350-92,대림벽산(363),,114.39,2,1993,67000,2017-12-30,,,,,,
노원구,11350,10500,상계동,720,11350-40,상계주공6(고층),,49.94,12,1988,33800,2017-12-09,,,,,,
노원구,11350,10200,월계동,18,11350-133,한진한화그랑빌,,59.94,14,2002,41600,2017-12-19,,,,,,
노원구,11350,10500,상계동,666,11350-30,상계주공10(고층),,58.01,2,1988,37700,2017-12-20,,,,,,
노원구,11350,10400,하계동,284,11350-81,한신1,,44.52,2,1988,26000,2017-12-11,,,,,,
노원구,11350,10600,중계동,512,11350-102,중계무지개,,59.26,9,1991,34700,2017-12-02,,,,,,
노원구,11350,10600,중계동,366,11350-95,라이프,,115.65,14,1993,70000,2017-12-01,,,,,,
노원구,11350,10300,공릉동,109,11350-169,비선아파트,,59.97,4,1999,33300,2017-12-27,,,,,,
노원구,11350,10500,상계동,1265,11350-9,수락산벨리체,,114.92,13,2000,54000,2017-12-06,,,,,,
노원구,11350,10300,공릉동,81,11350-182,태강아파트(아이파크),,49.6,9,1999,27600,2017-12-19,,,,,,
노원구,11350,10600,중계동,364-12,11350-115,주공6,,44.1,5,1993,24500,2017-12-30,,,,,,
노원구,11350,10600,중계동,359-1,11350-114,주공5,,76.51,3,1992,49000,2017-12-20,,,,,,
노원구,11350,10300,공릉동,751,11350-196,대주파크빌아파트,,81.12,15,2003,37000,2017-12-20,,,,,,
노원구,11350,10500,상계동,647,11350-32,상계주공12(고층),,41.3,9,1988,26400,2017-12-02,,,,,,
노원구,11350,10200,월계동,942,11350-1663,월계역신도브래뉴,,84.5133,11,2005,39000,2017-12-27,,,,,,
노원구,11350,10400,하계동,284,11350-81,한신1,,27,2,1988,16900,2017-12-26,,,,,,
노원구,11350,10300,공릉동,725,11350-183,풍림아파트A,,84.99,11,2001,47400,2017-12-05,,,,,,
노원구,11350,10200,월계동,556,11350-149,주공2,,38.64,1,1992,18300,2017-12-06,,,,,,
노원구,11350,10500,상계동,695,11350-201,대림,,93.13,6,1988,57800,2017-12-30,,,,,,
노원구,11350,10400,하계동,273,11350-72,장미(시영6),,43.56,1,1989,18300,2017-12-08,,,,,,
노원구,11350,10600,중계동,359-1,11350-114,주공5,,76.51,5,1992,50000,2017-12-13,,,,,,
노원구,11350,10600,중계동,360-15,11350-88,건영3,,84.9,14,1995,60000,2017-12-21,,,,,,
노원구,11350,10300,공릉동,683-14,11350-2019,한일휴니스빌,,15.5163,12,2013,12800,2017-12-20,,,,,,
노원구,11350,10300,공릉동,683-14,11350-2019,한일휴니스빌,,13.92,14,2013,13900,2017-12-30,,,,,,
노원구,11350,10500,상계동,1313,11350-1826,수락리버시티4단지,,84.81,3,2009,39800,2017-12-02,,,,,,
노원구,11350,10600,중계동,587,11350-107,양지마을(대림)1,,84.9,12,1998,49800,2017-12-21,,,,,,
노원구,11350,10200,월계동,13,11350-140,미성,,50.14,7,1986,34000,2017-12-26,,,,,,
노원구,11350,10600,중계동,363,11350-92,대림벽산(363),,141.45,7,1993,80000,2017-12-22,,,,,,
노원구,11350,10500,상계동,721,11350-39,상계주공5(저층),,31.98,1,1987,33400,2017-12-01,,,,,,
노원구,11350,10500,상계동,749-5,11350-38,상계주공4(고층),,32.39,13,1988,22000,2017-12-18,,,,,,
노원구,11350,10500,상계동,1279,11350-15,상계1차중앙하이츠,,59.82,15,1997,35500,2017-12-09,,,,,,
노원구,11350,10600,중계동,502-1,11350-120,중계그린1단지,,39.78,11,1990,24000,2017-12-28,,,,,,
노원구,11350,10500,상계동,1256,11350-20,은빛2단지,,39.7,5,1998,21800,2017-12-20,,,,,,
노원구,11350,10600,중계동,505,11350-99,상아,,51.29,6,1989,32000,2017-12-16,,,,,,
노원구,11350,10500,상계동,691,11350-41,상계주공7(고층),,59.39,9,1988,43000,2017-12-04,,,,,,
노원구,11350,10600,중계동,512,11350-102,중계무지개,,49.54,2,1991,31100,2017-12-18,,,,,,
노원구,11350,10300,공릉동,109,11350-169,비선아파트,,48.6,2,1999,26400,2017-12-09,,,,,,
노원구,11350,10500,상계동,670,11350-43,상계주공9(고층),,49.94,5,1988,31000,2017-12-05,,,,,,
노원구,11350,10200,월계동,13,11350-140,미성,,33.28,2,1986,28400,2017-12-25,,,,,,
노원구,11350,10200,월계동,13,11350-140,미성,,50.14,14,1986,33000,2017-12-30,,,,,,
노원구,11350,10200,월계동,13,11350-140,미성,,50.14,4,1986,34000,2017-12-08,,,,,,
노원구,11350,10200,월계동,13,11350-140,미성,,50.14,11,1986,33850,2017-12-07,,,,,,
노원구,11350,10600,중계동,360-15,11350-88,건영3,,84.9,2,1995,56800,2017-12-06,,,,,,
노원구,11350,10600,중계동,359-1,11350-114,주공5,,38.64,4,1992,21600,2017-12-23,,,,,,
노원구,11350,10600,중계동,359-1,11350-114,주공5,,38.64,10,1992,21400,2017-12-02,,,,,,
노원구,11350,10500,상계동,670,11350-43,상계주공9(고층),,45.55,8,1988,27200,2017-12-20,,,,,,
노원구,11350,10500,상계동,652,11350-31,상계주공11(고층),,59.2,14,1988,35000,2017-12-18,,,,,,
노원구,11350,10200,월계동,13,11350-140,미성,,33.28,1,1986,27000,2017-12-23,,,,,,
노원구,11350,10500,상계동,721,11350-39,상계주공5(저층),,31.98,3,1987,33000,2017-12-06,,,,,,
노원구,11350,10600,중계동,359-1,11350-114,주공5,,44.94,12,1992,24500,2017-12-23,,,,,,
노원구,11350,10300,공릉동,737,11350-172,삼익포레스트아파트,,51.03,1,1995,24300,2017-12-26,,,,,,
노원구,11350,10400,하계동,271-3,11350-70,벽산,,84.85,9,1988,48500,2017-12-11,,,,,,
노원구,11350,10500,상계동,670,11350-43,상계주공9(고층),,41.3,5,1988,26800,2017-12-04,,,,,,
노원구,11350,10600,중계동,584-1,11350-98,삼창타워주상프라자,,84.66,9,1997,36300,2017-12-02,,,,,,
노원구,11350,10200,월계동,12,11350-143,삼호4,,50.18,1,1987,29900,2017-12-29,,,,,,
노원구,11350,10600,중계동,512,11350-102,중계무지개,,59.26,12,1991,34800,2017-12-20,,,,,,
노원구,11350,10600,중계동,512,11350-102,중계무지개,,49.54,9,1991,29000,2017-12-11,,,,,,
노원구,11350,10500,상계동,458,11350-48,한신3차,,84.59,15,1990,34000,2017-12-08,,,,,,
노원구,11350,10200,월계동,947,11350-1734,롯데캐슬루나,,59.9927,6,2006,40000,2017-12-27,,,,,,
노원구,11350,10400,하계동,255-1,11350-71,삼익선경,,134.19,9,1993,63000,2017-12-08,,,,,,
노원구,11350,10500,상계동,637,11350-33,상계주공13(고층),,45.9,2,1989,20450,2017-12-11,,,,,,
노원구,11350,10500,상계동,173-1,11350-10,벽산,,59.9,11,1989,30000,2017-12-28,,,,,,
노원구,11350,10500,상계동,1255,11350-19,은빛1단지,,59.95,14,1998,32500,2017-12-26,,,,,,
노원구,11350,10300,공릉동,81,11350-182,태강아파트(아이파크),,49.6,12,1999,28300,2017-12-27,,,,,,
노원구,11350,10300,공릉동,81,11350-182,태강아파트(아이파크),,49.6,5,1999,28300,2017-12-30,,,,,,
노원구,11350,10400,하계동,284,11350-81,한신1,,27,7,1988,17800,2017-12-23,,,,,,
노원구,11350,10600,중계동,369,11350-112,주공2,,44.52,10,1992,18500,2017-12-18,,,,,,
노원구,11350,10200,월계동,13,11350-140,미성,,50.14,3,1986,31000,2017-12-14,,,,,,
노원구,11350,10200,월계동,18,11350-133,한진한화그랑빌,,59.94,12,2002,37500,2017-12-04,,,,,,
노원구,11350,10500,상계동,1255,11350-19,은빛1단지,,49.77,11,1998,26000,2017-12-26,,,,,,
노원구,11350,10500,상계동,670,11350-43,상계주공9(고층),,61.52,14,1988,37300,2017-12-01,,,,,,
노원구,11350,10300,공릉동,738,11350-198,공릉우성아파트,,59.44,12,1995,29500,2017-12-02,,,,,,
노원구,11350,10600,중계동,359-1,11350-114,주공5,,58.46,15,1992,36900,2017-12-30,,,,,,
노원구,11350,10500,상계동,639,11350-202,보람아파트,,54.59,9,1988,30000,2017-12-09,,,,,,
노원구,11350,10400,하계동,274,11350-73,청솔(시영7),,59.7,7,1989,33400,2017-12-05,,,,,,
노원구,11350,10300,공릉동,749,11350-194,공릉2신도브래뉴아파트,,72.73,1,2002,32400,2017-12-16,,,,,,
노원구,11350,10500,상계동,1256,11350-20,은빛2단지,,39.7,6,1998,21600,2017-12-02,,,,,,
노원구,11350,10600,중계동,502-1,11350-120,중계그린1단지,,39.91,3,1990,24550,2017-12-06,,,,,,
노원구,11350,10400,하계동,270,11350-85,현대,,71.68,8,1988,43500,2017-12-20,,,,,,
노원구,11350,10600,중계동,502-1,11350-120,중계그린1단지,,49.5,12,1990,32000,2017-12-21,,,,,,
노원구,11350,10600,중계동,363,11350-92,대림벽산(363),,141.45,14,1993,80000,2017-12-16,,,,,,
노원구,11350,10500,상계동,670,11350-43,상계주공9(고층),,49.94,1,1988,29300,2017-12-09,,,,,,
노원구,11350,10600,중계동,502-1,11350-120,중계그린1단지,,49.5,3,1990,30800,2017-12-22,,,,,,
노원구,11350,10400,하계동,354,11350-80,학여울청구,,59.4,18,1999,35000,2017-12-09,,,,,,
노원구,11350,10300,공릉동,230,11350-185,현대아파트,,86,5,1984,39000,2017-12-28,,,,,,
노원구,11350,10400,하계동,270,11350-75,우성,,84.91,13,1988,49000,2017-12-18,,,,,,
노원구,11350,10500,상계동,624,11350-35,상계주공16(고층),,59.39,9,1988,31000,2017-12-04,,,,,,
노원구,11350,10600,중계동,598,11350-429,한화꿈에그린,,84.902,9,2005,51000,2017-12-07,,,,,,
노원구,11350,10400,하계동,274,11350-73,청솔(시영7),,49.5,4,1989,27800,2017-12-02,,,,,,
노원구,11350,10500,상계동,1280,11350-55,희락,,59.73,3,1997,23000,2017-12-05,,,,,,
노원구,11350,10600,중계동,587,11350-107,양지마을(대림)1,,84.9,8,1998,52500,2017-12-09,,,,,,
노원구,11350,10600,중계동,505,11350-90,경남,,50.97,15,1989,31400,2017-12-12,,,,,,
노원구,11350,10300,공릉동,743,11350-184,공릉동한보에센시티아파트,,59.4,8,2000,31400,2017-12-07,,,,,,
노원구,11350,10500,상계동,626,11350-34,상계주공14(고층),,49.94,4,1989,29600,2017-12-09,,,,,,
노원구,11350,10500,상계동,691,11350-41,상계주공7(고층),,59.39,13,1988,44000,2017-12-16,,,,,,
노원구,11350,10500,상계동,670,11350-43,상계주공9(고층),,49.94,15,1988,29700,2017-12-26,,,,,,
노원구,11350,10200,월계동,320-11,11350-141,사슴3,,39.6,4,1995,20850,2017-12-05,,,,,,
노원구,11350,10600,중계동,360-15,11350-88,건영3,,84.9,2,1995,59000,2017-12-09,,,,,,
노원구,11350,10400,하계동,251,11350-78,하계1청구,,84.6,8,1997,55250,2017-12-12,,,,,,
노원구,11350,10600,중계동,361-1,11350-110,롯데우성,,101.88,10,1993,66800,2017-12-16,,,,,,
노원구,11350,10200,월계동,924,11350-152,초안2,,49.6,3,1997,21800,2017-12-19,,,,,,
노원구,11350,10200,월계동,18,11350-133,한진한화그랑빌,,139.08,15,2002,61000,2017-12-06,,,,,,
노원구,11350,10200,월계동,18,11350-133,한진한화그랑빌,,59.94,20,2002,42500,2017-12-09,,,,,,
노원구,11350,10500,상계동,720,11350-40,상계주공6(고층),,49.94,15,1988,33100,2017-12-21,,,,,,
노원구,11350,10500,상계동,1305,11350-214,동양엔파트,,84.88,15,2003,54500,2017-12-19,,,,,,
노원구,11350,10500,상계동,666,11350-30,상계주공10(고층),,45.77,5,1988,29990,2017-12-08,,,,,,
노원구,11350,10600,중계동,362-1,11350-117,주공8,,49.72,5,1993,32500,2017-12-21,,,,,,
노원구,11350,10300,공릉동,81,11350-182,태강아파트(아이파크),,49.6,13,1999,27000,2017-12-30,,,,,,
노원구,11350,10500,상계동,691,11350-41,상계주공7(고층),,49.94,3,1988,40500,2017-12-27,,,,,,
노원구,11350,10200,월계동,18,11350-133,한진한화그랑빌,,84.97,11,2002,50500,2017-12-01,,,,,,
노원구,11350,10600,중계동,361-1,11350-110,롯데우성,,115.26,2,1993,64800,2017-12-14,,,,,,
노원구,11350,10600,중계동,364-12,11350-115,주공6,,44.1,6,1993,24400,2017-12-02,,,,,,
노원구,11350,10600,중계동,364-12,11350-115,주공6,,44.1,10,1993,24450,2017-12-21,,,,,,
노원구,11350,10200,월계동,944,11350-1665,풍림아이원,,84.303,7,2005,52000,2017-12-29,,,,,,
노원구,11350,10600,중계동,592,11350-118,중계3벽산,,85,15,1999,47000,2017-12-11,,,,,,
노원구,11350,10600,중계동,588,11350-108,양지마을(대림)2,,59.4,1,1999,32200,2017-12-22,,,,,,
노원구,11350,10500,상계동,720,11350-40,상계주공6(고층),,49.94,2,1988,32700,2017-12-12,,,,,,
노원구,11350,10600,중계동,364-12,11350-115,주공6,,44.1,12,1993,24000,2017-12-15,,,,,,
노원구,11350,10200,월계동,13,11350-140,미성,,50.14,2,1986,32500,2017-12-06,,,,,,
노원구,11350,10500,상계동,740,11350-36,상계주공2(고층),,38,8,1987,25000,2017-12-14,,,,,,
노원구,11350,10200,월계동,18,11350-133,한진한화그랑빌,,84.97,26,2002,48500,2017-12-29,,,,,,
노원구,11350,10300,공릉동,81,11350-182,태강아파트(아이파크),,49.6,9,1999,28500,2017-12-28,,,,,,
노원구,11350,10600,중계동,592,11350-118,중계3벽산,,59.88,10,1999,32800,2017-12-22,,,,,,
노원구,11350,10600,중계동,588,11350-108,양지마을(대림)2,,59.4,4,1999,34200,2017-12-06,,,,,,
노원구,11350,10500,상계동,1293,11350-14,불암현대,,84.9,17,1999,38000,2017-12-22,,,,,,
노원구,11350,10300,공릉동,737,11350-172,삼익포레스트아파트,,51.03,14,1995,26500,2017-12-04,,,,,,
노원구,11350,10200,월계동,320-11,11350-141,사슴3,,33.18,1,1995,17200,2017-12-29,,,,,,
노원구,11350,10600,중계동,505,11350-99,상아,,51.29,9,1989,32650,2017-12-18,,,,,,
노원구,11350,10500,상계동,1063,11350-53,상계현대3차,,84.96,9,1999,39500,2017-12-03,,,,,,
노원구,11350,10600,중계동,359-1,11350-114,주공5,,76.51,13,1992,50000,2017-12-04,,,,,,
노원구,11350,10500,상계동,670,11350-43,상계주공9(고층),,45.9,11,1988,26500,2017-12-26,,,,,,
노원구,11350,10600,중계동,581,11350-101,성원2,,84.78,8,1995,36000,2017-12-19,,,,,,
노원구,11350,10500,상계동,670,11350-43,상계주공9(고층),,49.94,8,1988,32000,2017-12-05,,,,,,
노원구,11350,10300,공릉동,270-71,11350-163,대명아파트,,64.8,5,1989,24800,2017-12-20,,,,,,
노원구,11350,10400,하계동,256-5,11350-83,한신동성,,138.29,7,1993,59000,2017-12-19,,,,,,
노원구,11350,10600,중계동,363-1,11350-116,주공7,,44.1,11,1993,24800,2017-12-27,,,,,,
노원구,11350,10200,월계동,945,11350-1719,초안산쌍용스윗닷홈,,59.92,15,2006,33800,2017-12-02,,,,,,
노원구,11350,10200,월계동,949,11350-2140,꿈의숲SKVIEW,,59.92,9,2016,46800,2017-12-11,,,,,,
노원구,11350,10600,중계동,359-1,11350-114,주공5,,38.64,5,1992,21000,2017-12-09,,,,,,
노원구,11350,10600,중계동,502-1,11350-120,중계그린1단지,,39.78,7,1990,23000,2017-12-02,,,,,,
노원구,11350,10300,공릉동,738,11350-198,공릉우성아파트,,84.97,17,1995,35000,2017-12-22,,,,,,
노원구,11350,10500,상계동,749-5,11350-38,상계주공4(고층),,32.39,3,1988,17000,2017-12-23,,,,,,
노원구,11350,10200,월계동,18,11350-133,한진한화그랑빌,,59.94,10,2002,41800,2017-12-27,,,,,,
노원구,11350,10600,중계동,360-15,11350-88,건영3,,84.9,12,1995,65500,2017-12-27,,,,,,
노원구,11350,10400,하계동,273,11350-72,장미(시영6),,43.56,15,1989,23100,2017-12-25,,,,,,
노원구,11350,10200,월계동,18,11350-133,한진한화그랑빌,,59.94,20,2002,42000,2017-12-21,,,,,,
노원구,11350,10500,상계동,1256,11350-20,은빛2단지,,49.77,14,1998,28500,2017-12-16,,,,,,
노원구,11350,10500,상계동,720,11350-40,상계주공6(고층),,59.28,5,1988,42400,2017-12-07,,,,,,
노원구,11350,10300,공릉동,81,11350-182,태강아파트(아이파크),,49.6,13,1999,26600,2017-12-09,,,,,,
노원구,11350,10300,공릉동,747,11350-168,두산힐스빌아파트,,114.72,2,2000,50000,2017-12-20,,,,,,
노원구,11350,10600,중계동,360-2,11350-125,청구3,,84.77,15,1996,64000,2017-12-26,,,,,,
노원구,11350,10500,상계동,670,11350-43,상계주공9(고층),,61.52,12,1988,38500,2017-12-04,,,,,,
노원구,11350,10500,상계동,670,11350-43,상계주공9(고층),,58.01,3,1988,34500,2017-12-26,,,,,,
노원구,11350,10600,중계동,359-1,11350-114,주공5,,44.52,3,1992,25400,2017-12-09,,,,,,
노원구,11350,10600,중계동,512,11350-102,중계무지개,,39.96,3,1991,23000,2017-12-07,,,,,,
노원구,11350,10200,월계동,947,11350-1734,롯데캐슬루나,,84.9852,1,2006,45000,2017-12-07,,,,,,
노원구,11350,10200,월계동,13,11350-140,미성,,33.28,1,1986,27000,2017-12-01,,,,,,
노원구,11350,10500,상계동,639,11350-202,보람아파트,,68.99,1,1988,33000,2017-12-05,,,,,,
노원구,11350,10400,하계동,353,11350-74,우방,,104.83,12,1999,46000,2017-12-06,,,,,,
노원구,11350,10200,월계동,938,11350-216,건양노블레스빌,,84.659,21,2003,41800,2017-12-08,,,,,,
노원구,11350,10200,월계동,18,11350-133,한진한화그랑빌,,59.94,3,2002,40800,2017-12-14,,,,,,
노원구,11350,10500,상계동,670,11350-43,상계주공9(고층),,49.94,13,1988,31500,2017-12-09,,,,,,
노원구,11350,10400,하계동,354,11350-80,학여울청구,,84.77,17,1999,50000,2017-12-07,,,,,,
노원구,11350,10300,공릉동,81,11350-182,태강아파트(아이파크),,59.38,12,1999,33700,2017-12-09,,,,,,
노원구,11350,10300,공릉동,81,11350-182,태강아파트(아이파크),,49.6,10,1999,27000,2017-12-05,,,,,,
노원구,11350,10400,하계동,354,11350-80,학여울청구,,84.77,13,1999,50000,2017-12-01,,,,,,
노원구,11350,10500,상계동,670,11350-43,상계주공9(고층),,49.94,10,1988,31600,2017-12-02,,,,,,
노원구,11350,10500,상계동,1276,11350-62,청암2단지,,59.96,17,2001,31600,2017-12-22,,,,,,
노원구,11350,10600,중계동,502-1,11350-120,중계그린1단지,,44.1,6,1990,27800,2017-12-01,,,,,,
노원구,11350,10600,중계동,502-1,11350-120,중계그린1단지,,39.78,2,1990,23500,2017-12-02,,,,,,
노원구,11350,10600,중계동,502-1,11350-120,중계그린1단지,,39.78,10,1990,23400,2017-12-11,,,,,,
노원구,11350,10200,월계동,13,11350-197,삼호3,,59.22,13,1986,41000,2017-12-04,,,,,,
노원구,11350,10200,월계동,13,11350-140,미성,,33.28,4,1986,28000,2017-12-14,,,,,,
노원구,11350,10500,상계동,749-5,11350-38,상계주공4(고층),,41.3,9,1988,27000,2017-12-01,,,,,,
노원구,11350,10300,공릉동,81,11350-182,태강아파트(아이파크),,49.6,12,1999,28300,2017-12-12,,,,,,
노원구,11350,10500,상계동,749-5,11350-38,상계주공4(고층),,49.94,11,1988,32500,2017-12-12,,,,,,
노원구,11350,10500,상계동,670,11350-43,상계주공9(고층),,45.9,5,1988,26950,2017-12-08,,,,,,
노원구,11350,10300,공릉동,81,11350-182,태강아파트(아이파크),,59.38,8,1999,33700,2017-12-21,,,,,,
노원구,11350,10500,상계동,670,11350-43,상계주공9(고층),,45.9,4,1988,26500,2017-12-14,,,,,,
노원구,11350,10500,상계동,670,11350-43,상계주공9(고층),,45.9,11,1988,26900,2017-12-10,,,,,,
노원구,11350,10500,상계동,172,11350-5,상계대림,,59.67,6,1989,35300,2017-12-05,,,,,,
노원구,11350,10400,하계동,284,11350-81,한신1,,27,5,1988,18000,2017-12-19,,,,,,
노원구,11350,10600,중계동,359-1,11350-114,주공5,,44.52,6,1992,26200,2017-12-08,,,,,,
노원구,11350,10500,상계동,691,11350-41,상계주공7(고층),,58.01,8,1988,45000,2017-12-15,,,,,,
노원구,11350,10500,상계동,624,11350-35,상계주공16(고층),,59.39,9,1988,32200,2017-12-11,,,,,,
노원구,11350,10500,상계동,173-1,11350-10,벽산,,46.8,12,1989,23000,2017-12-07,,,,,,
노원구,11350,10500,상계동,652,11350-31,상계주공11(고층),,58.01,7,1988,40500,2017-12-08,,,,,,
노원구,11350,10200,월계동,947,11350-1734,롯데캐슬루나,,84.9852,2,2006,42000,2017-12-20,,,,,,
노원구,11350,10300,공릉동,380-10,11350-210,청솔브레싱B동,,80.86,5,2003,28000,2017-12-12,,,,,,
노원구,11350,10500,상계동,691,11350-41,상계주공7(고층),,45.9,15,1988,29900,2017-12-16,,,,,,
노원구,11350,10500,상계동,721,11350-39,상계주공5(저층),,31.98,5,1987,32000,2017-12-11,,,,,,
노원구,11350,10600,중계동,360-15,11350-88,건영3,,84.9,4,1995,61000,2017-12-09,,,,,,
노원구,11350,10300,공릉동,745,11350-167,동신아파트,,59.99,19,1999,31000,2017-12-09,,,,,,
노원구,11350,10300,공릉동,757,11350-1724,우국리더스빌,,59.96,4,2006,30700,2017-12-10,,,,,,
노원구,11350,10500,상계동,666,11350-205,상계주공10(저층),,54.54,1,1988,37000,2017-12-13,,,,,,
노원구,11350,10300,공릉동,741,11350-186,현대성우아파트,,59.98,15,2000,30650,2017-12-16,,,,,,
노원구,11350,10500,상계동,639,11350-202,보람아파트,,68.99,14,1988,34000,2017-12-04,,,,,,
노원구,11350,10200,월계동,947,11350-1734,롯데캐슬루나,,127.0318,1,2006,50200,2017-12-01,,,,,,
노원구,11350,10200,월계동,556,11350-149,주공2,,44.52,12,1992,20600,2017-12-01,,,,,,
노원구,11350,10200,월계동,942,11350-1663,월계역신도브래뉴,,59.8587,8,2005,34500,2017-12-07,,,,,,
노원구,11350,10400,하계동,271-3,11350-68,극동,,84.91,3,1988,44200,2017-12-06,,,,,,
노원구,11350,10500,상계동,670,11350-43,상계주공9(고층),,49.94,2,1988,31500,2017-12-14,,,,,,
노원구,11350,10600,중계동,502-1,11350-120,중계그린1단지,,39.78,4,1990,24500,2017-12-05,,,,,,
노원구,11350,10300,공릉동,81,11350-182,태강아파트(아이파크),,59.38,1,1999,30500,2017-12-15,,,,,,
노원구,11350,10200,월계동,13,11350-140,미성,,50.14,5,1986,33700,2017-12-06,,,,,,
노원구,11350,10500,상계동,691,11350-41,상계주공7(고층),,45.77,8,1988,29900,2017-12-14,,,,,,
노원구,11350,10400,하계동,255-1,11350-71,삼익선경,,107.95,10,1993,56000,2017-12-02,,,,,,
노원구,11350,10600,중계동,359-1,11350-114,주공5,,38.64,7,1992,20900,2017-12-04,,,,,,
노원구,11350,10200,월계동,18,11350-133,한진한화그랑빌,,59.94,6,2002,41200,2017-12-02,,,,,,
노원구,11350,10500,상계동,721,11350-39,상계주공5(저층),,31.98,5,1987,32700,2017-12-04,,,,,,
노원구,11350,10500,상계동,1110,11350-28,두산,,51.66,9,1994,26900,2017-12-02,,,,,,
노원구,11350,10400,하계동,280,11350-69,미성,,72.17,12,1989,42500,2017-12-02,,,,,,
노원구,11350,10400,하계동,284,11350-81,한신1,,27,1,1988,17300,2017-12-09,,,,,,
노원구,11350,10300,공릉동,370-4,11350-176,신원아파트,,84.99,9,2000,35700,2017-12-04,,,,,,
노원구,11350,10200,월계동,13,11350-139,미륭,,51.48,11,1986,36000,2017-12-07,,,,,,
노원구,11350,10300,공릉동,715,11350-173,시영3차(라이프)아파트,,39.6,4,1994,22000,2017-12-12,,,,,,
노원구,11350,10300,공릉동,715,11350-173,시영3차(라이프)아파트,,34.44,2,1994,18300,2017-12-10,,,,,,
노원구,11350,10300,공릉동,748,11350-174,신도1차아파트,,131.7554,3,2002,53000,2017-12-05,,,,,,
노원구,11350,10300,공릉동,745,11350-167,동신아파트,,59.99,20,1999,30000,2017-12-04,,,,,,
노원구,11350,10500,상계동,721,11350-39,상계주공5(저층),,31.98,5,1987,32500,2017-12-07,,,,,,
노원구,11350,10300,공릉동,745,11350-167,동신아파트,,114.98,24,1999,47000,2017-12-04,,,,,,
노원구,11350,10500,상계동,637,11350-33,상계주공13(고층),,45.55,2,1989,19950,2017-12-08,,,,,,
노원구,11350,10300,공릉동,81,11350-182,태강아파트(아이파크),,49.6,13,1999,29500,2017-12-02,,,,,,
노원구,11350,10600,중계동,363,11350-92,대림벽산(363),,141.45,5,1993,82000,2017-12-05,,,,,,
노원구,11350,10300,공릉동,81,11350-182,태강아파트(아이파크),,49.6,4,1999,27000,2017-12-09,,,,,,
노원구,11350,10600,중계동,512,11350-102,중계무지개,,39.82,10,1991,24700,2017-12-05,,,,,,
노원구,11350,10500,상계동,721,11350-39,상계주공5(저층),,31.98,1,1987,32500,2017-12-01,,,,,,
노원구,11350,10500,상계동,1265,11350-9,수락산벨리체,,114.92,14,2000,48000,2017-12-02,,,,,,
노원구,11350,10200,월계동,18,11350-133,한진한화그랑빌,,59.94,17,2002,42000,2017-12-02,,,,,,
노원구,11350,10200,월계동,929,11350-156,현대,,59.95,9,2000,35000,2017-12-06,,,,,,
노원구,11350,10300,공릉동,707,11350-160,시영2단지(라이프)아파트,,49.5,12,1994,27400,2017-12-02,,,,,,
노원구,11350,10300,공릉동,404-3,11350-158,건영아파트,,84.75,12,1998,33000,2017-12-05,,,,,,
노원구,11350,10500,상계동,1309,11350-249,한일유앤아이,,59.877,17,2005,39100,2017-12-05,,,,,,
노원구,11350,10200,월계동,18,11350-133,한진한화그랑빌,,84.97,15,2002,48500,2017-12-01,,,,,,
노원구,11350,10300,공릉동,395-6,11350-1902,참다움아파트,,84.9076,6,2012,34000,2017-12-05,,,,,,
노원구,11350,10500,상계동,721,11350-39,상계주공5(저층),,31.98,2,1987,32900,2017-12-05,,,,,,
노원구,11350,10600,중계동,512,11350-102,중계무지개,,39.82,3,1991,24000,2017-12-01,,,,,,
은평구,11380,11400,진관동,88,11380-8506,우물골2단지두산위브(209~222동)BL2-8,,134.43,9,2009,73000,2017-12-28,,,,,,
은평구,11380,11400,진관동,19,11380-8028,상림마을8단지롯데캐슬(810~820동)BL1-1,,84.84,2,2008,54000,2017-12-26,,,,,,
은평구,11380,10900,신사동,365,11380-120,신사동한신휴플러스,,84.65,12,2003,42500,2017-12-30,,,,,,
은평구,11380,10100,수색동,416-1,11380-173,DMC 진흥,,78.2853,12,2003,45500,2017-12-30,,,,,,
은평구,11380,10700,응암동,81-173,11380-10656,더위일,,58.88,6,2017,40700,2017-12-30,,,,,,
은평구,11380,11000,증산동,162-21,11380-87,자선메르시안(162-21),,84.36,6,2002,35000,2017-12-29,,,,,,
은평구,11380,10900,신사동,200-115,11380-232,명진(200-115),,84.95,1,2000,27000,2017-12-26,,,,,,
은평구,11380,11400,진관동,13,11380-8025,상림마을7단지아이파크(706~708동)BL1-3,,84.83,6,2008,51000,2017-12-29,,,,,,
은평구,11380,11400,진관동,5,11380-8021,상림마을6단지푸르지오(622~629동)BL1-5,,59.8,7,2008,40000,2017-12-22,,,,,,
은평구,11380,10700,응암동,81-173,11380-10656,더위일,,58.77,14,2017,42000,2017-12-28,,,,,,
은평구,11380,10200,녹번동,279-1,11380-3,해주드림빌,,106.54,2,2001,37500,2017-12-28,,,,,,
은평구,11380,10500,구산동,224,11380-247,경남아너스빌,,84.69,10,2004,37200,2017-12-29,,,,,,
은평구,11380,11400,진관동,25,11380-8619,구파발9단지래미안(916~928동)BL3-2,,84.84,5,2010,59800,2017-12-22,,,,,,
은평구,11380,10900,신사동,40-2,11380-10762,세민하이파크,,44.94,12,2017,36000,2017-12-27,,,,,,
은평구,11380,10700,응암동,760,11380-9189,백련산힐스테이트2차,,59.63,6,2011,43300,2017-12-20,,,,,,
은평구,11380,10800,역촌동,36-37,11380-387,연리지,,99.6,2,2006,36000,2017-12-27,,,,,,
은평구,11380,10700,응암동,81-173,11380-10656,더위일,,58.77,13,2017,42000,2017-12-28,,,,,,
은평구,11380,11400,진관동,81,11380-8503,우물골2단지두산위브(245~255동)BL2-6,,84.54,6,2009,63800,2017-12-30,,,,,,
은평구,11380,11400,진관동,88,11380-8506,우물골2단지두산위브(209~222동)BL2-8,,134.43,6,2009,73000,2017-12-22,,,,,,
은평구,11380,11400,진관동,150,11380-9862,은평뉴타운기자촌11단지,,84.82,10,2015,58000,2017-12-26,,,,,,
은평구,11380,10600,대조동,231,11380-51,삼성타운,,122.68,18,1997,46600,2017-12-17,,,,,,
은평구,11380,10200,녹번동,276,11380-2,대림아파트(276),,84.68,16,1993,43300,2017-12-29,,,,,,
은평구,11380,10400,갈현동,281-236,11380-33,인우(281-236),,76.65,1,1999,20500,2017-12-20,,,,,,
은평구,11380,11000,증산동,248,11380-86,증산중앙하이츠,,84.81,7,2001,47800,2017-12-27,,,,,,
은평구,11380,11400,진관동,1,11380-8018,상림마을6단지푸르지오(615~621동)BL1-6,,84.79,3,2008,49300,2017-12-25,,,,,,
은평구,11380,10900,신사동,39-12,11380-230,예승,,84.37,10,2001,39000,2017-12-29,,,,,,
은평구,11380,10900,신사동,40-2,11380-10762,세민하이파크,,44.94,14,2017,37000,2017-12-25,,,,,,
은평구,11380,10300,불광동,484-56,11380-10114,정익제이원(4차),,27.92,14,2015,23500,2017-12-11,,,,,,
은평구,11380,10700,응암동,116-26,11380-8907,드림캐시아1,,59.38,4,2011,34500,2017-12-30,,,,,,
은평구,11380,10400,갈현동,541-1,11380-23,갈현건영,,59.99,2,2001,24800,2017-12-16,,,,,,
은평구,11380,10700,응암동,759,11380-9190,백련산힐스테이트1차,,84.21,5,2011,50000,2017-12-16,,,,,,
은평구,11380,10600,대조동,231,11380-51,삼성타운,,59.4,6,1997,31700,2017-12-09,,,,,,
은평구,11380,10300,불광동,633,11380-263,북한산현대홈타운,,114.9984,7,2004,63500,2017-12-30,,,,,,
은평구,11380,10900,신사동,359,11380-73,현대1,,84.17,13,1997,38350,2017-12-15,,,,,,
은평구,11380,10300,불광동,643,11380-8922,북한산힐스테이트7차,,84.813,12,2011,67000,2017-12-29,,,,,,
은평구,11380,11400,진관동,150,11380-9862,은평뉴타운기자촌11단지,,84.6,2,2015,54000,2017-12-17,,,,,,
은평구,11380,10900,신사동,40-2,11380-10762,세민하이파크,,44.94,13,2017,38000,2017-12-15,,,,,,
은평구,11380,10900,신사동,40-2,11380-10762,세민하이파크,,40.19,13,2017,37800,2017-12-09,,,,,,
은평구,11380,11400,진관동,154,11380-8668,은평뉴타운 제각말 푸르지오(5-1단지),,101.83,3,2010,62000,2017-12-29,,,,,,
은평구,11380,10300,불광동,643,11380-8922,북한산힐스테이트7차,,59.981,5,2011,54900,2017-12-15,,,,,,
은평구,11380,10300,불광동,641,11380-8697,북한산현대힐스테이트3차아파트,,84.98,8,2010,58000,2017-12-30,,,,,,
은평구,11380,11400,진관동,1,11380-8018,상림마을6단지푸르지오(615~621동)BL1-6,,84.84,9,2008,49000,2017-12-08,,,,,,
은평구,11380,11400,진관동,150,11380-9862,은평뉴타운기자촌11단지,,84.78,2,2015,54500,2017-12-29,,,,,,
은평구,11380,10700,응암동,759,11380-9190,백련산힐스테이트1차,,84.42,10,2011,50500,2017-12-16,,,,,,
은평구,11380,10900,신사동,40-2,11380-10762,세민하이파크,,44.94,6,2017,37000,2017-12-04,,,,,,
은평구,11380,10300,불광동,636,11380-7808,북한산한양수자인아파트,,59.69,7,2006,35800,2017-12-26,,,,,,
은평구,11380,10700,응암동,759,11380-9190,백련산힐스테이트1차,,59.63,12,2011,44500,2017-12-02,,,,,,
은평구,11380,10700,응암동,759,11380-9190,백련산힐스테이트1차,,59.63,3,2011,42300,2017-12-06,,,,,,
은평구,11380,10700,응암동,761,11380-9188,백련산힐스테이트3차,,59.63,12,2011,45750,2017-12-30,,,,,,
은평구,11380,10900,신사동,40-2,11380-10762,세민하이파크,,44.94,11,2017,35400,2017-12-05,,,,,,
은평구,11380,11400,진관동,88,11380-8506,우물골2단지두산위브(209~222동)BL2-8,,134.43,10,2009,71000,2017-12-28,,,,,,
은평구,11380,10700,응암동,761,11380-9188,백련산힐스테이트3차,,84.32,1,2011,48900,2017-12-06,,,,,,
은평구,11380,10900,신사동,358,11380-69,신성수정,,84.8,7,1996,35700,2017-12-14,,,,,,
은평구,11380,10300,불광동,643,11380-8922,북한산힐스테이트7차,,84.947,2,2011,59900,2017-12-12,,,,,,
은평구,11380,11400,진관동,11,11380-8172,상림마을7단지아이파크(719~729동)BL1-13,,134.75,8,2008,66900,2017-12-13,,,,,,
은평구,11380,11400,진관동,106,11380-8508,마고정3단지센트레빌(301~309동)BL2-11,,134.96,4,2009,72900,2017-12-27,,,,,,
은평구,11380,10200,녹번동,83-18,11380-9145,굿모닝기룡아파트,,52.92,10,2012,29300,2017-12-19,,,,,,
은평구,11380,10700,응암동,759,11380-9190,백련산힐스테이트1차,,59.85,5,2011,42200,2017-12-26,,,,,,
은평구,11380,11400,진관동,105,11380-8507,마고정3단지센트레빌(323~335동)BL2-2,,101.98,17,2009,71000,2017-12-04,,,,,,
은평구,11380,10700,응암동,760,11380-9189,백련산힐스테이트2차,,59.63,8,2011,44450,2017-12-09,,,,,,
은평구,11380,10200,녹번동,280-1,11380-6,녹번JR아파트,,84.923,3,2002,41200,2017-12-12,,,,,,
은평구,11380,10300,불광동,643,11380-8922,북한산힐스테이트7차,,59.981,16,2011,54900,2017-12-25,,,,,,
은평구,11380,10700,응암동,759,11380-9190,백련산힐스테이트1차,,84.42,14,2011,50500,2017-12-19,,,,,,
은평구,11380,10900,신사동,297,11380-72,신사씨티,,49.76,9,1993,21000,2017-12-16,,,,,,
은평구,11380,10300,불광동,631-1,11380-10,대호프라자아파트,,59.97,4,2000,31500,2017-12-09,,,,,,
은평구,11380,10200,녹번동,281,11380-10020,북한산푸르지오,,84.99,14,2015,60000,2017-12-14,,,,,,
은평구,11380,11400,진관동,19,11380-8028,상림마을8단지롯데캐슬(810~820동)BL1-1,,101.61,2,2008,61000,2017-12-16,,,,,,
은평구,11380,10200,녹번동,281,11380-10020,북한산푸르지오,,59.99,7,2015,49500,2017-12-11,,,,,,
은평구,11380,10800,역촌동,62-16,11380-92,무궁화,,63.43,4,1972,14700,2017-12-28,,,,,,
은평구,11380,10700,응암동,760,11380-9189,백련산힐스테이트2차,,84.49,12,2011,50500,2017-12-12,,,,,,
은평구,11380,10100,수색동,416-1,11380-173,DMC 진흥,,106.423,5,2003,49000,2017-12-22,,,,,,
은평구,11380,10300,불광동,631-1,11380-10,대호프라자아파트,,59.97,7,2000,32000,2017-12-16,,,,,,
은평구,11380,10700,응암동,81-173,11380-10656,더위일,,58.77,9,2017,41500,2017-12-05,,,,,,
은평구,11380,11400,진관동,83,11380-8505,우물골2단지두산위브(204~208동)BL2-5,,84.27,1,2009,51900,2017-12-05,,,,,,
은평구,11380,10300,불광동,638,11380-8699,북한산래미안아파트(1단지),,59.9932,2,2010,45500,2017-12-18,,,,,,
은평구,11380,10500,구산동,25-53,11380-401,우신,,63.36,5,1995,19000,2017-12-22,,,,,,
은평구,11380,10300,불광동,635,11380-8104,북한산힐스테이트1차아파트,,59.817,8,2009,46400,2017-12-16,,,,,,
은평구,11380,10300,불광동,641,11380-8697,북한산현대힐스테이트3차아파트,,59.99,2,2010,46500,2017-12-16,,,,,,
은평구,11380,10700,응암동,760,11380-9189,백련산힐스테이트2차,,59.63,13,2011,44500,2017-12-11,,,,,,
은평구,11380,11400,진관동,2,11380-8019,상림마을6단지푸르지오(606~614동)BL1-7,,84.95,7,2008,50500,2017-12-10,,,,,,
은평구,11380,11400,진관동,11,11380-8172,상림마을7단지아이파크(719~729동)BL1-13,,84.63,5,2008,54000,2017-12-10,,,,,,
은평구,11380,10400,갈현동,540,11380-31,우남,,84.92,7,1998,33000,2017-12-24,,,,,,
은평구,11380,10900,신사동,365,11380-120,신사동한신휴플러스,,59.76,10,2003,37700,2017-12-29,,,,,,
은평구,11380,10700,응암동,760,11380-9189,백련산힐스테이트2차,,59.63,2,2011,42200,2017-12-16,,,,,,
은평구,11380,10800,역촌동,17-28,11380-9996,위산엘리시움,,56.99,6,2015,34500,2017-12-05,,,,,,
은평구,11380,10200,녹번동,280-1,11380-6,녹번JR아파트,,59.866,4,2002,34900,2017-12-11,,,,,,
은평구,11380,11400,진관동,25,11380-8619,구파발9단지래미안(916~928동)BL3-2,,84.96,9,2010,57000,2017-12-25,,,,,,
은평구,11380,10300,불광동,638,11380-8699,북한산래미안아파트(1단지),,59.9932,12,2010,48000,2017-12-14,,,,,,
은평구,11380,11400,진관동,88,11380-8506,우물골2단지두산위브(209~222동)BL2-8,,134.43,8,2009,70000,2017-12-19,,,,,,
은평구,11380,11000,증산동,244,11380-84,DMC우방,,59.91,20,2000,37700,2017-12-26,,,,,,
은평구,11380,10700,응암동,759,11380-9190,백련산힐스테이트1차,,84.59,5,2011,49700,2017-12-19,,,,,,
은평구,11380,10200,녹번동,281,11380-10020,북한산푸르지오,,84.99,3,2015,60000,2017-12-15,,,,,,
은평구,11380,10200,녹번동,278-1,11380-1,녹번2현대,,84.94,3,2001,45400,2017-12-13,,,,,,
은평구,11380,10200,녹번동,280-1,11380-6,녹번JR아파트,,59.866,17,2002,35950,2017-12-02,,,,,,
은평구,11380,11400,진관동,106,11380-8508,마고정3단지센트레빌(301~309동)BL2-11,,134.96,13,2009,74500,2017-12-16,,,,,,
은평구,11380,10700,응암동,759,11380-9190,백련산힐스테이트1차,,59.63,8,2011,43500,2017-12-02,,,,,,
은평구,11380,10900,신사동,356,11380-65,뉴신사신성,,84.42,12,1993,31700,2017-12-19,,,,,,
은평구,11380,11400,진관동,20,11380-8029,상림마을8단지롯데캐슬(821~830동)BL1-12,,84.79,3,2008,59700,2017-12-27,,,,,,
은평구,11380,10700,응암동,760,11380-9189,백련산힐스테이트2차,,59.95,1,2011,40900,2017-12-20,,,,,,
은평구,11380,10700,응암동,760,11380-9189,백련산힐스테이트2차,,84.23,14,2011,54500,2017-12-18,,,,,,
은평구,11380,10700,응암동,759,11380-9190,백련산힐스테이트1차,,84.49,12,2011,48000,2017-12-05,,,,,,
은평구,11380,10200,녹번동,276,11380-2,대림아파트(276),,84.94,3,1993,40100,2017-12-29,,,,,,
은평구,11380,10900,신사동,359,11380-73,현대1,,84.17,4,1997,35000,2017-12-23,,,,,,
은평구,11380,10900,신사동,359,11380-73,현대1,,84.17,13,1997,38900,2017-12-02,,,,,,
은평구,11380,10900,신사동,359,11380-73,현대1,,84.17,4,1997,37000,2017-12-12,,,,,,
은평구,11380,10900,신사동,360,11380-70,신사성원,,59.94,13,2000,29900,2017-12-21,,,,,,
은평구,11380,10900,신사동,360,11380-70,신사성원,,59.94,12,2000,29900,2017-12-16,,,,,,
은평구,11380,11400,진관동,10,11380-8171,상림마을7단지아이파크(730~742동)BL1-14,,101.82,8,2008,59000,2017-12-11,,,,,,
은평구,11380,10200,녹번동,276,11380-2,대림아파트(276),,84.68,8,1993,42300,2017-12-16,,,,,,
은평구,11380,10800,역촌동,62-16,11380-92,무궁화,,63.43,4,1972,12400,2017-12-01,,,,,,
은평구,11380,10700,응암동,761,11380-9188,백련산힐스테이트3차,,84.59,14,2011,54000,2017-12-09,,,,,,
은평구,11380,10700,응암동,759,11380-9190,백련산힐스테이트1차,,59.93,9,2011,44000,2017-12-16,,,,,,
은평구,11380,10300,불광동,641,11380-8697,북한산현대힐스테이트3차아파트,,59.99,6,2010,46700,2017-12-04,,,,,,
은평구,11380,10700,응암동,738,11380-60,해태드림타운,,59.64,14,1997,29250,2017-12-12,,,,,,
은평구,11380,10300,불광동,633,11380-263,북한산현대홈타운,,84.9956,9,2004,57000,2017-12-13,,,,,,
은평구,11380,11400,진관동,102,11380-8392,박석고개1단지힐스테이트(116~131동)BL2-1,,84.72,13,2009,66200,2017-12-15,,,,,,
은평구,11380,10400,갈현동,539,11380-35,한솔,,114.98,3,1997,37000,2017-12-04,,,,,,
은평구,11380,10500,구산동,18-10,11380-7804,캐슬아파트(18-10),,115.48,6,2006,38000,2017-12-02,,,,,,
은평구,11380,11400,진관동,83,11380-8505,우물골2단지두산위브(204~208동)BL2-5,,59.37,6,2009,46500,2017-12-11,,,,,,
은평구,11380,10200,녹번동,281,11380-10020,북한산푸르지오,,114.98,12,2015,75200,2017-12-07,,,,,,
은평구,11380,11400,진관동,105,11380-8507,마고정3단지센트레빌(323~335동)BL2-2,,101.98,11,2009,73500,2017-12-28,,,,,,
은평구,11380,11400,진관동,20,11380-8029,상림마을8단지롯데캐슬(821~830동)BL1-12,,84.79,10,2008,59500,2017-12-11,,,,,,
은평구,11380,10800,역촌동,231,11380-115,한국리치빌,,84.2164,1,2003,41000,2017-12-08,,,,,,
은평구,11380,11400,진관동,25,11380-8619,구파발9단지래미안(916~928동)BL3-2,,166.98,3,2010,68594,2017-12-26,,,,,,
은평구,11380,10300,불광동,635,11380-8104,북한산힐스테이트1차아파트,,59.817,9,2009,46000,2017-12-05,,,,,,
은평구,11380,10300,불광동,248,11380-11,라이프미성,,84.65,5,1988,46950,2017-12-23,,,,,,
은평구,11380,11400,진관동,92,11380-8666,은평뉴타운 제각말 푸르지오(5-4단지),,84.89,12,2010,56500,2017-12-16,,,,,,
은평구,11380,11400,진관동,5,11380-8021,상림마을6단지푸르지오(622~629동)BL1-5,,59.8,2,2008,44500,2017-12-12,,,,,,
은평구,11380,10300,불광동,641,11380-8697,북한산현대힐스테이트3차아파트,,59.99,9,2010,47500,2017-12-22,,,,,,
은평구,11380,11400,진관동,25,11380-8619,구파발9단지래미안(916~928동)BL3-2,,84.96,8,2010,56000,2017-12-26,,,,,,
은평구,11380,10200,녹번동,281,11380-10020,북한산푸르지오,,114.98,4,2015,68500,2017-12-16,,,,,,
은평구,11380,11400,진관동,88,11380-8506,우물골2단지두산위브(209~222동)BL2-8,,101.53,5,2009,59900,2017-12-17,,,,,,
은평구,11380,11400,진관동,81,11380-8503,우물골2단지두산위브(245~255동)BL2-6,,134.43,11,2009,76500,2017-12-10,,,,,,
은평구,11380,10500,구산동,224,11380-247,경남아너스빌,,84.69,1,2004,36500,2017-12-26,,,,,,
은평구,11380,11400,진관동,11,11380-8172,상림마을7단지아이파크(719~729동)BL1-13,,101.82,5,2008,59500,2017-12-17,,,,,,
은평구,11380,10200,녹번동,281,11380-10020,북한산푸르지오,,84.99,17,2015,64000,2017-12-21,,,,,,
은평구,11380,10200,녹번동,281,11380-10020,북한산푸르지오,,84.99,4,2015,63000,2017-12-17,,,,,,
은평구,11380,10700,응암동,92-7,11380-8868,유성아이비,,45.6,6,2011,27800,2017-12-30,,,,,,
은평구,11380,10700,응암동,714,11380-53,경남,,59.36,5,1995,25000,2017-12-10,,,,,,
은평구,11380,10700,응암동,760,11380-9189,백련산힐스테이트2차,,59.63,10,2011,43500,2017-12-10,,,,,,
은평구,11380,10200,녹번동,280-1,11380-6,녹번JR아파트,,59.866,16,2002,33800,2017-12-27,,,,,,
은평구,11380,10200,녹번동,280-1,11380-6,녹번JR아파트,,59.866,3,2002,33300,2017-12-29,,,,,,
은평구,11380,10700,응암동,197-78,11380-57,신동아,,52.71,8,1990,24000,2017-12-03,,,,,,
은평구,11380,10300,불광동,641,11380-8697,북한산현대힐스테이트3차아파트,,59.99,8,2010,46800,2017-12-09,,,,,,
은평구,11380,11400,진관동,84,11380-8515,우물골2단지두산위브(223~244동)BL2-7,,84.51,6,2010,60000,2017-12-18,,,,,,
은평구,11380,10200,녹번동,281,11380-10020,북한산푸르지오,,84.99,16,2015,64250,2017-12-15,,,,,,
은평구,11380,11400,진관동,14,11380-8026,상림마을8단지롯데캐슬(801~809동)BL1-2,,84.79,1,2008,53000,2017-12-09,,,,,,
은평구,11380,10100,수색동,416-1,11380-173,DMC 진흥,,57.5033,8,2003,38000,2017-12-04,,,,,,
은평구,11380,10100,수색동,415-1,11380-100,e편한세상 수색 에코포레,,59.895,11,2003,36200,2017-12-05,,,,,,
은평구,11380,10600,대조동,4-8,11380-9811,대조리치빌III,,32.24,10,2014,23000,2017-12-19,,,,,,
은평구,11380,11400,진관동,140,11380-8599,폭포동4단지힐스테이트(408~422동)BL3-9,,101.9,7,2010,63000,2017-12-11,,,,,,
은평구,11380,11400,진관동,13,11380-8025,상림마을7단지아이파크(706~708동)BL1-3,,84.42,1,2008,48800,2017-12-04,,,,,,
은평구,11380,10100,수색동,345-5,11380-7827,제일아파트나동(345-5),,82.63,2,2007,33000,2017-12-05,,,,,,
은평구,11380,10300,불광동,641,11380-8697,북한산현대힐스테이트3차아파트,,59.99,5,2010,47200,2017-12-23,,,,,,
은평구,11380,11400,진관동,19,11380-8028,상림마을8단지롯데캐슬(810~820동)BL1-1,,101.61,2,2008,59000,2017-12-10,,,,,,
은평구,11380,11400,진관동,107,11380-8489,마고정3단지센트레빌(310~322동)BL2-3,,84.04,5,2009,60000,2017-12-16,,,,,,
은평구,11380,10900,신사동,360,11380-70,신사성원,,59.94,3,2000,28000,2017-12-06,,,,,,
은평구,11380,10300,불광동,641,11380-8697,북한산현대힐스테이트3차아파트,,59.99,11,2010,47000,2017-12-26,,,,,,
은평구,11380,10500,구산동,547,11380-186,갈현1단지e-편한세상,,84.618,22,2004,41800,2017-12-02,,,,,,
은평구,11380,10500,구산동,162-1,11380-42,경향파크,,84.06,9,1989,28500,2017-12-11,,,,,,
은평구,11380,10300,불광동,641,11380-8697,북한산현대힐스테이트3차아파트,,59.99,1,2010,45000,2017-12-18,,,,,,
은평구,11380,10300,불광동,638,11380-8699,북한산래미안아파트(1단지),,114.9986,7,2010,72000,2017-12-27,,,,,,
은평구,11380,10200,녹번동,281,11380-10020,북한산푸르지오,,84.99,4,2015,60000,2017-12-16,,,,,,
은평구,11380,10300,불광동,641,11380-8697,북한산현대힐스테이트3차아파트,,59.99,7,2010,48000,2017-12-08,,,,,,
은평구,11380,11000,증산동,173-1,11380-9047,디오반,,14.46,5,2011,12400,2017-12-14,,,,,,
은평구,11380,10300,불광동,248,11380-11,라이프미성,,66.7,15,1988,37500,2017-12-26,,,,,,
은평구,11380,10600,대조동,231,11380-51,삼성타운,,59.4,4,1997,31000,2017-12-01,,,,,,
은평구,11380,10400,갈현동,539,11380-35,한솔,,39.96,2,1997,14300,2017-12-21,,,,,,
은평구,11380,10700,응암동,759,11380-9190,백련산힐스테이트1차,,59.63,5,2011,42000,2017-12-16,,,,,,
은평구,11380,10700,응암동,761,11380-9188,백련산힐스테이트3차,,59.63,6,2011,43500,2017-12-14,,,,,,
은평구,11380,10700,응암동,760,11380-9189,백련산힐스테이트2차,,59.63,3,2011,41200,2017-12-05,,,,,,
은평구,11380,10300,불광동,248,11380-11,라이프미성,,66.7,8,1988,40000,2017-12-12,,,,,,
은평구,11380,10700,응암동,81-173,11380-10656,더위일,,58.77,6,2017,40000,2017-12-11,,,,,,
은평구,11380,10200,녹번동,280-1,11380-6,녹번JR아파트,,59.866,12,2002,35800,2017-12-18,,,,,,
은평구,11380,10100,수색동,75,11380-8443,DMC자이1단지,,116.92,16,2009,66000,2017-12-07,,,,,,
은평구,11380,11400,진관동,83,11380-8505,우물골2단지두산위브(204~208동)BL2-5,,84.04,2,2009,55500,2017-12-05,,,,,,
은평구,11380,11400,진관동,6,11380-8022,상림마을7단지아이파크(702~705동)BL1-4,,84.97,5,2008,50000,2017-12-02,,,,,,
은평구,11380,10500,구산동,24-59,11380-400,송학,,77.92,4,2004,26500,2017-12-11,,,,,,
은평구,11380,10600,대조동,9-45,11380-9606,대경홈타운,,13.79,9,2014,12200,2017-12-19,,,,,,
은평구,11380,11400,진관동,105,11380-8507,마고정3단지센트레빌(323~335동)BL2-2,,59.37,3,2009,49500,2017-12-11,,,,,,
은평구,11380,10700,응암동,760,11380-9189,백련산힐스테이트2차,,84.37,5,2011,52000,2017-12-09,,,,,,
은평구,11380,10200,녹번동,280-1,11380-6,녹번JR아파트,,59.866,9,2002,34500,2017-12-13,,,,,,
은평구,11380,11400,진관동,83,11380-8505,우물골2단지두산위브(204~208동)BL2-5,,59.94,6,2009,49500,2017-12-16,,,,,,
은평구,11380,10800,역촌동,58-9,11380-10743,부호(102동),,117,4,2004,43500,2017-12-18,,,,,,
은평구,11380,11000,증산동,193-1,11380-170,자선메르시안(193),,72.21,6,2003,29500,2017-12-18,,,,,,
은평구,11380,10200,녹번동,281,11380-10020,북한산푸르지오,,84.99,3,2015,62000,2017-12-06,,,,,,
은평구,11380,11400,진관동,60,11380-10714,은평뉴타운솔하임,,14.235,17,2017,16200,2017-12-08,,,,,,
은평구,11380,10400,갈현동,267-1,11380-27,라이프시티,,79.11,2,1991,18728,2017-12-15,,,,,,
은평구,11380,10200,녹번동,281,11380-10020,북한산푸르지오,,84.99,10,2015,60000,2017-12-15,,,,,,
은평구,11380,11400,진관동,102,11380-8392,박석고개1단지힐스테이트(116~131동)BL2-1,,59.85,3,2009,51000,2017-12-16,,,,,,
은평구,11380,10300,불광동,635,11380-8104,북한산힐스테이트1차아파트,,114.942,4,2009,60000,2017-12-04,,,,,,
은평구,11380,11400,진관동,25,11380-8619,구파발9단지래미안(916~928동)BL3-2,,166.75,1,2010,65049,2017-12-15,,,,,,
은평구,11380,11400,진관동,25,11380-8619,구파발9단지래미안(916~928동)BL3-2,,166.75,5,2010,69334,2017-12-13,,,,,,
은평구,11380,10300,불광동,633,11380-263,북한산현대홈타운,,114.9984,8,2004,65500,2017-12-01,,,,,,
은평구,11380,10300,불광동,643,11380-8922,북한산힐스테이트7차,,114.977,9,2011,75000,2017-12-13,,,,,,
은평구,11380,11400,진관동,154,11380-8668,은평뉴타운 제각말 푸르지오(5-1단지),,84.89,2,2010,54700,2017-12-09,,,,,,
은평구,11380,10300,불광동,641,11380-8697,북한산현대힐스테이트3차아파트,,59.99,8,2010,49000,2017-12-09,,,,,,
은평구,11380,11400,진관동,92,11380-8666,은평뉴타운 제각말 푸르지오(5-4단지),,84.89,9,2010,58000,2017-12-02,,,,,,
은평구,11380,10700,응암동,88-8,11380-9791,응암아네스트,,13.6244,11,2014,13500,2017-12-01,,,,,,
은평구,11380,10500,구산동,162-1,11380-42,경향파크,,84.06,2,1989,25500,2017-12-09,,,,,,
은평구,11380,10800,역촌동,85-41,11380-7762,리더스파크,,82.45,11,2006,52500,2017-12-10,,,,,,
은평구,11380,10300,불광동,217-9,11380-13,삼익(217-9),,84.71,9,1992,35500,2017-12-11,,,,,,
은평구,11380,11400,진관동,83,11380-8505,우물골2단지두산위브(204~208동)BL2-5,,84.51,4,2009,57000,2017-12-08,,,,,,
은평구,11380,11400,진관동,155,11380-8667,은평뉴타운 제각말 푸르지오(5-2단지),,134.74,11,2010,63652,2017-12-07,,,,,,
은평구,11380,11400,진관동,20,11380-8029,상림마을8단지롯데캐슬(821~830동)BL1-12,,101.61,9,2008,69200,2017-12-08,,,,,,
은평구,11380,10200,녹번동,278-1,11380-1,녹번2현대,,117.35,12,2001,50000,2017-12-01,,,,,,
은평구,11380,10300,불광동,641,11380-8697,북한산현대힐스테이트3차아파트,,84.96,4,2010,57000,2017-12-03,,,,,,
은평구,11380,10300,불광동,641,11380-8697,북한산현대힐스테이트3차아파트,,59.96,6,2010,46900,2017-12-02,,,,,,
은평구,11380,10500,구산동,199-24,11380-7975,신호(199-24),,88.93,9,2008,37000,2017-12-04,,,,,,
서대문구,11410,12000,남가좌동,385,11410-4479,DMC파크뷰자이1단지,,84.98,16,2015,77200,2017-12-09,,,,,,
서대문구,11410,12000,남가좌동,385,11410-4479,DMC파크뷰자이1단지,,84.971,5,2015,77800,2017-12-26,,,,,,
서대문구,11410,11000,북아현동,1009,11410-13,두산,,59.96,13,1999,44500,2017-12-23,,,,,,
서대문구,11410,11000,북아현동,1011,11410-4476,신촌푸르지오,,59.993,9,2015,74700,2017-12-29,,,,,,
서대문구,11410,11700,연희동,740,11410-30,성원,,84.95,5,2001,55500,2017-12-30,,,,,,
서대문구,11410,12000,남가좌동,385,11410-4479,DMC파크뷰자이1단지,,84.968,11,2015,74500,2017-12-30,,,,,,
서대문구,11410,11900,북가좌동,453,11410-109,DMC현대아파트,,59.91,2,2000,32700,2017-12-23,,,,,,
서대문구,11410,12000,남가좌동,379,11410-3524,래미안남가좌2차,,59.788,13,2005,57500,2017-12-29,,,,,,
서대문구,11410,11900,북가좌동,459,11410-3677,DMC두산위브,,84.9923,8,2007,53000,2017-12-27,,,,,,
서대문구,11410,11000,북아현동,1011,11410-4476,신촌푸르지오,,84.9559,4,2015,88000,2017-12-27,,,,,,
서대문구,11410,11800,홍은동,456,11410-82,두산,,84.84,2,1997,38000,2017-12-28,,,,,,
서대문구,11410,11000,북아현동,1011,11410-4476,신촌푸르지오,,44.94,2,2015,54900,2017-12-26,,,,,,
서대문구,11410,12000,남가좌동,385,11410-4481,DMC파크뷰자이3단지,,84.909,6,2015,66500,2017-12-27,,,,,,
서대문구,11410,10200,충정로3가,466,11410-3607,우리유앤미,,84.73,8,2008,60000,2017-12-22,,,,,,
서대문구,11410,11000,북아현동,1011,11410-4476,신촌푸르지오,,84.9559,9,2015,89000,2017-12-23,,,,,,
서대문구,11410,10500,냉천동,261,11410-3906,돈의문센트레빌,,59.98,2,2011,62500,2017-12-28,,,,,,
서대문구,11410,10200,충정로3가,466,11410-3607,우리유앤미,,84.73,2,2008,55000,2017-12-26,,,,,,
서대문구,11410,11100,홍제동,157-3,11410-152,홍제원그린뷰아파트,,164.71,3,2003,48900,2017-12-31,,,,,,
서대문구,11410,11100,홍제동,461,11410-71,홍제삼성래미안,,60,2,2001,45000,2017-12-26,,,,,,
서대문구,11410,11100,홍제동,82,11410-67,홍제한양,,60.06,12,1993,42300,2017-12-30,,,,,,
서대문구,11410,10800,영천동,100,11410-9,독립문삼호,,75.66,13,1995,55000,2017-12-22,,,,,,
서대문구,11410,11100,홍제동,463,11410-49,문화촌현대,,84.99,10,2002,42000,2017-12-28,,,,,,
서대문구,11410,11100,홍제동,331,11410-68,홍제현대,,75.15,10,1992,45000,2017-12-30,,,,,,
서대문구,11410,12000,남가좌동,377,11410-102,DMC래미안클라시스,,59.59,3,2000,40800,2017-12-23,,,,,,
서대문구,11410,11800,홍은동,150-13,11410-119,신계,,84.15,5,2003,29500,2017-12-15,,,,,,
서대문구,11410,11900,북가좌동,481,11410-4085,DMC래미안e편한세상,,59.97,2,2012,60000,2017-12-23,,,,,,
서대문구,11410,12000,남가좌동,385,11410-4479,DMC파크뷰자이1단지,,59.981,3,2015,65000,2017-12-26,,,,,,
서대문구,11410,10600,천연동,145,11410-3569,천연뜨란채,,56.08,3,2006,45700,2017-12-12,,,,,,
서대문구,11410,11900,북가좌동,453,11410-109,DMC현대아파트,,59.91,7,2000,35500,2017-12-15,,,,,,
서대문구,11410,11200,대현동,144,11410-22,신촌럭키,,59.7,13,1999,46500,2017-12-23,,,,,,
서대문구,11410,10900,현저동,200,11410-10,독립문극동(200-0),,114.51,16,1998,75200,2017-12-20,,,,,,
서대문구,11410,10200,충정로3가,477,11410-3939,충림예하임,,84.6,5,2010,50000,2017-12-23,,,,,,
서대문구,11410,12000,남가좌동,385,11410-4479,DMC파크뷰자이1단지,,84.971,27,2015,75300,2017-12-23,,,,,,
서대문구,11410,11900,북가좌동,458,11410-3856,DMC아이파크,,114.94,6,2009,69000,2017-12-09,,,,,,
서대문구,11410,11100,홍제동,465,11410-59,인왕산벽산,,59.82,18,2003,38500,2017-12-21,,,,,,
서대문구,11410,11000,북아현동,1011,11410-4476,신촌푸르지오,,84.9892,6,2015,87500,2017-12-12,,,,,,
서대문구,11410,12000,남가좌동,385,11410-4481,DMC파크뷰자이3단지,,84.909,11,2015,67000,2017-12-29,,,,,,
서대문구,11410,12000,남가좌동,385,11410-4481,DMC파크뷰자이3단지,,84.968,11,2015,67000,2017-12-29,,,,,,
서대문구,11410,11100,홍제동,104-20,11410-54,안산맨숀,,76.03,5,1972,18000,2017-12-27,,,,,,
서대문구,11410,11100,홍제동,315-7,11410-52,서울맨션,,47.7,5,1972,15500,2017-12-20,,,,,,
서대문구,11410,12000,남가좌동,385,11410-4481,DMC파크뷰자이3단지,,59.981,3,2015,56000,2017-12-30,,,,,,
서대문구,11410,11700,연희동,69-21,11410-167,백광,,98.5,6,2004,52000,2017-12-29,,,,,,
서대문구,11410,10500,냉천동,260,11410-7,동부센트레빌,,59.86,15,2002,47000,2017-12-16,,,,,,
서대문구,11410,11000,북아현동,1011,11410-4476,신촌푸르지오,,59.993,4,2015,70400,2017-12-21,,,,,,
서대문구,11410,11000,북아현동,1010,11410-3902,경남102동,,82.21,3,2008,69000,2017-12-28,,,,,,
서대문구,11410,11000,북아현동,1010,11410-3902,경남102동,,101.47,4,2008,73400,2017-12-09,,,,,,
서대문구,11410,11700,연희동,700,11410-27,대림,,84.74,2,1993,44500,2017-12-29,,,,,,
서대문구,11410,11000,북아현동,114-1,11410-15,북아현맨션,,84.95,4,1975,63000,2017-12-28,,,,,,
서대문구,11410,11100,홍제동,461,11410-71,홍제삼성래미안,,114.75,3,2001,58000,2017-12-29,,,,,,
서대문구,11410,11700,연희동,739,11410-28,대우푸르지오,,84.706,10,2002,60000,2017-12-28,,,,,,
서대문구,11410,12000,남가좌동,385,11410-4479,DMC파크뷰자이1단지,,84.971,23,2015,75500,2017-12-22,,,,,,
서대문구,11410,11000,북아현동,1009,11410-13,두산,,59.96,6,1999,44300,2017-12-12,,,,,,
서대문구,11410,10800,영천동,100,11410-9,독립문삼호,,75.66,2,1995,51600,2017-12-26,,,,,,
서대문구,11410,10900,현저동,200,11410-10,독립문극동(200-0),,59.58,1,1998,45500,2017-12-05,,,,,,
서대문구,11410,11800,홍은동,455,11410-85,홍은동벽산,,84.78,1,1997,36300,2017-12-22,,,,,,
서대문구,11410,11800,홍은동,440-1,11410-3960,반석블레스,,59.98,1,2013,36500,2017-12-21,,,,,,
서대문구,11410,12000,남가좌동,376,11410-104,남가좌동현대,,59.4,9,1999,40000,2017-12-07,,,,,,
서대문구,11410,10800,영천동,100,11410-9,독립문삼호,,84.78,1,1995,55700,2017-12-26,,,,,,
서대문구,11410,11700,연희동,740,11410-30,성원,,84.95,17,2001,55700,2017-12-14,,,,,,
서대문구,11410,11900,북가좌동,481,11410-4085,DMC래미안e편한세상,,84.95,12,2012,75000,2017-12-29,,,,,,
서대문구,11410,12000,남가좌동,385,11410-4479,DMC파크뷰자이1단지,,84.968,16,2015,74500,2017-12-16,,,,,,
서대문구,11410,11900,북가좌동,481,11410-4085,DMC래미안e편한세상,,84.95,11,2012,70800,2017-12-23,,,,,,
서대문구,11410,10200,충정로3가,222,11410-5,피어리스,,84.24,14,1987,43500,2017-12-11,,,,,,
서대문구,11410,11100,홍제동,459,11410-73,홍제원현대(459-0),,114.72,3,2000,63000,2017-12-30,,,,,,
서대문구,11410,11100,홍제동,331,11410-68,홍제현대,,106.18,12,1992,59600,2017-12-27,,,,,,
서대문구,11410,12000,남가좌동,385,11410-4481,DMC파크뷰자이3단지,,59.981,9,2015,59000,2017-12-16,,,,,,
서대문구,11410,11000,북아현동,1011,11410-4476,신촌푸르지오,,84.9953,5,2015,87500,2017-12-17,,,,,,
서대문구,11410,10500,냉천동,261,11410-3906,돈의문센트레빌,,59.98,9,2011,65800,2017-12-02,,,,,,
서대문구,11410,10500,냉천동,261,11410-3906,돈의문센트레빌,,84.99,7,2011,77000,2017-12-16,,,,,,
서대문구,11410,10500,냉천동,261,11410-3906,돈의문센트레빌,,84.99,7,2011,76700,2017-12-10,,,,,,
서대문구,11410,12000,남가좌동,385,11410-4479,DMC파크뷰자이1단지,,84.971,4,2015,68000,2017-12-09,,,,,,
서대문구,11410,10600,천연동,145,11410-3569,천연뜨란채,,56.08,8,2006,48000,2017-12-26,,,,,,
서대문구,11410,12000,남가좌동,377,11410-102,DMC래미안클라시스,,59.93,1,2000,39250,2017-12-10,,,,,,
서대문구,11410,12000,남가좌동,385,11410-4479,DMC파크뷰자이1단지,,84.971,8,2015,74500,2017-12-23,,,,,,
서대문구,11410,11900,북가좌동,481,11410-4085,DMC래미안e편한세상,,84.95,6,2012,70500,2017-12-29,,,,,,
서대문구,11410,12000,남가좌동,385,11410-4479,DMC파크뷰자이1단지,,84.974,21,2015,76000,2017-12-14,,,,,,
서대문구,11410,10500,냉천동,260,11410-7,동부센트레빌,,59.86,17,2002,45700,2017-12-02,,,,,,
서대문구,11410,11100,홍제동,459,11410-73,홍제원현대(459-0),,84.9,9,2000,56000,2017-12-28,,,,,,
서대문구,11410,10200,충정로3가,465,11410-141,충정리시온,,38.7,13,2004,32000,2017-12-23,,,,,,
서대문구,11410,11100,홍제동,467,11410-3619,인왕산어울림,,133.9,12,2006,68000,2017-12-24,,,,,,
서대문구,11410,11900,북가좌동,481,11410-4085,DMC래미안e편한세상,,59.97,9,2012,58000,2017-12-16,,,,,,
서대문구,11410,11200,대현동,144,11410-22,신촌럭키,,59.7,6,1999,45000,2017-12-30,,,,,,
서대문구,11410,11700,연희동,738,11410-35,임광,,59.96,16,1999,42700,2017-12-29,,,,,,
서대문구,11410,11800,홍은동,461,11410-3898,홍은센트레빌,,84.84,5,2009,49000,2017-12-30,,,,,,
서대문구,11410,10900,현저동,200,11410-10,독립문극동(200-0),,84.87,5,1998,63300,2017-12-08,,,,,,
서대문구,11410,11100,홍제동,459,11410-73,홍제원현대(459-0),,59.93,12,2000,41200,2017-12-30,,,,,,
서대문구,11410,11200,대현동,144,11410-22,신촌럭키,,83.38,1,1999,50000,2017-12-06,,,,,,
서대문구,11410,11100,홍제동,455,11410-69,현대그린,,84.96,4,1996,36800,2017-12-26,,,,,,
서대문구,11410,10500,냉천동,261,11410-3906,돈의문센트레빌,,59.98,7,2011,65500,2017-12-02,,,,,,
서대문구,11410,11100,홍제동,459,11410-73,홍제원현대(459-0),,84.9,1,2000,50500,2017-12-11,,,,,,
서대문구,11410,11800,홍은동,456,11410-82,두산,,84.84,5,1997,40300,2017-12-12,,,,,,
서대문구,11410,12000,남가좌동,385,11410-4483,DMC파크뷰자이5단지,,59.981,2,2015,58000,2017-12-02,,,,,,
서대문구,11410,11000,북아현동,1013,11410-4619,e편한세상신촌1단지,,59.85,11,2018,74500,2017-12-26,,,,,,
서대문구,11410,11100,홍제동,462,11410-65,청구3차,,59.4,2,2001,38000,2017-12-05,,,,,,
서대문구,11410,11900,북가좌동,458,11410-3856,DMC아이파크,,84.93,7,2009,60000,2017-12-27,,,,,,
서대문구,11410,11100,홍제동,453,11410-63,청구1차,,84.78,11,1994,51500,2017-12-28,,,,,,
서대문구,11410,10300,합동,118,11410-3838,에스케이뷰,,84.909,11,2008,69500,2017-12-02,,,,,,
서대문구,11410,12000,남가좌동,377,11410-102,DMC래미안클라시스,,59.97,10,2000,41800,2017-12-02,,,,,,
서대문구,11410,12000,남가좌동,377,11410-102,DMC래미안클라시스,,84.9,4,2000,49000,2017-12-02,,,,,,
서대문구,11410,11000,북아현동,1009,11410-13,두산,,59.96,14,1999,44800,2017-12-20,,,,,,
서대문구,11410,11200,대현동,104-36,11410-4373,신촌자이엘라,,24.7,16,2014,27400,2017-12-30,,,,,,
서대문구,11410,10300,합동,118,11410-3838,에스케이뷰,,84.909,13,2008,70500,2017-12-02,,,,,,
서대문구,11410,11100,홍제동,342,11410-62,중앙하이츠,,59.23,7,2001,30500,2017-12-23,,,,,,
서대문구,11410,11000,북아현동,1011,11410-4476,신촌푸르지오,,84.9572,8,2015,90000,2017-12-26,,,,,,
서대문구,11410,10900,현저동,200,11410-10,독립문극동(200-0),,59.58,5,1998,52000,2017-12-30,,,,,,
서대문구,11410,11100,홍제동,373,11410-56,태영으뜸(데시앙),,67.3,1,1998,30300,2017-12-28,,,,,,
서대문구,11410,12000,남가좌동,385,11410-4479,DMC파크뷰자이1단지,,84.971,23,2015,76000,2017-12-09,,,,,,
서대문구,11410,11900,북가좌동,481,11410-4085,DMC래미안e편한세상,,84.97,10,2012,70500,2017-12-23,,,,,,
서대문구,11410,11900,북가좌동,481,11410-4085,DMC래미안e편한세상,,120.95,24,2012,89000,2017-12-12,,,,,,
서대문구,11410,11100,홍제동,463,11410-49,문화촌현대,,59.94,20,2002,35300,2017-12-25,,,,,,
서대문구,11410,12000,남가좌동,385,11410-4479,DMC파크뷰자이1단지,,84.971,6,2015,70100,2017-12-31,,,,,,
서대문구,11410,10600,천연동,145,11410-3569,천연뜨란채,,56.02,9,2006,46000,2017-12-28,,,,,,
서대문구,11410,12000,남가좌동,377,11410-102,DMC래미안클라시스,,84.9,11,2000,50200,2017-12-30,,,,,,
서대문구,11410,12000,남가좌동,385,11410-4479,DMC파크뷰자이1단지,,84.971,9,2015,73400,2017-12-16,,,,,,
서대문구,11410,10200,충정로3가,465,11410-141,충정리시온,,45.75,20,2004,38500,2017-12-23,,,,,,
서대문구,11410,10500,냉천동,260,11410-7,동부센트레빌,,59.86,9,2002,44600,2017-12-25,,,,,,
서대문구,11410,12000,남가좌동,377,11410-102,DMC래미안클라시스,,59.97,12,2000,41500,2017-12-22,,,,,,
서대문구,11410,11100,홍제동,104-1,11410-57,인왕,,56.79,5,1968,32000,2017-12-28,,,,,,
서대문구,11410,12000,남가좌동,385,11410-4479,DMC파크뷰자이1단지,,84.971,13,2015,74800,2017-12-29,,,,,,
서대문구,11410,11100,홍제동,461,11410-71,홍제삼성래미안,,60,8,2001,39500,2017-12-11,,,,,,
서대문구,11410,10900,현저동,200,11410-10,독립문극동(200-0),,84.87,8,1998,64000,2017-12-24,,,,,,
서대문구,11410,11900,북가좌동,481,11410-4085,DMC래미안e편한세상,,59.97,7,2012,58000,2017-12-20,,,,,,
서대문구,11410,11100,홍제동,461,11410-71,홍제삼성래미안,,84.33,4,2001,54000,2017-12-15,,,,,,
서대문구,11410,11900,북가좌동,481,11410-4085,DMC래미안e편한세상,,84.93,25,2012,68000,2017-12-04,,,,,,
서대문구,11410,10600,천연동,145,11410-3569,천연뜨란채,,57.78,4,2006,46500,2017-12-23,,,,,,
서대문구,11410,11800,홍은동,440-3,11410-92,풍림1차,,64.53,8,1988,28000,2017-12-26,,,,,,
서대문구,11410,11700,연희동,104-3,11410-3481,싸이,,72.75,5,2005,33500,2017-12-04,,,,,,
서대문구,11410,11000,북아현동,1006,11410-14,북아현경남,,84.84,4,1996,68100,2017-12-23,,,,,,
서대문구,11410,11800,홍은동,457,11410-81,동일,,84.98,20,1997,36000,2017-12-06,,,,,,
서대문구,11410,11900,북가좌동,481,11410-4085,DMC래미안e편한세상,,84.95,12,2012,72700,2017-12-04,,,,,,
서대문구,11410,11900,북가좌동,481,11410-4085,DMC래미안e편한세상,,120.95,21,2012,89700,2017-12-07,,,,,,
서대문구,11410,11800,홍은동,453-2,11410-93,풍림2,,58.5,4,1990,30500,2017-12-05,,,,,,
서대문구,11410,12000,남가좌동,377,11410-102,DMC래미안클라시스,,84.9,13,2000,49300,2017-12-06,,,,,,
서대문구,11410,11900,북가좌동,481,11410-4085,DMC래미안e편한세상,,84.95,5,2012,71000,2017-12-11,,,,,,
서대문구,11410,10500,냉천동,261,11410-3906,돈의문센트레빌,,114.98,8,2011,90000,2017-12-10,,,,,,
서대문구,11410,10500,냉천동,261,11410-3906,돈의문센트레빌,,59.98,5,2011,64800,2017-12-28,,,,,,
서대문구,11410,11100,홍제동,456,11410-53,성원,,55.35,14,1998,33950,2017-12-23,,,,,,
서대문구,11410,10600,천연동,145,11410-3569,천연뜨란채,,55.85,12,2006,46000,2017-12-21,,,,,,
서대문구,11410,11900,북가좌동,449,11410-106,북가좌삼호,,84.57,8,1996,46500,2017-12-23,,,,,,
서대문구,11410,11000,북아현동,1010,11410-3902,경남102동,,82.21,4,2008,66550,2017-12-20,,,,,,
서대문구,11410,11100,홍제동,82,11410-67,홍제한양,,84.77,10,1993,50800,2017-12-30,,,,,,
서대문구,11410,11900,북가좌동,449,11410-106,북가좌삼호,,84.57,13,1996,48000,2017-12-10,,,,,,
서대문구,11410,11100,홍제동,82,11410-67,홍제한양,,60.06,10,1993,39500,2017-12-14,,,,,,
서대문구,11410,11800,홍은동,150-13,11410-119,신계,,84.15,7,2003,28500,2017-12-21,,,,,,
서대문구,11410,10900,현저동,200,11410-10,독립문극동(200-0),,102.45,11,1998,70000,2017-12-01,,,,,,
서대문구,11410,10200,충정로3가,477,11410-3939,충림예하임,,84.6,7,2010,50000,2017-12-02,,,,,,
서대문구,11410,12000,남가좌동,381,11410-3900,DMC센트레빌,,59.95,5,2009,53000,2017-12-02,,,,,,
서대문구,11410,11900,북가좌동,481,11410-4085,DMC래미안e편한세상,,84.95,4,2012,70000,2017-12-27,,,,,,
서대문구,11410,11700,연희동,738,11410-35,임광,,59.96,11,1999,40800,2017-12-17,,,,,,
서대문구,11410,11100,홍제동,82,11410-67,홍제한양,,60.06,14,1993,38800,2017-12-05,,,,,,
서대문구,11410,11100,홍제동,453,11410-63,청구1차,,84.78,8,1994,51000,2017-12-27,,,,,,
서대문구,11410,11100,홍제동,462,11410-65,청구3차,,59.4,4,2001,38800,2017-12-09,,,,,,
서대문구,11410,11900,북가좌동,453,11410-109,DMC현대아파트,,59.91,4,2000,35300,2017-12-02,,,,,,
서대문구,11410,11100,홍제동,469,11410-3893,인왕산한신휴플러스,,125.256,9,2009,69800,2017-12-04,,,,,,
서대문구,11410,11000,북아현동,1011,11410-4476,신촌푸르지오,,84.9738,5,2015,92000,2017-12-23,,,,,,
서대문구,11410,12000,남가좌동,376,11410-104,남가좌동현대,,59.4,8,1999,39000,2017-12-02,,,,,,
서대문구,11410,11100,홍제동,373,11410-56,태영으뜸(데시앙),,85.29,9,1998,38000,2017-12-09,,,,,,
서대문구,11410,12000,남가좌동,385,11410-4479,DMC파크뷰자이1단지,,84.971,10,2015,71000,2017-12-09,,,,,,
서대문구,11410,11100,홍제동,82,11410-67,홍제한양,,60.06,12,1993,39500,2017-12-22,,,,,,
서대문구,11410,12000,남가좌동,377,11410-102,DMC래미안클라시스,,59.93,13,2000,41700,2017-12-08,,,,,,
서대문구,11410,12000,남가좌동,385,11410-4480,DMC파크뷰자이2단지,,84.909,14,2015,70000,2017-12-08,,,,,,
서대문구,11410,11000,북아현동,1009,11410-13,두산,,59.96,6,1999,44000,2017-12-14,,,,,,
서대문구,11410,11000,북아현동,1011,11410-4476,신촌푸르지오,,84.9559,12,2015,90000,2017-12-29,,,,,,
서대문구,11410,11000,북아현동,1011,11410-4476,신촌푸르지오,,59.88,8,2015,78000,2017-12-17,,,,,,
서대문구,11410,11900,북가좌동,481,11410-4085,DMC래미안e편한세상,,59.97,10,2012,59500,2017-12-02,,,,,,
서대문구,11410,11900,북가좌동,481,11410-4085,DMC래미안e편한세상,,84.94,19,2012,67500,2017-12-15,,,,,,
서대문구,11410,11800,홍은동,455,11410-85,홍은동벽산,,114.96,2,1997,46500,2017-12-24,,,,,,
서대문구,11410,11800,홍은동,455,11410-85,홍은동벽산,,142.98,3,1997,48000,2017-12-17,,,,,,
서대문구,11410,11800,홍은동,455,11410-85,홍은동벽산,,84.78,1,1997,38800,2017-12-13,,,,,,
서대문구,11410,11900,북가좌동,481,11410-4085,DMC래미안e편한세상,,84.95,9,2012,70700,2017-12-09,,,,,,
서대문구,11410,11900,북가좌동,431,11410-108,DMC한양,,65.34,7,1987,37500,2017-12-22,,,,,,
서대문구,11410,12000,남가좌동,377,11410-102,DMC래미안클라시스,,59.93,12,2000,42000,2017-12-23,,,,,,
서대문구,11410,10600,천연동,145,11410-3569,천연뜨란채,,56.02,14,2006,46500,2017-12-20,,,,,,
서대문구,11410,12000,남가좌동,376,11410-104,남가좌동현대,,59.4,11,1999,39000,2017-12-12,,,,,,
서대문구,11410,11800,홍은동,455,11410-85,홍은동벽산,,84.78,10,1997,42000,2017-12-11,,,,,,
서대문구,11410,12000,남가좌동,376,11410-104,남가좌동현대,,84.78,5,1999,50300,2017-12-14,,,,,,
서대문구,11410,11200,대현동,144,11410-22,신촌럭키,,83.38,10,1999,58000,2017-12-22,,,,,,
서대문구,11410,11200,대현동,144,11410-22,신촌럭키,,83.38,9,1999,45000,2017-12-21,,,,,,
서대문구,11410,11800,홍은동,455,11410-85,홍은동벽산,,84.78,5,1997,40300,2017-12-29,,,,,,
서대문구,11410,11800,홍은동,455,11410-85,홍은동벽산,,84.78,5,1997,43000,2017-12-26,,,,,,
서대문구,11410,10600,천연동,145,11410-3569,천연뜨란채,,56.02,6,2006,46900,2017-12-20,,,,,,
서대문구,11410,11100,홍제동,460,11410-60,인왕산현대,,84.9,10,2000,54800,2017-12-04,,,,,,
서대문구,11410,11800,홍은동,460,11410-96,홍은동풍림아이원,,84.918,18,2002,40000,2017-12-10,,,,,,
서대문구,11410,11900,북가좌동,481,11410-4085,DMC래미안e편한세상,,84.92,29,2012,71500,2017-12-23,,,,,,
서대문구,11410,12000,남가좌동,385,11410-4479,DMC파크뷰자이1단지,,120.492,29,2015,90000,2017-12-12,,,,,,
서대문구,11410,11900,북가좌동,458,11410-3856,DMC아이파크,,84.93,2,2009,58000,2017-12-14,,,,,,
서대문구,11410,11000,북아현동,1009,11410-13,두산,,59.96,1,1999,40500,2017-12-30,,,,,,
서대문구,11410,11900,북가좌동,481,11410-4085,DMC래미안e편한세상,,84.94,6,2012,66300,2017-12-13,,,,,,
서대문구,11410,11000,북아현동,1011,11410-4476,신촌푸르지오,,59.88,13,2015,78900,2017-12-16,,,,,,
서대문구,11410,11800,홍은동,186-1,11410-84,홍은미성,,83.61,4,1985,34900,2017-12-02,,,,,,
서대문구,11410,11100,홍제동,465,11410-59,인왕산벽산,,84.63,13,2003,45300,2017-12-09,,,,,,
서대문구,11410,11000,북아현동,1011,11410-4476,신촌푸르지오,,84.9559,6,2015,86000,2017-12-07,,,,,,
서대문구,11410,11900,북가좌동,481,11410-4085,DMC래미안e편한세상,,84.95,14,2012,72000,2017-12-22,,,,,,
서대문구,11410,12000,남가좌동,385,11410-4479,DMC파크뷰자이1단지,,121.614,13,2015,96000,2017-12-20,,,,,,
서대문구,11410,11600,창천동,518,11410-4034,연대JK,,22.11,1,2012,16800,2017-12-09,,,,,,
서대문구,11410,11100,홍제동,461,11410-71,홍제삼성래미안,,60,14,2001,44300,2017-12-19,,,,,,
서대문구,11410,12000,남가좌동,385,11410-4480,DMC파크뷰자이2단지,,59.981,15,2015,60000,2017-12-09,,,,,,
서대문구,11410,11000,북아현동,1-1201,11410-147,조은1차,,84.4,4,2004,51800,2017-12-09,,,,,,
서대문구,11410,10600,천연동,145,11410-3569,천연뜨란채,,55.82,8,2006,47000,2017-12-06,,,,,,
서대문구,11410,11600,창천동,470,11410-162,하이펠리스,,122.2,1,2004,54000,2017-12-18,,,,,,
서대문구,11410,11100,홍제동,82,11410-67,홍제한양,,60.06,10,1993,39000,2017-12-02,,,,,,
서대문구,11410,10600,천연동,145,11410-3569,천연뜨란채,,55.82,12,2006,47500,2017-12-30,,,,,,
서대문구,11410,11900,북가좌동,481,11410-4085,DMC래미안e편한세상,,84.97,14,2012,72000,2017-12-08,,,,,,
서대문구,11410,12000,남가좌동,385,11410-4479,DMC파크뷰자이1단지,,84.971,11,2015,75000,2017-12-17,,,,,,
서대문구,11410,11900,북가좌동,449,11410-106,북가좌삼호,,114.03,14,1996,50400,2017-12-02,,,,,,
서대문구,11410,11900,북가좌동,458,11410-3856,DMC아이파크,,59.96,5,2009,50000,2017-12-18,,,,,,
서대문구,11410,12000,남가좌동,385,11410-4480,DMC파크뷰자이2단지,,84.968,11,2015,71300,2017-12-09,,,,,,
서대문구,11410,10800,영천동,100,11410-9,독립문삼호,,84.78,1,1995,52800,2017-12-17,,,,,,
서대문구,11410,10900,현저동,200,11410-10,독립문극동(200-0),,59.58,1,1998,46000,2017-12-09,,,,,,
서대문구,11410,11100,홍제동,456,11410-53,성원,,84.87,9,1998,45700,2017-12-01,,,,,,
서대문구,11410,11800,홍은동,455,11410-85,홍은동벽산,,84.78,7,1997,41000,2017-12-13,,,,,,
서대문구,11410,12000,남가좌동,385,11410-4479,DMC파크뷰자이1단지,,120.006,31,2015,90000,2017-12-11,,,,,,
서대문구,11410,11100,홍제동,465,11410-59,인왕산벽산,,84.86,5,2003,35000,2017-12-19,,,,,,
서대문구,11410,11100,홍제동,453,11410-63,청구1차,,84.78,15,1994,37000,2017-12-23,,,,,,
서대문구,11410,11100,홍제동,459,11410-73,홍제원현대(459-0),,84.9,18,2000,53200,2017-12-15,,,,,,
서대문구,11410,11900,북가좌동,481,11410-4085,DMC래미안e편한세상,,84.95,10,2012,70500,2017-12-09,,,,,,
서대문구,11410,11000,북아현동,1009,11410-13,두산,,59.96,10,1999,45000,2017-12-15,,,,,,
서대문구,11410,12000,남가좌동,385,11410-4479,DMC파크뷰자이1단지,,120.492,22,2015,93000,2017-12-01,,,,,,
서대문구,11410,11900,북가좌동,458,11410-3856,DMC아이파크,,84.93,13,2009,59500,2017-12-05,,,,,,
서대문구,11410,12000,남가좌동,376,11410-104,남가좌동현대,,59.4,12,1999,39500,2017-12-23,,,,,,
서대문구,11410,11200,대현동,144,11410-22,신촌럭키,,59.7,8,1999,46000,2017-12-23,,,,,,
서대문구,11410,11000,북아현동,1009,11410-13,두산,,59.96,2,1999,41700,2017-12-22,,,,,,
서대문구,11410,11200,대현동,144,11410-22,신촌럭키,,59.7,12,1999,45500,2017-12-07,,,,,,
서대문구,11410,11200,대현동,144,11410-22,신촌럭키,,83.38,13,1999,58500,2017-12-06,,,,,,
서대문구,11410,11100,홍제동,82,11410-67,홍제한양,,60.06,1,1993,35000,2017-12-02,,,,,,
서대문구,11410,12000,남가좌동,385,11410-4480,DMC파크뷰자이2단지,,84.968,15,2015,73000,2017-12-17,,,,,,
서대문구,11410,12000,남가좌동,385,11410-4480,DMC파크뷰자이2단지,,59.981,2,2015,59900,2017-12-23,,,,,,
서대문구,11410,10500,냉천동,260,11410-7,동부센트레빌,,84.93,4,2002,58000,2017-12-01,,,,,,
서대문구,11410,12000,남가좌동,385,11410-4480,DMC파크뷰자이2단지,,84.99,17,2015,71500,2017-12-11,,,,,,
서대문구,11410,10200,충정로3가,3-46,11410-3582,행복한,,39.91,2,2006,34000,2017-12-20,,,,,,
서대문구,11410,12000,남가좌동,385,11410-4480,DMC파크뷰자이2단지,,84.968,4,2015,71500,2017-12-08,,,,,,
서대문구,11410,12000,남가좌동,385,11410-4480,DMC파크뷰자이2단지,,84.968,17,2015,73000,2017-12-02,,,,,,
서대문구,11410,11800,홍은동,455,11410-85,홍은동벽산,,114.96,6,1997,48100,2017-12-08,,,,,,
서대문구,11410,12000,남가좌동,385,11410-4479,DMC파크뷰자이1단지,,84.971,5,2015,75800,2017-12-26,,,,,,
서대문구,11410,10900,현저동,1019,11410-11,독립문파크빌,,59.4,10,2000,39500,2017-12-26,,,,,,
서대문구,11410,12000,남가좌동,385,11410-4480,DMC파크뷰자이2단지,,84.968,12,2015,71500,2017-12-23,,,,,,
서대문구,11410,11100,홍제동,331,11410-68,홍제현대,,83.05,3,1992,51000,2017-12-07,,,,,,
서대문구,11410,11100,홍제동,456,11410-53,성원,,84.87,2,1998,36000,2017-12-05,,,,,,
서대문구,11410,12000,남가좌동,385,11410-4479,DMC파크뷰자이1단지,,84.98,16,2015,74700,2017-12-09,,,,,,
서대문구,11410,11900,북가좌동,481,11410-4085,DMC래미안e편한세상,,84.92,23,2012,72000,2017-12-08,,,,,,
서대문구,11410,11100,홍제동,460,11410-60,인왕산현대,,84.9,3,2000,51600,2017-12-09,,,,,,
서대문구,11410,11200,대현동,145,11410-3713,예스에이피엠,,38.72,10,2007,28000,2017-12-16,,,,,,
서대문구,11410,11100,홍제동,453,11410-63,청구1차,,84.78,14,1994,49000,2017-12-04,,,,,,
서대문구,11410,11800,홍은동,산11-244,11410-3755,세한숲속마을,,83.91,4,2002,32500,2017-12-05,,,,,,
서대문구,11410,11800,홍은동,202-5,11410-95,"현대(1,2차)",,74.52,5,1988,38700,2017-12-14,,,,,,
서대문구,11410,11800,홍은동,202-5,11410-95,"현대(1,2차)",,74.52,14,1988,37000,2017-12-03,,,,,,
서대문구,11410,11800,홍은동,453-2,11410-93,풍림2,,58.5,4,1990,32000,2017-12-08,,,,,,
서대문구,11410,12000,남가좌동,380,11410-3525,쌍용스윗닷홈,,84.98,15,2005,47300,2017-12-22,,,,,,
서대문구,11410,12000,남가좌동,376,11410-104,남가좌동현대,,59.4,11,1999,38500,2017-12-09,,,,,,
서대문구,11410,11100,홍제동,459,11410-73,홍제원현대(459-0),,59.93,16,2000,41800,2017-12-02,,,,,,
서대문구,11410,11700,연희동,745,11410-4254,연희자이엘라,,13.642,3,2014,17000,2017-12-18,,,,,,
서대문구,11410,10200,충정로3가,189-8,11410-3,미동,,55.57,5,1969,18500,2017-12-14,,,,,,
서대문구,11410,11000,북아현동,1011,11410-4476,신촌푸르지오,,84.9892,4,2015,87800,2017-12-06,,,,,,
서대문구,11410,11000,북아현동,1011,11410-4476,신촌푸르지오,,59.88,16,2015,74900,2017-12-19,,,,,,
서대문구,11410,10900,현저동,200,11410-10,독립문극동(200-0),,84.87,3,1998,60000,2017-12-06,,,,,,
서대문구,11410,11100,홍제동,82,11410-67,홍제한양,,60.06,1,1993,35000,2017-12-02,,,,,,
서대문구,11410,11900,북가좌동,453,11410-109,DMC현대아파트,,84.95,3,2000,40000,2017-12-12,,,,,,
서대문구,11410,12000,남가좌동,385,11410-4479,DMC파크뷰자이1단지,,84.968,7,2015,73000,2017-12-02,,,,,,
서대문구,11410,12000,남가좌동,376,11410-104,남가좌동현대,,59.4,7,1999,39000,2017-12-08,,,,,,
서대문구,11410,12000,남가좌동,376,11410-104,남가좌동현대,,59.4,17,1999,39000,2017-12-04,,,,,,
서대문구,11410,12000,남가좌동,385,11410-4480,DMC파크뷰자이2단지,,59.981,3,2015,62000,2017-12-06,,,,,,
서대문구,11410,11700,연희동,740,11410-30,성원,,84.95,5,2001,40000,2017-12-06,,,,,,
서대문구,11410,11000,북아현동,1009,11410-13,두산,,59.96,10,1999,45500,2017-12-08,,,,,,
서대문구,11410,10900,현저동,200,11410-10,독립문극동(200-0),,59.58,2,1998,49000,2017-12-02,,,,,,
서대문구,11410,11800,홍은동,440-3,11410-92,풍림1차,,56.61,5,1988,25500,2017-12-10,,,,,,
서대문구,11410,11000,북아현동,1011,11410-4476,신촌푸르지오,,84.9892,4,2015,90000,2017-12-07,,,,,,
서대문구,11410,11800,홍은동,455,11410-85,홍은동벽산,,142.98,6,1997,55000,2017-12-01,,,,,,
서대문구,11410,11100,홍제동,315-7,11410-52,서울맨션,,63.23,5,1972,22800,2017-12-04,,,,,,
서대문구,11410,11000,북아현동,1009,11410-13,두산,,59.96,1,1999,39900,2017-12-02,,,,,,
마포구,11440,10400,도화동,353,11440-19,현대홈타운,,113.25,18,2000,65000,2017-12-18,,,,,,
마포구,11440,11400,창전동,437,11440-47,창전래미안,,84.93,4,1998,58000,2017-12-07,,,,,,
마포구,11440,10100,아현동,738,11440-4492,마포트라팰리스2차,,84.93,22,2008,72150,2017-12-29,,,,,,
마포구,11440,12700,상암동,1752,11440-4800,상암월드컵파크9단지,,84.89,10,2010,62000,2017-12-04,,,,,,
마포구,11440,10300,신공덕동,172,11440-4887,펜트라우스,,152.85,14,2011,121500,2017-12-29,,,,,,
마포구,11440,12700,상암동,1752,11440-4800,상암월드컵파크9단지,,84.94,8,2010,63650,2017-12-29,,,,,,
마포구,11440,11100,신수동,450,11440-40,신촌삼익,,59.85,8,1997,53300,2017-12-27,,,,,,
마포구,11440,11000,노고산동,107-36,11440-37,현대벤처빌,,84.51,19,2002,39000,2017-12-30,,,,,,
마포구,11440,10300,신공덕동,172,11440-4887,펜트라우스,,115.04,19,2011,98000,2017-12-23,,,,,,
마포구,11440,11700,신정동,30,11440-51,서강GS,,59.98,12,1999,58000,2017-12-26,,,,,,
마포구,11440,11100,신수동,459,11440-4706,밤섬경남아너스빌,,84.83,15,2009,75500,2017-12-21,,,,,,
마포구,11440,10200,공덕동,371,11440-4,공덕1삼성래미안,,59.74,11,1999,65200,2017-12-27,,,,,,
마포구,11440,12700,상암동,1637,11440-136,상암월드컵파크2단지,,49.9,7,2003,50900,2017-12-26,,,,,,
마포구,11440,10900,염리동,515-1,11440-33,상록,,58.71,2,1997,45000,2017-12-31,,,,,,
마포구,11440,10100,아현동,802,11440-5661,마포센트럴 아이파크,,111.1083,19,2017,105000,2017-12-28,,,,,,
마포구,11440,10400,도화동,550,11440-15,삼성,,84.985,16,1997,78300,2017-12-23,,,,,,
마포구,11440,10100,아현동,692,11440-1,서서울삼성,,48.92,11,1998,39000,2017-12-26,,,,,,
마포구,11440,10200,공덕동,188-108,11440-6,마포현대,,84.87,14,1988,63000,2017-12-30,,,,,,
마포구,11440,10900,염리동,515-1,11440-33,상록,,58.71,13,1997,44000,2017-12-23,,,,,,
마포구,11440,10900,염리동,521,11440-147,마포자이,,84.692,14,2003,97000,2017-12-26,,,,,,
마포구,11440,12500,성산동,446,11440-169,성산시영(대우),,50.03,1,1986,49000,2017-12-30,,,,,,
마포구,11440,10400,도화동,357,11440-12,도화동현대,,128.26,13,1996,77500,2017-12-26,,,,,,
마포구,11440,10200,공덕동,371,11440-4,공덕1삼성래미안,,59.74,7,1999,64200,2017-12-04,,,,,,
마포구,11440,12600,중동,390,11440-123,DMC마포청구아파트,,84.9,15,1994,54200,2017-12-30,,,,,,
마포구,11440,10100,아현동,777,11440-5410,마포래미안푸르지오4단지,,59.9656,11,2014,81000,2017-12-22,,,,,,
마포구,11440,12600,중동,40-12,11440-124,현대,,59.54,12,2000,43400,2017-12-29,,,,,,
마포구,11440,11200,현석동,222,11440-151,강변힐스테이트,,59.54,17,2004,63000,2017-12-30,,,,,,
마포구,11440,11200,현석동,118,11440-43,밤섬예가클래식,,82.32,7,1989,79070,2017-12-31,,,,,,
마포구,11440,10800,대흥동,804,11440-5348,마포자이2차,,84.44,14,2014,95000,2017-12-20,,,,,,
마포구,11440,10200,공덕동,469,11440-4855,래미안공덕5차,,84.859,10,2011,91500,2017-12-30,,,,,,
마포구,11440,10300,신공덕동,171,11440-4876,kcc웰츠,,107.42,23,2011,95000,2017-12-23,,,,,,
마포구,11440,10900,염리동,521,11440-147,마포자이,,84.692,7,2003,95000,2017-12-20,,,,,,
마포구,11440,10200,공덕동,371,11440-4,공덕1삼성래미안,,84.94,2,1999,74500,2017-12-26,,,,,,
마포구,11440,12500,성산동,446,11440-168,성산시영(선경),,50.54,4,1986,54000,2017-12-30,,,,,,
마포구,11440,12500,성산동,446,11440-168,성산시영(선경),,50.54,12,1986,60000,2017-12-22,,,,,,
마포구,11440,12400,연남동,573,11440-146,코오롱,,114.88,14,2003,79800,2017-12-12,,,,,,
마포구,11440,11600,하중동,101,11440-4715,한강밤섬자이,,84.99,5,2010,88700,2017-12-25,,,,,,
마포구,11440,12500,성산동,597,11440-107,성산동성,,84.97,3,1999,46500,2017-12-24,,,,,,
마포구,11440,10400,도화동,353,11440-19,현대홈타운,,84.95,4,2000,62000,2017-12-27,,,,,,
마포구,11440,10100,아현동,777,11440-5408,마포래미안푸르지오3단지,,84.5978,18,2014,98000,2017-12-20,,,,,,
마포구,11440,10100,아현동,800,11440-5458,공덕자이,,59.99,3,2015,78700,2017-12-27,,,,,,
마포구,11440,11000,노고산동,1-3,11440-180,신촌포스빌,,32.34,6,2004,29500,2017-12-23,,,,,,
마포구,11440,12000,서교동,487,11440-3901,대우미래사랑,,47.48,11,2005,37500,2017-12-23,,,,,,
마포구,11440,11400,창전동,437,11440-47,창전래미안,,59.94,6,1998,56500,2017-12-27,,,,,,
마포구,11440,12500,성산동,601,11440-118,성산월드타운대림,,84.549,13,2004,60000,2017-12-14,,,,,,
마포구,11440,10400,도화동,550,11440-15,삼성,,136.65,14,1997,103000,2017-12-09,,,,,,
마포구,11440,11400,창전동,442,11440-4083,서강오벨리스크스위트,,84.96,7,2007,64000,2017-12-26,,,,,,
마포구,11440,11400,창전동,444,11440-4156,서강예가,,84.74,1,2007,74700,2017-12-08,,,,,,
마포구,11440,11400,창전동,440,11440-3890,창전동현대홈타운,,84.978,22,2005,72800,2017-12-09,,,,,,
마포구,11440,12500,성산동,446,11440-109,성산시영(유원),,59.43,13,1986,60000,2017-12-21,,,,,,
마포구,11440,11100,신수동,455,11440-3920,경남아너스빌,,84.97,5,2005,63000,2017-12-26,,,,,,
마포구,11440,10100,아현동,802,11440-5661,마포센트럴 아이파크,,84.9668,23,2017,84000,2017-12-10,,,,,,
마포구,11440,12700,상암동,1655,11440-4038,상암월드컵파크4단지,,84.76,11,2006,79000,2017-12-28,,,,,,
마포구,11440,12500,성산동,667,11440-4586,월드컵아이파크(667),,59.73,12,2009,53800,2017-12-11,,,,,,
마포구,11440,10900,염리동,520,11440-34,염리삼성래미안,,114.48,10,2001,78500,2017-12-29,,,,,,
마포구,11440,12700,상암동,1658,11440-3929,상암월드컵파크5단지,,104.69,17,2005,83000,2017-12-21,,,,,,
마포구,11440,10900,염리동,521,11440-147,마포자이,,135.376,7,2003,116500,2017-12-15,,,,,,
마포구,11440,10500,용강동,508,11440-5449,이편한세상마포리버파크,,84.98,11,2016,120000,2017-12-31,,,,,,
마포구,11440,10400,도화동,353,11440-19,현대홈타운,,84.95,19,2000,62000,2017-12-14,,,,,,
마포구,11440,10400,도화동,559,11440-3993,마포트라팰리스,,84.02,6,2006,60000,2017-12-23,,,,,,
마포구,11440,10300,신공덕동,161,11440-10,신공덕래미안3차,,84.69,12,2003,75000,2017-12-16,,,,,,
마포구,11440,10300,신공덕동,161,11440-10,신공덕래미안3차,,114.76,4,2003,76000,2017-12-14,,,,,,
마포구,11440,10400,도화동,555,11440-177,한화오벨리스크,,75.7,27,2004,56700,2017-12-14,,,,,,
마포구,11440,10300,신공덕동,172,11440-4887,펜트라우스,,152.85,16,2011,120000,2017-12-27,,,,,,
마포구,11440,10900,염리동,515-1,11440-33,상록,,57.88,4,1997,45400,2017-12-09,,,,,,
마포구,11440,10200,공덕동,371,11440-4,공덕1삼성래미안,,84.94,18,1999,84000,2017-12-29,,,,,,
마포구,11440,12700,상암동,1630,11440-4660,DMC상암센트럴파크1단지,,84.91,11,2009,70000,2017-12-30,,,,,,
마포구,11440,12300,망원동,420,11440-128,성원1,,59.4,4,1998,42500,2017-12-29,,,,,,
마포구,11440,10100,아현동,777,11440-5408,마포래미안푸르지오3단지,,59.9236,18,2014,84000,2017-12-30,,,,,,
마포구,11440,10200,공덕동,43,11440-7,공덕2삼성래미안,,84.94,8,2004,79000,2017-12-28,,,,,,
마포구,11440,10100,아현동,777,11440-5407,마포래미안푸르지오1단지,,84.5978,19,2014,99000,2017-12-18,,,,,,
마포구,11440,10600,토정동,138,11440-26,한강삼성,,84.78,20,1997,73500,2017-12-30,,,,,,
마포구,11440,10300,신공덕동,159,11440-8,신공덕래미안2차,,114.5,18,2000,74000,2017-12-29,,,,,,
마포구,11440,10200,공덕동,43,11440-7,공덕2삼성래미안,,84.94,18,2004,77500,2017-12-13,,,,,,
마포구,11440,10100,아현동,777,11440-5407,마포래미안푸르지오1단지,,84.5978,3,2014,96200,2017-12-27,,,,,,
마포구,11440,11700,신정동,30,11440-51,서강GS,,84.4,5,1999,64500,2017-12-26,,,,,,
마포구,11440,12500,성산동,446,11440-109,성산시영(유원),,59.43,9,1986,62000,2017-12-27,,,,,,
마포구,11440,10400,도화동,550,11440-15,삼성,,84.985,6,1997,78000,2017-12-24,,,,,,
마포구,11440,12700,상암동,1660,11440-3927,상암월드컵파크7단지,,84.9,10,2005,73000,2017-12-27,,,,,,
마포구,11440,12500,성산동,446,11440-169,성산시영(대우),,50.03,4,1986,51000,2017-12-30,,,,,,
마포구,11440,10600,토정동,138,11440-26,한강삼성,,59.76,21,1997,62800,2017-12-22,,,,,,
마포구,11440,12500,성산동,446,11440-109,성산시영(유원),,59.43,3,1986,60000,2017-12-13,,,,,,
마포구,11440,12000,서교동,490,11440-5097,메세나폴리스,,148.981,4,2012,156000,2017-12-26,,,,,,
마포구,11440,12700,상암동,1637,11440-136,상암월드컵파크2단지,,59.92,7,2003,57000,2017-12-30,,,,,,
마포구,11440,11400,창전동,437,11440-47,창전래미안,,84.93,2,1998,58000,2017-12-09,,,,,,
마포구,11440,12700,상암동,1637,11440-136,상암월드컵파크2단지,,59.92,3,2003,55000,2017-12-30,,,,,,
마포구,11440,10100,아현동,777,11440-5406,마포래미안푸르지오2단지,,114.588,4,2014,116200,2017-12-30,,,,,,
마포구,11440,12300,망원동,511,11440-206,함성월드빌2차,,84.61,4,2004,58000,2017-12-04,,,,,,
마포구,11440,10300,신공덕동,155,11440-9,신공덕1차삼성래미안1아파트,,59.76,5,2000,71500,2017-12-30,,,,,,
마포구,11440,11400,창전동,441,11440-3898,창전쌍용스윗닷홈,,84.983,4,2005,62500,2017-12-02,,,,,,
마포구,11440,10100,아현동,777,11440-5406,마포래미안푸르지오2단지,,114.7267,1,2014,115000,2017-12-23,,,,,,
마포구,11440,10400,도화동,555,11440-177,한화오벨리스크,,126.12,37,2004,121000,2017-12-02,,,,,,
마포구,11440,10100,아현동,777,11440-5406,마포래미안푸르지오2단지,,59.9656,2,2014,77500,2017-12-23,,,,,,
마포구,11440,10300,신공덕동,161,11440-10,신공덕래미안3차,,59.96,2,2003,59500,2017-12-23,,,,,,
마포구,11440,12700,상암동,1660,11440-3927,상암월드컵파크7단지,,84.67,11,2005,72500,2017-12-28,,,,,,
마포구,11440,12200,합정동,381-16,11440-4027,KCC엠파이어리버,,145.53,22,2006,96000,2017-12-08,,,,,,
마포구,11440,10400,도화동,357,11440-12,도화동현대,,68.22,7,1996,60000,2017-12-12,,,,,,
마포구,11440,12700,상암동,1618,11440-4659,DMC상암센트럴파크2단지,,51.98,6,2009,49800,2017-12-08,,,,,,
마포구,11440,10400,도화동,555,11440-177,한화오벨리스크,,59,21,2004,53500,2017-12-29,,,,,,
마포구,11440,10700,마포동,442,11440-29,보성,,59.4,8,1996,43900,2017-12-21,,,,,,
마포구,11440,10600,토정동,138,11440-26,한강삼성,,84.96,3,1997,66500,2017-12-18,,,,,,
마포구,11440,11700,신정동,30,11440-51,서강GS,,114.87,15,1999,83000,2017-12-14,,,,,,
마포구,11440,12700,상암동,1643,11440-135,상암월드컵파크3단지,,84.94,3,2003,69000,2017-12-26,,,,,,
마포구,11440,10200,공덕동,457,11440-175,공덕3삼성래미안,,114.98,19,2004,105000,2017-12-04,,,,,,
마포구,11440,11400,창전동,444,11440-4156,서강예가,,84.74,2,2007,75800,2017-12-11,,,,,,
마포구,11440,12700,상암동,1743,11440-4801,상암월드컵파크12단지,,84.89,5,2010,67500,2017-12-11,,,,,,
마포구,11440,10100,아현동,777,11440-5408,마포래미안푸르지오3단지,,114.7267,10,2014,120000,2017-12-16,,,,,,
마포구,11440,10400,도화동,82,11440-17,우성,,128.315,12,1991,76500,2017-12-02,,,,,,
마포구,11440,11100,신수동,459,11440-4706,밤섬경남아너스빌,,84.9,15,2009,76000,2017-12-20,,,,,,
마포구,11440,10300,신공덕동,171,11440-4876,kcc웰츠,,118.31,16,2011,101500,2017-12-16,,,,,,
마포구,11440,12700,상암동,1658,11440-3929,상암월드컵파크5단지,,84.67,1,2005,69000,2017-12-12,,,,,,
마포구,11440,10800,대흥동,660,11440-32,대흥동태영아파트,,84.77,9,1999,75300,2017-12-30,,,,,,
마포구,11440,10900,염리동,520,11440-34,염리삼성래미안,,114.48,7,2001,79800,2017-12-29,,,,,,
마포구,11440,12300,망원동,464-5,11440-193,현대그린,,80.88,4,2003,38900,2017-12-02,,,,,,
마포구,11440,10300,신공덕동,159,11440-8,신공덕래미안2차,,59.48,14,2000,56900,2017-12-30,,,,,,
마포구,11440,10800,대흥동,660,11440-32,대흥동태영아파트,,84.77,14,1999,76000,2017-12-18,,,,,,
마포구,11440,12700,상암동,1655,11440-4038,상암월드컵파크4단지,,104.78,19,2006,90000,2017-12-02,,,,,,
마포구,11440,10900,염리동,520,11440-34,염리삼성래미안,,59.52,14,2001,62000,2017-12-18,,,,,,
마포구,11440,10300,신공덕동,155,11440-9,신공덕1차삼성래미안1아파트,,84.9,18,2000,80000,2017-12-27,,,,,,
마포구,11440,12200,합정동,466,11440-63,장미(466-0),,78.22,1,2000,43000,2017-12-20,,,,,,
마포구,11440,11100,신수동,459,11440-4706,밤섬경남아너스빌,,84.83,20,2009,77000,2017-12-09,,,,,,
마포구,11440,10300,신공덕동,155,11440-9,신공덕1차삼성래미안1아파트,,84.9,13,2000,78500,2017-12-14,,,,,,
마포구,11440,10400,도화동,82,11440-17,우성,,141.515,3,1991,80000,2017-12-26,,,,,,
마포구,11440,10200,공덕동,469,11440-4855,래미안공덕5차,,113.866,16,2011,106500,2017-12-28,,,,,,
마포구,11440,10400,도화동,353,11440-19,현대홈타운,,113.25,13,2000,69000,2017-12-09,,,,,,
마포구,11440,12500,성산동,667,11440-4586,월드컵아이파크(667),,117.95,16,2009,72000,2017-12-24,,,,,,
마포구,11440,12500,성산동,601,11440-118,성산월드타운대림,,59.888,15,2004,47500,2017-12-19,,,,,,
마포구,11440,12700,상암동,1637,11440-136,상암월드컵파크2단지,,59.92,13,2003,57800,2017-12-23,,,,,,
마포구,11440,12700,상암동,1637,11440-136,상암월드컵파크2단지,,59.92,20,2003,56500,2017-12-26,,,,,,
마포구,11440,11100,신수동,451,11440-142,세양청마루,,82.86,12,2003,64000,2017-12-21,,,,,,
마포구,11440,10500,용강동,502,11440-5455,래미안마포리버웰,,84.99,7,2015,109500,2017-12-30,,,,,,
마포구,11440,11100,신수동,190,11440-39,신수동성원,,59.76,7,1998,49500,2017-12-21,,,,,,
마포구,11440,10100,아현동,777,11440-5410,마포래미안푸르지오4단지,,59.9656,9,2014,86000,2017-12-07,,,,,,
마포구,11440,10400,도화동,82,11440-17,우성,,128.315,15,1991,78000,2017-12-17,,,,,,
마포구,11440,12700,상암동,1658,11440-3929,상암월드컵파크5단지,,84.73,15,2005,76000,2017-12-25,,,,,,
마포구,11440,10900,염리동,521,11440-147,마포자이,,113.803,1,2003,99000,2017-12-09,,,,,,
마포구,11440,10200,공덕동,371,11440-4,공덕1삼성래미안,,59.74,2,1999,59500,2017-12-11,,,,,,
마포구,11440,11100,신수동,450,11440-40,신촌삼익,,59.85,6,1997,54500,2017-12-24,,,,,,
마포구,11440,10800,대흥동,802,11440-31,대흥동세양,,84.6,11,2000,65000,2017-12-11,,,,,,
마포구,11440,12200,합정동,473,11440-5606,마포한강2차푸르지오,,83.45,28,2016,119000,2017-12-21,,,,,,
마포구,11440,12600,중동,398,11440-3996,울트라월드컵(참누리),,84.9406,1,2006,60000,2017-12-27,,,,,,
마포구,11440,10300,신공덕동,172,11440-4887,펜트라우스,,84.67,16,2011,87000,2017-12-19,,,,,,
마포구,11440,10300,신공덕동,172,11440-4887,펜트라우스,,152.85,20,2011,125000,2017-12-03,,,,,,
마포구,11440,10100,아현동,777,11440-5407,마포래미안푸르지오1단지,,59.9236,17,2014,85000,2017-12-15,,,,,,
마포구,11440,10100,아현동,738,11440-4492,마포트라팰리스2차,,104.89,11,2008,75000,2017-12-15,,,,,,
마포구,11440,10400,도화동,82,11440-17,우성,,79.97,10,1991,63700,2017-12-21,,,,,,
마포구,11440,10400,도화동,353,11440-19,현대홈타운,,113.25,2,2000,64800,2017-12-15,,,,,,
마포구,11440,10400,도화동,353,11440-19,현대홈타운,,113.25,15,2000,68500,2017-12-17,,,,,,
마포구,11440,10100,아현동,777,11440-5410,마포래미안푸르지오4단지,,84.5978,6,2014,100000,2017-12-06,,,,,,
마포구,11440,10300,신공덕동,172,11440-4887,펜트라우스,,84.95,19,2011,84500,2017-12-15,,,,,,
마포구,11440,11500,상수동,402,11440-5428,래미안밤섬리베뉴Ⅰ,,84.99,3,2014,94800,2017-12-03,,,,,,
마포구,11440,12500,성산동,446,11440-169,성산시영(대우),,50.03,2,1986,51000,2017-12-23,,,,,,
마포구,11440,11200,현석동,220,11440-42,밤섬힐스테이트,,59.4,12,1999,52000,2017-12-09,,,,,,
마포구,11440,12600,중동,398,11440-3996,울트라월드컵(참누리),,84.9406,1,2006,60000,2017-12-25,,,,,,
마포구,11440,10300,신공덕동,170,11440-4551,브라운스톤공덕아파트,,59.89,21,2009,80250,2017-12-10,,,,,,
마포구,11440,12700,상암동,1618,11440-4659,DMC상암센트럴파크2단지,,51.96,4,2009,50500,2017-12-17,,,,,,
마포구,11440,10400,도화동,353,11440-19,현대홈타운,,84.95,2,2000,59000,2017-12-15,,,,,,
마포구,11440,12500,성산동,446,11440-168,성산시영(선경),,50.54,11,1986,50700,2017-12-09,,,,,,
마포구,11440,12500,성산동,446,11440-109,성산시영(유원),,59.43,2,1986,60000,2017-12-18,,,,,,
마포구,11440,12500,성산동,446,11440-168,성산시영(선경),,50.54,11,1986,51000,2017-12-02,,,,,,
마포구,11440,12500,성산동,446,11440-168,성산시영(선경),,50.54,6,1986,50000,2017-12-05,,,,,,
마포구,11440,12700,상암동,1637,11440-136,상암월드컵파크2단지,,49.8,19,2003,49800,2017-12-23,,,,,,
마포구,11440,10400,도화동,550,11440-15,삼성,,72.185,5,1997,67000,2017-12-13,,,,,,
마포구,11440,11600,하중동,101,11440-4715,한강밤섬자이,,168.63,7,2010,142000,2017-12-12,,,,,,
마포구,11440,12500,성산동,601,11440-118,성산월드타운대림,,84.689,19,2004,58500,2017-12-02,,,,,,
마포구,11440,11200,현석동,225,11440-5559,래미안웰스트림,,114.95,4,2016,115000,2017-12-14,,,,,,
마포구,11440,10500,용강동,508,11440-5449,이편한세상마포리버파크,,123.44,3,2016,125000,2017-12-02,,,,,,
마포구,11440,12500,성산동,446,11440-169,성산시영(대우),,50.03,13,1986,50800,2017-12-08,,,,,,
마포구,11440,10400,도화동,353,11440-19,현대홈타운,,113.25,6,2000,64800,2017-12-04,,,,,,
마포구,11440,10400,도화동,357,11440-12,도화동현대,,79.83,14,1996,59500,2017-12-05,,,,,,
마포구,11440,10400,도화동,357,11440-12,도화동현대,,128.26,11,1996,70500,2017-12-01,,,,,,
마포구,11440,11200,현석동,220,11440-42,밤섬힐스테이트,,59.4,20,1999,63900,2017-12-03,,,,,,
마포구,11440,10600,토정동,138,11440-26,한강삼성,,59.76,4,1997,53300,2017-12-05,,,,,,
마포구,11440,11500,상수동,396,11440-213,상수두산위브,,114.533,17,2004,88000,2017-12-13,,,,,,
마포구,11440,10100,아현동,777,11440-5407,마포래미안푸르지오1단지,,84.5978,9,2014,97800,2017-12-07,,,,,,
마포구,11440,10100,아현동,777,11440-5408,마포래미안푸르지오3단지,,114.588,11,2014,118000,2017-12-15,,,,,,
마포구,11440,11400,창전동,437,11440-47,창전래미안,,59.94,19,1998,57300,2017-12-25,,,,,,
마포구,11440,11400,창전동,437,11440-47,창전래미안,,114.82,9,1998,70000,2017-12-11,,,,,,
마포구,11440,12500,성산동,446,11440-168,성산시영(선경),,50.54,14,1986,50000,2017-12-04,,,,,,
마포구,11440,10400,도화동,82,11440-17,우성,,54.72,7,1991,49700,2017-12-09,,,,,,
마포구,11440,12500,성산동,446,11440-109,성산시영(유원),,59.43,4,1986,60000,2017-12-23,,,,,,
마포구,11440,10300,신공덕동,155,11440-9,신공덕1차삼성래미안1아파트,,59.76,12,2000,71500,2017-12-28,,,,,,
마포구,11440,10100,아현동,777,11440-5406,마포래미안푸르지오2단지,,59.9236,4,2014,84000,2017-12-09,,,,,,
마포구,11440,12700,상암동,1689,11440-3928,상암월드컵파크6단지,,84.53,8,2005,76500,2017-12-30,,,,,,
마포구,11440,11500,상수동,396,11440-213,상수두산위브,,84.79,17,2004,70000,2017-12-28,,,,,,
마포구,11440,12700,상암동,1743,11440-4801,상암월드컵파크12단지,,84.89,5,2010,64000,2017-12-14,,,,,,
마포구,11440,12700,상암동,1660,11440-3927,상암월드컵파크7단지,,104.77,8,2005,82000,2017-12-01,,,,,,
마포구,11440,10400,도화동,82,11440-17,우성,,79.97,9,1991,61600,2017-12-26,,,,,,
마포구,11440,10100,아현동,777,11440-5410,마포래미안푸르지오4단지,,59.9656,18,2014,85000,2017-12-29,,,,,,
마포구,11440,12500,성산동,446,11440-109,성산시영(유원),,59.43,1,1986,58500,2017-12-15,,,,,,
마포구,11440,12300,망원동,497,11440-93,대림2,,84.73,10,2002,64000,2017-12-04,,,,,,
마포구,11440,10100,아현동,777,11440-5406,마포래미안푸르지오2단지,,114.2802,18,2014,127000,2017-12-01,,,,,,
마포구,11440,12600,중동,393,11440-125,건영월드컵,,79.58,3,2002,49000,2017-12-15,,,,,,
마포구,11440,12600,중동,398,11440-3996,울트라월드컵(참누리),,84.9572,11,2006,64800,2017-12-11,,,,,,
마포구,11440,10300,신공덕동,159,11440-8,신공덕래미안2차,,84.73,6,2000,64900,2017-12-13,,,,,,
마포구,11440,10400,도화동,550,11440-15,삼성,,136.1,4,1997,100000,2017-12-04,,,,,,
마포구,11440,10100,아현동,777,11440-5406,마포래미안푸르지오2단지,,84.3884,8,2014,103500,2017-12-04,,,,,,
마포구,11440,10300,신공덕동,173,11440-5003,대우월드마크마포,,96.54,10,2011,84500,2017-12-22,,,,,,
마포구,11440,12500,성산동,446,11440-109,성산시영(유원),,59.43,11,1986,59000,2017-12-23,,,,,,
마포구,11440,12700,상암동,1743,11440-4801,상암월드컵파크12단지,,84.89,7,2010,66300,2017-12-09,,,,,,
마포구,11440,11200,현석동,225,11440-5559,래미안웰스트림,,84.9,26,2016,124000,2017-12-13,,,,,,
마포구,11440,12500,성산동,601,11440-118,성산월드타운대림,,117.898,4,2004,68500,2017-12-14,,,,,,
마포구,11440,10300,신공덕동,172,11440-4887,펜트라우스,,84.95,20,2011,84000,2017-12-05,,,,,,
마포구,11440,12000,서교동,458-6,11440-4872,에덴지우,,84.69,2,2011,53000,2017-12-12,,,,,,
마포구,11440,10100,아현동,777,11440-5407,마포래미안푸르지오1단지,,84.8919,19,2014,103500,2017-12-09,,,,,,
마포구,11440,12600,중동,392,11440-122,마포중동현대,,84.9,17,2001,57500,2017-12-29,,,,,,
마포구,11440,12600,중동,392,11440-122,마포중동현대,,59.88,5,2001,43000,2017-12-14,,,,,,
마포구,11440,11400,창전동,443,11440-4165,해모로,,59.713,12,2007,71500,2017-12-20,,,,,,
마포구,11440,12700,상암동,1637,11440-136,상암월드컵파크2단지,,59.92,6,2003,57000,2017-12-23,,,,,,
마포구,11440,12400,연남동,573,11440-146,코오롱,,84.936,12,2003,64500,2017-12-23,,,,,,
마포구,11440,12300,망원동,491,11440-69,대상3,,84.9,1,2000,50000,2017-12-01,,,,,,
마포구,11440,10200,공덕동,469,11440-4855,래미안공덕5차,,113.866,6,2011,105000,2017-12-16,,,,,,
마포구,11440,10200,공덕동,43,11440-7,공덕2삼성래미안,,59.97,5,2004,69000,2017-12-23,,,,,,
마포구,11440,10500,용강동,502,11440-5455,래미안마포리버웰,,59.98,16,2015,94500,2017-12-09,,,,,,
마포구,11440,12700,상암동,1743,11440-4801,상암월드컵파크12단지,,84.89,9,2010,69000,2017-12-29,,,,,,
마포구,11440,10300,신공덕동,161,11440-10,신공덕래미안3차,,84.69,21,2003,75500,2017-12-24,,,,,,
마포구,11440,10200,공덕동,188-108,11440-6,마포현대,,54.81,10,1988,45000,2017-12-14,,,,,,
마포구,11440,10400,도화동,353,11440-19,현대홈타운,,84.95,3,2000,59500,2017-12-27,,,,,,
마포구,11440,10900,염리동,515-1,11440-33,상록,,49.8,3,1997,38000,2017-12-19,,,,,,
마포구,11440,10900,염리동,515-1,11440-33,상록,,58.71,4,1997,45000,2017-12-18,,,,,,
마포구,11440,12600,중동,398,11440-3996,울트라월드컵(참누리),,84.9572,25,2006,64000,2017-12-11,,,,,,
마포구,11440,10800,대흥동,660,11440-32,대흥동태영아파트,,84.77,14,1999,74800,2017-12-11,,,,,,
마포구,11440,10400,도화동,82,11440-17,우성,,79.97,10,1991,60000,2017-12-01,,,,,,
마포구,11440,10400,도화동,82,11440-17,우성,,111.725,11,1991,71000,2017-12-09,,,,,,
마포구,11440,12700,상암동,1637,11440-136,상암월드컵파크2단지,,59.84,7,2003,57800,2017-12-01,,,,,,
마포구,11440,10800,대흥동,660,11440-32,대흥동태영아파트,,84.77,7,1999,77000,2017-12-27,,,,,,
마포구,11440,10500,용강동,380,11440-23,마포용강삼성래미안,,114.03,7,2003,95000,2017-12-09,,,,,,
마포구,11440,10800,대흥동,802,11440-31,대흥동세양,,60,10,2000,54500,2017-12-23,,,,,,
마포구,11440,10400,도화동,82,11440-17,우성,,68.94,9,1991,56500,2017-12-16,,,,,,
마포구,11440,12600,중동,392,11440-122,마포중동현대,,59.88,22,2001,42500,2017-12-19,,,,,,
마포구,11440,12500,성산동,601,11440-118,성산월드타운대림,,84.689,4,2004,58000,2017-12-25,,,,,,
마포구,11440,12600,중동,392,11440-122,마포중동현대,,59.88,12,2001,42900,2017-12-18,,,,,,
마포구,11440,10100,아현동,613-10,11440-3,혜성,,110.75,6,1972,47500,2017-12-19,,,,,,
마포구,11440,10500,용강동,502,11440-5455,래미안마포리버웰,,114.97,17,2015,128000,2017-12-11,,,,,,
마포구,11440,12600,중동,40-12,11440-124,현대,,114.98,12,2000,58000,2017-12-01,,,,,,
마포구,11440,11400,창전동,441,11440-3898,창전쌍용스윗닷홈,,84.983,9,2005,66000,2017-12-30,,,,,,
마포구,11440,10400,도화동,357,11440-12,도화동현대,,79.83,14,1996,60000,2017-12-11,,,,,,
마포구,11440,10400,도화동,82,11440-17,우성,,111.725,7,1991,74800,2017-12-28,,,,,,
마포구,11440,12700,상암동,1637,11440-136,상암월드컵파크2단지,,59.92,17,2003,58000,2017-12-18,,,,,,
마포구,11440,10900,염리동,520,11440-34,염리삼성래미안,,114.48,14,2001,80000,2017-12-25,,,,,,
마포구,11440,10800,대흥동,660,11440-32,대흥동태영아파트,,59.4,11,1999,62000,2017-12-02,,,,,,
마포구,11440,11100,신수동,459,11440-4706,밤섬경남아너스빌,,84.83,21,2009,76800,2017-12-09,,,,,,
마포구,11440,10400,도화동,357,11440-12,도화동현대,,128.26,4,1996,71900,2017-12-07,,,,,,
마포구,11440,10400,도화동,357,11440-12,도화동현대,,128.26,13,1996,71750,2017-12-23,,,,,,
마포구,11440,12700,상암동,1655,11440-4038,상암월드컵파크4단지,,84.66,23,2006,74800,2017-12-09,,,,,,
마포구,11440,10100,아현동,777,11440-5410,마포래미안푸르지오4단지,,59.9656,3,2014,80500,2017-12-02,,,,,,
마포구,11440,12700,상암동,1643,11440-135,상암월드컵파크3단지,,84.84,6,2003,67700,2017-12-08,,,,,,
마포구,11440,11500,상수동,398,11440-5427,래미안밤섬리베뉴Ⅱ,,147.55,18,2014,136700,2017-12-05,,,,,,
마포구,11440,10400,도화동,357,11440-12,도화동현대,,112.09,3,1996,65000,2017-12-16,,,,,,
마포구,11440,10300,신공덕동,168,11440-4072,신공덕e편한세상,,114.82,12,2007,85500,2017-12-09,,,,,,
마포구,11440,12700,상암동,1658,11440-3929,상암월드컵파크5단지,,84.73,9,2005,75000,2017-12-12,,,,,,
마포구,11440,12700,상암동,1655,11440-4038,상암월드컵파크4단지,,104.78,17,2006,89900,2017-12-19,,,,,,
마포구,11440,12700,상암동,1658,11440-3929,상암월드컵파크5단지,,84.67,9,2005,75300,2017-12-09,,,,,,
마포구,11440,10300,신공덕동,172,11440-4887,펜트라우스,,84.67,4,2011,84700,2017-12-15,,,,,,
마포구,11440,12600,중동,390,11440-123,DMC마포청구아파트,,84.9,2,1994,54900,2017-12-09,,,,,,
마포구,11440,12600,중동,398,11440-3996,울트라월드컵(참누리),,84.9406,3,2006,65000,2017-12-22,,,,,,
마포구,11440,10400,도화동,357,11440-12,도화동현대,,112.09,6,1996,66000,2017-12-09,,,,,,
마포구,11440,10400,도화동,357,11440-12,도화동현대,,79.83,11,1996,59500,2017-12-09,,,,,,
마포구,11440,10400,도화동,357,11440-12,도화동현대,,128.26,4,1996,73500,2017-12-02,,,,,,
마포구,11440,10400,도화동,82,11440-17,우성,,68.94,13,1991,55000,2017-12-09,,,,,,
마포구,11440,11400,창전동,444,11440-4156,서강예가,,84.988,15,2007,80000,2017-12-02,,,,,,
마포구,11440,12500,성산동,446,11440-169,성산시영(대우),,50.03,13,1986,49900,2017-12-09,,,,,,
마포구,11440,12600,중동,398,11440-3996,울트라월드컵(참누리),,84.9406,23,2006,64000,2017-12-11,,,,,,
마포구,11440,10400,도화동,555,11440-177,한화오벨리스크,,41.32,12,2004,36000,2017-12-28,,,,,,
마포구,11440,12000,서교동,487,11440-3901,대우미래사랑,,34.29,3,2005,24200,2017-12-20,,,,,,
마포구,11440,10300,신공덕동,155,11440-9,신공덕1차삼성래미안1아파트,,84.9,15,2000,79500,2017-12-17,,,,,,
마포구,11440,11200,현석동,225,11440-5559,래미안웰스트림,,114.98,1,2016,98000,2017-12-07,,,,,,
마포구,11440,10800,대흥동,660,11440-32,대흥동태영아파트,,59.4,8,1999,60000,2017-12-16,,,,,,
마포구,11440,10200,공덕동,469,11440-4855,래미안공덕5차,,113.866,6,2011,105000,2017-12-11,,,,,,
마포구,11440,10100,아현동,777,11440-5406,마포래미안푸르지오2단지,,114.588,4,2014,100000,2017-12-11,,,,,,
마포구,11440,10100,아현동,800,11440-5458,공덕자이,,84.99,6,2015,97000,2017-12-02,,,,,,
마포구,11440,10200,공덕동,464,11440-3934,래미안공덕4차,,59.9,11,2005,70000,2017-12-04,,,,,,
마포구,11440,10400,도화동,82,11440-17,우성,,141.515,6,1991,79500,2017-12-22,,,,,,
마포구,11440,12500,성산동,601,11440-118,성산월드타운대림,,84.689,22,2004,58300,2017-12-27,,,,,,
마포구,11440,10100,아현동,738,11440-4492,마포트라팰리스2차,,104.89,4,2008,72000,2017-12-05,,,,,,
마포구,11440,10400,도화동,82,11440-17,우성,,79.97,2,1991,61000,2017-12-18,,,,,,
마포구,11440,11100,신수동,453,11440-129,대원칸타빌,,117.183,4,2004,77500,2017-12-08,,,,,,
마포구,11440,11500,상수동,396,11440-213,상수두산위브,,84.79,3,2004,68500,2017-12-05,,,,,,
마포구,11440,11500,상수동,398,11440-5427,래미안밤섬리베뉴Ⅱ,,84.92,6,2014,100000,2017-12-30,,,,,,
마포구,11440,10400,도화동,353,11440-19,현대홈타운,,84.95,15,2000,63000,2017-12-15,,,,,,
마포구,11440,12500,성산동,446,11440-109,성산시영(유원),,59.43,1,1986,57000,2017-12-23,,,,,,
마포구,11440,12500,성산동,446,11440-109,성산시영(유원),,59.43,9,1986,60000,2017-12-23,,,,,,
마포구,11440,10400,도화동,353,11440-19,현대홈타운,,113.25,18,2000,67500,2017-12-07,,,,,,
마포구,11440,10400,도화동,357,11440-12,도화동현대,,128.26,2,1996,69250,2017-12-26,,,,,,
마포구,11440,10400,도화동,547,11440-13,도화현대,,59.4,16,1998,54000,2017-12-30,,,,,,
마포구,11440,10400,도화동,357,11440-12,도화동현대,,147.37,13,1996,75000,2017-12-26,,,,,,
마포구,11440,10400,도화동,353,11440-19,현대홈타운,,113.25,18,2000,65000,2017-12-18,,,,,,
마포구,11440,12500,성산동,446,11440-109,성산시영(유원),,59.43,6,1986,60000,2017-12-30,,,,,,
마포구,11440,12500,성산동,446,11440-109,성산시영(유원),,59.43,6,1986,59500,2017-12-12,,,,,,
마포구,11440,10200,공덕동,469,11440-4855,래미안공덕5차,,59.959,5,2011,76000,2017-12-11,,,,,,
마포구,11440,12700,상암동,1658,11440-3929,상암월드컵파크5단지,,84.67,11,2005,76000,2017-12-17,,,,,,
마포구,11440,11500,상수동,398,11440-5427,래미안밤섬리베뉴Ⅱ,,84.92,3,2014,92500,2017-12-26,,,,,,
마포구,11440,11500,상수동,396,11440-213,상수두산위브,,84.79,13,2004,74500,2017-12-21,,,,,,
마포구,11440,11500,상수동,396,11440-213,상수두산위브,,84.79,23,2004,69800,2017-12-29,,,,,,
마포구,11440,10400,도화동,353,11440-19,현대홈타운,,84.95,18,2000,63600,2017-12-11,,,,,,
마포구,11440,12700,상암동,1658,11440-3929,상암월드컵파크5단지,,84.73,8,2005,75800,2017-12-23,,,,,,
마포구,11440,12700,상암동,1743,11440-4801,상암월드컵파크12단지,,84.89,5,2010,66300,2017-12-09,,,,,,
마포구,11440,11400,창전동,440,11440-3890,창전동현대홈타운,,84.978,1,2005,64000,2017-12-09,,,,,,
마포구,11440,10300,신공덕동,171,11440-4876,kcc웰츠,,118.31,15,2011,101400,2017-12-28,,,,,,
마포구,11440,12600,중동,40-12,11440-124,현대,,84.94,16,2000,54400,2017-12-18,,,,,,
마포구,11440,12700,상암동,1660,11440-3927,상암월드컵파크7단지,,104.77,3,2005,78700,2017-12-30,,,,,,
마포구,11440,10100,아현동,777,11440-5410,마포래미안푸르지오4단지,,84.5978,4,2014,99800,2017-12-01,,,,,,
마포구,11440,10400,도화동,357,11440-12,도화동현대,,54.72,2,1996,42000,2017-12-09,,,,,,
마포구,11440,10400,도화동,357,11440-12,도화동현대,,79.83,6,1996,61000,2017-12-13,,,,,,
마포구,11440,12600,중동,390,11440-123,DMC마포청구아파트,,84.9,21,1994,55500,2017-12-16,,,,,,
마포구,11440,11400,창전동,437,11440-47,창전래미안,,84.93,8,1998,59800,2017-12-01,,,,,,
마포구,11440,12700,상암동,1643,11440-135,상암월드컵파크3단지,,84.84,5,2003,66000,2017-12-02,,,,,,
마포구,11440,10800,대흥동,12-41,11440-5381,서희스타힐스,,12.85,20,2014,20500,2017-12-27,,,,,,
마포구,11440,12500,성산동,446,11440-109,성산시영(유원),,59.43,9,1986,61000,2017-12-19,,,,,,
마포구,11440,11200,현석동,225,11440-5559,래미안웰스트림,,59.96,11,2016,81800,2017-12-03,,,,,,
마포구,11440,12700,상암동,1660,11440-3927,상암월드컵파크7단지,,104.77,6,2005,81000,2017-12-05,,,,,,
마포구,11440,12700,상암동,1660,11440-3927,상암월드컵파크7단지,,84.45,6,2005,69400,2017-12-09,,,,,,
마포구,11440,12700,상암동,1660,11440-3927,상암월드컵파크7단지,,104.77,13,2005,82200,2017-12-08,,,,,,
마포구,11440,12500,성산동,446,11440-168,성산시영(선경),,50.54,7,1986,44055,2017-12-12,,,,,,
마포구,11440,10100,아현동,777,11440-5408,마포래미안푸르지오3단지,,59.9656,18,2014,82500,2017-12-14,,,,,,
마포구,11440,10800,대흥동,804,11440-5348,마포자이2차,,84.44,18,2014,99000,2017-12-22,,,,,,
마포구,11440,10800,대흥동,804,11440-5348,마포자이2차,,84.44,2,2014,89900,2017-12-07,,,,,,
마포구,11440,11100,신수동,457,11440-4155,벽산솔렌스힐,,84.9657,1,2007,58000,2017-12-23,,,,,,
마포구,11440,11200,현석동,222,11440-151,강변힐스테이트,,84.85,17,2004,80000,2017-12-11,,,,,,
마포구,11440,10100,아현동,613-10,11440-3,혜성,,98.88,10,1972,50000,2017-12-26,,,,,,
마포구,11440,10300,신공덕동,170,11440-4551,브라운스톤공덕아파트,,59.89,17,2009,81000,2017-12-19,,,,,,
마포구,11440,10300,신공덕동,172,11440-4887,펜트라우스,,115.78,4,2011,98000,2017-12-05,,,,,,
마포구,11440,10400,도화동,357,11440-12,도화동현대,,68.22,4,1996,54000,2017-12-10,,,,,,
마포구,11440,10400,도화동,82,11440-17,우성,,54.72,15,1991,49000,2017-12-18,,,,,,
마포구,11440,10300,신공덕동,168,11440-4072,신공덕e편한세상,,59.62,8,2007,62000,2017-12-20,,,,,,
마포구,11440,12500,성산동,446,11440-168,성산시영(선경),,50.54,1,1986,49000,2017-12-26,,,,,,
마포구,11440,11400,창전동,443,11440-4165,해모로,,83.85,13,2007,81900,2017-12-01,,,,,,
마포구,11440,10300,신공덕동,172,11440-4887,펜트라우스,,84.6,20,2011,79800,2017-12-04,,,,,,
마포구,11440,11400,창전동,443,11440-4165,해모로,,83.85,14,2007,80500,2017-12-14,,,,,,
마포구,11440,11400,창전동,443,11440-4165,해모로,,83.85,3,2007,72000,2017-12-02,,,,,,
마포구,11440,11400,창전동,443,11440-4165,해모로,,83.871,20,2007,82000,2017-12-23,,,,,,
마포구,11440,12200,합정동,381-16,11440-4027,KCC엠파이어리버,,156.13,10,2006,115000,2017-12-15,,,,,,
마포구,11440,11100,신수동,91-511,11440-5002,(91-511),,47.18,6,2011,30500,2017-12-01,,,,,,
마포구,11440,10300,신공덕동,155,11440-9,신공덕1차삼성래미안1아파트,,114.75,13,2000,86000,2017-12-01,,,,,,
마포구,11440,10500,용강동,500,11440-24,마포대림1,,131.85,17,2002,98800,2017-12-18,,,,,,
마포구,11440,12500,성산동,446,11440-109,성산시영(유원),,59.43,5,1986,59500,2017-12-06,,,,,,
마포구,11440,10400,도화동,550,11440-15,삼성,,136.1,14,1997,97000,2017-12-12,,,,,,
마포구,11440,12700,상암동,1637,11440-136,상암월드컵파크2단지,,49.8,18,2003,48500,2017-12-14,,,,,,
마포구,11440,11000,노고산동,107-36,11440-37,현대벤처빌,,32.8,7,2002,25800,2017-12-19,,,,,,
마포구,11440,11000,노고산동,1-3,11440-180,신촌포스빌,,32.34,3,2004,27500,2017-12-15,,,,,,
마포구,11440,11400,창전동,439,11440-149,신촌태영데시앙,,84.97,12,2003,73600,2017-12-19,,,,,,
마포구,11440,11200,현석동,222,11440-151,강변힐스테이트,,84.85,15,2004,69300,2017-12-14,,,,,,
마포구,11440,10200,공덕동,43,11440-7,공덕2삼성래미안,,84.94,4,2004,73500,2017-12-12,,,,,,
마포구,11440,10200,공덕동,43,11440-7,공덕2삼성래미안,,84.94,3,2004,72000,2017-12-16,,,,,,
마포구,11440,11400,창전동,437,11440-47,창전래미안,,84.93,15,1998,61700,2017-12-09,,,,,,
마포구,11440,10300,신공덕동,155,11440-9,신공덕1차삼성래미안1아파트,,84.9,3,2000,73500,2017-12-04,,,,,,
마포구,11440,12500,성산동,446,11440-169,성산시영(대우),,50.03,4,1986,50500,2017-12-11,,,,,,
마포구,11440,11100,신수동,445-5,11440-41,현대,,84.47,13,1996,56000,2017-12-11,,,,,,
마포구,11440,11400,창전동,437,11440-47,창전래미안,,84.93,15,1998,61700,2017-12-09,,,,,,
마포구,11440,11600,하중동,101,11440-4715,한강밤섬자이,,132.54,7,2010,110000,2017-12-11,,,,,,
마포구,11440,12500,성산동,446,11440-168,성산시영(선경),,50.54,12,1986,59700,2017-12-06,,,,,,
마포구,11440,10700,마포동,253,11440-30,마포쌍용황금아파트,,84.9,7,2000,65000,2017-12-02,,,,,,
마포구,11440,11200,현석동,225,11440-5559,래미안웰스트림,,59.97,27,2016,78000,2017-12-13,,,,,,
마포구,11440,10800,대흥동,660,11440-32,대흥동태영아파트,,114.93,2,1999,79000,2017-12-02,,,,,,
마포구,11440,11000,노고산동,1-3,11440-180,신촌포스빌,,32.34,8,2004,29800,2017-12-05,,,,,,
마포구,11440,11000,노고산동,1-3,11440-180,신촌포스빌,,32.34,4,2004,28000,2017-12-04,,,,,,
마포구,11440,12300,망원동,512,11440-207,예지안파크뷰,,84.19,7,2004,53500,2017-12-09,,,,,,
마포구,11440,12700,상암동,1643,11440-135,상암월드컵파크3단지,,84.84,14,2003,72000,2017-12-09,,,,,,
마포구,11440,12700,상암동,1643,11440-135,상암월드컵파크3단지,,84.84,10,2003,69300,2017-12-09,,,,,,
마포구,11440,10800,대흥동,804,11440-5348,마포자이2차,,84.44,1,2014,82000,2017-12-13,,,,,,
마포구,11440,10200,공덕동,469,11440-4855,래미안공덕5차,,59.97,2,2011,72500,2017-12-08,,,,,,
마포구,11440,10200,공덕동,469,11440-4855,래미안공덕5차,,59.959,10,2011,73500,2017-12-09,,,,,,
마포구,11440,12600,중동,392,11440-122,마포중동현대,,59.88,22,2001,42500,2017-12-02,,,,,,
마포구,11440,12000,서교동,329-2,11440-53,대아,,54.62,5,1997,42000,2017-12-02,,,,,,
마포구,11440,10300,신공덕동,172,11440-4887,펜트라우스,,103.04,5,2011,89000,2017-12-08,,,,,,
마포구,11440,10400,도화동,82,11440-17,우성,,79.97,11,1991,60500,2017-12-01,,,,,,
마포구,11440,10800,대흥동,804,11440-5348,마포자이2차,,84.44,3,2014,89700,2017-12-01,,,,,,
마포구,11440,12700,상암동,1658,11440-3929,상암월드컵파크5단지,,84.75,20,2005,75000,2017-12-02,,,,,,
마포구,11440,10200,공덕동,460,11440-176,한화꿈에그린,,113.667,6,2004,70000,2017-12-01,,,,,,
마포구,11440,10400,도화동,357,11440-12,도화동현대,,79.83,6,1996,60000,2017-12-01,,,,,,
양천구,11470,10100,신정동,327,11470-122,목동신시가지13,,154.37,1,1987,160000,2017-12-29,,,,,,
양천구,11470,10100,신정동,1323,11470-5271,목동힐스테이트,,84.88,17,2016,95000,2017-12-15,,,,,,
양천구,11470,10100,신정동,329,11470-123,목동신시가지14,,71.37,13,1987,86000,2017-12-06,,,,,,
양천구,11470,10100,신정동,329,11470-123,목동신시가지14,,84.87,14,1987,104000,2017-12-23,,,,,,
양천구,11470,10200,목동,941,11470-204,대원칸타빌2,,83.72,15,2003,66000,2017-12-19,,,,,,
양천구,11470,10200,목동,903,11470-19,목동신시가지3,,145.13,9,1986,179000,2017-12-29,,,,,,
양천구,11470,10100,신정동,311,11470-119,목동신시가지10,,105.58,2,1987,115000,2017-12-26,,,,,,
양천구,11470,10200,목동,941,11470-204,대원칸타빌2,,144.36,8,2003,82500,2017-12-25,,,,,,
양천구,11470,10100,신정동,327,11470-122,목동신시가지13,,53.9,10,1987,69000,2017-12-30,,,,,,
양천구,11470,10100,신정동,1279,11470-128,목동현대3차,,114.93,7,1997,80000,2017-12-30,,,,,,
양천구,11470,10100,신정동,329,11470-123,목동신시가지14,,108.28,15,1987,125800,2017-12-27,,,,,,
양천구,11470,10200,목동,925,11470-23,목동신시가지7,,66.6,5,1986,109900,2017-12-30,,,,,,
양천구,11470,10300,신월동,987-1,11470-83,신월시영,,50.67,10,1988,25700,2017-12-16,,,,,,
양천구,11470,10200,목동,941,11470-204,대원칸타빌2,,83.72,1,2003,60000,2017-12-23,,,,,,
양천구,11470,10200,목동,902,11470-18,목동신시가지2,,116.82,1,1986,147500,2017-12-30,,,,,,
양천구,11470,10100,신정동,329,11470-123,목동신시가지14,,108.28,4,1987,120000,2017-12-23,,,,,,
양천구,11470,10100,신정동,1279,11470-128,목동현대3차,,84.77,7,1997,65000,2017-12-30,,,,,,
양천구,11470,10100,신정동,337,11470-126,목동우성2,,113.91,17,2000,60000,2017-12-28,,,,,,
양천구,11470,10100,신정동,329,11470-123,목동신시가지14,,129.33,3,1987,149000,2017-12-29,,,,,,
양천구,11470,10200,목동,925,11470-23,목동신시가지7,,53.88,13,1986,84700,2017-12-22,,,,,,
양천구,11470,10100,신정동,1278,11470-132,목동삼성,,84.77,16,1996,69000,2017-12-28,,,,,,
양천구,11470,10300,신월동,591-1,11470-85,신안약수,,70.16,10,1985,30000,2017-12-26,,,,,,
양천구,11470,10100,신정동,87-39,11470-144,유원목동,,84.96,5,1990,67500,2017-12-23,,,,,,
양천구,11470,10100,신정동,337,11470-126,목동우성2,,84.96,6,2000,49000,2017-12-26,,,,,,
양천구,11470,10100,신정동,326,11470-121,목동신시가지12,,71.64,5,1988,92000,2017-12-27,,,,,,
양천구,11470,10200,목동,950,11470-4014,목동이-편한세상,,84.93,3,2006,72000,2017-12-26,,,,,,
양천구,11470,10300,신월동,1055,11470-4743,신정두산위브,,59.78,4,2012,43500,2017-12-30,,,,,,
양천구,11470,10100,신정동,329,11470-123,목동신시가지14,,55.02,9,1987,65900,2017-12-23,,,,,,
양천구,11470,10200,목동,808-5,11470-10,대원칸타빌,,84.97,4,2001,70000,2017-12-15,,,,,,
양천구,11470,10100,신정동,1311,11470-3928,동일하이빌2단지,,115.321,18,2005,63000,2017-12-27,,,,,,
양천구,11470,10200,목동,929,11470-46,목동청구한신아파트,,84.77,3,1997,85000,2017-12-22,,,,,,
양천구,11470,10200,목동,911,11470-22,목동신시가지6,,95.03,4,1986,122500,2017-12-18,,,,,,
양천구,11470,10100,신정동,327,11470-122,목동신시가지13,,70.73,5,1987,88100,2017-12-23,,,,,,
양천구,11470,10100,신정동,311,11470-119,목동신시가지10,,53.82,2,1987,73000,2017-12-20,,,,,,
양천구,11470,10200,목동,929,11470-46,목동청구한신아파트,,84.76,10,1997,83500,2017-12-18,,,,,,
양천구,11470,10100,신정동,1252,11470-154,현대,,84.84,10,1995,56200,2017-12-23,,,,,,
양천구,11470,10200,목동,926-7,11470-27,벽산,,84.71,6,1991,81600,2017-12-16,,,,,,
양천구,11470,10200,목동,932,11470-38,목동현대1,,84.9,1,1997,81000,2017-12-18,,,,,,
양천구,11470,10200,목동,929,11470-46,목동청구한신아파트,,84.77,7,1997,84700,2017-12-22,,,,,,
양천구,11470,10200,목동,930,11470-48,현대,,83.16,7,1996,72500,2017-12-23,,,,,,
양천구,11470,10200,목동,961,11470-4045,하이페리온2,,155.586,19,2006,155000,2017-12-23,,,,,,
양천구,11470,10200,목동,908-34,11470-30,부영3,,152.63,17,2000,98000,2017-12-12,,,,,,
양천구,11470,10200,목동,903,11470-19,목동신시가지3,,82.43,1,1986,117000,2017-12-31,,,,,,
양천구,11470,10300,신월동,1063,11470-4993,롯데캐슬,,59.747,3,2014,46700,2017-12-30,,,,,,
양천구,11470,10100,신정동,329,11470-123,목동신시가지14,,108.28,7,1987,127000,2017-12-14,,,,,,
양천구,11470,10200,목동,916,11470-187,현대하이페리온,,167.44,30,2003,175000,2017-12-22,,,,,,
양천구,11470,10100,신정동,327,11470-122,목동신시가지13,,122.3,5,1987,133000,2017-12-14,,,,,,
양천구,11470,10200,목동,902,11470-18,목동신시가지2,,122.31,4,1986,153000,2017-12-25,,,,,,
양천구,11470,10300,신월동,1022,11470-200,벽산블루밍1단지,,84.0145,2,2003,41800,2017-12-15,,,,,,
양천구,11470,10100,신정동,312,11470-125,목동신시가지9,,71.37,11,1987,90000,2017-12-20,,,,,,
양천구,11470,10200,목동,549,11470-7,목동금호베스트빌,,96.83,4,2002,59500,2017-12-20,,,,,,
양천구,11470,10200,목동,904,11470-20,목동신시가지4,,47.25,16,1986,78000,2017-12-31,,,,,,
양천구,11470,10100,신정동,1300,11470-184,명지해드는터,,84.98,1,2003,65000,2017-12-30,,,,,,
양천구,11470,10100,신정동,1296,11470-157,아이파크,,59.82,9,2002,62200,2017-12-29,,,,,,
양천구,11470,10200,목동,903,11470-19,목동신시가지3,,95.16,13,1986,125000,2017-12-16,,,,,,
양천구,11470,10100,신정동,1279,11470-128,목동현대3차,,114.93,18,1997,82000,2017-12-19,,,,,,
양천구,11470,10100,신정동,314,11470-124,목동신시가지8,,54.94,3,1987,72700,2017-12-23,,,,,,
양천구,11470,10100,신정동,329,11470-123,목동신시가지14,,74.19,8,1987,87000,2017-12-27,,,,,,
양천구,11470,10200,목동,950,11470-4014,목동이-편한세상,,134.77,7,2006,89700,2017-12-29,,,,,,
양천구,11470,10200,목동,912,11470-21,목동신시가지5,,115.47,6,1986,159000,2017-12-08,,,,,,
양천구,11470,10100,신정동,326,11470-121,목동신시가지12,,71.64,13,1988,90000,2017-12-16,,,,,,
양천구,11470,10100,신정동,333,11470-117,대림,,84.89,9,1992,58800,2017-12-30,,,,,,
양천구,11470,10200,목동,901,11470-17,목동신시가지1,,116.29,9,1985,155000,2017-12-11,,,,,,
양천구,11470,10100,신정동,333,11470-117,대림,,84.89,11,1992,59000,2017-12-28,,,,,,
양천구,11470,10100,신정동,1307,11470-247,경남아너스빌,,96.17,12,2004,75000,2017-12-29,,,,,,
양천구,11470,10100,신정동,329,11470-123,목동신시가지14,,74.19,7,1987,87400,2017-12-23,,,,,,
양천구,11470,10100,신정동,329,11470-123,목동신시가지14,,129.33,6,1987,138300,2017-12-16,,,,,,
양천구,11470,10100,신정동,938-7,11470-169,동원데쟈뷰,,92.85,4,2002,36600,2017-12-12,,,,,,
양천구,11470,10200,목동,962,11470-4349,트라팰리스웨스턴에비뉴,,161.36,37,2009,199000,2017-12-28,,,,,,
양천구,11470,10300,신월동,1036,11470-4305,수명산롯데캐슬,,84.96,2,2008,41000,2017-12-29,,,,,,
양천구,11470,10100,신정동,336,11470-147,청구,,84.99,1,1992,52600,2017-12-15,,,,,,
양천구,11470,10200,목동,763-1,11470-15,목동성원,,59.85,7,2000,48800,2017-12-16,,,,,,
양천구,11470,10100,신정동,326,11470-121,목동신시가지12,,71.64,10,1988,90000,2017-12-29,,,,,,
양천구,11470,10100,신정동,327,11470-122,목동신시가지13,,53.9,3,1987,70000,2017-12-29,,,,,,
양천구,11470,10300,신월동,222-7,11470-89,신월성원,,59.94,15,1996,19400,2017-12-30,,,,,,
양천구,11470,10100,신정동,311,11470-119,목동신시가지10,,53.82,2,1987,67700,2017-12-27,,,,,,
양천구,11470,10100,신정동,336,11470-147,청구,,84.99,5,1992,54000,2017-12-23,,,,,,
양천구,11470,10100,신정동,337,11470-126,목동우성2,,84.96,1,2000,45000,2017-12-09,,,,,,
양천구,11470,10300,신월동,1063,11470-4993,롯데캐슬,,116.375,5,2014,65000,2017-12-13,,,,,,
양천구,11470,10100,신정동,327,11470-122,목동신시가지13,,70.73,5,1987,89000,2017-12-13,,,,,,
양천구,11470,10100,신정동,318-12,11470-210,목동삼성쉐르빌Ⅱ,,208.67,22,2004,141000,2017-12-10,,,,,,
양천구,11470,10200,목동,925,11470-23,목동신시가지7,,66.6,12,1986,104500,2017-12-16,,,,,,
양천구,11470,10100,신정동,311,11470-119,목동신시가지10,,106.06,4,1987,122000,2017-12-16,,,,,,
양천구,11470,10100,신정동,1311,11470-3928,동일하이빌2단지,,84.955,13,2005,56500,2017-12-19,,,,,,
양천구,11470,10200,목동,903,11470-19,목동신시가지3,,95.03,2,1986,132500,2017-12-21,,,,,,
양천구,11470,10300,신월동,987-1,11470-83,신월시영,,50.67,1,1988,24000,2017-12-21,,,,,,
양천구,11470,10100,신정동,1310,11470-3927,동일하이빌1단지,,84.955,1,2005,52000,2017-12-19,,,,,,
양천구,11470,10200,목동,903,11470-19,목동신시가지3,,64.98,5,1986,94500,2017-12-29,,,,,,
양천구,11470,10100,신정동,1310,11470-3927,동일하이빌1단지,,115.321,13,2005,60000,2017-12-14,,,,,,
양천구,11470,10100,신정동,1311,11470-3928,동일하이빌2단지,,115.321,6,2005,63500,2017-12-11,,,,,,
양천구,11470,10200,목동,911,11470-22,목동신시가지6,,65.1,15,1986,95000,2017-12-23,,,,,,
양천구,11470,10100,신정동,1279,11470-128,목동현대3차,,84.77,5,1997,71700,2017-12-23,,,,,,
양천구,11470,10100,신정동,1311,11470-3928,동일하이빌2단지,,84.955,5,2005,52800,2017-12-28,,,,,,
양천구,11470,10100,신정동,1279,11470-128,목동현대3차,,84.77,17,1997,73000,2017-12-11,,,,,,
양천구,11470,10100,신정동,325,11470-120,목동신시가지11,,51.48,14,1988,65000,2017-12-25,,,,,,
양천구,11470,10300,신월동,987-1,11470-83,신월시영,,43.2,8,1988,21400,2017-12-23,,,,,,
양천구,11470,10100,신정동,329,11470-123,목동신시가지14,,108.28,11,1987,125000,2017-12-09,,,,,,
양천구,11470,10100,신정동,1279,11470-128,목동현대3차,,101.91,8,1997,78000,2017-12-30,,,,,,
양천구,11470,10100,신정동,916-15,11470-165,심미,,81.88,2,2002,35800,2017-12-23,,,,,,
양천구,11470,10100,신정동,1285,11470-170,푸른마을4,,84.99,8,2002,42200,2017-12-23,,,,,,
양천구,11470,10200,목동,752-1,11470-4,극동늘푸른,,114.65,10,1998,75000,2017-12-23,,,,,,
양천구,11470,10200,목동,951,11470-271,금호어울림,,84.99,10,2004,62600,2017-12-27,,,,,,
양천구,11470,10100,신정동,1295,11470-172,목동2삼성래미안,,84.65,9,2001,61500,2017-12-16,,,,,,
양천구,11470,10100,신정동,1300,11470-184,명지해드는터,,59.97,8,2003,56300,2017-12-26,,,,,,
양천구,11470,10100,신정동,1300,11470-184,명지해드는터,,59.97,2,2003,51800,2017-12-29,,,,,,
양천구,11470,10200,목동,709-2,11470-35,성원2,,59.9,14,2000,32500,2017-12-29,,,,,,
양천구,11470,10100,신정동,1276,11470-139,신트리3,,84.97,5,2000,49700,2017-12-16,,,,,,
양천구,11470,10200,목동,911,11470-22,목동신시가지6,,115.19,11,1986,155000,2017-12-06,,,,,,
양천구,11470,10200,목동,709-2,11470-35,성원2,,77.17,3,2000,43500,2017-12-06,,,,,,
양천구,11470,10100,신정동,326,11470-121,목동신시가지12,,71.64,12,1988,86000,2017-12-05,,,,,,
양천구,11470,10100,신정동,1296,11470-157,아이파크,,84.88,4,2002,90000,2017-12-21,,,,,,
양천구,11470,10200,목동,911,11470-22,목동신시가지6,,47.94,13,1986,76900,2017-12-29,,,,,,
양천구,11470,10200,목동,911,11470-22,목동신시가지6,,95.03,12,1986,121500,2017-12-04,,,,,,
양천구,11470,10200,목동,200,11470-41,우성,,84.44,6,1992,71300,2017-12-15,,,,,,
양천구,11470,10100,신정동,326,11470-121,목동신시가지12,,71.64,13,1988,89000,2017-12-06,,,,,,
양천구,11470,10200,목동,902,11470-18,목동신시가지2,,95.67,11,1986,129000,2017-12-23,,,,,,
양천구,11470,10200,목동,753-1,11470-58,금강에스쁘아,,82.615,16,2002,60000,2017-12-25,,,,,,
양천구,11470,10200,목동,901,11470-17,목동신시가지1,,125.44,5,1985,159000,2017-12-16,,,,,,
양천구,11470,10200,목동,758-2,11470-266,목동2차아이파크,,84.85,17,2004,66800,2017-12-14,,,,,,
양천구,11470,10100,신정동,1306,11470-4015,세양청마루,,59.98,7,2006,44500,2017-12-27,,,,,,
양천구,11470,10200,목동,405,11470-8,목동대림,,84.82,9,1994,75500,2017-12-23,,,,,,
양천구,11470,10100,신정동,329,11470-123,목동신시가지14,,71.37,9,1987,88000,2017-12-09,,,,,,
양천구,11470,10200,목동,753-1,11470-58,금강에스쁘아,,82.615,14,2002,60000,2017-12-19,,,,,,
양천구,11470,10200,목동,949,11470-270,웨스트빌,,59.268,1,2004,36000,2017-12-11,,,,,,
양천구,11470,10100,신정동,743-2,11470-136,신정6현대,,84.6,17,2000,49500,2017-12-26,,,,,,
양천구,11470,10100,신정동,1277,11470-140,신트리4,,48.96,8,2000,29000,2017-12-29,,,,,,
양천구,11470,10200,목동,925,11470-23,목동신시가지7,,64.4,1,1986,104500,2017-12-12,,,,,,
양천구,11470,10200,목동,764-4,11470-37,신목,,74.64,5,1992,38500,2017-12-10,,,,,,
양천구,11470,10200,목동,768-5,11470-5,금호아파트(768),,59.67,1,1995,32000,2017-12-23,,,,,,
양천구,11470,10100,신정동,1276,11470-139,신트리3,,84.25,2,2000,51500,2017-12-19,,,,,,
양천구,11470,10300,신월동,1068,11470-4948,삼익플라주행복한마을,,84.45,7,2013,34500,2017-12-24,,,,,,
양천구,11470,10100,신정동,329,11470-123,목동신시가지14,,55.02,8,1987,69000,2017-12-09,,,,,,
양천구,11470,10100,신정동,337,11470-126,목동우성2,,84.96,12,2000,48000,2017-12-28,,,,,,
양천구,11470,10200,목동,936,11470-45,진도2,,84.75,17,1999,79000,2017-12-02,,,,,,
양천구,11470,10100,신정동,336,11470-147,청구,,84.95,4,1992,55000,2017-12-08,,,,,,
양천구,11470,10200,목동,962,11470-4349,트라팰리스웨스턴에비뉴,,127.65,29,2009,154000,2017-12-29,,,,,,
양천구,11470,10200,목동,962-1,11470-4350,트라팰리스이스턴에비뉴,,161.36,37,2009,180000,2017-12-14,,,,,,
양천구,11470,10200,목동,956,11470-206,롯데캐슬위너,,114.75,13,2005,85000,2017-12-06,,,,,,
양천구,11470,10300,신월동,1029,11470-332,신도신월1차,,84.85,12,2004,40800,2017-12-27,,,,,,
양천구,11470,10200,목동,904,11470-20,목동신시가지4,,93.02,1,1986,134000,2017-12-27,,,,,,
양천구,11470,10300,신월동,1057,11470-4500,롯데캐슬(1057-0),,70.91,12,2010,42500,2017-12-28,,,,,,
양천구,11470,10100,신정동,1322,11470-4576,이펜하우스2단지,,84.51,2,2011,44300,2017-12-23,,,,,,
양천구,11470,10100,신정동,329,11470-123,목동신시가지14,,92.07,1,1987,107500,2017-12-02,,,,,,
양천구,11470,10200,목동,901,11470-17,목동신시가지1,,65.34,11,1985,94000,2017-12-16,,,,,,
양천구,11470,10200,목동,904,11470-20,목동신시가지4,,47.25,8,1986,75000,2017-12-22,,,,,,
양천구,11470,10200,목동,405,11470-8,목동대림,,84.82,18,1994,74000,2017-12-04,,,,,,
양천구,11470,10100,신정동,314,11470-124,목동신시가지8,,71.77,2,1987,88500,2017-12-09,,,,,,
양천구,11470,10100,신정동,327,11470-122,목동신시가지13,,53.9,2,1987,59500,2017-12-02,,,,,,
양천구,11470,10100,신정동,329,11470-123,목동신시가지14,,55.02,12,1987,66200,2017-12-18,,,,,,
양천구,11470,10200,목동,904,11470-20,목동신시가지4,,65.34,2,1986,95000,2017-12-24,,,,,,
양천구,11470,10100,신정동,1278,11470-132,목동삼성,,84.77,5,1996,62800,2017-12-23,,,,,,
양천구,11470,10200,목동,911,11470-22,목동신시가지6,,95.03,4,1986,129500,2017-12-06,,,,,,
양천구,11470,10200,목동,962,11470-4349,트라팰리스웨스턴에비뉴,,124.95,18,2009,130000,2017-12-19,,,,,,
양천구,11470,10100,신정동,327,11470-122,목동신시가지13,,156.62,5,1987,160000,2017-12-23,,,,,,
양천구,11470,10200,목동,930,11470-48,현대,,83.16,18,1996,69000,2017-12-27,,,,,,
양천구,11470,10300,신월동,1063,11470-4993,롯데캐슬,,116.375,2,2014,64300,2017-12-13,,,,,,
양천구,11470,10100,신정동,312,11470-125,목동신시가지9,,126.02,5,1987,130000,2017-12-04,,,,,,
양천구,11470,10100,신정동,1273,11470-137,신정현대5,,114.24,18,1999,62000,2017-12-04,,,,,,
양천구,11470,10100,신정동,329,11470-123,목동신시가지14,,71.4,8,1987,90000,2017-12-22,,,,,,
양천구,11470,10200,목동,901,11470-17,목동신시가지1,,47.52,3,1985,71000,2017-12-26,,,,,,
양천구,11470,10200,목동,912,11470-21,목동신시가지5,,95.22,2,1986,135000,2017-12-08,,,,,,
양천구,11470,10200,목동,929,11470-46,목동청구한신아파트,,84.76,13,1997,82000,2017-12-02,,,,,,
양천구,11470,10300,신월동,1057,11470-4500,롯데캐슬(1057-0),,70.91,13,2010,44000,2017-12-25,,,,,,
양천구,11470,10100,신정동,329,11470-123,목동신시가지14,,71.4,17,1987,89000,2017-12-08,,,,,,
양천구,11470,10300,신월동,91-10,11470-280,우진,,55.41,4,2001,21000,2017-12-11,,,,,,
양천구,11470,10200,목동,916,11470-187,현대하이페리온,,154.05,12,2003,145000,2017-12-02,,,,,,
양천구,11470,10200,목동,925,11470-23,목동신시가지7,,101.2,11,1986,150000,2017-12-16,,,,,,
양천구,11470,10100,신정동,327,11470-122,목동신시가지13,,53.9,12,1987,69500,2017-12-11,,,,,,
양천구,11470,10200,목동,752-1,11470-4,극동늘푸른,,59.91,3,1998,42800,2017-12-01,,,,,,
양천구,11470,10100,신정동,1277,11470-140,신트리4,,48.96,10,2000,27500,2017-12-29,,,,,,
양천구,11470,10100,신정동,1277,11470-140,신트리4,,48.96,10,2000,26300,2017-12-04,,,,,,
양천구,11470,10100,신정동,1295,11470-172,목동2삼성래미안,,84.65,9,2001,64500,2017-12-11,,,,,,
양천구,11470,10200,목동,912,11470-21,목동신시가지5,,95.22,3,1986,135000,2017-12-19,,,,,,
양천구,11470,10200,목동,956,11470-206,롯데캐슬위너,,59.98,12,2005,59700,2017-12-20,,,,,,
양천구,11470,10200,목동,908-34,11470-30,부영3,,140.52,9,2000,99000,2017-12-07,,,,,,
양천구,11470,10100,신정동,312,11470-125,목동신시가지9,,126.53,6,1987,152500,2017-12-08,,,,,,
양천구,11470,10300,신월동,1055,11470-4743,신정두산위브,,75.63,20,2012,51000,2017-12-23,,,,,,
양천구,11470,10100,신정동,1314,11470-4443,중앙하이츠,,104.62,2,2010,62000,2017-12-02,,,,,,
양천구,11470,10300,신월동,987-1,11470-83,신월시영,,50.67,7,1988,25350,2017-12-26,,,,,,
양천구,11470,10200,목동,961,11470-4045,하이페리온2,,155.586,29,2006,147000,2017-12-27,,,,,,
양천구,11470,10100,신정동,1306,11470-4015,세양청마루,,84.98,6,2006,53000,2017-12-05,,,,,,
양천구,11470,10100,신정동,1310,11470-3927,동일하이빌1단지,,84.955,13,2005,53800,2017-12-11,,,,,,
양천구,11470,10200,목동,956,11470-206,롯데캐슬위너,,59.98,1,2005,58000,2017-12-27,,,,,,
양천구,11470,10100,신정동,1310,11470-3927,동일하이빌1단지,,115.321,11,2005,59900,2017-12-10,,,,,,
양천구,11470,10200,목동,956,11470-206,롯데캐슬위너,,84.99,20,2005,65000,2017-12-18,,,,,,
양천구,11470,10100,신정동,1310,11470-3927,동일하이빌1단지,,84.955,13,2005,55000,2017-12-02,,,,,,
양천구,11470,10100,신정동,327,11470-122,목동신시가지13,,98.63,8,1987,118000,2017-12-23,,,,,,
양천구,11470,10100,신정동,1317,11470-4601,이펜하우스4단지,,84.96,10,2011,48800,2017-12-13,,,,,,
양천구,11470,10100,신정동,1316,11470-4600,이펜하우스3단지,,114.98,3,2011,59500,2017-12-22,,,,,,
양천구,11470,10100,신정동,1316,11470-4600,이펜하우스3단지,,114.98,14,2011,59600,2017-12-10,,,,,,
양천구,11470,10200,목동,904,11470-20,목동신시가지4,,115.65,8,1986,157000,2017-12-10,,,,,,
양천구,11470,10100,신정동,338,11470-127,목동우성3,,59.69,7,1999,36700,2017-12-31,,,,,,
양천구,11470,10200,목동,904,11470-20,목동신시가지4,,48.69,15,1986,75000,2017-12-09,,,,,,
양천구,11470,10300,신월동,987-1,11470-83,신월시영,,50.67,9,1988,26000,2017-12-23,,,,,,
양천구,11470,10200,목동,904,11470-20,목동신시가지4,,142.2,7,1986,180000,2017-12-11,,,,,,
양천구,11470,10200,목동,902,11470-18,목동신시가지2,,95.22,3,1986,126000,2017-12-02,,,,,,
양천구,11470,10100,신정동,1279,11470-128,목동현대3차,,84.77,7,1997,70000,2017-12-01,,,,,,
양천구,11470,10300,신월동,56-6,11470-278,청남,,59.8,7,2003,19700,2017-12-29,,,,,,
양천구,11470,10100,신정동,325,11470-120,목동신시가지11,,51.48,13,1988,62000,2017-12-04,,,,,,
양천구,11470,10100,신정동,329,11470-123,목동신시가지14,,55.02,7,1987,66000,2017-12-02,,,,,,
양천구,11470,10300,신월동,987-1,11470-83,신월시영,,43.2,1,1988,20700,2017-12-14,,,,,,
양천구,11470,10200,목동,903,11470-19,목동신시가지3,,95.16,6,1986,130000,2017-12-06,,,,,,
양천구,11470,10100,신정동,329,11470-123,목동신시가지14,,55.02,15,1987,66500,2017-12-18,,,,,,
양천구,11470,10100,신정동,325,11470-120,목동신시가지11,,51.48,5,1988,64800,2017-12-09,,,,,,
양천구,11470,10300,신월동,1029,11470-332,신도신월1차,,84.85,11,2004,40000,2017-12-20,,,,,,
양천구,11470,10300,신월동,1055,11470-4743,신정두산위브,,59.78,2,2012,43500,2017-12-13,,,,,,
양천구,11470,10200,목동,912,11470-21,목동신시가지5,,95.28,1,1986,130000,2017-12-04,,,,,,
양천구,11470,10300,신월동,1020,11470-202,신성미소지움,,84.57,9,2003,44000,2017-12-30,,,,,,
양천구,11470,10200,목동,941,11470-204,대원칸타빌2,,103.68,1,2003,68000,2017-12-20,,,,,,
양천구,11470,10100,신정동,311,11470-119,목동신시가지10,,70.2,8,1987,90000,2017-12-16,,,,,,
양천구,11470,10200,목동,961,11470-4045,하이페리온2,,119.369,29,2006,129500,2017-12-23,,,,,,
양천구,11470,10100,신정동,334,11470-142,쌍용,,84.65,12,1992,51000,2017-12-08,,,,,,
양천구,11470,10200,목동,907-5,11470-14,목동가든스위트,,144.16,11,1999,84000,2017-12-13,,,,,,
양천구,11470,10100,신정동,325,11470-120,목동신시가지11,,51.48,2,1988,62000,2017-12-29,,,,,,
양천구,11470,10200,목동,901,11470-17,목동신시가지1,,154.44,9,1985,177500,2017-12-29,,,,,,
양천구,11470,10300,신월동,547-5,11470-313,세아쎄닛빌,,66.9,3,2002,23000,2017-12-21,,,,,,
양천구,11470,10200,목동,929,11470-46,목동청구한신아파트,,84.77,6,1997,81000,2017-12-05,,,,,,
양천구,11470,10100,신정동,1311,11470-3928,동일하이빌2단지,,84.955,16,2005,54000,2017-12-18,,,,,,
양천구,11470,10100,신정동,1198-3,11470-240,대성유니드2차,,84.7,5,2004,39000,2017-12-06,,,,,,
양천구,11470,10100,신정동,324-7,11470-166,대림아크로빌,,113.1,10,2003,66500,2017-12-18,,,,,,
양천구,11470,10300,신월동,1055,11470-4743,신정두산위브,,59.78,6,2012,44500,2017-12-02,,,,,,
양천구,11470,10100,신정동,1277,11470-140,신트리4,,48.96,15,2000,24800,2017-12-01,,,,,,
양천구,11470,10100,신정동,1279,11470-128,목동현대3차,,84.77,2,1997,69000,2017-12-14,,,,,,
양천구,11470,10100,신정동,1293,11470-153,학마을1단지,,49.99,4,2000,26500,2017-12-31,,,,,,
양천구,11470,10200,목동,903,11470-19,목동신시가지3,,116.12,9,1986,158000,2017-12-16,,,,,,
양천구,11470,10200,목동,904,11470-20,목동신시가지4,,95.67,4,1986,133300,2017-12-10,,,,,,
양천구,11470,10200,목동,962,11470-4349,트라팰리스웨스턴에비뉴,,163.54,44,2009,182500,2017-12-21,,,,,,
양천구,11470,10200,목동,750-5,11470-42,월드메르디앙,,84.1969,4,2001,48500,2017-12-02,,,,,,
양천구,11470,10200,목동,901,11470-17,목동신시가지1,,65.34,3,1985,93800,2017-12-21,,,,,,
양천구,11470,10300,신월동,1058,11470-4414,코아루2단지,,84.95,2,2010,34500,2017-12-16,,,,,,
양천구,11470,10300,신월동,1003-4,11470-198,은일로즈힐,,84.892,7,2003,31900,2017-12-11,,,,,,
양천구,11470,10100,신정동,312,11470-125,목동신시가지9,,106.93,13,1987,120000,2017-12-13,,,,,,
양천구,11470,10100,신정동,1278,11470-132,목동삼성,,114.93,3,1996,72500,2017-12-12,,,,,,
양천구,11470,10200,목동,903,11470-19,목동신시가지3,,64.98,13,1986,90000,2017-12-08,,,,,,
양천구,11470,10100,신정동,1300,11470-184,명지해드는터,,84.98,18,2003,71000,2017-12-13,,,,,,
양천구,11470,10100,신정동,1278,11470-132,목동삼성,,114.93,8,1996,74600,2017-12-07,,,,,,
양천구,11470,10200,목동,951,11470-271,금호어울림,,84.99,3,2004,59500,2017-12-10,,,,,,
양천구,11470,10300,신월동,987-1,11470-83,신월시영,,59.49,2,1988,29500,2017-12-25,,,,,,
양천구,11470,10200,목동,951,11470-271,금호어울림,,120.12,10,2004,75000,2017-12-21,,,,,,
양천구,11470,10200,목동,962-1,11470-4350,트라팰리스이스턴에비뉴,,124.95,29,2009,137000,2017-12-15,,,,,,
양천구,11470,10100,신정동,1281,11470-150,푸른마을2,,59.99,5,2001,31900,2017-12-29,,,,,,
양천구,11470,10200,목동,933,11470-33,삼익,,58.76,15,1997,55000,2017-12-08,,,,,,
양천구,11470,10100,신정동,1296,11470-157,아이파크,,84.88,14,2002,93000,2017-12-02,,,,,,
양천구,11470,10300,신월동,987-1,11470-83,신월시영,,59.49,8,1988,30700,2017-12-23,,,,,,
양천구,11470,10200,목동,904,11470-20,목동신시가지4,,94.86,1,1986,124500,2017-12-09,,,,,,
양천구,11470,10200,목동,928,11470-2,건영,,84.27,5,1994,40800,2017-12-27,,,,,,
양천구,11470,10200,목동,904,11470-20,목동신시가지4,,47.25,19,1986,72000,2017-12-16,,,,,,
양천구,11470,10200,목동,904,11470-20,목동신시가지4,,65.34,9,1986,97500,2017-12-13,,,,,,
양천구,11470,10100,신정동,1021-7,11470-235,태화상가빌라트,,95.22,5,1996,44000,2017-12-01,,,,,,
양천구,11470,10200,목동,961,11470-4045,하이페리온2,,155.586,28,2006,143400,2017-12-09,,,,,,
양천구,11470,10100,신정동,318-12,11470-210,목동삼성쉐르빌Ⅱ,,164.98,7,2004,103500,2017-12-07,,,,,,
양천구,11470,10100,신정동,1252,11470-154,현대,,84.84,17,1995,56500,2017-12-02,,,,,,
양천구,11470,10200,목동,903,11470-19,목동신시가지3,,64.98,1,1986,92000,2017-12-23,,,,,,
양천구,11470,10200,목동,925,11470-23,목동신시가지7,,66.6,6,1986,100000,2017-12-10,,,,,,
양천구,11470,10200,목동,752-1,11470-4,극동늘푸른,,59.91,2,1998,41400,2017-12-09,,,,,,
양천구,11470,10100,신정동,337,11470-126,목동우성2,,84.96,12,2000,51300,2017-12-19,,,,,,
양천구,11470,10200,목동,950,11470-4014,목동이-편한세상,,134.77,2,2006,84500,2017-12-13,,,,,,
양천구,11470,10100,신정동,325,11470-120,목동신시가지11,,51.48,6,1988,63000,2017-12-05,,,,,,
양천구,11470,10200,목동,722-5,11470-175,세종그랑시아,,111.1,17,2003,58300,2017-12-04,,,,,,
양천구,11470,10300,신월동,1039,11470-345,신월2차보람쉬움,,71.35,13,2005,31800,2017-12-21,,,,,,
양천구,11470,10200,목동,406-38,11470-252,목동성삼하이츠,,158.03,4,2000,83000,2017-12-11,,,,,,
양천구,11470,10100,신정동,326,11470-121,목동신시가지12,,53.46,12,1988,68000,2017-12-10,,,,,,
양천구,11470,10200,목동,549,11470-7,목동금호베스트빌,,83.71,2,2002,54000,2017-12-15,,,,,,
양천구,11470,10200,목동,956,11470-206,롯데캐슬위너,,84.98,16,2005,69000,2017-12-08,,,,,,
양천구,11470,10200,목동,901,11470-17,목동신시가지1,,65.34,2,1985,89800,2017-12-09,,,,,,
양천구,11470,10100,신정동,1277,11470-140,신트리4,,48.96,13,2000,27000,2017-12-22,,,,,,
양천구,11470,10100,신정동,327,11470-122,목동신시가지13,,70.73,10,1987,82000,2017-12-02,,,,,,
양천구,11470,10100,신정동,329,11470-123,목동신시가지14,,108.28,3,1987,118000,2017-12-02,,,,,,
양천구,11470,10100,신정동,1300,11470-184,명지해드는터,,84.98,18,2003,71300,2017-12-13,,,,,,
양천구,11470,10200,목동,950,11470-4014,목동이-편한세상,,134.77,4,2006,87000,2017-12-12,,,,,,
양천구,11470,10300,신월동,1065,11470-4936,은성마을승윤노블리안,,84.5714,1,2013,35000,2017-12-01,,,,,,
양천구,11470,10100,신정동,87-39,11470-144,유원목동,,84.98,2,1990,64500,2017-12-23,,,,,,
양천구,11470,10100,신정동,1283,11470-151,푸른마을3,,84.9,10,2001,42000,2017-12-24,,,,,,
양천구,11470,10100,신정동,1303,11470-182,대림e-편한세상,,84.998,4,2004,50500,2017-12-26,,,,,,
양천구,11470,10300,신월동,1022,11470-200,벽산블루밍1단지,,59.9465,7,2003,40000,2017-12-29,,,,,,
양천구,11470,10300,신월동,1022,11470-200,벽산블루밍1단지,,59.9465,12,2003,38500,2017-12-19,,,,,,
양천구,11470,10100,신정동,1309,11470-248,롯데캐슬,,84.73,3,2004,75000,2017-12-12,,,,,,
양천구,11470,10200,목동,961,11470-4045,하이페리온2,,155.586,27,2006,149500,2017-12-19,,,,,,
양천구,11470,10100,신정동,337,11470-126,목동우성2,,113.91,4,2000,60000,2017-12-02,,,,,,
양천구,11470,10100,신정동,1259,11470-138,신트리1,,49.95,12,1999,31900,2017-12-09,,,,,,
양천구,11470,10100,신정동,1305,11470-246,힐탑이루미,,80.64,7,2004,35000,2017-12-05,,,,,,
양천구,11470,10200,목동,902,11470-18,목동신시가지2,,65.25,13,1986,95000,2017-12-04,,,,,,
양천구,11470,10100,신정동,312,11470-125,목동신시가지9,,106.93,5,1987,125000,2017-12-03,,,,,,
양천구,11470,10200,목동,951,11470-271,금호어울림,,84.99,1,2004,57000,2017-12-09,,,,,,
양천구,11470,10100,신정동,334,11470-142,쌍용,,84.63,3,1992,50950,2017-12-20,,,,,,
양천구,11470,10200,목동,539-4,11470-56,목동효성,,111.33,3,2003,57700,2017-12-11,,,,,,
양천구,11470,10100,신정동,906-4,11470-219,보성제이드,,75,2,2003,32000,2017-12-02,,,,,,
양천구,11470,10100,신정동,1307,11470-247,경남아너스빌,,95.24,12,2004,67500,2017-12-08,,,,,,
양천구,11470,10100,신정동,329,11470-123,목동신시가지14,,74.19,4,1987,84000,2017-12-02,,,,,,
양천구,11470,10300,신월동,530-7,11470-309,우창,,82.61,6,2003,20000,2017-12-01,,,,,,
양천구,11470,10100,신정동,318-10,11470-203,삼성쉐르빌,,149.48,22,2003,102000,2017-12-04,,,,,,
양천구,11470,10200,목동,549,11470-7,목동금호베스트빌,,83.71,5,2002,52500,2017-12-05,,,,,,
양천구,11470,10100,신정동,743-2,11470-136,신정6현대,,59.4,20,2000,31000,2017-12-21,,,,,,
양천구,11470,10200,목동,752-1,11470-4,극동늘푸른,,84.21,13,1998,58800,2017-12-03,,,,,,
양천구,11470,10100,신정동,333,11470-117,대림,,84.89,10,1992,57300,2017-12-25,,,,,,
양천구,11470,10100,신정동,1276,11470-139,신트리3,,84.8,15,2000,55000,2017-12-04,,,,,,
양천구,11470,10100,신정동,955-13,11470-163,태경아파트,,83.17,3,2002,32800,2017-12-01,,,,,,
양천구,11470,10200,목동,901,11470-17,목동신시가지1,,65.34,4,1985,92000,2017-12-01,,,,,,
양천구,11470,10100,신정동,337,11470-126,목동우성2,,113.91,8,2000,60000,2017-12-15,,,,,,
양천구,11470,10100,신정동,733-31,11470-135,수정,,47.16,3,1987,23000,2017-12-25,,,,,,
양천구,11470,10100,신정동,337,11470-126,목동우성2,,113.91,11,2000,56000,2017-12-29,,,,,,
양천구,11470,10100,신정동,337,11470-126,목동우성2,,84.96,8,2000,48800,2017-12-28,,,,,,
양천구,11470,10200,목동,929,11470-46,목동청구한신아파트,,84.77,4,1997,83000,2017-12-07,,,,,,
양천구,11470,10300,신월동,1052,11470-4125,동도센트리움,,84.92,9,2007,40500,2017-12-28,,,,,,
양천구,11470,10100,신정동,312,11470-125,목동신시가지9,,53.82,8,1987,69000,2017-12-12,,,,,,
양천구,11470,10200,목동,961,11470-4045,하이페리온2,,155.586,4,2006,134500,2017-12-02,,,,,,
양천구,11470,10100,신정동,333,11470-117,대림,,84.86,15,1992,53000,2017-12-16,,,,,,
양천구,11470,10300,신월동,987-1,11470-83,신월시영,,43.2,10,1988,22300,2017-12-23,,,,,,
양천구,11470,10100,신정동,1192-1,11470-238,정은스카이빌3차,,84.88,6,2004,42500,2017-12-25,,,,,,
양천구,11470,10100,신정동,1192-1,11470-238,정은스카이빌3차,,84.88,6,2004,43000,2017-12-22,,,,,,
양천구,11470,10100,신정동,311,11470-119,목동신시가지10,,70.2,8,1987,92500,2017-12-20,,,,,,
양천구,11470,10100,신정동,1293,11470-153,학마을1단지,,49.99,13,2000,28500,2017-12-19,,,,,,
양천구,11470,10200,목동,131-45,11470-249,리버하이츠,,82.6,5,2000,35000,2017-12-12,,,,,,
양천구,11470,10300,신월동,987-1,11470-83,신월시영,,43.2,10,1988,21900,2017-12-05,,,,,,
양천구,11470,10100,신정동,337,11470-126,목동우성2,,84.96,11,2000,51000,2017-12-23,,,,,,
양천구,11470,10200,목동,925,11470-23,목동신시가지7,,66.6,1,1986,104000,2017-12-20,,,,,,
양천구,11470,10100,신정동,87-39,11470-144,유원목동,,84.96,2,1990,60000,2017-12-19,,,,,,
양천구,11470,10300,신월동,207-24,11470-64,금강,,59.4,10,1998,19800,2017-12-23,,,,,,
양천구,11470,10300,신월동,1041,11470-3945,삼정그린뷰,,84.14,5,2005,38000,2017-12-03,,,,,,
양천구,11470,10200,목동,956,11470-206,롯데캐슬위너,,84.98,17,2005,70900,2017-12-05,,,,,,
양천구,11470,10200,목동,935,11470-44,진도1,,112.83,12,1998,86800,2017-12-12,,,,,,
양천구,11470,10100,신정동,312,11470-125,목동신시가지9,,126.53,13,1987,149000,2017-12-03,,,,,,
양천구,11470,10300,신월동,125,11470-3960,신월6차보람,,59.232,14,2005,28800,2017-12-09,,,,,,
양천구,11470,10200,목동,929,11470-46,목동청구한신아파트,,84.77,6,1997,86000,2017-12-15,,,,,,
양천구,11470,10100,신정동,1306,11470-4015,세양청마루,,84.98,13,2006,52500,2017-12-09,,,,,,
양천구,11470,10300,신월동,987-1,11470-83,신월시영,,59.49,4,1988,30500,2017-12-04,,,,,,
양천구,11470,10200,목동,956,11470-206,롯데캐슬위너,,127.65,16,2005,90000,2017-12-03,,,,,,
양천구,11470,10100,신정동,733-31,11470-135,수정,,48.87,5,1987,22000,2017-12-06,,,,,,
양천구,11470,10100,신정동,1293,11470-153,학마을1단지,,59.98,1,2000,34000,2017-12-09,,,,,,
양천구,11470,10200,목동,930,11470-48,현대,,57.84,15,1996,46000,2017-12-20,,,,,,
양천구,11470,10200,목동,750-5,11470-42,월드메르디앙,,79.4989,14,2001,49000,2017-12-14,,,,,,
양천구,11470,10100,신정동,733-31,11470-135,수정,,48.87,2,1987,22900,2017-12-05,,,,,,
양천구,11470,10200,목동,912,11470-21,목동신시가지5,,115.47,12,1986,135000,2017-12-19,,,,,,
양천구,11470,10300,신월동,1063,11470-4993,롯데캐슬,,84.984,6,2014,57000,2017-12-01,,,,,,
양천구,11470,10100,신정동,1273,11470-137,신정현대5,,89.36,5,1999,49900,2017-12-08,,,,,,
양천구,11470,10100,신정동,1259,11470-138,신트리1,,49.95,8,1999,31700,2017-12-02,,,,,,
양천구,11470,10300,신월동,987-1,11470-83,신월시영,,50.67,11,1988,26900,2017-12-19,,,,,,
양천구,11470,10100,신정동,329,11470-123,목동신시가지14,,157.59,10,1987,162250,2017-12-11,,,,,,
양천구,11470,10100,신정동,329,11470-123,목동신시가지14,,55.02,8,1987,68000,2017-12-18,,,,,,
양천구,11470,10200,목동,901,11470-17,목동신시가지1,,47.52,11,1985,69000,2017-12-01,,,,,,
양천구,11470,10100,신정동,311,11470-119,목동신시가지10,,53.82,14,1987,68000,2017-12-10,,,,,,
양천구,11470,10100,신정동,1259,11470-138,신트리1,,59.73,9,1999,38500,2017-12-09,,,,,,
양천구,11470,10100,신정동,337,11470-126,목동우성2,,84.96,11,2000,48000,2017-12-30,,,,,,
양천구,11470,10100,신정동,329,11470-123,목동신시가지14,,108.28,6,1987,125000,2017-12-19,,,,,,
양천구,11470,10300,신월동,1027,11470-4025,양천벽산블루밍2단지,,84.77,1,2006,41000,2017-12-21,,,,,,
양천구,11470,10200,목동,925,11470-23,목동신시가지7,,53.88,4,1986,89000,2017-12-13,,,,,,
양천구,11470,10100,신정동,336,11470-147,청구,,84.99,6,1992,55500,2017-12-12,,,,,,
양천구,11470,10100,신정동,314,11470-124,목동신시가지8,,54.94,12,1987,67000,2017-12-02,,,,,,
양천구,11470,10100,신정동,1323,11470-5271,목동힐스테이트,,84.98,9,2016,86500,2017-12-26,,,,,,
양천구,11470,10200,목동,903,11470-19,목동신시가지3,,64.98,4,1986,95000,2017-12-27,,,,,,
양천구,11470,10200,목동,925,11470-23,목동신시가지7,,66.6,6,1986,103500,2017-12-06,,,,,,
양천구,11470,10100,신정동,87-39,11470-144,유원목동,,84.98,4,1990,64900,2017-12-02,,,,,,
양천구,11470,10100,신정동,314,11470-124,목동신시가지8,,54.94,20,1987,69900,2017-12-02,,,,,,
양천구,11470,10100,신정동,1283,11470-151,푸른마을3,,59.99,3,2001,33000,2017-12-04,,,,,,
양천구,11470,10200,목동,751-4,11470-16,목동성원초원,,84.96,3,1999,55000,2017-12-22,,,,,,
양천구,11470,10100,신정동,1259,11470-138,신트리1,,59.73,3,1999,37500,2017-12-05,,,,,,
양천구,11470,10100,신정동,340,11470-131,블레스빌,,84.95,8,2002,56000,2017-12-08,,,,,,
양천구,11470,10300,신월동,1017,11470-201,대방샤인힐,,84.72,14,2003,35300,2017-12-05,,,,,,
양천구,11470,10300,신월동,987-1,11470-83,신월시영,,43.2,3,1988,22300,2017-12-08,,,,,,
양천구,11470,10200,목동,944,11470-192,대원칸타빌3,,84.98,3,2003,65200,2017-12-04,,,,,,
양천구,11470,10100,신정동,325,11470-120,목동신시가지11,,66.24,10,1988,75000,2017-12-02,,,,,,
양천구,11470,10200,목동,753-1,11470-58,금강에스쁘아,,59.691,3,2002,45000,2017-12-27,,,,,,
양천구,11470,10200,목동,930,11470-48,현대,,83.16,7,1996,72300,2017-12-19,,,,,,
양천구,11470,10200,목동,951,11470-271,금호어울림,,84.99,4,2004,59500,2017-12-09,,,,,,
양천구,11470,10100,신정동,325,11470-120,목동신시가지11,,59.29,5,1988,70000,2017-12-02,,,,,,
양천구,11470,10300,신월동,987-1,11470-83,신월시영,,43.2,4,1988,21800,2017-12-18,,,,,,
양천구,11470,10300,신월동,987-1,11470-83,신월시영,,59.49,10,1988,31500,2017-12-20,,,,,,
양천구,11470,10200,목동,951,11470-271,금호어울림,,84.99,6,2004,61500,2017-12-01,,,,,,
양천구,11470,10200,목동,941,11470-204,대원칸타빌2,,84.98,3,2003,65000,2017-12-01,,,,,,
양천구,11470,10300,신월동,607-1,11470-72,동방,,27.69,14,1999,10800,2017-12-28,,,,,,
양천구,11470,10100,신정동,201-1,11470-4241,세양청마루2차주상복합,,84.42,8,2008,37800,2017-12-01,,,,,,
양천구,11470,10100,신정동,980-5,11470-145,은행,,57.45,7,1995,20000,2017-12-28,,,,,,
양천구,11470,10200,목동,929,11470-46,목동청구한신아파트,,84.76,15,1997,89500,2017-12-22,,,,,,
양천구,11470,10300,신월동,1032,11470-335,신월동방원,,83.55,4,2004,28000,2017-12-19,,,,,,
양천구,11470,10200,목동,951,11470-271,금호어울림,,84.93,8,2004,59800,2017-12-01,,,,,,
양천구,11470,10100,신정동,1259,11470-138,신트리1,,49.95,2,1999,29500,2017-12-28,,,,,,
양천구,11470,10300,신월동,1027,11470-4025,양천벽산블루밍2단지,,59.99,8,2006,36000,2017-12-02,,,,,,
양천구,11470,10200,목동,753-1,11470-58,금강에스쁘아,,59.691,2,2002,43800,2017-12-24,,,,,,
양천구,11470,10200,목동,960,11470-3998,신한이모르젠,,112.51,7,2006,54000,2017-12-23,,,,,,
양천구,11470,10100,신정동,333,11470-117,대림,,84.89,11,1992,60000,2017-12-13,,,,,,
양천구,11470,10300,신월동,987-1,11470-83,신월시영,,59.49,2,1988,29950,2017-12-22,,,,,,
양천구,11470,10100,신정동,1279,11470-128,목동현대3차,,84.77,4,1997,71000,2017-12-27,,,,,,
양천구,11470,10100,신정동,1259,11470-138,신트리1,,49.95,15,1999,29450,2017-12-15,,,,,,
양천구,11470,10200,목동,911,11470-22,목동신시가지6,,95.03,9,1986,125000,2017-12-07,,,,,,
양천구,11470,10300,신월동,416-1,11470-194,보람쉬움1,,58.15,1,2003,28500,2017-12-02,,,,,,
양천구,11470,10100,신정동,1281,11470-150,푸른마을2,,59.85,6,2001,37000,2017-12-23,,,,,,
양천구,11470,10100,신정동,1303,11470-182,대림e-편한세상,,109.905,19,2004,56200,2017-12-22,,,,,,
양천구,11470,10100,신정동,329,11470-123,목동신시가지14,,55.02,15,1987,60000,2017-12-14,,,,,,
양천구,11470,10300,신월동,1017,11470-201,대방샤인힐,,84.72,2,2003,35200,2017-12-06,,,,,,
양천구,11470,10100,신정동,1259,11470-138,신트리1,,59.42,13,1999,38500,2017-12-02,,,,,,
양천구,11470,10100,신정동,1304,11470-245,정은스카이빌2차,,84.98,3,2004,42800,2017-12-21,,,,,,
양천구,11470,10200,목동,961,11470-4045,하이페리온2,,102.718,19,2006,117000,2017-12-04,,,,,,
양천구,11470,10100,신정동,1276,11470-139,신트리3,,84.8,8,2000,51000,2017-12-23,,,,,,
양천구,11470,10100,신정동,1293,11470-153,학마을1단지,,59.98,2,2000,34500,2017-12-19,,,,,,
양천구,11470,10300,신월동,987-1,11470-83,신월시영,,43.2,8,1988,22500,2017-12-21,,,,,,
양천구,11470,10200,목동,539-4,11470-56,목동효성,,84.8,4,2003,50000,2017-12-01,,,,,,
양천구,11470,10200,목동,956,11470-206,롯데캐슬위너,,59.98,3,2005,56000,2017-12-07,,,,,,
양천구,11470,10200,목동,763-1,11470-15,목동성원,,84.94,9,2000,61000,2017-12-16,,,,,,
양천구,11470,10100,신정동,911-11,11470-221,예지아파트,,90.78,7,2001,34850,2017-12-11,,,,,,
양천구,11470,10100,신정동,1283,11470-151,푸른마을3,,84.9,3,2001,41000,2017-12-12,,,,,,
양천구,11470,10100,신정동,311,11470-119,목동신시가지10,,53.82,2,1987,61500,2017-12-21,,,,,,
양천구,11470,10200,목동,753-1,11470-58,금강에스쁘아,,82.615,15,2002,58800,2017-12-04,,,,,,
양천구,11470,10300,신월동,1057-1,11470-4501,롯데캐슬(1057-1),,84.63,12,2010,50000,2017-12-04,,,,,,
양천구,11470,10200,목동,763-1,11470-15,목동성원,,84.94,11,2000,59000,2017-12-08,,,,,,
양천구,11470,10300,신월동,987-1,11470-83,신월시영,,43.2,1,1988,20500,2017-12-16,,,,,,
양천구,11470,10200,목동,200,11470-41,우성,,84.44,1,1992,69500,2017-12-14,,,,,,
양천구,11470,10100,신정동,1273,11470-137,신정현대5,,114.24,9,1999,58500,2017-12-04,,,,,,
양천구,11470,10200,목동,962-1,11470-4350,트라팰리스이스턴에비뉴,,146.1,27,2009,172000,2017-12-08,,,,,,
양천구,11470,10100,신정동,1277,11470-140,신트리4,,59.73,8,2000,35000,2017-12-09,,,,,,
양천구,11470,10300,신월동,491-1,11470-87,신월대림,,59.73,2,2001,29300,2017-12-03,,,,,,
양천구,11470,10100,신정동,327,11470-122,목동신시가지13,,151.76,13,1987,149000,2017-12-02,,,,,,
양천구,11470,10100,신정동,1314,11470-4443,중앙하이츠,,162.36,2,2010,70000,2017-12-19,,,,,,
양천구,11470,10100,신정동,318-10,11470-203,삼성쉐르빌,,163.57,15,2003,88000,2017-12-05,,,,,,
양천구,11470,10300,신월동,987-1,11470-83,신월시영,,59.49,2,1988,29700,2017-12-18,,,,,,
양천구,11470,10300,신월동,416-1,11470-194,보람쉬움1,,69.91,13,2003,32100,2017-12-02,,,,,,
양천구,11470,10100,신정동,1279,11470-128,목동현대3차,,114.93,3,1997,75000,2017-12-18,,,,,,
양천구,11470,10300,신월동,350-2,11470-86,신안파크,,56.78,2,1987,20000,2017-12-18,,,,,,
양천구,11470,10200,목동,907-14,11470-28,벽산미라지타워,,148.22,8,1999,88000,2017-12-10,,,,,,
양천구,11470,10100,신정동,1323,11470-5271,목동힐스테이트,,84.98,13,2016,95000,2017-12-08,,,,,,
양천구,11470,10200,목동,752-1,11470-4,극동늘푸른,,114.65,11,1998,69000,2017-12-06,,,,,,
양천구,11470,10300,신월동,987-1,11470-83,신월시영,,50.67,9,1988,26000,2017-12-15,,,,,,
양천구,11470,10300,신월동,416-1,11470-194,보람쉬움1,,69.91,15,2003,31500,2017-12-02,,,,,,
양천구,11470,10300,신월동,987-1,11470-83,신월시영,,43.2,8,1988,22000,2017-12-12,,,,,,
양천구,11470,10300,신월동,1023,11470-361,벽산블루밍2단지,,84.9285,18,2003,43400,2017-12-13,,,,,,
양천구,11470,10200,목동,941,11470-204,대원칸타빌2,,119.46,7,2003,79000,2017-12-11,,,,,,
양천구,11470,10100,신정동,1293,11470-153,학마을1단지,,49.98,13,2000,27900,2017-12-01,,,,,,
양천구,11470,10300,신월동,987-1,11470-83,신월시영,,50.67,11,1988,26100,2017-12-03,,,,,,
양천구,11470,10200,목동,755-1,11470-13,목4현대,,59.91,3,1997,36800,2017-12-08,,,,,,
양천구,11470,10300,신월동,987-1,11470-83,신월시영,,59.49,6,1988,29200,2017-12-06,,,,,,
양천구,11470,10100,신정동,1293,11470-153,학마을1단지,,49.99,4,2000,25750,2017-12-02,,,,,,
양천구,11470,10100,신정동,1276,11470-139,신트리3,,84.97,6,2000,51000,2017-12-01,,,,,,
양천구,11470,10100,신정동,329,11470-123,목동신시가지14,,55.02,14,1987,60000,2017-12-04,,,,,,
양천구,11470,10100,신정동,1277,11470-140,신트리4,,48.96,4,2000,25000,2017-12-03,,,,,,
양천구,11470,10100,신정동,334,11470-142,쌍용,,84.63,4,1992,50500,2017-12-02,,,,,,
강서구,11500,10300,화곡동,1165,11500-6919,강서힐스테이트,,59.99,2,2015,62700,2017-12-30,,,,,,
강서구,11500,10300,화곡동,1149,11500-348,화곡보람,,84.94,12,2004,41900,2017-12-26,,,,,,
강서구,11500,10500,마곡동,743-4,11500-6892,마곡엠밸리7단지,,114.69,3,2014,98000,2017-12-23,,,,,,
강서구,11500,10500,마곡동,1565,11500-191,길훈,,51.28,2,1989,34300,2017-12-30,,,,,,
강서구,11500,10300,화곡동,1145,11500-242,우장산롯데캐슬,,177.86,12,2003,87000,2017-12-27,,,,,,
강서구,11500,10500,마곡동,1535,11500-6594,마곡일성트루엘아파트,,59.978,12,2013,49500,2017-12-30,,,,,,
강서구,11500,10400,가양동,1485,11500-149,가양6단지,,58.65,2,1992,45900,2017-12-31,,,,,,
강서구,11500,10200,등촌동,702,11500-53,주공10,,58.14,14,1995,51000,2017-12-30,,,,,,
강서구,11500,10500,마곡동,734,11500-6901,마곡엠밸리1단지,,84.77,2,2014,83700,2017-12-30,,,,,,
강서구,11500,10200,등촌동,702,11500-53,주공10,,58.14,6,1995,47000,2017-12-25,,,,,,
강서구,11500,10200,등촌동,561-1,11500-71,대림e편한세상,,116.41,9,2002,60000,2017-12-25,,,,,,
강서구,11500,10600,내발산동,657,11500-477,우장산힐스테이트,,59.98,8,2005,64000,2017-12-15,,,,,,
강서구,11500,10300,화곡동,1071-19,11500-6652,강서뉴타워,,82.88,5,2013,42000,2017-12-29,,,,,,
강서구,11500,10300,화곡동,1161,11500-6622,강서동도센트리움,,14.677,8,2012,10500,2017-12-28,,,,,,
강서구,11500,10300,화곡동,1161,11500-6622,강서동도센트리움,,14.677,8,2012,10500,2017-12-28,,,,,,
강서구,11500,10500,마곡동,743,11500-6893,마곡엠밸리6단지,,84.88,5,2014,85000,2017-12-25,,,,,,
강서구,11500,10500,마곡동,1589,11500-7244,마곡힐스테이트,,84.98,14,2017,87000,2017-12-29,,,,,,
강서구,11500,10400,가양동,448-1,11500-143,가양강나루현대,,84.98,4,1999,54900,2017-12-26,,,,,,
강서구,11500,10100,염창동,308,11500-6884,강서쌍용예가,,84.9025,6,2014,63000,2017-12-23,,,,,,
강서구,11500,10300,화곡동,1165,11500-6919,강서힐스테이트,,128.81,6,2015,99500,2017-12-29,,,,,,
강서구,11500,10300,화곡동,1165,11500-6919,강서힐스테이트,,128.81,7,2015,94500,2017-12-31,,,,,,
강서구,11500,10300,화곡동,1091,11500-120,화곡푸르지오,,125.021,7,2002,70000,2017-12-18,,,,,,
강서구,11500,10400,가양동,1496,11500-353,일신건영휴먼빌,,84.95,1,2004,50800,2017-12-31,,,,,,
강서구,11500,10300,화곡동,1149,11500-348,화곡보람,,59.24,9,2004,40500,2017-12-28,,,,,,
강서구,11500,10300,화곡동,935-9,11500-77,무궁화,,72.98,8,1992,20500,2017-12-21,,,,,,
강서구,11500,10200,등촌동,628-15,11500-39,등촌라인(조합),,59.91,9,1997,40500,2017-12-19,,,,,,
강서구,11500,10400,가양동,1475,11500-146,강변,,39.6,8,1992,35000,2017-12-23,,,,,,
강서구,11500,10600,내발산동,657,11500-477,우장산힐스테이트,,59.98,6,2005,67000,2017-12-27,,,,,,
강서구,11500,10400,가양동,1461,11500-151,가양2단지(성지),,49.56,3,1992,39500,2017-12-27,,,,,,
강서구,11500,10200,등촌동,561-1,11500-71,대림e편한세상,,116.41,2,2002,52000,2017-12-16,,,,,,
강서구,11500,10600,내발산동,657,11500-477,우장산힐스테이트,,84.98,20,2005,81500,2017-12-28,,,,,,
강서구,11500,10500,마곡동,1467,11500-269,마곡우림필유아파트,,84.528,5,2003,52500,2017-12-20,,,,,,
강서구,11500,10400,가양동,1461,11500-151,가양2단지(성지),,34.44,5,1992,30500,2017-12-25,,,,,,
강서구,11500,10500,마곡동,743-4,11500-6892,마곡엠밸리7단지,,84.95,14,2014,94000,2017-12-21,,,,,,
강서구,11500,10500,마곡동,736,11500-6902,마곡엠밸리3단지,,114.91,4,2014,91900,2017-12-27,,,,,,
강서구,11500,10600,내발산동,721-3,11500-181,수산오성,,77.83,6,2002,41700,2017-12-23,,,,,,
강서구,11500,10300,화곡동,24-90,11500-5404,근상프리즘,,79.55,5,2007,29700,2017-12-18,,,,,,
강서구,11500,10100,염창동,300,11500-5105,강변한솔솔파크,,84.69,10,2005,58800,2017-12-29,,,,,,
강서구,11500,10200,등촌동,628-15,11500-39,등촌라인(조합),,59.91,3,1997,38400,2017-12-26,,,,,,
강서구,11500,10100,염창동,240-1,11500-5966,강변월드메르디앙,,84.9102,13,2010,65000,2017-12-23,,,,,,
강서구,11500,10400,가양동,1500,11500-6753,강서한강자이,,127.1094,7,2013,90000,2017-12-30,,,,,,
강서구,11500,10400,가양동,1460,11500-155,한강타운,,84.99,6,1993,60000,2017-12-26,,,,,,
강서구,11500,10200,등촌동,562-5,11500-51,임광,,84.91,7,2000,45000,2017-12-25,,,,,,
강서구,11500,10900,방화동,839,11500-193,방화그린,,49.77,9,1993,30300,2017-12-28,,,,,,
강서구,11500,10200,등촌동,631-9,11500-34,대동황토방,,59.78,16,2000,43000,2017-12-30,,,,,,
강서구,11500,10100,염창동,263,11500-26,태진한솔,,58.87,7,1994,43500,2017-12-26,,,,,,
강서구,11500,10100,염창동,263,11500-26,태진한솔,,104.82,13,1994,66700,2017-12-24,,,,,,
강서구,11500,10600,내발산동,688-21,11500-5236,내츄럴아파트3차,,84.99,8,2006,44600,2017-12-15,,,,,,
강서구,11500,10600,내발산동,753,11500-5437,마곡수명산파크4단지,,84.96,15,2008,61000,2017-12-30,,,,,,
강서구,11500,10200,등촌동,628-15,11500-39,등촌라인(조합),,59.91,9,1997,42000,2017-12-14,,,,,,
강서구,11500,10100,염창동,282-19,11500-5104,현대아이파크,,78.86,10,2005,62500,2017-12-23,,,,,,
강서구,11500,10900,방화동,567-4,11500-375,삼정코아,,83.23,11,2004,37000,2017-12-29,,,,,,
강서구,11500,10400,가양동,1474,11500-147,대림경동아파트,,131.4,2,1993,64500,2017-12-26,,,,,,
강서구,11500,10100,염창동,294,11500-4,길훈,,155.5,1,1999,58500,2017-12-25,,,,,,
강서구,11500,10900,방화동,615-103,11500-218,형제,,73.92,2,1982,41000,2017-12-30,,,,,,
강서구,11500,10600,내발산동,659-1,11500-5213,강서월드메르디앙,,84.8945,3,2006,64000,2017-12-27,,,,,,
강서구,11500,10300,화곡동,1091,11500-120,화곡푸르지오,,156.876,8,2002,79000,2017-12-27,,,,,,
강서구,11500,10300,화곡동,894-9,11500-6647,은하센트리움,,30.84,6,2013,18000,2017-12-11,,,,,,
강서구,11500,10900,방화동,286-1,11500-214,한미(286-1),,47.22,4,1988,27600,2017-12-30,,,,,,
강서구,11500,10900,방화동,841,11500-209,장미,,39.96,4,1994,26800,2017-12-28,,,,,,
강서구,11500,10600,내발산동,657,11500-477,우장산힐스테이트,,84.98,8,2005,83000,2017-12-18,,,,,,
강서구,11500,10400,가양동,1474,11500-147,대림경동아파트,,131.4,11,1993,73000,2017-12-26,,,,,,
강서구,11500,10200,등촌동,676,11500-60,태진아름,,59.94,7,1995,37000,2017-12-12,,,,,,
강서구,11500,10200,등촌동,707,11500-57,"등촌7,8단지주공아파트",,41.85,9,1994,35500,2017-12-23,,,,,,
강서구,11500,10900,방화동,875,11500-233,방화동동부센트레빌(875번지),,114.99,7,2003,62500,2017-12-26,,,,,,
강서구,11500,10300,화곡동,980-21,11500-5131,강서아이파크,,83.077,5,2005,39100,2017-12-22,,,,,,
강서구,11500,10100,염창동,272-11,11500-464,롯데캐슬,,84.9519,8,2005,74000,2017-12-28,,,,,,
강서구,11500,10300,화곡동,914-3,11500-96,일성스카이빌,,76.32,9,2001,30000,2017-12-24,,,,,,
강서구,11500,10300,화곡동,1165,11500-6919,강서힐스테이트,,128.81,4,2015,92500,2017-12-30,,,,,,
강서구,11500,10600,내발산동,680-5,11500-360,천우명덕,,84.94,5,2004,40700,2017-12-16,,,,,,
강서구,11500,10300,화곡동,1091,11500-120,화곡푸르지오,,144.123,3,2002,74000,2017-12-22,,,,,,
강서구,11500,10600,내발산동,728,11500-182,롯데1차,,84.489,8,2002,50000,2017-12-29,,,,,,
강서구,11500,10900,방화동,579,11500-376,마곡 한진해모로,,59.92,2,2004,35800,2017-12-28,,,,,,
강서구,11500,10300,화곡동,1159,11500-5419,"우장산아이파크,이편한세상",,114.98,10,2008,89000,2017-12-30,,,,,,
강서구,11500,10400,가양동,1490,11500-150,가양도시개발9-2단지,,49.5,12,1993,42700,2017-12-27,,,,,,
강서구,11500,10900,방화동,841,11500-209,장미,,49.2,1,1994,28650,2017-12-31,,,,,,
강서구,11500,10300,화곡동,1165,11500-6919,강서힐스테이트,,128.81,10,2015,90000,2017-12-16,,,,,,
강서구,11500,10300,화곡동,1144,11500-284,우림루미아트아파트,,75.904,3,2003,40000,2017-12-12,,,,,,
강서구,11500,10900,방화동,852,11500-192,마곡중앙하이츠아파트,,59.34,1,1994,30000,2017-12-23,,,,,,
강서구,11500,10300,화곡동,1159,11500-5419,"우장산아이파크,이편한세상",,84.97,1,2008,66000,2017-12-19,,,,,,
강서구,11500,10300,화곡동,1165,11500-6919,강서힐스테이트,,119.63,5,2015,97500,2017-12-22,,,,,,
강서구,11500,10100,염창동,270-1,11500-25,태영,,59.97,1,1999,36000,2017-12-20,,,,,,
강서구,11500,10100,염창동,299,11500-466,강변힐스테이트,,59.9,5,2005,54700,2017-12-27,,,,,,
강서구,11500,10100,염창동,299,11500-466,강변힐스테이트,,59.9,2,2005,52000,2017-12-24,,,,,,
강서구,11500,10200,등촌동,707,11500-57,"등촌7,8단지주공아파트",,41.85,9,1994,35000,2017-12-23,,,,,,
강서구,11500,10300,화곡동,1071-19,11500-6652,강서뉴타워,,84.03,14,2013,41000,2017-12-09,,,,,,
강서구,11500,10900,방화동,852,11500-192,마곡중앙하이츠아파트,,59.34,14,1994,37000,2017-12-14,,,,,,
강서구,11500,10300,화곡동,1159,11500-5419,"우장산아이파크,이편한세상",,59.98,8,2008,62500,2017-12-30,,,,,,
강서구,11500,10300,화곡동,354-54,11500-111,화곡동복지,,53.94,2,1974,13100,2017-12-15,,,,,,
강서구,11500,10300,화곡동,1091,11500-120,화곡푸르지오,,103.92,12,2002,70000,2017-12-08,,,,,,
강서구,11500,10300,화곡동,1095,11500-6063,그랜드아이파크,,149.32,6,2010,74085,2017-12-12,,,,,,
강서구,11500,10300,화곡동,914-3,11500-96,일성스카이빌,,114.23,9,2001,34000,2017-12-27,,,,,,
강서구,11500,10400,가양동,448-1,11500-143,가양강나루현대,,84.98,3,1999,52500,2017-12-09,,,,,,
강서구,11500,10100,염창동,281-22,11500-465,염창1차한화꿈에그린,,84.93,9,2005,74000,2017-12-09,,,,,,
강서구,11500,10500,마곡동,1467,11500-269,마곡우림필유아파트,,76.374,15,2003,46800,2017-12-17,,,,,,
강서구,11500,10300,화곡동,1159,11500-5419,"우장산아이파크,이편한세상",,84.97,16,2008,77000,2017-12-10,,,,,,
강서구,11500,10500,마곡동,716,11500-5140,한솔솔파크,,84.87,7,2005,64500,2017-12-05,,,,,,
강서구,11500,10400,가양동,1467,11500-154,중앙하이츠,,119.85,1,1999,55000,2017-12-15,,,,,,
강서구,11500,10500,마곡동,1535,11500-6594,마곡일성트루엘아파트,,59.978,10,2013,46800,2017-12-19,,,,,,
강서구,11500,10200,등촌동,691-3,11500-41,부영,,80.64,7,1994,58000,2017-12-30,,,,,,
강서구,11500,10300,화곡동,1091,11500-120,화곡푸르지오,,156.876,9,2002,77000,2017-12-16,,,,,,
강서구,11500,10400,가양동,1496,11500-353,일신건영휴먼빌,,84.95,11,2004,58000,2017-12-26,,,,,,
강서구,11500,10100,염창동,263,11500-26,태진한솔,,58.87,13,1994,41950,2017-12-22,,,,,,
강서구,11500,10100,염창동,295,11500-20,성원,,114.12,11,2001,59500,2017-12-11,,,,,,
강서구,11500,10100,염창동,295,11500-20,성원,,84.81,17,2001,49900,2017-12-25,,,,,,
강서구,11500,10300,화곡동,1165,11500-6919,강서힐스테이트,,128.81,9,2015,90000,2017-12-14,,,,,,
강서구,11500,10500,마곡동,1181,11500-213,마곡청구아파트,,59.91,7,1998,42000,2017-12-09,,,,,,
강서구,11500,10300,화곡동,919-1,11500-332,유림노르웨이숲(919-1),,64.05,2,2004,29000,2017-12-18,,,,,,
강서구,11500,10300,화곡동,1091,11500-120,화곡푸르지오,,104.75,9,2002,65400,2017-12-30,,,,,,
강서구,11500,10400,가양동,1485,11500-149,가양6단지,,39.6,7,1992,35000,2017-12-11,,,,,,
강서구,11500,10900,방화동,832,11500-196,청솔,,49.2,10,1994,35700,2017-12-15,,,,,,
강서구,11500,10600,내발산동,741,11500-5326,마곡수명산파크2단지,,84.53,9,2007,66000,2017-12-21,,,,,,
강서구,11500,10600,내발산동,657,11500-477,우장산힐스테이트,,84.98,19,2005,83000,2017-12-21,,,,,,
강서구,11500,10300,화곡동,1139,11500-103,초록,,59.34,9,1998,44500,2017-12-26,,,,,,
강서구,11500,10300,화곡동,1139,11500-103,초록,,59.34,5,1998,43500,2017-12-30,,,,,,
강서구,11500,10200,등촌동,633-28,11500-303,등촌5차보람쉬움,,59.79,7,2004,43500,2017-12-09,,,,,,
강서구,11500,10600,내발산동,729,11500-227,롯데2,,59.893,5,2003,46500,2017-12-23,,,,,,
강서구,11500,10300,화곡동,1165,11500-6919,강서힐스테이트,,59.99,4,2015,64000,2017-12-21,,,,,,
강서구,11500,10100,염창동,240-32,11500-3,금호타운,,59.88,16,1999,46800,2017-12-30,,,,,,
강서구,11500,10400,가양동,1461,11500-151,가양2단지(성지),,49.65,15,1992,38300,2017-12-05,,,,,,
강서구,11500,10600,내발산동,657,11500-477,우장산힐스테이트,,59.98,9,2005,63750,2017-12-28,,,,,,
강서구,11500,10300,화곡동,921-18,11500-6327,동훈타마르(921-18),,59.79,15,2011,29700,2017-12-09,,,,,,
강서구,11500,10300,화곡동,351-89,11500-101,중앙화곡하이츠,,56.88,9,1988,23000,2017-12-20,,,,,,
강서구,11500,10100,염창동,258-1,11500-7,동아3,,84.87,5,1999,50300,2017-12-02,,,,,,
강서구,11500,10300,화곡동,1158,11500-5251,우장산에스케이뷰,,84.97,5,2006,53900,2017-12-22,,,,,,
강서구,11500,10100,염창동,258-1,11500-7,동아3,,59.83,17,1999,48500,2017-12-26,,,,,,
강서구,11500,10600,내발산동,659-1,11500-5213,강서월드메르디앙,,84.8945,11,2006,62000,2017-12-23,,,,,,
강서구,11500,10100,염창동,272-28,11500-224,염창3우성,,84.96,11,1993,49000,2017-12-22,,,,,,
강서구,11500,10100,염창동,302,11500-5206,염창2차한화꿈에그린,,84.99,11,2006,60000,2017-12-18,,,,,,
강서구,11500,10400,가양동,448-1,11500-143,가양강나루현대,,84.98,1,1999,48500,2017-12-27,,,,,,
강서구,11500,10500,마곡동,1252,11500-5165,마곡보타닉경남아너스빌,,84.9941,2,2005,52000,2017-12-06,,,,,,
강서구,11500,10400,가양동,1500,11500-6753,강서한강자이,,102.9171,6,2013,77000,2017-12-22,,,,,,
강서구,11500,10400,가양동,1460,11500-155,한강타운,,84.99,12,1993,58800,2017-12-30,,,,,,
강서구,11500,10100,염창동,289,11500-21,신동아,,84.9,5,1995,49300,2017-12-22,,,,,,
강서구,11500,10100,염창동,300,11500-5105,강변한솔솔파크,,84.69,4,2005,56000,2017-12-30,,,,,,
강서구,11500,10100,염창동,255,11500-13,무학,,59.38,4,1999,40500,2017-12-31,,,,,,
강서구,11500,10600,내발산동,753,11500-5437,마곡수명산파크4단지,,59.84,15,2008,50500,2017-12-29,,,,,,
강서구,11500,10200,등촌동,632-2,11500-59,태영,,114.97,8,1998,57000,2017-12-27,,,,,,
강서구,11500,10300,화곡동,1165,11500-6919,강서힐스테이트,,128.81,9,2015,92500,2017-12-28,,,,,,
강서구,11500,10400,가양동,448-1,11500-143,가양강나루현대,,84.98,3,1999,54000,2017-12-08,,,,,,
강서구,11500,10900,방화동,796,11500-204,신동아,,130.98,12,1995,56900,2017-12-09,,,,,,
강서구,11500,10300,화곡동,29-68,11500-308,거성훼미리(29-68),,59.98,4,2001,21000,2017-12-05,,,,,,
강서구,11500,10600,내발산동,657,11500-477,우장산힐스테이트,,101.87,15,2005,95000,2017-12-21,,,,,,
강서구,11500,10100,염창동,288,11500-28,현대1,,84.96,2,1994,43300,2017-12-16,,,,,,
강서구,11500,10400,가양동,448-1,11500-143,가양강나루현대,,59.76,6,1999,50500,2017-12-29,,,,,,
강서구,11500,10400,가양동,1475,11500-146,강변,,49.5,10,1992,41100,2017-12-09,,,,,,
강서구,11500,10300,화곡동,1145,11500-242,우장산롯데캐슬,,85,20,2003,65000,2017-12-14,,,,,,
강서구,11500,10100,염창동,281-22,11500-465,염창1차한화꿈에그린,,84.93,14,2005,78000,2017-12-21,,,,,,
강서구,11500,10100,염창동,263,11500-26,태진한솔,,58.87,12,1994,42250,2017-12-16,,,,,,
강서구,11500,10300,화곡동,1091,11500-120,화곡푸르지오,,84.914,15,2002,63000,2017-12-19,,,,,,
강서구,11500,10100,염창동,272-11,11500-464,롯데캐슬,,84.9519,11,2005,71000,2017-12-10,,,,,,
강서구,11500,10100,염창동,263,11500-26,태진한솔,,84.97,5,1994,52000,2017-12-06,,,,,,
강서구,11500,10300,화곡동,1160,11500-6007,상진지오벨리,,68.22,2,2010,25000,2017-12-21,,,,,,
강서구,11500,10600,내발산동,674-20,11500-451,A.G.S.드림,,59.31,1,2003,22900,2017-12-29,,,,,,
강서구,11500,10100,염창동,281-22,11500-465,염창1차한화꿈에그린,,59.94,12,2005,61000,2017-12-16,,,,,,
강서구,11500,10200,등촌동,695,11500-56,주공5,,58.14,11,1995,50800,2017-12-16,,,,,,
강서구,11500,10100,염창동,244-2,11500-16,삼성한마음,,84.87,13,1995,50250,2017-12-10,,,,,,
강서구,11500,10300,화곡동,1145,11500-242,우장산롯데캐슬,,85,11,2003,63800,2017-12-16,,,,,,
강서구,11500,10400,가양동,1461,11500-151,가양2단지(성지),,49.65,12,1992,40300,2017-12-26,,,,,,
강서구,11500,10500,마곡동,1525,11500-5552,마곡푸르지오,,84.8,4,2008,66500,2017-12-14,,,,,,
강서구,11500,10400,가양동,448-1,11500-143,가양강나루현대,,84.98,1,1999,47000,2017-12-14,,,,,,
강서구,11500,10900,방화동,839,11500-193,방화그린,,49.77,7,1993,30800,2017-12-26,,,,,,
강서구,11500,10200,등촌동,631-9,11500-34,대동황토방,,84.95,11,2000,48000,2017-12-07,,,,,,
강서구,11500,10200,등촌동,702,11500-53,주공10,,58.14,1,1995,40900,2017-12-30,,,,,,
강서구,11500,10900,방화동,831,11500-195,방화4단지,,134.61,5,1994,59500,2017-12-01,,,,,,
강서구,11500,10500,마곡동,1513,11500-5270,마곡경남아너스빌,,59.91,9,2007,49500,2017-12-04,,,,,,
강서구,11500,10400,가양동,1500,11500-6753,강서한강자이,,84.9903,8,2013,76500,2017-12-16,,,,,,
강서구,11500,10100,염창동,300,11500-5105,강변한솔솔파크,,84.97,5,2005,60000,2017-12-30,,,,,,
강서구,11500,10300,화곡동,1159,11500-5419,"우장산아이파크,이편한세상",,59.98,9,2008,63000,2017-12-26,,,,,,
강서구,11500,10400,가양동,1490,11500-150,가양도시개발9-2단지,,49.5,10,1993,40000,2017-12-26,,,,,,
강서구,11500,10400,가양동,1490,11500-150,가양도시개발9-2단지,,49.5,5,1993,40000,2017-12-26,,,,,,
강서구,11500,10900,방화동,880,11500-385,치현마을동일스위트리버,,84.9588,12,2004,47000,2017-12-16,,,,,,
강서구,11500,10600,내발산동,751,11500-5349,마곡수명산파크3단지,,84.76,7,2007,62350,2017-12-16,,,,,,
강서구,11500,10600,내발산동,742,11500-5371,마곡수명산파크1단지,,84.68,3,2007,64000,2017-12-16,,,,,,
강서구,11500,10900,방화동,875,11500-233,방화동동부센트레빌(875번지),,84.97,7,2003,51700,2017-12-14,,,,,,
강서구,11500,10100,염창동,268,11500-1,관음삼성,,84.93,15,1997,52500,2017-12-09,,,,,,
강서구,11500,10300,화곡동,1159,11500-5419,"우장산아이파크,이편한세상",,84.97,9,2008,79000,2017-12-16,,,,,,
강서구,11500,10600,내발산동,742,11500-5371,마곡수명산파크1단지,,84.53,3,2007,62500,2017-12-29,,,,,,
강서구,11500,10600,내발산동,685,11500-363,태승훼미리2,,84.83,5,2004,45800,2017-12-16,,,,,,
강서구,11500,10300,화곡동,1159,11500-5419,"우장산아이파크,이편한세상",,59.98,3,2008,62800,2017-12-13,,,,,,
강서구,11500,10200,등촌동,631-9,11500-34,대동황토방,,84.95,7,2000,52000,2017-12-21,,,,,,
강서구,11500,10300,화곡동,1165,11500-6919,강서힐스테이트,,59.99,15,2015,64500,2017-12-23,,,,,,
강서구,11500,10600,내발산동,749,11500-5547,마곡수명산파크5단지,,59.76,3,2008,52000,2017-12-02,,,,,,
강서구,11500,10100,염창동,272-11,11500-464,롯데캐슬,,84.9519,4,2005,70700,2017-12-11,,,,,,
강서구,11500,10600,내발산동,657,11500-477,우장산힐스테이트,,84.98,2,2005,74900,2017-12-30,,,,,,
강서구,11500,10200,등촌동,691-3,11500-41,부영,,80.64,13,1994,57500,2017-12-03,,,,,,
강서구,11500,10100,염창동,302,11500-5206,염창2차한화꿈에그린,,84.99,5,2006,60000,2017-12-09,,,,,,
강서구,11500,10600,내발산동,759,11500-5364,마곡수명산파크6단지,,84.68,3,2007,56500,2017-12-07,,,,,,
강서구,11500,10500,마곡동,1171,11500-199,마곡현대아파트,,59.92,5,1999,36100,2017-12-23,,,,,,
강서구,11500,10400,가양동,1495,11500-156,한보구암마을,,59.58,8,1999,41000,2017-12-28,,,,,,
강서구,11500,10400,가양동,1495,11500-156,한보구암마을,,84.39,5,1999,46000,2017-12-26,,,,,,
강서구,11500,10600,내발산동,657,11500-477,우장산힐스테이트,,84.98,3,2005,82000,2017-12-29,,,,,,
강서구,11500,10500,마곡동,1467,11500-269,마곡우림필유아파트,,84.528,8,2003,55000,2017-12-17,,,,,,
강서구,11500,10300,화곡동,1165,11500-6919,강서힐스테이트,,128.81,2,2015,89500,2017-12-15,,,,,,
강서구,11500,10300,화곡동,1165,11500-6919,강서힐스테이트,,128.81,12,2015,90000,2017-12-16,,,,,,
강서구,11500,10300,화곡동,1165,11500-6919,강서힐스테이트,,128.81,5,2015,90000,2017-12-09,,,,,,
강서구,11500,10300,화곡동,1039-3,11500-141,금호,,107.07,6,2002,36000,2017-12-27,,,,,,
강서구,11500,10200,등촌동,688,11500-55,주공3,,58.14,12,1995,50000,2017-12-01,,,,,,
강서구,11500,10500,마곡동,740,11500-6908,마곡엠밸리5단지,,84.92,5,2014,86000,2017-12-23,,,,,,
강서구,11500,10300,화곡동,1145,11500-242,우장산롯데캐슬,,85,24,2003,67500,2017-12-04,,,,,,
강서구,11500,10300,화곡동,1165,11500-6919,강서힐스테이트,,59.99,14,2015,67000,2017-12-28,,,,,,
강서구,11500,10200,등촌동,702,11500-53,주공10,,37.67,9,1995,34500,2017-12-23,,,,,,
강서구,11500,10500,마곡동,429,11500-157,벽산,,84.97,13,1999,54000,2017-12-31,,,,,,
강서구,11500,10300,화곡동,1165,11500-6919,강서힐스테이트,,128.81,10,2015,97000,2017-12-23,,,,,,
강서구,11500,10200,등촌동,701,11500-58,"진로,미주아파트",,84.96,9,1994,59700,2017-12-07,,,,,,
강서구,11500,10200,등촌동,702,11500-53,주공10,,58.14,15,1995,48000,2017-12-20,,,,,,
강서구,11500,10300,화곡동,1165,11500-6919,강서힐스테이트,,128.81,3,2015,87000,2017-12-16,,,,,,
강서구,11500,10500,마곡동,1589,11500-7244,마곡힐스테이트,,59.99,5,2017,77800,2017-12-30,,,,,,
강서구,11500,10900,방화동,814,11500-197,방화5,,39.6,4,1994,27000,2017-12-30,,,,,,
강서구,11500,10300,화곡동,351-89,11500-101,중앙화곡하이츠,,74.16,8,1988,28500,2017-12-11,,,,,,
강서구,11500,10300,화곡동,1165,11500-6919,강서힐스테이트,,84.99,10,2015,81000,2017-12-27,,,,,,
강서구,11500,10900,방화동,839,11500-193,방화그린,,39.76,5,1993,27000,2017-12-27,,,,,,
강서구,11500,10400,가양동,1490,11500-150,가양도시개발9-2단지,,49.5,12,1993,42500,2017-12-23,,,,,,
강서구,11500,10400,가양동,1475,11500-146,강변,,39.6,11,1992,34750,2017-12-30,,,,,,
강서구,11500,10200,등촌동,707,11500-57,"등촌7,8단지주공아파트",,41.85,4,1994,34700,2017-12-28,,,,,,
강서구,11500,10400,가양동,448-9,11500-153,빛고을우방,,84.87,2,1999,45000,2017-12-04,,,,,,
강서구,11500,10300,화곡동,1156,11500-5138,우장산휴먼빌,,84.76,5,2005,41000,2017-12-14,,,,,,
강서구,11500,10100,염창동,268,11500-1,관음삼성,,59.96,9,1997,47200,2017-12-02,,,,,,
강서구,11500,10900,방화동,793,11500-217,현대,,84.99,6,1993,45000,2017-12-27,,,,,,
강서구,11500,10200,등촌동,695,11500-56,주공5,,58.14,11,1995,46000,2017-12-10,,,,,,
강서구,11500,10600,내발산동,712-2,11500-383,유니드,,73.51,1,2005,37000,2017-12-30,,,,,,
강서구,11500,10100,염창동,272-28,11500-224,염창3우성,,84.96,12,1993,50500,2017-12-21,,,,,,
강서구,11500,10100,염창동,296,11500-270,태진드림피아,,79.825,12,2003,51200,2017-12-02,,,,,,
강서구,11500,10200,등촌동,715,11500-263,등촌동아이파크,,84.7556,14,2004,60000,2017-12-09,,,,,,
강서구,11500,10100,염창동,281-22,11500-465,염창1차한화꿈에그린,,84.93,16,2005,74500,2017-12-03,,,,,,
강서구,11500,10500,마곡동,1589,11500-7244,마곡힐스테이트,,84.98,1,2017,85000,2017-12-07,,,,,,
강서구,11500,10200,등촌동,691-3,11500-41,부영,,80.64,14,1994,56950,2017-12-01,,,,,,
강서구,11500,10200,등촌동,638,11500-44,서광등촌마을아파트,,84.93,4,1999,49300,2017-12-16,,,,,,
강서구,11500,10300,화곡동,914-3,11500-96,일성스카이빌,,72.6,11,2001,26000,2017-12-26,,,,,,
강서구,11500,10200,등촌동,631-9,11500-34,대동황토방,,114.97,1,2000,49800,2017-12-09,,,,,,
강서구,11500,10400,가양동,1485,11500-149,가양6단지,,49.5,14,1992,45000,2017-12-26,,,,,,
강서구,11500,10600,내발산동,657,11500-477,우장산힐스테이트,,101.87,14,2005,89900,2017-12-16,,,,,,
강서구,11500,10400,가양동,1485,11500-149,가양6단지,,39.6,7,1992,34930,2017-12-16,,,,,,
강서구,11500,10200,등촌동,716,11500-5108,등촌6차보람,,78.01,6,2005,41880,2017-12-06,,,,,,
강서구,11500,10400,가양동,1461,11500-151,가양2단지(성지),,39.6,7,1992,33500,2017-12-26,,,,,,
강서구,11500,10400,가양동,1490,11500-150,가양도시개발9-2단지,,39.6,5,1993,32000,2017-12-09,,,,,,
강서구,11500,10200,등촌동,688,11500-55,주공3,,58.14,5,1995,50000,2017-12-18,,,,,,
강서구,11500,10300,화곡동,1145,11500-242,우장산롯데캐슬,,85,8,2003,64500,2017-12-11,,,,,,
강서구,11500,10500,마곡동,1181,11500-213,마곡청구아파트,,59.91,3,1998,39900,2017-12-22,,,,,,
강서구,11500,10300,화곡동,1159,11500-5419,"우장산아이파크,이편한세상",,84.97,20,2008,80000,2017-12-15,,,,,,
강서구,11500,10200,등촌동,707,11500-57,"등촌7,8단지주공아파트",,41.85,9,1994,35000,2017-12-22,,,,,,
강서구,11500,10100,염창동,264-18,11500-5102,송촌,,92.94,5,2005,50500,2017-12-18,,,,,,
강서구,11500,10500,마곡동,717,11500-5141,마곡금호어울림,,84.948,9,2005,61000,2017-12-29,,,,,,
강서구,11500,10100,염창동,66-9,11500-495,염창동한강우성,,84.7,2,1990,44500,2017-12-08,,,,,,
강서구,11500,10100,염창동,282,11500-18,삼정그린코아,,84.358,3,2001,60000,2017-12-27,,,,,,
강서구,11500,10900,방화동,875,11500-233,방화동동부센트레빌(875번지),,114.99,3,2003,59000,2017-12-15,,,,,,
강서구,11500,10300,화곡동,1142,11500-83,성삼하이츠,,93.52,5,2001,40000,2017-12-22,,,,,,
강서구,11500,10200,등촌동,695,11500-56,주공5,,58.14,4,1995,47500,2017-12-15,,,,,,
강서구,11500,10200,등촌동,691-3,11500-41,부영,,80.64,14,1994,51000,2017-12-15,,,,,,
강서구,11500,10300,화곡동,1133-7,11500-5135,진성101동,,84.89,7,2005,25000,2017-12-15,,,,,,
강서구,11500,10300,화곡동,1149,11500-348,화곡보람,,59.24,14,2004,39000,2017-12-01,,,,,,
강서구,11500,10500,마곡동,1565,11500-191,길훈,,51.28,5,1989,38000,2017-12-12,,,,,,
강서구,11500,10400,가양동,1460,11500-155,한강타운,,84.99,4,1993,57700,2017-12-30,,,,,,
강서구,11500,10100,염창동,258-1,11500-7,동아3,,84.87,4,1999,50700,2017-12-10,,,,,,
강서구,11500,10300,화곡동,1165,11500-6919,강서힐스테이트,,84.99,20,2015,77300,2017-12-23,,,,,,
강서구,11500,10600,내발산동,741,11500-5326,마곡수명산파크2단지,,84.68,2,2007,63000,2017-12-02,,,,,,
강서구,11500,10600,내발산동,730,11500-226,길성그랑프리텔,,71.513,9,2003,44800,2017-12-03,,,,,,
강서구,11500,10100,염창동,289,11500-21,신동아,,84.9,11,1995,48500,2017-12-20,,,,,,
강서구,11500,10100,염창동,244-2,11500-16,삼성한마음,,84.87,2,1995,48000,2017-12-01,,,,,,
강서구,11500,10300,화곡동,1159,11500-5419,"우장산아이파크,이편한세상",,84.97,10,2008,78500,2017-12-18,,,,,,
강서구,11500,10300,화곡동,1159,11500-5419,"우장산아이파크,이편한세상",,114.98,1,2008,82000,2017-12-16,,,,,,
강서구,11500,10600,내발산동,657,11500-477,우장산힐스테이트,,101.87,3,2005,87500,2017-12-23,,,,,,
강서구,11500,10300,화곡동,1159,11500-5419,"우장산아이파크,이편한세상",,59.98,5,2008,63800,2017-12-11,,,,,,
강서구,11500,10300,화곡동,1159,11500-5419,"우장산아이파크,이편한세상",,84.97,18,2008,77700,2017-12-01,,,,,,
강서구,11500,10400,가양동,1461,11500-151,가양2단지(성지),,39.6,14,1992,33500,2017-12-30,,,,,,
강서구,11500,10400,가양동,1485,11500-149,가양6단지,,49.5,13,1992,45800,2017-12-15,,,,,,
강서구,11500,10100,염창동,306,11500-5933,염창힐스테이트,,84.849,12,2009,63800,2017-12-17,,,,,,
강서구,11500,10600,내발산동,753,11500-5437,마곡수명산파크4단지,,84.76,7,2008,63000,2017-12-11,,,,,,
강서구,11500,10400,가양동,448-1,11500-143,가양강나루현대,,59.76,15,1999,50000,2017-12-21,,,,,,
강서구,11500,10200,등촌동,632-2,11500-59,태영,,59.97,4,1998,39500,2017-12-26,,,,,,
강서구,11500,10200,등촌동,638,11500-44,서광등촌마을아파트,,59.67,12,1999,44800,2017-12-08,,,,,,
강서구,11500,10500,마곡동,1252,11500-5165,마곡보타닉경남아너스빌,,84.9941,8,2005,57000,2017-12-05,,,,,,
강서구,11500,10100,염창동,244-2,11500-16,삼성한마음,,59.94,9,1995,42200,2017-12-20,,,,,,
강서구,11500,10600,내발산동,742,11500-5371,마곡수명산파크1단지,,84.53,7,2007,60000,2017-12-10,,,,,,
강서구,11500,10600,내발산동,657,11500-477,우장산힐스테이트,,84.98,11,2005,82700,2017-12-27,,,,,,
강서구,11500,10500,마곡동,1565,11500-191,길훈,,51.28,7,1989,37000,2017-12-16,,,,,,
강서구,11500,10900,방화동,286-1,11500-214,한미(286-1),,47.22,1,1988,27650,2017-12-06,,,,,,
강서구,11500,10500,마곡동,1589,11500-7244,마곡힐스테이트,,84.98,6,2017,84000,2017-12-08,,,,,,
강서구,11500,10200,등촌동,631-9,11500-34,대동황토방,,59.78,9,2000,43900,2017-12-16,,,,,,
강서구,11500,10600,내발산동,730,11500-226,길성그랑프리텔,,84.99,8,2003,50000,2017-12-15,,,,,,
강서구,11500,10400,가양동,1459,11500-152,동신대아,,134.88,10,1993,73000,2017-12-14,,,,,,
강서구,11500,10600,내발산동,742,11500-5371,마곡수명산파크1단지,,84.82,2,2007,59900,2017-12-07,,,,,,
강서구,11500,10900,방화동,804,11500-210,방화동진로아파트,,84.63,8,1994,40000,2017-12-18,,,,,,
강서구,11500,10200,등촌동,631-9,11500-34,대동황토방,,84.95,6,2000,50000,2017-12-12,,,,,,
강서구,11500,10400,가양동,1461,11500-151,가양2단지(성지),,34.44,3,1992,28500,2017-12-07,,,,,,
강서구,11500,10300,화곡동,1012-1,11500-88,신일골드빌,,83.97,4,2001,39500,2017-12-11,,,,,,
강서구,11500,10100,염창동,307,11500-6212,이너스내안에,,84.78,14,2011,50900,2017-12-06,,,,,,
강서구,11500,10300,화곡동,918-14,11500-7411,도양라비앙아파트,,79.21,4,2016,39000,2017-12-28,,,,,,
강서구,11500,10200,등촌동,638,11500-44,서광등촌마을아파트,,59.67,12,1999,44500,2017-12-10,,,,,,
강서구,11500,10500,마곡동,1513,11500-5270,마곡경남아너스빌,,59.91,5,2007,49500,2017-12-01,,,,,,
강서구,11500,10100,염창동,305,11500-5406,염창1차보람더하임,,84.98,11,2008,63000,2017-12-04,,,,,,
강서구,11500,10900,방화동,814,11500-197,방화5,,49.77,13,1994,34000,2017-12-11,,,,,,
강서구,11500,10400,가양동,448-1,11500-143,가양강나루현대,,59.76,1,1999,45000,2017-12-13,,,,,,
강서구,11500,10400,가양동,1485,11500-149,가양6단지,,49.5,6,1992,43000,2017-12-15,,,,,,
강서구,11500,10400,가양동,448-1,11500-143,가양강나루현대,,59.76,8,1999,51250,2017-12-22,,,,,,
강서구,11500,10100,염창동,290,11500-14,벽산늘푸른,,59.97,3,1998,35300,2017-12-05,,,,,,
강서구,11500,10100,염창동,305,11500-5406,염창1차보람더하임,,84.97,11,2008,62000,2017-12-02,,,,,,
강서구,11500,10100,염창동,292,11500-6,동아,,59.97,11,1998,38750,2017-12-23,,,,,,
강서구,11500,10300,화곡동,1165,11500-6919,강서힐스테이트,,84.99,17,2015,80000,2017-12-12,,,,,,
강서구,11500,10300,화곡동,1139,11500-103,초록,,59.34,3,1998,42000,2017-12-05,,,,,,
강서구,11500,10900,방화동,286-1,11500-214,한미(286-1),,47.22,4,1988,27000,2017-12-29,,,,,,
강서구,11500,10100,염창동,240-1,11500-5966,강변월드메르디앙,,84.9102,5,2010,62300,2017-12-01,,,,,,
강서구,11500,10100,염창동,308,11500-6884,강서쌍용예가,,84.9025,12,2014,63400,2017-12-23,,,,,,
강서구,11500,10200,등촌동,688,11500-55,주공3,,58.14,12,1995,51600,2017-12-04,,,,,,
강서구,11500,10400,가양동,1460,11500-155,한강타운,,84.99,15,1993,56000,2017-12-05,,,,,,
강서구,11500,10200,등촌동,632-4,11500-42,삼성한사랑1,,84.99,13,1997,50300,2017-12-09,,,,,,
강서구,11500,10900,방화동,898,11500-6839,경동팰리스힐,,12.22,3,2014,9000,2017-12-30,,,,,,
강서구,11500,10300,화곡동,1165,11500-6919,강서힐스테이트,,128.81,7,2015,102000,2017-12-27,,,,,,
강서구,11500,10400,가양동,1461,11500-151,가양2단지(성지),,34.44,4,1992,29990,2017-12-23,,,,,,
강서구,11500,10200,등촌동,631-9,11500-34,대동황토방,,84.95,17,2000,53500,2017-12-09,,,,,,
강서구,11500,10100,염창동,292,11500-6,동아,,59.97,10,1998,39500,2017-12-04,,,,,,
강서구,11500,10500,마곡동,743,11500-6893,마곡엠밸리6단지,,84.99,12,2014,89800,2017-12-05,,,,,,
강서구,11500,10900,방화동,832,11500-196,청솔,,59.04,5,1994,36800,2017-12-13,,,,,,
강서구,11500,10900,방화동,579,11500-376,마곡 한진해모로,,84.93,3,2004,46650,2017-12-08,,,,,,
강서구,11500,10600,내발산동,749,11500-5547,마곡수명산파크5단지,,59.76,10,2008,53400,2017-12-19,,,,,,
강서구,11500,10300,화곡동,1091,11500-120,화곡푸르지오,,84.914,9,2002,58800,2017-12-16,,,,,,
강서구,11500,10200,등촌동,687,11500-54,"등촌1,2단지주공아파트",,41.85,5,1994,31500,2017-12-23,,,,,,
강서구,11500,10200,등촌동,691-3,11500-41,부영,,80.64,7,1994,50500,2017-12-07,,,,,,
강서구,11500,10200,등촌동,715,11500-263,등촌동아이파크,,134.8836,15,2004,72200,2017-12-28,,,,,,
강서구,11500,10200,등촌동,688,11500-55,주공3,,37.67,13,1995,35400,2017-12-31,,,,,,
강서구,11500,10900,방화동,831,11500-195,방화4단지,,134.61,3,1994,59500,2017-12-09,,,,,,
강서구,11500,10400,가양동,1461,11500-151,가양2단지(성지),,34.44,8,1992,30000,2017-12-29,,,,,,
강서구,11500,10600,내발산동,741,11500-5326,마곡수명산파크2단지,,84.53,9,2007,65700,2017-12-23,,,,,,
강서구,11500,10900,방화동,832,11500-196,청솔,,59.04,12,1994,39000,2017-12-16,,,,,,
강서구,11500,10200,등촌동,638,11500-44,서광등촌마을아파트,,59.67,18,1999,44500,2017-12-04,,,,,,
강서구,11500,10500,마곡동,750,11500-6868,마곡엠벨리(14단지),,84.88,14,2014,81000,2017-12-04,,,,,,
강서구,11500,10600,내발산동,753,11500-5437,마곡수명산파크4단지,,84.76,9,2008,60000,2017-12-27,,,,,,
강서구,11500,10900,방화동,832,11500-196,청솔,,39.36,3,1994,25000,2017-12-21,,,,,,
강서구,11500,10300,화곡동,354-54,11500-111,화곡동복지,,53.94,4,1974,13598,2017-12-02,,,,,,
강서구,11500,10300,화곡동,351-89,11500-101,중앙화곡하이츠,,56.88,5,1988,23300,2017-12-06,,,,,,
강서구,11500,10300,화곡동,916-14,11500-6421,승윤노블리안,,80.06,6,2012,30000,2017-12-01,,,,,,
강서구,11500,10300,화곡동,1165,11500-6919,강서힐스테이트,,59.99,8,2015,63700,2017-12-27,,,,,,
강서구,11500,10100,염창동,281-22,11500-465,염창1차한화꿈에그린,,59.94,16,2005,60000,2017-12-06,,,,,,
강서구,11500,10300,화곡동,980-21,11500-5131,강서아이파크,,83.077,14,2005,41000,2017-12-09,,,,,,
강서구,11500,10200,등촌동,365-195,11500-37,두보아파트,,59.49,7,1991,25000,2017-12-08,,,,,,
강서구,11500,10100,염창동,292,11500-6,동아,,59.97,12,1998,40400,2017-12-17,,,,,,
강서구,11500,10100,염창동,308,11500-6884,강서쌍용예가,,84.9025,12,2014,62500,2017-12-08,,,,,,
강서구,11500,10600,내발산동,657,11500-477,우장산힐스테이트,,59.98,11,2005,69000,2017-12-01,,,,,,
강서구,11500,10100,염창동,303,11500-5297,강변코아루,,84.77,12,2007,59900,2017-12-01,,,,,,
강서구,11500,10400,가양동,1490,11500-150,가양도시개발9-2단지,,39.6,13,1993,33700,2017-12-09,,,,,,
강서구,11500,10100,염창동,292,11500-6,동아,,84.95,12,1998,51800,2017-12-04,,,,,,
강서구,11500,10100,염창동,293,11500-27,한강동아,,59.97,6,1998,40800,2017-12-20,,,,,,
강서구,11500,10900,방화동,819,11500-186,개화,,133.98,3,1994,58000,2017-12-09,,,,,,
강서구,11500,10400,가양동,1485,11500-149,가양6단지,,39.6,7,1992,34000,2017-12-09,,,,,,
강서구,11500,10100,염창동,300,11500-5105,강변한솔솔파크,,84.69,9,2005,62800,2017-12-13,,,,,,
강서구,11500,10100,염창동,293,11500-27,한강동아,,114.78,3,1998,63700,2017-12-05,,,,,,
강서구,11500,10100,염창동,295,11500-20,성원,,59.91,8,2001,40750,2017-12-02,,,,,,
강서구,11500,10200,등촌동,715,11500-263,등촌동아이파크,,84.9958,12,2004,60000,2017-12-08,,,,,,
강서구,11500,10300,화곡동,1091,11500-120,화곡푸르지오,,125.021,12,2002,68700,2017-12-23,,,,,,
강서구,11500,10400,가양동,1490,11500-150,가양도시개발9-2단지,,39.6,10,1993,33500,2017-12-08,,,,,,
강서구,11500,10900,방화동,793,11500-217,현대,,84.99,2,1993,40000,2017-12-22,,,,,,
강서구,11500,10300,화곡동,1144,11500-284,우림루미아트아파트,,75.904,4,2003,39300,2017-12-04,,,,,,
강서구,11500,10600,내발산동,742,11500-5371,마곡수명산파크1단지,,84.82,15,2007,63600,2017-12-11,,,,,,
강서구,11500,10400,가양동,1475,11500-146,강변,,49.5,15,1992,41800,2017-12-16,,,,,,
강서구,11500,10400,가양동,1490,11500-150,가양도시개발9-2단지,,39.6,9,1993,33900,2017-12-02,,,,,,
강서구,11500,10600,내발산동,698-1,11500-165,삼대,,84.63,6,2000,40000,2017-12-12,,,,,,
강서구,11500,10600,내발산동,753,11500-5437,마곡수명산파크4단지,,84.96,14,2008,62700,2017-12-23,,,,,,
강서구,11500,10600,내발산동,729,11500-227,롯데2,,84.708,8,2003,59000,2017-12-02,,,,,,
강서구,11500,10100,염창동,258-1,11500-7,동아3,,59.83,10,1999,47500,2017-12-11,,,,,,
강서구,11500,10900,방화동,839,11500-193,방화그린,,39.76,6,1993,25000,2017-12-15,,,,,,
강서구,11500,10400,가양동,1475,11500-146,강변,,49.5,8,1992,42400,2017-12-16,,,,,,
강서구,11500,10200,등촌동,707,11500-57,"등촌7,8단지주공아파트",,41.85,8,1994,34000,2017-12-02,,,,,,
강서구,11500,10600,내발산동,749,11500-5547,마곡수명산파크5단지,,59.76,3,2008,51800,2017-12-23,,,,,,
강서구,11500,10600,내발산동,753,11500-5437,마곡수명산파크4단지,,59.84,4,2008,51500,2017-12-27,,,,,,
강서구,11500,10300,화곡동,1159,11500-5419,"우장산아이파크,이편한세상",,59.98,3,2008,62000,2017-12-08,,,,,,
강서구,11500,10600,내발산동,657,11500-477,우장산힐스테이트,,59.98,7,2005,64000,2017-12-14,,,,,,
강서구,11500,10300,화곡동,343-47,11500-314,남경에버빌(343-47),,59.85,3,2000,24000,2017-12-16,,,,,,
강서구,11500,10300,화곡동,1159,11500-5419,"우장산아이파크,이편한세상",,84.97,18,2008,72000,2017-12-29,,,,,,
강서구,11500,10600,내발산동,742,11500-5371,마곡수명산파크1단지,,84.68,8,2007,65000,2017-12-07,,,,,,
강서구,11500,10100,염창동,240-32,11500-3,금호타운,,59.88,5,1999,45500,2017-12-15,,,,,,
강서구,11500,10600,내발산동,749,11500-5547,마곡수명산파크5단지,,59.87,9,2008,53500,2017-12-17,,,,,,
강서구,11500,10600,내발산동,738,11500-5383,청솔숲속마을102동,,61.68,1,2007,36500,2017-12-02,,,,,,
강서구,11500,10600,내발산동,741,11500-5326,마곡수명산파크2단지,,84.53,2,2007,60000,2017-12-21,,,,,,
강서구,11500,10100,염창동,281-22,11500-465,염창1차한화꿈에그린,,59.94,15,2005,60000,2017-12-18,,,,,,
강서구,11500,10900,방화동,852,11500-192,마곡중앙하이츠아파트,,39.58,7,1994,27500,2017-12-27,,,,,,
강서구,11500,10900,방화동,793,11500-217,현대,,84.99,1,1993,40800,2017-12-11,,,,,,
강서구,11500,10100,염창동,305,11500-5406,염창1차보람더하임,,84.98,7,2008,60000,2017-12-11,,,,,,
강서구,11500,10100,염창동,299,11500-466,강변힐스테이트,,84.99,1,2005,61800,2017-12-06,,,,,,
강서구,11500,10400,가양동,1490,11500-150,가양도시개발9-2단지,,34.44,9,1993,30500,2017-12-23,,,,,,
강서구,11500,10100,염창동,250-3,11500-5856,이너스양화6차,,84.75,3,2009,44000,2017-12-15,,,,,,
강서구,11500,10100,염창동,255,11500-13,무학,,84.64,17,1999,51500,2017-12-09,,,,,,
강서구,11500,10200,등촌동,687,11500-54,"등촌1,2단지주공아파트",,49.94,10,1994,40000,2017-12-09,,,,,,
강서구,11500,10100,염창동,263,11500-26,태진한솔,,58.87,3,1994,40750,2017-12-25,,,,,,
강서구,11500,10300,화곡동,1159,11500-5419,"우장산아이파크,이편한세상",,59.98,10,2008,64000,2017-12-23,,,,,,
강서구,11500,10900,방화동,619-7,11500-6675,AirPalace(619-7),,14.5,7,2013,10200,2017-12-25,,,,,,
강서구,11500,10400,가양동,1495,11500-156,한보구암마을,,84.39,3,1999,46150,2017-12-04,,,,,,
강서구,11500,10100,염창동,292,11500-6,동아,,59.97,7,1998,39500,2017-12-19,,,,,,
강서구,11500,10300,화곡동,1165,11500-6919,강서힐스테이트,,59.99,9,2015,63300,2017-12-22,,,,,,
강서구,11500,10400,가양동,1485,11500-149,가양6단지,,49.5,12,1992,42800,2017-12-22,,,,,,
강서구,11500,10400,가양동,14-3,11500-144,가양우성,,75.48,11,1990,51700,2017-12-11,,,,,,
강서구,11500,10600,내발산동,749,11500-5547,마곡수명산파크5단지,,59.84,5,2008,54800,2017-12-08,,,,,,
강서구,11500,10200,등촌동,688,11500-55,주공3,,58.14,3,1995,49500,2017-12-05,,,,,,
강서구,11500,10100,염창동,258-1,11500-7,동아3,,84.87,7,1999,52400,2017-12-17,,,,,,
강서구,11500,10400,가양동,1496,11500-353,일신건영휴먼빌,,84.95,1,2004,50150,2017-12-02,,,,,,
강서구,11500,10500,마곡동,1525,11500-5552,마곡푸르지오,,84.99,3,2008,59500,2017-12-22,,,,,,
강서구,11500,10500,마곡동,735,11500-6898,마곡엠밸리2단지,,84.92,9,2014,82800,2017-12-16,,,,,,
강서구,11500,10100,염창동,292,11500-6,동아,,59.97,6,1998,38600,2017-12-21,,,,,,
강서구,11500,10200,등촌동,642,11500-52,제일(코오롱),,84.83,10,1999,44500,2017-12-04,,,,,,
강서구,11500,10100,염창동,287-1,11500-23,우성2,,84.7,13,1992,46800,2017-12-16,,,,,,
강서구,11500,10200,등촌동,715,11500-263,등촌동아이파크,,165.8299,19,2004,84000,2017-12-08,,,,,,
강서구,11500,10300,화곡동,1091,11500-120,화곡푸르지오,,125.021,6,2002,69700,2017-12-19,,,,,,
강서구,11500,10100,염창동,240-32,11500-3,금호타운,,59.88,2,1999,37000,2017-12-21,,,,,,
강서구,11500,10100,염창동,268,11500-1,관음삼성,,84.93,18,1997,52000,2017-12-12,,,,,,
강서구,11500,10100,염창동,299,11500-466,강변힐스테이트,,59.9,7,2005,53500,2017-12-21,,,,,,
강서구,11500,10200,등촌동,628-15,11500-39,등촌라인(조합),,59.91,13,1997,41800,2017-12-20,,,,,,
강서구,11500,10900,방화동,579,11500-376,마곡 한진해모로,,84.93,9,2004,46500,2017-12-19,,,,,,
강서구,11500,10500,마곡동,422,11500-158,신안,,84.97,7,1993,57000,2017-12-20,,,,,,
강서구,11500,10400,가양동,1490,11500-150,가양도시개발9-2단지,,34.44,9,1993,29900,2017-12-05,,,,,,
강서구,11500,10300,화곡동,351-89,11500-101,중앙화곡하이츠,,56.88,9,1988,24000,2017-12-19,,,,,,
강서구,11500,10300,화곡동,61-9,11500-310,명주캐슬(61-9),,67.57,2,2002,17500,2017-12-05,,,,,,
강서구,11500,10600,내발산동,657,11500-477,우장산힐스테이트,,84.98,17,2005,84000,2017-12-09,,,,,,
강서구,11500,10300,화곡동,1088-8,11500-474,삼우아파트,,76.85,6,2005,29950,2017-12-19,,,,,,
강서구,11500,10200,등촌동,641,11500-47,신원,,59.99,14,1997,39900,2017-12-12,,,,,,
강서구,11500,10300,화곡동,1165,11500-6919,강서힐스테이트,,128.81,13,2015,97000,2017-12-09,,,,,,
강서구,11500,10300,화곡동,1165,11500-6919,강서힐스테이트,,59.99,6,2015,64000,2017-12-09,,,,,,
강서구,11500,10500,마곡동,734,11500-6901,마곡엠밸리1단지,,84.92,1,2014,75200,2017-12-11,,,,,,
강서구,11500,10500,마곡동,1589,11500-7244,마곡힐스테이트,,84.98,8,2017,90000,2017-12-12,,,,,,
강서구,11500,10300,화곡동,24-176,11500-487,신원센스빌,,45.83,4,2002,17700,2017-12-09,,,,,,
강서구,11500,10100,염창동,244-2,11500-16,삼성한마음,,84.87,5,1995,49500,2017-12-09,,,,,,
강서구,11500,10200,등촌동,688,11500-55,주공3,,58.14,4,1995,50000,2017-12-04,,,,,,
강서구,11500,10400,가양동,1490,11500-150,가양도시개발9-2단지,,39.6,11,1993,33400,2017-12-01,,,,,,
강서구,11500,10200,등촌동,638,11500-44,서광등촌마을아파트,,84.93,2,1999,48000,2017-12-18,,,,,,
강서구,11500,10600,내발산동,753,11500-5437,마곡수명산파크4단지,,84.76,4,2008,60000,2017-12-11,,,,,,
강서구,11500,10100,염창동,292,11500-6,동아,,84.95,14,1998,50000,2017-12-14,,,,,,
강서구,11500,10400,가양동,1475,11500-146,강변,,34.44,10,1992,29950,2017-12-04,,,,,,
강서구,11500,10600,내발산동,722-19,11500-259,다울아크로빌,,145.15,6,2003,58500,2017-12-05,,,,,,
강서구,11500,10400,가양동,1485,11500-149,가양6단지,,49.5,9,1992,43400,2017-12-09,,,,,,
강서구,11500,10300,화곡동,1145,11500-242,우장산롯데캐슬,,177.86,2,2003,60000,2017-12-11,,,,,,
강서구,11500,10100,염창동,255,11500-13,무학,,59.38,12,1999,42000,2017-12-04,,,,,,
강서구,11500,10200,등촌동,695,11500-56,주공5,,37.67,11,1995,33000,2017-12-13,,,,,,
강서구,11500,10100,염창동,246-23,11500-518,극동,,59.9,17,2000,38000,2017-12-09,,,,,,
강서구,11500,10300,화곡동,1165,11500-6919,강서힐스테이트,,128.81,8,2015,90000,2017-12-14,,,,,,
강서구,11500,10300,화곡동,899-4,11500-7666,동양하우징(899-4),,28.25,8,2017,23100,2017-12-07,,,,,,
강서구,11500,10400,가양동,1461,11500-151,가양2단지(성지),,34.44,14,1992,29500,2017-12-05,,,,,,
강서구,11500,10300,화곡동,1165,11500-6919,강서힐스테이트,,128.81,7,2015,96000,2017-12-13,,,,,,
강서구,11500,10900,방화동,898,11500-6839,경동팰리스힐,,12.22,6,2014,9000,2017-12-11,,,,,,
강서구,11500,10600,내발산동,730,11500-226,길성그랑프리텔,,71.513,6,2003,38000,2017-12-07,,,,,,
강서구,11500,10300,화곡동,1165,11500-6919,강서힐스테이트,,84.99,11,2015,79000,2017-12-09,,,,,,
강서구,11500,10900,방화동,814,11500-197,방화5,,33.18,4,1994,21500,2017-12-12,,,,,,
강서구,11500,10600,내발산동,753,11500-5437,마곡수명산파크4단지,,59.84,8,2008,50000,2017-12-08,,,,,,
강서구,11500,10100,염창동,248-3,11500-15,삼성하나로,,59.26,7,1994,36900,2017-12-01,,,,,,
강서구,11500,10200,등촌동,715,11500-263,등촌동아이파크,,119.9031,19,2004,75000,2017-12-07,,,,,,
강서구,11500,10200,등촌동,655-46,11500-63,등촌동현대2차,,59.97,7,1997,34000,2017-12-01,,,,,,
강서구,11500,10100,염창동,292,11500-6,동아,,59.97,13,1998,38000,2017-12-05,,,,,,
강서구,11500,10300,화곡동,1091,11500-120,화곡푸르지오,,84.914,8,2002,60000,2017-12-07,,,,,,
강서구,11500,10500,마곡동,1589,11500-7244,마곡힐스테이트,,84.89,5,2017,75000,2017-12-07,,,,,,
강서구,11500,10200,등촌동,687,11500-54,"등촌1,2단지주공아파트",,49.94,13,1994,40600,2017-12-06,,,,,,
강서구,11500,10200,등촌동,695,11500-56,주공5,,37.67,13,1995,34900,2017-12-06,,,,,,
강서구,11500,10900,방화동,286-1,11500-214,한미(286-1),,47.22,4,1988,27000,2017-12-01,,,,,,
강서구,11500,10300,화곡동,346-19,11500-317,삼호그린(346-19),,63.115,1,2000,23000,2017-12-04,,,,,,
강서구,11500,10300,화곡동,916-14,11500-6421,승윤노블리안,,80.06,9,2012,28300,2017-12-01,,,,,,
강서구,11500,10300,화곡동,911-10,11500-275,삼성홈타운,,75.35,5,2003,24000,2017-12-01,,,,,,
구로구,11530,10100,신도림동,642,11530-128,대림2,,84.95,19,2001,62500,2017-12-05,,,,,,
구로구,11530,10100,신도림동,432-1,11530-3174,SKVIEW,,84.99,4,2006,57000,2017-12-30,,,,,,
구로구,11530,10600,고척동,52-332,11530-67,한효,,63.57,1,1985,29900,2017-12-30,,,,,,
구로구,11530,10100,신도림동,649,11530-168,대림e-편한세상7,,84.928,6,2004,64000,2017-12-30,,,,,,
구로구,11530,10600,고척동,336,11530-180,삼환로즈빌,,84.994,20,2004,49300,2017-12-22,,,,,,
구로구,11530,10700,개봉동,472,11530-77,두산,,59.69,14,1997,29000,2017-12-28,,,,,,
구로구,11530,10600,고척동,334,11530-69,벽산,,84.878,23,2003,55000,2017-12-19,,,,,,
구로구,11530,10700,개봉동,489,11530-3213,개봉동현대아이파크,,84.98,16,2006,53000,2017-12-20,,,,,,
구로구,11530,10700,개봉동,475,11530-84,영화,,84.96,18,1998,41000,2017-12-28,,,,,,
구로구,11530,10100,신도림동,642,11530-128,대림2,,134.99,1,2001,64000,2017-12-13,,,,,,
구로구,11530,11000,온수동,155,11530-3391,온수힐스테이트,,84.97,8,2010,50000,2017-12-29,,,,,,
구로구,11530,10100,신도림동,647,11530-150,대림e-편한세상5,,84.789,6,2003,63500,2017-12-23,,,,,,
구로구,11530,10200,구로동,1269,11530-31,중앙하이츠(1269),,82.3019,14,2001,40300,2017-12-18,,,,,,
구로구,11530,10700,개봉동,476,11530-89,한마을,,123.46,20,1999,51500,2017-12-30,,,,,,
구로구,11530,10700,개봉동,471,11530-79,삼호,,84.88,20,1996,38000,2017-12-28,,,,,,
구로구,11530,10800,오류동,342,11530-115,영풍마드레빌,,84.741,11,2002,43800,2017-12-27,,,,,,
구로구,11530,10600,고척동,328,11530-60,양우,,59.94,2,2000,25600,2017-12-19,,,,,,
구로구,11530,10200,구로동,1280,11530-3282,한신휴플러스(1280-0),,50.17,10,2007,40200,2017-12-27,,,,,,
구로구,11530,10700,개봉동,476,11530-89,한마을,,59.57,17,1999,37500,2017-12-30,,,,,,
구로구,11530,11100,천왕동,273,11530-3489,천왕이펜하우스4단지,,84.97,11,2011,50000,2017-12-22,,,,,,
구로구,11530,10800,오류동,343,11530-153,금강(343),,60.054,5,2003,45500,2017-12-30,,,,,,
구로구,11530,10800,오류동,351,11530-3359,서해그랑블,,84.71,4,2009,36200,2017-12-27,,,,,,
구로구,11530,10800,오류동,340,11530-105,삼천리,,59.73,11,1998,32000,2017-12-24,,,,,,
구로구,11530,10100,신도림동,643,11530-130,동아1,,84.908,25,1999,60000,2017-12-20,,,,,,
구로구,11530,10200,구로동,806-9,11530-640,구로아트빌라3동,,59.94,2,1997,19000,2017-12-30,,,,,,
구로구,11530,10200,구로동,1267,11530-17,신도림태영타운,,84.87,20,2000,59700,2017-12-23,,,,,,
구로구,11530,10100,신도림동,432-1,11530-3174,SKVIEW,,84.99,16,2006,57700,2017-12-22,,,,,,
구로구,11530,10600,고척동,334,11530-69,벽산,,84.878,15,2003,53500,2017-12-20,,,,,,
구로구,11530,10100,신도림동,642,11530-127,대림1,,59.9,10,1999,51700,2017-12-23,,,,,,
구로구,11530,10200,구로동,42,11530-148,신도림LG자이,,84.952,17,2004,58500,2017-12-21,,,,,,
구로구,11530,10700,개봉동,489,11530-3213,개봉동현대아이파크,,84.98,22,2006,54500,2017-12-16,,,,,,
구로구,11530,10800,오류동,343,11530-153,금강(343),,84.983,2,2003,47400,2017-12-09,,,,,,
구로구,11530,10600,고척동,343,11530-3459,고척월드메르디앙,,84.93,3,2011,43000,2017-12-12,,,,,,
구로구,11530,10600,고척동,342,11530-3437,벽산베스트블루밍,,84.742,6,2010,49700,2017-12-29,,,,,,
구로구,11530,10100,신도림동,643,11530-130,동아1,,169.199,6,1999,70400,2017-12-21,,,,,,
구로구,11530,10700,개봉동,492,11530-3798,개봉푸르지오,,119.86,9,2014,60000,2017-12-08,,,,,,
구로구,11530,10200,구로동,1267,11530-17,신도림태영타운,,59.88,9,2000,50500,2017-12-29,,,,,,
구로구,11530,10200,구로동,1267,11530-17,신도림태영타운,,84.87,20,2000,59000,2017-12-04,,,,,,
구로구,11530,10200,구로동,1256,11530-138,구로현대,,63.98,4,1992,32900,2017-12-22,,,,,,
구로구,11530,10700,개봉동,481,11530-91,현대,,59.94,2,2001,40800,2017-12-31,,,,,,
구로구,11530,10700,개봉동,492,11530-3798,개봉푸르지오,,84.83,14,2014,50000,2017-12-24,,,,,,
구로구,11530,10600,고척동,334,11530-69,벽산,,84.878,8,2003,49500,2017-12-28,,,,,,
구로구,11530,11200,항동,233,11530-193,현대홈타운스위트,,84.9852,4,2004,39500,2017-12-07,,,,,,
구로구,11530,10700,개봉동,476,11530-89,한마을,,59.57,9,1999,37800,2017-12-26,,,,,,
구로구,11530,10600,고척동,334,11530-69,벽산,,84.878,7,2003,51500,2017-12-21,,,,,,
구로구,11530,10700,개봉동,476,11530-89,한마을,,84.57,19,1999,47000,2017-12-20,,,,,,
구로구,11530,10100,신도림동,646,11530-163,대림e-편한세상4,,152.07,13,2003,99500,2017-12-22,,,,,,
구로구,11530,10700,개봉동,335-1,11530-76,동인,,67.36,10,1989,23500,2017-12-21,,,,,,
구로구,11530,10100,신도림동,642,11530-127,대림1,,59.9,6,1999,48000,2017-12-26,,,,,,
구로구,11530,10200,구로동,1278,11530-3249,구로두산위브,,36.88,13,2006,30000,2017-12-21,,,,,,
구로구,11530,10700,개봉동,470,11530-80,삼환,,59.4,19,1995,31500,2017-12-23,,,,,,
구로구,11530,10800,오류동,347,11530-3225,오류동금호어울림,,84.93,1,2006,38800,2017-12-07,,,,,,
구로구,11530,10700,개봉동,476,11530-89,한마을,,59.57,24,1999,38300,2017-12-29,,,,,,
구로구,11530,10200,구로동,800-19,11530-245,800-19,,49.98,3,1996,14500,2017-12-31,,,,,,
구로구,11530,10100,신도림동,643,11530-130,동아1,,84.908,17,1999,66500,2017-12-30,,,,,,
구로구,11530,10800,오류동,340,11530-105,삼천리,,59.73,13,1998,33000,2017-12-02,,,,,,
구로구,11530,10100,신도림동,641,11530-136,현대홈타운아파트,,59.73,6,1999,43400,2017-12-27,,,,,,
구로구,11530,10100,신도림동,645,11530-132,동아3,,84.99,14,2000,67300,2017-12-05,,,,,,
구로구,11530,10100,신도림동,642,11530-128,대림2,,59.88,18,2001,45000,2017-12-16,,,,,,
구로구,11530,10700,개봉동,480,11530-92,현대홈타운,,59.49,5,2001,38000,2017-12-16,,,,,,
구로구,11530,10600,고척동,327,11530-52,동아한신,,131.82,23,2000,53000,2017-12-07,,,,,,
구로구,11530,10200,구로동,1274,11530-146,신성미소지움,,71.04,2,2003,34000,2017-12-28,,,,,,
구로구,11530,10200,구로동,104-8,11530-3973,비즈트위트레드,,21.49,4,2016,19800,2017-12-29,,,,,,
구로구,11530,10200,구로동,1259,11530-1,구일우성,,59.44,2,1998,31300,2017-12-02,,,,,,
구로구,11530,10700,개봉동,478,11530-90,한진,,59.95,17,2000,32150,2017-12-31,,,,,,
구로구,11530,10200,구로동,1278,11530-3249,구로두산위브,,50.14,18,2006,40500,2017-12-26,,,,,,
구로구,11530,10200,구로동,1280-1,11530-3283,한신휴플러스(1280-1),,84.94,5,2007,53100,2017-12-24,,,,,,
구로구,11530,10200,구로동,256-1,11530-171,삼성래미안,,110.188,23,2004,60000,2017-12-23,,,,,,
구로구,11530,10100,신도림동,642,11530-128,대림2,,101.48,1,2001,60000,2017-12-23,,,,,,
구로구,11530,10200,구로동,1259,11530-1,구일우성,,84.49,7,1998,44000,2017-12-06,,,,,,
구로구,11530,10800,오류동,349,11530-3149,은하수수목원,,77.234,4,2005,28000,2017-12-10,,,,,,
구로구,11530,10800,오류동,336,11530-142,동부(101동~103동),,59.98,4,1998,28400,2017-12-26,,,,,,
구로구,11530,10600,고척동,334,11530-69,벽산,,84.878,3,2003,51000,2017-12-25,,,,,,
구로구,11530,10700,개봉동,470,11530-80,삼환,,59.4,15,1995,30700,2017-12-30,,,,,,
구로구,11530,10700,개봉동,476,11530-89,한마을,,59.57,10,1999,37400,2017-12-20,,,,,,
구로구,11530,10700,개봉동,470,11530-80,삼환,,59.4,18,1995,31100,2017-12-23,,,,,,
구로구,11530,10200,구로동,256-1,11530-171,삼성래미안,,78.665,8,2004,55000,2017-12-16,,,,,,
구로구,11530,10200,구로동,1256,11530-138,구로현대,,84.57,6,1992,39000,2017-12-27,,,,,,
구로구,11530,10700,개봉동,481,11530-91,현대,,84.99,5,2001,47100,2017-12-24,,,,,,
구로구,11530,10200,구로동,1267,11530-17,신도림태영타운,,84.87,1,2000,51000,2017-12-20,,,,,,
구로구,11530,11000,온수동,155,11530-3391,온수힐스테이트,,59.96,5,2010,39700,2017-12-23,,,,,,
구로구,11530,10600,고척동,340-1,11530-3386,고척LIG리가2차,,59.95,12,2009,41000,2017-12-09,,,,,,
구로구,11530,11100,천왕동,281,11530-3775,천왕연지타운2단지,,101.99,2,2014,53000,2017-12-21,,,,,,
구로구,11530,10200,구로동,1269,11530-31,중앙하이츠(1269),,82.3019,14,2001,43800,2017-12-05,,,,,,
구로구,11530,10200,구로동,642-46,11530-22,우방,,84.9,7,1993,39250,2017-12-04,,,,,,
구로구,11530,10100,신도림동,290,11530-133,미성,,66.03,5,1987,36700,2017-12-25,,,,,,
구로구,11530,10100,신도림동,312-17,11530-139,우성1,,73.18,2,1992,43000,2017-12-07,,,,,,
구로구,11530,10100,신도림동,645,11530-132,동아3,,84.99,23,2000,68750,2017-12-14,,,,,,
구로구,11530,10600,고척동,97-3,11530-167,삼명,,43.74,1,1977,16000,2017-12-13,,,,,,
구로구,11530,10600,고척동,141-1,11530-56,서울가든,,84.99,1,1989,37800,2017-12-24,,,,,,
구로구,11530,10200,구로동,1265,11530-9,구로두산,,44.64,6,1998,27500,2017-12-29,,,,,,
구로구,11530,10200,구로동,108-2,11530-15,새솔금호,,59.9,20,1996,31650,2017-12-30,,,,,,
구로구,11530,10200,구로동,685-222,11530-29,주공1,,84.87,2,1986,49500,2017-12-29,,,,,,
구로구,11530,10700,개봉동,270-80,11530-70,거성,,58.23,3,1988,19500,2017-12-23,,,,,,
구로구,11530,10700,개봉동,476,11530-89,한마을,,59.57,2,1999,37300,2017-12-25,,,,,,
구로구,11530,10100,신도림동,649,11530-168,대림e-편한세상7,,84.928,5,2004,70000,2017-12-23,,,,,,
구로구,11530,10200,구로동,685-70,11530-39,현대연예인,,54.86,2,1989,27700,2017-12-29,,,,,,
구로구,11530,10200,구로동,685-222,11530-29,주공1,,84.87,7,1986,50200,2017-12-26,,,,,,
구로구,11530,10700,개봉동,475,11530-84,영화,,59.78,19,1998,34000,2017-12-18,,,,,,
구로구,11530,10700,개봉동,476,11530-89,한마을,,59.57,11,1999,38500,2017-12-19,,,,,,
구로구,11530,10200,구로동,1265,11530-9,구로두산,,44.64,7,1998,26900,2017-12-30,,,,,,
구로구,11530,10600,고척동,339,11530-3373,고척파크푸르지오,,84.94,7,2009,58300,2017-12-12,,,,,,
구로구,11530,10600,고척동,52-332,11530-67,한효,,82.48,8,1985,39000,2017-12-26,,,,,,
구로구,11530,10600,고척동,327,11530-52,동아한신,,59.84,6,2000,32800,2017-12-02,,,,,,
구로구,11530,10600,고척동,296,11530-51,대우,,114.95,9,1999,45000,2017-12-18,,,,,,
구로구,11530,10200,구로동,1287,11530-3509,구로지웰,,59.651,3,2011,39000,2017-12-21,,,,,,
구로구,11530,10700,개봉동,481,11530-91,현대,,84.99,10,2001,47500,2017-12-06,,,,,,
구로구,11530,10600,고척동,334,11530-69,벽산,,84.878,3,2003,47800,2017-12-02,,,,,,
구로구,11530,10200,구로동,23,11530-24,우성(23),,51.44,14,1985,36500,2017-12-11,,,,,,
구로구,11530,10200,구로동,1259,11530-1,구일우성,,84.49,19,1998,42500,2017-12-09,,,,,,
구로구,11530,11100,천왕동,279-2,11530-3470,천왕이펜하우스2단지,,84.97,12,2011,55700,2017-12-28,,,,,,
구로구,11530,10200,구로동,256-1,11530-171,삼성래미안,,58.136,10,2004,46000,2017-12-16,,,,,,
구로구,11530,10200,구로동,1265,11530-9,구로두산,,44.64,12,1998,26800,2017-12-16,,,,,,
구로구,11530,10200,구로동,256-1,11530-171,삼성래미안,,109.651,13,2004,59900,2017-12-16,,,,,,
구로구,11530,10700,개봉동,476,11530-89,한마을,,84.57,3,1999,45000,2017-12-02,,,,,,
구로구,11530,10600,고척동,342,11530-3437,벽산베스트블루밍,,84.876,10,2010,50850,2017-12-08,,,,,,
구로구,11530,10600,고척동,337,11530-3134,한일유앤아이,,59.647,2,2005,32700,2017-12-27,,,,,,
구로구,11530,10100,신도림동,643,11530-130,동아1,,169.199,18,1999,78000,2017-12-19,,,,,,
구로구,11530,10200,구로동,685-223,11530-137,주공2,,41.3,3,1987,29000,2017-12-26,,,,,,
구로구,11530,10200,구로동,1259,11530-1,구일우성,,84.49,10,1998,44000,2017-12-14,,,,,,
구로구,11530,10100,신도림동,649,11530-168,대림e-편한세상7,,116.308,7,2004,77000,2017-12-15,,,,,,
구로구,11530,10100,신도림동,642,11530-128,대림2,,101.48,10,2001,66500,2017-12-25,,,,,,
구로구,11530,10100,신도림동,647,11530-150,대림e-편한세상5,,84.789,18,2003,63800,2017-12-10,,,,,,
구로구,11530,10200,구로동,685-223,11530-137,주공2,,41.3,10,1987,29000,2017-12-28,,,,,,
구로구,11530,10200,구로동,1270,11530-44,뉴홍현솔레디움,,84.69,4,2002,38000,2017-12-24,,,,,,
구로구,11530,11000,온수동,155,11530-3391,온수힐스테이트,,59.98,6,2010,37900,2017-12-16,,,,,,
구로구,11530,10700,개봉동,492,11530-3798,개봉푸르지오,,71.86,21,2014,46700,2017-12-13,,,,,,
구로구,11530,10200,구로동,685-223,11530-137,주공2,,64.62,7,1987,42900,2017-12-02,,,,,,
구로구,11530,10100,신도림동,643,11530-130,동아1,,148.296,25,1999,71800,2017-12-22,,,,,,
구로구,11530,10100,신도림동,643,11530-130,동아1,,59.978,9,1999,55300,2017-12-02,,,,,,
구로구,11530,10600,고척동,227-1,11530-66,한성,,70.2,5,1986,22100,2017-12-25,,,,,,
구로구,11530,10600,고척동,57-9,11530-53,산업인,,47,5,1976,15700,2017-12-12,,,,,,
구로구,11530,10600,고척동,97-3,11530-167,삼명,,43.74,3,1977,17700,2017-12-11,,,,,,
구로구,11530,10700,개봉동,471,11530-79,삼호,,84.88,23,1996,40600,2017-12-23,,,,,,
구로구,11530,10200,구로동,1280,11530-3282,한신휴플러스(1280-0),,58.03,12,2007,44500,2017-12-22,,,,,,
구로구,11530,10600,고척동,141-1,11530-56,서울가든,,84.99,10,1989,39500,2017-12-16,,,,,,
구로구,11530,10200,구로동,685-124,11530-30,중앙하이츠,,79.97,9,1987,40000,2017-12-28,,,,,,
구로구,11530,11000,온수동,155,11530-3391,온수힐스테이트,,121.28,3,2010,51000,2017-12-11,,,,,,
구로구,11530,10100,신도림동,642,11530-127,대림1,,59.88,13,1999,46500,2017-12-05,,,,,,
구로구,11530,10100,신도림동,645,11530-132,동아3,,60,8,2000,57500,2017-12-21,,,,,,
구로구,11530,10200,구로동,1263,11530-11,신도림롯데아파트,,59.68,12,1999,43000,2017-12-10,,,,,,
구로구,11530,11100,천왕동,279-2,11530-3470,천왕이펜하우스2단지,,84.97,6,2011,55000,2017-12-08,,,,,,
구로구,11530,11100,천왕동,277,11530-3485,천왕이펜하우스5단지,,84.98,3,2011,44500,2017-12-11,,,,,,
구로구,11530,10100,신도림동,643,11530-130,동아1,,84.908,24,1999,61750,2017-12-18,,,,,,
구로구,11530,10100,신도림동,642,11530-128,대림2,,59.88,3,2001,46800,2017-12-03,,,,,,
구로구,11530,10800,오류동,335,11530-98,금강,,59.83,7,1996,24250,2017-12-22,,,,,,
구로구,11530,10600,고척동,141-1,11530-56,서울가든,,64.39,3,1989,29500,2017-12-20,,,,,,
구로구,11530,10200,구로동,1272,11530-12,미래타워,,84.97,14,2003,33800,2017-12-26,,,,,,
구로구,11530,10200,구로동,685-124,11530-30,중앙하이츠,,70.52,14,1987,37000,2017-12-11,,,,,,
구로구,11530,10100,신도림동,638,11530-135,우성5,,59.91,8,1994,43700,2017-12-01,,,,,,
구로구,11530,10200,구로동,685-223,11530-137,주공2,,32.39,9,1987,22000,2017-12-02,,,,,,
구로구,11530,10200,구로동,97-4,11530-3536,하나세인스톤2차,,19.33,12,2011,13850,2017-12-28,,,,,,
구로구,11530,10100,신도림동,692,11530-3480,디큐브시티,,84.96,43,2011,84500,2017-12-19,,,,,,
구로구,11530,10200,구로동,642-9,11530-35,한신,,44.78,3,1988,27000,2017-12-14,,,,,,
구로구,11530,10200,구로동,642-9,11530-35,한신,,45.563,7,1988,27900,2017-12-15,,,,,,
구로구,11530,10200,구로동,685-222,11530-29,주공1,,73.68,6,1986,44500,2017-12-20,,,,,,
구로구,11530,10600,고척동,215-5,11530-1694,진성,,60.39,5,2002,19500,2017-12-05,,,,,,
구로구,11530,10700,개봉동,476,11530-89,한마을,,123.46,1,1999,50400,2017-12-19,,,,,,
구로구,11530,10800,오류동,334,11530-103,라인,,84.36,21,1995,29700,2017-12-05,,,,,,
구로구,11530,11200,항동,16-18,11530-3565,동보수목원(16-18),,84.62,3,2012,27000,2017-12-11,,,,,,
구로구,11530,10800,오류동,343,11530-153,금강(343),,84.983,2,2003,47400,2017-12-09,,,,,,
구로구,11530,10800,오류동,334,11530-103,라인,,59.52,20,1995,26750,2017-12-20,,,,,,
구로구,11530,10100,신도림동,691,11530-129,대림3,,84.51,3,2001,52700,2017-12-13,,,,,,
구로구,11530,10700,개봉동,481,11530-91,현대,,84.99,18,2001,48250,2017-12-02,,,,,,
구로구,11530,10700,개봉동,480,11530-92,현대홈타운,,84.915,3,2001,44000,2017-12-09,,,,,,
구로구,11530,10200,구로동,1259,11530-1,구일우성,,59.44,15,1998,31400,2017-12-11,,,,,,
구로구,11530,10200,구로동,74-30,11530-36,현대,,56.49,13,1988,29700,2017-12-13,,,,,,
구로구,11530,10100,신도림동,646,11530-163,대림e-편한세상4,,117.74,11,2003,89400,2017-12-04,,,,,,
구로구,11530,10200,구로동,642-33,11530-40,현대의보아파트,,83.95,12,1994,33200,2017-12-07,,,,,,
구로구,11530,10100,신도림동,692,11530-3480,디큐브시티,,59.86,6,2011,64500,2017-12-23,,,,,,
구로구,11530,10800,오류동,347,11530-3225,오류동금호어울림,,59.98,2,2006,33000,2017-12-18,,,,,,
구로구,11530,10200,구로동,501,11530-3269,신구로자이,,101.96,31,2007,52000,2017-12-26,,,,,,
구로구,11530,10700,개봉동,470,11530-80,삼환,,59.4,12,1995,30500,2017-12-09,,,,,,
구로구,11530,10200,구로동,1275,11530-149,성삼하이츠,,58.58,6,2004,33000,2017-12-16,,,,,,
구로구,11530,10200,구로동,1263,11530-11,신도림롯데아파트,,59.68,19,1999,43000,2017-12-05,,,,,,
구로구,11530,10600,고척동,326,11530-63,청구,,59.94,17,1999,31000,2017-12-28,,,,,,
구로구,11530,10100,신도림동,692,11530-3480,디큐브시티,,128.41,22,2011,96500,2017-12-28,,,,,,
구로구,11530,10200,구로동,1274,11530-146,신성미소지움,,59.94,1,2003,26000,2017-12-04,,,,,,
구로구,11530,10100,신도림동,432-1,11530-3174,SKVIEW,,84.98,7,2006,60500,2017-12-18,,,,,,
구로구,11530,10200,구로동,1263,11530-11,신도림롯데아파트,,59.68,9,1999,41700,2017-12-22,,,,,,
구로구,11530,10200,구로동,642-9,11530-35,한신,,44.78,11,1988,28000,2017-12-22,,,,,,
구로구,11530,10200,구로동,642-46,11530-22,우방,,84.91,7,1993,35800,2017-12-16,,,,,,
구로구,11530,11100,천왕동,281,11530-3775,천왕연지타운2단지,,84.98,8,2014,48600,2017-12-16,,,,,,
구로구,11530,10200,구로동,256-1,11530-171,삼성래미안,,58.136,6,2004,45200,2017-12-09,,,,,,
구로구,11530,10200,구로동,1278,11530-3249,구로두산위브,,36.88,17,2006,31500,2017-12-06,,,,,,
구로구,11530,10200,구로동,685-223,11530-137,주공2,,41.3,10,1987,28000,2017-12-29,,,,,,
구로구,11530,10200,구로동,1263,11530-11,신도림롯데아파트,,59.96,3,1999,41500,2017-12-02,,,,,,
구로구,11530,11100,천왕동,279-2,11530-3470,천왕이펜하우스2단지,,84.97,11,2011,55000,2017-12-01,,,,,,
구로구,11530,10200,구로동,798-2,11530-611,한신주택,,47.16,1,1996,11500,2017-12-21,,,,,,
구로구,11530,10700,개봉동,475,11530-84,영화,,143.09,10,1998,46000,2017-12-28,,,,,,
구로구,11530,10700,개봉동,475,11530-84,영화,,84.96,25,1998,38200,2017-12-08,,,,,,
구로구,11530,10700,개봉동,270-80,11530-70,거성,,47.52,3,1988,17000,2017-12-02,,,,,,
구로구,11530,10700,개봉동,478,11530-90,한진,,59.95,17,2000,31700,2017-12-23,,,,,,
구로구,11530,10700,개봉동,478,11530-90,한진,,59.95,19,2000,31100,2017-12-19,,,,,,
구로구,11530,10200,구로동,642-33,11530-40,현대의보아파트,,84.22,14,1994,35900,2017-12-15,,,,,,
구로구,11530,10700,개봉동,366-1,11530-223,왕궁,,65.46,4,1975,17000,2017-12-02,,,,,,
구로구,11530,10200,구로동,314,11530-2,극동,,58.19,8,1984,27500,2017-12-27,,,,,,
구로구,11530,10200,구로동,1260,11530-27,이화우성,,59.82,13,1998,36000,2017-12-26,,,,,,
구로구,11530,10100,신도림동,290,11530-133,미성,,83.67,10,1987,44000,2017-12-09,,,,,,
구로구,11530,10200,구로동,685-222,11530-29,주공1,,83.805,3,1986,49700,2017-12-02,,,,,,
구로구,11530,10200,구로동,685-147,11530-38,현대상선,,79.98,9,1987,41500,2017-12-02,,,,,,
구로구,11530,10100,신도림동,645,11530-132,동아3,,138.412,1,2000,79400,2017-12-16,,,,,,
구로구,11530,10600,고척동,340-1,11530-3386,고척LIG리가2차,,84.98,18,2009,48500,2017-12-30,,,,,,
구로구,11530,10200,구로동,1267,11530-17,신도림태영타운,,84.87,7,2000,55800,2017-12-25,,,,,,
구로구,11530,10800,오류동,356,11530-3734,다청림(356),,15.57,3,2013,10250,2017-12-13,,,,,,
구로구,11530,10200,구로동,1267,11530-17,신도림태영타운,,59.88,4,2000,49300,2017-12-09,,,,,,
구로구,11530,10100,신도림동,692,11530-3480,디큐브시티,,84.96,37,2011,81400,2017-12-27,,,,,,
구로구,11530,10700,개봉동,470,11530-80,삼환,,59.4,14,1995,30500,2017-12-07,,,,,,
구로구,11530,10100,신도림동,645,11530-132,동아3,,60,10,2000,60000,2017-12-16,,,,,,
구로구,11530,10200,구로동,1267,11530-17,신도림태영타운,,84.87,9,2000,55000,2017-12-08,,,,,,
구로구,11530,11100,천왕동,281,11530-3775,천왕연지타운2단지,,84.94,6,2014,48500,2017-12-16,,,,,,
구로구,11530,11000,온수동,99-1,11530-192,두양그린A동,,102.68,4,2002,34200,2017-12-04,,,,,,
구로구,11530,10100,신도림동,645,11530-132,동아3,,60,19,2000,58850,2017-12-30,,,,,,
구로구,11530,10100,신도림동,643,11530-130,동아1,,59.978,15,1999,56000,2017-12-31,,,,,,
구로구,11530,10700,개봉동,481,11530-91,현대,,84.99,23,2001,51000,2017-12-16,,,,,,
구로구,11530,10100,신도림동,644,11530-131,동아2,,59.595,18,2000,54500,2017-12-25,,,,,,
구로구,11530,10100,신도림동,642,11530-128,대림2,,84.95,9,2001,61500,2017-12-14,,,,,,
구로구,11530,10100,신도림동,642,11530-127,대림1,,59.9,26,1999,49600,2017-12-09,,,,,,
구로구,11530,10100,신도림동,412-3,11530-3233,신도림팰러티움,,84.95,20,2006,39500,2017-12-07,,,,,,
구로구,11530,10700,개봉동,472,11530-77,두산,,84.96,18,1997,35800,2017-12-24,,,,,,
구로구,11530,10100,신도림동,642,11530-128,대림2,,84.95,21,2001,61700,2017-12-09,,,,,,
구로구,11530,10700,개봉동,472,11530-77,두산,,111.69,27,1997,37500,2017-12-05,,,,,,
구로구,11530,10700,개봉동,478,11530-90,한진,,59.95,10,2000,31400,2017-12-28,,,,,,
구로구,11530,10600,고척동,334,11530-69,벽산,,84.878,12,2003,51700,2017-12-25,,,,,,
구로구,11530,10100,신도림동,646,11530-163,대림e-편한세상4,,152.07,1,2003,89400,2017-12-16,,,,,,
구로구,11530,10100,신도림동,642,11530-127,대림1,,59.88,8,1999,44700,2017-12-29,,,,,,
구로구,11530,10700,개봉동,476,11530-89,한마을,,59.57,13,1999,38700,2017-12-29,,,,,,
구로구,11530,10200,구로동,1259,11530-1,구일우성,,59.44,6,1998,30900,2017-12-15,,,,,,
구로구,11530,10200,구로동,97-2,11530-231,순영웰라이빌2차,,64.45,21,2005,33000,2017-12-20,,,,,,
구로구,11530,10100,신도림동,644,11530-131,동아2,,84.908,19,2000,66500,2017-12-13,,,,,,
구로구,11530,10700,개봉동,481,11530-91,현대,,84.99,2,2001,40000,2017-12-17,,,,,,
구로구,11530,10600,고척동,342,11530-3437,벽산베스트블루밍,,84.887,14,2010,48500,2017-12-13,,,,,,
구로구,11530,11100,천왕동,280,11530-3757,천왕연지타운1단지,,84.98,10,2013,54000,2017-12-08,,,,,,
구로구,11530,10700,개봉동,470,11530-80,삼환,,114.48,21,1995,40400,2017-12-28,,,,,,
구로구,11530,11100,천왕동,282,11530-3514,천왕이펜하우스1단지,,59.94,6,2011,47000,2017-12-25,,,,,,
구로구,11530,10200,구로동,74-30,11530-36,현대,,61.77,10,1988,34000,2017-12-20,,,,,,
구로구,11530,10700,개봉동,491,11530-3822,LIPe-푸른아파트,,83.02,5,2014,33700,2017-12-19,,,,,,
구로구,11530,10600,고척동,343,11530-3459,고척월드메르디앙,,84.93,5,2011,46000,2017-12-27,,,,,,
구로구,11530,10200,구로동,256-1,11530-171,삼성래미안,,78.665,15,2004,52500,2017-12-23,,,,,,
구로구,11530,10200,구로동,1280,11530-3282,한신휴플러스(1280-0),,58.03,13,2007,45400,2017-12-05,,,,,,
구로구,11530,10200,구로동,1279,11530-176,우민늘푸른,,66.122,14,2004,40000,2017-12-13,,,,,,
구로구,11530,10600,고척동,339,11530-3373,고척파크푸르지오,,84.94,5,2009,58000,2017-12-05,,,,,,
구로구,11530,10100,신도림동,642,11530-128,대림2,,84.95,5,2001,60800,2017-12-25,,,,,,
구로구,11530,10600,고척동,338,11530-3323,마젤란,,95.52,2,2008,42000,2017-12-26,,,,,,
구로구,11530,10200,구로동,1265,11530-9,구로두산,,44.64,1,1998,25000,2017-12-06,,,,,,
구로구,11530,10100,신도림동,643,11530-130,동아1,,84.908,18,1999,65000,2017-12-09,,,,,,
구로구,11530,10200,구로동,685-222,11530-29,주공1,,73.08,4,1986,44000,2017-12-14,,,,,,
구로구,11530,10800,오류동,75-2,11530-4009,오류동역솔리스타,,18.32,5,2016,9000,2017-12-21,,,,,,
구로구,11530,10200,구로동,567-4,11530-3229,구로에스케이뷰,,84.999,14,2006,46300,2017-12-25,,,,,,
구로구,11530,10800,오류동,75-2,11530-4009,오류동역솔리스타,,18.32,6,2016,9000,2017-12-04,,,,,,
구로구,11530,10200,구로동,501,11530-3269,신구로자이,,101.96,26,2007,52000,2017-12-01,,,,,,
구로구,11530,10700,개봉동,481,11530-91,현대,,114.99,15,2001,50000,2017-12-13,,,,,,
구로구,11530,10200,구로동,100-8,11530-19,신안타워,,59.43,14,1998,31500,2017-12-07,,,,,,
구로구,11530,10600,고척동,141-1,11530-56,서울가든,,84.99,10,1989,39750,2017-12-02,,,,,,
구로구,11530,10800,오류동,338,11530-102,동부골든,,59.94,13,1998,27000,2017-12-23,,,,,,
구로구,11530,10800,오류동,338,11530-102,동부골든,,59.94,10,1998,26700,2017-12-01,,,,,,
구로구,11530,10100,신도림동,643,11530-130,동아1,,169.199,17,1999,74000,2017-12-02,,,,,,
구로구,11530,10700,개봉동,60-101,11530-71,거성푸르뫼,,59.89,5,1993,24000,2017-12-02,,,,,,
구로구,11530,10800,오류동,345,11530-190,동선,,58.2159,13,2004,29000,2017-12-05,,,,,,
구로구,11530,10200,구로동,1265,11530-9,구로두산,,44.64,17,1998,26500,2017-12-09,,,,,,
구로구,11530,10100,신도림동,646,11530-163,대림e-편한세상4,,117.74,9,2003,89000,2017-12-06,,,,,,
구로구,11530,10200,구로동,685-223,11530-137,주공2,,41.3,3,1987,28300,2017-12-06,,,,,,
구로구,11530,10100,신도림동,642,11530-127,대림1,,59.9,21,1999,47450,2017-12-04,,,,,,
구로구,11530,10700,개봉동,476,11530-89,한마을,,84.57,2,1999,42800,2017-12-14,,,,,,
구로구,11530,10200,구로동,685-222,11530-29,주공1,,73.08,13,1986,44400,2017-12-05,,,,,,
구로구,11530,10200,구로동,1280,11530-3282,한신휴플러스(1280-0),,50.03,17,2007,39200,2017-12-13,,,,,,
구로구,11530,10700,개봉동,492,11530-3798,개봉푸르지오,,84.88,11,2014,51500,2017-12-11,,,,,,
구로구,11530,10700,개봉동,491,11530-3822,LIPe-푸른아파트,,83.02,4,2014,32100,2017-12-22,,,,,,
구로구,11530,10100,신도림동,435-10,11530-3291,신도림3차푸르지오,,82.8,6,2007,54800,2017-12-09,,,,,,
구로구,11530,10200,구로동,256-1,11530-171,삼성래미안,,78.665,4,2004,52800,2017-12-06,,,,,,
구로구,11530,10300,가리봉동,137-7,11530-143,미래하이츠,,84.26,2,2003,32200,2017-12-19,,,,,,
구로구,11530,10100,신도림동,642,11530-127,대림1,,59.88,27,1999,43900,2017-12-06,,,,,,
구로구,11530,10600,고척동,340-1,11530-3386,고척LIG리가2차,,84.91,18,2009,46000,2017-12-19,,,,,,
구로구,11530,10800,오류동,338,11530-102,동부골든,,59.94,7,1998,28300,2017-12-16,,,,,,
구로구,11530,10200,구로동,560,11530-18,신도림현대,,80.01,1,1994,43000,2017-12-07,,,,,,
구로구,11530,10200,구로동,738-39,11530-283,청우아트빌리지(738-39),,51.86,3,1994,15000,2017-12-02,,,,,,
구로구,11530,10200,구로동,685-280,11530-32,칠성3,,61.63,3,1985,30300,2017-12-07,,,,,,
구로구,11530,10600,고척동,340-1,11530-3386,고척LIG리가2차,,84.98,6,2009,44500,2017-12-19,,,,,,
구로구,11530,10200,구로동,1267,11530-17,신도림태영타운,,84.87,12,2000,57400,2017-12-16,,,,,,
구로구,11530,10100,신도림동,432-1,11530-3174,SKVIEW,,84.96,27,2006,58200,2017-12-18,,,,,,
구로구,11530,10700,개봉동,481,11530-91,현대,,114.99,25,2001,54000,2017-12-07,,,,,,
구로구,11530,10100,신도림동,692,11530-3480,디큐브시티,,84.96,38,2011,81000,2017-12-12,,,,,,
구로구,11530,10200,구로동,104-9,11530-43,성호메이플라워멤버스빌,,31.75,11,2002,15000,2017-12-18,,,,,,
구로구,11530,10200,구로동,97-5,11530-3397,SR친오애,,84.961,6,2009,40800,2017-12-05,,,,,,
구로구,11530,10100,신도림동,641,11530-136,현대홈타운아파트,,59.73,10,1999,43700,2017-12-05,,,,,,
구로구,11530,10100,신도림동,432-1,11530-3174,SKVIEW,,84.96,2,2006,53500,2017-12-04,,,,,,
구로구,11530,11100,천왕동,273,11530-3489,천왕이펜하우스4단지,,84.97,7,2011,48500,2017-12-09,,,,,,
구로구,11530,10700,개봉동,47-1,11530-73,건영,,84.41,18,1994,25500,2017-12-04,,,,,,
구로구,11530,10800,오류동,341,11530-114,한신플러스타운,,59.91,7,2002,31900,2017-12-11,,,,,,
구로구,11530,10200,구로동,97-4,11530-3536,하나세인스톤2차,,19.33,16,2011,14800,2017-12-12,,,,,,
구로구,11530,10100,신도림동,646,11530-163,대림e-편한세상4,,117.74,19,2003,91400,2017-12-11,,,,,,
구로구,11530,10100,신도림동,646,11530-163,대림e-편한세상4,,117.74,10,2003,90000,2017-12-10,,,,,,
구로구,11530,10200,구로동,44-5,11530-3601,비즈트위트레인보우,,15.17,5,2012,10300,2017-12-13,,,,,,
구로구,11530,10700,개봉동,60-101,11530-71,거성푸르뫼,,84.96,9,1993,32250,2017-12-11,,,,,,
구로구,11530,11200,항동,16-18,11530-3565,동보수목원(16-18),,84.62,6,2012,27000,2017-12-13,,,,,,
구로구,11530,10200,구로동,46-4,11530-3499,하나세인스톤3차,,19.99,14,2011,14700,2017-12-11,,,,,,
구로구,11530,10100,신도림동,645,11530-132,동아3,,60,11,2000,57000,2017-12-12,,,,,,
구로구,11530,10100,신도림동,646,11530-163,대림e-편한세상4,,152.07,22,2003,93000,2017-12-02,,,,,,
구로구,11530,11100,천왕동,281,11530-3775,천왕연지타운2단지,,84.97,8,2014,50400,2017-12-10,,,,,,
구로구,11530,10700,개봉동,47-1,11530-73,건영,,84.41,6,1994,28500,2017-12-10,,,,,,
구로구,11530,10700,개봉동,492,11530-3798,개봉푸르지오,,84.83,8,2014,50400,2017-12-02,,,,,,
구로구,11530,10200,구로동,1058,11530-23,우성(1058),,84.38,17,1995,45500,2017-12-09,,,,,,
구로구,11530,10200,구로동,792-54,11530-539,(792-54),,32.47,2,1996,11700,2017-12-08,,,,,,
구로구,11530,10800,오류동,344,11530-152,경남아너스빌,,84.98,5,2003,44900,2017-12-11,,,,,,
구로구,11530,10200,구로동,1275,11530-149,성삼하이츠,,78.88,15,2004,35700,2017-12-01,,,,,,
구로구,11530,10600,고척동,340,11530-3385,고척LIG리가1차,,84.91,8,2009,46900,2017-12-08,,,,,,
구로구,11530,10700,개봉동,470,11530-80,삼환,,84.945,10,1995,37000,2017-12-06,,,,,,
구로구,11530,10200,구로동,110-8,11530-3438,하나세인스톤1차,,21.7256,11,2011,15700,2017-12-07,,,,,,
구로구,11530,10600,고척동,97-3,11530-167,삼명,,43.74,1,1977,15000,2017-12-05,,,,,,
구로구,11530,10100,신도림동,646,11530-163,대림e-편한세상4,,84.78,9,2003,85000,2017-12-04,,,,,,
구로구,11530,10100,신도림동,644,11530-131,동아2,,112.354,15,2000,73800,2017-12-01,,,,,,
구로구,11530,10800,오류동,339,11530-101,동부(105동~106동),,59.58,17,1999,21000,2017-12-05,,,,,,
구로구,11530,10700,개봉동,476,11530-89,한마을,,59.57,9,1999,37800,2017-12-01,,,,,,
구로구,11530,10200,구로동,104-9,11530-43,성호메이플라워멤버스빌,,36.98,17,2002,17000,2017-12-01,,,,,,
금천구,11545,10300,시흥동,1011,11545-63,우방,,114.89,4,2002,46400,2017-12-09,,,,,,
금천구,11545,10300,시흥동,1010,11545-39,벽산,,59.94,17,2000,25400,2017-12-27,,,,,,
금천구,11545,10200,독산동,1093-4,11545-22,한신아파트,,129.66,14,1991,47000,2017-12-26,,,,,,
금천구,11545,10200,독산동,711-2,11545-23,금천현대,,59.82,4,2002,31700,2017-12-30,,,,,,
금천구,11545,10300,시흥동,1016,11545-113,한빛무궁화101동,,74.252,3,2004,29000,2017-12-23,,,,,,
금천구,11545,10300,시흥동,5-13,11545-41,삼익,,114.48,2,1999,38500,2017-12-30,,,,,,
금천구,11545,10300,시흥동,1026,11545-1642,남서울힐스테이트,,59.87,6,2014,48000,2017-12-18,,,,,,
금천구,11545,10300,시흥동,109-1,11545-38,무지개,,67.93,6,1980,40000,2017-12-18,,,,,,
금천구,11545,10200,독산동,1088,11545-17,독산주공14단지,,44.94,4,1990,20000,2017-12-16,,,,,,
금천구,11545,10200,독산동,1088,11545-17,독산주공14단지,,38.64,6,1990,19500,2017-12-30,,,,,,
금천구,11545,10200,독산동,1147,11545-2262,금천롯데캐슬골드파크1차,,84.3963,24,2016,61000,2017-12-05,,,,,,
금천구,11545,10300,시흥동,1002-1,11545-36,럭키남서울아파트,,49.75,9,1981,31500,2017-12-15,,,,,,
금천구,11545,10200,독산동,711-2,11545-23,금천현대,,59.82,8,2002,32200,2017-12-16,,,,,,
금천구,11545,10300,시흥동,109-1,11545-38,무지개,,53.75,5,1980,29000,2017-12-29,,,,,,
금천구,11545,10300,시흥동,1010,11545-39,벽산,,59.94,5,2000,27000,2017-12-15,,,,,,
금천구,11545,10200,독산동,1093-5,11545-28,각산,,84.78,8,2002,34000,2017-12-02,,,,,,
금천구,11545,10200,독산동,1088,11545-17,독산주공14단지,,44.89,12,1990,24500,2017-12-30,,,,,,
금천구,11545,10300,시흥동,109-1,11545-38,무지개,,53.75,10,1980,25000,2017-12-05,,,,,,
금천구,11545,10200,독산동,1093-4,11545-22,한신아파트,,89.46,11,1991,37900,2017-12-06,,,,,,
금천구,11545,10300,시흥동,109-1,11545-38,무지개,,53.75,6,1980,29700,2017-12-12,,,,,,
금천구,11545,10300,시흥동,1017,11545-1440,관악산신도브래뉴,,84.8,6,2006,42500,2017-12-20,,,,,,
금천구,11545,10200,독산동,1093-4,11545-22,한신아파트,,89.46,23,1991,37600,2017-12-06,,,,,,
금천구,11545,10200,독산동,1147,11545-2262,금천롯데캐슬골드파크1차,,84.3963,18,2016,60000,2017-12-09,,,,,,
금천구,11545,10300,시흥동,109-1,11545-38,무지개,,53.75,9,1980,20500,2017-12-11,,,,,,
금천구,11545,10200,독산동,711-2,11545-23,금천현대,,59.82,17,2002,33000,2017-12-09,,,,,,
금천구,11545,10300,시흥동,1026,11545-1642,남서울힐스테이트,,84.677,13,2014,56500,2017-12-09,,,,,,
금천구,11545,10300,시흥동,1026,11545-1642,남서울힐스테이트,,59.817,6,2014,49000,2017-12-09,,,,,,
금천구,11545,10300,시흥동,109-1,11545-38,무지개,,53.75,5,1980,29300,2017-12-09,,,,,,
금천구,11545,10200,독산동,958,11545-160,을미월드힐,,64.87,1,2006,25000,2017-12-05,,,,,,
금천구,11545,10200,독산동,1088,11545-17,독산주공14단지,,84.79,3,1990,35500,2017-12-18,,,,,,
금천구,11545,10200,독산동,1139,11545-68,청광플러스원,,70.003,4,2003,36900,2017-12-15,,,,,,
금천구,11545,10300,시흥동,1002-1,11545-36,럭키남서울아파트,,49.75,1,1981,30000,2017-12-21,,,,,,
금천구,11545,10300,시흥동,1002-1,11545-36,럭키남서울아파트,,49.75,1,1981,29930,2017-12-25,,,,,,
금천구,11545,10300,시흥동,1013,11545-55,관악산벽산타운5,,59.34,20,2004,29500,2017-12-11,,,,,,
금천구,11545,10300,시흥동,1010,11545-39,벽산,,114.84,10,2000,37200,2017-12-04,,,,,,
금천구,11545,10300,시흥동,1002-1,11545-36,럭키남서울아파트,,41.22,7,1981,24000,2017-12-11,,,,,,
금천구,11545,10300,시흥동,1013,11545-55,관악산벽산타운5,,84.97,12,2004,37300,2017-12-04,,,,,,
금천구,11545,10300,시흥동,1026,11545-1642,남서울힐스테이트,,84.697,12,2014,60000,2017-12-14,,,,,,
금천구,11545,10300,시흥동,109-1,11545-38,무지개,,53.75,8,1980,29700,2017-12-23,,,,,,
금천구,11545,10300,시흥동,109-1,11545-38,무지개,,53.75,2,1980,29000,2017-12-29,,,,,,
금천구,11545,10300,시흥동,1002-1,11545-36,럭키남서울아파트,,49.75,8,1981,31500,2017-12-30,,,,,,
금천구,11545,10300,시흥동,806,11545-1421,시흥동월드메르디앙,,82.81,8,2006,42000,2017-12-20,,,,,,
금천구,11545,10200,독산동,1088,11545-17,독산주공14단지,,38.64,5,1990,19000,2017-12-05,,,,,,
금천구,11545,10300,시흥동,1013,11545-55,관악산벽산타운5,,59.34,3,2004,28300,2017-12-04,,,,,,
금천구,11545,10300,시흥동,806,11545-1421,시흥동월드메르디앙,,59.88,5,2006,31500,2017-12-18,,,,,,
금천구,11545,10300,시흥동,1013,11545-55,관악산벽산타운5,,84.97,6,2004,36300,2017-12-08,,,,,,
금천구,11545,10200,독산동,1135,11545-12,백운,,59.81,5,1998,20000,2017-12-04,,,,,,
금천구,11545,10300,시흥동,1013,11545-55,관악산벽산타운5,,84.97,15,2004,37250,2017-12-04,,,,,,
금천구,11545,10300,시흥동,1013,11545-55,관악산벽산타운5,,114.84,19,2004,42000,2017-12-09,,,,,,
금천구,11545,10200,독산동,711-2,11545-23,금천현대,,59.82,11,2002,33000,2017-12-01,,,,,,
금천구,11545,10300,시흥동,109-1,11545-38,무지개,,53.92,1,1980,29000,2017-12-18,,,,,,
금천구,11545,10300,시흥동,5-13,11545-41,삼익,,84.96,7,1999,40300,2017-12-05,,,,,,
금천구,11545,10300,시흥동,1002-1,11545-36,럭키남서울아파트,,49.75,4,1981,32000,2017-12-12,,,,,,
금천구,11545,10200,독산동,1088,11545-17,독산주공14단지,,38.64,5,1990,19380,2017-12-12,,,,,,
금천구,11545,10300,시흥동,1013,11545-55,관악산벽산타운5,,84.97,19,2004,37500,2017-12-02,,,,,,
금천구,11545,10200,독산동,955,11545-27,신도브래뉴,,79.35,10,2002,42000,2017-12-11,,,,,,
금천구,11545,10300,시흥동,882-61,11545-1734,와이즈플레이스,,14.22,16,2012,10000,2017-12-22,,,,,,
금천구,11545,10300,시흥동,1026,11545-1642,남서울힐스테이트,,115.801,8,2014,59000,2017-12-22,,,,,,
금천구,11545,10300,시흥동,882-61,11545-1734,와이즈플레이스,,14.22,19,2012,10000,2017-12-26,,,,,,
금천구,11545,10300,시흥동,1026,11545-1642,남서울힐스테이트,,84.677,5,2014,55000,2017-12-13,,,,,,
금천구,11545,10300,시흥동,109-1,11545-38,무지개,,53.75,5,1980,29000,2017-12-23,,,,,,
금천구,11545,10300,시흥동,109-1,11545-38,무지개,,53.92,1,1980,29000,2017-12-07,,,,,,
금천구,11545,10300,시흥동,109-1,11545-38,무지개,,53.79,3,1980,29700,2017-12-06,,,,,,
금천구,11545,10200,독산동,1147,11545-2262,금천롯데캐슬골드파크1차,,84.8114,1,2016,58000,2017-12-19,,,,,,
금천구,11545,10200,독산동,1088,11545-17,독산주공14단지,,59.22,8,1990,31000,2017-12-10,,,,,,
금천구,11545,10300,시흥동,1010,11545-39,벽산,,114.84,13,2000,37000,2017-12-20,,,,,,
금천구,11545,10300,시흥동,109-1,11545-38,무지개,,53.75,6,1980,29500,2017-12-16,,,,,,
금천구,11545,10100,가산동,141-2,11545-1825,가산양우내안에애플,,12.04,10,2013,12500,2017-12-19,,,,,,
금천구,11545,10300,시흥동,109-1,11545-38,무지개,,84.96,10,1980,43000,2017-12-16,,,,,,
금천구,11545,10200,독산동,1093-4,11545-22,한신아파트,,89.46,8,1991,40400,2017-12-19,,,,,,
금천구,11545,10300,시흥동,1002-1,11545-36,럭키남서울아파트,,49.75,1,1981,29800,2017-12-18,,,,,,
금천구,11545,10300,시흥동,1010,11545-39,벽산,,59.94,4,2000,26700,2017-12-12,,,,,,
금천구,11545,10300,시흥동,1011,11545-63,우방,,59.91,10,2002,31000,2017-12-11,,,,,,
금천구,11545,10300,시흥동,882-61,11545-1734,와이즈플레이스,,14.22,18,2012,10000,2017-12-18,,,,,,
금천구,11545,10300,시흥동,882-61,11545-1734,와이즈플레이스,,14.22,16,2012,10000,2017-12-11,,,,,,
금천구,11545,10200,독산동,961-13,11545-11,목화102,,59.96,1,1997,23500,2017-12-03,,,,,,
금천구,11545,10200,독산동,956,11545-14,삼익,,59.96,8,1998,29500,2017-12-04,,,,,,
금천구,11545,10200,독산동,1037-31,11545-170,세진(1037-31),,60.87,3,2005,25200,2017-12-04,,,,,,
금천구,11545,10300,시흥동,109-1,11545-38,무지개,,53.75,5,1980,29100,2017-12-02,,,,,,
영등포구,11560,13200,신길동,4945,11560-1793,래미안영등포프레비뉴,,84.98,2,2015,74000,2017-12-28,,,,,,
영등포구,11560,10100,영등포동,647,11560-2,영등포푸르지오,,73.133,10,2002,50200,2017-12-28,,,,,,
영등포구,11560,12700,양평동3가,24,11560-87,삼천리,,59.95,5,2000,46000,2017-12-29,,,,,,
영등포구,11560,11200,당산동2가,164,11560-31,당산2가현대홈타운,,82.77,19,1994,63000,2017-12-30,,,,,,
영등포구,11560,12700,양평동3가,101,11560-91,양평현대6차,,84.94,18,2000,54350,2017-12-27,,,,,,
영등포구,11560,11000,여의도동,32,11560-18,수정,,150.65,10,1976,138000,2017-12-30,,,,,,
영등포구,11560,10100,영등포동,647,11560-2,영등포푸르지오,,84.908,21,2002,60000,2017-12-29,,,,,,
영등포구,11560,10800,영등포동7가,203,11560-1955,아크로타워스퀘어,,84.71,31,2017,105000,2017-12-26,,,,,,
영등포구,11560,11800,도림동,221-1,11560-53,도림청구,,37.63,5,1997,23000,2017-12-26,,,,,,
영등포구,11560,11000,여의도동,21-1,11560-17,서울,,139.31,10,1976,219000,2017-12-27,,,,,,
영등포구,11560,13300,대림동,785-1,11560-132,현대1,,84.75,2,1992,40900,2017-12-25,,,,,,
영등포구,11560,13200,신길동,897-1,11560-108,삼환,,84.83,24,1997,61500,2017-12-28,,,,,,
영등포구,11560,13300,대림동,608-1,11560-133,현대3차,,84.89,24,1997,55250,2017-12-29,,,,,,
영등포구,11560,11000,여의도동,61,11560-135,리첸시아,,137.82,28,2003,125000,2017-12-20,,,,,,
영등포구,11560,10800,영등포동7가,46-1,11560-6,경남아너스빌,,84.93,15,1998,61500,2017-12-22,,,,,,
영등포구,11560,11000,여의도동,37,11560-13,미성,,114.55,5,1978,140000,2017-12-27,,,,,,
영등포구,11560,13300,대림동,897-1,11560-129,한신휴2차,,59.89,2,1999,32000,2017-12-25,,,,,,
영등포구,11560,11000,여의도동,51,11560-16,삼익,,123.27,7,1974,111000,2017-12-28,,,,,,
영등포구,11560,11400,당산동4가,99,11560-2004,당산롯데캐슬프레스티지,,84.98,11,2017,91000,2017-12-18,,,,,,
영등포구,11560,11400,당산동4가,30-1,11560-40,당산현대5차,,59.75,9,2000,60700,2017-12-20,,,,,,
영등포구,11560,11000,여의도동,30,11560-12,목화,,89.92,10,1977,98500,2017-12-24,,,,,,
영등포구,11560,12100,문래동3가,54,11560-60,문래자이,,121.53,3,2001,88000,2017-12-23,,,,,,
영등포구,11560,11400,당산동4가,95,11560-41,당산금호어울림,,84.25,3,2002,60000,2017-12-23,,,,,,
영등포구,11560,11000,여의도동,55-1,11560-28,대우트럼프월드Ⅰ,,192.21,34,2002,151000,2017-12-20,,,,,,
영등포구,11560,12100,문래동3가,54,11560-60,문래자이,,84.98,1,2001,71000,2017-12-25,,,,,,
영등포구,11560,12100,문래동3가,54,11560-60,문래자이,,84.98,14,2001,75000,2017-12-23,,,,,,
영등포구,11560,11000,여의도동,54,11560-23,진주,,94.31,8,1977,88882,2017-12-23,,,,,,
영등포구,11560,12400,문래동6가,55-1,11560-77,현대6차,,84.72,9,1997,52700,2017-12-16,,,,,,
영등포구,11560,10800,영등포동7가,202,11560-151,브라운스톤영등포,,84.78,13,2004,50000,2017-12-21,,,,,,
영등포구,11560,10800,영등포동7가,46-1,11560-6,경남아너스빌,,59.9,4,1998,47500,2017-12-16,,,,,,
영등포구,11560,12100,문래동3가,97,11560-1299,문래금호어울림,,84.97,4,2006,67500,2017-12-30,,,,,,
영등포구,11560,11000,여의도동,32,11560-18,수정,,74.55,11,1976,86800,2017-12-26,,,,,,
영등포구,11560,11000,여의도동,30-2,11560-15,삼부,,135.8,15,1975,139000,2017-12-16,,,,,,
영등포구,11560,11000,여의도동,37,11560-13,미성,,101.29,10,1978,120500,2017-12-20,,,,,,
영등포구,11560,10100,영등포동,647,11560-2,영등포푸르지오,,59.912,2,2002,48000,2017-12-29,,,,,,
영등포구,11560,12400,문래동6가,38-1,11560-72,문래베어스타운,,59.95,16,1997,43500,2017-12-23,,,,,,
영등포구,11560,11200,당산동2가,16-1,11560-152,당산대우,,45.55,19,1999,33500,2017-12-23,,,,,,
영등포구,11560,13300,대림동,607-1,11560-127,코오롱,,84.93,8,1998,50600,2017-12-28,,,,,,
영등포구,11560,11400,당산동4가,94-1,11560-35,당산삼성2차,,59.76,23,1997,49000,2017-12-20,,,,,,
영등포구,11560,13200,신길동,4945,11560-1793,래미안영등포프레비뉴,,59.99,3,2015,65000,2017-12-14,,,,,,
영등포구,11560,11500,당산동5가,42,11560-138,당산삼성래미안4차,,115.78,9,2003,96200,2017-12-30,,,,,,
영등포구,11560,11500,당산동5가,42,11560-138,당산삼성래미안4차,,115.78,22,2003,96500,2017-12-16,,,,,,
영등포구,11560,11000,여의도동,28,11560-9,광장,,135.84,9,1978,144000,2017-12-15,,,,,,
영등포구,11560,11500,당산동5가,42,11560-138,당산삼성래미안4차,,161.08,3,2003,108000,2017-12-31,,,,,,
영등포구,11560,12700,양평동3가,79-4,11560-92,현대2차,,80.92,4,1990,52800,2017-12-29,,,,,,
영등포구,11560,11700,당산동,376,11560-50,강변래미안,,79.43,15,2002,66500,2017-12-20,,,,,,
영등포구,11560,12400,문래동6가,46,11560-76,현대1차,,64.38,8,1986,39000,2017-12-30,,,,,,
영등포구,11560,13300,대림동,785-1,11560-132,현대1,,84.75,20,1992,41000,2017-12-26,,,,,,
영등포구,11560,10100,영등포동,647,11560-2,영등포푸르지오,,79.777,7,2002,55200,2017-12-23,,,,,,
영등포구,11560,13300,대림동,777-1,11560-125,신동아,,53.37,3,1987,26650,2017-12-29,,,,,,
영등포구,11560,12600,양평동2가,45,11560-82,상록수,,59.99,20,1999,31500,2017-12-27,,,,,,
영등포구,11560,13300,대림동,1122,11560-1351,신대림자이2단지,,84.58,14,2007,53700,2017-12-16,,,,,,
영등포구,11560,10100,영등포동,649,11560-164,두산위브,,59.8,4,2004,44700,2017-12-25,,,,,,
영등포구,11560,11500,당산동5가,42,11560-138,당산삼성래미안4차,,115.78,12,2003,94000,2017-12-31,,,,,,
영등포구,11560,12100,문래동3가,78,11560-61,문래우정,,59.76,7,1998,43600,2017-12-20,,,,,,
영등포구,11560,13200,신길동,769-1,11560-118,한성,,84.98,7,1997,59990,2017-12-12,,,,,,
영등포구,11560,11000,여의도동,42,11560-26,한양,,109.42,2,1975,103000,2017-12-18,,,,,,
영등포구,11560,13200,신길동,4518,11560-112,우성2,,64.4,7,1986,53200,2017-12-21,,,,,,
영등포구,11560,12100,문래동3가,94,11560-137,문래힐스테이트,,137.82,18,2003,86700,2017-12-18,,,,,,
영등포구,11560,11000,여의도동,50,11560-20,시범,,118.12,11,1971,125000,2017-12-04,,,,,,
영등포구,11560,13300,대림동,607-1,11560-127,코오롱,,84.93,7,1998,50700,2017-12-21,,,,,,
영등포구,11560,11000,여의도동,50,11560-20,시범,,79.24,2,1971,94000,2017-12-18,,,,,,
영등포구,11560,13200,신길동,4935,11560-109,신기목련아파트,,59.4,10,2000,34500,2017-12-16,,,,,,
영등포구,11560,13200,신길동,4945,11560-1793,래미안영등포프레비뉴,,59.99,9,2015,69300,2017-12-09,,,,,,
영등포구,11560,13300,대림동,607-1,11560-127,코오롱,,84.93,5,1998,50800,2017-12-27,,,,,,
영등포구,11560,12100,문래동3가,77-2,11560-62,문래공원한신,,79.46,11,1988,58500,2017-12-13,,,,,,
영등포구,11560,11000,여의도동,30-2,11560-15,삼부,,175.8,6,1975,180000,2017-12-08,,,,,,
영등포구,11560,11400,당산동4가,30-1,11560-40,당산현대5차,,59.37,24,2000,55800,2017-12-31,,,,,,
영등포구,11560,13300,대림동,695,11560-126,우성2,,79.91,1,1992,37750,2017-12-25,,,,,,
영등포구,11560,11800,도림동,821,11560-1665,영등포아트자이,,84.974,29,2014,69300,2017-12-22,,,,,,
영등포구,11560,11000,여의도동,51,11560-16,삼익,,122.78,9,1974,107000,2017-12-22,,,,,,
영등포구,11560,11400,당산동4가,98,11560-1778,브라운스톤당산,,84.005,13,2015,67000,2017-12-22,,,,,,
영등포구,11560,13300,대림동,696,11560-131,우성1,,83.59,4,1985,44000,2017-12-09,,,,,,
영등포구,11560,13300,대림동,696,11560-131,우성1,,83.59,12,1985,43000,2017-12-14,,,,,,
영등포구,11560,12100,문래동3가,77-2,11560-62,문래공원한신,,58.96,9,1988,45500,2017-12-28,,,,,,
영등포구,11560,13300,대림동,785-1,11560-132,현대1,,84.75,10,1992,44400,2017-12-10,,,,,,
영등포구,11560,13200,신길동,4501,11560-116,우창,,55.9,7,1983,43500,2017-12-26,,,,,,
영등포구,11560,13200,신길동,4935,11560-109,신기목련아파트,,59.4,3,2000,31400,2017-12-27,,,,,,
영등포구,11560,12100,문래동3가,54,11560-60,문래자이,,121.53,9,2001,90000,2017-12-20,,,,,,
영등포구,11560,12200,문래동4가,43,11560-63,문래동삼환,,84.98,3,2001,46800,2017-12-09,,,,,,
영등포구,11560,12100,문래동3가,77-2,11560-62,문래공원한신,,58.96,10,1988,46500,2017-12-25,,,,,,
영등포구,11560,11300,당산동3가,564,11560-1682,당산계룡리슈빌1단지,,40.154,6,2014,44000,2017-12-09,,,,,,
영등포구,11560,10100,영등포동,647,11560-2,영등포푸르지오,,73.133,10,2002,58300,2017-12-23,,,,,,
영등포구,11560,12400,문래동6가,55-1,11560-77,현대6차,,84.72,14,1997,48500,2017-12-27,,,,,,
영등포구,11560,11500,당산동5가,42,11560-138,당산삼성래미안4차,,133.42,12,2003,99800,2017-12-30,,,,,,
영등포구,11560,11000,여의도동,50,11560-20,시범,,118.12,6,1971,125000,2017-12-22,,,,,,
영등포구,11560,12100,문래동3가,77-2,11560-62,문래공원한신,,58.96,2,1988,44700,2017-12-13,,,,,,
영등포구,11560,11000,여의도동,51,11560-16,삼익,,123.27,1,1974,98000,2017-12-14,,,,,,
영등포구,11560,11400,당산동4가,30-1,11560-40,당산현대5차,,84.69,3,2000,67000,2017-12-26,,,,,,
영등포구,11560,10900,영등포동8가,91,11560-153,당산푸르지오,,84.98,18,2004,72500,2017-12-07,,,,,,
영등포구,11560,11000,여의도동,47,11560-1369,여의도자이,,148.94,11,2008,150000,2017-12-09,,,,,,
영등포구,11560,11000,여의도동,41,11560-10,대교,,95.5,11,1975,99000,2017-12-18,,,,,,
영등포구,11560,11700,당산동,376,11560-50,강변래미안,,108.15,16,2002,73000,2017-12-02,,,,,,
영등포구,11560,11000,여의도동,43-4,11560-1247,롯데캐슬아이비,,137.09,14,2005,98800,2017-12-11,,,,,,
영등포구,11560,11000,여의도동,50,11560-20,시범,,118.12,4,1971,124000,2017-12-22,,,,,,
영등포구,11560,12100,문래동3가,93-1,11560-58,문래건영,,114.72,5,1998,68500,2017-12-14,,,,,,
영등포구,11560,12700,양평동3가,101,11560-91,양평현대6차,,84.94,7,2000,57000,2017-12-06,,,,,,
영등포구,11560,11000,여의도동,21-2,11560-8,공작,,126.02,4,1976,140000,2017-12-14,,,,,,
영등포구,11560,12500,양평동1가,20,11560-79,신동아,,50.81,13,1982,39000,2017-12-14,,,,,,
영등포구,11560,12900,양평동5가,9-1,11560-97,동보,,59.4,5,1998,44700,2017-12-14,,,,,,
영등포구,11560,11500,당산동5가,13,11560-42,당산효성타운2차,,84.38,1,2001,68000,2017-12-15,,,,,,
영등포구,11560,11000,여의도동,61,11560-135,리첸시아,,119.21,31,2003,95000,2017-12-05,,,,,,
영등포구,11560,11200,당산동2가,16-1,11560-152,당산대우,,31.73,2,1999,22900,2017-12-06,,,,,,
영등포구,11560,11400,당산동4가,30-1,11560-40,당산현대5차,,59.55,9,2000,56900,2017-12-22,,,,,,
영등포구,11560,10100,영등포동,647,11560-2,영등포푸르지오,,84.84,9,2002,59000,2017-12-19,,,,,,
영등포구,11560,13200,신길동,4935,11560-109,신기목련아파트,,59.4,16,2000,34500,2017-12-16,,,,,,
영등포구,11560,12500,양평동1가,20,11560-79,신동아,,50.81,4,1982,38500,2017-12-24,,,,,,
영등포구,11560,13200,신길동,4934,11560-107,삼성래미안,,84.91,1,2001,47500,2017-12-30,,,,,,
영등포구,11560,13200,신길동,4656,11560-113,우성3,,83.66,4,1989,52900,2017-12-08,,,,,,
영등포구,11560,10800,영등포동7가,46-1,11560-6,경남아너스빌,,59.9,5,1998,47100,2017-12-02,,,,,,
영등포구,11560,11500,당산동5가,42,11560-138,당산삼성래미안4차,,115.78,5,2003,92800,2017-12-29,,,,,,
영등포구,11560,11500,당산동5가,7-2,11560-45,유원제일2차,,84.6,4,1984,75000,2017-12-15,,,,,,
영등포구,11560,11000,여의도동,61-4,11560-24,라이프콤비,,131.6,19,1994,71000,2017-12-12,,,,,,
영등포구,11560,12100,문래동3가,94,11560-137,문래힐스테이트,,137.82,17,2003,88000,2017-12-04,,,,,,
영등포구,11560,11000,여의도동,50,11560-20,시범,,156.99,11,1971,156000,2017-12-26,,,,,,
영등포구,11560,13300,대림동,608-1,11560-133,현대3차,,47.68,1,1997,35300,2017-12-23,,,,,,
영등포구,11560,12100,문래동3가,93-1,11560-58,문래건영,,59.4,11,1998,47700,2017-12-06,,,,,,
영등포구,11560,13300,대림동,1123,11560-1398,한솔솔파크,,93.05,6,2008,54000,2017-12-30,,,,,,
영등포구,11560,11400,당산동4가,30-1,11560-40,당산현대5차,,59.75,17,2000,63800,2017-12-30,,,,,,
영등포구,11560,11500,당산동5가,42,11560-138,당산삼성래미안4차,,133.42,17,2003,99500,2017-12-18,,,,,,
영등포구,11560,10100,영등포동,647,11560-2,영등포푸르지오,,79.777,16,2002,59700,2017-12-14,,,,,,
영등포구,11560,11500,당산동5가,42,11560-138,당산삼성래미안4차,,84.94,18,2003,88000,2017-12-20,,,,,,
영등포구,11560,13300,대림동,608-1,11560-133,현대3차,,43.92,2,1997,32800,2017-12-17,,,,,,
영등포구,11560,11000,여의도동,50,11560-20,시범,,118.12,4,1971,123000,2017-12-20,,,,,,
영등포구,11560,11800,도림동,821,11560-1665,영등포아트자이,,84.781,6,2014,69000,2017-12-23,,,,,,
영등포구,11560,12300,문래동5가,22,11560-66,진주맨션,,117.54,3,1984,55000,2017-12-29,,,,,,
영등포구,11560,11000,여의도동,61,11560-135,리첸시아,,164.64,31,2003,151500,2017-12-18,,,,,,
영등포구,11560,12700,양평동3가,101,11560-91,양평현대6차,,84.94,25,2000,56200,2017-12-23,,,,,,
영등포구,11560,11400,당산동4가,30-1,11560-40,당산현대5차,,84.69,16,2000,69500,2017-12-18,,,,,,
영등포구,11560,11500,당산동5가,42,11560-138,당산삼성래미안4차,,115.78,19,2003,94000,2017-12-08,,,,,,
영등포구,11560,11500,당산동5가,12,11560-47,당산효성1차,,84.9,13,1999,73500,2017-12-30,,,,,,
영등포구,11560,11200,당산동2가,16-1,11560-152,당산대우,,31.73,20,1999,24800,2017-12-08,,,,,,
영등포구,11560,11500,당산동5가,42,11560-138,당산삼성래미안4차,,84.94,10,2003,89000,2017-12-30,,,,,,
영등포구,11560,12700,양평동3가,101,11560-91,양평현대6차,,84.94,19,2000,56900,2017-12-23,,,,,,
영등포구,11560,11000,여의도동,50,11560-20,시범,,118.12,7,1971,125000,2017-12-31,,,,,,
영등포구,11560,11000,여의도동,50,11560-20,시범,,79.24,6,1971,96000,2017-12-12,,,,,,
영등포구,11560,13200,신길동,897-1,11560-108,삼환,,84.84,17,1997,59000,2017-12-13,,,,,,
영등포구,11560,11500,당산동5가,12,11560-47,당산효성1차,,134.77,9,1999,81000,2017-12-23,,,,,,
영등포구,11560,11500,당산동5가,42,11560-138,당산삼성래미안4차,,133.42,21,2003,96500,2017-12-11,,,,,,
영등포구,11560,13200,신길동,3002,11560-103,남서울,,48.26,4,1974,39500,2017-12-18,,,,,,
영등포구,11560,12400,문래동6가,47-1,11560-69,대원,,59.99,8,1998,40100,2017-12-09,,,,,,
영등포구,11560,11000,여의도동,50,11560-20,시범,,60.96,6,1971,80000,2017-12-27,,,,,,
영등포구,11560,13300,대림동,608-1,11560-133,현대3차,,84.89,20,1997,56000,2017-12-05,,,,,,
영등포구,11560,11400,당산동4가,30-1,11560-40,당산현대5차,,114.84,6,2000,80750,2017-12-30,,,,,,
영등포구,11560,10100,영등포동,647,11560-2,영등포푸르지오,,73.133,11,2002,58700,2017-12-20,,,,,,
영등포구,11560,11000,여의도동,21-2,11560-8,공작,,93.06,2,1976,114500,2017-12-16,,,,,,
영등포구,11560,12900,양평동5가,76,11560-98,양평한신,,84.87,10,1996,56500,2017-12-09,,,,,,
영등포구,11560,11000,여의도동,50,11560-20,시범,,60.96,2,1971,77000,2017-12-19,,,,,,
영등포구,11560,12500,양평동1가,20,11560-79,신동아,,50.81,12,1982,39850,2017-12-18,,,,,,
영등포구,11560,11000,여의도동,41,11560-10,대교,,95.5,9,1975,98500,2017-12-23,,,,,,
영등포구,11560,12700,양평동3가,101,11560-91,양평현대6차,,84.94,12,2000,57500,2017-12-02,,,,,,
영등포구,11560,13200,신길동,4780,11560-1233,보라매경남아너스빌,,84.79,8,2005,59900,2017-12-07,,,,,,
영등포구,11560,10900,영등포동8가,76-1,11560-7,삼환,,84.87,16,1999,60000,2017-12-01,,,,,,
영등포구,11560,11000,여의도동,50,11560-20,시범,,60.96,3,1971,79000,2017-12-06,,,,,,
영등포구,11560,11500,당산동5가,42,11560-138,당산삼성래미안4차,,97.27,17,2003,91000,2017-12-08,,,,,,
영등포구,11560,11100,당산동1가,16-1,11560-29,진로,,59.4,14,1997,48500,2017-12-26,,,,,,
영등포구,11560,10100,영등포동,647,11560-2,영등포푸르지오,,59.912,11,2002,53500,2017-12-30,,,,,,
영등포구,11560,11000,여의도동,50,11560-20,시범,,79.24,1,1971,94000,2017-12-16,,,,,,
영등포구,11560,11000,여의도동,50,11560-20,시범,,118.12,11,1971,126000,2017-12-18,,,,,,
영등포구,11560,11000,여의도동,50,11560-20,시범,,79.24,1,1971,92800,2017-12-26,,,,,,
영등포구,11560,11000,여의도동,50,11560-20,시범,,79.24,11,1971,96000,2017-12-02,,,,,,
영등포구,11560,13300,대림동,696,11560-131,우성1,,52.07,14,1985,33400,2017-12-25,,,,,,
영등포구,11560,11000,여의도동,50,11560-20,시범,,60.96,8,1971,82000,2017-12-16,,,,,,
영등포구,11560,11000,여의도동,50,11560-20,시범,,156.99,3,1971,150000,2017-12-14,,,,,,
영등포구,11560,10100,영등포동,647,11560-2,영등포푸르지오,,59.912,14,2002,50000,2017-12-29,,,,,,
영등포구,11560,10100,영등포동,647,11560-2,영등포푸르지오,,73.133,19,2002,57500,2017-12-19,,,,,,
영등포구,11560,11000,여의도동,52,11560-21,은하,,121.51,12,1974,105000,2017-12-06,,,,,,
영등포구,11560,12600,양평동2가,38-1,11560-84,삼성래미안,,114.63,20,1998,63000,2017-12-02,,,,,,
영등포구,11560,11400,당산동4가,30-1,11560-40,당산현대5차,,59.55,6,2000,56500,2017-12-30,,,,,,
영등포구,11560,11800,도림동,221-1,11560-53,도림청구,,126.65,5,1997,51500,2017-12-18,,,,,,
영등포구,11560,13200,신길동,4934,11560-107,삼성래미안,,84.91,5,2001,49700,2017-12-16,,,,,,
영등포구,11560,11000,여의도동,50,11560-20,시범,,60.96,7,1971,76500,2017-12-06,,,,,,
영등포구,11560,11400,당산동4가,30-1,11560-40,당산현대5차,,59.55,19,2000,56900,2017-12-21,,,,,,
영등포구,11560,11000,여의도동,21-1,11560-17,서울,,139.31,4,1976,219000,2017-12-11,,,,,,
영등포구,11560,12900,양평동5가,76,11560-98,양평한신,,59.94,10,1996,45500,2017-12-23,,,,,,
영등포구,11560,12600,양평동2가,38-1,11560-84,삼성래미안,,59.4,22,1998,42700,2017-12-27,,,,,,
영등포구,11560,12700,양평동3가,101,11560-91,양평현대6차,,59.98,13,2000,46500,2017-12-09,,,,,,
영등포구,11560,11000,여의도동,21-2,11560-8,공작,,93.06,6,1976,115000,2017-12-09,,,,,,
영등포구,11560,11700,당산동,376,11560-50,강변래미안,,79.43,1,2002,57000,2017-12-23,,,,,,
영등포구,11560,11400,당산동4가,92,11560-39,현대2,,84.94,12,1986,51500,2017-12-11,,,,,,
영등포구,11560,10100,영등포동,647,11560-2,영등포푸르지오,,79.777,5,2002,58500,2017-12-23,,,,,,
영등포구,11560,11400,당산동4가,98,11560-1778,브라운스톤당산,,84.005,14,2015,67000,2017-12-08,,,,,,
영등포구,11560,13300,대림동,785-1,11560-132,현대1,,84.75,13,1992,42900,2017-12-10,,,,,,
영등포구,11560,11400,당산동4가,98,11560-1778,브라운스톤당산,,84.039,5,2015,68000,2017-12-08,,,,,,
영등포구,11560,11400,당산동4가,98,11560-1778,브라운스톤당산,,84.005,13,2015,67000,2017-12-08,,,,,,
영등포구,11560,11200,당산동2가,164,11560-31,당산2가현대홈타운,,82.77,14,1994,61500,2017-12-27,,,,,,
영등포구,11560,11200,당산동2가,164,11560-31,당산2가현대홈타운,,82.77,17,1994,60000,2017-12-26,,,,,,
영등포구,11560,11400,당산동4가,98,11560-1778,브라운스톤당산,,84.025,18,2015,66000,2017-12-10,,,,,,
영등포구,11560,11400,당산동4가,98,11560-1778,브라운스톤당산,,84.025,8,2015,65500,2017-12-28,,,,,,
영등포구,11560,13300,대림동,608-1,11560-133,현대3차,,43.92,24,1997,34900,2017-12-16,,,,,,
영등포구,11560,13200,신길동,4945,11560-1793,래미안영등포프레비뉴,,84.98,5,2015,77250,2017-12-16,,,,,,
영등포구,11560,10800,영등포동7가,202,11560-151,브라운스톤영등포,,84.9,5,2004,50000,2017-12-28,,,,,,
영등포구,11560,13300,대림동,607-1,11560-127,코오롱,,84.93,12,1998,52500,2017-12-09,,,,,,
영등포구,11560,13200,신길동,364,11560-101,건영,,60.27,2,1985,41500,2017-12-12,,,,,,
영등포구,11560,12100,문래동3가,77-2,11560-62,문래공원한신,,58.96,15,1988,47000,2017-12-09,,,,,,
영등포구,11560,11000,여의도동,50,11560-20,시범,,79.24,9,1971,96000,2017-12-07,,,,,,
영등포구,11560,11400,당산동4가,96,11560-1446,당산반도유보라팰리스,,124.62,10,2010,90000,2017-12-12,,,,,,
영등포구,11560,12500,양평동1가,20,11560-79,신동아,,61.59,11,1982,47000,2017-12-18,,,,,,
영등포구,11560,10900,영등포동8가,76-1,11560-7,삼환,,84.87,12,1999,62000,2017-12-26,,,,,,
영등포구,11560,11000,여의도동,50,11560-20,시범,,79.24,12,1971,94550,2017-12-14,,,,,,
영등포구,11560,11700,당산동,376,11560-50,강변래미안,,79.05,14,2002,64000,2017-12-23,,,,,,
영등포구,11560,11000,여의도동,48,11560-136,대우트럼프월드II,,179.78,7,2003,147000,2017-12-14,,,,,,
영등포구,11560,10100,영등포동,647,11560-2,영등포푸르지오,,79.777,19,2002,57500,2017-12-09,,,,,,
영등포구,11560,12700,양평동3가,79-4,11560-92,현대2차,,80.92,2,1990,50000,2017-12-18,,,,,,
영등포구,11560,11200,당산동2가,164,11560-31,당산2가현대홈타운,,82.77,12,1994,61900,2017-12-13,,,,,,
영등포구,11560,11000,여의도동,50,11560-20,시범,,156.99,9,1971,149000,2017-12-01,,,,,,
영등포구,11560,10600,영등포동5가,24,11560-4,동남,,82.65,5,1971,27400,2017-12-23,,,,,,
영등포구,11560,12400,문래동6가,45,11560-75,현대2차,,41.04,7,1987,28950,2017-12-16,,,,,,
영등포구,11560,11700,당산동,376,11560-50,강변래미안,,108.15,17,2002,80000,2017-12-30,,,,,,
영등포구,11560,11000,여의도동,50,11560-20,시범,,79.24,6,1971,96000,2017-12-23,,,,,,
영등포구,11560,13300,대림동,607-1,11560-127,코오롱,,59.94,17,1998,44500,2017-12-09,,,,,,
영등포구,11560,12900,양평동5가,9-1,11560-97,동보,,84.48,15,1998,51800,2017-12-02,,,,,,
영등포구,11560,12700,양평동3가,90-1,11560-85,거성파스텔,,131.34,8,1999,64300,2017-12-03,,,,,,
영등포구,11560,11100,당산동1가,16-1,11560-29,진로,,84.87,7,1997,60000,2017-12-11,,,,,,
영등포구,11560,11100,당산동1가,457,11560-1363,신동아파밀리에,,59.4,4,2008,49000,2017-12-09,,,,,,
영등포구,11560,11200,당산동2가,164,11560-31,당산2가현대홈타운,,82.77,15,1994,61600,2017-12-01,,,,,,
영등포구,11560,12800,양평동4가,12,11560-95,성원,,84.66,6,1993,51000,2017-12-16,,,,,,
영등포구,11560,11500,당산동5가,40,11560-44,성원,,59.94,7,1997,49800,2017-12-25,,,,,,
영등포구,11560,12400,문래동6가,38-1,11560-72,문래베어스타운,,59.95,10,1997,41800,2017-12-06,,,,,,
영등포구,11560,12700,양평동3가,55-1,11560-89,경남아너스빌,,59.9,13,1998,39500,2017-12-16,,,,,,
영등포구,11560,12700,양평동3가,90-1,11560-85,거성파스텔,,59.96,15,1999,46500,2017-12-01,,,,,,
영등포구,11560,13300,대림동,777-1,11560-125,신동아,,67.41,10,1987,31800,2017-12-17,,,,,,
영등포구,11560,10200,영등포동1가,75-4,11560-1607,스테이72여의도,,12.4,11,2013,14000,2017-12-26,,,,,,
영등포구,11560,12300,문래동5가,1,11560-65,문래대림,,59.96,20,2000,37700,2017-12-09,,,,,,
영등포구,11560,12400,문래동6가,43,11560-74,한신,,62.36,7,1985,38500,2017-12-23,,,,,,
영등포구,11560,12400,문래동6가,55-1,11560-77,현대6차,,114.57,3,1997,56000,2017-12-22,,,,,,
영등포구,11560,13200,신길동,4780,11560-1233,보라매경남아너스빌,,84.79,10,2005,62000,2017-12-08,,,,,,
영등포구,11560,13300,대림동,1123,11560-1398,한솔솔파크,,84.89,6,2008,55000,2017-12-22,,,,,,
영등포구,11560,13200,신길동,4945,11560-1793,래미안영등포프레비뉴,,84.98,2,2015,74000,2017-12-09,,,,,,
영등포구,11560,13200,신길동,4934,11560-107,삼성래미안,,84.91,18,2001,54200,2017-12-24,,,,,,
영등포구,11560,11000,여의도동,50,11560-20,시범,,79.24,3,1971,93000,2017-12-22,,,,,,
영등포구,11560,11200,당산동2가,164,11560-31,당산2가현대홈타운,,82.77,1,1994,54700,2017-12-09,,,,,,
영등포구,11560,11000,여의도동,40-4,11560-27,화랑,,104.5,5,1977,105000,2017-12-19,,,,,,
영등포구,11560,12600,양평동2가,45,11560-82,상록수,,59.99,19,1999,33700,2017-12-25,,,,,,
영등포구,11560,12400,문래동6가,45,11560-75,현대2차,,41.04,7,1987,30700,2017-12-18,,,,,,
영등포구,11560,12300,문래동5가,1,11560-65,문래대림,,59.96,19,2000,39450,2017-12-09,,,,,,
영등포구,11560,12100,문래동3가,94,11560-137,문래힐스테이트,,165.18,15,2003,99500,2017-12-02,,,,,,
영등포구,11560,10100,영등포동,649,11560-164,두산위브,,83.98,13,2004,52000,2017-12-09,,,,,,
영등포구,11560,13200,신길동,4938,11560-1445,신길자이,,84.94,12,2011,63000,2017-12-16,,,,,,
영등포구,11560,13200,신길동,897-1,11560-108,삼환,,84.84,25,1997,52000,2017-12-28,,,,,,
영등포구,11560,11400,당산동4가,30-1,11560-40,당산현대5차,,59.85,18,2000,56300,2017-12-28,,,,,,
영등포구,11560,12200,문래동4가,67,11560-1372,리버뷰신안인스빌1단지,,84.995,20,2008,50500,2017-12-23,,,,,,
영등포구,11560,12700,양평동3가,101,11560-91,양평현대6차,,84.94,22,2000,55500,2017-12-04,,,,,,
영등포구,11560,10200,영등포동1가,145,11560-1549,내이처해밀,,14.24,6,2012,10800,2017-12-29,,,,,,
영등포구,11560,12700,양평동3가,101,11560-91,양평현대6차,,84.92,3,2000,55500,2017-12-02,,,,,,
영등포구,11560,11000,여의도동,50,11560-20,시범,,60.96,6,1971,81000,2017-12-15,,,,,,
영등포구,11560,12700,양평동3가,102,11560-157,우림루미아트,,57.88,12,2004,46700,2017-12-12,,,,,,
영등포구,11560,12700,양평동3가,79-4,11560-92,현대2차,,80.92,11,1990,53000,2017-12-16,,,,,,
영등포구,11560,11500,당산동5가,42,11560-138,당산삼성래미안4차,,115.78,20,2003,94000,2017-12-11,,,,,,
영등포구,11560,10900,영등포동8가,76-1,11560-7,삼환,,59.91,19,1999,50800,2017-12-23,,,,,,
영등포구,11560,12100,문래동3가,96,11560-1215,태영데시앙,,84.93,15,2005,64400,2017-12-14,,,,,,
영등포구,11560,13300,대림동,695,11560-126,우성2,,79.91,6,1992,40700,2017-12-07,,,,,,
영등포구,11560,11500,당산동5가,42,11560-138,당산삼성래미안4차,,115.78,18,2003,94500,2017-12-18,,,,,,
영등포구,11560,12300,문래동5가,23-1,11560-68,문래현대5차,,84.79,13,1992,46000,2017-12-14,,,,,,
영등포구,11560,13300,대림동,1125,11560-1875,보라매 신동아 파밀리에,,84.88,5,2016,57700,2017-12-22,,,,,,
영등포구,11560,12900,양평동5가,76,11560-98,양평한신,,59.94,11,1996,46400,2017-12-04,,,,,,
영등포구,11560,13300,대림동,1125,11560-1875,보라매 신동아 파밀리에,,84.9,12,2016,56500,2017-12-14,,,,,,
영등포구,11560,13200,신길동,4759,11560-106,삼성,,41.58,8,1984,32800,2017-12-21,,,,,,
영등포구,11560,12700,양평동3가,19,11560-1221,월드메르디앙,,84.44,3,2005,55000,2017-12-01,,,,,,
영등포구,11560,13300,대림동,607-1,11560-127,코오롱,,84.93,14,1998,50300,2017-12-07,,,,,,
영등포구,11560,13200,신길동,4759,11560-106,삼성,,60.48,2,1984,43500,2017-12-26,,,,,,
영등포구,11560,12500,양평동1가,20,11560-79,신동아,,61.59,14,1982,45500,2017-12-09,,,,,,
영등포구,11560,11000,여의도동,50,11560-20,시범,,79.24,6,1971,96000,2017-12-08,,,,,,
영등포구,11560,10100,영등포동,647,11560-2,영등포푸르지오,,73.133,3,2002,57000,2017-12-26,,,,,,
영등포구,11560,11700,당산동,376,11560-50,강변래미안,,79.43,6,2002,62800,2017-12-22,,,,,,
영등포구,11560,13200,신길동,897-1,11560-108,삼환,,84.83,21,1997,56000,2017-12-02,,,,,,
영등포구,11560,13200,신길동,897-1,11560-108,삼환,,59.53,10,1997,50000,2017-12-18,,,,,,
영등포구,11560,11400,당산동4가,30-1,11560-40,당산현대5차,,84.69,3,2000,66800,2017-12-05,,,,,,
영등포구,11560,13300,대림동,1122,11560-1351,신대림자이2단지,,129.63,19,2007,64500,2017-12-02,,,,,,
영등포구,11560,11300,당산동3가,564,11560-1682,당산계룡리슈빌1단지,,38.77,19,2014,40100,2017-12-27,,,,,,
영등포구,11560,13200,신길동,4935,11560-109,신기목련아파트,,59.4,14,2000,32900,2017-12-23,,,,,,
영등포구,11560,11700,당산동,376,11560-50,강변래미안,,55.91,12,2002,60000,2017-12-23,,,,,,
영등포구,11560,11400,당산동4가,98,11560-1778,브라운스톤당산,,84.038,19,2015,67000,2017-12-19,,,,,,
영등포구,11560,10100,영등포동,647,11560-2,영등포푸르지오,,84.84,7,2002,59900,2017-12-09,,,,,,
영등포구,11560,12300,문래동5가,21,11560-67,현대3차,,84.55,2,1991,41200,2017-12-09,,,,,,
영등포구,11560,11400,당산동4가,98,11560-1778,브라운스톤당산,,84.005,5,2015,66000,2017-12-21,,,,,,
영등포구,11560,11700,당산동,376,11560-50,강변래미안,,108.15,3,2002,68000,2017-12-20,,,,,,
영등포구,11560,11700,당산동,376,11560-50,강변래미안,,108.15,11,2002,76000,2017-12-15,,,,,,
영등포구,11560,10100,영등포동,647,11560-2,영등포푸르지오,,73.133,5,2002,56300,2017-12-25,,,,,,
영등포구,11560,10100,영등포동,647,11560-2,영등포푸르지오,,84.84,23,2002,61700,2017-12-20,,,,,,
영등포구,11560,10100,영등포동,647,11560-2,영등포푸르지오,,79.777,13,2002,54900,2017-12-13,,,,,,
영등포구,11560,11100,당산동1가,9-1,11560-30,코오롱,,59.6,12,1996,38500,2017-12-07,,,,,,
영등포구,11560,12400,문래동6가,45,11560-75,현대2차,,41.04,9,1987,28500,2017-12-07,,,,,,
영등포구,11560,11000,여의도동,30-2,11560-15,삼부,,146.68,10,1975,160000,2017-12-01,,,,,,
영등포구,11560,12400,문래동6가,46,11560-76,현대1차,,64.38,2,1986,38500,2017-12-02,,,,,,
영등포구,11560,11400,당산동4가,30-1,11560-40,당산현대5차,,84.69,2,2000,62000,2017-12-09,,,,,,
영등포구,11560,13200,신길동,4656,11560-113,우성3,,64.4,6,1989,47000,2017-12-07,,,,,,
영등포구,11560,13000,양평동6가,99,11560-100,한솔,,59.28,6,1999,38000,2017-12-30,,,,,,
영등포구,11560,10800,영등포동7가,46-1,11560-6,경남아너스빌,,59.9,11,1998,51000,2017-12-16,,,,,,
영등포구,11560,13200,신길동,4934,11560-107,삼성래미안,,59.33,10,2001,44800,2017-12-24,,,,,,
영등포구,11560,11700,당산동,121-200,11560-1564,휴브리지빌딩,,18.37,6,2012,15750,2017-12-16,,,,,,
영등포구,11560,11000,여의도동,50,11560-20,시범,,156.99,8,1971,151000,2017-12-08,,,,,,
영등포구,11560,11100,당산동1가,16-1,11560-29,진로,,59.4,17,1997,49300,2017-12-11,,,,,,
영등포구,11560,11000,여의도동,50,11560-20,시범,,79.24,1,1971,94000,2017-12-16,,,,,,
영등포구,11560,12100,문래동3가,54,11560-60,문래자이,,84.98,10,2001,75750,2017-12-06,,,,,,
영등포구,11560,10200,영등포동1가,145,11560-1549,내이처해밀,,14.24,3,2012,11100,2017-12-01,,,,,,
영등포구,11560,11000,여의도동,28,11560-9,광장,,139.14,10,1978,144500,2017-12-11,,,,,,
영등포구,11560,13300,대림동,777-1,11560-125,신동아,,67.41,2,1987,29600,2017-12-22,,,,,,
영등포구,11560,10900,영등포동8가,76-1,11560-7,삼환,,84.87,10,1999,62000,2017-12-23,,,,,,
영등포구,11560,13200,신길동,4518,11560-112,우성2,,84.47,11,1986,60000,2017-12-08,,,,,,
영등포구,11560,13300,대림동,777-1,11560-125,신동아,,67.41,14,1987,31800,2017-12-28,,,,,,
영등포구,11560,11000,여의도동,42,11560-26,한양,,109.42,3,1975,100000,2017-12-22,,,,,,
영등포구,11560,11000,여의도동,43-4,11560-1247,롯데캐슬아이비,,150.8,13,2005,103000,2017-12-27,,,,,,
영등포구,11560,13200,신길동,4934,11560-107,삼성래미안,,84.91,4,2001,50000,2017-12-04,,,,,,
영등포구,11560,11500,당산동5가,42,11560-138,당산삼성래미안4차,,84.94,6,2003,86000,2017-12-07,,,,,,
영등포구,11560,11000,여의도동,36,11560-168,롯데캐슬엠파이어,,147.8,16,2005,110000,2017-12-23,,,,,,
영등포구,11560,11400,당산동4가,92,11560-39,현대2,,84.26,2,1986,48400,2017-12-15,,,,,,
영등포구,11560,11500,당산동5가,7-2,11560-45,유원제일2차,,145.68,11,1984,96000,2017-12-04,,,,,,
영등포구,11560,11500,당산동5가,7-2,11560-45,유원제일2차,,123.76,2,1984,84500,2017-12-08,,,,,,
영등포구,11560,10100,영등포동,647,11560-2,영등포푸르지오,,84.84,1,2002,53500,2017-12-09,,,,,,
영등포구,11560,11400,당산동4가,30-1,11560-40,당산현대5차,,84.69,25,2000,71000,2017-12-14,,,,,,
영등포구,11560,11000,여의도동,41,11560-10,대교,,95.5,8,1975,96000,2017-12-01,,,,,,
영등포구,11560,11000,여의도동,42,11560-26,한양,,109.42,8,1975,103000,2017-12-05,,,,,,
영등포구,11560,11500,당산동5가,12,11560-47,당산효성1차,,59.85,9,1999,63000,2017-12-01,,,,,,
영등포구,11560,13200,신길동,365,11560-111,우성1,,49.64,11,1986,39000,2017-12-10,,,,,,
영등포구,11560,13300,대림동,1121,11560-1350,신대림자이1단지,,84.61,5,2007,48000,2017-12-02,,,,,,
영등포구,11560,12700,양평동3가,101,11560-91,양평현대6차,,59.98,19,2000,47500,2017-12-23,,,,,,
영등포구,11560,11800,도림동,165-1,11560-54,동아에코빌,,59.94,2,2000,38500,2017-12-01,,,,,,
영등포구,11560,12100,문래동3가,94,11560-137,문래힐스테이트,,84.92,11,2003,72500,2017-12-11,,,,,,
영등포구,11560,12700,양평동3가,102,11560-157,우림루미아트,,84.92,7,2004,55000,2017-12-21,,,,,,
영등포구,11560,12300,문래동5가,23-1,11560-68,문래현대5차,,84.79,5,1992,42600,2017-12-29,,,,,,
영등포구,11560,13200,신길동,4759,11560-106,삼성,,73.98,8,1984,51500,2017-12-25,,,,,,
영등포구,11560,12300,문래동5가,14,11560-64,문래두산위브,,65.46,9,1988,38400,2017-12-16,,,,,,
영등포구,11560,11000,여의도동,41,11560-10,대교,,151.74,10,1975,153000,2017-12-15,,,,,,
영등포구,11560,13200,신길동,3002,11560-103,남서울,,48.26,2,1974,40000,2017-12-20,,,,,,
영등포구,11560,13200,신길동,3002,11560-103,남서울,,42.98,3,1974,40300,2017-12-17,,,,,,
영등포구,11560,10100,영등포동,647,11560-2,영등포푸르지오,,73.133,1,2002,49900,2017-12-01,,,,,,
영등포구,11560,11400,당산동4가,30-1,11560-40,당산현대5차,,59.55,17,2000,54900,2017-12-09,,,,,,
영등포구,11560,13200,신길동,3002,11560-103,남서울,,48.3,1,1974,38000,2017-12-18,,,,,,
영등포구,11560,13200,신길동,4934,11560-107,삼성래미안,,59.33,15,2001,45500,2017-12-11,,,,,,
영등포구,11560,11400,당산동4가,30-1,11560-40,당산현대5차,,84.69,7,2000,68500,2017-12-07,,,,,,
영등포구,11560,13200,신길동,4945,11560-1793,래미안영등포프레비뉴,,84.98,24,2015,80000,2017-12-11,,,,,,
영등포구,11560,11000,여의도동,50,11560-20,시범,,156.99,1,1971,148000,2017-12-18,,,,,,
영등포구,11560,11800,도림동,821,11560-1665,영등포아트자이,,143.591,26,2014,84500,2017-12-18,,,,,,
영등포구,11560,13200,신길동,67-1,11560-102,경남,,59.96,14,1999,44500,2017-12-07,,,,,,
영등포구,11560,11000,여의도동,51,11560-16,삼익,,122.78,4,1974,105500,2017-12-05,,,,,,
영등포구,11560,13200,신길동,769-1,11560-118,한성,,59.87,20,1997,50000,2017-12-07,,,,,,
영등포구,11560,13200,신길동,769-1,11560-118,한성,,59.87,11,1997,48000,2017-12-09,,,,,,
영등포구,11560,10200,영등포동1가,75-4,11560-1607,스테이72여의도,,12.21,12,2013,14000,2017-12-12,,,,,,
영등포구,11560,13200,신길동,4759,11560-106,삼성,,60.48,11,1984,42700,2017-12-15,,,,,,
영등포구,11560,11000,여의도동,30-2,11560-15,삼부,,106.38,4,1975,139000,2017-12-13,,,,,,
영등포구,11560,11000,여의도동,50,11560-20,시범,,79.24,6,1971,95000,2017-12-06,,,,,,
영등포구,11560,12700,양평동3가,101,11560-91,양평현대6차,,84.94,3,2000,55000,2017-12-17,,,,,,
영등포구,11560,11000,여의도동,50,11560-20,시범,,79.24,12,1971,92500,2017-12-13,,,,,,
영등포구,11560,11000,여의도동,54,11560-23,진주,,48.26,11,1977,70000,2017-12-23,,,,,,
영등포구,11560,13200,신길동,364,11560-101,건영,,89.16,2,1985,53700,2017-12-06,,,,,,
영등포구,11560,13200,신길동,365,11560-111,우성1,,83.64,3,1986,54500,2017-12-05,,,,,,
영등포구,11560,13200,신길동,364,11560-101,건영,,75.93,7,1985,49700,2017-12-05,,,,,,
영등포구,11560,13200,신길동,365,11560-111,우성1,,64.4,8,1986,47000,2017-12-01,,,,,,
영등포구,11560,13200,신길동,4759,11560-106,삼성,,60.48,3,1984,43800,2017-12-22,,,,,,
영등포구,11560,13200,신길동,4759,11560-106,삼성,,73.98,5,1984,51000,2017-12-14,,,,,,
영등포구,11560,13200,신길동,4759,11560-106,삼성,,60.48,6,1984,44000,2017-12-07,,,,,,
영등포구,11560,13200,신길동,4934,11560-107,삼성래미안,,59.33,11,2001,45000,2017-12-20,,,,,,
영등포구,11560,12600,양평동2가,23,11560-81,양평벽산블루밍,,59.58,11,1990,36000,2017-12-11,,,,,,
영등포구,11560,13200,신길동,4759,11560-106,삼성,,41.58,12,1984,31000,2017-12-23,,,,,,
영등포구,11560,13200,신길동,261-22,11560-1609,신길레전드힐스,,13.74,15,2013,11000,2017-12-13,,,,,,
영등포구,11560,10100,영등포동,647,11560-2,영등포푸르지오,,79.777,21,2002,59500,2017-12-19,,,,,,
영등포구,11560,11400,당산동4가,94-1,11560-35,당산삼성2차,,59.76,6,1997,49500,2017-12-14,,,,,,
영등포구,11560,10100,영등포동,647,11560-2,영등포푸르지오,,84.84,22,2002,59950,2017-12-02,,,,,,
영등포구,11560,10100,영등포동,647,11560-2,영등포푸르지오,,73.133,19,2002,58700,2017-12-02,,,,,,
영등포구,11560,10100,영등포동,647,11560-2,영등포푸르지오,,79.777,13,2002,58700,2017-12-02,,,,,,
영등포구,11560,12400,문래동6가,43,11560-74,한신,,40.04,11,1985,26500,2017-12-07,,,,,,
영등포구,11560,12100,문래동3가,94,11560-137,문래힐스테이트,,119.47,20,2003,83500,2017-12-09,,,,,,
영등포구,11560,10200,영등포동1가,75-4,11560-1607,스테이72여의도,,12.05,5,2013,12500,2017-12-21,,,,,,
영등포구,11560,11500,당산동5가,12,11560-47,당산효성1차,,59.85,5,1999,59800,2017-12-16,,,,,,
영등포구,11560,12800,양평동4가,12,11560-95,성원,,84.6,19,1993,52500,2017-12-10,,,,,,
영등포구,11560,11500,당산동5가,42,11560-138,당산삼성래미안4차,,133.42,9,2003,99500,2017-12-17,,,,,,
영등포구,11560,11500,당산동5가,11-33,11560-165,당산디오빌,,29.23,13,2005,30000,2017-12-20,,,,,,
영등포구,11560,11300,당산동3가,561,11560-139,동부센트레빌,,114.96,7,2003,74000,2017-12-06,,,,,,
영등포구,11560,11000,여의도동,50,11560-20,시범,,79.24,2,1971,93400,2017-12-07,,,,,,
영등포구,11560,11300,당산동3가,561,11560-139,동부센트레빌,,82.19,20,2003,65500,2017-12-11,,,,,,
영등포구,11560,11400,당산동4가,30-1,11560-40,당산현대5차,,59.75,4,2000,59000,2017-12-07,,,,,,
영등포구,11560,13300,대림동,608-1,11560-133,현대3차,,59.83,14,1997,46300,2017-12-20,,,,,,
영등포구,11560,11200,당산동2가,164,11560-31,당산2가현대홈타운,,82.77,18,1994,61500,2017-12-05,,,,,,
영등포구,11560,12400,문래동6가,43,11560-74,한신,,40.04,2,1985,26500,2017-12-05,,,,,,
영등포구,11560,13200,신길동,102-8,11560-114,우성4,,75.36,2,1991,46500,2017-12-07,,,,,,
영등포구,11560,13200,신길동,4759,11560-106,삼성,,41.58,2,1984,33000,2017-12-19,,,,,,
영등포구,11560,11700,당산동,121-200,11560-1564,휴브리지빌딩,,17.97,7,2012,14650,2017-12-01,,,,,,
영등포구,11560,11700,당산동,121-200,11560-1564,휴브리지빌딩,,17.11,11,2012,15000,2017-12-16,,,,,,
영등포구,11560,11000,여의도동,54,11560-23,진주,,72,7,1977,65000,2017-12-18,,,,,,
영등포구,11560,10400,영등포동3가,19-2,11560-1680,포레스트힐시티,,13.53,10,2014,12150,2017-12-15,,,,,,
영등포구,11560,11500,당산동5가,42,11560-138,당산삼성래미안4차,,84.94,25,2003,88000,2017-12-09,,,,,,
영등포구,11560,11500,당산동5가,42,11560-138,당산삼성래미안4차,,84.94,8,2003,88300,2017-12-09,,,,,,
영등포구,11560,12600,양평동2가,23,11560-81,양평벽산블루밍,,51.24,12,1990,31900,2017-12-09,,,,,,
영등포구,11560,13200,신길동,4759,11560-106,삼성,,73.98,9,1984,51200,2017-12-11,,,,,,
영등포구,11560,13200,신길동,4937,11560-1382,포레나 신길,,120.6939,14,2008,74500,2017-12-02,,,,,,
영등포구,11560,13300,대림동,608-1,11560-133,현대3차,,43.92,17,1997,35300,2017-12-02,,,,,,
영등포구,11560,11000,여의도동,50,11560-20,시범,,118.12,7,1971,125000,2017-12-06,,,,,,
영등포구,11560,11400,당산동4가,95,11560-41,당산금호어울림,,59.91,5,2002,55000,2017-12-18,,,,,,
영등포구,11560,11300,당산동3가,565,11560-1689,당산계룡리슈빌3단지,,49.987,13,2014,49000,2017-12-16,,,,,,
영등포구,11560,12700,양평동3가,101,11560-91,양평현대6차,,84.94,13,2000,56800,2017-12-09,,,,,,
영등포구,11560,11400,당산동4가,29,11560-37,한강아파트,,84.98,19,1999,58700,2017-12-01,,,,,,
영등포구,11560,13300,대림동,608-1,11560-133,현대3차,,84.89,24,1997,56000,2017-12-04,,,,,,
영등포구,11560,10200,영등포동1가,75-4,11560-1607,스테이72여의도,,12.4,7,2013,14000,2017-12-11,,,,,,
영등포구,11560,13200,신길동,261-22,11560-1609,신길레전드힐스,,13.74,14,2013,10800,2017-12-08,,,,,,
영등포구,11560,11800,도림동,821,11560-1665,영등포아트자이,,84.781,20,2014,70000,2017-12-02,,,,,,
영등포구,11560,13200,신길동,3002,11560-103,남서울,,41.69,2,1974,30700,2017-12-14,,,,,,
영등포구,11560,10200,영등포동1가,29,11560-1558,여의도의아침,,12.32,7,2012,11800,2017-12-14,,,,,,
영등포구,11560,13200,신길동,4937,11560-1382,포레나 신길,,120.6939,3,2008,75000,2017-12-02,,,,,,
영등포구,11560,11500,당산동5가,7-2,11560-45,유원제일2차,,84.6,2,1984,65700,2017-12-14,,,,,,
영등포구,11560,13200,신길동,4759,11560-106,삼성,,41.58,5,1984,32700,2017-12-11,,,,,,
영등포구,11560,12100,문래동3가,97,11560-1299,문래금호어울림,,84.99,5,2006,65000,2017-12-01,,,,,,
영등포구,11560,11300,당산동3가,394,11560-32,삼익,,82.65,4,1979,51900,2017-12-09,,,,,,
영등포구,11560,11300,당산동3가,559,11560-1453,쌍용예가클래식,,68.28,11,2010,56000,2017-12-13,,,,,,
영등포구,11560,13200,신길동,4942,11560-1574,여의도리버뷰,,12.96,3,2012,11000,2017-12-11,,,,,,
영등포구,11560,12100,문래동3가,94,11560-137,문래힐스테이트,,119.47,12,2003,81000,2017-12-11,,,,,,
영등포구,11560,13200,신길동,4759,11560-106,삼성,,73.98,8,1984,51500,2017-12-12,,,,,,
영등포구,11560,11300,당산동3가,566,11560-1681,당산계룡리슈빌2단지,,42.47,7,2014,46000,2017-12-08,,,,,,
영등포구,11560,11000,여의도동,47,11560-1369,여의도자이,,148.94,18,2008,161000,2017-12-08,,,,,,
영등포구,11560,11700,당산동,376,11560-50,강변래미안,,79.43,7,2002,62500,2017-12-05,,,,,,
영등포구,11560,13200,신길동,3002,11560-103,남서울,,42.98,5,1974,39000,2017-12-02,,,,,,
영등포구,11560,10400,영등포동3가,19-2,11560-1680,포레스트힐시티,,13.53,5,2014,11500,2017-12-07,,,,,,
영등포구,11560,13200,신길동,3002,11560-103,남서울,,48.3,1,1974,39000,2017-12-02,,,,,,
영등포구,11560,13200,신길동,3002,11560-103,남서울,,48.26,2,1974,39500,2017-12-04,,,,,,
영등포구,11560,13200,신길동,4759,11560-106,삼성,,41.58,10,1984,32900,2017-12-02,,,,,,
영등포구,11560,11400,당산동4가,92,11560-39,현대2,,59,3,1986,28000,2017-12-06,,,,,,
영등포구,11560,11100,당산동1가,16-1,11560-29,진로,,84.87,5,1997,56800,2017-12-06,,,,,,
영등포구,11560,10200,영등포동1가,144,11560-1518,헤렌어반,,13.063,6,2011,10700,2017-12-05,,,,,,
영등포구,11560,10200,영등포동1가,144,11560-1518,헤렌어반,,13.063,7,2011,10800,2017-12-05,,,,,,
영등포구,11560,12800,양평동4가,12,11560-95,성원,,84.66,14,1993,50750,2017-12-04,,,,,,
영등포구,11560,10200,영등포동1가,113-1,11560-1637,여의도씨티아이,,12.59,17,2013,13100,2017-12-02,,,,,,
동작구,11590,10700,사당동,1139,11590-43,사당자이,,84.49,8,1999,56700,2017-12-19,,,,,,
동작구,11590,10700,사당동,105,11590-47,신동아4,,59.89,14,1993,60000,2017-12-28,,,,,,
동작구,11590,10900,신대방동,712,11590-81,신대방경남,,112.05,5,2003,62000,2017-12-16,,,,,,
동작구,11590,10200,상도동,531,11590-3954,힐스테이트 상도 센트럴파크,,84.6099,8,2012,85000,2017-12-29,,,,,,
동작구,11590,10900,신대방동,713,11590-103,롯데낙천대,,80.2422,8,2003,68000,2017-12-09,,,,,,
동작구,11590,10200,상도동,533,11590-4078,힐스테이트 상도 프레스티지,,120.49,16,2013,105500,2017-12-27,,,,,,
동작구,11590,10200,상도동,532,11590-3991,씨티아모리움,,17.4395,4,2012,19000,2017-12-29,,,,,,
동작구,11590,10500,흑석동,339,11590-4002,흑석한강센트레빌Ⅱ,,119.738,3,2012,98500,2017-12-30,,,,,,
동작구,11590,10200,상도동,415,11590-100,중앙하이츠빌,,123.6025,13,2003,72000,2017-12-29,,,,,,
동작구,11590,10200,상도동,415,11590-100,중앙하이츠빌,,84.9883,5,2003,63000,2017-12-28,,,,,,
동작구,11590,10200,상도동,363-164,11590-4526,상도휴엔하임,,14.7,7,2016,16400,2017-12-19,,,,,,
동작구,11590,10500,흑석동,336,11590-3965,흑석한강푸르지오,,59.84,5,2012,75000,2017-12-24,,,,,,
동작구,11590,10400,본동,482,11590-30,유원강변,,84.63,6,2000,63500,2017-12-30,,,,,,
동작구,11590,10200,상도동,411,11590-85,대림아파트,,84.89,7,1995,52800,2017-12-30,,,,,,
동작구,11590,10900,신대방동,720,11590-3743,보라매e편한세상,,84.73,6,2010,70000,2017-12-30,,,,,,
동작구,11590,10700,사당동,1133,11590-54,삼성래미안,,84.967,12,2003,70000,2017-12-22,,,,,,
동작구,11590,10700,사당동,1153,11590-3372,케이씨씨,,84.7472,11,2007,67500,2017-12-26,,,,,,
동작구,11590,10700,사당동,169-8,11590-39,대림(169-8),,125.4,3,1990,84000,2017-12-26,,,,,,
동작구,11590,10900,신대방동,710,11590-66,경남교수,,113.93,19,2001,71000,2017-12-22,,,,,,
동작구,11590,10500,흑석동,329,11590-105,우리유앤미,,59.6618,13,2003,47500,2017-12-24,,,,,,
동작구,11590,10500,흑석동,38-58,11590-33,명수대한양,,84.9,4,1991,70000,2017-12-19,,,,,,
동작구,11590,10800,대방동,507,11590-93,대방2차e-편한세상,,131.637,8,2003,82000,2017-12-28,,,,,,
동작구,11590,10500,흑석동,335,11590-3773,흑석한강센트레빌,,114.95,1,2011,104000,2017-12-27,,,,,,
동작구,11590,10200,상도동,531,11590-3954,힐스테이트 상도 센트럴파크,,84.6099,2,2012,80000,2017-12-15,,,,,,
동작구,11590,10200,상도동,415,11590-100,중앙하이츠빌,,84.9883,12,2003,63500,2017-12-30,,,,,,
동작구,11590,10700,사당동,105,11590-89,사당우성3,,46.75,13,1993,45800,2017-12-24,,,,,,
동작구,11590,10700,사당동,105,11590-49,사당우성2,,84.66,8,1993,52500,2017-12-15,,,,,,
동작구,11590,10200,상도동,530,11590-3744,롯데캐슬비엔,,68.56,5,2010,52000,2017-12-23,,,,,,
동작구,11590,10100,노량진동,332,11590-3742,쌍용예가,,84.868,7,2010,69800,2017-12-23,,,,,,
동작구,11590,10800,대방동,503,11590-63,주공2,,51.66,10,1995,45450,2017-12-18,,,,,,
동작구,11590,10700,사당동,1154,11590-3579,사당휴먼시아,,59.96,7,2009,54500,2017-12-29,,,,,,
동작구,11590,10500,흑석동,336,11590-3965,흑석한강푸르지오,,84.98,12,2012,89500,2017-12-16,,,,,,
동작구,11590,10500,흑석동,339,11590-4002,흑석한강센트레빌Ⅱ,,84.988,9,2012,90000,2017-12-22,,,,,,
동작구,11590,10200,상도동,533,11590-4078,힐스테이트 상도 프레스티지,,84.951,3,2013,83000,2017-12-30,,,,,,
동작구,11590,10500,흑석동,335,11590-3773,흑석한강센트레빌,,84.89,2,2011,93000,2017-12-23,,,,,,
동작구,11590,10500,흑석동,335,11590-3773,흑석한강센트레빌,,84.84,19,2011,102800,2017-12-26,,,,,,
동작구,11590,10200,상도동,521,11590-3412,포스코더샵,,59.99,14,2007,66000,2017-12-15,,,,,,
동작구,11590,10700,사당동,105,11590-38,극동(105),,119.91,2,1993,68500,2017-12-25,,,,,,
동작구,11590,10800,대방동,500,11590-59,성원,,84.32,3,1994,67300,2017-12-22,,,,,,
동작구,11590,10700,사당동,240-15,11590-51,제일,,60.03,1,1987,48500,2017-12-22,,,,,,
동작구,11590,10200,상도동,527,11590-3441,이수브라운스톤상도(527-0),,84.99,6,2007,68500,2017-12-23,,,,,,
동작구,11590,10100,노량진동,331,11590-6,형인한강,,76.05,8,2001,42500,2017-12-25,,,,,,
동작구,11590,10200,상도동,531,11590-3954,힐스테이트 상도 센트럴파크,,59.8758,5,2012,72800,2017-12-25,,,,,,
동작구,11590,10700,사당동,1156,11590-3869,이너스내안애,,84.97,4,2012,60000,2017-12-24,,,,,,
동작구,11590,10500,흑석동,10,11590-34,명수대현대,,112.29,15,1988,100800,2017-12-22,,,,,,
동작구,11590,10400,본동,148-2,11590-28,극동강변,,84.73,6,1992,54900,2017-12-23,,,,,,
동작구,11590,10100,노량진동,325,11590-4,신동아리버파크,,59.67,15,2001,48000,2017-12-23,,,,,,
동작구,11590,10800,대방동,509,11590-3281,보라매코오롱하늘채,,84.7,4,2005,60000,2017-12-11,,,,,,
동작구,11590,10800,대방동,508,11590-94,대방1차e-편한세상,,84.32,9,2003,79000,2017-12-17,,,,,,
동작구,11590,10100,노량진동,325,11590-4,신동아리버파크,,84.88,6,2001,56500,2017-12-29,,,,,,
동작구,11590,10700,사당동,105,11590-38,극동(105),,51.57,10,1993,51500,2017-12-22,,,,,,
동작구,11590,10400,본동,150,11590-31,한강쌍용,,59.64,11,1999,51800,2017-12-23,,,,,,
동작구,11590,10200,상도동,408,11590-13,상도동삼호아파트,,84.52,9,1994,51700,2017-12-14,,,,,,
동작구,11590,10500,흑석동,336,11590-3965,흑석한강푸르지오,,59.84,1,2012,76000,2017-12-26,,,,,,
동작구,11590,10400,본동,484,11590-96,경동윈츠리버,,56.68,12,2004,46300,2017-12-15,,,,,,
동작구,11590,10200,상도동,414,11590-9,건영,,114.96,18,1997,63500,2017-12-22,,,,,,
동작구,11590,10700,사당동,105,11590-89,사당우성3,,59.89,14,1993,61000,2017-12-29,,,,,,
동작구,11590,10400,본동,487,11590-128,한신휴플러스,,84.84,13,2004,59800,2017-12-20,,,,,,
동작구,11590,10700,사당동,1157,11590-4095,이수역리가,,84.9827,8,2013,77000,2017-12-07,,,,,,
동작구,11590,10700,사당동,1149,11590-138,사당롯데캐슬2차,,84.766,8,2004,67400,2017-12-20,,,,,,
동작구,11590,10200,상도동,416,11590-126,아이파크,,84.96,14,2004,63000,2017-12-30,,,,,,
동작구,11590,10200,상도동,527,11590-3441,이수브라운스톤상도(527-0),,84.99,15,2007,71000,2017-12-31,,,,,,
동작구,11590,10200,상도동,531,11590-3954,힐스테이트 상도 센트럴파크,,84.6099,7,2012,82600,2017-12-29,,,,,,
동작구,11590,10200,상도동,521,11590-3412,포스코더샵,,84.992,9,2007,77000,2017-12-27,,,,,,
동작구,11590,10200,상도동,535,11590-4495,두산위브트레지움2차,,84.9736,6,2016,84000,2017-12-19,,,,,,
동작구,11590,10200,상도동,527,11590-3441,이수브라운스톤상도(527-0),,59.94,4,2007,62000,2017-12-30,,,,,,
동작구,11590,10500,흑석동,335,11590-3773,흑석한강센트레빌,,84.84,7,2011,94000,2017-12-08,,,,,,
동작구,11590,10700,사당동,147-29,11590-3763,이수자이,,120.81,19,2010,102000,2017-12-15,,,,,,
동작구,11590,10700,사당동,1150,11590-98,삼익그린뷰,,84.9941,6,2003,47000,2017-12-26,,,,,,
동작구,11590,10700,사당동,1134,11590-40,경남아너스빌1차,,114.29,9,1997,62000,2017-12-11,,,,,,
동작구,11590,10200,상도동,407,11590-3295,현대(관악),,84.78,12,1992,49200,2017-12-19,,,,,,
동작구,11590,10200,상도동,531,11590-3954,힐스테이트 상도 센트럴파크,,84.7835,9,2012,86000,2017-12-19,,,,,,
동작구,11590,10200,상도동,416,11590-126,아이파크,,114.83,1,2004,67000,2017-12-26,,,,,,
동작구,11590,10200,상도동,533,11590-4078,힐스테이트 상도 프레스티지,,84.884,3,2013,76000,2017-12-26,,,,,,
동작구,11590,10700,사당동,105,11590-89,사당우성3,,108.08,8,1993,75500,2017-12-30,,,,,,
동작구,11590,10200,상도동,531,11590-3954,힐스테이트 상도 센트럴파크,,84.7835,10,2012,85000,2017-12-28,,,,,,
동작구,11590,10700,사당동,1134,11590-40,경남아너스빌1차,,84.98,5,1997,55000,2017-12-09,,,,,,
동작구,11590,10200,상도동,416,11590-126,아이파크,,84.96,11,2004,63500,2017-12-22,,,,,,
동작구,11590,10700,사당동,1134,11590-40,경남아너스빌1차,,114.29,9,1997,62800,2017-12-08,,,,,,
동작구,11590,10200,상도동,458,11590-3356,상도1차갑을명가,,62.69,3,2006,34500,2017-12-13,,,,,,
동작구,11590,10900,신대방동,711,11590-83,보라매파크빌,,84.59,7,2002,70000,2017-12-23,,,,,,
동작구,11590,10200,상도동,421,11590-102,삼성래미안2,,59.886,10,2003,55300,2017-12-23,,,,,,
동작구,11590,10900,신대방동,711,11590-83,보라매파크빌,,84.59,12,2002,66500,2017-12-15,,,,,,
동작구,11590,10200,상도동,415,11590-100,중앙하이츠빌,,84.9883,21,2003,62000,2017-12-06,,,,,,
동작구,11590,10200,상도동,527,11590-3441,이수브라운스톤상도(527-0),,59.94,7,2007,63900,2017-12-29,,,,,,
동작구,11590,10200,상도동,431,11590-127,래미안상도3차,,114.97,2,2004,74000,2017-12-18,,,,,,
동작구,11590,10200,상도동,533,11590-4078,힐스테이트 상도 프레스티지,,84.884,4,2013,79500,2017-12-13,,,,,,
동작구,11590,10200,상도동,531,11590-3954,힐스테이트 상도 센트럴파크,,84.7835,8,2012,83000,2017-12-29,,,,,,
동작구,11590,10200,상도동,421,11590-102,삼성래미안2,,59.886,11,2003,54500,2017-12-05,,,,,,
동작구,11590,10800,대방동,502,11590-84,대방동현대,,59.84,22,1994,48500,2017-12-29,,,,,,
동작구,11590,10700,사당동,1133,11590-54,삼성래미안,,114.502,8,2003,58200,2017-12-22,,,,,,
동작구,11590,10400,본동,494,11590-3831,래미안트윈파크,,115.42,15,2011,105000,2017-12-13,,,,,,
동작구,11590,10500,흑석동,10,11590-34,명수대현대,,124.95,10,1988,125000,2017-12-09,,,,,,
동작구,11590,10400,본동,492,11590-130,삼성래미안,,84.2261,13,2004,65800,2017-12-12,,,,,,
동작구,11590,10600,동작동,331,11590-95,금강KCC,,115.53,7,2003,74000,2017-12-13,,,,,,
동작구,11590,10200,상도동,431,11590-127,래미안상도3차,,114.97,3,2004,83500,2017-12-29,,,,,,
동작구,11590,10100,노량진동,323,11590-5,우성,,84.96,6,1997,51200,2017-12-13,,,,,,
동작구,11590,10700,사당동,105,11590-49,사당우성2,,84.66,15,1993,73500,2017-12-28,,,,,,
동작구,11590,10600,동작동,333,11590-4023,이수힐스테이트,,108.336,2,2013,108000,2017-12-18,,,,,,
동작구,11590,10200,상도동,421,11590-102,삼성래미안2,,59.886,9,2003,55000,2017-12-23,,,,,,
동작구,11590,10700,사당동,1150,11590-98,삼익그린뷰,,84.9941,5,2003,46000,2017-12-17,,,,,,
동작구,11590,10500,흑석동,328,11590-106,흑석동양아파트,,84.985,11,2003,60000,2017-12-20,,,,,,
동작구,11590,10500,흑석동,328,11590-106,흑석동양아파트,,59.511,4,2003,50000,2017-12-20,,,,,,
동작구,11590,10500,흑석동,335,11590-3773,흑석한강센트레빌,,84.84,8,2011,99000,2017-12-16,,,,,,
동작구,11590,10700,사당동,105,11590-38,극동(105),,109.7,8,1993,68000,2017-12-30,,,,,,
동작구,11590,10900,신대방동,719,11590-3351,동작상떼빌,,128.61,3,2006,60000,2017-12-15,,,,,,
동작구,11590,10900,신대방동,565,11590-76,우성1차,,66.69,11,1988,49900,2017-12-02,,,,,,
동작구,11590,10900,신대방동,565,11590-76,우성1차,,127.02,16,1988,72800,2017-12-12,,,,,,
동작구,11590,10200,상도동,413,11590-12,삼익,,59.93,12,1997,32900,2017-12-23,,,,,,
동작구,11590,10900,신대방동,565,11590-76,우성1차,,66.69,5,1988,48500,2017-12-01,,,,,,
동작구,11590,10900,신대방동,565,11590-76,우성1차,,126.16,14,1988,80000,2017-12-14,,,,,,
동작구,11590,10500,흑석동,335,11590-3773,흑석한강센트레빌,,84.84,6,2011,98000,2017-12-23,,,,,,
동작구,11590,10900,신대방동,565,11590-76,우성1차,,66.69,10,1988,50000,2017-12-21,,,,,,
동작구,11590,10700,사당동,1136,11590-87,경남아너스빌(대아3),,84.63,3,1998,66000,2017-12-26,,,,,,
동작구,11590,10200,상도동,407,11590-3295,현대(관악),,84.78,9,1992,48400,2017-12-09,,,,,,
동작구,11590,10700,사당동,1132,11590-97,롯데캐슬,,84.96,20,2003,71500,2017-12-27,,,,,,
동작구,11590,10900,신대방동,565,11590-76,우성1차,,66.69,14,1988,49850,2017-12-22,,,,,,
동작구,11590,10100,노량진동,325,11590-4,신동아리버파크,,84.88,11,2001,58900,2017-12-27,,,,,,
동작구,11590,10700,사당동,1149,11590-138,사당롯데캐슬2차,,84.766,5,2004,65000,2017-12-21,,,,,,
동작구,11590,10700,사당동,1136,11590-87,경남아너스빌(대아3),,110.77,2,1998,69300,2017-12-23,,,,,,
동작구,11590,10800,대방동,501,11590-57,대림아파트,,84.92,17,1993,82500,2017-12-17,,,,,,
동작구,11590,10800,대방동,501,11590-57,대림아파트,,59.84,11,1993,59800,2017-12-19,,,,,,
동작구,11590,10700,사당동,105,11590-38,극동(105),,84.32,5,1993,60000,2017-12-28,,,,,,
동작구,11590,10200,상도동,531,11590-3954,힐스테이트 상도 센트럴파크,,59.7686,9,2012,74400,2017-12-23,,,,,,
동작구,11590,10100,노량진동,325,11590-4,신동아리버파크,,84.88,17,2001,57500,2017-12-29,,,,,,
동작구,11590,10200,상도동,420,11590-101,대우유로카운티,,142.129,10,2003,72000,2017-12-03,,,,,,
동작구,11590,10700,사당동,105,11590-49,사당우성2,,118.25,2,1993,74500,2017-12-12,,,,,,
동작구,11590,10200,상도동,431,11590-127,래미안상도3차,,114.97,6,2004,87500,2017-12-09,,,,,,
동작구,11590,10200,상도동,421,11590-102,삼성래미안2,,59.886,14,2003,55800,2017-12-02,,,,,,
동작구,11590,10500,흑석동,10,11590-34,명수대현대,,112.29,6,1988,103000,2017-12-26,,,,,,
동작구,11590,10500,흑석동,336,11590-3965,흑석한강푸르지오,,84.98,4,2012,84700,2017-12-22,,,,,,
동작구,11590,10700,사당동,1147,11590-3279,대창센시티,,84.9344,5,2005,59300,2017-12-07,,,,,,
동작구,11590,10100,노량진동,314-86,11590-211,실크,,76.41,4,2001,45000,2017-12-14,,,,,,
동작구,11590,10700,사당동,1139,11590-43,사당자이,,59.89,9,1999,45500,2017-12-18,,,,,,
동작구,11590,10800,대방동,501,11590-57,대림아파트,,134.25,18,1993,98000,2017-12-18,,,,,,
동작구,11590,10200,상도동,431,11590-127,래미안상도3차,,84.96,1,2004,72940,2017-12-23,,,,,,
동작구,11590,10200,상도동,431,11590-127,래미안상도3차,,114.97,5,2004,84500,2017-12-01,,,,,,
동작구,11590,10700,사당동,산25-2,11590-53,현대주택조합,,84.99,13,1993,55500,2017-12-18,,,,,,
동작구,11590,10700,사당동,105,11590-38,극동(105),,51.57,7,1993,51500,2017-12-26,,,,,,
동작구,11590,10900,신대방동,709,11590-68,벽산,,59.76,1,1997,34300,2017-12-04,,,,,,
동작구,11590,10700,사당동,105,11590-89,사당우성3,,84.66,11,1993,70900,2017-12-30,,,,,,
동작구,11590,10700,사당동,169-8,11590-39,대림(169-8),,125.4,3,1990,85500,2017-12-02,,,,,,
동작구,11590,10200,상도동,521,11590-3412,포스코더샵,,59.99,7,2007,68000,2017-12-16,,,,,,
동작구,11590,10200,상도동,521,11590-3412,포스코더샵,,59.99,9,2007,68000,2017-12-27,,,,,,
동작구,11590,10100,노량진동,325,11590-4,신동아리버파크,,114.75,15,2001,65000,2017-12-12,,,,,,
동작구,11590,10200,상도동,533,11590-4078,힐스테이트 상도 프레스티지,,120.004,11,2013,100500,2017-12-16,,,,,,
동작구,11590,10200,상도동,415,11590-100,중앙하이츠빌,,84.9883,2,2003,57000,2017-12-28,,,,,,
동작구,11590,10200,상도동,431,11590-127,래미안상도3차,,84.96,8,2004,76000,2017-12-06,,,,,,
동작구,11590,10700,사당동,1133,11590-54,삼성래미안,,158.468,15,2003,96000,2017-12-23,,,,,,
동작구,11590,10700,사당동,1139,11590-43,사당자이,,59.89,4,1999,45700,2017-12-15,,,,,,
동작구,11590,10900,신대방동,716,11590-104,현진에버빌,,59.6216,10,2003,40000,2017-12-18,,,,,,
동작구,11590,10200,상도동,521,11590-3412,포스코더샵,,152.222,10,2007,96500,2017-12-28,,,,,,
동작구,11590,10200,상도동,431,11590-127,래미안상도3차,,84.96,4,2004,75200,2017-12-27,,,,,,
동작구,11590,10700,사당동,1154,11590-3579,사당휴먼시아,,84.73,15,2009,60000,2017-12-14,,,,,,
동작구,11590,10500,흑석동,10,11590-34,명수대현대,,78.07,4,1988,81000,2017-12-08,,,,,,
동작구,11590,10400,본동,492,11590-130,삼성래미안,,59.9843,4,2004,59000,2017-12-04,,,,,,
동작구,11590,10500,흑석동,336,11590-3965,흑석한강푸르지오,,84.91,13,2012,88000,2017-12-26,,,,,,
동작구,11590,10400,본동,481,11590-29,신동아,,84.46,12,1993,57000,2017-12-15,,,,,,
동작구,11590,10800,대방동,505,11590-61,우정,,59.89,10,1999,43000,2017-12-23,,,,,,
동작구,11590,10200,상도동,413,11590-12,삼익,,84.96,7,1997,42000,2017-12-01,,,,,,
동작구,11590,10200,상도동,527,11590-3441,이수브라운스톤상도(527-0),,84.99,7,2007,70900,2017-12-11,,,,,,
동작구,11590,10500,흑석동,339,11590-4002,흑석한강센트레빌Ⅱ,,84.951,10,2012,85900,2017-12-09,,,,,,
동작구,11590,10200,상도동,418,11590-99,쌍용스윗닷홈,,59.578,15,2003,53300,2017-12-16,,,,,,
동작구,11590,10500,흑석동,336,11590-3965,흑석한강푸르지오,,127.52,5,2012,116500,2017-12-19,,,,,,
동작구,11590,10400,본동,494,11590-3831,래미안트윈파크,,115.42,4,2011,99800,2017-12-30,,,,,,
동작구,11590,10800,대방동,501,11590-57,대림아파트,,134.25,5,1993,94500,2017-12-25,,,,,,
동작구,11590,10200,상도동,415,11590-100,중앙하이츠빌,,123.6025,19,2003,72800,2017-12-23,,,,,,
동작구,11590,10900,신대방동,710,11590-66,경남교수,,113.93,4,2001,73500,2017-12-07,,,,,,
동작구,11590,10200,상도동,407,11590-3295,현대(관악),,58.59,3,1992,36000,2017-12-06,,,,,,
동작구,11590,10200,상도동,414,11590-9,건영,,32.8,17,1997,32000,2017-12-27,,,,,,
동작구,11590,10700,사당동,240-15,11590-51,제일,,60.03,2,1987,48500,2017-12-12,,,,,,
동작구,11590,10800,대방동,501,11590-57,대림아파트,,59.84,16,1993,59900,2017-12-22,,,,,,
동작구,11590,10800,대방동,501,11590-57,대림아파트,,84.92,6,1993,81000,2017-12-23,,,,,,
동작구,11590,10900,신대방동,565,11590-76,우성1차,,66.69,5,1988,49000,2017-12-09,,,,,,
동작구,11590,10700,사당동,105,11590-49,사당우성2,,108.08,13,1993,79500,2017-12-23,,,,,,
동작구,11590,10200,상도동,533,11590-4078,힐스테이트 상도 프레스티지,,84.951,7,2013,83000,2017-12-25,,,,,,
동작구,11590,10600,동작동,331,11590-95,금강KCC,,84.95,10,2003,66800,2017-12-15,,,,,,
동작구,11590,10700,사당동,169-32,11590-52,현대,,59.96,8,1991,44700,2017-12-14,,,,,,
동작구,11590,10200,상도동,521,11590-3412,포스코더샵,,59.99,5,2007,64000,2017-12-07,,,,,,
동작구,11590,10500,흑석동,10,11590-34,명수대현대,,112.29,1,1988,94000,2017-12-14,,,,,,
동작구,11590,10900,신대방동,716,11590-104,현진에버빌,,84.9234,3,2003,45600,2017-12-30,,,,,,
동작구,11590,10600,동작동,333,11590-4023,이수힐스테이트,,84.972,2,2013,89200,2017-12-09,,,,,,
동작구,11590,10200,상도동,520,11590-3388,삼환나우빌(520-0),,84.87,3,2007,59800,2017-12-06,,,,,,
동작구,11590,10200,상도동,414,11590-9,건영,,32.8,2,1997,29800,2017-12-09,,,,,,
동작구,11590,10700,사당동,1154,11590-3579,사당휴먼시아,,84.9,6,2009,61500,2017-12-16,,,,,,
동작구,11590,10400,본동,481,11590-29,신동아,,84.46,7,1993,57000,2017-12-23,,,,,,
동작구,11590,10700,사당동,105,11590-89,사당우성3,,84.66,8,1993,69700,2017-12-29,,,,,,
동작구,11590,10700,사당동,235-76,11590-233,동문아트빌,,26.55,5,2004,18200,2017-12-23,,,,,,
동작구,11590,10800,대방동,501,11590-57,대림아파트,,134.25,9,1993,90000,2017-12-09,,,,,,
동작구,11590,10100,노량진동,325,11590-4,신동아리버파크,,59.67,15,2001,46000,2017-12-06,,,,,,
동작구,11590,10700,사당동,105,11590-38,극동(105),,119.91,12,1993,69800,2017-12-07,,,,,,
동작구,11590,10100,노량진동,325,11590-4,신동아리버파크,,59.67,17,2001,46000,2017-12-09,,,,,,
동작구,11590,10700,사당동,105,11590-38,극동(105),,46.75,11,1993,45400,2017-12-22,,,,,,
동작구,11590,10100,노량진동,325,11590-4,신동아리버파크,,59.67,1,2001,42000,2017-12-28,,,,,,
동작구,11590,10200,상도동,521,11590-3412,포스코더샵,,84.995,12,2007,72500,2017-12-11,,,,,,
동작구,11590,10900,신대방동,719,11590-3351,동작상떼빌,,128.61,9,2006,67000,2017-12-08,,,,,,
동작구,11590,10700,사당동,1132,11590-97,롯데캐슬,,117.68,9,2003,77500,2017-12-04,,,,,,
동작구,11590,10800,대방동,503,11590-63,주공2,,51.66,5,1995,45000,2017-12-23,,,,,,
동작구,11590,10500,흑석동,339,11590-4002,흑석한강센트레빌Ⅱ,,84.99,14,2012,83000,2017-12-03,,,,,,
동작구,11590,10100,노량진동,323,11590-5,우성,,124.77,2,1997,62000,2017-12-27,,,,,,
동작구,11590,10100,노량진동,323,11590-5,우성,,124.77,4,1997,63000,2017-12-16,,,,,,
동작구,11590,10700,사당동,105,11590-38,극동(105),,46.75,6,1993,44000,2017-12-22,,,,,,
동작구,11590,10100,노량진동,330,11590-3,삼익,,58.96,3,2001,40800,2017-12-26,,,,,,
동작구,11590,10200,상도동,533,11590-4078,힐스테이트 상도 프레스티지,,84.884,10,2013,80200,2017-12-09,,,,,,
동작구,11590,10200,상도동,415,11590-100,중앙하이츠빌,,84.9943,7,2003,59500,2017-12-02,,,,,,
동작구,11590,10500,흑석동,339,11590-4002,흑석한강센트레빌Ⅱ,,84.99,6,2012,80000,2017-12-09,,,,,,
동작구,11590,10500,흑석동,335,11590-3773,흑석한강센트레빌,,84.91,14,2011,98000,2017-12-21,,,,,,
동작구,11590,10200,상도동,414,11590-9,건영,,114.96,1,1997,56800,2017-12-02,,,,,,
동작구,11590,10100,노량진동,323,11590-5,우성,,59.82,4,1997,47000,2017-12-23,,,,,,
동작구,11590,10900,신대방동,565,11590-76,우성1차,,84.99,16,1988,63000,2017-12-02,,,,,,
동작구,11590,10100,노량진동,323,11590-5,우성,,59.82,12,1997,47000,2017-12-22,,,,,,
동작구,11590,10700,사당동,105,11590-38,극동(105),,84.32,4,1993,56800,2017-12-30,,,,,,
동작구,11590,10400,본동,481,11590-29,신동아,,104.7,10,1993,64000,2017-12-23,,,,,,
동작구,11590,10700,사당동,240-15,11590-51,제일,,60.03,6,1987,50000,2017-12-25,,,,,,
동작구,11590,10500,흑석동,339,11590-4002,흑석한강센트레빌Ⅱ,,84.951,1,2012,83000,2017-12-11,,,,,,
동작구,11590,10900,신대방동,565,11590-76,우성1차,,66.69,5,1988,49500,2017-12-16,,,,,,
동작구,11590,10400,본동,484,11590-96,경동윈츠리버,,56.68,5,2004,47300,2017-12-06,,,,,,
동작구,11590,10800,대방동,501,11590-57,대림아파트,,134.25,8,1993,93000,2017-12-11,,,,,,
동작구,11590,10700,사당동,1132,11590-97,롯데캐슬,,84.96,10,2003,67000,2017-12-20,,,,,,
동작구,11590,10200,상도동,414,11590-9,건영,,32.8,6,1997,30200,2017-12-04,,,,,,
동작구,11590,10700,사당동,105,11590-49,사당우성2,,59.89,2,1993,60000,2017-12-23,,,,,,
동작구,11590,10500,흑석동,332,11590-3713,해가든,,107.45,9,2010,75000,2017-12-07,,,,,,
동작구,11590,10700,사당동,169-32,11590-52,현대,,51.66,5,1991,39700,2017-12-15,,,,,,
동작구,11590,10100,노량진동,324,11590-1,건영(103동-106동),,84.94,2,1997,52800,2017-12-21,,,,,,
동작구,11590,10100,노량진동,324,11590-1,건영(103동-106동),,84.94,6,1997,53000,2017-12-08,,,,,,
동작구,11590,10900,신대방동,713,11590-103,롯데낙천대,,80.2422,7,2003,68500,2017-12-04,,,,,,
동작구,11590,10800,대방동,503,11590-63,주공2,,58.65,11,1995,50000,2017-12-23,,,,,,
동작구,11590,10800,대방동,515,11590-3964,아데나339,,18.67,4,2012,15400,2017-12-05,,,,,,
동작구,11590,10400,본동,481,11590-29,신동아,,59.89,12,1993,46500,2017-12-02,,,,,,
동작구,11590,10500,흑석동,336,11590-3965,흑석한강푸르지오,,115.84,12,2012,108500,2017-12-09,,,,,,
동작구,11590,10700,사당동,240-15,11590-51,제일,,60.03,3,1987,48000,2017-12-20,,,,,,
동작구,11590,10800,대방동,508,11590-94,대방1차e-편한세상,,84.32,2,2003,73000,2017-12-20,,,,,,
동작구,11590,10700,사당동,105,11590-38,극동(105),,59.25,7,1993,56000,2017-12-05,,,,,,
동작구,11590,10500,흑석동,339,11590-4002,흑석한강센트레빌Ⅱ,,84.951,6,2012,85000,2017-12-02,,,,,,
동작구,11590,10100,노량진동,323,11590-5,우성,,59.82,7,1997,43800,2017-12-01,,,,,,
동작구,11590,10100,노량진동,324,11590-1,건영(103동-106동),,84.94,7,1997,53000,2017-12-27,,,,,,
동작구,11590,10400,본동,492,11590-130,삼성래미안,,84.2261,10,2004,68500,2017-12-12,,,,,,
동작구,11590,10200,상도동,533,11590-4078,힐스테이트 상도 프레스티지,,120.004,2,2013,92500,2017-12-31,,,,,,
동작구,11590,10400,본동,481,11590-29,신동아,,104.7,1,1993,53000,2017-12-09,,,,,,
동작구,11590,10400,본동,481,11590-29,신동아,,46.75,2,1993,37000,2017-12-27,,,,,,
동작구,11590,10100,노량진동,315-13,11590-145,벧엘ForZoom,,54.21,6,2005,38000,2017-12-16,,,,,,
동작구,11590,10400,본동,492,11590-130,삼성래미안,,84.2261,2,2004,60000,2017-12-16,,,,,,
동작구,11590,10700,사당동,105,11590-89,사당우성3,,46.75,4,1993,43000,2017-12-29,,,,,,
동작구,11590,10200,상도동,529,11590-3714,상도두산위브,,84.99,7,2010,67500,2017-12-05,,,,,,
동작구,11590,10700,사당동,1156,11590-3869,이너스내안애,,84.97,8,2012,59300,2017-12-14,,,,,,
동작구,11590,10900,신대방동,395-69,11590-70,보라매아카데미타워,,84.95,10,1998,47700,2017-12-23,,,,,,
동작구,11590,10800,대방동,43-9,11590-139,비전,,122.52,4,1992,57000,2017-12-15,,,,,,
동작구,11590,10700,사당동,105,11590-89,사당우성3,,59.89,14,1993,59900,2017-12-30,,,,,,
동작구,11590,10200,상도동,531,11590-3954,힐스테이트 상도 센트럴파크,,59.8758,8,2012,70000,2017-12-02,,,,,,
동작구,11590,10900,신대방동,717,11590-3285,신동아파밀리에,,84.9636,5,2005,63500,2017-12-02,,,,,,
동작구,11590,10200,상도동,529,11590-3714,상도두산위브,,84.909,2,2010,66500,2017-12-16,,,,,,
동작구,11590,10200,상도동,531,11590-3954,힐스테이트 상도 센트럴파크,,84.6099,17,2012,84800,2017-12-23,,,,,,
동작구,11590,10200,상도동,534,11590-4206,상도더샵2차,,84.99,3,2014,69500,2017-12-28,,,,,,
동작구,11590,10700,사당동,1149,11590-138,사당롯데캐슬2차,,84.614,5,2004,69800,2017-12-09,,,,,,
동작구,11590,10800,대방동,508,11590-94,대방1차e-편한세상,,84.32,7,2003,75500,2017-12-08,,,,,,
동작구,11590,10100,노량진동,325,11590-4,신동아리버파크,,59.67,19,2001,46300,2017-12-02,,,,,,
동작구,11590,10100,노량진동,325,11590-4,신동아리버파크,,59.67,9,2001,44800,2017-12-02,,,,,,
동작구,11590,10700,사당동,1137,11590-88,신동아5,,59.67,4,1998,56500,2017-12-25,,,,,,
동작구,11590,10400,본동,484,11590-96,경동윈츠리버,,110.04,3,2004,58000,2017-12-14,,,,,,
동작구,11590,10700,사당동,105,11590-47,신동아4,,84.46,9,1993,67000,2017-12-03,,,,,,
동작구,11590,10900,신대방동,395-67,11590-67,롯데관악타워,,149.74,15,1996,70300,2017-12-01,,,,,,
동작구,11590,10400,본동,481,11590-29,신동아,,104.7,12,1993,64800,2017-12-23,,,,,,
동작구,11590,10800,대방동,507,11590-93,대방2차e-편한세상,,131.637,3,2003,79000,2017-12-04,,,,,,
동작구,11590,10800,대방동,508,11590-94,대방1차e-편한세상,,84.32,19,2003,74000,2017-12-26,,,,,,
동작구,11590,10900,신대방동,719,11590-3351,동작상떼빌,,84.98,17,2006,58000,2017-12-02,,,,,,
동작구,11590,10700,사당동,105,11590-38,극동(105),,110.14,9,1993,71000,2017-12-01,,,,,,
동작구,11590,10200,상도동,431,11590-127,래미안상도3차,,114.97,9,2004,86500,2017-12-27,,,,,,
동작구,11590,10200,상도동,431,11590-127,래미안상도3차,,114.97,1,2004,71000,2017-12-15,,,,,,
동작구,11590,10200,상도동,431,11590-127,래미안상도3차,,59.97,4,2004,65500,2017-12-13,,,,,,
동작구,11590,10400,본동,494,11590-3831,래미안트윈파크,,84.76,13,2011,89000,2017-12-19,,,,,,
동작구,11590,10600,동작동,329,11590-37,이수교신동아아파트,,107.94,1,2001,59270,2017-12-28,,,,,,
동작구,11590,10600,동작동,329,11590-37,이수교신동아아파트,,56.22,2,2001,40000,2017-12-21,,,,,,
동작구,11590,10600,동작동,332,11590-3322,이수교KCC스위첸,,120.71,12,2006,84600,2017-12-18,,,,,,
동작구,11590,10500,흑석동,28,11590-36,한강현대,,114.44,6,1988,104000,2017-12-28,,,,,,
동작구,11590,10900,신대방동,707,11590-79,현대,,84.57,5,1996,63000,2017-12-02,,,,,,
동작구,11590,10600,동작동,332,11590-3322,이수교KCC스위첸,,128.72,12,2006,92500,2017-12-13,,,,,,
동작구,11590,10500,흑석동,28,11590-36,한강현대,,131.06,11,1988,124000,2017-12-11,,,,,,
동작구,11590,10500,흑석동,28,11590-36,한강현대,,66.225,3,1988,79500,2017-12-08,,,,,,
동작구,11590,10100,노량진동,324,11590-1,건영(103동-106동),,114.96,2,1997,57000,2017-12-18,,,,,,
동작구,11590,10500,흑석동,335,11590-3773,흑석한강센트레빌,,84.84,1,2011,89000,2017-12-15,,,,,,
동작구,11590,10200,상도동,531,11590-3954,힐스테이트 상도 센트럴파크,,84.7835,5,2012,84700,2017-12-02,,,,,,
동작구,11590,10700,사당동,240-15,11590-51,제일,,60.03,6,1987,48800,2017-12-11,,,,,,
동작구,11590,10500,흑석동,335,11590-3773,흑석한강센트레빌,,84.84,6,2011,96000,2017-12-27,,,,,,
동작구,11590,10800,대방동,501,11590-57,대림아파트,,59.84,15,1993,58000,2017-12-08,,,,,,
동작구,11590,10200,상도동,431,11590-127,래미안상도3차,,84.96,6,2004,75000,2017-12-21,,,,,,
동작구,11590,10200,상도동,414,11590-9,건영,,32.8,14,1997,31700,2017-12-21,,,,,,
동작구,11590,10700,사당동,169-8,11590-39,대림(169-8),,125.4,10,1990,84800,2017-12-13,,,,,,
동작구,11590,10100,노량진동,325,11590-4,신동아리버파크,,84.88,16,2001,55600,2017-12-12,,,,,,
동작구,11590,10200,상도동,416,11590-126,아이파크,,84.96,3,2004,60000,2017-12-06,,,,,,
동작구,11590,10200,상도동,900,11590-4642,상도파크자이,,84.918,18,2016,89700,2017-12-27,,,,,,
동작구,11590,10500,흑석동,329,11590-105,우리유앤미,,113.9684,3,2003,60000,2017-12-02,,,,,,
동작구,11590,10800,대방동,508,11590-94,대방1차e-편한세상,,84.32,3,2003,77000,2017-12-04,,,,,,
동작구,11590,10100,노량진동,325,11590-4,신동아리버파크,,114.75,22,2001,66000,2017-12-14,,,,,,
동작구,11590,10400,본동,481,11590-29,신동아,,59.89,7,1993,50000,2017-12-09,,,,,,
동작구,11590,10200,상도동,533,11590-4078,힐스테이트 상도 프레스티지,,84.884,16,2013,80500,2017-12-23,,,,,,
동작구,11590,10800,대방동,503,11590-63,주공2,,59.97,6,1995,52000,2017-12-19,,,,,,
동작구,11590,10400,본동,481,11590-29,신동아,,104.7,8,1993,62000,2017-12-05,,,,,,
동작구,11590,10700,사당동,105,11590-47,신동아4,,59.89,13,1993,57000,2017-12-04,,,,,,
동작구,11590,10100,노량진동,325,11590-4,신동아리버파크,,59.67,15,2001,46500,2017-12-08,,,,,,
동작구,11590,10700,사당동,105,11590-49,사당우성2,,118.25,9,1993,79000,2017-12-16,,,,,,
동작구,11590,10900,신대방동,707,11590-79,현대,,84.57,2,1996,55000,2017-12-08,,,,,,
동작구,11590,10700,사당동,1139,11590-43,사당자이,,59.89,11,1999,44000,2017-12-28,,,,,,
동작구,11590,10200,상도동,532,11590-3991,씨티아모리움,,14.1881,4,2012,16500,2017-12-26,,,,,,
동작구,11590,10100,노량진동,323,11590-5,우성,,59.82,3,1997,42000,2017-12-26,,,,,,
동작구,11590,10700,사당동,1153,11590-3372,케이씨씨,,84.7472,8,2007,63000,2017-12-06,,,,,,
동작구,11590,10700,사당동,105,11590-38,극동(105),,46.75,6,1993,45200,2017-12-26,,,,,,
동작구,11590,10900,신대방동,709,11590-68,벽산,,59.76,15,1997,40000,2017-12-10,,,,,,
동작구,11590,10200,상도동,414,11590-9,건영,,32.8,4,1997,29950,2017-12-23,,,,,,
동작구,11590,10200,상도동,350-5,11590-3418,샤인,,84.14,2,2007,39000,2017-12-11,,,,,,
동작구,11590,10400,본동,487,11590-128,한신휴플러스,,84.84,12,2004,57500,2017-12-23,,,,,,
동작구,11590,10800,대방동,501,11590-57,대림아파트,,59.84,13,1993,59800,2017-12-26,,,,,,
동작구,11590,10900,신대방동,713,11590-103,롯데낙천대,,108.4848,12,2003,78400,2017-12-13,,,,,,
동작구,11590,10900,신대방동,712,11590-81,신대방경남,,78.19,6,2003,53700,2017-12-23,,,,,,
동작구,11590,10500,흑석동,332,11590-3713,해가든,,114.22,11,2010,80000,2017-12-20,,,,,,
동작구,11590,10800,대방동,502,11590-84,대방동현대,,84.96,1,1994,54700,2017-12-19,,,,,,
동작구,11590,10700,사당동,1134,11590-40,경남아너스빌1차,,114.29,4,1997,60000,2017-12-25,,,,,,
동작구,11590,10800,대방동,501,11590-57,대림아파트,,164.79,19,1993,100000,2017-12-17,,,,,,
동작구,11590,10200,상도동,420,11590-101,대우유로카운티,,142.129,16,2003,74500,2017-12-08,,,,,,
동작구,11590,10500,흑석동,329,11590-105,우리유앤미,,59.9404,7,2003,47000,2017-12-19,,,,,,
동작구,11590,10500,흑석동,339,11590-4002,흑석한강센트레빌Ⅱ,,119.738,12,2012,100000,2017-12-21,,,,,,
동작구,11590,10500,흑석동,335,11590-3773,흑석한강센트레빌,,84.84,8,2011,97000,2017-12-08,,,,,,
동작구,11590,10100,노량진동,57-1,11590-4413,메가스터디타워,,15.974,9,2015,21000,2017-12-18,,,,,,
동작구,11590,10500,흑석동,327,11590-35,청호,,59.85,2,1997,42000,2017-12-02,,,,,,
동작구,11590,10700,사당동,1132,11590-97,롯데캐슬,,84.96,16,2003,68000,2017-12-13,,,,,,
동작구,11590,10700,사당동,1157,11590-4095,이수역리가,,84.847,12,2013,75000,2017-12-12,,,,,,
동작구,11590,10200,상도동,531,11590-3954,힐스테이트 상도 센트럴파크,,84.6099,12,2012,82000,2017-12-08,,,,,,
동작구,11590,10200,상도동,531,11590-3954,힐스테이트 상도 센트럴파크,,84.6099,6,2012,83200,2017-12-08,,,,,,
동작구,11590,10200,상도동,532,11590-3991,씨티아모리움,,14.1881,3,2012,16000,2017-12-18,,,,,,
동작구,11590,10200,상도동,531,11590-3954,힐스테이트 상도 센트럴파크,,59.8758,10,2012,69500,2017-12-10,,,,,,
동작구,11590,10400,본동,494,11590-3831,래미안트윈파크,,84.94,5,2011,84000,2017-12-13,,,,,,
동작구,11590,10200,상도동,533,11590-4078,힐스테이트 상도 프레스티지,,84.884,11,2013,79500,2017-12-08,,,,,,
동작구,11590,10700,사당동,169-32,11590-52,현대,,59.96,5,1991,41000,2017-12-04,,,,,,
동작구,11590,10400,본동,481,11590-29,신동아,,46.75,5,1993,38300,2017-12-19,,,,,,
동작구,11590,10200,상도동,431,11590-127,래미안상도3차,,84.96,8,2004,72500,2017-12-02,,,,,,
동작구,11590,10900,신대방동,395-69,11590-70,보라매아카데미타워,,84.95,18,1998,49250,2017-12-10,,,,,,
동작구,11590,10100,노량진동,325,11590-4,신동아리버파크,,59.67,6,2001,44500,2017-12-09,,,,,,
동작구,11590,10200,상도동,531,11590-3954,힐스테이트 상도 센트럴파크,,118.2086,1,2012,86900,2017-12-05,,,,,,
동작구,11590,10500,흑석동,339,11590-4002,흑석한강센트레빌Ⅱ,,84.99,3,2012,82000,2017-12-02,,,,,,
동작구,11590,10200,상도동,531,11590-3954,힐스테이트 상도 센트럴파크,,118.1759,12,2012,94800,2017-12-09,,,,,,
동작구,11590,10700,사당동,1154,11590-3579,사당휴먼시아,,84.73,9,2009,61000,2017-12-06,,,,,,
동작구,11590,10500,흑석동,10,11590-34,명수대현대,,78.07,5,1988,81500,2017-12-04,,,,,,
동작구,11590,10200,상도동,521,11590-3412,포스코더샵,,59.96,13,2007,67000,2017-12-08,,,,,,
동작구,11590,10200,상도동,416,11590-126,아이파크,,84.96,6,2004,62500,2017-12-02,,,,,,
동작구,11590,10200,상도동,533,11590-4078,힐스테이트 상도 프레스티지,,84.884,10,2013,79000,2017-12-04,,,,,,
동작구,11590,10200,상도동,531,11590-3954,힐스테이트 상도 센트럴파크,,84.7835,5,2012,82000,2017-12-09,,,,,,
동작구,11590,10400,본동,481,11590-29,신동아,,104.7,4,1993,59500,2017-12-14,,,,,,
동작구,11590,10500,흑석동,28,11590-36,한강현대,,66.225,3,1988,76000,2017-12-02,,,,,,
동작구,11590,10100,노량진동,57-1,11590-4413,메가스터디타워,,15.974,15,2015,21000,2017-12-13,,,,,,
동작구,11590,10200,상도동,527,11590-3441,이수브라운스톤상도(527-0),,84.99,11,2007,68800,2017-12-07,,,,,,
동작구,11590,10400,본동,481,11590-29,신동아,,46.75,3,1993,35500,2017-12-06,,,,,,
동작구,11590,10400,본동,492,11590-130,삼성래미안,,59.9014,5,2004,59000,2017-12-13,,,,,,
동작구,11590,10700,사당동,1133,11590-54,삼성래미안,,114.502,12,2003,80000,2017-12-08,,,,,,
동작구,11590,10200,상도동,520,11590-3388,삼환나우빌(520-0),,121.346,7,2007,64800,2017-12-01,,,,,,
동작구,11590,10700,사당동,1133,11590-54,삼성래미안,,84.967,2,2003,65000,2017-12-09,,,,,,
동작구,11590,10700,사당동,1037-9,11590-3313,삼성아파트,,59.275,9,2006,34600,2017-12-13,,,,,,
동작구,11590,10900,신대방동,360-17,11590-75,신동아,,48.18,11,1993,29900,2017-12-02,,,,,,
동작구,11590,10100,노량진동,323,11590-5,우성,,59.82,4,1997,44000,2017-12-02,,,,,,
동작구,11590,10800,대방동,515,11590-3964,아데나339,,29.22,6,2012,20500,2017-12-04,,,,,,
동작구,11590,10600,동작동,333,11590-4023,이수힐스테이트,,108.336,6,2013,100000,2017-12-05,,,,,,
동작구,11590,10200,상도동,521,11590-3412,포스코더샵,,161.481,1,2007,89000,2017-12-05,,,,,,
동작구,11590,10200,상도동,531,11590-3954,힐스테이트 상도 센트럴파크,,84.7835,5,2012,80000,2017-12-09,,,,,,
동작구,11590,10400,본동,484,11590-96,경동윈츠리버,,56.68,8,2004,48500,2017-12-08,,,,,,
동작구,11590,10100,노량진동,323,11590-5,우성,,59.82,11,1997,45000,2017-12-11,,,,,,
동작구,11590,10400,본동,481,11590-29,신동아,,46.75,2,1993,34900,2017-12-02,,,,,,
동작구,11590,10400,본동,494,11590-3831,래미안트윈파크,,115.42,27,2011,108000,2017-12-09,,,,,,
동작구,11590,10700,사당동,1157,11590-4095,이수역리가,,84.9827,2,2013,72000,2017-12-08,,,,,,
동작구,11590,10700,사당동,1136,11590-87,경남아너스빌(대아3),,42.63,7,1998,40000,2017-12-06,,,,,,
동작구,11590,10700,사당동,1157,11590-4095,이수역리가,,84.847,6,2013,73000,2017-12-06,,,,,,
동작구,11590,10700,사당동,105,11590-38,극동(105),,59.25,5,1993,54500,2017-12-03,,,,,,
동작구,11590,10900,신대방동,720,11590-3743,보라매e편한세상,,128.86,4,2010,80000,2017-12-05,,,,,,
동작구,11590,10700,사당동,105,11590-49,사당우성2,,46.75,4,1993,48600,2017-12-02,,,,,,
동작구,11590,10200,상도동,533,11590-4078,힐스테이트 상도 프레스티지,,84.951,5,2013,79800,2017-12-04,,,,,,
동작구,11590,10200,상도동,363-164,11590-4526,상도휴엔하임,,14.7,8,2016,16400,2017-12-02,,,,,,
관악구,11620,10100,봉천동,1703,11620-9,봉천동아,,84.87,23,2000,47000,2017-12-14,,,,,,
관악구,11620,10100,봉천동,1717,11620-102,관악푸르지오,,59.58,16,2004,46500,2017-12-30,,,,,,
관악구,11620,10100,봉천동,1718,11620-95,벽산블루밍,,84.99,6,2005,45850,2017-12-30,,,,,,
관악구,11620,10100,봉천동,1713,11620-8,낙성대현대홈타운,,84.923,8,2002,60000,2017-12-29,,,,,,
관악구,11620,10200,신림동,1717,11620-77,두영,,115.3,6,2002,44500,2017-12-28,,,,,,
관악구,11620,10200,신림동,1694,11620-58,신림현대,,105.36,6,1993,47800,2017-12-29,,,,,,
관악구,11620,10100,봉천동,1703,11620-9,봉천동아,,84.87,11,2000,51600,2017-12-28,,,,,,
관악구,11620,10100,봉천동,1000,11620-28,현대(관악),,58.59,9,1992,38500,2017-12-29,,,,,,
관악구,11620,10200,신림동,1644,11620-36,강남,,52.48,5,1974,29500,2017-12-31,,,,,,
관악구,11620,10100,봉천동,1712,11620-4,관악드림(동아),,59.83,8,2003,42000,2017-12-16,,,,,,
관악구,11620,10100,봉천동,1712,11620-4,관악드림(동아),,114.75,16,2003,56000,2017-12-16,,,,,,
관악구,11620,10200,신림동,1694,11620-58,신림현대,,105.36,15,1993,48500,2017-12-29,,,,,,
관악구,11620,10200,신림동,1694,11620-58,신림현대,,105.36,1,1993,42800,2017-12-23,,,,,,
관악구,11620,10200,신림동,1694,11620-58,신림현대,,59.85,8,1993,36500,2017-12-27,,,,,,
관악구,11620,10100,봉천동,1708,11620-11,두산,,84.87,6,2000,57500,2017-12-30,,,,,,
관악구,11620,10200,신림동,1694,11620-58,신림현대,,59.85,7,1993,35500,2017-12-22,,,,,,
관악구,11620,10100,봉천동,1703,11620-9,봉천동아,,84.87,10,2000,50200,2017-12-30,,,,,,
관악구,11620,10200,신림동,1730,11620-183,신림푸르지오,,59.95,18,2005,50000,2017-12-30,,,,,,
관악구,11620,10100,봉천동,1703,11620-9,봉천동아,,114.69,9,2000,55300,2017-12-29,,,,,,
관악구,11620,10200,신림동,1703-1,11620-39,LIG대학마을(건영아파트3차),,58.9,9,1996,33500,2017-12-22,,,,,,
관악구,11620,10200,신림동,721-2,11620-38,건영2,,59.76,4,1988,27000,2017-12-15,,,,,,
관악구,11620,10100,봉천동,1713,11620-8,낙성대현대홈타운,,114.919,7,2002,67500,2017-12-19,,,,,,
관악구,11620,10100,봉천동,1717,11620-102,관악푸르지오,,59.58,4,2004,45000,2017-12-22,,,,,,
관악구,11620,10200,신림동,1730,11620-183,신림푸르지오,,84.87,7,2005,59000,2017-12-29,,,,,,
관악구,11620,10200,신림동,746-43,11620-37,건영1,,41.04,1,1984,20500,2017-12-15,,,,,,
관악구,11620,10100,봉천동,1712,11620-5,관악드림(삼성),,59.85,27,2003,38200,2017-12-23,,,,,,
관악구,11620,10100,봉천동,1712,11620-4,관악드림(동아),,84.96,20,2003,51000,2017-12-26,,,,,,
관악구,11620,10100,봉천동,1698-1,11620-14,보라매삼성,,84.84,7,1996,50000,2017-12-21,,,,,,
관악구,11620,10200,신림동,1730,11620-183,신림푸르지오,,114.84,10,2005,63000,2017-12-27,,,,,,
관악구,11620,10100,봉천동,1712,11620-5,관악드림(삼성),,84.96,21,2003,49500,2017-12-29,,,,,,
관악구,11620,10100,봉천동,1718,11620-95,벽산블루밍,,84.99,6,2005,47500,2017-12-30,,,,,,
관악구,11620,10200,신림동,1644,11620-36,강남,,59.49,3,1974,29900,2017-12-11,,,,,,
관악구,11620,10200,신림동,1722,11620-104,신림동신도브래뉴,,84.95,11,2003,51000,2017-12-14,,,,,,
관악구,11620,10100,봉천동,1717,11620-102,관악푸르지오,,84.75,1,2004,51500,2017-12-27,,,,,,
관악구,11620,10100,봉천동,1708,11620-11,두산,,84.92,4,2000,54800,2017-12-19,,,,,,
관악구,11620,10200,신림동,1722,11620-104,신림동신도브래뉴,,84.95,5,2003,50500,2017-12-18,,,,,,
관악구,11620,10100,봉천동,1719,11620-144,관악동부센트레빌,,113.83,16,2004,60000,2017-12-18,,,,,,
관악구,11620,10100,봉천동,1000,11620-28,현대(관악),,58.59,8,1992,38800,2017-12-09,,,,,,
관악구,11620,10200,신림동,1730,11620-183,신림푸르지오,,84.79,2,2005,52300,2017-12-24,,,,,,
관악구,11620,10100,봉천동,1654-14,11620-4227,미래,,66.595,4,2005,33700,2017-12-15,,,,,,
관악구,11620,10100,봉천동,1000,11620-28,현대(관악),,58.59,4,1992,37000,2017-12-21,,,,,,
관악구,11620,10100,봉천동,1560-62,11620-4344,서울대입구아이원(1560-62),,59.96,10,2006,53500,2017-12-25,,,,,,
관악구,11620,10200,신림동,1702-1,11620-40,건영4,,84.89,6,1997,47500,2017-12-25,,,,,,
관악구,11620,10200,신림동,1730,11620-183,신림푸르지오,,59.95,6,2005,49500,2017-12-22,,,,,,
관악구,11620,10100,봉천동,1703,11620-9,봉천동아,,59.76,14,2000,39200,2017-12-21,,,,,,
관악구,11620,10200,신림동,233-11,11620-41,LIG5차,,59.88,10,1995,33200,2017-12-22,,,,,,
관악구,11620,10100,봉천동,1703,11620-9,봉천동아,,84.87,18,2000,47000,2017-12-15,,,,,,
관악구,11620,10200,신림동,1735,11620-4347,관악산휴먼시아2단지,,114.7,11,2008,47000,2017-12-04,,,,,,
관악구,11620,10200,신림동,1735-1,11620-4348,관악산휴먼시아1단지,,114.7,13,2008,47200,2017-12-05,,,,,,
관악구,11620,10100,봉천동,1718,11620-95,벽산블루밍,,59.99,13,2005,41500,2017-12-30,,,,,,
관악구,11620,10300,남현동,1132,11620-103,흥화브라운빌,,84.95,5,2003,49000,2017-12-16,,,,,,
관악구,11620,10200,신림동,1730,11620-183,신림푸르지오,,84.79,14,2005,60000,2017-12-23,,,,,,
관악구,11620,10100,봉천동,856-1,11620-4378,대우디오슈페리움2단지,,84.93,5,2007,68800,2017-12-10,,,,,,
관악구,11620,10100,봉천동,1712,11620-4,관악드림(동아),,84.96,8,2003,51500,2017-12-23,,,,,,
관악구,11620,10200,신림동,1644,11620-36,강남,,46.72,2,1974,26600,2017-12-23,,,,,,
관악구,11620,10100,봉천동,1720,11620-145,벽산블루밍3차,,111.04,12,2004,51350,2017-12-28,,,,,,
관악구,11620,10100,봉천동,1708,11620-11,두산,,114.99,5,2000,63000,2017-12-29,,,,,,
관악구,11620,10200,신림동,1735,11620-4347,관악산휴먼시아2단지,,84.97,17,2008,45400,2017-12-27,,,,,,
관악구,11620,10100,봉천동,1706,11620-21,봉천우성,,114.78,8,2000,53250,2017-12-06,,,,,,
관악구,11620,10300,남현동,1077-1,11620-4322,한일유앤아이2차,,84.99,1,2006,43200,2017-12-27,,,,,,
관악구,11620,10200,신림동,1644,11620-36,강남,,46.72,6,1974,25000,2017-12-29,,,,,,
관악구,11620,10300,남현동,1059-1,11620-87,르메이르강남타운1,,132.36,7,2002,61000,2017-12-12,,,,,,
관악구,11620,10100,봉천동,1718,11620-95,벽산블루밍,,84.99,2,2005,47500,2017-12-09,,,,,,
관악구,11620,10100,봉천동,1717,11620-102,관악푸르지오,,59.58,13,2004,45000,2017-12-25,,,,,,
관악구,11620,10200,신림동,1644,11620-36,강남,,52.48,5,1974,27500,2017-12-13,,,,,,
관악구,11620,10200,신림동,1735-1,11620-4348,관악산휴먼시아1단지,,114.7,11,2008,47000,2017-12-16,,,,,,
관악구,11620,10100,봉천동,1717,11620-102,관악푸르지오,,59.58,1,2004,42900,2017-12-23,,,,,,
관악구,11620,10100,봉천동,1717,11620-102,관악푸르지오,,59.58,13,2004,45500,2017-12-09,,,,,,
관악구,11620,10200,신림동,1730,11620-183,신림푸르지오,,84.79,1,2005,52500,2017-12-03,,,,,,
관악구,11620,10100,봉천동,1712,11620-5,관악드림(삼성),,102,9,2003,56900,2017-12-02,,,,,,
관악구,11620,10200,신림동,1727,11620-101,그대家,,59.6,19,2003,32500,2017-12-18,,,,,,
관악구,11620,10100,봉천동,1712,11620-4,관악드림(동아),,114.75,22,2003,58300,2017-12-12,,,,,,
관악구,11620,10100,봉천동,1719,11620-144,관악동부센트레빌,,84.7,17,2004,59000,2017-12-27,,,,,,
관악구,11620,10100,봉천동,1703,11620-9,봉천동아,,59.76,5,2000,40300,2017-12-02,,,,,,
관악구,11620,10200,신림동,721-2,11620-38,건영2,,43.92,2,1988,20500,2017-12-30,,,,,,
관악구,11620,10100,봉천동,1712,11620-5,관악드림(삼성),,59.85,14,2003,39000,2017-12-27,,,,,,
관악구,11620,10100,봉천동,1708,11620-11,두산,,84.87,18,2000,62000,2017-12-23,,,,,,
관악구,11620,10200,신림동,746-43,11620-37,건영1,,41.04,9,1984,26000,2017-12-20,,,,,,
관악구,11620,10100,봉천동,1712,11620-5,관악드림(삼성),,59.85,27,2003,38800,2017-12-06,,,,,,
관악구,11620,10100,봉천동,867-12,11620-4853,프라비다2,,29.13,9,2013,23500,2017-12-23,,,,,,
관악구,11620,10100,봉천동,645-87,11620-15,복권,,47.61,6,1971,14600,2017-12-13,,,,,,
관악구,11620,10100,봉천동,1708,11620-11,두산,,84.87,10,2000,57000,2017-12-09,,,,,,
관악구,11620,10100,봉천동,1716,11620-94,벽산타운II,,107.62,12,2003,48700,2017-12-08,,,,,,
관악구,11620,10200,신림동,1644,11620-36,강남,,46.72,4,1974,25800,2017-12-14,,,,,,
관악구,11620,10100,봉천동,15-5,11620-5115,대영,,46.75,4,2014,25900,2017-12-14,,,,,,
관악구,11620,10100,봉천동,1728,11620-5194,관악파크푸르지오,,84.99,18,2014,58300,2017-12-19,,,,,,
관악구,11620,10100,봉천동,1000,11620-28,현대(관악),,58.59,10,1992,38250,2017-12-28,,,,,,
관악구,11620,10100,봉천동,1712,11620-4,관악드림(동아),,60,21,2003,44700,2017-12-19,,,,,,
관악구,11620,10300,남현동,1136,11620-205,남현동한일유앤아이,,84.99,6,2005,55500,2017-12-26,,,,,,
관악구,11620,10200,신림동,1656,11620-52,라이프미성,,91.24,10,1982,47700,2017-12-12,,,,,,
관악구,11620,10200,신림동,산28-9,11620-57,신동아,,84.3,10,1994,32300,2017-12-30,,,,,,
관악구,11620,10200,신림동,1730,11620-183,신림푸르지오,,84.79,17,2005,58800,2017-12-17,,,,,,
관악구,11620,10100,봉천동,1718,11620-95,벽산블루밍,,101.95,7,2005,57800,2017-12-23,,,,,,
관악구,11620,10100,봉천동,1630-7,11620-138,동원낙성대,,74.75,7,2004,56700,2017-12-09,,,,,,
관악구,11620,10200,신림동,10-622,11620-56,성우,,59.97,7,1998,35500,2017-12-04,,,,,,
관악구,11620,10300,남현동,1077-1,11620-4322,한일유앤아이2차,,84.99,5,2006,55700,2017-12-09,,,,,,
관악구,11620,10200,신림동,1734,11620-4307,신림동부센트레빌,,74.94,7,2006,43000,2017-12-16,,,,,,
관악구,11620,10200,신림동,1735,11620-4347,관악산휴먼시아2단지,,84.97,7,2008,44200,2017-12-20,,,,,,
관악구,11620,10100,봉천동,1716,11620-94,벽산타운II,,79.28,4,2003,42000,2017-12-28,,,,,,
관악구,11620,10100,봉천동,1707-1,11620-22,은천2단지아파트,,59.93,10,2000,45500,2017-12-02,,,,,,
관악구,11620,10100,봉천동,1707-1,11620-22,은천2단지아파트,,59.93,10,2000,45000,2017-12-03,,,,,,
관악구,11620,10100,봉천동,1702,11620-6,그린,,72.53,1,1999,29900,2017-12-02,,,,,,
관악구,11620,10100,봉천동,1000,11620-28,현대(관악),,58.59,6,1992,38800,2017-12-09,,,,,,
관악구,11620,10100,봉천동,1720,11620-145,벽산블루밍3차,,59.8,13,2004,46500,2017-12-18,,,,,,
관악구,11620,10100,봉천동,1703,11620-9,봉천동아,,114.69,2,2000,52000,2017-12-06,,,,,,
관악구,11620,10100,봉천동,179-58,11620-29,낙성대현대아파트,,84.69,5,1988,55800,2017-12-10,,,,,,
관악구,11620,10100,봉천동,1706,11620-21,봉천우성,,84.96,8,2000,47000,2017-12-09,,,,,,
관악구,11620,10100,봉천동,1708,11620-11,두산,,59.92,22,2000,51000,2017-12-28,,,,,,
관악구,11620,10100,봉천동,179-58,11620-29,낙성대현대아파트,,84.6,2,1988,42500,2017-12-01,,,,,,
관악구,11620,10100,봉천동,1708,11620-11,두산,,84.87,6,2000,56200,2017-12-16,,,,,,
관악구,11620,10200,신림동,739,11620-46,뉴서울,,51.27,3,1984,27700,2017-12-29,,,,,,
관악구,11620,10100,봉천동,1703,11620-9,봉천동아,,84.87,20,2000,52500,2017-12-14,,,,,,
관악구,11620,10100,봉천동,1712,11620-5,관악드림(삼성),,114.75,23,2003,58000,2017-12-23,,,,,,
관악구,11620,10200,신림동,1644,11620-36,강남,,50.17,4,1974,27300,2017-12-30,,,,,,
관악구,11620,10100,봉천동,1712,11620-5,관악드림(삼성),,84.96,13,2003,50500,2017-12-14,,,,,,
관악구,11620,10100,봉천동,1560-61,11620-4341,서울대입구아이원(1560-61),,113.53,2,2006,66000,2017-12-18,,,,,,
관악구,11620,10100,봉천동,867-12,11620-4853,프라비다2,,15.64,13,2013,16670,2017-12-24,,,,,,
관악구,11620,10200,신림동,10-622,11620-56,성우,,59.97,5,1998,36500,2017-12-25,,,,,,
관악구,11620,10100,봉천동,1712,11620-4,관악드림(동아),,114.75,19,2003,58000,2017-12-14,,,,,,
관악구,11620,10100,봉천동,1712,11620-5,관악드림(삼성),,84.96,19,2003,50500,2017-12-11,,,,,,
관악구,11620,10100,봉천동,1696,11620-2044,보라매우성,,58.86,22,1995,37700,2017-12-08,,,,,,
관악구,11620,10200,신림동,1735,11620-4347,관악산휴먼시아2단지,,59.99,11,2008,37800,2017-12-30,,,,,,
관악구,11620,10200,신림동,1694,11620-58,신림현대,,34.86,2,1993,23700,2017-12-20,,,,,,
관악구,11620,10200,신림동,1694,11620-58,신림현대,,34.86,5,1993,25000,2017-12-09,,,,,,
관악구,11620,10100,봉천동,1718,11620-95,벽산블루밍,,101.95,14,2005,55700,2017-12-16,,,,,,
관악구,11620,10100,봉천동,1701,11620-2,건영6,,82.75,4,1999,55300,2017-12-09,,,,,,
관악구,11620,10100,봉천동,1718,11620-95,벽산블루밍,,84.99,17,2005,47000,2017-12-13,,,,,,
관악구,11620,10100,봉천동,1728,11620-5194,관악파크푸르지오,,84.99,12,2014,55000,2017-12-18,,,,,,
관악구,11620,10100,봉천동,1719,11620-144,관악동부센트레빌,,59.75,7,2004,48750,2017-12-02,,,,,,
관악구,11620,10100,봉천동,1591-2,11620-17,서울대입구삼성,,59.78,12,1999,46900,2017-12-24,,,,,,
관악구,11620,10200,신림동,1735,11620-4347,관악산휴먼시아2단지,,59.99,10,2008,37900,2017-12-28,,,,,,
관악구,11620,10200,신림동,1735-1,11620-4348,관악산휴먼시아1단지,,59.96,18,2008,36700,2017-12-30,,,,,,
관악구,11620,10200,신림동,1735,11620-4347,관악산휴먼시아2단지,,59.99,6,2008,37800,2017-12-16,,,,,,
관악구,11620,10200,신림동,1644,11620-36,강남,,46.72,6,1974,26400,2017-12-07,,,,,,
관악구,11620,10100,봉천동,863-9,11620-4792,코스모블루,,13.09,7,2012,12300,2017-12-29,,,,,,
관악구,11620,10200,신림동,1644,11620-36,강남,,46.72,3,1974,28300,2017-12-31,,,,,,
관악구,11620,10100,봉천동,1698-1,11620-14,보라매삼성,,84.84,14,1996,52700,2017-12-19,,,,,,
관악구,11620,10100,봉천동,867-12,11620-4853,프라비다2,,15.64,7,2013,16500,2017-12-21,,,,,,
관악구,11620,10100,봉천동,1706,11620-21,봉천우성,,59.76,16,2000,41800,2017-12-01,,,,,,
관악구,11620,10100,봉천동,729-32,11620-27,해태보라매타워,,59.94,14,1996,38000,2017-12-09,,,,,,
관악구,11620,10200,신림동,1639-51,11620-5091,푸리마타운,,12.25,9,2014,13400,2017-12-06,,,,,,
관악구,11620,10100,봉천동,867-12,11620-4853,프라비다2,,19.61,4,2013,18450,2017-12-06,,,,,,
관악구,11620,10100,봉천동,1719,11620-144,관악동부센트레빌,,59.75,2,2004,47000,2017-12-11,,,,,,
관악구,11620,10200,신림동,1714,11620-54,삼성산주공(주공3단지),,83.21,8,2000,36500,2017-12-23,,,,,,
관악구,11620,10200,신림동,1727,11620-101,그대家,,59.6,20,2003,32500,2017-12-18,,,,,,
관악구,11620,10200,신림동,1703-1,11620-39,LIG대학마을(건영아파트3차),,69.17,14,1996,37000,2017-12-08,,,,,,
관악구,11620,10100,봉천동,1718,11620-95,벽산블루밍,,84.99,18,2005,48700,2017-12-30,,,,,,
관악구,11620,10100,봉천동,1718,11620-95,벽산블루밍,,59.99,8,2005,38300,2017-12-28,,,,,,
관악구,11620,10100,봉천동,1716,11620-94,벽산타운II,,79.28,11,2003,43000,2017-12-08,,,,,,
관악구,11620,10200,신림동,1695,11620-49,동부,,78.43,4,1993,55000,2017-12-28,,,,,,
관악구,11620,10100,봉천동,1717,11620-102,관악푸르지오,,59.58,22,2004,47000,2017-12-27,,,,,,
관악구,11620,10100,봉천동,1708,11620-11,두산,,84.87,22,2000,60000,2017-12-21,,,,,,
관악구,11620,10100,봉천동,1708,11620-11,두산,,114.99,12,2000,64600,2017-12-26,,,,,,
관악구,11620,10100,봉천동,1708,11620-11,두산,,114.99,23,2000,60500,2017-12-15,,,,,,
관악구,11620,10100,봉천동,1708,11620-11,두산,,59.92,1,2000,48000,2017-12-01,,,,,,
관악구,11620,10100,봉천동,1718,11620-95,벽산블루밍,,59.99,21,2005,38700,2017-12-01,,,,,,
관악구,11620,10200,신림동,1735,11620-4347,관악산휴먼시아2단지,,59.99,12,2008,36900,2017-12-23,,,,,,
관악구,11620,10200,신림동,1735,11620-4347,관악산휴먼시아2단지,,107.26,1,2008,43800,2017-12-23,,,,,,
관악구,11620,10200,신림동,1736,11620-4349,신림2차푸르지오,,114.7143,11,2007,54800,2017-12-22,,,,,,
관악구,11620,10200,신림동,1735,11620-4347,관악산휴먼시아2단지,,114.7,10,2008,50000,2017-12-20,,,,,,
관악구,11620,10200,신림동,1735-1,11620-4348,관악산휴먼시아1단지,,84.97,13,2008,44500,2017-12-18,,,,,,
관악구,11620,10200,신림동,1563-82,11620-68,한양,,84.79,13,1992,34800,2017-12-01,,,,,,
관악구,11620,10200,신림동,1735,11620-4347,관악산휴먼시아2단지,,84.97,9,2008,42800,2017-12-28,,,,,,
관악구,11620,10100,봉천동,1706,11620-21,봉천우성,,114.78,3,2000,52200,2017-12-02,,,,,,
관악구,11620,10100,봉천동,1728,11620-5194,관악파크푸르지오,,59.98,18,2014,48300,2017-12-21,,,,,,
관악구,11620,10100,봉천동,1706,11620-21,봉천우성,,59.76,20,2000,41900,2017-12-12,,,,,,
관악구,11620,10200,신림동,1735,11620-4347,관악산휴먼시아2단지,,84.98,11,2008,41300,2017-12-16,,,,,,
관악구,11620,10100,봉천동,1706,11620-21,봉천우성,,114.78,13,2000,57500,2017-12-04,,,,,,
관악구,11620,10200,신림동,1735,11620-4347,관악산휴먼시아2단지,,59.96,6,2008,36700,2017-12-08,,,,,,
관악구,11620,10200,신림동,1735,11620-4347,관악산휴먼시아2단지,,84.97,16,2008,44000,2017-12-08,,,,,,
관악구,11620,10200,신림동,1735,11620-4347,관악산휴먼시아2단지,,59.96,16,2008,37750,2017-12-07,,,,,,
관악구,11620,10200,신림동,1736,11620-4349,신림2차푸르지오,,114.7143,15,2007,53000,2017-12-02,,,,,,
관악구,11620,10200,신림동,1735,11620-4347,관악산휴먼시아2단지,,59.96,7,2008,37000,2017-12-25,,,,,,
관악구,11620,10100,봉천동,1708,11620-11,두산,,84.87,7,2000,56300,2017-12-22,,,,,,
관악구,11620,10100,봉천동,1718,11620-95,벽산블루밍,,101.95,18,2005,57000,2017-12-08,,,,,,
관악구,11620,10200,신림동,1735,11620-4347,관악산휴먼시아2단지,,114.7,20,2008,57000,2017-12-25,,,,,,
관악구,11620,10200,신림동,1644,11620-36,강남,,46.72,5,1974,25900,2017-12-19,,,,,,
관악구,11620,10200,신림동,233-11,11620-41,LIG5차,,59.9,8,1995,33500,2017-12-23,,,,,,
관악구,11620,10100,봉천동,1718,11620-95,벽산블루밍,,59.99,15,2005,38500,2017-12-23,,,,,,
관악구,11620,10100,봉천동,869-6,11620-4720,서울대역마에스트로,,20.18,17,2012,19600,2017-12-26,,,,,,
관악구,11620,10200,신림동,1639-51,11620-5091,푸리마타운,,12.25,10,2014,13400,2017-12-11,,,,,,
관악구,11620,10200,신림동,1425-4,11620-4732,코스모그린,,12.21,8,2012,11400,2017-12-30,,,,,,
관악구,11620,10100,봉천동,1728,11620-5194,관악파크푸르지오,,84.99,8,2014,55000,2017-12-30,,,,,,
관악구,11620,10100,봉천동,1717,11620-102,관악푸르지오,,59.58,20,2004,47400,2017-12-15,,,,,,
관악구,11620,10100,봉천동,1720,11620-145,벽산블루밍3차,,84.72,6,2004,48000,2017-12-15,,,,,,
관악구,11620,10100,봉천동,1718,11620-95,벽산블루밍,,59.99,19,2005,37500,2017-12-14,,,,,,
관악구,11620,10200,신림동,1735,11620-4347,관악산휴먼시아2단지,,84.97,16,2008,44700,2017-12-16,,,,,,
관악구,11620,10200,신림동,1735,11620-4347,관악산휴먼시아2단지,,84.97,19,2008,41900,2017-12-29,,,,,,
관악구,11620,10200,신림동,1735,11620-4347,관악산휴먼시아2단지,,84.97,7,2008,41000,2017-12-29,,,,,,
관악구,11620,10200,신림동,746-43,11620-37,건영1,,41.04,12,1984,24500,2017-12-26,,,,,,
관악구,11620,10200,신림동,1686,11620-60,신림동쌍용아파트,,59.26,12,1998,27000,2017-12-26,,,,,,
관악구,11620,10200,신림동,1735-1,11620-4348,관악산휴먼시아1단지,,59.99,17,2008,35600,2017-12-28,,,,,,
관악구,11620,10200,신림동,1704-1,11620-63,주공1,,59.5,17,1995,23000,2017-12-27,,,,,,
관악구,11620,10200,신림동,1712,11620-65,초원,,59.93,6,1999,26000,2017-12-08,,,,,,
관악구,11620,10100,봉천동,867-12,11620-4853,프라비다2,,15.64,5,2013,16300,2017-12-23,,,,,,
관악구,11620,10100,봉천동,1712,11620-4,관악드림(동아),,60,12,2003,42300,2017-12-15,,,,,,
관악구,11620,10100,봉천동,1500,11620-26,해바라기,,49.02,1,1978,26300,2017-12-16,,,,,,
관악구,11620,10100,봉천동,867-12,11620-4853,프라비다2,,20.45,6,2013,18500,2017-12-13,,,,,,
관악구,11620,10200,신림동,1693,11620-43,국제산장,,84.15,12,1993,32900,2017-12-11,,,,,,
관악구,11620,10200,신림동,98-401,11620-4298,바라본,,100.12,1,2005,36000,2017-12-21,,,,,,
관악구,11620,10200,신림동,534-1,11620-4583,아데나,,18,4,2010,13000,2017-12-08,,,,,,
관악구,11620,10100,봉천동,729-32,11620-27,해태보라매타워,,84.04,16,1996,52700,2017-12-21,,,,,,
관악구,11620,10100,봉천동,1718,11620-95,벽산블루밍,,114.97,9,2005,51800,2017-12-19,,,,,,
관악구,11620,10100,봉천동,1000,11620-28,현대(관악),,68.8,8,1992,41300,2017-12-09,,,,,,
관악구,11620,10100,봉천동,1500,11620-26,해바라기,,49.06,5,1978,27500,2017-12-13,,,,,,
관악구,11620,10100,봉천동,1000,11620-28,현대(관악),,58.59,5,1992,37700,2017-12-15,,,,,,
관악구,11620,10200,신림동,1735,11620-4347,관악산휴먼시아2단지,,84.97,3,2008,42700,2017-12-15,,,,,,
관악구,11620,10100,봉천동,1719,11620-144,관악동부센트레빌,,84.7,16,2004,58500,2017-12-07,,,,,,
관악구,11620,10200,신림동,1694,11620-58,신림현대,,59.85,7,1993,36000,2017-12-06,,,,,,
관악구,11620,10200,신림동,10-622,11620-56,성우,,59.97,3,1998,34500,2017-12-09,,,,,,
관악구,11620,10100,봉천동,1718,11620-95,벽산블루밍,,114.97,9,2005,51800,2017-12-16,,,,,,
관악구,11620,10300,남현동,602-199,11620-161,현대빌라트,,112.51,5,2000,46500,2017-12-04,,,,,,
관악구,11620,10200,신림동,1714,11620-54,삼성산주공(주공3단지),,58.55,12,2000,31500,2017-12-11,,,,,,
관악구,11620,10200,신림동,1735,11620-4347,관악산휴먼시아2단지,,84.97,6,2008,42200,2017-12-15,,,,,,
관악구,11620,10200,신림동,244,11620-42,관악,,57.43,4,1983,29700,2017-12-14,,,,,,
관악구,11620,10100,봉천동,869-3,11620-4694,프라비다1,,14.38,19,2012,16585,2017-12-13,,,,,,
관악구,11620,10100,봉천동,1593-14,11620-126,로얄클래스,,110.33,5,2003,52000,2017-12-13,,,,,,
관악구,11620,10200,신림동,1695,11620-49,동부,,50.57,13,1993,38500,2017-12-14,,,,,,
관악구,11620,10100,봉천동,1717,11620-102,관악푸르지오,,84.2,8,2004,58500,2017-12-09,,,,,,
관악구,11620,10200,신림동,534-1,11620-4583,아데나,,17.94,6,2010,12900,2017-12-12,,,,,,
관악구,11620,10200,신림동,746-43,11620-37,건영1,,60.27,1,1984,32100,2017-12-10,,,,,,
관악구,11620,10200,신림동,1732,11620-193,서초그린,,59.81,1,2005,38000,2017-12-11,,,,,,
관악구,11620,10300,남현동,1058-7,11620-201,현대이즈빌,,136.44,6,2002,59000,2017-12-06,,,,,,
관악구,11620,10200,신림동,1735,11620-4347,관악산휴먼시아2단지,,84.97,19,2008,48200,2017-12-07,,,,,,
관악구,11620,10100,봉천동,893-1,11620-5183,프라비다M,,30.12,4,2014,25000,2017-12-01,,,,,,
관악구,11620,10200,신림동,1425-4,11620-4732,코스모그린,,12.21,7,2012,10500,2017-12-12,,,,,,
관악구,11620,10200,신림동,1705,11620-44,금호(1차),,84.96,18,1997,34500,2017-12-08,,,,,,
관악구,11620,10200,신림동,746-43,11620-37,건영1,,60.27,8,1984,34000,2017-12-09,,,,,,
관악구,11620,10200,신림동,1703-1,11620-39,LIG대학마을(건영아파트3차),,84.82,2,1996,42800,2017-12-05,,,,,,
관악구,11620,10200,신림동,1700,11620-50,라이프,,59.04,7,1996,20000,2017-12-07,,,,,,
관악구,11620,10100,봉천동,1717,11620-102,관악푸르지오,,59.58,14,2004,45950,2017-12-04,,,,,,
관악구,11620,10100,봉천동,1629-2,11620-10,동아타운,,28.8,3,1999,21700,2017-12-04,,,,,,
서초구,11650,10200,양재동,154-2,11650-440,우성,,84.58,6,1991,60000,2017-12-02,,,,,,
서초구,11650,10200,양재동,11-17,11650-3347,한솔로이젠트,,84.65,20,2006,77000,2017-12-28,,,,,,
서초구,11650,10600,잠원동,70,11650-125,신반포4,,100.11,9,1979,170000,2017-12-28,,,,,,
서초구,11650,10700,반포동,16-6,11650-3687,반포힐스테이트,,84.8,22,2012,185000,2017-12-23,,,,,,
서초구,11650,10600,잠원동,56-3,11650-145,한신,,84.52,5,1992,146000,2017-12-12,,,,,,
서초구,11650,10600,잠원동,56-2,11650-124,신반포27,,53.46,4,1985,99500,2017-12-30,,,,,,
서초구,11650,10600,잠원동,70,11650-125,신반포4,,106.31,1,1979,170000,2017-12-23,,,,,,
서초구,11650,10300,우면동,753,11650-3963,서초호반써밋,,118.0474,15,2013,110000,2017-12-26,,,,,,
서초구,11650,10200,양재동,160-2,11650-488,우성KBS(113동),,84.69,13,1996,87000,2017-12-29,,,,,,
서초구,11650,10700,반포동,20-43,11650-3500,반포자이,,84.984,5,2009,181300,2017-12-30,,,,,,
서초구,11650,10700,반포동,2-12,11650-4440,아크로리버파크,,129.97,36,2016,358000,2017-12-29,,,,,,
서초구,11650,10800,서초동,1642-14,11650-37,서초롯데캐슬84,,208.63,5,2001,151000,2017-12-27,,,,,,
서초구,11650,10600,잠원동,71-1,11650-106,블루힐하우스,,84.54,11,1999,133000,2017-12-23,,,,,,
서초구,11650,10700,반포동,20-43,11650-3500,반포자이,,84.943,24,2009,185000,2017-12-22,,,,,,
서초구,11650,10600,잠원동,63-34,11650-147,한신로얄,,81.23,6,1992,138000,2017-12-30,,,,,,
서초구,11650,10700,반포동,18-1,11650-3559,래미안퍼스티지,,84.93,29,2009,214800,2017-12-25,,,,,,
서초구,11650,10800,서초동,1686-9,11650-3579,서초교대e편한세상,,84.97,3,2010,129900,2017-12-18,,,,,,
서초구,11650,10700,반포동,2-12,11650-4440,아크로리버파크,,112.96,10,2016,285000,2017-12-22,,,,,,
서초구,11650,10300,우면동,67,11650-483,한라,,59.98,2,1994,71000,2017-12-28,,,,,,
서초구,11650,10300,우면동,57,11650-479,대림,,130.89,8,1995,104600,2017-12-31,,,,,,
서초구,11650,10700,반포동,20-43,11650-3500,반포자이,,84.998,10,2009,200000,2017-12-28,,,,,,
서초구,11650,10700,반포동,20-43,11650-3500,반포자이,,165.052,7,2009,266000,2017-12-27,,,,,,
서초구,11650,10800,서초동,1301-6,11650-3515,래미안서초스위트,,59.9958,4,2009,119000,2017-12-29,,,,,,
서초구,11650,10600,잠원동,70,11650-125,신반포4,,100.11,7,1979,170000,2017-12-27,,,,,,
서초구,11650,10900,내곡동,411,11650-4063,서초더샵포레,,84.81,3,2014,98000,2017-12-26,,,,,,
서초구,11650,10700,반포동,20-43,11650-3500,반포자이,,59.98,22,2009,150000,2017-12-22,,,,,,
서초구,11650,10800,서초동,1316-15,11650-700,현대성우주상복합아파트,,161.91,13,2002,118000,2017-12-26,,,,,,
서초구,11650,10700,반포동,2-12,11650-4440,아크로리버파크,,84.98,7,2016,216500,2017-12-23,,,,,,
서초구,11650,10800,서초동,1656-4,11650-3568,롯데캐슬메디치,,124.07,7,2010,101000,2017-12-26,,,,,,
서초구,11650,10800,서초동,1454-29,11650-43,서초한신,,115.3,5,2001,105000,2017-12-24,,,,,,
서초구,11650,10300,우면동,753,11650-3963,서초호반써밋,,118.0474,19,2013,112900,2017-12-23,,,,,,
서초구,11650,10600,잠원동,67-2,11650-530,브라운스톤잠원,,84.94,4,2003,148000,2017-12-30,,,,,,
서초구,11650,10300,우면동,773,11650-3821,서초힐스,,84.96,19,2012,90000,2017-12-29,,,,,,
서초구,11650,10600,잠원동,54-7,11650-132,신화,,84.85,10,1997,112000,2017-12-22,,,,,,
서초구,11650,10600,잠원동,54,11650-103,미주파스텔,,59.57,17,2002,94000,2017-12-20,,,,,,
서초구,11650,11100,신원동,568,11650-4040,서초포레스타3단지,,114.81,19,2014,119500,2017-12-26,,,,,,
서초구,11650,10800,서초동,1326-17,11650-60,우성아파트,,84.93,17,1998,123000,2017-12-22,,,,,,
서초구,11650,10600,잠원동,158,11650-4439,래미안신반포팰리스,,84.49,24,2016,188000,2017-12-19,,,,,,
서초구,11650,10800,서초동,1542-6,11650-601,현대ESA2,,136.25,6,2003,98250,2017-12-23,,,,,,
서초구,11650,10100,방배동,2001,11650-380,방배2차현대홈타운,,147.26,1,2001,127000,2017-12-29,,,,,,
서초구,11650,10600,잠원동,50,11650-155,롯데캐슬갤럭시,,133.41,9,2002,175000,2017-12-29,,,,,,
서초구,11650,10800,서초동,1446-11,11650-519,현대슈퍼빌,,153.93,5,2003,140000,2017-12-26,,,,,,
서초구,11650,10800,서초동,1315,11650-66,진흥아파트,,101.32,9,1979,135000,2017-12-21,,,,,,
서초구,11650,10800,서초동,1685-3,11650-724,아크로비스타,,152.33,7,2004,154000,2017-12-23,,,,,,
서초구,11650,10600,잠원동,70,11650-125,신반포4,,96.48,6,1979,145000,2017-12-15,,,,,,
서초구,11650,10100,방배동,754-1,11650-3317,롯데캐슬헤론,,174.89,29,2006,160000,2017-12-27,,,,,,
서초구,11650,10700,반포동,18-1,11650-3559,래미안퍼스티지,,84.93,3,2009,222000,2017-12-26,,,,,,
서초구,11650,10700,반포동,757,11650-175,반포주공1단지,,196.8,3,1973,240000,2017-12-15,,,,,,
서초구,11650,10300,우면동,753,11650-3963,서초호반써밋,,101.0515,20,2013,99000,2017-12-18,,,,,,
서초구,11650,10300,우면동,717,11650-3864,서초네이처힐3단지,,84.77,6,2013,93000,2017-12-28,,,,,,
서초구,11650,10700,반포동,2-12,11650-4440,아크로리버파크,,164.39,18,2016,364000,2017-12-23,,,,,,
서초구,11650,10700,반포동,20-43,11650-3500,반포자이,,84.984,6,2009,180000,2017-12-24,,,,,,
서초구,11650,10600,잠원동,59-12,11650-98,노블레스,,152.78,5,2000,134500,2017-12-15,,,,,,
서초구,11650,10100,방배동,1344,11650-290,방배1차현대홈타운,,114.78,13,1999,138700,2017-12-20,,,,,,
서초구,11650,10800,서초동,1315,11650-66,진흥아파트,,101.32,2,1979,136000,2017-12-23,,,,,,
서초구,11650,10100,방배동,797-22,11650-642,방배5차상지리츠빌,,140.64,1,2004,132000,2017-12-30,,,,,,
서초구,11650,10800,서초동,1335,11650-20,무지개,,101.1,3,1978,139500,2017-12-29,,,,,,
서초구,11650,10800,서초동,1686-9,11650-3579,서초교대e편한세상,,110.32,1,2010,144000,2017-12-23,,,,,,
서초구,11650,10300,우면동,773,11650-3821,서초힐스,,59.97,15,2012,73500,2017-12-20,,,,,,
서초구,11650,10300,우면동,717,11650-3864,서초네이처힐3단지,,84.77,7,2013,93000,2017-12-22,,,,,,
서초구,11650,10600,잠원동,67-1,11650-3450,데뜨아르,,84.99,2,2008,120000,2017-12-23,,,,,,
서초구,11650,10600,잠원동,58,11650-156,금호베스트빌,,140.36,13,2002,176000,2017-12-20,,,,,,
서초구,11650,10600,잠원동,49-8,11650-144,한강,,84.53,14,1989,140000,2017-12-26,,,,,,
서초구,11650,10700,반포동,60-5,11650-173,반포미도2차아파트,,71.49,10,1989,120500,2017-12-16,,,,,,
서초구,11650,10800,서초동,1682,11650-523,서초래미안,,84.97,14,2003,121000,2017-12-11,,,,,,
서초구,11650,10200,양재동,11-17,11650-3347,한솔로이젠트,,84.65,8,2006,80000,2017-12-20,,,,,,
서초구,11650,10200,양재동,154-2,11650-440,우성,,84.88,13,1991,92000,2017-12-12,,,,,,
서초구,11650,10800,서초동,1311-10,11650-4550,서초푸르지오써밋,,104.4,3,2017,180000,2017-12-27,,,,,,
서초구,11650,10800,서초동,1316-15,11650-700,현대성우주상복합아파트,,244.14,24,2002,250000,2017-12-27,,,,,,
서초구,11650,10600,잠원동,51,11650-154,훼미리,,84.83,10,1992,131500,2017-12-27,,,,,,
서초구,11650,10700,반포동,20-43,11650-3500,반포자이,,165.446,12,2009,270000,2017-12-11,,,,,,
서초구,11650,10800,서초동,1315,11650-66,진흥아파트,,131.07,12,1979,168000,2017-12-18,,,,,,
서초구,11650,10300,우면동,717,11650-3864,서초네이처힐3단지,,84.84,8,2013,93000,2017-12-22,,,,,,
서초구,11650,10300,우면동,773,11650-3821,서초힐스,,84.96,2,2012,85000,2017-12-19,,,,,,
서초구,11650,10800,서초동,1685,11650-28,삼풍아파트,,79.47,7,1988,146000,2017-12-18,,,,,,
서초구,11650,10100,방배동,815-22,11650-836,설록,,73.37,6,2005,70000,2017-12-20,,,,,,
서초구,11650,10700,반포동,20-43,11650-3500,반포자이,,59.98,16,2009,145000,2017-12-13,,,,,,
서초구,11650,10800,서초동,1444-7,11650-3272,서초자이,,148.83,8,2006,139500,2017-12-22,,,,,,
서초구,11650,10800,서초동,1312-3,11650-3300,롯데캐슬클래식,,133.45,5,2006,170000,2017-12-22,,,,,,
서초구,11650,10100,방배동,1010-1,11650-342,방배임광3차,,82.34,7,1988,85000,2017-12-13,,,,,,
서초구,11650,10100,방배동,906-13,11650-3573,서리풀e편한세상,,84.97,7,2010,140000,2017-12-22,,,,,,
서초구,11650,10100,방배동,988-1,11650-322,신동아,,175.04,3,1981,183500,2017-12-16,,,,,,
서초구,11650,10800,서초동,1642-14,11650-37,서초롯데캐슬84,,208.63,12,2001,165000,2017-12-26,,,,,,
서초구,11650,10100,방배동,770-1,11650-309,삼호1동~3동,,81.39,2,1975,85000,2017-12-20,,,,,,
서초구,11650,10800,서초동,1685,11650-28,삼풍아파트,,79.47,7,1988,145000,2017-12-18,,,,,,
서초구,11650,10600,잠원동,34-1,11650-632,잠원아이비,,84.998,6,2005,69000,2017-12-18,,,,,,
서초구,11650,10300,우면동,753,11650-3963,서초호반써밋,,101.0109,18,2013,100000,2017-12-09,,,,,,
서초구,11650,10600,잠원동,53,11650-152,현대,,84.87,12,1993,129800,2017-12-20,,,,,,
서초구,11650,10100,방배동,725,11650-323,방배신삼호,,164.55,1,1983,173000,2017-12-11,,,,,,
서초구,11650,10900,내곡동,411,11650-4063,서초더샵포레,,114.71,6,2014,114500,2017-12-27,,,,,,
서초구,11650,10700,반포동,2-12,11650-4440,아크로리버파크,,59.97,9,2016,170000,2017-12-16,,,,,,
서초구,11650,10800,서초동,1542-1,11650-3339,동일하이빌,,100.45,7,2006,109000,2017-12-18,,,,,,
서초구,11650,10700,반포동,20-43,11650-3500,반포자이,,84.984,20,2009,185000,2017-12-23,,,,,,
서초구,11650,10800,서초동,1445-13,11650-3276,서초쌍용플래티넘,,68.21,16,2006,61000,2017-12-21,,,,,,
서초구,11650,10700,반포동,20-43,11650-3500,반포자이,,216.49,22,2009,295000,2017-12-20,,,,,,
서초구,11650,10800,서초동,1316-15,11650-700,현대성우주상복합아파트,,163.68,5,2002,108000,2017-12-16,,,,,,
서초구,11650,10200,양재동,137-1,11650-433,우성112,,84.58,4,1991,89000,2017-12-08,,,,,,
서초구,11650,10100,방배동,809-17,11650-505,방배대우멤버스카운티(809-17),,109.73,3,2003,109000,2017-12-09,,,,,,
서초구,11650,10200,양재동,160-2,11650-488,우성KBS(113동),,84.69,13,1996,83500,2017-12-08,,,,,,
서초구,11650,10800,서초동,1311-10,11650-4550,서초푸르지오써밋,,74.96,26,2017,149500,2017-12-09,,,,,,
서초구,11650,10100,방배동,1038,11650-272,대우(효령),,84.91,4,1992,93800,2017-12-30,,,,,,
서초구,11650,10300,우면동,773,11650-3821,서초힐스,,84.95,14,2012,87000,2017-12-23,,,,,,
서초구,11650,10800,서초동,1681-8,11650-4129,서초롯데캐슬프레지던트,,84.97,17,2014,127000,2017-12-11,,,,,,
서초구,11650,10100,방배동,810-14,11650-3779,팔라티노,,141.14,6,2012,140000,2017-12-11,,,,,,
서초구,11650,10800,서초동,1687,11650-62,유원서초,,84.87,10,1993,115000,2017-12-24,,,,,,
서초구,11650,10700,반포동,2-12,11650-4440,아크로리버파크,,84.98,11,2016,237000,2017-12-30,,,,,,
서초구,11650,10700,반포동,20-43,11650-3500,반포자이,,216.49,26,2009,292000,2017-12-21,,,,,,
서초구,11650,10100,방배동,987-1,11650-285,롯데아파트,,165.24,3,1998,105000,2017-12-26,,,,,,
서초구,11650,10700,반포동,20-43,11650-3500,반포자이,,132.439,26,2009,239000,2017-12-23,,,,,,
서초구,11650,11100,신원동,579,11650-4026,서초포레스타5단지,,101.35,7,2014,116000,2017-12-17,,,,,,
서초구,11650,10300,우면동,717,11650-3864,서초네이처힐3단지,,84.84,10,2013,95000,2017-12-27,,,,,,
서초구,11650,10900,내곡동,411,11650-4063,서초더샵포레,,59.94,15,2014,82700,2017-12-16,,,,,,
서초구,11650,10300,우면동,789,11650-3976,호반써밋서초파크뷰(토지임대부아파트),,84.99,7,2013,70500,2017-12-15,,,,,,
서초구,11650,10900,내곡동,411,11650-4063,서초더샵포레,,114.68,15,2014,105000,2017-12-18,,,,,,
서초구,11650,10100,방배동,1008-2,11650-658,래미안방배아트힐(1008-2),,174.5,13,2004,157000,2017-12-16,,,,,,
서초구,11650,10300,우면동,753,11650-3963,서초호반써밋,,101.0109,15,2013,100000,2017-12-04,,,,,,
서초구,11650,10100,방배동,1038,11650-272,대우(효령),,84.92,10,1992,98000,2017-12-21,,,,,,
서초구,11650,10600,잠원동,74-1,11650-134,우성,,116.39,8,1978,190000,2017-12-23,,,,,,
서초구,11650,10600,잠원동,71-11,11650-150,한신타워,,84.93,15,1996,140000,2017-12-20,,,,,,
서초구,11650,10600,잠원동,71-1,11650-106,블루힐하우스,,84.54,8,1999,135000,2017-12-28,,,,,,
서초구,11650,10800,서초동,1312-3,11650-3300,롯데캐슬클래식,,120.18,4,2006,160000,2017-12-15,,,,,,
서초구,11650,10600,잠원동,71-12,11650-142,킴스빌리지,,30.18,10,1996,57000,2017-12-27,,,,,,
서초구,11650,10700,반포동,18-1,11650-3559,래미안퍼스티지,,84.93,14,2009,220000,2017-12-07,,,,,,
서초구,11650,10700,반포동,30-26,11650-3617,반포리체,,59.993,3,2010,135000,2017-12-07,,,,,,
서초구,11650,10100,방배동,424-28,11650-4044,롯데캐슬아르떼,,84.9145,8,2013,143000,2017-12-29,,,,,,
서초구,11650,10100,방배동,424-28,11650-4044,롯데캐슬아르떼,,84.9321,17,2013,137000,2017-12-16,,,,,,
서초구,11650,10600,잠원동,71-12,11650-142,킴스빌리지,,30.18,12,1996,57000,2017-12-10,,,,,,
서초구,11650,10700,반포동,20-43,11650-3500,반포자이,,84.984,1,2009,171000,2017-12-09,,,,,,
서초구,11650,10800,서초동,1312-3,11650-3300,롯데캐슬클래식,,120.18,5,2006,159000,2017-12-18,,,,,,
서초구,11650,10600,잠원동,58,11650-156,금호베스트빌,,140.36,12,2002,190000,2017-12-28,,,,,,
서초구,11650,10600,잠원동,32-22,11650-105,보미리아파트,,84.94,5,2001,75000,2017-12-16,,,,,,
서초구,11650,11100,신원동,568,11650-4040,서초포레스타3단지,,84.39,15,2014,98000,2017-12-16,,,,,,
서초구,11650,10100,방배동,1030-1,11650-315,삼호한숲,,114.52,5,1998,100000,2017-12-19,,,,,,
서초구,11650,10800,서초동,1682,11650-523,서초래미안,,111.32,16,2003,142500,2017-12-09,,,,,,
서초구,11650,10100,방배동,424-28,11650-4044,롯데캐슬아르떼,,147.7221,8,2013,175000,2017-12-15,,,,,,
서초구,11650,10900,내곡동,411,11650-4063,서초더샵포레,,59.69,16,2014,82000,2017-12-15,,,,,,
서초구,11650,10300,우면동,720,11650-3704,서초네이처힐4단지,,84.61,12,2011,90000,2017-12-23,,,,,,
서초구,11650,10700,반포동,20-43,11650-3500,반포자이,,165.052,15,2009,268000,2017-12-07,,,,,,
서초구,11650,10300,우면동,59,11650-480,동고,,84.96,10,1995,76800,2017-12-09,,,,,,
서초구,11650,10800,서초동,1681-8,11650-4129,서초롯데캐슬프레지던트,,84.97,19,2014,135000,2017-12-12,,,,,,
서초구,11650,10800,서초동,1310-4,11650-3471,서초두산위브트레지움,,84.62,6,2008,125000,2017-12-21,,,,,,
서초구,11650,10800,서초동,1583-10,11650-3542,서초아트자이,,165.5725,17,2009,143200,2017-12-05,,,,,,
서초구,11650,10100,방배동,805-1,11650-580,라빌레뜨,,207.12,1,2003,200000,2017-12-12,,,,,,
서초구,11650,10100,방배동,988-1,11650-322,신동아,,175.04,10,1981,181500,2017-12-07,,,,,,
서초구,11650,10100,방배동,797-30,11650-3281,방배3차e-편한세상,,244.8796,15,2006,295000,2017-12-08,,,,,,
서초구,11650,10100,방배동,770-1,11650-309,삼호1동~3동,,81.39,7,1975,88000,2017-12-21,,,,,,
서초구,11650,10700,반포동,18-1,11650-3559,래미안퍼스티지,,168.65,13,2009,315000,2017-12-12,,,,,,
서초구,11650,10100,방배동,562-1,11650-271,방배대우(562-1),,84.67,8,1992,74700,2017-12-28,,,,,,
서초구,11650,10600,잠원동,70,11650-125,신반포4,,137.1,5,1979,227000,2017-12-15,,,,,,
서초구,11650,10100,방배동,424-28,11650-4044,롯데캐슬아르떼,,147.7221,4,2013,170000,2017-12-26,,,,,,
서초구,11650,10800,서초동,1681-8,11650-4129,서초롯데캐슬프레지던트,,149.45,16,2014,173000,2017-12-08,,,,,,
서초구,11650,10100,방배동,770-1,11650-309,삼호1동~3동,,116.13,10,1975,115000,2017-12-14,,,,,,
서초구,11650,10100,방배동,444-3,11650-3325,SK리더스뷰(파스텔시티),,84.8,19,2006,86500,2017-12-29,,,,,,
서초구,11650,10800,서초동,1346,11650-85,현대아파트,,84.34,8,1989,97500,2017-12-24,,,,,,
서초구,11650,10600,잠원동,56-3,11650-145,한신,,84.52,11,1992,150000,2017-12-09,,,,,,
서초구,11650,10900,내곡동,384,11650-4156,서초포레스타2단지,,84.87,5,2015,89500,2017-12-04,,,,,,
서초구,11650,10700,반포동,2-12,11650-4440,아크로리버파크,,129.92,34,2016,350000,2017-12-18,,,,,,
서초구,11650,10800,서초동,1682,11650-523,서초래미안,,96.87,24,2003,134800,2017-12-12,,,,,,
서초구,11650,10700,반포동,18-1,11650-3559,래미안퍼스티지,,84.93,26,2009,226000,2017-12-13,,,,,,
서초구,11650,10800,서초동,1312-3,11650-3300,롯데캐슬클래식,,120.18,7,2006,164000,2017-12-13,,,,,,
서초구,11650,10800,서초동,1312-3,11650-3300,롯데캐슬클래식,,84.98,13,2006,138500,2017-12-12,,,,,,
서초구,11650,10600,잠원동,56-2,11650-124,신반포27,,53.46,8,1985,102000,2017-12-22,,,,,,
서초구,11650,10600,잠원동,157,11650-102,동아,,59.92,8,2002,122000,2017-12-23,,,,,,
서초구,11650,10600,잠원동,63-2,11650-141,신반포청구,,59.91,4,1998,115000,2017-12-08,,,,,,
서초구,11650,10700,반포동,2-12,11650-4440,아크로리버파크,,84.95,23,2016,226000,2017-12-16,,,,,,
서초구,11650,10700,반포동,99-1,11650-3430,엘리제빌,,201.81,2,2007,166500,2017-12-05,,,,,,
서초구,11650,10800,서초동,1327,11650-3341,서초타운트라팰리스,,92.39,10,2006,90000,2017-12-21,,,,,,
서초구,11650,10100,방배동,906-13,11650-3573,서리풀e편한세상,,59.94,1,2010,105000,2017-12-23,,,,,,
서초구,11650,10100,방배동,899-16,11650-630,브라운스톤방배,,84.96,15,2005,116000,2017-12-22,,,,,,
서초구,11650,10100,방배동,424-28,11650-4044,롯데캐슬아르떼,,121.6356,7,2013,175000,2017-12-19,,,,,,
서초구,11650,10300,우면동,59,11650-480,동고,,77.14,7,1995,74000,2017-12-04,,,,,,
서초구,11650,10800,서초동,1686-9,11650-3579,서초교대e편한세상,,59.9,7,2010,118000,2017-12-21,,,,,,
서초구,11650,10800,서초동,1467-62,11650-3225,서초5차e편한세상,,158.24,9,2005,137500,2017-12-08,,,,,,
서초구,11650,10800,서초동,1312-3,11650-3300,롯데캐슬클래식,,74.3,5,2006,120000,2017-12-08,,,,,,
서초구,11650,10100,방배동,752-36,11650-640,방배아크로리버,,149.225,22,2004,130000,2017-12-14,,,,,,
서초구,11650,10100,방배동,971-8,11650-515,네스코뮤즈빌(A),,138.34,5,2003,90000,2017-12-21,,,,,,
서초구,11650,10300,우면동,773,11650-3821,서초힐스,,84.96,22,2012,85500,2017-12-20,,,,,,
서초구,11650,10600,잠원동,55-12,11650-113,신반포16,,52.26,3,1983,95000,2017-12-02,,,,,,
서초구,11650,10100,방배동,424-28,11650-4044,롯데캐슬아르떼,,147.7221,4,2013,167000,2017-12-10,,,,,,
서초구,11650,10600,잠원동,55-12,11650-113,신반포16,,82.99,3,1983,133000,2017-12-22,,,,,,
서초구,11650,10800,서초동,1687,11650-62,유원서초,,84.87,15,1993,104800,2017-12-02,,,,,,
서초구,11650,10100,방배동,752-36,11650-640,방배아크로리버,,149.225,15,2004,131000,2017-12-16,,,,,,
서초구,11650,10100,방배동,424-28,11650-4044,롯데캐슬아르떼,,121.6356,10,2013,155700,2017-12-26,,,,,,
서초구,11650,10800,서초동,1327-29,11650-3235,서초파라곤,,84.98,10,2005,84500,2017-12-06,,,,,,
서초구,11650,10100,방배동,987-6,11650-653,신원아침도시,,145.921,5,2004,86500,2017-12-05,,,,,,
서초구,11650,10100,방배동,803-8,11650-574,노블하우스(803-8),,182.61,2,2004,137000,2017-12-21,,,,,,
서초구,11650,10800,서초동,1686-9,11650-3579,서초교대e편한세상,,84.68,3,2010,130000,2017-12-18,,,,,,
서초구,11650,10800,서초동,1593-7,11650-521,서초이오빌,,50.77,22,2003,39800,2017-12-14,,,,,,
서초구,11650,10600,잠원동,63-34,11650-147,한신로얄,,81.23,5,1992,132000,2017-12-20,,,,,,
서초구,11650,10800,서초동,1542-1,11650-3339,동일하이빌,,84.98,9,2006,88000,2017-12-29,,,,,,
서초구,11650,10100,방배동,755-14,11650-3569,리첸시아방배,,137.33,11,2010,111000,2017-12-05,,,,,,
서초구,11650,10800,서초동,1593-7,11650-521,서초이오빌,,36.66,17,2003,27500,2017-12-08,,,,,,
서초구,11650,10100,방배동,888-40,11650-402,롯데캐슬파크(40),,244.92,2,2003,167000,2017-12-18,,,,,,
서초구,11650,10800,서초동,1685,11650-28,삼풍아파트,,130.73,13,1988,218000,2017-12-30,,,,,,
서초구,11650,10600,잠원동,63-2,11650-141,신반포청구,,84.86,10,1998,136500,2017-12-12,,,,,,
서초구,11650,10100,방배동,424-28,11650-4044,롯데캐슬아르떼,,147.7221,10,2013,172500,2017-12-27,,,,,,
서초구,11650,10200,양재동,379-3,11650-420,블루하이츠,,84.86,5,2000,67000,2017-12-24,,,,,,
서초구,11650,10700,반포동,98-7,11650-629,동성라벨뷰,,176.47,5,2005,139900,2017-12-30,,,,,,
서초구,11650,10300,우면동,717,11650-3864,서초네이처힐3단지,,84.61,11,2013,90000,2017-12-11,,,,,,
서초구,11650,10300,우면동,773,11650-3821,서초힐스,,84.97,14,2012,89500,2017-12-14,,,,,,
서초구,11650,10900,내곡동,411,11650-4063,서초더샵포레,,84.81,3,2014,97000,2017-12-09,,,,,,
서초구,11650,10700,반포동,30-1,11650-196,삼호가든맨션(5차),,153.54,7,1986,189000,2017-12-03,,,,,,
서초구,11650,10800,서초동,1301-6,11650-3515,래미안서초스위트,,95.8079,26,2009,158000,2017-12-13,,,,,,
서초구,11650,10800,서초동,1682,11650-523,서초래미안,,126.31,17,2003,155000,2017-12-02,,,,,,
서초구,11650,10800,서초동,1315,11650-66,진흥아파트,,101.32,1,1979,128000,2017-12-11,,,,,,
서초구,11650,10300,우면동,59,11650-480,동고,,77.14,5,1995,76000,2017-12-15,,,,,,
서초구,11650,10300,우면동,753,11650-3963,서초호반써밋,,101.0482,2,2013,95000,2017-12-09,,,,,,
서초구,11650,10800,서초동,1684,11650-30,서초4현대,,84.99,6,2000,105000,2017-12-04,,,,,,
서초구,11650,10800,서초동,1687,11650-62,유원서초,,84.87,1,1993,105000,2017-12-30,,,,,,
서초구,11650,10100,방배동,988-1,11650-322,신동아,,175.04,4,1981,177000,2017-12-23,,,,,,
서초구,11650,10700,반포동,1-8,11650-159,반포경남아파트,,97.79,6,1978,185000,2017-12-18,,,,,,
서초구,11650,10800,서초동,1445-14,11650-3284,더샵서초,,152.95,9,2006,125600,2017-12-16,,,,,,
서초구,11650,10600,잠원동,63,11650-633,CJ빌리지,,120.73,2,2005,145000,2017-12-29,,,,,,
서초구,11650,10100,방배동,758-4,11650-310,삼호2,,131.41,2,1976,110800,2017-12-02,,,,,,
서초구,11650,11100,신원동,568,11650-4040,서초포레스타3단지,,114.81,6,2014,113000,2017-12-30,,,,,,
서초구,11650,10800,서초동,1615-10,11650-3321,극동스타클래스2,,105.472,2,2006,99000,2017-12-28,,,,,,
서초구,11650,10700,반포동,65-1,11650-160,궁전,,117.11,2,1984,143000,2017-12-18,,,,,,
서초구,11650,10800,서초동,1686-9,11650-3579,서초교대e편한세상,,84.97,11,2010,134800,2017-12-09,,,,,,
서초구,11650,10700,반포동,1-1,11650-206,한신3차,,99.45,10,1978,190000,2017-12-27,,,,,,
서초구,11650,10600,잠원동,55-12,11650-113,신반포16,,52.26,11,1983,100000,2017-12-05,,,,,,
서초구,11650,10100,방배동,424-28,11650-4044,롯데캐슬아르떼,,84.9321,4,2013,131000,2017-12-07,,,,,,
서초구,11650,10600,잠원동,65-33,11650-120,신반포22,,118.89,1,1983,169500,2017-12-04,,,,,,
서초구,11650,10600,잠원동,71-11,11650-150,한신타워,,84.93,13,1996,139500,2017-12-16,,,,,,
서초구,11650,10800,서초동,1445-4,11650-518,래미안서초유니빌,,49.745,7,2003,47000,2017-12-20,,,,,,
서초구,11650,10100,방배동,970-13,11650-575,방배승원아트빌,,124.86,1,2003,69800,2017-12-12,,,,,,
서초구,11650,10600,잠원동,55-12,11650-113,신반포16,,52.32,6,1983,104500,2017-12-27,,,,,,
서초구,11650,10800,서초동,1686-9,11650-3579,서초교대e편한세상,,110.32,4,2010,154500,2017-12-20,,,,,,
서초구,11650,10800,서초동,1686-9,11650-3579,서초교대e편한세상,,59.93,14,2010,114500,2017-12-01,,,,,,
서초구,11650,10100,방배동,1010-1,11650-342,방배임광3차,,65.85,2,1988,75000,2017-12-15,,,,,,
서초구,11650,10700,반포동,30-26,11650-3617,반포리체,,84.967,3,2010,170000,2017-12-02,,,,,,
서초구,11650,10700,반포동,20-43,11650-3500,반포자이,,84.943,10,2009,179000,2017-12-29,,,,,,
서초구,11650,10600,잠원동,70,11650-125,신반포4,,105.89,11,1979,179000,2017-12-14,,,,,,
서초구,11650,10600,잠원동,73,11650-117,신반포2,,107.31,7,1978,183000,2017-12-02,,,,,,
서초구,11650,10100,방배동,841-12,11650-756,방배대우멤버스카운티301,,121.65,5,2004,101000,2017-12-02,,,,,,
서초구,11650,10800,서초동,1312-3,11650-3300,롯데캐슬클래식,,84.98,22,2006,143000,2017-12-20,,,,,,
서초구,11650,10600,잠원동,54,11650-103,미주파스텔,,59.57,13,2002,94700,2017-12-01,,,,,,
서초구,11650,10900,내곡동,411,11650-4063,서초더샵포레,,84.3,5,2014,93000,2017-12-23,,,,,,
서초구,11650,10100,방배동,424-28,11650-4044,롯데캐슬아르떼,,84.9145,15,2013,140000,2017-12-11,,,,,,
서초구,11650,10100,방배동,3001-1,11650-3311,디오수페리움2,,84.94,5,2006,79500,2017-12-02,,,,,,
서초구,11650,10800,서초동,1458-6,11650-3221,서초지웰,,84.74,8,2005,92000,2017-12-20,,,,,,
서초구,11650,10800,서초동,1456-2,11650-3257,경남아너스빌201동,,84.95,5,2006,98000,2017-12-21,,,,,,
서초구,11650,10700,반포동,20-43,11650-3500,반포자이,,84.943,23,2009,187000,2017-12-27,,,,,,
서초구,11650,10100,방배동,562-1,11650-271,방배대우(562-1),,84.67,3,1992,70500,2017-12-27,,,,,,
서초구,11650,10800,서초동,1685,11650-28,삼풍아파트,,130.73,15,1988,208000,2017-12-07,,,,,,
서초구,11650,10100,방배동,424-28,11650-4044,롯데캐슬아르떼,,121.6576,3,2013,154800,2017-12-03,,,,,,
서초구,11650,10300,우면동,717,11650-3864,서초네이처힐3단지,,84.84,5,2013,90000,2017-12-30,,,,,,
서초구,11650,10700,반포동,18-1,11650-3559,래미안퍼스티지,,84.93,8,2009,199000,2017-12-01,,,,,,
서초구,11650,10700,반포동,1-8,11650-159,반포경남아파트,,73.5,8,1978,144200,2017-12-11,,,,,,
서초구,11650,10600,잠원동,74-1,11650-134,우성,,116.39,6,1978,187500,2017-12-15,,,,,,
서초구,11650,10300,우면동,717,11650-3864,서초네이처힐3단지,,84.84,4,2013,90000,2017-12-01,,,,,,
서초구,11650,10800,서초동,1648-2,11650-46,서초현대,,54.45,4,1999,71000,2017-12-02,,,,,,
서초구,11650,10300,우면동,773,11650-3821,서초힐스,,59.97,11,2012,75000,2017-12-11,,,,,,
서초구,11650,10600,잠원동,51,11650-154,훼미리,,84.83,12,1992,129000,2017-12-23,,,,,,
서초구,11650,10600,잠원동,55-12,11650-113,신반포16,,52.26,10,1983,105000,2017-12-17,,,,,,
서초구,11650,10300,우면동,67,11650-483,한라,,59.98,4,1994,66500,2017-12-01,,,,,,
서초구,11650,10800,서초동,1333,11650-53,신동아아파트(1차),,88.68,8,1978,118000,2017-12-04,,,,,,
서초구,11650,10100,방배동,485-3,11650-759,방배래미안타워,,103.34,17,2005,102500,2017-12-11,,,,,,
서초구,11650,10300,우면동,773,11650-3821,서초힐스,,84.97,7,2012,90000,2017-12-29,,,,,,
서초구,11650,10700,반포동,30-26,11650-3617,반포리체,,84.967,16,2010,170000,2017-12-13,,,,,,
서초구,11650,10800,서초동,1685-3,11650-724,아크로비스타,,138.96,10,2004,140000,2017-12-01,,,,,,
서초구,11650,10800,서초동,1362,11650-3250,두산위브(1362),,78.63,3,2005,72000,2017-12-26,,,,,,
서초구,11650,10800,서초동,1641-13,11650-54,아남,,84.96,11,1989,93500,2017-12-28,,,,,,
서초구,11650,10800,서초동,1636-1,11650-45,서초한일,,84.98,11,1997,85000,2017-12-11,,,,,,
서초구,11650,10800,서초동,1648-2,11650-46,서초현대,,84.81,3,1999,93500,2017-12-02,,,,,,
서초구,11650,10100,방배동,1008-2,11650-658,래미안방배아트힐(1008-2),,127.61,12,2004,128250,2017-12-02,,,,,,
서초구,11650,10800,서초동,1685,11650-28,삼풍아파트,,79.47,2,1988,141500,2017-12-08,,,,,,
서초구,11650,10800,서초동,1686-9,11650-3579,서초교대e편한세상,,84.97,3,2010,129900,2017-12-08,,,,,,
서초구,11650,10100,방배동,1008-2,11650-658,래미안방배아트힐(1008-2),,127.61,8,2004,126300,2017-12-18,,,,,,
서초구,11650,10800,서초동,1687,11650-62,유원서초,,84.87,6,1993,102000,2017-12-01,,,,,,
서초구,11650,10700,반포동,30-26,11650-3617,반포리체,,59.993,17,2010,144000,2017-12-16,,,,,,
서초구,11650,10100,방배동,759-3,11650-311,삼호3,,181.6,6,1976,124000,2017-12-06,,,,,,
서초구,11650,11100,신원동,619,11650-4140,서초포레스타6단지,,84.33,4,2015,101000,2017-12-13,,,,,,
서초구,11650,10800,서초동,1491-14,11650-712,상지리츠빌(5),,179,4,2004,190000,2017-12-20,,,,,,
서초구,11650,10700,반포동,18-1,11650-3559,래미안퍼스티지,,198.04,13,2009,315000,2017-12-13,,,,,,
서초구,11650,10700,반포동,18-1,11650-3559,래미안퍼스티지,,198.22,25,2009,320000,2017-12-07,,,,,,
서초구,11650,10600,잠원동,53,11650-152,현대,,84.87,10,1993,128000,2017-12-13,,,,,,
서초구,11650,10100,방배동,1344,11650-290,방배1차현대홈타운,,59.94,1,1999,81350,2017-12-14,,,,,,
서초구,11650,10300,우면동,720,11650-3704,서초네이처힐4단지,,84.61,5,2011,90000,2017-12-22,,,,,,
서초구,11650,10800,서초동,1355-24,11650-702,우정에쉐르,,63.58,2,2004,55000,2017-12-19,,,,,,
서초구,11650,10800,서초동,1648-2,11650-46,서초현대,,114.84,15,1999,113500,2017-12-09,,,,,,
서초구,11650,10800,서초동,1301-6,11650-3515,래미안서초스위트,,95.8079,11,2009,149750,2017-12-07,,,,,,
서초구,11650,10900,내곡동,384,11650-4156,서초포레스타2단지,,84.48,20,2015,90000,2017-12-01,,,,,,
서초구,11650,10800,서초동,1311-10,11650-4550,서초푸르지오써밋,,84.95,32,2017,169500,2017-12-07,,,,,,
서초구,11650,10300,우면동,720,11650-3704,서초네이처힐4단지,,84.77,2,2011,86500,2017-12-19,,,,,,
서초구,11650,10900,내곡동,411,11650-4063,서초더샵포레,,84.3,9,2014,94000,2017-12-19,,,,,,
서초구,11650,10600,잠원동,49-8,11650-144,한강,,84.53,15,1989,151500,2017-12-08,,,,,,
서초구,11650,10800,서초동,1338,11650-532,현대이에스에이아파트,,163.95,3,2002,95000,2017-12-19,,,,,,
서초구,11650,10100,방배동,424-28,11650-4044,롯데캐슬아르떼,,147.7221,11,2013,175000,2017-12-19,,,,,,
서초구,11650,10600,잠원동,34-1,11650-632,잠원아이비,,84.969,7,2005,75000,2017-12-06,,,,,,
서초구,11650,10900,내곡동,384,11650-4156,서초포레스타2단지,,84.48,6,2015,87000,2017-12-09,,,,,,
서초구,11650,10800,서초동,1529,11650-774,서초2차e-편한세상,,116.745,2,2005,115000,2017-12-09,,,,,,
서초구,11650,10100,방배동,424-28,11650-4044,롯데캐슬아르떼,,147.7221,9,2013,170000,2017-12-02,,,,,,
서초구,11650,10100,방배동,758-4,11650-310,삼호2,,131.41,9,1976,109500,2017-12-09,,,,,,
서초구,11650,10800,서초동,1312-3,11650-3300,롯데캐슬클래식,,74.3,18,2006,122000,2017-12-01,,,,,,
서초구,11650,10800,서초동,1685-3,11650-724,아크로비스타,,134.97,12,2004,139500,2017-12-27,,,,,,
서초구,11650,10100,방배동,883-9,11650-3255,황실자이,,163.588,7,2005,176000,2017-12-18,,,,,,
서초구,11650,10600,잠원동,55-12,11650-113,신반포16,,52.32,9,1983,101000,2017-12-12,,,,,,
서초구,11650,10700,반포동,968,11650-209,에이아이디차관주택,,72.51,5,1974,183000,2017-12-09,,,,,,
서초구,11650,10800,서초동,1642-34,11650-3243,래미안서초7차,,138.57,12,2006,133000,2017-12-06,,,,,,
서초구,11650,10600,잠원동,42-13,11650-101,대우아이빌,,49.06,2,2001,56000,2017-12-23,,,,,,
서초구,11650,10800,서초동,1684,11650-30,서초4현대,,84.96,3,2000,108000,2017-12-19,,,,,,
서초구,11650,10800,서초동,1315,11650-66,진흥아파트,,101.32,4,1979,128750,2017-12-09,,,,,,
서초구,11650,10100,방배동,1344,11650-290,방배1차현대홈타운,,114.78,1,1999,120000,2017-12-05,,,,,,
서초구,11650,10800,서초동,1687,11650-62,유원서초,,84.82,3,1993,110000,2017-12-19,,,,,,
서초구,11650,10100,방배동,770-1,11650-309,삼호1동~3동,,81.39,9,1975,85000,2017-12-12,,,,,,
서초구,11650,10300,우면동,57,11650-479,대림,,130.89,8,1995,110000,2017-12-09,,,,,,
서초구,11650,10800,서초동,1627-3,11650-36,서초로얄,,59.66,2,2001,49000,2017-12-14,,,,,,
서초구,11650,10700,반포동,18-1,11650-3559,래미안퍼스티지,,59.96,29,2009,165000,2017-12-09,,,,,,
서초구,11650,10800,서초동,1446-11,11650-519,현대슈퍼빌,,164.87,3,2003,159000,2017-12-16,,,,,,
서초구,11650,10600,잠원동,55-7,11650-136,청구빌라트,,242.16,9,1996,250000,2017-12-08,,,,,,
서초구,11650,10700,반포동,2-12,11650-4440,아크로리버파크,,84.95,7,2016,260000,2017-12-29,,,,,,
서초구,11650,10100,방배동,752-36,11650-640,방배아크로리버,,149.225,14,2004,130000,2017-12-04,,,,,,
서초구,11650,10100,방배동,980-25,11650-3350,신호그린빌,,84.98,6,2006,68700,2017-12-09,,,,,,
서초구,11650,10800,서초동,1641-1,11650-24,서초삼성래미안,,84.97,7,2001,105000,2017-12-17,,,,,,
서초구,11650,10200,양재동,389-2,11650-675,파크뷰,,43.47,3,2002,30000,2017-12-29,,,,,,
서초구,11650,10700,반포동,20-43,11650-3500,반포자이,,84.943,11,2009,192000,2017-12-02,,,,,,
서초구,11650,10700,반포동,30-26,11650-3617,반포리체,,59.993,6,2010,130000,2017-12-02,,,,,,
서초구,11650,10800,서초동,1312-3,11650-3300,롯데캐슬클래식,,133.45,5,2006,175000,2017-12-29,,,,,,
서초구,11650,10100,방배동,770-1,11650-309,삼호1동~3동,,116.13,10,1975,111000,2017-12-12,,,,,,
서초구,11650,10300,우면동,735,11650-3703,서초네이처힐7단지,,84.77,2,2011,82500,2017-12-28,,,,,,
서초구,11650,10300,우면동,789,11650-3976,호반써밋서초파크뷰(토지임대부아파트),,84.95,1,2013,65750,2017-12-02,,,,,,
서초구,11650,10600,잠원동,55-12,11650-113,신반포16,,52.32,11,1983,104900,2017-12-30,,,,,,
서초구,11650,10800,서초동,1684,11650-30,서초4현대,,84.95,6,2000,106500,2017-12-02,,,,,,
서초구,11650,10300,우면동,773,11650-3821,서초힐스,,84.95,13,2012,87000,2017-12-21,,,,,,
서초구,11650,10800,서초동,1359-50,11650-620,롯데캐슬쥬피터,,114.2,10,2003,85000,2017-12-08,,,,,,
서초구,11650,10800,서초동,1445-14,11650-3284,더샵서초,,186.72,17,2006,145000,2017-12-26,,,,,,
서초구,11650,10300,우면동,773,11650-3821,서초힐스,,84.96,1,2012,82000,2017-12-30,,,,,,
서초구,11650,10800,서초동,1687,11650-62,유원서초,,84.82,8,1993,106800,2017-12-11,,,,,,
서초구,11650,10700,반포동,20-43,11650-3500,반포자이,,194.515,14,2009,289000,2017-12-02,,,,,,
서초구,11650,10100,방배동,3001-1,11650-3311,디오수페리움2,,84.94,6,2006,78900,2017-12-02,,,,,,
서초구,11650,10100,방배동,775-1,11650-3181,래미안방배에버뉴,,181.481,12,1977,129000,2017-12-15,,,,,,
서초구,11650,10600,잠원동,55-12,11650-113,신반포16,,52.26,11,1983,105000,2017-12-15,,,,,,
서초구,11650,10600,잠원동,157,11650-102,동아,,59.92,1,2002,109000,2017-12-03,,,,,,
서초구,11650,10800,서초동,1420-18,11650-3219,신원아침도시(1420),,84.34,12,2005,94000,2017-12-30,,,,,,
서초구,11650,10900,내곡동,384,11650-4156,서초포레스타2단지,,84.87,16,2015,89000,2017-12-04,,,,,,
서초구,11650,10200,양재동,333-9,11650-464,파크사이드,,66.24,7,2002,54500,2017-12-18,,,,,,
서초구,11650,10700,반포동,2-12,11650-4440,아크로리버파크,,84.97,12,2016,229000,2017-12-07,,,,,,
서초구,11650,10600,잠원동,63,11650-633,CJ빌리지,,120.73,3,2005,137000,2017-12-23,,,,,,
서초구,11650,10600,잠원동,73,11650-117,신반포2,,79.42,4,1978,143000,2017-12-01,,,,,,
서초구,11650,10100,방배동,758-4,11650-310,삼호2,,127.94,11,1976,125000,2017-12-16,,,,,,
서초구,11650,10800,서초동,1315,11650-66,진흥아파트,,101.32,3,1979,129000,2017-12-02,,,,,,
서초구,11650,10100,방배동,752-36,11650-640,방배아크로리버,,149.225,13,2004,130000,2017-12-29,,,,,,
서초구,11650,10800,서초동,1445-4,11650-518,래미안서초유니빌,,47.357,7,2003,34800,2017-12-07,,,,,,
서초구,11650,10600,잠원동,71-12,11650-142,킴스빌리지,,23.7,13,1996,45000,2017-12-19,,,,,,
서초구,11650,10800,서초동,1350-13,11650-88,동원베네스트아파트,,84.9,2,2002,93000,2017-12-16,,,,,,
서초구,11650,10800,서초동,1312-3,11650-3300,롯데캐슬클래식,,133.45,14,2006,164000,2017-12-16,,,,,,
서초구,11650,10300,우면동,70,11650-482,코오롱,,52.47,2,1994,68000,2017-12-01,,,,,,
서초구,11650,10100,방배동,988-1,11650-322,신동아,,105.86,3,1981,118000,2017-12-10,,,,,,
서초구,11650,10700,반포동,18-1,11650-3559,래미안퍼스티지,,84.93,7,2009,190000,2017-12-02,,,,,,
서초구,11650,10700,반포동,100-3,11650-691,반포대우멤버스카운티2차,,141.69,2,2004,121500,2017-12-02,,,,,,
서초구,11650,10100,방배동,802-4,11650-3184,신한엔시모,,244.57,2,2005,183500,2017-12-06,,,,,,
서초구,11650,10700,반포동,77-1,11650-237,현대반포빌라트B,,242.92,1,1997,171000,2017-12-21,,,,,,
서초구,11650,10100,방배동,759-3,11650-311,삼호3,,181.6,8,1976,132500,2017-12-12,,,,,,
서초구,11650,10600,잠원동,73,11650-117,신반포2,,92.2,12,1978,173000,2017-12-15,,,,,,
서초구,11650,10600,잠원동,54,11650-103,미주파스텔,,59.57,1,2002,87000,2017-12-23,,,,,,
서초구,11650,10800,서초동,1641-13,11650-54,아남,,71.1,11,1989,82500,2017-12-09,,,,,,
서초구,11650,10600,잠원동,50-1,11650-682,롯데캐슬갤럭시(50-1),,148.86,8,2004,182000,2017-12-05,,,,,,
서초구,11650,10800,서초동,1644,11650-83,현대서초3,,84.49,11,1997,95000,2017-12-13,,,,,,
서초구,11650,10800,서초동,1644,11650-83,현대서초3,,84.49,5,1997,95250,2017-12-02,,,,,,
서초구,11650,10700,반포동,110-6,11650-161,그랑빌,,244.93,6,2001,165000,2017-12-28,,,,,,
서초구,11650,10800,서초동,1466-2,11650-3222,서초네스피아A,,104.75,6,2005,72000,2017-12-12,,,,,,
서초구,11650,10600,잠원동,157,11650-102,동아,,84.91,12,2002,145000,2017-12-01,,,,,,
서초구,11650,10800,서초동,1310-4,11650-3471,서초두산위브트레지움,,130.3,2,2008,142500,2017-12-06,,,,,,
서초구,11650,10900,내곡동,411,11650-4063,서초더샵포레,,101.85,4,2014,105000,2017-12-12,,,,,,
서초구,11650,10700,반포동,87-7,11650-541,반포서래빌,,149.49,2,2003,58000,2017-12-08,,,,,,
서초구,11650,10300,우면동,753,11650-3963,서초호반써밋,,118.0151,8,2013,104000,2017-12-02,,,,,,
서초구,11650,10100,방배동,759-3,11650-311,삼호3,,168.77,2,1976,127000,2017-12-29,,,,,,
서초구,11650,10600,잠원동,70,11650-125,신반포4,,105.89,9,1979,178000,2017-12-07,,,,,,
서초구,11650,10300,우면동,720,11650-3704,서초네이처힐4단지,,84.77,14,2011,90000,2017-12-21,,,,,,
서초구,11650,10100,방배동,424-28,11650-4044,롯데캐슬아르떼,,121.6576,4,2013,154000,2017-12-04,,,,,,
서초구,11650,10800,서초동,1311-10,11650-4550,서초푸르지오써밋,,59.92,22,2017,132000,2017-12-09,,,,,,
서초구,11650,10100,방배동,770-1,11650-309,삼호1동~3동,,81.39,3,1975,85000,2017-12-14,,,,,,
서초구,11650,10100,방배동,759-3,11650-311,삼호3,,181.6,7,1976,127500,2017-12-30,,,,,,
서초구,11650,10300,우면동,789,11650-3976,호반써밋서초파크뷰(토지임대부아파트),,84.95,14,2013,70000,2017-12-11,,,,,,
서초구,11650,10100,방배동,866-20,11650-3191,방배대우디오빌,,29.6,6,2005,32300,2017-12-14,,,,,,
서초구,11650,10600,잠원동,157,11650-102,동아,,59.92,17,2002,123000,2017-12-16,,,,,,
서초구,11650,10200,양재동,154-2,11650-440,우성,,84.88,3,1991,88000,2017-12-14,,,,,,
서초구,11650,10800,서초동,1456-2,11650-3257,경남아너스빌201동,,84.95,9,2006,101250,2017-12-22,,,,,,
서초구,11650,11100,신원동,568,11650-4040,서초포레스타3단지,,114.81,16,2014,120000,2017-12-09,,,,,,
서초구,11650,10800,서초동,1593-7,11650-521,서초이오빌,,45.96,11,2003,32250,2017-12-19,,,,,,
서초구,11650,10700,반포동,20-43,11650-3500,반포자이,,84.984,21,2009,179000,2017-12-09,,,,,,
서초구,11650,10800,서초동,1642-14,11650-37,서초롯데캐슬84,,208.63,5,2001,145000,2017-12-01,,,,,,
서초구,11650,10300,우면동,712,11650-3748,서초네이처힐2단지,,84.73,4,2012,86000,2017-12-05,,,,,,
서초구,11650,10800,서초동,1444-3,11650-70,초원현대,,99.63,6,1998,95000,2017-12-29,,,,,,
서초구,11650,10300,우면동,57,11650-479,대림,,130.89,13,1995,112000,2017-12-04,,,,,,
서초구,11650,10900,내곡동,384,11650-4156,서초포레스타2단지,,59.09,9,2015,77800,2017-12-22,,,,,,
서초구,11650,10600,잠원동,56-3,11650-145,한신,,84.52,12,1992,145000,2017-12-01,,,,,,
서초구,11650,10600,잠원동,54,11650-103,미주파스텔,,59.57,17,2002,93000,2017-12-07,,,,,,
서초구,11650,10800,서초동,1434-2,11650-704,신원아침도시(1434),,83.034,2,2004,83000,2017-12-19,,,,,,
서초구,11650,10800,서초동,1687,11650-62,유원서초,,84.82,8,1993,107500,2017-12-04,,,,,,
서초구,11650,10800,서초동,1681-8,11650-4129,서초롯데캐슬프레지던트,,119.13,11,2014,157000,2017-12-11,,,,,,
서초구,11650,10800,서초동,1335,11650-20,무지개,,76.89,7,1978,120000,2017-12-29,,,,,,
서초구,11650,10300,우면동,720,11650-3704,서초네이처힐4단지,,84.84,5,2011,83000,2017-12-14,,,,,,
서초구,11650,10800,서초동,1346,11650-85,현대아파트,,84.33,14,1989,98000,2017-12-23,,,,,,
서초구,11650,10800,서초동,1444-7,11650-3272,서초자이,,116.85,13,2006,129000,2017-12-15,,,,,,
서초구,11650,10200,양재동,3-12,11650-473,메이저,,99.88,6,2002,68000,2017-12-02,,,,,,
서초구,11650,10800,서초동,1344-13,11650-3238,서초트라팰리스,,92.77,7,2005,50225,2017-12-29,,,,,,
서초구,11650,10600,잠원동,50-1,11650-682,롯데캐슬갤럭시(50-1),,132.16,17,2004,130000,2017-12-22,,,,,,
서초구,11650,10700,반포동,64-5,11650-236,현대동궁아파트,,82.35,5,1991,94700,2017-12-28,,,,,,
서초구,11650,10600,잠원동,50-1,11650-682,롯데캐슬갤럭시(50-1),,132.16,8,2004,168500,2017-12-29,,,,,,
서초구,11650,10700,반포동,18-1,11650-3559,래미안퍼스티지,,169.31,1,2009,274500,2017-12-09,,,,,,
서초구,11650,10800,서초동,1682,11650-523,서초래미안,,84.95,3,2003,116000,2017-12-08,,,,,,
서초구,11650,10300,우면동,67,11650-483,한라,,59.98,6,1994,67000,2017-12-08,,,,,,
서초구,11650,10600,잠원동,55-12,11650-113,신반포16,,52.32,5,1983,100500,2017-12-14,,,,,,
서초구,11650,10800,서초동,1454-29,11650-43,서초한신,,115.3,3,2001,108000,2017-12-16,,,,,,
서초구,11650,10100,방배동,421-1,11650-3245,세양아르비채101동,,166.223,4,2006,90000,2017-12-27,,,,,,
서초구,11650,10100,방배동,1030-1,11650-315,삼호한숲,,114.46,5,1998,60000,2017-12-01,,,,,,
서초구,11650,10800,서초동,1487-63,11650-708,서초1차e-편한세상,,130.53,8,2004,130000,2017-12-14,,,,,,
서초구,11650,10800,서초동,1445-14,11650-3284,더샵서초,,97.53,14,2006,93000,2017-12-11,,,,,,
서초구,11650,10100,방배동,1006-1,11650-407,서초이에스에이3차,,59.4,3,2002,68800,2017-12-02,,,,,,
서초구,11650,10100,방배동,2626,11650-503,삼성래미안1,,59.9,2,2003,72000,2017-12-02,,,,,,
서초구,11650,10100,방배동,424-28,11650-4044,롯데캐슬아르떼,,121.6576,4,2013,149000,2017-12-09,,,,,,
서초구,11650,10700,반포동,60-4,11650-172,반포미도,,84.96,10,1987,145000,2017-12-05,,,,,,
서초구,11650,10700,반포동,20-43,11650-3500,반포자이,,216.49,27,2009,288000,2017-12-09,,,,,,
서초구,11650,10300,우면동,773,11650-3821,서초힐스,,84.96,22,2012,80000,2017-12-27,,,,,,
서초구,11650,10100,방배동,444-3,11650-3325,SK리더스뷰(파스텔시티),,84.97,15,2006,86000,2017-12-16,,,,,,
서초구,11650,10300,우면동,720,11650-3704,서초네이처힐4단지,,84.61,3,2011,83700,2017-12-16,,,,,,
서초구,11650,10600,잠원동,70,11650-125,신반포4,,137.1,4,1979,214800,2017-12-01,,,,,,
서초구,11650,10600,잠원동,74-1,11650-134,우성,,144.69,2,1978,200000,2017-12-01,,,,,,
서초구,11650,10700,반포동,612-115,11650-3313,선데일,,246.01,4,2006,298000,2017-12-04,,,,,,
서초구,11650,10100,방배동,775-1,11650-3181,래미안방배에버뉴,,181.481,12,1977,117000,2017-12-26,,,,,,
서초구,11650,10800,서초동,1685,11650-28,삼풍아파트,,79.47,11,1988,120000,2017-12-22,,,,,,
서초구,11650,10700,반포동,712-19,11650-549,반포훼미리(102동),,84.74,2,2003,82000,2017-12-18,,,,,,
서초구,11650,10100,방배동,752-36,11650-640,방배아크로리버,,124.569,17,2004,117000,2017-12-17,,,,,,
서초구,11650,10800,서초동,1446-11,11650-519,현대슈퍼빌,,164.87,14,2003,149000,2017-12-16,,,,,,
서초구,11650,10300,우면동,773,11650-3821,서초힐스,,74.97,9,2012,80800,2017-12-16,,,,,,
서초구,11650,10900,내곡동,384,11650-4156,서초포레스타2단지,,59.21,10,2015,77700,2017-12-05,,,,,,
서초구,11650,10200,양재동,11-17,11650-3347,한솔로이젠트,,84.97,8,2006,83500,2017-12-12,,,,,,
서초구,11650,10800,서초동,1533,11650-44,서초한신리빙타워,,42.55,16,1999,38000,2017-12-22,,,,,,
서초구,11650,10700,반포동,20-43,11650-3500,반포자이,,84.943,3,2009,180000,2017-12-01,,,,,,
서초구,11650,10300,우면동,789,11650-3976,호반써밋서초파크뷰(토지임대부아파트),,84.99,25,2013,67000,2017-12-13,,,,,,
서초구,11650,10800,서초동,1445-4,11650-518,래미안서초유니빌,,45.255,18,2003,29900,2017-12-22,,,,,,
서초구,11650,11100,신원동,579,11650-4026,서초포레스타5단지,,84.39,13,2014,68855,2017-12-01,,,,,,
서초구,11650,10900,내곡동,411,11650-4063,서초더샵포레,,84.81,20,2014,71910,2017-12-01,,,,,,
서초구,11650,10800,서초동,1445-4,11650-518,래미안서초유니빌,,35.383,13,2003,31500,2017-12-20,,,,,,
서초구,11650,10600,잠원동,55-12,11650-113,신반포16,,52.32,8,1983,100000,2017-12-01,,,,,,
서초구,11650,10700,반포동,18-1,11650-3559,래미안퍼스티지,,84.93,4,2009,205000,2017-12-06,,,,,,
서초구,11650,10900,내곡동,384,11650-4156,서초포레스타2단지,,84.48,15,2015,89000,2017-12-20,,,,,,
서초구,11650,10700,반포동,73-10,11650-197,상지리츠빌(73-10),,233.15,6,2001,165000,2017-12-18,,,,,,
서초구,11650,10800,서초동,1363-25,11650-3926,한라비발디스튜디오193,,25.75,9,2013,30000,2017-12-13,,,,,,
서초구,11650,10100,방배동,988-1,11650-322,신동아,,105.86,7,1981,120000,2017-12-09,,,,,,
서초구,11650,10900,내곡동,384,11650-4156,서초포레스타2단지,,84.48,4,2015,87800,2017-12-12,,,,,,
서초구,11650,10200,양재동,154-2,11650-440,우성,,84.88,13,1991,89000,2017-12-07,,,,,,
서초구,11650,10100,방배동,866-20,11650-3191,방배대우디오빌,,37.67,4,2005,40500,2017-12-09,,,,,,
서초구,11650,10800,서초동,1363-25,11650-3926,한라비발디스튜디오193,,25.75,8,2013,29000,2017-12-16,,,,,,
서초구,11650,10600,잠원동,59-3,11650-138,잠원현대훼밀리,,59.56,12,1997,100000,2017-12-14,,,,,,
서초구,11650,10600,잠원동,59-3,11650-138,잠원현대훼밀리,,84.52,5,1997,120000,2017-12-02,,,,,,
서초구,11650,10600,잠원동,157,11650-102,동아,,59.8,19,2002,120000,2017-12-03,,,,,,
서초구,11650,10600,잠원동,42-13,11650-101,대우아이빌,,34.72,8,2001,42000,2017-12-15,,,,,,
서초구,11650,10600,잠원동,54-7,11650-132,신화,,57.33,18,1997,89800,2017-12-13,,,,,,
서초구,11650,10600,잠원동,157,11650-102,동아,,59.8,17,2002,126500,2017-12-09,,,,,,
서초구,11650,10800,서초동,1641-13,11650-54,아남,,84.96,4,1989,89000,2017-12-09,,,,,,
서초구,11650,10800,서초동,1593-7,11650-521,서초이오빌,,36.66,3,2003,25800,2017-12-04,,,,,,
서초구,11650,10800,서초동,1326,11650-31,삼성서초가든스위트,,181.5,15,2000,189500,2017-12-15,,,,,,
서초구,11650,10100,방배동,923-6,11650-3358,방배아크로타워,,60.12,6,2007,62000,2017-12-14,,,,,,
서초구,11650,10800,서초동,1338-1,11650-701,풍림아이원플러스,,35.903,9,2004,32300,2017-12-13,,,,,,
서초구,11650,10600,잠원동,157,11650-102,동아,,59.92,12,2002,113000,2017-12-02,,,,,,
서초구,11650,10800,서초동,1464-4,11650-3446,서초벽산블루밍,,188.51,3,2008,113900,2017-12-02,,,,,,
서초구,11650,10100,방배동,752-36,11650-640,방배아크로리버,,124.569,19,2004,115500,2017-12-13,,,,,,
서초구,11650,10900,내곡동,384,11650-4156,서초포레스타2단지,,84.48,7,2015,88000,2017-12-12,,,,,,
서초구,11650,11100,신원동,568,11650-4040,서초포레스타3단지,,84.39,11,2014,90000,2017-12-02,,,,,,
서초구,11650,10100,방배동,923-6,11650-3358,방배아크로타워,,52.18,9,2007,54000,2017-12-08,,,,,,
서초구,11650,10100,방배동,1-21,11650-3355,방배롯데캐슬OSCAR,,270.6,3,2006,208000,2017-12-11,,,,,,
서초구,11650,10800,서초동,1315,11650-66,진흥아파트,,160.46,9,1979,192000,2017-12-02,,,,,,
서초구,11650,10100,방배동,1015,11650-341,임광,,136.38,11,1985,90000,2017-12-11,,,,,,
서초구,11650,11100,신원동,568,11650-4040,서초포레스타3단지,,59.96,3,2014,76000,2017-12-05,,,,,,
서초구,11650,10900,내곡동,411,11650-4063,서초더샵포레,,59.94,12,2014,82200,2017-12-07,,,,,,
서초구,11650,10100,방배동,866-20,11650-3191,방배대우디오빌,,29.6,3,2005,31000,2017-12-07,,,,,,
서초구,11650,10800,서초동,1312-3,11650-3300,롯데캐슬클래식,,74.3,26,2006,122000,2017-12-05,,,,,,
서초구,11650,10800,서초동,1338-1,11650-701,풍림아이원플러스,,28.666,15,2004,30750,2017-12-06,,,,,,
서초구,11650,10800,서초동,1487-63,11650-708,서초1차e-편한세상,,130.53,13,2004,130000,2017-12-01,,,,,,
서초구,11650,10100,방배동,1038,11650-272,대우(효령),,84.91,13,1992,89900,2017-12-04,,,,,,
강남구,11680,10500,삼성동,147-2,11680-525,미켈란147,,83.69,9,2004,121300,2017-12-01,,,,,,
강남구,11680,10100,역삼동,713-11,11680-3679,역삼I'PARK,,144.011,18,2006,185000,2017-12-27,,,,,,
강남구,11680,11800,도곡동,467,11680-364,타워팰리스1,,174.67,21,2002,243000,2017-12-07,,,,,,
강남구,11680,10400,청담동,35-47,11680-101,한신오페라하우스,,117.19,2,2003,131000,2017-12-30,,,,,,
강남구,11680,11000,압구정동,510,11680-383,한양8(81동한개동),,200.99,1,1984,383000,2017-12-21,,,,,,
강남구,11680,11800,도곡동,467,11680-364,타워팰리스1,,164.97,19,2002,199000,2017-12-14,,,,,,
강남구,11680,10600,대치동,670,11680-601,동부센트레빌,,145.83,2,2005,238000,2017-12-16,,,,,,
강남구,11680,11000,압구정동,490,11680-378,한양1차(영동한양),,78.05,5,1977,190000,2017-12-12,,,,,,
강남구,11680,10800,논현동,194-23,11680-3705,한화꿈에그린2차,,117.335,4,2006,85000,2017-12-30,,,,,,
강남구,11680,11800,도곡동,91-5,11680-331,삼성래미안,,89.88,13,2001,145000,2017-12-30,,,,,,
강남구,11680,11800,도곡동,527,11680-3623,도곡렉슬,,120.8233,21,2006,180000,2017-12-12,,,,,,
강남구,11680,10500,삼성동,142-3,11680-522,LG선릉에클라트(B),,36.35,15,2004,34100,2017-12-09,,,,,,
강남구,11680,10300,개포동,653,11680-292,현대1차101동~106동,,177.19,8,1984,190000,2017-12-05,,,,,,
강남구,11680,10600,대치동,891-28,11680-580,대치동우정에쉐르1,,58.86,9,2004,61800,2017-12-27,,,,,,
강남구,11680,10500,삼성동,50,11680-3830,현대힐스테이트2단지,,84.679,8,2008,172000,2017-12-02,,,,,,
강남구,11680,10500,삼성동,16-2,11680-3834,삼성동힐스테이트 1단지,,31.402,6,2008,81000,2017-12-27,,,,,,
강남구,11680,11000,압구정동,426,11680-423,신현대9차,,109.24,8,1982,234900,2017-12-20,,,,,,
강남구,11680,10300,개포동,141,11680-573,개포주공1단지,,58.08,1,1982,170000,2017-12-29,,,,,,
강남구,11680,11400,일원동,735,11680-299,가람,,84.95,3,1993,142000,2017-12-29,,,,,,
강남구,11680,10600,대치동,506,11680-211,선경1차(1동-7동),,136.68,5,1983,250000,2017-12-08,,,,,,
강남구,11680,10100,역삼동,755-1,11680-3678,개나리푸르지오,,147.9554,4,2006,182000,2017-12-19,,,,,,
강남구,11680,10600,대치동,316,11680-218,은마,,76.79,9,1979,150000,2017-12-30,,,,,,
강남구,11680,10300,개포동,658-1,11680-284,개포6차우성아파트1동~8동,,54.98,5,1987,91500,2017-12-28,,,,,,
강남구,11680,10600,대치동,503,11680-372,개포우성1,,127.61,4,1983,265000,2017-12-27,,,,,,
강남구,11680,10600,대치동,511,11680-481,한보미도맨션2,,126.33,3,1985,243000,2017-12-29,,,,,,
강남구,11680,11300,율현동,365,11680-4398,강남한신휴플러스6단지,,59.98,6,2015,71000,2017-12-28,,,,,,
강남구,11680,10400,청담동,125,11680-623,범신칼릭스빌,,84.78,6,2005,96000,2017-12-29,,,,,,
강남구,11680,10600,대치동,910-5,11680-395,풍림아이원1차103동(910-5),,84.69,6,2003,85000,2017-12-28,,,,,,
강남구,11680,11800,도곡동,467,11680-364,타워팰리스1,,137.24,28,2002,190500,2017-12-28,,,,,,
강남구,11680,10300,개포동,177,11680-294,현대아파트3,,131.83,2,1986,190000,2017-12-30,,,,,,
강남구,11680,11400,일원동,615,11680-306,우성7,,84.06,4,1987,130000,2017-12-02,,,,,,
강남구,11680,10100,역삼동,763-16,11680-3871,래미안그레이튼,,59.97,9,2009,125500,2017-12-29,,,,,,
강남구,11680,11000,압구정동,369-1,11680-415,"현대1차(12,13,21,22,31,32,33동)",,131.48,8,1976,277500,2017-12-30,,,,,,
강남구,11680,10600,대치동,1014-3,11680-205,대치삼성,,84.58,4,2000,160000,2017-12-28,,,,,,
강남구,11680,10800,논현동,105,11680-121,동현아파트1~6,,119.67,6,1985,145000,2017-12-26,,,,,,
강남구,11680,10600,대치동,316,11680-218,은마,,84.43,10,1979,172000,2017-12-30,,,,,,
강남구,11680,10600,대치동,1027,11680-4394,래미안대치팰리스,,91.91,32,2015,214300,2017-12-23,,,,,,
강남구,11680,11200,자곡동,618,11680-4341,강남브리즈힐(토지임대부아파트),,74.04,9,2014,67000,2017-12-26,,,,,,
강남구,11680,11000,압구정동,369-1,11680-416,"현대2차(10,11,20,23,24,25동)",,198.41,7,1976,439900,2017-12-24,,,,,,
강남구,11680,10600,대치동,316,11680-218,은마,,76.79,6,1979,145000,2017-12-13,,,,,,
강남구,11680,10600,대치동,511,11680-222,한보미도맨션1,,84.48,10,1983,190000,2017-12-26,,,,,,
강남구,11680,10300,개포동,653,11680-292,현대1차101동~106동,,176.56,6,1984,200000,2017-12-24,,,,,,
강남구,11680,10400,청담동,109-16,11680-3736,청담범신칼릭스빌2차,,102.69,7,2007,120000,2017-12-26,,,,,,
강남구,11680,11000,압구정동,456,11680-420,"현대6차(78~81,83,84,86,87동)",,196.7,5,1978,405000,2017-12-21,,,,,,
강남구,11680,11800,도곡동,467-7,11680-566,아카데미스위트1,,83,16,2004,86300,2017-12-29,,,,,,
강남구,11680,10400,청담동,50-5,11680-474,대우유로카운티,,121.48,3,2004,129000,2017-12-26,,,,,,
강남구,11680,11100,세곡동,533,11680-4090,세곡푸르지오,,84.84,10,2012,93900,2017-12-30,,,,,,
강남구,11680,11400,일원동,718,11680-304,샘터마을,,101.97,11,1994,145000,2017-12-28,,,,,,
강남구,11680,10700,신사동,506-9,11680-3821,래미안신사,,84.89,3,2008,120000,2017-12-31,,,,,,
강남구,11680,10500,삼성동,11,11680-3733,롯데캐슬프레미어,,176.613,8,2007,235000,2017-12-25,,,,,,
강남구,11680,11800,도곡동,963,11680-327,럭키(963),,124.66,4,1995,142000,2017-12-22,,,,,,
강남구,11680,10100,역삼동,713-7,11680-3766,래미안펜타빌,,157.41,9,2007,185000,2017-12-23,,,,,,
강남구,11680,11000,압구정동,481,11680-422,현대8차(성수현대:91~95동),,107.64,5,1980,210000,2017-12-22,,,,,,
강남구,11680,10300,개포동,652,11680-283,개포우성3차,,133.46,10,1984,175000,2017-12-16,,,,,,
강남구,11680,11000,압구정동,434,11680-426,신현대12차,,170.38,12,1982,301500,2017-12-26,,,,,,
강남구,11680,10800,논현동,22,11680-109,신동아(22),,35.73,2,1997,60400,2017-12-28,,,,,,
강남구,11680,10800,논현동,205-2,11680-699,논현동한화꿈에그린,,67.671,6,2005,79000,2017-12-30,,,,,,
강남구,11680,11100,세곡동,579,11680-4199,강남엘에이치1단지,,59.99,1,2013,75000,2017-12-30,,,,,,
강남구,11680,11000,압구정동,455,11680-419,"현대5차(71,72동)",,82.23,8,1977,230000,2017-12-28,,,,,,
강남구,11680,11500,수서동,795,11680-4324,강남데시앙포레,,114.45,13,2014,151000,2017-12-26,,,,,,
강남구,11680,10100,역삼동,716,11680-237,동부센트레빌,,59.97,7,1998,87500,2017-12-21,,,,,,
강남구,11680,11800,도곡동,957-11,11680-3731,도곡스타클래스,,111.38,17,2007,93000,2017-12-21,,,,,,
강남구,11680,10300,개포동,12,11680-279,삼익대청아파트,,51.12,13,1992,90000,2017-12-27,,,,,,
강남구,11680,11800,도곡동,527,11680-3623,도곡렉슬,,84.9231,10,2006,170000,2017-12-30,,,,,,
강남구,11680,11800,도곡동,200-5,11680-704,월드메르디앙102동,,120.94,7,2005,114000,2017-12-27,,,,,,
강남구,11680,11000,압구정동,455,11680-419,"현대5차(71,72동)",,82.23,2,1977,240000,2017-12-31,,,,,,
강남구,11680,10300,개포동,649,11680-278,경남2차,,186.16,11,1984,219000,2017-12-20,,,,,,
강남구,11680,10600,대치동,1014-3,11680-205,대치삼성,,84.58,12,2000,149000,2017-12-23,,,,,,
강남구,11680,10600,대치동,511,11680-222,한보미도맨션1,,84.48,7,1983,190000,2017-12-23,,,,,,
강남구,11680,10400,청담동,125,11680-623,범신칼릭스빌,,84.78,4,2005,90000,2017-12-27,,,,,,
강남구,11680,10100,역삼동,761-9,11680-499,상지리츠빌(1호라인),,153.65,14,2004,135000,2017-12-30,,,,,,
강남구,11680,10700,신사동,626-1,11680-485,진흥아마란스,,180.92,5,2005,105000,2017-12-30,,,,,,
강남구,11680,11800,도곡동,465,11680-337,우성4,,126.46,6,1985,200000,2017-12-28,,,,,,
강남구,11680,11400,일원동,719,11680-308,푸른마을아파트101동~111동,,84.93,2,1994,120000,2017-12-27,,,,,,
강남구,11680,11000,압구정동,397,11680-20,미성2차,,140.9,6,1987,250000,2017-12-23,,,,,,
강남구,11680,10300,개포동,179,11680-285,우성8,,79.61,6,1987,131000,2017-12-22,,,,,,
강남구,11680,10100,역삼동,713-7,11680-3766,래미안펜타빌,,138.54,16,2007,175000,2017-12-30,,,,,,
강남구,11680,11400,일원동,735,11680-299,가람,,84.95,2,1993,140000,2017-12-22,,,,,,
강남구,11680,10600,대치동,1027,11680-4394,래미안대치팰리스,,84.99,7,2015,200000,2017-12-12,,,,,,
강남구,11680,11500,수서동,747,11680-316,삼성,,84.97,15,1997,102000,2017-12-23,,,,,,
강남구,11680,11000,압구정동,490,11680-378,한양1차(영동한양),,78.05,3,1977,193000,2017-12-26,,,,,,
강남구,11680,10500,삼성동,99-12,11680-172,강변삼부아파트,,81.943,11,2000,115000,2017-12-29,,,,,,
강남구,11680,11000,압구정동,426,11680-423,신현대9차,,108.88,2,1982,230000,2017-12-22,,,,,,
강남구,11680,10600,대치동,1027,11680-4394,래미안대치팰리스,,114.17,20,2015,295000,2017-12-28,,,,,,
강남구,11680,11800,도곡동,527,11680-3623,도곡렉슬,,59.9772,12,2006,115000,2017-12-29,,,,,,
강남구,11680,11800,도곡동,895-8,11680-350,한신엠비씨,,117.57,14,1988,134500,2017-12-18,,,,,,
강남구,11680,10100,역삼동,716,11680-237,동부센트레빌,,84.97,11,1998,130000,2017-12-29,,,,,,
강남구,11680,10100,역삼동,755-4,11680-3622,e-편한세상,,59.947,4,2005,128000,2017-12-30,,,,,,
강남구,11680,11000,압구정동,426,11680-423,신현대9차,,108.88,8,1982,237000,2017-12-20,,,,,,
강남구,11680,11200,자곡동,686,11680-4298,강남한양수자인(4단지),,114.46,1,2014,101000,2017-12-29,,,,,,
강남구,11680,11000,압구정동,456,11680-420,"현대6차(78~81,83,84,86,87동)",,157.36,1,1978,310000,2017-12-18,,,,,,
강남구,11680,10500,삼성동,98-11,11680-407,삼부아그레빌,,84.611,6,2003,120000,2017-12-26,,,,,,
강남구,11680,11800,도곡동,527,11680-3623,도곡렉슬,,119.8906,18,2006,190000,2017-12-30,,,,,,
강남구,11680,10100,역삼동,762-3,11680-3905,래미안그레이튼(진달래2차),,84.87,7,2010,160000,2017-12-30,,,,,,
강남구,11680,10600,대치동,888,11680-3752,대치아이파크,,59.96,13,2008,130000,2017-12-23,,,,,,
강남구,11680,10600,대치동,500,11680-216,개포우성2,,127.78,2,1984,285000,2017-12-30,,,,,,
강남구,11680,10100,역삼동,754-1,11680-3643,역삼푸르지오,,59.8848,9,2006,118000,2017-12-23,,,,,,
강남구,11680,10600,대치동,503,11680-372,개포우성1,,84.81,9,1983,200000,2017-12-30,,,,,,
강남구,11680,10500,삼성동,98-18,11680-515,대우멤버스카운티(101동),,152.73,1,2004,158000,2017-12-22,,,,,,
강남구,11680,10800,논현동,258,11680-559,두산위브2단지,,84.721,10,2004,103500,2017-12-11,,,,,,
강남구,11680,10100,역삼동,722,11680-276,경남아너스빌,,81.013,8,2002,82500,2017-12-14,,,,,,
강남구,11680,11800,도곡동,933,11680-3962,도곡쌍용예가,,107.53,10,1978,130000,2017-12-18,,,,,,
강남구,11680,10100,역삼동,835-67,11680-411,금호어울림,,84.95,14,2003,98000,2017-12-19,,,,,,
강남구,11680,11500,수서동,736,11680-319,신동아,,33.18,6,1992,60000,2017-12-22,,,,,,
강남구,11680,11000,압구정동,434,11680-426,신현대12차,,107.16,3,1982,230000,2017-12-27,,,,,,
강남구,11680,11500,수서동,708,11680-317,삼익,,60,15,1992,83000,2017-12-22,,,,,,
강남구,11680,10600,대치동,888,11680-3752,대치아이파크,,119.58,18,2008,205000,2017-12-22,,,,,,
강남구,11680,11500,수서동,736,11680-319,신동아,,39.51,10,1992,70800,2017-12-23,,,,,,
강남구,11680,11800,도곡동,527,11680-3623,도곡렉슬,,59.9772,18,2006,119500,2017-12-27,,,,,,
강남구,11680,11800,도곡동,538-3,11680-4173,래미안도곡카운티,,59.98,5,2016,126000,2017-12-22,,,,,,
강남구,11680,11800,도곡동,467,11680-364,타워팰리스1,,174.67,45,2002,265000,2017-12-26,,,,,,
강남구,11680,10500,삼성동,113-17,11680-186,삼성더파크뷰,,200.95,6,1997,145000,2017-12-15,,,,,,
강남구,11680,11800,도곡동,467-7,11680-566,아카데미스위트1,,128.74,40,2004,128000,2017-12-22,,,,,,
강남구,11680,11800,도곡동,467-29,11680-470,타워팰리스3,,141.648,51,2004,204000,2017-12-14,,,,,,
강남구,11680,10300,개포동,12,11680-280,성원대치2단지아파트,,49.86,6,1992,92000,2017-12-23,,,,,,
강남구,11680,10300,개포동,185,11680-578,개포주공7단지,,83.7,6,1983,157000,2017-12-21,,,,,,
강남구,11680,10600,대치동,1014-3,11680-205,대치삼성,,108.52,3,2000,169500,2017-12-25,,,,,,
강남구,11680,10400,청담동,14,11680-3650,"청담2차이-편한세상(201동,202동,203동)",,84.97,6,2006,121000,2017-12-13,,,,,,
강남구,11680,10500,삼성동,144-14,11680-3709,채널리저브,,84.94,14,2007,120000,2017-12-29,,,,,,
강남구,11680,11500,수서동,795,11680-4324,강남데시앙포레,,84.92,4,2014,109000,2017-12-07,,,,,,
강남구,11680,11500,수서동,747,11680-316,삼성,,84.97,7,1997,124000,2017-12-28,,,,,,
강남구,11680,10600,대치동,1014-3,11680-205,대치삼성,,97.35,6,2000,166000,2017-12-16,,,,,,
강남구,11680,10600,대치동,316,11680-218,은마,,76.79,5,1979,146500,2017-12-23,,,,,,
강남구,11680,10700,신사동,562,11680-545,신사파크빌A동,,107.56,7,2004,95000,2017-12-16,,,,,,
강남구,11680,11400,일원동,615-1,11680-310,개포한신,,107.6,13,1984,130000,2017-12-26,,,,,,
강남구,11680,10600,대치동,888,11680-3752,대치아이파크,,84.93,21,2008,170000,2017-12-27,,,,,,
강남구,11680,11500,수서동,746,11680-314,까치마을,,39.6,5,1993,66000,2017-12-22,,,,,,
강남구,11680,11000,압구정동,490,11680-378,한양1차(영동한양),,78.05,9,1977,198000,2017-12-21,,,,,,
강남구,11680,10100,역삼동,754-1,11680-3643,역삼푸르지오,,59.8848,4,2006,114500,2017-12-20,,,,,,
강남구,11680,11000,압구정동,510,11680-383,한양8(81동한개동),,210.1,8,1984,395000,2017-12-22,,,,,,
강남구,11680,11200,자곡동,611,11680-4319,래미안강남힐즈,,101.94,15,2014,121000,2017-12-18,,,,,,
강남구,11680,11800,도곡동,527,11680-3623,도곡렉슬,,84.9984,5,2006,170000,2017-12-20,,,,,,
강남구,11680,11400,일원동,615,11680-306,우성7,,68.39,2,1987,110000,2017-12-21,,,,,,
강남구,11680,11800,도곡동,467,11680-364,타워팰리스1,,164.97,48,2002,209000,2017-12-28,,,,,,
강남구,11680,11800,도곡동,467,11680-364,타워팰리스1,,164.97,24,2002,200000,2017-12-24,,,,,,
강남구,11680,10100,역삼동,754,11680-3680,개나리래미안,,129.96,8,2006,170000,2017-12-22,,,,,,
강남구,11680,11000,압구정동,490,11680-378,한양1차(영동한양),,63.87,6,1977,165000,2017-12-19,,,,,,
강남구,11680,11300,율현동,365,11680-4398,강남한신휴플러스6단지,,84.83,1,2015,84000,2017-12-14,,,,,,
강남구,11680,11500,수서동,736,11680-319,신동아,,39.53,12,1992,70000,2017-12-13,,,,,,
강남구,11680,10100,역삼동,754,11680-3680,개나리래미안,,84.93,2,2006,148000,2017-12-29,,,,,,
강남구,11680,10600,대치동,316,11680-218,은마,,76.79,2,1979,142000,2017-12-11,,,,,,
강남구,11680,11800,도곡동,467,11680-364,타워팰리스1,,164.95,14,2002,240000,2017-12-30,,,,,,
강남구,11680,10600,대치동,1025,11680-3739,롯데캐슬리베,,121.0894,7,2008,181000,2017-12-30,,,,,,
강남구,11680,11000,압구정동,490,11680-378,한양1차(영동한양),,63.87,11,1977,165000,2017-12-16,,,,,,
강남구,11680,10800,논현동,276-1,11680-4356,아크로힐스논현,,84.074,11,2014,140000,2017-12-30,,,,,,
강남구,11680,10300,개포동,185,11680-290,개포주공6단지,,73.02,5,1983,149000,2017-12-28,,,,,,
강남구,11680,11000,압구정동,455,11680-419,"현대5차(71,72동)",,82.23,1,1977,220000,2017-12-13,,,,,,
강남구,11680,10500,삼성동,82-1,11680-3936,삼성동헤렌하우스2(82-1),,168.07,5,2010,253000,2017-12-20,,,,,,
강남구,11680,10600,대치동,1027,11680-4394,래미안대치팰리스,,84.98,16,2015,210000,2017-12-20,,,,,,
강남구,11680,10500,삼성동,87,11680-472,아이파크,,156.857,16,2004,305000,2017-12-22,,,,,,
강남구,11680,11800,도곡동,934-10,11680-339,도곡우성아파트,,84.83,6,1986,110000,2017-12-30,,,,,,
강남구,11680,10600,대치동,316,11680-218,은마,,76.79,6,1979,149500,2017-12-18,,,,,,
강남구,11680,10400,청담동,60,11680-34,삼성청담공원아파트,,107.22,1,1999,120000,2017-12-15,,,,,,
강남구,11680,10100,역삼동,765-32,11680-3760,역삼2차아이파크,,119.095,10,2008,143000,2017-12-11,,,,,,
강남구,11680,10100,역삼동,757,11680-3621,역삼래미안,,59.53,15,2005,118000,2017-12-29,,,,,,
강남구,11680,11000,압구정동,481,11680-422,현대8차(성수현대:91~95동),,107.64,6,1980,215000,2017-12-23,,,,,,
강남구,11680,10600,대치동,316,11680-218,은마,,84.43,11,1979,167000,2017-12-18,,,,,,
강남구,11680,10600,대치동,888,11680-3752,대치아이파크,,149.78,16,2008,220000,2017-12-18,,,,,,
강남구,11680,10100,역삼동,713-11,11680-3679,역삼I'PARK,,144.431,6,2006,179000,2017-12-29,,,,,,
강남구,11680,11800,도곡동,467-7,11680-566,아카데미스위트1,,122.07,21,2004,125000,2017-12-15,,,,,,
강남구,11680,10400,청담동,108,11680-65,청담건영,,84.595,4,1994,125000,2017-12-22,,,,,,
강남구,11680,10300,개포동,649,11680-277,경남1,,96.98,7,1984,150000,2017-12-24,,,,,,
강남구,11680,11800,도곡동,527,11680-3623,도곡렉슬,,59.9818,3,2006,133000,2017-12-16,,,,,,
강남구,11680,10600,대치동,907-2,11680-682,대치한신휴플러스,,84.99,4,2005,100000,2017-12-11,,,,,,
강남구,11680,11400,일원동,718,11680-304,샘터마을,,134.438,12,1994,145000,2017-12-13,,,,,,
강남구,11680,11000,압구정동,462,11680-418,현대4차저층(51~56동),,117.91,4,1977,320000,2017-12-15,,,,,,
강남구,11680,11400,일원동,719,11680-308,푸른마을아파트101동~111동,,84.93,5,1994,118000,2017-12-11,,,,,,
강남구,11680,11300,율현동,365,11680-4398,강남한신휴플러스6단지,,59.98,5,2015,75000,2017-12-20,,,,,,
강남구,11680,11100,세곡동,579,11680-4199,강남엘에이치1단지,,59.99,2,2013,77500,2017-12-21,,,,,,
강남구,11680,11000,압구정동,528,11680-384,한양7,,137.55,5,1981,269000,2017-12-18,,,,,,
강남구,11680,10600,대치동,888,11680-3752,대치아이파크,,114.97,1,2008,175000,2017-12-12,,,,,,
강남구,11680,10300,개포동,649,11680-278,경남2차,,182.2,5,1984,200000,2017-12-15,,,,,,
강남구,11680,11000,압구정동,513,11680-382,한양5,,115.24,5,1979,230000,2017-12-16,,,,,,
강남구,11680,11000,압구정동,369-1,11680-415,"현대1차(12,13,21,22,31,32,33동)",,161.18,2,1976,310000,2017-12-18,,,,,,
강남구,11680,10600,대치동,506,11680-3559,선경2차(8동-12동),,127.75,1,1985,240000,2017-12-10,,,,,,
강남구,11680,10600,대치동,316,11680-218,은마,,84.43,2,1979,165000,2017-12-19,,,,,,
강남구,11680,11400,일원동,716,11680-301,목련타운,,134.71,15,1993,160000,2017-12-19,,,,,,
강남구,11680,10500,삼성동,87,11680-472,아이파크,,167.72,35,2004,379000,2017-12-14,,,,,,
강남구,11680,11800,도곡동,963,11680-327,럭키(963),,124.66,15,1995,143000,2017-12-13,,,,,,
강남구,11680,10600,대치동,1027,11680-4394,래미안대치팰리스,,94.49,3,2015,209000,2017-12-11,,,,,,
강남구,11680,10100,역삼동,763-16,11680-3871,래미안그레이튼,,70.98,4,2009,121000,2017-12-16,,,,,,
강남구,11680,10100,역삼동,713-7,11680-3766,래미안펜타빌,,157.37,12,2007,190000,2017-12-26,,,,,,
강남구,11680,11000,압구정동,481,11680-422,현대8차(성수현대:91~95동),,163.67,8,1980,280000,2017-12-18,,,,,,
강남구,11680,10600,대치동,506,11680-211,선경1차(1동-7동),,117.7,7,1983,238000,2017-12-12,,,,,,
강남구,11680,10400,청담동,127-31,11680-78,청담현대3차아파트,,59.95,8,1999,95000,2017-12-09,,,,,,
강남구,11680,10800,논현동,276-1,11680-4356,아크로힐스논현,,113.087,17,2014,160000,2017-12-28,,,,,,
강남구,11680,11100,세곡동,525,11680-4003,강남데시앙파크,,114.69,6,2011,95500,2017-12-26,,,,,,
강남구,11680,11200,자곡동,686,11680-4298,강남한양수자인(4단지),,114.46,2,2014,110000,2017-12-30,,,,,,
강남구,11680,11400,일원동,719,11680-308,푸른마을아파트101동~111동,,84.93,4,1994,120000,2017-12-21,,,,,,
강남구,11680,10600,대치동,992,11680-225,현대1,,84.27,5,1990,115000,2017-12-21,,,,,,
강남구,11680,11800,도곡동,527,11680-3623,도곡렉슬,,119.8906,6,2006,188000,2017-12-12,,,,,,
강남구,11680,11500,수서동,746,11680-314,까치마을,,49.5,4,1993,79000,2017-12-20,,,,,,
강남구,11680,10100,역삼동,762-3,11680-3905,래미안그레이튼(진달래2차),,121.54,7,2010,165000,2017-12-17,,,,,,
강남구,11680,10600,대치동,974,11680-206,대치현대,,59.82,7,1999,96000,2017-12-27,,,,,,
강남구,11680,11200,자곡동,618,11680-4341,강남브리즈힐(토지임대부아파트),,74.04,15,2014,70000,2017-12-28,,,,,,
강남구,11680,11800,도곡동,869,11680-332,삼익,,104.01,12,1983,110000,2017-12-26,,,,,,
강남구,11680,11500,수서동,746,11680-314,까치마을,,39.6,10,1993,68000,2017-12-20,,,,,,
강남구,11680,11800,도곡동,538-3,11680-4173,래미안도곡카운티,,59.98,8,2016,127500,2017-12-29,,,,,,
강남구,11680,11800,도곡동,527,11680-3623,도곡렉슬,,114.9931,2,2006,178000,2017-12-09,,,,,,
강남구,11680,11000,압구정동,434,11680-426,신현대12차,,107.16,10,1982,231000,2017-12-16,,,,,,
강남구,11680,10100,역삼동,754-1,11680-3643,역삼푸르지오,,84.9097,10,2006,153000,2017-12-27,,,,,,
강남구,11680,10500,삼성동,52-9,11680-513,삼성리치빌1,,84.98,4,2003,97000,2017-12-09,,,,,,
강남구,11680,11800,도곡동,467,11680-364,타워팰리스1,,137.24,8,2002,185000,2017-12-08,,,,,,
강남구,11680,11800,도곡동,467-7,11680-566,아카데미스위트1,,122.07,6,2004,120000,2017-12-08,,,,,,
강남구,11680,11800,도곡동,467,11680-364,타워팰리스1,,84.16,24,2002,141250,2017-12-08,,,,,,
강남구,11680,10600,대치동,1014-3,11680-205,대치삼성,,97.35,19,2000,165000,2017-12-06,,,,,,
강남구,11680,10100,역삼동,754-1,11680-3643,역삼푸르지오,,84.9097,2,2006,145000,2017-12-30,,,,,,
강남구,11680,10100,역삼동,755-4,11680-3622,e-편한세상,,84.991,5,2005,157000,2017-12-29,,,,,,
강남구,11680,10800,논현동,105,11680-121,동현아파트1~6,,84.92,11,1985,116000,2017-12-20,,,,,,
강남구,11680,10600,대치동,888,11680-3752,대치아이파크,,84.95,10,2008,160000,2017-12-23,,,,,,
강남구,11680,10100,역삼동,754-1,11680-3643,역삼푸르지오,,84.9097,4,2006,135000,2017-12-14,,,,,,
강남구,11680,11000,압구정동,448,11680-427,현대13차(208~211동),,105.45,13,1983,260000,2017-12-30,,,,,,
강남구,11680,10500,삼성동,17,11680-168,삼성동롯데아파트,,84.87,14,2000,134000,2017-12-29,,,,,,
강남구,11680,10600,대치동,316,11680-218,은마,,76.79,6,1979,145000,2017-12-13,,,,,,
강남구,11680,10800,논현동,22,11680-109,신동아(22),,35.73,11,1997,66500,2017-12-15,,,,,,
강남구,11680,10800,논현동,22,11680-109,신동아(22),,114.34,8,1997,119000,2017-12-09,,,,,,
강남구,11680,10800,논현동,22,11680-109,신동아(22),,84.52,3,1997,102400,2017-12-09,,,,,,
강남구,11680,10600,대치동,888,11680-3752,대치아이파크,,59.96,1,2008,119500,2017-12-13,,,,,,
강남구,11680,11400,일원동,734,11680-303,상록수,,84.95,2,1993,137000,2017-12-19,,,,,,
강남구,11680,11500,수서동,736,11680-319,신동아,,39.51,1,1992,64000,2017-12-05,,,,,,
강남구,11680,11800,도곡동,869,11680-332,삼익,,104.01,3,1983,109000,2017-12-18,,,,,,
강남구,11680,10600,대치동,316,11680-218,은마,,76.79,14,1979,143000,2017-12-06,,,,,,
강남구,11680,11400,일원동,719,11680-308,푸른마을아파트101동~111동,,59.76,4,1994,87000,2017-12-09,,,,,,
강남구,11680,11400,일원동,615,11680-306,우성7,,83.69,13,1987,137000,2017-12-19,,,,,,
강남구,11680,10300,개포동,141,11680-573,개포주공1단지,,50.64,4,1982,160000,2017-12-29,,,,,,
강남구,11680,10700,신사동,658,11680-3,로데오현대,,90.94,5,1998,93900,2017-12-15,,,,,,
강남구,11680,10300,개포동,185,11680-578,개포주공7단지,,73.26,1,1983,141000,2017-12-08,,,,,,
강남구,11680,10400,청담동,60,11680-34,삼성청담공원아파트,,107.22,6,1999,138000,2017-12-14,,,,,,
강남구,11680,10100,역삼동,755-4,11680-3622,e-편한세상,,59.606,14,2005,124000,2017-12-23,,,,,,
강남구,11680,10400,청담동,128-18,11680-3685,상지리츠빌카일룸2차,,244.32,15,2006,570000,2017-12-23,,,,,,
강남구,11680,10100,역삼동,765-32,11680-3760,역삼2차아이파크,,84.587,4,2008,131000,2017-12-11,,,,,,
강남구,11680,11800,도곡동,964,11680-352,현대그린1,,84.93,13,2006,97500,2017-12-19,,,,,,
강남구,11680,10400,청담동,30-33,11680-98,청담대림이-편한세상,,81.84,6,2002,127000,2017-12-11,,,,,,
강남구,11680,11800,도곡동,467,11680-364,타워팰리스1,,164.97,46,2002,211000,2017-12-06,,,,,,
강남구,11680,10100,역삼동,757,11680-3621,역삼래미안,,80.87,4,2005,141500,2017-12-30,,,,,,
강남구,11680,11300,율현동,365,11680-4398,강남한신휴플러스6단지,,59.98,1,2015,67000,2017-12-20,,,,,,
강남구,11680,11800,도곡동,464,11680-349,한신(개포),,83.86,2,1985,160000,2017-12-16,,,,,,
강남구,11680,10600,대치동,511,11680-481,한보미도맨션2,,115.05,10,1985,215500,2017-12-08,,,,,,
강남구,11680,10500,삼성동,98-9,11680-514,대우멤버스카운티(102동),,136.1,4,2004,160000,2017-12-13,,,,,,
강남구,11680,10600,대치동,888,11680-3752,대치아이파크,,149.78,15,2008,227000,2017-12-13,,,,,,
강남구,11680,10100,역삼동,755-4,11680-3622,e-편한세상,,59.606,2,2005,120000,2017-12-26,,,,,,
강남구,11680,11400,일원동,615,11680-306,우성7,,83.69,11,1987,141000,2017-12-21,,,,,,
강남구,11680,10600,대치동,902,11680-532,포스코더샵,,164.88,6,2004,188000,2017-12-21,,,,,,
강남구,11680,11800,도곡동,467-7,11680-566,아카데미스위트1,,122.07,37,2004,130000,2017-12-14,,,,,,
강남구,11680,11800,도곡동,933,11680-3962,도곡쌍용예가,,108.4,1,1978,120000,2017-12-27,,,,,,
강남구,11680,10600,대치동,1014-1,11680-209,삼성2차,,162.51,4,1999,165000,2017-12-19,,,,,,
강남구,11680,10600,대치동,316,11680-218,은마,,76.79,14,1979,146000,2017-12-22,,,,,,
강남구,11680,10400,청담동,14,11680-3650,"청담2차이-편한세상(201동,202동,203동)",,101.7,3,2006,130000,2017-12-25,,,,,,
강남구,11680,10300,개포동,12,11680-280,성원대치2단지아파트,,39.53,7,1992,78500,2017-12-18,,,,,,
강남구,11680,10600,대치동,316,11680-218,은마,,76.79,13,1979,144000,2017-12-12,,,,,,
강남구,11680,11800,도곡동,895-8,11680-350,한신엠비씨,,58.46,13,1988,85000,2017-12-16,,,,,,
강남구,11680,11200,자곡동,618,11680-4341,강남브리즈힐(토지임대부아파트),,74.04,6,2014,66700,2017-12-23,,,,,,
강남구,11680,10600,대치동,1029,11680-4637,대치SKVIEW,,84.3865,2,2017,182500,2017-12-16,,,,,,
강남구,11680,11200,자곡동,618,11680-4341,강남브리즈힐(토지임대부아파트),,74.04,2,2014,63800,2017-12-26,,,,,,
강남구,11680,10100,역삼동,754,11680-3680,개나리래미안,,129.8,8,2006,179000,2017-12-23,,,,,,
강남구,11680,11000,압구정동,434,11680-426,신현대12차,,121.18,3,1982,248000,2017-12-16,,,,,,
강남구,11680,11800,도곡동,963,11680-327,럭키(963),,124.66,3,1995,139500,2017-12-14,,,,,,
강남구,11680,10500,삼성동,2,11680-177,서광아파트,,59.67,8,1998,105000,2017-12-26,,,,,,
강남구,11680,11800,도곡동,964,11680-352,현대그린1,,84.93,9,2006,100000,2017-12-09,,,,,,
강남구,11680,10100,역삼동,644-6,11680-266,로얄빌리지,,55.68,4,2002,40000,2017-12-19,,,,,,
강남구,11680,10600,대치동,316,11680-218,은마,,76.79,9,1979,144000,2017-12-05,,,,,,
강남구,11680,11800,도곡동,467-17,11680-365,타워팰리스2,,160.17,43,2003,201500,2017-12-10,,,,,,
강남구,11680,10600,대치동,1014-3,11680-205,대치삼성,,84.58,11,2000,143000,2017-12-07,,,,,,
강남구,11680,11000,압구정동,490,11680-378,한양1차(영동한양),,63.87,9,1977,163000,2017-12-04,,,,,,
강남구,11680,11000,압구정동,397,11680-20,미성2차,,140.9,16,1987,257000,2017-12-04,,,,,,
강남구,11680,11800,도곡동,963,11680-327,럭키(963),,124.66,5,1995,141500,2017-12-04,,,,,,
강남구,11680,10100,역삼동,755-1,11680-3678,개나리푸르지오,,133.1686,7,2006,180000,2017-12-11,,,,,,
강남구,11680,10300,개포동,652,11680-283,개포우성3차,,161,6,1984,185000,2017-12-13,,,,,,
강남구,11680,10100,역삼동,720-25,11680-275,대우디오빌,,59.505,25,2002,62000,2017-12-13,,,,,,
강남구,11680,10400,청담동,108,11680-65,청담건영,,84.595,6,1994,117000,2017-12-15,,,,,,
강남구,11680,10600,대치동,992,11680-225,현대1,,84.89,1,1990,106800,2017-12-11,,,,,,
강남구,11680,10100,역삼동,794-28,11680-233,거평빌라트,,186.03,6,1996,94500,2017-12-18,,,,,,
강남구,11680,11000,압구정동,486,11680-381,한양4,,101.09,2,1978,185000,2017-12-04,,,,,,
강남구,11680,10100,역삼동,763-16,11680-3871,래미안그레이튼,,70.98,19,2009,125000,2017-12-11,,,,,,
강남구,11680,11400,일원동,626,11680-302,삼성,,61.35,1,1986,82000,2017-12-19,,,,,,
강남구,11680,10600,대치동,316,11680-218,은마,,84.43,8,1979,166000,2017-12-11,,,,,,
강남구,11680,10400,청담동,60,11680-34,삼성청담공원아파트,,107.22,5,1999,120000,2017-12-02,,,,,,
강남구,11680,11800,도곡동,467-19,11680-354,현대비젼21,,32.65,16,1999,31000,2017-12-05,,,,,,
강남구,11680,10600,대치동,500,11680-216,개포우성2,,84.69,1,1984,185000,2017-12-09,,,,,,
강남구,11680,11800,도곡동,966,11680-328,매봉삼성,,84.95,9,1999,94000,2017-12-08,,,,,,
강남구,11680,11800,도곡동,527,11680-3623,도곡렉슬,,84.9984,21,2006,170000,2017-12-15,,,,,,
강남구,11680,11400,일원동,731,11680-309,한솔마을,,84.73,4,1994,138000,2017-12-10,,,,,,
강남구,11680,11000,압구정동,528,11680-384,한양7,,106.22,11,1981,198500,2017-12-05,,,,,,
강남구,11680,10100,역삼동,710,11680-252,현대까르띠에710,,149.7,13,2001,150000,2017-12-14,,,,,,
강남구,11680,11800,도곡동,467-6,11680-323,대림아크로빌,,172.467,4,1999,153000,2017-12-29,,,,,,
강남구,11680,11100,세곡동,533,11680-4090,세곡푸르지오,,84.83,6,2012,93300,2017-12-16,,,,,,
강남구,11680,11100,세곡동,533,11680-4090,세곡푸르지오,,84.84,3,2012,92000,2017-12-05,,,,,,
강남구,11680,10700,신사동,626-1,11680-485,진흥아마란스,,141.77,5,2005,91000,2017-12-26,,,,,,
강남구,11680,11000,압구정동,462,11680-418,현대4차저층(51~56동),,117.91,2,1977,340000,2017-12-28,,,,,,
강남구,11680,11500,수서동,712,11680-318,수서한아름,,129.45,15,1993,125700,2017-12-15,,,,,,
강남구,11680,11200,자곡동,611,11680-4319,래미안강남힐즈,,91.96,10,2014,107500,2017-12-01,,,,,,
강남구,11680,11500,수서동,738,11680-315,동익,,84.46,8,1993,95000,2017-12-16,,,,,,
강남구,11680,11200,자곡동,611,11680-4319,래미안강남힐즈,,91.96,15,2014,106000,2017-12-23,,,,,,
강남구,11680,10100,역삼동,754-1,11680-3643,역삼푸르지오,,59.8848,7,2006,120000,2017-12-19,,,,,,
강남구,11680,10300,개포동,658-1,11680-284,개포6차우성아파트1동~8동,,79.97,4,1987,123500,2017-12-22,,,,,,
강남구,11680,10400,청담동,14,11680-3650,"청담2차이-편한세상(201동,202동,203동)",,113.21,5,2006,135000,2017-12-06,,,,,,
강남구,11680,11800,도곡동,91-5,11680-331,삼성래미안,,84.76,15,2001,130000,2017-12-04,,,,,,
강남구,11680,10500,삼성동,110-2,11680-4197,삼성동라테라스,,123.54,3,2013,198000,2017-12-19,,,,,,
강남구,11680,10300,개포동,185,11680-578,개포주공7단지,,73.26,3,1983,145000,2017-12-08,,,,,,
강남구,11680,10600,대치동,974,11680-206,대치현대,,101.6,15,1999,142500,2017-12-21,,,,,,
강남구,11680,11500,수서동,736,11680-319,신동아,,39.51,10,1992,68000,2017-12-14,,,,,,
강남구,11680,10600,대치동,316,11680-218,은마,,84.43,5,1979,161000,2017-12-19,,,,,,
강남구,11680,11800,도곡동,895-8,11680-350,한신엠비씨,,84.74,6,1988,93500,2017-12-10,,,,,,
강남구,11680,11000,압구정동,443,11680-417,현대3차(61~64동),,82.5,2,1976,185000,2017-12-14,,,,,,
강남구,11680,11800,도곡동,467-7,11680-566,아카데미스위트1,,164.87,15,2004,150000,2017-12-20,,,,,,
강남구,11680,11800,도곡동,527,11680-3623,도곡렉슬,,59.9772,23,2006,109000,2017-12-16,,,,,,
강남구,11680,10600,대치동,316,11680-218,은마,,76.79,13,1979,150000,2017-12-23,,,,,,
강남구,11680,11800,도곡동,199-4,11680-3879,도곡지웰카운티101동,,107.11,1,2010,110000,2017-12-29,,,,,,
강남구,11680,11000,압구정동,513,11680-382,한양5,,100.5,2,1979,215000,2017-12-29,,,,,,
강남구,11680,10300,개포동,141,11680-573,개포주공1단지,,35.64,3,1982,113000,2017-12-19,,,,,,
강남구,11680,11400,일원동,735,11680-299,가람,,75.16,5,1993,118000,2017-12-17,,,,,,
강남구,11680,11500,수서동,795,11680-4324,강남데시앙포레,,84.86,12,2014,120000,2017-12-06,,,,,,
강남구,11680,10300,개포동,12,11680-280,성원대치2단지아파트,,33.18,15,1992,65000,2017-12-14,,,,,,
강남구,11680,11800,도곡동,527,11680-3623,도곡렉슬,,84.9984,20,2006,160000,2017-12-02,,,,,,
강남구,11680,10600,대치동,500,11680-216,개포우성2,,127.78,4,1984,256000,2017-12-12,,,,,,
강남구,11680,10500,삼성동,50,11680-3830,현대힐스테이트2단지,,43.842,19,2008,101000,2017-12-20,,,,,,
강남구,11680,10600,대치동,316,11680-218,은마,,76.79,2,1979,142000,2017-12-03,,,,,,
강남구,11680,11800,도곡동,527,11680-3623,도곡렉슬,,120.8233,4,2006,179000,2017-12-07,,,,,,
강남구,11680,10100,역삼동,716,11680-237,동부센트레빌,,59.82,14,1998,90000,2017-12-23,,,,,,
강남구,11680,10600,대치동,1027,11680-4394,래미안대치팰리스,,151.31,26,2015,300000,2017-12-06,,,,,,
강남구,11680,10100,역삼동,713-7,11680-3766,래미안펜타빌,,158.58,7,2007,185000,2017-12-27,,,,,,
강남구,11680,10100,역삼동,713-11,11680-3679,역삼I'PARK,,144.431,14,2006,167000,2017-12-07,,,,,,
강남구,11680,10100,역삼동,713-7,11680-3766,래미안펜타빌,,138.54,4,2007,162000,2017-12-23,,,,,,
강남구,11680,11000,압구정동,490,11680-378,한양1차(영동한양),,63.87,11,1977,172000,2017-12-20,,,,,,
강남구,11680,11000,압구정동,528,11680-384,한양7,,137.55,4,1981,265000,2017-12-02,,,,,,
강남구,11680,10500,삼성동,79,11680-200,홍실아파트,,108.06,6,1981,180000,2017-12-01,,,,,,
강남구,11680,10300,개포동,12,11680-280,성원대치2단지아파트,,33.18,14,1992,64500,2017-12-02,,,,,,
강남구,11680,11800,도곡동,967,11680-320,경남,,59.76,5,2005,89000,2017-12-21,,,,,,
강남구,11680,10100,역삼동,835-67,11680-411,금호어울림,,133.77,8,2003,115000,2017-12-09,,,,,,
강남구,11680,11000,압구정동,513,11680-382,한양5,,115.24,9,1979,230000,2017-12-15,,,,,,
강남구,11680,11200,자곡동,686,11680-4298,강남한양수자인(4단지),,101.4,8,2014,110000,2017-12-18,,,,,,
강남구,11680,11800,도곡동,467-7,11680-566,아카데미스위트1,,83,10,2004,85000,2017-12-05,,,,,,
강남구,11680,10600,대치동,985,11680-4293,래미안대치하이스턴,,110.39,8,1989,165000,2017-12-06,,,,,,
강남구,11680,11300,율현동,365,11680-4398,강남한신휴플러스6단지,,59.98,3,2015,73000,2017-12-18,,,,,,
강남구,11680,10600,대치동,1027,11680-4394,래미안대치팰리스,,94.49,34,2015,218000,2017-12-26,,,,,,
강남구,11680,11100,세곡동,525,11680-4003,강남데시앙파크,,84.97,4,2011,74000,2017-12-01,,,,,,
강남구,11680,10600,대치동,974,11680-206,대치현대,,59.82,6,1999,95000,2017-12-02,,,,,,
강남구,11680,10400,청담동,108,11680-65,청담건영,,84.595,17,1994,140000,2017-12-04,,,,,,
강남구,11680,11100,세곡동,533,11680-4090,세곡푸르지오,,74.74,1,2012,80000,2017-12-12,,,,,,
강남구,11680,11000,압구정동,490,11680-378,한양1차(영동한양),,63.87,6,1977,170000,2017-12-27,,,,,,
강남구,11680,11800,도곡동,527,11680-3623,도곡렉슬,,120.8233,21,2006,176000,2017-12-09,,,,,,
강남구,11680,11400,일원동,718,11680-304,샘터마을,,134.438,15,1994,152000,2017-12-30,,,,,,
강남구,11680,11200,자곡동,611,11680-4319,래미안강남힐즈,,101.94,12,2014,137000,2017-12-10,,,,,,
강남구,11680,10600,대치동,1027,11680-4394,래미안대치팰리스,,151.27,15,2015,290000,2017-12-22,,,,,,
강남구,11680,10600,대치동,974,11680-206,대치현대,,59.82,4,1999,98500,2017-12-27,,,,,,
강남구,11680,11500,수서동,746,11680-314,까치마을,,39.6,14,1993,62800,2017-12-18,,,,,,
강남구,11680,10100,역삼동,761-10,11680-236,대림역삼,,59.99,5,1997,83000,2017-12-01,,,,,,
강남구,11680,10800,논현동,245,11680-473,동양파라곤,,157.41,7,2004,204500,2017-12-04,,,,,,
강남구,11680,11000,압구정동,426,11680-423,신현대9차,,108.88,11,1982,228500,2017-12-04,,,,,,
강남구,11680,10600,대치동,316,11680-218,은마,,76.79,11,1979,147000,2017-12-14,,,,,,
강남구,11680,10400,청담동,134,11680-4291,래미안청담로이뷰,,110.2,13,1992,180000,2017-12-08,,,,,,
강남구,11680,10400,청담동,30-33,11680-98,청담대림이-편한세상,,98.47,14,2002,140000,2017-12-06,,,,,,
강남구,11680,11000,압구정동,433,11680-425,신현대11차,,115.23,5,1983,232000,2017-12-05,,,,,,
강남구,11680,11100,세곡동,533,11680-4090,세곡푸르지오,,74.74,1,2012,80000,2017-12-13,,,,,,
강남구,11680,10100,역삼동,755-4,11680-3622,e-편한세상,,59.606,1,2005,113000,2017-12-18,,,,,,
강남구,11680,10500,삼성동,50,11680-3830,현대힐스테이트2단지,,43.842,7,2008,101000,2017-12-15,,,,,,
강남구,11680,11800,도곡동,527,11680-3623,도곡렉슬,,84.9984,9,2006,160000,2017-12-11,,,,,,
강남구,11680,10500,삼성동,11,11680-3733,롯데캐슬프레미어,,101.81,17,2007,163500,2017-12-04,,,,,,
강남구,11680,10100,역삼동,795-41,11680-3570,역삼동월드메르디앙,,103.07,4,2005,106000,2017-12-23,,,,,,
강남구,11680,11200,자곡동,686,11680-4298,강남한양수자인(4단지),,59.97,5,2014,79000,2017-12-10,,,,,,
강남구,11680,10600,대치동,670,11680-601,동부센트레빌,,145.83,25,2005,252000,2017-12-05,,,,,,
강남구,11680,10600,대치동,985,11680-4293,래미안대치하이스턴,,110.39,12,1989,162000,2017-12-20,,,,,,
강남구,11680,11800,도곡동,527,11680-3623,도곡렉슬,,59.9772,22,2006,112000,2017-12-04,,,,,,
강남구,11680,10600,대치동,1016-2,11680-210,삼성3차,,150.03,3,2000,144000,2017-12-12,,,,,,
강남구,11680,11500,수서동,746,11680-314,까치마을,,39.6,7,1993,63500,2017-12-15,,,,,,
강남구,11680,10800,논현동,62-3,11680-141,"청학아파트에이동,비동,씨동",,85.12,5,1976,93000,2017-12-31,,,,,,
강남구,11680,11800,도곡동,527,11680-3623,도곡렉슬,,84.9984,6,2006,160000,2017-12-16,,,,,,
강남구,11680,10800,논현동,22,11680-109,신동아(22),,114.34,9,1997,120000,2017-12-11,,,,,,
강남구,11680,11400,일원동,735,11680-299,가람,,84.95,4,1993,138000,2017-12-18,,,,,,
강남구,11680,11200,자곡동,611,11680-4319,래미안강남힐즈,,101.95,12,2014,124000,2017-12-20,,,,,,
강남구,11680,11800,도곡동,527,11680-3623,도곡렉슬,,176.9924,17,2006,240000,2017-12-12,,,,,,
강남구,11680,11400,일원동,615,11680-306,우성7,,83.69,1,1987,130000,2017-12-23,,,,,,
강남구,11680,10300,개포동,185,11680-290,개포주공6단지,,73.02,1,1983,137000,2017-12-09,,,,,,
강남구,11680,10100,역삼동,716,11680-237,동부센트레빌,,84.97,19,1998,123800,2017-12-07,,,,,,
강남구,11680,10300,개포동,185,11680-578,개포주공7단지,,73.26,15,1983,140000,2017-12-14,,,,,,
강남구,11680,10500,삼성동,6,11680-197,현대아파트101동,,59.83,6,1999,99000,2017-12-04,,,,,,
강남구,11680,10100,역삼동,754-1,11680-3643,역삼푸르지오,,59.8848,1,2006,109200,2017-12-28,,,,,,
강남구,11680,11000,압구정동,433,11680-425,신현대11차,,183.41,9,1983,360000,2017-12-12,,,,,,
강남구,11680,11800,도곡동,527,11680-3623,도곡렉슬,,84.9984,18,2006,158000,2017-12-09,,,,,,
강남구,11680,10100,역삼동,681-26,11680-267,역삼동하나빌,,50.47,6,2002,47700,2017-12-30,,,,,,
강남구,11680,11800,도곡동,963,11680-327,럭키(963),,124.66,12,1995,145000,2017-12-07,,,,,,
강남구,11680,10500,삼성동,129,11680-519,삼성동대성유니드,,83.93,4,2004,99000,2017-12-03,,,,,,
강남구,11680,11800,도곡동,960,11680-322,대림,,84.95,3,1992,105000,2017-12-29,,,,,,
강남구,11680,10700,신사동,506-9,11680-3821,래미안신사,,84.89,7,2008,105000,2017-12-18,,,,,,
강남구,11680,11800,도곡동,467-17,11680-365,타워팰리스2,,115.63,23,2003,165000,2017-12-03,,,,,,
강남구,11680,10600,대치동,503,11680-372,개포우성1,,127.61,8,1983,275000,2017-12-04,,,,,,
강남구,11680,10600,대치동,985,11680-4293,래미안대치하이스턴,,110.39,5,1989,147000,2017-12-17,,,,,,
강남구,11680,10100,역삼동,757,11680-3621,역삼래미안,,59.4,14,2005,120000,2017-12-08,,,,,,
강남구,11680,11800,도곡동,957-11,11680-3731,도곡스타클래스,,111.38,13,2007,92000,2017-12-11,,,,,,
강남구,11680,11800,도곡동,527,11680-3623,도곡렉슬,,84.9984,16,2006,166000,2017-12-02,,,,,,
강남구,11680,10600,대치동,316,11680-218,은마,,76.79,4,1979,144000,2017-12-12,,,,,,
강남구,11680,10300,개포동,141,11680-573,개포주공1단지,,42.55,5,1982,129000,2017-12-06,,,,,,
강남구,11680,10300,개포동,185,11680-290,개포주공6단지,,53.06,11,1983,117000,2017-12-27,,,,,,
강남구,11680,11300,율현동,365,11680-4398,강남한신휴플러스6단지,,59.68,5,2015,70000,2017-12-19,,,,,,
강남구,11680,10300,개포동,185,11680-290,개포주공6단지,,60.13,1,1983,123000,2017-12-15,,,,,,
강남구,11680,10500,삼성동,3-2,11680-506,삼성동씨엘케이,,99.47,2,2002,108500,2017-12-22,,,,,,
강남구,11680,11800,도곡동,91-5,11680-331,삼성래미안,,122.81,8,2001,185000,2017-12-20,,,,,,
강남구,11680,10800,논현동,194-23,11680-3705,한화꿈에그린2차,,83.7,1,2006,68000,2017-12-04,,,,,,
강남구,11680,10100,역삼동,755-4,11680-3622,e-편한세상,,84.675,8,2005,138000,2017-12-13,,,,,,
강남구,11680,10400,청담동,108,11680-65,청담건영,,84.595,4,1994,130000,2017-12-14,,,,,,
강남구,11680,10500,삼성동,101,11680-3608,삼성동에스케이뷰,,117.42,7,2005,156000,2017-12-15,,,,,,
강남구,11680,10400,청담동,30-33,11680-98,청담대림이-편한세상,,134.24,13,2002,153000,2017-12-12,,,,,,
강남구,11680,11800,도곡동,467,11680-364,타워팰리스1,,137.24,20,2002,184000,2017-12-30,,,,,,
강남구,11680,10400,청담동,30-33,11680-98,청담대림이-편한세상,,81.84,16,2002,130000,2017-12-08,,,,,,
강남구,11680,11500,수서동,746,11680-314,까치마을,,49.5,8,1993,80900,2017-12-11,,,,,,
강남구,11680,11800,도곡동,467-24,11680-340,우성캐릭터199,,132.94,4,1998,114000,2017-12-11,,,,,,
강남구,11680,11400,일원동,731,11680-309,한솔마을,,63.76,1,1994,100000,2017-12-14,,,,,,
강남구,11680,11000,압구정동,462,11680-418,현대4차저층(51~56동),,117.91,5,1977,310000,2017-12-09,,,,,,
강남구,11680,11800,도곡동,467,11680-364,타워팰리스1,,164.97,57,2002,235000,2017-12-14,,,,,,
강남구,11680,11000,압구정동,433,11680-425,신현대11차,,183.41,7,1983,368300,2017-12-18,,,,,,
강남구,11680,11800,도곡동,467,11680-364,타워팰리스1,,164.95,21,2002,237000,2017-12-12,,,,,,
강남구,11680,10800,논현동,22,11680-109,신동아(22),,35.73,9,1997,68000,2017-12-27,,,,,,
강남구,11680,10100,역삼동,836,11680-251,한스빌(836),,39.89,12,1996,35000,2017-12-05,,,,,,
강남구,11680,11200,자곡동,611,11680-4319,래미안강남힐즈,,91.96,7,2014,107000,2017-12-27,,,,,,
강남구,11680,10100,역삼동,711-3,11680-4515,역삼자이,,59.9977,21,2016,125000,2017-12-08,,,,,,
강남구,11680,10100,역삼동,712,11680-388,개나리4,,160.33,11,1979,170000,2017-12-16,,,,,,
강남구,11680,11800,도곡동,467-7,11680-566,아카데미스위트1,,128.74,7,2004,119700,2017-12-04,,,,,,
강남구,11680,10600,대치동,506,11680-211,선경1차(1동-7동),,84.35,2,1983,190000,2017-12-23,,,,,,
강남구,11680,10400,청담동,50-5,11680-474,대우유로카운티,,105.66,3,2004,121000,2017-12-09,,,,,,
강남구,11680,10500,삼성동,147-2,11680-525,미켈란147,,84.77,11,2004,119000,2017-12-11,,,,,,
강남구,11680,10500,삼성동,7-3,11680-3732,래미안삼성2차,,101.38,22,2007,170000,2017-12-01,,,,,,
강남구,11680,11500,수서동,795,11680-4324,강남데시앙포레,,84.92,11,2014,119000,2017-12-18,,,,,,
강남구,11680,11200,자곡동,611,11680-4319,래미안강남힐즈,,101.94,6,2014,128800,2017-12-23,,,,,,
강남구,11680,10400,청담동,69-18,11680-3667,동양파라곤,,244.9768,4,2006,335000,2017-12-29,,,,,,
강남구,11680,10800,논현동,215-14,11680-444,논현아트빌,,90.38,3,2003,54000,2017-12-19,,,,,,
강남구,11680,10600,대치동,1027,11680-4394,래미안대치팰리스,,94.49,13,2015,230000,2017-12-08,,,,,,
강남구,11680,11800,도곡동,527,11680-3623,도곡렉슬,,59.9818,13,2006,131000,2017-12-16,,,,,,
강남구,11680,11400,일원동,615,11680-306,우성7,,84.06,4,1987,132000,2017-12-12,,,,,,
강남구,11680,11800,도곡동,467-7,11680-566,아카데미스위트1,,164.87,13,2004,149000,2017-12-22,,,,,,
강남구,11680,11200,자곡동,686,11680-4298,강남한양수자인(4단지),,84.99,3,2014,96000,2017-12-26,,,,,,
강남구,11680,10600,대치동,316,11680-218,은마,,84.43,3,1979,159000,2017-12-12,,,,,,
강남구,11680,11100,세곡동,525,11680-4003,강남데시앙파크,,84.97,9,2011,80000,2017-12-05,,,,,,
강남구,11680,11000,압구정동,490,11680-378,한양1차(영동한양),,49.98,7,1977,148000,2017-12-26,,,,,,
강남구,11680,10600,대치동,986,11680-602,하이캐슬102동,,99.66,7,2005,100000,2017-12-19,,,,,,
강남구,11680,10800,논현동,276-1,11680-4356,아크로힐스논현,,84.074,8,2014,137000,2017-12-02,,,,,,
강남구,11680,10800,논현동,276-1,11680-4356,아크로힐스논현,,84.074,2,2014,126000,2017-12-04,,,,,,
강남구,11680,10400,청담동,50-5,11680-474,대우유로카운티,,121.48,13,2004,145000,2017-12-12,,,,,,
강남구,11680,11200,자곡동,686,11680-4298,강남한양수자인(4단지),,59.93,6,2014,83000,2017-12-26,,,,,,
강남구,11680,10600,대치동,888,11680-3752,대치아이파크,,119.58,4,2008,200000,2017-12-11,,,,,,
강남구,11680,11400,일원동,626,11680-302,삼성,,84.67,3,1986,92500,2017-12-11,,,,,,
강남구,11680,10300,개포동,141,11680-573,개포주공1단지,,56.57,1,1982,160000,2017-12-14,,,,,,
강남구,11680,11500,수서동,795,11680-4324,강남데시앙포레,,59.97,13,2014,95000,2017-12-25,,,,,,
강남구,11680,11800,도곡동,199-1,11680-3878,도곡지웰카운티102동,,118.87,3,2010,125000,2017-12-28,,,,,,
강남구,11680,11500,수서동,795,11680-4324,강남데시앙포레,,84.92,3,2014,117000,2017-12-16,,,,,,
강남구,11680,10400,청담동,114,11680-44,상지리츠빌4A,,245.54,7,2000,280000,2017-12-11,,,,,,
강남구,11680,11400,일원동,615,11680-306,우성7,,84.06,1,1987,130000,2017-12-08,,,,,,
강남구,11680,10600,대치동,985,11680-4293,래미안대치하이스턴,,110.39,7,1989,157500,2017-12-14,,,,,,
강남구,11680,10100,역삼동,713-7,11680-3766,래미안펜타빌,,138.54,20,2007,165000,2017-12-06,,,,,,
강남구,11680,10100,역삼동,763-16,11680-3871,래미안그레이튼,,59.97,4,2009,113600,2017-12-09,,,,,,
강남구,11680,10400,청담동,15,11680-3633,청담2차이-편한세상(204동),,98.05,4,2005,122000,2017-12-02,,,,,,
강남구,11680,10300,개포동,12,11680-280,성원대치2단지아파트,,39.53,11,1992,78000,2017-12-16,,,,,,
강남구,11680,10100,역삼동,713-11,11680-3679,역삼I'PARK,,144.431,16,2006,170000,2017-12-05,,,,,,
강남구,11680,11000,압구정동,414,11680-385,미성1차,,153.32,7,1982,280000,2017-12-13,,,,,,
강남구,11680,10400,청담동,127-16,11680-43,상지리츠빌(127-16),,164.39,1,2001,150000,2017-12-22,,,,,,
강남구,11680,11400,일원동,626,11680-302,삼성,,84.67,5,1986,93000,2017-12-07,,,,,,
강남구,11680,11800,도곡동,467,11680-364,타워팰리스1,,164.95,23,2002,250000,2017-12-21,,,,,,
강남구,11680,11500,수서동,736,11680-319,신동아,,39.53,10,1992,70000,2017-12-16,,,,,,
강남구,11680,10300,개포동,185,11680-290,개포주공6단지,,73.02,1,1983,121000,2017-12-12,,,,,,
강남구,11680,10500,삼성동,142-3,11680-522,LG선릉에클라트(B),,36.35,10,2004,35800,2017-12-21,,,,,,
강남구,11680,10100,역삼동,835-67,11680-411,금호어울림,,133.95,6,2003,108000,2017-12-11,,,,,,
강남구,11680,11000,압구정동,528,11680-384,한양7,,106.22,6,1981,220000,2017-12-19,,,,,,
강남구,11680,10100,역삼동,762-3,11680-3905,래미안그레이튼(진달래2차),,105.89,9,2010,160000,2017-12-06,,,,,,
강남구,11680,10400,청담동,15,11680-3633,청담2차이-편한세상(204동),,98.05,3,2005,135000,2017-12-01,,,,,,
강남구,11680,10600,대치동,891-6,11680-529,테헤란로대우아이빌(891-6),,29.02,15,2004,31000,2017-12-28,,,,,,
강남구,11680,11800,도곡동,467,11680-364,타워팰리스1,,164.97,60,2002,197000,2017-12-11,,,,,,
강남구,11680,10100,역삼동,713-7,11680-3766,래미안펜타빌,,158.58,14,2007,181700,2017-12-15,,,,,,
강남구,11680,10600,대치동,1027,11680-4394,래미안대치팰리스,,151.27,8,2015,290000,2017-12-11,,,,,,
강남구,11680,11500,수서동,746,11680-314,까치마을,,39.6,11,1993,63000,2017-12-07,,,,,,
강남구,11680,11800,도곡동,467-7,11680-566,아카데미스위트1,,122.07,16,2004,125000,2017-12-16,,,,,,
강남구,11680,10600,대치동,316,11680-218,은마,,76.79,9,1979,147000,2017-12-06,,,,,,
강남구,11680,10600,대치동,670,11680-601,동부센트레빌,,161.47,25,2005,278000,2017-12-27,,,,,,
강남구,11680,11800,도곡동,966,11680-328,매봉삼성,,83.49,7,1999,92000,2017-12-30,,,,,,
강남구,11680,10100,역삼동,762-3,11680-3905,래미안그레이튼(진달래2차),,59.78,3,2010,113500,2017-12-04,,,,,,
강남구,11680,11200,자곡동,686,11680-4298,강남한양수자인(4단지),,114.32,6,2014,103000,2017-12-01,,,,,,
강남구,11680,10600,대치동,511,11680-481,한보미도맨션2,,159.15,13,1985,293000,2017-12-30,,,,,,
강남구,11680,11500,수서동,746,11680-314,까치마을,,34.44,7,1993,54000,2017-12-08,,,,,,
강남구,11680,10100,역삼동,763-16,11680-3871,래미안그레이튼,,84.97,3,2009,139500,2017-12-11,,,,,,
강남구,11680,10600,대치동,902,11680-532,포스코더샵,,164.88,17,2004,185000,2017-12-01,,,,,,
강남구,11680,10100,역삼동,706-20,11680-249,한화진넥스빌,,43.58,23,2001,32000,2017-12-19,,,,,,
강남구,11680,10600,대치동,316,11680-218,은마,,76.79,3,1979,143000,2017-12-02,,,,,,
강남구,11680,11200,자곡동,618,11680-4341,강남브리즈힐(토지임대부아파트),,74.44,10,2014,65000,2017-12-16,,,,,,
강남구,11680,10100,역삼동,763-16,11680-3871,래미안그레이튼,,84.97,13,2009,150000,2017-12-23,,,,,,
강남구,11680,10500,삼성동,142-7,11680-434,LG선릉에클라트(A),,36.16,6,2003,33000,2017-12-12,,,,,,
강남구,11680,10600,대치동,1027,11680-4394,래미안대치팰리스,,151.31,29,2015,297000,2017-12-04,,,,,,
강남구,11680,10500,삼성동,14-1,11680-507,삼성동중앙하이츠빌리지,,152.98,4,2004,206000,2017-12-14,,,,,,
강남구,11680,10600,대치동,888,11680-3752,대치아이파크,,149.78,21,2008,240000,2017-12-15,,,,,,
강남구,11680,10100,역삼동,755-4,11680-3622,e-편한세상,,84.991,13,2005,150000,2017-12-13,,,,,,
강남구,11680,10600,대치동,316,11680-218,은마,,76.79,12,1979,145500,2017-12-06,,,,,,
강남구,11680,11200,자곡동,686,11680-4298,강남한양수자인(4단지),,114.32,4,2014,108800,2017-12-04,,,,,,
강남구,11680,10300,개포동,141,11680-573,개포주공1단지,,53.63,5,1982,163000,2017-12-23,,,,,,
강남구,11680,10800,논현동,212-13,11680-3730,논현동월드메르디앙,,84.9914,9,2007,92000,2017-12-03,,,,,,
강남구,11680,11800,도곡동,467-7,11680-566,아카데미스위트1,,122.07,9,2004,113000,2017-12-22,,,,,,
강남구,11680,10100,역삼동,706-20,11680-249,한화진넥스빌,,51.08,7,2001,37000,2017-12-16,,,,,,
강남구,11680,10600,대치동,985,11680-4293,래미안대치하이스턴,,110.39,5,1989,153500,2017-12-09,,,,,,
강남구,11680,10300,개포동,141,11680-573,개포주공1단지,,58.08,5,1982,160000,2017-12-11,,,,,,
강남구,11680,11500,수서동,738,11680-315,동익,,60.01,6,1993,82000,2017-12-05,,,,,,
강남구,11680,11500,수서동,746,11680-314,까치마을,,34.44,2,1993,60000,2017-12-28,,,,,,
강남구,11680,10500,삼성동,52-9,11680-513,삼성리치빌1,,84.98,2,2003,90000,2017-12-09,,,,,,
강남구,11680,10300,개포동,141,11680-573,개포주공1단지,,56.57,3,1982,160000,2017-12-13,,,,,,
강남구,11680,10600,대치동,316,11680-218,은마,,84.43,13,1979,166000,2017-12-08,,,,,,
강남구,11680,10300,개포동,141,11680-573,개포주공1단지,,58.08,5,1982,154000,2017-12-19,,,,,,
강남구,11680,10300,개포동,141,11680-573,개포주공1단지,,35.87,4,1982,130000,2017-12-26,,,,,,
강남구,11680,11800,도곡동,164-6,11680-348,포스코트,,200.9,13,2002,220000,2017-12-03,,,,,,
강남구,11680,11200,자곡동,611,11680-4319,래미안강남힐즈,,91.96,13,2014,118000,2017-12-05,,,,,,
강남구,11680,11100,세곡동,533,11680-4090,세곡푸르지오,,84.83,5,2012,90000,2017-12-26,,,,,,
강남구,11680,10800,논현동,212-13,11680-3730,논현동월드메르디앙,,84.9914,9,2007,92000,2017-12-03,,,,,,
강남구,11680,10400,청담동,5-25,11680-3574,휴먼스타빌,,35.905,7,2005,50000,2017-12-21,,,,,,
강남구,11680,10400,청담동,10,11680-41,삼환(101동),,99.01,13,1999,120000,2017-12-09,,,,,,
강남구,11680,10100,역삼동,711-3,11680-4515,역삼자이,,114.019,22,2016,182250,2017-12-13,,,,,,
강남구,11680,10700,신사동,658,11680-3,로데오현대,,55.08,10,1998,70000,2017-12-06,,,,,,
강남구,11680,10100,역삼동,711-3,11680-4515,역삼자이,,114.019,7,2016,175000,2017-12-06,,,,,,
강남구,11680,11800,도곡동,966,11680-328,매봉삼성,,84.95,4,1999,92000,2017-12-18,,,,,,
강남구,11680,10100,역삼동,716,11680-237,동부센트레빌,,84.97,6,1998,111800,2017-12-21,,,,,,
강남구,11680,11800,도곡동,527,11680-3623,도곡렉슬,,84.9984,6,2006,161000,2017-12-01,,,,,,
강남구,11680,10100,역삼동,716-3,11680-4084,개나리SK뷰,,84.98,10,2012,158000,2017-12-02,,,,,,
강남구,11680,10600,대치동,888,11680-3752,대치아이파크,,119.58,23,2008,200000,2017-12-02,,,,,,
강남구,11680,10600,대치동,974,11680-206,대치현대,,101.6,6,1999,144000,2017-12-20,,,,,,
강남구,11680,10600,대치동,888,11680-3752,대치아이파크,,149.78,19,2008,219000,2017-12-09,,,,,,
강남구,11680,11100,세곡동,525,11680-4003,강남데시앙파크,,114.69,6,2011,90000,2017-12-10,,,,,,
강남구,11680,10300,개포동,141,11680-573,개포주공1단지,,50.64,4,1982,145500,2017-12-06,,,,,,
강남구,11680,10300,개포동,658-1,11680-284,개포6차우성아파트1동~8동,,79.97,3,1987,124000,2017-12-08,,,,,,
강남구,11680,10800,논현동,102-9,11680-137,논현빌라트,,72.73,2,1999,49100,2017-12-18,,,,,,
강남구,11680,11800,도곡동,944-5,11680-567,현대아이리스1,,116.83,5,2004,84500,2017-12-23,,,,,,
강남구,11680,10600,대치동,511,11680-481,한보미도맨션2,,115.05,9,1985,220000,2017-12-08,,,,,,
강남구,11680,11500,수서동,746,11680-314,까치마을,,39.6,10,1993,59300,2017-12-02,,,,,,
강남구,11680,11400,일원동,615-1,11680-310,개포한신,,107.6,12,1984,127500,2017-12-18,,,,,,
강남구,11680,10500,삼성동,114-11,11680-3645,삼성동신영지웰,,117.77,14,2005,100000,2017-12-29,,,,,,
강남구,11680,10400,청담동,108,11680-65,청담건영,,84.595,14,1994,125000,2017-12-02,,,,,,
강남구,11680,10300,개포동,141,11680-573,개포주공1단지,,35.64,3,1982,117000,2017-12-24,,,,,,
강남구,11680,11800,도곡동,467-10,11680-435,우성리빙텔,,119.25,18,1996,85000,2017-12-26,,,,,,
강남구,11680,11800,도곡동,467,11680-364,타워팰리스1,,137.24,32,2002,185000,2017-12-18,,,,,,
강남구,11680,11500,수서동,795,11680-4324,강남데시앙포레,,84.92,10,2014,109300,2017-12-12,,,,,,
강남구,11680,11200,자곡동,611,11680-4319,래미안강남힐즈,,91.96,15,2014,110700,2017-12-23,,,,,,
강남구,11680,10300,개포동,141,11680-573,개포주공1단지,,58.08,2,1982,152000,2017-12-21,,,,,,
강남구,11680,11800,도곡동,467-6,11680-323,대림아크로빌,,177.255,23,1999,170000,2017-12-11,,,,,,
강남구,11680,10700,신사동,658,11680-3,로데오현대,,84.96,2,1998,81000,2017-12-14,,,,,,
강남구,11680,10100,역삼동,755-4,11680-3622,e-편한세상,,59.606,13,2005,121000,2017-12-06,,,,,,
강남구,11680,11000,압구정동,443,11680-417,현대3차(61~64동),,82.5,5,1976,190000,2017-12-08,,,,,,
강남구,11680,10100,역삼동,763-16,11680-3871,래미안그레이튼,,142.06,15,2009,180000,2017-12-04,,,,,,
강남구,11680,10100,역삼동,720-25,11680-275,대우디오빌,,30.03,15,2002,29500,2017-12-24,,,,,,
강남구,11680,11800,도곡동,527,11680-3623,도곡렉슬,,119.8906,16,2006,166000,2017-12-08,,,,,,
강남구,11680,10100,역삼동,706-11,11680-665,우림루미아트1,,23.66,10,2003,19200,2017-12-30,,,,,,
강남구,11680,11800,도곡동,467,11680-364,타워팰리스1,,164.97,10,2002,195000,2017-12-28,,,,,,
강남구,11680,10400,청담동,121-14,11680-678,청담8차상지리츠빌,,273.45,4,2003,310000,2017-12-29,,,,,,
강남구,11680,10400,청담동,60,11680-34,삼성청담공원아파트,,107.22,1,1999,123000,2017-12-22,,,,,,
강남구,11680,10400,청담동,65,11680-62,진흥아파트,,109.31,10,1984,162000,2017-12-27,,,,,,
강남구,11680,11400,일원동,731,11680-309,한솔마을,,84.73,4,1994,135000,2017-12-16,,,,,,
강남구,11680,11400,일원동,716,11680-301,목련타운,,134.71,12,1993,156000,2017-12-21,,,,,,
강남구,11680,11400,일원동,734,11680-303,상록수,,74.54,5,1993,117500,2017-12-09,,,,,,
강남구,11680,11800,도곡동,91-5,11680-331,삼성래미안,,122.81,11,2001,162500,2017-12-12,,,,,,
강남구,11680,11400,일원동,731,11680-309,한솔마을,,63.76,2,1994,108000,2017-12-16,,,,,,
강남구,11680,11400,일원동,731,11680-309,한솔마을,,84.73,5,1994,130000,2017-12-19,,,,,,
강남구,11680,11800,도곡동,543-7,11680-3734,도곡1차아이파크,,130.259,16,2007,150000,2017-12-13,,,,,,
강남구,11680,11800,도곡동,91-5,11680-331,삼성래미안,,59.96,11,2001,108500,2017-12-03,,,,,,
강남구,11680,11800,도곡동,91-5,11680-331,삼성래미안,,122.81,12,2001,174000,2017-12-02,,,,,,
강남구,11680,11400,일원동,731,11680-309,한솔마을,,84.73,3,1994,127000,2017-12-06,,,,,,
강남구,11680,11400,일원동,716,11680-301,목련타운,,134.71,3,1993,150000,2017-12-02,,,,,,
강남구,11680,11800,도곡동,91-5,11680-331,삼성래미안,,59.96,22,2001,106800,2017-12-02,,,,,,
강남구,11680,11800,도곡동,543-7,11680-3734,도곡1차아이파크,,84.122,10,2007,115800,2017-12-13,,,,,,
강남구,11680,10600,대치동,602,11680-212,선경3차,,76.6,1,1990,125000,2017-12-01,,,,,,
강남구,11680,11400,일원동,731,11680-309,한솔마을,,63.76,4,1994,102000,2017-12-02,,,,,,
강남구,11680,10300,개포동,185,11680-290,개포주공6단지,,53.06,4,1983,111800,2017-12-05,,,,,,
강남구,11680,11500,수서동,795,11680-4324,강남데시앙포레,,59.74,6,2014,91000,2017-12-06,,,,,,
강남구,11680,11800,도곡동,963,11680-327,럭키(963),,84.97,11,1995,115000,2017-12-09,,,,,,
강남구,11680,10100,역삼동,713-11,11680-3679,역삼I'PARK,,28.246,12,2006,62000,2017-12-14,,,,,,
강남구,11680,10300,개포동,12,11680-279,삼익대청아파트,,51.12,7,1992,84000,2017-12-02,,,,,,
강남구,11680,10300,개포동,185,11680-578,개포주공7단지,,83.7,15,1983,146000,2017-12-05,,,,,,
강남구,11680,10300,개포동,185,11680-290,개포주공6단지,,83.21,13,1983,149000,2017-12-02,,,,,,
강남구,11680,10400,청담동,30-33,11680-98,청담대림이-편한세상,,81.84,4,2002,123500,2017-12-01,,,,,,
강남구,11680,10400,청담동,101-1,11680-3616,청담대우로얄카운티6차,,166.3,4,2005,207500,2017-12-07,,,,,,
강남구,11680,10100,역삼동,754-1,11680-3643,역삼푸르지오,,59.8848,15,2006,120000,2017-12-04,,,,,,
강남구,11680,10100,역삼동,713-11,11680-3679,역삼I'PARK,,28.246,5,2006,58000,2017-12-06,,,,,,
강남구,11680,10600,대치동,1014-3,11680-205,대치삼성,,109.04,1,2000,155000,2017-12-06,,,,,,
강남구,11680,10600,대치동,670,11680-601,동부센트레빌,,145.83,18,2005,248000,2017-12-13,,,,,,
강남구,11680,11500,수서동,795,11680-4324,강남데시앙포레,,84.81,5,2014,118000,2017-12-11,,,,,,
강남구,11680,11400,일원동,716,11680-301,목련타운,,99.79,6,1993,136500,2017-12-08,,,,,,
강남구,11680,10100,역삼동,710,11680-252,현대까르띠에710,,149.7,12,2001,150000,2017-12-01,,,,,,
강남구,11680,10700,신사동,591-11,11680-456,압구정화이트빌,,84.87,4,2003,72600,2017-12-29,,,,,,
강남구,11680,10400,청담동,10,11680-41,삼환(101동),,114.97,8,1999,110000,2017-12-26,,,,,,
강남구,11680,11000,압구정동,490,11680-378,한양1차(영동한양),,78.05,10,1977,190000,2017-12-20,,,,,,
강남구,11680,10100,역삼동,720-25,11680-275,대우디오빌,,30.03,5,2002,29000,2017-12-22,,,,,,
강남구,11680,10100,역삼동,716,11680-237,동부센트레빌,,59.97,6,1998,84000,2017-12-06,,,,,,
강남구,11680,10100,역삼동,763-16,11680-3871,래미안그레이튼,,84.97,14,2009,143000,2017-12-20,,,,,,
강남구,11680,10300,개포동,141,11680-573,개포주공1단지,,35.87,2,1982,123000,2017-12-12,,,,,,
강남구,11680,10600,대치동,902,11680-532,포스코더샵,,164.88,6,2004,183000,2017-12-03,,,,,,
강남구,11680,10300,개포동,141,11680-573,개포주공1단지,,50.64,5,1982,143800,2017-12-11,,,,,,
강남구,11680,10300,개포동,141,11680-573,개포주공1단지,,56.57,2,1982,160000,2017-12-11,,,,,,
강남구,11680,10300,개포동,141,11680-573,개포주공1단지,,50.64,1,1982,144000,2017-12-19,,,,,,
강남구,11680,10800,논현동,196,11680-104,거평프리젠,,31.585,8,1996,22000,2017-12-07,,,,,,
강남구,11680,11400,일원동,615,11680-306,우성7,,83.69,2,1987,132000,2017-12-16,,,,,,
강남구,11680,11800,도곡동,527,11680-3623,도곡렉슬,,134.9023,8,2006,177000,2017-12-01,,,,,,
강남구,11680,10100,역삼동,716-3,11680-4084,개나리SK뷰,,127.27,16,2012,200000,2017-12-26,,,,,,
강남구,11680,10500,삼성동,16-2,11680-3834,삼성동힐스테이트 1단지,,26.5,6,2008,72500,2017-12-27,,,,,,
강남구,11680,10300,개포동,141,11680-573,개포주공1단지,,45.26,2,1982,129000,2017-12-07,,,,,,
강남구,11680,10600,대치동,985,11680-4293,래미안대치하이스턴,,110.39,6,1989,168000,2017-12-21,,,,,,
강남구,11680,11400,일원동,734,11680-303,상록수,,74.54,3,1993,113000,2017-12-27,,,,,,
강남구,11680,10300,개포동,141,11680-573,개포주공1단지,,35.64,1,1982,112000,2017-12-14,,,,,,
강남구,11680,10600,대치동,1027,11680-4394,래미안대치팰리스,,84.98,14,2015,195000,2017-12-06,,,,,,
강남구,11680,11400,일원동,734,11680-303,상록수,,74.54,2,1993,91000,2017-12-14,,,,,,
강남구,11680,10600,대치동,985,11680-4293,래미안대치하이스턴,,110.39,12,1989,158500,2017-12-01,,,,,,
강남구,11680,10100,역삼동,824-25,11680-668,대우디오빌플러스,,43.99,12,2004,40500,2017-12-26,,,,,,
강남구,11680,10300,개포동,141,11680-573,개포주공1단지,,58.08,4,1982,161000,2017-12-20,,,,,,
강남구,11680,11000,압구정동,528,11680-384,한양7,,147.8,1,1981,249000,2017-12-07,,,,,,
강남구,11680,10300,개포동,141,11680-573,개포주공1단지,,35.87,3,1982,115000,2017-12-14,,,,,,
강남구,11680,10300,개포동,141,11680-573,개포주공1단지,,35.64,3,1982,115000,2017-12-18,,,,,,
강남구,11680,10500,삼성동,33-22,11680-3577,대우멤버스카운티501,,125.66,6,2005,126500,2017-12-16,,,,,,
강남구,11680,10300,개포동,141,11680-573,개포주공1단지,,42.55,5,1982,135000,2017-12-11,,,,,,
강남구,11680,10300,개포동,141,11680-573,개포주공1단지,,42.55,3,1982,118000,2017-12-11,,,,,,
강남구,11680,11200,자곡동,686,11680-4298,강남한양수자인(4단지),,59.96,8,2014,84000,2017-12-16,,,,,,
강남구,11680,10300,개포동,141,11680-573,개포주공1단지,,50.64,3,1982,143800,2017-12-12,,,,,,
강남구,11680,11000,압구정동,448,11680-427,현대13차(208~211동),,105.45,10,1983,219000,2017-12-20,,,,,,
강남구,11680,10300,개포동,649,11680-277,경남1,,96.98,7,1984,144500,2017-12-07,,,,,,
강남구,11680,10300,개포동,141,11680-573,개포주공1단지,,41.98,4,1982,118000,2017-12-14,,,,,,
강남구,11680,11800,도곡동,895-8,11680-350,한신엠비씨,,117.57,6,1988,125000,2017-12-18,,,,,,
강남구,11680,10100,역삼동,741-22,11680-495,포스틸빌라트,,62.47,1,2004,33500,2017-12-14,,,,,,
강남구,11680,11800,도곡동,527,11680-3623,도곡렉슬,,134.9023,16,2006,214000,2017-12-05,,,,,,
강남구,11680,11400,일원동,626,11680-302,삼성,,84.67,3,1986,98000,2017-12-22,,,,,,
강남구,11680,10400,청담동,30-33,11680-98,청담대림이-편한세상,,81.84,8,2002,120000,2017-12-05,,,,,,
강남구,11680,11400,일원동,719,11680-308,푸른마을아파트101동~111동,,84.93,12,1994,115000,2017-12-01,,,,,,
강남구,11680,10300,개포동,141,11680-573,개포주공1단지,,49.56,5,1982,146500,2017-12-09,,,,,,
강남구,11680,10300,개포동,141,11680-573,개포주공1단지,,41.98,2,1982,130000,2017-12-14,,,,,,
강남구,11680,11800,도곡동,527,11680-3623,도곡렉슬,,59.9772,16,2006,109000,2017-12-10,,,,,,
강남구,11680,10300,개포동,141,11680-573,개포주공1단지,,50.64,2,1982,144000,2017-12-08,,,,,,
강남구,11680,10400,청담동,122-15,11680-575,청담대우멤버스카운티11차,,164.7,4,2004,149500,2017-12-21,,,,,,
강남구,11680,11400,일원동,719,11680-308,푸른마을아파트101동~111동,,59.76,13,1994,95000,2017-12-02,,,,,,
강남구,11680,10300,개포동,141,11680-573,개포주공1단지,,50.64,2,1982,142000,2017-12-06,,,,,,
강남구,11680,10300,개포동,141,11680-573,개포주공1단지,,49.56,5,1982,155000,2017-12-11,,,,,,
강남구,11680,11400,일원동,716,11680-301,목련타운,,99.79,3,1993,135000,2017-12-07,,,,,,
강남구,11680,11800,도곡동,467-29,11680-470,타워팰리스3,,163.567,22,2004,215000,2017-12-22,,,,,,
강남구,11680,11800,도곡동,538-3,11680-4173,래미안도곡카운티,,93.07,11,2016,163500,2017-12-10,,,,,,
강남구,11680,10600,대치동,511,11680-481,한보미도맨션2,,126.33,11,1985,180000,2017-12-20,,,,,,
강남구,11680,11400,일원동,711,11680-305,수서,,51.76,2,1992,66900,2017-12-18,,,,,,
강남구,11680,11500,수서동,795,11680-4324,강남데시앙포레,,84.92,12,2014,120000,2017-12-15,,,,,,
강남구,11680,11800,도곡동,467,11680-364,타워팰리스1,,164.97,3,2002,180000,2017-12-21,,,,,,
강남구,11680,10500,삼성동,79,11680-200,홍실아파트,,94.26,2,1981,154000,2017-12-11,,,,,,
강남구,11680,11300,율현동,365,11680-4398,강남한신휴플러스6단지,,84.83,7,2015,80000,2017-12-13,,,,,,
강남구,11680,10500,삼성동,11,11680-3733,롯데캐슬프레미어,,121.931,6,2007,199000,2017-12-19,,,,,,
강남구,11680,11500,수서동,795,11680-4324,강남데시앙포레,,84.86,3,2014,75274,2017-12-01,,,,,,
강남구,11680,10300,개포동,649,11680-278,경남2차,,182.2,8,1984,191000,2017-12-21,,,,,,
강남구,11680,11200,자곡동,611,11680-4319,래미안강남힐즈,,101.94,3,2014,124000,2017-12-04,,,,,,
강남구,11680,10400,청담동,134-15,11680-35,청담삼익아파트,,109.49,5,1980,183000,2017-12-04,,,,,,
강남구,11680,10300,개포동,12,11680-280,성원대치2단지아파트,,33.18,15,1992,62000,2017-12-02,,,,,,
강남구,11680,10100,역삼동,735-15,11680-4317,이스턴오피스텔,,15.25,10,2014,19150,2017-12-20,,,,,,
강남구,11680,11800,도곡동,540,11680-335,삼호,,127.22,7,1984,145000,2017-12-21,,,,,,
강남구,11680,10600,대치동,891-6,11680-529,테헤란로대우아이빌(891-6),,59.83,3,2004,48000,2017-12-12,,,,,,
강남구,11680,10300,개포동,141,11680-573,개포주공1단지,,58.08,4,1982,151000,2017-12-08,,,,,,
강남구,11680,10300,개포동,141,11680-573,개포주공1단지,,56.57,5,1982,158000,2017-12-09,,,,,,
강남구,11680,11200,자곡동,611,11680-4319,래미안강남힐즈,,91.96,13,2014,110000,2017-12-05,,,,,,
강남구,11680,11800,도곡동,467,11680-364,타워팰리스1,,174.67,13,2002,232500,2017-12-20,,,,,,
강남구,11680,10600,대치동,316,11680-218,은마,,76.79,11,1979,130000,2017-12-12,,,,,,
강남구,11680,11800,도곡동,963,11680-327,럭키(963),,124.1,3,1995,138000,2017-12-14,,,,,,
강남구,11680,10600,대치동,891-26,11680-531,대우아이빌멤버스(891-26),,42.837,10,2003,34000,2017-12-13,,,,,,
강남구,11680,10100,역삼동,720-25,11680-275,대우디오빌,,30.03,18,2002,28800,2017-12-15,,,,,,
강남구,11680,10100,역삼동,711-3,11680-4515,역삼자이,,114.019,3,2016,167000,2017-12-13,,,,,,
강남구,11680,10100,역삼동,633,11680-457,베스젠빌,,151.99,6,2003,100000,2017-12-07,,,,,,
강남구,11680,10700,신사동,622,11680-9,신성아파트101동,,84.9,3,1996,94000,2017-12-17,,,,,,
강남구,11680,10800,논현동,252,11680-4096,논현라폴리움,,240.03,8,2012,390000,2017-12-19,,,,,,
강남구,11680,10100,역삼동,832-5,11680-3683,역삼디오슈페리움,,84.92,20,2006,75000,2017-12-14,,,,,,
강남구,11680,11300,율현동,365,11680-4398,강남한신휴플러스6단지,,84.83,5,2015,85000,2017-12-19,,,,,,
강남구,11680,11800,도곡동,963,11680-327,럭키(963),,124.1,14,1995,140000,2017-12-11,,,,,,
강남구,11680,10400,청담동,134-16,11680-47,신동아,,84.94,12,1997,133000,2017-12-02,,,,,,
강남구,11680,10100,역삼동,681-26,11680-267,역삼동하나빌,,50.47,11,2002,48000,2017-12-08,,,,,,
강남구,11680,11000,압구정동,447,11680-428,"현대14차(203,204,205,206동)",,84.98,6,1987,170000,2017-12-18,,,,,,
강남구,11680,10100,역삼동,706-24,11680-666,진넥스빌2,,30.53,6,2003,25000,2017-12-15,,,,,,
강남구,11680,10300,개포동,141,11680-573,개포주공1단지,,42.55,5,1982,120000,2017-12-14,,,,,,
강남구,11680,11500,수서동,799,11680-4510,강남 더샵 포레스트,,230.2611,12,2016,298000,2017-12-01,,,,,,
강남구,11680,11000,압구정동,397,11680-20,미성2차,,74.4,2,1987,160000,2017-12-06,,,,,,
강남구,11680,10400,청담동,33,11680-32,청담동삼성1차(101동),,84.57,11,1997,115000,2017-12-09,,,,,,
강남구,11680,10800,논현동,105,11680-121,동현아파트1~6,,150.04,1,1985,158000,2017-12-11,,,,,,
강남구,11680,10600,대치동,316,11680-218,은마,,84.43,2,1979,140000,2017-12-14,,,,,,
강남구,11680,11800,도곡동,467-17,11680-365,타워팰리스2,,156.5,38,2003,221500,2017-12-01,,,,,,
강남구,11680,11000,압구정동,397,11680-20,미성2차,,74.4,13,1987,150000,2017-12-12,,,,,,
강남구,11680,10100,역삼동,720-25,11680-275,대우디오빌,,36.96,7,2002,40300,2017-12-08,,,,,,
강남구,11680,11500,수서동,795,11680-4324,강남데시앙포레,,114.93,14,2014,166500,2017-12-02,,,,,,
강남구,11680,10300,개포동,141,11680-573,개포주공1단지,,42.55,3,1982,128500,2017-12-01,,,,,,
강남구,11680,10400,청담동,62-6,11680-4643,청담디에브스아파트,,56.89,1,2017,51294,2017-12-07,,,,,,
강남구,11680,10400,청담동,62-6,11680-4643,청담디에브스아파트,,82.55,2,2017,74430,2017-12-07,,,,,,
강남구,11680,10400,청담동,62-6,11680-4643,청담디에브스아파트,,78.7,2,2017,70959,2017-12-07,,,,,,
강남구,11680,10400,청담동,62-6,11680-4643,청담디에브스아파트,,63.82,4,2017,57542,2017-12-07,,,,,,
강남구,11680,10400,청담동,62-6,11680-4643,청담디에브스아파트,,72.53,4,2017,65395,2017-12-07,,,,,,
강남구,11680,10400,청담동,62-6,11680-4643,청담디에브스아파트,,67.88,4,2017,61203,2017-12-07,,,,,,
강남구,11680,10400,청담동,62-6,11680-4643,청담디에브스아파트,,45.15,5,2017,40709,2017-12-07,,,,,,
강남구,11680,10400,청담동,62-6,11680-4643,청담디에브스아파트,,64.96,7,2017,58570,2017-12-07,,,,,,
강남구,11680,10400,청담동,62-6,11680-4643,청담디에브스아파트,,38.01,8,2017,34271,2017-12-07,,,,,,
강남구,11680,10600,대치동,316,11680-218,은마,,84.43,9,1979,144400,2017-12-07,,,,,,
강남구,11680,10800,논현동,103,11680-136,쌍용,,59.91,6,1996,65250,2017-12-07,,,,,,
강남구,11680,11800,도곡동,467-17,11680-365,타워팰리스2,,159.44,13,2003,255000,2017-12-06,,,,,,
강남구,11680,10600,대치동,891-28,11680-580,대치동우정에쉐르1,,59.75,8,2004,53000,2017-12-01,,,,,,
강남구,11680,10400,청담동,69-18,11680-3667,동양파라곤,,224.3836,2,2006,360000,2017-12-06,,,,,,
강남구,11680,10800,논현동,261-8,11680-151,현대넥서스A동,,198.95,4,1997,127000,2017-12-06,,,,,,
강남구,11680,11800,도곡동,467-19,11680-354,현대비젼21,,35.48,26,1999,31880,2017-12-02,,,,,,
송파구,11710,11200,오금동,11,11710-131,현대백조,,114.36,7,1997,76000,2017-12-01,,,,,,
송파구,11710,10100,잠실동,27,11710-164,주공아파트 5단지,,76.5,6,1978,173500,2017-12-28,,,,,,
송파구,11710,10300,풍납동,508,11710-17,한강극동,,59.26,4,1995,49800,2017-12-16,,,,,,
송파구,11710,10200,신천동,17,11710-6266,파크리오,,59.95,18,2008,109000,2017-12-28,,,,,,
송파구,11710,10100,잠실동,22,11710-6249,리센츠,,84.99,9,2008,152000,2017-12-09,,,,,,
송파구,11710,10200,신천동,7,11710-170,장미1,,82.45,13,1979,125500,2017-12-16,,,,,,
송파구,11710,10200,신천동,17,11710-6266,파크리오,,84.79,8,2008,125000,2017-12-30,,,,,,
송파구,11710,10200,신천동,17,11710-6266,파크리오,,84.9,29,2008,120000,2017-12-27,,,,,,
송파구,11710,10100,잠실동,19,11710-6346,잠실엘스,,59.96,25,2008,127000,2017-12-30,,,,,,
송파구,11710,10900,장지동,845,11710-6276,송파파인타운5단지,,84.93,17,2008,84500,2017-12-28,,,,,,
송파구,11710,10400,송파동,119,11710-30,한양아파트,,158.61,5,1983,120000,2017-12-30,,,,,,
송파구,11710,10900,장지동,844,11710-6126,송파파인타운7단지,,84.94,8,2007,80000,2017-12-29,,,,,,
송파구,11710,10100,잠실동,27,11710-164,주공아파트 5단지,,76.5,6,1978,174500,2017-12-28,,,,,,
송파구,11710,10400,송파동,161,11710-24,미성맨션,,58.98,8,1985,70000,2017-12-26,,,,,,
송파구,11710,10800,문정동,74,11710-91,동부브리앙뜨1,,80.15,7,2003,52700,2017-12-26,,,,,,
송파구,11710,10100,잠실동,101-1,11710-159,우성아파트,,96.65,10,1981,144000,2017-12-30,,,,,,
송파구,11710,10100,잠실동,19,11710-6346,잠실엘스,,84.8,10,2008,140000,2017-12-14,,,,,,
송파구,11710,10900,장지동,844,11710-6126,송파파인타운7단지,,84.94,7,2007,80000,2017-12-27,,,,,,
송파구,11710,10900,장지동,879,11710-7430,송파더센트레,,59.73,14,2013,71800,2017-12-27,,,,,,
송파구,11710,10400,송파동,31,11710-220,여흥레이크빌,,167.73,17,2003,120000,2017-12-22,,,,,,
송파구,11710,10900,장지동,894,11710-7945,위례아이파크,,87.7696,3,2015,94800,2017-12-29,,,,,,
송파구,11710,10100,잠실동,19,11710-6346,잠실엘스,,84.88,12,2008,160000,2017-12-29,,,,,,
송파구,11710,11200,오금동,11,11710-131,현대백조,,114.36,12,1997,78000,2017-12-28,,,,,,
송파구,11710,10900,장지동,879,11710-7430,송파더센트레,,51.77,9,2013,61000,2017-12-27,,,,,,
송파구,11710,10900,장지동,849,11710-6241,송파파인타운3단지,,84.94,10,2008,75000,2017-12-26,,,,,,
송파구,11710,10100,잠실동,27,11710-164,주공아파트 5단지,,82.61,10,1978,188000,2017-12-29,,,,,,
송파구,11710,11200,오금동,2,11710-122,대림,,84.91,2,1988,78000,2017-12-26,,,,,,
송파구,11710,10400,송파동,171,11710-28,성지,,84.92,2,1992,66500,2017-12-30,,,,,,
송파구,11710,11200,오금동,43,11710-130,현대(2-4차),,170.32,10,1984,155000,2017-12-25,,,,,,
송파구,11710,10200,신천동,11-8,11710-5899,더샵스타리버,,142.17,33,2006,108000,2017-12-26,,,,,,
송파구,11710,10800,문정동,150,11710-89,올림픽훼밀리타운,,117.585,15,1988,126000,2017-12-28,,,,,,
송파구,11710,10100,잠실동,27,11710-164,주공아파트 5단지,,76.5,1,1978,172000,2017-12-26,,,,,,
송파구,11710,10300,풍납동,506,11710-6,동아한가람1,,84.38,17,1995,59000,2017-12-21,,,,,,
송파구,11710,11300,거여동,294,11710-137,거여5단지,,59.74,8,1997,49200,2017-12-30,,,,,,
송파구,11710,10700,가락동,161-2,11710-71,현대(5차),,82.4,14,1989,84900,2017-12-23,,,,,,
송파구,11710,10700,가락동,21-6,11710-42,가락쌍용(2차),,84.42,21,1999,68900,2017-12-23,,,,,,
송파구,11710,10400,송파동,171,11710-28,성지,,84.92,9,1992,70000,2017-12-29,,,,,,
송파구,11710,11200,오금동,165,11710-124,상아2차아파트,,84.98,12,1988,70000,2017-12-22,,,,,,
송파구,11710,10100,잠실동,22,11710-6249,리센츠,,124.22,2,2008,165000,2017-12-27,,,,,,
송파구,11710,10700,가락동,199,11710-67,프라자,,84.67,12,1985,75000,2017-12-30,,,,,,
송파구,11710,10100,잠실동,35,11710-6028,트리지움,,114.7,18,2007,165000,2017-12-28,,,,,,
송파구,11710,11100,방이동,89,11710-5715,올림픽선수기자촌2단지,,126.18,5,1988,180000,2017-12-30,,,,,,
송파구,11710,10100,잠실동,44,11710-5957,레이크팰리스,,136.74,30,2006,170000,2017-12-23,,,,,,
송파구,11710,10200,신천동,17,11710-6266,파크리오,,84.79,28,2008,135000,2017-12-31,,,,,,
송파구,11710,11300,거여동,362,11710-143,현대1차,,84.64,2,1992,60000,2017-12-23,,,,,,
송파구,11710,10300,풍납동,509,11710-13,씨티극동1,,84.22,19,1998,62000,2017-12-30,,,,,,
송파구,11710,10800,문정동,150,11710-89,올림픽훼밀리타운,,136.325,5,1988,143000,2017-12-26,,,,,,
송파구,11710,10700,가락동,478,11710-303,송파동부쎈트레빌,,84.98,14,2004,83000,2017-12-18,,,,,,
송파구,11710,10900,장지동,879,11710-7430,송파더센트레,,51.77,16,2013,63000,2017-12-30,,,,,,
송파구,11710,10700,가락동,171-5,11710-73,현대7,,84.64,7,1991,58500,2017-12-23,,,,,,
송파구,11710,11200,오금동,166,11710-9042,상아1차아파트,,106.61,5,1984,86500,2017-12-19,,,,,,
송파구,11710,10700,가락동,140,11710-59,가락(1차)쌍용아파트,,59.92,14,1997,60000,2017-12-30,,,,,,
송파구,11710,10100,잠실동,101-1,11710-159,우성아파트,,96.65,6,1981,141000,2017-12-26,,,,,,
송파구,11710,10100,잠실동,19,11710-6346,잠실엘스,,84.8,10,2008,160000,2017-12-28,,,,,,
송파구,11710,10300,풍납동,401-1,11710-12,쌍용,,84.85,2,1994,64600,2017-12-21,,,,,,
송파구,11710,11300,거여동,290,11710-133,거여1단지,,49.8,8,1997,43000,2017-12-23,,,,,,
송파구,11710,10700,가락동,166-2,11710-179,sk파크타워,,84.35,10,2003,60000,2017-12-20,,,,,,
송파구,11710,10400,송파동,166,11710-27,가락삼익맨숀,,127.808,4,1984,105000,2017-12-21,,,,,,
송파구,11710,11300,거여동,46,11710-145,현대3차,,84.94,15,1993,54000,2017-12-25,,,,,,
송파구,11710,11300,거여동,294,11710-137,거여5단지,,59.74,10,1997,49500,2017-12-27,,,,,,
송파구,11710,11100,방이동,89,11710-5714,올림픽선수기자촌1단지,,83.06,19,1988,135000,2017-12-29,,,,,,
송파구,11710,10100,잠실동,22,11710-6249,리센츠,,124.22,29,2008,190000,2017-12-20,,,,,,
송파구,11710,10800,문정동,618,11710-8245,파크하비오,,116.1338,7,2016,128000,2017-12-19,,,,,,
송파구,11710,10100,잠실동,19,11710-6346,잠실엘스,,84.8,10,2008,148000,2017-12-18,,,,,,
송파구,11710,10200,신천동,7,11710-170,장미1,,71.2,12,1979,118000,2017-12-21,,,,,,
송파구,11710,11100,방이동,89,11710-5715,올림픽선수기자촌2단지,,163.44,7,1988,214000,2017-12-28,,,,,,
송파구,11710,10400,송파동,162,11710-26,송파삼성래미안아파트,,79.7,18,2001,83500,2017-12-23,,,,,,
송파구,11710,10800,문정동,618,11710-8245,파크하비오,,84.9942,8,2016,103500,2017-12-22,,,,,,
송파구,11710,10200,신천동,17,11710-6266,파크리오,,84.79,20,2008,127700,2017-12-27,,,,,,
송파구,11710,10100,잠실동,320,11710-160,우성4차,,95.84,13,1983,113000,2017-12-26,,,,,,
송파구,11710,10800,문정동,62-5,11710-86,현대(62-5),,54.6,3,1993,41000,2017-12-16,,,,,,
송파구,11710,10200,신천동,7,11710-170,장미1,,71.2,13,1979,120000,2017-12-26,,,,,,
송파구,11710,10300,풍납동,509,11710-13,씨티극동1,,84.22,1,1998,52800,2017-12-28,,,,,,
송파구,11710,10400,송파동,171,11710-28,성지,,84.92,8,1992,65000,2017-12-20,,,,,,
송파구,11710,10900,장지동,857,11710-6678,송파파인타운13단지,,84.92,2,2011,83000,2017-12-18,,,,,,
송파구,11710,10100,잠실동,101-1,11710-159,우성아파트,,96.05,13,1981,142000,2017-12-20,,,,,,
송파구,11710,10100,잠실동,22,11710-6249,리센츠,,124.22,24,2008,199500,2017-12-16,,,,,,
송파구,11710,10400,송파동,243,11710-6929,래미안송파파인탑,,64.99,19,2012,88000,2017-12-30,,,,,,
송파구,11710,10800,문정동,150,11710-89,올림픽훼밀리타운,,136.325,5,1988,145800,2017-12-28,,,,,,
송파구,11710,10800,문정동,150,11710-89,올림픽훼밀리타운,,192.235,5,1988,175000,2017-12-15,,,,,,
송파구,11710,10200,신천동,11-8,11710-5899,더샵스타리버,,171.53,13,2006,104000,2017-12-14,,,,,,
송파구,11710,10700,가락동,52,11710-232,쌍용스윗닷홈(104동),,122.43,9,2005,82500,2017-12-26,,,,,,
송파구,11710,10200,신천동,7-14,11710-6284,잠실더샵스타파크,,137.37,9,2008,118000,2017-12-19,,,,,,
송파구,11710,10400,송파동,161,11710-24,미성맨션,,58.98,12,1985,69700,2017-12-25,,,,,,
송파구,11710,10300,풍납동,163,11710-5,대아(제101상가동),,60,7,1998,46000,2017-12-23,,,,,,
송파구,11710,10400,송파동,119,11710-30,한양아파트,,158.61,10,1983,118800,2017-12-22,,,,,,
송파구,11710,10800,문정동,150,11710-89,올림픽훼밀리타운,,136.325,3,1988,142000,2017-12-26,,,,,,
송파구,11710,10800,문정동,150,11710-89,올림픽훼밀리타운,,84.705,6,1988,117000,2017-12-26,,,,,,
송파구,11710,10300,풍납동,400-5,11710-14,연지토성,,84.85,4,2000,49000,2017-12-28,,,,,,
송파구,11710,10800,문정동,145,11710-83,문정시영,,46.26,6,1989,43900,2017-12-26,,,,,,
송파구,11710,10700,가락동,96-1,11710-61,우성,,58.46,2,1986,67000,2017-12-20,,,,,,
송파구,11710,10800,문정동,150,11710-89,올림픽훼밀리타운,,136.325,3,1988,145000,2017-12-23,,,,,,
송파구,11710,11200,오금동,43,11710-130,현대(2-4차),,84.98,5,1984,99500,2017-12-13,,,,,,
송파구,11710,10100,잠실동,35,11710-6028,트리지움,,84.83,19,2007,140000,2017-12-30,,,,,,
송파구,11710,10900,장지동,835,11710-6299,송파파인타운2단지,,84.95,13,2008,74000,2017-12-30,,,,,,
송파구,11710,11100,방이동,89,11710-102,올림픽선수기자촌3단지,,100.31,9,1988,147200,2017-12-27,,,,,,
송파구,11710,10200,신천동,17,11710-6266,파크리오,,84.9,15,2008,131000,2017-12-28,,,,,,
송파구,11710,10800,문정동,145,11710-83,문정시영,,39.69,8,1989,40000,2017-12-26,,,,,,
송파구,11710,10100,잠실동,19,11710-6346,잠실엘스,,84.8,22,2008,155000,2017-12-30,,,,,,
송파구,11710,10100,잠실동,44,11710-5957,레이크팰리스,,136.74,17,2006,172000,2017-12-20,,,,,,
송파구,11710,10800,문정동,618,11710-8245,파크하비오,,84.9725,2,2016,91700,2017-12-16,,,,,,
송파구,11710,10100,잠실동,35,11710-6028,트리지움,,59.88,11,2007,117000,2017-12-11,,,,,,
송파구,11710,10100,잠실동,22,11710-6249,리센츠,,124.22,32,2008,194000,2017-12-13,,,,,,
송파구,11710,10800,문정동,1,11710-282,문정래미안,,120.97,13,2004,97300,2017-12-28,,,,,,
송파구,11710,10200,신천동,11-8,11710-5899,더샵스타리버,,171.53,16,2006,109000,2017-12-27,,,,,,
송파구,11710,10700,가락동,120-4,11710-44,가락우성2,,84.95,4,2000,59500,2017-12-19,,,,,,
송파구,11710,11100,방이동,173-1,11710-284,원진아뜨리에,,129.11,4,2004,63500,2017-12-18,,,,,,
송파구,11710,11100,방이동,89,11710-5714,올림픽선수기자촌1단지,,83.06,23,1988,126000,2017-12-04,,,,,,
송파구,11710,10700,가락동,140,11710-59,가락(1차)쌍용아파트,,59.92,3,1997,60800,2017-12-30,,,,,,
송파구,11710,11400,마천동,304,11710-148,마천동금호타운1,,59.93,6,1998,45500,2017-12-21,,,,,,
송파구,11710,10700,가락동,80,11710-5828,성원상떼빌,,90.7,18,2006,60000,2017-12-29,,,,,,
송파구,11710,10100,잠실동,19,11710-6346,잠실엘스,,84.8,21,2008,155000,2017-12-23,,,,,,
송파구,11710,11400,마천동,573,11710-149,삼익1,,59.4,7,1996,37300,2017-12-30,,,,,,
송파구,11710,10700,가락동,95,11710-51,동부센트레빌,,115.93,6,2001,95000,2017-12-16,,,,,,
송파구,11710,10700,가락동,95-1,11710-49,가락금호아파트,,59.91,5,1997,68000,2017-12-26,,,,,,
송파구,11710,11200,오금동,165,11710-124,상아2차아파트,,60,8,1988,54000,2017-12-23,,,,,,
송파구,11710,10200,신천동,11-4,11710-7307,잠실푸르지오월드마크,,108.32,28,2013,115000,2017-12-14,,,,,,
송파구,11710,10400,송파동,194-1,11710-37,송파,,83.22,1,2003,51000,2017-12-14,,,,,,
송파구,11710,10700,가락동,21-6,11710-42,가락쌍용(2차),,84.42,2,1999,64900,2017-12-14,,,,,,
송파구,11710,10700,가락동,96-1,11710-61,우성,,43.79,2,1986,54000,2017-12-19,,,,,,
송파구,11710,10700,가락동,199,11710-67,프라자,,84.67,2,1985,73000,2017-12-28,,,,,,
송파구,11710,11300,거여동,44,11710-144,현대2차,,82.96,4,1992,53800,2017-12-23,,,,,,
송파구,11710,10100,잠실동,27,11710-164,주공아파트 5단지,,82.51,11,1978,186000,2017-12-15,,,,,,
송파구,11710,11100,방이동,217,11710-94,대림,,125.075,3,1985,110000,2017-12-27,,,,,,
송파구,11710,10200,신천동,11,11710-171,장미3,,134.16,10,1984,170000,2017-12-21,,,,,,
송파구,11710,11300,거여동,290,11710-133,거여1단지,,59.73,7,1997,50900,2017-12-28,,,,,,
송파구,11710,10400,송파동,162,11710-26,송파삼성래미안아파트,,79.7,9,2001,80800,2017-12-19,,,,,,
송파구,11710,11300,거여동,293,11710-136,거여4단지,,49.8,12,1997,43000,2017-12-28,,,,,,
송파구,11710,10400,송파동,162,11710-26,송파삼성래미안아파트,,148.19,7,2001,112000,2017-12-16,,,,,,
송파구,11710,10400,송파동,162,11710-26,송파삼성래미안아파트,,105.99,3,2001,90000,2017-12-27,,,,,,
송파구,11710,10900,장지동,855,11710-6677,송파파인타운12단지,,84.92,3,2011,83600,2017-12-30,,,,,,
송파구,11710,10400,송파동,162,11710-26,송파삼성래미안아파트,,105.99,14,2001,93000,2017-12-24,,,,,,
송파구,11710,11200,오금동,138,11710-127,우방,,59.72,8,2001,41500,2017-12-23,,,,,,
송파구,11710,10200,신천동,11,11710-171,장미3,,134.16,4,1984,160000,2017-12-20,,,,,,
송파구,11710,10100,잠실동,27,11710-164,주공아파트 5단지,,76.5,14,1978,172000,2017-12-15,,,,,,
송파구,11710,10500,석촌동,224-2,11710-214,서원파인뷰(101동),,84.96,2,2003,46300,2017-12-18,,,,,,
송파구,11710,11100,방이동,89,11710-5714,올림픽선수기자촌1단지,,121.23,10,1988,174000,2017-12-15,,,,,,
송파구,11710,11200,오금동,164,11710-129,우창,,76.42,9,1985,59800,2017-12-27,,,,,,
송파구,11710,10100,잠실동,44,11710-5957,레이크팰리스,,116.19,23,2006,156750,2017-12-26,,,,,,
송파구,11710,10700,가락동,140,11710-59,가락(1차)쌍용아파트,,84.69,21,1997,65000,2017-12-05,,,,,,
송파구,11710,10400,송파동,151,11710-31,2차한양아파트,,108.68,5,1984,107250,2017-12-30,,,,,,
송파구,11710,10900,장지동,901,11710-7441,위례24단지(꿈에그린),,51.77,10,2013,65000,2017-12-23,,,,,,
송파구,11710,10400,송파동,243,11710-6929,래미안송파파인탑,,64.66,22,2012,84000,2017-12-01,,,,,,
송파구,11710,10100,잠실동,35,11710-6028,트리지움,,84.97,27,2007,135000,2017-12-16,,,,,,
송파구,11710,10700,가락동,102,11710-69,한신1,,84.51,11,1993,60000,2017-12-09,,,,,,
송파구,11710,10700,가락동,102,11710-69,한신1,,84.53,7,1993,65000,2017-12-20,,,,,,
송파구,11710,10100,잠실동,35,11710-6028,트리지움,,59.88,18,2007,117000,2017-12-21,,,,,,
송파구,11710,10200,신천동,17,11710-6266,파크리오,,121.63,8,2008,154500,2017-12-29,,,,,,
송파구,11710,10400,송파동,243,11710-6929,래미안송파파인탑,,71.73,14,2012,92500,2017-12-13,,,,,,
송파구,11710,10900,장지동,845,11710-6276,송파파인타운5단지,,84.98,7,2008,81900,2017-12-30,,,,,,
송파구,11710,10900,장지동,845,11710-6276,송파파인타운5단지,,84.93,3,2008,77000,2017-12-23,,,,,,
송파구,11710,10200,신천동,11,11710-177,장미2,,99,8,1979,150000,2017-12-22,,,,,,
송파구,11710,10200,신천동,7,11710-170,장미1,,99,14,1979,145500,2017-12-12,,,,,,
송파구,11710,10800,문정동,72-3,11710-78,건영1,,84.39,1,1996,65100,2017-12-13,,,,,,
송파구,11710,10700,가락동,192,11710-47,극동,,149.74,12,1984,108000,2017-12-22,,,,,,
송파구,11710,10900,장지동,833,11710-6486,송파파인타운1단지,,84.94,9,2010,70000,2017-12-25,,,,,,
송파구,11710,10900,장지동,849,11710-6241,송파파인타운3단지,,84.94,2,2008,72000,2017-12-27,,,,,,
송파구,11710,10100,잠실동,27,11710-164,주공아파트 5단지,,82.61,10,1978,186800,2017-12-21,,,,,,
송파구,11710,10400,송파동,162,11710-26,송파삼성래미안아파트,,126.4,11,2001,105000,2017-12-18,,,,,,
송파구,11710,10700,가락동,142,11710-65,풍림1,,80.52,3,1995,49700,2017-12-30,,,,,,
송파구,11710,10100,잠실동,35,11710-6028,트리지움,,84.95,7,2007,136500,2017-12-30,,,,,,
송파구,11710,11100,방이동,89,11710-5714,올림픽선수기자촌1단지,,120.42,1,1988,174500,2017-12-29,,,,,,
송파구,11710,10300,풍납동,391,11710-3,극동,,59.975,3,1987,53000,2017-12-27,,,,,,
송파구,11710,10100,잠실동,22,11710-6249,리센츠,,27.68,11,2008,62000,2017-12-23,,,,,,
송파구,11710,11300,거여동,290,11710-133,거여1단지,,59.73,9,1997,53400,2017-12-16,,,,,,
송파구,11710,10700,가락동,80,11710-5828,성원상떼빌,,117.16,3,2006,68500,2017-12-18,,,,,,
송파구,11710,10100,잠실동,22,11710-6249,리센츠,,84.99,2,2008,138000,2017-12-12,,,,,,
송파구,11710,11400,마천동,50,11710-8557,대성골드클래스,,44.19,3,2017,38000,2017-12-23,,,,,,
송파구,11710,11200,오금동,138,11710-127,우방,,84.95,3,2001,52900,2017-12-16,,,,,,
송파구,11710,10800,문정동,618,11710-8245,파크하비오,,84.9725,5,2016,92500,2017-12-15,,,,,,
송파구,11710,11100,방이동,212-8,11710-110,코오롱아파트,,84.95,9,1991,73000,2017-12-20,,,,,,
송파구,11710,10400,송파동,119,11710-30,한양아파트,,158.61,5,1983,118000,2017-12-18,,,,,,
송파구,11710,10700,가락동,51-1,11710-234,쌍용스윗닷홈(105동),,122.43,5,2005,78000,2017-12-22,,,,,,
송파구,11710,10700,가락동,171-5,11710-73,현대7,,84.64,5,1991,58500,2017-12-16,,,,,,
송파구,11710,10200,신천동,17,11710-6266,파크리오,,84.79,19,2008,125500,2017-12-15,,,,,,
송파구,11710,10400,송파동,243,11710-6929,래미안송파파인탑,,87.05,15,2012,103500,2017-12-29,,,,,,
송파구,11710,11300,거여동,362,11710-143,현대1차,,70.38,9,1992,53000,2017-12-21,,,,,,
송파구,11710,11300,거여동,294,11710-137,거여5단지,,59.74,5,1997,46800,2017-12-22,,,,,,
송파구,11710,10700,가락동,51-1,11710-234,쌍용스윗닷홈(105동),,122.43,3,2005,77500,2017-12-28,,,,,,
송파구,11710,10900,장지동,879,11710-7430,송파더센트레,,51.77,12,2013,60000,2017-12-23,,,,,,
송파구,11710,10700,가락동,95-1,11710-49,가락금호아파트,,59.91,24,1997,63000,2017-12-12,,,,,,
송파구,11710,10700,가락동,80,11710-5828,성원상떼빌,,108.65,5,2006,67000,2017-12-12,,,,,,
송파구,11710,10900,장지동,901,11710-7441,위례24단지(꿈에그린),,59.63,16,2013,76900,2017-12-23,,,,,,
송파구,11710,10400,송파동,171,11710-28,성지,,84.92,14,1992,66000,2017-12-22,,,,,,
송파구,11710,11200,오금동,138,11710-127,우방,,84.95,11,2001,52000,2017-12-09,,,,,,
송파구,11710,11100,방이동,217,11710-94,대림,,153.475,9,1985,123000,2017-12-30,,,,,,
송파구,11710,10200,신천동,17,11710-6266,파크리오,,84.79,23,2008,127000,2017-12-30,,,,,,
송파구,11710,10100,잠실동,22,11710-6249,리센츠,,27.68,6,2008,62300,2017-12-14,,,,,,
송파구,11710,10900,장지동,901,11710-7441,위례24단지(꿈에그린),,75.97,2,2013,81500,2017-12-20,,,,,,
송파구,11710,10200,신천동,17,11710-6266,파크리오,,59.95,12,2008,112000,2017-12-29,,,,,,
송파구,11710,10900,장지동,901,11710-7441,위례24단지(꿈에그린),,51.77,4,2013,64000,2017-12-17,,,,,,
송파구,11710,10100,잠실동,35,11710-6028,트리지움,,59.88,7,2007,112000,2017-12-09,,,,,,
송파구,11710,10100,잠실동,35,11710-6028,트리지움,,114.7,24,2007,164500,2017-12-07,,,,,,
송파구,11710,10900,장지동,878,11710-7714,위례신도시송파푸르지오,,108.119,14,2015,113000,2017-12-22,,,,,,
송파구,11710,10300,풍납동,220-2,11710-9,신동아파밀리에,,59.36,4,1993,39500,2017-12-25,,,,,,
송파구,11710,10100,잠실동,22,11710-6249,리센츠,,124.22,28,2008,180000,2017-12-28,,,,,,
송파구,11710,10900,장지동,879,11710-7430,송파더센트레,,51.77,12,2013,58000,2017-12-14,,,,,,
송파구,11710,11200,오금동,43,11710-130,현대(2-4차),,84.98,3,1984,95500,2017-12-18,,,,,,
송파구,11710,10200,신천동,17,11710-6266,파크리오,,84.9,4,2008,120000,2017-12-25,,,,,,
송파구,11710,10100,잠실동,22,11710-6249,리센츠,,124.22,13,2008,187000,2017-12-13,,,,,,
송파구,11710,10900,장지동,879,11710-7430,송파더센트레,,51.77,12,2013,60000,2017-12-23,,,,,,
송파구,11710,11100,방이동,217,11710-94,대림,,153.475,10,1985,125000,2017-12-16,,,,,,
송파구,11710,10900,장지동,843,11710-6125,송파파인타운9단지,,59.93,12,2007,71000,2017-12-24,,,,,,
송파구,11710,10400,송파동,243,11710-6929,래미안송파파인탑,,71.73,14,2012,93500,2017-12-28,,,,,,
송파구,11710,10300,풍납동,391,11710-3,극동,,79.945,10,1987,66000,2017-12-26,,,,,,
송파구,11710,11400,마천동,582,11710-6680,송파파크데일1단지,,114.81,4,2011,84500,2017-12-21,,,,,,
송파구,11710,11300,거여동,290,11710-133,거여1단지,,59.73,8,1997,51000,2017-12-08,,,,,,
송파구,11710,10900,장지동,901,11710-7441,위례24단지(꿈에그린),,84.93,13,2013,94500,2017-12-30,,,,,,
송파구,11710,10200,신천동,17,11710-6266,파크리오,,121.63,9,2008,147500,2017-12-14,,,,,,
송파구,11710,10100,잠실동,101-1,11710-159,우성아파트,,96.04,10,1981,141000,2017-12-30,,,,,,
송파구,11710,10100,잠실동,19,11710-6346,잠실엘스,,59.96,8,2008,124999,2017-12-16,,,,,,
송파구,11710,10700,가락동,21-6,11710-42,가락쌍용(2차),,84.42,20,1999,68500,2017-12-07,,,,,,
송파구,11710,10200,신천동,17,11710-6266,파크리오,,84.79,11,2008,130000,2017-12-06,,,,,,
송파구,11710,10100,잠실동,22,11710-6249,리센츠,,84.99,19,2008,150000,2017-12-23,,,,,,
송파구,11710,10900,장지동,855,11710-6677,송파파인타운12단지,,84.9,3,2011,81000,2017-12-31,,,,,,
송파구,11710,10800,문정동,150,11710-89,올림픽훼밀리타운,,117.585,8,1988,134000,2017-12-09,,,,,,
송파구,11710,10900,장지동,843,11710-6125,송파파인타운9단지,,59.93,11,2007,73000,2017-12-29,,,,,,
송파구,11710,10900,장지동,844,11710-6126,송파파인타운7단지,,84.94,4,2007,79700,2017-12-21,,,,,,
송파구,11710,10800,문정동,150,11710-89,올림픽훼밀리타운,,136.325,7,1988,142000,2017-12-28,,,,,,
송파구,11710,10800,문정동,150,11710-89,올림픽훼밀리타운,,158.705,1,1988,147000,2017-12-21,,,,,,
송파구,11710,10400,송파동,58-4,11710-5598,레이크해모로,,84.75,8,2005,74000,2017-12-09,,,,,,
송파구,11710,10100,잠실동,44,11710-5957,레이크팰리스,,59.97,22,2006,110000,2017-12-20,,,,,,
송파구,11710,10100,잠실동,35,11710-6028,트리지움,,84.83,16,2007,140000,2017-12-30,,,,,,
송파구,11710,10100,잠실동,101-1,11710-159,우성아파트,,96.65,8,1981,146000,2017-12-30,,,,,,
송파구,11710,10200,신천동,17,11710-6266,파크리오,,84.97,13,2008,140000,2017-12-12,,,,,,
송파구,11710,10800,문정동,150,11710-89,올림픽훼밀리타운,,84.705,10,1988,118000,2017-12-19,,,,,,
송파구,11710,10800,문정동,150,11710-89,올림픽훼밀리타운,,84.705,7,1988,115000,2017-12-21,,,,,,
송파구,11710,10100,잠실동,35,11710-6028,트리지움,,84.83,12,2007,140000,2017-12-05,,,,,,
송파구,11710,10100,잠실동,22,11710-6249,리센츠,,84.99,15,2008,151000,2017-12-11,,,,,,
송파구,11710,10700,가락동,199,11710-67,프라자,,133.76,10,1985,93000,2017-12-31,,,,,,
송파구,11710,11200,오금동,165,11710-124,상아2차아파트,,84.98,8,1988,72500,2017-12-13,,,,,,
송파구,11710,10700,가락동,171-5,11710-73,현대7,,84.65,1,1991,54500,2017-12-13,,,,,,
송파구,11710,10200,신천동,17,11710-6266,파크리오,,84.9,25,2008,123000,2017-12-17,,,,,,
송파구,11710,10900,장지동,894,11710-7945,위례아이파크,,100.8522,8,2015,119500,2017-12-11,,,,,,
송파구,11710,10300,풍납동,506,11710-6,동아한가람1,,84.38,12,1995,58500,2017-12-19,,,,,,
송파구,11710,10300,풍납동,510,11710-10,신성노바빌아파트,,59.78,5,2000,47000,2017-12-14,,,,,,
송파구,11710,10700,가락동,176,11710-55,삼환,,72.7,10,1984,69650,2017-12-30,,,,,,
송파구,11710,10100,잠실동,320,11710-160,우성4차,,115.83,11,1983,119000,2017-12-16,,,,,,
송파구,11710,10900,장지동,844,11710-6126,송파파인타운7단지,,84.94,10,2007,80000,2017-12-13,,,,,,
송파구,11710,10700,가락동,21-6,11710-42,가락쌍용(2차),,84.42,5,1999,66500,2017-12-18,,,,,,
송파구,11710,11100,방이동,89,11710-5714,올림픽선수기자촌1단지,,121.23,2,1988,169000,2017-12-22,,,,,,
송파구,11710,10700,가락동,95,11710-51,동부센트레빌,,115.93,11,2001,94000,2017-12-09,,,,,,
송파구,11710,10900,장지동,843,11710-6125,송파파인타운9단지,,59.93,12,2007,71000,2017-12-09,,,,,,
송파구,11710,10400,송파동,151,11710-31,2차한양아파트,,64.26,2,1984,78000,2017-12-21,,,,,,
송파구,11710,10100,잠실동,35,11710-6028,트리지움,,84.97,11,2007,132000,2017-12-06,,,,,,
송파구,11710,10100,잠실동,27,11710-164,주공아파트 5단지,,76.5,10,1978,174000,2017-12-23,,,,,,
송파구,11710,10100,잠실동,27,11710-164,주공아파트 5단지,,76.5,5,1978,171000,2017-12-17,,,,,,
송파구,11710,10200,신천동,17,11710-6266,파크리오,,84.79,12,2008,126500,2017-12-25,,,,,,
송파구,11710,10700,가락동,199,11710-67,프라자,,133.76,12,1985,88000,2017-12-09,,,,,,
송파구,11710,10100,잠실동,44,11710-5957,레이크팰리스,,116.19,17,2006,154000,2017-12-11,,,,,,
송파구,11710,10200,신천동,7,11710-170,장미1,,82.45,3,1979,132000,2017-12-25,,,,,,
송파구,11710,11300,거여동,291,11710-134,거여2단지효성아파트,,134.88,1,1997,71500,2017-12-13,,,,,,
송파구,11710,11300,거여동,294,11710-137,거여5단지,,59.74,9,1997,50000,2017-12-30,,,,,,
송파구,11710,10200,신천동,17,11710-6266,파크리오,,144.77,2,2008,149000,2017-12-20,,,,,,
송파구,11710,10100,잠실동,19,11710-6346,잠실엘스,,84.8,16,2008,155000,2017-12-16,,,,,,
송파구,11710,10800,문정동,150,11710-89,올림픽훼밀리타운,,84.705,12,1988,119000,2017-12-30,,,,,,
송파구,11710,10800,문정동,72-3,11710-78,건영1,,84.39,7,1996,70000,2017-12-26,,,,,,
송파구,11710,10400,송파동,161,11710-24,미성맨션,,116.94,14,1985,91000,2017-12-07,,,,,,
송파구,11710,10300,풍납동,508,11710-17,한강극동,,59.26,10,1995,51000,2017-12-21,,,,,,
송파구,11710,10700,가락동,140,11710-59,가락(1차)쌍용아파트,,59.92,17,1997,60000,2017-12-23,,,,,,
송파구,11710,10100,잠실동,27,11710-164,주공아파트 5단지,,76.5,14,1978,174000,2017-12-18,,,,,,
송파구,11710,10700,가락동,140,11710-59,가락(1차)쌍용아파트,,59.92,14,1997,60000,2017-12-27,,,,,,
송파구,11710,10900,장지동,901,11710-7441,위례24단지(꿈에그린),,59.66,4,2013,73000,2017-12-16,,,,,,
송파구,11710,10100,잠실동,27,11710-164,주공아파트 5단지,,76.5,6,1978,174000,2017-12-20,,,,,,
송파구,11710,11400,마천동,175,11710-154,한보1,,39.1,2,1998,32500,2017-12-11,,,,,,
송파구,11710,11100,방이동,89,11710-5715,올림픽선수기자촌2단지,,83.06,22,1988,135500,2017-12-19,,,,,,
송파구,11710,10200,신천동,17,11710-6266,파크리오,,144.77,13,2008,164000,2017-12-19,,,,,,
송파구,11710,10700,가락동,95-1,11710-49,가락금호아파트,,59.91,26,1997,62000,2017-12-16,,,,,,
송파구,11710,10700,가락동,95-1,11710-49,가락금호아파트,,59.66,10,1997,65000,2017-12-08,,,,,,
송파구,11710,10700,가락동,176,11710-55,삼환,,84.704,3,1984,78500,2017-12-23,,,,,,
송파구,11710,10400,송파동,161,11710-24,미성맨션,,169.44,13,1985,120000,2017-12-08,,,,,,
송파구,11710,10700,가락동,138,11710-53,가락미륭아파트,,50,3,1986,52500,2017-12-12,,,,,,
송파구,11710,10200,신천동,11-8,11710-5899,더샵스타리버,,171.53,39,2006,135000,2017-12-29,,,,,,
송파구,11710,10900,장지동,901,11710-7441,위례24단지(꿈에그린),,59.63,8,2013,77600,2017-12-24,,,,,,
송파구,11710,10900,장지동,894,11710-7945,위례아이파크,,87.8869,12,2015,106000,2017-12-21,,,,,,
송파구,11710,10900,장지동,845,11710-6276,송파파인타운5단지,,84.93,7,2008,83000,2017-12-30,,,,,,
송파구,11710,10100,잠실동,22,11710-6249,리센츠,,27.68,19,2008,64000,2017-12-30,,,,,,
송파구,11710,11300,거여동,293,11710-136,거여4단지,,49.8,11,1997,45000,2017-12-30,,,,,,
송파구,11710,10900,장지동,879,11710-7430,송파더센트레,,51.77,5,2013,60000,2017-12-20,,,,,,
송파구,11710,10800,문정동,104,11710-85,현대,,71.52,1,1991,48000,2017-12-18,,,,,,
송파구,11710,10800,문정동,72-3,11710-78,건영1,,84.39,12,1996,70500,2017-12-17,,,,,,
송파구,11710,11100,방이동,185-5,11710-262,(185-5),,133.78,8,2002,75000,2017-12-26,,,,,,
송파구,11710,10200,신천동,17,11710-6266,파크리오,,144.77,4,2008,158000,2017-12-27,,,,,,
송파구,11710,10200,신천동,17,11710-6266,파크리오,,84.79,10,2008,129500,2017-12-20,,,,,,
송파구,11710,10100,잠실동,22,11710-6249,리센츠,,84.99,18,2008,150000,2017-12-09,,,,,,
송파구,11710,11300,거여동,362,11710-143,현대1차,,74.83,11,1992,54500,2017-12-30,,,,,,
송파구,11710,10900,장지동,843,11710-6125,송파파인타운9단지,,59.99,2,2007,69000,2017-12-30,,,,,,
송파구,11710,10400,송파동,166,11710-27,가락삼익맨숀,,108.338,9,1984,94700,2017-12-05,,,,,,
송파구,11710,10200,신천동,17,11710-6266,파크리오,,84.79,22,2008,130000,2017-12-16,,,,,,
송파구,11710,10100,잠실동,22,11710-6249,리센츠,,84.99,25,2008,150000,2017-12-26,,,,,,
송파구,11710,11200,오금동,165,11710-124,상아2차아파트,,45.77,6,1988,43000,2017-12-05,,,,,,
송파구,11710,10300,풍납동,508,11710-17,한강극동,,114.76,14,1995,81500,2017-12-23,,,,,,
송파구,11710,10100,잠실동,27,11710-164,주공아파트 5단지,,76.5,6,1978,169000,2017-12-13,,,,,,
송파구,11710,10200,신천동,17,11710-6266,파크리오,,84.9,15,2008,127800,2017-12-26,,,,,,
송파구,11710,11300,거여동,294,11710-137,거여5단지,,59.4,3,1997,46000,2017-12-29,,,,,,
송파구,11710,10400,송파동,166,11710-27,가락삼익맨숀,,84.828,1,1984,84300,2017-12-13,,,,,,
송파구,11710,10700,가락동,96-1,11710-61,우성,,109.25,13,1986,100000,2017-12-27,,,,,,
송파구,11710,10900,장지동,843,11710-6125,송파파인타운9단지,,59.93,9,2007,68500,2017-12-02,,,,,,
송파구,11710,10700,가락동,176,11710-55,삼환,,121.04,6,1984,83500,2017-12-02,,,,,,
송파구,11710,10700,가락동,54,11710-299,가락3차쌍용스윗닷홈(103동),,84.94,5,2005,67000,2017-12-28,,,,,,
송파구,11710,10900,장지동,901,11710-7441,위례24단지(꿈에그린),,51.77,5,2013,64000,2017-12-26,,,,,,
송파구,11710,10900,장지동,879,11710-7430,송파더센트레,,59.73,9,2013,71700,2017-12-23,,,,,,
송파구,11710,10700,가락동,165,11710-6150,래미안파크팰리스,,114.756,10,2007,115000,2017-12-05,,,,,,
송파구,11710,10900,장지동,879,11710-7430,송파더센트레,,51.82,3,2013,58800,2017-12-08,,,,,,
송파구,11710,11100,방이동,89,11710-102,올림픽선수기자촌3단지,,100.31,6,1988,145000,2017-12-17,,,,,,
송파구,11710,10700,가락동,192,11710-47,극동,,120.4,10,1984,98700,2017-12-06,,,,,,
송파구,11710,10700,가락동,80,11710-5828,성원상떼빌,,108.6,20,2006,64000,2017-12-12,,,,,,
송파구,11710,10700,가락동,165,11710-6150,래미안파크팰리스,,84.885,9,2007,91300,2017-12-11,,,,,,
송파구,11710,10300,풍납동,413-1,11710-18,현대1,,83.02,8,1995,76800,2017-12-18,,,,,,
송파구,11710,10100,잠실동,40,11710-281,갤러리아팰리스,,151.999,11,2005,133000,2017-12-19,,,,,,
송파구,11710,11100,방이동,89,11710-5714,올림픽선수기자촌1단지,,83.06,2,1988,130000,2017-12-15,,,,,,
송파구,11710,10300,풍납동,506,11710-6,동아한가람1,,84.38,5,1995,58500,2017-12-21,,,,,,
송파구,11710,10200,신천동,17,11710-6266,파크리오,,121.63,8,2008,154000,2017-12-16,,,,,,
송파구,11710,10900,장지동,901,11710-7441,위례24단지(꿈에그린),,51.77,4,2013,62000,2017-12-18,,,,,,
송파구,11710,10100,잠실동,320,11710-160,우성4차,,95.84,8,1983,110000,2017-12-22,,,,,,
송파구,11710,11100,방이동,89,11710-5715,올림픽선수기자촌2단지,,126.18,3,1988,173000,2017-12-16,,,,,,
송파구,11710,11100,방이동,89,11710-5715,올림픽선수기자촌2단지,,131.76,3,1988,183000,2017-12-19,,,,,,
송파구,11710,10200,신천동,17,11710-6266,파크리오,,84.9,20,2008,121000,2017-12-05,,,,,,
송파구,11710,11100,방이동,89,11710-5714,올림픽선수기자촌1단지,,83.06,6,1988,125000,2017-12-18,,,,,,
송파구,11710,10400,송파동,151,11710-31,2차한양아파트,,64.26,7,1984,80000,2017-12-06,,,,,,
송파구,11710,10300,풍납동,401-1,11710-12,쌍용,,84.85,10,1994,69500,2017-12-15,,,,,,
송파구,11710,11100,방이동,89,11710-102,올림픽선수기자촌3단지,,135.99,13,1988,182980,2017-12-14,,,,,,
송파구,11710,11400,마천동,181,11710-155,현대그린빌,,46.8,5,1998,27000,2017-12-19,,,,,,
송파구,11710,10700,가락동,140,11710-59,가락(1차)쌍용아파트,,84.69,3,1997,70000,2017-12-30,,,,,,
송파구,11710,10200,신천동,7,11710-170,장미1,,71.2,12,1979,117000,2017-12-13,,,,,,
송파구,11710,10900,장지동,901,11710-7441,위례24단지(꿈에그린),,51.77,5,2013,60000,2017-12-07,,,,,,
송파구,11710,10700,가락동,176,11710-55,삼환,,121.04,2,1984,85000,2017-12-09,,,,,,
송파구,11710,10200,신천동,17,11710-6266,파크리오,,84.9,24,2008,124400,2017-12-30,,,,,,
송파구,11710,10700,가락동,96-1,11710-61,우성,,127.75,14,1986,100000,2017-12-07,,,,,,
송파구,11710,10400,송파동,163-14,11710-32,현대,,59.91,8,1997,54800,2017-12-23,,,,,,
송파구,11710,11400,마천동,50,11710-8557,대성골드클래스,,44.19,2,2017,38000,2017-12-23,,,,,,
송파구,11710,10900,장지동,901,11710-7441,위례24단지(꿈에그린),,75.97,2,2013,83000,2017-12-23,,,,,,
송파구,11710,10300,풍납동,508,11710-17,한강극동,,59.26,9,1995,54800,2017-12-16,,,,,,
송파구,11710,10400,송파동,166,11710-27,가락삼익맨숀,,84.828,1,1984,83000,2017-12-03,,,,,,
송파구,11710,11300,거여동,46,11710-145,현대3차,,84.94,10,1993,51200,2017-12-11,,,,,,
송파구,11710,10300,풍납동,508,11710-17,한강극동,,84.76,2,1995,64500,2017-12-16,,,,,,
송파구,11710,11100,방이동,212-8,11710-110,코오롱아파트,,84.95,8,1991,72000,2017-12-22,,,,,,
송파구,11710,10900,장지동,901,11710-7441,위례24단지(꿈에그린),,51.77,15,2013,62900,2017-12-12,,,,,,
송파구,11710,10900,장지동,879,11710-7430,송파더센트레,,51.96,25,2013,61700,2017-12-30,,,,,,
송파구,11710,10100,잠실동,35,11710-6028,트리지움,,59.88,2,2007,105000,2017-12-12,,,,,,
송파구,11710,10100,잠실동,44,11710-5957,레이크팰리스,,84.82,9,2006,135000,2017-12-27,,,,,,
송파구,11710,10400,송파동,162,11710-26,송파삼성래미안아파트,,126.4,3,2001,98000,2017-12-27,,,,,,
송파구,11710,10100,잠실동,19,11710-6346,잠실엘스,,84.8,4,2008,150000,2017-12-29,,,,,,
송파구,11710,10100,잠실동,19,11710-6346,잠실엘스,,84.8,14,2008,150000,2017-12-09,,,,,,
송파구,11710,10200,신천동,7,11710-170,장미1,,82.45,13,1979,125500,2017-12-16,,,,,,
송파구,11710,10100,잠실동,22,11710-6249,리센츠,,84.99,10,2008,152000,2017-12-09,,,,,,
송파구,11710,10100,잠실동,35,11710-6028,트리지움,,59.88,17,2007,116000,2017-12-01,,,,,,
송파구,11710,10100,잠실동,35,11710-6028,트리지움,,84.83,19,2007,140000,2017-12-16,,,,,,
송파구,11710,10300,풍납동,260,11710-19,현대리버빌1지구,,187.12,8,1999,90000,2017-12-20,,,,,,
송파구,11710,10700,가락동,166-2,11710-179,sk파크타워,,108.82,3,2003,70000,2017-12-06,,,,,,
송파구,11710,10700,가락동,166-2,11710-179,sk파크타워,,108.82,13,2003,72000,2017-12-08,,,,,,
송파구,11710,10800,문정동,150,11710-89,올림픽훼밀리타운,,84.705,9,1988,119000,2017-12-28,,,,,,
송파구,11710,10900,장지동,901,11710-7441,위례24단지(꿈에그린),,84.96,16,2013,93000,2017-12-19,,,,,,
송파구,11710,10100,잠실동,101-1,11710-159,우성아파트,,96.65,12,1981,145000,2017-12-30,,,,,,
송파구,11710,10700,가락동,140,11710-59,가락(1차)쌍용아파트,,84.69,20,1997,72500,2017-12-13,,,,,,
송파구,11710,10800,문정동,74,11710-91,동부브리앙뜨1,,83.07,8,2003,52800,2017-12-02,,,,,,
송파구,11710,10800,문정동,72-3,11710-78,건영1,,84.39,14,1996,74500,2017-12-27,,,,,,
송파구,11710,10200,신천동,17,11710-6266,파크리오,,84.79,8,2008,125700,2017-12-06,,,,,,
송파구,11710,10400,송파동,171,11710-28,성지,,84.92,8,1992,65000,2017-12-16,,,,,,
송파구,11710,10800,문정동,18,11710-80,문정대우푸르지오1차,,84.86,18,1999,69800,2017-12-27,,,,,,
송파구,11710,10900,장지동,845,11710-6276,송파파인타운5단지,,84.95,1,2008,74000,2017-12-30,,,,,,
송파구,11710,10400,송파동,162,11710-26,송파삼성래미안아파트,,79.7,21,2001,84000,2017-12-09,,,,,,
송파구,11710,10700,가락동,80,11710-5828,성원상떼빌,,145.72,23,2006,90000,2017-12-22,,,,,,
송파구,11710,10400,송파동,166,11710-27,가락삼익맨숀,,108.338,8,1984,96000,2017-12-11,,,,,,
송파구,11710,10300,풍납동,508,11710-17,한강극동,,114.76,4,1995,82000,2017-12-23,,,,,,
송파구,11710,10900,장지동,879,11710-7430,송파더센트레,,51.77,4,2013,58300,2017-12-16,,,,,,
송파구,11710,10800,문정동,72-3,11710-78,건영1,,84.39,3,1996,70500,2017-12-09,,,,,,
송파구,11710,10800,문정동,72-3,11710-78,건영1,,84.87,11,1996,70000,2017-12-15,,,,,,
송파구,11710,10800,문정동,145,11710-83,문정시영,,46.26,1,1989,40500,2017-12-11,,,,,,
송파구,11710,10800,문정동,145,11710-83,문정시영,,39.69,7,1989,38650,2017-12-06,,,,,,
송파구,11710,10900,장지동,879,11710-7430,송파더센트레,,54.12,10,2013,60000,2017-12-27,,,,,,
송파구,11710,10100,잠실동,22,11710-6249,리센츠,,27.68,19,2008,62500,2017-12-13,,,,,,
송파구,11710,10700,가락동,140,11710-59,가락(1차)쌍용아파트,,84.69,5,1997,74000,2017-12-27,,,,,,
송파구,11710,10800,문정동,150,11710-89,올림픽훼밀리타운,,158.705,12,1988,147000,2017-12-15,,,,,,
송파구,11710,10800,문정동,150,11710-89,올림픽훼밀리타운,,117.585,6,1988,127000,2017-12-04,,,,,,
송파구,11710,10800,문정동,72-3,11710-78,건영1,,84.39,3,1996,72000,2017-12-07,,,,,,
송파구,11710,10100,잠실동,19,11710-6346,잠실엘스,,59.96,26,2008,125000,2017-12-14,,,,,,
송파구,11710,10700,가락동,140,11710-59,가락(1차)쌍용아파트,,84.69,24,1997,70000,2017-12-30,,,,,,
송파구,11710,10100,잠실동,22,11710-6249,리센츠,,84.99,17,2008,147500,2017-12-01,,,,,,
송파구,11710,11200,오금동,165,11710-124,상아2차아파트,,60,7,1988,53000,2017-12-09,,,,,,
송파구,11710,10900,장지동,878,11710-7714,위례신도시송파푸르지오,,111.9716,15,2015,125700,2017-12-03,,,,,,
송파구,11710,10300,풍납동,391,11710-3,극동,,59.975,15,1987,52800,2017-12-23,,,,,,
송파구,11710,10700,가락동,140,11710-59,가락(1차)쌍용아파트,,59.92,1,1997,58000,2017-12-26,,,,,,
송파구,11710,10700,가락동,140,11710-59,가락(1차)쌍용아파트,,84.69,20,1997,74500,2017-12-28,,,,,,
송파구,11710,10100,잠실동,22,11710-6249,리센츠,,124.22,17,2008,178000,2017-12-16,,,,,,
송파구,11710,10800,문정동,150,11710-89,올림픽훼밀리타운,,117.585,9,1988,132800,2017-12-23,,,,,,
송파구,11710,10700,가락동,165,11710-6150,래미안파크팰리스,,114.756,5,2007,110700,2017-12-14,,,,,,
송파구,11710,10200,신천동,17,11710-6266,파크리오,,84.79,4,2008,126000,2017-12-22,,,,,,
송파구,11710,10800,문정동,150,11710-89,올림픽훼밀리타운,,84.705,2,1988,113700,2017-12-26,,,,,,
송파구,11710,10300,풍납동,508,11710-17,한강극동,,59.26,8,1995,54000,2017-12-23,,,,,,
송파구,11710,11100,방이동,89,11710-5715,올림픽선수기자촌2단지,,135.99,5,1988,185000,2017-12-05,,,,,,
송파구,11710,11100,방이동,89,11710-5714,올림픽선수기자촌1단지,,83.06,4,1988,128000,2017-12-04,,,,,,
송파구,11710,10300,풍납동,506,11710-6,동아한가람1,,59.98,4,1995,49000,2017-12-30,,,,,,
송파구,11710,10700,가락동,140,11710-59,가락(1차)쌍용아파트,,59.92,12,1997,60000,2017-12-09,,,,,,
송파구,11710,10200,신천동,11-8,11710-5899,더샵스타리버,,171.53,11,2006,105800,2017-12-14,,,,,,
송파구,11710,10200,신천동,17,11710-6266,파크리오,,84.79,13,2008,130000,2017-12-13,,,,,,
송파구,11710,10100,잠실동,22,11710-6249,리센츠,,124.22,23,2008,201000,2017-12-05,,,,,,
송파구,11710,10800,문정동,150,11710-89,올림픽훼밀리타운,,136.325,2,1988,135000,2017-12-06,,,,,,
송파구,11710,10900,장지동,901,11710-7441,위례24단지(꿈에그린),,84.96,10,2013,93500,2017-12-01,,,,,,
송파구,11710,10700,가락동,55,11710-72,현대(6차),,84.8,4,1991,62000,2017-12-17,,,,,,
송파구,11710,10100,잠실동,22,11710-6249,리센츠,,27.68,13,2008,72000,2017-12-09,,,,,,
송파구,11710,10900,장지동,844,11710-6126,송파파인타운7단지,,84.94,16,2007,80500,2017-12-15,,,,,,
송파구,11710,10300,풍납동,509,11710-13,씨티극동1,,59.69,6,1998,48000,2017-12-28,,,,,,
송파구,11710,11200,오금동,43,11710-130,현대(2-4차),,130.93,14,1984,120000,2017-12-21,,,,,,
송파구,11710,10900,장지동,901,11710-7441,위례24단지(꿈에그린),,51.77,14,2013,63000,2017-12-13,,,,,,
송파구,11710,11100,방이동,89,11710-5714,올림픽선수기자촌1단지,,83.06,1,1988,127000,2017-12-02,,,,,,
송파구,11710,10200,신천동,17,11710-6266,파크리오,,144.77,19,2008,163000,2017-12-25,,,,,,
송파구,11710,10300,풍납동,506,11710-6,동아한가람1,,84.98,16,1995,64000,2017-12-22,,,,,,
송파구,11710,10800,문정동,150,11710-89,올림픽훼밀리타운,,136.325,10,1988,132300,2017-12-04,,,,,,
송파구,11710,11300,거여동,294,11710-137,거여5단지,,59.74,14,1997,47500,2017-12-16,,,,,,
송파구,11710,10800,문정동,150,11710-89,올림픽훼밀리타운,,158.705,14,1988,146000,2017-12-08,,,,,,
송파구,11710,10300,풍납동,391,11710-3,극동,,59.975,11,1987,54600,2017-12-12,,,,,,
송파구,11710,10200,신천동,17,11710-6266,파크리오,,59.86,10,2008,110000,2017-12-14,,,,,,
송파구,11710,10100,잠실동,19,11710-6346,잠실엘스,,84.8,23,2008,151000,2017-12-12,,,,,,
송파구,11710,10800,문정동,1,11710-282,문정래미안,,150.58,10,2004,103000,2017-12-17,,,,,,
송파구,11710,11100,방이동,212-8,11710-110,코오롱아파트,,84.95,8,1991,74300,2017-12-15,,,,,,
송파구,11710,10900,장지동,847,11710-6309,송파파인타운6단지,,84.98,15,2008,77000,2017-12-23,,,,,,
송파구,11710,10200,신천동,7,11710-170,장미1,,99,8,1979,150000,2017-12-13,,,,,,
송파구,11710,10800,문정동,117,11710-92,문정대우푸르지오3차,,84.96,3,2002,61750,2017-12-16,,,,,,
송파구,11710,10400,송파동,171,11710-28,성지,,84.92,7,1992,64500,2017-12-11,,,,,,
송파구,11710,10100,잠실동,22,11710-6249,리센츠,,27.68,22,2008,71500,2017-12-06,,,,,,
송파구,11710,10200,신천동,17,11710-6266,파크리오,,84.79,20,2008,135000,2017-12-26,,,,,,
송파구,11710,10900,장지동,849,11710-6241,송파파인타운3단지,,84.98,18,2008,70000,2017-12-15,,,,,,
송파구,11710,10900,장지동,879,11710-7430,송파더센트레,,59.96,7,2013,74700,2017-12-29,,,,,,
송파구,11710,10900,장지동,844,11710-6126,송파파인타운7단지,,84.94,15,2007,79400,2017-12-13,,,,,,
송파구,11710,10200,신천동,17,11710-6266,파크리오,,144.77,19,2008,171000,2017-12-15,,,,,,
송파구,11710,10200,신천동,17,11710-6266,파크리오,,84.79,19,2008,128000,2017-12-02,,,,,,
송파구,11710,10800,문정동,145,11710-83,문정시영,,39.69,6,1989,40900,2017-12-29,,,,,,
송파구,11710,10800,문정동,145,11710-83,문정시영,,39.69,13,1989,40000,2017-12-18,,,,,,
송파구,11710,10900,장지동,878,11710-7714,위례신도시송파푸르지오,,111.6031,15,2015,126000,2017-12-17,,,,,,
송파구,11710,10900,장지동,879,11710-7430,송파더센트레,,51.77,7,2013,59000,2017-12-17,,,,,,
송파구,11710,10700,가락동,165,11710-6150,래미안파크팰리스,,59.968,16,2007,80000,2017-12-02,,,,,,
송파구,11710,11100,방이동,89,11710-102,올림픽선수기자촌3단지,,100.31,12,1988,146000,2017-12-08,,,,,,
송파구,11710,10100,잠실동,44,11710-5957,레이크팰리스,,116.19,11,2006,160000,2017-12-09,,,,,,
송파구,11710,10100,잠실동,19,11710-6346,잠실엘스,,84.8,6,2008,159500,2017-12-25,,,,,,
송파구,11710,10900,장지동,837,11710-6182,송파파인타운4단지,,84.95,5,2008,75000,2017-12-29,,,,,,
송파구,11710,10700,가락동,102,11710-69,한신1,,84.51,14,1993,66700,2017-12-23,,,,,,
송파구,11710,10900,장지동,901,11710-7441,위례24단지(꿈에그린),,59.63,13,2013,75000,2017-12-06,,,,,,
송파구,11710,10900,장지동,901,11710-7441,위례24단지(꿈에그린),,51.77,12,2013,62000,2017-12-30,,,,,,
송파구,11710,10700,가락동,120-4,11710-44,가락우성2,,46.81,5,2000,42000,2017-12-06,,,,,,
송파구,11710,10400,송파동,166,11710-27,가락삼익맨숀,,84.828,9,1984,89000,2017-12-08,,,,,,
송파구,11710,11300,거여동,290,11710-133,거여1단지,,49.8,4,1997,44300,2017-12-09,,,,,,
송파구,11710,11200,오금동,138,11710-127,우방,,102.96,8,2001,54000,2017-12-04,,,,,,
송파구,11710,11300,거여동,294,11710-137,거여5단지,,59.74,12,1997,49000,2017-12-05,,,,,,
송파구,11710,10100,잠실동,44,11710-5957,레이크팰리스,,59.97,13,2006,110000,2017-12-09,,,,,,
송파구,11710,10900,장지동,901,11710-7441,위례24단지(꿈에그린),,51.77,3,2013,63600,2017-12-30,,,,,,
송파구,11710,10400,송파동,173-1,11710-21,각산,,84.76,1,2000,44100,2017-12-05,,,,,,
송파구,11710,11100,방이동,212-8,11710-110,코오롱아파트,,84.95,11,1991,75200,2017-12-15,,,,,,
송파구,11710,10100,잠실동,22,11710-6249,리센츠,,98.55,28,2008,170000,2017-12-23,,,,,,
송파구,11710,10700,가락동,176,11710-55,삼환,,84.974,8,1984,79700,2017-12-19,,,,,,
송파구,11710,10200,신천동,17,11710-6266,파크리오,,144.77,18,2008,159000,2017-12-18,,,,,,
송파구,11710,10200,신천동,7,11710-170,장미1,,120,10,1979,152000,2017-12-30,,,,,,
송파구,11710,11200,오금동,11,11710-131,현대백조,,78.59,19,1997,59800,2017-12-16,,,,,,
송파구,11710,10900,장지동,879,11710-7430,송파더센트레,,59.96,4,2013,70500,2017-12-23,,,,,,
송파구,11710,11100,방이동,212-8,11710-110,코오롱아파트,,84.95,5,1991,74300,2017-12-31,,,,,,
송파구,11710,11100,방이동,198,11710-291,현대홈타운스위트102,,136.19,2,2004,83500,2017-12-27,,,,,,
송파구,11710,11100,방이동,51-4,11710-192,올림픽카운티,,38.7,18,2003,26000,2017-12-27,,,,,,
송파구,11710,10700,가락동,165,11710-6150,래미안파크팰리스,,59.968,16,2007,79800,2017-12-27,,,,,,
송파구,11710,10700,가락동,165,11710-6150,래미안파크팰리스,,59.968,9,2007,79800,2017-12-16,,,,,,
송파구,11710,10300,풍납동,510,11710-10,신성노바빌아파트,,59.78,16,2000,48800,2017-12-21,,,,,,
송파구,11710,10900,장지동,901,11710-7441,위례24단지(꿈에그린),,51.77,6,2013,59400,2017-12-19,,,,,,
송파구,11710,10900,장지동,879,11710-7430,송파더센트레,,51.77,9,2013,60000,2017-12-04,,,,,,
송파구,11710,10900,장지동,894,11710-7945,위례아이파크,,87.8354,12,2015,99000,2017-12-08,,,,,,
송파구,11710,11100,방이동,208-19,11710-117,현대빌라(208-19),,131.15,8,1993,63000,2017-12-20,,,,,,
송파구,11710,10900,장지동,894,11710-7945,위례아이파크,,87.8354,16,2015,103500,2017-12-11,,,,,,
송파구,11710,11100,방이동,89,11710-5714,올림픽선수기자촌1단지,,83.06,17,1988,129500,2017-12-08,,,,,,
송파구,11710,11100,방이동,126-12,11710-258,서림올림피아드,,69.8,4,2004,35000,2017-12-28,,,,,,
송파구,11710,10200,신천동,17,11710-6266,파크리오,,84.79,29,2008,131000,2017-12-22,,,,,,
송파구,11710,10200,신천동,7,11710-170,장미1,,82.45,4,1979,130500,2017-12-15,,,,,,
송파구,11710,10400,송파동,119,11710-30,한양아파트,,137.28,10,1983,108000,2017-12-16,,,,,,
송파구,11710,10800,문정동,145,11710-83,문정시영,,39.69,11,1989,40800,2017-12-23,,,,,,
송파구,11710,11100,방이동,89,11710-102,올림픽선수기자촌3단지,,135.99,7,1988,178000,2017-12-02,,,,,,
송파구,11710,11100,방이동,212-8,11710-110,코오롱아파트,,84.95,10,1991,77700,2017-12-13,,,,,,
송파구,11710,10100,잠실동,27,11710-164,주공아파트 5단지,,76.5,7,1978,173000,2017-12-23,,,,,,
송파구,11710,11200,오금동,43,11710-130,현대(2-4차),,130.93,10,1984,123000,2017-12-28,,,,,,
송파구,11710,11100,방이동,89,11710-5715,올림픽선수기자촌2단지,,83.06,16,1988,135000,2017-12-11,,,,,,
송파구,11710,10100,잠실동,44,11710-5957,레이크팰리스,,84.82,17,2006,133500,2017-12-28,,,,,,
송파구,11710,10100,잠실동,44,11710-5957,레이크팰리스,,135.82,23,2006,189000,2017-12-06,,,,,,
송파구,11710,10200,신천동,17,11710-6266,파크리오,,84.9,15,2008,128000,2017-12-18,,,,,,
송파구,11710,10200,신천동,7,11710-170,장미1,,82.45,7,1979,128000,2017-12-04,,,,,,
송파구,11710,10200,신천동,17,11710-6266,파크리오,,121.63,6,2008,157000,2017-12-29,,,,,,
송파구,11710,10200,신천동,17,11710-6266,파크리오,,144.77,12,2008,170000,2017-12-14,,,,,,
송파구,11710,10300,풍납동,509,11710-13,씨티극동1,,114.63,8,1998,71000,2017-12-10,,,,,,
송파구,11710,10900,장지동,849,11710-6241,송파파인타운3단지,,84.98,13,2008,73500,2017-12-18,,,,,,
송파구,11710,10900,장지동,847,11710-6309,송파파인타운6단지,,84.98,12,2008,75500,2017-12-16,,,,,,
송파구,11710,10200,신천동,17,11710-6266,파크리오,,121.63,32,2008,158000,2017-12-15,,,,,,
송파구,11710,11100,방이동,89,11710-5714,올림픽선수기자촌1단지,,83.06,5,1988,127000,2017-12-16,,,,,,
송파구,11710,10700,가락동,176,11710-55,삼환,,72.88,4,1984,70000,2017-12-12,,,,,,
송파구,11710,10700,가락동,192,11710-47,극동,,149.74,4,1984,110000,2017-12-28,,,,,,
송파구,11710,10400,송파동,162,11710-26,송파삼성래미안아파트,,79.7,18,2001,81000,2017-12-12,,,,,,
송파구,11710,10100,잠실동,35,11710-6028,트리지움,,59.88,18,2007,118500,2017-12-12,,,,,,
송파구,11710,10100,잠실동,40,11710-281,갤러리아팰리스,,151.999,11,2005,135000,2017-12-30,,,,,,
송파구,11710,10100,잠실동,44,11710-5957,레이크팰리스,,116.19,26,2006,152000,2017-12-01,,,,,,
송파구,11710,10100,잠실동,22,11710-6249,리센츠,,84.99,27,2008,150000,2017-12-18,,,,,,
송파구,11710,10200,신천동,17,11710-6266,파크리오,,84.9,25,2008,120000,2017-12-27,,,,,,
송파구,11710,10900,장지동,855,11710-6677,송파파인타운12단지,,84.76,10,2011,84800,2017-12-30,,,,,,
송파구,11710,10100,잠실동,22,11710-6249,리센츠,,84.99,25,2008,140000,2017-12-01,,,,,,
송파구,11710,10100,잠실동,19,11710-6346,잠실엘스,,119.93,3,2008,174000,2017-12-06,,,,,,
송파구,11710,10100,잠실동,44,11710-5957,레이크팰리스,,116.19,21,2006,160000,2017-12-15,,,,,,
송파구,11710,11300,거여동,290,11710-133,거여1단지,,59.73,5,1997,50000,2017-12-02,,,,,,
송파구,11710,10100,잠실동,44,11710-5957,레이크팰리스,,84.82,26,2006,133000,2017-12-07,,,,,,
송파구,11710,10300,풍납동,260,11710-19,현대리버빌1지구,,59.96,7,1999,52000,2017-12-23,,,,,,
송파구,11710,10700,가락동,120-4,11710-44,가락우성2,,59.97,2,2000,47250,2017-12-18,,,,,,
송파구,11710,10900,장지동,879,11710-7430,송파더센트레,,51.77,10,2013,59500,2017-12-13,,,,,,
송파구,11710,10700,가락동,161-2,11710-71,현대(5차),,82.4,8,1989,75500,2017-12-08,,,,,,
송파구,11710,10700,가락동,140,11710-59,가락(1차)쌍용아파트,,84.69,6,1997,68000,2017-12-20,,,,,,
송파구,11710,10800,문정동,1,11710-282,문정래미안,,133.29,17,2004,98000,2017-12-29,,,,,,
송파구,11710,10700,가락동,140,11710-59,가락(1차)쌍용아파트,,59.92,10,1997,61500,2017-12-18,,,,,,
송파구,11710,10200,신천동,11-4,11710-7307,잠실푸르지오월드마크,,123.27,36,2013,134500,2017-12-23,,,,,,
송파구,11710,10700,가락동,165,11710-6150,래미안파크팰리스,,84.885,12,2007,91000,2017-12-02,,,,,,
송파구,11710,11300,거여동,293,11710-136,거여4단지,,59.73,2,1997,54500,2017-12-28,,,,,,
송파구,11710,10100,잠실동,44,11710-5957,레이크팰리스,,116.19,26,2006,153400,2017-12-09,,,,,,
송파구,11710,10900,장지동,901,11710-7441,위례24단지(꿈에그린),,54.12,12,2013,62000,2017-12-26,,,,,,
송파구,11710,10100,잠실동,35,11710-6028,트리지움,,59.88,10,2007,117000,2017-12-15,,,,,,
송파구,11710,10900,장지동,879,11710-7430,송파더센트레,,59.85,1,2013,67500,2017-12-23,,,,,,
송파구,11710,10900,장지동,879,11710-7430,송파더센트레,,51.77,10,2013,60000,2017-12-30,,,,,,
송파구,11710,10700,가락동,98,11710-300,두산위브,,30.5,13,2004,20500,2017-12-02,,,,,,
송파구,11710,10100,잠실동,35,11710-6028,트리지움,,59.88,6,2007,115000,2017-12-18,,,,,,
송파구,11710,10900,장지동,854,11710-6029,송파파인타운11단지,,84.94,9,2007,74100,2017-12-26,,,,,,
송파구,11710,10100,잠실동,22,11710-6249,리센츠,,84.99,20,2008,150000,2017-12-07,,,,,,
송파구,11710,10800,문정동,1,11710-282,문정래미안,,133.29,7,2004,98000,2017-12-30,,,,,,
송파구,11710,10300,풍납동,260,11710-19,현대리버빌1지구,,59.96,13,1999,55000,2017-12-26,,,,,,
송파구,11710,10100,잠실동,19,11710-6346,잠실엘스,,59.96,15,2008,129000,2017-12-09,,,,,,
송파구,11710,11200,오금동,164,11710-129,우창,,109.72,1,1985,73500,2017-12-21,,,,,,
송파구,11710,10300,풍납동,508,11710-17,한강극동,,114.76,8,1995,77000,2017-12-14,,,,,,
송파구,11710,10100,잠실동,331,11710-165,현대,,84.68,13,1990,85000,2017-12-02,,,,,,
송파구,11710,10800,문정동,72-3,11710-78,건영1,,84.39,3,1996,70500,2017-12-07,,,,,,
송파구,11710,10100,잠실동,35,11710-6028,트리지움,,84.95,10,2007,135500,2017-12-08,,,,,,
송파구,11710,10700,가락동,21-6,11710-42,가락쌍용(2차),,59.88,23,1999,58900,2017-12-13,,,,,,
송파구,11710,10100,잠실동,19,11710-6346,잠실엘스,,59.96,2,2008,115000,2017-12-01,,,,,,
송파구,11710,10900,장지동,879,11710-7430,송파더센트레,,59.85,10,2013,72000,2017-12-03,,,,,,
송파구,11710,10900,장지동,856,11710-6030,송파파인타운10단지,,59.96,4,2007,67700,2017-12-09,,,,,,
송파구,11710,10900,장지동,901,11710-7441,위례24단지(꿈에그린),,51.77,11,2013,61800,2017-12-09,,,,,,
송파구,11710,10200,신천동,17,11710-6266,파크리오,,59.95,18,2008,109000,2017-12-08,,,,,,
송파구,11710,10400,송파동,171,11710-28,성지,,84.92,8,1992,65000,2017-12-02,,,,,,
송파구,11710,10300,풍납동,413-1,11710-18,현대1,,83.02,12,1995,75000,2017-12-16,,,,,,
송파구,11710,10100,잠실동,22,11710-6249,리센츠,,27.68,13,2008,71000,2017-12-14,,,,,,
송파구,11710,10900,장지동,901,11710-7441,위례24단지(꿈에그린),,54.12,14,2013,65300,2017-12-30,,,,,,
송파구,11710,10400,송파동,243,11710-6929,래미안송파파인탑,,64.66,7,2012,83300,2017-12-14,,,,,,
송파구,11710,10100,잠실동,19,11710-6346,잠실엘스,,119.93,18,2008,185000,2017-12-18,,,,,,
송파구,11710,10700,가락동,53,11710-298,"가락3차쌍용스윗닷홈101동,102동",,84.99,13,2005,76000,2017-12-29,,,,,,
송파구,11710,10100,잠실동,22,11710-6249,리센츠,,84.99,12,2008,140000,2017-12-05,,,,,,
송파구,11710,10700,가락동,176,11710-55,삼환,,84.704,5,1984,83000,2017-12-27,,,,,,
송파구,11710,10200,신천동,17,11710-6266,파크리오,,84.9,2,2008,115000,2017-12-27,,,,,,
송파구,11710,10700,가락동,80,11710-5828,성원상떼빌,,121.5,18,2006,68000,2017-12-29,,,,,,
송파구,11710,10200,신천동,7-18,11710-5589,롯데캐슬골드,,148.15,27,2005,146000,2017-12-21,,,,,,
송파구,11710,10100,잠실동,19,11710-6346,잠실엘스,,84.88,19,2008,141500,2017-12-01,,,,,,
송파구,11710,10800,문정동,145,11710-83,문정시영,,46.26,2,1989,42800,2017-12-07,,,,,,
송파구,11710,10800,문정동,145,11710-83,문정시영,,39.69,13,1989,39750,2017-12-16,,,,,,
송파구,11710,10200,신천동,17,11710-6266,파크리오,,59.95,16,2008,112000,2017-12-30,,,,,,
송파구,11710,10200,신천동,11,11710-177,장미2,,71.2,2,1979,113000,2017-12-23,,,,,,
송파구,11710,10200,신천동,17,11710-6266,파크리오,,84.79,12,2008,117500,2017-12-05,,,,,,
송파구,11710,10400,송파동,163-14,11710-32,현대,,84.96,18,1997,65000,2017-12-18,,,,,,
송파구,11710,10300,풍납동,413-1,11710-18,현대1,,83.02,1,1995,66500,2017-12-16,,,,,,
송파구,11710,11300,거여동,28,11710-5779,쌍용스윗닷홈거여역1차,,84.95,2,2006,59000,2017-12-23,,,,,,
송파구,11710,10100,잠실동,19,11710-6346,잠실엘스,,119.93,7,2008,188000,2017-12-18,,,,,,
송파구,11710,10100,잠실동,19,11710-6346,잠실엘스,,59.96,28,2008,132000,2017-12-26,,,,,,
송파구,11710,10700,가락동,55,11710-72,현대(6차),,84.8,6,1991,64500,2017-12-15,,,,,,
송파구,11710,10900,장지동,879,11710-7430,송파더센트레,,51.77,6,2013,60000,2017-12-29,,,,,,
송파구,11710,10900,장지동,837,11710-6182,송파파인타운4단지,,84.95,2,2008,72500,2017-12-22,,,,,,
송파구,11710,10800,문정동,145,11710-83,문정시영,,39.69,9,1989,39400,2017-12-19,,,,,,
송파구,11710,10900,장지동,847,11710-6309,송파파인타운6단지,,84.94,12,2008,83000,2017-12-30,,,,,,
송파구,11710,10300,풍납동,509,11710-13,씨티극동1,,59.95,1,1998,46000,2017-12-23,,,,,,
송파구,11710,10800,문정동,150,11710-89,올림픽훼밀리타운,,84.705,8,1988,110000,2017-12-09,,,,,,
송파구,11710,10800,문정동,145,11710-83,문정시영,,39.69,7,1989,37800,2017-12-17,,,,,,
송파구,11710,10900,장지동,901,11710-7441,위례24단지(꿈에그린),,75.92,4,2013,84000,2017-12-17,,,,,,
송파구,11710,10800,문정동,150,11710-89,올림픽훼밀리타운,,84.751,5,1988,105000,2017-12-02,,,,,,
송파구,11710,10200,신천동,11,11710-177,장미2,,71.2,12,1979,120000,2017-12-13,,,,,,
송파구,11710,10800,문정동,150,11710-89,올림픽훼밀리타운,,84.705,1,1988,98000,2017-12-02,,,,,,
송파구,11710,10100,잠실동,19,11710-6346,잠실엘스,,84.8,16,2008,153000,2017-12-26,,,,,,
송파구,11710,10800,문정동,3,11710-87,문정가락현대1차,,123.61,13,1984,84000,2017-12-10,,,,,,
송파구,11710,10800,문정동,3,11710-87,문정가락현대1차,,84.98,8,1984,80000,2017-12-02,,,,,,
송파구,11710,11100,방이동,198,11710-291,현대홈타운스위트102,,124.42,6,2004,75000,2017-12-03,,,,,,
송파구,11710,11400,마천동,31-2,11710-187,솔렌시아,,84.06,6,2003,42000,2017-12-22,,,,,,
송파구,11710,10200,신천동,17,11710-6266,파크리오,,35.24,17,2008,67000,2017-12-09,,,,,,
송파구,11710,10800,문정동,3,11710-87,문정가락현대1차,,84.98,10,1984,79000,2017-12-11,,,,,,
송파구,11710,10700,가락동,176,11710-55,삼환,,72.7,2,1984,70000,2017-12-16,,,,,,
송파구,11710,10700,가락동,80,11710-5828,성원상떼빌,,145.72,8,2006,76000,2017-12-26,,,,,,
송파구,11710,10700,가락동,161-2,11710-71,현대(5차),,82.4,3,1989,75000,2017-12-15,,,,,,
송파구,11710,11100,방이동,212-8,11710-110,코오롱아파트,,84.95,6,1991,73000,2017-12-16,,,,,,
송파구,11710,10300,풍납동,260,11710-19,현대리버빌1지구,,84.95,11,1999,67000,2017-12-09,,,,,,
송파구,11710,10100,잠실동,22,11710-6249,리센츠,,84.99,10,2008,145000,2017-12-09,,,,,,
송파구,11710,10900,장지동,844,11710-6126,송파파인타운7단지,,84.93,2,2007,74000,2017-12-26,,,,,,
송파구,11710,10900,장지동,856,11710-6030,송파파인타운10단지,,59.96,7,2007,70000,2017-12-25,,,,,,
송파구,11710,10900,장지동,844,11710-6126,송파파인타운7단지,,84.94,10,2007,83000,2017-12-26,,,,,,
송파구,11710,10300,풍납동,260,11710-19,현대리버빌1지구,,114.56,8,1999,80000,2017-12-23,,,,,,
송파구,11710,10800,문정동,145,11710-83,문정시영,,25.65,13,1989,28000,2017-12-16,,,,,,
송파구,11710,10300,풍납동,506,11710-6,동아한가람1,,84.38,3,1995,53500,2017-12-08,,,,,,
송파구,11710,10300,풍납동,260,11710-19,현대리버빌1지구,,84.95,3,1999,70000,2017-12-02,,,,,,
송파구,11710,10100,잠실동,27,11710-164,주공아파트 5단지,,76.5,7,1978,172000,2017-12-02,,,,,,
송파구,11710,10100,잠실동,19,11710-6346,잠실엘스,,84.8,10,2008,149500,2017-12-14,,,,,,
송파구,11710,10800,문정동,150,11710-89,올림픽훼밀리타운,,158.705,2,1988,145000,2017-12-04,,,,,,
송파구,11710,10200,신천동,17,11710-6266,파크리오,,59.95,23,2008,110000,2017-12-15,,,,,,
송파구,11710,10900,장지동,901,11710-7441,위례24단지(꿈에그린),,84.96,3,2013,91500,2017-12-25,,,,,,
송파구,11710,10200,신천동,7,11710-170,장미1,,71.2,4,1979,114500,2017-12-04,,,,,,
송파구,11710,10200,신천동,7-14,11710-6284,잠실더샵스타파크,,173.17,10,2008,134000,2017-12-11,,,,,,
송파구,11710,10900,장지동,901,11710-7441,위례24단지(꿈에그린),,51.77,3,2013,62500,2017-12-06,,,,,,
송파구,11710,11400,마천동,50,11710-8557,대성골드클래스,,44.39,4,2017,38000,2017-12-21,,,,,,
송파구,11710,10700,가락동,55,11710-72,현대(6차),,84.8,1,1991,58000,2017-12-17,,,,,,
송파구,11710,10800,문정동,72-3,11710-78,건영1,,77.68,3,1996,65500,2017-12-06,,,,,,
송파구,11710,10700,가락동,96-1,11710-61,우성,,109.25,2,1986,92500,2017-12-24,,,,,,
송파구,11710,11100,방이동,212-8,11710-110,코오롱아파트,,84.95,3,1991,75000,2017-12-14,,,,,,
송파구,11710,11400,마천동,575,11710-146,마천금호어울림1차아파트,,81.18,15,2002,56000,2017-12-23,,,,,,
송파구,11710,10800,문정동,150,11710-89,올림픽훼밀리타운,,158.705,8,1988,155000,2017-12-13,,,,,,
송파구,11710,10400,송파동,100,11710-441,한양파크뷰,,84.28,6,2004,52000,2017-12-29,,,,,,
송파구,11710,10400,송파동,166,11710-27,가락삼익맨숀,,84.828,12,1984,89800,2017-12-22,,,,,,
송파구,11710,10200,신천동,17,11710-6266,파크리오,,84.9,1,2008,106000,2017-12-14,,,,,,
송파구,11710,10900,장지동,847,11710-6309,송파파인타운6단지,,84.9,4,2008,78000,2017-12-12,,,,,,
송파구,11710,10800,문정동,150,11710-89,올림픽훼밀리타운,,158.705,3,1988,145000,2017-12-08,,,,,,
송파구,11710,10800,문정동,146,11710-255,세양청마루,,59.91,4,2004,50500,2017-12-06,,,,,,
송파구,11710,10100,잠실동,22,11710-6249,리센츠,,84.99,19,2008,146000,2017-12-06,,,,,,
송파구,11710,10900,장지동,854,11710-6029,송파파인타운11단지,,84.94,17,2007,78500,2017-12-22,,,,,,
송파구,11710,10700,가락동,102,11710-69,한신1,,84.51,3,1993,59500,2017-12-13,,,,,,
송파구,11710,10800,문정동,1,11710-282,문정래미안,,84.96,6,2004,85000,2017-12-16,,,,,,
송파구,11710,11300,거여동,290,11710-133,거여1단지,,49.8,11,1997,45000,2017-12-13,,,,,,
송파구,11710,10800,문정동,618,11710-8245,파크하비오,,84.9725,1,2016,92000,2017-12-05,,,,,,
송파구,11710,10800,문정동,150,11710-89,올림픽훼밀리타운,,117.585,4,1988,122700,2017-12-11,,,,,,
송파구,11710,10700,가락동,80,11710-5828,성원상떼빌,,99.6,13,2006,64500,2017-12-06,,,,,,
송파구,11710,10800,문정동,150,11710-89,올림픽훼밀리타운,,84.705,15,1988,107000,2017-12-02,,,,,,
송파구,11710,10900,장지동,854,11710-6029,송파파인타운11단지,,84.94,10,2007,75800,2017-12-02,,,,,,
송파구,11710,10300,풍납동,401-1,11710-12,쌍용,,84.85,20,1994,69500,2017-12-08,,,,,,
송파구,11710,10100,잠실동,40,11710-281,갤러리아팰리스,,123.291,43,2005,140000,2017-12-23,,,,,,
송파구,11710,10100,잠실동,35,11710-6028,트리지움,,84.95,13,2007,136750,2017-12-15,,,,,,
송파구,11710,11300,거여동,593,11710-185,금호어울림,,84.98,11,2003,60000,2017-12-12,,,,,,
송파구,11710,10100,잠실동,320,11710-160,우성4차,,95.84,7,1983,104000,2017-12-11,,,,,,
송파구,11710,10800,문정동,150,11710-89,올림픽훼밀리타운,,158.705,8,1988,154000,2017-12-09,,,,,,
송파구,11710,10800,문정동,150,11710-89,올림픽훼밀리타운,,192.235,8,1988,171000,2017-12-05,,,,,,
송파구,11710,10400,송파동,243,11710-6929,래미안송파파인탑,,53.36,8,2012,74000,2017-12-23,,,,,,
송파구,11710,10800,문정동,150,11710-89,올림픽훼밀리타운,,84.705,10,1988,107500,2017-12-08,,,,,,
송파구,11710,10800,문정동,150,11710-89,올림픽훼밀리타운,,84.751,14,1988,109000,2017-12-02,,,,,,
송파구,11710,11300,거여동,293,11710-136,거여4단지,,49.8,8,1997,45000,2017-12-20,,,,,,
송파구,11710,10900,장지동,901,11710-7441,위례24단지(꿈에그린),,54.12,13,2013,64550,2017-12-02,,,,,,
송파구,11710,10300,풍납동,401-1,11710-12,쌍용,,84.85,8,1994,67000,2017-12-13,,,,,,
송파구,11710,10300,풍납동,401-1,11710-12,쌍용,,84.85,13,1994,71000,2017-12-14,,,,,,
송파구,11710,10700,가락동,140,11710-59,가락(1차)쌍용아파트,,59.92,19,1997,63000,2017-12-18,,,,,,
송파구,11710,10700,가락동,198-13,11710-276,가락현대투웰브(102동),,84.58,9,2005,55500,2017-12-15,,,,,,
송파구,11710,10900,장지동,879,11710-7430,송파더센트레,,51.77,9,2013,59750,2017-12-01,,,,,,
송파구,11710,10900,장지동,879,11710-7430,송파더센트레,,59.96,7,2013,70400,2017-12-09,,,,,,
송파구,11710,10700,가락동,192,11710-47,극동,,120.4,13,1984,104500,2017-12-28,,,,,,
송파구,11710,10900,장지동,879,11710-7430,송파더센트레,,59.85,11,2013,71000,2017-12-09,,,,,,
송파구,11710,10900,장지동,879,11710-7430,송파더센트레,,59.85,20,2013,71000,2017-12-26,,,,,,
송파구,11710,10200,신천동,11,11710-177,장미2,,82.45,10,1979,130500,2017-12-01,,,,,,
송파구,11710,11300,거여동,290,11710-133,거여1단지,,39.6,10,1997,35800,2017-12-05,,,,,,
송파구,11710,10900,장지동,879,11710-7430,송파더센트레,,59.96,2,2013,66500,2017-12-02,,,,,,
송파구,11710,10300,풍납동,512,11710-5831,송파해모로아파트,,118.44,7,2006,75400,2017-12-07,,,,,,
송파구,11710,10800,문정동,150,11710-89,올림픽훼밀리타운,,117.585,2,1988,125000,2017-12-02,,,,,,
송파구,11710,11100,방이동,185-5,11710-262,(185-5),,133.78,4,2002,64800,2017-12-16,,,,,,
송파구,11710,10100,잠실동,35,11710-6028,트리지움,,84.83,19,2007,139000,2017-12-13,,,,,,
송파구,11710,10900,장지동,879,11710-7430,송파더센트레,,51.96,7,2013,61000,2017-12-24,,,,,,
송파구,11710,10200,신천동,11-4,11710-7307,잠실푸르지오월드마크,,112.25,27,2013,122000,2017-12-08,,,,,,
송파구,11710,10100,잠실동,35,11710-6028,트리지움,,84.83,29,2007,136000,2017-12-28,,,,,,
송파구,11710,10100,잠실동,27,11710-164,주공아파트 5단지,,76.5,1,1978,169000,2017-12-02,,,,,,
송파구,11710,10100,잠실동,86,11710-158,아시아선수촌아파트,,178.325,1,1986,269000,2017-12-04,,,,,,
송파구,11710,10700,가락동,140,11710-59,가락(1차)쌍용아파트,,84.69,12,1997,71800,2017-12-02,,,,,,
송파구,11710,10100,잠실동,22,11710-6249,리센츠,,84.99,23,2008,150000,2017-12-09,,,,,,
송파구,11710,10700,가락동,51-1,11710-234,쌍용스윗닷홈(105동),,122.43,8,2005,79500,2017-12-02,,,,,,
송파구,11710,10400,송파동,166,11710-27,가락삼익맨숀,,84.828,4,1984,87500,2017-12-08,,,,,,
송파구,11710,10700,가락동,138,11710-53,가락미륭아파트,,83.58,8,1986,70000,2017-12-14,,,,,,
송파구,11710,10700,가락동,140,11710-59,가락(1차)쌍용아파트,,84.69,16,1997,74500,2017-12-09,,,,,,
송파구,11710,10200,신천동,17,11710-6266,파크리오,,84.79,35,2008,134000,2017-12-01,,,,,,
송파구,11710,11300,거여동,293,11710-136,거여4단지,,49.8,12,1997,44600,2017-12-12,,,,,,
송파구,11710,10100,잠실동,331,11710-165,현대,,84.68,9,1990,90000,2017-12-30,,,,,,
송파구,11710,10400,송파동,243,11710-6929,래미안송파파인탑,,71.58,19,2012,89900,2017-12-14,,,,,,
송파구,11710,10100,잠실동,101-1,11710-159,우성아파트,,96.65,8,1981,128000,2017-12-29,,,,,,
송파구,11710,10900,장지동,901,11710-7441,위례24단지(꿈에그린),,75.97,5,2013,87000,2017-12-19,,,,,,
송파구,11710,10800,문정동,18,11710-80,문정대우푸르지오1차,,84.86,14,1999,71000,2017-12-09,,,,,,
송파구,11710,11100,방이동,212-8,11710-110,코오롱아파트,,84.95,6,1991,72000,2017-12-16,,,,,,
송파구,11710,10700,가락동,55,11710-72,현대(6차),,84.8,8,1991,61400,2017-12-09,,,,,,
송파구,11710,10100,잠실동,22,11710-6249,리센츠,,124.22,23,2008,185000,2017-12-23,,,,,,
송파구,11710,11300,거여동,290,11710-133,거여1단지,,39.6,5,1997,34400,2017-12-05,,,,,,
송파구,11710,10400,송파동,33,11710-35,호수임광,,84.87,6,1995,75000,2017-12-11,,,,,,
송파구,11710,10200,신천동,17,11710-6266,파크리오,,84.79,33,2008,129000,2017-12-02,,,,,,
송파구,11710,10700,가락동,478,11710-303,송파동부쎈트레빌,,84.98,13,2004,85000,2017-12-27,,,,,,
송파구,11710,10900,장지동,847,11710-6309,송파파인타운6단지,,84.93,5,2008,75000,2017-12-16,,,,,,
송파구,11710,10100,잠실동,40,11710-281,갤러리아팰리스,,163.935,19,2005,150000,2017-12-20,,,,,,
송파구,11710,10200,신천동,7,11710-170,장미1,,155.22,4,1979,170000,2017-12-01,,,,,,
송파구,11710,11300,거여동,294,11710-137,거여5단지,,59.74,3,1997,46900,2017-12-14,,,,,,
송파구,11710,11100,방이동,212-8,11710-110,코오롱아파트,,84.95,4,1991,73000,2017-12-26,,,,,,
송파구,11710,11300,거여동,293,11710-136,거여4단지,,59.73,10,1997,53000,2017-12-04,,,,,,
송파구,11710,10700,가락동,165,11710-6150,래미안파크팰리스,,114.756,1,2007,102900,2017-12-20,,,,,,
송파구,11710,10700,가락동,199,11710-67,프라자,,84.67,11,1985,75000,2017-12-22,,,,,,
송파구,11710,10800,문정동,3,11710-87,문정가락현대1차,,123.61,1,1984,104000,2017-12-28,,,,,,
송파구,11710,10900,장지동,879,11710-7430,송파더센트레,,51.77,10,2013,59400,2017-12-04,,,,,,
송파구,11710,10800,문정동,94-9,11710-434,대림미소나눔,,79.76,3,2004,44500,2017-12-30,,,,,,
송파구,11710,10300,풍납동,261,11710-20,현대리버빌2지구,,40.95,11,1999,34000,2017-12-16,,,,,,
송파구,11710,10700,가락동,95-1,11710-49,가락금호아파트,,59.91,5,1997,57500,2017-12-04,,,,,,
송파구,11710,10500,석촌동,285,11710-40,잠실한솔,,84.94,12,2000,84500,2017-12-16,,,,,,
송파구,11710,11300,거여동,356,11710-142,우방1,,84.9,10,1999,56000,2017-12-22,,,,,,
송파구,11710,10400,송파동,162,11710-26,송파삼성래미안아파트,,79.7,20,2001,83500,2017-12-05,,,,,,
송파구,11710,11300,거여동,293,11710-136,거여4단지,,59.73,7,1997,51800,2017-12-23,,,,,,
송파구,11710,10700,가락동,51-1,11710-234,쌍용스윗닷홈(105동),,122.43,4,2005,77500,2017-12-21,,,,,,
송파구,11710,11300,거여동,28,11710-5779,쌍용스윗닷홈거여역1차,,84.95,1,2006,57500,2017-12-19,,,,,,
송파구,11710,10300,풍납동,413-1,11710-18,현대1,,83.02,1,1995,67000,2017-12-01,,,,,,
송파구,11710,10700,가락동,199,11710-67,프라자,,84.67,12,1985,73000,2017-12-02,,,,,,
송파구,11710,10700,가락동,80,11710-5828,성원상떼빌,,99.6,8,2006,61500,2017-12-26,,,,,,
송파구,11710,10400,송파동,171,11710-28,성지,,84.92,3,1992,64900,2017-12-20,,,,,,
송파구,11710,11100,방이동,48-5,11710-119,현대주상복합,,28.64,3,1998,21700,2017-12-10,,,,,,
송파구,11710,10700,가락동,95-1,11710-49,가락금호아파트,,84.85,1,1997,67000,2017-12-21,,,,,,
송파구,11710,10700,가락동,16-21,11710-227,e지브로,,142.5,6,2004,61000,2017-12-23,,,,,,
송파구,11710,10900,장지동,857,11710-6678,송파파인타운13단지,,84.92,16,2011,89000,2017-12-23,,,,,,
송파구,11710,10100,잠실동,22,11710-6249,리센츠,,84.99,4,2008,138000,2017-12-01,,,,,,
송파구,11710,11400,마천동,304,11710-148,마천동금호타운1,,84.92,16,1998,58500,2017-12-23,,,,,,
송파구,11710,10900,장지동,854,11710-6029,송파파인타운11단지,,84.94,8,2007,78000,2017-12-05,,,,,,
송파구,11710,10900,장지동,847,11710-6309,송파파인타운6단지,,84.98,17,2008,75000,2017-12-22,,,,,,
송파구,11710,10800,문정동,150,11710-89,올림픽훼밀리타운,,136.325,1,1988,130000,2017-12-13,,,,,,
송파구,11710,10700,가락동,140,11710-59,가락(1차)쌍용아파트,,59.92,2,1997,59900,2017-12-16,,,,,,
송파구,11710,10400,송파동,162,11710-26,송파삼성래미안아파트,,79.7,6,2001,84000,2017-12-12,,,,,,
송파구,11710,10900,장지동,849,11710-6241,송파파인타운3단지,,84.98,17,2008,71700,2017-12-14,,,,,,
송파구,11710,10200,신천동,11-4,11710-7307,잠실푸르지오월드마크,,108.32,16,2013,106000,2017-12-09,,,,,,
송파구,11710,11400,마천동,271-17,11710-205,산성,,84.56,6,2003,56000,2017-12-09,,,,,,
송파구,11710,10700,가락동,199,11710-67,프라자,,84.67,7,1985,76500,2017-12-13,,,,,,
송파구,11710,10700,가락동,199,11710-67,프라자,,84.67,9,1985,75500,2017-12-07,,,,,,
송파구,11710,10700,가락동,199,11710-67,프라자,,133.76,4,1985,88500,2017-12-05,,,,,,
송파구,11710,10200,신천동,7,11710-170,장미1,,82.45,2,1979,124000,2017-12-01,,,,,,
송파구,11710,10100,잠실동,35,11710-6028,트리지움,,84.97,11,2007,135000,2017-12-11,,,,,,
송파구,11710,11400,마천동,576,11710-156,우방아파트,,79.07,2,2002,46000,2017-12-17,,,,,,
송파구,11710,10700,가락동,95-1,11710-49,가락금호아파트,,85,1,1997,68000,2017-12-08,,,,,,
송파구,11710,10900,장지동,844,11710-6126,송파파인타운7단지,,84.94,13,2007,79000,2017-12-08,,,,,,
송파구,11710,10200,신천동,11,11710-177,장미2,,82.45,3,1979,130000,2017-12-12,,,,,,
송파구,11710,10400,송파동,162,11710-26,송파삼성래미안아파트,,79.7,4,2001,81000,2017-12-11,,,,,,
송파구,11710,10400,송파동,162,11710-26,송파삼성래미안아파트,,79.7,3,2001,82000,2017-12-09,,,,,,
송파구,11710,10900,장지동,854,11710-6029,송파파인타운11단지,,84.94,14,2007,78000,2017-12-25,,,,,,
송파구,11710,10900,장지동,847,11710-6309,송파파인타운6단지,,84.93,12,2008,77000,2017-12-09,,,,,,
송파구,11710,10900,장지동,844,11710-6126,송파파인타운7단지,,84.93,7,2007,80000,2017-12-02,,,,,,
송파구,11710,10900,장지동,845,11710-6276,송파파인타운5단지,,84.98,17,2008,76000,2017-12-06,,,,,,
송파구,11710,10900,장지동,843,11710-6125,송파파인타운9단지,,59.93,12,2007,68700,2017-12-09,,,,,,
송파구,11710,10700,가락동,196-1,11710-76,동궁리치웰(101동),,136.16,6,2002,74700,2017-12-09,,,,,,
송파구,11710,10600,삼전동,38-19,11710-420,한양,,84.52,6,2004,44400,2017-12-16,,,,,,
송파구,11710,11200,오금동,11,11710-131,현대백조,,114.36,12,1997,74800,2017-12-02,,,,,,
송파구,11710,11100,방이동,212-8,11710-110,코오롱아파트,,84.95,12,1991,72000,2017-12-13,,,,,,
송파구,11710,10200,신천동,17,11710-6266,파크리오,,84.9,22,2008,120000,2017-12-04,,,,,,
송파구,11710,10200,신천동,17,11710-6266,파크리오,,59.64,26,2008,110000,2017-12-02,,,,,,
송파구,11710,10800,문정동,1,11710-282,문정래미안,,120.97,12,2004,95500,2017-12-01,,,,,,
송파구,11710,10700,가락동,96-1,11710-61,우성,,43.79,15,1986,54000,2017-12-03,,,,,,
송파구,11710,10700,가락동,80,11710-5828,성원상떼빌,,141.17,16,2006,79700,2017-12-05,,,,,,
송파구,11710,10900,장지동,879,11710-7430,송파더센트레,,51.77,14,2013,61000,2017-12-07,,,,,,
송파구,11710,10700,가락동,140,11710-59,가락(1차)쌍용아파트,,59.92,12,1997,61900,2017-12-07,,,,,,
송파구,11710,10100,잠실동,40,11710-281,갤러리아팰리스,,176.034,13,2005,155000,2017-12-05,,,,,,
송파구,11710,11300,거여동,291,11710-134,거여2단지효성아파트,,134.88,13,1997,87000,2017-12-26,,,,,,
송파구,11710,10400,송파동,162,11710-26,송파삼성래미안아파트,,105.99,2,2001,87000,2017-12-28,,,,,,
송파구,11710,10700,가락동,96-1,11710-61,우성,,43.79,7,1986,53300,2017-12-09,,,,,,
송파구,11710,10800,문정동,74,11710-91,동부브리앙뜨1,,83.07,3,2003,51000,2017-12-11,,,,,,
송파구,11710,10300,풍납동,299-1,11710-2,강변현대,,83.19,2,1991,46650,2017-12-07,,,,,,
송파구,11710,10300,풍납동,214-6,11710-1,갑을,,84.9,5,1996,47000,2017-12-07,,,,,,
송파구,11710,10100,잠실동,27,11710-164,주공아파트 5단지,,76.5,14,1978,171000,2017-12-28,,,,,,
송파구,11710,10700,가락동,140,11710-59,가락(1차)쌍용아파트,,59.92,6,1997,60700,2017-12-27,,,,,,
송파구,11710,10100,잠실동,22,11710-6249,리센츠,,84.99,3,2008,134900,2017-12-01,,,,,,
송파구,11710,10800,문정동,1,11710-282,문정래미안,,120.97,12,2004,90000,2017-12-01,,,,,,
송파구,11710,10400,송파동,162,11710-26,송파삼성래미안아파트,,148.19,6,2001,110000,2017-12-27,,,,,,
송파구,11710,10700,가락동,102,11710-69,한신1,,84.53,5,1993,62000,2017-12-26,,,,,,
송파구,11710,10800,문정동,150,11710-89,올림픽훼밀리타운,,136.325,2,1988,138000,2017-12-05,,,,,,
송파구,11710,10700,가락동,138,11710-53,가락미륭아파트,,83.58,8,1986,65500,2017-12-23,,,,,,
송파구,11710,10800,문정동,145,11710-83,문정시영,,39.69,7,1989,39000,2017-12-06,,,,,,
송파구,11710,10900,장지동,854,11710-6029,송파파인타운11단지,,84.94,4,2007,77000,2017-12-27,,,,,,
송파구,11710,10900,장지동,879,11710-7430,송파더센트레,,59.73,2,2013,70000,2017-12-20,,,,,,
송파구,11710,11100,방이동,39-2,11710-97,신동아타워,,50.4,11,1995,33000,2017-12-16,,,,,,
송파구,11710,10700,가락동,140,11710-59,가락(1차)쌍용아파트,,59.92,15,1997,61700,2017-12-23,,,,,,
송파구,11710,10800,문정동,1,11710-282,문정래미안,,150.58,15,2004,92000,2017-12-03,,,,,,
송파구,11710,10700,가락동,98,11710-300,두산위브,,25.05,7,2004,16900,2017-12-02,,,,,,
송파구,11710,10900,장지동,849,11710-6241,송파파인타운3단지,,84.98,16,2008,73500,2017-12-25,,,,,,
송파구,11710,10500,석촌동,24-3,11710-7855,석촌호수효성해링턴타워,,15.8307,12,2015,28000,2017-12-06,,,,,,
송파구,11710,10700,가락동,1-7,11710-46,그린아파트,,84.99,7,1996,39700,2017-12-23,,,,,,
송파구,11710,10200,신천동,17,11710-6266,파크리오,,35.24,20,2008,64200,2017-12-20,,,,,,
송파구,11710,10700,가락동,199,11710-67,프라자,,84.67,12,1985,75000,2017-12-10,,,,,,
송파구,11710,10300,풍납동,413-1,11710-18,현대1,,71.17,17,1995,64800,2017-12-09,,,,,,
송파구,11710,10800,문정동,150,11710-89,올림픽훼밀리타운,,84.705,15,1988,115000,2017-12-18,,,,,,
송파구,11710,10700,가락동,478,11710-303,송파동부쎈트레빌,,84.98,4,2004,72880,2017-12-04,,,,,,
송파구,11710,10100,잠실동,27,11710-164,주공아파트 5단지,,76.5,4,1978,175000,2017-12-20,,,,,,
송파구,11710,11400,마천동,607,11710-6679,송파파크데일2단지,,84.13,6,2011,64000,2017-12-09,,,,,,
송파구,11710,10700,가락동,120-4,11710-44,가락우성2,,84.95,17,2000,59800,2017-12-11,,,,,,
송파구,11710,10800,문정동,1,11710-282,문정래미안,,84.96,6,2004,83000,2017-12-08,,,,,,
송파구,11710,10700,가락동,140,11710-59,가락(1차)쌍용아파트,,59.92,3,1997,60000,2017-12-07,,,,,,
송파구,11710,10800,문정동,618,11710-8245,파크하비오,,84.9648,13,2016,96500,2017-12-22,,,,,,
송파구,11710,10700,가락동,140,11710-59,가락(1차)쌍용아파트,,59.92,14,1997,63000,2017-12-08,,,,,,
송파구,11710,10100,잠실동,101-1,11710-159,우성아파트,,96.05,10,1981,139000,2017-12-02,,,,,,
송파구,11710,10800,문정동,3,11710-87,문정가락현대1차,,123.61,11,1984,87000,2017-12-09,,,,,,
송파구,11710,10300,풍납동,413-1,11710-18,현대1,,83.02,6,1995,74650,2017-12-04,,,,,,
송파구,11710,11200,오금동,160,11710-123,삼성,,73.59,11,1989,50000,2017-12-19,,,,,,
송파구,11710,10700,가락동,140,11710-59,가락(1차)쌍용아파트,,84.69,8,1997,71500,2017-12-20,,,,,,
송파구,11710,10300,풍납동,510,11710-10,신성노바빌아파트,,84.96,11,2000,60900,2017-12-05,,,,,,
송파구,11710,10900,장지동,901,11710-7441,위례24단지(꿈에그린),,59.63,7,2013,75000,2017-12-06,,,,,,
송파구,11710,11400,마천동,582,11710-6680,송파파크데일1단지,,114.81,5,2011,79800,2017-12-04,,,,,,
송파구,11710,10700,가락동,140,11710-59,가락(1차)쌍용아파트,,84.69,16,1997,71500,2017-12-06,,,,,,
송파구,11710,10400,송파동,171,11710-28,성지,,84.92,12,1992,65000,2017-12-07,,,,,,
송파구,11710,10700,가락동,16-21,11710-227,e지브로,,84.78,3,2004,52000,2017-12-11,,,,,,
송파구,11710,10500,석촌동,1-1,11710-5607,로쟌뷰,,134.43,12,2005,94000,2017-12-15,,,,,,
송파구,11710,10100,잠실동,44,11710-5957,레이크팰리스,,59.97,28,2006,110000,2017-12-12,,,,,,
송파구,11710,10800,문정동,150,11710-89,올림픽훼밀리타운,,84.705,8,1988,65000,2017-12-15,,,,,,
송파구,11710,10900,장지동,901,11710-7441,위례24단지(꿈에그린),,59.85,17,2013,76900,2017-12-03,,,,,,
송파구,11710,10300,풍납동,391,11710-3,극동,,79.945,3,1987,63000,2017-12-02,,,,,,
송파구,11710,11200,오금동,165,11710-124,상아2차아파트,,84.98,14,1988,70000,2017-12-05,,,,,,
송파구,11710,10700,가락동,95-1,11710-49,가락금호아파트,,85,20,1997,76500,2017-12-14,,,,,,
송파구,11710,10700,가락동,176,11710-55,삼환,,84.704,6,1984,79000,2017-12-02,,,,,,
송파구,11710,10900,장지동,844,11710-6126,송파파인타운7단지,,84.94,12,2007,80000,2017-12-09,,,,,,
송파구,11710,10700,가락동,140,11710-59,가락(1차)쌍용아파트,,59.92,19,1997,60000,2017-12-07,,,,,,
송파구,11710,10900,장지동,847,11710-6309,송파파인타운6단지,,84.98,12,2008,76000,2017-12-06,,,,,,
송파구,11710,11300,거여동,294,11710-137,거여5단지,,59.74,11,1997,46000,2017-12-19,,,,,,
송파구,11710,10700,가락동,140,11710-59,가락(1차)쌍용아파트,,59.92,4,1997,59800,2017-12-04,,,,,,
송파구,11710,10100,잠실동,40,11710-281,갤러리아팰리스,,176.034,25,2005,164500,2017-12-11,,,,,,
송파구,11710,10900,장지동,849,11710-6241,송파파인타운3단지,,84.93,10,2008,74500,2017-12-13,,,,,,
송파구,11710,10700,가락동,140,11710-59,가락(1차)쌍용아파트,,59.92,13,1997,59700,2017-12-16,,,,,,
송파구,11710,10800,문정동,1,11710-282,문정래미안,,84.96,14,2004,85700,2017-12-02,,,,,,
송파구,11710,10100,잠실동,27,11710-164,주공아파트 5단지,,76.5,4,1978,123000,2017-12-06,,,,,,
송파구,11710,10100,잠실동,35,11710-6028,트리지움,,84.95,4,2007,129000,2017-12-01,,,,,,
송파구,11710,10100,잠실동,27,11710-164,주공아파트 5단지,,82.61,10,1978,186000,2017-12-11,,,,,,
송파구,11710,11400,마천동,50,11710-8557,대성골드클래스,,44.19,4,2017,38000,2017-12-05,,,,,,
송파구,11710,10800,문정동,1,11710-282,문정래미안,,84.96,5,2004,80000,2017-12-09,,,,,,
송파구,11710,10500,석촌동,24-3,11710-7855,석촌호수효성해링턴타워,,15.8307,15,2015,28800,2017-12-05,,,,,,
송파구,11710,10900,장지동,879,11710-7430,송파더센트레,,51.77,7,2013,59800,2017-12-09,,,,,,
송파구,11710,11100,방이동,89,11710-102,올림픽선수기자촌3단지,,83.06,7,1988,128000,2017-12-01,,,,,,
송파구,11710,10100,잠실동,19,11710-6346,잠실엘스,,84.8,16,2008,100000,2017-12-13,,,,,,
송파구,11710,10200,신천동,17,11710-6266,파크리오,,84.9,7,2008,119500,2017-12-08,,,,,,
송파구,11710,10900,장지동,843,11710-6125,송파파인타운9단지,,59.93,5,2007,65800,2017-12-01,,,,,,
송파구,11710,10100,잠실동,19,11710-6346,잠실엘스,,84.88,9,2008,148000,2017-12-02,,,,,,
송파구,11710,10100,잠실동,40,11710-281,갤러리아팰리스,,163.935,3,2005,131000,2017-12-04,,,,,,
송파구,11710,10800,문정동,150,11710-89,올림픽훼밀리타운,,84.705,8,1988,104000,2017-12-04,,,,,,
송파구,11710,10300,풍납동,508,11710-17,한강극동,,114.76,3,1995,70000,2017-12-05,,,,,,
송파구,11710,10700,가락동,192,11710-47,극동,,120.4,7,1984,96000,2017-12-05,,,,,,
송파구,11710,10200,신천동,11,11710-177,장미2,,99,14,1979,120700,2017-12-01,,,,,,
송파구,11710,11100,방이동,169-2,11710-212,세원아파트,,70.14,5,2003,33000,2017-12-04,,,,,,
송파구,11710,11300,거여동,291,11710-134,거여2단지효성아파트,,134.88,1,1997,74000,2017-12-02,,,,,,
송파구,11710,10700,가락동,140,11710-59,가락(1차)쌍용아파트,,84.69,14,1997,69000,2017-12-04,,,,,,
강동구,11740,10200,고덕동,312,11740-28,배재현대,,84.9,19,1995,64000,2017-12-16,,,,,,
강동구,11740,10100,명일동,257,11740-1,고덕주공9,,83.52,2,1985,68000,2017-12-04,,,,,,
강동구,11740,10600,둔촌동,603,11740-57,프라자,,109.07,9,1984,70500,2017-12-23,,,,,,
강동구,11740,10900,천호동,425-5,11740-2626,대우한강베네시티,,114.63,17,2007,68500,2017-12-26,,,,,,
강동구,11740,10300,상일동,476,11740-38,중앙하이츠,,84.23,11,1992,50000,2017-12-29,,,,,,
강동구,11740,10700,암사동,509,11740-91,선사현대아파트,,72.85,5,2000,54000,2017-12-29,,,,,,
강동구,11740,10100,명일동,15,11740-7,삼익그린2차,,66.87,13,1983,69700,2017-12-25,,,,,,
강동구,11740,10100,명일동,257,11740-1,고덕주공9,,83.52,10,1985,71800,2017-12-23,,,,,,
강동구,11740,10900,천호동,410-105,11740-186,현대프라자아파트,,100.8,6,1990,55500,2017-12-28,,,,,,
강동구,11740,10700,암사동,509,11740-91,선사현대아파트,,72.85,4,2000,54000,2017-12-22,,,,,,
강동구,11740,10100,명일동,257,11740-1,고덕주공9,,83.93,3,1985,69800,2017-12-30,,,,,,
강동구,11740,10800,성내동,30-2,11740-147,현대,,59.36,4,1987,44800,2017-12-28,,,,,,
강동구,11740,10600,둔촌동,613,11740-969,성원,,59.22,8,1995,44300,2017-12-30,,,,,,
강동구,11740,11000,강일동,670,11740-2890,강일리버파크5단지,,84.83,10,2009,57300,2017-12-19,,,,,,
강동구,11740,10700,암사동,509,11740-91,선사현대아파트,,82.94,19,2000,62500,2017-12-29,,,,,,
강동구,11740,10700,암사동,414-2,11740-2802,롯데캐슬퍼스트,,103.01,13,2008,84500,2017-12-28,,,,,,
강동구,11740,10700,암사동,413,11740-2664,프라이어팰리스,,84.988,6,2007,74400,2017-12-23,,,,,,
강동구,11740,10700,암사동,414-2,11740-2802,롯데캐슬퍼스트,,111.22,6,2008,88000,2017-12-30,,,,,,
강동구,11740,10500,길동,160,11740-49,신동아,,102.78,4,1983,58000,2017-12-23,,,,,,
강동구,11740,10600,둔촌동,603,11740-57,프라자,,83.4,4,1984,60000,2017-12-23,,,,,,
강동구,11740,10900,천호동,52-17,11740-200,태천해오름아파트,,84.92,3,2002,39700,2017-12-20,,,,,,
강동구,11740,10600,둔촌동,170-1,11740-75,둔촌주공1단지,,50.84,4,1980,104600,2017-12-21,,,,,,
강동구,11740,10200,고덕동,499,11740-2894,고덕 아이파크,,115.45,4,2011,109500,2017-12-22,,,,,,
강동구,11740,10800,성내동,438-2,11740-131,센츄럴(438-2),,78.54,3,2000,38500,2017-12-14,,,,,,
강동구,11740,10900,천호동,237,11740-183,한신아파트,,58.08,3,1991,31000,2017-12-31,,,,,,
강동구,11740,10700,암사동,414-2,11740-2802,롯데캐슬퍼스트,,102.34,9,2008,83900,2017-12-29,,,,,,
강동구,11740,10700,암사동,447-8,11740-107,대명,,51.12,2,1987,32000,2017-12-22,,,,,,
강동구,11740,10100,명일동,15,11740-7,삼익그린2차,,107.56,3,1983,89500,2017-12-16,,,,,,
강동구,11740,10700,암사동,509,11740-91,선사현대아파트,,83.18,7,2000,63000,2017-12-12,,,,,,
강동구,11740,10700,암사동,509,11740-91,선사현대아파트,,59.64,23,2000,50500,2017-12-30,,,,,,
강동구,11740,10600,둔촌동,426,11740-2525,세양청마루,,84.29,8,2005,51700,2017-12-23,,,,,,
강동구,11740,10100,명일동,257,11740-1,고덕주공9,,83.21,4,1985,70300,2017-12-20,,,,,,
강동구,11740,10700,암사동,509,11740-91,선사현대아파트,,58.68,12,2000,50000,2017-12-29,,,,,,
강동구,11740,10500,길동,53,11740-48,삼익파크맨션,,63.32,7,1982,44800,2017-12-30,,,,,,
강동구,11740,10500,길동,53,11740-48,삼익파크맨션,,62.91,7,1982,45000,2017-12-23,,,,,,
강동구,11740,10900,천호동,447-17,11740-3722,강동역신동아파밀리에,,94.61,35,2015,77000,2017-12-15,,,,,,
강동구,11740,10700,암사동,413,11740-2664,프라이어팰리스,,84.988,1,2007,68750,2017-12-28,,,,,,
강동구,11740,10700,암사동,414-2,11740-2802,롯데캐슬퍼스트,,59.99,5,2008,67700,2017-12-28,,,,,,
강동구,11740,10100,명일동,251-1,11740-16,현대(명일),,57.09,13,1988,40000,2017-12-12,,,,,,
강동구,11740,10200,고덕동,486,11740-25,아남1,,84.91,2,1996,59500,2017-12-21,,,,,,
강동구,11740,10500,길동,160,11740-49,신동아,,60.42,11,1983,37000,2017-12-28,,,,,,
강동구,11740,10700,암사동,414-2,11740-2802,롯데캐슬퍼스트,,111.22,21,2008,87000,2017-12-23,,,,,,
강동구,11740,10500,길동,53,11740-48,삼익파크맨션,,95.96,2,1982,65000,2017-12-25,,,,,,
강동구,11740,10800,성내동,590,11740-129,성내동삼성아파트,,114.93,10,1999,74800,2017-12-30,,,,,,
강동구,11740,10700,암사동,414-2,11740-2802,롯데캐슬퍼스트,,111.22,9,2008,83500,2017-12-14,,,,,,
강동구,11740,10700,암사동,509,11740-91,선사현대아파트,,59.64,8,2000,49500,2017-12-27,,,,,,
강동구,11740,10700,암사동,414-2,11740-2802,롯데캐슬퍼스트,,84.81,13,2008,80000,2017-12-16,,,,,,
강동구,11740,10200,고덕동,688,11740-4214,래미안힐스테이트고덕,,84.83,25,2016,94500,2017-12-12,,,,,,
강동구,11740,10800,성내동,446-17,11740-2513,올림픽파크힐,,84.81,4,2005,50000,2017-12-19,,,,,,
강동구,11740,10700,암사동,459-1,11740-3915,다성이즈빌,,29.45,12,2016,29300,2017-12-23,,,,,,
강동구,11740,10700,암사동,509,11740-91,선사현대아파트,,59.64,4,2000,50000,2017-12-26,,,,,,
강동구,11740,10900,천호동,168-6,11740-184,현대아파트,,44.1,4,1990,32800,2017-12-18,,,,,,
강동구,11740,10100,명일동,257,11740-1,고덕주공9,,83.52,7,1985,72500,2017-12-30,,,,,,
강동구,11740,10100,명일동,15,11740-7,삼익그린2차,,54.81,5,1983,58000,2017-12-22,,,,,,
강동구,11740,10500,길동,53,11740-48,삼익파크맨션,,56.17,2,1982,38000,2017-12-21,,,,,,
강동구,11740,10900,천호동,19-1,11740-173,우성,,84.93,11,1985,54800,2017-12-27,,,,,,
강동구,11740,11000,강일동,695,11740-2855,강일리버파크10단지,,84.53,4,2009,58000,2017-12-30,,,,,,
강동구,11740,10700,암사동,413,11740-2664,프라이어팰리스,,84.988,5,2007,74550,2017-12-30,,,,,,
강동구,11740,10200,고덕동,499,11740-2894,고덕 아이파크,,84.98,18,2011,90000,2017-12-22,,,,,,
강동구,11740,10900,천호동,563,11740-169,동아코아아파트,,57.33,13,1997,34500,2017-12-09,,,,,,
강동구,11740,10700,암사동,509,11740-91,선사현대아파트,,59.64,6,2000,50200,2017-12-26,,,,,,
강동구,11740,10700,암사동,422-26,11740-2500,암사e편한세상,,84.98,13,2005,54800,2017-12-30,,,,,,
강동구,11740,10100,명일동,270,11740-4,삼익가든,,66.87,2,1984,53500,2017-12-14,,,,,,
강동구,11740,10100,명일동,257,11740-1,고덕주공9,,83.52,7,1985,71800,2017-12-11,,,,,,
강동구,11740,10900,천호동,566,11740-181,천호태영아파트,,114.83,22,1999,62700,2017-12-21,,,,,,
강동구,11740,10600,둔촌동,70-5,11740-80,현대2,,79.79,10,1988,57500,2017-12-09,,,,,,
강동구,11740,10100,명일동,42,11740-11,명일우성,,133.65,1,1986,88000,2017-12-23,,,,,,
강동구,11740,10500,길동,344-5,11740-41,대상,,114.94,11,1999,46000,2017-12-30,,,,,,
강동구,11740,10200,고덕동,312,11740-28,배재현대,,84.9,7,1995,63500,2017-12-30,,,,,,
강동구,11740,10700,암사동,509,11740-91,선사현대아파트,,59.64,25,2000,50700,2017-12-19,,,,,,
강동구,11740,10900,천호동,320,11740-4358,다성이즈빌(320),,57.78,5,2017,44700,2017-12-25,,,,,,
강동구,11740,10100,명일동,44,11740-10,신동아,,81.07,2,1986,78500,2017-12-25,,,,,,
강동구,11740,10700,암사동,414-2,11740-2802,롯데캐슬퍼스트,,112.11,24,2008,90000,2017-12-25,,,,,,
강동구,11740,10500,길동,415-11,11740-358,한솔브리즈,,84.89,6,2004,43000,2017-12-20,,,,,,
강동구,11740,10600,둔촌동,134-10,11740-73,신성둔촌미소지움2,,59.88,21,2000,51500,2017-12-16,,,,,,
강동구,11740,10800,성내동,378-6,11740-389,용명브릿지2차,,84.28,6,2006,50000,2017-12-15,,,,,,
강동구,11740,10700,암사동,413,11740-2664,프라이어팰리스,,84.988,2,2007,72000,2017-12-30,,,,,,
강동구,11740,10600,둔촌동,70-5,11740-80,현대2,,79.79,9,1988,56500,2017-12-08,,,,,,
강동구,11740,10300,상일동,476,11740-38,중앙하이츠,,84.23,9,1992,53800,2017-12-06,,,,,,
강동구,11740,10100,명일동,56,11740-15,현대(고덕),,131.83,12,1986,90000,2017-12-23,,,,,,
강동구,11740,10500,길동,385-4,11740-243,이스트드림힐,,84.77,5,2003,41400,2017-12-29,,,,,,
강동구,11740,10900,천호동,54-25,11740-368,골드하임(102동),,84.39,2,2005,39100,2017-12-03,,,,,,
강동구,11740,10200,고덕동,312,11740-28,배재현대,,84.9,21,1995,61500,2017-12-09,,,,,,
강동구,11740,10700,암사동,414-2,11740-2802,롯데캐슬퍼스트,,59.99,22,2008,68000,2017-12-23,,,,,,
강동구,11740,10900,천호동,217-132,11740-170,동아하이빌아파트,,84.97,12,2000,49800,2017-12-16,,,,,,
강동구,11740,10700,암사동,414-2,11740-2802,롯데캐슬퍼스트,,103.01,24,2008,85000,2017-12-28,,,,,,
강동구,11740,10500,길동,414-10,11740-2618,강동한신휴플러스,,84.98,15,2006,45000,2017-12-15,,,,,,
강동구,11740,10800,성내동,590,11740-129,성내동삼성아파트,,84.99,8,1999,67800,2017-12-30,,,,,,
강동구,11740,10100,명일동,332,11740-3,명일지에스아파트,,59.79,10,1999,43900,2017-12-30,,,,,,
강동구,11740,10100,명일동,270,11740-4,삼익가든,,71.2,10,1984,61500,2017-12-09,,,,,,
강동구,11740,10100,명일동,332,11740-3,명일지에스아파트,,59.79,12,1999,45000,2017-12-13,,,,,,
강동구,11740,10700,암사동,414-2,11740-2802,롯데캐슬퍼스트,,84.98,20,2008,75500,2017-12-18,,,,,,
강동구,11740,10100,명일동,15,11740-7,삼익그린2차,,84.755,10,1983,78400,2017-12-07,,,,,,
강동구,11740,10600,둔촌동,174-1,11740-76,둔촌주공3단지,,70.87,10,1980,100500,2017-12-07,,,,,,
강동구,11740,10200,고덕동,688,11740-4214,래미안힐스테이트고덕,,59.96,11,2016,80000,2017-12-08,,,,,,
강동구,11740,10600,둔촌동,613,11740-969,성원,,59.22,1,1995,40500,2017-12-20,,,,,,
강동구,11740,10800,성내동,196-8,11740-141,코오롱(1차),,114.5,4,1999,60000,2017-12-23,,,,,,
강동구,11740,10200,고덕동,688,11740-4214,래미안힐스테이트고덕,,84.74,19,2016,97300,2017-12-26,,,,,,
강동구,11740,10100,명일동,15,11740-7,삼익그린2차,,66.87,1,1983,67000,2017-12-14,,,,,,
강동구,11740,10100,명일동,56,11740-15,현대(고덕),,131.83,11,1986,93000,2017-12-08,,,,,,
강동구,11740,10700,암사동,509,11740-91,선사현대아파트,,82.94,13,2000,69500,2017-12-18,,,,,,
강동구,11740,10700,암사동,413,11740-2664,프라이어팰리스,,59.983,3,2007,60000,2017-12-16,,,,,,
강동구,11740,10500,길동,388-7,11740-3711,다성이즈빌(주상복합),,36.35,7,2015,25500,2017-12-04,,,,,,
강동구,11740,10500,길동,414-10,11740-2618,강동한신휴플러스,,77.82,4,2006,42000,2017-12-04,,,,,,
강동구,11740,10700,암사동,413,11740-2664,프라이어팰리스,,59.983,1,2007,55000,2017-12-07,,,,,,
강동구,11740,10200,고덕동,688,11740-4214,래미안힐스테이트고덕,,84.74,13,2016,92000,2017-12-16,,,,,,
강동구,11740,10600,둔촌동,170-1,11740-75,둔촌주공1단지,,58.08,2,1980,105000,2017-12-04,,,,,,
강동구,11740,10200,고덕동,688,11740-4214,래미안힐스테이트고덕,,72.02,3,2016,82000,2017-12-20,,,,,,
강동구,11740,10700,암사동,413,11740-2664,프라이어팰리스,,59.983,1,2007,55000,2017-12-12,,,,,,
강동구,11740,10700,암사동,414-2,11740-2802,롯데캐슬퍼스트,,112.11,12,2008,89800,2017-12-30,,,,,,
강동구,11740,10700,암사동,414-2,11740-2802,롯데캐슬퍼스트,,133.97,22,2008,100000,2017-12-05,,,,,,
강동구,11740,10700,암사동,414-2,11740-2802,롯데캐슬퍼스트,,133.97,1,2008,87000,2017-12-09,,,,,,
강동구,11740,10200,고덕동,312,11740-28,배재현대,,84.9,12,1995,63500,2017-12-26,,,,,,
강동구,11740,11000,강일동,695,11740-2855,강일리버파크10단지,,84.74,10,2009,60000,2017-12-13,,,,,,
강동구,11740,10100,명일동,56,11740-15,현대(고덕),,131.83,1,1986,84000,2017-12-20,,,,,,
강동구,11740,10700,암사동,413,11740-2664,프라이어팰리스,,84.988,24,2007,77700,2017-12-26,,,,,,
강동구,11740,10700,암사동,414-2,11740-2802,롯데캐슬퍼스트,,84.98,13,2008,76500,2017-12-07,,,,,,
강동구,11740,10100,명일동,15,11740-7,삼익그린2차,,54.81,12,1983,59000,2017-12-16,,,,,,
강동구,11740,10700,암사동,509,11740-91,선사현대아파트,,59.64,6,2000,50000,2017-12-21,,,,,,
강동구,11740,10200,고덕동,688,11740-4214,래미안힐스테이트고덕,,84.88,35,2016,95500,2017-12-23,,,,,,
강동구,11740,10500,길동,400,11740-39,길동우성,,84.75,13,1994,55700,2017-12-29,,,,,,
강동구,11740,10100,명일동,44,11740-10,신동아,,127.33,1,1986,88000,2017-12-16,,,,,,
강동구,11740,10600,둔촌동,134-10,11740-73,신성둔촌미소지움2,,114.72,15,2000,72000,2017-12-04,,,,,,
강동구,11740,10600,둔촌동,621,11740-44,초원동아,,84.34,5,1997,59000,2017-12-25,,,,,,
강동구,11740,10500,길동,53,11740-48,삼익파크맨션,,62.91,10,1982,45800,2017-12-16,,,,,,
강동구,11740,10500,길동,53,11740-48,삼익파크맨션,,79.57,11,1982,52700,2017-12-30,,,,,,
강동구,11740,10500,길동,53,11740-48,삼익파크맨션,,72.89,9,1982,49700,2017-12-16,,,,,,
강동구,11740,10700,암사동,422-26,11740-2500,암사e편한세상,,84.98,2,2005,51200,2017-12-28,,,,,,
강동구,11740,10100,명일동,42,11740-11,명일우성,,133.65,8,1986,92000,2017-12-09,,,,,,
강동구,11740,10100,명일동,332,11740-3,명일지에스아파트,,84.9,17,1999,56000,2017-12-20,,,,,,
강동구,11740,10700,암사동,414-2,11740-2802,롯데캐슬퍼스트,,102.34,14,2008,85800,2017-12-13,,,,,,
강동구,11740,10700,암사동,441-2,11740-98,정산(102동),,83.42,10,2001,47800,2017-12-26,,,,,,
강동구,11740,10800,성내동,295,11740-130,성안마을청구,,59.93,14,2002,49700,2017-12-27,,,,,,
강동구,11740,10700,암사동,414-2,11740-2802,롯데캐슬퍼스트,,84.81,25,2008,80000,2017-12-08,,,,,,
강동구,11740,10800,성내동,590,11740-129,성내동삼성아파트,,59.88,9,1999,54500,2017-12-29,,,,,,
강동구,11740,10700,암사동,442,11740-96,암사라인,,84.87,7,1996,43500,2017-12-28,,,,,,
강동구,11740,10700,암사동,509,11740-91,선사현대아파트,,59.64,2,2000,49300,2017-12-16,,,,,,
강동구,11740,10500,길동,160,11740-49,신동아,,60.42,2,1983,37400,2017-12-12,,,,,,
강동구,11740,10600,둔촌동,555,11740-83,신동아파밀리에,,59.4,3,2002,53000,2017-12-13,,,,,,
강동구,11740,11000,강일동,665,11740-2849,강일리버파크1단지,,84.83,11,2009,55500,2017-12-29,,,,,,
강동구,11740,10200,고덕동,312,11740-28,배재현대,,59.94,15,1995,52000,2017-12-20,,,,,,
강동구,11740,10100,명일동,355,11740-284,태천해오름101동,,68.11,7,2004,36800,2017-12-04,,,,,,
강동구,11740,10700,암사동,413,11740-2664,프라이어팰리스,,114.272,20,2007,82000,2017-12-23,,,,,,
강동구,11740,10800,성내동,590,11740-129,성내동삼성아파트,,59.88,7,1999,48300,2017-12-02,,,,,,
강동구,11740,10700,암사동,413,11740-2664,프라이어팰리스,,84.988,7,2007,74800,2017-12-15,,,,,,
강동구,11740,10100,명일동,270,11740-4,삼익가든,,66.87,11,1984,56700,2017-12-25,,,,,,
강동구,11740,10100,명일동,257,11740-1,고덕주공9,,83.21,6,1985,69000,2017-12-19,,,,,,
강동구,11740,10800,성내동,419-1,11740-121,둔촌역청구,,84.94,19,1999,61500,2017-12-20,,,,,,
강동구,11740,10100,명일동,15,11740-7,삼익그린2차,,42.93,5,1983,49000,2017-12-16,,,,,,
강동구,11740,10100,명일동,15,11740-7,삼익그린2차,,107.56,1,1983,84000,2017-12-12,,,,,,
강동구,11740,10100,명일동,54,11740-14,한양,,84.92,10,1986,76500,2017-12-07,,,,,,
강동구,11740,10300,상일동,473,11740-30,동아,,84.78,11,1997,42500,2017-12-23,,,,,,
강동구,11740,10500,길동,400,11740-39,길동우성,,40.36,13,1994,32500,2017-12-21,,,,,,
강동구,11740,10300,상일동,490,11740-3008,고덕리엔파크3단지,,84.83,8,2011,63000,2017-12-16,,,,,,
강동구,11740,10600,둔촌동,630,11740-2931,둔촌푸르지오,,84.9,7,2010,78800,2017-12-17,,,,,,
강동구,11740,10700,암사동,447-8,11740-107,대명,,48.45,3,1987,33000,2017-12-23,,,,,,
강동구,11740,10100,명일동,257,11740-1,고덕주공9,,83.52,3,1985,70000,2017-12-30,,,,,,
강동구,11740,11000,강일동,670,11740-2890,강일리버파크5단지,,59.87,13,2009,50000,2017-12-22,,,,,,
강동구,11740,10900,천호동,333-55,11740-2501,천호e-편한세상,,84.95,6,2005,54800,2017-12-09,,,,,,
강동구,11740,10100,명일동,54,11740-14,한양,,119.37,15,1986,88500,2017-12-04,,,,,,
강동구,11740,11000,강일동,673,11740-2851,강일리버파크4단지,,84.53,8,2009,58000,2017-12-29,,,,,,
강동구,11740,10100,명일동,332,11740-3,명일지에스아파트,,59.79,5,1999,43500,2017-12-06,,,,,,
강동구,11740,10500,길동,400,11740-39,길동우성,,84.75,3,1994,54900,2017-12-02,,,,,,
강동구,11740,10100,명일동,15,11740-7,삼익그린2차,,54.81,10,1983,57200,2017-12-02,,,,,,
강동구,11740,10600,둔촌동,488,11740-422,아인리베,,83.5,8,2005,49600,2017-12-15,,,,,,
강동구,11740,10100,명일동,332,11740-3,명일지에스아파트,,84.9,7,1999,55000,2017-12-11,,,,,,
강동구,11740,10700,암사동,414-2,11740-2802,롯데캐슬퍼스트,,84.98,7,2008,76000,2017-12-07,,,,,,
강동구,11740,10800,성내동,194,11740-347,에스케이허브진,,33.71,6,2004,27800,2017-12-04,,,,,,
강동구,11740,10700,암사동,509,11740-91,선사현대아파트,,82.94,7,2000,63300,2017-12-02,,,,,,
강동구,11740,10200,고덕동,499,11740-2894,고덕 아이파크,,84.98,5,2011,89500,2017-12-28,,,,,,
강동구,11740,10200,고덕동,688,11740-4214,래미안힐스테이트고덕,,59.96,15,2016,80000,2017-12-23,,,,,,
강동구,11740,10900,천호동,287-9,11740-175,유원아파트,,55.98,1,1997,34900,2017-12-01,,,,,,
강동구,11740,10700,암사동,414-2,11740-2802,롯데캐슬퍼스트,,111.22,20,2008,89900,2017-12-01,,,,,,
강동구,11740,10200,고덕동,688,11740-4214,래미안힐스테이트고덕,,59.35,13,2016,75000,2017-12-12,,,,,,
강동구,11740,10300,상일동,476,11740-38,중앙하이츠,,84.23,2,1992,52000,2017-12-30,,,,,,
강동구,11740,10100,명일동,257,11740-1,고덕주공9,,83.52,4,1985,69800,2017-12-11,,,,,,
강동구,11740,10100,명일동,257,11740-1,고덕주공9,,83.52,2,1985,71000,2017-12-27,,,,,,
강동구,11740,10100,명일동,270,11740-4,삼익가든,,82.45,6,1984,64900,2017-12-14,,,,,,
강동구,11740,11000,강일동,699,11740-2856,강일리버파크9단지,,84.53,3,2009,54200,2017-12-30,,,,,,
강동구,11740,10100,명일동,38,11740-6,삼익그린11차,,84.51,5,1986,65300,2017-12-26,,,,,,
강동구,11740,10600,둔촌동,174-1,11740-76,둔촌주공3단지,,99.61,3,1980,121500,2017-12-16,,,,,,
강동구,11740,10800,성내동,590,11740-129,성내동삼성아파트,,84.99,5,1999,63000,2017-12-11,,,,,,
강동구,11740,10700,암사동,509,11740-91,선사현대아파트,,82.94,6,2000,69000,2017-12-18,,,,,,
강동구,11740,10800,성내동,590,11740-129,성내동삼성아파트,,59.88,8,1999,51000,2017-12-12,,,,,,
강동구,11740,10100,명일동,44,11740-10,신동아,,81.07,15,1986,78000,2017-12-29,,,,,,
강동구,11740,10600,둔촌동,174-1,11740-76,둔촌주공3단지,,99.61,2,1980,120000,2017-12-12,,,,,,
강동구,11740,10600,둔촌동,174-1,11740-76,둔촌주공3단지,,96.75,8,1980,110000,2017-12-01,,,,,,
강동구,11740,10500,길동,53,11740-48,삼익파크맨션,,79.57,3,1982,50800,2017-12-08,,,,,,
강동구,11740,10100,명일동,15,11740-7,삼익그린2차,,54.81,2,1983,57000,2017-12-09,,,,,,
강동구,11740,10700,암사동,414-2,11740-2802,롯데캐슬퍼스트,,84.98,26,2008,76500,2017-12-02,,,,,,
강동구,11740,10900,천호동,47-24,11740-330,천호1차우림루미아트,,84.69,10,2004,46500,2017-12-11,,,,,,
강동구,11740,10700,암사동,413,11740-2664,프라이어팰리스,,59.983,18,2007,60000,2017-12-07,,,,,,
강동구,11740,10100,명일동,15,11740-7,삼익그린2차,,66.87,12,1983,68700,2017-12-08,,,,,,
강동구,11740,10700,암사동,414-2,11740-2802,롯데캐슬퍼스트,,84.81,12,2008,79500,2017-12-29,,,,,,
강동구,11740,10700,암사동,509,11740-91,선사현대아파트,,83.18,12,2000,67500,2017-12-14,,,,,,
강동구,11740,10700,암사동,413,11740-2664,프라이어팰리스,,84.988,24,2007,75000,2017-12-11,,,,,,
강동구,11740,11000,강일동,673,11740-2851,강일리버파크4단지,,84.83,9,2009,59400,2017-12-15,,,,,,
강동구,11740,10100,명일동,15,11740-7,삼익그린2차,,66.87,7,1983,69450,2017-12-19,,,,,,
강동구,11740,10100,명일동,257,11740-1,고덕주공9,,83.52,1,1985,69900,2017-12-26,,,,,,
강동구,11740,10800,성내동,606,11740-4102,올림픽파크한양수자인,,59.55,9,2016,51300,2017-12-27,,,,,,
강동구,11740,10300,상일동,490,11740-3008,고덕리엔파크3단지,,84.96,15,2011,60000,2017-12-23,,,,,,
강동구,11740,10700,암사동,413,11740-2664,프라이어팰리스,,84.975,16,2007,72000,2017-12-13,,,,,,
강동구,11740,10500,길동,160,11740-49,신동아,,60.42,7,1983,38000,2017-12-13,,,,,,
강동구,11740,10800,성내동,590,11740-129,성내동삼성아파트,,59.88,17,1999,51000,2017-12-11,,,,,,
강동구,11740,10200,고덕동,499,11740-2894,고덕 아이파크,,59.99,11,2011,72000,2017-12-30,,,,,,
강동구,11740,10100,명일동,15,11740-7,삼익그린2차,,42.93,11,1983,46500,2017-12-04,,,,,,
강동구,11740,11000,강일동,665,11740-2849,강일리버파크1단지,,84.53,11,2009,53900,2017-12-01,,,,,,
강동구,11740,10500,길동,160,11740-49,신동아,,60.42,12,1983,38000,2017-12-16,,,,,,
강동구,11740,10100,명일동,251-1,11740-16,현대(명일),,84.66,10,1988,51000,2017-12-25,,,,,,
강동구,11740,10900,천호동,568,11740-2628,강변그대가리버뷰,,84.97,8,2007,68000,2017-12-12,,,,,,
강동구,11740,10100,명일동,332,11740-3,명일지에스아파트,,59.79,13,1999,43000,2017-12-20,,,,,,
강동구,11740,10500,길동,53,11740-48,삼익파크맨션,,79.57,5,1982,51000,2017-12-09,,,,,,
강동구,11740,10600,둔촌동,174-1,11740-76,둔촌주공3단지,,99.61,1,1980,119000,2017-12-15,,,,,,
강동구,11740,10600,둔촌동,170-1,11740-211,둔촌주공4단지,,71.58,2,1980,103000,2017-12-15,,,,,,
강동구,11740,10500,길동,53,11740-48,삼익파크맨션,,62.91,11,1982,43700,2017-12-14,,,,,,
강동구,11740,10700,암사동,508,11740-90,삼성광나루,,114.87,1,2002,67000,2017-12-05,,,,,,
강동구,11740,10600,둔촌동,174-1,11740-209,둔촌주공2단지,,88.43,5,1980,121000,2017-12-18,,,,,,
강동구,11740,10700,암사동,509,11740-91,선사현대아파트,,72.85,20,2000,56700,2017-12-02,,,,,,
강동구,11740,10600,둔촌동,170-1,11740-211,둔촌주공4단지,,99.61,5,1980,122500,2017-12-29,,,,,,
강동구,11740,10600,둔촌동,603,11740-57,프라자,,109.07,9,1984,68000,2017-12-07,,,,,,
강동구,11740,10100,명일동,38,11740-6,삼익그린11차,,66.87,1,1986,54500,2017-12-01,,,,,,
강동구,11740,10100,명일동,56,11740-15,현대(고덕),,84.91,2,1986,73000,2017-12-08,,,,,,
강동구,11740,10700,암사동,414-2,11740-2802,롯데캐슬퍼스트,,111.22,6,2008,85000,2017-12-25,,,,,,
강동구,11740,10200,고덕동,688,11740-4214,래미안힐스테이트고덕,,59.23,9,2016,80500,2017-12-21,,,,,,
강동구,11740,10100,명일동,332,11740-3,명일지에스아파트,,59.4,10,1999,47500,2017-12-05,,,,,,
강동구,11740,10100,명일동,257,11740-1,고덕주공9,,83.21,7,1985,68200,2017-12-04,,,,,,
강동구,11740,10700,암사동,422-26,11740-2500,암사e편한세상,,84.96,3,2005,54200,2017-12-16,,,,,,
강동구,11740,10100,명일동,15,11740-7,삼익그린2차,,84.755,11,1983,79800,2017-12-04,,,,,,
강동구,11740,10700,암사동,509,11740-91,선사현대아파트,,59.64,26,2000,49800,2017-12-16,,,,,,
강동구,11740,11000,강일동,717,11740-3004,고덕리엔파크2단지,,84.98,1,2011,58000,2017-12-16,,,,,,
강동구,11740,10200,고덕동,688,11740-4214,래미안힐스테이트고덕,,84.88,27,2016,90000,2017-12-26,,,,,,
강동구,11740,10600,둔촌동,174-1,11740-76,둔촌주공3단지,,99.61,2,1980,122500,2017-12-06,,,,,,
강동구,11740,10300,상일동,490,11740-3008,고덕리엔파크3단지,,84.98,9,2011,62500,2017-12-15,,,,,,
강동구,11740,10700,암사동,414-2,11740-2802,롯데캐슬퍼스트,,102.34,16,2008,84500,2017-12-12,,,,,,
강동구,11740,10900,천호동,566,11740-181,천호태영아파트,,114.83,21,1999,65500,2017-12-02,,,,,,
강동구,11740,10600,둔촌동,174-1,11740-76,둔촌주공3단지,,96.75,4,1980,116000,2017-12-19,,,,,,
강동구,11740,10800,성내동,590,11740-129,성내동삼성아파트,,84.99,2,1999,62500,2017-12-01,,,,,,
강동구,11740,10200,고덕동,688,11740-4214,래미안힐스테이트고덕,,84.9,5,2016,89500,2017-12-07,,,,,,
강동구,11740,10700,암사동,414-2,11740-2802,롯데캐슬퍼스트,,84.98,17,2008,79000,2017-12-23,,,,,,
강동구,11740,10100,명일동,15,11740-7,삼익그린2차,,54.81,4,1983,59000,2017-12-08,,,,,,
강동구,11740,10700,암사동,442-1,11740-103,한강현대,,84.93,14,1999,57000,2017-12-27,,,,,,
강동구,11740,10600,둔촌동,546,11740-74,신성둔촌미소지움1,,84.86,13,1998,65000,2017-12-16,,,,,,
강동구,11740,10700,암사동,442-1,11740-103,한강현대,,71.91,11,1999,56800,2017-12-09,,,,,,
강동구,11740,10800,성내동,590,11740-129,성내동삼성아파트,,114.93,11,1999,73750,2017-12-02,,,,,,
강동구,11740,10700,암사동,509,11740-91,선사현대아파트,,59.64,13,2000,50500,2017-12-18,,,,,,
강동구,11740,10600,둔촌동,630,11740-2931,둔촌푸르지오,,84.9,23,2010,77000,2017-12-08,,,,,,
강동구,11740,10700,암사동,414-2,11740-2802,롯데캐슬퍼스트,,112.11,14,2008,89500,2017-12-09,,,,,,
강동구,11740,10100,명일동,47,11740-8,삼환,,84.92,15,1992,72000,2017-12-13,,,,,,
강동구,11740,10700,암사동,442,11740-96,암사라인,,59.34,10,1996,37500,2017-12-07,,,,,,
강동구,11740,11000,강일동,707,11740-3005,고덕리엔파크1단지,,84.83,5,2011,60000,2017-12-16,,,,,,
강동구,11740,10700,암사동,422-26,11740-2500,암사e편한세상,,84.98,13,2005,53600,2017-12-09,,,,,,
강동구,11740,10600,둔촌동,170-1,11740-75,둔촌주공1단지,,50.84,1,1980,105000,2017-12-14,,,,,,
강동구,11740,10800,성내동,603,11740-324,신일유토빌(603-0),,84.46,7,2004,56000,2017-12-01,,,,,,
강동구,11740,10600,둔촌동,488,11740-422,아인리베,,83.5,12,2005,51250,2017-12-05,,,,,,
강동구,11740,10100,명일동,251-1,11740-16,현대(명일),,57.09,6,1988,40700,2017-12-12,,,,,,
강동구,11740,10100,명일동,257,11740-1,고덕주공9,,83.52,5,1985,70700,2017-12-18,,,,,,
강동구,11740,10600,둔촌동,174-1,11740-76,둔촌주공3단지,,70.87,8,1980,98400,2017-12-01,,,,,,
강동구,11740,10100,명일동,15,11740-7,삼익그린2차,,54.81,4,1983,58700,2017-12-11,,,,,,
강동구,11740,10600,둔촌동,170-1,11740-211,둔촌주공4단지,,99.61,6,1980,120000,2017-12-11,,,,,,
강동구,11740,10700,암사동,509,11740-91,선사현대아파트,,59.64,16,2000,52000,2017-12-18,,,,,,
강동구,11740,10700,암사동,509,11740-91,선사현대아파트,,59.64,4,2000,50400,2017-12-16,,,,,,
강동구,11740,10700,암사동,422-26,11740-2500,암사e편한세상,,84.96,9,2005,57300,2017-12-23,,,,,,
강동구,11740,11000,강일동,673,11740-2851,강일리버파크4단지,,84.83,5,2009,59000,2017-12-09,,,,,,
강동구,11740,11000,강일동,673,11740-2851,강일리버파크4단지,,84.74,10,2009,58500,2017-12-21,,,,,,
강동구,11740,11000,강일동,686,11740-2877,강일리버파크7단지,,84.83,11,2009,58000,2017-12-04,,,,,,
강동구,11740,10800,성내동,590,11740-129,성내동삼성아파트,,84.99,2,1999,62500,2017-12-19,,,,,,
강동구,11740,10800,성내동,590,11740-129,성내동삼성아파트,,84.99,9,1999,67500,2017-12-05,,,,,,
강동구,11740,10500,길동,474,11740-221,강동LG자이,,147.17,13,2003,99500,2017-12-02,,,,,,
강동구,11740,11000,강일동,695,11740-2855,강일리버파크10단지,,84.74,4,2009,58000,2017-12-25,,,,,,
강동구,11740,10100,명일동,15,11740-7,삼익그린2차,,107.56,7,1983,98000,2017-12-08,,,,,,
강동구,11740,10600,둔촌동,170-1,11740-75,둔촌주공1단지,,88.26,2,1980,122000,2017-12-06,,,,,,
강동구,11740,10700,암사동,414-2,11740-2802,롯데캐슬퍼스트,,111.22,27,2008,89000,2017-12-02,,,,,,
강동구,11740,10100,명일동,15,11740-7,삼익그린2차,,42.93,10,1983,50000,2017-12-25,,,,,,
강동구,11740,11000,강일동,674,11740-2852,강일리버파크3단지,,84.74,5,2009,56900,2017-12-22,,,,,,
강동구,11740,11000,강일동,695,11740-2855,강일리버파크10단지,,84.83,1,2009,53800,2017-12-16,,,,,,
강동구,11740,10700,암사동,463-18,11740-234,우암쎈스뷰,,59.93,5,2003,33800,2017-12-06,,,,,,
강동구,11740,10600,둔촌동,170-1,11740-75,둔촌주공1단지,,58.21,5,1980,104500,2017-12-18,,,,,,
강동구,11740,10700,암사동,516-2,11740-2963,한강리치팰리스,,84.86,3,2010,57000,2017-12-28,,,,,,
강동구,11740,10900,천호동,44,11740-167,금호아파트,,27.61,13,1987,22450,2017-12-12,,,,,,
강동구,11740,10600,둔촌동,70-5,11740-80,현대2,,79.79,4,1988,55500,2017-12-08,,,,,,
강동구,11740,10700,암사동,492-45,11740-2557,라움(492-45),,67.64,5,2006,35900,2017-12-21,,,,,,
강동구,11740,10700,암사동,414-2,11740-2802,롯데캐슬퍼스트,,84.81,31,2008,81000,2017-12-09,,,,,,
강동구,11740,10100,명일동,15,11740-7,삼익그린2차,,42.93,14,1983,49000,2017-12-08,,,,,,
강동구,11740,10100,명일동,257,11740-1,고덕주공9,,83.52,11,1985,73000,2017-12-28,,,,,,
강동구,11740,10500,길동,400,11740-39,길동우성,,84.75,12,1994,52000,2017-12-22,,,,,,
강동구,11740,10500,길동,400,11740-39,길동우성,,84.75,17,1994,55000,2017-12-29,,,,,,
강동구,11740,10100,명일동,15,11740-7,삼익그린2차,,84.755,13,1983,81000,2017-12-09,,,,,,
강동구,11740,10100,명일동,42,11740-11,명일우성,,84.93,2,1986,74700,2017-12-09,,,,,,
강동구,11740,10100,명일동,251-1,11740-16,현대(명일),,57.09,11,1988,40000,2017-12-05,,,,,,
강동구,11740,10900,천호동,320,11740-4358,다성이즈빌(320),,57.78,3,2017,47000,2017-12-30,,,,,,
강동구,11740,10100,명일동,15,11740-7,삼익그린2차,,66.87,5,1983,70000,2017-12-19,,,,,,
강동구,11740,10700,암사동,413,11740-2664,프라이어팰리스,,59.983,13,2007,60000,2017-12-02,,,,,,
강동구,11740,11000,강일동,684,11740-2853,강일리버파크6단지,,84.74,7,2009,57500,2017-12-07,,,,,,
강동구,11740,10600,둔촌동,630,11740-2931,둔촌푸르지오,,84.92,18,2010,84200,2017-12-09,,,,,,
강동구,11740,10700,암사동,413,11740-2664,프라이어팰리스,,84.988,17,2007,73700,2017-12-25,,,,,,
강동구,11740,10200,고덕동,499,11740-2894,고덕 아이파크,,84.98,7,2011,86500,2017-12-09,,,,,,
강동구,11740,10600,둔촌동,174-1,11740-76,둔촌주공3단지,,98.66,1,1980,112500,2017-12-15,,,,,,
강동구,11740,10100,명일동,15,11740-7,삼익그린2차,,84.76,7,1983,79500,2017-12-09,,,,,,
강동구,11740,10500,길동,344-5,11740-41,대상,,59.91,11,1999,33000,2017-12-06,,,,,,
강동구,11740,10900,천호동,358-4,11740-274,다성시티아파트,,84.46,10,2003,41900,2017-12-13,,,,,,
강동구,11740,10700,암사동,414-2,11740-2802,롯데캐슬퍼스트,,84.98,18,2008,77000,2017-12-02,,,,,,
강동구,11740,10200,고덕동,688,11740-4214,래미안힐스테이트고덕,,59.35,5,2016,80000,2017-12-15,,,,,,
강동구,11740,10500,길동,400,11740-39,길동우성,,40.36,13,1994,32000,2017-12-13,,,,,,
강동구,11740,10200,고덕동,486,11740-25,아남1,,50.2,13,1996,39900,2017-12-26,,,,,,
강동구,11740,10200,고덕동,486,11740-25,아남1,,84.91,4,1996,53550,2017-12-09,,,,,,
강동구,11740,10100,명일동,15,11740-7,삼익그린2차,,84.755,11,1983,82000,2017-12-11,,,,,,
강동구,11740,10800,성내동,606,11740-4102,올림픽파크한양수자인,,59.55,12,2016,67500,2017-12-09,,,,,,
강동구,11740,10900,천호동,410-100,11740-180,코오롱상가아파트,,82.5,5,1988,55500,2017-12-20,,,,,,
강동구,11740,10100,명일동,15,11740-7,삼익그린2차,,107.56,15,1983,89000,2017-12-21,,,,,,
강동구,11740,10800,성내동,295,11740-130,성안마을청구,,59.93,6,2002,48300,2017-12-02,,,,,,
강동구,11740,10500,길동,416-3,11740-300,다성이즈텔,,84.88,7,2004,45000,2017-12-29,,,,,,
강동구,11740,10800,성내동,244-6,11740-4360,건영아모리움,,10.3215,7,2017,13700,2017-12-19,,,,,,
강동구,11740,10600,둔촌동,170-1,11740-211,둔촌주공4단지,,99.61,1,1980,122000,2017-12-28,,,,,,
강동구,11740,10100,명일동,15,11740-7,삼익그린2차,,66.87,1,1983,65000,2017-12-02,,,,,,
강동구,11740,10700,암사동,414-2,11740-2802,롯데캐슬퍼스트,,111.22,6,2008,86500,2017-12-01,,,,,,
강동구,11740,10700,암사동,400,11740-276,현대홈타운,,84.98,4,2004,68000,2017-12-02,,,,,,
강동구,11740,10700,암사동,518,11740-2893,한솔솔파크,,84.98,15,2009,68000,2017-12-26,,,,,,
강동구,11740,10600,둔촌동,170-1,11740-75,둔촌주공1단지,,79.93,3,1980,112000,2017-12-11,,,,,,
강동구,11740,10500,길동,457-1,11740-3473,강동렘브란트,,15.86,7,2014,12000,2017-12-27,,,,,,
강동구,11740,10900,천호동,425-5,11740-2626,대우한강베네시티,,132.44,19,2007,73000,2017-12-16,,,,,,
강동구,11740,10800,성내동,199-18,11740-3151,아이퍼스트빌,,15.94,5,2012,15000,2017-12-08,,,,,,
강동구,11740,10500,길동,400,11740-39,길동우성,,84.75,10,1994,53000,2017-12-11,,,,,,
강동구,11740,10500,길동,415-13,11740-3349,강동큐브(2차),,15.12,12,2013,11500,2017-12-26,,,,,,
강동구,11740,10700,암사동,413,11740-2664,프라이어팰리스,,114.272,6,2007,80000,2017-12-01,,,,,,
강동구,11740,10900,천호동,425-5,11740-2626,대우한강베네시티,,114.63,16,2007,67000,2017-12-20,,,,,,
강동구,11740,11000,강일동,670,11740-2890,강일리버파크5단지,,59.87,14,2009,49000,2017-12-15,,,,,,
강동구,11740,10100,명일동,270,11740-4,삼익가든,,146.54,7,1984,85000,2017-12-29,,,,,,
강동구,11740,10700,암사동,414-2,11740-2802,롯데캐슬퍼스트,,111.22,22,2008,86000,2017-12-16,,,,,,
강동구,11740,10200,고덕동,688,11740-4214,래미안힐스테이트고덕,,84.88,12,2016,88000,2017-12-11,,,,,,
강동구,11740,10200,고덕동,312,11740-28,배재현대,,59.94,13,1995,52800,2017-12-23,,,,,,
강동구,11740,10500,길동,160,11740-49,신동아,,60.42,2,1983,37000,2017-12-11,,,,,,
강동구,11740,10200,고덕동,688,11740-4214,래미안힐스테이트고덕,,59.23,17,2016,81000,2017-12-12,,,,,,
강동구,11740,10600,둔촌동,174-1,11740-76,둔촌주공3단지,,96.75,10,1980,110000,2017-12-04,,,,,,
강동구,11740,10600,둔촌동,544,11740-72,라이프101동(544)102동(544-1),,79.53,2,1993,48000,2017-12-04,,,,,,
강동구,11740,10200,고덕동,688,11740-4214,래미안힐스테이트고덕,,84.9,4,2016,92000,2017-12-03,,,,,,
강동구,11740,10500,길동,160,11740-49,신동아,,72.44,7,1983,44600,2017-12-29,,,,,,
강동구,11740,10500,길동,160,11740-49,신동아,,60.42,4,1983,38000,2017-12-18,,,,,,
강동구,11740,10700,암사동,509,11740-91,선사현대아파트,,58.68,13,2000,49600,2017-12-19,,,,,,
강동구,11740,10200,고덕동,688,11740-4214,래미안힐스테이트고덕,,97.26,14,2016,103500,2017-12-02,,,,,,
강동구,11740,10100,명일동,332,11740-3,명일지에스아파트,,59.79,18,1999,43500,2017-12-05,,,,,,
강동구,11740,10100,명일동,332,11740-3,명일지에스아파트,,84.9,8,1999,55000,2017-12-15,,,,,,
강동구,11740,10500,길동,53,11740-48,삼익파크맨션,,137.7,5,1982,76000,2017-12-14,,,,,,
강동구,11740,10600,둔촌동,174-1,11740-76,둔촌주공3단지,,98.66,1,1980,110000,2017-12-07,,,,,,
강동구,11740,11000,강일동,684,11740-2853,강일리버파크6단지,,84.74,12,2009,57500,2017-12-16,,,,,,
강동구,11740,10900,천호동,287-9,11740-175,유원아파트,,55.98,1,1997,35000,2017-12-02,,,,,,
강동구,11740,10100,명일동,15,11740-7,삼익그린2차,,54.81,15,1983,57000,2017-12-09,,,,,,
강동구,11740,10100,명일동,41,11740-9,고덕삼환아파트,,84.644,13,1987,64500,2017-12-06,,,,,,
강동구,11740,10700,암사동,509,11740-91,선사현대아파트,,58.68,25,2000,52000,2017-12-21,,,,,,
강동구,11740,10800,성내동,429-6,11740-122,메이저,,84.82,5,2001,45000,2017-12-29,,,,,,
강동구,11740,10600,둔촌동,61-12,11740-364,동호리츠빌,,68.54,6,2004,30000,2017-12-17,,,,,,
강동구,11740,10900,천호동,414,11740-343,두산위브센티움,,31.37,7,2004,16350,2017-12-26,,,,,,
강동구,11740,10500,길동,100,11740-2502,형인허브빌아파트,,83.27,7,2005,42500,2017-12-16,,,,,,
강동구,11740,10700,암사동,413,11740-2664,프라이어팰리스,,84.988,4,2007,71500,2017-12-11,,,,,,
강동구,11740,10500,길동,384-4,11740-360,에이치비골드빌(102동),,64.19,5,2004,37000,2017-12-28,,,,,,
강동구,11740,10100,명일동,332,11740-3,명일지에스아파트,,84.9,11,1999,54800,2017-12-19,,,,,,
강동구,11740,10500,길동,334-3,11740-366,시가오똠,,84.98,5,2004,43000,2017-12-06,,,,,,
강동구,11740,10600,둔촌동,174-1,11740-209,둔촌주공2단지,,80.03,1,1980,107500,2017-12-01,,,,,,
강동구,11740,10500,길동,53,11740-48,삼익파크맨션,,55.7,6,1982,38000,2017-12-23,,,,,,
강동구,11740,10500,길동,53,11740-48,삼익파크맨션,,151.44,3,1982,74750,2017-12-23,,,,,,
강동구,11740,10200,고덕동,688,11740-4214,래미안힐스테이트고덕,,59.35,14,2016,73500,2017-12-11,,,,,,
강동구,11740,10500,길동,53,11740-48,삼익파크맨션,,79.57,1,1982,46000,2017-12-26,,,,,,
강동구,11740,10800,성내동,295,11740-130,성안마을청구,,59.93,9,2002,48500,2017-12-11,,,,,,
강동구,11740,10600,둔촌동,170-1,11740-211,둔촌주공4단지,,71.58,4,1980,100000,2017-12-07,,,,,,
강동구,11740,10200,고덕동,499,11740-2894,고덕 아이파크,,84.98,12,2011,89900,2017-12-12,,,,,,
강동구,11740,10600,둔촌동,630,11740-2931,둔촌푸르지오,,84.9,7,2010,79800,2017-12-13,,,,,,
강동구,11740,10900,천호동,217-132,11740-170,동아하이빌아파트,,84.97,2,2000,45000,2017-12-13,,,,,,
강동구,11740,10900,천호동,425-5,11740-2626,대우한강베네시티,,114.63,17,2007,66000,2017-12-20,,,,,,
강동구,11740,10100,명일동,332,11740-3,명일지에스아파트,,84.9,10,1999,57800,2017-12-13,,,,,,
강동구,11740,10200,고덕동,486,11740-25,아남1,,84.91,19,1996,57000,2017-12-21,,,,,,
강동구,11740,10100,명일동,270,11740-4,삼익가든,,72.55,4,1984,57000,2017-12-20,,,,,,
강동구,11740,10700,암사동,413,11740-2664,프라이어팰리스,,59.983,16,2007,59800,2017-12-09,,,,,,
강동구,11740,10600,둔촌동,90,11740-225,청원파크빌,,84.78,4,2003,35000,2017-12-06,,,,,,
강동구,11740,10900,천호동,427-3,11740-2835,천호엘크루,,141.65,11,2008,70000,2017-12-18,,,,,,
강동구,11740,10200,고덕동,486,11740-25,아남1,,50.2,2,1996,37300,2017-12-21,,,,,,
강동구,11740,10700,암사동,414-2,11740-2802,롯데캐슬퍼스트,,112.11,5,2008,87000,2017-12-02,,,,,,
강동구,11740,10200,고덕동,499,11740-2894,고덕 아이파크,,84.98,2,2011,82300,2017-12-09,,,,,,
강동구,11740,10700,암사동,509,11740-91,선사현대아파트,,58.68,8,2000,49750,2017-12-02,,,,,,
강동구,11740,10700,암사동,414-2,11740-2802,롯데캐슬퍼스트,,59.99,18,2008,67500,2017-12-08,,,,,,
강동구,11740,10700,암사동,400,11740-276,현대홈타운,,59.97,11,2004,60000,2017-12-08,,,,,,
강동구,11740,10700,암사동,509,11740-91,선사현대아파트,,83.79,9,2000,60000,2017-12-16,,,,,,
강동구,11740,10300,상일동,490,11740-3008,고덕리엔파크3단지,,84.87,9,2011,60000,2017-12-02,,,,,,
강동구,11740,10900,천호동,26-12,11740-192,평대보민아파트,,58.81,4,2003,30000,2017-12-16,,,,,,
강동구,11740,10900,천호동,566,11740-181,천호태영아파트,,59.63,2,1999,45500,2017-12-06,,,,,,
강동구,11740,10500,길동,53,11740-48,삼익파크맨션,,55.7,12,1982,36200,2017-12-14,,,,,,
강동구,11740,10700,암사동,670,11740-110,동원베네스트,,84.83,7,2002,49900,2017-12-15,,,,,,
강동구,11740,10100,명일동,15,11740-7,삼익그린2차,,66.87,8,1983,67000,2017-12-01,,,,,,
강동구,11740,10900,천호동,52-1,11740-238,광남캐스빌아파트,,81.35,3,2003,41000,2017-12-18,,,,,,
강동구,11740,10500,길동,400,11740-39,길동우성,,57.1,9,1994,43000,2017-12-20,,,,,,
강동구,11740,10600,둔촌동,630,11740-2931,둔촌푸르지오,,59.98,3,2010,67000,2017-12-04,,,,,,
강동구,11740,10500,길동,415-13,11740-3349,강동큐브(2차),,12.52,7,2013,10800,2017-12-15,,,,,,
강동구,11740,10500,길동,160,11740-49,신동아,,60.42,4,1983,37500,2017-12-02,,,,,,
강동구,11740,10700,암사동,509,11740-91,선사현대아파트,,82.94,3,2000,61500,2017-12-02,,,,,,
강동구,11740,10700,암사동,442-1,11740-103,한강현대,,84.93,8,1999,57650,2017-12-04,,,,,,
강동구,11740,10100,명일동,332,11740-3,명일지에스아파트,,59.79,2,1999,43000,2017-12-06,,,,,,
강동구,11740,11000,강일동,673,11740-2851,강일리버파크4단지,,84.83,3,2009,56000,2017-12-11,,,,,,
강동구,11740,10200,고덕동,486,11740-25,아남1,,84.91,8,1996,57000,2017-12-11,,,,,,
강동구,11740,10700,암사동,414-2,11740-2802,롯데캐슬퍼스트,,84.98,13,2008,76800,2017-12-19,,,,,,
강동구,11740,10700,암사동,400,11740-276,현대홈타운,,114.07,12,2004,75000,2017-12-16,,,,,,
강동구,11740,10200,고덕동,688,11740-4214,래미안힐스테이트고덕,,84.9,16,2016,84000,2017-12-06,,,,,,
강동구,11740,10900,천호동,570,11740-2870,강변그대가갤럭시,,84.96,13,2009,68000,2017-12-01,,,,,,
강동구,11740,10200,고덕동,688,11740-4214,래미안힐스테이트고덕,,59.96,8,2016,73500,2017-12-09,,,,,,
강동구,11740,10700,암사동,413,11740-2664,프라이어팰리스,,114.272,1,2007,69000,2017-12-07,,,,,,
강동구,11740,10100,명일동,15,11740-7,삼익그린2차,,42.93,10,1983,48900,2017-12-14,,,,,,
강동구,11740,10100,명일동,15,11740-7,삼익그린2차,,84.755,2,1983,80800,2017-12-14,,,,,,
강동구,11740,10100,명일동,41,11740-9,고덕삼환아파트,,121.987,15,1987,69000,2017-12-05,,,,,,
강동구,11740,10800,성내동,590,11740-129,성내동삼성아파트,,84.99,11,1999,61800,2017-12-13,,,,,,
강동구,11740,10500,길동,349-1,11740-3158,다성이즈빌(349-1),,17.2,4,2012,14300,2017-12-16,,,,,,
강동구,11740,10100,명일동,15,11740-7,삼익그린2차,,66.87,1,1983,65000,2017-12-11,,,,,,
강동구,11740,10300,상일동,490,11740-3008,고덕리엔파크3단지,,84.98,15,2011,60000,2017-12-02,,,,,,
강동구,11740,10500,길동,365-1,11740-45,라인,,59.94,15,1998,39800,2017-12-02,,,,,,
강동구,11740,10600,둔촌동,135-1,11740-81,현대3,,79.99,3,1988,49700,2017-12-12,,,,,,
강동구,11740,10100,명일동,44,11740-10,신동아,,112.93,9,1986,84500,2017-12-15,,,,,,
강동구,11740,10900,천호동,528,11740-171,천호동삼성아파트,,59.86,10,1997,45000,2017-12-01,,,,,,
강동구,11740,10800,성내동,435-7,11740-262,광남캐스빌(435-7),,75.28,8,2003,50000,2017-12-12,,,,,,
강동구,11740,10500,길동,370-20,11740-214,에이스빌(370-20),,124.14,4,2003,48000,2017-12-06,,,,,,
강동구,11740,10800,성내동,463-1,11740-425,탑건위너빌,,63.54,4,2001,29800,2017-12-15,,,,,,
강동구,11740,10700,암사동,400,11740-276,현대홈타운,,59.97,1,2004,54000,2017-12-02,,,,,,
강동구,11740,10700,암사동,414-2,11740-2802,롯데캐슬퍼스트,,84.81,5,2008,76000,2017-12-09,,,,,,
강동구,11740,10100,명일동,15,11740-7,삼익그린2차,,42.93,15,1983,45000,2017-12-02,,,,,,
강동구,11740,10800,성내동,447-5,11740-142,타운빌라트,,84.6,5,2000,43000,2017-12-12,,,,,,
강동구,11740,10500,길동,415-16,11740-3569,청광플러스원큐브3차,,13.265,9,2014,11000,2017-12-02,,,,,,
강동구,11740,10300,상일동,490,11740-3008,고덕리엔파크3단지,,84.98,10,2011,62000,2017-12-02,,,,,,
강동구,11740,10100,명일동,15,11740-7,삼익그린2차,,66.87,4,1983,66000,2017-12-06,,,,,,
강동구,11740,10500,길동,339-1,11740-2906,동서울오네뜨,,54.12,10,2009,29000,2017-12-13,,,,,,
강동구,11740,10500,길동,400,11740-39,길동우성,,57.1,4,1994,39700,2017-12-07,,,,,,
강동구,11740,10800,성내동,199-18,11740-3151,아이퍼스트빌,,15.94,5,2012,14100,2017-12-09,,,,,,
강동구,11740,10100,명일동,42,11740-11,명일우성,,84.93,3,1986,75800,2017-12-02,,,,,,
강동구,11740,10900,천호동,288-29,11740-2499,브라운스톤암사아파트,,84.97,11,2005,54500,2017-12-06,,,,,,
강동구,11740,10200,고덕동,499,11740-2894,고덕 아이파크,,84.98,5,2011,86500,2017-12-07,,,,,,
강동구,11740,11000,강일동,684,11740-2853,강일리버파크6단지,,84.74,3,2009,53000,2017-12-06,,,,,,
강동구,11740,10300,상일동,490,11740-3008,고덕리엔파크3단지,,84.87,2,2011,57000,2017-12-11,,,,,,
강동구,11740,10500,길동,384-5,11740-359,에이치비골드빌(103동),,42.3,8,2004,29900,2017-12-02,,,,,,
강동구,11740,10500,길동,365-1,11740-45,라인,,59.94,11,1998,38500,2017-12-04,,,,,,
강동구,11740,10700,암사동,509,11740-91,선사현대아파트,,83.18,14,2000,65000,2017-12-07,,,,,,
강동구,11740,10700,암사동,440-7,11740-112,풍천,,90.27,2,2003,44800,2017-12-06,,,,,,
강동구,11740,10800,성내동,443-26,11740-2883,광남캐스빌(443-26),,63.22,4,2009,43000,2017-12-02,,,,,,
강동구,11740,10600,둔촌동,174-1,11740-209,둔촌주공2단지,,88.43,1,1980,116000,2017-12-04,,,,,,
강동구,11740,10800,성내동,590,11740-129,성내동삼성아파트,,84.99,3,1999,50000,2017-12-07,,,,,,
강동구,11740,10600,둔촌동,174-1,11740-209,둔촌주공2단지,,80.03,2,1980,108000,2017-12-01,,,,,,
강동구,11740,10100,명일동,257,11740-1,고덕주공9,,83.52,5,1985,66000,2017-12-04,,,,,,
강동구,11740,10900,천호동,447-17,11740-3722,강동역신동아파밀리에,,107.34,5,2015,80000,2017-12-04,,,,,,
