구,시군구코드,법정동코드,법정동,지번,단지코드,아파트명,동,전용면적,층,건축년도,거래금액,계약일,해제여부,해제일,거래유형,매수자,매도자,등기일
종로구,11110,18300,평창동,596,11110-73,삼성,,59.97,10,1998,39500,2018-11-30,,,,,,
종로구,11110,16800,동숭동,4-161,11110-124,동성아파트(1동),,49.56,4,1999,24400,2018-11-21,,,,,,
종로구,11110,17900,홍파동,199,11110-2445,경희궁자이(2단지),,84.836,5,2017,150000,2018-11-22,,,,,,
종로구,11110,18300,평창동,45,11110-146,벽산블루밍평창힐스,,207.28,3,2004,124000,2018-11-25,,,,,,
종로구,11110,17900,홍파동,199,11110-2445,경희궁자이(2단지),,59.855,12,2017,130000,2018-11-12,,,,,,
종로구,11110,11800,내수동,167,11110-14,세종로대우,,100.44,14,1994,76500,2018-11-29,,,,,,
종로구,11110,11800,내수동,110-15,11110-118,킹스매너,,194.43,2,2004,130000,2018-11-21,,,,,,
종로구,11110,17400,창신동,232,11110-34,두산,,84.9,13,1999,70000,2018-11-14,,,,,,
종로구,11110,17400,창신동,232,11110-34,두산,,59.95,5,1999,59800,2018-11-14,,,,,,
종로구,11110,17100,명륜2가,4,11110-25,아남1,,84.9,3,1995,84700,2018-11-26,,,,,,
종로구,11110,18300,평창동,596,11110-73,삼성,,84.93,13,1998,50500,2018-11-27,,,,,,
종로구,11110,17000,명륜1가,2-12,11110-127,송림아마레스아파트,,53.42,6,2003,38300,2018-11-10,,,,,,
종로구,11110,18700,무악동,82,11110-90,현대,,114.9,12,2000,96490,2018-11-16,,,,,,
종로구,11110,18300,평창동,72,11110-71,롯데낙천대,,87.27,9,2001,65000,2018-11-16,,,,,,
종로구,11110,17500,숭인동,296-19,11110-2322,삼전솔하임2차,,16.67,9,2012,12400,2018-11-09,,,,,,
종로구,11110,17500,숭인동,1421-1,11110-2343,종로동광모닝스카이,,15.855,14,2013,12800,2018-11-27,,,,,,
종로구,11110,15700,인의동,48-2,11110-2155,효성쥬얼리시티,,92.81,16,2006,76000,2018-11-06,,,,,,
종로구,11110,11700,당주동,145,11110-12,롯데미도파광화문빌딩,,65.82,7,1981,42000,2018-11-11,,,,,,
종로구,11110,17000,명륜1가,23,11110-2128,건양하늘터,,84.9,6,2006,68000,2018-11-09,,,,,,
종로구,11110,17400,창신동,703,11110-91,창신쌍용2,,54.7,11,1993,41000,2018-11-16,,,,,,
종로구,11110,17400,창신동,578-5,11110-31,동대문맨션,,122.71,5,1973,38000,2018-11-01,,,,,,
종로구,11110,18300,평창동,46-1,11110-101,크래스빌,,187.9,3,2003,79000,2018-11-12,,,,,,
종로구,11110,11500,사직동,9-1,11110-2204,광화문스페이스본(106동),,153.42,7,2008,140000,2018-11-30,,,,,,
종로구,11110,16200,효제동,65-2,11110-2440,포레스트힐시티,,35.8451,13,2017,35000,2018-11-24,,,,,,
종로구,11110,18300,평창동,66-1,11110-2261,엘리시아,,213.07,4,2009,104519,2018-11-16,,,,,,
종로구,11110,17100,명륜2가,237,11110-26,명륜동주상복합아남아파트,,44.37,8,1999,47800,2018-11-03,,,,,,
종로구,11110,18300,평창동,66-1,11110-2261,엘리시아,,213.07,4,2009,104519,2018-11-13,,,,,,
종로구,11110,15700,인의동,48-2,11110-2155,효성쥬얼리시티,,84.64,13,2006,68000,2018-11-07,,,,,,
종로구,11110,18100,행촌동,41-1,11110-52,대성아파트,,19.27,1,1971,8450,2018-11-01,,,,,,
중구,11140,16200,신당동,850,11140-990,신당푸르지오,,145.1,17,2005,123000,2018-11-23,,,,,,
중구,11140,16200,신당동,840,11140-40,현대,,83.97,4,1993,64000,2018-11-29,,,,,,
중구,11140,16500,황학동,2545,11140-1039,롯데캐슬,,84.92,33,2008,80500,2018-11-15,,,,,,
중구,11140,16200,신당동,842,11140-37,약수하이츠,,114.92,14,1999,97000,2018-11-17,,,,,,
중구,11140,16200,신당동,843,11140-32,삼성,,84.96,1,1999,71000,2018-11-12,,,,,,
중구,11140,16200,신당동,844,11140-28,남산타운,,59.94,18,2002,78000,2018-11-03,,,,,,
중구,11140,16500,황학동,2545,11140-1039,롯데캐슬,,114.9,12,2008,82000,2018-11-16,,,,,,
중구,11140,16200,신당동,842,11140-37,약수하이츠,,65.37,8,1999,80000,2018-11-30,,,,,,
중구,11140,16300,흥인동,119,11140-1220,동대문와이즈캐슬,,16.3,12,2014,25000,2018-11-09,,,,,,
중구,11140,13200,충무로4가,306,11140-1097,남산센트럴자이,,135.533,9,2009,110000,2018-11-10,,,,,,
중구,11140,16200,신당동,840,11140-40,현대,,83.97,2,1993,63000,2018-11-02,,,,,,
중구,11140,16200,신당동,413-4,11140-309,태원팰리스,,83.75,3,2004,50000,2018-11-22,,,,,,
중구,11140,16300,흥인동,13-1,11140-1226,청계천두산위브더제니스,,124.3673,17,2014,112000,2018-11-19,,,,,,
중구,11140,16200,신당동,851,11140-1141,래미안하이베르,,117,15,2011,94500,2018-11-26,,,,,,
중구,11140,17100,중림동,149,11140-52,성요셉,,41.32,3,1971,17000,2018-11-02,,,,,,
중구,11140,16500,황학동,2523,11140-1106,황학아크로타워,,130.939,12,2010,86500,2018-11-09,,,,,,
중구,11140,16200,신당동,844,11140-28,남산타운,,59.94,1,2002,64700,2018-11-03,,,,,,
중구,11140,16500,황학동,2545,11140-1039,롯데캐슬,,84.89,25,2008,79000,2018-11-01,,,,,,
중구,11140,11800,남대문로5가,827,11140-1119,남산트라팰리스,,142.23,31,2010,170000,2018-11-19,,,,,,
중구,11140,16300,흥인동,13-1,11140-1226,청계천두산위브더제니스,,116.6232,7,2014,92000,2018-11-06,,,,,,
중구,11140,16300,흥인동,13-1,11140-1226,청계천두산위브더제니스,,124.2102,22,2014,115000,2018-11-13,,,,,,
중구,11140,16200,신당동,843,11140-32,삼성,,84.96,2,1999,72500,2018-11-02,,,,,,
중구,11140,16200,신당동,160-5,11140-1217,신당아르브,,18.08,5,2014,16000,2018-11-02,,,,,,
중구,11140,16300,흥인동,119,11140-1220,동대문와이즈캐슬,,15.55,14,2014,17400,2018-11-03,,,,,,
용산구,11170,13100,한남동,810,11170-2839,한남더힐,,235.312,6,2011,453000,2018-11-23,,,,,,
용산구,11170,13100,한남동,810,11170-2839,한남더힐,,240.23,-1,2011,610000,2018-11-20,,,,,,
용산구,11170,13100,한남동,810,11170-2839,한남더힐,,208.478,6,2011,380000,2018-11-13,,,,,,
용산구,11170,12200,문배동,24-8,11170-2906,프라임펠리스,,13.51,15,2012,17000,2018-11-17,,,,,,
용산구,11170,12900,이촌동,300-23,11170-68,한강맨숀,,102.22,4,1971,228000,2018-11-20,,,,,,
용산구,11170,13100,한남동,810,11170-2839,한남더힐,,233.062,3,2011,443000,2018-11-02,,,,,,
용산구,11170,13100,한남동,810,11170-2839,한남더힐,,177.764,5,2011,365000,2018-11-17,,,,,,
용산구,11170,12900,이촌동,422,11170-47,북한강(성원),,59.55,22,2001,80000,2018-11-28,,,,,,
용산구,11170,12000,도원동,23,11170-27,삼성래미안,,59.94,1,2001,70000,2018-11-29,,,,,,
용산구,11170,12900,이촌동,436,11170-3048,래미안첼리투스,,124.02,21,2015,299998,2018-11-16,,,,,,
용산구,11170,13100,한남동,810,11170-2839,한남더힐,,59.686,8,2011,196000,2018-11-08,,,,,,
용산구,11170,12200,문배동,3-3,11170-2496,이안용산프리미어,,84.98,13,2007,96000,2018-11-05,,,,,,
용산구,11170,13300,서빙고동,241-21,11170-131,신동아,,140.92,1,1984,180000,2018-11-28,,,,,,
용산구,11170,11200,원효로1가,133-3,11170-2811,리첸시아용산A,,122.54,10,2010,115000,2018-11-21,,,,,,
용산구,11170,13000,이태원동,22-2,11170-77,청화1,,104.66,10,1982,135000,2018-11-24,,,,,,
용산구,11170,12300,신계동,48,11170-2843,용산e편한세상,,59.66,15,2011,113000,2018-11-30,,,,,,
용산구,11170,12300,신계동,48,11170-2843,용산e편한세상,,124.08,7,2011,155000,2018-11-23,,,,,,
용산구,11170,13100,한남동,684-85,11170-186,아일랜드캐슬,,62.24,1,2003,55000,2018-11-24,,,,,,
용산구,11170,12200,문배동,11-34,11170-3183,G&P용산파크,,28.28,11,2018,32000,2018-11-02,,,,,,
용산구,11170,12200,문배동,11-34,11170-3183,G&P용산파크,,28.61,6,2018,32000,2018-11-08,,,,,,
용산구,11170,10700,동자동,45,11170-2917,센트레빌아스테리움서울,,145.2,27,2013,166000,2018-11-15,,,,,,
용산구,11170,12900,이촌동,415,11170-67,한강(대우),,134.13,7,2000,175000,2018-11-07,,,,,,
용산구,11170,12200,문배동,11-34,11170-3183,G&P용산파크,,28.92,12,2018,32000,2018-11-01,,,,,,
용산구,11170,12000,도원동,3-4,11170-28,제일1,,45.29,2,1971,16500,2018-11-08,,,,,,
용산구,11170,13100,한남동,810,11170-2839,한남더힐,,244.783,3,2011,810000,2018-11-08,,,,,,
용산구,11170,10100,후암동,244-99,11170-276,화인,,137.37,2,2002,77750,2018-11-02,,,,,,
용산구,11170,13000,이태원동,22-2,11170-77,청화1,,142.71,12,1982,150000,2018-11-29,,,,,,
용산구,11170,12200,문배동,11-34,11170-3183,G&P용산파크,,27.04,13,2018,33000,2018-11-02,,,,,,
용산구,11170,12200,문배동,11-34,11170-3183,G&P용산파크,,28.61,11,2018,32000,2018-11-05,,,,,,
용산구,11170,12200,문배동,11-34,11170-3183,G&P용산파크,,28.61,10,2018,32000,2018-11-05,,,,,,
용산구,11170,12400,한강로1가,50-1,11170-2307,용산파크자이,,99.85,10,2005,127000,2018-11-01,,,,,,
용산구,11170,13300,서빙고동,241-21,11170-131,신동아,,95.66,2,1984,145000,2018-11-01,,,,,,
용산구,11170,12800,한강로3가,65-230,11170-174,한강대우트럼프월드3,,159.77,20,2004,160000,2018-11-15,,,,,,
용산구,11170,12200,문배동,11-34,11170-3183,G&P용산파크,,28.61,12,2018,32000,2018-11-02,,,,,,
용산구,11170,12200,문배동,11-34,11170-3183,G&P용산파크,,28.92,11,2018,32000,2018-11-01,,,,,,
용산구,11170,12200,문배동,11-34,11170-3183,G&P용산파크,,28.61,13,2018,33000,2018-11-05,,,,,,
용산구,11170,12200,문배동,11-34,11170-3183,G&P용산파크,,28.28,13,2018,32500,2018-11-02,,,,,,
용산구,11170,12700,용산동5가,24-1,11170-2767,용산파크타워(24-1),,180.62,34,2009,280000,2018-11-14,,,,,,
용산구,11170,13100,한남동,810,11170-2839,한남더힐,,208.478,3,2011,420000,2018-11-01,,,,,,
용산구,11170,13600,보광동,151,11170-133,리버빌(삼성),,84.74,10,2000,109000,2018-11-08,,,,,,
성동구,11200,10800,응봉동,100,11200-77,대림(1차),,75.51,3,1986,81000,2018-11-24,,,,,,
성동구,11200,11500,성수동2가,832,11200-68,금호타운2차아파트,,59.94,12,1997,60000,2018-11-19,,,,,,
성동구,11200,11300,옥수동,560,11200-2935,옥수어울림,,84.699,3,2011,125000,2018-11-27,,,,,,
성동구,11200,11300,옥수동,428,11200-38,극동,,142.26,7,1986,130000,2018-11-16,,,,,,
성동구,11200,10700,행당동,375,11200-2899,행당두산위브,,59.99,1,2009,83500,2018-11-17,,,,,,
성동구,11200,10400,도선동,69,11200-2751,삼성쉐르빌,,84.91,27,2006,71000,2018-11-12,,,,,,
성동구,11200,11300,옥수동,4,11200-47,현대,,71.05,6,1990,86250,2018-11-22,,,,,,
성동구,11200,10500,마장동,784,11200-13,세림,,84.93,6,1986,77000,2018-11-15,,,,,,
성동구,11200,10200,하왕십리동,990,11200-5,한신무학,,114.59,4,1989,74800,2018-11-15,,,,,,
성동구,11200,10900,금호동1가,633,11200-32,벽산,,84.82,16,2001,82500,2018-11-18,,,,,,
성동구,11200,11300,옥수동,220-1,11200-45,한남하이츠,,149.39,9,1982,180000,2018-11-30,,,,,,
성동구,11200,11300,옥수동,428,11200-38,극동,,142.26,6,1986,129000,2018-11-28,,,,,,
성동구,11200,10800,응봉동,275,11200-30,신동아,,59.97,8,1996,54000,2018-11-29,,,,,,
성동구,11200,10300,홍익동,366,11200-2828,주암해븐,,84.58,3,2007,62000,2018-11-05,,,,,,
성동구,11200,10100,상왕십리동,811,11200-3024,텐즈힐(2단지),,84.92,11,2014,115000,2018-11-16,,,,,,
성동구,11200,10500,마장동,784,11200-13,세림,,84.93,6,1986,75500,2018-11-24,,,,,,
성동구,11200,10200,하왕십리동,1070,11200-3120,센트라스,,84.96,16,2016,134000,2018-11-05,,,,,,
성동구,11200,11500,성수동2가,286,11200-71,성수우방2차아파트,,84.645,13,1999,73500,2018-11-09,,,,,,
성동구,11200,11500,성수동2가,712,11200-72,청구강변1,,84.87,10,1994,129500,2018-11-16,,,,,,
성동구,11200,11400,성수동1가,676-5,11200-61,서울숲성수현대,,69.21,14,1990,80000,2018-11-28,,,,,,
성동구,11200,11200,금호동4가,1250,11200-37,롯데,,84.99,8,2003,94000,2018-11-06,,,,,,
성동구,11200,12200,용답동,252,11200-3018,덕현해밀,,84.99,4,2014,54850,2018-11-03,,,,,,
성동구,11200,11400,성수동1가,707,11200-59,서울숲한양현대,,59.89,4,1999,68000,2018-11-30,,,,,,
성동구,11200,11200,금호동4가,180,11200-36,삼산금호,,49.45,4,1975,40000,2018-11-02,,,,,,
성동구,11200,11200,금호동4가,800,11200-35,대우,,84.96,19,2001,90000,2018-11-05,,,,,,
성동구,11200,10800,응봉동,97,11200-28,대림(2차),,84.53,15,1989,73500,2018-11-15,,,,,,
성동구,11200,10200,하왕십리동,258,11200-4,벽산,,114.46,4,1996,85000,2018-11-15,,,,,,
성동구,11200,11300,옥수동,60,11200-95,풍림아이원,,84.767,12,2004,131000,2018-11-21,,,,,,
성동구,11200,10500,마장동,784,11200-13,세림,,40.86,13,1986,48000,2018-11-09,,,,,,
성동구,11200,11100,금호동3가,1662,11200-2691,금호한신,,84.49,1,2005,76500,2018-11-17,,,,,,
성동구,11200,10200,하왕십리동,1071,11200-3144,왕십리자이,,59.99,12,2017,83000,2018-11-06,,,,,,
성동구,11200,10800,응봉동,15,11200-29,대림강변타운,,59.76,14,2001,77700,2018-11-05,,,,,,
성동구,11200,11300,옥수동,4,11200-47,현대,,71.05,7,1990,87000,2018-11-07,,,,,,
성동구,11200,11100,금호동3가,700,11200-2969,금호자이2차,,59.9663,13,2012,85000,2018-11-10,,,,,,
성동구,11200,11800,송정동,90,11200-74,건영,,84.945,5,2000,50000,2018-11-26,,,,,,
성동구,11200,10700,행당동,147,11200-20,서울숲삼부아파트,,122.01,13,1998,83000,2018-11-02,,,,,,
성동구,11200,11100,금호동3가,917,11200-2689,금호1차푸르지오,,84.92,4,2005,73000,2018-11-17,,,,,,
성동구,11200,10200,하왕십리동,1070,11200-3120,센트라스,,84.96,6,2016,127600,2018-11-10,,,,,,
성동구,11200,11200,금호동4가,800,11200-35,대우,,84.71,15,2001,90000,2018-11-05,,,,,,
성동구,11200,11200,금호동4가,800,11200-35,대우,,59.97,9,2001,67000,2018-11-16,,,,,,
성동구,11200,11500,성수동2가,835,11200-81,롯데캐슬파크,,101.995,25,2003,110000,2018-11-03,,,,,,
성동구,11200,11800,송정동,90,11200-74,건영,,84.945,11,2000,59500,2018-11-08,,,,,,
성동구,11200,11400,성수동1가,685-696,11200-2923,갤러리아포레,,170.98,15,2011,277000,2018-11-14,,,,,,
성동구,11200,11400,성수동1가,685-696,11200-2923,갤러리아포레,,217.44,6,2011,385000,2018-11-13,,,,,,
성동구,11200,11500,성수동2가,279-50,11200-69,성수1차대우아파트,,84.6,7,1999,60000,2018-11-06,,,,,,
성동구,11200,11500,성수동2가,836,11200-87,서울숲금강아미움,,80.89,7,2004,60000,2018-11-16,,,,,,
성동구,11200,10200,하왕십리동,1071,11200-3144,왕십리자이,,59.99,4,2017,63700,2018-11-09,,,,,,
성동구,11200,11200,금호동4가,1507,11200-2789,브라운스톤금호,,84.838,9,2007,98000,2018-11-01,,,,,,
성동구,11200,11300,옥수동,428,11200-38,극동,,142.26,1,1986,112000,2018-11-01,,,,,,
광진구,11215,10500,자양동,227-7,11215-2478,더샵스타시티,,139.54,18,2007,150000,2018-11-12,,,,,,
광진구,11215,10500,자양동,761,11215-65,자양2현대,,84.88,11,1995,90000,2018-11-17,,,,,,
광진구,11215,10500,자양동,227-7,11215-2478,더샵스타시티,,127.95,30,2007,131000,2018-11-17,,,,,,
광진구,11215,10400,광장동,577,11215-21,현대파크빌,,84.81,4,2000,107000,2018-11-05,,,,,,
광진구,11215,10500,자양동,792,11215-81,자양10차현대홈타운,,111.88,6,2002,113000,2018-11-12,,,,,,
광진구,11215,10700,화양동,110-37,11215-98,화양타워,,70.75,10,1999,37900,2018-11-27,,,,,,
광진구,11215,10400,광장동,137,11215-7,다강리버빌,,217.58,3,1994,101500,2018-11-09,,,,,,
광진구,11215,10500,자양동,809,11215-184,자양강변I-Park,,84.95,8,2006,109000,2018-11-09,,,,,,
광진구,11215,10400,광장동,554-7,11215-17,현대5,,84.53,8,1989,110000,2018-11-30,,,,,,
광진구,11215,10400,광장동,218-1,11215-3,극동1,,84.55,11,1985,127500,2018-11-01,,,,,,
광진구,11215,10300,구의동,665,11215-3742,파크타운,,59.6,3,2015,49500,2018-11-30,,,,,,
광진구,11215,10500,자양동,779-8,11215-2467,구의현대홈시티,,84.92,4,2006,74800,2018-11-13,,,,,,
광진구,11215,10400,광장동,576,11215-2,광장현대9단지,,84.96,14,1999,100300,2018-11-14,,,,,,
광진구,11215,10400,광장동,137,11215-7,다강리버빌,,163.65,9,1994,106500,2018-11-05,,,,,,
광진구,11215,10400,광장동,581,11215-2694,광장자이,,158.26,14,2008,159500,2018-11-15,,,,,,
광진구,11215,10900,군자동,99,11215-41,일성파크,,84.96,3,1996,56200,2018-11-03,,,,,,
광진구,11215,10400,광장동,218-1,11215-3,극동1,,126.94,8,1985,147500,2018-11-01,,,,,,
광진구,11215,10400,광장동,484,11215-16,현대3,,59.67,13,1990,72500,2018-11-26,,,,,,
광진구,11215,10300,구의동,631-1,11215-33,현대프라임,,59.82,16,1997,74000,2018-11-09,,,,,,
광진구,11215,10300,구의동,547-7,11215-2776,광진해모로리버뷰,,93.39,5,2009,70000,2018-11-30,,,,,,
광진구,11215,10400,광장동,577,11215-21,현대파크빌,,59.94,20,2000,85000,2018-11-05,,,,,,
광진구,11215,10300,구의동,631-1,11215-33,현대프라임,,59.82,1,1997,66000,2018-11-05,,,,,,
광진구,11215,10500,자양동,855,11215-2484,이튼타워리버3차,,84.96,14,2007,109000,2018-11-07,,,,,,
광진구,11215,10400,광장동,218-1,11215-3,극동1,,126.94,14,1985,144000,2018-11-19,,,,,,
광진구,11215,10300,구의동,631-1,11215-33,현대프라임,,59.82,2,1997,66000,2018-11-03,,,,,,
광진구,11215,10500,자양동,579,11215-55,우성1,,59.91,6,1988,66000,2018-11-10,,,,,,
광진구,11215,10300,구의동,665,11215-3742,파크타운,,59.6,4,2015,51500,2018-11-29,,,,,,
광진구,11215,10400,광장동,148-4,11215-3323,워커힐푸르지오,,65.63,10,1987,79200,2018-11-09,,,,,,
광진구,11215,10500,자양동,670,11215-73,현대3,,84.9,8,1996,72000,2018-11-11,,,,,,
광진구,11215,10500,자양동,227-7,11215-2478,더샵스타시티,,163.53,20,2007,170000,2018-11-12,,,,,,
광진구,11215,10400,광장동,570,11215-144,상록타워아파트,,49.65,5,1997,27950,2018-11-15,,,,,,
광진구,11215,10300,구의동,547,11215-141,강변현대하이엘,,154.15,7,2004,85000,2018-11-19,,,,,,
광진구,11215,10400,광장동,577,11215-21,현대파크빌,,59.76,5,2000,83000,2018-11-05,,,,,,
광진구,11215,10300,구의동,236-25,11215-3793,솔렌시아2,,32.77,10,2015,28700,2018-11-09,,,,,,
광진구,11215,10700,화양동,113-1,11215-3509,광진코지웰,,14.73,3,2014,15500,2018-11-02,,,,,,
동대문구,11230,11000,이문동,311,11230-125,래미안이문2차,,84.61,17,2004,75000,2018-11-10,,,,,,
동대문구,11230,10600,장안동,586,11230-2831,U포그니2차,,55.06,5,2018,35500,2018-11-30,,,,,,
동대문구,11230,10600,장안동,586,11230-2831,U포그니2차,,46.6,7,2018,28200,2018-11-28,,,,,,
동대문구,11230,10500,답십리동,990,11230-22,두산,,84.83,12,2000,59500,2018-11-29,,,,,,
동대문구,11230,10600,장안동,346-1,11230-2825,태솔아파트3차,,57.98,6,2018,35400,2018-11-20,,,,,,
동대문구,11230,10700,청량리동,60,11230-44,한신,,59.97,3,1997,51500,2018-11-26,,,,,,
동대문구,11230,10200,용두동,790,11230-2159,롯데캐슬피렌체,,84.99,5,2009,81500,2018-11-28,,,,,,
동대문구,11230,10400,전농동,688,11230-2222,래미안아름숲,,84.7,7,2012,87000,2018-11-30,,,,,,
동대문구,11230,11000,이문동,327-4,11230-2855,민족통일MJ캠퍼스외대2차,,27.57,10,2018,30000,2018-11-30,,,,,,
동대문구,11230,10400,전농동,155,11230-9,전농동삼성래미안,,59.93,2,2000,50000,2018-11-30,,,,,,
동대문구,11230,11000,이문동,327-4,11230-2855,민족통일MJ캠퍼스외대2차,,20.55,10,2018,20000,2018-11-30,,,,,,
동대문구,11230,11000,이문동,327-4,11230-2855,민족통일MJ캠퍼스외대2차,,21.07,10,2018,20000,2018-11-30,,,,,,
동대문구,11230,11000,이문동,327-4,11230-2855,민족통일MJ캠퍼스외대2차,,21.07,10,2018,20000,2018-11-30,,,,,,
동대문구,11230,11000,이문동,327-4,11230-2855,민족통일MJ캠퍼스외대2차,,21.07,10,2018,20000,2018-11-30,,,,,,
동대문구,11230,11000,이문동,327-4,11230-2855,민족통일MJ캠퍼스외대2차,,21.07,10,2018,25000,2018-11-30,,,,,,
동대문구,11230,10600,장안동,440-3,11230-2210,상록파라브3차,,84.37,8,2010,46000,2018-11-14,,,,,,
동대문구,11230,11000,이문동,327-4,11230-2855,민족통일MJ캠퍼스외대2차,,20.55,6,2018,20000,2018-11-30,,,,,,
동대문구,11230,11000,이문동,327-4,11230-2855,민족통일MJ캠퍼스외대2차,,21.07,6,2018,20000,2018-11-30,,,,,,
동대문구,11230,10600,장안동,556,11230-41,방원예뜨랑,,89.2,2,2002,43200,2018-11-10,,,,,,
동대문구,11230,10600,장안동,374-9,11230-2649,가우디트윈캐슬1,,48.31,10,2016,29700,2018-11-04,,,,,,
동대문구,11230,10500,답십리동,488-18,11230-2370,센시티16,,14.244,6,2013,11250,2018-11-05,,,,,,
동대문구,11230,10500,답십리동,488-18,11230-2370,센시티16,,14.244,10,2013,11250,2018-11-05,,,,,,
동대문구,11230,10600,장안동,466-5,11230-2389,장안푸르미에,,12.6512,9,2013,12000,2018-11-22,,,,,,
동대문구,11230,10800,회기동,65,11230-48,신현대,,60.48,10,1989,51000,2018-11-12,,,,,,
동대문구,11230,10600,장안동,586,11230-2831,U포그니2차,,55.06,7,2018,38000,2018-11-29,,,,,,
동대문구,11230,10400,전농동,155,11230-9,전농동삼성래미안,,114.89,1,2000,60000,2018-11-02,,,,,,
동대문구,11230,11000,이문동,84,11230-76,중앙하이츠빌,,59.4,1,2002,39700,2018-11-22,,,,,,
동대문구,11230,10900,휘경동,57,11230-64,휘경리오포레아파트(2단지),,39.98,9,2001,33000,2018-11-23,,,,,,
동대문구,11230,10600,장안동,586,11230-2831,U포그니2차,,58.26,7,2018,38000,2018-11-01,,,,,,
동대문구,11230,11000,이문동,64,11230-62,쌍용,,59.99,21,2000,49800,2018-11-16,,,,,,
동대문구,11230,10400,전농동,645-2,11230-8,동아,,57.9,17,1997,52500,2018-11-04,,,,,,
동대문구,11230,11000,이문동,225,11230-65,대림e-편한세상,,59.958,12,2003,58100,2018-11-03,,,,,,
동대문구,11230,10200,용두동,792,11230-2198,래미안 허브리츠,,114.96,10,2011,106000,2018-11-01,,,,,,
동대문구,11230,10600,장안동,344-2,11230-2836,다우하임,,51.74,8,2018,33500,2018-11-05,,,,,,
동대문구,11230,10900,휘경동,57,11230-53,휘경리오포레아파트(1단지),,114.73,10,2001,69800,2018-11-01,,,,,,
동대문구,11230,10600,장안동,586,11230-2831,U포그니2차,,58.26,1,2018,36500,2018-11-17,,,,,,
동대문구,11230,10600,장안동,555-1,11230-35,한신아파트,,84.9,11,1996,50500,2018-11-14,,,,,,
동대문구,11230,10500,답십리동,488-18,11230-2370,센시티16,,14.244,6,2013,11500,2018-11-06,,,,,,
동대문구,11230,10600,장안동,586,11230-2831,U포그니2차,,55.06,7,2018,38000,2018-11-09,,,,,,
동대문구,11230,10600,장안동,569,11230-1973,현대홈타운2차,,84.97,3,2005,55000,2018-11-01,,,,,,
동대문구,11230,10900,휘경동,52,11230-58,휘경베스트빌현대,,59.92,12,2000,41800,2018-11-19,,,,,,
동대문구,11230,10700,청량리동,60,11230-44,한신,,84.92,20,1997,60000,2018-11-12,,,,,,
동대문구,11230,10900,휘경동,109,11230-75,롯데낙천대,,82.82,19,2003,55000,2018-11-21,,,,,,
동대문구,11230,10900,휘경동,78,11230-50,롯데,,59.94,18,2000,47000,2018-11-01,,,,,,
동대문구,11230,10600,장안동,336,11230-81,장안현대홈타운(336),,84.87,18,2003,71700,2018-11-08,,,,,,
동대문구,11230,10800,회기동,346-18,11230-2350,베라체캠퍼스,,24.011,4,2013,26500,2018-11-13,,,,,,
동대문구,11230,10900,휘경동,52,11230-58,휘경베스트빌현대,,114.88,17,2000,58000,2018-11-07,,,,,,
동대문구,11230,10500,답십리동,990,11230-22,두산,,59.96,8,2000,54000,2018-11-24,,,,,,
동대문구,11230,11000,이문동,311,11230-125,래미안이문2차,,59.79,2,2004,59000,2018-11-21,,,,,,
동대문구,11230,10500,답십리동,10,11230-21,동아,,84.72,16,2001,60000,2018-11-20,,,,,,
동대문구,11230,10300,제기동,1213,11230-2431,어진재,,16.91,6,2014,18000,2018-11-24,,,,,,
동대문구,11230,10600,장안동,329-2,11230-2078,장안힐스테이트,,59.885,11,2007,60000,2018-11-27,,,,,,
동대문구,11230,10600,장안동,336,11230-81,장안현대홈타운(336),,84.87,3,2003,59900,2018-11-26,,,,,,
동대문구,11230,10600,장안동,329-3,11230-129,래미안장안2차,,81.05,12,2007,72500,2018-11-13,,,,,,
동대문구,11230,10600,장안동,371-1,11230-38,장안삼성쉐르빌,,127.75,12,2002,58500,2018-11-07,,,,,,
동대문구,11230,10600,장안동,555-1,11230-35,한신아파트,,84.83,5,1996,49500,2018-11-16,,,,,,
동대문구,11230,11000,이문동,311,11230-125,래미안이문2차,,84.61,17,2004,78500,2018-11-25,,,,,,
동대문구,11230,10800,회기동,346-18,11230-2350,베라체캠퍼스,,24.319,12,2013,24300,2018-11-24,,,,,,
동대문구,11230,10600,장안동,329-3,11230-129,래미안장안2차,,112.92,5,2007,79000,2018-11-17,,,,,,
동대문구,11230,10600,장안동,381-3,11230-2182,한강훼미리주상복합아파트,,83.43,9,2009,33000,2018-11-27,,,,,,
동대문구,11230,10400,전농동,690,11230-2578,래미안크레시티,,121.98,3,2014,126800,2018-11-08,,,,,,
동대문구,11230,10800,회기동,346-18,11230-2350,베라체캠퍼스,,24.319,8,2013,24500,2018-11-12,,,,,,
동대문구,11230,10500,답십리동,1000,11230-2157,래미안엘파인아파트,,84.94,2,2011,65000,2018-11-17,,,,,,
동대문구,11230,10600,장안동,556,11230-41,방원예뜨랑,,84.4,1,2002,40200,2018-11-20,,,,,,
동대문구,11230,10700,청량리동,60,11230-44,한신,,84.92,4,1997,55000,2018-11-19,,,,,,
동대문구,11230,10600,장안동,346-21,11230-2849,광진아트빌12차,,54.54,2,2018,32550,2018-11-21,,,,,,
동대문구,11230,10600,장안동,346-21,11230-2849,광진아트빌12차,,54.54,2,2018,32550,2018-11-21,,,,,,
동대문구,11230,10600,장안동,346-21,11230-2849,광진아트빌12차,,55.38,3,2018,33050,2018-11-21,,,,,,
동대문구,11230,10600,장안동,346-21,11230-2849,광진아트빌12차,,54.54,3,2018,32750,2018-11-21,,,,,,
동대문구,11230,10600,장안동,346-21,11230-2849,광진아트빌12차,,55.38,4,2018,33050,2018-11-21,,,,,,
동대문구,11230,10600,장안동,346-21,11230-2849,광진아트빌12차,,54.54,4,2018,32750,2018-11-21,,,,,,
동대문구,11230,10600,장안동,346-21,11230-2849,광진아트빌12차,,55.38,5,2018,33050,2018-11-21,,,,,,
동대문구,11230,10600,장안동,346-21,11230-2849,광진아트빌12차,,54.54,5,2018,32750,2018-11-21,,,,,,
동대문구,11230,10600,장안동,346-21,11230-2849,광진아트빌12차,,55.38,6,2018,32600,2018-11-21,,,,,,
동대문구,11230,10600,장안동,346-21,11230-2849,광진아트빌12차,,54.54,6,2018,32250,2018-11-21,,,,,,
동대문구,11230,10600,장안동,346-21,11230-2849,광진아트빌12차,,53.62,2,2018,32200,2018-11-21,,,,,,
동대문구,11230,10600,장안동,346-21,11230-2849,광진아트빌12차,,55.54,2,2018,33150,2018-11-21,,,,,,
동대문구,11230,10600,장안동,346-21,11230-2849,광진아트빌12차,,53.62,3,2018,32350,2018-11-21,,,,,,
동대문구,11230,10600,장안동,346-21,11230-2849,광진아트빌12차,,56.38,3,2018,33850,2018-11-21,,,,,,
동대문구,11230,10600,장안동,346-21,11230-2849,광진아트빌12차,,53.62,4,2018,32350,2018-11-21,,,,,,
동대문구,11230,10600,장안동,346-21,11230-2849,광진아트빌12차,,56.38,4,2018,33850,2018-11-21,,,,,,
동대문구,11230,10600,장안동,346-21,11230-2849,광진아트빌12차,,53.62,5,2018,32350,2018-11-21,,,,,,
동대문구,11230,10600,장안동,346-21,11230-2849,광진아트빌12차,,56.38,5,2018,33850,2018-11-21,,,,,,
동대문구,11230,10600,장안동,346-21,11230-2849,광진아트빌12차,,53.62,6,2018,31900,2018-11-21,,,,,,
동대문구,11230,10600,장안동,346-21,11230-2849,광진아트빌12차,,56.38,6,2018,33350,2018-11-21,,,,,,
동대문구,11230,10600,장안동,346-21,11230-2849,광진아트빌12차,,54.99,2,2018,32700,2018-11-21,,,,,,
동대문구,11230,10600,장안동,346-21,11230-2849,광진아트빌12차,,54.09,2,2018,32350,2018-11-21,,,,,,
동대문구,11230,10600,장안동,346-21,11230-2849,광진아트빌12차,,55.83,3,2018,33350,2018-11-21,,,,,,
동대문구,11230,10600,장안동,346-21,11230-2849,광진아트빌12차,,54.09,3,2018,32500,2018-11-21,,,,,,
동대문구,11230,10600,장안동,346-21,11230-2849,광진아트빌12차,,55.83,4,2018,33350,2018-11-21,,,,,,
동대문구,11230,10600,장안동,346-21,11230-2849,광진아트빌12차,,54.09,4,2018,32500,2018-11-21,,,,,,
동대문구,11230,10600,장안동,346-21,11230-2849,광진아트빌12차,,55.83,5,2018,33350,2018-11-21,,,,,,
동대문구,11230,10600,장안동,346-21,11230-2849,광진아트빌12차,,54.09,5,2018,32500,2018-11-21,,,,,,
동대문구,11230,10600,장안동,346-21,11230-2849,광진아트빌12차,,55.83,6,2018,32900,2018-11-21,,,,,,
동대문구,11230,10600,장안동,346-21,11230-2849,광진아트빌12차,,54.09,6,2018,32000,2018-11-21,,,,,,
동대문구,11230,10600,장안동,346-21,11230-2849,광진아트빌12차,,54.46,2,2018,32700,2018-11-21,,,,,,
동대문구,11230,10600,장안동,346-21,11230-2849,광진아트빌12차,,54.46,2,2018,32700,2018-11-21,,,,,,
동대문구,11230,10600,장안동,346-21,11230-2849,광진아트빌12차,,55.3,3,2018,33200,2018-11-21,,,,,,
동대문구,11230,10600,장안동,346-21,11230-2849,광진아트빌12차,,54.46,3,2018,32900,2018-11-21,,,,,,
동대문구,11230,10600,장안동,346-21,11230-2849,광진아트빌12차,,55.3,4,2018,33200,2018-11-21,,,,,,
동대문구,11230,10600,장안동,346-21,11230-2849,광진아트빌12차,,54.46,4,2018,32900,2018-11-21,,,,,,
동대문구,11230,10600,장안동,346-21,11230-2849,광진아트빌12차,,55.3,5,2018,33200,2018-11-21,,,,,,
동대문구,11230,10600,장안동,346-21,11230-2849,광진아트빌12차,,54.46,5,2018,32900,2018-11-21,,,,,,
동대문구,11230,10600,장안동,346-21,11230-2849,광진아트빌12차,,55.3,6,2018,32750,2018-11-21,,,,,,
동대문구,11230,10600,장안동,346-21,11230-2849,광진아트빌12차,,54.46,6,2018,32400,2018-11-21,,,,,,
동대문구,11230,10600,장안동,354-2,11230-70,래미안장안,,84.774,3,2003,64000,2018-11-14,,,,,,
동대문구,11230,10500,답십리동,488-18,11230-2370,센시티16,,14.244,15,2013,11500,2018-11-15,,,,,,
동대문구,11230,10200,용두동,104-3,11230-2647,동대문푸르지오시티(도시형생활주택),,30.11,24,2016,30500,2018-11-21,,,,,,
동대문구,11230,10500,답십리동,498-7,11230-2311,청계지웰에스테이트,,18.585,15,2012,15200,2018-11-17,,,,,,
동대문구,11230,10200,용두동,112-8,11230-2413,한양아이클래스,,14.19,7,2014,12600,2018-11-17,,,,,,
동대문구,11230,10600,장안동,354-2,11230-70,래미안장안,,84.774,6,2003,65000,2018-11-11,,,,,,
동대문구,11230,10600,장안동,329-3,11230-129,래미안장안2차,,64.85,10,2007,60000,2018-11-12,,,,,,
동대문구,11230,10600,장안동,415-14,11230-2650,가우디캐슬,,28.66,8,2016,21950,2018-11-01,,,,,,
동대문구,11230,10600,장안동,562,11230-1977,우성3차(562),,84.26,6,2005,50000,2018-11-09,,,,,,
동대문구,11230,10200,용두동,104-3,11230-2647,동대문푸르지오시티(도시형생활주택),,36.99,2,2016,35800,2018-11-03,,,,,,
동대문구,11230,10900,휘경동,57,11230-64,휘경리오포레아파트(2단지),,39.97,18,2001,24000,2018-11-02,,,,,,
동대문구,11230,11000,이문동,425,11230-60,이문삼성래미안아파트,,84.954,10,2001,58000,2018-11-01,,,,,,
동대문구,11230,10400,전농동,6,11230-12,전농우성,,59.78,7,1992,44000,2018-11-06,,,,,,
동대문구,11230,10700,청량리동,60,11230-44,한신,,59.97,3,1997,50500,2018-11-07,,,,,,
동대문구,11230,10600,장안동,567,11230-1982,신일해피트리2차(567),,79.51,4,2005,46000,2018-11-06,,,,,,
동대문구,11230,10600,장안동,373-3,11230-2556,현대썬앤빌601,,18.35,8,2015,12400,2018-11-02,,,,,,
동대문구,11230,10600,장안동,354-2,11230-70,래미안장안,,59.86,17,2003,58700,2018-11-03,,,,,,
동대문구,11230,10700,청량리동,234-2,11230-45,현대,,66.91,6,1987,55000,2018-11-01,,,,,,
중랑구,11260,10200,상봉동,500,11260-2804,프레미어스엠코,,111.56,10,2013,81500,2018-11-13,,,,,,
중랑구,11260,10100,면목동,1519,11260-15,신성,,103.11,13,1998,47000,2018-11-24,,,,,,
중랑구,11260,10500,망우동,583,11260-2564,중랑숲리가,,84.918,1,2012,41450,2018-11-23,,,,,,
중랑구,11260,10600,신내동,795,11260-89,새한,,84.4,15,1998,43000,2018-11-30,,,,,,
중랑구,11260,10100,면목동,1519,11260-15,신성,,84.98,13,1998,42400,2018-11-24,,,,,,
중랑구,11260,10100,면목동,472-8,11260-2030,아람플러스,,84.975,8,2009,41500,2018-11-14,,,,,,
중랑구,11260,10600,신내동,783,11260-91,성원,,84.32,15,1994,45000,2018-11-20,,,,,,
중랑구,11260,10400,묵동,170-1,11260-2392,묵동자이(2단지),,101.91,14,2010,64900,2018-11-14,,,,,,
중랑구,11260,10400,묵동,13,11260-52,신내,,49.77,5,1996,33700,2018-11-28,,,,,,
중랑구,11260,10500,망우동,578,11260-2055,한진해모로,,84.93,9,2007,45000,2018-11-13,,,,,,
중랑구,11260,10400,묵동,13,11260-52,신내,,59.76,5,1996,40900,2018-11-24,,,,,,
중랑구,11260,10400,묵동,385,11260-65,현대아이파크,,134.9966,10,2002,70000,2018-11-28,,,,,,
중랑구,11260,10200,상봉동,500,11260-2804,프레미어스엠코,,107.12,24,2013,80700,2018-11-15,,,,,,
중랑구,11260,10100,면목동,1500,11260-5,두산1,,84.87,14,1993,48000,2018-11-15,,,,,,
중랑구,11260,10200,상봉동,1,11260-32,건영1,,84.96,16,1997,50000,2018-11-10,,,,,,
중랑구,11260,10400,묵동,245-64,11260-61,우성,,47.11,4,1975,18450,2018-11-26,,,,,,
중랑구,11260,10100,면목동,1517,11260-22,진로,,59.76,3,2001,23800,2018-11-23,,,,,,
중랑구,11260,10300,중화동,208-4,11260-2626,범양프레체,,17.94,13,2012,11000,2018-11-01,,,,,,
중랑구,11260,10500,망우동,576,11260-66,가야써니빌,,68.05,4,2002,35600,2018-11-15,,,,,,
중랑구,11260,10100,면목동,1529,11260-2042,경남아너스빌,,84.961,14,2006,60000,2018-11-24,,,,,,
중랑구,11260,10400,묵동,387,11260-108,브라운스톤태릉,,84.7094,17,2004,55900,2018-11-17,,,,,,
중랑구,11260,10400,묵동,20,11260-54,신내두산아파트,,126.28,10,1995,70500,2018-11-20,,,,,,
중랑구,11260,10300,중화동,452,11260-44,동구햇살아파트101동,,75.61,2,2001,40200,2018-11-27,,,,,,
중랑구,11260,10500,망우동,236-7,11260-69,대보,,44.01,3,1988,17500,2018-11-16,,,,,,
중랑구,11260,10600,신내동,397,11260-83,동성1,,59.4,11,1993,36200,2018-11-06,,,,,,
중랑구,11260,10500,망우동,495,11260-2137,한일써너스빌리젠시2단지,,84.6,18,2008,56500,2018-11-09,,,,,,
중랑구,11260,10300,중화동,42,11260-42,중화동건영아파트,,59.94,1,1998,25000,2018-11-16,,,,,,
중랑구,11260,10500,망우동,577,11260-115,예성그린캐슬,,58.9,14,2004,32300,2018-11-16,,,,,,
중랑구,11260,10600,신내동,795,11260-89,새한,,84.4,21,1998,45000,2018-11-10,,,,,,
중랑구,11260,10300,중화동,450,11260-46,한신아파트상가동유치원동(103~109),,50.37,10,1997,37500,2018-11-08,,,,,,
중랑구,11260,10200,상봉동,115-61,11260-3199,주함해븐타워,,15.73,10,2015,14000,2018-11-23,,,,,,
중랑구,11260,10600,신내동,661,11260-99,신내11대명,,39.76,12,1996,26500,2018-11-19,,,,,,
중랑구,11260,10600,신내동,783,11260-91,성원,,84.4,7,1994,44100,2018-11-09,,,,,,
중랑구,11260,10200,상봉동,1,11260-32,건영1,,84.96,5,1997,48500,2018-11-24,,,,,,
중랑구,11260,10100,면목동,1513,11260-12,면목삼호101,,83.08,9,2000,49300,2018-11-10,,,,,,
중랑구,11260,10600,신내동,657,11260-98,신내9진흥,,39.84,7,1996,24500,2018-11-10,,,,,,
중랑구,11260,10600,신내동,786,11260-84,동성타워프라자,,59.01,15,1996,31000,2018-11-02,,,,,,
중랑구,11260,10600,신내동,650,11260-92,신내6대주,,39.84,6,1996,29650,2018-11-08,,,,,,
중랑구,11260,10100,면목동,1519,11260-15,신성,,59.91,12,1998,36400,2018-11-14,,,,,,
중랑구,11260,10600,신내동,317,11260-2336,데시앙,,84.82,8,2010,61500,2018-11-03,,,,,,
중랑구,11260,10100,면목동,472-8,11260-2030,아람플러스,,84.955,7,2009,42200,2018-11-09,,,,,,
중랑구,11260,10600,신내동,654,11260-95,진로아파트,,101.86,1,1995,58000,2018-11-02,,,,,,
중랑구,11260,10100,면목동,1502,11260-25,현대,,84.81,7,1994,45000,2018-11-15,,,,,,
중랑구,11260,10600,신내동,650,11260-92,신내6대주,,49.77,11,1996,38300,2018-11-13,,,,,,
중랑구,11260,10400,묵동,164-4,11260-2393,묵동자이(1단지),,112.23,21,2010,65000,2018-11-24,,,,,,
중랑구,11260,10500,망우동,579,11260-1967,한울네세창,,84.4,10,2005,30500,2018-11-12,,,,,,
중랑구,11260,10300,중화동,274-76,11260-122,한영(103),,69.52,3,2003,29500,2018-11-01,,,,,,
중랑구,11260,10400,묵동,13,11260-52,신내,,39.84,4,1996,16650,2018-11-19,,,,,,
중랑구,11260,10300,중화동,208-33,11260-2353,동양엔파트,,84.06,10,2010,50000,2018-11-16,,,,,,
중랑구,11260,10100,면목동,715,11260-30,늘푸른동아,,47.81,6,2002,34000,2018-11-15,,,,,,
중랑구,11260,10100,면목동,1526,11260-1993,남청파인힐(101동),,81.93,1,2006,35000,2018-11-06,,,,,,
중랑구,11260,10600,신내동,449-1,11260-79,경원,,59.4,4,1989,23300,2018-11-21,,,,,,
중랑구,11260,10600,신내동,803,11260-236,대성유니트,,76.94,8,2005,47000,2018-11-09,,,,,,
중랑구,11260,10100,면목동,1514,11260-23,풍림,,59.4,9,1997,32700,2018-11-05,,,,,,
중랑구,11260,10100,면목동,1522-1,11260-3753,두산5,,134.7,17,2000,70000,2018-11-27,,,,,,
중랑구,11260,10400,묵동,13,11260-52,신내,,49.77,9,1996,36450,2018-11-06,,,,,,
중랑구,11260,10500,망우동,479,11260-2136,한일써너스빌리젠시1단지(101동),,84.66,25,2008,58900,2018-11-20,,,,,,
중랑구,11260,10500,망우동,579,11260-1967,한울네세창,,84.81,2,2005,32000,2018-11-26,,,,,,
중랑구,11260,10100,면목동,193-1,11260-24,면목한신,,27,10,1987,18000,2018-11-21,,,,,,
중랑구,11260,10500,망우동,506-8,11260-2668,EGSoulLeader,,13.42,7,2012,10000,2018-11-07,,,,,,
중랑구,11260,10200,상봉동,499,11260-2002,건영캐스빌,,84.6475,14,2006,52600,2018-11-07,,,,,,
중랑구,11260,10400,묵동,381,11260-57,신안1,,104.79,15,1999,35000,2018-11-20,,,,,,
중랑구,11260,10300,중화동,274-76,11260-122,한영(103),,69.09,5,2003,30000,2018-11-12,,,,,,
중랑구,11260,10600,신내동,654,11260-95,진로아파트,,101.86,7,1995,56500,2018-11-05,,,,,,
중랑구,11260,10400,묵동,13,11260-52,신내,,39.84,10,1996,28500,2018-11-15,,,,,,
중랑구,11260,10100,면목동,538,11260-2791,신영,,14.43,7,2013,8500,2018-11-13,,,,,,
중랑구,11260,10100,면목동,1505,11260-164,리치카운티,,59.923,9,2004,40500,2018-11-08,,,,,,
중랑구,11260,10600,신내동,657,11260-98,신내9진흥,,33.18,9,1996,23400,2018-11-01,,,,,,
중랑구,11260,10100,면목동,193-1,11260-24,면목한신,,35.3,3,1987,21000,2018-11-06,,,,,,
중랑구,11260,10500,망우동,583,11260-2564,중랑숲리가,,110.944,10,2012,59700,2018-11-02,,,,,,
성북구,11290,13500,종암동,131,11290-3379,아이파크종암동2차,,84.73,18,2005,65000,2018-11-30,,,,,,
성북구,11290,13600,하월곡동,88-957,11290-3559,성북힐스테이트(102동),,114.68,8,2007,60000,2018-11-29,,,,,,
성북구,11290,13600,하월곡동,88-64,11290-3558,성북힐스테이트(101동),,101.97,17,2007,66000,2018-11-20,,,,,,
성북구,11290,13300,정릉동,1019,11290-43,정릉성원상떼빌,,114.96,9,2000,44000,2018-11-21,,,,,,
성북구,11290,13300,정릉동,1028,11290-3510,정릉e-편한세상,,114.56,14,2006,62000,2018-11-17,,,,,,
성북구,11290,13700,상월곡동,101,11290-71,동아에코빌,,114.66,4,2003,64500,2018-11-14,,,,,,
성북구,11290,11400,삼선동4가,73,11290-31,코오롱,,59.94,16,1999,53800,2018-11-17,,,,,,
성북구,11290,13300,정릉동,1034,11290-3696,라온유,,84.65,23,2008,60000,2018-11-15,,,,,,
성북구,11290,13300,정릉동,1016,11290-47,우방,,59.94,9,1999,29800,2018-11-23,,,,,,
성북구,11290,13600,하월곡동,222,11290-88,월곡두산위브,,84.843,5,2003,61700,2018-11-30,,,,,,
성북구,11290,13300,정릉동,210,11290-54,정릉푸른마을동아,,84.96,4,2003,48500,2018-11-10,,,,,,
성북구,11290,13600,하월곡동,228,11290-3794,꿈의숲푸르지오,,59.65,8,2010,54000,2018-11-13,,,,,,
성북구,11290,13300,정릉동,1020,11290-48,정릉우성아파트 101~105동,,84.99,19,2000,40000,2018-11-29,,,,,,
성북구,11290,13600,하월곡동,228,11290-3794,꿈의숲푸르지오,,59.65,7,2010,54500,2018-11-23,,,,,,
성북구,11290,13500,종암동,80,11290-84,래미안크리시엘,,84.95,8,2004,63500,2018-11-26,,,,,,
성북구,11290,13600,하월곡동,222,11290-88,월곡두산위브,,84.843,10,2003,60000,2018-11-27,,,,,,
성북구,11290,13300,정릉동,1015,11290-37,길음뉴타운경남아너스빌,,59.59,16,1999,43400,2018-11-10,,,,,,
성북구,11290,13300,정릉동,1020,11290-48,정릉우성아파트 101~105동,,84.96,8,2000,47700,2018-11-01,,,,,,
성북구,11290,11000,동소문동7가,120,11290-3830,브라운스톤동선,,59.95,4,2010,62500,2018-11-13,,,,,,
성북구,11290,13300,정릉동,1031,11290-3622,정릉힐스테이트3차,,59.98,1,2008,50870,2018-11-27,,,,,,
성북구,11290,13300,정릉동,266-32,11290-39,대창쉐르빌,,61.94,5,2000,21000,2018-11-13,,,,,,
성북구,11290,10300,돈암동,630,11290-15,동소문현대,,74.97,5,1994,33000,2018-11-19,,,,,,
성북구,11290,13800,장위동,68-1014,11290-114,코코아파트,,84.95,6,1994,52000,2018-11-03,,,,,,
성북구,11290,13500,종암동,125-1,11290-61,고려,,53.57,3,1983,14850,2018-11-28,,,,,,
성북구,11290,13400,길음동,1279,11290-60,길음뉴타운1단지(래미안길음1차),,114.98,10,2003,83500,2018-11-20,,,,,,
성북구,11290,13300,정릉동,239,11290-82,정릉풍림아이원,,60,3,2005,42000,2018-11-12,,,,,,
성북구,11290,13300,정릉동,239,11290-82,정릉풍림아이원,,59.88,9,2005,40000,2018-11-19,,,,,,
성북구,11290,10800,동소문동5가,120,11290-3476,돈암동일하이빌,,125.043,25,2006,85250,2018-11-10,,,,,,
성북구,11290,13600,하월곡동,227,11290-3555,월곡갑을명가,,66.48,3,2007,47000,2018-11-19,,,,,,
성북구,11290,13600,하월곡동,226,11290-3572,월곡래미안루나밸리,,84.88,18,2007,73000,2018-11-13,,,,,,
성북구,11290,13900,석관동,110-2,11290-76,중앙하이츠,,59.79,8,1994,42500,2018-11-13,,,,,,
성북구,11290,12300,안암동3가,136-1,11290-32,대광,,42.61,3,1971,15000,2018-11-24,,,,,,
성북구,11290,13300,정릉동,1017,11290-46,쌍용2,,59.9,4,1999,38000,2018-11-21,,,,,,
성북구,11290,13300,정릉동,239,11290-82,정릉풍림아이원,,60,8,2005,40400,2018-11-13,,,,,,
성북구,11290,13200,보문동3가,230,11290-4074,이편한세상보문,,84.411,6,2013,65000,2018-11-12,,,,,,
성북구,11290,13300,정릉동,494,11290-111,중앙하이츠빌1단지,,84.98,14,2004,55000,2018-11-22,,,,,,
성북구,11290,11300,삼선동3가,116,11290-3905,삼선에스케이뷰,,59.96,8,2012,76500,2018-11-06,,,,,,
성북구,11290,11300,삼선동3가,116,11290-3905,삼선에스케이뷰,,59.94,11,2012,75000,2018-11-03,,,,,,
성북구,11290,13500,종암동,125-1,11290-61,고려,,66.44,4,1983,16050,2018-11-11,,,,,,
성북구,11290,13400,길음동,1283,11290-3512,길음뉴타운6단지(래미안),,84.049,10,2007,85000,2018-11-28,,,,,,
성북구,11290,13300,정릉동,1030,11290-3534,정릉힐스테이트1차,,84.88,8,2007,55400,2018-11-29,,,,,,
성북구,11290,13400,길음동,1280-1,11290-211,길음뉴타운3단지푸르지오,,84.97,2,2005,58500,2018-11-09,,,,,,
성북구,11290,13300,정릉동,1037,11290-4257,정릉꿈에그린,,84.56,3,2015,60000,2018-11-29,,,,,,
성북구,11290,10300,돈암동,15-1,11290-17,돈암동삼성,,114.66,18,1999,75000,2018-11-10,,,,,,
성북구,11290,13500,종암동,80,11290-84,래미안크리시엘,,84.95,7,2004,58500,2018-11-23,,,,,,
성북구,11290,10300,돈암동,609-1,11290-20,한진(609-1),,59.58,2,1998,39200,2018-11-30,,,,,,
성북구,11290,13700,상월곡동,101,11290-71,동아에코빌,,84.97,9,2003,55500,2018-11-21,,,,,,
성북구,11290,13500,종암동,130,11290-113,아이파크종암동1차,,114.99,9,2004,74000,2018-11-17,,,,,,
성북구,11290,13300,정릉동,1015,11290-37,길음뉴타운경남아너스빌,,84.87,1,1999,42500,2018-11-05,,,,,,
성북구,11290,13300,정릉동,1018,11290-53,길음뉴타운데시앙,,59.42,6,1999,31600,2018-11-28,,,,,,
성북구,11290,13300,정릉동,1020,11290-48,정릉우성아파트 101~105동,,84.96,16,2000,47200,2018-11-02,,,,,,
성북구,11290,13300,정릉동,1015,11290-37,길음뉴타운경남아너스빌,,84.87,13,1999,45000,2018-11-06,,,,,,
성북구,11290,13400,길음동,1285,11290-3815,길음뉴타운7단지(두산위브),,84.96,12,2010,83000,2018-11-30,,,,,,
성북구,11290,13300,정릉동,435,11290-110,중앙하이츠빌2단지,,59.8188,10,2005,44200,2018-11-28,,,,,,
성북구,11290,10300,돈암동,609-1,11290-19,한신,,113.67,19,1998,68750,2018-11-05,,,,,,
성북구,11290,13500,종암동,80,11290-84,래미안크리시엘,,59.99,10,2004,54500,2018-11-03,,,,,,
성북구,11290,13500,종암동,130,11290-113,아이파크종암동1차,,84.98,8,2004,69700,2018-11-03,,,,,,
성북구,11290,10300,돈암동,609-1,11290-19,한신,,68.13,8,1998,49500,2018-11-22,,,,,,
성북구,11290,10300,돈암동,609-1,11290-19,한신,,68.13,5,1998,52000,2018-11-13,,,,,,
성북구,11290,13300,정릉동,435,11290-110,중앙하이츠빌2단지,,73.28,1,2005,42000,2018-11-03,,,,,,
성북구,11290,13600,하월곡동,219,11290-67,동신,,59.88,8,1998,45000,2018-11-07,,,,,,
성북구,11290,13300,정릉동,1019,11290-43,정릉성원상떼빌,,59.94,5,2000,31800,2018-11-16,,,,,,
성북구,11290,13300,정릉동,1022,11290-83,대동아파트,,62.56,19,2003,30000,2018-11-30,,,,,,
성북구,11290,12100,안암동1가,361,11290-207,안암동삼성래미안,,59.6983,10,2005,56500,2018-11-01,,,,,,
성북구,11290,13400,길음동,1280,11290-210,길음뉴타운2단지푸르지오,,84.97,4,2005,66000,2018-11-05,,,,,,
성북구,11290,13200,보문동3가,230,11290-4074,이편한세상보문,,84.904,13,2013,73000,2018-11-02,,,,,,
성북구,11290,13300,정릉동,239,11290-82,정릉풍림아이원,,84.09,15,2005,44000,2018-11-29,,,,,,
성북구,11290,13300,정릉동,809,11290-50,정릉중앙하이츠아파트,,57.84,3,1999,23000,2018-11-05,,,,,,
성북구,11290,12300,안암동3가,136-1,11290-32,대광,,51.57,2,1971,19000,2018-11-19,,,,,,
성북구,11290,13300,정릉동,1018,11290-53,길음뉴타운데시앙,,59.42,6,1999,37000,2018-11-01,,,,,,
성북구,11290,13300,정릉동,1014,11290-45,정릉스카이쌍용아파트,,59.9,2,1999,33000,2018-11-19,,,,,,
성북구,11290,13600,하월곡동,227,11290-3555,월곡갑을명가,,84.7,7,2007,42500,2018-11-26,,,,,,
성북구,11290,13400,길음동,1279,11290-60,길음뉴타운1단지(래미안길음1차),,59.99,12,2003,64500,2018-11-07,,,,,,
성북구,11290,13200,보문동3가,230,11290-4074,이편한세상보문,,84.411,4,2013,72500,2018-11-11,,,,,,
성북구,11290,13300,정릉동,1028,11290-3510,정릉e-편한세상,,85,2,2006,52000,2018-11-25,,,,,,
성북구,11290,13300,정릉동,406,11290-3372,정릉푸르지오,,59.98,17,2005,46000,2018-11-17,,,,,,
성북구,11290,11200,삼선동2가,425,11290-3576,삼선푸르지오,,84.83,1,2008,64500,2018-11-03,,,,,,
성북구,11290,13300,정릉동,239,11290-82,정릉풍림아이원,,114.75,14,2005,59500,2018-11-01,,,,,,
성북구,11290,13300,정릉동,1018,11290-53,길음뉴타운데시앙,,59.42,2,1999,36500,2018-11-08,,,,,,
성북구,11290,13300,정릉동,1033,11290-3695,우정에쉐르,,84.92,2,2009,45200,2018-11-22,,,,,,
성북구,11290,10300,돈암동,524,11290-204,일신건영휴먼빌아파트,,117.16,19,2005,72000,2018-11-07,,,,,,
성북구,11290,13600,하월곡동,222,11290-88,월곡두산위브,,84.766,7,2003,58500,2018-11-10,,,,,,
성북구,11290,10300,돈암동,609-1,11290-20,한진(609-1),,59.58,14,1998,42800,2018-11-05,,,,,,
성북구,11290,13500,종암동,125-1,11290-61,고려,,66.44,1,1983,18000,2018-11-04,,,,,,
성북구,11290,13500,종암동,131,11290-3379,아이파크종암동2차,,114.698,2,2005,68000,2018-11-14,,,,,,
성북구,11290,13600,하월곡동,227,11290-3555,월곡갑을명가,,73.1,13,2007,43000,2018-11-19,,,,,,
성북구,11290,12300,안암동3가,136-1,11290-32,대광,,56.96,4,1971,17000,2018-11-06,,,,,,
성북구,11290,10300,돈암동,636,11290-116,이수브라운스톤돈암,,59.99,14,2004,56000,2018-11-03,,,,,,
성북구,11290,13500,종암동,104-1,11290-65,종암에스케이,,59.04,20,1999,45900,2018-11-01,,,,,,
성북구,11290,11200,삼선동2가,425,11290-3576,삼선푸르지오,,84.83,8,2008,66000,2018-11-08,,,,,,
성북구,11290,13300,정릉동,1021,11290-38,대우,,59.98,5,2001,36000,2018-11-11,,,,,,
성북구,11290,13300,정릉동,809,11290-50,정릉중앙하이츠아파트,,59.26,7,1999,27000,2018-11-13,,,,,,
성북구,11290,12300,안암동3가,135,11290-33,삼익,,98.92,6,1983,49500,2018-11-03,,,,,,
성북구,11290,13300,정릉동,210,11290-54,정릉푸른마을동아,,59.4,11,2003,28600,2018-11-09,,,,,,
성북구,11290,13500,종암동,134,11290-3824,래미안라센트,,84.99,1,2011,67250,2018-11-06,,,,,,
성북구,11290,13500,종암동,125-1,11290-61,고려,,53.57,5,1983,13000,2018-11-05,,,,,,
강북구,11305,10300,수유동,205,11305-33,수유벽산1차,,63.78,13,1993,37700,2018-11-29,,,,,,
강북구,11305,10200,번동,234,11305-25,주공4단지,,76.51,4,1991,41200,2018-11-30,,,,,,
강북구,11305,10200,번동,410,11305-4064,수유역두산위브1,,84.9909,12,2009,55000,2018-11-17,,,,,,
강북구,11305,10200,번동,234,11305-25,주공4단지,,44.89,13,1991,28800,2018-11-17,,,,,,
강북구,11305,10200,번동,242,11305-24,주공1단지,,79.07,12,1991,49500,2018-11-21,,,,,,
강북구,11305,10100,미아동,190-2,11305-9,현대(190-2),,84.91,7,1992,48100,2018-11-21,,,,,,
강북구,11305,10200,번동,242,11305-24,주공1단지,,49.94,14,1991,37500,2018-11-23,,,,,,
강북구,11305,10300,수유동,205,11305-33,수유벽산1차,,122.58,13,1993,53800,2018-11-24,,,,,,
강북구,11305,10100,미아동,1354,11305-13,벽산라이브파크,,59.67,2,2004,38000,2018-11-07,,,,,,
강북구,11305,10200,번동,242,11305-24,주공1단지,,41.3,2,1991,25000,2018-11-24,,,,,,
강북구,11305,10100,미아동,811,11305-4255,두산위브트레지움,,59.82,6,2011,62000,2018-11-21,,,,,,
강북구,11305,10100,미아동,1357,11305-46,삼각산아이원,,84.705,5,2003,53200,2018-11-14,,,,,,
강북구,11305,10300,수유동,205,11305-33,수유벽산1차,,63.78,11,1993,37500,2018-11-03,,,,,,
강북구,11305,10100,미아동,160-3,11305-4711,푸르지오시티,,18.6479,8,2014,15000,2018-11-13,,,,,,
강북구,11305,10100,미아동,1353,11305-6,에스케이북한산시티,,59.98,7,2004,37500,2018-11-07,,,,,,
강북구,11305,10200,번동,242,11305-24,주공1단지,,84.41,5,1991,48800,2018-11-13,,,,,,
강북구,11305,10100,미아동,1354,11305-13,벽산라이브파크,,84.89,12,2004,50500,2018-11-10,,,,,,
강북구,11305,10300,수유동,205,11305-33,수유벽산1차,,84.95,4,1993,49700,2018-11-02,,,,,,
강북구,11305,10100,미아동,1353,11305-6,에스케이북한산시티,,59.98,2,2004,45900,2018-11-05,,,,,,
강북구,11305,10100,미아동,1353,11305-6,에스케이북한산시티,,114.85,16,2004,61500,2018-11-02,,,,,,
강북구,11305,10100,미아동,1353,11305-6,에스케이북한산시티,,84.86,15,2004,54000,2018-11-13,,,,,,
강북구,11305,10100,미아동,1353,11305-6,에스케이북한산시티,,59.98,4,2004,45800,2018-11-17,,,,,,
강북구,11305,10100,미아동,474,11305-3667,미아동부센트레빌,,59.96,10,2006,64500,2018-11-23,,,,,,
강북구,11305,10100,미아동,1353,11305-6,에스케이북한산시티,,114.85,11,2004,59900,2018-11-24,,,,,,
강북구,11305,10100,미아동,812,11305-4129,삼성래미안트리베라2단지,,59.33,4,2010,52800,2018-11-22,,,,,,
강북구,11305,10400,우이동,1,11305-44,성원상떼빌,,84.98,11,1990,36000,2018-11-25,,,,,,
강북구,11305,10300,수유동,553-61,11305-31,극동,,134.45,1,1992,40200,2018-11-05,,,,,,
강북구,11305,10200,번동,470-1,11305-19,삼성,,59.77,13,1998,35600,2018-11-12,,,,,,
강북구,11305,10100,미아동,1353,11305-6,에스케이북한산시티,,84.86,22,2004,49700,2018-11-20,,,,,,
강북구,11305,10100,미아동,1354,11305-13,벽산라이브파크,,84.89,25,2004,49000,2018-11-24,,,,,,
강북구,11305,10100,미아동,1354,11305-13,벽산라이브파크,,84.89,18,2004,49000,2018-11-23,,,,,,
강북구,11305,10100,미아동,1353,11305-6,에스케이북한산시티,,59.98,15,2004,48500,2018-11-07,,,,,,
강북구,11305,10200,번동,136,11305-21,번동솔그린,,59.82,18,1999,32400,2018-11-05,,,,,,
강북구,11305,10100,미아동,160-3,11305-4711,푸르지오시티,,18.6479,10,2014,15000,2018-11-30,,,,,,
강북구,11305,10200,번동,139,11305-28,해모로아파트,,127.25,9,2003,51900,2018-11-09,,,,,,
강북구,11305,10200,번동,139,11305-28,해모로아파트,,127.25,2,2003,55000,2018-11-29,,,,,,
강북구,11305,10100,미아동,160-3,11305-4711,푸르지오시티,,18.6479,4,2014,14700,2018-11-23,,,,,,
강북구,11305,10100,미아동,160-3,11305-4711,푸르지오시티,,18.6479,5,2014,15000,2018-11-19,,,,,,
강북구,11305,10200,번동,138,11305-157,한솔솔파크,,84.88,4,2005,45200,2018-11-10,,,,,,
강북구,11305,10300,수유동,729,11305-38,수유현대,,59.67,15,2000,32500,2018-11-01,,,,,,
강북구,11305,10200,번동,242,11305-24,주공1단지,,41.3,15,1991,21000,2018-11-05,,,,,,
강북구,11305,10200,번동,234,11305-25,주공4단지,,76.51,14,1991,40800,2018-11-15,,,,,,
강북구,11305,10300,수유동,648,11305-34,수유벽산2차,,57.46,14,1994,31900,2018-11-14,,,,,,
강북구,11305,10100,미아동,1357,11305-46,삼각산아이원,,84.705,10,2003,49000,2018-11-02,,,,,,
강북구,11305,10300,수유동,205,11305-33,수유벽산1차,,63.78,1,1993,33800,2018-11-05,,,,,,
강북구,11305,10100,미아동,311-10,11305-12,월드빌라(311-10),,42.18,1,2002,15000,2018-11-02,,,,,,
도봉구,11320,10500,쌍문동,56,11320-11,삼익세라믹,,42.93,12,1988,25000,2018-11-20,,,,,,
도봉구,11320,10500,쌍문동,73,11320-1,경남,,44.5,2,1988,17500,2018-11-23,,,,,,
도봉구,11320,10700,창동,621-69,11320-73,창동한신휴플러스(621-69),,118.03,17,2002,62000,2018-11-19,,,,,,
도봉구,11320,10700,창동,808,11320-57,동아청솔,,59.76,3,1997,49400,2018-11-26,,,,,,
도봉구,11320,10500,쌍문동,724,11320-10,백조,,56.73,4,1981,22300,2018-11-22,,,,,,
도봉구,11320,10600,방학동,701-15,11320-34,거성학마을아파트,,84.93,11,1994,41000,2018-11-30,,,,,,
도봉구,11320,10800,도봉동,87,11320-80,삼환도봉,,73.89,11,1987,38500,2018-11-20,,,,,,
도봉구,11320,10700,창동,825,11320-149,북한산아이파크5차,,134.9091,19,2004,86000,2018-11-12,,,,,,
도봉구,11320,10600,방학동,636,11320-3414,송학휴스테이,,55.539,5,2016,24000,2018-11-30,,,,,,
도봉구,11320,10800,도봉동,555,11320-82,서울가든,,75.33,4,1987,30000,2018-11-20,,,,,,
도봉구,11320,10600,방학동,734,11320-47,청구아파트,,84.97,4,1994,35000,2018-11-30,,,,,,
도봉구,11320,10800,도봉동,30-1,11320-86,한신,,84.94,7,1995,40000,2018-11-27,,,,,,
도봉구,11320,10600,방학동,271-1,11320-42,신동아아파트1,,53.16,10,1986,24700,2018-11-08,,,,,,
도봉구,11320,10700,창동,807,11320-63,쌍용,,135,19,1997,76000,2018-11-30,,,,,,
도봉구,11320,10800,도봉동,30-1,11320-86,한신,,84.94,12,1995,41000,2018-11-14,,,,,,
도봉구,11320,10600,방학동,508,11320-46,우성아파트2,,84.98,4,1993,38800,2018-11-28,,,,,,
도봉구,11320,10600,방학동,732,11320-93,신동아아파트4,,59.92,6,1995,26500,2018-11-27,,,,,,
도봉구,11320,10500,쌍문동,13-2,11320-7,대웅,,52.02,3,1989,21800,2018-11-29,,,,,,
도봉구,11320,10600,방학동,271-1,11320-42,신동아아파트1,,70.62,9,1986,35000,2018-11-17,,,,,,
도봉구,11320,10600,방학동,718-7,11320-106,이에스에이아파트1,,126.97,10,2003,58000,2018-11-09,,,,,,
도봉구,11320,10700,창동,30,11320-64,창동주공18단지,,45.77,2,1988,28000,2018-11-02,,,,,,
도봉구,11320,10800,도봉동,30-1,11320-86,한신,,84.94,4,1995,40500,2018-11-24,,,,,,
도봉구,11320,10700,창동,826,11320-2420,북한산한신휴플러스,,84.9499,8,2007,61500,2018-11-05,,,,,,
도봉구,11320,10800,도봉동,87,11320-80,삼환도봉,,83.97,6,1987,37300,2018-11-19,,,,,,
도봉구,11320,10800,도봉동,30-1,11320-86,한신,,84.94,17,1995,39500,2018-11-18,,,,,,
도봉구,11320,10500,쌍문동,732,11320-2999,북한산코오롱하늘채,,114.98,10,2014,62800,2018-11-29,,,,,,
도봉구,11320,10700,창동,821,11320-2349,초안산신도브래뉴,,84.9991,8,2005,41700,2018-11-22,,,,,,
도봉구,11320,10600,방학동,720-18,11320-49,방학동삼성래미안1,,134.981,9,2002,74000,2018-11-20,,,,,,
도봉구,11320,10500,쌍문동,199-1,11320-90,금호1,,70.13,2,1990,32700,2018-11-19,,,,,,
도봉구,11320,10800,도봉동,644,11320-115,도봉파크빌3,,84.354,17,2002,45000,2018-11-28,,,,,,
도봉구,11320,10700,창동,38,11320-100,주공17단지,,41.3,11,1989,26700,2018-11-22,,,,,,
도봉구,11320,10700,창동,804,11320-53,대우,,59.86,4,1995,37500,2018-11-12,,,,,,
도봉구,11320,10500,쌍문동,56,11320-11,삼익세라믹,,58.77,15,1988,32500,2018-11-03,,,,,,
도봉구,11320,10600,방학동,732,11320-93,신동아아파트4,,84.9,9,1995,35000,2018-11-09,,,,,,
도봉구,11320,10800,도봉동,30-1,11320-86,한신,,84.94,11,1995,44500,2018-11-03,,,,,,
도봉구,11320,10700,창동,824,11320-148,창동한승미메이드,,59.9543,9,2004,32000,2018-11-16,,,,,,
도봉구,11320,10600,방학동,271-1,11320-42,신동아아파트1,,62.22,11,1986,24800,2018-11-01,,,,,,
도봉구,11320,10600,방학동,730,11320-35,극동아파트,,84.935,2,1993,31000,2018-11-09,,,,,,
도봉구,11320,10600,방학동,271-1,11320-42,신동아아파트1,,62.22,4,1986,26200,2018-11-12,,,,,,
도봉구,11320,10600,방학동,271-1,11320-42,신동아아파트1,,53.16,9,1986,24400,2018-11-23,,,,,,
도봉구,11320,10600,방학동,530,11320-92,신동아아파트3,,84.86,5,1992,34500,2018-11-12,,,,,,
도봉구,11320,10700,창동,38,11320-100,주공17단지,,36.16,6,1989,23800,2018-11-19,,,,,,
도봉구,11320,10800,도봉동,87,11320-80,삼환도봉,,73.89,3,1987,36800,2018-11-10,,,,,,
도봉구,11320,10800,도봉동,51-12,11320-150,중흥에스-클래스,,81.443,1,2004,39600,2018-11-12,,,,,,
도봉구,11320,10800,도봉동,655,11320-154,래미안도봉,,59.25,8,2005,43000,2018-11-09,,,,,,
도봉구,11320,10500,쌍문동,54,11320-27,현대1,,70.3,9,1990,36000,2018-11-20,,,,,,
도봉구,11320,10600,방학동,271-1,11320-42,신동아아파트1,,70.62,10,1986,30000,2018-11-07,,,,,,
도봉구,11320,10700,창동,581-4,11320-300,청하아파트A동,,84.59,6,2005,30000,2018-11-08,,,,,,
도봉구,11320,10500,쌍문동,723,11320-13,신원2,,84.99,4,1998,34000,2018-11-15,,,,,,
도봉구,11320,10500,쌍문동,731,11320-2404,e편한세상,,84.754,15,2007,54000,2018-11-05,,,,,,
도봉구,11320,10700,창동,819,11320-112,태영데시앙,,84.995,6,2003,58600,2018-11-03,,,,,,
도봉구,11320,10600,방학동,271-1,11320-42,신동아아파트1,,126.89,12,1986,47000,2018-11-20,,,,,,
도봉구,11320,10500,쌍문동,53,11320-12,성원,,84.98,7,1989,37500,2018-11-17,,,,,,
도봉구,11320,10600,방학동,496,11320-95,벽산아파트2,,59.581,15,1998,24800,2018-11-09,,,,,,
도봉구,11320,10600,방학동,732,11320-93,신동아아파트4,,59.92,11,1995,25300,2018-11-21,,,,,,
도봉구,11320,10500,쌍문동,727,11320-139,파라다이스빌,,84.99,8,2004,45000,2018-11-12,,,,,,
도봉구,11320,10700,창동,804,11320-53,대우,,59.86,13,1995,37000,2018-11-01,,,,,,
도봉구,11320,10700,창동,808,11320-57,동아청솔,,134.94,2,1997,75000,2018-11-27,,,,,,
도봉구,11320,10600,방학동,740,11320-146,동양크레오아파트,,84.9696,1,2004,38000,2018-11-06,,,,,,
도봉구,11320,10500,쌍문동,산69-1,11320-4,금호2,,71.98,11,1991,36000,2018-11-14,,,,,,
도봉구,11320,10800,도봉동,641,11320-83,서원,,49.77,10,1996,25550,2018-11-27,,,,,,
도봉구,11320,10700,창동,38,11320-100,주공17단지,,36.16,14,1989,22000,2018-11-15,,,,,,
도봉구,11320,10500,쌍문동,729,11320-2399,브라운스톤쌍문,,74.8,11,2006,46800,2018-11-06,,,,,,
도봉구,11320,10800,도봉동,30-1,11320-86,한신,,84.94,7,1995,38500,2018-11-19,,,,,,
도봉구,11320,10700,창동,804,11320-53,대우,,84.88,13,1995,45900,2018-11-02,,,,,,
도봉구,11320,10700,창동,812,11320-71,창동현대타운,,47.79,2,1999,23000,2018-11-17,,,,,,
도봉구,11320,10500,쌍문동,719,11320-29,현대3,,84.08,6,1995,30000,2018-11-17,,,,,,
도봉구,11320,10700,창동,38,11320-100,주공17단지,,36.16,11,1989,22900,2018-11-21,,,,,,
도봉구,11320,10700,창동,38,11320-100,주공17단지,,36.16,3,1989,23000,2018-11-03,,,,,,
도봉구,11320,10700,창동,38,11320-100,주공17단지,,36.16,5,1989,23000,2018-11-15,,,,,,
도봉구,11320,10500,쌍문동,59-3,11320-24,한양5,,65.37,16,1991,32200,2018-11-27,,,,,,
도봉구,11320,10700,창동,715-25,11320-3052,새울(715-25),,42.32,6,2014,20000,2018-11-19,,,,,,
도봉구,11320,10700,창동,808,11320-57,동아청솔,,134.94,2,1997,78000,2018-11-02,,,,,,
도봉구,11320,10500,쌍문동,388-33,11320-20,한양1,,50.58,3,1986,36000,2018-11-02,,,,,,
도봉구,11320,10600,방학동,508,11320-46,우성아파트2,,84.98,7,1993,37600,2018-11-29,,,,,,
도봉구,11320,10700,창동,299,11320-59,상아1차아파트,,84.99,1,1987,52000,2018-11-21,,,,,,
도봉구,11320,10500,쌍문동,56,11320-11,삼익세라믹,,42.93,8,1988,25800,2018-11-12,,,,,,
도봉구,11320,10700,창동,305,11320-96,창동주공1단지,,49.94,11,1990,42000,2018-11-30,,,,,,
도봉구,11320,10700,창동,27,11320-101,주공19단지(창동리버타운),,68.86,1,1988,53000,2018-11-29,,,,,,
도봉구,11320,10500,쌍문동,199-1,11320-90,금호1,,36.36,14,1990,18500,2018-11-17,,,,,,
도봉구,11320,10800,도봉동,595,11320-79,럭키,,84.86,1,1992,35000,2018-11-29,,,,,,
도봉구,11320,10800,도봉동,655,11320-154,래미안도봉,,59.25,11,2005,42000,2018-11-28,,,,,,
도봉구,11320,10500,쌍문동,56,11320-11,삼익세라믹,,40.11,9,1988,19800,2018-11-29,,,,,,
도봉구,11320,10700,창동,603-25,11320-302,"은성드림존101동,102동",,84.73,2,2003,26000,2018-11-09,,,,,,
도봉구,11320,10500,쌍문동,730,11320-140,대우파크힐(쌍문동이안),,126.379,3,2004,52000,2018-11-14,,,,,,
도봉구,11320,10500,쌍문동,56,11320-11,삼익세라믹,,58.77,2,1988,29800,2018-11-08,,,,,,
도봉구,11320,10600,방학동,271-1,11320-42,신동아아파트1,,51.27,10,1986,22500,2018-11-16,,,,,,
도봉구,11320,10600,방학동,444-31,11320-37,대원그린아파트,,46.86,7,1987,16000,2018-11-19,,,,,,
도봉구,11320,10700,창동,825,11320-149,북한산아이파크5차,,165.1717,10,2004,88000,2018-11-14,,,,,,
도봉구,11320,10500,쌍문동,73,11320-1,경남,,44.5,2,1988,17800,2018-11-02,,,,,,
도봉구,11320,10600,방학동,271-1,11320-42,신동아아파트1,,43.35,3,1986,21000,2018-11-15,,,,,,
도봉구,11320,10500,쌍문동,725,11320-32,쌍문동삼성래미안,,59.9899,1,2002,37900,2018-11-12,,,,,,
도봉구,11320,10700,창동,373,11320-99,창동주공4단지,,49.94,10,1991,38000,2018-11-06,,,,,,
도봉구,11320,10800,도봉동,555,11320-82,서울가든,,75.33,7,1987,28500,2018-11-01,,,,,,
도봉구,11320,10700,창동,812,11320-71,창동현대타운,,57.93,10,1999,26900,2018-11-19,,,,,,
도봉구,11320,10500,쌍문동,59,11320-21,한양2,,28.71,2,1988,16500,2018-11-17,,,,,,
도봉구,11320,10500,쌍문동,285-5,11320-8,동익미라벨,,84.53,3,1987,28500,2018-11-02,,,,,,
도봉구,11320,10600,방학동,734,11320-47,청구아파트,,84.97,6,1994,38300,2018-11-01,,,,,,
도봉구,11320,10700,창동,810,11320-62,신창,,49.77,13,1998,24000,2018-11-05,,,,,,
도봉구,11320,10700,창동,451,11320-69,한신APT,,59.96,3,1999,25200,2018-11-02,,,,,,
도봉구,11320,10700,창동,810,11320-62,신창,,39.6,1,1998,16000,2018-11-15,,,,,,
도봉구,11320,10700,창동,805,11320-56,동아그린,,59.96,9,1996,43000,2018-11-14,,,,,,
도봉구,11320,10800,도봉동,30-1,11320-86,한신,,84.94,11,1995,40000,2018-11-05,,,,,,
도봉구,11320,10700,창동,316,11320-97,창동주공2단지,,36.16,4,1990,35000,2018-11-03,,,,,,
도봉구,11320,10800,도봉동,30-1,11320-86,한신,,84.94,5,1995,45000,2018-11-09,,,,,,
도봉구,11320,10500,쌍문동,723,11320-13,신원2,,60,11,1998,28600,2018-11-05,,,,,,
도봉구,11320,10500,쌍문동,153,11320-5,기용,,41.31,3,1988,16400,2018-11-01,,,,,,
노원구,11350,10600,중계동,588,11350-108,양지마을(대림)2,,114.81,12,1999,75000,2018-11-12,,,,,,
노원구,11350,10300,공릉동,111,11350-187,화랑타운아파트,,84.65,8,2000,59900,2018-11-11,,,,,,
노원구,11350,10600,중계동,585,11350-119,중계3우성,,84.87,6,1999,58000,2018-11-10,,,,,,
노원구,11350,10500,상계동,1318,11350-1831,노원IPARK,,145.58,7,2009,59600,2018-11-20,,,,,,
노원구,11350,10400,하계동,273,11350-72,장미(시영6),,54.02,6,1989,37900,2018-11-06,,,,,,
노원구,11350,10500,상계동,639,11350-202,보람아파트,,54.59,15,1988,30000,2018-11-29,,,,,,
노원구,11350,10600,중계동,590,11350-104,신안,,84.93,7,1999,67000,2018-11-19,,,,,,
노원구,11350,10300,공릉동,743,11350-184,공릉동한보에센시티아파트,,84.93,2,2000,41000,2018-11-29,,,,,,
노원구,11350,10600,중계동,512,11350-102,중계무지개,,49.54,5,1991,35000,2018-11-26,,,,,,
노원구,11350,10600,중계동,598,11350-429,한화꿈에그린,,84.902,3,2005,59900,2018-11-24,,,,,,
노원구,11350,10300,공릉동,106,11350-190,공릉해링턴플레이스,,134.914,2,2000,70000,2018-11-08,,,,,,
노원구,11350,10500,상계동,1293,11350-14,불암현대,,114.24,15,1999,60000,2018-11-26,,,,,,
노원구,11350,10600,중계동,512,11350-102,중계무지개,,49.54,1,1991,34500,2018-11-17,,,,,,
노원구,11350,10500,상계동,757,11350-50,한양,,86.62,1,1988,51000,2018-11-25,,,,,,
노원구,11350,10400,하계동,273,11350-72,장미(시영6),,64.62,12,1989,44400,2018-11-06,,,,,,
노원구,11350,10500,상계동,639,11350-202,보람아파트,,54.59,15,1988,30000,2018-11-29,,,,,,
노원구,11350,10200,월계동,13,11350-197,삼호3,,59.22,9,1986,45000,2018-11-16,,,,,,
노원구,11350,10500,상계동,670,11350-43,상계주공9(고층),,58.01,4,1988,41000,2018-11-19,,,,,,
노원구,11350,10500,상계동,639,11350-202,보람아파트,,54.59,12,1988,34000,2018-11-30,,,,,,
노원구,11350,10200,월계동,12,11350-143,삼호4,,50.18,4,1987,43700,2018-11-17,,,,,,
노원구,11350,10500,상계동,639,11350-11,보람2단지,,68.99,14,1988,40000,2018-11-12,,,,,,
노원구,11350,10500,상계동,695,11350-201,대림,,93.13,12,1988,65000,2018-11-27,,,,,,
노원구,11350,10600,중계동,512,11350-102,중계무지개,,49.89,7,1991,36000,2018-11-30,,,,,,
노원구,11350,10300,공릉동,737,11350-172,삼익포레스트아파트,,51.03,2,1995,29000,2018-11-19,,,,,,
노원구,11350,10600,중계동,361-1,11350-110,롯데우성,,115.26,5,1993,89000,2018-11-28,,,,,,
노원구,11350,10300,공릉동,743,11350-184,공릉동한보에센시티아파트,,59.4,19,2000,35900,2018-11-13,,,,,,
노원구,11350,10200,월계동,556,11350-149,주공2,,44.52,12,1992,26000,2018-11-26,,,,,,
노원구,11350,10500,상계동,995,11350-49,한신4차,,84.84,5,1995,37200,2018-11-14,,,,,,
노원구,11350,10400,하계동,284,11350-81,한신1,,27,7,1988,22000,2018-11-19,,,,,,
노원구,11350,10600,중계동,502-1,11350-120,중계그린1단지,,49.5,3,1990,33300,2018-11-06,,,,,,
노원구,11350,10500,상계동,1373-2,11350-1681,센트럴,,57.1,2,2005,26000,2018-11-07,,,,,,
노원구,11350,10500,상계동,670,11350-43,상계주공9(고층),,79.07,11,1988,63000,2018-11-07,,,,,,
노원구,11350,10500,상계동,1308,11350-246,비콘드림힐2,,84.52,9,2005,50700,2018-11-06,,,,,,
노원구,11350,10500,상계동,626,11350-34,상계주공14(고층),,41.3,15,1989,30000,2018-11-20,,,,,,
노원구,11350,10400,하계동,273,11350-72,장미(시영6),,54.02,2,1989,35500,2018-11-10,,,,,,
노원구,11350,10600,중계동,359-1,11350-114,주공5,,76.51,1,1992,60000,2018-11-06,,,,,,
노원구,11350,10200,월계동,923,11350-153,초안1,,59.85,5,1998,27000,2018-11-17,,,,,,
노원구,11350,10300,공릉동,683-14,11350-2019,한일휴니스빌,,13.62,12,2013,13400,2018-11-30,,,,,,
노원구,11350,10200,월계동,322-1,11350-146,성원(사슴4),,49.92,4,1995,34000,2018-11-17,,,,,,
노원구,11350,10600,중계동,363,11350-92,대림벽산(363),,141.45,8,1993,98000,2018-11-16,,,,,,
노원구,11350,10200,월계동,12,11350-143,삼호4,,50.18,9,1987,44500,2018-11-05,,,,,,
노원구,11350,10600,중계동,502-1,11350-120,중계그린1단지,,49.5,9,1990,35400,2018-11-26,,,,,,
노원구,11350,10400,하계동,353,11350-74,우방,,83.12,6,1999,45000,2018-11-07,,,,,,
노원구,11350,10600,중계동,502-1,11350-120,중계그린1단지,,39.78,7,1990,28000,2018-11-20,,,,,,
노원구,11350,10500,상계동,720,11350-40,상계주공6(고층),,59.39,14,1988,47300,2018-11-05,,,,,,
노원구,11350,10300,공릉동,738,11350-198,공릉우성아파트,,84.97,6,1995,44500,2018-11-26,,,,,,
노원구,11350,10300,공릉동,109,11350-169,비선아파트,,48.6,4,1999,31900,2018-11-17,,,,,,
노원구,11350,10500,상계동,1273,11350-13,북부현대,,59.24,15,1996,24500,2018-11-30,,,,,,
노원구,11350,10500,상계동,1301,11350-66,상계대림e편한세상,,83.87,12,2002,41500,2018-11-20,,,,,,
노원구,11350,10500,상계동,1283,11350-21,성원상떼빌,,84.99,1,1999,38500,2018-11-05,,,,,,
노원구,11350,10300,공릉동,111,11350-187,화랑타운아파트,,84.65,5,2000,58400,2018-11-06,,,,,,
노원구,11350,10500,상계동,173-1,11350-10,벽산,,43.35,9,1989,24500,2018-11-15,,,,,,
노원구,11350,10500,상계동,1281,11350-45,코오롱,,59.94,10,1997,38000,2018-11-27,,,,,,
노원구,11350,10500,상계동,135,11350-46,한신1차,,53.96,2,1987,27000,2018-11-01,,,,,,
노원구,11350,10200,월계동,775,11350-136,대우,,134.64,12,1998,54500,2018-11-14,,,,,,
노원구,11350,10600,중계동,435-1,11350-121,중계현대2,,71.76,7,1991,42500,2018-11-09,,,,,,
노원구,11350,10400,하계동,284,11350-81,한신1,,44.52,10,1988,29500,2018-11-23,,,,,,
노원구,11350,10600,중계동,360-2,11350-125,청구3,,84.77,15,1996,89900,2018-11-05,,,,,,
노원구,11350,10300,공릉동,742,11350-188,효성아파트,,73.18,2,1995,42000,2018-11-01,,,,,,
노원구,11350,10600,중계동,580,11350-100,성원1,,59.75,10,1996,55000,2018-11-02,,,,,,
노원구,11350,10600,중계동,502-1,11350-120,중계그린1단지,,59.87,4,1990,39000,2018-11-29,,,,,,
노원구,11350,10600,중계동,435-1,11350-121,중계현대2,,84.34,10,1991,39300,2018-11-13,,,,,,
노원구,11350,10500,상계동,1295,11350-18,상계우방유쉘,,59.93,17,2000,38000,2018-11-08,,,,,,
노원구,11350,10600,중계동,445,11350-109,염광,,131.25,8,1996,59000,2018-11-09,,,,,,
노원구,11350,10500,상계동,1272,11350-23,수락현대,,84.87,1,1995,37900,2018-11-10,,,,,,
노원구,11350,10500,상계동,647,11350-32,상계주공12(고층),,49.94,6,1988,39500,2018-11-21,,,,,,
노원구,11350,10200,월계동,780,11350-150,청백3,,39.84,2,1998,20500,2018-11-15,,,,,,
노원구,11350,10300,공릉동,705,11350-166,동부아파트,,59.34,13,1996,34500,2018-11-23,,,,,,
노원구,11350,10500,상계동,637,11350-33,상계주공13(고층),,45.55,15,1989,28000,2018-11-25,,,,,,
노원구,11350,10600,중계동,512,11350-102,중계무지개,,49.54,10,1991,34500,2018-11-07,,,,,,
노원구,11350,10500,상계동,995,11350-49,한신4차,,84.84,1,1995,32900,2018-11-01,,,,,,
노원구,11350,10600,중계동,512,11350-102,중계무지개,,39.96,7,1991,26800,2018-11-23,,,,,,
노원구,11350,10300,공릉동,707,11350-160,시영2단지(라이프)아파트,,34.44,4,1994,22000,2018-11-29,,,,,,
노원구,11350,10200,월계동,18,11350-133,한진한화그랑빌,,114.97,11,2002,71500,2018-11-13,,,,,,
노원구,11350,10200,월계동,320-11,11350-141,사슴3,,33.18,7,1995,23000,2018-11-16,,,,,,
노원구,11350,10300,공릉동,714,11350-171,삼익4단지아파트,,39.6,1,1994,22300,2018-11-17,,,,,,
노원구,11350,10300,공릉동,753,11350-212,길성그랑프리텔아파트,,76.4807,2,2003,36000,2018-11-19,,,,,,
노원구,11350,10600,중계동,369,11350-112,주공2,,44.52,11,1992,27500,2018-11-21,,,,,,
노원구,11350,10200,월계동,922,11350-144,서광,,59.96,4,1994,43000,2018-11-02,,,,,,
노원구,11350,10500,상계동,624,11350-35,상계주공16(고층),,58.01,13,1988,37000,2018-11-29,,,,,,
노원구,11350,10600,중계동,366,11350-95,라이프,,115.65,14,1993,96400,2018-11-07,,,,,,
노원구,11350,10300,공릉동,604-11,11350-161,대동아파트,,70.74,1,1999,35500,2018-11-02,,,,,,
노원구,11350,10300,공릉동,604-11,11350-161,대동아파트,,84.97,7,1999,39800,2018-11-17,,,,,,
노원구,11350,10300,공릉동,746,11350-189,화랑해링턴플레이스아파트,,84.75,19,1999,47000,2018-11-10,,,,,,
노원구,11350,10300,공릉동,715,11350-173,시영3차(라이프)아파트,,39.6,10,1994,24400,2018-11-21,,,,,,
노원구,11350,10200,월계동,18,11350-133,한진한화그랑빌,,84.97,23,2002,63500,2018-11-26,,,,,,
노원구,11350,10200,월계동,944,11350-1665,풍림아이원,,59.149,2,2005,51750,2018-11-02,,,,,,
노원구,11350,10600,중계동,589,11350-106,신일,,59.97,9,1998,32700,2018-11-03,,,,,,
노원구,11350,10500,상계동,1256,11350-20,은빛2단지,,49.77,4,1998,32300,2018-11-03,,,,,,
노원구,11350,10300,공릉동,741,11350-186,현대성우아파트,,59.98,18,2000,33800,2018-11-06,,,,,,
노원구,11350,10300,공릉동,707,11350-160,시영2단지(라이프)아파트,,34.44,15,1994,19700,2018-11-10,,,,,,
노원구,11350,10500,상계동,624,11350-35,상계주공16(고층),,45.77,4,1988,30000,2018-11-03,,,,,,
노원구,11350,10600,중계동,363,11350-92,대림벽산(363),,141.45,6,1993,98000,2018-11-12,,,,,,
노원구,11350,10500,상계동,721,11350-39,상계주공5(저층),,31.98,3,1987,42900,2018-11-27,,,,,,
노원구,11350,10600,중계동,505,11350-90,경남,,114.57,15,1989,65000,2018-11-13,,,,,,
노원구,11350,10300,공릉동,91,11350-180,청솔아파트8,,84.65,7,2000,50000,2018-11-03,,,,,,
노원구,11350,10300,공릉동,725,11350-183,풍림아파트A,,59.94,4,2001,44500,2018-11-27,,,,,,
노원구,11350,10300,공릉동,747,11350-168,두산힐스빌아파트,,100.23,14,2000,59700,2018-11-12,,,,,,
노원구,11350,10600,중계동,587,11350-107,양지마을(대림)1,,84.9,13,1998,74500,2018-11-10,,,,,,
노원구,11350,10200,월계동,925,11350-135,대동,,84.85,4,1997,46500,2018-11-05,,,,,,
노원구,11350,10400,하계동,284,11350-81,한신1,,27,8,1988,21800,2018-11-29,,,,,,
노원구,11350,10400,하계동,251,11350-78,하계1청구,,84.6,1,1997,55000,2018-11-05,,,,,,
노원구,11350,10600,중계동,593,11350-97,삼성,,84.75,1,1999,47500,2018-11-26,,,,,,
노원구,11350,10600,중계동,512,11350-102,중계무지개,,39.96,4,1991,26500,2018-11-06,,,,,,
노원구,11350,10200,월계동,13,11350-197,삼호3,,59.22,10,1986,55000,2018-11-15,,,,,,
노원구,11350,10500,상계동,1110,11350-28,두산,,84.09,1,1994,40000,2018-11-29,,,,,,
노원구,11350,10500,상계동,1255,11350-19,은빛1단지,,59.95,2,1998,34500,2018-11-14,,,,,,
노원구,11350,10400,하계동,274,11350-73,청솔(시영7),,59.46,5,1989,40700,2018-11-03,,,,,,
노원구,11350,10500,상계동,1320,11350-8,미라보(성림),,60,11,2006,28500,2018-11-02,,,,,,
노원구,11350,10500,상계동,1265,11350-9,수락산벨리체,,114.92,6,2000,57000,2018-11-02,,,,,,
노원구,11350,10500,상계동,757,11350-50,한양,,86.62,3,1988,56800,2018-11-03,,,,,,
노원구,11350,10200,월계동,929,11350-156,현대,,59.95,13,2000,46000,2018-11-05,,,,,,
노원구,11350,10600,중계동,515-2,11350-87,건영2,,75.02,6,1991,45000,2018-11-10,,,,,,
노원구,11350,10500,상계동,720,11350-40,상계주공6(고층),,49.94,13,1988,45800,2018-11-02,,,,,,
노원구,11350,10500,상계동,626,11350-34,상계주공14(고층),,41.3,3,1989,31500,2018-11-06,,,,,,
노원구,11350,10200,월계동,803-1,11350-134,극동,,84.95,1,1996,30500,2018-11-08,,,,,,
노원구,11350,10200,월계동,803-1,11350-134,극동,,80.28,1,1996,28500,2018-11-07,,,,,,
노원구,11350,10500,상계동,1055,11350-51,상계1차현대아파트,,83.92,1,1993,32800,2018-11-15,,,,,,
노원구,11350,10200,월계동,320-11,11350-141,사슴3,,33.18,12,1995,18000,2018-11-19,,,,,,
노원구,11350,10600,중계동,34-5,11350-127,현대(6차),,59.84,11,2018,36500,2018-11-17,,,,,,
노원구,11350,10500,상계동,740,11350-36,상계주공2(고층),,59.28,10,1987,44000,2018-11-08,,,,,,
노원구,11350,10200,월계동,781,11350-151,청백4,,59.4,11,1998,31000,2018-11-09,,,,,,
노원구,11350,10500,상계동,647,11350-32,상계주공12(고층),,41.3,7,1988,31000,2018-11-08,,,,,,
노원구,11350,10400,하계동,273,11350-72,장미(시영6),,54.02,2,1989,35000,2018-11-03,,,,,,
노원구,11350,10600,중계동,502-1,11350-120,중계그린1단지,,39.78,8,1990,29500,2018-11-29,,,,,,
노원구,11350,10600,중계동,358-2,11350-113,주공4,,59.39,14,1991,42000,2018-11-14,,,,,,
노원구,11350,10300,공릉동,743,11350-184,공릉동한보에센시티아파트,,59.4,19,2000,35100,2018-11-12,,,,,,
노원구,11350,10200,월계동,949,11350-2140,꿈의숲SKVIEW,,84.96,16,2016,69500,2018-11-09,,,,,,
노원구,11350,10400,하계동,284,11350-81,한신1,,27,11,1988,20800,2018-11-12,,,,,,
노원구,11350,10600,중계동,577,11350-128,현대1(4차),,71.16,5,1993,37950,2018-11-06,,,,,,
노원구,11350,10500,상계동,740,11350-36,상계주공2(고층),,59.28,3,1987,40000,2018-11-30,,,,,,
노원구,11350,10200,월계동,924,11350-152,초안2,,39.6,8,1997,20000,2018-11-20,,,,,,
노원구,11350,10600,중계동,103,11350-94,동진,,51.3,5,1988,17000,2018-11-10,,,,,,
노원구,11350,10400,하계동,284,11350-81,한신1,,35.28,8,1988,27000,2018-11-07,,,,,,
노원구,11350,10500,상계동,624,11350-35,상계주공16(고층),,58.01,13,1988,37500,2018-11-03,,,,,,
노원구,11350,10200,월계동,924,11350-152,초안2,,59.85,2,1997,27500,2018-11-05,,,,,,
노원구,11350,10300,공릉동,670-6,11350-2231,미라쉘,,17.77,7,2018,15800,2018-11-16,,,,,,
노원구,11350,10600,중계동,502-1,11350-120,중계그린1단지,,49.5,6,1990,38000,2018-11-24,,,,,,
노원구,11350,10600,중계동,360-2,11350-125,청구3,,84.77,4,1996,85000,2018-11-01,,,,,,
노원구,11350,10300,공릉동,109,11350-169,비선아파트,,59.97,3,1999,40000,2018-11-20,,,,,,
노원구,11350,10600,중계동,512,11350-102,중계무지개,,39.82,6,1991,29500,2018-11-08,,,,,,
노원구,11350,10500,상계동,720,11350-40,상계주공6(고층),,49.94,5,1988,44500,2018-11-02,,,,,,
노원구,11350,10500,상계동,1055,11350-51,상계1차현대아파트,,83.92,1,1993,35800,2018-11-01,,,,,,
노원구,11350,10200,월계동,556,11350-149,주공2,,38.64,14,1992,21200,2018-11-17,,,,,,
노원구,11350,10200,월계동,924,11350-152,초안2,,59.85,11,1997,27700,2018-11-20,,,,,,
노원구,11350,10300,공릉동,81,11350-182,태강아파트(아이파크),,49.6,13,1999,32250,2018-11-12,,,,,,
노원구,11350,10300,공릉동,683-14,11350-2019,한일휴니스빌,,13.62,19,2013,13400,2018-11-23,,,,,,
노원구,11350,10300,공릉동,705,11350-166,동부아파트,,59.34,1,1996,29800,2018-11-15,,,,,,
노원구,11350,10500,상계동,1110,11350-28,두산,,41.85,15,1994,24000,2018-11-01,,,,,,
노원구,11350,10600,중계동,369,11350-112,주공2,,44.52,9,1992,27500,2018-11-10,,,,,,
노원구,11350,10200,월계동,320-11,11350-141,사슴3,,33.18,8,1995,22700,2018-11-01,,,,,,
노원구,11350,10400,하계동,274,11350-73,청솔(시영7),,39.78,4,1989,28750,2018-11-19,,,,,,
노원구,11350,10300,공릉동,707,11350-160,시영2단지(라이프)아파트,,34.44,6,1994,23000,2018-11-01,,,,,,
노원구,11350,10500,상계동,1295,11350-18,상계우방유쉘,,59.93,6,2000,38000,2018-11-19,,,,,,
노원구,11350,10300,공릉동,715,11350-173,시영3차(라이프)아파트,,34.44,15,1994,19000,2018-11-23,,,,,,
노원구,11350,10300,공릉동,404-3,11350-158,건영아파트,,106.06,12,1998,42400,2018-11-02,,,,,,
노원구,11350,10500,상계동,173-1,11350-10,벽산,,43.35,9,1989,25500,2018-11-23,,,,,,
노원구,11350,10400,하계동,274,11350-73,청솔(시영7),,59.22,14,1989,40600,2018-11-15,,,,,,
노원구,11350,10200,월계동,556,11350-149,주공2,,44.52,9,1992,25500,2018-11-19,,,,,,
노원구,11350,10500,상계동,691,11350-41,상계주공7(고층),,49.94,11,1988,50000,2018-11-10,,,,,,
노원구,11350,10200,월계동,13,11350-140,미성,,33.28,2,1986,42000,2018-11-08,,,,,,
노원구,11350,10600,중계동,369,11350-112,주공2,,44.52,10,1992,26500,2018-11-02,,,,,,
노원구,11350,10300,공릉동,111,11350-187,화랑타운아파트,,84.65,1,2000,52450,2018-11-03,,,,,,
노원구,11350,10500,상계동,765,11350-29,상계주공1(고층),,58.01,8,1988,38000,2018-11-13,,,,,,
노원구,11350,10600,중계동,502-1,11350-120,중계그린1단지,,49.85,14,1990,40000,2018-11-13,,,,,,
노원구,11350,10600,중계동,49,11350-130,현대그린,,84.99,4,1998,46000,2018-11-06,,,,,,
노원구,11350,10200,월계동,383-40,11350-145,성북맨션,,65.42,5,1976,25000,2018-11-09,,,,,,
노원구,11350,10300,공릉동,707,11350-160,시영2단지(라이프)아파트,,34.44,3,1994,21200,2018-11-12,,,,,,
노원구,11350,10500,상계동,637,11350-33,상계주공13(고층),,49.94,13,1989,28700,2018-11-10,,,,,,
노원구,11350,10500,상계동,1373-2,11350-1681,센트럴,,122.37,3,2005,34200,2018-11-08,,,,,,
노원구,11350,10500,상계동,1276,11350-62,청암2단지,,49.77,3,2001,26250,2018-11-07,,,,,,
노원구,11350,10200,월계동,780,11350-150,청백3,,49.77,4,1998,27000,2018-11-01,,,,,,
은평구,11380,10700,응암동,694-1,11380-58,우성,,115.67,9,1988,45000,2018-11-12,,,,,,
은평구,11380,10700,응암동,759,11380-9190,백련산힐스테이트1차,,114.9,11,2011,68000,2018-11-30,,,,,,
은평구,11380,10400,갈현동,541-1,11380-23,갈현건영,,82.94,16,2001,35000,2018-11-21,,,,,,
은평구,11380,10400,갈현동,281-208,11380-25,대양,,68.4,2,2001,42000,2018-11-24,,,,,,
은평구,11380,10900,신사동,367,11380-265,이랜드타운아파트,,59.982,21,2004,37800,2018-11-22,,,,,,
은평구,11380,10600,대조동,231,11380-51,삼성타운,,59.4,10,1997,39500,2018-11-30,,,,,,
은평구,11380,10800,역촌동,46-29,11380-217,엔에스,,73.34,6,2001,28000,2018-11-10,,,,,,
은평구,11380,10700,응암동,93-6,11380-8458,명남더블레스,,84.96,13,2009,46500,2018-11-23,,,,,,
은평구,11380,10700,응암동,759,11380-9190,백련산힐스테이트1차,,59.63,7,2011,57000,2018-11-28,,,,,,
은평구,11380,10700,응암동,760,11380-9189,백련산힐스테이트2차,,84.37,7,2011,68500,2018-11-13,,,,,,
은평구,11380,10300,불광동,631-1,11380-10,대호프라자아파트,,59.97,10,2000,33000,2018-11-15,,,,,,
은평구,11380,10500,구산동,213-4,11380-248,새천년구산2차,,73.92,6,2004,31900,2018-11-07,,,,,,
은평구,11380,10300,불광동,285-18,11380-10881,경인에버빌(285-18),,27.96,8,2018,24800,2018-11-24,,,,,,
은평구,11380,10900,신사동,371,11380-9151,은평신사두산위브2차,,122.59,1,2011,62500,2018-11-09,,,,,,
은평구,11380,10700,응암동,90-23,11380-188,조이팰리스(90-23),,84.32,10,2003,44000,2018-11-15,,,,,,
은평구,11380,10400,갈현동,468-5,11380-10502,베로니스,,73.4,13,2017,55000,2018-11-24,,,,,,
은평구,11380,10400,갈현동,548,11380-10765,유호루하스,,15.72,9,2018,13000,2018-11-05,,,,,,
은평구,11380,10400,갈현동,548,11380-10765,유호루하스,,16.768,5,2018,12000,2018-11-05,,,,,,
은평구,11380,10100,수색동,345-5,11380-7827,제일아파트나동(345-5),,77.3,1,2007,50100,2018-11-15,,,,,,
은평구,11380,11400,진관동,140,11380-8599,폭포동4단지힐스테이트(408~422동)BL3-9,,101.95,14,2010,84000,2018-11-03,,,,,,
은평구,11380,10300,불광동,638,11380-8699,북한산래미안아파트(1단지),,84.9885,3,2010,72000,2018-11-14,,,,,,
은평구,11380,10500,구산동,546,11380-124,대림e-편한세상2,,110.415,13,2004,47000,2018-11-24,,,,,,
은평구,11380,10500,구산동,355-82,11380-381,금강포란재(101),,84.18,5,2005,28000,2018-11-27,,,,,,
은평구,11380,10400,갈현동,548,11380-10765,유호루하스,,16.768,5,2018,12000,2018-11-05,,,,,,
은평구,11380,10400,갈현동,548,11380-10765,유호루하스,,16.768,9,2018,13000,2018-11-05,,,,,,
은평구,11380,10400,갈현동,548,11380-10765,유호루하스,,16.768,9,2018,13000,2018-11-05,,,,,,
은평구,11380,10400,갈현동,541-1,11380-23,갈현건영,,59.99,4,2001,25000,2018-11-23,,,,,,
은평구,11380,10600,대조동,4-8,11380-9811,대조리치빌III,,30.02,10,2014,28800,2018-11-18,,,,,,
은평구,11380,11000,증산동,253,11380-171,자선메르시안(101),,72.68,8,2003,40500,2018-11-22,,,,,,
은평구,11380,10400,갈현동,548,11380-10765,유호루하스,,16.768,9,2018,13000,2018-11-05,,,,,,
은평구,11380,11000,증산동,244,11380-84,DMC우방,,84.99,5,2000,48700,2018-11-01,,,,,,
은평구,11380,10400,갈현동,548,11380-10765,유호루하스,,16.768,9,2018,13000,2018-11-05,,,,,,
은평구,11380,10400,갈현동,539,11380-35,한솔,,59.94,13,1997,25500,2018-11-19,,,,,,
은평구,11380,10700,응암동,117-54,11380-10431,삼흥리치,,59.26,13,2016,37500,2018-11-06,,,,,,
은평구,11380,10900,신사동,297,11380-72,신사씨티,,59.96,13,1993,32600,2018-11-03,,,,,,
은평구,11380,10900,신사동,354,11380-67,라이프씨티,,83.04,2,1992,34000,2018-11-27,,,,,,
은평구,11380,10100,수색동,415-1,11380-100,e편한세상 수색 에코포레,,59.895,3,2003,47350,2018-11-24,,,,,,
은평구,11380,11400,진관동,19,11380-8028,상림마을8단지롯데캐슬(810~820동)BL1-1,,101.61,5,2008,78000,2018-11-12,,,,,,
은평구,11380,10700,응암동,577-16,11380-9284,명남더블레스,,51.28,10,2012,36500,2018-11-14,,,,,,
은평구,11380,11400,진관동,12,11380-8024,상림마을7단지아이파크(709~712동)BL1-10,,84.84,3,2008,65000,2018-11-26,,,,,,
은평구,11380,11400,진관동,20,11380-8029,상림마을8단지롯데캐슬(821~830동)BL1-12,,84.79,6,2008,75000,2018-11-24,,,,,,
은평구,11380,11400,진관동,13,11380-8025,상림마을7단지아이파크(706~708동)BL1-3,,84.93,2,2008,64000,2018-11-18,,,,,,
은평구,11380,11400,진관동,107,11380-8489,마고정3단지센트레빌(310~322동)BL2-3,,134.96,1,2009,78000,2018-11-10,,,,,,
은평구,11380,11400,진관동,60,11380-10714,은평뉴타운솔하임,,45.044,6,2017,47500,2018-11-03,,,,,,
은평구,11380,10400,갈현동,537,11380-36,갈현동현대,,59.25,7,1997,36000,2018-11-09,,,,,,
은평구,11380,10100,수색동,415-1,11380-100,e편한세상 수색 에코포레,,59.895,6,2003,43000,2018-11-24,,,,,,
은평구,11380,10700,응암동,360-15,11380-208,명진,,90.52,3,2004,36000,2018-11-14,,,,,,
은평구,11380,10400,갈현동,467-2,11380-185,역촌맨션,,65.78,6,1973,25000,2018-11-16,,,,,,
은평구,11380,11400,진관동,25,11380-8619,구파발9단지래미안(916~928동)BL3-2,,101.99,5,2010,75500,2018-11-25,,,,,,
은평구,11380,10700,응암동,119-16,11380-7818,벧엘블레스빌,,84.9,10,2006,39800,2018-11-23,,,,,,
은평구,11380,10300,불광동,644,11380-9431,북한산동호스카이,,84.99,4,2013,42000,2018-11-10,,,,,,
은평구,11380,11400,진관동,102,11380-8392,박석고개1단지힐스테이트(116~131동)BL2-1,,101.76,3,2009,85000,2018-11-17,,,,,,
은평구,11380,10900,신사동,241,11380-9770,양지파크,,59.92,7,2014,28000,2018-11-02,,,,,,
은평구,11380,10800,역촌동,45-30,11380-149,디케이,,84.6,3,2003,34000,2018-11-05,,,,,,
은평구,11380,10600,대조동,9-18,11380-10123,모아아파트(104동),,52.22,7,2015,36000,2018-11-03,,,,,,
은평구,11380,10400,갈현동,548,11380-10765,유호루하스,,17.098,5,2018,12000,2018-11-12,,,,,,
은평구,11380,11400,진관동,25,11380-8619,구파발9단지래미안(916~928동)BL3-2,,166.75,4,2010,86500,2018-11-03,,,,,,
은평구,11380,10400,갈현동,537,11380-36,갈현동현대,,88.47,1,1997,44000,2018-11-09,,,,,,
은평구,11380,11400,진관동,11,11380-8172,상림마을7단지아이파크(719~729동)BL1-13,,101.82,9,2008,70000,2018-11-01,,,,,,
은평구,11380,10900,신사동,140-1,11380-66,미성,,63.53,3,1987,34000,2018-11-14,,,,,,
은평구,11380,10700,응암동,761,11380-9188,백련산힐스테이트3차,,84.43,7,2011,69000,2018-11-02,,,,,,
은평구,11380,10600,대조동,231,11380-51,삼성타운,,59.4,13,1997,37000,2018-11-03,,,,,,
은평구,11380,10300,불광동,643,11380-8922,북한산힐스테이트7차,,141.979,1,2011,84400,2018-11-05,,,,,,
서대문구,11410,11100,홍제동,157-68,11410-45,광산,,71.57,1,1973,24400,2018-11-28,,,,,,
서대문구,11410,11800,홍은동,461,11410-3898,홍은센트레빌,,59.96,2,2009,47500,2018-11-19,,,,,,
서대문구,11410,10600,천연동,145,11410-3569,천연뜨란채,,56.08,14,2006,63000,2018-11-13,,,,,,
서대문구,11410,10600,천연동,145,11410-3569,천연뜨란채,,57.78,14,2006,67000,2018-11-14,,,,,,
서대문구,11410,11100,홍제동,453,11410-63,청구1차,,84.78,13,1994,67400,2018-11-10,,,,,,
서대문구,11410,10800,영천동,100,11410-9,독립문삼호,,75.66,15,1995,72000,2018-11-09,,,,,,
서대문구,11410,11200,대현동,144,11410-22,신촌럭키,,83.38,14,1999,76000,2018-11-18,,,,,,
서대문구,11410,12000,남가좌동,377,11410-102,DMC래미안클라시스,,59.93,11,2000,54600,2018-11-14,,,,,,
서대문구,11410,11200,대현동,144,11410-22,신촌럭키,,59.7,13,1999,60500,2018-11-24,,,,,,
서대문구,11410,11900,북가좌동,453,11410-109,DMC현대아파트,,59.91,12,2000,40000,2018-11-05,,,,,,
서대문구,11410,11900,북가좌동,481,11410-4085,DMC래미안e편한세상,,84.95,6,2012,99000,2018-11-14,,,,,,
서대문구,11410,11100,홍제동,463,11410-49,문화촌현대,,84.99,20,2002,60000,2018-11-10,,,,,,
서대문구,11410,12000,남가좌동,377,11410-102,DMC래미안클라시스,,59.97,3,2000,52500,2018-11-28,,,,,,
서대문구,11410,11100,홍제동,463,11410-49,문화촌현대,,59.94,5,2002,45200,2018-11-29,,,,,,
서대문구,11410,11900,북가좌동,431,11410-108,DMC한양,,116.76,12,1987,69500,2018-11-12,,,,,,
서대문구,11410,12000,남가좌동,377,11410-102,DMC래미안클라시스,,59.97,17,2000,51750,2018-11-30,,,,,,
서대문구,11410,11100,홍제동,373,11410-56,태영으뜸(데시앙),,88.66,18,1998,47000,2018-11-13,,,,,,
서대문구,11410,10900,현저동,1019,11410-11,독립문파크빌,,59.4,8,2000,47500,2018-11-07,,,,,,
서대문구,11410,11100,홍제동,463,11410-49,문화촌현대,,84.99,5,2002,59700,2018-11-10,,,,,,
서대문구,11410,11900,북가좌동,418-22,11410-128,한울뉴타운,,74.04,6,2004,39500,2018-11-15,,,,,,
서대문구,11410,11000,북아현동,1009,11410-13,두산,,59.96,3,1999,57000,2018-11-03,,,,,,
서대문구,11410,12000,남가좌동,376,11410-104,남가좌동현대,,84.78,7,1999,43700,2018-11-13,,,,,,
서대문구,11410,11800,홍은동,186-22,11410-87,서강1차(1동),,62.17,6,1988,27200,2018-11-08,,,,,,
서대문구,11410,11800,홍은동,454,11410-77,극동,,84.92,2,1995,34400,2018-11-03,,,,,,
서대문구,11410,11800,홍은동,186-1,11410-84,홍은미성,,127.33,8,1985,46000,2018-11-15,,,,,,
서대문구,11410,11000,북아현동,1009,11410-13,두산,,59.96,2,1999,57500,2018-11-24,,,,,,
서대문구,11410,10200,충정로3가,477,11410-3939,충림예하임,,84.6,8,2010,58000,2018-11-12,,,,,,
서대문구,11410,11800,홍은동,455,11410-85,홍은동벽산,,84.78,9,1997,58000,2018-11-02,,,,,,
서대문구,11410,11100,홍제동,294-36,11410-155,원일,,70.41,5,1970,27000,2018-11-06,,,,,,
서대문구,11410,12000,남가좌동,385,11410-4479,DMC파크뷰자이1단지,,120.006,21,2015,111000,2018-11-29,,,,,,
서대문구,11410,11100,홍제동,24-16,11410-711,동양드림,,82.2,4,2005,46000,2018-11-03,,,,,,
서대문구,11410,11800,홍은동,455,11410-85,홍은동벽산,,142.98,15,1997,67000,2018-11-25,,,,,,
서대문구,11410,11800,홍은동,455,11410-85,홍은동벽산,,58.64,9,1997,43000,2018-11-14,,,,,,
서대문구,11410,11800,홍은동,186-1,11410-84,홍은미성,,84.96,3,1985,36500,2018-11-10,,,,,,
서대문구,11410,11700,연희동,745,11410-4254,연희자이엘라,,13.642,9,2014,16500,2018-11-05,,,,,,
서대문구,11410,11100,홍제동,82,11410-67,홍제한양,,120.14,13,1993,59750,2018-11-01,,,,,,
서대문구,11410,11900,북가좌동,371-1,11410-107,월드컵현대,,84.93,14,1998,59000,2018-11-27,,,,,,
서대문구,11410,11700,연희동,75-1,11410-168,동도아카데미하우스3차,,242.21,2,2001,160000,2018-11-07,,,,,,
서대문구,11410,11100,홍제동,157-68,11410-45,광산,,70.64,3,1973,18000,2018-11-26,,,,,,
서대문구,11410,11900,북가좌동,431,11410-108,DMC한양,,65.34,14,1987,46500,2018-11-25,,,,,,
서대문구,11410,10600,천연동,145,11410-3569,천연뜨란채,,56.08,4,2006,62000,2018-11-01,,,,,,
서대문구,11410,11000,북아현동,1009,11410-13,두산,,59.96,4,1999,60000,2018-11-07,,,,,,
서대문구,11410,11800,홍은동,393-1,11410-3536,신원지벤스타4,,142.76,6,2005,62000,2018-11-21,,,,,,
서대문구,11410,11100,홍제동,20-11,11410-305,로얄,,31.92,6,2000,24000,2018-11-05,,,,,,
서대문구,11410,10300,합동,31-9,11410-142,사랑채,,73.83,1,2003,50000,2018-11-12,,,,,,
서대문구,11410,11700,연희동,723-9,11410-116,홍연(723-9),,40.33,3,1981,17000,2018-11-05,,,,,,
서대문구,11410,11100,홍제동,156-200,11410-43,고은,,62.48,4,1975,30500,2018-11-14,,,,,,
서대문구,11410,11100,홍제동,283-36,11410-3841,마체스터,,140.51,5,2008,55000,2018-11-12,,,,,,
서대문구,11410,11800,홍은동,265-293,11410-98,나눔스타빌,,84.23,3,2003,30000,2018-11-04,,,,,,
서대문구,11410,11100,홍제동,157-3,11410-152,홍제원그린뷰아파트,,164.71,4,2003,50000,2018-11-05,,,,,,
서대문구,11410,11800,홍은동,440-3,11410-92,풍림1차,,56.61,3,1988,32800,2018-11-03,,,,,,
마포구,11440,10300,신공덕동,161,11440-10,신공덕래미안3차,,114.76,8,2003,110800,2018-11-17,,,,,,
마포구,11440,12000,서교동,371-7,11440-5754,엠제이더퍼스트홍대,,14.89,6,2018,25800,2018-11-21,,,,,,
마포구,11440,12500,성산동,597,11440-107,성산동성,,60,7,1999,46300,2018-11-24,,,,,,
마포구,11440,12700,상암동,1752,11440-4800,상암월드컵파크9단지,,84.89,8,2010,80000,2018-11-27,,,,,,
마포구,11440,12700,상암동,1752,11440-4800,상암월드컵파크9단지,,84.94,7,2010,76000,2018-11-14,,,,,,
마포구,11440,10800,대흥동,803,11440-4074,동양엔파트,,84.933,8,2007,70000,2018-11-03,,,,,,
마포구,11440,12400,연남동,249-3,11440-101,노블레스빌2,,82.18,4,2002,55000,2018-11-26,,,,,,
마포구,11440,12500,성산동,601,11440-118,성산월드타운대림,,84.689,19,2004,68500,2018-11-09,,,,,,
마포구,11440,12400,연남동,259-1,11440-94,대명,,112.6,5,1995,78500,2018-11-20,,,,,,
마포구,11440,12400,연남동,573,11440-146,코오롱,,114.88,15,2003,100000,2018-11-21,,,,,,
마포구,11440,12300,망원동,493,11440-80,함성백합,,75.2,1,2001,51000,2018-11-12,,,,,,
마포구,11440,12000,서교동,458-6,11440-4872,에덴지우,,84.69,1,2011,49500,2018-11-07,,,,,,
마포구,11440,12400,연남동,573,11440-146,코오롱,,84.936,12,2003,84500,2018-11-27,,,,,,
마포구,11440,12700,상암동,1655,11440-4038,상암월드컵파크4단지,,84.89,14,2006,92000,2018-11-03,,,,,,
마포구,11440,10200,공덕동,43,11440-7,공덕2삼성래미안,,84.94,6,2004,95000,2018-11-08,,,,,,
마포구,11440,10800,대흥동,12-41,11440-5381,서희스타힐스,,12.85,19,2014,20800,2018-11-14,,,,,,
마포구,11440,12300,망원동,515,11440-4006,한강월드컵,,84.29,2,2006,56500,2018-11-21,,,,,,
마포구,11440,12200,합정동,468,11440-222,두영이지안,,79.97,3,2005,59500,2018-11-08,,,,,,
마포구,11440,10300,신공덕동,15-80,11440-5440,공덕프로포즈Ⅱ,,14.03,9,2015,17000,2018-11-29,,,,,,
마포구,11440,12000,서교동,490,11440-5097,메세나폴리스,,122.867,5,2012,133000,2018-11-28,,,,,,
마포구,11440,11200,현석동,223,11440-4281,반도유보라아일랜드,,140.4529,2,2008,145000,2018-11-07,,,,,,
마포구,11440,10400,도화동,544,11440-11,고려,,81.72,7,1984,69800,2018-11-17,,,,,,
마포구,11440,11000,노고산동,1-3,11440-180,신촌포스빌,,32.34,5,2004,31000,2018-11-12,,,,,,
마포구,11440,11200,현석동,222,11440-151,강변힐스테이트,,59.78,6,2004,82500,2018-11-22,,,,,,
마포구,11440,11700,신정동,30,11440-51,서강GS,,84.97,1,1999,69000,2018-11-20,,,,,,
마포구,11440,12300,망원동,518,11440-5286,신부파스카5차,,37.21,4,2013,29800,2018-11-04,,,,,,
마포구,11440,11500,상수동,398,11440-5427,래미안밤섬리베뉴Ⅱ,,59.99,1,2014,83700,2018-11-23,,,,,,
마포구,11440,10100,아현동,777,11440-5410,마포래미안푸르지오4단지,,59.9656,2,2014,103000,2018-11-05,,,,,,
마포구,11440,10400,도화동,82,11440-17,우성,,79.97,14,1991,83500,2018-11-10,,,,,,
마포구,11440,12500,성산동,446,11440-168,성산시영(선경),,50.54,10,1986,70000,2018-11-06,,,,,,
마포구,11440,12000,서교동,487,11440-3901,대우미래사랑,,68.03,10,2005,50000,2018-11-18,,,,,,
마포구,11440,12700,상암동,1655,11440-4038,상암월드컵파크4단지,,84.66,4,2006,90000,2018-11-10,,,,,,
마포구,11440,12700,상암동,1655,11440-4038,상암월드컵파크4단지,,84.66,18,2006,98000,2018-11-13,,,,,,
마포구,11440,11400,창전동,437,11440-47,창전래미안,,59.94,15,1998,72500,2018-11-15,,,,,,
마포구,11440,10200,공덕동,457,11440-175,공덕3삼성래미안,,84.98,7,2004,120000,2018-11-01,,,,,,
마포구,11440,12500,성산동,597,11440-107,성산동성,,60,3,1999,49900,2018-11-05,,,,,,
마포구,11440,12400,연남동,244-15,11440-96,새마을,,41.65,4,1970,32000,2018-11-10,,,,,,
마포구,11440,11000,노고산동,107-36,11440-37,현대벤처빌,,34.64,8,2002,27100,2018-11-09,,,,,,
마포구,11440,11400,창전동,438,11440-46,신촌금호,,84.86,9,2001,75000,2018-11-22,,,,,,
마포구,11440,10900,염리동,521,11440-147,마포자이,,135.376,1,2003,130000,2018-11-13,,,,,,
마포구,11440,12000,서교동,486,11440-221,서교푸르지오,,92.448,9,2004,86500,2018-11-13,,,,,,
마포구,11440,12200,합정동,468,11440-222,두영이지안,,53.04,7,2005,48500,2018-11-08,,,,,,
마포구,11440,10400,도화동,82,11440-17,우성,,68.94,7,1991,74000,2018-11-14,,,,,,
마포구,11440,12200,합정동,473,11440-5606,마포한강2차푸르지오,,110.88,4,2016,125000,2018-11-09,,,,,,
마포구,11440,12700,상암동,1660,11440-3927,상암월드컵파크7단지,,84.9,7,2005,59900,2018-11-06,,,,,,
마포구,11440,10400,도화동,547,11440-13,도화현대,,59.4,4,1998,65000,2018-11-05,,,,,,
양천구,11470,10300,신월동,350-2,11470-86,신안파크,,56.78,1,1987,21300,2018-11-27,,,,,,
양천구,11470,10300,신월동,470-1,11470-292,대외,,88.74,4,2004,31800,2018-11-23,,,,,,
양천구,11470,10200,목동,911,11470-22,목동신시가지6,,95.03,5,1986,140000,2018-11-13,,,,,,
양천구,11470,10200,목동,764-4,11470-37,신목,,74.64,5,1992,39500,2018-11-27,,,,,,
양천구,11470,10100,신정동,318-10,11470-203,삼성쉐르빌,,197.65,20,2003,133000,2018-11-24,,,,,,
양천구,11470,10100,신정동,325,11470-120,목동신시가지11,,51.48,2,1988,76000,2018-11-20,,,,,,
양천구,11470,10200,목동,912,11470-21,목동신시가지5,,65.08,12,1986,119000,2018-11-27,,,,,,
양천구,11470,10200,목동,902,11470-18,목동신시가지2,,65.25,7,1986,108000,2018-11-21,,,,,,
양천구,11470,10300,신월동,151-6,11470-3940,빛여울,,74.79,2,2005,32000,2018-11-19,,,,,,
양천구,11470,10200,목동,958,11470-3954,목동미소래,,84.95,5,2005,49700,2018-11-23,,,,,,
양천구,11470,10200,목동,929,11470-46,목동청구한신아파트,,84.76,8,1997,105000,2018-11-30,,,,,,
양천구,11470,10300,신월동,1017,11470-201,대방샤인힐,,59.648,9,2003,37000,2018-11-18,,,,,,
양천구,11470,10300,신월동,128,11470-98,태헌(신월프라자),,56.97,8,1999,20500,2018-11-27,,,,,,
양천구,11470,10200,목동,758-2,11470-266,목동2차아이파크,,84.85,4,2004,84000,2018-11-17,,,,,,
양천구,11470,10200,목동,929,11470-46,목동청구한신아파트,,84.76,10,1997,108000,2018-11-17,,,,,,
양천구,11470,10100,신정동,743-2,11470-136,신정6현대,,114.8,9,2000,63500,2018-11-27,,,,,,
양천구,11470,10100,신정동,324-7,11470-166,대림아크로빌,,113.1,6,2003,75500,2018-11-19,,,,,,
양천구,11470,10300,신월동,987-1,11470-83,신월시영,,43.2,10,1988,29500,2018-11-15,,,,,,
양천구,11470,10200,목동,714-1,11470-262,두란,,68.86,1,1996,27500,2018-11-29,,,,,,
양천구,11470,10300,신월동,350-2,11470-86,신안파크,,56.78,2,1987,22000,2018-11-23,,,,,,
양천구,11470,10300,신월동,1053,11470-4378,수명산SKVIEW,,119.98,9,2009,65500,2018-11-08,,,,,,
양천구,11470,10300,신월동,207-24,11470-64,금강,,84.9,13,1998,29700,2018-11-21,,,,,,
양천구,11470,10300,신월동,987-1,11470-83,신월시영,,50.67,10,1988,33500,2018-11-05,,,,,,
양천구,11470,10200,목동,904,11470-20,목동신시가지4,,67.58,15,1986,111000,2018-11-16,,,,,,
양천구,11470,10100,신정동,976-3,11470-4889,성재세인트,,30.47,7,2013,21750,2018-11-27,,,,,,
양천구,11470,10200,목동,956,11470-206,롯데캐슬위너,,59.98,8,2005,71800,2018-11-24,,,,,,
양천구,11470,10100,신정동,311,11470-119,목동신시가지10,,105.58,3,1987,133000,2018-11-03,,,,,,
양천구,11470,10300,신월동,1025,11470-330,탑건진선미,,83.94,2,2004,39000,2018-11-20,,,,,,
양천구,11470,10300,신월동,1058,11470-4414,코아루2단지,,84.95,7,2010,36000,2018-11-13,,,,,,
양천구,11470,10200,목동,729-12,11470-177,목동휘버스I,,84.79,3,2004,45200,2018-11-01,,,,,,
양천구,11470,10200,목동,912,11470-21,목동신시가지5,,142.51,11,1986,208000,2018-11-14,,,,,,
양천구,11470,10300,신월동,142-14,11470-4322,금하뜨라네,,84.78,7,2016,32000,2018-11-19,,,,,,
양천구,11470,10100,신정동,1296,11470-157,아이파크,,114.756,8,2002,129500,2018-11-26,,,,,,
양천구,11470,10300,신월동,1058,11470-4414,코아루2단지,,62.39,7,2010,28800,2018-11-11,,,,,,
양천구,11470,10300,신월동,987-1,11470-83,신월시영,,50.67,12,1988,34500,2018-11-10,,,,,,
양천구,11470,10200,목동,901,11470-17,목동신시가지1,,65.34,5,1985,111500,2018-11-14,,,,,,
양천구,11470,10100,신정동,327,11470-122,목동신시가지13,,103.97,1,1987,129000,2018-11-10,,,,,,
양천구,11470,10200,목동,933,11470-33,삼익,,84.88,14,1997,89000,2018-11-07,,,,,,
양천구,11470,10200,목동,908-28,11470-29,부영2,,123.08,17,2000,105000,2018-11-16,,,,,,
양천구,11470,10200,목동,935,11470-44,진도1,,59.84,18,1998,73000,2018-11-18,,,,,,
양천구,11470,10100,신정동,1219-1,11470-185,신일해피트리,,127.51,10,2004,54000,2018-11-21,,,,,,
양천구,11470,10200,목동,777-20,11470-5353,다온숲,,32.82,5,2016,27100,2018-11-01,,,,,,
양천구,11470,10100,신정동,1198-3,11470-240,대성유니드2차,,84.67,7,2004,52700,2018-11-10,,,,,,
양천구,11470,10300,신월동,548-1,11470-316,유림웰스빌,,80.02,8,2004,29500,2018-11-23,,,,,,
양천구,11470,10200,목동,908-28,11470-29,부영2,,141.7,8,2000,129500,2018-11-05,,,,,,
양천구,11470,10100,신정동,1285,11470-170,푸른마을4,,84.99,7,2002,46300,2018-11-09,,,,,,
양천구,11470,10300,신월동,1063,11470-4993,롯데캐슬,,59.747,19,2014,66500,2018-11-16,,,,,,
양천구,11470,10100,신정동,329,11470-123,목동신시가지14,,71.4,18,1987,104250,2018-11-24,,,,,,
양천구,11470,10200,목동,904,11470-20,목동신시가지4,,48.69,3,1986,90000,2018-11-12,,,,,,
양천구,11470,10200,목동,912,11470-21,목동신시가지5,,65.08,7,1986,123000,2018-11-12,,,,,,
양천구,11470,10200,목동,721-2,11470-43,일신파스텔,,84.24,4,1998,41000,2018-11-17,,,,,,
양천구,11470,10300,신월동,438-4,11470-4010,그린아파트빌,,79.46,1,2006,26300,2018-11-22,,,,,,
양천구,11470,10300,신월동,197-2,11470-4382,코아루1단지,,84.95,9,2009,35500,2018-11-05,,,,,,
양천구,11470,10300,신월동,987-1,11470-83,신월시영,,59.49,8,1988,43250,2018-11-11,,,,,,
양천구,11470,10300,신월동,350-2,11470-86,신안파크,,47.6,3,1987,18400,2018-11-22,,,,,,
양천구,11470,10300,신월동,136-8,11470-4299,우영아파트,,84.06,4,2008,35800,2018-11-14,,,,,,
양천구,11470,10300,신월동,110-1,11470-105,은성,,75.49,9,2002,32000,2018-11-07,,,,,,
양천구,11470,10200,목동,901,11470-17,목동신시가지1,,65.34,10,1985,109000,2018-11-13,,,,,,
양천구,11470,10100,신정동,324-7,11470-166,대림아크로빌,,165.28,3,2003,97000,2018-11-22,,,,,,
양천구,11470,10300,신월동,1063,11470-4993,롯데캐슬,,84.966,10,2014,75000,2018-11-07,,,,,,
양천구,11470,10100,신정동,1219-1,11470-185,신일해피트리,,69.66,9,2004,39800,2018-11-16,,,,,,
양천구,11470,10300,신월동,987-1,11470-83,신월시영,,59.49,12,1988,39900,2018-11-09,,,,,,
양천구,11470,10100,신정동,1293,11470-153,학마을1단지,,49.99,13,2000,36500,2018-11-09,,,,,,
양천구,11470,10300,신월동,1022,11470-200,벽산블루밍1단지,,59.9465,8,2003,32000,2018-11-27,,,,,,
양천구,11470,10300,신월동,533-1,11470-65,신월동금용,,59.99,11,1998,30000,2018-11-09,,,,,,
양천구,11470,10200,목동,928,11470-2,건영,,84.9,9,1994,46000,2018-11-10,,,,,,
양천구,11470,10300,신월동,123-5,11470-197,환희,,55.72,4,2003,16500,2018-11-06,,,,,,
양천구,11470,10100,신정동,201-1,11470-4241,세양청마루2차주상복합,,84.42,8,2008,42000,2018-11-01,,,,,,
양천구,11470,10300,신월동,987-1,11470-83,신월시영,,59.49,4,1988,40700,2018-11-07,,,,,,
양천구,11470,10100,신정동,318-12,11470-210,목동삼성쉐르빌Ⅱ,,99.77,11,2004,93000,2018-11-26,,,,,,
양천구,11470,10100,신정동,1311,11470-3928,동일하이빌2단지,,84.955,13,2005,59800,2018-11-23,,,,,,
양천구,11470,10200,목동,905-22,11470-24,목동트윈빌,,159.3,6,2000,88000,2018-11-08,,,,,,
양천구,11470,10300,신월동,341-1,11470-67,길훈,,42.57,1,1987,16900,2018-11-16,,,,,,
양천구,11470,10100,신정동,329,11470-123,목동신시가지14,,55.02,12,1987,85000,2018-11-21,,,,,,
양천구,11470,10300,신월동,591-1,11470-85,신안약수,,87.17,7,1985,47000,2018-11-19,,,,,,
양천구,11470,10200,목동,771-31,11470-59,인우,,55.931,5,2002,32900,2018-11-02,,,,,,
양천구,11470,10100,신정동,938-7,11470-169,동원데쟈뷰,,58.89,1,2002,30000,2018-11-07,,,,,,
양천구,11470,10300,신월동,1042,11470-3959,삼익플라주,,60.873,3,2006,34800,2018-11-05,,,,,,
양천구,11470,10300,신월동,1007-11,11470-111,청송,,63.02,6,2002,22000,2018-11-05,,,,,,
양천구,11470,10100,신정동,1219-1,11470-185,신일해피트리,,69.66,5,2004,30000,2018-11-02,,,,,,
양천구,11470,10100,신정동,1285,11470-170,푸른마을4,,84.99,8,2002,50000,2018-11-05,,,,,,
강서구,11500,10300,화곡동,1165,11500-6919,강서힐스테이트,,128.81,8,2015,110000,2018-11-26,,,,,,
강서구,11500,10500,마곡동,1252,11500-5165,마곡보타닉경남아너스빌,,59.7672,6,2005,50000,2018-11-24,,,,,,
강서구,11500,10600,내발산동,695,11500-365,내츄럴1차,,70.8,4,2004,39800,2018-11-24,,,,,,
강서구,11500,10300,화곡동,354-54,11500-111,화곡동복지,,53.94,3,1974,15500,2018-11-26,,,,,,
강서구,11500,10400,가양동,448-9,11500-153,빛고을우방,,59.97,7,1999,55500,2018-11-23,,,,,,
강서구,11500,10900,방화동,895,11500-5893,동일스위트리버2차,,53.66,9,2009,41000,2018-11-19,,,,,,
강서구,11500,10600,내발산동,657,11500-477,우장산힐스테이트,,101.87,15,2005,114500,2018-11-16,,,,,,
강서구,11500,10400,가양동,1485,11500-149,가양6단지,,39.6,13,1992,43300,2018-11-29,,,,,,
강서구,11500,10300,화곡동,919-1,11500-332,유림노르웨이숲(919-1),,76.23,12,2004,37800,2018-11-27,,,,,,
강서구,11500,10600,내발산동,716-16,11500-371,그린씨티,,84.577,1,2004,43000,2018-11-22,,,,,,
강서구,11500,10300,화곡동,1165,11500-6919,강서힐스테이트,,84.99,14,2015,105500,2018-11-19,,,,,,
강서구,11500,10300,화곡동,900-1,11500-106,해태드림타운,,66.15,4,1997,29500,2018-11-23,,,,,,
강서구,11500,10900,방화동,839,11500-193,방화그린,,49.77,9,1993,41000,2018-11-24,,,,,,
강서구,11500,10300,화곡동,1159,11500-5419,"우장산아이파크,이편한세상",,84.97,8,2008,96000,2018-11-29,,,,,,
강서구,11500,10300,화곡동,920-15,11500-7595,남광아파트,,43.85,2,2017,25000,2018-11-14,,,,,,
강서구,11500,10300,화곡동,899-8,11500-7821,한울아파트,,29.1,8,2018,24800,2018-11-21,,,,,,
강서구,11500,10300,화곡동,1011-6,11500-139,희훈리치파크,,84.63,8,2002,60000,2018-11-30,,,,,,
강서구,11500,10200,등촌동,695,11500-56,주공5,,58.14,2,1995,60000,2018-11-10,,,,,,
강서구,11500,10900,방화동,619-7,11500-6675,AirPalace(619-7),,18.6,5,2013,9900,2018-11-16,,,,,,
강서구,11500,10300,화곡동,1139,11500-103,초록,,49.77,1,1998,37000,2018-11-25,,,,,,
강서구,11500,10400,가양동,1461,11500-151,가양2단지(성지),,39.6,5,1992,42500,2018-11-03,,,,,,
강서구,11500,10400,가양동,1461,11500-151,가양2단지(성지),,49.56,15,1992,49000,2018-11-20,,,,,,
강서구,11500,10900,방화동,885,11500-5167,방화동2차태승훼미리,,83.58,10,2005,53000,2018-11-21,,,,,,
강서구,11500,10400,가양동,1474,11500-147,대림경동아파트,,131.4,10,1993,86000,2018-11-17,,,,,,
강서구,11500,10100,염창동,249-11,11500-29,현대2,,59.39,8,1993,49200,2018-11-28,,,,,,
강서구,11500,10400,가양동,1485,11500-149,가양6단지,,58.65,10,1992,63800,2018-11-05,,,,,,
강서구,11500,10500,마곡동,1171,11500-199,마곡현대아파트,,84.95,13,1999,64500,2018-11-07,,,,,,
강서구,11500,10100,염창동,289,11500-21,신동아,,84.9,5,1995,60000,2018-11-20,,,,,,
강서구,11500,10300,화곡동,1148,11500-347,우장산롯데,,117.24,2,2004,58800,2018-11-21,,,,,,
강서구,11500,10300,화곡동,1091,11500-120,화곡푸르지오,,125.021,14,2002,94000,2018-11-16,,,,,,
강서구,11500,10300,화곡동,409-248,11500-78,미성아파트(연립),,119.77,6,1987,48000,2018-11-05,,,,,,
강서구,11500,10200,등촌동,631-9,11500-34,대동황토방,,84.95,6,2000,60000,2018-11-27,,,,,,
강서구,11500,10900,방화동,814,11500-197,방화5,,39.6,2,1994,35500,2018-11-07,,,,,,
강서구,11500,10300,화곡동,46-120,11500-469,에이원A동,,59.42,1,2005,23000,2018-11-16,,,,,,
강서구,11500,10300,화곡동,1139,11500-103,초록,,49.77,3,1998,40000,2018-11-14,,,,,,
강서구,11500,10100,염창동,288,11500-28,현대1,,84.96,5,1994,57000,2018-11-24,,,,,,
강서구,11500,10600,내발산동,657,11500-477,우장산힐스테이트,,84.98,10,2005,104000,2018-11-10,,,,,,
강서구,11500,10600,내발산동,657,11500-477,우장산힐스테이트,,59.98,12,2005,88000,2018-11-11,,,,,,
강서구,11500,10200,등촌동,634-2,11500-61,한사랑2삼성,,84.96,2,1999,56000,2018-11-26,,,,,,
강서구,11500,10300,화곡동,915-30,11500-5846,임탑-A,,48.79,10,2009,24000,2018-11-20,,,,,,
강서구,11500,10600,내발산동,657,11500-477,우장산힐스테이트,,126.65,4,2005,112000,2018-11-10,,,,,,
강서구,11500,10300,화곡동,920-15,11500-7595,남광아파트,,43.85,4,2017,24500,2018-11-04,,,,,,
강서구,11500,10300,화곡동,1009-8,11500-104,타워빌,,84.04,8,2001,52500,2018-11-14,,,,,,
강서구,11500,10300,화곡동,899-8,11500-7821,한울아파트,,28.82,8,2018,23700,2018-11-19,,,,,,
강서구,11500,10600,내발산동,717-20,11500-5144,강성레스트빌아파트,,84.762,3,2005,53000,2018-11-08,,,,,,
강서구,11500,10400,가양동,1461,11500-151,가양2단지(성지),,34.44,3,1992,37000,2018-11-19,,,,,,
강서구,11500,10300,화곡동,1071-19,11500-6652,강서뉴타워,,82.88,5,2013,41500,2018-11-09,,,,,,
강서구,11500,10400,가양동,1485,11500-149,가양6단지,,39.6,11,1992,45800,2018-11-28,,,,,,
강서구,11500,10300,화곡동,1011-6,11500-139,희훈리치파크,,115.5,10,2002,64500,2018-11-13,,,,,,
강서구,11500,10300,화곡동,24-130,11500-305,신원2차(24-130),,64.03,5,2001,19450,2018-11-07,,,,,,
강서구,11500,10300,화곡동,24-138,11500-6612,토석아네스아파트,,33.46,6,2012,18000,2018-11-29,,,,,,
강서구,11500,10900,방화동,839,11500-193,방화그린,,39.76,14,1993,34000,2018-11-02,,,,,,
강서구,11500,10100,염창동,268,11500-1,관음삼성,,114.9,19,1997,75000,2018-11-22,,,,,,
강서구,11500,10300,화곡동,143-6,11500-7276,성재센트리움아파트,,23.54,8,2016,20000,2018-11-28,,,,,,
강서구,11500,10100,염창동,66-9,11500-495,염창동한강우성,,65.88,2,1990,51000,2018-11-08,,,,,,
강서구,11500,10100,염창동,292,11500-6,동아,,114.84,17,1998,75000,2018-11-17,,,,,,
강서구,11500,10300,화곡동,925-5,11500-6509,풍원팰리스,,43.8,6,2012,23000,2018-11-23,,,,,,
강서구,11500,10300,화곡동,1076-2,11500-343,근상프리즘(1076-2),,71.24,5,2002,35000,2018-11-21,,,,,,
강서구,11500,10600,내발산동,756,11500-5741,마곡수명산파크7단지,,84.82,7,2008,69500,2018-11-04,,,,,,
강서구,11500,10100,염창동,264-27,11500-17,삼성한아름,,84.9,3,1993,55700,2018-11-12,,,,,,
강서구,11500,10600,내발산동,704-2,11500-180,우장산타워빌,,56.37,9,2002,38000,2018-11-13,,,,,,
강서구,11500,10900,방화동,869,11500-223,신안네트빌2단지,,84.0164,1,2002,42000,2018-11-21,,,,,,
강서구,11500,10300,화곡동,1139,11500-103,초록,,59.34,3,1998,51000,2018-11-12,,,,,,
강서구,11500,10900,방화동,814,11500-197,방화5,,39.6,3,1994,38000,2018-11-02,,,,,,
강서구,11500,10100,염창동,299,11500-466,강변힐스테이트,,84.99,1,2005,70000,2018-11-18,,,,,,
강서구,11500,10300,화곡동,381-7,11500-324,태경(381-7),,68.09,6,2001,17000,2018-11-15,,,,,,
강서구,11500,10300,화곡동,927-1,11500-94,웰라이빌,,79.87,13,2000,33000,2018-11-20,,,,,,
강서구,11500,10300,화곡동,926-5,11500-6746,한양아이클래스,,13.79,9,2013,8700,2018-11-16,,,,,,
강서구,11500,10900,방화동,819,11500-186,개화,,133.98,2,1994,68000,2018-11-12,,,,,,
강서구,11500,10900,방화동,619-7,11500-6675,AirPalace(619-7),,14.1,5,2013,9450,2018-11-12,,,,,,
강서구,11500,10600,내발산동,749,11500-5547,마곡수명산파크5단지,,59.84,5,2008,68500,2018-11-18,,,,,,
강서구,11500,10900,방화동,619-7,11500-6675,AirPalace(619-7),,14.1,4,2013,9000,2018-11-10,,,,,,
강서구,11500,10200,등촌동,662-3,11500-46,신송타워,,59.97,4,1997,38000,2018-11-09,,,,,,
강서구,11500,10200,등촌동,695,11500-56,주공5,,58.14,15,1995,67500,2018-11-09,,,,,,
강서구,11500,10300,화곡동,957-1,11500-336,근상프리즘(957-1),,80.6,3,2003,29700,2018-11-09,,,,,,
강서구,11500,10300,화곡동,928-25,11500-6464,로얄홈타운(102동),,40.06,6,2012,18300,2018-11-08,,,,,,
강서구,11500,10500,마곡동,1391,11500-267,양진마니아,,80.97,5,2003,35500,2018-11-07,,,,,,
구로구,11530,10600,고척동,326,11530-63,청구,,59.94,9,1999,39500,2018-11-27,,,,,,
구로구,11530,10600,고척동,52-332,11530-67,한효,,83.2,10,1985,55000,2018-11-27,,,,,,
구로구,11530,10200,구로동,108-2,11530-15,새솔금호,,59.9,13,1996,37700,2018-11-26,,,,,,
구로구,11530,11000,온수동,154,11530-3362,리치안풍산,,84.99,1,2009,29950,2018-11-12,,,,,,
구로구,11530,10600,고척동,343,11530-3459,고척월드메르디앙,,84.93,20,2011,60000,2018-11-12,,,,,,
구로구,11530,10600,고척동,337,11530-3134,한일유앤아이,,59.647,17,2005,40000,2018-11-20,,,,,,
구로구,11530,10800,오류동,6-1,11530-242,한백고은,,84.69,1,2005,30000,2018-11-04,,,,,,
구로구,11530,10900,궁동,112-9,11530-160,호수2차B동,,73.51,4,2003,24900,2018-11-26,,,,,,
구로구,11530,10700,개봉동,70-12,11530-96,동도센트리움(70-12),,114.286,6,2002,37000,2018-11-05,,,,,,
구로구,11530,10700,개봉동,476,11530-89,한마을,,123.46,16,1999,72500,2018-11-22,,,,,,
구로구,11530,11200,항동,233,11530-193,현대홈타운스위트,,84.9804,4,2004,42500,2018-11-13,,,,,,
구로구,11530,10800,오류동,351,11530-3359,서해그랑블,,84.98,1,2009,34900,2018-11-10,,,,,,
구로구,11530,10800,오류동,343,11530-153,금강(343),,60.054,4,2003,46750,2018-11-24,,,,,,
구로구,11530,10700,개봉동,481,11530-91,현대,,84.99,20,2001,67000,2018-11-11,,,,,,
구로구,11530,10100,신도림동,649,11530-168,대림e-편한세상7,,116.308,20,2004,100000,2018-11-22,,,,,,
구로구,11530,10200,구로동,440,11530-13,보광,,73.89,3,1984,50500,2018-11-20,,,,,,
구로구,11530,10200,구로동,1280,11530-3282,한신휴플러스(1280-0),,58.03,10,2007,54900,2018-11-03,,,,,,
구로구,11530,10800,오류동,351,11530-3359,서해그랑블,,84.71,2,2009,39300,2018-11-26,,,,,,
구로구,11530,10200,구로동,108-2,11530-15,새솔금호,,59.9,6,1996,36800,2018-11-25,,,,,,
구로구,11530,10700,개봉동,478,11530-90,한진,,84.96,6,2000,48500,2018-11-21,,,,,,
구로구,11530,10700,개봉동,481,11530-91,현대,,84.96,21,2001,64800,2018-11-22,,,,,,
구로구,11530,10200,구로동,701-76,11530-37,현대로얄,,68.63,3,1987,29500,2018-11-12,,,,,,
구로구,11530,10200,구로동,685-223,11530-137,주공2,,32.39,5,1987,35000,2018-11-17,,,,,,
구로구,11530,10100,신도림동,645,11530-132,동아3,,84.99,13,2000,89400,2018-11-27,,,,,,
구로구,11530,10600,고척동,331,11530-55,삼익(2단지),,59.82,3,2001,32900,2018-11-17,,,,,,
구로구,11530,10200,구로동,745-73,11530-380,송림빌라,,43.7,5,1997,16000,2018-11-08,,,,,,
구로구,11530,10600,고척동,97-3,11530-167,삼명,,43.74,5,1977,17350,2018-11-29,,,,,,
구로구,11530,10600,고척동,97-3,11530-167,삼명,,43.74,5,1977,17100,2018-11-16,,,,,,
구로구,11530,11000,온수동,155,11530-3391,온수힐스테이트,,102.6,11,2010,58000,2018-11-03,,,,,,
구로구,11530,10700,개봉동,481,11530-91,현대,,59.94,15,2001,54000,2018-11-24,,,,,,
구로구,11530,10200,구로동,314,11530-2,극동,,55.57,9,1984,32800,2018-11-02,,,,,,
구로구,11530,10600,고척동,338,11530-3323,마젤란,,94.421,6,2008,57500,2018-11-24,,,,,,
구로구,11530,10100,신도림동,637,11530-141,우성3,,84.75,11,1993,81500,2018-11-03,,,,,,
구로구,11530,10700,개봉동,481,11530-91,현대,,114.99,7,2001,68000,2018-11-17,,,,,,
구로구,11530,10600,고척동,269-1,11530-47,개봉청구,,58.67,5,1993,23200,2018-11-03,,,,,,
구로구,11530,11200,항동,233,11530-193,현대홈타운스위트,,84.9852,2,2004,42800,2018-11-15,,,,,,
구로구,11530,10900,궁동,112-10,11530-159,호수1차A동,,75.37,1,2003,24000,2018-11-01,,,,,,
구로구,11530,10600,고척동,306,11530-49,경남2,,84.85,3,1999,42000,2018-11-14,,,,,,
구로구,11530,10800,오류동,335,11530-98,금강,,84.96,12,1996,30500,2018-11-04,,,,,,
구로구,11530,10600,고척동,321,11530-62,우성꿈동산,,65.16,6,1996,31800,2018-11-08,,,,,,
구로구,11530,10700,개봉동,489,11530-3213,개봉동현대아이파크,,117.74,9,2006,83000,2018-11-29,,,,,,
구로구,11530,11100,천왕동,275,11530-3469,천왕이펜하우스6단지,,84.97,15,2011,55500,2018-11-17,,,,,,
구로구,11530,10200,구로동,440,11530-13,보광,,73.89,2,1984,53850,2018-11-28,,,,,,
구로구,11530,10600,고척동,306,11530-49,경남2,,59.96,17,1999,33500,2018-11-23,,,,,,
구로구,11530,10200,구로동,98-10,11530-3652,비즈트위트그린,,15.11,12,2012,12880,2018-11-26,,,,,,
구로구,11530,10200,구로동,98-10,11530-3652,비즈트위트그린,,15.11,12,2012,12880,2018-11-26,,,,,,
구로구,11530,10200,구로동,98-10,11530-3652,비즈트위트그린,,15.11,14,2012,12880,2018-11-26,,,,,,
구로구,11530,10200,구로동,98-10,11530-3652,비즈트위트그린,,15.11,14,2012,12880,2018-11-26,,,,,,
구로구,11530,10200,구로동,98-10,11530-3652,비즈트위트그린,,15.11,14,2012,12880,2018-11-26,,,,,,
구로구,11530,10700,개봉동,175-8,11530-88,청실,,64.56,10,1987,29700,2018-11-07,,,,,,
구로구,11530,10200,구로동,1281,11530-3214,한일유앤아이,,84.962,12,2006,49000,2018-11-14,,,,,,
구로구,11530,10200,구로동,440,11530-13,보광,,83.97,2,1984,54000,2018-11-19,,,,,,
구로구,11530,10200,구로동,1267,11530-17,신도림태영타운,,84.87,18,2000,82000,2018-11-02,,,,,,
구로구,11530,10200,구로동,1265,11530-9,구로두산,,44.64,5,1998,35800,2018-11-10,,,,,,
구로구,11530,11100,천왕동,282,11530-3514,천왕이펜하우스1단지,,59.94,4,2011,53500,2018-11-17,,,,,,
구로구,11530,10200,구로동,97-4,11530-3536,하나세인스톤2차,,19.33,14,2011,14300,2018-11-19,,,,,,
구로구,11530,10200,구로동,685-70,11530-39,현대연예인,,54.86,5,1989,39700,2018-11-15,,,,,,
구로구,11530,10800,오류동,347,11530-3225,오류동금호어울림,,84.93,2,2006,44000,2018-11-17,,,,,,
구로구,11530,10200,구로동,97-2,11530-231,순영웰라이빌2차,,66.63,17,2005,37300,2018-11-08,,,,,,
구로구,11530,10200,구로동,1278,11530-3249,구로두산위브,,50.14,8,2006,53800,2018-11-10,,,,,,
구로구,11530,10200,구로동,256-1,11530-171,삼성래미안,,78.665,11,2004,70500,2018-11-03,,,,,,
구로구,11530,10700,개봉동,335-1,11530-76,동인,,71.38,10,1989,24500,2018-11-09,,,,,,
구로구,11530,10200,구로동,560,11530-18,신도림현대,,80.01,21,1994,59000,2018-11-30,,,,,,
구로구,11530,10200,구로동,1274,11530-146,신성미소지움,,84.23,15,2003,50800,2018-11-24,,,,,,
구로구,11530,10200,구로동,1265,11530-9,구로두산,,51.84,8,1998,36500,2018-11-27,,,,,,
구로구,11530,10200,구로동,1265,11530-9,구로두산,,44.64,18,1998,32200,2018-11-20,,,,,,
구로구,11530,10100,신도림동,642,11530-128,대림2,,59.9,13,2001,75000,2018-11-12,,,,,,
구로구,11530,10100,신도림동,290,11530-133,미성,,37.91,6,1987,30300,2018-11-14,,,,,,
구로구,11530,11000,온수동,155,11530-3391,온수힐스테이트,,84.97,8,2010,59800,2018-11-08,,,,,,
구로구,11530,10200,구로동,685-124,11530-30,중앙하이츠,,79.97,15,1987,51000,2018-11-27,,,,,,
구로구,11530,10800,오류동,150-42,11530-99,길훈,,53.94,5,1986,19000,2018-11-03,,,,,,
구로구,11530,10200,구로동,685-222,11530-29,주공1,,73.08,2,1986,58000,2018-11-16,,,,,,
구로구,11530,10600,고척동,171-31,11530-178,해피그린(171-31),,84.93,4,2004,33200,2018-11-24,,,,,,
구로구,11530,10700,개봉동,60-82,11530-72,거성푸르뫼2,,132.68,9,1994,42700,2018-11-12,,,,,,
구로구,11530,10200,구로동,104-9,11530-43,성호메이플라워멤버스빌,,31.76,14,2002,13500,2018-11-30,,,,,,
구로구,11530,11100,천왕동,281,11530-3775,천왕연지타운2단지,,84.9,10,2014,60500,2018-11-20,,,,,,
구로구,11530,10200,구로동,1259,11530-1,구일우성,,84.49,8,1998,50000,2018-11-12,,,,,,
구로구,11530,10600,고척동,171-31,11530-178,해피그린(171-31),,82.98,5,2004,34000,2018-11-14,,,,,,
구로구,11530,10600,고척동,57-9,11530-53,산업인,,47.01,3,1976,19500,2018-11-21,,,,,,
구로구,11530,11000,온수동,155,11530-3391,온수힐스테이트,,121.26,6,2010,59000,2018-11-27,,,,,,
구로구,11530,11000,온수동,155,11530-3391,온수힐스테이트,,84.97,3,2010,53600,2018-11-01,,,,,,
구로구,11530,10700,개봉동,471,11530-79,삼호,,84.88,11,1996,46700,2018-11-27,,,,,,
구로구,11530,10700,개봉동,470,11530-80,삼환,,59.4,24,1995,40600,2018-11-05,,,,,,
구로구,11530,10600,고척동,296,11530-51,대우,,59.96,3,1999,38000,2018-11-26,,,,,,
구로구,11530,10200,구로동,44-8,11530-3730,비즈트위트오렌지,,20.34,2,2013,13000,2018-11-26,,,,,,
구로구,11530,10200,구로동,642-9,11530-35,한신,,35.277,15,1988,25900,2018-11-13,,,,,,
구로구,11530,10600,고척동,76-55,11530-61,"우성,현대아파트",,68.7,4,1987,35800,2018-11-06,,,,,,
구로구,11530,10700,개봉동,476,11530-89,한마을,,84.57,5,1999,56800,2018-11-03,,,,,,
구로구,11530,10800,오류동,338,11530-102,동부골든,,71.06,7,1998,32000,2018-11-04,,,,,,
구로구,11530,10700,개봉동,367-2,11530-186,태경하이빌,,84.93,4,2004,33000,2018-11-22,,,,,,
구로구,11530,10700,개봉동,481,11530-91,현대,,59.94,11,2001,54400,2018-11-05,,,,,,
구로구,11530,10700,개봉동,473,11530-81,상우,,96.3,10,1997,41200,2018-11-01,,,,,,
구로구,11530,10700,개봉동,472,11530-77,두산,,84.96,8,1997,39000,2018-11-15,,,,,,
구로구,11530,10200,구로동,807-16,11530-657,(807-16),,59.93,5,1998,24000,2018-11-13,,,,,,
구로구,11530,10800,오류동,345,11530-190,동선,,58.2159,6,2004,35400,2018-11-05,,,,,,
구로구,11530,10200,구로동,98-4,11530-3641,대림역와이즈플레이스,,24.647,15,2012,16000,2018-11-17,,,,,,
구로구,11530,10700,개봉동,478,11530-90,한진,,84.96,11,2000,49500,2018-11-20,,,,,,
구로구,11530,11000,온수동,155,11530-3391,온수힐스테이트,,102.6,4,2010,55000,2018-11-02,,,,,,
구로구,11530,10700,개봉동,478,11530-90,한진,,59.95,3,2000,41800,2018-11-03,,,,,,
구로구,11530,10200,구로동,1265,11530-9,구로두산,,44.64,6,1998,36900,2018-11-15,,,,,,
구로구,11530,10200,구로동,642-9,11530-35,한신,,45.563,9,1988,33000,2018-11-10,,,,,,
구로구,11530,10100,신도림동,692,11530-3480,디큐브시티,,105.45,27,2011,111000,2018-11-10,,,,,,
구로구,11530,10200,구로동,749-30,11530-420,(749-30),,50.44,2,1998,15500,2018-11-01,,,,,,
구로구,11530,10700,개봉동,480,11530-92,현대홈타운,,59.49,6,2001,37500,2018-11-07,,,,,,
구로구,11530,10200,구로동,770-8,11530-461,(770-8),,49.88,1,1994,12850,2018-11-09,,,,,,
구로구,11530,10200,구로동,752-15,11530-449,(752-15),,24.05,3,1999,8500,2018-11-05,,,,,,
구로구,11530,10700,개봉동,472,11530-77,두산,,59.69,16,1997,34950,2018-11-06,,,,,,
구로구,11530,10600,고척동,296,11530-51,대우,,59.97,8,1999,32000,2018-11-01,,,,,,
구로구,11530,10100,신도림동,692,11530-3480,디큐브시티,,128.41,12,2011,110000,2018-11-01,,,,,,
구로구,11530,10200,구로동,1274,11530-146,신성미소지움,,59.94,3,2003,37500,2018-11-07,,,,,,
구로구,11530,10600,고척동,337,11530-3134,한일유앤아이,,59.647,10,2005,34900,2018-11-03,,,,,,
구로구,11530,10600,고척동,57-9,11530-53,산업인,,47.26,5,1976,16700,2018-11-02,,,,,,
구로구,11530,10600,고척동,334,11530-69,벽산,,84.878,5,2003,58500,2018-11-02,,,,,,
금천구,11545,10200,독산동,1143,11545-1476,이랜드해가든,,84.927,14,2008,57700,2018-11-12,,,,,,
금천구,11545,10300,시흥동,1014,11545-109,금광,,59.7161,4,2004,34000,2018-11-24,,,,,,
금천구,11545,10200,독산동,1147,11545-2262,금천롯데캐슬골드파크1차,,84.8114,34,2016,92000,2018-11-26,,,,,,
금천구,11545,10200,독산동,1147,11545-2262,금천롯데캐슬골드파크1차,,84.4623,16,2016,84000,2018-11-24,,,,,,
금천구,11545,10100,가산동,237-81,11545-1415,드림케슬3차,,84.8,6,2005,31700,2018-11-17,,,,,,
금천구,11545,10300,시흥동,5-13,11545-41,삼익,,59.9,4,1999,31000,2018-11-24,,,,,,
금천구,11545,10200,독산동,1141,11545-1410,서초파레스,,84.11,7,2005,40000,2018-11-15,,,,,,
금천구,11545,10200,독산동,1144,11545-1560,독산동한양수자인,,68.307,3,2011,49000,2018-11-02,,,,,,
금천구,11545,10200,독산동,1140,11545-108,독산동중앙하이츠빌,,84.8768,6,2004,49000,2018-11-10,,,,,,
금천구,11545,10200,독산동,958,11545-160,을미월드힐,,81.16,7,2006,39800,2018-11-15,,,,,,
금천구,11545,10300,시흥동,1014,11545-109,금광,,83.2925,2,2004,39800,2018-11-17,,,,,,
금천구,11545,10300,시흥동,962-8,11545-2427,백운한비치5,,57.99,4,2018,30000,2018-11-22,,,,,,
금천구,11545,10300,시흥동,1016,11545-113,한빛무궁화101동,,68.309,2,2004,28000,2018-11-13,,,,,,
금천구,11545,10300,시흥동,961-4,11545-2459,메르시대신아파트,,61.5,3,2018,33000,2018-11-01,,,,,,
금천구,11545,10100,가산동,237-81,11545-1415,드림케슬3차,,84.8,2,2005,26700,2018-11-01,,,,,,
금천구,11545,10300,시흥동,1002-1,11545-36,럭키남서울아파트,,41.26,12,1981,30200,2018-11-26,,,,,,
금천구,11545,10100,가산동,769,11545-2,두산,,84.9,14,1998,51400,2018-11-06,,,,,,
금천구,11545,10300,시흥동,1013,11545-55,관악산벽산타운5,,84.97,11,2004,41800,2018-11-19,,,,,,
금천구,11545,10300,시흥동,1013,11545-55,관악산벽산타운5,,84.97,5,2004,37800,2018-11-03,,,,,,
금천구,11545,10300,시흥동,1013,11545-55,관악산벽산타운5,,59.34,1,2004,28750,2018-11-28,,,,,,
금천구,11545,10300,시흥동,1002-1,11545-36,럭키남서울아파트,,41.26,7,1981,29800,2018-11-12,,,,,,
금천구,11545,10200,독산동,1140,11545-108,독산동중앙하이츠빌,,84.8768,22,2004,51000,2018-11-03,,,,,,
금천구,11545,10300,시흥동,1002-1,11545-36,럭키남서울아파트,,49.79,3,1981,39850,2018-11-26,,,,,,
금천구,11545,10300,시흥동,1026,11545-1642,남서울힐스테이트,,84.786,19,2014,73500,2018-11-30,,,,,,
금천구,11545,10300,시흥동,1010,11545-39,벽산,,84.99,9,2000,40700,2018-11-15,,,,,,
금천구,11545,10300,시흥동,1011,11545-63,우방,,114.89,8,2002,46700,2018-11-16,,,,,,
금천구,11545,10300,시흥동,1010,11545-39,벽산,,114.84,9,2000,36600,2018-11-15,,,,,,
금천구,11545,10300,시흥동,384-12,11545-34,남서울건영2,,41.34,3,1989,20900,2018-11-09,,,,,,
금천구,11545,10300,시흥동,1013,11545-55,관악산벽산타운5,,114.84,19,2004,46000,2018-11-30,,,,,,
금천구,11545,10300,시흥동,1013,11545-55,관악산벽산타운5,,84.97,17,2004,41000,2018-11-10,,,,,,
금천구,11545,10300,시흥동,1013,11545-55,관악산벽산타운5,,84.97,20,2004,41500,2018-11-07,,,,,,
금천구,11545,10200,독산동,1147,11545-2262,금천롯데캐슬골드파크1차,,72.5249,2,2016,74000,2018-11-07,,,,,,
금천구,11545,10300,시흥동,1010,11545-39,벽산,,84.99,6,2000,40200,2018-11-05,,,,,,
금천구,11545,10300,시흥동,1006,11545-40,벽산3,,59.94,15,1998,25750,2018-11-27,,,,,,
금천구,11545,10300,시흥동,1014,11545-109,금광,,83.2925,3,2004,41700,2018-11-21,,,,,,
금천구,11545,10300,시흥동,1006,11545-40,벽산3,,59.94,1,1998,24000,2018-11-19,,,,,,
금천구,11545,10300,시흥동,1013,11545-55,관악산벽산타운5,,114.84,9,2004,46000,2018-11-09,,,,,,
금천구,11545,10300,시흥동,1010,11545-39,벽산,,114.84,11,2000,41000,2018-11-30,,,,,,
금천구,11545,10300,시흥동,882-61,11545-1734,와이즈플레이스,,14.22,18,2012,9500,2018-11-21,,,,,,
금천구,11545,10300,시흥동,1013,11545-55,관악산벽산타운5,,84.97,8,2004,41500,2018-11-30,,,,,,
금천구,11545,10200,독산동,1135,11545-12,백운,,83.58,4,1998,29800,2018-11-03,,,,,,
금천구,11545,10300,시흥동,1026,11545-1642,남서울힐스테이트,,84.677,11,2014,69000,2018-11-22,,,,,,
금천구,11545,10200,독산동,1088,11545-17,독산주공14단지,,59.22,2,1990,33100,2018-11-12,,,,,,
금천구,11545,10300,시흥동,1013,11545-55,관악산벽산타운5,,114.84,13,2004,44000,2018-11-20,,,,,,
금천구,11545,10200,독산동,711-2,11545-23,금천현대,,59.82,8,2002,40500,2018-11-01,,,,,,
금천구,11545,10300,시흥동,806,11545-1421,시흥동월드메르디앙,,82.81,15,2006,45000,2018-11-24,,,,,,
금천구,11545,10300,시흥동,384-12,11545-34,남서울건영2,,41.34,12,1989,22350,2018-11-11,,,,,,
금천구,11545,10300,시흥동,1011,11545-63,우방,,59.91,8,2002,33900,2018-11-10,,,,,,
금천구,11545,10300,시흥동,1011,11545-63,우방,,114.89,9,2002,49700,2018-11-19,,,,,,
금천구,11545,10300,시흥동,1010,11545-39,벽산,,114.84,9,2000,39500,2018-11-05,,,,,,
금천구,11545,10300,시흥동,1010,11545-39,벽산,,59.94,10,2000,29950,2018-11-15,,,,,,
금천구,11545,10200,독산동,332-14,11545-5,계룡아파트,,84.96,9,1998,36000,2018-11-23,,,,,,
금천구,11545,10200,독산동,711-2,11545-23,금천현대,,84.83,16,2002,40000,2018-11-20,,,,,,
금천구,11545,10300,시흥동,1013,11545-55,관악산벽산타운5,,59.34,2,2004,28500,2018-11-19,,,,,,
금천구,11545,10300,시흥동,5-13,11545-41,삼익,,59.9,3,1999,30700,2018-11-02,,,,,,
금천구,11545,10300,시흥동,384-12,11545-34,남서울건영2,,41.34,11,1989,21000,2018-11-08,,,,,,
금천구,11545,10300,시흥동,1008,11545-31,금강,,59.95,8,2000,30500,2018-11-07,,,,,,
금천구,11545,10300,시흥동,384-12,11545-34,남서울건영2,,84.82,6,1989,35000,2018-11-13,,,,,,
금천구,11545,10200,독산동,1088,11545-17,독산주공14단지,,38.64,15,1990,23500,2018-11-03,,,,,,
금천구,11545,10300,시흥동,384-12,11545-34,남서울건영2,,61.14,7,1989,32500,2018-11-02,,,,,,
금천구,11545,10300,시흥동,1013,11545-55,관악산벽산타운5,,114.84,18,2004,51600,2018-11-06,,,,,,
금천구,11545,10300,시흥동,1010,11545-39,벽산,,84.99,8,2000,38800,2018-11-05,,,,,,
금천구,11545,10300,시흥동,1013,11545-55,관악산벽산타운5,,84.97,8,2004,39700,2018-11-03,,,,,,
영등포구,11560,13200,신길동,261-22,11560-1609,신길레전드힐스,,13.74,4,2013,7703,2018-11-20,,,,,,
영등포구,11560,13200,신길동,261-22,11560-1609,신길레전드힐스,,13.49,6,2013,7563,2018-11-20,,,,,,
영등포구,11560,13200,신길동,261-22,11560-1609,신길레전드힐스,,13.55,14,2013,7633,2018-11-20,,,,,,
영등포구,11560,11700,당산동,121-134,11560-1337,성재I캐슬2차,,80.43,10,2007,47000,2018-11-30,,,,,,
영등포구,11560,12100,문래동3가,54,11560-60,문래자이,,121.53,18,2001,115000,2018-11-29,,,,,,
영등포구,11560,13300,대림동,608-1,11560-133,현대3차,,43.92,9,1997,45500,2018-11-25,,,,,,
영등포구,11560,10100,영등포동,647,11560-2,영등포푸르지오,,73.133,8,2002,79500,2018-11-24,,,,,,
영등포구,11560,10800,영등포동7가,46-1,11560-6,경남아너스빌,,59.9,18,1998,62900,2018-11-20,,,,,,
영등포구,11560,10100,영등포동,647,11560-2,영등포푸르지오,,73.133,18,2002,79500,2018-11-20,,,,,,
영등포구,11560,12100,문래동3가,94,11560-137,문래힐스테이트,,137.82,8,2003,110000,2018-11-15,,,,,,
영등포구,11560,13300,대림동,607-1,11560-127,코오롱,,134.91,22,1998,82500,2018-11-29,,,,,,
영등포구,11560,13200,신길동,2-3,11560-105,삼두,,43.65,6,1987,35000,2018-11-07,,,,,,
영등포구,11560,11400,당산동4가,30-1,11560-40,당산현대5차,,84.69,21,2000,98000,2018-11-10,,,,,,
영등포구,11560,13300,대림동,785,11560-128,현대2,,84.74,1,1992,50000,2018-11-11,,,,,,
영등포구,11560,13200,신길동,4780,11560-1233,보라매경남아너스빌,,84.79,11,2005,75500,2018-11-13,,,,,,
영등포구,11560,12700,양평동3가,101,11560-91,양평현대6차,,84.94,5,2000,70000,2018-11-12,,,,,,
영등포구,11560,13200,신길동,1343,11560-117,대방전철,,75.88,1,1976,49500,2018-11-12,,,,,,
영등포구,11560,11000,여의도동,11-1,11560-19,순복음(초원),,66.94,6,1971,58000,2018-11-26,,,,,,
영등포구,11560,12100,문래동3가,76-1,11560-57,국화맨션,,84.71,14,1983,94000,2018-11-03,,,,,,
영등포구,11560,12700,양평동3가,90-1,11560-85,거성파스텔,,59.96,4,1999,60000,2018-11-09,,,,,,
영등포구,11560,12500,양평동1가,269,11560-1216,이너스삼성,,71.2,2,2005,52500,2018-11-30,,,,,,
영등포구,11560,13300,대림동,1121,11560-1350,신대림자이1단지,,84.14,7,2007,62800,2018-11-15,,,,,,
영등포구,11560,11000,여의도동,37,11560-13,미성,,162.71,8,1978,215000,2018-11-09,,,,,,
영등포구,11560,13300,대림동,1122,11560-1351,신대림자이2단지,,84.83,5,2007,60000,2018-11-01,,,,,,
영등포구,11560,13200,신길동,102-8,11560-114,우성4,,75.36,7,1991,62000,2018-11-26,,,,,,
영등포구,11560,10800,영등포동7가,46-1,11560-6,경남아너스빌,,84.93,4,1998,76000,2018-11-06,,,,,,
영등포구,11560,12400,문래동6가,45,11560-75,현대2차,,41.04,14,1987,41000,2018-11-16,,,,,,
영등포구,11560,11000,여의도동,43-4,11560-1247,롯데캐슬아이비,,113.59,17,2005,127700,2018-11-08,,,,,,
영등포구,11560,11200,당산동2가,16-1,11560-152,당산대우,,31.73,19,1999,27350,2018-11-05,,,,,,
영등포구,11560,13300,대림동,785,11560-128,현대2,,84.74,11,1992,56500,2018-11-09,,,,,,
영등포구,11560,11100,당산동1가,9-1,11560-30,코오롱,,59.9,10,1996,46300,2018-11-10,,,,,,
영등포구,11560,13300,대림동,650,11560-124,성원(650),,84.66,14,1995,54900,2018-11-03,,,,,,
영등포구,11560,13200,신길동,2-3,11560-105,삼두,,42.12,2,1987,33500,2018-11-17,,,,,,
영등포구,11560,12500,양평동1가,20,11560-79,신동아,,50.81,15,1982,48000,2018-11-15,,,,,,
영등포구,11560,11600,당산동6가,336-4,11560-1573,유탑유블레스,,13.3867,7,2012,17400,2018-11-28,,,,,,
영등포구,11560,11600,당산동6가,336-4,11560-1573,유탑유블레스,,13.3867,6,2012,17400,2018-11-30,,,,,,
영등포구,11560,10900,영등포동8가,76-1,11560-7,삼환,,59.91,18,1999,67000,2018-11-24,,,,,,
영등포구,11560,11400,당산동4가,29,11560-37,한강아파트,,59.4,16,1999,62000,2018-11-17,,,,,,
영등포구,11560,10900,영등포동8가,91,11560-153,당산푸르지오,,114.51,23,2004,108000,2018-11-02,,,,,,
영등포구,11560,10200,영등포동1가,145,11560-1549,내이처해밀,,14.24,4,2012,11500,2018-11-19,,,,,,
영등포구,11560,10100,영등포동,647,11560-2,영등포푸르지오,,79.777,16,2002,77000,2018-11-03,,,,,,
영등포구,11560,13000,양평동6가,101,11560-1711,선유도삼성홈타운,,73.15,2,2015,44000,2018-11-05,,,,,,
영등포구,11560,13200,신길동,4934,11560-107,삼성래미안,,114.87,17,2001,77500,2018-11-28,,,,,,
영등포구,11560,13200,신길동,261-22,11560-1609,신길레전드힐스,,13.74,4,2013,10700,2018-11-28,,,,,,
영등포구,11560,10500,영등포동4가,103,11560-1562,영등포그랑그루,,12.1,9,2012,14500,2018-11-28,,,,,,
영등포구,11560,10400,영등포동3가,19-2,11560-1680,포레스트힐시티,,13.53,12,2014,11800,2018-11-10,,,,,,
영등포구,11560,13200,신길동,4950,11560-2006,래미안에스티움,,59.95,2,2017,84000,2018-11-12,,,,,,
영등포구,11560,10800,영등포동7가,94-51,11560-1530,훼미리하우스117,,16.98,10,2012,12770,2018-11-19,,,,,,
영등포구,11560,13200,신길동,4938,11560-1445,신길자이,,84.94,5,2011,72000,2018-11-03,,,,,,
영등포구,11560,12500,양평동1가,14-1,11560-80,한신공영,,59.98,4,1996,50000,2018-11-16,,,,,,
영등포구,11560,13200,신길동,4501,11560-116,우창,,55.9,10,1983,59000,2018-11-22,,,,,,
영등포구,11560,12400,문래동6가,38-1,11560-72,문래베어스타운,,59.95,7,1997,53000,2018-11-07,,,,,,
영등포구,11560,13300,대림동,993-8,11560-121,무림,,56.23,2,1981,36000,2018-11-04,,,,,,
영등포구,11560,11200,당산동2가,16-1,11560-152,당산대우,,31.73,14,1999,27000,2018-11-19,,,,,,
영등포구,11560,13200,신길동,261-22,11560-1609,신길레전드힐스,,13.74,8,2013,10600,2018-11-13,,,,,,
영등포구,11560,13200,신길동,261-22,11560-1609,신길레전드힐스,,13.74,16,2013,10500,2018-11-13,,,,,,
영등포구,11560,13300,대림동,1125,11560-1875,보라매 신동아 파밀리에,,84.88,1,2016,66500,2018-11-09,,,,,,
영등포구,11560,11000,여의도동,55-1,11560-28,대우트럼프월드Ⅰ,,33.71,5,2002,33800,2018-11-13,,,,,,
영등포구,11560,11500,당산동5가,11-33,11560-165,당산디오빌,,28.86,7,2005,32500,2018-11-14,,,,,,
영등포구,11560,11700,당산동,121-108,11560-1580,훼미리하우스138,,14.28,5,2013,13000,2018-11-13,,,,,,
영등포구,11560,11700,당산동,374,11560-49,래미안당산1차,,84.99,19,1995,72500,2018-11-03,,,,,,
영등포구,11560,13200,신길동,4942,11560-1574,여의도리버뷰,,12.96,6,2012,11000,2018-11-06,,,,,,
영등포구,11560,10200,영등포동1가,145,11560-1549,내이처해밀,,14.24,6,2012,12300,2018-11-12,,,,,,
영등포구,11560,10200,영등포동1가,144,11560-1518,헤렌어반,,13.331,3,2011,11000,2018-11-07,,,,,,
영등포구,11560,10900,영등포동8가,51-1,11560-1577,영등포메이준2011,,12.11,18,2012,12300,2018-11-09,,,,,,
영등포구,11560,10200,영등포동1가,145,11560-1549,내이처해밀,,15.076,2,2012,12000,2018-11-09,,,,,,
영등포구,11560,11700,당산동,121-108,11560-1580,훼미리하우스138,,13.64,6,2013,13000,2018-11-08,,,,,,
영등포구,11560,11700,당산동,121-108,11560-1580,훼미리하우스138,,14.28,5,2013,12900,2018-11-08,,,,,,
영등포구,11560,12400,문래동6가,45,11560-75,현대2차,,79.72,7,1987,62000,2018-11-03,,,,,,
영등포구,11560,11000,여의도동,47,11560-1369,여의도자이,,125.71,38,2008,160000,2018-11-07,,,,,,
동작구,11590,10200,상도동,283-73,11590-3873,상도타워B동,,67.1,6,2005,25900,2018-11-26,,,,,,
동작구,11590,10200,상도동,535,11590-4495,두산위브트레지움2차,,84.8624,15,2016,101000,2018-11-22,,,,,,
동작구,11590,10900,신대방동,713,11590-103,롯데낙천대,,108.4848,10,2003,97000,2018-11-18,,,,,,
동작구,11590,10900,신대방동,565,11590-76,우성1차,,157.07,17,1988,97000,2018-11-15,,,,,,
동작구,11590,10200,상도동,533,11590-4078,힐스테이트 상도 프레스티지,,84.951,6,2013,95000,2018-11-28,,,,,,
동작구,11590,10700,사당동,1137,11590-88,신동아5,,59.67,13,1998,63300,2018-11-30,,,,,,
동작구,11590,10800,대방동,501,11590-57,대림아파트,,59.84,8,1993,71000,2018-11-11,,,,,,
동작구,11590,10900,신대방동,565-21,11590-90,우성2차,,149.49,8,1995,79800,2018-11-15,,,,,,
동작구,11590,10200,상도동,527,11590-3441,이수브라운스톤상도(527-0),,84.91,6,2007,84000,2018-11-12,,,,,,
동작구,11590,10200,상도동,450,11590-22,상도동래미안1차,,84.959,15,2004,85000,2018-11-22,,,,,,
동작구,11590,10500,흑석동,28,11590-36,한강현대,,66.225,12,1988,97500,2018-11-07,,,,,,
동작구,11590,10900,신대방동,720,11590-3743,보라매e편한세상,,84.76,5,2010,88000,2018-11-03,,,,,,
동작구,11590,10900,신대방동,364-55,11590-237,펭귄,,57.69,5,1978,29900,2018-11-06,,,,,,
동작구,11590,10200,상도동,126-17,11590-19,세레노,,84.57,1,2003,37500,2018-11-21,,,,,,
동작구,11590,10200,상도동,533,11590-4078,힐스테이트 상도 프레스티지,,84.951,5,2013,102000,2018-11-29,,,,,,
동작구,11590,10400,본동,484,11590-96,경동윈츠리버,,110.04,13,2004,80000,2018-11-20,,,,,,
동작구,11590,10500,흑석동,336,11590-3965,흑석한강푸르지오,,84.98,2,2012,121500,2018-11-20,,,,,,
동작구,11590,10900,신대방동,395-69,11590-70,보라매아카데미타워,,115.54,12,1998,59000,2018-11-20,,,,,,
동작구,11590,10200,상도동,416,11590-126,아이파크,,84.96,16,2004,80000,2018-11-10,,,,,,
동작구,11590,10200,상도동,431,11590-127,래미안상도3차,,84.96,5,2004,96800,2018-11-20,,,,,,
동작구,11590,10900,신대방동,395-68,11590-69,보라매나산스위트,,218.61,24,1996,65000,2018-11-16,,,,,,
동작구,11590,10200,상도동,414,11590-9,건영,,32.8,16,1997,36500,2018-11-12,,,,,,
동작구,11590,10100,노량진동,228-7,11590-210,은성,,80.48,2,2003,82000,2018-11-16,,,,,,
동작구,11590,10900,신대방동,716,11590-104,현진에버빌,,84.9234,19,2003,56000,2018-11-24,,,,,,
동작구,11590,10200,상도동,413,11590-12,삼익,,84.96,8,1997,50800,2018-11-05,,,,,,
동작구,11590,10700,사당동,1037-9,11590-3313,삼성아파트,,40.759,6,2006,37800,2018-11-01,,,,,,
동작구,11590,10800,대방동,515,11590-3964,아데나339,,12.6,7,2012,12000,2018-11-20,,,,,,
동작구,11590,10200,상도동,533,11590-4078,힐스테이트 상도 프레스티지,,120.49,1,2013,118500,2018-11-14,,,,,,
동작구,11590,10900,신대방동,565,11590-76,우성1차,,66.69,6,1988,67500,2018-11-05,,,,,,
동작구,11590,10100,노량진동,57-1,11590-4413,메가스터디타워,,16.01,11,2015,21300,2018-11-28,,,,,,
동작구,11590,10700,사당동,105,11590-38,극동(105),,84.32,5,1993,75250,2018-11-01,,,,,,
동작구,11590,10200,상도동,363-164,11590-4526,상도휴엔하임,,16.84,15,2016,19600,2018-11-22,,,,,,
동작구,11590,10900,신대방동,364-55,11590-237,펭귄,,57.69,3,1978,29500,2018-11-26,,,,,,
동작구,11590,10200,상도동,363-164,11590-4526,상도휴엔하임,,16.84,15,2016,18700,2018-11-16,,,,,,
동작구,11590,10700,사당동,105,11590-38,극동(105),,59.25,8,1993,71500,2018-11-15,,,,,,
동작구,11590,10200,상도동,531,11590-3954,힐스테이트 상도 센트럴파크,,84.7835,14,2012,115000,2018-11-01,,,,,,
동작구,11590,10200,상도동,521,11590-3412,포스코더샵,,84.992,8,2007,108000,2018-11-03,,,,,,
동작구,11590,10500,흑석동,10,11590-34,명수대현대,,84.33,9,1988,118000,2018-11-06,,,,,,
동작구,11590,10900,신대방동,720,11590-3743,보라매e편한세상,,59.98,3,2010,71000,2018-11-01,,,,,,
동작구,11590,10900,신대방동,713,11590-103,롯데낙천대,,80.2422,9,2003,75000,2018-11-13,,,,,,
동작구,11590,10400,본동,484,11590-96,경동윈츠리버,,56.68,10,2004,62000,2018-11-01,,,,,,
동작구,11590,10400,본동,148-2,11590-28,극동강변,,84.73,9,1992,73200,2018-11-02,,,,,,
동작구,11590,10800,대방동,394-2,11590-3842,진성마블로스,,14.4,7,2011,13600,2018-11-12,,,,,,
동작구,11590,10400,본동,148-2,11590-28,극동강변,,84.73,2,1992,59500,2018-11-08,,,,,,
관악구,11620,10200,신림동,1730,11620-183,신림푸르지오,,114.84,4,2005,78000,2018-11-05,,,,,,
관악구,11620,10200,신림동,1702-1,11620-40,건영4,,84.89,5,1997,51800,2018-11-18,,,,,,
관악구,11620,10200,신림동,1693,11620-43,국제산장,,84.15,12,1993,39000,2018-11-23,,,,,,
관악구,11620,10100,봉천동,148-129,11620-112,관악미래가,,102.34,4,2004,54900,2018-11-27,,,,,,
관악구,11620,10100,봉천동,1723,11620-4231,반석푸른숲,,58.67,1,2006,46800,2018-11-28,,,,,,
관악구,11620,10200,신림동,233-11,11620-41,LIG5차,,59.9,3,1995,38000,2018-11-23,,,,,,
관악구,11620,10100,봉천동,1712,11620-5,관악드림(삼성),,59.83,10,2003,44000,2018-11-20,,,,,,
관악구,11620,10100,봉천동,1707-1,11620-22,은천2단지아파트,,59.93,12,2000,54000,2018-11-15,,,,,,
관악구,11620,10200,신림동,1730,11620-183,신림푸르지오,,84.79,8,2005,73250,2018-11-10,,,,,,
관악구,11620,10200,신림동,1714,11620-54,삼성산주공(주공3단지),,83.21,7,2000,42000,2018-11-05,,,,,,
관악구,11620,10100,봉천동,1698-1,11620-14,보라매삼성,,84.84,11,1996,67000,2018-11-12,,,,,,
관악구,11620,10200,신림동,1695,11620-49,동부,,60.38,5,1993,52000,2018-11-06,,,,,,
관악구,11620,10100,봉천동,7-312,11620-110,동아타운21,,125.42,7,2003,51000,2018-11-26,,,,,,
관악구,11620,10100,봉천동,875-1,11620-119,관악캠퍼스타워,,24.96,13,1998,16000,2018-11-23,,,,,,
관악구,11620,10200,신림동,1694,11620-58,신림현대,,119.49,8,1993,64500,2018-11-06,,,,,,
관악구,11620,10200,신림동,1644,11620-36,강남,,52.48,6,1974,41376,2018-11-26,,,,,,
관악구,11620,10200,신림동,551-42,11620-4565,동훈CDI,,84.39,3,2010,48000,2018-11-08,,,,,,
관악구,11620,10200,신림동,1735,11620-4347,관악산휴먼시아2단지,,114.7,7,2008,65000,2018-11-30,,,,,,
관악구,11620,10200,신림동,1735-1,11620-4348,관악산휴먼시아1단지,,84.97,14,2008,57250,2018-11-14,,,,,,
관악구,11620,10100,봉천동,867-12,11620-4853,프라비다2,,19.61,7,2013,18900,2018-11-21,,,,,,
관악구,11620,10200,신림동,1703-1,11620-39,LIG대학마을(건영아파트3차),,69.17,7,1996,43000,2018-11-29,,,,,,
관악구,11620,10300,남현동,1132,11620-103,흥화브라운빌,,115.72,9,2003,71000,2018-11-14,,,,,,
관악구,11620,10100,봉천동,1000,11620-28,현대(관악),,68.8,2,1992,54500,2018-11-24,,,,,,
관악구,11620,10200,신림동,1735,11620-4347,관악산휴먼시아2단지,,59.96,16,2008,49000,2018-11-16,,,,,,
관악구,11620,10200,신림동,721-2,11620-38,건영2,,43.92,10,1988,26000,2018-11-09,,,,,,
관악구,11620,10200,신림동,1644,11620-36,강남,,50.17,2,1974,40400,2018-11-28,,,,,,
관악구,11620,10100,봉천동,1708,11620-11,두산,,114.99,20,2000,78000,2018-11-15,,,,,,
관악구,11620,10100,봉천동,1000,11620-28,현대(관악),,68.8,15,1992,52500,2018-11-07,,,,,,
관악구,11620,10200,신림동,1735,11620-4347,관악산휴먼시아2단지,,84.97,7,2008,56500,2018-11-24,,,,,,
관악구,11620,10200,신림동,1735,11620-4347,관악산휴먼시아2단지,,114.7,4,2008,61500,2018-11-06,,,,,,
관악구,11620,10200,신림동,1700,11620-50,라이프,,59.13,10,1996,32000,2018-11-22,,,,,,
관악구,11620,10100,봉천동,1712,11620-4,관악드림(동아),,84.96,3,2003,64500,2018-11-05,,,,,,
관악구,11620,10100,봉천동,179-58,11620-29,낙성대현대아파트,,136.11,13,1988,75000,2018-11-01,,,,,,
관악구,11620,10100,봉천동,1717,11620-102,관악푸르지오,,59.58,5,2004,62000,2018-11-15,,,,,,
관악구,11620,10100,봉천동,1000,11620-28,현대(관악),,58.59,11,1992,50500,2018-11-01,,,,,,
관악구,11620,10200,신림동,1644,11620-36,강남,,42.35,5,1974,40300,2018-11-17,,,,,,
관악구,11620,10200,신림동,1736,11620-4349,신림2차푸르지오,,84.8098,5,2007,60000,2018-11-03,,,,,,
관악구,11620,10200,신림동,551-9,11620-80,신림2차현대,,59.91,16,1996,38500,2018-11-09,,,,,,
관악구,11620,10100,봉천동,867-12,11620-4853,프라비다2,,18.83,11,2013,16500,2018-11-30,,,,,,
관악구,11620,10100,봉천동,1021,11620-25,일두(1021),,57.66,3,1985,32000,2018-11-29,,,,,,
관악구,11620,10300,남현동,1135,11620-204,우림루미아트,,84.51,2,2004,69700,2018-11-29,,,,,,
관악구,11620,10100,봉천동,1707-1,11620-22,은천2단지아파트,,49.95,1,2000,34000,2018-11-16,,,,,,
관악구,11620,10200,신림동,1644,11620-36,강남,,42.35,1,1974,39000,2018-11-20,,,,,,
관악구,11620,10100,봉천동,1729,11620-5206,서희스타힐스,,52.6,6,2015,46000,2018-11-27,,,,,,
관악구,11620,10100,봉천동,893-1,11620-5183,프라비다M,,15.66,19,2014,16300,2018-11-09,,,,,,
관악구,11620,10100,봉천동,893-1,11620-5183,프라비다M,,15.66,4,2014,16000,2018-11-09,,,,,,
관악구,11620,10100,봉천동,893-1,11620-5183,프라비다M,,15.66,7,2014,15200,2018-11-24,,,,,,
관악구,11620,10200,신림동,1698,11620-67,태흥,,84.87,7,1995,36000,2018-11-15,,,,,,
관악구,11620,10100,봉천동,1728,11620-5194,관악파크푸르지오,,84.98,11,2014,69500,2018-11-22,,,,,,
관악구,11620,10100,봉천동,1000,11620-28,현대(관악),,58.59,3,1992,50000,2018-11-06,,,,,,
관악구,11620,10200,신림동,1644,11620-36,강남,,46.72,5,1974,38400,2018-11-17,,,,,,
관악구,11620,10100,봉천동,1000,11620-28,현대(관악),,68.8,15,1992,51800,2018-11-14,,,,,,
관악구,11620,10100,봉천동,645-87,11620-15,복권,,47.61,6,1971,15000,2018-11-16,,,,,,
관악구,11620,10200,신림동,1693,11620-43,국제산장,,84.15,2,1993,38000,2018-11-06,,,,,,
관악구,11620,10200,신림동,746-43,11620-37,건영1,,41.04,1,1984,30500,2018-11-13,,,,,,
관악구,11620,10100,봉천동,1000,11620-28,현대(관악),,58.59,12,1992,53000,2018-11-03,,,,,,
관악구,11620,10100,봉천동,645-87,11620-15,복권,,47.61,1,1971,17200,2018-11-03,,,,,,
관악구,11620,10200,신림동,1735-1,11620-4348,관악산휴먼시아1단지,,84.97,15,2008,57500,2018-11-07,,,,,,
관악구,11620,10200,신림동,1425-4,11620-4732,코스모그린,,12.21,8,2012,11000,2018-11-01,,,,,,
서초구,11650,10300,우면동,59,11650-480,동고,,84.96,1,1995,88000,2018-11-26,,,,,,
서초구,11650,10100,방배동,884-21,11650-511,대림e-편한세상1,,164.38,15,2003,183000,2018-11-28,,,,,,
서초구,11650,10100,방배동,424-28,11650-4044,롯데캐슬아르떼,,216.2766,2,2013,244000,2018-11-25,,,,,,
서초구,11650,10700,반포동,20-43,11650-3500,반포자이,,59.98,9,2009,178000,2018-11-24,,,,,,
서초구,11650,10700,반포동,2-12,11650-4440,아크로리버파크,,129.92,27,2016,420000,2018-11-15,,,,,,
서초구,11650,10300,우면동,764,11650-4065,우솔마을서초리슈빌S아파트,,31.159,3,2014,31300,2018-11-24,,,,,,
서초구,11650,10700,반포동,885,11650-231,한신상가,,106.58,5,1974,130000,2018-11-28,,,,,,
서초구,11650,10100,방배동,1008-2,11650-658,래미안방배아트힐(1008-2),,174.5,12,2004,180000,2018-11-20,,,,,,
서초구,11650,10100,방배동,1038,11650-272,대우(효령),,84.92,10,1992,129000,2018-11-24,,,,,,
서초구,11650,10100,방배동,1008-2,11650-658,래미안방배아트힐(1008-2),,127.61,22,2004,155000,2018-11-12,,,,,,
서초구,11650,10100,방배동,485-3,11650-759,방배래미안타워,,134.96,19,2005,155000,2018-11-27,,,,,,
서초구,11650,10600,잠원동,58-16,11650-108,신반포10,,54.03,11,1981,159000,2018-11-10,,,,,,
서초구,11650,10800,서초동,1656-4,11650-3568,롯데캐슬메디치,,107.36,10,2010,115000,2018-11-24,,,,,,
서초구,11650,10700,반포동,20-43,11650-3500,반포자이,,216.49,23,2009,360000,2018-11-07,,,,,,
서초구,11650,10600,잠원동,157,11650-102,동아,,59.8,13,2002,140000,2018-11-15,,,,,,
서초구,11650,10800,서초동,1337-3,11650-4072,urbanplace,,21.007,8,2014,21200,2018-11-20,,,,,,
서초구,11650,10800,서초동,1527-1,11650-832,보미리즌빌,,130.47,1,2005,87250,2018-11-01,,,,,,
서초구,11650,10800,서초동,1316-31,11650-21,밀라텔쉐르빌,,65.32,11,2001,60000,2018-11-07,,,,,,
서초구,11650,10800,서초동,1508-39,11650-1,갤러리하우스,,145.86,3,2001,110000,2018-11-04,,,,,,
서초구,11650,10100,방배동,725,11650-323,방배신삼호,,105.04,12,1983,168000,2018-11-30,,,,,,
서초구,11650,10800,서초동,1350-13,11650-88,동원베네스트아파트,,84.9,10,2002,120200,2018-11-13,,,,,,
서초구,11650,10700,반포동,18-1,11650-3559,래미안퍼스티지,,168.65,18,2009,367000,2018-11-01,,,,,,
서초구,11650,10600,잠원동,73,11650-117,신반포2,,79.42,8,1978,170000,2018-11-28,,,,,,
서초구,11650,10700,반포동,60-4,11650-172,반포미도,,84.96,13,1987,155000,2018-11-09,,,,,,
서초구,11650,10800,서초동,1330,11650-608,서초동삼성쉐르빌2,,52.83,8,2002,45750,2018-11-09,,,,,,
서초구,11650,10100,방배동,1008-2,11650-658,래미안방배아트힐(1008-2),,114.09,9,2004,143000,2018-11-10,,,,,,
서초구,11650,10800,서초동,1330,11650-608,서초동삼성쉐르빌2,,35.17,9,2002,27500,2018-11-28,,,,,,
서초구,11650,11100,신원동,619,11650-4140,서초포레스타6단지,,84.79,7,2015,129500,2018-11-10,,,,,,
서초구,11650,10700,반포동,20-43,11650-3500,반포자이,,244.543,14,2009,413000,2018-11-12,,,,,,
서초구,11650,10700,반포동,30-26,11650-3617,반포리체,,84.967,2,2010,195000,2018-11-03,,,,,,
서초구,11650,10800,서초동,1583-10,11650-3542,서초아트자이,,144.3141,9,2009,154000,2018-11-03,,,,,,
서초구,11650,10600,잠원동,71-1,11650-106,블루힐하우스,,59.85,11,1999,132000,2018-11-17,,,,,,
서초구,11650,10800,서초동,1514-6,11650-600,옥스포드빌라트,,75.01,4,2003,69000,2018-11-26,,,,,,
서초구,11650,10800,서초동,1487-63,11650-708,서초1차e-편한세상,,130.53,6,2004,160000,2018-11-01,,,,,,
서초구,11650,10800,서초동,1330,11650-608,서초동삼성쉐르빌2,,35.22,7,2002,26600,2018-11-20,,,,,,
서초구,11650,10700,반포동,30-26,11650-3617,반포리체,,84.967,26,2010,198000,2018-11-21,,,,,,
서초구,11650,10600,잠원동,42-13,11650-101,대우아이빌,,35.38,12,2001,46000,2018-11-08,,,,,,
서초구,11650,10800,서초동,1330,11650-608,서초동삼성쉐르빌2,,35.22,5,2002,26000,2018-11-09,,,,,,
서초구,11650,10600,잠원동,70,11650-125,신반포4,,96.78,1,1979,192000,2018-11-29,,,,,,
서초구,11650,10800,서초동,1513-2,11650-719,N-Suite(1513-2),,112.35,1,2004,89500,2018-11-20,,,,,,
서초구,11650,10800,서초동,1338-1,11650-701,풍림아이원플러스,,35.903,11,2004,36500,2018-11-26,,,,,,
서초구,11650,10800,서초동,1330,11650-608,서초동삼성쉐르빌2,,35.22,15,2002,25000,2018-11-11,,,,,,
서초구,11650,10800,서초동,1316-15,11650-700,현대성우주상복합아파트,,150.95,21,2002,135000,2018-11-20,,,,,,
서초구,11650,10600,잠원동,60-7,11650-99,녹원한신,,84.75,3,1995,180000,2018-11-29,,,,,,
서초구,11650,10700,반포동,757,11650-175,반포주공1단지,,107.47,4,1973,350000,2018-11-21,,,,,,
서초구,11650,10100,방배동,843-1,11650-363,파인빌리지,,244.85,5,2001,182000,2018-11-21,,,,,,
서초구,11650,10600,잠원동,60-3,11650-129,신반포8,,52.74,7,1981,147500,2018-11-16,,,,,,
서초구,11650,11100,신원동,557,11650-4103,힐스테이트서초젠트리스,,101.9,8,2014,148000,2018-11-19,,,,,,
서초구,11650,10700,반포동,20-43,11650-3500,반포자이,,216.49,16,2009,360000,2018-11-02,,,,,,
서초구,11650,10600,잠원동,31-14,11650-157,대주피오레아파트,,84.98,7,2002,104000,2018-11-06,,,,,,
서초구,11650,10700,반포동,757,11650-175,반포주공1단지,,106.25,4,1973,330000,2018-11-22,,,,,,
서초구,11650,10300,우면동,764,11650-4065,우솔마을서초리슈빌S아파트,,30.015,3,2014,32000,2018-11-05,,,,,,
서초구,11650,10700,반포동,757,11650-175,반포주공1단지,,140.33,3,1973,408000,2018-11-22,,,,,,
서초구,11650,10800,서초동,1520-9,11650-3277,레미안서초6차(1520-9),,130.13,5,2006,132000,2018-11-12,,,,,,
서초구,11650,10700,반포동,968,11650-209,에이아이디차관주택,,72.51,3,1974,201000,2018-11-16,,,,,,
서초구,11650,10700,반포동,757,11650-175,반포주공1단지,,140.13,5,1973,410000,2018-11-13,,,,,,
서초구,11650,10100,방배동,799-8,11650-3867,써니힐즈,,109.8,4,2013,120000,2018-11-20,,,,,,
서초구,11650,10100,방배동,845-5,11650-365,포렛빌,,242.22,1,2001,165000,2018-11-06,,,,,,
서초구,11650,10700,반포동,18-1,11650-3559,래미안퍼스티지,,222.76,19,2009,430000,2018-11-02,,,,,,
서초구,11650,10800,서초동,1445-4,11650-518,래미안서초유니빌,,36.599,17,2003,33000,2018-11-07,,,,,,
서초구,11650,10800,서초동,1685-3,11650-724,아크로비스타,,149.84,25,2004,175000,2018-11-07,,,,,,
서초구,11650,10700,반포동,20-43,11650-3500,반포자이,,244.628,24,2009,380000,2018-11-07,,,,,,
서초구,11650,10300,우면동,773,11650-3821,서초힐스,,84.96,11,2012,114000,2018-11-05,,,,,,
서초구,11650,10200,양재동,312-3,11650-669,서초파크빌,,84.94,2,2000,61000,2018-11-02,,,,,,
강남구,11680,10600,대치동,1027,11680-4394,래미안대치팰리스,,94.5,4,2015,266000,2018-11-17,,,,,,
강남구,11680,10500,삼성동,14-1,11680-507,삼성동중앙하이츠빌리지,,152.98,1,2004,228000,2018-11-19,,,,,,
강남구,11680,10500,삼성동,4-6,11680-194,삼성동한솔아파트,,85,16,1998,130000,2018-11-18,,,,,,
강남구,11680,10300,개포동,185,11680-290,개포주공6단지,,73.02,3,1983,160000,2018-11-27,,,,,,
강남구,11680,10700,신사동,626,11680-3755,리갈팰리스,,241.4,7,2007,184000,2018-11-29,,,,,,
강남구,11680,10500,삼성동,48,11680-195,한일,,80.29,6,2001,133000,2018-11-24,,,,,,
강남구,11680,10300,개포동,185,11680-578,개포주공7단지,,73.26,11,1983,162000,2018-11-15,,,,,,
강남구,11680,10800,논현동,103,11680-136,쌍용,,59.91,2,1996,75000,2018-11-24,,,,,,
강남구,11680,10500,삼성동,14-1,11680-507,삼성동중앙하이츠빌리지,,152.98,1,2004,225000,2018-11-18,,,,,,
강남구,11680,11400,일원동,735,11680-299,가람,,84.95,4,1993,160400,2018-11-15,,,,,,
강남구,11680,10600,대치동,670,11680-601,동부센트레빌,,161.47,18,2005,323000,2018-11-15,,,,,,
강남구,11680,10300,개포동,12,11680-280,성원대치2단지아파트,,39.53,9,1992,91000,2018-11-17,,,,,,
강남구,11680,11000,압구정동,434,11680-426,신현대12차,,110.82,12,1982,240000,2018-11-16,,,,,,
강남구,11680,10100,역삼동,745-13,11680-4667,동원스위트뷰역삼,,109.2,1,2017,84000,2018-11-17,,,,,,
강남구,11680,11400,일원동,735,11680-299,가람,,75.16,3,1993,138000,2018-11-12,,,,,,
강남구,11680,10600,대치동,316,11680-218,은마,,76.79,14,1979,160000,2018-11-20,,,,,,
강남구,11680,10500,삼성동,87,11680-472,아이파크,,145.046,18,2004,315000,2018-11-08,,,,,,
강남구,11680,11000,압구정동,369-1,11680-416,"현대2차(10,11,20,23,24,25동)",,161.19,10,1976,320000,2018-11-08,,,,,,
강남구,11680,11800,도곡동,967,11680-320,경남,,84.94,7,2005,136500,2018-11-02,,,,,,
강남구,11680,10400,청담동,23,11680-83,현대아파트,,84.92,7,1988,134500,2018-11-09,,,,,,
강남구,11680,11000,압구정동,436,11680-424,"현대10차(201,202동)",,108.15,3,1982,214500,2018-11-02,,,,,,
강남구,11680,11400,일원동,711,11680-305,수서,,59.94,9,1992,92000,2018-11-27,,,,,,
강남구,11680,10500,삼성동,2,11680-177,서광아파트,,84.93,11,1998,156000,2018-11-12,,,,,,
강남구,11680,10400,청담동,141-1,11680-97,청담매스터빌,,206.85,6,1994,245000,2018-11-12,,,,,,
강남구,11680,11000,압구정동,448,11680-427,현대13차(208~211동),,105.45,5,1983,245000,2018-11-19,,,,,,
강남구,11680,10100,역삼동,720-25,11680-275,대우디오빌,,59.15,20,2002,61000,2018-11-03,,,,,,
강남구,11680,10300,개포동,651-1,11680-286,"우성9차아파트901동,902동",,84.9,10,1991,150000,2018-11-29,,,,,,
강남구,11680,10800,논현동,39-10,11680-431,비쥬힐,,74.84,1,2003,74500,2018-11-26,,,,,,
강남구,11680,10300,개포동,651-1,11680-286,"우성9차아파트901동,902동",,84.9,15,1991,140000,2018-11-29,,,,,,
강남구,11680,10500,삼성동,143-37,11680-523,현대타워(13층-27층),,149.99,15,1998,115000,2018-11-24,,,,,,
강남구,11680,10100,역삼동,836,11680-251,한스빌(836),,39.89,10,1996,36200,2018-11-10,,,,,,
강남구,11680,10500,삼성동,142-3,11680-522,LG선릉에클라트(B),,36.47,11,2004,37100,2018-11-22,,,,,,
강남구,11680,11800,도곡동,527,11680-3623,도곡렉슬,,114.9931,16,2006,257000,2018-11-01,,,,,,
강남구,11680,11800,도곡동,933,11680-3962,도곡쌍용예가,,107.53,9,1978,159000,2018-11-06,,,,,,
강남구,11680,10300,개포동,649,11680-277,경남1,,166.48,9,1984,242000,2018-11-24,,,,,,
강남구,11680,10500,삼성동,50,11680-3830,현대힐스테이트2단지,,84.435,12,2008,203000,2018-11-09,,,,,,
강남구,11680,10600,대치동,511,11680-481,한보미도맨션2,,115.05,11,1985,238000,2018-11-14,,,,,,
강남구,11680,10100,역삼동,711-3,11680-4515,역삼자이,,114.019,15,2016,188500,2018-11-05,,,,,,
강남구,11680,10500,삼성동,87,11680-472,아이파크,,175.052,28,2004,555000,2018-11-21,,,,,,
강남구,11680,10600,대치동,316,11680-218,은마,,84.43,4,1979,184500,2018-11-14,,,,,,
강남구,11680,11800,도곡동,161,11680-330,삼성,,54.81,11,1994,100000,2018-11-24,,,,,,
강남구,11680,10300,개포동,185,11680-290,개포주공6단지,,73.02,7,1983,164500,2018-11-08,,,,,,
강남구,11680,11500,수서동,795,11680-4324,강남데시앙포레,,84.81,11,2014,149000,2018-11-14,,,,,,
강남구,11680,10100,역삼동,606-18,11680-259,현대휴먼터치빌,,25.92,7,1999,24000,2018-11-17,,,,,,
강남구,11680,11000,압구정동,490,11680-378,한양1차(영동한양),,49.98,12,1977,150000,2018-11-14,,,,,,
강남구,11680,10800,논현동,195-1,11680-3592,e-편한세상,,97.9436,1,2005,103000,2018-11-06,,,,,,
강남구,11680,10300,개포동,12,11680-279,삼익대청아파트,,39.53,7,1992,106000,2018-11-23,,,,,,
강남구,11680,11800,도곡동,968,11680-471,하이페리온,,184.31,6,2004,169000,2018-11-09,,,,,,
강남구,11680,11800,도곡동,199-1,11680-3878,도곡지웰카운티102동,,118.87,4,2010,148500,2018-11-29,,,,,,
강남구,11680,10600,대치동,890-54,11680-3697,선릉역풍림아이원레몬,,69.81,9,2006,65000,2018-11-03,,,,,,
강남구,11680,11200,자곡동,686,11680-4298,강남한양수자인(4단지),,114.46,1,2014,125500,2018-11-10,,,,,,
강남구,11680,11500,수서동,712,11680-318,수서한아름,,163.68,13,1993,170000,2018-11-04,,,,,,
강남구,11680,11800,도곡동,161,11680-330,삼성,,84.81,12,1994,168500,2018-11-02,,,,,,
강남구,11680,11100,세곡동,579,11680-4199,강남엘에이치1단지,,59.89,7,2013,102000,2018-11-13,,,,,,
강남구,11680,10500,삼성동,50,11680-3830,현대힐스테이트2단지,,40.586,12,2008,125000,2018-11-03,,,,,,
강남구,11680,10500,삼성동,87,11680-472,아이파크,,145.046,10,2004,250000,2018-11-22,,,,,,
강남구,11680,10400,청담동,5-25,11680-3574,휴먼스타빌,,39.95,8,2005,57000,2018-11-30,,,,,,
강남구,11680,10600,대치동,891-6,11680-529,테헤란로대우아이빌(891-6),,29.02,26,2004,33500,2018-11-06,,,,,,
강남구,11680,10100,역삼동,728-10,11680-235,네스빌(728-10),,244.52,4,1996,157000,2018-11-28,,,,,,
강남구,11680,11000,압구정동,456,11680-420,"현대6차(78~81,83,84,86,87동)",,144.7,7,1978,295000,2018-11-16,,,,,,
강남구,11680,10600,대치동,511,11680-222,한보미도맨션1,,128.01,6,1983,260000,2018-11-05,,,,,,
강남구,11680,10100,역삼동,727-9,11680-4069,요진와이시티미니,,12.94,4,2012,18300,2018-11-12,,,,,,
강남구,11680,10400,청담동,122-35,11680-4284,청담신원아침도시마인,,28.3132,6,2013,35000,2018-11-03,,,,,,
강남구,11680,10800,논현동,58-2,11680-551,마일스디오빌,,36.29,5,2004,41700,2018-11-03,,,,,,
강남구,11680,10100,역삼동,720-25,11680-275,대우디오빌,,84.986,6,2002,71000,2018-11-16,,,,,,
강남구,11680,10700,신사동,658,11680-3,로데오현대,,55.08,11,1998,77000,2018-11-06,,,,,,
강남구,11680,10100,역삼동,824-25,11680-668,대우디오빌플러스,,34.41,2,2004,28500,2018-11-12,,,,,,
강남구,11680,10400,청담동,23,11680-83,현대아파트,,84.92,10,1988,124000,2018-11-02,,,,,,
강남구,11680,10800,논현동,221-7,11680-4202,한양수자인어반게이트,,16.2,3,2013,20000,2018-11-03,,,,,,
송파구,11710,11400,마천동,68-5,11710-270,천마그랑밸리,,74.54,6,2004,57000,2018-11-20,,,,,,
송파구,11710,10200,신천동,11-9,11710-175,한신잠실코아,,52.51,4,1988,80000,2018-11-30,,,,,,
송파구,11710,10100,잠실동,22,11710-6249,리센츠,,84.99,7,2008,153000,2018-11-24,,,,,,
송파구,11710,11100,방이동,89,11710-102,올림픽선수기자촌3단지,,100.31,9,1988,160000,2018-11-27,,,,,,
송파구,11710,10700,가락동,55,11710-72,현대(6차),,84.8,9,1991,77000,2018-11-20,,,,,,
송파구,11710,11400,마천동,576,11710-156,우방아파트,,55.32,7,2002,44000,2018-11-26,,,,,,
송파구,11710,11300,거여동,45-1,11710-238,블레스,,39.08,7,2005,29900,2018-11-27,,,,,,
송파구,11710,10500,석촌동,285,11710-40,잠실한솔,,84.86,12,2000,107500,2018-11-28,,,,,,
송파구,11710,11200,오금동,2,11710-122,대림,,84.91,15,1988,100300,2018-11-16,,,,,,
송파구,11710,10700,가락동,120-4,11710-44,가락우성2,,84.95,4,2000,73900,2018-11-12,,,,,,
송파구,11710,10400,송파동,151,11710-31,2차한양아파트,,84.92,7,1984,113000,2018-11-20,,,,,,
송파구,11710,10200,신천동,17,11710-6266,파크리오,,144.77,18,2008,195000,2018-11-10,,,,,,
송파구,11710,11100,방이동,173-1,11710-284,원진아뜨리에,,125.75,3,2004,72000,2018-11-16,,,,,,
송파구,11710,11100,방이동,48-5,11710-119,현대주상복합,,30.8,5,1998,20500,2018-11-15,,,,,,
송파구,11710,11400,마천동,574,11710-147,마천대성,,58.67,6,1995,59000,2018-11-28,,,,,,
송파구,11710,11100,방이동,212-8,11710-110,코오롱아파트,,84.95,2,1991,87000,2018-11-14,,,,,,
송파구,11710,10300,풍납동,260,11710-19,현대리버빌1지구,,114.56,1,1999,88800,2018-11-30,,,,,,
송파구,11710,10100,잠실동,40,11710-281,갤러리아팰리스,,151.189,35,2005,167000,2018-11-12,,,,,,
송파구,11710,11100,방이동,171,11710-101,올림픽베어스타운1,,59.37,12,1996,68700,2018-11-29,,,,,,
송파구,11710,10200,신천동,17,11710-6266,파크리오,,84.9,36,2008,140000,2018-11-11,,,,,,
송파구,11710,11400,마천동,319,11710-5807,금호어울림,,59.98,9,2006,60000,2018-11-16,,,,,,
송파구,11710,10200,신천동,7,11710-170,장미1,,82.45,6,1979,145000,2018-11-18,,,,,,
송파구,11710,10300,풍납동,260,11710-19,현대리버빌1지구,,59.96,5,1999,72500,2018-11-16,,,,,,
송파구,11710,10900,장지동,837,11710-6182,송파파인타운4단지,,84.95,10,2008,88500,2018-11-26,,,,,,
송파구,11710,10400,송파동,58-4,11710-5598,레이크해모로,,84.73,6,2005,89800,2018-11-07,,,,,,
송파구,11710,11100,방이동,157,11710-93,방이금호어울림,,84.3,4,2001,75800,2018-11-10,,,,,,
송파구,11710,10800,문정동,618,11710-8245,파크하비오,,84.9648,13,2016,127000,2018-11-10,,,,,,
송파구,11710,10500,석촌동,24-3,11710-7855,석촌호수효성해링턴타워,,15.8307,9,2015,29500,2018-11-10,,,,,,
송파구,11710,10900,장지동,845,11710-6276,송파파인타운5단지,,84.93,3,2008,93000,2018-11-26,,,,,,
송파구,11710,10800,문정동,68-5,11710-6006,자이파인빌(102동),,69.44,5,2006,45000,2018-11-29,,,,,,
송파구,11710,10100,잠실동,22,11710-6249,리센츠,,27.68,27,2008,86000,2018-11-08,,,,,,
송파구,11710,10100,잠실동,22,11710-6249,리센츠,,84.99,31,2008,165000,2018-11-02,,,,,,
송파구,11710,10800,문정동,72-3,11710-78,건영1,,84.81,13,1996,95000,2018-11-01,,,,,,
송파구,11710,10800,문정동,19,11710-81,문정대우푸르지오2차,,59.57,2,2001,58900,2018-11-05,,,,,,
송파구,11710,10300,풍납동,391,11710-3,극동,,79.945,10,1987,81000,2018-11-01,,,,,,
송파구,11710,11200,오금동,138,11710-127,우방,,84.95,2,2001,61500,2018-11-01,,,,,,
송파구,11710,10800,문정동,150,11710-89,올림픽훼밀리타운,,117.585,11,1988,143800,2018-11-14,,,,,,
송파구,11710,10300,풍납동,251-2,11710-16,토성현대,,49.14,4,1986,44500,2018-11-10,,,,,,
송파구,11710,10100,잠실동,35,11710-6028,트리지움,,149.45,18,2007,220000,2018-11-24,,,,,,
송파구,11710,10200,신천동,11-10,11710-169,잠실아이스페이스,,74.2,19,2001,72000,2018-11-04,,,,,,
송파구,11710,11200,오금동,2,11710-122,대림,,84.91,7,1988,65000,2018-11-22,,,,,,
송파구,11710,10100,잠실동,44,11710-5957,레이크팰리스,,84.82,22,2006,152000,2018-11-28,,,,,,
송파구,11710,10800,문정동,150,11710-89,올림픽훼밀리타운,,158.705,4,1988,168500,2018-11-23,,,,,,
송파구,11710,11300,거여동,294,11710-137,거여5단지,,59.74,3,1997,57900,2018-11-02,,,,,,
송파구,11710,11100,방이동,89,11710-5715,올림픽선수기자촌2단지,,100.31,2,1988,160000,2018-11-26,,,,,,
송파구,11710,10200,신천동,17,11710-6266,파크리오,,84.79,33,2008,150000,2018-11-19,,,,,,
송파구,11710,10300,풍납동,509,11710-13,씨티극동1,,114.63,21,1998,97500,2018-11-12,,,,,,
송파구,11710,11200,오금동,165,11710-124,상아2차아파트,,60,13,1988,70500,2018-11-18,,,,,,
송파구,11710,10800,문정동,150,11710-89,올림픽훼밀리타운,,84.705,10,1988,130000,2018-11-07,,,,,,
송파구,11710,11100,방이동,51-4,11710-192,올림픽카운티,,56.22,18,2003,45000,2018-11-02,,,,,,
송파구,11710,10100,잠실동,175-4,11710-5571,잠실월드메르디앙,,82.01,11,2005,98000,2018-11-15,,,,,,
송파구,11710,11200,오금동,133-16,11710-126,영풍,,59.76,3,1998,37300,2018-11-14,,,,,,
송파구,11710,11300,거여동,362,11710-143,현대1차,,84.91,13,1992,72000,2018-11-06,,,,,,
송파구,11710,11300,거여동,290,11710-133,거여1단지,,49.8,11,1997,53500,2018-11-05,,,,,,
송파구,11710,10800,문정동,150,11710-89,올림픽훼밀리타운,,136.325,13,1988,158000,2018-11-22,,,,,,
송파구,11710,11100,방이동,212-8,11710-110,코오롱아파트,,84.95,9,1991,94000,2018-11-01,,,,,,
송파구,11710,10100,잠실동,35,11710-6028,트리지움,,84.95,23,2007,158000,2018-11-14,,,,,,
송파구,11710,10900,장지동,835,11710-6299,송파파인타운2단지,,84.94,4,2008,89000,2018-11-06,,,,,,
송파구,11710,10300,풍납동,401-1,11710-12,쌍용,,84.85,18,1994,87500,2018-11-02,,,,,,
송파구,11710,10100,잠실동,19,11710-6346,잠실엘스,,59.96,15,2008,152750,2018-11-01,,,,,,
송파구,11710,11400,마천동,21,11710-8763,송파건원여미지아파트,,51.764,12,2018,38550,2018-11-04,,,,,,
송파구,11710,11400,마천동,21,11710-8763,송파건원여미지아파트,,51.764,12,2018,37000,2018-11-04,,,,,,
송파구,11710,11400,마천동,21,11710-8763,송파건원여미지아파트,,51.764,10,2018,37000,2018-11-04,,,,,,
송파구,11710,11400,마천동,21,11710-8763,송파건원여미지아파트,,51.764,8,2018,37000,2018-11-26,,,,,,
송파구,11710,10700,가락동,21-6,11710-42,가락쌍용(2차),,59.88,13,1999,65000,2018-11-22,,,,,,
송파구,11710,11300,거여동,44,11710-144,현대2차,,82.96,8,1992,70500,2018-11-06,,,,,,
송파구,11710,10300,풍납동,254,11710-6200,미랜드퀸,,84.44,1,2008,51300,2018-11-12,,,,,,
송파구,11710,10100,잠실동,27,11710-164,주공아파트 5단지,,76.5,6,1978,173750,2018-11-20,,,,,,
송파구,11710,10800,문정동,150,11710-89,올림픽훼밀리타운,,117.585,2,1988,137500,2018-11-15,,,,,,
송파구,11710,10700,가락동,120-4,11710-44,가락우성2,,84.95,20,2000,72000,2018-11-01,,,,,,
송파구,11710,10300,풍납동,391,11710-3,극동,,79.945,13,1987,79000,2018-11-21,,,,,,
송파구,11710,11200,오금동,64,11710-6002,그랑밸리(64),,76.43,2,2007,38500,2018-11-10,,,,,,
송파구,11710,10800,문정동,150,11710-89,올림픽훼밀리타운,,136.325,11,1988,158000,2018-11-16,,,,,,
송파구,11710,10300,풍납동,400-5,11710-14,연지토성,,84.96,1,2000,45000,2018-11-14,,,,,,
송파구,11710,10300,풍납동,413-1,11710-18,현대1,,83.02,1,1995,82500,2018-11-23,,,,,,
송파구,11710,11100,방이동,89,11710-102,올림픽선수기자촌3단지,,83.06,12,1988,150000,2018-11-08,,,,,,
송파구,11710,10100,잠실동,101-1,11710-159,우성아파트,,96.65,3,1981,159000,2018-11-02,,,,,,
송파구,11710,10700,가락동,165,11710-6150,래미안파크팰리스,,84.924,17,2007,120000,2018-11-10,,,,,,
송파구,11710,10900,장지동,895,11710-8018,송파와이즈더샵,,97.1662,17,2016,132500,2018-11-16,,,,,,
송파구,11710,10400,송파동,163-14,11710-32,현대,,84.96,2,1997,74500,2018-11-19,,,,,,
송파구,11710,11200,오금동,165,11710-124,상아2차아파트,,45.77,14,1988,58000,2018-11-23,,,,,,
송파구,11710,10300,풍납동,251-2,11710-16,토성현대,,49.14,2,1986,41300,2018-11-10,,,,,,
송파구,11710,10800,문정동,150,11710-89,올림픽훼밀리타운,,117.585,2,1988,143000,2018-11-29,,,,,,
송파구,11710,10900,장지동,849,11710-6241,송파파인타운3단지,,84.98,4,2008,71400,2018-11-30,,,,,,
송파구,11710,10800,문정동,72-3,11710-78,건영1,,84.81,8,1996,90000,2018-11-10,,,,,,
송파구,11710,10300,풍납동,260,11710-19,현대리버빌1지구,,43.2,6,1999,48000,2018-11-06,,,,,,
송파구,11710,10200,신천동,11-10,11710-169,잠실아이스페이스,,83.11,17,2001,72500,2018-11-01,,,,,,
송파구,11710,10500,석촌동,285,11710-40,잠실한솔,,59.86,5,2000,71500,2018-11-13,,,,,,
송파구,11710,10700,가락동,140,11710-59,가락(1차)쌍용아파트,,84.69,18,1997,82000,2018-11-29,,,,,,
송파구,11710,10800,문정동,68-5,11710-6006,자이파인빌(102동),,69.44,5,2006,46500,2018-11-15,,,,,,
송파구,11710,10800,문정동,58,11710-88,현대2,,84.96,4,1995,57700,2018-11-17,,,,,,
송파구,11710,11300,거여동,291,11710-134,거여2단지효성아파트,,134.88,2,1997,98000,2018-11-11,,,,,,
송파구,11710,10500,석촌동,24-3,11710-7855,석촌호수효성해링턴타워,,15.8307,12,2015,28850,2018-11-20,,,,,,
송파구,11710,10800,문정동,58-17,11710-79,동부화이트빌,,82.12,3,2001,41000,2018-11-16,,,,,,
송파구,11710,10700,가락동,111-13,11710-6427,로즈힐파크(A동),,100.85,7,2009,58000,2018-11-09,,,,,,
송파구,11710,10700,가락동,111-13,11710-6427,로즈힐파크(A동),,105.77,7,2009,59000,2018-11-06,,,,,,
송파구,11710,10800,문정동,74,11710-91,동부브리앙뜨1,,83.07,7,2003,59500,2018-11-06,,,,,,
송파구,11710,10800,문정동,117,11710-92,문정대우푸르지오3차,,84.96,8,2002,71500,2018-11-23,,,,,,
송파구,11710,10700,가락동,196-1,11710-76,동궁리치웰(101동),,136.16,7,2002,82000,2018-11-23,,,,,,
송파구,11710,11300,거여동,294,11710-137,거여5단지,,59.74,4,1997,57000,2018-11-23,,,,,,
송파구,11710,11100,방이동,48-5,11710-119,현대주상복합,,38.56,6,1998,25000,2018-11-03,,,,,,
송파구,11710,10100,잠실동,35,11710-6028,트리지움,,59.88,25,2007,134000,2018-11-09,,,,,,
송파구,11710,10900,장지동,856,11710-6030,송파파인타운10단지,,59.96,10,2007,80500,2018-11-11,,,,,,
송파구,11710,10700,가락동,95,11710-51,동부센트레빌,,115.93,15,2001,105000,2018-11-14,,,,,,
송파구,11710,10500,석촌동,24-3,11710-7855,석촌호수효성해링턴타워,,15.8307,12,2015,29000,2018-11-10,,,,,,
송파구,11710,10700,가락동,138,11710-53,가락미륭아파트,,83.58,14,1986,88000,2018-11-01,,,,,,
송파구,11710,11300,거여동,127-1,11710-6465,팰리스힐,,84,3,2009,42000,2018-11-07,,,,,,
강동구,11740,10900,천호동,287-9,11740-175,유원아파트,,55.98,1,1997,40250,2018-11-29,,,,,,
강동구,11740,10700,암사동,493-14,11740-99,중앙하이츠,,52.94,2,1998,37300,2018-11-15,,,,,,
강동구,11740,10200,고덕동,486,11740-25,아남1,,78.3,15,1996,68000,2018-11-22,,,,,,
강동구,11740,10700,암사동,508,11740-90,삼성광나루,,59.69,16,2002,64000,2018-11-27,,,,,,
강동구,11740,10600,둔촌동,170-1,11740-211,둔촌주공4단지,,71.58,2,1980,124700,2018-11-20,,,,,,
강동구,11740,10200,고덕동,688,11740-4214,래미안힐스테이트고덕,,97.26,25,2016,139700,2018-11-23,,,,,,
강동구,11740,10900,천호동,425-5,11740-2626,대우한강베네시티,,114.63,19,2007,78500,2018-11-24,,,,,,
강동구,11740,10500,길동,160,11740-49,신동아,,61.12,1,1983,49000,2018-11-17,,,,,,
강동구,11740,10600,둔촌동,546,11740-74,신성둔촌미소지움1,,59.78,11,1998,67000,2018-11-12,,,,,,
강동구,11740,10800,성내동,590,11740-129,성내동삼성아파트,,59.88,8,1999,63000,2018-11-10,,,,,,
강동구,11740,10900,천호동,564,11740-179,성원아파트,,60.42,13,1998,46500,2018-11-17,,,,,,
강동구,11740,10500,길동,388-7,11740-3711,다성이즈빌(주상복합),,36.35,14,2015,28400,2018-11-07,,,,,,
강동구,11740,10200,고덕동,312,11740-28,배재현대,,84.9,3,1995,77000,2018-11-26,,,,,,
강동구,11740,10600,둔촌동,170-1,11740-211,둔촌주공4단지,,99.61,10,1980,163000,2018-11-26,,,,,,
강동구,11740,10800,성내동,295,11740-130,성안마을청구,,59.93,12,2002,55800,2018-11-24,,,,,,
강동구,11740,10700,암사동,414-2,11740-2802,롯데캐슬퍼스트,,133.97,10,2008,124000,2018-11-14,,,,,,
강동구,11740,10500,길동,373-7,11740-53,신암,,84.51,6,2000,39000,2018-11-06,,,,,,
강동구,11740,10700,암사동,413,11740-2664,프라이어팰리스,,84.988,21,2007,87000,2018-11-10,,,,,,
강동구,11740,10800,성내동,448-5,11740-115,광남캐스빌(448-5),,84.48,5,2001,56800,2018-11-10,,,,,,
강동구,11740,10500,길동,346-1,11740-242,효성노바,,84.98,3,2003,42500,2018-11-09,,,,,,
강동구,11740,11000,강일동,717,11740-3004,고덕리엔파크2단지,,84.83,12,2011,80000,2018-11-29,,,,,,
강동구,11740,10800,성내동,419-13,11740-118,동아1,,59.72,10,1997,46000,2018-11-03,,,,,,
강동구,11740,10900,천호동,164-70,11740-3322,하이브2,,15.3,14,2013,16000,2018-11-29,,,,,,
강동구,11740,10800,성내동,590,11740-129,성내동삼성아파트,,59.88,15,1999,62000,2018-11-03,,,,,,
강동구,11740,10300,상일동,473,11740-30,동아,,59.25,8,1997,40000,2018-11-26,,,,,,
강동구,11740,10600,둔촌동,170-1,11740-211,둔촌주공4단지,,78.24,3,1980,125000,2018-11-20,,,,,,
강동구,11740,10800,성내동,606,11740-4102,올림픽파크한양수자인,,59.55,15,2016,82000,2018-11-13,,,,,,
강동구,11740,10900,천호동,32-2,11740-195,성인아파트,,78.8,4,2002,33300,2018-11-27,,,,,,
강동구,11740,10500,길동,160,11740-49,신동아,,72.44,8,1983,56500,2018-11-08,,,,,,
강동구,11740,10800,성내동,13-15,11740-2580,동남드림빌,,80.93,8,2006,57000,2018-11-06,,,,,,
강동구,11740,10200,고덕동,688,11740-4214,래미안힐스테이트고덕,,84.9,8,2016,103000,2018-11-22,,,,,,
강동구,11740,10600,둔촌동,611,11740-220,한솔솔파크,,106.79,9,2003,89800,2018-11-03,,,,,,
강동구,11740,10700,암사동,472-18,11740-310,에스엠해그린,,82.62,5,2004,52800,2018-11-26,,,,,,
강동구,11740,10800,성내동,295,11740-130,성안마을청구,,59.93,10,2002,56500,2018-11-14,,,,,,
강동구,11740,10800,성내동,164-1,11740-2569,씨제이나인,,83.59,11,2006,59700,2018-11-02,,,,,,
강동구,11740,10500,길동,414-6,11740-67,신암가온,,56.7,4,2002,25900,2018-11-20,,,,,,
강동구,11740,10700,암사동,414-2,11740-2802,롯데캐슬퍼스트,,84.81,21,2008,89000,2018-11-26,,,,,,
강동구,11740,10500,길동,160,11740-49,신동아,,60.42,4,1983,55000,2018-11-29,,,,,,
강동구,11740,10500,길동,470,11740-60,현대1,,59.88,5,1996,53300,2018-11-03,,,,,,
강동구,11740,10800,성내동,443-24,11740-154,오륜하이츠,,129.52,2,2002,59000,2018-11-04,,,,,,
강동구,11740,10300,상일동,476,11740-38,중앙하이츠,,84.23,4,1992,67000,2018-11-10,,,,,,
강동구,11740,10900,천호동,568,11740-2628,강변그대가리버뷰,,84.97,11,2007,90000,2018-11-22,,,,,,
강동구,11740,10700,암사동,413,11740-2664,프라이어팰리스,,114.272,4,2007,100000,2018-11-09,,,,,,
강동구,11740,10900,천호동,55-4,11740-178,천호롯데아파트,,59.99,4,1999,41800,2018-11-01,,,,,,
강동구,11740,10500,길동,360-5,11740-241,태성,,76.45,7,2003,44550,2018-11-04,,,,,,
강동구,11740,10600,둔촌동,621,11740-44,초원동아,,59.63,8,1997,59000,2018-11-10,,,,,,
강동구,11740,10600,둔촌동,546,11740-74,신성둔촌미소지움1,,59.78,17,1998,67350,2018-11-05,,,,,,
강동구,11740,10600,둔촌동,546,11740-74,신성둔촌미소지움1,,59.78,8,1998,64800,2018-11-03,,,,,,
강동구,11740,10900,천호동,570,11740-2870,강변그대가갤럭시,,84.96,13,2009,89900,2018-11-05,,,,,,
강동구,11740,10500,길동,401-1,11740-357,하나플러스,,84.84,6,2004,49800,2018-11-12,,,,,,
강동구,11740,10600,둔촌동,170-1,11740-75,둔촌주공1단지,,88.26,5,1980,149500,2018-11-18,,,,,,
강동구,11740,10900,천호동,447-17,11740-3722,강동역신동아파밀리에,,107.34,2,2015,104000,2018-11-06,,,,,,
강동구,11740,10500,길동,160,11740-49,신동아,,86.07,9,1983,43357,2018-11-05,,,,,,
강동구,11740,10500,길동,160,11740-49,신동아,,72.44,12,1983,30600,2018-11-08,,,,,,
강동구,11740,10500,길동,456-3,11740-3323,강동큐브,,12.49,17,2013,12500,2018-11-29,,,,,,
강동구,11740,10700,암사동,509,11740-91,선사현대아파트,,59.64,7,2000,65500,2018-11-03,,,,,,
강동구,11740,10800,성내동,463-1,11740-425,탑건위너빌,,63.54,2,2001,33800,2018-11-17,,,,,,
강동구,11740,10800,성내동,423-15,11740-259,신성,,80.51,6,2004,43800,2018-11-22,,,,,,
강동구,11740,10500,길동,415-16,11740-3569,청광플러스원큐브3차,,13.265,8,2014,11500,2018-11-27,,,,,,
강동구,11740,10700,암사동,413,11740-2664,프라이어팰리스,,84.975,21,2007,93800,2018-11-20,,,,,,
강동구,11740,10100,명일동,15,11740-7,삼익그린2차,,84.755,15,1983,93000,2018-11-14,,,,,,
강동구,11740,10500,길동,358-3,11740-293,다성팰리스,,74.44,3,2004,43500,2018-11-05,,,,,,
강동구,11740,11000,강일동,707,11740-3005,고덕리엔파크1단지,,59.83,10,2011,65000,2018-11-11,,,,,,
강동구,11740,10600,둔촌동,622-12,11740-55,주풍그린빌라트,,186.76,7,1996,69000,2018-11-01,,,,,,
강동구,11740,10900,천호동,414,11740-343,두산위브센티움,,31.37,5,2004,16800,2018-11-05,,,,,,
강동구,11740,10500,길동,160,11740-49,신동아,,61.12,1,1983,56200,2018-11-15,,,,,,
강동구,11740,10100,명일동,42,11740-11,명일우성,,84.93,12,1986,86000,2018-11-14,,,,,,
강동구,11740,10500,길동,349-1,11740-3158,다성이즈빌(349-1),,17.2,2,2012,15000,2018-11-01,,,,,,
강동구,11740,10800,성내동,30-2,11740-147,현대,,54.06,1,1987,53500,2018-11-03,,,,,,
강동구,11740,10500,길동,415-13,11740-3349,강동큐브(2차),,15.12,6,2013,11800,2018-11-08,,,,,,
강동구,11740,10800,성내동,194,11740-347,에스케이허브진,,33.71,4,2004,28300,2018-11-05,,,,,,
강동구,11740,10500,길동,388-5,11740-361,메트로아파트,,73.41,10,2004,34000,2018-11-08,,,,,,
강동구,11740,10600,둔촌동,426,11740-2525,세양청마루,,79.59,15,2005,53800,2018-11-02,,,,,,
강동구,11740,10500,길동,415-13,11740-3349,강동큐브(2차),,15.12,12,2013,12000,2018-11-08,,,,,,
강동구,11740,10500,길동,394-17,11740-3895,율전에버그린아파트,,34.83,8,2016,25000,2018-11-01,,,,,,
