구,시군구코드,법정동코드,법정동,지번,단지코드,아파트명,동,전용면적,층,건축년도,거래금액,계약일,해제여부,해제일,거래유형,매수자,매도자,등기일
종로구,11110,17900,홍파동,199,11110-2445,경희궁자이(2단지),,116.986,13,2017,194500,2019-05-27,,,,,,
종로구,11110,18700,무악동,82,11110-90,현대,,84.92,3,2000,81000,2019-05-18,,,,,,
종로구,11110,18300,평창동,108,11110-2246,롯데캐슬로잔,,219.775,5,2009,170000,2019-05-29,,,,,,
종로구,11110,11800,내수동,167,11110-14,세종로대우,,109.91,13,1994,78500,2019-05-28,,,,,,
종로구,11110,11500,사직동,9-1,11110-2204,광화문스페이스본(106동),,163.33,1,2008,148000,2019-05-22,,,,,,
종로구,11110,17100,명륜2가,4,11110-25,아남1,,84.9,6,1995,80000,2019-05-23,,,,,,
종로구,11110,18700,무악동,60,11110-2212,인왕산아이파크,,84.858,5,2008,93000,2019-05-18,,,,,,
종로구,11110,18300,평창동,596,11110-73,삼성,,59.97,6,1998,38500,2019-05-16,,,,,,
종로구,11110,11500,사직동,9,11110-2203,광화문스페이스본(101동~105동),,94.51,5,2008,106000,2019-05-21,,,,,,
종로구,11110,18700,무악동,82,11110-90,현대,,84.92,11,2000,81900,2019-05-30,,,,,,
종로구,11110,11500,사직동,9,11110-2203,광화문스페이스본(101동~105동),,94.28,3,2008,105000,2019-05-31,,,,,,
종로구,11110,18700,무악동,60,11110-2212,인왕산아이파크,,84.858,9,2008,92800,2019-05-10,,,,,,
종로구,11110,11500,사직동,9,11110-2203,광화문스페이스본(101동~105동),,160.85,11,2008,143000,2019-05-31,,,,,,
종로구,11110,10900,누상동,40,11110-210,청호그린빌,,26.64,3,1999,16200,2019-05-10,,,,,,
종로구,11110,15700,인의동,48-2,11110-2155,효성쥬얼리시티,,84.7,14,2006,70700,2019-05-30,,,,,,
종로구,11110,17400,창신동,602,11110-130,일우,,59.3,1,2002,26800,2019-05-15,,,,,,
종로구,11110,17400,창신동,602-1,11110-43,MID그린(8동),,59.01,6,2002,26000,2019-05-25,,,,,,
종로구,11110,18300,평창동,596,11110-73,삼성,,84.98,13,1998,50000,2019-05-25,,,,,,
종로구,11110,17500,숭인동,2-1,11110-2224,종로센트레빌,,59.92,11,2008,68000,2019-05-20,,,,,,
종로구,11110,10100,청운동,56-45,11110-4,청운현대,,129.76,3,2000,88500,2019-05-15,,,,,,
종로구,11110,17900,홍파동,199,11110-2445,경희궁자이(2단지),,59.895,9,2017,117000,2019-05-10,,,,,,
종로구,11110,18700,무악동,82,11110-90,현대,,114.9,6,2000,89900,2019-05-08,,,,,,
종로구,11110,12900,견지동,110,11110-2223,대성스카이렉스,,137.55,7,2008,90500,2019-05-10,,,,,,
종로구,11110,17500,숭인동,202-3,11110-2339,종로중흥S클래스,,17.811,6,2013,13000,2019-05-18,,,,,,
종로구,11110,11500,사직동,9,11110-2203,광화문스페이스본(101동~105동),,95.88,10,2008,104000,2019-05-13,,,,,,
종로구,11110,17500,숭인동,76,11110-152,롯데캐슬천지인,,84.95,17,2004,76000,2019-05-24,,,,,,
종로구,11110,17400,창신동,703,11110-91,창신쌍용2,,115.53,4,1993,50000,2019-05-07,,,,,,
종로구,11110,17300,명륜3가,1-30,11110-27,한빛,,59.73,7,1999,34500,2019-05-20,,,,,,
종로구,11110,17900,홍파동,199,11110-2445,경희궁자이(2단지),,84.8359,9,2017,143000,2019-05-21,,,,,,
종로구,11110,17500,숭인동,1421-2,11110-2366,숭인한양LEEPS,,12.78,6,2014,11500,2019-05-16,,,,,,
종로구,11110,17700,평동,233,11110-2446,경희궁자이(3단지),,84.836,12,2017,140500,2019-05-24,,,,,,
종로구,11110,17900,홍파동,199,11110-2445,경희궁자이(2단지),,84.614,8,2017,140000,2019-05-27,,,,,,
종로구,11110,18700,무악동,82,11110-90,현대,,60,8,2000,58900,2019-05-05,,,,,,
종로구,11110,17300,명륜3가,1-102,11110-215,(1-102),,33.33,4,1997,8800,2019-05-10,,,,,,
종로구,11110,17300,명륜3가,1-102,11110-215,(1-102),,26.64,4,1997,7500,2019-05-10,,,,,,
종로구,11110,17300,명륜3가,1-102,11110-215,(1-102),,33.33,3,1997,8700,2019-05-10,,,,,,
종로구,11110,17400,창신동,638-36,11110-218,미니,,53.73,3,1995,16500,2019-05-21,,,,,,
종로구,11110,17300,명륜3가,1-102,11110-215,(1-102),,26.64,3,1997,7500,2019-05-10,,,,,,
종로구,11110,17700,평동,233,11110-2446,경희궁자이(3단지),,59.855,8,2017,114000,2019-05-13,,,,,,
종로구,11110,17400,창신동,601-1,11110-153,MID그린(2동),,59.47,2,2002,25800,2019-05-08,,,,,,
종로구,11110,17400,창신동,232,11110-34,두산,,59.95,17,1999,59900,2019-05-07,,,,,,
종로구,11110,16600,연건동,195-10,11110-2359,이화에수풀,,16.98,9,2014,19900,2019-05-29,,,,,,
종로구,11110,17400,창신동,232,11110-34,두산,,84.9,12,1999,55000,2019-05-30,,,,,,
종로구,11110,18700,무악동,60,11110-2212,인왕산아이파크,,84.858,12,2008,85000,2019-05-09,,,,,,
종로구,11110,17500,숭인동,2-1,11110-2224,종로센트레빌,,59.92,3,2008,61000,2019-05-03,,,,,,
종로구,11110,18700,무악동,60,11110-2212,인왕산아이파크,,114.931,16,2008,108000,2019-05-14,,,,,,
종로구,11110,17500,숭인동,766,11110-2234,종로청계힐스테이트,,84.9478,12,2009,80000,2019-05-22,,,,,,
종로구,11110,17500,숭인동,202-3,11110-2339,종로중흥S클래스,,19.466,9,2013,12800,2019-05-11,,,,,,
종로구,11110,17900,홍파동,199,11110-2445,경희궁자이(2단지),,84.836,17,2017,141000,2019-05-07,,,,,,
종로구,11110,18300,평창동,145-5,11110-77,일성빌라트,,84.99,4,1996,47500,2019-05-03,,,,,,
중구,11140,16200,신당동,844,11140-28,남산타운,,84.88,1,2002,81500,2019-05-08,,,,,,
중구,11140,16200,신당동,844,11140-28,남산타운,,114.88,7,2002,115000,2019-05-25,,,,,,
중구,11140,16200,신당동,852,11140-1144,청구e편한세상,,147.89,14,2011,151000,2019-05-20,,,,,,
중구,11140,13300,충무로5가,90,11140-1303,충무로헤센스마트,,31.02,4,2018,36500,2019-05-23,,,,,,
중구,11140,13200,충무로4가,306,11140-1097,남산센트럴자이,,80.473,17,2009,79000,2019-05-21,,,,,,
중구,11140,12200,회현동2가,87,11140-1123,쌍용남산플래티넘,,166.24,7,2010,139800,2019-05-30,,,,,,
중구,11140,16200,신당동,844,11140-28,남산타운,,114.88,1,2002,90000,2019-05-27,,,,,,
중구,11140,12100,회현동1가,146-1,11140-9,삼풍,,68.34,2,1975,32300,2019-05-13,,,,,,
중구,11140,16200,신당동,844,11140-28,남산타운,,59.94,15,2002,74000,2019-05-09,,,,,,
중구,11140,16200,신당동,844,11140-28,남산타운,,84.88,5,2002,90000,2019-05-07,,,,,,
중구,11140,16200,신당동,840,11140-40,현대,,122.275,10,1993,72000,2019-05-27,,,,,,
중구,11140,16200,신당동,840,11140-40,현대,,83.97,4,1993,63000,2019-05-24,,,,,,
중구,11140,16200,신당동,844,11140-28,남산타운,,59.94,14,2002,77500,2019-05-22,,,,,,
중구,11140,16200,신당동,844,11140-28,남산타운,,59.94,18,2002,72500,2019-05-09,,,,,,
중구,11140,16200,신당동,843,11140-32,삼성,,59.97,11,1999,68000,2019-05-30,,,,,,
중구,11140,16300,흥인동,13-1,11140-1226,청계천두산위브더제니스,,116.6232,5,2014,103000,2019-05-25,,,,,,
중구,11140,16200,신당동,851,11140-1141,래미안하이베르,,59.95,8,2011,73900,2019-05-09,,,,,,
중구,11140,16200,신당동,842,11140-37,약수하이츠,,57.63,7,1999,67000,2019-05-13,,,,,,
중구,11140,12100,회현동1가,146-1,11140-9,삼풍,,66.15,6,1975,40000,2019-05-10,,,,,,
중구,11140,16500,황학동,2545,11140-1039,롯데캐슬,,84.97,10,2008,69000,2019-05-31,,,,,,
중구,11140,12100,회현동1가,208,11140-1142,남산롯데캐슬아이리스,,33.81,6,2011,51000,2019-05-01,,,,,,
중구,11140,16200,신당동,842,11140-37,약수하이츠,,57.63,20,1999,66000,2019-05-23,,,,,,
중구,11140,16200,신당동,842,11140-37,약수하이츠,,114.92,18,1999,105000,2019-05-14,,,,,,
중구,11140,16200,신당동,840,11140-40,현대,,122.275,5,1993,68000,2019-05-08,,,,,,
중구,11140,16300,흥인동,119,11140-1220,동대문와이즈캐슬,,15.55,12,2014,17400,2019-05-22,,,,,,
중구,11140,16500,황학동,2545,11140-1039,롯데캐슬,,59.94,16,2008,61000,2019-05-14,,,,,,
중구,11140,16800,순화동,215,11140-1010,바비엥3,,65.71,14,2006,47500,2019-05-01,,,,,,
중구,11140,16500,황학동,2545,11140-1039,롯데캐슬,,84.89,22,2008,74750,2019-05-03,,,,,,
중구,11140,16200,신당동,842,11140-37,약수하이츠,,65.37,2,1999,71000,2019-05-04,,,,,,
중구,11140,16700,정동,18-1,11140-2,정동,,45.94,1,1965,44500,2019-05-16,,,,,,
중구,11140,16500,황학동,2523,11140-1106,황학아크로타워,,109.146,11,2010,78000,2019-05-01,,,,,,
중구,11140,16200,신당동,844,11140-28,남산타운,,59.94,4,2002,72300,2019-05-15,,,,,,
중구,11140,14400,장충동2가,193-29,11140-21,장충,,31.24,3,1981,9300,2019-05-25,,,,,,
중구,11140,16200,신당동,844,11140-28,남산타운,,59.94,11,2002,77800,2019-05-21,,,,,,
중구,11140,16200,신당동,844,11140-28,남산타운,,84.88,3,2002,87000,2019-05-03,,,,,,
중구,11140,16200,신당동,844,11140-28,남산타운,,84.88,1,2002,78000,2019-05-03,,,,,,
중구,11140,16200,신당동,852,11140-1144,청구e편한세상,,84.95,9,2011,110000,2019-05-18,,,,,,
중구,11140,16200,신당동,844,11140-28,남산타운,,114.88,4,2002,101000,2019-05-16,,,,,,
중구,11140,16200,신당동,217-95,11140-30,동평화패션타운,,46.07,7,1968,29500,2019-05-03,,,,,,
중구,11140,16500,황학동,2523,11140-1106,황학아크로타워,,84.962,8,2010,72000,2019-05-04,,,,,,
중구,11140,16200,신당동,845,11140-1012,한진해모로,,59.76,9,2001,59000,2019-05-22,,,,,,
중구,11140,13600,묵정동,11-2,11140-16,충무,,67.77,3,1982,39250,2019-05-10,,,,,,
중구,11140,16500,황학동,2545,11140-1039,롯데캐슬,,84.9,21,2008,71000,2019-05-26,,,,,,
중구,11140,16200,신당동,843,11140-32,삼성,,59.97,17,1999,65000,2019-05-01,,,,,,
중구,11140,13300,충무로5가,36-2,11140-1261,충무로엘크루메크로시티2차,,22.75,19,2016,23300,2019-05-10,,,,,,
중구,11140,16200,신당동,844,11140-28,남산타운,,84.88,6,2002,87000,2019-05-21,,,,,,
중구,11140,16300,흥인동,119,11140-1220,동대문와이즈캐슬,,15.55,10,2014,17200,2019-05-27,,,,,,
중구,11140,13400,인현동2가,192-30,11140-14,인현상가/신성아파트,,48.56,10,1968,22500,2019-05-24,,,,,,
중구,11140,16500,황학동,787,11140-1197,한양I-Class,,16.37,14,2013,14000,2019-05-13,,,,,,
중구,11140,16800,순화동,151,11140-1016,순화동더샵,,64.01,9,2007,57000,2019-05-11,,,,,,
중구,11140,16200,신당동,850,11140-990,신당푸르지오,,84.39,19,2005,83500,2019-05-04,,,,,,
중구,11140,16300,흥인동,119,11140-1220,동대문와이즈캐슬,,15.55,11,2014,17000,2019-05-03,,,,,,
중구,11140,16200,신당동,850,11140-990,신당푸르지오,,114.48,15,2005,86500,2019-05-10,,,,,,
중구,11140,16200,신당동,844,11140-28,남산타운,,114.88,16,2002,96000,2019-05-18,,,,,,
중구,11140,16300,흥인동,119,11140-1220,동대문와이즈캐슬,,16.55,15,2014,17500,2019-05-09,,,,,,
중구,11140,16300,흥인동,119,11140-1220,동대문와이즈캐슬,,15.55,8,2014,16900,2019-05-08,,,,,,
중구,11140,16500,황학동,787,11140-1197,한양I-Class,,16.37,16,2013,14800,2019-05-13,,,,,,
중구,11140,16500,황학동,819,11140-1206,DUO302,,15.97,17,2014,17450,2019-05-04,,,,,,
중구,11140,16300,흥인동,119,11140-1220,동대문와이즈캐슬,,25.24,13,2014,25000,2019-05-11,,,,,,
중구,11140,16200,신당동,844,11140-28,남산타운,,114.88,11,2002,109000,2019-05-04,,,,,,
중구,11140,16500,황학동,787,11140-1197,한양I-Class,,16.37,15,2013,13200,2019-05-01,,,,,,
용산구,11170,13100,한남동,72-1,11170-184,한남동리첸시아,,73.39,2,2004,89700,2019-05-30,,,,,,
용산구,11170,13100,한남동,810,11170-2839,한남더힐,,233.062,8,2011,455000,2019-05-28,,,,,,
용산구,11170,12900,이촌동,430,11170-156,LG한강자이,,203.12,16,2003,293500,2019-05-21,,,,,,
용산구,11170,12900,이촌동,414,11170-141,이촌코오롱(B),,84.78,9,1999,130000,2019-05-17,,,,,,
용산구,11170,12500,한강로2가,420,11170-3148,용산푸르지오써밋(420),,152.4741,22,2017,235000,2019-05-26,,,,,,
용산구,11170,13100,한남동,810,11170-2839,한남더힐,,233.062,4,2011,446000,2019-05-24,,,,,,
용산구,11170,13100,한남동,810,11170-2839,한남더힐,,233.062,7,2011,452000,2019-05-25,,,,,,
용산구,11170,13100,한남동,810,11170-2839,한남더힐,,233.062,4,2011,450000,2019-05-28,,,,,,
용산구,11170,13100,한남동,810,11170-2839,한남더힐,,59.7,1,2011,141000,2019-05-28,,,,,,
용산구,11170,12900,이촌동,300-23,11170-68,한강맨숀,,89.82,3,1971,215000,2019-05-24,,,,,,
용산구,11170,13100,한남동,810,11170-2839,한남더힐,,59.686,6,2011,145000,2019-05-20,,,,,,
용산구,11170,12900,이촌동,404,11170-66,한가람,,114.96,16,1998,165000,2019-05-29,,,,,,
용산구,11170,12900,이촌동,300-301,11170-49,삼익,,145.19,12,1979,195000,2019-05-30,,,,,,
용산구,11170,12500,한강로2가,419,11170-2907,아스테리움용산,,121.17,36,2012,197500,2019-05-31,,,,,,
용산구,11170,12900,이촌동,300-11,11170-53,왕궁,,102.48,3,1974,146000,2019-05-25,,,,,,
용산구,11170,12900,이촌동,422,11170-47,북한강(성원),,59.55,13,2001,103500,2019-05-22,,,,,,
용산구,11170,12900,이촌동,434,11170-2310,동원베네스트,,84.973,3,2005,111000,2019-05-22,,,,,,
용산구,11170,12900,이촌동,430,11170-156,LG한강자이,,168.53,15,2003,240000,2019-05-23,,,,,,
용산구,11170,12900,이촌동,399-1,11170-54,우성,,58.2,13,1995,97500,2019-05-25,,,,,,
용산구,11170,13100,한남동,810,11170-2839,한남더힐,,59.686,3,2011,194500,2019-05-27,,,,,,
용산구,11170,10100,후암동,458,11170-205,브라운스톤남산,,166.56,2,2004,135000,2019-05-16,,,,,,
용산구,11170,13100,한남동,810,11170-2839,한남더힐,,235.312,7,2011,454000,2019-05-14,,,,,,
용산구,11170,12700,용산동5가,24,11170-2766,용산파크타워(24-0),,123.42,26,2009,185000,2019-05-28,,,,,,
용산구,11170,13100,한남동,723-3,11170-112,한남하우스,,68.55,6,1970,28000,2019-05-09,,,,,,
용산구,11170,12700,용산동5가,24-1,11170-2767,용산파크타워(24-1),,130.56,12,2009,230000,2019-05-11,,,,,,
용산구,11170,13100,한남동,805,11170-120,현대하이페리온,,203.76,13,2002,260000,2019-05-09,,,,,,
용산구,11170,12900,이촌동,422,11170-47,북한강(성원),,59.55,14,2001,105700,2019-05-13,,,,,,
용산구,11170,12300,신계동,48,11170-2843,용산e편한세상,,84.89,16,2011,140000,2019-05-31,,,,,,
용산구,11170,12900,이촌동,402,11170-35,강촌,,84.77,17,1998,146000,2019-05-22,,,,,,
용산구,11170,12900,이촌동,415,11170-67,한강(대우),,84.98,16,2000,140000,2019-05-13,,,,,,
용산구,11170,12900,이촌동,300-301,11170-49,삼익,,104.33,11,1979,162500,2019-05-17,,,,,,
용산구,11170,12900,이촌동,395,11170-38,대림,,59.22,16,1994,104000,2019-05-04,,,,,,
용산구,11170,12900,이촌동,415,11170-67,한강(대우),,60,14,2000,119500,2019-05-15,,,,,,
용산구,11170,12300,신계동,48,11170-2843,용산e편한세상,,84.89,16,2011,134000,2019-05-27,,,,,,
용산구,11170,12900,이촌동,300-23,11170-68,한강맨숀,,101.95,4,1971,220000,2019-05-11,,,,,,
용산구,11170,13100,한남동,644-2,11170-200,태성1,,59.95,3,1975,55000,2019-05-23,,,,,,
용산구,11170,13600,보광동,448,11170-134,신동아1,,84.93,2,1992,128000,2019-05-15,,,,,,
용산구,11170,13100,한남동,1-51,11170-3012,한남동UNVILLAGE루하우스,,160.91,1,2015,131500,2019-05-13,,,,,,
용산구,11170,12900,이촌동,415,11170-67,한강(대우),,84.98,7,2000,144000,2019-05-07,,,,,,
용산구,11170,11500,산천동,193,11170-138,리버힐삼성,,59.55,10,2001,71300,2019-05-16,,,,,,
용산구,11170,12900,이촌동,415,11170-67,한강(대우),,60,11,2000,120500,2019-05-08,,,,,,
용산구,11170,12900,이촌동,402,11170-35,강촌,,84.85,16,1998,139000,2019-05-08,,,,,,
용산구,11170,12900,이촌동,404,11170-66,한가람,,114.96,15,1998,166000,2019-05-14,,,,,,
용산구,11170,13100,한남동,644-2,11170-200,태성1,,59.95,2,1975,57000,2019-05-22,,,,,,
용산구,11170,12000,도원동,23,11170-27,삼성래미안,,84.69,15,2001,93000,2019-05-07,,,,,,
용산구,11170,11500,산천동,204,11170-139,한강타운,,59.69,10,2001,63900,2019-05-17,,,,,,
용산구,11170,11500,산천동,193,11170-138,리버힐삼성,,59.55,13,2001,71500,2019-05-21,,,,,,
용산구,11170,11500,산천동,193,11170-138,리버힐삼성,,59.55,2,2001,69000,2019-05-09,,,,,,
용산구,11170,13100,한남동,825,11170-2864,한남파라곤,,116.0224,6,2011,140000,2019-05-28,,,,,,
용산구,11170,10700,동자동,45,11170-2917,센트레빌아스테리움서울,,145.2,11,2013,147000,2019-05-14,,,,,,
용산구,11170,12900,이촌동,404,11170-66,한가람,,59.88,11,1998,111500,2019-05-14,,,,,,
용산구,11170,13100,한남동,810,11170-2839,한남더힐,,233.062,5,2011,448000,2019-05-24,,,,,,
용산구,11170,12800,한강로3가,63-389,11170-2522,용산시티파크(1단지),,181.89,17,2007,215000,2019-05-17,,,,,,
용산구,11170,12400,한강로1가,50-1,11170-2307,용산파크자이,,99.85,33,2005,125000,2019-05-15,,,,,,
용산구,11170,12900,이촌동,300-11,11170-53,왕궁,,102.48,1,1974,138000,2019-05-02,,,,,,
용산구,11170,13100,한남동,810,11170-2839,한남더힐,,235.312,1,2011,441000,2019-05-21,,,,,,
용산구,11170,12000,도원동,23,11170-27,삼성래미안,,59.94,17,2001,80000,2019-05-14,,,,,,
용산구,11170,12200,문배동,40-31,11170-2810,리첸시아용산B,,152.5,22,2010,180000,2019-05-03,,,,,,
용산구,11170,12900,이촌동,404,11170-66,한가람,,84.89,21,1998,149500,2019-05-17,,,,,,
용산구,11170,12900,이촌동,300-23,11170-68,한강맨숀,,167.21,3,1971,320000,2019-05-17,,,,,,
용산구,11170,12900,이촌동,412,11170-55,이촌코오롱(A),,114.69,9,1999,166500,2019-05-10,,,,,,
용산구,11170,13100,한남동,810,11170-2839,한남더힐,,59.686,6,2011,146000,2019-05-10,,,,,,
용산구,11170,13100,한남동,810,11170-2839,한남더힐,,59.686,5,2011,142000,2019-05-21,,,,,,
용산구,11170,12900,이촌동,412,11170-55,이촌코오롱(A),,114.69,14,1999,168000,2019-05-25,,,,,,
용산구,11170,13300,서빙고동,241-21,11170-131,신동아,,140.81,3,1984,190000,2019-05-31,,,,,,
용산구,11170,10700,동자동,45,11170-2917,센트레빌아스테리움서울,,149.05,24,2013,157000,2019-05-03,,,,,,
용산구,11170,12900,이촌동,404,11170-66,한가람,,84.89,18,1998,153000,2019-05-17,,,,,,
용산구,11170,12300,신계동,48,11170-2843,용산e편한세상,,59.66,18,2011,107000,2019-05-25,,,,,,
용산구,11170,12900,이촌동,301-160,11170-69,현대맨숀,,139.97,11,1974,172999,2019-05-18,,,,,,
용산구,11170,12900,이촌동,412,11170-55,이촌코오롱(A),,84.78,18,1999,137000,2019-05-04,,,,,,
용산구,11170,13300,서빙고동,241-21,11170-131,신동아,,140.81,8,1984,198000,2019-05-03,,,,,,
용산구,11170,13300,서빙고동,241-21,11170-131,신동아,,140.81,4,1984,200000,2019-05-03,,,,,,
용산구,11170,12000,도원동,23,11170-27,삼성래미안,,59.94,14,2001,79000,2019-05-25,,,,,,
용산구,11170,12200,문배동,24-4,11170-2913,용산큐브,,13.01,18,2013,20000,2019-05-16,,,,,,
용산구,11170,12100,용문동,90,11170-2841,브라운스톤,,59.94,9,2011,88000,2019-05-01,,,,,,
용산구,11170,13000,이태원동,730,11170-178,이태원(이테크빌),,47.78,7,2002,60000,2019-05-10,,,,,,
용산구,11170,13100,한남동,810,11170-2839,한남더힐,,240.23,-1,2011,630000,2019-05-13,,,,,,
용산구,11170,12800,한강로3가,65-230,11170-174,한강대우트럼프월드3,,153.61,10,2004,158000,2019-05-09,,,,,,
용산구,11170,12200,문배동,40-31,11170-2810,리첸시아용산B,,84.98,5,2010,92000,2019-05-29,,,,,,
용산구,11170,13100,한남동,810,11170-2839,한남더힐,,208.478,4,2011,410000,2019-05-28,,,,,,
용산구,11170,13100,한남동,810,11170-2839,한남더힐,,59.686,6,2011,145000,2019-05-29,,,,,,
용산구,11170,13100,한남동,810,11170-2839,한남더힐,,177.764,1,2011,329000,2019-05-24,,,,,,
용산구,11170,13100,한남동,810,11170-2839,한남더힐,,235.312,10,2011,455000,2019-05-30,,,,,,
용산구,11170,13100,한남동,810,11170-2839,한남더힐,,59.686,5,2011,143000,2019-05-14,,,,,,
용산구,11170,13100,한남동,810,11170-2839,한남더힐,,235.312,2,2011,442000,2019-05-17,,,,,,
용산구,11170,10700,동자동,19-8,11170-8,동자,,44,2,1969,40000,2019-05-01,,,,,,
용산구,11170,12500,한강로2가,2-11,11170-202,한강로대우아이빌,,28.22,11,2004,35000,2019-05-28,,,,,,
용산구,11170,13100,한남동,810,11170-2839,한남더힐,,235.312,8,2011,450000,2019-05-22,,,,,,
용산구,11170,12000,도원동,3-4,11170-28,제일1,,45.26,4,1971,16600,2019-05-22,,,,,,
용산구,11170,13100,한남동,810,11170-2839,한남더힐,,243.201,1,2011,695000,2019-05-16,,,,,,
용산구,11170,12200,문배동,24-8,11170-2906,프라임펠리스,,13.69,16,2012,16900,2019-05-07,,,,,,
용산구,11170,13100,한남동,810,11170-2839,한남더힐,,235.312,10,2011,454000,2019-05-23,,,,,,
용산구,11170,12900,이촌동,412,11170-55,이촌코오롱(A),,59.82,15,1999,104000,2019-05-25,,,,,,
용산구,11170,12400,한강로1가,231-24,11170-29,삼각아파트,,35.37,1,1970,56500,2019-05-07,,,,,,
용산구,11170,13100,한남동,828,11170-3107,한남아이파크애비뉴,,49.6971,4,2017,70000,2019-05-08,,,,,,
용산구,11170,12900,이촌동,193-3,11170-33,강변,,65.55,3,1971,61000,2019-05-03,,,,,,
용산구,11170,13300,서빙고동,296,11170-132,금호베스트빌1,,144.99,15,2002,125000,2019-05-07,,,,,,
용산구,11170,10100,후암동,423-1,11170-4,후암미주,,62.78,5,1980,68000,2019-05-02,,,,,,
용산구,11170,12900,이촌동,302-54,11170-45,미주A,,205.75,2,1975,114000,2019-05-15,,,,,,
용산구,11170,13100,한남동,737-28,11170-116,현대안성타워,,61.62,8,1998,45000,2019-05-20,,,,,,
용산구,11170,12900,이촌동,402,11170-35,강촌,,59.12,12,1998,106300,2019-05-03,,,,,,
용산구,11170,13300,서빙고동,241-21,11170-131,신동아,,210.25,11,1984,270000,2019-05-14,,,,,,
용산구,11170,12400,한강로1가,231-24,11170-29,삼각아파트,,35.37,2,1970,55000,2019-05-08,,,,,,
성동구,11200,11200,금호동4가,1507,11200-2789,브라운스톤금호,,84.838,15,2007,88000,2019-05-08,,,,,,
성동구,11200,11800,송정동,90,11200-74,건영,,84.945,18,2000,56500,2019-05-17,,,,,,
성동구,11200,10200,하왕십리동,1070,11200-3120,센트라스,,59.94,5,2016,96300,2019-05-20,,,,,,
성동구,11200,10700,행당동,347,11200-18,대림e-편한세상,,84.87,5,2000,79400,2019-05-12,,,,,,
성동구,11200,10800,응봉동,276,11200-82,서울숲리버그린동아아파트,,59.98,15,2003,71000,2019-05-30,,,,,,
성동구,11200,10700,행당동,377,11200-3031,서울숲더샵,,84.18,41,2014,115000,2019-05-30,,,,,,
성동구,11200,11300,옥수동,250,11200-42,옥수삼성,,59.7,10,1999,87000,2019-05-25,,,,,,
성동구,11200,10700,행당동,344,11200-21,신동아,,59.97,13,1995,56500,2019-05-24,,,,,,
성동구,11200,10800,응봉동,15,11200-29,대림강변타운,,84.42,3,2001,84000,2019-05-28,,,,,,
성동구,11200,11400,성수동1가,656-320,11200-52,동아,,96.18,8,1983,118000,2019-05-22,,,,,,
성동구,11200,10900,금호동1가,1500,11200-31,금호삼성래미안,,59.95,9,2001,70000,2019-05-22,,,,,,
성동구,11200,10200,하왕십리동,1070,11200-3120,센트라스,,40.94,22,2016,66800,2019-05-29,,,,,,
성동구,11200,10700,행당동,347,11200-18,대림e-편한세상,,59.96,12,2000,63800,2019-05-23,,,,,,
성동구,11200,11500,성수동2가,609-2,11200-65,강변임광,,59.67,1,2000,105000,2019-05-31,,,,,,
성동구,11200,11000,금호동2가,1217,11200-2944,래미안하이리버,,84.99,11,2012,98800,2019-05-31,,,,,,
성동구,11200,10700,행당동,346,11200-22,행당한진타운,,84.71,19,2000,83500,2019-05-17,,,,,,
성동구,11200,11100,금호동3가,1331,11200-34,두산,,124.19,10,1994,93000,2019-05-28,,,,,,
성동구,11200,10700,행당동,346,11200-22,행당한진타운,,114.62,20,2000,90000,2019-05-18,,,,,,
성동구,11200,11100,금호동3가,1331,11200-34,두산,,59.97,4,1994,67800,2019-05-09,,,,,,
성동구,11200,11300,옥수동,561,11200-2980,래미안 옥수 리버젠,,59.25,11,2012,100000,2019-05-16,,,,,,
성동구,11200,11800,송정동,90,11200-74,건영,,59.83,16,2000,46500,2019-05-18,,,,,,
성동구,11200,11300,옥수동,528,11200-3114,옥수파크힐스101동~116동,,59.91,7,2016,107000,2019-05-16,,,,,,
성동구,11200,10800,응봉동,98,11200-27,금호현대,,59.91,3,1990,56500,2019-05-17,,,,,,
성동구,11200,10200,하왕십리동,1066,11200-3074,텐즈힐(1단지),,84.96,14,2015,105800,2019-05-27,,,,,,
성동구,11200,10100,상왕십리동,811,11200-3024,텐즈힐(2단지),,84.92,4,2014,106000,2019-05-30,,,,,,
성동구,11200,11200,금호동4가,800,11200-35,대우,,59.97,8,2001,75000,2019-05-25,,,,,,
성동구,11200,10200,하왕십리동,1066,11200-3074,텐즈힐(1단지),,84.88,12,2015,118000,2019-05-26,,,,,,
성동구,11200,11000,금호동2가,1,11200-3086,신금호파크자이,,59.98,3,2016,89500,2019-05-04,,,,,,
성동구,11200,11400,성수동1가,706,11200-56,쌍용,,59.76,11,1997,77250,2019-05-31,,,,,,
성동구,11200,10100,상왕십리동,811,11200-3024,텐즈힐(2단지),,84.92,13,2014,106500,2019-05-25,,,,,,
성동구,11200,11500,성수동2가,834,11200-80,현대I-PARK,,104.56,9,2003,108000,2019-05-28,,,,,,
성동구,11200,11300,옥수동,220-1,11200-45,한남하이츠,,177.12,9,1982,240000,2019-05-22,,,,,,
성동구,11200,10200,하왕십리동,1070,11200-3120,센트라스,,84.99,3,2016,109900,2019-05-30,,,,,,
성동구,11200,11300,옥수동,250,11200-42,옥수삼성,,84.822,10,1999,95000,2019-05-09,,,,,,
성동구,11200,10800,응봉동,100,11200-77,대림(1차),,75.51,8,1986,76000,2019-05-24,,,,,,
성동구,11200,10600,사근동,314,11200-16,벽산,,59.84,18,2000,47700,2019-05-10,,,,,,
성동구,11200,11400,성수동1가,676-5,11200-61,서울숲성수현대,,69.21,9,1990,80000,2019-05-21,,,,,,
성동구,11200,11000,금호동2가,1,11200-3086,신금호파크자이,,59.98,17,2016,93800,2019-05-25,,,,,,
성동구,11200,11800,송정동,104,11200-2876,서울숲아이파크,,75.51,7,2009,63200,2019-05-24,,,,,,
성동구,11200,11100,금호동3가,1662,11200-2691,금호한신,,84.49,9,2005,76500,2019-05-22,,,,,,
성동구,11200,11800,송정동,90,11200-74,건영,,59.21,22,2000,43200,2019-05-15,,,,,,
성동구,11200,11400,성수동1가,656-234,11200-50,서울숲대림,,84.015,9,2000,109900,2019-05-07,,,,,,
성동구,11200,10600,사근동,199,11200-17,중앙하이츠,,71.85,7,1989,46200,2019-05-25,,,,,,
성동구,11200,10500,마장동,820,11200-90,왕십리금호어울림,,74.46,9,2006,84500,2019-05-24,,,,,,
성동구,11200,11100,금호동3가,1331,11200-34,두산,,59.97,5,1994,64000,2019-05-25,,,,,,
성동구,11200,11400,성수동1가,718,11200-3141,트리마제,,84.8111,17,2017,200000,2019-05-07,,,,,,
성동구,11200,10800,응봉동,97,11200-28,대림(2차),,59.91,10,1989,59750,2019-05-25,,,,,,
성동구,11200,10300,홍익동,53,11200-2674,청계대주파크빌,,84.94,5,2005,61800,2019-05-10,,,,,,
성동구,11200,10500,마장동,819,11200-9,마장동중앙하이츠,,84.8,21,1999,65000,2019-05-14,,,,,,
성동구,11200,11000,금호동2가,1217,11200-2944,래미안하이리버,,84.99,17,2012,109000,2019-05-26,,,,,,
성동구,11200,10200,하왕십리동,1061,11200-98,왕십리풍림아이원,,114.928,8,2004,89500,2019-05-30,,,,,,
성동구,11200,10900,금호동1가,633,11200-32,벽산,,59.9,17,2001,61500,2019-05-04,,,,,,
성동구,11200,11100,금호동3가,1331,11200-34,두산,,59.97,3,1994,68000,2019-05-06,,,,,,
성동구,11200,11100,금호동3가,1662,11200-2691,금호한신,,84.96,7,2005,80500,2019-05-04,,,,,,
성동구,11200,11300,옥수동,528,11200-3114,옥수파크힐스101동~116동,,84.51,9,2016,127000,2019-05-25,,,,,,
성동구,11200,11300,옥수동,528,11200-3114,옥수파크힐스101동~116동,,84.51,3,2016,125200,2019-05-11,,,,,,
성동구,11200,10400,도선동,69,11200-2751,삼성쉐르빌,,84.93,20,2006,69500,2019-05-01,,,,,,
성동구,11200,11200,금호동4가,1507,11200-2789,브라운스톤금호,,84.838,8,2007,93000,2019-05-21,,,,,,
성동구,11200,10200,하왕십리동,1066,11200-3074,텐즈힐(1단지),,59.88,9,2015,95000,2019-05-31,,,,,,
성동구,11200,10700,행당동,377,11200-3031,서울숲더샵,,150.2,34,2014,160000,2019-05-27,,,,,,
성동구,11200,11300,옥수동,528,11200-3114,옥수파크힐스101동~116동,,59.88,1,2016,100500,2019-05-17,,,,,,
성동구,11200,11400,성수동1가,704,11200-60,한진타운,,84.21,6,1994,103000,2019-05-14,,,,,,
성동구,11200,11400,성수동1가,709,11200-51,대우2,,84.97,4,1999,77500,2019-05-15,,,,,,
성동구,11200,11000,금호동2가,500-7,11200-151,상기,,46.28,3,1976,45200,2019-05-23,,,,,,
성동구,11200,10700,행당동,346,11200-22,행당한진타운,,59.96,22,2000,71000,2019-05-21,,,,,,
성동구,11200,10700,행당동,347,11200-18,대림e-편한세상,,114.94,10,2000,95500,2019-05-17,,,,,,
성동구,11200,10200,하왕십리동,1066,11200-3074,텐즈힐(1단지),,129.34,4,2015,130000,2019-05-11,,,,,,
성동구,11200,11300,옥수동,12,11200-1831,동인샤인빌,,57.16,1,2003,60000,2019-05-27,,,,,,
성동구,11200,11400,성수동1가,706,11200-56,쌍용,,59.76,7,1997,76000,2019-05-14,,,,,,
성동구,11200,10700,행당동,376,11200-2914,서울숲행당푸르지오,,84.74,5,2011,85300,2019-05-04,,,,,,
성동구,11200,10200,하왕십리동,258,11200-4,벽산,,114.46,16,1996,81000,2019-05-14,,,,,,
성동구,11200,11300,옥수동,561,11200-2980,래미안 옥수 리버젠,,84.73,9,2012,132000,2019-05-11,,,,,,
성동구,11200,10800,응봉동,15,11200-29,대림강변타운,,59.76,2,2001,65400,2019-05-11,,,,,,
성동구,11200,11100,금호동3가,1662,11200-2691,금호한신,,59.99,14,2005,71500,2019-05-04,,,,,,
성동구,11200,11300,옥수동,220-1,11200-45,한남하이츠,,149.39,4,1982,183500,2019-05-07,,,,,,
성동구,11200,10500,마장동,819,11200-9,마장동중앙하이츠,,84.8,17,1999,66500,2019-05-22,,,,,,
성동구,11200,10700,행당동,346,11200-22,행당한진타운,,84.71,17,2000,83000,2019-05-29,,,,,,
성동구,11200,10100,상왕십리동,811,11200-3024,텐즈힐(2단지),,127.44,12,2014,122000,2019-05-30,,,,,,
성동구,11200,10800,응봉동,100,11200-77,대림(1차),,126.66,8,1986,103000,2019-05-31,,,,,,
성동구,11200,11300,옥수동,561,11200-2980,래미안 옥수 리버젠,,59.97,1,2012,90000,2019-05-06,,,,,,
성동구,11200,11200,금호동4가,800,11200-35,대우,,84.71,18,2001,83500,2019-05-01,,,,,,
성동구,11200,10500,마장동,817,11200-10,왕십리삼성아파트,,59.76,10,1996,59000,2019-05-16,,,,,,
성동구,11200,11400,성수동1가,685-696,11200-2923,갤러리아포레,,241.93,25,2011,500000,2019-05-13,,,,,,
성동구,11200,11400,성수동1가,33-2,11200-62,현대그린,,81.48,17,1994,80000,2019-05-13,,,,,,
성동구,11200,11200,금호동4가,800,11200-35,대우,,84.71,6,2001,89000,2019-05-14,,,,,,
성동구,11200,10900,금호동1가,633,11200-32,벽산,,59.9,1,2001,49500,2019-05-18,,,,,,
성동구,11200,11300,옥수동,528,11200-3114,옥수파크힐스101동~116동,,59.78,7,2016,110000,2019-05-10,,,,,,
성동구,11200,11800,송정동,72-25,11200-155,성동리버뷰,,58.32,6,2004,29450,2019-05-11,,,,,,
성동구,11200,11500,성수동2가,846,11200-3027,E-아름다운세상,,83.35,13,2014,66000,2019-05-30,,,,,,
성동구,11200,10200,하왕십리동,1052,11200-2,금호베스트빌,,59.79,18,2001,55700,2019-05-02,,,,,,
성동구,11200,11300,옥수동,60,11200-95,풍림아이원,,84.767,12,2004,99900,2019-05-28,,,,,,
성동구,11200,10700,행당동,376,11200-2914,서울숲행당푸르지오,,84.74,2,2011,82000,2019-05-18,,,,,,
성동구,11200,11300,옥수동,528-1,11200-3143,옥수파크힐스117동~125동,,59.78,9,2016,96500,2019-05-09,,,,,,
성동구,11200,10200,하왕십리동,1066,11200-3074,텐즈힐(1단지),,129.34,8,2015,131000,2019-05-22,,,,,,
성동구,11200,10700,행당동,349,11200-24,서울숲 한신 더 휴,,84.95,7,2003,81500,2019-05-29,,,,,,
성동구,11200,10900,금호동1가,633,11200-32,벽산,,114.57,8,2001,84000,2019-05-14,,,,,,
성동구,11200,10200,하왕십리동,966-18,11200-2991,상리제나우스,,12.84,9,2013,13800,2019-05-16,,,,,,
성동구,11200,11400,성수동1가,706,11200-56,쌍용,,59.76,5,1997,74000,2019-05-18,,,,,,
성동구,11200,10100,상왕십리동,811,11200-3024,텐즈힐(2단지),,84.95,4,2014,101000,2019-05-20,,,,,,
성동구,11200,10200,하왕십리동,258,11200-4,벽산,,114.46,11,1996,87500,2019-05-09,,,,,,
성동구,11200,11200,금호동4가,800,11200-35,대우,,84.71,3,2001,84000,2019-05-20,,,,,,
성동구,11200,10700,행당동,347,11200-18,대림e-편한세상,,59.96,2,2000,60000,2019-05-10,,,,,,
성동구,11200,10700,행당동,375,11200-2899,행당두산위브,,59.99,15,2009,79500,2019-05-14,,,,,,
성동구,11200,11400,성수동1가,714,11200-85,금호,,59.92,15,2003,77000,2019-05-20,,,,,,
성동구,11200,11400,성수동1가,706,11200-56,쌍용,,59.76,6,1997,74300,2019-05-16,,,,,,
성동구,11200,10700,행당동,346,11200-22,행당한진타운,,84.71,15,2000,84500,2019-05-22,,,,,,
성동구,11200,10900,금호동1가,633,11200-32,벽산,,84.82,14,2001,75000,2019-05-10,,,,,,
성동구,11200,11200,금호동4가,235,11200-2970,서울숲2차푸르지오,,59.907,6,2012,94500,2019-05-29,,,,,,
성동구,11200,10700,행당동,346,11200-22,행당한진타운,,59.96,19,2000,69500,2019-05-01,,,,,,
성동구,11200,11300,옥수동,528,11200-3114,옥수파크힐스101동~116동,,84.92,15,2016,127200,2019-05-07,,,,,,
성동구,11200,10200,하왕십리동,1061,11200-98,왕십리풍림아이원,,59.936,12,2004,69000,2019-05-04,,,,,,
성동구,11200,10700,행당동,375,11200-2899,행당두산위브,,59.99,12,2009,81000,2019-05-27,,,,,,
성동구,11200,10700,행당동,347,11200-18,대림e-편한세상,,114.94,3,2000,94500,2019-05-13,,,,,,
성동구,11200,11200,금호동4가,800,11200-35,대우,,59.97,19,2001,74000,2019-05-06,,,,,,
성동구,11200,11300,옥수동,428,11200-38,극동,,68.58,3,1986,78250,2019-05-09,,,,,,
성동구,11200,11000,금호동2가,1,11200-3086,신금호파크자이,,59.98,13,2016,95000,2019-05-01,,,,,,
성동구,11200,10200,하왕십리동,966-18,11200-2991,상리제나우스,,12.84,5,2013,13500,2019-05-27,,,,,,
성동구,11200,11300,옥수동,250,11200-42,옥수삼성,,84.822,5,1999,102000,2019-05-06,,,,,,
성동구,11200,11300,옥수동,4,11200-47,현대,,71.05,5,1990,86500,2019-05-20,,,,,,
성동구,11200,11300,옥수동,561,11200-2980,래미안 옥수 리버젠,,59.25,11,2012,100000,2019-05-13,,,,,,
성동구,11200,10800,응봉동,98,11200-27,금호현대,,79.8,14,1990,68000,2019-05-14,,,,,,
성동구,11200,10200,하왕십리동,1066,11200-3074,텐즈힐(1단지),,59.88,2,2015,90000,2019-05-24,,,,,,
성동구,11200,11300,옥수동,428,11200-38,극동,,84.74,7,1986,101910,2019-05-09,,,,,,
성동구,11200,11400,성수동1가,656-320,11200-52,동아,,53.14,5,1983,82000,2019-05-11,,,,,,
성동구,11200,10700,행당동,347,11200-18,대림e-편한세상,,114.94,3,2000,88500,2019-05-03,,,,,,
성동구,11200,10100,상왕십리동,811,11200-3024,텐즈힐(2단지),,84.92,6,2014,105500,2019-05-21,,,,,,
성동구,11200,11300,옥수동,4,11200-47,현대,,104.41,14,1990,106800,2019-05-15,,,,,,
성동구,11200,10100,상왕십리동,811,11200-3024,텐즈힐(2단지),,84.92,5,2014,102150,2019-05-10,,,,,,
성동구,11200,11400,성수동1가,676-5,11200-61,서울숲성수현대,,84.73,1,1990,84000,2019-05-10,,,,,,
성동구,11200,11200,금호동4가,800,11200-35,대우,,59.97,21,2001,70000,2019-05-17,,,,,,
성동구,11200,10900,금호동1가,633,11200-32,벽산,,59.9,2,2001,56800,2019-05-02,,,,,,
성동구,11200,11800,송정동,90,11200-74,건영,,84.945,19,2000,56000,2019-05-28,,,,,,
성동구,11200,10700,행당동,375,11200-2899,행당두산위브,,59.99,10,2009,80000,2019-05-04,,,,,,
성동구,11200,11200,금호동4가,340,11200-2820,서울숲푸르지오,,59.99,18,2007,108000,2019-05-21,,,,,,
성동구,11200,11500,성수동2가,835,11200-81,롯데캐슬파크,,81.567,7,2003,89000,2019-05-08,,,,,,
성동구,11200,10500,마장동,784,11200-13,세림,,84.93,5,1986,73000,2019-05-11,,,,,,
성동구,11200,10700,행당동,346,11200-22,행당한진타운,,59.96,22,2000,68000,2019-05-11,,,,,,
성동구,11200,10700,행당동,346,11200-22,행당한진타운,,59.96,13,2000,67000,2019-05-11,,,,,,
성동구,11200,10800,응봉동,100,11200-77,대림(1차),,113.71,15,1986,86000,2019-05-23,,,,,,
성동구,11200,11300,옥수동,428,11200-38,극동,,57.78,1,1986,76000,2019-05-17,,,,,,
성동구,11200,11300,옥수동,561,11200-2980,래미안 옥수 리버젠,,59.84,5,2012,108500,2019-05-20,,,,,,
성동구,11200,11400,성수동1가,706,11200-56,쌍용,,59.76,10,1997,74000,2019-05-09,,,,,,
성동구,11200,11500,성수동2가,834,11200-80,현대I-PARK,,116.22,18,2003,109000,2019-05-15,,,,,,
성동구,11200,10200,하왕십리동,1052,11200-2,금호베스트빌,,114.93,9,2001,52250,2019-05-09,,,,,,
성동구,11200,10900,금호동1가,1500,11200-31,금호삼성래미안,,114.67,5,2001,85000,2019-05-21,,,,,,
성동구,11200,11100,금호동3가,1331,11200-34,두산,,79.08,10,1994,72000,2019-05-16,,,,,,
성동구,11200,11000,금호동2가,1,11200-3086,신금호파크자이,,84.98,11,2016,119000,2019-05-04,,,,,,
성동구,11200,10700,행당동,346,11200-22,행당한진타운,,84.71,10,2000,82000,2019-05-11,,,,,,
성동구,11200,11200,금호동4가,340,11200-2820,서울숲푸르지오,,59.99,9,2007,75000,2019-05-01,,,,,,
성동구,11200,10800,응봉동,97,11200-28,대림(2차),,84.53,14,1989,69000,2019-05-02,,,,,,
성동구,11200,11300,옥수동,428,11200-38,극동,,84.74,14,1986,106000,2019-05-04,,,,,,
성동구,11200,11500,성수동2가,834,11200-80,현대I-PARK,,104.56,18,2003,104500,2019-05-04,,,,,,
성동구,11200,11500,성수동2가,835,11200-81,롯데캐슬파크,,81.567,8,2003,90000,2019-05-02,,,,,,
성동구,11200,11300,옥수동,100,11200-44,옥수하이츠,,114.78,12,1998,159000,2019-05-07,,,,,,
광진구,11215,10500,자양동,859,11215-4343,래미안프리미어팰리스,,102.87,25,2017,129000,2019-05-17,,,,,,
광진구,11215,10300,구의동,631-1,11215-33,현대프라임,,59.82,7,1997,60000,2019-05-31,,,,,,
광진구,11215,10300,구의동,658,11215-31,세양,,84.32,5,2002,85700,2019-05-23,,,,,,
광진구,11215,10300,구의동,631-1,11215-33,현대프라임,,59.82,29,1997,75000,2019-05-23,,,,,,
광진구,11215,10300,구의동,631-1,11215-33,현대프라임,,84.99,2,1997,92000,2019-05-23,,,,,,
광진구,11215,10500,자양동,520-2,11215-56,우성2,,64.79,3,1989,59000,2019-05-22,,,,,,
광진구,11215,10400,광장동,218-1,11215-3,극동1,,84.55,5,1985,110500,2019-05-27,,,,,,
광진구,11215,10300,구의동,667,11215-4277,강변에스케이뷰,,84.81,11,2017,95500,2019-05-25,,,,,,
광진구,11215,10500,자양동,227-7,11215-2478,더샵스타시티,,119.41,35,2007,126000,2019-05-21,,,,,,
광진구,11215,10500,자양동,670,11215-73,현대3,,84.9,16,1996,85000,2019-05-18,,,,,,
광진구,11215,10400,광장동,577,11215-21,현대파크빌,,84.81,14,2000,109800,2019-05-30,,,,,,
광진구,11215,10300,구의동,587-54,11215-27,구의현대7단지현대홈타운,,59.97,15,1997,61800,2019-05-16,,,,,,
광진구,11215,10300,구의동,611,11215-25,구의현대2단지,,84.91,2,1996,85000,2019-05-15,,,,,,
광진구,11215,10500,자양동,582-15,11215-1717,금성,,48.6,2,2003,45000,2019-05-27,,,,,,
광진구,11215,10300,구의동,631-1,11215-33,현대프라임,,59.82,17,1997,71000,2019-05-28,,,,,,
광진구,11215,10400,광장동,578,11215-6,금호베스트빌,,59.93,10,2001,67500,2019-05-21,,,,,,
광진구,11215,10400,광장동,484,11215-16,현대3,,84.97,8,1990,92000,2019-05-13,,,,,,
광진구,11215,10500,자양동,787,11215-63,자양삼성,,59.76,7,1999,72800,2019-05-25,,,,,,
광진구,11215,10500,자양동,793,11215-111,우방리버파크,,84.96,17,2003,85000,2019-05-20,,,,,,
광진구,11215,10500,자양동,579,11215-55,우성1,,59.91,3,1988,62000,2019-05-23,,,,,,
광진구,11215,10300,구의동,631-1,11215-33,현대프라임,,59.82,28,1997,70500,2019-05-18,,,,,,
광진구,11215,10400,광장동,121,11215-2919,유진스웰,,165.327,2,2011,119000,2019-05-25,,,,,,
광진구,11215,10300,구의동,611,11215-25,구의현대2단지,,84.91,13,1996,93000,2019-05-18,,,,,,
광진구,11215,10500,자양동,642,11215-67,자양현대5,,76.94,11,1998,77500,2019-05-06,,,,,,
광진구,11215,10500,자양동,227-7,11215-2478,더샵스타시티,,163.53,40,2007,175000,2019-05-22,,,,,,
광진구,11215,10300,구의동,611,11215-25,구의현대2단지,,84.86,9,1996,89700,2019-05-11,,,,,,
광진구,11215,10500,자양동,591-12,11215-54,신호빌라트,,156.48,13,1997,94000,2019-05-30,,,,,,
광진구,11215,10300,구의동,631-1,11215-33,현대프라임,,59.82,22,1997,68000,2019-05-27,,,,,,
광진구,11215,10500,자양동,227-7,11215-2478,더샵스타시티,,100.32,15,2007,113500,2019-05-20,,,,,,
광진구,11215,10500,자양동,813,11215-2649,광진하우스토리한강,,143.36,11,2008,129000,2019-05-08,,,,,,
광진구,11215,10300,구의동,631-1,11215-33,현대프라임,,84.99,9,1997,98500,2019-05-18,,,,,,
광진구,11215,10300,구의동,631-1,11215-33,현대프라임,,84.99,11,1997,95000,2019-05-17,,,,,,
광진구,11215,10300,구의동,611,11215-25,구의현대2단지,,84.91,4,1996,90000,2019-05-25,,,,,,
광진구,11215,10300,구의동,611,11215-25,구의현대2단지,,84.91,16,1996,90000,2019-05-13,,,,,,
광진구,11215,10500,자양동,516,11215-57,우성3,,84.91,1,1989,91000,2019-05-24,,,,,,
광진구,11215,10400,광장동,566,11215-14,청구,,84.86,20,1996,84000,2019-05-24,,,,,,
광진구,11215,10300,구의동,611,11215-25,구의현대2단지,,84.75,27,1996,88500,2019-05-17,,,,,,
광진구,11215,10500,자양동,227-7,11215-2478,더샵스타시티,,100.32,28,2007,114000,2019-05-25,,,,,,
광진구,11215,10400,광장동,582,11215-3062,광장힐스테이트,,59.99,2,2012,97500,2019-05-24,,,,,,
광진구,11215,10400,광장동,554-7,11215-17,현대5,,59.67,3,1989,80500,2019-05-24,,,,,,
광진구,11215,10500,자양동,227-7,11215-2478,더샵스타시티,,96.98,15,2007,114000,2019-05-06,,,,,,
광진구,11215,10400,광장동,554-7,11215-17,현대5,,84.56,11,1989,115000,2019-05-24,,,,,,
광진구,11215,10400,광장동,554-7,11215-17,현대5,,59.67,15,1989,80200,2019-05-07,,,,,,
광진구,11215,10400,광장동,218-1,11215-4,극동2,,75.55,1,1989,88000,2019-05-25,,,,,,
광진구,11215,10400,광장동,484,11215-16,현대3,,59.67,15,1990,73000,2019-05-13,,,,,,
광진구,11215,10300,구의동,611,11215-25,구의현대2단지,,84.88,26,1996,83500,2019-05-01,,,,,,
광진구,11215,10500,자양동,227-7,11215-2478,더샵스타시티,,100.32,46,2007,118000,2019-05-18,,,,,,
광진구,11215,10400,광장동,580,11215-130,현대홈타운12차,,143.86,11,2004,142500,2019-05-14,,,,,,
광진구,11215,10300,구의동,631-1,11215-33,현대프라임,,84.99,12,1997,97000,2019-05-22,,,,,,
광진구,11215,10900,군자동,100-109,11215-40,서원힐탑,,59.85,6,1994,41000,2019-05-10,,,,,,
광진구,11215,10300,구의동,631-1,11215-33,현대프라임,,59.82,11,1997,72700,2019-05-01,,,,,,
광진구,11215,10400,광장동,484,11215-16,현대3,,84.97,3,1990,90000,2019-05-15,,,,,,
광진구,11215,10300,구의동,631-1,11215-33,현대프라임,,59.82,28,1997,72900,2019-05-16,,,,,,
광진구,11215,10400,광장동,554-7,11215-17,현대5,,84.56,4,1989,105500,2019-05-25,,,,,,
광진구,11215,10300,구의동,547-7,11215-2776,광진해모로리버뷰,,135.5,3,2009,94000,2019-05-04,,,,,,
광진구,11215,10500,자양동,856,11215-2790,이튼타워리버5차,,159.89,10,2009,138000,2019-05-18,,,,,,
광진구,11215,10400,광장동,484,11215-16,현대3,,84.97,13,1990,100000,2019-05-17,,,,,,
광진구,11215,10300,구의동,610,11215-26,구의현대6단지,,84.92,7,1994,81900,2019-05-30,,,,,,
광진구,11215,10400,광장동,569,11215-112,현대8(803동),,59.94,9,1996,70500,2019-05-10,,,,,,
광진구,11215,10300,구의동,631-1,11215-33,현대프라임,,59.82,28,1997,70500,2019-05-14,,,,,,
광진구,11215,10400,광장동,484,11215-16,현대3,,59.67,14,1990,66000,2019-05-13,,,,,,
광진구,11215,10400,광장동,484,11215-16,현대3,,84.97,13,1990,104000,2019-05-12,,,,,,
광진구,11215,10100,중곡동,130-1,11215-122,그린트리,,84.51,2,2004,40000,2019-05-03,,,,,,
광진구,11215,10300,구의동,668,11215-4466,래미안파크스위트,,84.98,10,2018,112000,2019-05-18,,,,,,
광진구,11215,10100,중곡동,109-2,11215-91,삼성로얄3,,77.22,4,2002,40000,2019-05-04,,,,,,
광진구,11215,10400,광장동,218-1,11215-4,극동2,,84.55,3,1989,101250,2019-05-02,,,,,,
광진구,11215,10400,광장동,566,11215-14,청구,,84.86,12,1996,85000,2019-05-13,,,,,,
광진구,11215,10500,자양동,643-23,11215-77,현대빌라트(643-23),,131.85,2,1993,68000,2019-05-07,,,,,,
광진구,11215,10400,광장동,218-1,11215-4,극동2,,126.94,7,1989,145000,2019-05-21,,,,,,
광진구,11215,10300,구의동,611,11215-25,구의현대2단지,,84.91,14,1996,96000,2019-05-06,,,,,,
광진구,11215,10500,자양동,642,11215-67,자양현대5,,76.94,14,1998,76000,2019-05-07,,,,,,
광진구,11215,10400,광장동,566,11215-14,청구,,84.86,22,1996,84400,2019-05-06,,,,,,
광진구,11215,10300,구의동,631-1,11215-33,현대프라임,,84.99,11,1997,97000,2019-05-10,,,,,,
광진구,11215,10400,광장동,577,11215-21,현대파크빌,,84.81,17,2000,105000,2019-05-11,,,,,,
광진구,11215,10500,자양동,227-7,11215-2478,더샵스타시티,,163.53,41,2007,168000,2019-05-31,,,,,,
광진구,11215,10400,광장동,577,11215-21,현대파크빌,,59.76,10,2000,78500,2019-05-07,,,,,,
광진구,11215,10400,광장동,250,11215-2535,신동아파밀리에,,84.78,9,2007,100000,2019-05-22,,,,,,
광진구,11215,10100,중곡동,292,11215-87,에스케이,,113.24,19,1999,60000,2019-05-28,,,,,,
광진구,11215,10400,광장동,581,11215-2694,광장자이,,158.26,12,2008,148000,2019-05-02,,,,,,
광진구,11215,10400,광장동,145-8,11215-11,워커힐,,166.91,7,1978,150000,2019-05-28,,,,,,
광진구,11215,10700,화양동,110-37,11215-98,화양타워,,15.73,2,1999,7800,2019-05-28,,,,,,
광진구,11215,10700,화양동,113-1,11215-3509,광진코지웰,,15.2,6,2014,16500,2019-05-27,,,,,,
광진구,11215,10400,광장동,565,11215-18,"현대8(801동,802동)",,84.92,13,1995,90000,2019-05-21,,,,,,
광진구,11215,10500,자양동,227-7,11215-2478,더샵스타시티,,139.6,30,2007,136000,2019-05-21,,,,,,
광진구,11215,10400,광장동,125,11215-2411,워커힐 팰리스,,100.67,3,2005,64000,2019-05-20,,,,,,
광진구,11215,10900,군자동,99,11215-41,일성파크,,59.96,18,1996,47000,2019-05-11,,,,,,
광진구,11215,10400,광장동,148-4,11215-3323,워커힐푸르지오,,92.4,8,1987,85000,2019-05-08,,,,,,
광진구,11215,10400,광장동,121,11215-2919,유진스웰,,136.684,7,2011,120000,2019-05-07,,,,,,
광진구,11215,10300,구의동,631-1,11215-33,현대프라임,,59.82,15,1997,68300,2019-05-11,,,,,,
광진구,11215,10300,구의동,611,11215-25,구의현대2단지,,84.86,22,1996,89500,2019-05-11,,,,,,
광진구,11215,10500,자양동,762,11215-70,한라아파트,,84.6,20,1996,84500,2019-05-16,,,,,,
광진구,11215,10500,자양동,520-2,11215-56,우성2,,51.57,6,1989,55000,2019-05-16,,,,,,
광진구,11215,10300,구의동,547,11215-141,강변현대하이엘,,130.89,2,2004,74500,2019-05-07,,,,,,
광진구,11215,10500,자양동,831-1,11215-45,한강성원,,84.12,5,1997,74500,2019-05-07,,,,,,
광진구,11215,10300,구의동,611,11215-25,구의현대2단지,,84.86,8,1996,89000,2019-05-03,,,,,,
광진구,11215,10500,자양동,855,11215-2484,이튼타워리버3차,,84.96,8,2007,86000,2019-05-14,,,,,,
광진구,11215,10700,화양동,110-37,11215-98,화양타워,,19,2,1999,8000,2019-05-04,,,,,,
광진구,11215,10100,중곡동,190-26,11215-100,중곡2단지,,55.9,4,1976,29500,2019-05-01,,,,,,
광진구,11215,10700,화양동,113-1,11215-3509,광진코지웰,,16.53,9,2014,16850,2019-05-07,,,,,,
동대문구,11230,11000,이문동,225,11230-65,대림e-편한세상,,114.937,5,2003,68000,2019-05-18,,,,,,
동대문구,11230,10900,휘경동,109,11230-75,롯데낙천대,,82.82,14,2003,59500,2019-05-15,,,,,,
동대문구,11230,10400,전농동,10,11230-10,전농SK,,114.3,2,2000,70000,2019-05-07,,,,,,
동대문구,11230,10500,답십리동,990,11230-22,두산,,84.83,17,2000,57000,2019-05-27,,,,,,
동대문구,11230,10200,용두동,792,11230-2198,래미안 허브리츠,,84.96,11,2011,82000,2019-05-31,,,,,,
동대문구,11230,10400,전농동,10,11230-10,전농SK,,84.95,20,2000,66500,2019-05-27,,,,,,
동대문구,11230,10700,청량리동,235-1,11230-43,미주,,103.97,1,1978,83500,2019-05-21,,,,,,
동대문구,11230,10500,답십리동,530-15,11230-2682,현대썬앤빌청계,,14.82,11,2016,13850,2019-05-25,,,,,,
동대문구,11230,10400,전농동,690,11230-2578,래미안크레시티,,59.99,15,2014,76000,2019-05-21,,,,,,
동대문구,11230,10600,장안동,336,11230-81,장안현대홈타운(336),,133.72,8,2003,89500,2019-05-29,,,,,,
동대문구,11230,10600,장안동,344-5,11230-2101,선일크라시아,,66.56,13,2008,31800,2019-05-28,,,,,,
동대문구,11230,10500,답십리동,990,11230-22,두산,,84.83,13,2000,57000,2019-05-25,,,,,,
동대문구,11230,10500,답십리동,41,11230-20,동서울한양,,76.41,9,1989,44000,2019-05-16,,,,,,
동대문구,11230,10600,장안동,346-1,11230-2825,태솔아파트3차,,57.98,10,2018,36900,2019-05-15,,,,,,
동대문구,11230,11000,이문동,225,11230-65,대림e-편한세상,,84.972,21,2003,60700,2019-05-24,,,,,,
동대문구,11230,10600,장안동,329-3,11230-129,래미안장안2차,,81.05,16,2007,69700,2019-05-30,,,,,,
동대문구,11230,10600,장안동,329-2,11230-2078,장안힐스테이트,,84.897,23,2007,75200,2019-05-21,,,,,,
동대문구,11230,10300,제기동,1212,11230-5,한신아파트,,84.76,17,2004,61000,2019-05-13,,,,,,
동대문구,11230,11000,이문동,64,11230-62,쌍용,,84.89,17,2000,56000,2019-05-28,,,,,,
동대문구,11230,10300,제기동,153,11230-84,안암골벽산,,84.98,20,2003,60000,2019-05-25,,,,,,
동대문구,11230,10500,답십리동,498-7,11230-2311,청계지웰에스테이트,,18.585,12,2012,14400,2019-05-30,,,,,,
동대문구,11230,11000,이문동,84,11230-76,중앙하이츠빌,,59.4,7,2002,47300,2019-05-21,,,,,,
동대문구,11230,10500,답십리동,994,11230-29,답십리한화,,84.86,18,2001,57000,2019-05-29,,,,,,
동대문구,11230,10500,답십리동,498-7,11230-2311,청계지웰에스테이트,,19.525,9,2012,14300,2019-05-30,,,,,,
동대문구,11230,10500,답십리동,989-1,11230-24,우성그린,,84.98,10,1997,49000,2019-05-13,,,,,,
동대문구,11230,10900,휘경동,57,11230-53,휘경리오포레아파트(1단지),,114.73,10,2001,67000,2019-05-25,,,,,,
동대문구,11230,10600,장안동,336,11230-81,장안현대홈타운(336),,59.61,16,2003,56900,2019-05-24,,,,,,
동대문구,11230,10600,장안동,344-5,11230-2101,선일크라시아,,66.13,5,2008,33000,2019-05-22,,,,,,
동대문구,11230,10600,장안동,344-1,11230-106,르메이에르1차(344-1),,84.77,7,2004,43500,2019-05-14,,,,,,
동대문구,11230,10600,장안동,342-3,11230-1974,르메이에르장안타운6차,,84.92,5,2005,38800,2019-05-31,,,,,,
동대문구,11230,10600,장안동,344-5,11230-2101,선일크라시아,,66.13,13,2008,31800,2019-05-10,,,,,,
동대문구,11230,10600,장안동,329-2,11230-2078,장안힐스테이트,,59.539,5,2007,57250,2019-05-11,,,,,,
동대문구,11230,10600,장안동,329-2,11230-2078,장안힐스테이트,,59.928,18,2007,57000,2019-05-09,,,,,,
동대문구,11230,10900,휘경동,52,11230-58,휘경베스트빌현대,,114.88,19,2000,56500,2019-05-14,,,,,,
동대문구,11230,10600,장안동,563,11230-1978,신부파스카(563),,84.99,9,2005,51500,2019-05-16,,,,,,
동대문구,11230,10700,청량리동,60,11230-44,한신,,84.92,12,1997,60000,2019-05-23,,,,,,
동대문구,11230,10900,휘경동,109,11230-75,롯데낙천대,,82.82,6,2003,57000,2019-05-03,,,,,,
동대문구,11230,10500,답십리동,808,11230-31,대림,,84.66,1,2003,51000,2019-05-16,,,,,,
동대문구,11230,10200,용두동,791,11230-2164,용두두산위브,,84.99,14,2009,72000,2019-05-30,,,,,,
동대문구,11230,10700,청량리동,235-1,11230-43,미주,,101.62,5,1978,84500,2019-05-21,,,,,,
동대문구,11230,10200,용두동,791,11230-2164,용두두산위브,,84.99,2,2009,69000,2019-05-18,,,,,,
동대문구,11230,10200,용두동,791,11230-2164,용두두산위브,,59.99,14,2009,67000,2019-05-12,,,,,,
동대문구,11230,10200,용두동,792,11230-2198,래미안 허브리츠,,84.97,16,2011,88000,2019-05-02,,,,,,
동대문구,11230,10600,장안동,336,11230-81,장안현대홈타운(336),,84.87,11,2003,68000,2019-05-21,,,,,,
동대문구,11230,10500,답십리동,111,11230-18,답십리대우,,59.76,13,2002,52000,2019-05-30,,,,,,
동대문구,11230,10800,회기동,65,11230-48,신현대,,84.96,11,1989,60000,2019-05-29,,,,,,
동대문구,11230,10200,용두동,779,11230-2,신동아,,71.01,15,1994,53950,2019-05-28,,,,,,
동대문구,11230,10500,답십리동,990,11230-22,두산,,84.83,15,2000,54000,2019-05-02,,,,,,
동대문구,11230,10300,제기동,252,11230-213,이수브라운스톤,,84.9,7,2005,59700,2019-05-11,,,,,,
동대문구,11230,10900,휘경동,57,11230-64,휘경리오포레아파트(2단지),,39.98,4,2001,32500,2019-05-03,,,,,,
동대문구,11230,10500,답십리동,1003,11230-2587,래미안위브,,84.98,4,2014,89700,2019-05-07,,,,,,
동대문구,11230,10600,장안동,586,11230-2831,U포그니2차,,67.02,2,2018,41000,2019-05-18,,,,,,
동대문구,11230,10300,제기동,892-66,11230-6,현대,,59.92,11,1999,50000,2019-05-08,,,,,,
동대문구,11230,11000,이문동,54,11230-63,현대,,59.92,15,2000,45700,2019-05-26,,,,,,
동대문구,11230,10600,장안동,342-13,11230-105,광남캐스빌,,113.74,4,2004,48000,2019-05-22,,,,,,
동대문구,11230,10900,휘경동,52,11230-58,휘경베스트빌현대,,59.92,14,2000,38000,2019-05-08,,,,,,
동대문구,11230,10500,답십리동,1003,11230-2587,래미안위브,,84.99,19,2014,95000,2019-05-26,,,,,,
동대문구,11230,10600,장안동,456-8,11230-2595,스타파크아파트,,59.95,6,2016,37500,2019-05-14,,,,,,
동대문구,11230,10500,답십리동,990,11230-22,두산,,84.83,15,2000,60000,2019-05-03,,,,,,
동대문구,11230,10500,답십리동,998,11230-2036,두산위브,,84.91,16,2007,71300,2019-05-25,,,,,,
동대문구,11230,10500,답십리동,42,11230-19,동답한신,,59.22,8,1992,43000,2019-05-10,,,,,,
동대문구,11230,10500,답십리동,111,11230-18,답십리대우,,59.76,12,2002,56000,2019-05-25,,,,,,
동대문구,11230,11000,이문동,425,11230-60,이문삼성래미안아파트,,114.988,9,2001,65000,2019-05-29,,,,,,
동대문구,11230,11000,이문동,64,11230-62,쌍용,,84.89,18,2000,53900,2019-05-25,,,,,,
동대문구,11230,10600,장안동,329-3,11230-129,래미안장안2차,,81.05,15,2007,68900,2019-05-01,,,,,,
동대문구,11230,10400,전농동,10,11230-10,전농SK,,59.34,8,2000,52500,2019-05-24,,,,,,
동대문구,11230,10900,휘경동,367,11230-2232,휘경센트레빌,,84.79,11,2011,69500,2019-05-01,,,,,,
동대문구,11230,10600,장안동,95-1,11230-36,장안현대,,95.39,3,1984,53000,2019-05-21,,,,,,
동대문구,11230,10600,장안동,373-7,11230-111,가야써니빌(373-7),,114.69,13,2002,46000,2019-05-22,,,,,,
동대문구,11230,10300,제기동,252,11230-213,이수브라운스톤,,84.9,10,2005,60000,2019-05-23,,,,,,
동대문구,11230,10500,답십리동,998,11230-2036,두산위브,,84.91,16,2007,71000,2019-05-18,,,,,,
동대문구,11230,10500,답십리동,998,11230-2036,두산위브,,84.91,14,2007,71000,2019-05-14,,,,,,
동대문구,11230,10700,청량리동,234-2,11230-45,현대,,76.63,2,1987,55000,2019-05-01,,,,,,
동대문구,11230,10500,답십리동,1003,11230-2587,래미안위브,,84.99,20,2014,90000,2019-05-25,,,,,,
동대문구,11230,10500,답십리동,1002,11230-2208,청계한신휴플러스,,59.74,21,2010,73000,2019-05-19,,,,,,
동대문구,11230,10500,답십리동,1001,11230-2197,한신휴플러스그린파크,,59.92,3,2010,60000,2019-05-09,,,,,,
동대문구,11230,10600,장안동,95-1,11230-36,장안현대,,95.45,10,1984,52000,2019-05-24,,,,,,
동대문구,11230,10500,답십리동,530-5,11230-23,삼희,,58.77,8,1983,38000,2019-05-08,,,,,,
동대문구,11230,10500,답십리동,530-4,11230-2897,보광타워,,14.69,15,2019,13800,2019-05-30,,,,,,
동대문구,11230,10400,전농동,690,11230-2578,래미안크레시티,,121.93,6,2014,110000,2019-05-27,,,,,,
동대문구,11230,10600,장안동,568,11230-2019,신일해피트리3차(568),,63.7,4,2005,47700,2019-05-07,,,,,,
동대문구,11230,10600,장안동,365-4,11230-2240,서희스타힐스,,80.53,7,2013,42400,2019-05-22,,,,,,
동대문구,11230,10900,휘경동,106,11230-52,휘경미소지움,,59.84,4,1999,41250,2019-05-09,,,,,,
동대문구,11230,10600,장안동,586,11230-2831,U포그니2차,,55.06,7,2018,38000,2019-05-11,,,,,,
동대문구,11230,10500,답십리동,998,11230-2036,두산위브,,59.91,6,2007,60000,2019-05-07,,,,,,
동대문구,11230,10300,제기동,153,11230-84,안암골벽산,,59.94,4,2003,55000,2019-05-14,,,,,,
동대문구,11230,10200,용두동,791,11230-2164,용두두산위브,,59.99,11,2009,65400,2019-05-10,,,,,,
동대문구,11230,11000,이문동,64,11230-62,쌍용,,59.99,8,2000,47000,2019-05-20,,,,,,
동대문구,11230,11000,이문동,225,11230-65,대림e-편한세상,,59.958,7,2003,52500,2019-05-18,,,,,,
동대문구,11230,10200,용두동,255-49,11230-2870,청계한양아이클래스,,14.22,19,2019,18300,2019-05-30,,,,,,
동대문구,11230,10800,회기동,346-18,11230-2350,베라체캠퍼스,,24.319,6,2013,24900,2019-05-10,,,,,,
동대문구,11230,10300,제기동,153,11230-84,안암골벽산,,84.98,2,2003,60000,2019-05-19,,,,,,
동대문구,11230,10600,장안동,344-5,11230-2101,선일크라시아,,66.13,6,2008,31800,2019-05-16,,,,,,
동대문구,11230,10500,답십리동,999,11230-2037,청계벽산메가트리움,,59.93,3,2006,51500,2019-05-23,,,,,,
동대문구,11230,10900,휘경동,369,11230-2645,휘경제이스카이아파트,,84.43,11,2016,52000,2019-05-25,,,,,,
동대문구,11230,10200,용두동,790,11230-2159,롯데캐슬피렌체,,30.4,5,2009,34000,2019-05-28,,,,,,
동대문구,11230,11000,이문동,311,11230-125,래미안이문2차,,84.61,16,2004,75750,2019-05-06,,,,,,
동대문구,11230,10600,장안동,336,11230-81,장안현대홈타운(336),,112.78,16,2003,74500,2019-05-20,,,,,,
동대문구,11230,10600,장안동,381-3,11230-2182,한강훼미리주상복합아파트,,76.34,12,2009,42000,2019-05-29,,,,,,
동대문구,11230,10200,용두동,112-8,11230-2413,한양아이클래스,,14.19,4,2014,11400,2019-05-22,,,,,,
동대문구,11230,10200,용두동,104-3,11230-2647,동대문푸르지오시티(도시형생활주택),,36.99,6,2016,38000,2019-05-11,,,,,,
동대문구,11230,10600,장안동,466-5,11230-2389,장안푸르미에,,12.9463,8,2013,12200,2019-05-20,,,,,,
동대문구,11230,10500,답십리동,530-4,11230-2897,보광타워,,14.69,15,2019,13000,2019-05-24,,,,,,
동대문구,11230,10900,휘경동,57,11230-64,휘경리오포레아파트(2단지),,39.98,10,2001,33800,2019-05-18,,,,,,
동대문구,11230,10300,제기동,1212,11230-5,한신아파트,,59.84,15,2004,52000,2019-05-21,,,,,,
동대문구,11230,10100,신설동,100-26,11230-2844,포레스트힐시티,,14.75,20,2018,16000,2019-05-09,,,,,,
동대문구,11230,10500,답십리동,488-18,11230-2370,센시티16,,14.244,13,2013,11200,2019-05-04,,,,,,
동대문구,11230,10200,용두동,792,11230-2198,래미안 허브리츠,,84.96,12,2011,80000,2019-05-17,,,,,,
동대문구,11230,10300,제기동,892-66,11230-6,현대,,90.95,10,1999,55000,2019-05-21,,,,,,
동대문구,11230,10500,답십리동,498-7,11230-2311,청계지웰에스테이트,,19.525,11,2012,14250,2019-05-16,,,,,,
동대문구,11230,10600,장안동,372-5,11230-2274,장안뉴시티,,17.53,7,2012,10000,2019-05-16,,,,,,
동대문구,11230,10200,용두동,779,11230-2,신동아,,49.68,11,1994,41350,2019-05-04,,,,,,
동대문구,11230,11000,이문동,225,11230-65,대림e-편한세상,,59.958,20,2003,52200,2019-05-01,,,,,,
동대문구,11230,10600,장안동,371-1,11230-38,장안삼성쉐르빌,,122.58,7,2002,51000,2019-05-12,,,,,,
동대문구,11230,10600,장안동,466-5,11230-2389,장안푸르미에,,12.4972,3,2013,11800,2019-05-13,,,,,,
동대문구,11230,10600,장안동,466-5,11230-2389,장안푸르미에,,12.9463,3,2013,11800,2019-05-13,,,,,,
동대문구,11230,11000,이문동,64,11230-62,쌍용,,59.99,9,2000,46000,2019-05-09,,,,,,
동대문구,11230,10200,용두동,255-49,11230-2870,청계한양아이클래스,,14.22,16,2019,19100,2019-05-08,,,,,,
동대문구,11230,10900,휘경동,43-66,11230-55,휘경,,69.72,4,1972,20600,2019-05-04,,,,,,
동대문구,11230,10500,답십리동,530-4,11230-2897,보광타워,,22.96,12,2019,21820,2019-05-09,,,,,,
동대문구,11230,10600,장안동,466-5,11230-2389,장안푸르미에,,12.9463,10,2013,12500,2019-05-08,,,,,,
중랑구,11260,10500,망우동,479,11260-2136,한일써너스빌리젠시1단지(101동),,84.66,9,2008,60000,2019-05-08,,,,,,
중랑구,11260,10400,묵동,13,11260-52,신내,,49.77,11,1996,35300,2019-05-28,,,,,,
중랑구,11260,10600,신내동,656,11260-85,화성.두산아파트,,66.96,5,1995,41500,2019-05-30,,,,,,
중랑구,11260,10100,면목동,193-1,11260-24,면목한신,,66.56,1,1987,37900,2019-05-24,,,,,,
중랑구,11260,10600,신내동,656,11260-85,화성.두산아파트,,66.96,13,1995,40500,2019-05-18,,,,,,
중랑구,11260,10300,중화동,450,11260-46,한신아파트상가동유치원동(103~109),,84.03,8,1997,55500,2019-05-31,,,,,,
중랑구,11260,10100,면목동,715,11260-30,늘푸른동아,,59.65,19,2002,39700,2019-05-17,,,,,,
중랑구,11260,10100,면목동,715,11260-30,늘푸른동아,,59.65,19,2002,39700,2019-05-17,,,,,,
중랑구,11260,10200,상봉동,499,11260-2002,건영캐스빌,,84.6475,16,2006,60000,2019-05-24,,,,,,
중랑구,11260,10100,면목동,193-1,11260-24,면목한신,,58.46,8,1987,36600,2019-05-30,,,,,,
중랑구,11260,10400,묵동,170-1,11260-2392,묵동자이(2단지),,101.91,26,2010,69000,2019-05-29,,,,,,
중랑구,11260,10200,상봉동,500,11260-2804,프레미어스엠코,,107.12,14,2013,83000,2019-05-06,,,,,,
중랑구,11260,10400,묵동,378,11260-62,한국,,59.64,17,1999,37500,2019-05-15,,,,,,
중랑구,11260,10100,면목동,1528,11260-1945,면목동금호어울림아파트,,84.0827,7,2005,46000,2019-05-09,,,,,,
중랑구,11260,10100,면목동,1518,11260-16,신우,,84.66,3,1998,38000,2019-05-24,,,,,,
중랑구,11260,10100,면목동,193-1,11260-24,면목한신,,84.92,6,1987,47500,2019-05-23,,,,,,
중랑구,11260,10200,상봉동,101-19,11260-3951,상봉베스트원,,22.14,3,2019,19000,2019-05-22,,,,,,
중랑구,11260,10200,상봉동,496,11260-37,우정아파트,,57.189,21,2002,49300,2019-05-18,,,,,,
중랑구,11260,10600,신내동,783,11260-91,성원,,84.4,7,1994,42000,2019-05-29,,,,,,
중랑구,11260,10400,묵동,385,11260-65,현대아이파크,,84.9785,9,2002,60000,2019-05-23,,,,,,
중랑구,11260,10600,신내동,783,11260-91,성원,,84.32,1,1994,41800,2019-05-28,,,,,,
중랑구,11260,10600,신내동,591,11260-101,동성아파트,,59.4,8,1997,34700,2019-05-27,,,,,,
중랑구,11260,10500,망우동,580,11260-2012,금호어울림(580),,84.94,14,2006,50000,2019-05-28,,,,,,
중랑구,11260,10400,묵동,20,11260-54,신내두산아파트,,126.28,11,1995,69000,2019-05-20,,,,,,
중랑구,11260,10100,면목동,1077-1,11260-19,용마한신,,59.22,5,1990,39500,2019-05-29,,,,,,
중랑구,11260,10600,신내동,657,11260-98,신내9진흥,,49.93,12,1996,34000,2019-05-30,,,,,,
중랑구,11260,10600,신내동,656,11260-85,화성.두산아파트,,66.96,13,1995,43000,2019-05-29,,,,,,
중랑구,11260,10400,묵동,170-1,11260-2392,묵동자이(2단지),,157.85,34,2010,122500,2019-05-20,,,,,,
중랑구,11260,10200,상봉동,484,11260-36,"엘지,쌍용아파트",,68.12,7,1996,43400,2019-05-13,,,,,,
중랑구,11260,10400,묵동,388,11260-151,동구햇살,,84.97,8,2004,47000,2019-05-30,,,,,,
중랑구,11260,10600,신내동,783,11260-91,성원,,84.91,6,1994,46500,2019-05-03,,,,,,
중랑구,11260,10100,면목동,193-1,11260-24,면목한신,,44.5,6,1987,27500,2019-05-29,,,,,,
중랑구,11260,10200,상봉동,495,11260-35,동부아파트,,84.99,20,1999,48000,2019-05-11,,,,,,
중랑구,11260,10400,묵동,20,11260-53,신내대림아파트,,126.28,10,1995,69900,2019-05-29,,,,,,
중랑구,11260,10400,묵동,20,11260-53,신내대림아파트,,102.7,9,1995,59000,2019-05-28,,,,,,
중랑구,11260,10400,묵동,396,11260-3783,이편한세상화랑대,,84.834,25,2017,74000,2019-05-22,,,,,,
중랑구,11260,10400,묵동,396,11260-3783,이편한세상화랑대,,59.953,12,2017,57000,2019-05-28,,,,,,
중랑구,11260,10600,신내동,618,11260-100,동성3,,59.4,15,1997,36000,2019-05-17,,,,,,
중랑구,11260,10300,중화동,450,11260-46,한신아파트상가동유치원동(103~109),,84.87,26,1997,53000,2019-05-21,,,,,,
중랑구,11260,10400,묵동,377,11260-51,세원,,59.82,5,1997,27000,2019-05-25,,,,,,
중랑구,11260,10400,묵동,20,11260-54,신내두산아파트,,126.28,3,1995,64000,2019-05-25,,,,,,
중랑구,11260,10400,묵동,385,11260-65,현대아이파크,,84.9416,19,2002,59000,2019-05-10,,,,,,
중랑구,11260,10300,중화동,274-75,11260-121,한영(102),,57.18,6,2003,25800,2019-05-20,,,,,,
중랑구,11260,10600,신내동,654,11260-95,진로아파트,,101.86,10,1995,55500,2019-05-11,,,,,,
중랑구,11260,10300,중화동,450,11260-46,한신아파트상가동유치원동(103~109),,59.76,19,1997,43800,2019-05-04,,,,,,
중랑구,11260,10500,망우동,226,11260-68,경남,,52.71,4,1989,25000,2019-05-04,,,,,,
중랑구,11260,10500,망우동,479,11260-2136,한일써너스빌리젠시1단지(101동),,84.66,12,2008,59500,2019-05-02,,,,,,
중랑구,11260,10600,신내동,654,11260-95,진로아파트,,101.86,9,1995,60000,2019-05-10,,,,,,
중랑구,11260,10400,묵동,387,11260-108,브라운스톤태릉,,83.5358,17,2004,53000,2019-05-27,,,,,,
중랑구,11260,10500,망우동,575,11260-75,청광,,83.4564,9,2001,36300,2019-05-28,,,,,,
중랑구,11260,10200,상봉동,101-19,11260-3951,상봉베스트원,,12.95,5,2019,13800,2019-05-28,,,,,,
중랑구,11260,10400,묵동,396,11260-3783,이편한세상화랑대,,84.834,4,2017,73000,2019-05-14,,,,,,
중랑구,11260,10600,신내동,656,11260-85,화성.두산아파트,,66.96,10,1995,45000,2019-05-09,,,,,,
중랑구,11260,10600,신내동,661,11260-99,신내11대명,,59.76,2,1996,34700,2019-05-16,,,,,,
중랑구,11260,10100,면목동,193-1,11260-24,면목한신,,58.46,2,1987,36000,2019-05-23,,,,,,
중랑구,11260,10600,신내동,657,11260-98,신내9진흥,,33.18,11,1996,22200,2019-05-23,,,,,,
중랑구,11260,10100,면목동,1499,11260-18,용마동아,,84.88,14,1993,44800,2019-05-15,,,,,,
중랑구,11260,10400,묵동,396,11260-3783,이편한세상화랑대,,84.902,15,2017,73500,2019-05-24,,,,,,
중랑구,11260,10100,면목동,1531,11260-2048,마젤란21,,78.941,3,2007,53500,2019-05-11,,,,,,
중랑구,11260,10300,중화동,450,11260-46,한신아파트상가동유치원동(103~109),,84.03,23,1997,58500,2019-05-10,,,,,,
중랑구,11260,10200,상봉동,484,11260-36,"엘지,쌍용아파트",,68.12,4,1996,42400,2019-05-29,,,,,,
중랑구,11260,10400,묵동,385,11260-65,현대아이파크,,84.9416,15,2002,58500,2019-05-13,,,,,,
중랑구,11260,10400,묵동,245-64,11260-61,우성,,47.11,2,1975,18700,2019-05-09,,,,,,
중랑구,11260,10100,면목동,1537,11260-3079,용마산하늘채,,84.7961,7,2015,72000,2019-05-22,,,,,,
중랑구,11260,10600,신내동,657,11260-98,신내9진흥,,39.84,14,1996,26000,2019-05-20,,,,,,
중랑구,11260,10100,면목동,193-1,11260-24,면목한신,,27,11,1987,18900,2019-05-21,,,,,,
중랑구,11260,10600,신내동,317,11260-2336,데시앙,,84.45,12,2010,60000,2019-05-21,,,,,,
중랑구,11260,10600,신내동,657,11260-98,신내9진흥,,33.18,10,1996,21000,2019-05-20,,,,,,
중랑구,11260,10200,상봉동,497,11260-107,태영데시앙1,,59.6772,3,2003,49000,2019-05-01,,,,,,
중랑구,11260,10400,묵동,392,11260-2307,월드메르디앙,,83.51,12,2009,53000,2019-05-18,,,,,,
중랑구,11260,10600,신내동,650,11260-92,신내6대주,,49.77,8,1996,34000,2019-05-31,,,,,,
중랑구,11260,10600,신내동,618,11260-100,동성3,,132.77,17,1997,58300,2019-05-18,,,,,,
중랑구,11260,10600,신내동,591,11260-101,동성아파트,,129.37,14,1997,54500,2019-05-06,,,,,,
중랑구,11260,10600,신내동,654,11260-95,진로아파트,,101.86,7,1995,58000,2019-05-28,,,,,,
중랑구,11260,10600,신내동,817,11260-2821,신내 데시앙포레,,84.65,20,2013,56000,2019-05-23,,,,,,
중랑구,11260,10100,면목동,193-1,11260-24,면목한신,,35.3,3,1987,21200,2019-05-30,,,,,,
중랑구,11260,10500,망우동,574,11260-70,백림금호,,84.23,18,2000,36200,2019-05-31,,,,,,
중랑구,11260,10500,망우동,573,11260-71,신원,,84.87,5,1999,35000,2019-05-14,,,,,,
중랑구,11260,10500,망우동,583,11260-2564,중랑숲리가,,84.964,7,2012,53000,2019-05-20,,,,,,
중랑구,11260,10100,면목동,538,11260-2791,신영,,13.18,4,2013,8000,2019-05-20,,,,,,
중랑구,11260,10400,묵동,164-4,11260-2393,묵동자이(1단지),,112.23,7,2010,60800,2019-05-28,,,,,,
중랑구,11260,10600,신내동,591,11260-101,동성아파트,,59.4,13,1997,35000,2019-05-25,,,,,,
중랑구,11260,10400,묵동,390,11260-2019,SM해그린,,84.32,4,2006,44800,2019-05-08,,,,,,
중랑구,11260,10400,묵동,20,11260-54,신내두산아파트,,126.28,3,1995,66100,2019-05-17,,,,,,
중랑구,11260,10200,상봉동,499,11260-2002,건영캐스빌,,84.6475,16,2006,60000,2019-05-21,,,,,,
중랑구,11260,10300,중화동,450,11260-46,한신아파트상가동유치원동(103~109),,50.37,2,1997,35500,2019-05-31,,,,,,
중랑구,11260,10300,중화동,450,11260-46,한신아파트상가동유치원동(103~109),,50.37,4,1997,36100,2019-05-28,,,,,,
중랑구,11260,10400,묵동,170-1,11260-2392,묵동자이(2단지),,111.73,13,2010,67500,2019-05-13,,,,,,
중랑구,11260,10600,신내동,397,11260-83,동성1,,84.98,11,1993,47800,2019-05-16,,,,,,
중랑구,11260,10600,신내동,317,11260-2336,데시앙,,84.45,9,2010,63000,2019-05-18,,,,,,
중랑구,11260,10100,면목동,1505,11260-164,리치카운티,,84.741,9,2004,58000,2019-05-27,,,,,,
중랑구,11260,10100,면목동,1502,11260-25,현대,,84.99,1,1994,44800,2019-05-01,,,,,,
중랑구,11260,10600,신내동,785,11260-1971,건영2차,,57.3,18,1996,39000,2019-05-01,,,,,,
중랑구,11260,10400,묵동,162-17,11260-2707,헤르만스테이트,,13.77,10,2013,8950,2019-05-30,,,,,,
중랑구,11260,10600,신내동,650,11260-92,신내6대주,,59.76,9,1996,43500,2019-05-01,,,,,,
중랑구,11260,10500,망우동,580,11260-2012,금호어울림(580),,59.96,4,2006,40500,2019-05-26,,,,,,
중랑구,11260,10100,면목동,1522,11260-7,두산4,,59.97,7,2000,48000,2019-05-04,,,,,,
중랑구,11260,10200,상봉동,484,11260-36,"엘지,쌍용아파트",,68.12,8,1996,40000,2019-05-28,,,,,,
중랑구,11260,10600,신내동,479,11260-94,중앙하이츠,,84.97,1,1996,39500,2019-05-10,,,,,,
중랑구,11260,10500,망우동,580-1,11260-2013,금호어울림(580-1),,59.96,8,2006,39000,2019-05-15,,,,,,
중랑구,11260,10600,신내동,802,11260-232,우남푸르미아,,84.67,2,2005,45500,2019-05-09,,,,,,
중랑구,11260,10500,망우동,508-6,11260-2772,더하이어,,12.0156,8,2013,10900,2019-05-23,,,,,,
중랑구,11260,10300,중화동,450,11260-46,한신아파트상가동유치원동(103~109),,59.76,15,1997,45000,2019-05-11,,,,,,
중랑구,11260,10600,신내동,657,11260-98,신내9진흥,,33.18,11,1996,21300,2019-05-13,,,,,,
중랑구,11260,10100,면목동,715,11260-30,늘푸른동아,,59.65,4,2002,39000,2019-05-04,,,,,,
중랑구,11260,10500,망우동,573,11260-71,신원,,59.62,11,1999,29800,2019-05-11,,,,,,
중랑구,11260,10100,면목동,193-1,11260-24,면목한신,,35.3,3,1987,21900,2019-05-08,,,,,,
중랑구,11260,10500,망우동,583,11260-2564,중랑숲리가,,84.964,10,2012,55000,2019-05-19,,,,,,
중랑구,11260,10600,신내동,657,11260-98,신내9진흥,,39.84,5,1996,26000,2019-05-02,,,,,,
중랑구,11260,10600,신내동,650,11260-92,신내6대주,,59.76,11,1996,43000,2019-05-17,,,,,,
중랑구,11260,10100,면목동,1529,11260-2042,경남아너스빌,,84.961,8,2006,59800,2019-05-08,,,,,,
중랑구,11260,10100,면목동,193-1,11260-24,면목한신,,44.5,4,1987,28000,2019-05-10,,,,,,
중랑구,11260,10600,신내동,487,11260-86,라이프미성,,59.23,11,1992,27500,2019-05-10,,,,,,
중랑구,11260,10600,신내동,657,11260-98,신내9진흥,,33.18,10,1996,20000,2019-05-07,,,,,,
중랑구,11260,10500,망우동,506-8,11260-2668,EGSoulLeader,,13.42,13,2012,9700,2019-05-09,,,,,,
중랑구,11260,10600,신내동,492-26,11260-160,조호그레이스2,,55.99,3,2003,20000,2019-05-10,,,,,,
중랑구,11260,10600,신내동,437,11260-87,벽산,,59.783,16,2000,32500,2019-05-05,,,,,,
성북구,11290,13400,길음동,1288,11290-4786,래미안길음센터피스,,59.97,20,2019,80000,2019-05-16,,,,,,
성북구,11290,13300,정릉동,1028,11290-3510,정릉e-편한세상,,114.56,4,2006,59000,2019-05-20,,,,,,
성북구,11290,13300,정릉동,1033,11290-3695,우정에쉐르,,84.92,1,2009,44000,2019-05-07,,,,,,
성북구,11290,13500,종암동,104-1,11290-65,종암에스케이,,114.75,3,1999,58800,2019-05-29,,,,,,
성북구,11290,13400,길음동,1278,11290-56,길음동동부센트레빌(1278-0),,84.844,9,2003,59600,2019-05-17,,,,,,
성북구,11290,13500,종암동,104-1,11290-65,종암에스케이,,59.04,11,1999,42000,2019-05-29,,,,,,
성북구,11290,10300,돈암동,609-1,11290-20,한진(609-1),,132.96,14,1998,71000,2019-05-31,,,,,,
성북구,11290,13300,정릉동,1028,11290-3510,정릉e-편한세상,,59.77,19,2006,46000,2019-05-11,,,,,,
성북구,11290,13800,장위동,322,11290-4834,래미안포레카운티,,84.97,17,2021,67800,2019-05-15,,,,,,
성북구,11290,11300,삼선동3가,116,11290-3905,삼선에스케이뷰,,116.86,7,2012,99500,2019-05-25,,,,,,
성북구,11290,11200,삼선동2가,425,11290-3576,삼선푸르지오,,59.95,12,2008,52000,2019-05-22,,,,,,
성북구,11290,13300,정릉동,1031,11290-3622,정릉힐스테이트3차,,114.78,9,2008,68500,2019-05-18,,,,,,
성북구,11290,13600,하월곡동,225,11290-3492,래미안월곡,,84.589,7,2006,62500,2019-05-17,,,,,,
성북구,11290,13400,길음동,1276,11290-57,삼부컨비니언,,59.94,11,1998,44000,2019-05-31,,,,,,
성북구,11290,10300,돈암동,609-1,11290-19,한신,,68.13,12,1998,48000,2019-05-22,,,,,,
성북구,11290,13500,종암동,104-1,11290-65,종암에스케이,,84.72,14,1999,54000,2019-05-21,,,,,,
성북구,11290,13400,길음동,1278,11290-56,길음동동부센트레빌(1278-0),,59.998,8,2003,51500,2019-05-30,,,,,,
성북구,11290,13400,길음동,1280-1,11290-211,길음뉴타운3단지푸르지오,,59.77,7,2005,46000,2019-05-18,,,,,,
성북구,11290,13300,정릉동,1020,11290-48,정릉우성아파트 101~105동,,84.99,13,2000,46000,2019-05-28,,,,,,
성북구,11290,10300,돈암동,633,11290-22,동부센트레빌,,80.54,19,2003,61800,2019-05-30,,,,,,
성북구,11290,13400,길음동,1286,11290-3825,길음뉴타운9단지(래미안),,134.99,19,2010,116500,2019-05-25,,,,,,
성북구,11290,13400,길음동,1278,11290-56,길음동동부센트레빌(1278-0),,84.844,14,2003,60000,2019-05-07,,,,,,
성북구,11290,13500,종암동,104-1,11290-65,종암에스케이,,59.86,12,1999,43000,2019-05-11,,,,,,
성북구,11290,13600,하월곡동,230,11290-3875,동일하이빌뉴시티,,133.74,28,2011,90000,2019-05-07,,,,,,
성북구,11290,10300,돈암동,1,11290-21,돈암현대아파트,,41.58,8,1991,32800,2019-05-11,,,,,,
성북구,11290,11600,동선동1가,121-6,11290-3809,코아루센타시아,,113.05,11,2010,55800,2019-05-02,,,,,,
성북구,11290,13400,길음동,1278,11290-56,길음동동부센트레빌(1278-0),,59.998,1,2003,51100,2019-05-11,,,,,,
성북구,11290,10300,돈암동,609-1,11290-20,한진(609-1),,59.58,6,1998,38700,2019-05-31,,,,,,
성북구,11290,11000,동소문동7가,23,11290-28,한신플러스C,,59.91,6,2004,57000,2019-05-25,,,,,,
성북구,11290,10300,돈암동,636,11290-116,이수브라운스톤돈암,,59.99,6,2004,52500,2019-05-22,,,,,,
성북구,11290,10300,돈암동,609-1,11290-20,한진(609-1),,59.58,17,1998,39700,2019-05-10,,,,,,
성북구,11290,13600,하월곡동,228,11290-3794,꿈의숲푸르지오,,59.65,8,2010,50000,2019-05-11,,,,,,
성북구,11290,13400,길음동,1281,11290-212,길음뉴타운4단지(e편한세상),,84.64,19,2005,66750,2019-05-12,,,,,,
성북구,11290,13400,길음동,1280,11290-210,길음뉴타운2단지푸르지오,,84.97,6,2005,62000,2019-05-28,,,,,,
성북구,11290,13400,길음동,1281,11290-212,길음뉴타운4단지(e편한세상),,84.64,3,2005,64000,2019-05-21,,,,,,
성북구,11290,13400,길음동,1279,11290-60,길음뉴타운1단지(래미안길음1차),,114.98,7,2003,75000,2019-05-10,,,,,,
성북구,11290,13500,종암동,130,11290-113,아이파크종암동1차,,84.98,11,2004,65000,2019-05-13,,,,,,
성북구,11290,13400,길음동,1278,11290-56,길음동동부센트레빌(1278-0),,84.844,2,2003,57000,2019-05-11,,,,,,
성북구,11290,13400,길음동,1281,11290-212,길음뉴타운4단지(e편한세상),,59.97,7,2005,55800,2019-05-29,,,,,,
성북구,11290,13300,정릉동,727-7,11290-40,동우,,49.62,2,1975,12800,2019-05-30,,,,,,
성북구,11290,13400,길음동,1284,11290-3807,길음뉴타운8단지(래미안),,114.99,12,2010,87000,2019-05-21,,,,,,
성북구,11290,13800,장위동,319,11290-4641,꿈의숲코오롱하늘채,,59.5,24,2017,62000,2019-05-25,,,,,,
성북구,11290,10300,돈암동,609-1,11290-20,한진(609-1),,113.67,19,1998,68000,2019-05-25,,,,,,
성북구,11290,10300,돈암동,609-1,11290-20,한진(609-1),,59.58,14,1998,39600,2019-05-15,,,,,,
성북구,11290,10300,돈암동,1,11290-21,돈암현대아파트,,68.76,12,1991,42700,2019-05-22,,,,,,
성북구,11290,10700,동소문동4가,279,11290-24,송산아파트,,58.59,11,1998,40000,2019-05-04,,,,,,
성북구,11290,13600,하월곡동,230,11290-3875,동일하이빌뉴시티,,188.22,25,2011,123000,2019-05-29,,,,,,
성북구,11290,13300,정릉동,1020,11290-48,정릉우성아파트 101~105동,,59.97,6,2000,37800,2019-05-31,,,,,,
성북구,11290,13500,종암동,133,11290-3786,래미안세레니티,,59.97,13,2009,60000,2019-05-22,,,,,,
성북구,11290,10300,돈암동,1,11290-21,돈암현대아파트,,68.76,7,1991,44500,2019-05-17,,,,,,
성북구,11290,13500,종암동,133,11290-3786,래미안세레니티,,59.97,9,2009,60000,2019-05-18,,,,,,
성북구,11290,10300,돈암동,636,11290-116,이수브라운스톤돈암,,65.95,15,2004,58500,2019-05-31,,,,,,
성북구,11290,13500,종암동,130,11290-113,아이파크종암동1차,,114.99,16,2004,70000,2019-05-06,,,,,,
성북구,11290,13400,길음동,1281,11290-212,길음뉴타운4단지(e편한세상),,59.97,11,2005,54500,2019-05-16,,,,,,
성북구,11290,13400,길음동,1281,11290-212,길음뉴타운4단지(e편한세상),,59.97,5,2005,54500,2019-05-14,,,,,,
성북구,11290,13300,정릉동,1028,11290-3510,정릉e-편한세상,,85,11,2006,49000,2019-05-01,,,,,,
성북구,11290,13300,정릉동,1018,11290-53,길음뉴타운데시앙,,114.76,3,1999,50000,2019-05-06,,,,,,
성북구,11290,13500,종암동,133,11290-3786,래미안세레니티,,59.97,5,2009,58500,2019-05-11,,,,,,
성북구,11290,13400,길음동,1283,11290-3512,길음뉴타운6단지(래미안),,84.049,3,2007,70500,2019-05-18,,,,,,
성북구,11290,13300,정릉동,210,11290-54,정릉푸른마을동아,,59.4,1,2003,36500,2019-05-24,,,,,,
성북구,11290,13400,길음동,1283,11290-3512,길음뉴타운6단지(래미안),,59.373,2,2007,63000,2019-05-29,,,,,,
성북구,11290,13400,길음동,1283,11290-3512,길음뉴타운6단지(래미안),,84.049,7,2007,73750,2019-05-21,,,,,,
성북구,11290,10300,돈암동,632,11290-18,돈암동 풍림아파트 101~105동,,59.64,4,1999,36500,2019-05-28,,,,,,
성북구,11290,13400,길음동,1276,11290-57,삼부컨비니언,,59.94,3,1998,41000,2019-05-13,,,,,,
성북구,11290,13300,정릉동,1021,11290-38,대우,,43.11,12,2001,25100,2019-05-28,,,,,,
성북구,11290,13800,장위동,317,11290-3719,꿈의숲대명루첸아파트,,122.021,8,2008,72000,2019-05-24,,,,,,
성북구,11290,13400,길음동,1279,11290-60,길음뉴타운1단지(래미안길음1차),,59.99,18,2003,58000,2019-05-21,,,,,,
성북구,11290,13400,길음동,1279,11290-60,길음뉴타운1단지(래미안길음1차),,84.96,16,2003,73500,2019-05-17,,,,,,
성북구,11290,13300,정릉동,1013,11290-51,청구,,68.54,6,1999,31000,2019-05-02,,,,,,
성북구,11290,10300,돈암동,609-1,11290-20,한진(609-1),,59.58,14,1998,40500,2019-05-09,,,,,,
성북구,11290,13600,하월곡동,226,11290-3572,월곡래미안루나밸리,,59.98,19,2007,59000,2019-05-22,,,,,,
성북구,11290,13800,장위동,317,11290-3719,꿈의숲대명루첸아파트,,122.021,16,2008,74400,2019-05-20,,,,,,
성북구,11290,10300,돈암동,609-1,11290-20,한진(609-1),,59.58,20,1998,38250,2019-05-06,,,,,,
성북구,11290,10300,돈암동,636,11290-116,이수브라운스톤돈암,,59.99,13,2004,54000,2019-05-25,,,,,,
성북구,11290,13500,종암동,80,11290-84,래미안크리시엘,,84.95,17,2004,59000,2019-05-28,,,,,,
성북구,11290,10300,돈암동,636,11290-116,이수브라운스톤돈암,,84.97,10,2004,65500,2019-05-31,,,,,,
성북구,11290,13600,하월곡동,222,11290-88,월곡두산위브,,59.855,6,2003,47000,2019-05-25,,,,,,
성북구,11290,13600,하월곡동,222,11290-88,월곡두산위브,,84.647,16,2003,55000,2019-05-08,,,,,,
성북구,11290,13600,하월곡동,222,11290-88,월곡두산위브,,84.843,8,2003,54800,2019-05-22,,,,,,
성북구,11290,10300,돈암동,524,11290-204,일신건영휴먼빌아파트,,84.98,6,2005,53000,2019-05-20,,,,,,
성북구,11290,13400,길음동,1287-1,11290-4773,롯데캐슬골든힐스,,84.932,20,2019,69000,2019-05-24,,,,,,
성북구,11290,13800,장위동,319,11290-4641,꿈의숲코오롱하늘채,,84.87,23,2017,70000,2019-05-25,,,,,,
성북구,11290,13800,장위동,319,11290-4641,꿈의숲코오롱하늘채,,59.92,19,2017,60000,2019-05-21,,,,,,
성북구,11290,13400,길음동,1280,11290-210,길음뉴타운2단지푸르지오,,59.99,6,2005,46000,2019-05-11,,,,,,
성북구,11290,13500,종암동,134,11290-3824,래미안라센트,,84.99,15,2011,81000,2019-05-18,,,,,,
성북구,11290,13400,길음동,1279,11290-60,길음뉴타운1단지(래미안길음1차),,59.99,12,2003,61000,2019-05-11,,,,,,
성북구,11290,13300,정릉동,1021,11290-38,대우,,43.11,1,2001,20000,2019-05-20,,,,,,
성북구,11290,13300,정릉동,1030,11290-3534,정릉힐스테이트1차,,84.853,10,2007,55000,2019-05-18,,,,,,
성북구,11290,13900,석관동,10,11290-74,두산,,84.9,16,1998,59900,2019-05-17,,,,,,
성북구,11290,13300,정릉동,435,11290-110,중앙하이츠빌2단지,,84.95,10,2005,45500,2019-05-24,,,,,,
성북구,11290,13300,정릉동,1018,11290-53,길음뉴타운데시앙,,59.42,9,1999,37400,2019-05-08,,,,,,
성북구,11290,13600,하월곡동,228,11290-3794,꿈의숲푸르지오,,84.73,10,2010,58750,2019-05-16,,,,,,
성북구,11290,13300,정릉동,780,11290-41,"산장아파트가동,나동",,52.89,11,1977,22000,2019-05-25,,,,,,
성북구,11290,10300,돈암동,636,11290-116,이수브라운스톤돈암,,59.99,13,2004,50300,2019-05-25,,,,,,
성북구,11290,10300,돈암동,636,11290-116,이수브라운스톤돈암,,84.97,16,2004,62300,2019-05-23,,,,,,
성북구,11290,13400,길음동,1279,11290-60,길음뉴타운1단지(래미안길음1차),,59.99,9,2003,56800,2019-05-16,,,,,,
성북구,11290,12400,안암동4가,23-3,11290-34,안암,,50.68,5,1969,15500,2019-05-10,,,,,,
성북구,11290,13600,하월곡동,88-64,11290-3558,성북힐스테이트(101동),,101.97,3,2007,65000,2019-05-16,,,,,,
성북구,11290,13500,종암동,128,11290-62,극동,,59.67,18,2000,37100,2019-05-27,,,,,,
성북구,11290,13300,정릉동,780,11290-41,"산장아파트가동,나동",,52.89,6,1977,21700,2019-05-31,,,,,,
성북구,11290,13300,정릉동,1015,11290-37,길음뉴타운경남아너스빌,,59.59,18,1999,34000,2019-05-03,,,,,,
성북구,11290,13300,정릉동,435,11290-110,중앙하이츠빌2단지,,59.8473,10,2005,43500,2019-05-29,,,,,,
성북구,11290,10300,돈암동,636,11290-116,이수브라운스톤돈암,,59.99,7,2004,52500,2019-05-24,,,,,,
성북구,11290,13600,하월곡동,46-73,11290-3797,코업스타클래스,,151.17,31,2010,100000,2019-05-09,,,,,,
성북구,11290,13500,종암동,133,11290-3786,래미안세레니티,,84.99,20,2009,70000,2019-05-05,,,,,,
성북구,11290,13400,길음동,1280,11290-210,길음뉴타운2단지푸르지오,,59.77,15,2005,47300,2019-05-15,,,,,,
성북구,11290,13500,종암동,104-1,11290-65,종암에스케이,,84.72,9,1999,57000,2019-05-01,,,,,,
성북구,11290,13800,장위동,316-5,11290-3473,참누리아파트,,84.98,11,2006,54500,2019-05-07,,,,,,
성북구,11290,13900,석관동,405,11290-77,코오롱,,84.87,10,1999,47000,2019-05-06,,,,,,
성북구,11290,10300,돈암동,609-1,11290-20,한진(609-1),,59.58,7,1998,39100,2019-05-10,,,,,,
성북구,11290,13500,종암동,133,11290-3786,래미안세레니티,,59.92,3,2009,55400,2019-05-02,,,,,,
성북구,11290,13300,정릉동,435,11290-110,중앙하이츠빌2단지,,84.95,14,2005,48000,2019-05-06,,,,,,
성북구,11290,13500,종암동,80,11290-84,래미안크리시엘,,59.99,11,2004,50400,2019-05-08,,,,,,
성북구,11290,13900,석관동,405,11290-77,코오롱,,114.84,1,1999,57800,2019-05-03,,,,,,
성북구,11290,10300,돈암동,15-1,11290-17,돈암동삼성,,114.66,18,1999,57000,2019-05-22,,,,,,
성북구,11290,10300,돈암동,642,11290-3980,돈암동해피트리,,126.88,10,2013,85000,2019-05-07,,,,,,
성북구,11290,13500,종암동,104-1,11290-65,종암에스케이,,114.75,6,1999,62000,2019-05-15,,,,,,
성북구,11290,13500,종암동,104-1,11290-65,종암에스케이,,114.75,8,1999,60000,2019-05-15,,,,,,
성북구,11290,13300,정릉동,1031,11290-3622,정릉힐스테이트3차,,59.98,7,2008,51200,2019-05-11,,,,,,
성북구,11290,12100,안암동1가,361,11290-207,안암동삼성래미안,,84.8681,2,2005,57500,2019-05-06,,,,,,
성북구,11290,10300,돈암동,609-1,11290-19,한신,,68.13,11,1998,49000,2019-05-23,,,,,,
성북구,11290,12800,보문동6가,36-2,11290-35,아남,,84.9,1,1994,44600,2019-05-25,,,,,,
성북구,11290,13400,길음동,1276,11290-57,삼부컨비니언,,59.94,6,1998,43500,2019-05-10,,,,,,
성북구,11290,13500,종암동,130,11290-113,아이파크종암동1차,,59.73,2,2004,50400,2019-05-02,,,,,,
성북구,11290,13300,정릉동,1028,11290-3510,정릉e-편한세상,,59.77,12,2006,45500,2019-05-14,,,,,,
성북구,11290,13400,길음동,1284,11290-3807,길음뉴타운8단지(래미안),,59.99,5,2010,63000,2019-05-11,,,,,,
성북구,11290,12100,안암동1가,361,11290-207,안암동삼성래미안,,59.6983,8,2005,53000,2019-05-11,,,,,,
성북구,11290,10300,돈암동,609-1,11290-20,한진(609-1),,59.58,11,1998,36200,2019-05-04,,,,,,
성북구,11290,13300,정릉동,1020,11290-48,정릉우성아파트 101~105동,,46.65,20,2000,28000,2019-05-20,,,,,,
성북구,11290,13300,정릉동,1014,11290-45,정릉스카이쌍용아파트,,59.9,1,1999,34550,2019-05-10,,,,,,
성북구,11290,10300,돈암동,15-1,11290-17,돈암동삼성,,84.59,16,1999,52500,2019-05-20,,,,,,
성북구,11290,13400,길음동,1282,11290-3511,길음뉴타운5단지(래미안),,84.96,5,2006,72000,2019-05-11,,,,,,
성북구,11290,13200,보문동3가,2,11290-81,현대I-PARK,,59.29,7,2003,57500,2019-05-20,,,,,,
성북구,11290,10300,돈암동,636,11290-116,이수브라운스톤돈암,,84.97,5,2004,60000,2019-05-13,,,,,,
성북구,11290,13800,장위동,316-5,11290-3473,참누리아파트,,84.98,3,2006,51000,2019-05-10,,,,,,
성북구,11290,13300,정릉동,1031,11290-3622,정릉힐스테이트3차,,59.98,3,2008,49100,2019-05-16,,,,,,
성북구,11290,13400,길음동,1284,11290-3807,길음뉴타운8단지(래미안),,59.99,15,2010,71000,2019-05-15,,,,,,
성북구,11290,13300,정릉동,1014,11290-45,정릉스카이쌍용아파트,,59.9,9,1999,39800,2019-05-11,,,,,,
성북구,11290,13800,장위동,319,11290-4641,꿈의숲코오롱하늘채,,59.92,9,2017,60000,2019-05-03,,,,,,
성북구,11290,10300,돈암동,636,11290-116,이수브라운스톤돈암,,59.99,15,2004,53500,2019-05-01,,,,,,
성북구,11290,13500,종암동,104-1,11290-65,종암에스케이,,59.04,14,1999,41500,2019-05-11,,,,,,
성북구,11290,13400,길음동,1278,11290-56,길음동동부센트레빌(1278-0),,59.998,8,2003,53200,2019-05-07,,,,,,
성북구,11290,13300,정릉동,1019,11290-43,정릉성원상떼빌,,59.94,13,2000,35700,2019-05-04,,,,,,
성북구,11290,10300,돈암동,609-1,11290-20,한진(609-1),,59.58,5,1998,37000,2019-05-01,,,,,,
성북구,11290,13300,정릉동,239,11290-82,정릉풍림아이원,,84.09,8,2005,46000,2019-05-01,,,,,,
성북구,11290,13300,정릉동,1025,11290-117,정릉힐스테이트,,84.92,3,2004,58500,2019-05-07,,,,,,
성북구,11290,13500,종암동,130,11290-113,아이파크종암동1차,,84.98,5,2004,66000,2019-05-06,,,,,,
성북구,11290,13300,정릉동,1014,11290-45,정릉스카이쌍용아파트,,84.19,12,1999,47700,2019-05-04,,,,,,
성북구,11290,12300,안암동3가,136-1,11290-32,대광,,54.31,7,1971,17000,2019-05-01,,,,,,
성북구,11290,12800,보문동6가,458,11290-4536,보문파크뷰자이,,59.81,8,2017,65000,2019-05-01,,,,,,
강북구,11305,10300,수유동,50-75,11305-32,대림(수유),,112.99,8,1994,34000,2019-05-04,,,,,,
강북구,11305,10200,번동,148-496,11305-63,번동완성주상복합아파트,,75.99,7,1997,26200,2019-05-15,,,,,,
강북구,11305,10300,수유동,205,11305-33,수유벽산1차,,84.92,5,1993,49000,2019-05-28,,,,,,
강북구,11305,10100,미아동,1353,11305-6,에스케이북한산시티,,59.98,23,2004,42000,2019-05-20,,,,,,
강북구,11305,10300,수유동,205,11305-33,수유벽산1차,,63.78,7,1993,36500,2019-05-27,,,,,,
강북구,11305,10200,번동,459-110,11305-18,쌍용,,84.92,8,1997,29900,2019-05-21,,,,,,
강북구,11305,10100,미아동,1353,11305-6,에스케이북한산시티,,84.86,21,2004,49000,2019-05-29,,,,,,
강북구,11305,10100,미아동,1353,11305-6,에스케이북한산시티,,84.71,21,2004,50500,2019-05-30,,,,,,
강북구,11305,10300,수유동,730,11305-35,래미안수유,,114.78,15,2001,60000,2019-05-15,,,,,,
강북구,11305,10200,번동,234,11305-25,주공4단지,,59.22,8,1991,36000,2019-05-15,,,,,,
강북구,11305,10200,번동,234,11305-25,주공4단지,,76.51,13,1991,41600,2019-05-18,,,,,,
강북구,11305,10100,미아동,797,11305-3717,미아1차래미안,,84.58,10,2006,60000,2019-05-13,,,,,,
강북구,11305,10200,번동,658,11305-27,한진,,58.65,11,2000,30000,2019-05-06,,,,,,
강북구,11305,10100,미아동,797,11305-3717,미아1차래미안,,84.58,5,2006,58000,2019-05-22,,,,,,
강북구,11305,10100,미아동,474,11305-3667,미아동부센트레빌,,59.96,2,2006,53000,2019-05-24,,,,,,
강북구,11305,10100,미아동,1353,11305-6,에스케이북한산시티,,114.85,9,2004,55600,2019-05-25,,,,,,
강북구,11305,10200,번동,242,11305-24,주공1단지,,41.3,3,1991,28000,2019-05-27,,,,,,
강북구,11305,10200,번동,242,11305-24,주공1단지,,41.3,6,1991,28100,2019-05-20,,,,,,
강북구,11305,10200,번동,242,11305-24,주공1단지,,41.3,12,1991,27300,2019-05-16,,,,,,
강북구,11305,10100,미아동,812,11305-4129,삼성래미안트리베라2단지,,59.38,5,2010,57000,2019-05-11,,,,,,
강북구,11305,10100,미아동,1354,11305-13,벽산라이브파크,,84.89,9,2004,48500,2019-05-27,,,,,,
강북구,11305,10100,미아동,1353,11305-6,에스케이북한산시티,,114.85,6,2004,55000,2019-05-17,,,,,,
강북구,11305,10100,미아동,813,11305-4123,래미안트리베라1단지,,59.6,9,2010,57700,2019-05-11,,,,,,
강북구,11305,10100,미아동,1353,11305-6,에스케이북한산시티,,59.98,2,2004,38500,2019-05-13,,,,,,
강북구,11305,10200,번동,234,11305-25,주공4단지,,41.3,14,1991,25000,2019-05-27,,,,,,
강북구,11305,10100,미아동,1357,11305-46,삼각산아이원,,84.705,11,2003,50000,2019-05-02,,,,,,
강북구,11305,10100,미아동,1357,11305-46,삼각산아이원,,84.705,22,2003,52600,2019-05-06,,,,,,
강북구,11305,10100,미아동,160-3,11305-4711,푸르지오시티,,18.6479,11,2014,15000,2019-05-27,,,,,,
강북구,11305,10100,미아동,1353,11305-6,에스케이북한산시티,,59.98,21,2004,44000,2019-05-25,,,,,,
강북구,11305,10100,미아동,1353,11305-6,에스케이북한산시티,,84.92,13,2004,49900,2019-05-30,,,,,,
강북구,11305,10100,미아동,1353,11305-6,에스케이북한산시티,,84.71,12,2004,49500,2019-05-01,,,,,,
강북구,11305,10100,미아동,812,11305-4129,삼성래미안트리베라2단지,,113.89,17,2010,80900,2019-05-11,,,,,,
강북구,11305,10100,미아동,1353,11305-6,에스케이북한산시티,,59.98,13,2004,41500,2019-05-01,,,,,,
강북구,11305,10100,미아동,813,11305-4123,래미안트리베라1단지,,84.97,17,2010,64200,2019-05-21,,,,,,
강북구,11305,10300,수유동,205,11305-33,수유벽산1차,,84.95,3,1993,46500,2019-05-22,,,,,,
강북구,11305,10300,수유동,205,11305-33,수유벽산1차,,63.78,9,1993,35000,2019-05-20,,,,,,
강북구,11305,10400,우이동,1,11305-44,성원상떼빌,,84.98,13,1990,35500,2019-05-03,,,,,,
강북구,11305,10100,미아동,190-2,11305-9,현대(190-2),,84.91,1,1992,41000,2019-05-13,,,,,,
강북구,11305,10100,미아동,1353,11305-6,에스케이북한산시티,,59.98,10,2004,43000,2019-05-15,,,,,,
강북구,11305,10100,미아동,812,11305-4129,삼성래미안트리베라2단지,,59.33,5,2010,51000,2019-05-10,,,,,,
강북구,11305,10100,미아동,1354,11305-13,벽산라이브파크,,59.67,14,2004,37500,2019-05-06,,,,,,
강북구,11305,10100,미아동,1357,11305-46,삼각산아이원,,84.705,1,2003,41100,2019-05-23,,,,,,
강북구,11305,10200,번동,234,11305-25,주공4단지,,44.89,15,1991,28000,2019-05-30,,,,,,
강북구,11305,10100,미아동,474,11305-3667,미아동부센트레빌,,59.96,9,2006,54000,2019-05-19,,,,,,
강북구,11305,10100,미아동,1355,11305-14,미아한일유앤아이,,111.296,14,2002,53000,2019-05-19,,,,,,
강북구,11305,10100,미아동,813,11305-4123,래미안트리베라1단지,,114.98,4,2010,70300,2019-05-10,,,,,,
강북구,11305,10200,번동,242,11305-24,주공1단지,,41.3,6,1991,28800,2019-05-17,,,,,,
강북구,11305,10100,미아동,1356,11305-47,경남아너스빌(1356-0),,114.922,4,2003,61100,2019-05-08,,,,,,
강북구,11305,10200,번동,242,11305-24,주공1단지,,49.94,7,1991,36000,2019-05-03,,,,,,
강북구,11305,10200,번동,242,11305-24,주공1단지,,41.3,9,1991,28100,2019-05-04,,,,,,
강북구,11305,10100,미아동,811,11305-4255,두산위브트레지움,,84.99,16,2011,59000,2019-05-13,,,,,,
강북구,11305,10200,번동,242,11305-24,주공1단지,,41.3,3,1991,27300,2019-05-07,,,,,,
강북구,11305,10200,번동,191,11305-16,기산그린,,59.94,14,2000,26200,2019-05-28,,,,,,
강북구,11305,10100,미아동,1353,11305-6,에스케이북한산시티,,84.76,21,2004,52000,2019-05-06,,,,,,
강북구,11305,10200,번동,242,11305-24,주공1단지,,41.3,2,1991,28000,2019-05-27,,,,,,
강북구,11305,10200,번동,242,11305-24,주공1단지,,41.3,6,1991,28400,2019-05-03,,,,,,
강북구,11305,10100,미아동,258-732,11305-8,한일,,61.65,3,1990,25500,2019-05-03,,,,,,
강북구,11305,10100,미아동,1353,11305-6,에스케이북한산시티,,84.76,22,2004,51500,2019-05-02,,,,,,
강북구,11305,10100,미아동,1352,11305-4,미아신구,,59.415,10,2000,26500,2019-05-01,,,,,,
강북구,11305,10100,미아동,813,11305-4123,래미안트리베라1단지,,59.6,13,2010,58000,2019-05-18,,,,,,
강북구,11305,10400,우이동,340,11305-45,성원그린(103동),,84.77,2,1995,35800,2019-05-16,,,,,,
강북구,11305,10200,번동,658,11305-27,한진,,84.97,11,2000,39500,2019-05-28,,,,,,
강북구,11305,10100,미아동,797,11305-3717,미아1차래미안,,59.9,11,2006,49950,2019-05-21,,,,,,
강북구,11305,10200,번동,204,11305-20,신원,,84.6,19,2000,35000,2019-05-21,,,,,,
강북구,11305,10300,수유동,569,11305-3691,골드빌,,70.97,4,2006,29000,2019-05-30,,,,,,
강북구,11305,10100,미아동,1354,11305-13,벽산라이브파크,,60,17,2004,37500,2019-05-29,,,,,,
강북구,11305,10200,번동,234,11305-25,주공4단지,,44.89,7,1991,28200,2019-05-18,,,,,,
강북구,11305,10100,미아동,1354,11305-13,벽산라이브파크,,59.67,10,2004,34000,2019-05-30,,,,,,
강북구,11305,10100,미아동,813,11305-4123,래미안트리베라1단지,,84.97,16,2010,68000,2019-05-02,,,,,,
강북구,11305,10200,번동,242,11305-24,주공1단지,,41.3,8,1991,27400,2019-05-07,,,,,,
강북구,11305,10100,미아동,152,11305-7,요진,,59.42,1,2005,24500,2019-05-06,,,,,,
강북구,11305,10100,미아동,1354,11305-13,벽산라이브파크,,84.89,13,2004,45000,2019-05-03,,,,,,
강북구,11305,10100,미아동,163-21,11305-50,신일,,71.87,5,2003,31300,2019-05-03,,,,,,
강북구,11305,10200,번동,204,11305-20,신원,,59.96,9,2000,29300,2019-05-03,,,,,,
강북구,11305,10100,미아동,813,11305-4123,래미안트리베라1단지,,84.97,5,2010,59800,2019-05-11,,,,,,
강북구,11305,10200,번동,234,11305-25,주공4단지,,59.22,12,1991,38000,2019-05-10,,,,,,
강북구,11305,10100,미아동,190-2,11305-9,현대(190-2),,84.91,8,1992,45500,2019-05-08,,,,,,
강북구,11305,10100,미아동,152,11305-7,요진,,59.78,3,2005,28000,2019-05-04,,,,,,
도봉구,11320,10700,창동,347,11320-98,창동주공3단지(해등마을),,79.07,6,1990,60000,2019-05-10,,,,,,
도봉구,11320,10700,창동,821,11320-2349,초안산신도브래뉴,,78.2974,1,2005,34500,2019-05-31,,,,,,
도봉구,11320,10700,창동,808,11320-57,동아청솔,,84.97,20,1997,71500,2019-05-27,,,,,,
도봉구,11320,10700,창동,805,11320-56,동아그린,,59.96,9,1996,49400,2019-05-29,,,,,,
도봉구,11320,10700,창동,38,11320-100,주공17단지,,36.16,8,1989,22250,2019-05-24,,,,,,
도봉구,11320,10500,쌍문동,726,11320-33,신일라이프,,59.47,7,2002,28500,2019-05-23,,,,,,
도봉구,11320,10500,쌍문동,728,11320-2342,북한산월드메르디앙,,70.71,5,2005,35500,2019-05-26,,,,,,
도봉구,11320,10600,방학동,734,11320-47,청구아파트,,84.97,11,1994,34500,2019-05-28,,,,,,
도봉구,11320,10600,방학동,508,11320-46,우성아파트2,,84.98,11,1993,37900,2019-05-18,,,,,,
도봉구,11320,10600,방학동,730,11320-35,극동아파트,,84.935,11,1993,33000,2019-05-31,,,,,,
도봉구,11320,10600,방학동,720-1,11320-36,대상타운현대아파트,,133.97,20,2001,75000,2019-05-31,,,,,,
도봉구,11320,10700,창동,38,11320-100,주공17단지,,36.16,6,1989,22400,2019-05-31,,,,,,
도봉구,11320,10600,방학동,507,11320-45,우성아파트1,,83.85,3,1992,33500,2019-05-25,,,,,,
도봉구,11320,10800,도봉동,30-1,11320-86,한신,,84.94,1,1995,35500,2019-05-16,,,,,,
도봉구,11320,10800,도봉동,30-1,11320-86,한신,,84.94,5,1995,38700,2019-05-22,,,,,,
도봉구,11320,10600,방학동,507,11320-45,우성아파트1,,83.85,6,1992,34400,2019-05-29,,,,,,
도봉구,11320,10600,방학동,740,11320-146,동양크레오아파트,,84.9358,10,2004,40000,2019-05-20,,,,,,
도봉구,11320,10700,창동,807,11320-63,쌍용,,59.88,4,1997,53700,2019-05-22,,,,,,
도봉구,11320,10600,방학동,720-18,11320-49,방학동삼성래미안1,,118.381,21,2002,76100,2019-05-23,,,,,,
도봉구,11320,10700,창동,825,11320-149,북한산아이파크5차,,119.1731,4,2004,70500,2019-05-24,,,,,,
도봉구,11320,10800,도봉동,30-1,11320-86,한신,,84.94,7,1995,41000,2019-05-31,,,,,,
도봉구,11320,10600,방학동,444-31,11320-37,대원그린아파트,,46.86,11,1987,17900,2019-05-17,,,,,,
도봉구,11320,10600,방학동,271-1,11320-42,신동아아파트1,,43.35,10,1986,18600,2019-05-20,,,,,,
도봉구,11320,10700,창동,347,11320-98,창동주공3단지(해등마을),,79.07,10,1990,64800,2019-05-16,,,,,,
도봉구,11320,10600,방학동,720-1,11320-36,대상타운현대아파트,,84.78,2,2001,62700,2019-05-28,,,,,,
도봉구,11320,10700,창동,38,11320-100,주공17단지,,36.16,12,1989,22200,2019-05-30,,,,,,
도봉구,11320,10800,도봉동,654,11320-88,동아에코빌,,84.967,18,2003,49000,2019-05-21,,,,,,
도봉구,11320,10700,창동,316,11320-97,창동주공2단지,,41.3,7,1990,31500,2019-05-23,,,,,,
도봉구,11320,10500,쌍문동,285-5,11320-8,동익미라벨,,84.53,13,1987,30000,2019-05-14,,,,,,
도봉구,11320,10500,쌍문동,56,11320-11,삼익세라믹,,58.77,6,1988,27500,2019-05-08,,,,,,
도봉구,11320,10700,창동,817,11320-147,수산트리플,,59.86,10,2004,34500,2019-05-13,,,,,,
도봉구,11320,10700,창동,305,11320-96,창동주공1단지,,41.3,14,1990,29100,2019-05-28,,,,,,
도봉구,11320,10700,창동,347,11320-98,창동주공3단지(해등마을),,61.52,14,1990,48400,2019-05-30,,,,,,
도봉구,11320,10700,창동,808,11320-57,동아청솔,,134.94,2,1997,75500,2019-05-10,,,,,,
도봉구,11320,10700,창동,825,11320-149,북한산아이파크5차,,119.1731,10,2004,78000,2019-05-18,,,,,,
도봉구,11320,10700,창동,825,11320-149,북한산아이파크5차,,84.4516,12,2004,65000,2019-05-17,,,,,,
도봉구,11320,10500,쌍문동,56,11320-11,삼익세라믹,,79.98,14,1988,43900,2019-05-30,,,,,,
도봉구,11320,10700,창동,808,11320-57,동아청솔,,59.96,10,1997,51500,2019-05-28,,,,,,
도봉구,11320,10700,창동,27,11320-101,주공19단지(창동리버타운),,60.5,6,1988,47500,2019-05-23,,,,,,
도봉구,11320,10700,창동,26,11320-55,동아,,88.23,9,1988,60800,2019-05-21,,,,,,
도봉구,11320,10700,창동,442-33,11320-122,DK포시즌,,79.2,5,2003,25000,2019-05-24,,,,,,
도봉구,11320,10500,쌍문동,199-1,11320-90,금호1,,70.13,6,1990,34000,2019-05-14,,,,,,
도봉구,11320,10500,쌍문동,59,11320-21,한양2,,76.92,12,1988,34800,2019-05-15,,,,,,
도봉구,11320,10500,쌍문동,59,11320-21,한양2,,35.1,4,1988,18000,2019-05-28,,,,,,
도봉구,11320,10600,방학동,275,11320-38,벽산아파트1,,52.36,13,1991,25400,2019-05-24,,,,,,
도봉구,11320,10500,쌍문동,199-1,11320-90,금호1,,36.36,7,1990,18300,2019-05-15,,,,,,
도봉구,11320,10700,창동,27,11320-101,주공19단지(창동리버타운),,68.86,1,1988,54800,2019-05-17,,,,,,
도봉구,11320,10700,창동,373,11320-99,창동주공4단지,,49.94,11,1991,33500,2019-05-17,,,,,,
도봉구,11320,10600,방학동,734,11320-47,청구아파트,,84.97,12,1994,38000,2019-05-13,,,,,,
도봉구,11320,10700,창동,635-42,11320-74,LIG건영캐스빌,,122.4321,16,2002,49000,2019-05-01,,,,,,
도봉구,11320,10700,창동,299,11320-59,상아1차아파트,,58.59,1,1987,38700,2019-05-17,,,,,,
도봉구,11320,10500,쌍문동,73,11320-1,경남,,46.3,7,1988,22700,2019-05-22,,,,,,
도봉구,11320,10700,창동,819,11320-112,태영데시앙,,84.995,14,2003,61500,2019-05-08,,,,,,
도봉구,11320,10600,방학동,271-1,11320-42,신동아아파트1,,62.22,12,1986,30000,2019-05-02,,,,,,
도봉구,11320,10800,도봉동,30-1,11320-86,한신,,84.94,16,1995,39000,2019-05-18,,,,,,
도봉구,11320,10700,창동,316,11320-97,창동주공2단지,,49.94,12,1990,39000,2019-05-17,,,,,,
도봉구,11320,10600,방학동,444-31,11320-37,대원그린아파트,,46.86,10,1987,16950,2019-05-08,,,,,,
도봉구,11320,10600,방학동,720-1,11320-36,대상타운현대아파트,,60,18,2001,52000,2019-05-23,,,,,,
도봉구,11320,10600,방학동,508,11320-46,우성아파트2,,84.98,9,1993,41000,2019-05-14,,,,,,
도봉구,11320,10600,방학동,508,11320-46,우성아파트2,,84.98,7,1993,37000,2019-05-03,,,,,,
도봉구,11320,10500,쌍문동,199-1,11320-90,금호1,,56.73,12,1990,28300,2019-05-07,,,,,,
도봉구,11320,10500,쌍문동,56,11320-11,삼익세라믹,,42.93,10,1988,23400,2019-05-21,,,,,,
도봉구,11320,10600,방학동,271-1,11320-42,신동아아파트1,,53.16,12,1986,25000,2019-05-27,,,,,,
도봉구,11320,10800,도봉동,30-1,11320-86,한신,,84.94,14,1995,40500,2019-05-04,,,,,,
도봉구,11320,10500,쌍문동,54,11320-27,현대1,,70.3,10,1990,35000,2019-05-23,,,,,,
도봉구,11320,10600,방학동,275,11320-38,벽산아파트1,,52.36,5,1991,23800,2019-05-24,,,,,,
도봉구,11320,10600,방학동,720-18,11320-49,방학동삼성래미안1,,118.381,15,2002,74500,2019-05-28,,,,,,
도봉구,11320,10600,방학동,271-1,11320-42,신동아아파트1,,53.16,12,1986,25500,2019-05-25,,,,,,
도봉구,11320,10500,쌍문동,199-1,11320-90,금호1,,56.73,14,1990,28900,2019-05-30,,,,,,
도봉구,11320,10500,쌍문동,59,11320-21,한양2,,35.1,7,1988,18500,2019-05-27,,,,,,
도봉구,11320,10600,방학동,720-1,11320-36,대상타운현대아파트,,84.78,6,2001,62500,2019-05-21,,,,,,
도봉구,11320,10700,창동,808,11320-57,동아청솔,,59.445,11,1997,49000,2019-05-18,,,,,,
도봉구,11320,10700,창동,27,11320-101,주공19단지(창동리버타운),,90.94,3,1988,68400,2019-05-24,,,,,,
도봉구,11320,10600,방학동,271-1,11320-42,신동아아파트1,,84.87,2,1986,31000,2019-05-08,,,,,,
도봉구,11320,10500,쌍문동,285-5,11320-8,동익미라벨,,65.42,3,1987,25000,2019-05-14,,,,,,
도봉구,11320,10700,창동,810,11320-62,신창,,59.4,15,1998,26100,2019-05-15,,,,,,
도봉구,11320,10600,방학동,531,11320-91,신동아아파트2,,147.48,2,1992,49500,2019-05-20,,,,,,
도봉구,11320,10700,창동,443-4,11320-2971,파크힐,,57.8,8,2013,25000,2019-05-01,,,,,,
도봉구,11320,10800,도봉동,30-1,11320-86,한신,,84.94,6,1995,43000,2019-05-10,,,,,,
도봉구,11320,10700,창동,821,11320-2349,초안산신도브래뉴,,84.9991,3,2005,38800,2019-05-14,,,,,,
도봉구,11320,10700,창동,661-13,11320-75,원산아파트33차,,44.96,7,2003,20250,2019-05-12,,,,,,
도봉구,11320,10700,창동,804,11320-53,대우,,84.88,19,1995,45000,2019-05-22,,,,,,
도봉구,11320,10600,방학동,720-18,11320-49,방학동삼성래미안1,,118.381,16,2002,73000,2019-05-16,,,,,,
도봉구,11320,10700,창동,38,11320-100,주공17단지,,36.16,9,1989,24000,2019-05-04,,,,,,
도봉구,11320,10500,쌍문동,388-33,11320-20,한양1,,79.2,1,1986,48000,2019-05-24,,,,,,
도봉구,11320,10700,창동,38,11320-100,주공17단지,,36.16,3,1989,22000,2019-05-18,,,,,,
도봉구,11320,10700,창동,373,11320-99,창동주공4단지,,41.3,11,1991,26500,2019-05-18,,,,,,
도봉구,11320,10500,쌍문동,388-33,11320-20,한양1,,79.2,8,1986,48500,2019-05-28,,,,,,
도봉구,11320,10700,창동,825,11320-149,북한산아이파크5차,,165.1717,18,2004,92900,2019-05-31,,,,,,
도봉구,11320,10700,창동,305,11320-96,창동주공1단지,,41.3,15,1990,29000,2019-05-10,,,,,,
도봉구,11320,10700,창동,804,11320-53,대우,,84.88,7,1995,46500,2019-05-20,,,,,,
도봉구,11320,10500,쌍문동,13-2,11320-7,대웅,,55.5,5,1989,24000,2019-05-31,,,,,,
도봉구,11320,10500,쌍문동,195,11320-19,청구,,84.63,13,1996,38500,2019-05-21,,,,,,
도봉구,11320,10700,창동,804,11320-53,대우,,84.88,15,1995,47800,2019-05-13,,,,,,
도봉구,11320,10600,방학동,508,11320-46,우성아파트2,,84.98,8,1993,35000,2019-05-04,,,,,,
도봉구,11320,10600,방학동,271-1,11320-42,신동아아파트1,,70.62,4,1986,31000,2019-05-17,,,,,,
도봉구,11320,10800,도봉동,30-1,11320-86,한신,,84.94,17,1995,33900,2019-05-20,,,,,,
도봉구,11320,10800,도봉동,641,11320-83,서원,,49.14,15,1996,23500,2019-05-25,,,,,,
도봉구,11320,10800,도봉동,641,11320-83,서원,,39.85,16,1996,19000,2019-05-30,,,,,,
도봉구,11320,10800,도봉동,641,11320-83,서원,,49.77,7,1996,23800,2019-05-09,,,,,,
도봉구,11320,10800,도봉동,655,11320-154,래미안도봉,,84.55,8,2005,51800,2019-05-29,,,,,,
도봉구,11320,10500,쌍문동,575,11320-107,시그마팰리스,,71.74,13,2003,26500,2019-05-12,,,,,,
도봉구,11320,10600,방학동,715-12,11320-48,방학동삼성래미안2,,84.937,8,2002,66000,2019-05-16,,,,,,
도봉구,11320,10700,창동,347,11320-98,창동주공3단지(해등마을),,49.94,11,1990,41300,2019-05-13,,,,,,
도봉구,11320,10800,도봉동,30-1,11320-86,한신,,84.94,10,1995,38500,2019-05-04,,,,,,
도봉구,11320,10800,도봉동,30-1,11320-86,한신,,84.94,7,1995,38500,2019-05-01,,,,,,
도봉구,11320,10600,방학동,734,11320-47,청구아파트,,84.97,1,1994,34500,2019-05-18,,,,,,
도봉구,11320,10600,방학동,507,11320-45,우성아파트1,,84.69,4,1992,32400,2019-05-17,,,,,,
도봉구,11320,10700,창동,808,11320-57,동아청솔,,59.96,9,1997,51000,2019-05-29,,,,,,
도봉구,11320,10500,쌍문동,199-1,11320-90,금호1,,36.36,10,1990,19700,2019-05-27,,,,,,
도봉구,11320,10500,쌍문동,56,11320-11,삼익세라믹,,42.93,4,1988,24300,2019-05-28,,,,,,
도봉구,11320,10600,방학동,731,11320-40,한화성원아파트,,59.88,2,1996,25000,2019-05-21,,,,,,
도봉구,11320,10700,창동,825,11320-149,북한산아이파크5차,,84.4516,5,2004,68500,2019-05-04,,,,,,
도봉구,11320,10700,창동,45,11320-58,삼성래미안,,84.87,19,1992,56700,2019-05-03,,,,,,
도봉구,11320,10800,도봉동,30-1,11320-86,한신,,84.94,1,1995,38000,2019-05-06,,,,,,
도봉구,11320,10800,도봉동,647,11320-116,도봉파크빌2,,84.354,3,2002,37700,2019-05-01,,,,,,
도봉구,11320,10500,쌍문동,50,11320-28,현대2,,85,8,1993,37500,2019-05-13,,,,,,
도봉구,11320,10700,창동,808,11320-57,동아청솔,,59.445,14,1997,53200,2019-05-04,,,,,,
도봉구,11320,10500,쌍문동,56,11320-11,삼익세라믹,,42.93,5,1988,22000,2019-05-04,,,,,,
도봉구,11320,10600,방학동,716-5,11320-105,이에스에이아파트2,,84.98,4,2003,47500,2019-05-02,,,,,,
도봉구,11320,10700,창동,38,11320-100,주공17단지,,49.94,6,1989,34000,2019-05-17,,,,,,
도봉구,11320,10600,방학동,274,11320-39,삼익세라믹아파트,,58.77,11,1988,25100,2019-05-29,,,,,,
도봉구,11320,10800,도봉동,655,11320-154,래미안도봉,,84.55,10,2005,45000,2019-05-02,,,,,,
도봉구,11320,10500,쌍문동,59,11320-21,한양2,,84.9,9,1988,35200,2019-05-13,,,,,,
도봉구,11320,10600,방학동,720-18,11320-49,방학동삼성래미안1,,84.937,6,2002,59980,2019-05-28,,,,,,
도봉구,11320,10700,창동,38,11320-100,주공17단지,,36.16,11,1989,22950,2019-05-09,,,,,,
도봉구,11320,10700,창동,38,11320-100,주공17단지,,36.16,8,1989,22500,2019-05-01,,,,,,
도봉구,11320,10800,도봉동,641,11320-83,서원,,49.77,11,1996,25850,2019-05-20,,,,,,
도봉구,11320,10700,창동,300,11320-102,상아2차아파트,,58.59,4,1988,39800,2019-05-09,,,,,,
도봉구,11320,10800,도봉동,30-1,11320-86,한신,,84.94,2,1995,37200,2019-05-26,,,,,,
도봉구,11320,10700,창동,743-15,11320-68,성원상떼빌,,59.75,2,2001,30000,2019-05-17,,,,,,
도봉구,11320,10700,창동,812,11320-71,창동현대타운,,47.79,7,1999,23500,2019-05-02,,,,,,
도봉구,11320,10600,방학동,271-1,11320-42,신동아아파트1,,53.16,10,1986,24000,2019-05-22,,,,,,
도봉구,11320,10800,도봉동,655,11320-154,래미안도봉,,59.25,16,2005,42850,2019-05-23,,,,,,
도봉구,11320,10700,창동,804,11320-53,대우,,59.86,11,1995,36800,2019-05-13,,,,,,
도봉구,11320,10600,방학동,731,11320-40,한화성원아파트,,59.88,3,1996,26000,2019-05-20,,,,,,
도봉구,11320,10800,도봉동,641,11320-83,서원,,49.77,18,1996,24000,2019-05-21,,,,,,
도봉구,11320,10600,방학동,271-1,11320-42,신동아아파트1,,53.16,13,1986,25600,2019-05-15,,,,,,
도봉구,11320,10600,방학동,271-1,11320-42,신동아아파트1,,112.49,5,1986,42000,2019-05-20,,,,,,
도봉구,11320,10600,방학동,720-18,11320-49,방학동삼성래미안1,,134.981,1,2002,62500,2019-05-10,,,,,,
도봉구,11320,10600,방학동,271-1,11320-42,신동아아파트1,,62.22,11,1986,29100,2019-05-04,,,,,,
도봉구,11320,10500,쌍문동,575,11320-107,시그마팰리스,,70,6,2003,25100,2019-05-17,,,,,,
도봉구,11320,10600,방학동,271-1,11320-42,신동아아파트1,,43.35,7,1986,18500,2019-05-17,,,,,,
도봉구,11320,10500,쌍문동,719,11320-29,현대3,,84.25,9,1995,33300,2019-05-01,,,,,,
도봉구,11320,10800,도봉동,30-1,11320-86,한신,,84.94,2,1995,37000,2019-05-16,,,,,,
도봉구,11320,10600,방학동,444-31,11320-37,대원그린아파트,,46.86,8,1987,17000,2019-05-07,,,,,,
도봉구,11320,10800,도봉동,655,11320-154,래미안도봉,,59.52,10,2005,43050,2019-05-14,,,,,,
도봉구,11320,10800,도봉동,641,11320-83,서원,,49.77,14,1996,27000,2019-05-01,,,,,,
도봉구,11320,10800,도봉동,647,11320-116,도봉파크빌2,,84.354,8,2002,40000,2019-05-04,,,,,,
도봉구,11320,10700,창동,810,11320-62,신창,,59.4,11,1998,27100,2019-05-06,,,,,,
도봉구,11320,10600,방학동,444-31,11320-37,대원그린아파트,,46.86,6,1987,18000,2019-05-01,,,,,,
도봉구,11320,10500,쌍문동,73,11320-1,경남,,44.5,7,1988,17200,2019-05-09,,,,,,
도봉구,11320,10700,창동,38,11320-100,주공17단지,,36.16,5,1989,23000,2019-05-09,,,,,,
도봉구,11320,10700,창동,300,11320-102,상아2차아파트,,58.59,9,1988,41000,2019-05-02,,,,,,
노원구,11350,10500,상계동,720,11350-40,상계주공6(고층),,41.3,12,1988,36000,2019-05-25,,,,,,
노원구,11350,10500,상계동,647,11350-32,상계주공12(고층),,41.3,9,1988,27500,2019-05-17,,,,,,
노원구,11350,10600,중계동,512,11350-102,중계무지개,,49.89,15,1991,34000,2019-05-25,,,,,,
노원구,11350,10300,공릉동,747,11350-168,두산힐스빌아파트,,59.76,1,2000,38500,2019-05-30,,,,,,
노원구,11350,10200,월계동,556,11350-149,주공2,,44.52,3,1992,23500,2019-05-30,,,,,,
노원구,11350,10400,하계동,270,11350-85,현대,,84.96,12,1988,64000,2019-05-31,,,,,,
노원구,11350,10300,공릉동,108,11350-177,우방아파트,,60.502,7,2000,42500,2019-05-31,,,,,,
노원구,11350,10500,상계동,1289,11350-17,상계불암대림,,84.96,11,2000,50000,2019-05-03,,,,,,
노원구,11350,10500,상계동,172,11350-5,상계대림,,84.91,6,1989,44500,2019-05-15,,,,,,
노원구,11350,10500,상계동,1256,11350-20,은빛2단지,,49.77,9,1998,30800,2019-05-29,,,,,,
노원구,11350,10200,월계동,383-40,11350-145,성북맨션,,65.42,1,1976,36750,2019-05-23,,,,,,
노원구,11350,10500,상계동,666,11350-30,상계주공10(고층),,58.01,10,1988,45000,2019-05-30,,,,,,
노원구,11350,10500,상계동,173-1,11350-10,벽산,,43.35,14,1989,24000,2019-05-25,,,,,,
노원구,11350,10600,중계동,445,11350-109,염광,,59.34,1,1996,33500,2019-05-30,,,,,,
노원구,11350,10300,공릉동,737,11350-172,삼익포레스트아파트,,84.6,1,1995,44950,2019-05-28,,,,,,
노원구,11350,10200,월계동,12,11350-143,삼호4,,50.18,1,1987,38000,2019-05-29,,,,,,
노원구,11350,10600,중계동,583,11350-91,금호타운(583),,59.52,15,1997,35000,2019-05-31,,,,,,
노원구,11350,10200,월계동,18,11350-133,한진한화그랑빌,,59.94,16,2002,54000,2019-05-27,,,,,,
노원구,11350,10600,중계동,358-2,11350-113,주공4,,59.39,11,1991,42000,2019-05-28,,,,,,
노원구,11350,10600,중계동,445,11350-109,염광,,59.34,23,1996,34400,2019-05-28,,,,,,
노원구,11350,10300,공릉동,106,11350-190,공릉해링턴플레이스,,99.917,5,2000,63400,2019-05-25,,,,,,
노원구,11350,10500,상계동,458,11350-48,한신3차,,84.59,5,1990,39000,2019-05-27,,,,,,
노원구,11350,10600,중계동,364,11350-105,동진신안,,134.74,10,1993,95000,2019-05-31,,,,,,
노원구,11350,10600,중계동,366,11350-103,신동아(366),,115.35,7,1993,86000,2019-05-24,,,,,,
노원구,11350,10500,상계동,695,11350-201,대림,,93.75,14,1988,67300,2019-05-01,,,,,,
노원구,11350,10500,상계동,749-5,11350-38,상계주공4(고층),,59.39,7,1988,46900,2019-05-21,,,,,,
노원구,11350,10500,상계동,1309,11350-249,한일유앤아이,,84.991,7,2005,55100,2019-05-17,,,,,,
노원구,11350,10500,상계동,1063,11350-53,상계현대3차,,84.96,9,1999,43000,2019-05-29,,,,,,
노원구,11350,10200,월계동,13,11350-197,삼호3,,59.22,5,1986,51900,2019-05-29,,,,,,
노원구,11350,10300,공릉동,108,11350-177,우방아파트,,84.881,4,2000,53500,2019-05-18,,,,,,
노원구,11350,10400,하계동,280,11350-69,미성,,84.94,3,1989,55000,2019-05-18,,,,,,
노원구,11350,10500,상계동,740,11350-36,상계주공2(고층),,58.01,8,1987,47500,2019-05-22,,,,,,
노원구,11350,10300,공릉동,725,11350-183,풍림아파트A,,59.94,17,2001,44000,2019-05-27,,,,,,
노원구,11350,10500,상계동,720,11350-40,상계주공6(고층),,58.01,5,1988,48500,2019-05-31,,,,,,
노원구,11350,10400,하계동,255-1,11350-71,삼익선경,,107.95,3,1993,60000,2019-05-25,,,,,,
노원구,11350,10400,하계동,256-5,11350-83,한신동성,,138.29,5,1993,80000,2019-05-20,,,,,,
노원구,11350,10500,상계동,749-5,11350-38,상계주공4(고층),,32.39,7,1988,26500,2019-05-31,,,,,,
노원구,11350,10500,상계동,730-2,11350-37,상계주공3(고층),,59.39,13,1987,47000,2019-05-31,,,,,,
노원구,11350,10600,중계동,358-2,11350-113,주공4,,59.39,12,1991,43000,2019-05-22,,,,,,
노원구,11350,10500,상계동,1401-8,11350-1736,코지한주,,101.54,2,2006,46200,2019-05-17,,,,,,
노원구,11350,10400,하계동,280,11350-69,미성,,57.97,13,1989,41000,2019-05-22,,,,,,
노원구,11350,10500,상계동,624,11350-35,상계주공16(고층),,59.39,5,1988,34800,2019-05-29,,,,,,
노원구,11350,10600,중계동,366,11350-124,청구(366),,115.47,5,1993,87000,2019-05-25,,,,,,
노원구,11350,10500,상계동,1255,11350-19,은빛1단지,,59.95,15,1998,36000,2019-05-22,,,,,,
노원구,11350,10500,상계동,1269,11350-60,수락파크빌,,84.62,14,2001,54200,2019-05-23,,,,,,
노원구,11350,10600,중계동,359-1,11350-114,주공5,,58.46,15,1992,48000,2019-05-25,,,,,,
노원구,11350,10500,상계동,720,11350-40,상계주공6(고층),,58.01,2,1988,44000,2019-05-21,,,,,,
노원구,11350,10200,월계동,880,11350-148,유원,,84.96,12,1998,35930,2019-05-27,,,,,,
노원구,11350,10500,상계동,639,11350-202,보람아파트,,54.59,9,1988,32000,2019-05-28,,,,,,
노원구,11350,10500,상계동,721,11350-39,상계주공5(저층),,31.98,3,1987,37000,2019-05-31,,,,,,
노원구,11350,10500,상계동,639,11350-202,보람아파트,,54.59,3,1988,32000,2019-05-14,,,,,,
노원구,11350,10600,중계동,362-1,11350-117,주공8,,49.72,10,1993,39000,2019-05-24,,,,,,
노원구,11350,10200,월계동,13,11350-197,삼호3,,59.22,2,1986,51000,2019-05-30,,,,,,
노원구,11350,10500,상계동,765,11350-29,상계주공1(고층),,58.01,6,1988,38000,2019-05-21,,,,,,
노원구,11350,10500,상계동,765,11350-29,상계주공1(고층),,68.86,7,1988,45000,2019-05-21,,,,,,
노원구,11350,10600,중계동,366,11350-95,라이프,,115.65,8,1993,90000,2019-05-25,,,,,,
노원구,11350,10600,중계동,363-1,11350-116,주공7,,44.1,15,1993,28500,2019-05-24,,,,,,
노원구,11350,10500,상계동,458,11350-48,한신3차,,84.59,15,1990,39750,2019-05-27,,,,,,
노원구,11350,10500,상계동,639,11350-202,보람아파트,,54.59,1,1988,30000,2019-05-21,,,,,,
노원구,11350,10500,상계동,1078,11350-52,현대2차,,82.68,2,1993,38000,2019-05-17,,,,,,
노원구,11350,10200,월계동,803-1,11350-134,극동,,80.28,6,1996,31800,2019-05-29,,,,,,
노원구,11350,10600,중계동,137-28,11350-1757,코지아뜨리에101,,84.89,4,2008,30000,2019-05-30,,,,,,
노원구,11350,10600,중계동,583,11350-91,금호타운(583),,59.52,14,1997,36000,2019-05-21,,,,,,
노원구,11350,10600,중계동,363-1,11350-116,주공7,,44.1,2,1993,28700,2019-05-18,,,,,,
노원구,11350,10200,월계동,322-1,11350-146,성원(사슴4),,59.94,12,1995,39000,2019-05-27,,,,,,
노원구,11350,10600,중계동,587,11350-107,양지마을(대림)1,,84.9,7,1998,66000,2019-05-16,,,,,,
노원구,11350,10400,하계동,288,11350-79,하계2현대,,84.51,7,1997,62000,2019-05-24,,,,,,
노원구,11350,10300,공릉동,585-7,11350-253,진주브라운,,78.93,4,2004,31450,2019-05-11,,,,,,
노원구,11350,10500,상계동,730-2,11350-37,상계주공3(고층),,59.2,9,1987,46000,2019-05-21,,,,,,
노원구,11350,10400,하계동,271-3,11350-70,벽산,,57.71,3,1988,37700,2019-05-30,,,,,,
노원구,11350,10400,하계동,288,11350-79,하계2현대,,84.896,11,1997,65000,2019-05-22,,,,,,
노원구,11350,10600,중계동,366,11350-103,신동아(366),,115.35,14,1993,89800,2019-05-25,,,,,,
노원구,11350,10500,상계동,995,11350-49,한신4차,,84.84,1,1995,34500,2019-05-31,,,,,,
노원구,11350,10300,공릉동,743,11350-184,공릉동한보에센시티아파트,,84.93,14,2000,49000,2019-05-25,,,,,,
노원구,11350,10300,공릉동,714,11350-171,삼익4단지아파트,,59.04,4,1994,35000,2019-05-29,,,,,,
노원구,11350,10400,하계동,284,11350-81,한신1,,27,15,1988,18800,2019-05-31,,,,,,
노원구,11350,10200,월계동,13,11350-140,미성,,33.28,2,1986,36000,2019-05-18,,,,,,
노원구,11350,10200,월계동,13,11350-140,미성,,50.14,10,1986,43400,2019-05-17,,,,,,
노원구,11350,10500,상계동,1282,11350-16,상계2차중앙하이츠,,134.97,7,1998,66000,2019-05-15,,,,,,
노원구,11350,10500,상계동,626,11350-204,상계주공14(저층),,84.41,5,1989,51500,2019-05-15,,,,,,
노원구,11350,10300,공릉동,715,11350-173,시영3차(라이프)아파트,,34.44,7,1994,22850,2019-05-28,,,,,,
노원구,11350,10600,중계동,103,11350-94,동진,,47.61,3,1988,16400,2019-05-18,,,,,,
노원구,11350,10600,중계동,583,11350-91,금호타운(583),,59.52,8,1997,38650,2019-05-31,,,,,,
노원구,11350,10500,상계동,639,11350-202,보람아파트,,79.25,10,1988,49300,2019-05-17,,,,,,
노원구,11350,10500,상계동,626,11350-204,상계주공14(저층),,71.89,3,1989,47700,2019-05-14,,,,,,
노원구,11350,10600,중계동,360-2,11350-125,청구3,,84.77,7,1996,84000,2019-05-25,,,,,,
노원구,11350,10400,하계동,270,11350-75,우성,,127.22,5,1988,76000,2019-05-28,,,,,,
노원구,11350,10500,상계동,670,11350-43,상계주공9(고층),,49.94,7,1988,36000,2019-05-16,,,,,,
노원구,11350,10200,월계동,556,11350-149,주공2,,44.52,6,1992,23600,2019-05-21,,,,,,
노원구,11350,10600,중계동,359-1,11350-114,주공5,,58.46,3,1992,50000,2019-05-18,,,,,,
노원구,11350,10500,상계동,695,11350-201,대림,,93.75,6,1988,66000,2019-05-17,,,,,,
노원구,11350,10500,상계동,624,11350-35,상계주공16(고층),,59.39,9,1988,32000,2019-05-07,,,,,,
노원구,11350,10500,상계동,730-2,11350-37,상계주공3(고층),,58.01,12,1987,50500,2019-05-10,,,,,,
노원구,11350,10400,하계동,255-1,11350-71,삼익선경,,107.95,9,1993,64000,2019-05-29,,,,,,
노원구,11350,10600,중계동,588,11350-108,양지마을(대림)2,,114.81,24,1999,69300,2019-05-18,,,,,,
노원구,11350,10200,월계동,12,11350-143,삼호4,,50.18,11,1987,39000,2019-05-24,,,,,,
노원구,11350,10300,공릉동,741,11350-186,현대성우아파트,,59.98,1,2000,32000,2019-05-25,,,,,,
노원구,11350,10500,상계동,626,11350-34,상계주공14(고층),,45.9,6,1989,25000,2019-05-31,,,,,,
노원구,11350,10500,상계동,626,11350-34,상계주공14(고층),,41.3,6,1989,28000,2019-05-01,,,,,,
노원구,11350,10200,월계동,18,11350-133,한진한화그랑빌,,84.97,6,2002,56500,2019-05-21,,,,,,
노원구,11350,10500,상계동,691,11350-41,상계주공7(고층),,45.55,8,1988,39000,2019-05-30,,,,,,
노원구,11350,10400,하계동,273,11350-72,장미(시영6),,54.02,5,1989,34500,2019-05-10,,,,,,
노원구,11350,10400,하계동,271-3,11350-67,건영,,74.58,14,1988,49000,2019-05-24,,,,,,
노원구,11350,10200,월계동,13,11350-197,삼호3,,59.22,11,1986,51000,2019-05-07,,,,,,
노원구,11350,10300,공릉동,738,11350-198,공릉우성아파트,,59.26,3,1995,35400,2019-05-27,,,,,,
노원구,11350,10200,월계동,13,11350-140,미성,,50.14,12,1986,44000,2019-05-29,,,,,,
노원구,11350,10200,월계동,13,11350-197,삼호3,,59.22,9,1986,52700,2019-05-25,,,,,,
노원구,11350,10200,월계동,13,11350-139,미륭,,51.48,10,1986,45500,2019-05-23,,,,,,
노원구,11350,10500,상계동,1256,11350-20,은빛2단지,,49.77,10,1998,32200,2019-05-25,,,,,,
노원구,11350,10500,상계동,740,11350-36,상계주공2(고층),,60.5,2,1987,39000,2019-05-29,,,,,,
노원구,11350,10600,중계동,366,11350-124,청구(366),,115.47,4,1993,88000,2019-05-30,,,,,,
노원구,11350,10500,상계동,666,11350-30,상계주공10(고층),,60.5,4,1988,42800,2019-05-25,,,,,,
노원구,11350,10400,하계동,284,11350-76,청구,,84.97,14,1988,56750,2019-05-22,,,,,,
노원구,11350,10200,월계동,18,11350-133,한진한화그랑빌,,84.97,26,2002,62000,2019-05-31,,,,,,
노원구,11350,10600,중계동,505,11350-90,경남,,114.57,8,1989,66000,2019-05-28,,,,,,
노원구,11350,10300,공릉동,741,11350-186,현대성우아파트,,84.96,3,2000,46000,2019-05-28,,,,,,
노원구,11350,10400,하계동,256-5,11350-83,한신동성,,112.24,4,1993,64500,2019-05-16,,,,,,
노원구,11350,10300,공릉동,254,11350-178,태릉우성아파트,,84.97,3,1985,52500,2019-05-30,,,,,,
노원구,11350,10500,상계동,1256,11350-20,은빛2단지,,49.77,8,1998,31500,2019-05-17,,,,,,
노원구,11350,10500,상계동,637,11350-33,상계주공13(고층),,49.94,14,1989,26500,2019-05-28,,,,,,
노원구,11350,10600,중계동,512,11350-102,중계무지개,,49.54,3,1991,34000,2019-05-31,,,,,,
노원구,11350,10500,상계동,720,11350-40,상계주공6(고층),,58.01,8,1988,49500,2019-05-31,,,,,,
노원구,11350,10600,중계동,502-1,11350-120,중계그린1단지,,39.91,3,1990,25500,2019-05-21,,,,,,
노원구,11350,10500,상계동,639,11350-11,보람2단지,,68.99,6,1988,40000,2019-05-10,,,,,,
노원구,11350,10300,공릉동,737,11350-172,삼익포레스트아파트,,51.03,9,1995,31500,2019-05-06,,,,,,
노원구,11350,10500,상계동,1110,11350-28,두산,,51.66,4,1994,29000,2019-05-04,,,,,,
노원구,11350,10500,상계동,721,11350-39,상계주공5(저층),,31.98,3,1987,38200,2019-05-17,,,,,,
노원구,11350,10400,하계동,270,11350-75,우성,,127.22,12,1988,75800,2019-05-10,,,,,,
노원구,11350,10300,공릉동,108,11350-177,우방아파트,,60.502,8,2000,43000,2019-05-23,,,,,,
노원구,11350,10500,상계동,749-5,11350-38,상계주공4(고층),,49.94,12,1988,36000,2019-05-04,,,,,,
노원구,11350,10500,상계동,749-5,11350-38,상계주공4(고층),,49.94,14,1988,37000,2019-05-10,,,,,,
노원구,11350,10500,상계동,721,11350-39,상계주공5(저층),,31.98,3,1987,39000,2019-05-20,,,,,,
노원구,11350,10600,중계동,512,11350-102,중계무지개,,39.82,8,1991,28000,2019-05-25,,,,,,
노원구,11350,10500,상계동,1305,11350-214,동양엔파트,,84.88,10,2003,68750,2019-05-11,,,,,,
노원구,11350,10600,중계동,359-1,11350-114,주공5,,84.79,7,1992,68000,2019-05-02,,,,,,
노원구,11350,10500,상계동,1269,11350-60,수락파크빌,,84.62,2,2001,49500,2019-05-14,,,,,,
노원구,11350,10500,상계동,666,11350-30,상계주공10(고층),,58.01,9,1988,43000,2019-05-27,,,,,,
노원구,11350,10500,상계동,647,11350-32,상계주공12(고층),,41.3,12,1988,27000,2019-05-25,,,,,,
노원구,11350,10300,공릉동,254,11350-178,태릉우성아파트,,66.87,4,1985,43800,2019-05-27,,,,,,
노원구,11350,10500,상계동,1277,11350-22,수락한신,,59.95,6,1997,32700,2019-05-31,,,,,,
노원구,11350,10500,상계동,721,11350-39,상계주공5(저층),,31.98,5,1987,39500,2019-05-23,,,,,,
노원구,11350,10500,상계동,626,11350-34,상계주공14(고층),,49.94,12,1989,35000,2019-05-28,,,,,,
노원구,11350,10500,상계동,639,11350-202,보람아파트,,54.59,6,1988,31900,2019-05-11,,,,,,
노원구,11350,10500,상계동,695,11350-201,대림,,93.75,10,1988,67500,2019-05-18,,,,,,
노원구,11350,10600,중계동,359-1,11350-114,주공5,,58.46,3,1992,48000,2019-05-07,,,,,,
노원구,11350,10300,공릉동,743,11350-184,공릉동한보에센시티아파트,,59.4,12,2000,37900,2019-05-18,,,,,,
노원구,11350,10200,월계동,18,11350-133,한진한화그랑빌,,84.97,11,2002,59000,2019-05-18,,,,,,
노원구,11350,10600,중계동,512,11350-102,중계무지개,,59.26,12,1991,37900,2019-05-09,,,,,,
노원구,11350,10400,하계동,273,11350-72,장미(시영6),,43.56,10,1989,26300,2019-05-21,,,,,,
노원구,11350,10500,상계동,691,11350-41,상계주공7(고층),,49.94,11,1988,46800,2019-05-29,,,,,,
노원구,11350,10500,상계동,720,11350-40,상계주공6(고층),,58.01,6,1988,44700,2019-05-16,,,,,,
노원구,11350,10500,상계동,720,11350-40,상계주공6(고층),,58.01,11,1988,45000,2019-05-16,,,,,,
노원구,11350,10400,하계동,270,11350-75,우성,,84.91,15,1988,58500,2019-05-17,,,,,,
노원구,11350,10400,하계동,271-3,11350-70,벽산,,57.71,6,1988,40000,2019-05-13,,,,,,
노원구,11350,10500,상계동,1318,11350-1831,노원IPARK,,139.28,10,2009,59000,2019-05-03,,,,,,
노원구,11350,10400,하계동,256-5,11350-83,한신동성,,112.24,10,1993,68000,2019-05-10,,,,,,
노원구,11350,10600,중계동,445,11350-109,염광,,84.5,3,1996,48000,2019-05-28,,,,,,
노원구,11350,10500,상계동,647,11350-32,상계주공12(고층),,41.3,13,1988,27500,2019-05-20,,,,,,
노원구,11350,10500,상계동,1305,11350-214,동양엔파트,,84.88,22,2003,62000,2019-05-18,,,,,,
노원구,11350,10300,공릉동,81,11350-182,태강아파트(아이파크),,49.6,3,1999,32500,2019-05-17,,,,,,
노원구,11350,10600,중계동,364,11350-105,동진신안,,134.74,8,1993,89900,2019-05-10,,,,,,
노원구,11350,10200,월계동,18,11350-133,한진한화그랑빌,,114.97,22,2002,71500,2019-05-13,,,,,,
노원구,11350,10400,하계동,251,11350-78,하계1청구,,84.6,15,1997,58500,2019-05-08,,,,,,
노원구,11350,10500,상계동,691,11350-41,상계주공7(고층),,45.9,15,1988,35000,2019-05-30,,,,,,
노원구,11350,10500,상계동,740,11350-36,상계주공2(고층),,58.01,10,1987,44000,2019-05-31,,,,,,
노원구,11350,10200,월계동,18,11350-133,한진한화그랑빌,,84.97,21,2002,58800,2019-05-21,,,,,,
노원구,11350,10300,공릉동,747,11350-168,두산힐스빌아파트,,59.76,7,2000,42000,2019-05-08,,,,,,
노원구,11350,10600,중계동,512,11350-102,중계무지개,,39.82,12,1991,25500,2019-05-27,,,,,,
노원구,11350,10500,상계동,720,11350-40,상계주공6(고층),,41.3,3,1988,35000,2019-05-25,,,,,,
노원구,11350,10500,상계동,765,11350-203,상계주공1(저층),,84.41,1,1988,49000,2019-05-10,,,,,,
노원구,11350,10500,상계동,721,11350-39,상계주공5(저층),,31.98,1,1987,37500,2019-05-02,,,,,,
노원구,11350,10500,상계동,730-2,11350-37,상계주공3(고층),,58.01,12,1987,51000,2019-05-21,,,,,,
노원구,11350,10600,중계동,363-1,11350-116,주공7,,44.1,7,1993,28700,2019-05-28,,,,,,
노원구,11350,10500,상계동,749-5,11350-38,상계주공4(고층),,41.3,1,1988,27000,2019-05-27,,,,,,
노원구,11350,10500,상계동,1078,11350-52,현대2차,,82.68,2,1993,38000,2019-05-17,,,,,,
노원구,11350,10300,공릉동,745,11350-167,동신아파트,,114.98,22,1999,58000,2019-05-15,,,,,,
노원구,11350,10200,월계동,781,11350-151,청백4,,49.77,13,1998,24300,2019-05-23,,,,,,
노원구,11350,10400,하계동,288,11350-79,하계2현대,,84.51,10,1997,60000,2019-05-23,,,,,,
노원구,11350,10400,하계동,271-3,11350-70,벽산,,57.71,7,1988,39000,2019-05-28,,,,,,
노원구,11350,10500,상계동,1256,11350-20,은빛2단지,,49.77,15,1998,28500,2019-05-15,,,,,,
노원구,11350,10600,중계동,359-1,11350-114,주공5,,44.94,14,1992,28500,2019-05-09,,,,,,
노원구,11350,10500,상계동,720,11350-40,상계주공6(고층),,58.01,14,1988,47500,2019-05-31,,,,,,
노원구,11350,10500,상계동,691,11350-41,상계주공7(고층),,41.3,4,1988,35900,2019-05-30,,,,,,
노원구,11350,10600,중계동,369,11350-112,주공2,,44.52,3,1992,26500,2019-05-18,,,,,,
노원구,11350,10500,상계동,740,11350-36,상계주공2(고층),,58.01,14,1987,45000,2019-05-24,,,,,,
노원구,11350,10500,상계동,730-2,11350-37,상계주공3(고층),,59.28,9,1987,52000,2019-05-29,,,,,,
노원구,11350,10300,공릉동,737,11350-172,삼익포레스트아파트,,84.6,14,1995,46200,2019-05-06,,,,,,
노원구,11350,10500,상계동,730-2,11350-37,상계주공3(고층),,58.01,12,1987,46000,2019-05-16,,,,,,
노원구,11350,10300,공릉동,707,11350-160,시영2단지(라이프)아파트,,34.44,9,1994,21500,2019-05-25,,,,,,
노원구,11350,10200,월계동,942,11350-1663,월계역신도브래뉴,,59.8587,6,2005,39800,2019-05-10,,,,,,
노원구,11350,10200,월계동,556,11350-149,주공2,,58.65,5,1992,33500,2019-05-16,,,,,,
노원구,11350,10200,월계동,556,11350-149,주공2,,38.64,12,1992,20500,2019-05-09,,,,,,
노원구,11350,10500,상계동,765,11350-29,상계주공1(고층),,32.39,8,1988,28000,2019-05-15,,,,,,
노원구,11350,10500,상계동,765,11350-29,상계주공1(고층),,58.01,6,1988,37800,2019-05-08,,,,,,
노원구,11350,10500,상계동,647,11350-32,상계주공12(고층),,49.94,9,1988,36000,2019-05-17,,,,,,
노원구,11350,10500,상계동,720,11350-40,상계주공6(고층),,41.3,5,1988,33900,2019-05-25,,,,,,
노원구,11350,10200,월계동,929,11350-156,현대,,59.95,14,2000,44500,2019-05-04,,,,,,
노원구,11350,10500,상계동,1277,11350-22,수락한신,,84.95,11,1997,40300,2019-05-21,,,,,,
노원구,11350,10500,상계동,1251,11350-25,노원우성,,84.88,11,1992,51300,2019-05-11,,,,,,
노원구,11350,10500,상계동,740,11350-36,상계주공2(고층),,58.01,7,1987,44000,2019-05-16,,,,,,
노원구,11350,10500,상계동,1289,11350-17,상계불암대림,,59.22,16,2000,34800,2019-05-10,,,,,,
노원구,11350,10500,상계동,691,11350-41,상계주공7(고층),,41.3,11,1988,39900,2019-05-29,,,,,,
노원구,11350,10200,월계동,13,11350-140,미성,,50.14,13,1986,43200,2019-05-30,,,,,,
노원구,11350,10500,상계동,720,11350-40,상계주공6(고층),,41.3,12,1988,35500,2019-05-21,,,,,,
노원구,11350,10500,상계동,639,11350-202,보람아파트,,68.99,10,1988,38000,2019-05-01,,,,,,
노원구,11350,10500,상계동,720,11350-40,상계주공6(고층),,58.01,12,1988,49200,2019-05-21,,,,,,
노원구,11350,10500,상계동,359,11350-3,노원현대,,84.78,8,1997,55500,2019-05-07,,,,,,
노원구,11350,10500,상계동,173-1,11350-10,벽산,,38.71,9,1989,21300,2019-05-21,,,,,,
노원구,11350,10200,월계동,12,11350-143,삼호4,,50.18,12,1987,39900,2019-05-16,,,,,,
노원구,11350,10500,상계동,765,11350-29,상계주공1(고층),,59.39,5,1988,38000,2019-05-20,,,,,,
노원구,11350,10500,상계동,1305,11350-214,동양엔파트,,84.88,5,2003,48000,2019-05-03,,,,,,
노원구,11350,10300,공릉동,747,11350-168,두산힐스빌아파트,,84.9,5,2000,54500,2019-05-08,,,,,,
노원구,11350,10200,월계동,931,11350-223,장은하이빌,,81.8788,8,2002,46500,2019-05-16,,,,,,
노원구,11350,10200,월계동,18,11350-133,한진한화그랑빌,,59.94,22,2002,51250,2019-05-14,,,,,,
노원구,11350,10400,하계동,273,11350-72,장미(시영6),,43.56,5,1989,27700,2019-05-29,,,,,,
노원구,11350,10500,상계동,1304,11350-213,대망드림힐1,,67.239,15,2003,40000,2019-05-09,,,,,,
노원구,11350,10200,월계동,13,11350-197,삼호3,,59.22,1,1986,49500,2019-05-24,,,,,,
노원구,11350,10300,공릉동,705,11350-166,동부아파트,,114.17,10,1996,51000,2019-05-15,,,,,,
노원구,11350,10300,공릉동,270-71,11350-163,대명아파트,,66.24,4,1989,34000,2019-05-22,,,,,,
노원구,11350,10200,월계동,13,11350-140,미성,,33.28,4,1986,37000,2019-05-22,,,,,,
노원구,11350,10200,월계동,13,11350-140,미성,,50.14,4,1986,42000,2019-05-06,,,,,,
노원구,11350,10200,월계동,13,11350-140,미성,,50.14,5,1986,42900,2019-05-06,,,,,,
노원구,11350,10500,상계동,749-5,11350-38,상계주공4(고층),,41.3,13,1988,31900,2019-05-22,,,,,,
노원구,11350,10500,상계동,652,11350-31,상계주공11(고층),,49.94,7,1988,38500,2019-05-21,,,,,,
노원구,11350,10600,중계동,364,11350-105,동진신안,,134.74,11,1993,90000,2019-05-13,,,,,,
노원구,11350,10200,월계동,13,11350-197,삼호3,,59.22,9,1986,53000,2019-05-31,,,,,,
노원구,11350,10600,중계동,369,11350-112,주공2,,44.52,13,1992,26000,2019-05-20,,,,,,
노원구,11350,10500,상계동,720,11350-40,상계주공6(고층),,59.39,14,1988,45500,2019-05-15,,,,,,
노원구,11350,10300,공릉동,714,11350-171,삼익4단지아파트,,39.6,9,1994,27000,2019-05-27,,,,,,
노원구,11350,10500,상계동,720,11350-40,상계주공6(고층),,58.01,7,1988,46700,2019-05-14,,,,,,
노원구,11350,10600,중계동,369,11350-112,주공2,,44.52,4,1992,26000,2019-05-23,,,,,,
노원구,11350,10600,중계동,369,11350-112,주공2,,44.52,7,1992,25900,2019-05-15,,,,,,
노원구,11350,10500,상계동,691,11350-41,상계주공7(고층),,49.94,11,1988,47900,2019-05-27,,,,,,
노원구,11350,10600,중계동,369,11350-112,주공2,,44.52,2,1992,23200,2019-05-30,,,,,,
노원구,11350,10500,상계동,765,11350-29,상계주공1(고층),,58.01,11,1988,40500,2019-05-13,,,,,,
노원구,11350,10200,월계동,929,11350-156,현대,,59.95,6,2000,43750,2019-05-13,,,,,,
노원구,11350,10500,상계동,766-1,11350-7,미도,,87.57,3,1988,50000,2019-05-16,,,,,,
노원구,11350,10500,상계동,721,11350-39,상계주공5(저층),,31.98,3,1987,42000,2019-05-27,,,,,,
노원구,11350,10200,월계동,781,11350-151,청백4,,59.4,2,1998,26500,2019-05-22,,,,,,
노원구,11350,10500,상계동,749-5,11350-38,상계주공4(고층),,58.01,10,1988,43700,2019-05-27,,,,,,
노원구,11350,10600,중계동,583,11350-91,금호타운(583),,84.98,9,1997,52000,2019-05-03,,,,,,
노원구,11350,10200,월계동,13,11350-197,삼호3,,59.22,14,1986,50200,2019-05-01,,,,,,
노원구,11350,10500,상계동,1110,11350-28,두산,,51.66,1,1994,30000,2019-05-19,,,,,,
노원구,11350,10200,월계동,322-1,11350-146,성원(사슴4),,49.92,13,1995,34300,2019-05-02,,,,,,
노원구,11350,10600,중계동,502-1,11350-120,중계그린1단지,,49.5,4,1990,33000,2019-05-18,,,,,,
노원구,11350,10500,상계동,730-2,11350-37,상계주공3(고층),,58.01,15,1987,49900,2019-05-15,,,,,,
노원구,11350,10200,월계동,320-11,11350-141,사슴3,,33.18,6,1995,22400,2019-05-17,,,,,,
노원구,11350,10500,상계동,1305,11350-214,동양엔파트,,84.88,16,2003,68000,2019-05-17,,,,,,
노원구,11350,10600,중계동,358-2,11350-113,주공4,,84.79,11,1991,60700,2019-05-01,,,,,,
노원구,11350,10500,상계동,720,11350-40,상계주공6(고층),,37.46,8,1988,31500,2019-05-30,,,,,,
노원구,11350,10600,중계동,103,11350-94,동진,,51.3,2,1988,16000,2019-05-29,,,,,,
노원구,11350,10600,중계동,502-1,11350-120,중계그린1단지,,39.92,6,1990,26500,2019-05-18,,,,,,
노원구,11350,10400,하계동,280,11350-69,미성,,57.97,7,1989,40400,2019-05-11,,,,,,
노원구,11350,10400,하계동,273,11350-72,장미(시영6),,43.41,2,1989,25100,2019-05-24,,,,,,
노원구,11350,10400,하계동,273,11350-72,장미(시영6),,43.41,6,1989,27500,2019-05-29,,,,,,
노원구,11350,10200,월계동,929,11350-156,현대,,84.98,4,2000,55000,2019-05-20,,,,,,
노원구,11350,10500,상계동,765,11350-29,상계주공1(고층),,58.01,3,1988,36900,2019-05-03,,,,,,
노원구,11350,10500,상계동,1318,11350-1831,노원IPARK,,137.63,6,2009,54300,2019-05-14,,,,,,
노원구,11350,10300,공릉동,725,11350-183,풍림아파트A,,59.94,5,2001,43400,2019-05-13,,,,,,
노원구,11350,10500,상계동,330-29,11350-2053,소담빌,,14.65,4,2014,12500,2019-05-30,,,,,,
노원구,11350,10600,중계동,502-1,11350-120,중계그린1단지,,39.78,6,1990,27500,2019-05-29,,,,,,
노원구,11350,10600,중계동,512,11350-102,중계무지개,,39.82,10,1991,25500,2019-05-27,,,,,,
노원구,11350,10500,상계동,721,11350-39,상계주공5(저층),,31.98,5,1987,44000,2019-05-30,,,,,,
노원구,11350,10500,상계동,765,11350-29,상계주공1(고층),,58.01,9,1988,37900,2019-05-13,,,,,,
노원구,11350,10600,중계동,512,11350-102,중계무지개,,49.54,1,1991,30000,2019-05-18,,,,,,
노원구,11350,10400,하계동,273,11350-72,장미(시영6),,64.88,8,1989,45500,2019-05-31,,,,,,
노원구,11350,10600,중계동,58-34,11350-247,이연아마빌레,,144.96,3,2003,52500,2019-05-14,,,,,,
노원구,11350,10600,중계동,512,11350-102,중계무지개,,59.26,4,1991,38900,2019-05-31,,,,,,
노원구,11350,10600,중계동,362-1,11350-117,주공8,,49.72,3,1993,36800,2019-05-23,,,,,,
노원구,11350,10600,중계동,362-1,11350-117,주공8,,49.72,4,1993,39400,2019-05-01,,,,,,
노원구,11350,10500,상계동,1276,11350-62,청암2단지,,49.77,7,2001,29500,2019-05-30,,,,,,
노원구,11350,10600,중계동,361-1,11350-110,롯데우성,,115.26,9,1993,87000,2019-05-04,,,,,,
노원구,11350,10400,하계동,353,11350-74,우방,,59.74,10,1999,33000,2019-05-25,,,,,,
노원구,11350,10600,중계동,512,11350-102,중계무지개,,39.96,10,1991,26500,2019-05-21,,,,,,
노원구,11350,10600,중계동,515-2,11350-87,건영2,,75.02,7,1991,44900,2019-05-11,,,,,,
노원구,11350,10500,상계동,670,11350-43,상계주공9(고층),,49.94,12,1988,27000,2019-05-22,,,,,,
노원구,11350,10200,월계동,13,11350-140,미성,,50.14,10,1986,43600,2019-05-19,,,,,,
노원구,11350,10400,하계동,284,11350-76,청구,,70.69,11,1988,50000,2019-05-25,,,,,,
노원구,11350,10600,중계동,369,11350-112,주공2,,44.52,11,1992,25800,2019-05-24,,,,,,
노원구,11350,10600,중계동,360-15,11350-88,건영3,,84.9,3,1995,78000,2019-05-02,,,,,,
노원구,11350,10600,중계동,502-1,11350-120,중계그린1단지,,59.87,8,1990,41600,2019-05-23,,,,,,
노원구,11350,10500,상계동,173-1,11350-10,벽산,,38.71,12,1989,20900,2019-05-16,,,,,,
노원구,11350,10200,월계동,13,11350-197,삼호3,,59.22,1,1986,49700,2019-05-08,,,,,,
노원구,11350,10500,상계동,757,11350-50,한양,,86.62,9,1988,55500,2019-05-25,,,,,,
노원구,11350,10200,월계동,943,11350-1664,세양청마루,,84.957,11,2005,45800,2019-05-09,,,,,,
노원구,11350,10600,중계동,512,11350-102,중계무지개,,39.96,4,1991,26500,2019-05-11,,,,,,
노원구,11350,10600,중계동,512,11350-102,중계무지개,,39.96,3,1991,25500,2019-05-23,,,,,,
노원구,11350,10600,중계동,512,11350-102,중계무지개,,39.82,9,1991,27300,2019-05-16,,,,,,
노원구,11350,10600,중계동,512,11350-102,중계무지개,,39.82,12,1991,25500,2019-05-28,,,,,,
노원구,11350,10600,중계동,512,11350-102,중계무지개,,39.82,3,1991,26600,2019-05-30,,,,,,
노원구,11350,10600,중계동,512,11350-102,중계무지개,,39.82,3,1991,25800,2019-05-23,,,,,,
노원구,11350,10500,상계동,765,11350-29,상계주공1(고층),,59.28,13,1988,37000,2019-05-25,,,,,,
노원구,11350,10600,중계동,593,11350-97,삼성,,84.75,2,1999,51500,2019-05-15,,,,,,
노원구,11350,10400,하계동,353,11350-74,우방,,59.74,2,1999,30800,2019-05-01,,,,,,
노원구,11350,10500,상계동,173-1,11350-10,벽산,,84.89,11,1989,43400,2019-05-17,,,,,,
노원구,11350,10500,상계동,1255,11350-19,은빛1단지,,49.77,7,1998,29300,2019-05-20,,,,,,
노원구,11350,10500,상계동,1256,11350-20,은빛2단지,,39.69,4,1998,22100,2019-05-21,,,,,,
노원구,11350,10300,공릉동,81,11350-182,태강아파트(아이파크),,49.6,5,1999,34000,2019-05-31,,,,,,
노원구,11350,10500,상계동,1322,11350-2151,중계센트럴파크,,59.75,8,2016,56500,2019-05-21,,,,,,
노원구,11350,10600,중계동,49,11350-130,현대그린,,84.99,1,1998,37500,2019-05-27,,,,,,
노원구,11350,10200,월계동,13,11350-197,삼호3,,59.22,12,1986,54200,2019-05-01,,,,,,
노원구,11350,10600,중계동,592,11350-118,중계3벽산,,59.88,9,1999,38700,2019-05-22,,,,,,
노원구,11350,10200,월계동,923,11350-153,초안1,,39.6,4,1998,18750,2019-05-07,,,,,,
노원구,11350,10600,중계동,512,11350-102,중계무지개,,39.82,5,1991,28000,2019-05-30,,,,,,
노원구,11350,10600,중계동,502-1,11350-120,중계그린1단지,,39.91,4,1990,25500,2019-05-25,,,,,,
노원구,11350,10300,공릉동,370-4,11350-176,신원아파트,,59.59,12,2000,33800,2019-05-02,,,,,,
노원구,11350,10600,중계동,34-5,11350-127,현대(6차),,59.84,16,2018,36200,2019-05-17,,,,,,
노원구,11350,10300,공릉동,743,11350-184,공릉동한보에센시티아파트,,84.93,2,2000,44700,2019-05-03,,,,,,
노원구,11350,10500,상계동,626,11350-34,상계주공14(고층),,45.9,2,1989,25300,2019-05-03,,,,,,
노원구,11350,10300,공릉동,81,11350-182,태강아파트(아이파크),,49.6,4,1999,31000,2019-05-24,,,,,,
노원구,11350,10200,월계동,929,11350-156,현대,,59.95,13,2000,41600,2019-05-10,,,,,,
노원구,11350,10300,공릉동,91,11350-180,청솔아파트8,,84.65,9,2000,55500,2019-05-11,,,,,,
노원구,11350,10600,중계동,360-2,11350-125,청구3,,84.77,10,1996,83000,2019-05-28,,,,,,
노원구,11350,10600,중계동,364-12,11350-115,주공6,,44.1,5,1993,30500,2019-05-18,,,,,,
노원구,11350,10600,중계동,502-1,11350-120,중계그린1단지,,49.5,7,1990,32800,2019-05-16,,,,,,
노원구,11350,10300,공릉동,106,11350-190,공릉해링턴플레이스,,99.917,8,2000,65500,2019-05-18,,,,,,
노원구,11350,10600,중계동,364-12,11350-115,주공6,,44.1,13,1993,29250,2019-05-15,,,,,,
노원구,11350,10500,상계동,1255,11350-19,은빛1단지,,49.77,14,1998,28700,2019-05-06,,,,,,
노원구,11350,10200,월계동,947,11350-1734,롯데캐슬루나,,59.993,2,2006,44000,2019-05-02,,,,,,
노원구,11350,10600,중계동,358-2,11350-113,주공4,,45.77,15,1991,29200,2019-05-19,,,,,,
노원구,11350,10500,상계동,670,11350-43,상계주공9(고층),,49.94,2,1988,34000,2019-05-18,,,,,,
노원구,11350,10500,상계동,1255,11350-19,은빛1단지,,59.95,10,1998,37500,2019-05-08,,,,,,
노원구,11350,10500,상계동,1256,11350-20,은빛2단지,,59.95,1,1998,34000,2019-05-02,,,,,,
노원구,11350,10600,중계동,502-1,11350-120,중계그린1단지,,59.46,3,1990,40000,2019-05-18,,,,,,
노원구,11350,10200,월계동,18,11350-133,한진한화그랑빌,,84.97,20,2002,61000,2019-05-01,,,,,,
노원구,11350,10600,중계동,364,11350-105,동진신안,,101.99,4,1993,78500,2019-05-09,,,,,,
노원구,11350,10600,중계동,502-1,11350-120,중계그린1단지,,49.5,8,1990,36700,2019-05-01,,,,,,
노원구,11350,10400,하계동,274,11350-73,청솔(시영7),,59.22,10,1989,38200,2019-05-22,,,,,,
노원구,11350,10500,상계동,1256,11350-20,은빛2단지,,39.69,12,1998,22700,2019-05-25,,,,,,
노원구,11350,10500,상계동,740,11350-36,상계주공2(고층),,58.01,1,1987,41000,2019-05-09,,,,,,
노원구,11350,10500,상계동,766-1,11350-7,미도,,87.57,12,1988,58000,2019-05-15,,,,,,
노원구,11350,10400,하계동,284,11350-81,한신1,,35.28,6,1988,26700,2019-05-08,,,,,,
노원구,11350,10500,상계동,721,11350-39,상계주공5(저층),,31.98,1,1987,35000,2019-05-11,,,,,,
노원구,11350,10300,공릉동,714,11350-171,삼익4단지아파트,,39.6,11,1994,26300,2019-05-22,,,,,,
노원구,11350,10300,공릉동,690-2,11350-170,삼익아파트,,59.89,3,1997,31500,2019-05-11,,,,,,
노원구,11350,10200,월계동,781,11350-151,청백4,,59.4,14,1998,29000,2019-05-27,,,,,,
노원구,11350,10500,상계동,626,11350-34,상계주공14(고층),,49.94,12,1989,36000,2019-05-31,,,,,,
노원구,11350,10500,상계동,626,11350-34,상계주공14(고층),,45.9,13,1989,26800,2019-05-30,,,,,,
노원구,11350,10500,상계동,637,11350-33,상계주공13(고층),,49.94,10,1989,27700,2019-05-29,,,,,,
노원구,11350,10500,상계동,670,11350-43,상계주공9(고층),,79.07,14,1988,57000,2019-05-15,,,,,,
노원구,11350,10600,중계동,515-2,11350-87,건영2,,75.02,1,1991,44000,2019-05-22,,,,,,
노원구,11350,10500,상계동,720,11350-40,상계주공6(고층),,41.3,9,1988,35000,2019-05-06,,,,,,
노원구,11350,10500,상계동,720,11350-40,상계주공6(고층),,58.01,3,1988,42500,2019-05-07,,,,,,
노원구,11350,10500,상계동,721,11350-39,상계주공5(저층),,31.98,5,1987,38000,2019-05-16,,,,,,
노원구,11350,10200,월계동,929,11350-156,현대,,59.95,5,2000,41000,2019-05-06,,,,,,
노원구,11350,10500,상계동,691,11350-41,상계주공7(고층),,59.39,12,1988,49500,2019-05-27,,,,,,
노원구,11350,10500,상계동,691,11350-41,상계주공7(고층),,59.39,10,1988,51000,2019-05-17,,,,,,
노원구,11350,10500,상계동,995,11350-49,한신4차,,84.84,1,1995,33900,2019-05-01,,,,,,
노원구,11350,10300,공릉동,91,11350-180,청솔아파트8,,84.83,3,2000,50000,2019-05-29,,,,,,
노원구,11350,10300,공릉동,81,11350-182,태강아파트(아이파크),,59.34,9,1999,41200,2019-05-07,,,,,,
노원구,11350,10500,상계동,721,11350-39,상계주공5(저층),,31.98,4,1987,39000,2019-05-21,,,,,,
노원구,11350,10300,공릉동,714,11350-171,삼익4단지아파트,,39.6,15,1994,23800,2019-05-30,,,,,,
노원구,11350,10600,중계동,58-34,11350-247,이연아마빌레,,144.96,5,2003,52900,2019-05-18,,,,,,
노원구,11350,10500,상계동,172,11350-5,상계대림,,84.91,11,1989,48000,2019-05-28,,,,,,
노원구,11350,10600,중계동,369,11350-112,주공2,,44.52,4,1992,25000,2019-05-25,,,,,,
노원구,11350,10200,월계동,12,11350-143,삼호4,,50.18,2,1987,39250,2019-05-24,,,,,,
노원구,11350,10200,월계동,18,11350-133,한진한화그랑빌,,84.97,14,2002,60700,2019-05-13,,,,,,
노원구,11350,10400,하계동,284,11350-76,청구,,84.97,9,1988,54500,2019-05-14,,,,,,
노원구,11350,10600,중계동,502-1,11350-120,중계그린1단지,,39.78,7,1990,27000,2019-05-09,,,,,,
노원구,11350,10500,상계동,1101-2,11350-242,송이월드A동,,78.37,4,2004,26500,2019-05-14,,,,,,
노원구,11350,10300,공릉동,715,11350-173,시영3차(라이프)아파트,,49.5,11,1994,33500,2019-05-13,,,,,,
노원구,11350,10300,공릉동,109,11350-169,비선아파트,,48.6,6,1999,29000,2019-05-27,,,,,,
노원구,11350,10500,상계동,721,11350-39,상계주공5(저층),,31.98,4,1987,38900,2019-05-02,,,,,,
노원구,11350,10300,공릉동,745,11350-167,동신아파트,,59.99,8,1999,38250,2019-05-02,,,,,,
노원구,11350,10600,중계동,358-2,11350-113,주공4,,59.39,7,1991,42000,2019-05-29,,,,,,
노원구,11350,10300,공릉동,707,11350-160,시영2단지(라이프)아파트,,39.6,15,1994,22900,2019-05-21,,,,,,
노원구,11350,10200,월계동,13,11350-140,미성,,50.14,3,1986,42000,2019-05-06,,,,,,
노원구,11350,10500,상계동,1312,11350-1825,수락리버시티3단지,,84.88,9,2009,48000,2019-05-01,,,,,,
노원구,11350,10300,공릉동,109,11350-169,비선아파트,,59.87,12,1999,40250,2019-05-09,,,,,,
노원구,11350,10400,하계동,270,11350-85,현대,,84.95,14,1988,64000,2019-05-03,,,,,,
노원구,11350,10200,월계동,320-11,11350-141,사슴3,,33.18,9,1995,23000,2019-05-17,,,,,,
노원구,11350,10400,하계동,273,11350-72,장미(시영6),,54.02,12,1989,33000,2019-05-25,,,,,,
노원구,11350,10400,하계동,273,11350-72,장미(시영6),,54.29,2,1989,32000,2019-05-22,,,,,,
노원구,11350,10500,상계동,720,11350-40,상계주공6(고층),,58.01,10,1988,48300,2019-05-29,,,,,,
노원구,11350,10500,상계동,1293,11350-14,불암현대,,59.4,10,1999,33500,2019-05-25,,,,,,
노원구,11350,10500,상계동,666,11350-30,상계주공10(고층),,58.01,10,1988,41500,2019-05-22,,,,,,
노원구,11350,10200,월계동,556,11350-149,주공2,,44.94,5,1992,24500,2019-05-14,,,,,,
노원구,11350,10500,상계동,730-2,11350-37,상계주공3(고층),,58.01,5,1987,46800,2019-05-08,,,,,,
노원구,11350,10600,중계동,502-1,11350-120,중계그린1단지,,39.78,8,1990,27400,2019-05-18,,,,,,
노원구,11350,10600,중계동,502-1,11350-120,중계그린1단지,,44.1,10,1990,34400,2019-05-14,,,,,,
노원구,11350,10200,월계동,781,11350-151,청백4,,59.4,14,1998,29000,2019-05-23,,,,,,
노원구,11350,10200,월계동,556,11350-149,주공2,,44.52,11,1992,24000,2019-05-28,,,,,,
노원구,11350,10500,상계동,626,11350-34,상계주공14(고층),,45.9,14,1989,26000,2019-05-25,,,,,,
노원구,11350,10500,상계동,626,11350-34,상계주공14(고층),,45.9,12,1989,25800,2019-05-24,,,,,,
노원구,11350,10500,상계동,626,11350-34,상계주공14(고층),,45.9,12,1989,26500,2019-05-06,,,,,,
노원구,11350,10500,상계동,172,11350-5,상계대림,,59.67,4,1989,33000,2019-05-02,,,,,,
노원구,11350,10500,상계동,624,11350-35,상계주공16(고층),,45.77,7,1988,28000,2019-05-24,,,,,,
노원구,11350,10500,상계동,666,11350-30,상계주공10(고층),,58.01,4,1988,41000,2019-05-16,,,,,,
노원구,11350,10500,상계동,647,11350-32,상계주공12(고층),,41.3,11,1988,29900,2019-05-01,,,,,,
노원구,11350,10500,상계동,626,11350-34,상계주공14(고층),,45.9,13,1989,26000,2019-05-20,,,,,,
노원구,11350,10600,중계동,445,11350-109,염광,,131.25,21,1996,60000,2019-05-07,,,,,,
노원구,11350,10200,월계동,947,11350-1734,롯데캐슬루나,,84.985,10,2006,58000,2019-05-08,,,,,,
노원구,11350,10200,월계동,13,11350-140,미성,,50.14,9,1986,42400,2019-05-04,,,,,,
노원구,11350,10200,월계동,13,11350-140,미성,,50.14,12,1986,43000,2019-05-04,,,,,,
노원구,11350,10300,공릉동,81,11350-182,태강아파트(아이파크),,49.6,6,1999,34000,2019-05-16,,,,,,
노원구,11350,10500,상계동,1068,11350-44,중앙하이츠(5지역),,59.99,7,1996,28500,2019-05-01,,,,,,
노원구,11350,10300,공릉동,727,11350-209,풍림아파트B,,31.32,7,2001,20300,2019-05-21,,,,,,
노원구,11350,10600,중계동,364-12,11350-115,주공6,,44.1,15,1993,29000,2019-05-24,,,,,,
노원구,11350,10600,중계동,364-12,11350-115,주공6,,44.1,11,1993,29500,2019-05-10,,,,,,
노원구,11350,10500,상계동,1068,11350-44,중앙하이츠(5지역),,59.99,13,1996,28000,2019-05-10,,,,,,
노원구,11350,10500,상계동,691,11350-41,상계주공7(고층),,41.3,5,1988,35500,2019-05-06,,,,,,
노원구,11350,10600,중계동,359-1,11350-114,주공5,,38.64,1,1992,23500,2019-05-23,,,,,,
노원구,11350,10600,중계동,34-5,11350-127,현대(6차),,122.685,2,2018,58000,2019-05-21,,,,,,
노원구,11350,10600,중계동,598,11350-429,한화꿈에그린,,59.941,6,2005,45300,2019-05-23,,,,,,
노원구,11350,10600,중계동,593,11350-97,삼성,,59.9,15,1999,37000,2019-05-04,,,,,,
노원구,11350,10500,상계동,1256,11350-20,은빛2단지,,39.7,6,1998,22800,2019-05-21,,,,,,
노원구,11350,10500,상계동,639,11350-11,보람2단지,,68.99,12,1988,37500,2019-05-16,,,,,,
노원구,11350,10500,상계동,639,11350-202,보람아파트,,54.59,10,1988,33000,2019-05-06,,,,,,
노원구,11350,10400,하계동,273,11350-72,장미(시영6),,54.02,15,1989,32000,2019-05-14,,,,,,
노원구,11350,10500,상계동,639,11350-202,보람아파트,,44.33,6,1988,24000,2019-05-14,,,,,,
노원구,11350,10500,상계동,1276,11350-62,청암2단지,,49.77,1,2001,24900,2019-05-04,,,,,,
노원구,11350,10300,공릉동,670-7,11350-2141,67디벨리움,,17.27,8,2016,17500,2019-05-13,,,,,,
노원구,11350,10500,상계동,451,11350-47,한신2차,,58.46,4,1988,31800,2019-05-03,,,,,,
노원구,11350,10500,상계동,173-1,11350-10,벽산,,43.35,13,1989,24000,2019-05-01,,,,,,
노원구,11350,10300,공릉동,81,11350-182,태강아파트(아이파크),,49.6,3,1999,32000,2019-05-04,,,,,,
노원구,11350,10200,월계동,436,11350-137,동신,,93.39,3,1983,50500,2019-05-11,,,,,,
노원구,11350,10200,월계동,923,11350-153,초안1,,59.85,9,1998,25900,2019-05-09,,,,,,
노원구,11350,10600,중계동,512,11350-102,중계무지개,,39.82,8,1991,26800,2019-05-11,,,,,,
노원구,11350,10500,상계동,637,11350-33,상계주공13(고층),,58.01,4,1989,35000,2019-05-01,,,,,,
노원구,11350,10500,상계동,749-5,11350-38,상계주공4(고층),,41.3,5,1988,29500,2019-05-01,,,,,,
노원구,11350,10500,상계동,1256,11350-20,은빛2단지,,49.77,2,1998,29500,2019-05-02,,,,,,
노원구,11350,10500,상계동,1255,11350-19,은빛1단지,,49.77,4,1998,27000,2019-05-08,,,,,,
노원구,11350,10200,월계동,13,11350-197,삼호3,,59.22,8,1986,52500,2019-05-09,,,,,,
노원구,11350,10300,공릉동,504-5,11350-425,주완위즈빌2,,77.43,2,2005,26500,2019-05-07,,,,,,
노원구,11350,10500,상계동,740,11350-36,상계주공2(고층),,68.86,14,1987,47900,2019-05-02,,,,,,
노원구,11350,10300,공릉동,81,11350-182,태강아파트(아이파크),,49.6,15,1999,32000,2019-05-04,,,,,,
노원구,11350,10500,상계동,1289,11350-17,상계불암대림,,114.81,11,2000,53950,2019-05-04,,,,,,
노원구,11350,10500,상계동,1277,11350-22,수락한신,,113.92,3,1997,51500,2019-05-02,,,,,,
노원구,11350,10600,중계동,512,11350-102,중계무지개,,39.96,1,1991,22900,2019-05-01,,,,,,
은평구,11380,10700,응암동,759,11380-9190,백련산힐스테이트1차,,84.21,14,2011,68500,2019-05-17,,,,,,
은평구,11380,10700,응암동,761,11380-9188,백련산힐스테이트3차,,114.65,6,2011,74500,2019-05-28,,,,,,
은평구,11380,10300,불광동,281-81,11380-9400,갤럭시타운,,44.85,10,2013,30000,2019-05-27,,,,,,
은평구,11380,10700,응암동,759,11380-9190,백련산힐스테이트1차,,84.59,14,2011,64700,2019-05-02,,,,,,
은평구,11380,10200,녹번동,279-1,11380-3,해주드림빌,,106.54,12,2001,51000,2019-05-26,,,,,,
은평구,11380,11400,진관동,92,11380-8666,은평뉴타운 제각말 푸르지오(5-4단지),,84.97,2,2010,64900,2019-05-24,,,,,,
은평구,11380,10700,응암동,764,11380-10719,백련산힐스테이트4차,,84.98,10,2018,70300,2019-05-24,,,,,,
은평구,11380,10300,불광동,641,11380-8697,북한산현대힐스테이트3차아파트,,84.96,12,2010,71500,2019-05-27,,,,,,
은평구,11380,10200,녹번동,29-106,11380-9403,월든힐스,,79.59,2,2013,29000,2019-05-21,,,,,,
은평구,11380,11000,증산동,257,11380-10925,베로니스,,53.38,3,2019,47800,2019-05-14,,,,,,
은평구,11380,10900,신사동,365,11380-120,신사동한신휴플러스,,59.76,5,2003,41200,2019-05-15,,,,,,
은평구,11380,10500,구산동,159-10,11380-7732,브라운스톤구산,,84.89,8,2006,51500,2019-05-18,,,,,,
은평구,11380,11400,진관동,102,11380-8392,박석고개1단지힐스테이트(116~131동)BL2-1,,101.76,7,2009,83500,2019-05-18,,,,,,
은평구,11380,10300,불광동,636,11380-7808,북한산한양수자인아파트,,59.69,8,2006,43500,2019-05-15,,,,,,
은평구,11380,10700,응암동,427-113,11380-9710,밝은문,,43.82,9,2014,31850,2019-05-14,,,,,,
은평구,11380,10300,불광동,633,11380-263,북한산현대홈타운,,59.9765,6,2004,57000,2019-05-18,,,,,,
은평구,11380,10700,응암동,694-1,11380-58,우성,,115.67,1,1988,39600,2019-05-30,,,,,,
은평구,11380,11000,증산동,257,11380-10925,베로니스,,53.38,2,2019,46800,2019-05-04,,,,,,
은평구,11380,10900,신사동,155-1,11380-71,신성,,82.74,8,1988,34500,2019-05-06,,,,,,
은평구,11380,10900,신사동,155-1,11380-71,신성,,82.74,9,1988,33000,2019-05-16,,,,,,
은평구,11380,10700,응암동,760,11380-9189,백련산힐스테이트2차,,59.63,15,2011,55000,2019-05-25,,,,,,
은평구,11380,11400,진관동,102,11380-8392,박석고개1단지힐스테이트(116~131동)BL2-1,,84.72,8,2009,79000,2019-05-15,,,,,,
은평구,11380,10300,불광동,637,11380-8696,북한산래미안아파트(2단지),,84.9885,12,2010,74300,2019-05-12,,,,,,
은평구,11380,10800,역촌동,17-17,11380-10900,위산엘리시움,,38.69,7,2018,27500,2019-05-30,,,,,,
은평구,11380,10900,신사동,155-1,11380-71,신성,,82.74,12,1988,32500,2019-05-11,,,,,,
은평구,11380,10200,녹번동,281,11380-10020,북한산푸르지오,,84.99,7,2015,83000,2019-05-17,,,,,,
은평구,11380,10900,신사동,359,11380-73,현대1,,84.17,15,1997,42600,2019-05-23,,,,,,
은평구,11380,10300,불광동,631-1,11380-10,대호프라자아파트,,59.97,3,2000,35000,2019-05-15,,,,,,
은평구,11380,10300,불광동,631-1,11380-10,대호프라자아파트,,41.22,8,2000,27000,2019-05-12,,,,,,
은평구,11380,10700,응암동,759,11380-9190,백련산힐스테이트1차,,84.21,4,2011,60000,2019-05-23,,,,,,
은평구,11380,10800,역촌동,58-41,11380-10744,부호(103동),,84.69,5,2004,39000,2019-05-09,,,,,,
은평구,11380,10200,녹번동,281,11380-10020,북한산푸르지오,,114.98,5,2015,101500,2019-05-22,,,,,,
은평구,11380,10400,갈현동,467-2,11380-185,역촌맨션,,65.78,5,1973,26400,2019-05-22,,,,,,
은평구,11380,10900,신사동,140-1,11380-66,미성,,63.53,3,1987,34500,2019-05-27,,,,,,
은평구,11380,10700,응암동,119-15,11380-191,자선메르시안(119-15),,63.41,5,2003,29800,2019-05-18,,,,,,
은평구,11380,10200,녹번동,176-22,11380-10229,유일아트리움,,53.54,12,2016,37000,2019-05-06,,,,,,
은평구,11380,10300,불광동,645,11380-10903,불광롯데캐슬,,59.99,9,2018,69000,2019-05-25,,,,,,
은평구,11380,10500,구산동,25-53,11380-401,우신,,74.64,2,1995,23300,2019-05-07,,,,,,
은평구,11380,10700,응암동,90-23,11380-188,조이팰리스(90-23),,75.07,9,2003,38500,2019-05-10,,,,,,
은평구,11380,10700,응암동,761,11380-9188,백련산힐스테이트3차,,84.32,7,2011,62800,2019-05-11,,,,,,
은평구,11380,10500,구산동,199-25,11380-384,구산,,114.78,8,2005,46200,2019-05-09,,,,,,
은평구,11380,10500,구산동,547,11380-186,갈현1단지e-편한세상,,59.887,14,2004,39200,2019-05-07,,,,,,
은평구,11380,10700,응암동,714,11380-53,경남,,63.86,3,1995,28500,2019-05-09,,,,,,
은평구,11380,10300,불광동,637,11380-8696,북한산래미안아파트(2단지),,114.9986,7,2010,83000,2019-05-27,,,,,,
은평구,11380,10700,응암동,761,11380-9188,백련산힐스테이트3차,,114.71,6,2011,70200,2019-05-04,,,,,,
은평구,11380,10500,구산동,547,11380-186,갈현1단지e-편한세상,,84.618,20,2004,46000,2019-05-08,,,,,,
은평구,11380,10200,녹번동,281,11380-10020,북한산푸르지오,,84.99,8,2015,82500,2019-05-24,,,,,,
은평구,11380,10800,역촌동,40-55,11380-7749,신아굿모닝(40-55),,66.54,5,2006,25500,2019-05-17,,,,,,
은평구,11380,11400,진관동,101,11380-8391,박석고개1단지힐스테이트(101~111동)BL2-12,,134.84,1,2009,79000,2019-05-15,,,,,,
은평구,11380,10900,신사동,19-117,11380-75,홍익,,59.94,3,1995,27000,2019-05-03,,,,,,
은평구,11380,10100,수색동,356-3,11380-390,상아,,79.95,4,2003,45000,2019-05-15,,,,,,
은평구,11380,10300,불광동,71-16,11380-257,북한산대창센시티,,59.85,13,2004,41000,2019-05-20,,,,,,
은평구,11380,10900,신사동,38-30,11380-269,정명네스트,,80.63,3,2003,37000,2019-05-03,,,,,,
은평구,11380,11400,진관동,102,11380-8392,박석고개1단지힐스테이트(116~131동)BL2-1,,59.85,11,2009,59000,2019-05-17,,,,,,
은평구,11380,10200,녹번동,282,11380-10967,힐스테이트녹번,,59.938,13,2019,81000,2019-05-12,,,,,,
은평구,11380,11400,진관동,102,11380-8392,박석고개1단지힐스테이트(116~131동)BL2-1,,59.85,2,2009,61500,2019-05-17,,,,,,
은평구,11380,10400,갈현동,537,11380-36,갈현동현대,,111.38,3,1997,53000,2019-05-02,,,,,,
은평구,11380,10700,응암동,113-35,11380-7777,애필리움,,84.96,7,2006,47500,2019-05-27,,,,,,
은평구,11380,11400,진관동,107,11380-8489,마고정3단지센트레빌(310~322동)BL2-3,,167.14,17,2009,90000,2019-05-18,,,,,,
은평구,11380,10400,갈현동,465-12,11380-273,동광갈현베르빌,,59.73,13,2004,37000,2019-05-14,,,,,,
은평구,11380,11400,진관동,154,11380-8668,은평뉴타운 제각말 푸르지오(5-1단지),,101.9,4,2010,71000,2019-05-11,,,,,,
은평구,11380,10300,불광동,637,11380-8696,북한산래미안아파트(2단지),,84.9885,6,2010,71500,2019-05-14,,,,,,
은평구,11380,11000,증산동,253,11380-171,자선메르시안(101),,72.68,8,2003,40000,2019-05-15,,,,,,
은평구,11380,10700,응암동,88-8,11380-9791,응암아네스트,,13.6793,14,2014,13300,2019-05-18,,,,,,
은평구,11380,10200,녹번동,83-18,11380-9145,굿모닝기룡아파트,,49.1,10,2012,29000,2019-05-11,,,,,,
은평구,11380,10900,신사동,359,11380-73,현대1,,84.17,1,1997,37900,2019-05-01,,,,,,
은평구,11380,10400,갈현동,540,11380-31,우남,,84.92,10,1998,35000,2019-05-11,,,,,,
은평구,11380,10100,수색동,415-1,11380-100,e편한세상 수색 에코포레,,84.951,5,2003,56700,2019-05-18,,,,,,
은평구,11380,11400,진관동,64,11380-10517,힐데스하임,,42.24,12,2017,42000,2019-05-13,,,,,,
은평구,11380,10900,신사동,356,11380-65,뉴신사신성,,84.42,7,1993,34000,2019-05-01,,,,,,
은평구,11380,10700,응암동,762,11380-9567,녹번역센트레빌,,84.9,11,2013,62500,2019-05-04,,,,,,
은평구,11380,11400,진관동,64,11380-10517,힐데스하임,,42.24,11,2017,43000,2019-05-11,,,,,,
은평구,11380,11400,진관동,123,11380-8393,박석고개1단지힐스테이트(112~115동)BL2-13,,134.84,12,2008,84500,2019-05-16,,,,,,
은평구,11380,10900,신사동,140-1,11380-66,미성,,83.27,7,1987,47800,2019-05-02,,,,,,
은평구,11380,10700,응암동,760,11380-9189,백련산힐스테이트2차,,59.95,7,2011,55700,2019-05-11,,,,,,
은평구,11380,11400,진관동,140,11380-8599,폭포동4단지힐스테이트(408~422동)BL3-9,,101.97,2,2010,79500,2019-05-10,,,,,,
은평구,11380,10200,녹번동,100-55,11380-4,녹번현대아파트,,79.52,5,1989,36500,2019-05-18,,,,,,
은평구,11380,10800,역촌동,58-4,11380-220,부호(101동),,156.83,4,2004,55000,2019-05-11,,,,,,
은평구,11380,11400,진관동,102,11380-8392,박석고개1단지힐스테이트(116~131동)BL2-1,,101.76,13,2009,88500,2019-05-15,,,,,,
은평구,11380,10300,불광동,643,11380-8922,북한산힐스테이트7차,,84.947,14,2011,87300,2019-05-12,,,,,,
은평구,11380,11000,증산동,257,11380-10925,베로니스,,54.84,4,2019,47800,2019-05-13,,,,,,
은평구,11380,10800,역촌동,62-16,11380-92,무궁화,,61.18,3,1972,17000,2019-05-23,,,,,,
은평구,11380,11400,진관동,83,11380-8505,우물골2단지두산위브(204~208동)BL2-5,,59.94,3,2009,61700,2019-05-01,,,,,,
은평구,11380,10700,응암동,738,11380-60,해태드림타운,,84.84,6,1997,35700,2019-05-22,,,,,,
은평구,11380,10300,불광동,636,11380-7808,북한산한양수자인아파트,,59.69,5,2006,40500,2019-05-17,,,,,,
은평구,11380,10200,녹번동,281,11380-10020,북한산푸르지오,,114.98,6,2015,103000,2019-05-01,,,,,,
은평구,11380,10400,갈현동,543,11380-28,메카,,59.36,9,2001,25000,2019-05-14,,,,,,
은평구,11380,10900,신사동,372,11380-10944,응암역효성해링턴플레이스,,59.94,5,2019,40000,2019-05-22,,,,,,
은평구,11380,11400,진관동,102,11380-8392,박석고개1단지힐스테이트(116~131동)BL2-1,,59.85,9,2009,59500,2019-05-11,,,,,,
은평구,11380,11400,진관동,83,11380-8505,우물골2단지두산위브(204~208동)BL2-5,,101.84,7,2009,96000,2019-05-02,,,,,,
은평구,11380,10300,불광동,641,11380-8697,북한산현대힐스테이트3차아파트,,59.99,7,2010,59000,2019-05-04,,,,,,
은평구,11380,11400,진관동,65,11380-10527,은평뉴타운엘크루,,59.98,18,2017,60000,2019-05-04,,,,,,
은평구,11380,10800,역촌동,39-1,11380-7799,미랜드,,84.94,9,2006,50000,2019-05-02,,,,,,
은평구,11380,10800,역촌동,17-51,11380-213,아이언,,84.93,4,2004,36500,2019-05-07,,,,,,
은평구,11380,10700,응암동,88-8,11380-9791,응암아네스트,,13.6793,14,2014,13250,2019-05-11,,,,,,
은평구,11380,10300,불광동,248,11380-11,라이프미성,,84.65,12,1988,58000,2019-05-10,,,,,,
은평구,11380,11400,진관동,2,11380-8019,상림마을6단지푸르지오(606~614동)BL1-7,,101.78,8,2008,66300,2019-05-04,,,,,,
은평구,11380,10200,녹번동,83-47,11380-7939,송학파크팰리스,,52.89,6,2008,27500,2019-05-04,,,,,,
서대문구,11410,11800,홍은동,461,11410-3898,홍은센트레빌,,59.96,6,2009,48200,2019-05-11,,,,,,
서대문구,11410,11700,연희동,740,11410-30,성원,,59.61,7,2001,49000,2019-05-22,,,,,,
서대문구,11410,11700,연희동,708-4,11410-37,홍연,,52.59,4,1981,22400,2019-05-01,,,,,,
서대문구,11410,12000,남가좌동,379,11410-3524,래미안남가좌2차,,84.806,12,2005,75500,2019-05-30,,,,,,
서대문구,11410,12000,남가좌동,387,11410-4634,디엠씨엘가,,41.23,12,2017,42000,2019-05-27,,,,,,
서대문구,11410,10500,냉천동,261,11410-3906,돈의문센트레빌,,114.98,15,2011,113000,2019-05-30,,,,,,
서대문구,11410,11100,홍제동,82,11410-67,홍제한양,,60.06,9,1993,51000,2019-05-25,,,,,,
서대문구,11410,12000,남가좌동,377,11410-102,DMC래미안클라시스,,59.59,16,2000,50300,2019-05-31,,,,,,
서대문구,11410,11100,홍제동,82,11410-67,홍제한양,,60.06,7,1993,49800,2019-05-21,,,,,,
서대문구,11410,12000,남가좌동,385,11410-4479,DMC파크뷰자이1단지,,120.492,14,2015,109600,2019-05-30,,,,,,
서대문구,11410,11800,홍은동,265-281,11410-3549,동평늘푸른,,84.56,6,2005,28300,2019-05-25,,,,,,
서대문구,11410,11900,북가좌동,481,11410-4085,DMC래미안e편한세상,,59.97,5,2012,70500,2019-05-29,,,,,,
서대문구,11410,12000,남가좌동,379,11410-3524,래미안남가좌2차,,59.788,6,2005,67800,2019-05-29,,,,,,
서대문구,11410,11900,북가좌동,481,11410-4085,DMC래미안e편한세상,,84.95,14,2012,84700,2019-05-18,,,,,,
서대문구,11410,11900,북가좌동,449,11410-106,북가좌삼호,,114.03,10,1996,62000,2019-05-20,,,,,,
서대문구,11410,11900,북가좌동,488,11410-4768,대경아르체,,33.62,2,2018,27800,2019-05-30,,,,,,
서대문구,11410,11100,홍제동,458,11410-61,조한,,84.992,8,2000,36000,2019-05-24,,,,,,
서대문구,11410,11000,북아현동,1009,11410-13,두산,,59.96,8,1999,57500,2019-05-28,,,,,,
서대문구,11410,12000,남가좌동,376,11410-104,남가좌동현대,,59.4,9,1999,47900,2019-05-27,,,,,,
서대문구,11410,11800,홍은동,454,11410-77,극동,,84.92,10,1995,34200,2019-05-31,,,,,,
서대문구,11410,11100,홍제동,464,11410-48,무악재한화,,84.28,3,2001,67000,2019-05-31,,,,,,
서대문구,11410,11700,연희동,188-41,11410-171,시민,,36.76,1,1978,7000,2019-05-16,,,,,,
서대문구,11410,10500,냉천동,260,11410-7,동부센트레빌,,59.86,4,2002,57000,2019-05-11,,,,,,
서대문구,11410,10500,냉천동,261,11410-3906,돈의문센트레빌,,59.98,4,2011,74500,2019-05-11,,,,,,
서대문구,11410,10500,냉천동,261,11410-3906,돈의문센트레빌,,59.98,5,2011,74500,2019-05-11,,,,,,
서대문구,11410,10500,냉천동,261,11410-3906,돈의문센트레빌,,59.98,2,2011,71000,2019-05-10,,,,,,
서대문구,11410,10500,냉천동,261,11410-3906,돈의문센트레빌,,84.99,5,2011,103000,2019-05-16,,,,,,
서대문구,11410,11800,홍은동,202-5,11410-95,"현대(1,2차)",,59.96,6,1988,42500,2019-05-20,,,,,,
서대문구,11410,11100,홍제동,453,11410-63,청구1차,,84.78,12,1994,62000,2019-05-19,,,,,,
서대문구,11410,12000,남가좌동,377,11410-102,DMC래미안클라시스,,59.93,11,2000,51800,2019-05-24,,,,,,
서대문구,11410,10500,냉천동,261,11410-3906,돈의문센트레빌,,59.98,8,2011,79900,2019-05-29,,,,,,
서대문구,11410,11100,홍제동,157-3,11410-152,홍제원그린뷰아파트,,164.71,11,2003,59000,2019-05-25,,,,,,
서대문구,11410,11700,연희동,188-41,11410-171,시민,,52.89,1,1978,10000,2019-05-08,,,,,,
서대문구,11410,11100,홍제동,373,11410-56,태영으뜸(데시앙),,44.2,3,1998,27000,2019-05-31,,,,,,
서대문구,11410,11100,홍제동,463,11410-49,문화촌현대,,84.99,12,2002,58800,2019-05-22,,,,,,
서대문구,11410,12000,남가좌동,376,11410-104,남가좌동현대,,59.4,5,1999,45500,2019-05-20,,,,,,
서대문구,11410,11900,북가좌동,481,11410-4085,DMC래미안e편한세상,,84.95,19,2012,86000,2019-05-15,,,,,,
서대문구,11410,11000,북아현동,1013,11410-4645,e편한세상신촌4단지,,84.89,26,2018,131000,2019-05-25,,,,,,
서대문구,11410,12000,남가좌동,376,11410-104,남가좌동현대,,59.4,9,1999,47500,2019-05-29,,,,,,
서대문구,11410,11900,북가좌동,449,11410-106,북가좌삼호,,75.75,16,1996,51500,2019-05-16,,,,,,
서대문구,11410,12000,남가좌동,385,11410-4479,DMC파크뷰자이1단지,,121.614,16,2015,108000,2019-05-01,,,,,,
서대문구,11410,11100,홍제동,465,11410-59,인왕산벽산,,59.82,4,2003,47000,2019-05-04,,,,,,
서대문구,11410,11900,북가좌동,459,11410-3677,DMC두산위브,,84.9623,5,2007,55000,2019-05-11,,,,,,
서대문구,11410,11600,창천동,381,11410-3530,센타폴리스,,69.19,4,2005,40000,2019-05-22,,,,,,
서대문구,11410,11000,북아현동,1-70,11410-3621,훼미리(1-70),,58.11,5,2006,60000,2019-05-17,,,,,,
서대문구,11410,11800,홍은동,202-5,11410-95,"현대(1,2차)",,73.98,12,1988,54000,2019-05-17,,,,,,
서대문구,11410,11100,홍제동,331,11410-68,홍제현대,,75.15,14,1992,59800,2019-05-25,,,,,,
서대문구,11410,11900,북가좌동,481,11410-4085,DMC래미안e편한세상,,84.92,24,2012,86500,2019-05-25,,,,,,
서대문구,11410,12000,남가좌동,377,11410-102,DMC래미안클라시스,,59.59,13,2000,50700,2019-05-16,,,,,,
서대문구,11410,12000,남가좌동,385,11410-4480,DMC파크뷰자이2단지,,84.968,4,2015,83000,2019-05-23,,,,,,
서대문구,11410,11900,북가좌동,481,11410-4085,DMC래미안e편한세상,,84.95,7,2012,81000,2019-05-27,,,,,,
서대문구,11410,11800,홍은동,457,11410-81,동일,,97.1,12,1997,45000,2019-05-29,,,,,,
서대문구,11410,11900,북가좌동,481,11410-4085,DMC래미안e편한세상,,120.95,32,2012,106000,2019-05-07,,,,,,
서대문구,11410,11800,홍은동,산11-244,11410-3755,세한숲속마을,,83.9,9,2002,39000,2019-05-12,,,,,,
서대문구,11410,11700,연희동,723-9,11410-116,홍연(723-9),,52.23,2,1981,20500,2019-05-17,,,,,,
서대문구,11410,10900,현저동,200,11410-10,독립문극동(200-0),,59.58,7,1998,66500,2019-05-06,,,,,,
서대문구,11410,11100,홍제동,460,11410-60,인왕산현대,,59.93,12,2000,55000,2019-05-31,,,,,,
서대문구,11410,11800,홍은동,461,11410-3898,홍은센트레빌,,59.96,8,2009,50000,2019-05-14,,,,,,
서대문구,11410,11700,연희동,740,11410-30,성원,,84.95,2,2001,59500,2019-05-08,,,,,,
서대문구,11410,12000,남가좌동,387,11410-4634,디엠씨엘가,,30.36,12,2017,32000,2019-05-31,,,,,,
서대문구,11410,11800,홍은동,455,11410-85,홍은동벽산,,142.98,12,1997,64000,2019-05-20,,,,,,
서대문구,11410,12000,남가좌동,381,11410-3900,DMC센트레빌,,114.87,6,2009,86000,2019-05-24,,,,,,
서대문구,11410,12000,남가좌동,385,11410-4479,DMC파크뷰자이1단지,,84.971,15,2015,89600,2019-05-04,,,,,,
서대문구,11410,10600,천연동,145,11410-3569,천연뜨란채,,55.85,7,2006,57500,2019-05-23,,,,,,
서대문구,11410,11900,북가좌동,431,11410-108,DMC한양,,116.76,6,1987,60000,2019-05-11,,,,,,
서대문구,11410,11100,홍제동,454,11410-55,유원하나,,82.35,7,1996,45500,2019-05-11,,,,,,
서대문구,11410,12000,남가좌동,377,11410-102,DMC래미안클라시스,,84.9,7,2000,63000,2019-05-17,,,,,,
서대문구,11410,11100,홍제동,82,11410-67,홍제한양,,60.06,15,1993,49000,2019-05-19,,,,,,
서대문구,11410,11000,북아현동,1009,11410-13,두산,,59.96,13,1999,57000,2019-05-26,,,,,,
서대문구,11410,11000,북아현동,1009,11410-13,두산,,59.96,2,1999,54750,2019-05-01,,,,,,
서대문구,11410,12000,남가좌동,377,11410-102,DMC래미안클라시스,,84.9,19,2000,61500,2019-05-01,,,,,,
서대문구,11410,12000,남가좌동,377,11410-102,DMC래미안클라시스,,59.93,16,2000,50000,2019-05-10,,,,,,
서대문구,11410,12000,남가좌동,376,11410-104,남가좌동현대,,59.4,13,1999,47000,2019-05-28,,,,,,
서대문구,11410,12000,남가좌동,377,11410-102,DMC래미안클라시스,,59.93,8,2000,51500,2019-05-17,,,,,,
서대문구,11410,11900,북가좌동,481,11410-4085,DMC래미안e편한세상,,84.92,34,2012,87500,2019-05-27,,,,,,
서대문구,11410,11100,홍제동,459,11410-73,홍제원현대(459-0),,114.72,11,2000,81000,2019-05-21,,,,,,
서대문구,11410,11900,북가좌동,488,11410-4768,대경아르체,,54.78,11,2018,46000,2019-05-13,,,,,,
서대문구,11410,12000,남가좌동,377,11410-102,DMC래미안클라시스,,59.97,8,2000,49500,2019-05-05,,,,,,
서대문구,11410,11000,북아현동,1-50,11410-17,우민A,,84.9,4,2001,69600,2019-05-15,,,,,,
서대문구,11410,11900,북가좌동,481,11410-4085,DMC래미안e편한세상,,59.97,7,2012,74500,2019-05-09,,,,,,
서대문구,11410,11900,북가좌동,371-1,11410-107,월드컵현대,,84.93,9,1998,60000,2019-05-01,,,,,,
서대문구,11410,11100,홍제동,461,11410-71,홍제삼성래미안,,60,9,2001,54500,2019-05-10,,,,,,
서대문구,11410,10500,냉천동,261,11410-3906,돈의문센트레빌,,59.98,3,2011,74800,2019-05-18,,,,,,
서대문구,11410,11900,북가좌동,481,11410-4085,DMC래미안e편한세상,,84.93,2,2012,79300,2019-05-10,,,,,,
서대문구,11410,11800,홍은동,453-2,11410-93,풍림2,,58.5,15,1990,41000,2019-05-30,,,,,,
서대문구,11410,11800,홍은동,440-3,11410-92,풍림1차,,64.53,12,1988,34800,2019-05-18,,,,,,
서대문구,11410,11800,홍은동,440-3,11410-92,풍림1차,,64.53,10,1988,35000,2019-05-10,,,,,,
서대문구,11410,11000,북아현동,1013,11410-4617,e편한세상신촌3단지,,59.96,14,2018,105000,2019-05-03,,,,,,
서대문구,11410,11700,연희동,169-9,11410-3874,에코빌리지,,70.49,9,2009,32200,2019-05-02,,,,,,
서대문구,11410,12000,남가좌동,376,11410-104,남가좌동현대,,59.4,14,1999,46800,2019-05-27,,,,,,
서대문구,11410,12000,남가좌동,376,11410-104,남가좌동현대,,59.4,8,1999,45000,2019-05-12,,,,,,
서대문구,11410,11700,연희동,740,11410-30,성원,,59.61,16,2001,49000,2019-05-01,,,,,,
서대문구,11410,11700,연희동,738,11410-35,임광,,59.96,14,1999,52700,2019-05-08,,,,,,
서대문구,11410,11100,홍제동,463,11410-49,문화촌현대,,59.94,19,2002,45500,2019-05-24,,,,,,
서대문구,11410,11900,북가좌동,481,11410-4085,DMC래미안e편한세상,,120.93,3,2012,97000,2019-05-21,,,,,,
서대문구,11410,11700,연희동,740,11410-30,성원,,84.95,6,2001,62000,2019-05-06,,,,,,
서대문구,11410,11900,북가좌동,488,11410-4768,대경아르체,,33.62,5,2018,28800,2019-05-09,,,,,,
서대문구,11410,11000,북아현동,1013,11410-4619,e편한세상신촌1단지,,84.93,16,2018,111000,2019-05-10,,,,,,
서대문구,11410,11100,홍제동,82,11410-67,홍제한양,,84.77,6,1993,60000,2019-05-01,,,,,,
서대문구,11410,12000,남가좌동,387,11410-4634,디엠씨엘가,,30.36,12,2017,32000,2019-05-31,,,,,,
서대문구,11410,11800,홍은동,454,11410-77,극동,,84.92,10,1995,36400,2019-05-30,,,,,,
서대문구,11410,11800,홍은동,455,11410-85,홍은동벽산,,84.96,3,1997,50000,2019-05-27,,,,,,
서대문구,11410,10600,천연동,145,11410-3569,천연뜨란채,,57.78,11,2006,58500,2019-05-07,,,,,,
서대문구,11410,11100,홍제동,82,11410-67,홍제한양,,84.77,11,1993,62000,2019-05-14,,,,,,
서대문구,11410,12000,남가좌동,385,11410-4479,DMC파크뷰자이1단지,,120.492,11,2015,110000,2019-05-03,,,,,,
서대문구,11410,11900,북가좌동,449,11410-106,북가좌삼호,,75.75,4,1996,47000,2019-05-09,,,,,,
서대문구,11410,11700,연희동,747,11410-4767,연희파크푸르지오,,84.4317,1,2018,60000,2019-05-06,,,,,,
서대문구,11410,11900,북가좌동,481,11410-4085,DMC래미안e편한세상,,84.95,5,2012,81000,2019-05-24,,,,,,
서대문구,11410,11800,홍은동,453-2,11410-93,풍림2,,58.5,10,1990,40000,2019-05-16,,,,,,
서대문구,11410,11200,대현동,104-36,11410-4373,신촌자이엘라,,22.13,21,2014,28000,2019-05-31,,,,,,
서대문구,11410,12000,남가좌동,388,11410-4762,DMC센트럴아이파크,,59.91,1,2018,63500,2019-05-31,,,,,,
서대문구,11410,12000,남가좌동,105-1,11410-103,창덕에버빌,,99.57,6,1998,44000,2019-05-29,,,,,,
서대문구,11410,11800,홍은동,394-1,11410-3538,신원지벤스타7,,138.11,1,2005,59200,2019-05-24,,,,,,
서대문구,11410,11800,홍은동,465,11410-4755,HDX휴팰리스,,59.0362,7,2018,38000,2019-05-29,,,,,,
서대문구,11410,12000,남가좌동,388,11410-4762,DMC센트럴아이파크,,59.91,3,2018,67000,2019-05-30,,,,,,
서대문구,11410,11100,홍제동,462,11410-65,청구3차,,59.4,11,2001,53000,2019-05-18,,,,,,
서대문구,11410,11800,홍은동,산11-244,11410-3755,세한숲속마을,,83.9,11,2002,39000,2019-05-16,,,,,,
서대문구,11410,11700,연희동,745,11410-4254,연희자이엘라,,13.642,7,2014,16340,2019-05-27,,,,,,
서대문구,11410,12000,남가좌동,376,11410-104,남가좌동현대,,59.4,15,1999,45000,2019-05-02,,,,,,
서대문구,11410,11800,홍은동,461,11410-3898,홍은센트레빌,,84.84,15,2009,60000,2019-05-24,,,,,,
서대문구,11410,12000,남가좌동,385,11410-4479,DMC파크뷰자이1단지,,152.146,7,2015,128000,2019-05-24,,,,,,
서대문구,11410,12000,남가좌동,385,11410-4481,DMC파크뷰자이3단지,,84.909,12,2015,76000,2019-05-24,,,,,,
서대문구,11410,11700,연희동,745,11410-4254,연희자이엘라,,13.642,11,2014,16700,2019-05-11,,,,,,
서대문구,11410,11700,연희동,740,11410-30,성원,,84.95,1,2001,50500,2019-05-04,,,,,,
서대문구,11410,12000,남가좌동,387,11410-4634,디엠씨엘가,,41.23,13,2017,43000,2019-05-20,,,,,,
서대문구,11410,11100,홍제동,331,11410-68,홍제현대,,75.15,10,1992,61500,2019-05-06,,,,,,
서대문구,11410,12000,남가좌동,376,11410-104,남가좌동현대,,73.65,6,1999,56800,2019-05-02,,,,,,
서대문구,11410,12000,남가좌동,387,11410-4634,디엠씨엘가,,30.36,14,2017,33000,2019-05-16,,,,,,
서대문구,11410,11100,홍제동,456,11410-53,성원,,114.48,9,1998,57000,2019-05-13,,,,,,
서대문구,11410,12000,남가좌동,385,11410-4479,DMC파크뷰자이1단지,,121.614,16,2015,105000,2019-05-14,,,,,,
서대문구,11410,11200,대현동,144,11410-22,신촌럭키,,59.7,8,1999,56000,2019-05-13,,,,,,
서대문구,11410,11800,홍은동,202-5,11410-95,"현대(1,2차)",,74.52,14,1988,49900,2019-05-11,,,,,,
서대문구,11410,11600,창천동,510-2,11410-4202,3RU-City,,17.19,8,2013,19500,2019-05-13,,,,,,
서대문구,11410,12000,남가좌동,385,11410-4479,DMC파크뷰자이1단지,,84.968,4,2015,90000,2019-05-11,,,,,,
서대문구,11410,11800,홍은동,202-5,11410-95,"현대(1,2차)",,73.98,6,1988,51000,2019-05-06,,,,,,
서대문구,11410,11800,홍은동,457,11410-81,동일,,59.77,9,1997,35000,2019-05-03,,,,,,
서대문구,11410,11600,창천동,510-2,11410-4202,3RU-City,,16.84,5,2013,18600,2019-05-01,,,,,,
마포구,11440,10100,아현동,777,11440-5406,마포래미안푸르지오2단지,,59.9656,11,2014,108500,2019-05-18,,,,,,
마포구,11440,12500,성산동,446,11440-109,성산시영(유원),,59.43,9,1986,74500,2019-05-28,,,,,,
마포구,11440,10800,대흥동,804,11440-5348,마포자이2차,,84.95,9,2014,120000,2019-05-31,,,,,,
마포구,11440,12000,서교동,490,11440-5097,메세나폴리스,,142.034,9,2012,139500,2019-05-29,,,,,,
마포구,11440,12600,중동,392,11440-122,마포중동현대,,59.88,18,2001,55800,2019-05-28,,,,,,
마포구,11440,12500,성산동,601,11440-118,성산월드타운대림,,84.689,3,2004,68500,2019-05-28,,,,,,
마포구,11440,12500,성산동,601,11440-118,성산월드타운대림,,117.898,11,2004,84500,2019-05-31,,,,,,
마포구,11440,10200,공덕동,371,11440-4,공덕1삼성래미안,,59.74,10,1999,79000,2019-05-29,,,,,,
마포구,11440,11400,창전동,438,11440-46,신촌금호,,84.86,7,2001,75000,2019-05-31,,,,,,
마포구,11440,10400,도화동,550,11440-15,삼성,,72.185,16,1997,90000,2019-05-30,,,,,,
마포구,11440,10500,용강동,500,11440-24,마포대림1,,131.85,18,2002,135000,2019-05-25,,,,,,
마포구,11440,12300,망원동,494,11440-92,삼성화원,,89.55,4,2002,64500,2019-05-24,,,,,,
마포구,11440,10100,아현동,777,11440-5410,마포래미안푸르지오4단지,,84.3884,20,2014,140000,2019-05-24,,,,,,
마포구,11440,10100,아현동,777,11440-5410,마포래미안푸르지오4단지,,59.9656,21,2014,105000,2019-05-29,,,,,,
마포구,11440,12500,성산동,446,11440-169,성산시영(대우),,50.03,4,1986,62000,2019-05-18,,,,,,
마포구,11440,12700,상암동,1689,11440-3928,상암월드컵파크6단지,,84.53,5,2005,82000,2019-05-30,,,,,,
마포구,11440,10100,아현동,777,11440-5407,마포래미안푸르지오1단지,,59.9796,9,2014,102500,2019-05-26,,,,,,
마포구,11440,12300,망원동,516,11440-4503,망원동동원데쟈뷰,,84.85,6,2008,64500,2019-05-27,,,,,,
마포구,11440,10200,공덕동,43,11440-7,공덕2삼성래미안,,84.94,5,2004,96500,2019-05-16,,,,,,
마포구,11440,10200,공덕동,43,11440-7,공덕2삼성래미안,,84.94,12,2004,97500,2019-05-20,,,,,,
마포구,11440,10100,아현동,777,11440-5407,마포래미안푸르지오1단지,,84.8919,12,2014,137000,2019-05-22,,,,,,
마포구,11440,12200,합정동,467,11440-167,한강동원아파트,,84.87,6,2003,61500,2019-05-09,,,,,,
마포구,11440,10100,아현동,777,11440-5410,마포래미안푸르지오4단지,,59.9656,5,2014,107500,2019-05-25,,,,,,
마포구,11440,10200,공덕동,371,11440-4,공덕1삼성래미안,,59.74,5,1999,79500,2019-05-25,,,,,,
마포구,11440,10900,염리동,521,11440-147,마포자이,,84.692,18,2003,115000,2019-05-23,,,,,,
마포구,11440,12700,상암동,1643,11440-135,상암월드컵파크3단지,,84.84,9,2003,82000,2019-05-29,,,,,,
마포구,11440,12300,망원동,511,11440-206,함성월드빌2차,,72.73,6,2004,61500,2019-05-28,,,,,,
마포구,11440,10200,공덕동,464,11440-3934,래미안공덕4차,,59.9,3,2005,85000,2019-05-31,,,,,,
마포구,11440,10100,아현동,777,11440-5408,마포래미안푸르지오3단지,,84.5978,16,2014,119000,2019-05-16,,,,,,
마포구,11440,12400,연남동,364-8,11440-95,무지개에이,,83.87,5,2000,46900,2019-05-26,,,,,,
마포구,11440,12500,성산동,446,11440-109,성산시영(유원),,59.43,5,1986,74000,2019-05-25,,,,,,
마포구,11440,12500,성산동,446,11440-109,성산시영(유원),,59.43,8,1986,74000,2019-05-30,,,,,,
마포구,11440,10100,아현동,777,11440-5406,마포래미안푸르지오2단지,,59.9656,9,2014,105000,2019-05-22,,,,,,
마포구,11440,12000,서교동,490,11440-5097,메세나폴리스,,122.867,34,2012,152000,2019-05-26,,,,,,
마포구,11440,10100,아현동,371-1,11440-5233,예미원,,61.27,4,1970,56000,2019-05-08,,,,,,
마포구,11440,10100,아현동,777,11440-5410,마포래미안푸르지오4단지,,59.9656,9,2014,106500,2019-05-14,,,,,,
마포구,11440,10100,아현동,777,11440-5406,마포래미안푸르지오2단지,,84.5978,11,2014,128000,2019-05-03,,,,,,
마포구,11440,12300,망원동,516,11440-4503,망원동동원데쟈뷰,,111.89,4,2008,75000,2019-05-03,,,,,,
마포구,11440,12300,망원동,509,11440-204,휴먼빌,,59.955,11,2004,62000,2019-05-22,,,,,,
마포구,11440,10400,도화동,82,11440-17,우성,,68.94,10,1991,71000,2019-05-04,,,,,,
마포구,11440,10100,아현동,777,11440-5410,마포래미안푸르지오4단지,,59.9452,16,2014,107000,2019-05-18,,,,,,
마포구,11440,12700,상암동,1637,11440-136,상암월드컵파크2단지,,59.92,4,2003,65700,2019-05-11,,,,,,
마포구,11440,12700,상암동,1637,11440-136,상암월드컵파크2단지,,59.84,17,2003,69500,2019-05-13,,,,,,
마포구,11440,10400,도화동,536,11440-18,정우상가맨션,,142.64,10,1983,88000,2019-05-15,,,,,,
마포구,11440,11400,창전동,440,11440-3890,창전동현대홈타운,,84.978,9,2005,89000,2019-05-19,,,,,,
마포구,11440,12700,상암동,1655,11440-4038,상암월드컵파크4단지,,84.66,6,2006,95000,2019-05-13,,,,,,
마포구,11440,12000,서교동,486,11440-221,서교푸르지오,,92.448,6,2004,85000,2019-05-28,,,,,,
마포구,11440,10200,공덕동,460,11440-176,한화꿈에그린,,84.939,7,2004,94000,2019-05-23,,,,,,
마포구,11440,10200,공덕동,464,11440-3934,래미안공덕4차,,59.9,8,2005,93200,2019-05-16,,,,,,
마포구,11440,10300,신공덕동,13-15,11440-5777,블레스하임,,23.89,6,2019,35700,2019-05-24,,,,,,
마포구,11440,10400,도화동,550,11440-15,삼성,,84.985,13,1997,112000,2019-05-31,,,,,,
마포구,11440,10300,신공덕동,159,11440-8,신공덕래미안2차,,84.73,6,2000,89000,2019-05-15,,,,,,
마포구,11440,12300,망원동,489,11440-76,성원2,,59.43,5,1999,43800,2019-05-06,,,,,,
마포구,11440,10200,공덕동,43,11440-7,공덕2삼성래미안,,84.94,3,2004,92000,2019-05-04,,,,,,
마포구,11440,10800,대흥동,660,11440-32,대흥동태영아파트,,114.93,14,1999,112000,2019-05-18,,,,,,
마포구,11440,12200,합정동,470,11440-3908,일신건영휴먼빌아파트,,84.76,3,2005,68500,2019-05-23,,,,,,
마포구,11440,11500,상수동,398,11440-5427,래미안밤섬리베뉴Ⅱ,,122.87,16,2014,140000,2019-05-01,,,,,,
마포구,11440,10100,아현동,777,11440-5408,마포래미안푸르지오3단지,,84.8919,17,2014,128000,2019-05-21,,,,,,
마포구,11440,12300,망원동,516,11440-4503,망원동동원데쟈뷰,,84.85,6,2008,64500,2019-05-02,,,,,,
마포구,11440,10100,아현동,777,11440-5406,마포래미안푸르지오2단지,,59.9452,6,2014,105800,2019-05-18,,,,,,
마포구,11440,12000,서교동,490,11440-5097,메세나폴리스,,148.981,11,2012,165800,2019-05-07,,,,,,
마포구,11440,12500,성산동,446,11440-169,성산시영(대우),,50.03,14,1986,61000,2019-05-02,,,,,,
마포구,11440,10400,도화동,550,11440-15,삼성,,114.74,16,1997,112000,2019-05-30,,,,,,
마포구,11440,12700,상암동,1643,11440-135,상암월드컵파크3단지,,84.94,2,2003,79500,2019-05-22,,,,,,
마포구,11440,10300,신공덕동,13-15,11440-5777,블레스하임,,23.89,7,2019,37800,2019-05-29,,,,,,
마포구,11440,10200,공덕동,457,11440-175,공덕3삼성래미안,,84.98,13,2004,112700,2019-05-09,,,,,,
마포구,11440,12500,성산동,446,11440-109,성산시영(유원),,59.43,3,1986,72000,2019-05-18,,,,,,
마포구,11440,12500,성산동,210-10,11440-138,골든빌(210-10),,133.97,3,2003,65000,2019-05-13,,,,,,
마포구,11440,10900,염리동,520,11440-34,염리삼성래미안,,84.96,7,2001,88000,2019-05-13,,,,,,
마포구,11440,10700,마포동,253,11440-30,마포쌍용황금아파트,,84.9,6,2000,77000,2019-05-22,,,,,,
마포구,11440,11600,하중동,101,11440-4715,한강밤섬자이,,84.99,15,2010,121000,2019-05-25,,,,,,
마포구,11440,11400,창전동,438,11440-46,신촌금호,,84.86,9,2001,70000,2019-05-23,,,,,,
마포구,11440,11400,창전동,438,11440-46,신촌금호,,84.95,3,2001,66000,2019-05-13,,,,,,
마포구,11440,10800,대흥동,660,11440-32,대흥동태영아파트,,84.77,6,1999,94500,2019-05-18,,,,,,
마포구,11440,10300,신공덕동,159,11440-8,신공덕래미안2차,,114.5,4,2000,88000,2019-05-01,,,,,,
마포구,11440,10200,공덕동,457,11440-175,공덕3삼성래미안,,84.98,5,2004,106500,2019-05-07,,,,,,
마포구,11440,12400,연남동,259-1,11440-94,대명,,84.99,6,1995,71000,2019-05-02,,,,,,
마포구,11440,12500,성산동,446,11440-109,성산시영(유원),,59.43,6,1986,70800,2019-05-04,,,,,,
마포구,11440,10300,신공덕동,13-15,11440-5777,블레스하임,,23.89,12,2019,38900,2019-05-31,,,,,,
마포구,11440,12500,성산동,446,11440-168,성산시영(선경),,50.54,9,1986,64500,2019-05-02,,,,,,
마포구,11440,10200,공덕동,43,11440-7,공덕2삼성래미안,,84.94,13,2004,96000,2019-05-20,,,,,,
마포구,11440,10400,도화동,353,11440-19,현대홈타운,,84.95,15,2000,84000,2019-05-04,,,,,,
마포구,11440,12400,연남동,259-1,11440-94,대명,,84.99,3,1995,76000,2019-05-21,,,,,,
마포구,11440,12700,상암동,1637,11440-136,상암월드컵파크2단지,,59.92,6,2003,65000,2019-05-01,,,,,,
마포구,11440,10100,아현동,777,11440-5406,마포래미안푸르지오2단지,,84.5978,17,2014,135000,2019-05-06,,,,,,
마포구,11440,12300,망원동,521,11440-5759,마포한강아이파크,,59.3883,2,2019,81000,2019-05-20,,,,,,
마포구,11440,10300,신공덕동,171,11440-4876,kcc웰츠,,118.64,17,2011,120000,2019-05-17,,,,,,
마포구,11440,10200,공덕동,464,11440-3934,래미안공덕4차,,83.42,17,2005,99500,2019-05-11,,,,,,
마포구,11440,10900,염리동,515-1,11440-33,상록,,58.71,19,1997,57000,2019-05-06,,,,,,
마포구,11440,12700,상암동,1637,11440-136,상암월드컵파크2단지,,59.92,14,2003,64500,2019-05-02,,,,,,
마포구,11440,12700,상암동,1655,11440-4038,상암월드컵파크4단지,,84.66,8,2006,89000,2019-05-15,,,,,,
마포구,11440,10300,신공덕동,13-15,11440-5777,블레스하임,,25.77,10,2019,37000,2019-05-16,,,,,,
마포구,11440,10300,신공덕동,13-15,11440-5777,블레스하임,,25.77,11,2019,39000,2019-05-16,,,,,,
마포구,11440,10900,염리동,520,11440-34,염리삼성래미안,,59.76,10,2001,69000,2019-05-04,,,,,,
마포구,11440,10300,신공덕동,155,11440-9,신공덕1차삼성래미안1아파트,,59.76,6,2000,79000,2019-05-01,,,,,,
마포구,11440,10300,신공덕동,155,11440-9,신공덕1차삼성래미안1아파트,,59.76,1,2000,78000,2019-05-04,,,,,,
마포구,11440,12500,성산동,597,11440-107,성산동성,,84.97,8,1999,55000,2019-05-11,,,,,,
마포구,11440,10100,아현동,371-1,11440-5233,예미원,,67.9,6,1970,54000,2019-05-01,,,,,,
마포구,11440,10200,공덕동,457,11440-175,공덕3삼성래미안,,59.97,14,2004,95300,2019-05-11,,,,,,
마포구,11440,11200,현석동,225,11440-5559,래미안웰스트림,,84.96,33,2016,145000,2019-05-04,,,,,,
마포구,11440,12300,망원동,509,11440-204,휴먼빌,,84.963,5,2004,71500,2019-05-10,,,,,,
마포구,11440,10100,아현동,732,11440-143,삼환나띠르빌,,84.9,6,2003,79800,2019-05-03,,,,,,
마포구,11440,10400,도화동,357,11440-12,도화동현대,,68.22,16,1996,74000,2019-05-27,,,,,,
마포구,11440,10300,신공덕동,13-15,11440-5777,블레스하임,,23.59,11,2019,37000,2019-05-18,,,,,,
마포구,11440,11500,상수동,402,11440-5428,래미안밤섬리베뉴Ⅰ,,84.99,10,2014,128500,2019-05-02,,,,,,
마포구,11440,10500,용강동,508,11440-5449,이편한세상마포리버파크,,59.98,13,2016,115800,2019-05-02,,,,,,
마포구,11440,12400,연남동,487-77,11440-145,광남벨라스(VALLACE),,73.7,5,2003,42000,2019-05-07,,,,,,
마포구,11440,10100,아현동,777,11440-5410,마포래미안푸르지오4단지,,59.9452,4,2014,106500,2019-05-18,,,,,,
마포구,11440,11400,창전동,443,11440-4165,해모로,,59.713,1,2007,74000,2019-05-27,,,,,,
마포구,11440,12500,성산동,25-1,11440-170,라인성서,,69.43,7,2005,39500,2019-05-18,,,,,,
마포구,11440,10800,대흥동,12-41,11440-5381,서희스타힐스,,12.85,18,2014,19000,2019-05-20,,,,,,
마포구,11440,12500,성산동,446,11440-168,성산시영(선경),,50.54,1,1986,60000,2019-05-03,,,,,,
마포구,11440,11100,신수동,456,11440-4078,마포경남아너스빌,,84.95,9,2007,85000,2019-05-29,,,,,,
마포구,11440,10800,대흥동,12-41,11440-5381,서희스타힐스,,12.85,19,2014,19500,2019-05-25,,,,,,
마포구,11440,10200,공덕동,188-108,11440-6,마포현대,,59.95,4,1988,60000,2019-05-18,,,,,,
마포구,11440,12200,합정동,470,11440-3908,일신건영휴먼빌아파트,,84.76,8,2005,69000,2019-05-13,,,,,,
마포구,11440,10300,신공덕동,172,11440-4887,펜트라우스,,115.04,4,2011,117000,2019-05-27,,,,,,
마포구,11440,10400,도화동,82,11440-17,우성,,79.97,5,1991,76500,2019-05-03,,,,,,
마포구,11440,10300,신공덕동,155,11440-9,신공덕1차삼성래미안1아파트,,59.76,2,2000,79600,2019-05-10,,,,,,
마포구,11440,10300,신공덕동,172,11440-4887,펜트라우스,,84.95,13,2011,103500,2019-05-06,,,,,,
마포구,11440,10400,도화동,357,11440-12,도화동현대,,68.22,5,1996,69000,2019-05-02,,,,,,
마포구,11440,12700,상암동,1637,11440-136,상암월드컵파크2단지,,59.92,17,2003,64500,2019-05-04,,,,,,
마포구,11440,12700,상암동,1655,11440-4038,상암월드컵파크4단지,,84.66,5,2006,85000,2019-05-21,,,,,,
마포구,11440,10300,신공덕동,170,11440-4551,브라운스톤공덕아파트,,84.98,14,2009,120000,2019-05-03,,,,,,
마포구,11440,12700,상암동,1637,11440-136,상암월드컵파크2단지,,59.92,2,2003,64000,2019-05-11,,,,,,
마포구,11440,10400,도화동,353,11440-19,현대홈타운,,84.95,19,2000,85000,2019-05-11,,,,,,
마포구,11440,12400,연남동,244-15,11440-96,새마을,,41.65,2,1970,29800,2019-05-16,,,,,,
마포구,11440,12700,상암동,1637,11440-136,상암월드컵파크2단지,,59.92,17,2003,64000,2019-05-04,,,,,,
마포구,11440,10400,도화동,357,11440-12,도화동현대,,68.22,11,1996,68000,2019-05-10,,,,,,
마포구,11440,10300,신공덕동,172,11440-4887,펜트라우스,,152.85,20,2011,150000,2019-05-23,,,,,,
마포구,11440,12700,상암동,1660,11440-3927,상암월드컵파크7단지,,84.9,8,2005,80000,2019-05-18,,,,,,
마포구,11440,10900,염리동,520,11440-34,염리삼성래미안,,59.85,12,2001,75000,2019-05-13,,,,,,
마포구,11440,10400,도화동,555,11440-177,한화오벨리스크,,38.08,7,2004,40000,2019-05-18,,,,,,
마포구,11440,11100,신수동,450,11440-40,신촌삼익,,59.85,17,1997,67300,2019-05-06,,,,,,
마포구,11440,12500,성산동,446,11440-168,성산시영(선경),,50.54,10,1986,66000,2019-05-14,,,,,,
마포구,11440,12300,망원동,496,11440-88,대림1,,59.73,11,2002,66500,2019-05-16,,,,,,
마포구,11440,10800,대흥동,804,11440-5348,마포자이2차,,84.44,6,2014,122000,2019-05-09,,,,,,
마포구,11440,10600,토정동,138,11440-26,한강삼성,,84.78,10,1997,95000,2019-05-11,,,,,,
마포구,11440,12000,서교동,247-72,11440-214,함성참좋은,,95.54,4,2004,50000,2019-05-02,,,,,,
마포구,11440,12500,성산동,446,11440-109,성산시영(유원),,59.43,12,1986,71000,2019-05-11,,,,,,
마포구,11440,11100,신수동,456,11440-4078,마포경남아너스빌,,84.95,8,2007,79700,2019-05-11,,,,,,
양천구,11470,10200,목동,404-13,11470-5141,목동센트럴푸르지오,,84.9808,9,2015,119800,2019-05-24,,,,,,
양천구,11470,10100,신정동,327,11470-122,목동신시가지13,,98.63,6,1987,120000,2019-05-18,,,,,,
양천구,11470,10100,신정동,312,11470-125,목동신시가지9,,100.33,3,1987,128500,2019-05-16,,,,,,
양천구,11470,10100,신정동,743-2,11470-136,신정6현대,,84.6,22,2000,57000,2019-05-10,,,,,,
양천구,11470,10100,신정동,1316,11470-4600,이펜하우스3단지,,114.98,10,2011,74500,2019-05-31,,,,,,
양천구,11470,10200,목동,956,11470-206,롯데캐슬위너,,59.98,12,2005,69500,2019-05-30,,,,,,
양천구,11470,10200,목동,903,11470-19,목동신시가지3,,82.43,1,1986,120000,2019-05-31,,,,,,
양천구,11470,10200,목동,908-28,11470-29,부영2,,149.28,11,2000,120500,2019-05-30,,,,,,
양천구,11470,10200,목동,925,11470-23,목동신시가지7,,53.88,10,1986,96000,2019-05-29,,,,,,
양천구,11470,10100,신정동,312,11470-125,목동신시가지9,,126.53,5,1987,145000,2019-05-31,,,,,,
양천구,11470,10200,목동,904,11470-20,목동신시가지4,,65.34,13,1986,103500,2019-05-31,,,,,,
양천구,11470,10200,목동,929,11470-46,목동청구한신아파트,,84.77,1,1997,88000,2019-05-24,,,,,,
양천구,11470,10200,목동,950,11470-4014,목동이-편한세상,,134.77,4,2006,105000,2019-05-28,,,,,,
양천구,11470,10300,신월동,109-2,11470-282,대운,,66.51,7,2003,24500,2019-05-30,,,,,,
양천구,11470,10200,목동,549,11470-7,목동금호베스트빌,,58.86,4,2002,50000,2019-05-29,,,,,,
양천구,11470,10200,목동,902,11470-18,목동신시가지2,,95.4,10,1986,138000,2019-05-31,,,,,,
양천구,11470,10100,신정동,327,11470-122,목동신시가지13,,70.73,13,1987,94900,2019-05-27,,,,,,
양천구,11470,10200,목동,925,11470-23,목동신시가지7,,66.6,12,1986,118600,2019-05-30,,,,,,
양천구,11470,10200,목동,722-5,11470-175,세종그랑시아,,80.03,18,2003,62400,2019-05-28,,,,,,
양천구,11470,10300,신월동,166-27,11470-196,훼미리주상복합,,100.3,7,2004,32500,2019-05-17,,,,,,
양천구,11470,10200,목동,925,11470-23,목동신시가지7,,101.2,13,1986,159500,2019-05-20,,,,,,
양천구,11470,10100,신정동,311,11470-119,목동신시가지10,,105.58,10,1987,128000,2019-05-22,,,,,,
양천구,11470,10300,신월동,446-2,11470-95,청솔,,83.37,3,2001,31400,2019-05-21,,,,,,
양천구,11470,10100,신정동,333,11470-117,대림,,84.89,14,1992,66500,2019-05-28,,,,,,
양천구,11470,10100,신정동,1278,11470-132,목동삼성,,114.93,3,1996,90000,2019-05-18,,,,,,
양천구,11470,10100,신정동,1295,11470-172,목동2삼성래미안,,84.65,3,2001,77000,2019-05-25,,,,,,
양천구,11470,10200,목동,904,11470-20,목동신시가지4,,115.65,12,1986,165000,2019-05-30,,,,,,
양천구,11470,10100,신정동,1277,11470-140,신트리4,,59.73,10,2000,48400,2019-05-20,,,,,,
양천구,11470,10100,신정동,1283,11470-151,푸른마을3,,59.85,6,2001,45500,2019-05-24,,,,,,
양천구,11470,10200,목동,912,11470-21,목동신시가지5,,152.85,2,1986,210000,2019-05-24,,,,,,
양천구,11470,10200,목동,911,11470-22,목동신시가지6,,47.94,14,1986,80500,2019-05-25,,,,,,
양천구,11470,10100,신정동,881-6,11470-4409,청우,,69.66,5,2009,44500,2019-05-25,,,,,,
양천구,11470,10100,신정동,311,11470-119,목동신시가지10,,105.58,5,1987,130000,2019-05-30,,,,,,
양천구,11470,10200,목동,912,11470-21,목동신시가지5,,122.46,5,1986,178000,2019-05-24,,,,,,
양천구,11470,10100,신정동,311,11470-119,목동신시가지10,,127.21,2,1987,145000,2019-05-28,,,,,,
양천구,11470,10100,신정동,311,11470-119,목동신시가지10,,127.21,8,1987,150000,2019-05-17,,,,,,
양천구,11470,10200,목동,925,11470-23,목동신시가지7,,66.6,9,1986,117000,2019-05-28,,,,,,
양천구,11470,10100,신정동,1279,11470-128,목동현대3차,,84.77,8,1997,85000,2019-05-29,,,,,,
양천구,11470,10200,목동,903,11470-19,목동신시가지3,,64.98,8,1986,99500,2019-05-28,,,,,,
양천구,11470,10200,목동,404-13,11470-5141,목동센트럴푸르지오,,84.9808,27,2015,123500,2019-05-18,,,,,,
양천구,11470,10100,신정동,327,11470-122,목동신시가지13,,98.63,14,1987,125000,2019-05-30,,,,,,
양천구,11470,10100,신정동,326,11470-121,목동신시가지12,,71.64,2,1988,92500,2019-05-23,,,,,,
양천구,11470,10100,신정동,1311,11470-3928,동일하이빌2단지,,84.955,13,2005,69900,2019-05-25,,,,,,
양천구,11470,10200,목동,925,11470-23,목동신시가지7,,101.2,7,1986,163000,2019-05-30,,,,,,
양천구,11470,10200,목동,912,11470-21,목동신시가지5,,115.47,6,1986,175000,2019-05-31,,,,,,
양천구,11470,10200,목동,925,11470-23,목동신시가지7,,66.6,1,1986,112000,2019-05-31,,,,,,
양천구,11470,10100,신정동,311,11470-119,목동신시가지10,,70.2,15,1987,90000,2019-05-27,,,,,,
양천구,11470,10200,목동,904,11470-20,목동신시가지4,,95.67,4,1986,145000,2019-05-28,,,,,,
양천구,11470,10300,신월동,1030,11470-333,방주기픈샘,,63.152,3,2004,32500,2019-05-27,,,,,,
양천구,11470,10100,신정동,311,11470-119,목동신시가지10,,105.58,9,1987,130000,2019-05-29,,,,,,
양천구,11470,10300,신월동,350-2,11470-86,신안파크,,60.2,4,1987,22800,2019-05-16,,,,,,
양천구,11470,10100,신정동,1296,11470-157,아이파크,,84.88,11,2002,109700,2019-05-31,,,,,,
양천구,11470,10200,목동,902,11470-18,목동신시가지2,,95.67,11,1986,140000,2019-05-31,,,,,,
양천구,11470,10100,신정동,312,11470-125,목동신시가지9,,71.37,15,1987,95000,2019-05-24,,,,,,
양천구,11470,10200,목동,764-4,11470-37,신목,,74.64,5,1992,46500,2019-05-15,,,,,,
양천구,11470,10200,목동,901,11470-17,목동신시가지1,,98.08,4,1985,142000,2019-05-17,,,,,,
양천구,11470,10100,신정동,336,11470-147,청구,,84.99,2,1992,62000,2019-05-29,,,,,,
양천구,11470,10200,목동,953,11470-3936,목동두산위브,,112.209,6,2005,81000,2019-05-14,,,,,,
양천구,11470,10100,신정동,312,11470-125,목동신시가지9,,126.53,7,1987,144200,2019-05-27,,,,,,
양천구,11470,10100,신정동,314,11470-124,목동신시가지8,,54.94,9,1987,81000,2019-05-17,,,,,,
양천구,11470,10200,목동,902,11470-18,목동신시가지2,,116.82,1,1986,165000,2019-05-17,,,,,,
양천구,11470,10200,목동,912,11470-21,목동신시가지5,,95.27,4,1986,149000,2019-05-24,,,,,,
양천구,11470,10200,목동,938,11470-62,청학,,57.18,2,2002,49500,2019-05-25,,,,,,
양천구,11470,10100,신정동,1307,11470-247,경남아너스빌,,95.24,17,2004,83700,2019-05-24,,,,,,
양천구,11470,10200,목동,901,11470-17,목동신시가지1,,65.34,5,1985,104000,2019-05-29,,,,,,
양천구,11470,10100,신정동,326,11470-121,목동신시가지12,,53.46,8,1988,78000,2019-05-25,,,,,,
양천구,11470,10100,신정동,327,11470-122,목동신시가지13,,53.9,6,1987,75300,2019-05-19,,,,,,
양천구,11470,10100,신정동,324-10,11470-183,동문굿모닝탑,,183.13,6,2003,103000,2019-05-28,,,,,,
양천구,11470,10100,신정동,326,11470-121,목동신시가지12,,71.64,4,1988,93000,2019-05-23,,,,,,
양천구,11470,10100,신정동,1291,11470-171,태영데시앙,,84.96,4,2002,47500,2019-05-27,,,,,,
양천구,11470,10200,목동,907-14,11470-28,벽산미라지타워,,148.22,20,1999,105000,2019-05-13,,,,,,
양천구,11470,10300,신월동,217-8,11470-100,해주,,79.86,14,2001,30300,2019-05-29,,,,,,
양천구,11470,10200,목동,752-1,11470-4,극동늘푸른,,84.21,14,1998,70500,2019-05-26,,,,,,
양천구,11470,10100,신정동,312,11470-125,목동신시가지9,,106.93,5,1987,137800,2019-05-10,,,,,,
양천구,11470,10100,신정동,327,11470-122,목동신시가지13,,70.73,8,1987,94500,2019-05-20,,,,,,
양천구,11470,10100,신정동,327,11470-122,목동신시가지13,,98.63,4,1987,126800,2019-05-27,,,,,,
양천구,11470,10200,목동,929,11470-46,목동청구한신아파트,,84.76,10,1997,94000,2019-05-25,,,,,,
양천구,11470,10200,목동,929,11470-46,목동청구한신아파트,,84.76,9,1997,92000,2019-05-01,,,,,,
양천구,11470,10100,신정동,1283,11470-151,푸른마을3,,59.91,7,2001,40000,2019-05-04,,,,,,
양천구,11470,10200,목동,902,11470-18,목동신시가지2,,97.92,13,1986,135000,2019-05-19,,,,,,
양천구,11470,10100,신정동,1317,11470-4601,이펜하우스4단지,,59.93,5,2011,47900,2019-05-15,,,,,,
양천구,11470,10100,신정동,325,11470-120,목동신시가지11,,66.24,12,1988,84600,2019-05-18,,,,,,
양천구,11470,10300,신월동,1050,11470-4065,디아이빌102동,,83.79,3,2007,28300,2019-05-24,,,,,,
양천구,11470,10100,신정동,1303,11470-182,대림e-편한세상,,84.985,13,2004,63100,2019-05-20,,,,,,
양천구,11470,10300,신월동,1023,11470-361,벽산블루밍2단지,,59.822,1,2003,41000,2019-05-22,,,,,,
양천구,11470,10100,신정동,329,11470-123,목동신시가지14,,55.02,4,1987,73500,2019-05-18,,,,,,
양천구,11470,10200,목동,901,11470-17,목동신시가지1,,65.34,3,1985,105500,2019-05-29,,,,,,
양천구,11470,10100,신정동,311,11470-119,목동신시가지10,,106.06,2,1987,127000,2019-05-11,,,,,,
양천구,11470,10100,신정동,1198-3,11470-240,대성유니드2차,,59.95,9,2004,45000,2019-05-31,,,,,,
양천구,11470,10200,목동,758-2,11470-266,목동2차아이파크,,84.85,3,2004,82500,2019-05-06,,,,,,
양천구,11470,10200,목동,929,11470-46,목동청구한신아파트,,84.76,15,1997,96100,2019-05-23,,,,,,
양천구,11470,10100,신정동,314,11470-124,목동신시가지8,,54.94,9,1987,80000,2019-05-16,,,,,,
양천구,11470,10200,목동,904,11470-20,목동신시가지4,,95.67,2,1986,137500,2019-05-30,,,,,,
양천구,11470,10200,목동,956,11470-206,롯데캐슬위너,,114.75,11,2005,89900,2019-05-02,,,,,,
양천구,11470,10100,신정동,326,11470-121,목동신시가지12,,56.76,5,1988,72000,2019-05-15,,,,,,
양천구,11470,10200,목동,714-1,11470-262,두란,,82.58,3,1996,30000,2019-05-23,,,,,,
양천구,11470,10200,목동,902,11470-18,목동신시가지2,,65.82,14,1986,104500,2019-05-13,,,,,,
양천구,11470,10100,신정동,311,11470-119,목동신시가지10,,70.2,13,1987,92000,2019-05-28,,,,,,
양천구,11470,10100,신정동,311,11470-119,목동신시가지10,,105.58,3,1987,128000,2019-05-28,,,,,,
양천구,11470,10200,목동,925,11470-23,목동신시가지7,,101.2,5,1986,162500,2019-05-16,,,,,,
양천구,11470,10100,신정동,326,11470-121,목동신시가지12,,71.64,15,1988,89100,2019-05-11,,,,,,
양천구,11470,10100,신정동,1322,11470-4576,이펜하우스2단지,,84.51,4,2011,52000,2019-05-18,,,,,,
양천구,11470,10200,목동,911,11470-22,목동신시가지6,,115.19,5,1986,165000,2019-05-27,,,,,,
양천구,11470,10300,신월동,987-1,11470-83,신월시영,,59.49,3,1988,41200,2019-05-31,,,,,,
양천구,11470,10300,신월동,533-1,11470-65,신월동금용,,59.99,2,1998,28000,2019-05-31,,,,,,
양천구,11470,10200,목동,941,11470-204,대원칸타빌2,,84.98,9,2003,85000,2019-05-29,,,,,,
양천구,11470,10300,신월동,987-1,11470-83,신월시영,,50.67,5,1988,33400,2019-05-29,,,,,,
양천구,11470,10200,목동,904,11470-20,목동신시가지4,,95.34,5,1986,133000,2019-05-04,,,,,,
양천구,11470,10100,신정동,1306,11470-4015,세양청마루,,84.98,11,2006,68000,2019-05-28,,,,,,
양천구,11470,10100,신정동,918-1,11470-161,삼백훼미리,,61.89,4,2002,25400,2019-05-28,,,,,,
양천구,11470,10100,신정동,314,11470-124,목동신시가지8,,54.94,18,1987,75000,2019-05-13,,,,,,
양천구,11470,10100,신정동,336,11470-147,청구,,84.99,3,1992,61000,2019-05-25,,,,,,
양천구,11470,10200,목동,750-5,11470-42,월드메르디앙,,84.1969,8,2001,55000,2019-05-13,,,,,,
양천구,11470,10200,목동,902,11470-18,목동신시가지2,,65.82,4,1986,98000,2019-05-14,,,,,,
양천구,11470,10300,신월동,109-1,11470-281,삼동,,84.95,7,1997,29500,2019-05-27,,,,,,
양천구,11470,10200,목동,948,11470-195,월드메르디앙2,,84.3,5,2003,70000,2019-05-25,,,,,,
양천구,11470,10200,목동,902,11470-18,목동신시가지2,,152.64,3,1986,190000,2019-05-14,,,,,,
양천구,11470,10300,신월동,1039,11470-345,신월2차보람쉬움,,59.43,13,2005,33000,2019-05-17,,,,,,
양천구,11470,10300,신월동,470-1,11470-292,대외,,93.22,3,2004,30850,2019-05-30,,,,,,
양천구,11470,10100,신정동,311,11470-119,목동신시가지10,,70.2,9,1987,89000,2019-05-10,,,,,,
양천구,11470,10100,신정동,311,11470-119,목동신시가지10,,70.2,7,1987,90000,2019-05-09,,,,,,
양천구,11470,10100,신정동,333,11470-117,대림,,84.89,12,1992,66700,2019-05-25,,,,,,
양천구,11470,10100,신정동,733-31,11470-135,수정,,48.6,5,1987,30500,2019-05-03,,,,,,
양천구,11470,10100,신정동,1276,11470-139,신트리3,,84.8,12,2000,62000,2019-05-29,,,,,,
양천구,11470,10100,신정동,314,11470-124,목동신시가지8,,71.77,19,1987,101000,2019-05-25,,,,,,
양천구,11470,10100,신정동,327,11470-122,목동신시가지13,,53.9,5,1987,74700,2019-05-30,,,,,,
양천구,11470,10100,신정동,314,11470-124,목동신시가지8,,54.94,5,1987,78000,2019-05-17,,,,,,
양천구,11470,10100,신정동,327,11470-122,목동신시가지13,,70.73,5,1987,92000,2019-05-18,,,,,,
양천구,11470,10100,신정동,311,11470-119,목동신시가지10,,105.58,7,1987,128000,2019-05-09,,,,,,
양천구,11470,10200,목동,903,11470-19,목동신시가지3,,64.98,14,1986,99000,2019-05-04,,,,,,
양천구,11470,10100,신정동,325,11470-120,목동신시가지11,,66.24,12,1988,86000,2019-05-24,,,,,,
양천구,11470,10100,신정동,311,11470-119,목동신시가지10,,53.82,6,1987,78000,2019-05-25,,,,,,
양천구,11470,10200,목동,903,11470-19,목동신시가지3,,116.12,7,1986,166000,2019-05-07,,,,,,
양천구,11470,10200,목동,925,11470-23,목동신시가지7,,101.2,11,1986,164000,2019-05-06,,,,,,
양천구,11470,10300,신월동,1033,11470-336,대성유니드,,84.3,9,2004,49600,2019-05-07,,,,,,
양천구,11470,10100,신정동,311,11470-119,목동신시가지10,,105.58,7,1987,130500,2019-05-11,,,,,,
양천구,11470,10100,신정동,1293,11470-153,학마을1단지,,49.99,8,2000,34900,2019-05-04,,,,,,
양천구,11470,10200,목동,534,11470-256,애드웰(534),,84.55,7,2004,46100,2019-05-01,,,,,,
양천구,11470,10200,목동,907-5,11470-14,목동가든스위트,,144.16,19,1999,99000,2019-05-17,,,,,,
양천구,11470,10100,신정동,326,11470-121,목동신시가지12,,71.64,2,1988,88300,2019-05-10,,,,,,
양천구,11470,10200,목동,743-21,11470-265,한일,,73.05,4,2004,34500,2019-05-23,,,,,,
양천구,11470,10200,목동,916,11470-187,현대하이페리온,,154.05,24,2003,192000,2019-05-14,,,,,,
양천구,11470,10200,목동,911,11470-22,목동신시가지6,,95.03,8,1986,145000,2019-05-26,,,,,,
양천구,11470,10100,신정동,1293,11470-153,학마을1단지,,49.99,12,2000,35200,2019-05-06,,,,,,
양천구,11470,10200,목동,907-12,11470-31,부영그린타운1,,133.36,7,1999,83000,2019-05-09,,,,,,
양천구,11470,10100,신정동,327,11470-122,목동신시가지13,,70.73,3,1987,93500,2019-05-01,,,,,,
양천구,11470,10100,신정동,311,11470-119,목동신시가지10,,70.2,11,1987,95500,2019-05-11,,,,,,
양천구,11470,10200,목동,912,11470-21,목동신시가지5,,65.08,11,1986,113000,2019-05-29,,,,,,
양천구,11470,10300,신월동,475,11470-79,서울가든,,81,3,1985,38000,2019-05-25,,,,,,
양천구,11470,10200,목동,902,11470-18,목동신시가지2,,122.31,3,1986,168000,2019-05-14,,,,,,
양천구,11470,10200,목동,905-22,11470-24,목동트윈빌,,156.64,6,2000,87500,2019-05-17,,,,,,
양천구,11470,10200,목동,929,11470-46,목동청구한신아파트,,84.77,7,1997,95000,2019-05-18,,,,,,
양천구,11470,10200,목동,912,11470-21,목동신시가지5,,95.22,2,1986,153000,2019-05-22,,,,,,
양천구,11470,10200,목동,903,11470-19,목동신시가지3,,64.98,6,1986,106000,2019-05-18,,,,,,
양천구,11470,10100,신정동,326,11470-121,목동신시가지12,,56.76,2,1988,75500,2019-05-14,,,,,,
양천구,11470,10200,목동,903,11470-19,목동신시가지3,,116.12,10,1986,165000,2019-05-07,,,,,,
양천구,11470,10200,목동,912,11470-21,목동신시가지5,,65.08,4,1986,105000,2019-05-13,,,,,,
양천구,11470,10200,목동,901,11470-17,목동신시가지1,,65.34,5,1985,100000,2019-05-02,,,,,,
양천구,11470,10100,신정동,312,11470-125,목동신시가지9,,126.02,4,1987,147500,2019-05-28,,,,,,
양천구,11470,10200,목동,929,11470-46,목동청구한신아파트,,84.77,4,1997,94000,2019-05-17,,,,,,
양천구,11470,10200,목동,902,11470-18,목동신시가지2,,97.92,1,1986,132000,2019-05-07,,,,,,
양천구,11470,10100,신정동,329,11470-123,목동신시가지14,,74.19,1,1987,90000,2019-05-04,,,,,,
양천구,11470,10200,목동,912,11470-21,목동신시가지5,,95.06,8,1986,150000,2019-05-15,,,,,,
양천구,11470,10100,신정동,1323,11470-5271,목동힐스테이트,,84.98,7,2016,113000,2019-05-18,,,,,,
양천구,11470,10100,신정동,1295,11470-172,목동2삼성래미안,,84.65,7,2001,78000,2019-05-24,,,,,,
양천구,11470,10200,목동,539-4,11470-56,목동효성,,84.87,10,2003,66700,2019-05-11,,,,,,
양천구,11470,10100,신정동,325,11470-120,목동신시가지11,,66.24,4,1988,82000,2019-05-09,,,,,,
양천구,11470,10200,목동,903,11470-19,목동신시가지3,,122.35,5,1986,167000,2019-05-03,,,,,,
양천구,11470,10100,신정동,1278,11470-132,목동삼성,,84.77,3,1996,76000,2019-05-04,,,,,,
양천구,11470,10100,신정동,325,11470-120,목동신시가지11,,51.48,15,1988,70000,2019-05-10,,,,,,
양천구,11470,10200,목동,903,11470-19,목동신시가지3,,95.74,3,1986,130000,2019-05-01,,,,,,
양천구,11470,10200,목동,904,11470-20,목동신시가지4,,48.69,4,1986,83000,2019-05-20,,,,,,
양천구,11470,10100,신정동,1281,11470-150,푸른마을2,,59.91,5,2001,39750,2019-05-25,,,,,,
양천구,11470,10300,신월동,1039,11470-345,신월2차보람쉬움,,59.43,6,2005,35500,2019-05-11,,,,,,
양천구,11470,10300,신월동,987-1,11470-83,신월시영,,43.2,6,1988,30500,2019-05-02,,,,,,
양천구,11470,10300,신월동,533-1,11470-65,신월동금용,,114.91,7,1998,45800,2019-05-09,,,,,,
양천구,11470,10100,신정동,327,11470-122,목동신시가지13,,98.63,6,1987,123500,2019-05-18,,,,,,
양천구,11470,10200,목동,903,11470-19,목동신시가지3,,95.03,5,1986,134500,2019-05-31,,,,,,
양천구,11470,10100,신정동,329,11470-123,목동신시가지14,,55.02,3,1987,72000,2019-05-17,,,,,,
양천구,11470,10200,목동,912,11470-21,목동신시가지5,,65.08,3,1986,108000,2019-05-30,,,,,,
양천구,11470,10100,신정동,314,11470-124,목동신시가지8,,105.35,8,1987,135000,2019-05-09,,,,,,
양천구,11470,10200,목동,912,11470-21,목동신시가지5,,83.47,1,1986,132000,2019-05-21,,,,,,
양천구,11470,10100,신정동,314,11470-124,목동신시가지8,,54.94,12,1987,79100,2019-05-31,,,,,,
양천구,11470,10100,신정동,329,11470-123,목동신시가지14,,55.02,2,1987,70000,2019-05-02,,,,,,
양천구,11470,10100,신정동,326,11470-121,목동신시가지12,,71.64,12,1988,92500,2019-05-02,,,,,,
양천구,11470,10100,신정동,1279,11470-128,목동현대3차,,71.16,17,1997,70800,2019-05-24,,,,,,
양천구,11470,10300,신월동,591-1,11470-85,신안약수,,84.56,1,1985,41000,2019-05-02,,,,,,
양천구,11470,10300,신월동,547-9,11470-315,당곡,,84.96,6,2002,34500,2019-05-18,,,,,,
양천구,11470,10100,신정동,1007-11,11470-233,이스타팰리스,,114.41,11,2004,62500,2019-05-07,,,,,,
양천구,11470,10100,신정동,325,11470-120,목동신시가지11,,51.48,14,1988,68000,2019-05-10,,,,,,
양천구,11470,10100,신정동,1293,11470-153,학마을1단지,,49.99,11,2000,33700,2019-05-11,,,,,,
양천구,11470,10300,신월동,987-1,11470-83,신월시영,,50.67,2,1988,32000,2019-05-21,,,,,,
양천구,11470,10200,목동,916,11470-187,현대하이페리온,,154.05,19,2003,193000,2019-05-03,,,,,,
양천구,11470,10200,목동,911,11470-22,목동신시가지6,,47.94,10,1986,80700,2019-05-28,,,,,,
양천구,11470,10100,신정동,1276,11470-139,신트리3,,84.97,7,2000,64500,2019-05-29,,,,,,
양천구,11470,10300,신월동,207-24,11470-64,금강,,59.4,2,1998,22800,2019-05-06,,,,,,
양천구,11470,10100,신정동,326,11470-121,목동신시가지12,,71.64,1,1988,87700,2019-05-01,,,,,,
양천구,11470,10300,신월동,1041,11470-3945,삼정그린뷰,,84.14,14,2005,44000,2019-05-03,,,,,,
양천구,11470,10200,목동,729-18,11470-179,목동휘버스II,,84.79,4,2004,48000,2019-05-18,,,,,,
양천구,11470,10300,신월동,1033,11470-336,대성유니드,,76,10,2004,44900,2019-05-03,,,,,,
양천구,11470,10300,신월동,1030,11470-333,방주기픈샘,,80.395,11,2004,40000,2019-05-22,,,,,,
양천구,11470,10300,신월동,446-2,11470-95,청솔,,59.31,7,2001,26000,2019-05-11,,,,,,
양천구,11470,10100,신정동,1296,11470-157,아이파크,,84.88,3,2002,99000,2019-05-20,,,,,,
양천구,11470,10200,목동,912,11470-21,목동신시가지5,,65.08,13,1986,105000,2019-05-04,,,,,,
양천구,11470,10300,신월동,1059,11470-4388,상진지오벨리,,84.98,9,2009,42000,2019-05-03,,,,,,
양천구,11470,10300,신월동,1035,11470-337,청성넥스빌,,84.26,2,2004,37500,2019-05-21,,,,,,
양천구,11470,10200,목동,911,11470-22,목동신시가지6,,95.03,8,1986,142000,2019-05-10,,,,,,
양천구,11470,10300,신월동,1001-6,11470-326,예지보금자리,,72.69,2,2004,27500,2019-05-29,,,,,,
양천구,11470,10200,목동,901,11470-17,목동신시가지1,,99.15,2,1985,136000,2019-05-29,,,,,,
양천구,11470,10200,목동,904,11470-20,목동신시가지4,,67.58,12,1986,106000,2019-05-03,,,,,,
양천구,11470,10300,신월동,1040,11470-3944,신월2차미소지움,,83.47,8,2005,51800,2019-05-21,,,,,,
양천구,11470,10100,신정동,337,11470-126,목동우성2,,84.96,10,2000,65000,2019-05-02,,,,,,
양천구,11470,10100,신정동,325,11470-120,목동신시가지11,,51.48,2,1988,70500,2019-05-08,,,,,,
양천구,11470,10200,목동,960,11470-3998,신한이모르젠,,52.26,11,2006,35800,2019-05-16,,,,,,
양천구,11470,10200,목동,908-34,11470-30,부영3,,238.31,13,2000,132000,2019-05-17,,,,,,
양천구,11470,10200,목동,549,11470-7,목동금호베스트빌,,58.86,4,2002,47000,2019-05-30,,,,,,
양천구,11470,10300,신월동,591-1,11470-85,신안약수,,68,10,1985,36500,2019-05-02,,,,,,
양천구,11470,10100,신정동,312,11470-125,목동신시가지9,,106.93,3,1987,136400,2019-05-04,,,,,,
양천구,11470,10200,목동,930,11470-48,현대,,83.16,14,1996,95000,2019-05-16,,,,,,
양천구,11470,10100,신정동,329,11470-123,목동신시가지14,,92.67,1,1987,118000,2019-05-01,,,,,,
양천구,11470,10200,목동,315-3,11470-49,삼도,,79.71,4,2000,34000,2019-05-25,,,,,,
양천구,11470,10300,신월동,1032,11470-335,신월동방원,,84.86,6,2004,36300,2019-05-07,,,,,,
양천구,11470,10200,목동,956,11470-206,롯데캐슬위너,,59.98,4,2005,67500,2019-05-03,,,,,,
양천구,11470,10300,신월동,591-1,11470-85,신안약수,,84.56,4,1985,38000,2019-05-31,,,,,,
양천구,11470,10100,신정동,327,11470-122,목동신시가지13,,98.63,9,1987,80000,2019-05-01,,,,,,
양천구,11470,10200,목동,911,11470-22,목동신시가지6,,95.03,10,1986,145000,2019-05-27,,,,,,
양천구,11470,10300,신월동,1055,11470-4743,신정두산위브,,75.63,2,2012,58000,2019-05-01,,,,,,
양천구,11470,10200,목동,755-1,11470-13,목4현대,,59.91,10,1997,49000,2019-05-10,,,,,,
양천구,11470,10200,목동,962-1,11470-4350,트라팰리스이스턴에비뉴,,112.33,30,2009,128000,2019-05-21,,,,,,
양천구,11470,10100,신정동,329,11470-123,목동신시가지14,,71.4,3,1987,93000,2019-05-18,,,,,,
양천구,11470,10300,신월동,533-1,11470-65,신월동금용,,114.91,5,1998,44000,2019-05-02,,,,,,
양천구,11470,10200,목동,925,11470-23,목동신시가지7,,53.88,4,1986,92000,2019-05-07,,,,,,
양천구,11470,10100,신정동,326,11470-121,목동신시가지12,,53.46,12,1988,73000,2019-05-25,,,,,,
양천구,11470,10200,목동,961,11470-4045,하이페리온2,,155.586,17,2006,160000,2019-05-15,,,,,,
양천구,11470,10300,신월동,1032,11470-335,신월동방원,,84.86,10,2004,33000,2019-05-23,,,,,,
양천구,11470,10200,목동,932,11470-38,목동현대1,,84.9,12,1997,110000,2019-05-25,,,,,,
양천구,11470,10100,신정동,329,11470-123,목동신시가지14,,55.02,1,1987,65000,2019-05-17,,,,,,
양천구,11470,10200,목동,912,11470-21,목동신시가지5,,143.36,11,1986,191000,2019-05-17,,,,,,
양천구,11470,10100,신정동,311,11470-119,목동신시가지10,,70.2,8,1987,91500,2019-05-22,,,,,,
양천구,11470,10100,신정동,1277,11470-140,신트리4,,49.8,8,2000,37000,2019-05-16,,,,,,
양천구,11470,10200,목동,709-2,11470-35,성원2,,84.73,3,2000,60000,2019-05-10,,,,,,
양천구,11470,10200,목동,709-2,11470-35,성원2,,59.9,5,2000,42300,2019-05-07,,,,,,
양천구,11470,10200,목동,904,11470-20,목동신시가지4,,47.25,5,1986,83000,2019-05-10,,,,,,
양천구,11470,10300,신월동,1044,11470-4002,정은스카이빌(1044),,79.96,4,2006,37300,2019-05-11,,,,,,
양천구,11470,10100,신정동,334,11470-142,쌍용,,84.63,9,1992,59000,2019-05-13,,,,,,
양천구,11470,10200,목동,911,11470-22,목동신시가지6,,47.94,11,1986,81000,2019-05-14,,,,,,
양천구,11470,10200,목동,912,11470-21,목동신시가지5,,65.08,14,1986,108500,2019-05-14,,,,,,
양천구,11470,10100,신정동,1273,11470-137,신정현대5,,114.24,2,1999,65000,2019-05-13,,,,,,
양천구,11470,10100,신정동,312,11470-125,목동신시가지9,,106.39,2,1987,120000,2019-05-15,,,,,,
양천구,11470,10200,목동,911,11470-22,목동신시가지6,,115.19,11,1986,165000,2019-05-11,,,,,,
양천구,11470,10300,신월동,1042,11470-3959,삼익플라주,,74.529,7,2006,34000,2019-05-09,,,,,,
양천구,11470,10200,목동,902,11470-18,목동신시가지2,,65.25,6,1986,97000,2019-05-13,,,,,,
양천구,11470,10200,목동,962,11470-4349,트라팰리스웨스턴에비뉴,,124.95,12,2009,160000,2019-05-06,,,,,,
양천구,11470,10200,목동,752-1,11470-4,극동늘푸른,,59.91,2,1998,47500,2019-05-08,,,,,,
양천구,11470,10300,신월동,1060,11470-4729,동원데자뷰,,84.9375,10,2012,53000,2019-05-09,,,,,,
양천구,11470,10100,신정동,329,11470-123,목동신시가지14,,55.02,4,1987,74000,2019-05-11,,,,,,
양천구,11470,10100,신정동,325,11470-120,목동신시가지11,,66.24,10,1988,80000,2019-05-01,,,,,,
양천구,11470,10100,신정동,917-10,11470-341,장미,,74.03,1,1996,28500,2019-05-01,,,,,,
양천구,11470,10200,목동,736-4,11470-25,목화,,59.83,5,1996,28000,2019-05-01,,,,,,
양천구,11470,10300,신월동,136-8,11470-4299,우영아파트,,84.93,8,2008,32000,2019-05-07,,,,,,
양천구,11470,10200,목동,912,11470-21,목동신시가지5,,65.08,9,1986,80000,2019-05-09,,,,,,
양천구,11470,10200,목동,902,11470-18,목동신시가지2,,95.67,14,1986,130500,2019-05-02,,,,,,
양천구,11470,10200,목동,940,11470-190,현대I-PARK,,82.81,1,2003,76300,2019-05-02,,,,,,
강서구,11500,10900,방화동,831,11500-195,방화4단지,,100.35,10,1994,64000,2019-05-14,,,,,,
강서구,11500,10200,등촌동,632-4,11500-42,삼성한사랑1,,84.99,4,1997,57150,2019-05-20,,,,,,
강서구,11500,10300,화곡동,1145,11500-242,우장산롯데캐슬,,85,12,2003,70000,2019-05-26,,,,,,
강서구,11500,10900,방화동,819,11500-186,개화,,133.98,12,1994,63000,2019-05-27,,,,,,
강서구,11500,10300,화곡동,1165,11500-6919,강서힐스테이트,,128.81,12,2015,108000,2019-05-21,,,,,,
강서구,11500,10900,방화동,839,11500-193,방화그린,,39.76,12,1993,29000,2019-05-21,,,,,,
강서구,11500,10900,방화동,862,11500-215,한숲마을대림,,84.83,13,1999,47400,2019-05-29,,,,,,
강서구,11500,10200,등촌동,631-9,11500-34,대동황토방,,59.78,2,2000,46500,2019-05-30,,,,,,
강서구,11500,10400,가양동,1485,11500-149,가양6단지,,39.6,4,1992,41000,2019-05-25,,,,,,
강서구,11500,10300,화곡동,61-9,11500-310,명주캐슬(61-9),,67.57,1,2002,24200,2019-05-27,,,,,,
강서구,11500,10300,화곡동,343-44,11500-313,계명아파트나동,,75.12,4,2001,29000,2019-05-27,,,,,,
강서구,11500,10300,화곡동,1151,11500-350,우장산한화꿈에그린,,120.11,13,2004,70000,2019-05-31,,,,,,
강서구,11500,10300,화곡동,1091,11500-120,화곡푸르지오,,84.914,9,2002,72500,2019-05-28,,,,,,
강서구,11500,10500,마곡동,1589,11500-7244,마곡힐스테이트,,59.99,1,2017,81000,2019-05-23,,,,,,
강서구,11500,10900,방화동,839,11500-193,방화그린,,49.77,10,1993,35000,2019-05-20,,,,,,
강서구,11500,10500,마곡동,750,11500-6868,마곡엠벨리(14단지),,84.5,10,2014,95000,2019-05-25,,,,,,
강서구,11500,10300,화곡동,1159,11500-5419,"우장산아이파크,이편한세상",,84.97,15,2008,92000,2019-05-17,,,,,,
강서구,11500,10200,등촌동,688,11500-55,주공3,,58.14,5,1995,56700,2019-05-29,,,,,,
강서구,11500,10100,염창동,240-32,11500-3,금호타운,,59.88,4,1999,55000,2019-05-31,,,,,,
강서구,11500,10200,등촌동,655-27,11500-62,현대,,84.55,15,1995,53000,2019-05-22,,,,,,
강서구,11500,10500,마곡동,748,11500-7596,마곡13단지힐스테이트마스터,,84.9881,16,2017,104000,2019-05-17,,,,,,
강서구,11500,10500,마곡동,748,11500-7596,마곡13단지힐스테이트마스터,,84.9881,3,2017,99000,2019-05-03,,,,,,
강서구,11500,10400,가양동,1490,11500-150,가양도시개발9-2단지,,39.6,9,1993,37400,2019-05-22,,,,,,
강서구,11500,10300,화곡동,1159,11500-5419,"우장산아이파크,이편한세상",,101.65,8,2008,98000,2019-05-29,,,,,,
강서구,11500,10500,마곡동,746-1,11500-7468,마곡엠밸리12단지,,59.99,7,2016,82300,2019-05-29,,,,,,
강서구,11500,10500,마곡동,1467,11500-269,마곡우림필유아파트,,84.528,13,2003,60000,2019-05-24,,,,,,
강서구,11500,10300,화곡동,1159,11500-5419,"우장산아이파크,이편한세상",,84.97,18,2008,90000,2019-05-21,,,,,,
강서구,11500,10300,화곡동,920-15,11500-7595,남광아파트,,32.07,11,2017,21000,2019-05-10,,,,,,
강서구,11500,10400,가양동,1461,11500-151,가양2단지(성지),,39.6,8,1992,35000,2019-05-29,,,,,,
강서구,11500,10300,화곡동,1111-3,11500-6624,경동엠파이어스테이트,,18.915,8,2012,13000,2019-05-13,,,,,,
강서구,11500,10400,가양동,1485,11500-149,가양6단지,,49.5,12,1992,52000,2019-05-27,,,,,,
강서구,11500,10300,화곡동,1011-6,11500-139,희훈리치파크,,84.64,4,2002,55000,2019-05-20,,,,,,
강서구,11500,10400,가양동,1485,11500-149,가양6단지,,39.6,15,1992,42000,2019-05-25,,,,,,
강서구,11500,10500,마곡동,1171,11500-199,마곡현대아파트,,84.95,2,1999,50500,2019-05-24,,,,,,
강서구,11500,10300,화곡동,401-2,11500-243,천우(401-2),,82.2,4,2003,35500,2019-05-22,,,,,,
강서구,11500,10200,등촌동,715,11500-263,등촌동아이파크,,84.9958,10,2004,72000,2019-05-24,,,,,,
강서구,11500,10900,방화동,831,11500-195,방화4단지,,100.35,15,1994,60000,2019-05-07,,,,,,
강서구,11500,10300,화곡동,1165,11500-6919,강서힐스테이트,,128.81,7,2015,109000,2019-05-31,,,,,,
강서구,11500,10200,등촌동,715,11500-263,등촌동아이파크,,165.8299,16,2004,96000,2019-05-09,,,,,,
강서구,11500,10300,화곡동,1165,11500-6919,강서힐스테이트,,119.63,12,2015,115000,2019-05-28,,,,,,
강서구,11500,10200,등촌동,676,11500-60,태진아름,,84.81,10,1995,55000,2019-05-28,,,,,,
강서구,11500,10300,화곡동,351-89,11500-101,중앙화곡하이츠,,74.16,7,1988,30500,2019-05-18,,,,,,
강서구,11500,10400,가양동,1485,11500-149,가양6단지,,49.5,3,1992,48500,2019-05-17,,,,,,
강서구,11500,10300,화곡동,1159,11500-5419,"우장산아이파크,이편한세상",,59.98,2,2008,67500,2019-05-27,,,,,,
강서구,11500,10200,등촌동,676,11500-60,태진아름,,59.94,4,1995,48800,2019-05-20,,,,,,
강서구,11500,10300,화곡동,351-89,11500-101,중앙화곡하이츠,,56.88,1,1988,24250,2019-05-18,,,,,,
강서구,11500,10300,화곡동,923-17,11500-333,효성A(923-17),,50.22,5,2002,16500,2019-05-06,,,,,,
강서구,11500,10300,화곡동,924-10,11500-6874,스카이(924-10),,35.3,6,2014,16500,2019-05-27,,,,,,
강서구,11500,10300,화곡동,924-1,11500-7875,리치아파트,,20.89,11,2018,22500,2019-05-29,,,,,,
강서구,11500,10300,화곡동,924-1,11500-7875,리치아파트,,19.81,12,2018,22500,2019-05-30,,,,,,
강서구,11500,10300,화곡동,924-1,11500-7875,리치아파트,,20.61,7,2018,22000,2019-05-30,,,,,,
강서구,11500,10300,화곡동,1145,11500-242,우장산롯데캐슬,,85,4,2003,73500,2019-05-25,,,,,,
강서구,11500,10500,마곡동,1467,11500-269,마곡우림필유아파트,,84.528,5,2003,60000,2019-05-07,,,,,,
강서구,11500,10500,마곡동,743-4,11500-6892,마곡엠밸리7단지,,114.86,2,2014,118500,2019-05-11,,,,,,
강서구,11500,10300,화곡동,1159,11500-5419,"우장산아이파크,이편한세상",,84.97,13,2008,84500,2019-05-18,,,,,,
강서구,11500,10400,가양동,1459,11500-152,동신대아,,101.97,7,1993,73000,2019-05-16,,,,,,
강서구,11500,10100,염창동,299,11500-466,강변힐스테이트,,84.99,15,2005,76800,2019-05-25,,,,,,
강서구,11500,10400,가양동,1459,11500-152,동신대아,,101.97,1,1993,64800,2019-05-02,,,,,,
강서구,11500,10900,방화동,872,11500-236,마곡드림힐,,59.4396,5,2003,38000,2019-05-21,,,,,,
강서구,11500,10900,방화동,579,11500-376,마곡 한진해모로,,59.92,2,2004,42900,2019-05-02,,,,,,
강서구,11500,10300,화곡동,409-248,11500-78,미성아파트(연립),,81.89,4,1987,35500,2019-05-17,,,,,,
강서구,11500,10400,가양동,1485,11500-149,가양6단지,,49.5,10,1992,51100,2019-05-23,,,,,,
강서구,11500,10100,염창동,245-1,11500-5247,이너스내안에201동,,84.74,9,2006,54000,2019-05-29,,,,,,
강서구,11500,10300,화곡동,1095-4,11500-6048,강서그랜드아이파크주상복합,,117.97,6,2010,72700,2019-05-31,,,,,,
강서구,11500,10400,가양동,1485,11500-149,가양6단지,,49.5,10,1992,50500,2019-05-25,,,,,,
강서구,11500,10400,가양동,1474,11500-147,대림경동아파트,,131.4,7,1993,76000,2019-05-08,,,,,,
강서구,11500,10200,등촌동,694,11500-35,대림,,89.975,15,1995,69500,2019-05-20,,,,,,
강서구,11500,10100,염창동,281-22,11500-465,염창1차한화꿈에그린,,84.93,9,2005,100000,2019-05-19,,,,,,
강서구,11500,10600,내발산동,749,11500-5547,마곡수명산파크5단지,,59.84,6,2008,60000,2019-05-24,,,,,,
강서구,11500,10400,가양동,1485,11500-149,가양6단지,,49.5,9,1992,51800,2019-05-22,,,,,,
강서구,11500,10300,화곡동,1091,11500-120,화곡푸르지오,,104.75,7,2002,72000,2019-05-07,,,,,,
강서구,11500,10900,방화동,874,11500-238,대림e-편한세상,,111.07,4,2003,66000,2019-05-14,,,,,,
강서구,11500,10300,화곡동,351-89,11500-101,중앙화곡하이츠,,56.88,8,1988,26400,2019-05-27,,,,,,
강서구,11500,10400,가양동,1490,11500-150,가양도시개발9-2단지,,49.5,5,1993,46500,2019-05-25,,,,,,
강서구,11500,10100,염창동,271-4,11500-5181,염창2차보람,,84.97,11,2005,62800,2019-05-30,,,,,,
강서구,11500,10200,등촌동,713,11500-229,대동황토방2,,80.93,11,2003,60800,2019-05-24,,,,,,
강서구,11500,10300,화곡동,1159,11500-5419,"우장산아이파크,이편한세상",,114.98,15,2008,105000,2019-05-20,,,,,,
강서구,11500,10300,화곡동,1159,11500-5419,"우장산아이파크,이편한세상",,59.98,9,2008,72000,2019-05-31,,,,,,
강서구,11500,10300,화곡동,1159,11500-5419,"우장산아이파크,이편한세상",,59.98,12,2008,74000,2019-05-11,,,,,,
강서구,11500,10300,화곡동,351-89,11500-101,중앙화곡하이츠,,74.16,5,1988,31000,2019-05-01,,,,,,
강서구,11500,10200,등촌동,642,11500-52,제일(코오롱),,84.83,6,1999,54000,2019-05-09,,,,,,
강서구,11500,10900,방화동,479-3,11500-268,통일(479-3),,47.6,7,2003,25000,2019-05-07,,,,,,
강서구,11500,10300,화곡동,1087,11500-241,화곡1차보람더하임,,80.76,4,2003,40000,2019-05-23,,,,,,
강서구,11500,10400,가양동,1485,11500-149,가양6단지,,58.65,12,1992,59000,2019-05-25,,,,,,
강서구,11500,10200,등촌동,634-2,11500-61,한사랑2삼성,,84.96,11,1999,62000,2019-05-25,,,,,,
강서구,11500,10100,염창동,288,11500-28,현대1,,84.19,5,1994,54500,2019-05-23,,,,,,
강서구,11500,10400,가양동,1461,11500-151,가양2단지(성지),,39.6,12,1992,39000,2019-05-07,,,,,,
강서구,11500,10500,마곡동,750,11500-6868,마곡엠벨리(14단지),,84.95,9,2014,97500,2019-05-17,,,,,,
강서구,11500,10500,마곡동,1181,11500-213,마곡청구아파트,,84.92,6,1998,53000,2019-05-24,,,,,,
강서구,11500,10600,내발산동,741,11500-5326,마곡수명산파크2단지,,84.53,10,2007,77000,2019-05-17,,,,,,
강서구,11500,10600,내발산동,741,11500-5326,마곡수명산파크2단지,,84.53,5,2007,74700,2019-05-30,,,,,,
강서구,11500,10300,화곡동,1145,11500-242,우장산롯데캐슬,,85,8,2003,74000,2019-05-25,,,,,,
강서구,11500,10900,방화동,796,11500-204,신동아,,59.4,14,1995,46000,2019-05-29,,,,,,
강서구,11500,10900,방화동,862,11500-215,한숲마을대림,,59.94,10,1999,38000,2019-05-29,,,,,,
강서구,11500,10600,내발산동,730,11500-226,길성그랑프리텔,,71.513,5,2003,50000,2019-05-02,,,,,,
강서구,11500,10600,내발산동,749,11500-5547,마곡수명산파크5단지,,59.84,3,2008,60000,2019-05-20,,,,,,
강서구,11500,10600,내발산동,756,11500-5741,마곡수명산파크7단지,,84.53,8,2008,62000,2019-05-18,,,,,,
강서구,11500,10300,화곡동,1149,11500-348,화곡보람,,59.24,6,2004,41000,2019-05-10,,,,,,
강서구,11500,10300,화곡동,56-29,11500-176,계명나동(56-29),,54.16,6,2002,17500,2019-05-24,,,,,,
강서구,11500,10900,방화동,814,11500-197,방화5,,49.77,9,1994,42700,2019-05-22,,,,,,
강서구,11500,10100,염창동,289,11500-21,신동아,,59.82,3,1995,44370,2019-05-17,,,,,,
강서구,11500,10500,마곡동,748,11500-7596,마곡13단지힐스테이트마스터,,59.9825,4,2017,85000,2019-05-01,,,,,,
강서구,11500,10300,화곡동,1145,11500-242,우장산롯데캐슬,,85,16,2003,70000,2019-05-02,,,,,,
강서구,11500,10300,화곡동,1165,11500-6919,강서힐스테이트,,59.99,15,2015,80500,2019-05-10,,,,,,
강서구,11500,10200,등촌동,710,11500-40,보람,,107.22,2,1999,55700,2019-05-08,,,,,,
강서구,11500,10600,내발산동,742,11500-5371,마곡수명산파크1단지,,84.75,9,2007,76000,2019-05-19,,,,,,
강서구,11500,10200,등촌동,632-4,11500-42,삼성한사랑1,,59.73,4,1997,44500,2019-05-01,,,,,,
강서구,11500,10900,방화동,861,11500-219,홍익아파트,,72.95,5,1999,25500,2019-05-25,,,,,,
강서구,11500,10300,화곡동,1091,11500-120,화곡푸르지오,,84.914,10,2002,71000,2019-05-15,,,,,,
강서구,11500,10200,등촌동,561-1,11500-71,대림e편한세상,,96.73,9,2002,63200,2019-05-31,,,,,,
강서구,11500,10600,내발산동,753,11500-5437,마곡수명산파크4단지,,59.84,12,2008,60000,2019-05-16,,,,,,
강서구,11500,10400,가양동,1461,11500-151,가양2단지(성지),,39.6,4,1992,36800,2019-05-21,,,,,,
강서구,11500,10400,가양동,1461,11500-151,가양2단지(성지),,39.6,14,1992,38000,2019-05-22,,,,,,
강서구,11500,10300,화곡동,924-10,11500-6874,스카이(924-10),,35.3,8,2014,18000,2019-05-14,,,,,,
강서구,11500,10300,화곡동,1165,11500-6919,강서힐스테이트,,59.99,5,2015,73000,2019-05-20,,,,,,
강서구,11500,10100,염창동,264-27,11500-17,삼성한아름,,84.89,4,1993,52800,2019-05-04,,,,,,
강서구,11500,10200,등촌동,716,11500-5108,등촌6차보람,,78.01,9,2005,49500,2019-05-27,,,,,,
강서구,11500,10300,화곡동,1140,11500-105,태영방송인,,84.93,12,2000,39000,2019-05-17,,,,,,
강서구,11500,10300,화곡동,351-89,11500-101,중앙화곡하이츠,,56.88,1,1988,22000,2019-05-03,,,,,,
강서구,11500,10500,마곡동,422,11500-158,신안,,59.98,8,1993,59000,2019-05-18,,,,,,
강서구,11500,10100,염창동,299,11500-466,강변힐스테이트,,84.99,13,2005,77000,2019-05-23,,,,,,
강서구,11500,10600,내발산동,657,11500-477,우장산힐스테이트,,84.98,15,2005,98800,2019-05-09,,,,,,
강서구,11500,10200,등촌동,695,11500-56,주공5,,37.67,2,1995,39900,2019-05-24,,,,,,
강서구,11500,10400,가양동,1460,11500-155,한강타운,,84.99,10,1993,73300,2019-05-01,,,,,,
강서구,11500,10200,등촌동,695,11500-56,주공5,,58.14,5,1995,57500,2019-05-29,,,,,,
강서구,11500,10600,내발산동,751,11500-5349,마곡수명산파크3단지,,84.76,11,2007,70700,2019-05-10,,,,,,
강서구,11500,10400,가양동,1475,11500-146,강변,,49.5,15,1992,51500,2019-05-27,,,,,,
강서구,11500,10900,방화동,875,11500-233,방화동동부센트레빌(875번지),,114.99,9,2003,69000,2019-05-28,,,,,,
강서구,11500,10200,등촌동,711,11500-69,월드메르디앙,,84.97,8,2002,60000,2019-05-01,,,,,,
강서구,11500,10200,등촌동,707,11500-57,"등촌7,8단지주공아파트",,41.85,13,1994,43300,2019-05-17,,,,,,
강서구,11500,10300,화곡동,1145,11500-242,우장산롯데캐슬,,85,17,2003,72500,2019-05-06,,,,,,
강서구,11500,10900,방화동,814,11500-197,방화5,,39.6,10,1994,33800,2019-05-03,,,,,,
강서구,11500,10100,염창동,57,11500-5202,지오빌,,143.2,8,2006,54000,2019-05-20,,,,,,
강서구,11500,10200,등촌동,707,11500-57,"등촌7,8단지주공아파트",,41.85,15,1994,40900,2019-05-12,,,,,,
강서구,11500,10300,화곡동,920-15,11500-7595,남광아파트,,32.07,6,2017,21000,2019-05-13,,,,,,
강서구,11500,10300,화곡동,894-9,11500-6647,은하센트리움,,30.84,4,2013,18350,2019-05-11,,,,,,
강서구,11500,10800,공항동,1374,11500-5851,공항동부센트레빌,,77.26,12,2009,59000,2019-05-07,,,,,,
강서구,11500,10200,등촌동,570-11,11500-5263,정우아파트(570-11),,83.31,5,2004,30000,2019-05-13,,,,,,
강서구,11500,10200,등촌동,642,11500-52,제일(코오롱),,84.83,17,1999,52500,2019-05-28,,,,,,
강서구,11500,10400,가양동,1490,11500-150,가양도시개발9-2단지,,49.5,14,1993,50000,2019-05-31,,,,,,
강서구,11500,10300,화곡동,354-54,11500-111,화곡동복지,,53.94,2,1974,11490,2019-05-07,,,,,,
강서구,11500,10300,화곡동,1159,11500-5419,"우장산아이파크,이편한세상",,59.98,13,2008,71800,2019-05-07,,,,,,
강서구,11500,10200,등촌동,688,11500-55,주공3,,37.67,10,1995,44000,2019-05-23,,,,,,
강서구,11500,10500,마곡동,748,11500-7596,마곡13단지힐스테이트마스터,,59.9825,8,2017,85000,2019-05-15,,,,,,
강서구,11500,10300,화곡동,981-1,11500-5227,서광프리메라,,84.37,6,2006,41500,2019-05-17,,,,,,
강서구,11500,10300,화곡동,361-1,11500-76,대림e편한세상,,84.84,11,1992,49800,2019-05-13,,,,,,
강서구,11500,10300,화곡동,379-58,11500-323,"대성3,4호(379-58,나동)",,61.56,6,2002,17900,2019-05-21,,,,,,
강서구,11500,10500,마곡동,1535,11500-6594,마곡일성트루엘아파트,,84.958,3,2013,78600,2019-05-17,,,,,,
강서구,11500,10100,염창동,288,11500-28,현대1,,84.34,9,1994,57700,2019-05-11,,,,,,
강서구,11500,10600,내발산동,695,11500-365,내츄럴1차,,76.98,5,2004,39500,2019-05-15,,,,,,
강서구,11500,10600,내발산동,749,11500-5547,마곡수명산파크5단지,,59.76,5,2008,59700,2019-05-02,,,,,,
강서구,11500,10300,화곡동,105-502,11500-240,까치산(102동),,95.52,4,2003,32500,2019-05-22,,,,,,
강서구,11500,10900,방화동,889,11500-5285,방화3차태승훼미리,,84.61,10,2007,42000,2019-05-21,,,,,,
강서구,11500,10900,방화동,814,11500-197,방화5,,49.77,8,1994,46000,2019-05-01,,,,,,
강서구,11500,10500,마곡동,751,11500-6867,마곡엠벨리(15단지),,84.95,12,2014,95000,2019-05-07,,,,,,
강서구,11500,10100,염창동,306,11500-5933,염창힐스테이트,,84.748,8,2009,79500,2019-05-06,,,,,,
강서구,11500,10300,화곡동,392-58,11500-5118,에이원,,49.81,2,2005,20700,2019-05-30,,,,,,
강서구,11500,10300,화곡동,919-1,11500-332,유림노르웨이숲(919-1),,64.05,6,2004,33000,2019-05-13,,,,,,
강서구,11500,10900,방화동,619-7,11500-6675,AirPalace(619-7),,14.1,8,2013,9550,2019-05-01,,,,,,
강서구,11500,10400,가양동,1500,11500-6753,강서한강자이,,127.1094,6,2013,101000,2019-05-21,,,,,,
강서구,11500,10400,가양동,1500,11500-6753,강서한강자이,,59.9382,5,2013,73000,2019-05-21,,,,,,
강서구,11500,10400,가양동,1500,11500-6753,강서한강자이,,59.9382,9,2013,71700,2019-05-15,,,,,,
강서구,11500,10200,등촌동,715,11500-263,등촌동아이파크,,84.9958,13,2004,73300,2019-05-14,,,,,,
강서구,11500,10100,염창동,302,11500-5206,염창2차한화꿈에그린,,59.99,12,2006,62250,2019-05-28,,,,,,
강서구,11500,10300,화곡동,1087,11500-241,화곡1차보람더하임,,80.26,3,2003,39000,2019-05-10,,,,,,
강서구,11500,10100,염창동,282,11500-18,삼정그린코아,,113.505,1,2001,77500,2019-05-28,,,,,,
강서구,11500,10300,화곡동,915-26,11500-6657,한신베네스트아파트,,57.67,10,2012,25500,2019-05-28,,,,,,
강서구,11500,10400,가양동,1475,11500-146,강변,,34.44,2,1992,33000,2019-05-09,,,,,,
강서구,11500,10200,등촌동,655-27,11500-62,현대,,84.62,11,1995,54650,2019-05-10,,,,,,
강서구,11500,10400,가양동,1490,11500-150,가양도시개발9-2단지,,49.5,12,1993,48900,2019-05-18,,,,,,
강서구,11500,10900,방화동,567-4,11500-375,삼정코아,,83.23,7,2004,40500,2019-05-15,,,,,,
강서구,11500,10100,염창동,288,11500-28,현대1,,84.34,8,1994,58000,2019-05-06,,,,,,
강서구,11500,10900,방화동,286-1,11500-214,한미(286-1),,40.02,3,1988,28500,2019-05-11,,,,,,
강서구,11500,10400,가양동,1485,11500-149,가양6단지,,49.5,10,1992,52400,2019-05-02,,,,,,
강서구,11500,10900,방화동,839,11500-193,방화그린,,39.76,5,1993,28800,2019-05-23,,,,,,
강서구,11500,10200,등촌동,570-10,11500-302,정우아파트,,102.37,1,2004,39800,2019-05-02,,,,,,
강서구,11500,10300,화곡동,1159,11500-5419,"우장산아이파크,이편한세상",,84.97,8,2008,85000,2019-05-13,,,,,,
강서구,11500,10900,방화동,814,11500-197,방화5,,33.18,8,1994,29800,2019-05-01,,,,,,
강서구,11500,10900,방화동,839,11500-193,방화그린,,33.6,12,1993,25800,2019-05-16,,,,,,
강서구,11500,10300,화곡동,919-1,11500-332,유림노르웨이숲(919-1),,76.23,4,2004,38700,2019-05-01,,,,,,
강서구,11500,10400,가양동,1475,11500-146,강변,,49.5,6,1992,49000,2019-05-10,,,,,,
강서구,11500,10900,방화동,804,11500-210,방화동진로아파트,,84.96,8,1994,46600,2019-05-10,,,,,,
강서구,11500,10900,방화동,579,11500-376,마곡 한진해모로,,59.92,5,2004,45150,2019-05-16,,,,,,
강서구,11500,10300,화곡동,1145,11500-242,우장산롯데캐슬,,85,7,2003,72000,2019-05-01,,,,,,
강서구,11500,10900,방화동,817,11500-194,동성,,64.65,9,1993,53500,2019-05-01,,,,,,
강서구,11500,10300,화곡동,1071-19,11500-6652,강서뉴타워,,82.04,13,2013,41000,2019-05-06,,,,,,
강서구,11500,10300,화곡동,1111-3,11500-6624,경동엠파이어스테이트,,14.315,6,2012,10500,2019-05-01,,,,,,
강서구,11500,10300,화곡동,1014-12,11500-338,은하수,,99.34,7,2004,42000,2019-05-15,,,,,,
강서구,11500,10600,내발산동,742,11500-5371,마곡수명산파크1단지,,84.75,5,2007,73000,2019-05-04,,,,,,
강서구,11500,10200,등촌동,707,11500-57,"등촌7,8단지주공아파트",,41.85,5,1994,39500,2019-05-03,,,,,,
강서구,11500,10400,가양동,235-4,11500-7916,마곡보타닉,,59.8,4,2019,50000,2019-05-09,,,,,,
강서구,11500,10400,가양동,235-4,11500-7916,마곡보타닉,,59.83,4,2019,50000,2019-05-09,,,,,,
강서구,11500,10600,내발산동,742,11500-5371,마곡수명산파크1단지,,84.82,8,2007,84600,2019-05-07,,,,,,
강서구,11500,10600,내발산동,742,11500-5371,마곡수명산파크1단지,,84.82,2,2007,81400,2019-05-07,,,,,,
강서구,11500,10900,방화동,814,11500-197,방화5,,39.6,3,1994,34000,2019-05-02,,,,,,
강서구,11500,10300,화곡동,1139,11500-103,초록,,59.34,3,1998,45000,2019-05-02,,,,,,
강서구,11500,10300,화곡동,1145,11500-242,우장산롯데캐슬,,177.86,6,2003,96000,2019-05-03,,,,,,
강서구,11500,10200,등촌동,702,11500-53,주공10,,37.67,9,1995,39200,2019-05-03,,,,,,
강서구,11500,10300,화곡동,354-54,11500-111,화곡동복지,,53.94,4,1974,16000,2019-05-05,,,,,,
구로구,11530,10700,개봉동,481,11530-91,현대,,59.94,16,2001,55000,2019-05-25,,,,,,
구로구,11530,10100,신도림동,646,11530-163,대림e-편한세상4,,117.74,2,2003,108000,2019-05-27,,,,,,
구로구,11530,10200,구로동,46,11530-3246,쌍용플래티넘노블,,124.11,19,2006,64000,2019-05-18,,,,,,
구로구,11530,10700,개봉동,322-12,11530-182,중앙힐,,67.44,4,2000,20000,2019-05-02,,,,,,
구로구,11530,10200,구로동,23,11530-24,우성(23),,64.4,5,1985,57500,2019-05-31,,,,,,
구로구,11530,10200,구로동,1058,11530-23,우성(1058),,84.38,9,1995,58500,2019-05-29,,,,,,
구로구,11530,10100,신도림동,642,11530-128,대림2,,59.88,10,2001,58500,2019-05-31,,,,,,
구로구,11530,10700,개봉동,476,11530-89,한마을,,84.57,11,1999,55000,2019-05-29,,,,,,
구로구,11530,10200,구로동,797-5,11530-596,(797-5),,33.12,2,1996,11000,2019-05-16,,,,,,
구로구,11530,10200,구로동,120,11530-7,대림우성2,,43.79,14,1987,31500,2019-05-27,,,,,,
구로구,11530,10200,구로동,685-222,11530-29,주공1,,84.87,3,1986,60000,2019-05-25,,,,,,
구로구,11530,10600,고척동,336,11530-180,삼환로즈빌,,59.998,15,2004,51750,2019-05-29,,,,,,
구로구,11530,10600,고척동,323,11530-50,그랜드,,57.74,6,1997,24000,2019-05-11,,,,,,
구로구,11530,10100,신도림동,642,11530-128,대림2,,84.95,5,2001,73500,2019-05-30,,,,,,
구로구,11530,10700,개봉동,478,11530-90,한진,,59.95,17,2000,36000,2019-05-30,,,,,,
구로구,11530,10600,고척동,76-55,11530-61,"우성,현대아파트",,68.7,11,1987,40000,2019-05-30,,,,,,
구로구,11530,10700,개봉동,492,11530-3798,개봉푸르지오,,84.88,4,2014,58000,2019-05-28,,,,,,
구로구,11530,10200,구로동,685-124,11530-30,중앙하이츠,,79.97,3,1987,49600,2019-05-21,,,,,,
구로구,11530,10600,고척동,339,11530-3373,고척파크푸르지오,,59.89,8,2009,59500,2019-05-14,,,,,,
구로구,11530,10700,개봉동,492,11530-3798,개봉푸르지오,,59.86,10,2014,53000,2019-05-20,,,,,,
구로구,11530,10200,구로동,685-70,11530-39,현대연예인,,84.91,7,1989,53400,2019-05-30,,,,,,
구로구,11530,10700,개봉동,492,11530-3798,개봉푸르지오,,84.94,21,2014,60500,2019-05-04,,,,,,
구로구,11530,10200,구로동,1287,11530-3509,구로지웰,,59.651,4,2011,42000,2019-05-19,,,,,,
구로구,11530,10100,신도림동,642,11530-127,대림1,,84.95,25,1999,70000,2019-05-28,,,,,,
구로구,11530,10600,고척동,333,11530-65,하이리빙,,79.54,3,2002,27400,2019-05-24,,,,,,
구로구,11530,10200,구로동,108-2,11530-15,새솔금호,,59.9,18,1996,35000,2019-05-08,,,,,,
구로구,11530,10200,구로동,256-1,11530-171,삼성래미안,,58.136,6,2004,54500,2019-05-23,,,,,,
구로구,11530,10200,구로동,743-8,11530-324,(743-8),,38.76,5,1988,11700,2019-05-14,,,,,,
구로구,11530,10600,고척동,57-9,11530-53,산업인,,47.23,5,1976,18500,2019-05-06,,,,,,
구로구,11530,10700,개봉동,199-4,11530-78,림괄,,55.65,5,1988,35000,2019-05-30,,,,,,
구로구,11530,10700,개봉동,199-4,11530-78,림괄,,55.65,3,1988,35000,2019-05-31,,,,,,
구로구,11530,10100,신도림동,643,11530-130,동아1,,84.908,8,1999,80000,2019-05-20,,,,,,
구로구,11530,10200,구로동,1256,11530-138,구로현대,,56.49,10,1992,40000,2019-05-30,,,,,,
구로구,11530,10100,신도림동,692,11530-3480,디큐브시티,,128.41,46,2011,125000,2019-05-02,,,,,,
구로구,11530,10200,구로동,685-70,11530-39,현대연예인,,84.91,14,1989,49500,2019-05-23,,,,,,
구로구,11530,10700,개봉동,489,11530-3213,개봉동현대아이파크,,84.98,9,2006,67000,2019-05-28,,,,,,
구로구,11530,10600,고척동,339,11530-3373,고척파크푸르지오,,59.89,2,2009,53000,2019-05-18,,,,,,
구로구,11530,10200,구로동,685-223,11530-137,주공2,,54.9,8,1987,54800,2019-05-31,,,,,,
구로구,11530,10600,고척동,57-9,11530-53,산업인,,47.01,1,1976,18300,2019-05-09,,,,,,
구로구,11530,10200,구로동,314,11530-2,극동,,90.98,6,1984,41000,2019-05-25,,,,,,
구로구,11530,10200,구로동,685-222,11530-29,주공1,,73.08,13,1986,59500,2019-05-03,,,,,,
구로구,11530,10200,구로동,1285,11530-3371,대림역경남아너스빌,,84.8382,5,2009,56300,2019-05-31,,,,,,
구로구,11530,10200,구로동,256-1,11530-171,삼성래미안,,56.036,9,2004,54800,2019-05-30,,,,,,
구로구,11530,10600,고척동,76-55,11530-61,"우성,현대아파트",,68.7,8,1987,38250,2019-05-16,,,,,,
구로구,11530,10700,개봉동,470,11530-80,삼환,,84.945,12,1995,45000,2019-05-07,,,,,,
구로구,11530,10600,고척동,326,11530-63,청구,,59.94,15,1999,35500,2019-05-09,,,,,,
구로구,11530,10200,구로동,1280,11530-3282,한신휴플러스(1280-0),,58.03,19,2007,55000,2019-05-24,,,,,,
구로구,11530,10200,구로동,256-1,11530-171,삼성래미안,,78.665,8,2004,67000,2019-05-20,,,,,,
구로구,11530,10100,신도림동,692,11530-3480,디큐브시티,,59.88,9,2011,78000,2019-05-22,,,,,,
구로구,11530,10800,오류동,343,11530-153,금강(343),,60.054,3,2003,46500,2019-05-18,,,,,,
구로구,11530,10600,고척동,306,11530-49,경남2,,59.96,14,1999,30900,2019-05-01,,,,,,
구로구,11530,10200,구로동,97-5,11530-3397,SR친오애,,84.973,9,2009,45000,2019-05-27,,,,,,
구로구,11530,10200,구로동,560,11530-18,신도림현대,,80.01,4,1994,56000,2019-05-25,,,,,,
구로구,11530,10100,신도림동,642,11530-128,대림2,,59.88,5,2001,60000,2019-05-25,,,,,,
구로구,11530,10100,신도림동,312-17,11530-139,우성1,,73.18,7,1992,63500,2019-05-16,,,,,,
구로구,11530,10800,오류동,343,11530-153,금강(343),,60.054,3,2003,46200,2019-05-31,,,,,,
구로구,11530,10800,오류동,343,11530-153,금강(343),,84.983,1,2003,53800,2019-05-29,,,,,,
구로구,11530,10800,오류동,46-1,11530-3146,이좋은집,,36.69,6,2005,19400,2019-05-06,,,,,,
구로구,11530,10200,구로동,110-4,11530-8,도림두산베어스타워,,82.73,11,1997,38000,2019-05-29,,,,,,
구로구,11530,10100,신도림동,642,11530-128,대림2,,134.99,23,2001,87500,2019-05-24,,,,,,
구로구,11530,10200,구로동,256-1,11530-171,삼성래미안,,78.665,15,2004,64800,2019-05-31,,,,,,
구로구,11530,10700,개봉동,478,11530-90,한진,,84.96,7,2000,49000,2019-05-25,,,,,,
구로구,11530,10200,구로동,642-9,11530-35,한신,,44.78,1,1988,33000,2019-05-01,,,,,,
구로구,11530,10800,오류동,335,11530-98,금강,,84.96,1,1996,29900,2019-05-03,,,,,,
구로구,11530,10200,구로동,1267,11530-17,신도림태영타운,,84.87,7,2000,70300,2019-05-18,,,,,,
구로구,11530,10700,개봉동,470,11530-80,삼환,,114.48,5,1995,48000,2019-05-01,,,,,,
구로구,11530,10600,고척동,321,11530-62,우성꿈동산,,71.66,3,1996,30000,2019-05-25,,,,,,
구로구,11530,10100,신도림동,290,11530-133,미성,,37.91,8,1987,29200,2019-05-14,,,,,,
구로구,11530,10200,구로동,108-2,11530-15,새솔금호,,59.9,13,1996,35000,2019-05-25,,,,,,
구로구,11530,10200,구로동,104-9,11530-43,성호메이플라워멤버스빌,,41.4,11,2002,19800,2019-05-22,,,,,,
구로구,11530,10800,오류동,347,11530-3225,오류동금호어울림,,59.87,1,2006,34200,2019-05-18,,,,,,
구로구,11530,10800,오류동,334,11530-103,라인,,84.36,3,1995,33700,2019-05-05,,,,,,
구로구,11530,10100,신도림동,642,11530-127,대림1,,59.9,4,1999,66500,2019-05-24,,,,,,
구로구,11530,10700,개봉동,47-1,11530-73,건영,,62.23,15,1994,28000,2019-05-23,,,,,,
구로구,11530,10200,구로동,685-124,11530-30,중앙하이츠,,79.97,9,1987,50000,2019-05-13,,,,,,
구로구,11530,10200,구로동,1267,11530-17,신도림태영타운,,101.74,9,2000,80000,2019-05-16,,,,,,
구로구,11530,10200,구로동,98-10,11530-3652,비즈트위트그린,,15.11,11,2012,10950,2019-05-23,,,,,,
구로구,11530,10800,오류동,356,11530-3734,다청림(356),,36.01,7,2013,23500,2019-05-13,,,,,,
구로구,11530,10100,신도림동,290,11530-133,미성,,83.67,7,1987,58000,2019-05-10,,,,,,
구로구,11530,10800,오류동,338,11530-102,동부골든,,71.06,18,1998,36900,2019-05-25,,,,,,
구로구,11530,10200,구로동,1257,11530-10,럭키,,71.4,6,1992,44500,2019-05-24,,,,,,
구로구,11530,10600,고척동,342,11530-3437,벽산베스트블루밍,,114.611,5,2010,73800,2019-05-30,,,,,,
구로구,11530,10200,구로동,1278,11530-3249,구로두산위브,,36.88,16,2006,33900,2019-05-18,,,,,,
구로구,11530,10200,구로동,1269,11530-31,중앙하이츠(1269),,82.3019,17,2001,57300,2019-05-14,,,,,,
구로구,11530,10800,오류동,338,11530-102,동부골든,,71.06,16,1998,35650,2019-05-20,,,,,,
구로구,11530,10700,개봉동,492,11530-3798,개봉푸르지오,,119.98,16,2014,67000,2019-05-13,,,,,,
구로구,11530,10700,개봉동,60-82,11530-72,거성푸르뫼2,,59.9,12,1994,26700,2019-05-05,,,,,,
구로구,11530,10700,개봉동,478,11530-90,한진,,84.96,1,2000,43500,2019-05-18,,,,,,
구로구,11530,10200,구로동,685-223,11530-137,주공2,,32.39,5,1987,34250,2019-05-08,,,,,,
구로구,11530,10600,고척동,334,11530-69,벽산,,84.878,23,2003,61000,2019-05-20,,,,,,
구로구,11530,10800,오류동,343,11530-153,금강(343),,60.054,2,2003,46500,2019-05-03,,,,,,
구로구,11530,10200,구로동,800-9,11530-244,현암B동,,43.02,1,1994,11200,2019-05-16,,,,,,
구로구,11530,10200,구로동,701-76,11530-37,현대로얄,,68.63,9,1987,29500,2019-05-02,,,,,,
구로구,11530,10700,개봉동,484,11530-95,고운아파트,,84.91,6,2002,34300,2019-05-05,,,,,,
구로구,11530,10200,구로동,440,11530-13,보광,,62.97,5,1984,45000,2019-05-18,,,,,,
구로구,11530,10800,오류동,334,11530-103,라인,,59.52,10,1995,29500,2019-05-08,,,,,,
구로구,11530,10700,개봉동,478,11530-90,한진,,59.95,17,2000,36000,2019-05-18,,,,,,
구로구,11530,10700,개봉동,478,11530-90,한진,,59.95,11,2000,38000,2019-05-06,,,,,,
구로구,11530,10700,개봉동,481,11530-91,현대,,59.94,5,2001,53500,2019-05-02,,,,,,
구로구,11530,10100,신도림동,290,11530-133,미성,,37.91,12,1987,29000,2019-05-20,,,,,,
구로구,11530,10200,구로동,1281,11530-3214,한일유앤아이,,84.962,11,2006,49000,2019-05-11,,,,,,
구로구,11530,10100,신도림동,646,11530-163,대림e-편한세상4,,117.74,16,2003,112000,2019-05-16,,,,,,
구로구,11530,10800,오류동,347,11530-3225,오류동금호어울림,,59.87,9,2006,37900,2019-05-15,,,,,,
구로구,11530,10200,구로동,256-1,11530-171,삼성래미안,,78.665,12,2004,69000,2019-05-15,,,,,,
구로구,11530,10200,구로동,1256,11530-138,구로현대,,56.49,1,1992,36000,2019-05-11,,,,,,
구로구,11530,10200,구로동,1280,11530-3282,한신휴플러스(1280-0),,58.03,6,2007,53400,2019-05-23,,,,,,
구로구,11530,10200,구로동,1259,11530-1,구일우성,,59.44,10,1998,39000,2019-05-17,,,,,,
구로구,11530,10600,고척동,97-3,11530-167,삼명,,43.74,4,1977,19000,2019-05-15,,,,,,
구로구,11530,10200,구로동,749-99,11530-1198,(749-99),,46.47,5,1998,11000,2019-05-06,,,,,,
구로구,11530,10600,고척동,336,11530-180,삼환로즈빌,,59.998,2,2004,46000,2019-05-03,,,,,,
구로구,11530,10200,구로동,800-22,11530-246,800-22,,46.41,4,2001,13300,2019-05-18,,,,,,
구로구,11530,10100,신도림동,646,11530-163,대림e-편한세상4,,84.78,21,2003,102000,2019-05-11,,,,,,
구로구,11530,10200,구로동,256-1,11530-171,삼성래미안,,78.665,1,2004,57200,2019-05-18,,,,,,
구로구,11530,11200,항동,233,11530-193,현대홈타운스위트,,84.9852,1,2004,42800,2019-05-08,,,,,,
구로구,11530,10200,구로동,256-1,11530-171,삼성래미안,,78.665,17,2004,63500,2019-05-10,,,,,,
구로구,11530,10200,구로동,771-2,11530-476,(771-2),,59.42,4,1996,18300,2019-05-01,,,,,,
구로구,11530,10200,구로동,792-54,11530-539,(792-54),,32.47,5,1996,8950,2019-05-03,,,,,,
구로구,11530,11100,천왕동,281,11530-3775,천왕연지타운2단지,,84.98,13,2014,60000,2019-05-25,,,,,,
구로구,11530,11100,천왕동,281,11530-3775,천왕연지타운2단지,,84.98,6,2014,58700,2019-05-18,,,,,,
구로구,11530,10200,구로동,749-13,11530-417,선진빌라,,59.76,3,1997,14000,2019-05-20,,,,,,
구로구,11530,10800,오류동,335,11530-98,금강,,84.96,6,1996,32000,2019-05-11,,,,,,
구로구,11530,10200,구로동,642-9,11530-35,한신,,35.277,7,1988,26900,2019-05-22,,,,,,
구로구,11530,10200,구로동,642-46,11530-22,우방,,84.9,6,1993,45300,2019-05-20,,,,,,
구로구,11530,10200,구로동,685-222,11530-29,주공1,,83.805,15,1986,64000,2019-05-15,,,,,,
구로구,11530,10700,개봉동,476,11530-89,한마을,,59.57,3,1999,45500,2019-05-06,,,,,,
구로구,11530,10200,구로동,106-2,11530-3957,대림역포스큐,,14.579,17,2015,11000,2019-05-29,,,,,,
구로구,11530,10200,구로동,685-70,11530-39,현대연예인,,84.91,11,1989,52300,2019-05-02,,,,,,
구로구,11530,10700,개봉동,470,11530-80,삼환,,59.4,1,1995,33900,2019-05-08,,,,,,
구로구,11530,10200,구로동,256-1,11530-171,삼성래미안,,110.188,5,2004,78700,2019-05-08,,,,,,
구로구,11530,10600,고척동,97-3,11530-167,삼명,,43.74,2,1977,19000,2019-05-09,,,,,,
구로구,11530,10200,구로동,685-222,11530-29,주공1,,83.87,8,1986,64500,2019-05-15,,,,,,
구로구,11530,10200,구로동,685-70,11530-39,현대연예인,,54.86,11,1989,38900,2019-05-01,,,,,,
구로구,11530,10200,구로동,46-5,11530-34,한스타워,,59.96,22,1996,23000,2019-05-26,,,,,,
구로구,11530,10200,구로동,685-223,11530-137,주공2,,64.62,10,1987,60000,2019-05-20,,,,,,
구로구,11530,10200,구로동,97,11530-3762,로제리움2차,,14.91,15,2014,13100,2019-05-15,,,,,,
구로구,11530,10700,개봉동,492,11530-3798,개봉푸르지오,,84.94,3,2014,57500,2019-05-09,,,,,,
구로구,11530,10200,구로동,685-124,11530-30,중앙하이츠,,79.97,10,1987,49700,2019-05-07,,,,,,
구로구,11530,10100,신도림동,695,11530-4297,신도림 아르디에,,18.95,4,2018,20450,2019-05-23,,,,,,
구로구,11530,10700,개봉동,489,11530-3213,개봉동현대아이파크,,84.98,17,2006,64500,2019-05-11,,,,,,
구로구,11530,10800,오류동,343,11530-153,금강(343),,60.054,3,2003,46500,2019-05-11,,,,,,
구로구,11530,10800,오류동,343,11530-153,금강(343),,84.983,5,2003,66000,2019-05-04,,,,,,
구로구,11530,10200,구로동,685-223,11530-137,주공2,,41.3,7,1987,40500,2019-05-09,,,,,,
구로구,11530,11100,천왕동,282,11530-3514,천왕이펜하우스1단지,,84.95,8,2011,61000,2019-05-17,,,,,,
구로구,11530,10800,오류동,346,11530-191,오류동푸르지오,,61.257,17,2004,48000,2019-05-06,,,,,,
구로구,11530,11100,천왕동,282,11530-3514,천왕이펜하우스1단지,,84.95,7,2011,59800,2019-05-03,,,,,,
구로구,11530,10100,신도림동,642,11530-128,대림2,,59.88,8,2001,47000,2019-05-14,,,,,,
구로구,11530,10700,개봉동,175-8,11530-88,청실,,64.56,6,1987,32000,2019-05-17,,,,,,
구로구,11530,10200,구로동,1257,11530-10,럭키,,71.4,1,1992,43200,2019-05-16,,,,,,
구로구,11530,10200,구로동,98-10,11530-3652,비즈트위트그린,,15.11,14,2012,10950,2019-05-11,,,,,,
구로구,11530,10200,구로동,685-222,11530-29,주공1,,83.87,11,1986,64100,2019-05-04,,,,,,
구로구,11530,10200,구로동,104-9,11530-43,성호메이플라워멤버스빌,,31.75,10,2002,14800,2019-05-01,,,,,,
구로구,11530,10600,고척동,340-1,11530-3386,고척LIG리가2차,,84.91,12,2009,40100,2019-05-08,,,,,,
구로구,11530,10200,구로동,256-1,11530-171,삼성래미안,,56.036,11,2004,52000,2019-05-03,,,,,,
구로구,11530,10200,구로동,1265,11530-9,구로두산,,44.64,7,1998,31000,2019-05-13,,,,,,
구로구,11530,10700,개봉동,270-80,11530-70,거성,,47.52,1,1988,16500,2019-05-01,,,,,,
구로구,11530,10200,구로동,1273,11530-147,대림아르빌,,84.76,13,2003,50500,2019-05-13,,,,,,
구로구,11530,10600,고척동,57-9,11530-53,산업인,,48.04,3,1976,18500,2019-05-01,,,,,,
구로구,11530,10600,고척동,337,11530-3134,한일유앤아이,,84.726,11,2005,48500,2019-05-01,,,,,,
구로구,11530,10800,오류동,34-13,11530-3799,썬앤빌,,14.064,7,2014,9000,2019-05-03,,,,,,
구로구,11530,10200,구로동,104-6,11530-3700,그린플러스구로해담채2,,13.23,13,2013,10500,2019-05-07,,,,,,
구로구,11530,10700,개봉동,312-38,11530-74,길훈,,59.57,5,1988,17000,2019-05-03,,,,,,
금천구,11545,10200,독산동,962-32,11545-2525,명도힐스티지,,29.63,15,2019,28300,2019-05-29,,,,,,
금천구,11545,10200,독산동,962-32,11545-2525,명도힐스티지,,29.63,13,2019,28800,2019-05-21,,,,,,
금천구,11545,10200,독산동,1147,11545-2262,금천롯데캐슬골드파크1차,,101.8228,11,2016,93000,2019-05-24,,,,,,
금천구,11545,10200,독산동,1093-4,11545-22,한신아파트,,89.46,12,1991,44500,2019-05-22,,,,,,
금천구,11545,10200,독산동,1147,11545-2262,금천롯데캐슬골드파크1차,,84.4214,26,2016,82000,2019-05-28,,,,,,
금천구,11545,10200,독산동,962-32,11545-2525,명도힐스티지,,29.63,9,2019,28000,2019-05-28,,,,,,
금천구,11545,10200,독산동,962-32,11545-2525,명도힐스티지,,29.63,14,2019,28300,2019-05-28,,,,,,
금천구,11545,10200,독산동,1147,11545-2262,금천롯데캐슬골드파크1차,,84.8114,25,2016,89500,2019-05-26,,,,,,
금천구,11545,10200,독산동,962-32,11545-2525,명도힐스티지,,29.63,14,2019,28300,2019-05-28,,,,,,
금천구,11545,10200,독산동,962-32,11545-2525,명도힐스티지,,29.63,12,2019,28300,2019-05-28,,,,,,
금천구,11545,10200,독산동,962-32,11545-2525,명도힐스티지,,29.63,9,2019,28000,2019-05-28,,,,,,
금천구,11545,10300,시흥동,5-13,11545-41,삼익,,84.96,24,1999,41500,2019-05-15,,,,,,
금천구,11545,10300,시흥동,산173-8,11545-44,성지,,67.27,2,1986,35000,2019-05-13,,,,,,
금천구,11545,10300,시흥동,209,11545-51,현대(209),,82.53,16,1996,33900,2019-05-17,,,,,,
금천구,11545,10300,시흥동,1026,11545-1642,남서울힐스테이트,,84.677,11,2014,66500,2019-05-12,,,,,,
금천구,11545,10200,독산동,1147,11545-2262,금천롯데캐슬골드파크1차,,84.8114,26,2016,87500,2019-05-20,,,,,,
금천구,11545,10300,시흥동,1002-1,11545-36,럭키남서울아파트,,49.75,5,1981,40000,2019-05-25,,,,,,
금천구,11545,10200,독산동,711-2,11545-23,금천현대,,59.82,11,2002,41500,2019-05-18,,,,,,
금천구,11545,10200,독산동,1140,11545-108,독산동중앙하이츠빌,,84.8768,1,2004,45300,2019-05-31,,,,,,
금천구,11545,10200,독산동,1093-4,11545-22,한신아파트,,89.46,10,1991,41700,2019-05-28,,,,,,
금천구,11545,10200,독산동,1028,11545-29,대덕트윈빌,,59.56,1,2002,35000,2019-05-22,,,,,,
금천구,11545,10200,독산동,1141,11545-1410,서초파레스,,59.81,3,2005,35000,2019-05-20,,,,,,
금천구,11545,10200,독산동,1093-4,11545-22,한신아파트,,89.46,10,1991,40500,2019-05-04,,,,,,
금천구,11545,10300,시흥동,220-2,11545-52,현대(220-2),,49.14,5,1984,29500,2019-05-29,,,,,,
금천구,11545,10200,독산동,1139,11545-68,청광플러스원,,70.003,11,2003,38400,2019-05-03,,,,,,
금천구,11545,10200,독산동,962-32,11545-2525,명도힐스티지,,29.63,10,2019,28800,2019-05-16,,,,,,
금천구,11545,10300,시흥동,1010,11545-39,벽산,,114.84,9,2000,41000,2019-05-17,,,,,,
금천구,11545,10200,독산동,1144,11545-1560,독산동한양수자인,,68.161,10,2011,51000,2019-05-21,,,,,,
금천구,11545,10200,독산동,1133,11545-20,진도2차,,84.58,6,1997,41500,2019-05-23,,,,,,
금천구,11545,10200,독산동,1131,11545-9,라이프,,84.74,15,1996,45000,2019-05-21,,,,,,
금천구,11545,10200,독산동,1147,11545-2262,금천롯데캐슬골드파크1차,,71.39,12,2016,74500,2019-05-11,,,,,,
금천구,11545,10300,시흥동,5-13,11545-41,삼익,,84.96,16,1999,44000,2019-05-24,,,,,,
금천구,11545,10300,시흥동,962-8,11545-2427,백운한비치5,,55.39,6,2018,32000,2019-05-22,,,,,,
금천구,11545,10100,가산동,769,11545-2,두산,,84.9,16,1998,51600,2019-05-25,,,,,,
금천구,11545,10100,가산동,140-36,11545-1957,비즈트위트바이올렛5차,,12.19,11,2014,12200,2019-05-02,,,,,,
금천구,11545,10200,독산동,1147,11545-2262,금천롯데캐슬골드파크1차,,84.3963,16,2016,81000,2019-05-21,,,,,,
금천구,11545,10200,독산동,955,11545-27,신도브래뉴,,79.35,3,2002,50000,2019-05-04,,,,,,
금천구,11545,10300,시흥동,1026,11545-1642,남서울힐스테이트,,84.697,3,2014,67500,2019-05-20,,,,,,
금천구,11545,10200,독산동,1136,11545-21,진도3차아파트,,79.71,3,1999,42500,2019-05-11,,,,,,
금천구,11545,10200,독산동,1147,11545-2262,금천롯데캐슬골드파크1차,,84.3963,26,2016,85000,2019-05-24,,,,,,
금천구,11545,10200,독산동,1136,11545-21,진도3차아파트,,79.71,4,1999,43500,2019-05-29,,,,,,
금천구,11545,10200,독산동,1144,11545-1560,독산동한양수자인,,68.161,4,2011,49000,2019-05-31,,,,,,
금천구,11545,10300,시흥동,1002-1,11545-36,럭키남서울아파트,,41.22,8,1981,31000,2019-05-27,,,,,,
금천구,11545,10300,시흥동,1002-1,11545-36,럭키남서울아파트,,41.26,9,1981,29400,2019-05-11,,,,,,
금천구,11545,10300,시흥동,1002-1,11545-36,럭키남서울아파트,,49.75,3,1981,38000,2019-05-09,,,,,,
금천구,11545,10300,시흥동,1002-1,11545-36,럭키남서울아파트,,41.22,1,1981,28900,2019-05-03,,,,,,
금천구,11545,10300,시흥동,384-12,11545-34,남서울건영2,,41.34,9,1989,21700,2019-05-26,,,,,,
금천구,11545,10200,독산동,1140,11545-108,독산동중앙하이츠빌,,84.8768,9,2004,50500,2019-05-30,,,,,,
금천구,11545,10100,가산동,769,11545-2,두산,,59.84,7,1998,41000,2019-05-17,,,,,,
금천구,11545,10300,시흥동,1011,11545-63,우방,,59.91,11,2002,33900,2019-05-23,,,,,,
금천구,11545,10200,독산동,1093-4,11545-22,한신아파트,,89.46,9,1991,42200,2019-05-02,,,,,,
금천구,11545,10200,독산동,293-10,11545-8,독산현대,,83.73,16,1999,48800,2019-05-18,,,,,,
금천구,11545,10200,독산동,293-10,11545-8,독산현대,,83.73,3,1999,45800,2019-05-16,,,,,,
금천구,11545,10300,시흥동,962-8,11545-2427,백운한비치5,,57.99,7,2018,30000,2019-05-03,,,,,,
금천구,11545,10200,독산동,332-14,11545-5,계룡아파트,,59.34,10,1998,33300,2019-05-04,,,,,,
금천구,11545,10300,시흥동,1026,11545-1642,남서울힐스테이트,,59.973,9,2014,59300,2019-05-27,,,,,,
금천구,11545,10300,시흥동,791-40,11545-1745,SM엘루이,,84.99,3,2012,40800,2019-05-27,,,,,,
금천구,11545,10300,시흥동,798-64,11545-78,오성로얄,,158.2,5,2003,41500,2019-05-01,,,,,,
금천구,11545,10300,시흥동,1002-1,11545-36,럭키남서울아파트,,41.22,4,1981,30000,2019-05-25,,,,,,
금천구,11545,10100,가산동,769,11545-2,두산,,134.95,1,1998,54000,2019-05-13,,,,,,
금천구,11545,10300,시흥동,1017,11545-1440,관악산신도브래뉴,,84.8,1,2006,42000,2019-05-02,,,,,,
금천구,11545,10300,시흥동,1002-1,11545-36,럭키남서울아파트,,49.75,5,1981,39850,2019-05-17,,,,,,
금천구,11545,10100,가산동,769,11545-2,두산,,59.84,2,1998,39000,2019-05-17,,,,,,
금천구,11545,10300,시흥동,1010,11545-39,벽산,,114.84,15,2000,42300,2019-05-08,,,,,,
금천구,11545,10100,가산동,148-1,11545-1,덕산,,59.97,2,1995,28500,2019-05-10,,,,,,
금천구,11545,10200,독산동,962-32,11545-2525,명도힐스티지,,29.63,8,2019,28000,2019-05-28,,,,,,
금천구,11545,10300,시흥동,1002-1,11545-36,럭키남서울아파트,,49.75,9,1981,38500,2019-05-12,,,,,,
금천구,11545,10200,독산동,1147,11545-2262,금천롯데캐슬골드파크1차,,59.9935,25,2016,71000,2019-05-18,,,,,,
금천구,11545,10200,독산동,293-10,11545-8,독산현대,,58.72,10,1999,39000,2019-05-08,,,,,,
금천구,11545,10300,시흥동,1010,11545-39,벽산,,84.99,12,2000,35500,2019-05-22,,,,,,
금천구,11545,10300,시흥동,1012,11545-75,백운한비치,,78.1642,2,2003,38500,2019-05-17,,,,,,
금천구,11545,10300,시흥동,948,11545-42,삼일,,59.91,5,1997,18750,2019-05-06,,,,,,
금천구,11545,10200,독산동,1144,11545-1560,독산동한양수자인,,68.161,11,2011,49000,2019-05-15,,,,,,
금천구,11545,10200,독산동,1088,11545-17,독산주공14단지,,38.64,8,1990,22800,2019-05-17,,,,,,
금천구,11545,10300,시흥동,1013,11545-55,관악산벽산타운5,,114.84,15,2004,42800,2019-05-04,,,,,,
금천구,11545,10300,시흥동,1013,11545-55,관악산벽산타운5,,59.34,12,2004,31000,2019-05-04,,,,,,
금천구,11545,10200,독산동,1140,11545-108,독산동중앙하이츠빌,,84.8768,20,2004,46500,2019-05-09,,,,,,
금천구,11545,10200,독산동,1147,11545-2262,금천롯데캐슬골드파크1차,,59.9384,18,2016,70000,2019-05-28,,,,,,
금천구,11545,10200,독산동,711-2,11545-23,금천현대,,59.82,9,2002,36500,2019-05-31,,,,,,
금천구,11545,10200,독산동,1093-4,11545-22,한신아파트,,89.46,12,1991,42000,2019-05-13,,,,,,
금천구,11545,10100,가산동,769,11545-2,두산,,59.84,10,1998,41000,2019-05-10,,,,,,
금천구,11545,10100,가산동,769,11545-2,두산,,101.67,13,1998,55000,2019-05-13,,,,,,
금천구,11545,10300,시흥동,1015,11545-112,시흥베르빌,,81.16,10,2004,53500,2019-05-01,,,,,,
금천구,11545,10300,시흥동,1026,11545-1642,남서울힐스테이트,,84.677,15,2014,70000,2019-05-08,,,,,,
금천구,11545,10100,가산동,769,11545-2,두산,,84.9,25,1998,50000,2019-05-10,,,,,,
금천구,11545,10200,독산동,184-3,11545-25,아셈그린힐,,74.86,6,2002,32700,2019-05-13,,,,,,
금천구,11545,10300,시흥동,1013,11545-55,관악산벽산타운5,,84.97,19,2004,41750,2019-05-11,,,,,,
금천구,11545,10200,독산동,1069,11545-24,호정타워,,59.44,5,1993,25000,2019-05-02,,,,,,
금천구,11545,10200,독산동,1140,11545-108,독산동중앙하이츠빌,,84.8768,21,2004,51000,2019-05-02,,,,,,
금천구,11545,10300,시흥동,1013,11545-55,관악산벽산타운5,,84.97,10,2004,39800,2019-05-23,,,,,,
금천구,11545,10300,시흥동,384-12,11545-34,남서울건영2,,41.34,9,1989,21200,2019-05-02,,,,,,
금천구,11545,10300,시흥동,1013,11545-55,관악산벽산타운5,,59.34,13,2004,31500,2019-05-19,,,,,,
금천구,11545,10300,시흥동,1013,11545-55,관악산벽산타운5,,114.84,14,2004,47500,2019-05-17,,,,,,
금천구,11545,10100,가산동,769,11545-2,두산,,101.67,9,1998,54000,2019-05-17,,,,,,
금천구,11545,10300,시흥동,977-11,11545-92,칠성(3),,73.48,2,2003,31500,2019-05-20,,,,,,
금천구,11545,10300,시흥동,1026,11545-1642,남서울힐스테이트,,84.677,11,2014,67000,2019-05-02,,,,,,
금천구,11545,10300,시흥동,1014,11545-109,금광,,83.2925,1,2004,35700,2019-05-01,,,,,,
금천구,11545,10300,시흥동,209,11545-51,현대(209),,82.53,17,1996,30500,2019-05-08,,,,,,
금천구,11545,10300,시흥동,5-13,11545-41,삼익,,59.76,13,1999,32400,2019-05-04,,,,,,
금천구,11545,10300,시흥동,1015,11545-112,시흥베르빌,,81.16,1,2004,48000,2019-05-03,,,,,,
영등포구,11560,11400,당산동4가,30-1,11560-40,당산현대5차,,84.69,15,2000,85900,2019-05-27,,,,,,
영등포구,11560,12100,문래동3가,54,11560-60,문래자이,,84.98,10,2001,95000,2019-05-31,,,,,,
영등포구,11560,11000,여의도동,54,11560-23,진주,,48.26,5,1977,93000,2019-05-24,,,,,,
영등포구,11560,11400,당산동4가,30-1,11560-40,당산현대5차,,59.37,16,2000,68500,2019-05-30,,,,,,
영등포구,11560,12600,양평동2가,38-1,11560-84,삼성래미안,,84.69,1,1998,59950,2019-05-31,,,,,,
영등포구,11560,12100,문래동3가,54,11560-60,문래자이,,84.98,14,2001,101300,2019-05-27,,,,,,
영등포구,11560,12100,문래동3가,54,11560-60,문래자이,,121.53,24,2001,107000,2019-05-28,,,,,,
영등포구,11560,11000,여의도동,55-1,11560-28,대우트럼프월드Ⅰ,,192.21,13,2002,178000,2019-05-27,,,,,,
영등포구,11560,11000,여의도동,43-4,11560-1247,롯데캐슬아이비,,137.09,5,2005,120000,2019-05-30,,,,,,
영등포구,11560,11400,당산동4가,96,11560-1446,당산반도유보라팰리스,,157.87,9,2010,115500,2019-05-27,,,,,,
영등포구,11560,13300,대림동,887-1,11560-119,한신휴1차,,84.93,12,1998,52500,2019-05-25,,,,,,
영등포구,11560,11200,당산동2가,16-1,11560-152,당산대우,,45.55,5,1999,34000,2019-05-17,,,,,,
영등포구,11560,12900,양평동5가,76,11560-98,양평한신,,84.87,12,1996,79300,2019-05-25,,,,,,
영등포구,11560,13300,대림동,897-1,11560-129,한신휴2차,,59.89,16,1999,44500,2019-05-25,,,,,,
영등포구,11560,13200,신길동,4950,11560-2006,래미안에스티움,,59.95,4,2017,89500,2019-05-28,,,,,,
영등포구,11560,11000,여의도동,50,11560-20,시범,,118.12,1,1971,161000,2019-05-25,,,,,,
영등포구,11560,11000,여의도동,30-2,11560-15,삼부,,135.8,5,1975,183500,2019-05-20,,,,,,
영등포구,11560,11000,여의도동,61,11560-135,리첸시아,,195.88,40,2003,230000,2019-05-14,,,,,,
영등포구,11560,11000,여의도동,11-1,11560-19,순복음(초원),,66.94,14,1971,60000,2019-05-14,,,,,,
영등포구,11560,13300,대림동,1121,11560-1350,신대림자이1단지,,84.6,17,2007,69000,2019-05-17,,,,,,
영등포구,11560,12100,문래동3가,54,11560-60,문래자이,,84.98,3,2001,98000,2019-05-14,,,,,,
영등포구,11560,13200,신길동,897-1,11560-108,삼환,,59.53,21,1997,59400,2019-05-24,,,,,,
영등포구,11560,11000,여의도동,51,11560-16,삼익,,123.27,5,1974,130000,2019-05-22,,,,,,
영등포구,11560,11300,당산동3가,394,11560-32,삼익,,60.83,7,1979,64500,2019-05-16,,,,,,
영등포구,11560,11500,당산동5가,42,11560-138,당산삼성래미안4차,,84.94,7,2003,121000,2019-05-25,,,,,,
영등포구,11560,13200,신길동,2-3,11560-105,삼두,,42.12,10,1987,33500,2019-05-21,,,,,,
영등포구,11560,11000,여의도동,41,11560-10,대교,,133.65,2,1975,160000,2019-05-21,,,,,,
영등포구,11560,11000,여의도동,42,11560-26,한양,,149.52,4,1975,150000,2019-05-21,,,,,,
영등포구,11560,11000,여의도동,50,11560-20,시범,,118.12,4,1971,164000,2019-05-24,,,,,,
영등포구,11560,13300,대림동,650,11560-124,성원(650),,84.66,20,1995,56000,2019-05-15,,,,,,
영등포구,11560,11000,여의도동,47,11560-1369,여의도자이,,210.38,19,2008,230000,2019-05-15,,,,,,
영등포구,11560,11000,여의도동,41,11560-10,대교,,95.5,4,1975,127000,2019-05-20,,,,,,
영등포구,11560,11000,여의도동,50,11560-20,시범,,156.99,2,1971,198000,2019-05-23,,,,,,
영등포구,11560,11000,여의도동,21-1,11560-17,서울,,139.31,3,1976,239000,2019-05-29,,,,,,
영등포구,11560,11000,여의도동,50,11560-20,시범,,118.12,12,1971,151000,2019-05-28,,,,,,
영등포구,11560,13300,대림동,785-1,11560-132,현대1,,84.75,12,1992,51000,2019-05-25,,,,,,
영등포구,11560,13200,신길동,4518,11560-112,우성2,,53.24,3,1986,58000,2019-05-30,,,,,,
영등포구,11560,11000,여의도동,42,11560-26,한양,,109.42,1,1975,125000,2019-05-09,,,,,,
영등포구,11560,11700,당산동,376,11560-50,강변래미안,,108.15,6,2002,94000,2019-05-27,,,,,,
영등포구,11560,11000,여의도동,37,11560-13,미성,,92.56,13,1978,131000,2019-05-13,,,,,,
영등포구,11560,11700,당산동,171-19,11560-1246,드림시드,,82.17,8,2005,49800,2019-05-16,,,,,,
영등포구,11560,12900,양평동5가,76,11560-98,양평한신,,59.94,13,1996,58000,2019-05-27,,,,,,
영등포구,11560,12100,문래동3가,54,11560-60,문래자이,,147.34,8,2001,120000,2019-05-27,,,,,,
영등포구,11560,10100,영등포동,647,11560-2,영등포푸르지오,,84.84,2,2002,74500,2019-05-27,,,,,,
영등포구,11560,13200,신길동,4518,11560-112,우성2,,84.47,2,1986,77800,2019-05-23,,,,,,
영등포구,11560,11000,여의도동,54,11560-23,진주,,72,3,1977,110000,2019-05-22,,,,,,
영등포구,11560,11500,당산동5가,11-33,11560-165,당산디오빌,,29.23,5,2005,33000,2019-05-24,,,,,,
영등포구,11560,11000,여의도동,30,11560-12,목화,,89.92,2,1977,129000,2019-05-10,,,,,,
영등포구,11560,11700,당산동,121-41,11560-140,강변한솔그라치아,,94.66,5,2003,59500,2019-05-11,,,,,,
영등포구,11560,13300,대림동,650,11560-124,성원(650),,59.63,13,1995,44600,2019-05-31,,,,,,
영등포구,11560,11500,당산동5가,42,11560-138,당산삼성래미안4차,,84.94,18,2003,114600,2019-05-11,,,,,,
영등포구,11560,13300,대림동,785-1,11560-132,현대1,,84.75,13,1992,51500,2019-05-30,,,,,,
영등포구,11560,11000,여의도동,50,11560-20,시범,,156.99,6,1971,190000,2019-05-07,,,,,,
영등포구,11560,10100,영등포동,647,11560-2,영등포푸르지오,,84.84,15,2002,80000,2019-05-20,,,,,,
영등포구,11560,13200,신길동,4934,11560-107,삼성래미안,,114.87,13,2001,81700,2019-05-25,,,,,,
영등포구,11560,11400,당산동4가,30-1,11560-40,당산현대5차,,59.75,9,2000,74000,2019-05-30,,,,,,
영등포구,11560,12400,문래동6가,45,11560-75,현대2차,,59.85,7,1987,52000,2019-05-24,,,,,,
영등포구,11560,11300,당산동3가,565,11560-1689,당산계룡리슈빌3단지,,49.993,7,2014,60000,2019-05-31,,,,,,
영등포구,11560,12100,문래동3가,97,11560-1299,문래금호어울림,,84.97,6,2006,82000,2019-05-30,,,,,,
영등포구,11560,11800,도림동,821,11560-1665,영등포아트자이,,84.974,22,2014,87000,2019-05-27,,,,,,
영등포구,11560,12100,문래동3가,54,11560-60,문래자이,,121.53,19,2001,116500,2019-05-01,,,,,,
영등포구,11560,11000,여의도동,42,11560-26,한양,,149.52,8,1975,158000,2019-05-02,,,,,,
영등포구,11560,11400,당산동4가,99,11560-2004,당산롯데캐슬프레스티지,,84.98,15,2017,119000,2019-05-17,,,,,,
영등포구,11560,12100,문래동3가,54,11560-60,문래자이,,121.53,11,2001,115000,2019-05-26,,,,,,
영등포구,11560,13300,대림동,696,11560-131,우성1,,62.37,9,1985,47500,2019-05-11,,,,,,
영등포구,11560,12600,양평동2가,38-1,11560-84,삼성래미안,,59.4,4,1998,55800,2019-05-07,,,,,,
영등포구,11560,13200,신길동,4950,11560-2006,래미안에스티움,,84.97,15,2017,107500,2019-05-25,,,,,,
영등포구,11560,12200,문래동4가,43,11560-63,문래동삼환,,59.85,19,2001,51500,2019-05-29,,,,,,
영등포구,11560,13200,신길동,4934,11560-107,삼성래미안,,114.87,12,2001,76300,2019-05-20,,,,,,
영등포구,11560,11000,여의도동,54,11560-23,진주,,48.26,5,1977,90000,2019-05-10,,,,,,
영등포구,11560,11200,당산동2가,16-1,11560-152,당산대우,,45.55,6,1999,35500,2019-05-25,,,,,,
영등포구,11560,11000,여의도동,21-2,11560-8,공작,,91.97,4,1976,130000,2019-05-02,,,,,,
영등포구,11560,13200,신길동,4780,11560-1233,보라매경남아너스빌,,59.78,16,2005,68000,2019-05-27,,,,,,
영등포구,11560,13300,대림동,696,11560-131,우성1,,83.59,10,1985,55000,2019-05-02,,,,,,
영등포구,11560,11000,여의도동,61,11560-135,리첸시아,,147.71,36,2003,138000,2019-05-10,,,,,,
영등포구,11560,13200,신길동,4950,11560-2006,래미안에스티움,,84.97,4,2017,104500,2019-05-16,,,,,,
영등포구,11560,11000,여의도동,52,11560-21,은하,,121.52,1,1974,135000,2019-05-29,,,,,,
영등포구,11560,11000,여의도동,42,11560-26,한양,,149.52,4,1975,165000,2019-05-10,,,,,,
영등포구,11560,12900,양평동5가,76,11560-98,양평한신,,59.94,5,1996,56000,2019-05-13,,,,,,
영등포구,11560,11000,여의도동,21-2,11560-8,공작,,125.75,3,1976,160000,2019-05-02,,,,,,
영등포구,11560,11000,여의도동,30-2,11560-15,삼부,,106.38,8,1975,174000,2019-05-01,,,,,,
영등포구,11560,12300,문래동5가,1,11560-65,문래대림,,59.96,17,2000,49950,2019-05-16,,,,,,
영등포구,11560,11000,여의도동,47,11560-1369,여의도자이,,163.64,34,2008,197000,2019-05-22,,,,,,
영등포구,11560,12700,양평동3가,102,11560-157,우림루미아트,,84.92,2,2004,55000,2019-05-16,,,,,,
영등포구,11560,13200,신길동,4950,11560-2006,래미안에스티움,,59.95,9,2017,89000,2019-05-13,,,,,,
영등포구,11560,11100,당산동1가,16-1,11560-29,진로,,59.4,4,1997,60000,2019-05-11,,,,,,
영등포구,11560,11000,여의도동,40-4,11560-27,화랑,,104.5,5,1977,129000,2019-05-29,,,,,,
영등포구,11560,13200,신길동,4780,11560-1233,보라매경남아너스빌,,59.78,12,2005,64300,2019-05-11,,,,,,
영등포구,11560,13000,양평동6가,99,11560-100,한솔,,59.28,7,1999,46000,2019-05-30,,,,,,
영등포구,11560,13200,신길동,364,11560-101,건영,,95.64,5,1985,76400,2019-05-31,,,,,,
영등포구,11560,13000,양평동6가,99,11560-100,한솔,,59.28,5,1999,43900,2019-05-06,,,,,,
영등포구,11560,11400,당산동4가,30-1,11560-40,당산현대5차,,84.69,15,2000,90000,2019-05-27,,,,,,
영등포구,11560,11500,당산동5가,7-2,11560-45,유원제일2차,,145.68,12,1984,120000,2019-05-31,,,,,,
영등포구,11560,11400,당산동4가,30-1,11560-40,당산현대5차,,84.69,5,2000,85000,2019-05-25,,,,,,
영등포구,11560,11000,여의도동,37,11560-13,미성,,92.56,1,1978,120000,2019-05-16,,,,,,
영등포구,11560,12500,양평동1가,20,11560-79,신동아,,61.59,1,1982,58000,2019-05-31,,,,,,
영등포구,11560,11000,여의도동,51,11560-16,삼익,,123.27,5,1974,134000,2019-05-27,,,,,,
영등포구,11560,13200,신길동,102-8,11560-114,우성4,,84.95,1,1991,58700,2019-05-03,,,,,,
영등포구,11560,13200,신길동,4950,11560-2006,래미안에스티움,,59.98,6,2017,87500,2019-05-07,,,,,,
영등포구,11560,13200,신길동,4501,11560-116,우창,,55.9,12,1983,54000,2019-05-06,,,,,,
영등포구,11560,13200,신길동,340-1,11560-110,신미,,57.56,5,1981,53500,2019-05-04,,,,,,
영등포구,11560,11000,여의도동,48,11560-136,대우트럼프월드II,,179.78,13,2003,178500,2019-05-23,,,,,,
영등포구,11560,13200,신길동,365,11560-111,우성1,,64.4,7,1986,58900,2019-05-14,,,,,,
영등포구,11560,13200,신길동,364,11560-101,건영,,60.27,4,1985,54500,2019-05-11,,,,,,
영등포구,11560,11800,도림동,221-1,11560-53,도림청구,,84.96,11,1997,60000,2019-05-04,,,,,,
영등포구,11560,10100,영등포동,647,11560-2,영등포푸르지오,,73.133,9,2002,70800,2019-05-30,,,,,,
영등포구,11560,11300,당산동3가,565,11560-1689,당산계룡리슈빌3단지,,49.993,12,2014,58500,2019-05-22,,,,,,
영등포구,11560,13200,신길동,67-1,11560-102,경남,,114.97,2,1999,77000,2019-05-08,,,,,,
영등포구,11560,12400,문래동6가,38-1,11560-72,문래베어스타운,,59.95,9,1997,57000,2019-05-16,,,,,,
영등포구,11560,11000,여의도동,36,11560-168,롯데캐슬엠파이어,,120.41,23,2005,133000,2019-05-03,,,,,,
영등포구,11560,13300,대림동,897-1,11560-129,한신휴2차,,59.89,17,1999,44000,2019-05-25,,,,,,
영등포구,11560,13200,신길동,4950,11560-2006,래미안에스티움,,84.97,16,2017,105000,2019-05-12,,,,,,
영등포구,11560,13000,양평동6가,100,11560-99,동양,,59.86,6,2000,50500,2019-05-31,,,,,,
영등포구,11560,11300,당산동3가,2-6,11560-34,당산한양,,73.87,10,1986,66000,2019-05-13,,,,,,
영등포구,11560,12000,문래동2가,35,11560-56,남성,,47.3,6,1983,33000,2019-05-10,,,,,,
영등포구,11560,12900,양평동5가,76,11560-98,양평한신,,59.94,10,1996,58000,2019-05-17,,,,,,
영등포구,11560,12100,문래동3가,77-2,11560-62,문래공원한신,,58.96,13,1988,59700,2019-05-30,,,,,,
영등포구,11560,12200,문래동4가,43,11560-63,문래동삼환,,59.85,14,2001,50000,2019-05-23,,,,,,
영등포구,11560,13200,신길동,4950,11560-2006,래미안에스티움,,59.95,15,2017,87000,2019-05-02,,,,,,
영등포구,11560,13200,신길동,65-21,11560-1639,프리가,,16.09,11,2013,13900,2019-05-31,,,,,,
영등포구,11560,13200,신길동,4934,11560-107,삼성래미안,,59.33,5,2001,53000,2019-05-27,,,,,,
영등포구,11560,13300,대림동,1123,11560-1398,한솔솔파크,,93.05,8,2008,64500,2019-05-21,,,,,,
영등포구,11560,13300,대림동,1122,11560-1351,신대림자이2단지,,84.9,9,2007,66800,2019-05-18,,,,,,
영등포구,11560,11500,당산동5가,12,11560-47,당산효성1차,,134.77,10,1999,105000,2019-05-22,,,,,,
영등포구,11560,11400,당산동4가,30-1,11560-40,당산현대5차,,59.75,3,2000,71000,2019-05-08,,,,,,
영등포구,11560,12100,문래동3가,94,11560-137,문래힐스테이트,,119.47,11,2003,106500,2019-05-25,,,,,,
영등포구,11560,10800,영등포동7가,46-1,11560-6,경남아너스빌,,59.9,21,1998,57000,2019-05-25,,,,,,
영등포구,11560,13200,신길동,4945,11560-1793,래미안영등포프레비뉴,,59.99,11,2015,83000,2019-05-06,,,,,,
영등포구,11560,13300,대림동,785-1,11560-132,현대1,,84.75,18,1992,50000,2019-05-09,,,,,,
영등포구,11560,13300,대림동,607-1,11560-127,코오롱,,84.93,16,1998,63000,2019-05-06,,,,,,
영등포구,11560,12600,양평동2가,45,11560-82,상록수,,59.99,14,1999,38800,2019-05-07,,,,,,
영등포구,11560,13300,대림동,785-1,11560-132,현대1,,84.75,7,1992,51500,2019-05-11,,,,,,
영등포구,11560,12700,양평동3가,79-4,11560-92,현대2차,,80.92,12,1990,64800,2019-05-12,,,,,,
영등포구,11560,13200,신길동,4945,11560-1793,래미안영등포프레비뉴,,59.99,16,2015,89000,2019-05-15,,,,,,
영등포구,11560,11000,여의도동,50,11560-20,시범,,156.99,6,1971,192500,2019-05-03,,,,,,
영등포구,11560,13200,신길동,4945,11560-1793,래미안영등포프레비뉴,,114.99,7,2015,110000,2019-05-04,,,,,,
영등포구,11560,10100,영등포동,618-83,11560-1,영일,,38.02,4,1969,21000,2019-05-21,,,,,,
영등포구,11560,13200,신길동,769-1,11560-118,한성,,59.87,1,1997,53500,2019-05-23,,,,,,
영등포구,11560,13300,대림동,777-1,11560-125,신동아,,53.37,2,1987,34500,2019-05-07,,,,,,
영등포구,11560,11000,여의도동,42,11560-26,한양,,192.73,11,1975,188000,2019-05-01,,,,,,
영등포구,11560,11300,당산동3가,566,11560-1681,당산계룡리슈빌2단지,,38.77,18,2014,53400,2019-05-24,,,,,,
영등포구,11560,10200,영등포동1가,144,11560-1518,헤렌어반,,13.331,6,2011,11500,2019-05-16,,,,,,
영등포구,11560,12600,양평동2가,45,11560-82,상록수,,59.67,3,1999,39800,2019-05-07,,,,,,
영등포구,11560,13300,대림동,695,11560-126,우성2,,79.91,1,1992,45000,2019-05-13,,,,,,
영등포구,11560,12700,양평동3가,101,11560-91,양평현대6차,,59.98,21,2000,63000,2019-05-22,,,,,,
영등포구,11560,12700,양평동3가,101,11560-91,양평현대6차,,84.94,22,2000,75000,2019-05-11,,,,,,
영등포구,11560,12700,양평동3가,55-1,11560-89,경남아너스빌,,59.9,16,1998,51500,2019-05-11,,,,,,
영등포구,11560,11000,여의도동,21-2,11560-8,공작,,125.75,6,1976,165000,2019-05-03,,,,,,
영등포구,11560,11400,당산동4가,88,11560-38,당산현대3차,,59.26,6,1988,60000,2019-05-20,,,,,,
영등포구,11560,13200,신길동,4942,11560-1574,여의도리버뷰,,12.96,6,2012,11300,2019-05-29,,,,,,
영등포구,11560,11400,당산동4가,30-1,11560-40,당산현대5차,,84.69,14,2000,82000,2019-05-18,,,,,,
영등포구,11560,10800,영등포동7가,29-130,11560-1449,근상프리즘,,82.79,9,2010,48500,2019-05-15,,,,,,
영등포구,11560,11000,여의도동,30,11560-12,목화,,51.07,6,1977,98000,2019-05-17,,,,,,
영등포구,11560,12500,양평동1가,20,11560-79,신동아,,50.81,4,1982,48500,2019-05-15,,,,,,
영등포구,11560,11000,여의도동,54,11560-23,진주,,63.83,2,1977,93000,2019-05-08,,,,,,
영등포구,11560,11000,여의도동,30-2,11560-15,삼부,,146.68,8,1975,205000,2019-05-22,,,,,,
영등포구,11560,11400,당산동4가,97,11560-1608,삼익플라주,,84.16,17,2013,71000,2019-05-18,,,,,,
영등포구,11560,11400,당산동4가,30-1,11560-40,당산현대5차,,84.69,1,2000,80000,2019-05-28,,,,,,
영등포구,11560,12900,양평동5가,76,11560-98,양평한신,,59.94,17,1996,58500,2019-05-04,,,,,,
영등포구,11560,13200,신길동,365,11560-111,우성1,,49.64,10,1986,53000,2019-05-24,,,,,,
영등포구,11560,13200,신길동,4950,11560-2006,래미안에스티움,,59.95,8,2017,86000,2019-05-10,,,,,,
영등포구,11560,13300,대림동,607-1,11560-127,코오롱,,59.94,2,1998,55000,2019-05-15,,,,,,
영등포구,11560,11500,당산동5가,42,11560-138,당산삼성래미안4차,,133.42,5,2003,129000,2019-05-17,,,,,,
영등포구,11560,11500,당산동5가,40,11560-44,성원,,59.94,5,1997,61000,2019-05-10,,,,,,
영등포구,11560,12900,양평동5가,76,11560-98,양평한신,,59.94,2,1996,55500,2019-05-02,,,,,,
영등포구,11560,12900,양평동5가,76,11560-98,양평한신,,59.94,13,1996,57700,2019-05-10,,,,,,
영등포구,11560,11400,당산동4가,29,11560-37,한강아파트,,59.4,5,1999,56500,2019-05-06,,,,,,
영등포구,11560,10800,영등포동7가,203,11560-1955,아크로타워스퀘어,,84.69,24,2017,122500,2019-05-18,,,,,,
영등포구,11560,12400,문래동6가,38-1,11560-72,문래베어스타운,,84.9,12,1997,63300,2019-05-20,,,,,,
영등포구,11560,11400,당산동4가,30-1,11560-40,당산현대5차,,59.37,20,2000,70000,2019-05-18,,,,,,
영등포구,11560,11400,당산동4가,30-1,11560-40,당산현대5차,,59.85,23,2000,68000,2019-05-11,,,,,,
영등포구,11560,10500,영등포동4가,103,11560-1562,영등포그랑그루,,12.1,11,2012,15800,2019-05-16,,,,,,
영등포구,11560,12900,양평동5가,76,11560-98,양평한신,,59.94,12,1996,58000,2019-05-01,,,,,,
영등포구,11560,13200,신길동,4955,11560-2071,신길센트럴아이파크,,59.98,28,2019,77500,2019-05-16,,,,,,
영등포구,11560,13200,신길동,4937,11560-1382,포레나 신길,,84.5802,14,2008,82000,2019-05-23,,,,,,
영등포구,11560,12600,양평동2가,23,11560-81,양평벽산블루밍,,59.58,7,1990,46500,2019-05-03,,,,,,
영등포구,11560,11000,여의도동,28,11560-9,광장,,117.36,9,1978,173000,2019-05-15,,,,,,
영등포구,11560,11400,당산동4가,30-1,11560-40,당산현대5차,,59.85,15,2000,65500,2019-05-02,,,,,,
영등포구,11560,13200,신길동,4950,11560-2006,래미안에스티움,,84.92,3,2017,101000,2019-05-04,,,,,,
영등포구,11560,10100,영등포동,618-83,11560-1,영일,,41.32,2,1969,20000,2019-05-21,,,,,,
영등포구,11560,13300,대림동,1123,11560-1398,한솔솔파크,,84.89,7,2008,62600,2019-05-09,,,,,,
영등포구,11560,10800,영등포동7가,46-1,11560-6,경남아너스빌,,84.93,13,1998,77000,2019-05-20,,,,,,
영등포구,11560,10200,영등포동1가,145,11560-1549,내이처해밀,,14.24,10,2012,11500,2019-05-20,,,,,,
영등포구,11560,13200,신길동,261-22,11560-1609,신길레전드힐스,,13.74,9,2013,10000,2019-05-13,,,,,,
영등포구,11560,11400,당산동4가,96,11560-1446,당산반도유보라팰리스,,124.62,15,2010,90000,2019-05-17,,,,,,
영등포구,11560,13200,신길동,102-8,11560-114,우성4,,75.36,2,1991,45000,2019-05-17,,,,,,
영등포구,11560,10200,영등포동1가,144,11560-1518,헤렌어반,,13.331,5,2011,11000,2019-05-15,,,,,,
영등포구,11560,11700,당산동,121-108,11560-1580,훼미리하우스138,,14.28,8,2013,13000,2019-05-13,,,,,,
영등포구,11560,12800,양평동4가,12,11560-95,성원,,84.66,9,1993,67000,2019-05-06,,,,,,
영등포구,11560,11300,당산동3가,2-6,11560-34,당산한양,,84.93,5,1986,74500,2019-05-07,,,,,,
영등포구,11560,10200,영등포동1가,145,11560-1549,내이처해밀,,14.24,8,2012,13000,2019-05-13,,,,,,
영등포구,11560,11700,당산동,121-108,11560-1580,훼미리하우스138,,14.28,2,2013,12700,2019-05-12,,,,,,
영등포구,11560,11700,당산동,376,11560-50,강변래미안,,79.05,8,2002,84200,2019-05-03,,,,,,
영등포구,11560,11400,당산동4가,30-1,11560-40,당산현대5차,,59.37,7,2000,65000,2019-05-10,,,,,,
영등포구,11560,13200,신길동,4518,11560-112,우성2,,64.4,12,1986,64000,2019-05-05,,,,,,
영등포구,11560,10800,영등포동7가,94-51,11560-1530,훼미리하우스117,,16.98,9,2012,13000,2019-05-01,,,,,,
영등포구,11560,10200,영등포동1가,144,11560-1518,헤렌어반,,13.195,8,2011,10700,2019-05-02,,,,,,
영등포구,11560,13200,신길동,102-8,11560-114,우성4,,84.95,8,1991,68000,2019-05-02,,,,,,
동작구,11590,10500,흑석동,38-58,11590-33,명수대한양,,84.24,5,1991,87000,2019-05-27,,,,,,
동작구,11590,10200,상도동,520,11590-3388,삼환나우빌(520-0),,84.87,8,2007,74000,2019-05-02,,,,,,
동작구,11590,10500,흑석동,336,11590-3965,흑석한강푸르지오,,115.98,12,2012,130000,2019-05-15,,,,,,
동작구,11590,10500,흑석동,335,11590-3773,흑석한강센트레빌,,84.89,9,2011,120000,2019-05-31,,,,,,
동작구,11590,10500,흑석동,10,11590-34,명수대현대,,112.29,5,1988,127500,2019-05-30,,,,,,
동작구,11590,10900,신대방동,719,11590-3351,동작상떼빌,,132.43,7,2006,82400,2019-05-28,,,,,,
동작구,11590,10500,흑석동,10,11590-34,명수대현대,,70.2,10,1988,90000,2019-05-30,,,,,,
동작구,11590,10500,흑석동,28,11590-36,한강현대,,83.475,3,1988,105000,2019-05-30,,,,,,
동작구,11590,10500,흑석동,328,11590-106,흑석동양아파트,,59.511,14,2003,63700,2019-05-25,,,,,,
동작구,11590,10700,사당동,1131,11590-3828,두산위브트레지움,,59.773,5,2011,93800,2019-05-30,,,,,,
동작구,11590,10700,사당동,1154,11590-3579,사당휴먼시아,,84.73,14,2009,72000,2019-05-25,,,,,,
동작구,11590,10500,흑석동,336,11590-3965,흑석한강푸르지오,,115.84,6,2012,135000,2019-05-19,,,,,,
동작구,11590,10700,사당동,105,11590-49,사당우성2,,118.25,1,1993,92000,2019-05-26,,,,,,
동작구,11590,10900,신대방동,565,11590-76,우성1차,,66.69,9,1988,66000,2019-05-25,,,,,,
동작구,11590,10500,흑석동,335,11590-3773,흑석한강센트레빌,,59.95,1,2011,99500,2019-05-31,,,,,,
동작구,11590,10900,신대방동,706,11590-71,보라매우성,,113.08,18,1995,59000,2019-05-16,,,,,,
동작구,11590,10700,사당동,1132,11590-97,롯데캐슬,,155.6,14,2003,110000,2019-05-21,,,,,,
동작구,11590,10500,흑석동,336,11590-3965,흑석한강푸르지오,,84.98,14,2012,117500,2019-05-20,,,,,,
동작구,11590,10500,흑석동,329,11590-105,우리유앤미,,59.6618,8,2003,56000,2019-05-25,,,,,,
동작구,11590,10100,노량진동,325,11590-4,신동아리버파크,,59.67,19,2001,62000,2019-05-24,,,,,,
동작구,11590,10400,본동,494,11590-3831,래미안트윈파크,,59.9,13,2011,90000,2019-05-28,,,,,,
동작구,11590,10200,상도동,407,11590-3295,현대(관악),,58.59,6,1992,47200,2019-05-25,,,,,,
동작구,11590,10500,흑석동,10,11590-34,명수대현대,,78.07,7,1988,97500,2019-05-29,,,,,,
동작구,11590,10700,사당동,1037-9,11590-3313,삼성아파트,,40.759,5,2006,40000,2019-05-25,,,,,,
동작구,11590,10500,흑석동,28,11590-36,한강현대,,66.225,8,1988,90000,2019-05-30,,,,,,
동작구,11590,10900,신대방동,706,11590-71,보라매우성,,113.08,8,1995,59500,2019-05-13,,,,,,
동작구,11590,10100,노량진동,323,11590-5,우성,,59.82,1,1997,56500,2019-05-23,,,,,,
동작구,11590,10200,상도동,431,11590-127,래미안상도3차,,84.96,8,2004,94500,2019-05-29,,,,,,
동작구,11590,10200,상도동,535,11590-4495,두산위브트레지움2차,,59.7852,7,2016,83500,2019-05-29,,,,,,
동작구,11590,10200,상도동,535,11590-4495,두산위브트레지움2차,,84.9736,8,2016,103000,2019-05-21,,,,,,
동작구,11590,10200,상도동,527,11590-3441,이수브라운스톤상도(527-0),,84.99,7,2007,84500,2019-05-18,,,,,,
동작구,11590,10700,사당동,147-29,11590-3763,이수자이,,113.65,18,2010,115800,2019-05-13,,,,,,
동작구,11590,10700,사당동,205-5,11590-56,태천,,73.33,1,2001,46100,2019-05-18,,,,,,
동작구,11590,10700,사당동,1154,11590-3579,사당휴먼시아,,59.96,6,2009,67500,2019-05-25,,,,,,
동작구,11590,10700,사당동,1037-9,11590-3313,삼성아파트,,40.759,4,2006,39000,2019-05-21,,,,,,
동작구,11590,10700,사당동,105,11590-38,극동(105),,119.91,6,1993,85000,2019-05-22,,,,,,
동작구,11590,10200,상도동,529,11590-3714,상도두산위브,,84.911,8,2010,86000,2019-05-25,,,,,,
동작구,11590,10900,신대방동,710,11590-66,경남교수,,84.94,18,2001,76000,2019-05-18,,,,,,
동작구,11590,10600,동작동,333,11590-4023,이수힐스테이트,,59.999,6,2013,89000,2019-05-31,,,,,,
동작구,11590,10700,사당동,1139,11590-43,사당자이,,59.89,1,1999,52000,2019-05-17,,,,,,
동작구,11590,10700,사당동,105,11590-38,극동(105),,84.32,4,1993,71000,2019-05-26,,,,,,
동작구,11590,10900,신대방동,707,11590-79,현대,,84.57,2,1996,71500,2019-05-18,,,,,,
동작구,11590,10900,신대방동,710,11590-66,경남교수,,84.94,20,2001,81000,2019-05-15,,,,,,
동작구,11590,10900,신대방동,711,11590-83,보라매파크빌,,84.85,15,2002,85000,2019-05-08,,,,,,
동작구,11590,10200,상도동,535,11590-4495,두산위브트레지움2차,,84.8624,15,2016,103000,2019-05-18,,,,,,
동작구,11590,10700,사당동,105,11590-38,극동(105),,46.75,3,1993,59500,2019-05-14,,,,,,
동작구,11590,10700,사당동,105,11590-38,극동(105),,119.91,5,1993,89500,2019-05-27,,,,,,
동작구,11590,10900,신대방동,712,11590-81,신대방경남,,56,13,2003,58500,2019-05-15,,,,,,
동작구,11590,10200,상도동,416,11590-126,아이파크,,84.96,12,2004,77000,2019-05-13,,,,,,
동작구,11590,10700,사당동,105,11590-38,극동(105),,84.32,7,1993,70700,2019-05-28,,,,,,
동작구,11590,10200,상도동,528,11590-3577,동원베네스트,,84.958,10,2008,77500,2019-05-11,,,,,,
동작구,11590,10500,흑석동,328,11590-106,흑석동양아파트,,59.511,12,2003,62800,2019-05-28,,,,,,
동작구,11590,10500,흑석동,339,11590-4002,흑석한강센트레빌Ⅱ,,84.946,19,2012,110000,2019-05-18,,,,,,
동작구,11590,10900,신대방동,395-69,11590-70,보라매아카데미타워,,115.54,19,1998,64500,2019-05-13,,,,,,
동작구,11590,10100,노량진동,325,11590-4,신동아리버파크,,84.88,11,2001,73000,2019-05-23,,,,,,
동작구,11590,10900,신대방동,719,11590-3351,동작상떼빌,,128.61,11,2006,83750,2019-05-15,,,,,,
동작구,11590,10700,사당동,105,11590-47,신동아4,,46.75,10,1993,65300,2019-05-21,,,,,,
동작구,11590,10500,흑석동,336,11590-3965,흑석한강푸르지오,,84.98,11,2012,113000,2019-05-20,,,,,,
동작구,11590,10200,상도동,36-1,11590-10,대림(36-1),,73.39,4,1981,116000,2019-05-31,,,,,,
동작구,11590,10900,신대방동,713,11590-103,롯데낙천대,,55.4561,14,2003,63000,2019-05-23,,,,,,
동작구,11590,10900,신대방동,565,11590-76,우성1차,,66.69,4,1988,60000,2019-05-09,,,,,,
동작구,11590,10200,상도동,521,11590-3412,포스코더샵,,59.99,4,2007,77300,2019-05-19,,,,,,
동작구,11590,10100,노량진동,324,11590-1,건영(103동-106동),,84.94,14,1997,68300,2019-05-15,,,,,,
동작구,11590,10700,사당동,147-29,11590-3763,이수자이,,92.13,7,2010,105000,2019-05-04,,,,,,
동작구,11590,10100,노량진동,314-37,11590-7,정호샤인빌,,42.85,5,2002,63000,2019-05-20,,,,,,
동작구,11590,10500,흑석동,336,11590-3965,흑석한강푸르지오,,115.98,4,2012,133000,2019-05-31,,,,,,
동작구,11590,10500,흑석동,328,11590-106,흑석동양아파트,,59.511,1,2003,56000,2019-05-11,,,,,,
동작구,11590,10400,본동,484,11590-96,경동윈츠리버,,56.68,4,2004,59200,2019-05-12,,,,,,
동작구,11590,10700,사당동,1141,11590-41,르메이에르,,84.75,4,2001,55500,2019-05-25,,,,,,
동작구,11590,10200,상도동,445,11590-23,경향렉스빌,,61.5494,15,2002,46000,2019-05-23,,,,,,
동작구,11590,10200,상도동,431,11590-127,래미안상도3차,,114.97,4,2004,107500,2019-05-14,,,,,,
동작구,11590,10600,동작동,333,11590-4023,이수힐스테이트,,84.982,3,2013,114000,2019-05-18,,,,,,
동작구,11590,10700,사당동,105,11590-47,신동아4,,59.89,10,1993,71000,2019-05-18,,,,,,
동작구,11590,10900,신대방동,720,11590-3743,보라매e편한세상,,84.73,8,2010,79000,2019-05-31,,,,,,
동작구,11590,10900,신대방동,720,11590-3743,보라매e편한세상,,59.98,11,2010,75000,2019-05-31,,,,,,
동작구,11590,10700,사당동,1139,11590-43,사당자이,,60,14,1999,61300,2019-05-13,,,,,,
동작구,11590,10700,사당동,169-32,11590-52,현대,,59.96,1,1991,54000,2019-05-11,,,,,,
동작구,11590,10100,노량진동,325,11590-4,신동아리버파크,,59.67,15,2001,60000,2019-05-07,,,,,,
동작구,11590,10700,사당동,196,11590-50,인정,,59.79,3,1988,42000,2019-05-08,,,,,,
동작구,11590,10200,상도동,431,11590-127,래미안상도3차,,84.96,6,2004,82800,2019-05-01,,,,,,
동작구,11590,10700,사당동,169-8,11590-39,대림(169-8),,125.4,2,1990,95500,2019-05-01,,,,,,
동작구,11590,10700,사당동,1155,11590-3643,대성유니드,,84.96,4,2009,60000,2019-05-14,,,,,,
동작구,11590,10700,사당동,105,11590-49,사당우성2,,84.66,8,1993,85500,2019-05-13,,,,,,
동작구,11590,10700,사당동,1159,11590-4827,래미안로이파크,,84.98,25,2018,127500,2019-05-29,,,,,,
동작구,11590,10700,사당동,1139,11590-43,사당자이,,59.89,10,1999,55500,2019-05-06,,,,,,
동작구,11590,10500,흑석동,341,11590-4876,아크로리버하임,,59.58,18,2019,116000,2019-05-08,,,,,,
동작구,11590,10800,대방동,508,11590-94,대방1차e-편한세상,,84.32,16,2003,94000,2019-05-11,,,,,,
동작구,11590,10700,사당동,105,11590-38,극동(105),,59.25,9,1993,67000,2019-05-30,,,,,,
동작구,11590,10500,흑석동,332,11590-3713,해가든,,84.83,7,2010,89900,2019-05-01,,,,,,
동작구,11590,10100,노량진동,324,11590-1,건영(103동-106동),,84.94,5,1997,70400,2019-05-24,,,,,,
동작구,11590,10700,사당동,1153,11590-3372,케이씨씨,,84.7472,12,2007,75500,2019-05-17,,,,,,
동작구,11590,10200,상도동,421,11590-102,삼성래미안2,,114.738,3,2003,77000,2019-05-11,,,,,,
동작구,11590,10800,대방동,375-14,11590-3382,신건드림원,,84.95,2,2007,46500,2019-05-04,,,,,,
동작구,11590,10700,사당동,105,11590-49,사당우성2,,59.89,6,1993,75000,2019-05-22,,,,,,
동작구,11590,10500,흑석동,336,11590-3965,흑석한강푸르지오,,84.79,3,2012,101700,2019-05-07,,,,,,
동작구,11590,10900,신대방동,565,11590-76,우성1차,,127.02,17,1988,86000,2019-05-17,,,,,,
동작구,11590,10500,흑석동,339,11590-4002,흑석한강센트레빌Ⅱ,,84.978,4,2012,105000,2019-05-03,,,,,,
동작구,11590,10700,사당동,1157,11590-4095,이수역리가,,84.9827,7,2013,98000,2019-05-09,,,,,,
동작구,11590,10900,신대방동,395-68,11590-69,보라매나산스위트,,219.51,10,1996,80000,2019-05-30,,,,,,
동작구,11590,10200,상도동,421,11590-102,삼성래미안2,,84.796,2,2003,72500,2019-05-08,,,,,,
동작구,11590,10200,상도동,414,11590-9,건영,,32.8,11,1997,38800,2019-05-17,,,,,,
동작구,11590,10800,대방동,508,11590-94,대방1차e-편한세상,,84.32,7,2003,85000,2019-05-08,,,,,,
동작구,11590,10600,동작동,331,11590-95,금강KCC,,84.95,15,2003,79000,2019-05-25,,,,,,
동작구,11590,10100,노량진동,325,11590-4,신동아리버파크,,84.88,13,2001,71500,2019-05-27,,,,,,
동작구,11590,10200,상도동,283-75,11590-3874,상도타워A동,,81.06,3,2005,30000,2019-05-21,,,,,,
동작구,11590,10200,상도동,521,11590-3412,포스코더샵,,59.995,6,2007,73500,2019-05-23,,,,,,
동작구,11590,10700,사당동,105,11590-49,사당우성2,,59.89,5,1993,76000,2019-05-03,,,,,,
동작구,11590,10500,흑석동,328,11590-106,흑석동양아파트,,84.985,13,2003,73000,2019-05-25,,,,,,
동작구,11590,10700,사당동,1159,11590-4827,래미안로이파크,,59.98,15,2018,82500,2019-05-27,,,,,,
동작구,11590,10100,노량진동,325,11590-4,신동아리버파크,,84.88,7,2001,70200,2019-05-27,,,,,,
동작구,11590,10700,사당동,105,11590-47,신동아4,,59.89,13,1993,66300,2019-05-01,,,,,,
동작구,11590,10400,본동,481,11590-29,신동아,,84.46,11,1993,68000,2019-05-10,,,,,,
동작구,11590,10500,흑석동,335,11590-3773,흑석한강센트레빌,,84.84,4,2011,117000,2019-05-10,,,,,,
동작구,11590,10900,신대방동,565,11590-76,우성1차,,66.69,7,1988,60000,2019-05-04,,,,,,
동작구,11590,10100,노량진동,324,11590-1,건영(103동-106동),,114.96,4,1997,70500,2019-05-08,,,,,,
동작구,11590,10700,사당동,1133,11590-54,삼성래미안,,114.502,7,2003,89000,2019-05-04,,,,,,
동작구,11590,10900,신대방동,565,11590-76,우성1차,,157.07,6,1988,89500,2019-05-09,,,,,,
동작구,11590,10700,사당동,1143,11590-55,남해오네뜨,,84.978,8,2002,64500,2019-05-06,,,,,,
동작구,11590,10500,흑석동,10,11590-34,명수대현대,,70.2,14,1988,91500,2019-05-07,,,,,,
동작구,11590,10200,상도동,413,11590-12,삼익,,59.93,4,1997,41000,2019-05-01,,,,,,
동작구,11590,10400,본동,482,11590-30,유원강변,,84.28,17,2000,90000,2019-05-05,,,,,,
동작구,11590,10800,대방동,503,11590-63,주공2,,58.65,13,1995,65000,2019-05-13,,,,,,
동작구,11590,10400,본동,492,11590-130,삼성래미안,,84.2261,8,2004,85000,2019-05-10,,,,,,
동작구,11590,10200,상도동,459,11590-3358,상도2차갑을명가,,84.33,8,2006,46000,2019-05-10,,,,,,
동작구,11590,10300,상도1동,317-1,11590-26,숭실그랜드,,70.24,3,2003,37000,2019-05-08,,,,,,
동작구,11590,10100,노량진동,57-1,11590-4413,메가스터디타워,,16.01,17,2015,20700,2019-05-02,,,,,,
관악구,11620,10200,신림동,1730,11620-183,신림푸르지오,,138.74,22,2005,86000,2019-05-09,,,,,,
관악구,11620,10200,신림동,1735-1,11620-4348,관악산휴먼시아1단지,,84.97,13,2008,54500,2019-05-28,,,,,,
관악구,11620,10200,신림동,1733,11620-4246,벽산블루밍,,84.95,2,2005,45000,2019-05-25,,,,,,
관악구,11620,10100,봉천동,1717,11620-102,관악푸르지오,,59.58,9,2004,54000,2019-05-23,,,,,,
관악구,11620,10100,봉천동,1717,11620-102,관악푸르지오,,84.2,18,2004,70500,2019-05-24,,,,,,
관악구,11620,10100,봉천동,179-2,11620-185,아이펠리스,,97.53,5,2004,47000,2019-05-08,,,,,,
관악구,11620,10100,봉천동,1708,11620-11,두산,,84.87,11,2000,71500,2019-05-22,,,,,,
관악구,11620,10100,봉천동,196-215,11620-4553,에이스인헌,,66.85,6,2009,42000,2019-05-19,,,,,,
관악구,11620,10100,봉천동,1718,11620-95,벽산블루밍,,59.99,6,2005,51800,2019-05-31,,,,,,
관악구,11620,10100,봉천동,1696,11620-2044,보라매우성,,58.86,3,1995,40500,2019-05-22,,,,,,
관악구,11620,10100,봉천동,1560-62,11620-4344,서울대입구아이원(1560-62),,59.96,9,2006,63000,2019-05-22,,,,,,
관악구,11620,10100,봉천동,1717,11620-102,관악푸르지오,,59.58,24,2004,54500,2019-05-29,,,,,,
관악구,11620,10100,봉천동,1717,11620-102,관악푸르지오,,59.58,17,2004,55700,2019-05-21,,,,,,
관악구,11620,10200,신림동,244,11620-42,관악,,56.39,3,1983,29900,2019-05-27,,,,,,
관악구,11620,10100,봉천동,1708,11620-11,두산,,114.99,15,2000,81500,2019-05-18,,,,,,
관악구,11620,10100,봉천동,1717,11620-102,관악푸르지오,,59.58,3,2004,54000,2019-05-11,,,,,,
관악구,11620,10200,신림동,1736,11620-4349,신림2차푸르지오,,84.8098,3,2007,56000,2019-05-29,,,,,,
관악구,11620,10200,신림동,1735-1,11620-4348,관악산휴먼시아1단지,,84.97,14,2008,56500,2019-05-29,,,,,,
관악구,11620,10100,봉천동,1724,11620-4232,관악월드메르디앙,,84.56,5,2005,53000,2019-05-25,,,,,,
관악구,11620,10200,신림동,1724,11620-98,서초,,77.75,6,2003,42500,2019-05-24,,,,,,
관악구,11620,10200,신림동,1702-1,11620-40,건영4,,84.89,17,1997,52000,2019-05-21,,,,,,
관악구,11620,10200,신림동,1702-1,11620-40,건영4,,84.89,14,1997,52500,2019-05-30,,,,,,
관악구,11620,10200,신림동,1705,11620-44,금호(1차),,59.4,5,1997,32000,2019-05-22,,,,,,
관악구,11620,10100,봉천동,1705,11620-19,신봉,,59.75,9,1999,37700,2019-05-30,,,,,,
관악구,11620,10100,봉천동,1707,11620-23,은천1,,84.65,13,2001,63000,2019-05-18,,,,,,
관악구,11620,10200,신림동,1714,11620-54,삼성산주공(주공3단지),,58.55,4,2000,36000,2019-05-22,,,,,,
관악구,11620,10200,신림동,1693,11620-43,국제산장,,59.94,15,1993,33500,2019-05-15,,,,,,
관악구,11620,10200,신림동,1693,11620-43,국제산장,,84.15,4,1993,40700,2019-05-02,,,,,,
관악구,11620,10200,신림동,1693,11620-43,국제산장,,84.15,7,1993,39400,2019-05-17,,,,,,
관악구,11620,10200,신림동,1693,11620-43,국제산장,,59.94,15,1993,32300,2019-05-01,,,,,,
관악구,11620,10100,봉천동,1717,11620-102,관악푸르지오,,59.58,12,2004,56500,2019-05-13,,,,,,
관악구,11620,10100,봉천동,905-10,11620-4225,노블레스,,79.51,3,2005,38000,2019-05-25,,,,,,
관악구,11620,10200,신림동,1563-82,11620-68,한양,,84.79,10,1992,42500,2019-05-29,,,,,,
관악구,11620,10300,남현동,1079-3,11620-4609,하이파크,,118.01,1,2011,58000,2019-05-15,,,,,,
관악구,11620,10300,남현동,1079-3,11620-4609,하이파크,,84.3,1,2011,52400,2019-05-15,,,,,,
관악구,11620,10300,남현동,1079-3,11620-4609,하이파크,,84.22,1,2011,52400,2019-05-15,,,,,,
관악구,11620,10300,남현동,1079-3,11620-4609,하이파크,,84.93,1,2011,52400,2019-05-15,,,,,,
관악구,11620,10300,남현동,1079-3,11620-4609,하이파크,,75.03,1,2011,47300,2019-05-15,,,,,,
관악구,11620,10300,남현동,1079-3,11620-4609,하이파크,,118.01,2,2011,58200,2019-05-15,,,,,,
관악구,11620,10300,남현동,1079-3,11620-4609,하이파크,,84.3,2,2011,52400,2019-05-15,,,,,,
관악구,11620,10300,남현동,1079-3,11620-4609,하이파크,,84.22,2,2011,52400,2019-05-15,,,,,,
관악구,11620,10300,남현동,1079-3,11620-4609,하이파크,,84.93,2,2011,52400,2019-05-15,,,,,,
관악구,11620,10300,남현동,1079-3,11620-4609,하이파크,,75.03,2,2011,47300,2019-05-15,,,,,,
관악구,11620,10300,남현동,1079-3,11620-4609,하이파크,,118.01,3,2011,58200,2019-05-15,,,,,,
관악구,11620,10300,남현동,1079-3,11620-4609,하이파크,,84.3,3,2011,52400,2019-05-15,,,,,,
관악구,11620,10300,남현동,1079-3,11620-4609,하이파크,,84.22,3,2011,52400,2019-05-15,,,,,,
관악구,11620,10300,남현동,1079-3,11620-4609,하이파크,,84.93,3,2011,52400,2019-05-15,,,,,,
관악구,11620,10300,남현동,1079-3,11620-4609,하이파크,,75.03,3,2011,47300,2019-05-15,,,,,,
관악구,11620,10300,남현동,1079-3,11620-4609,하이파크,,118.01,4,2011,61300,2019-05-15,,,,,,
관악구,11620,10300,남현동,1079-3,11620-4609,하이파크,,84.3,4,2011,55400,2019-05-15,,,,,,
관악구,11620,10300,남현동,1079-3,11620-4609,하이파크,,84.22,4,2011,55400,2019-05-15,,,,,,
관악구,11620,10300,남현동,1079-3,11620-4609,하이파크,,84.93,4,2011,55400,2019-05-15,,,,,,
관악구,11620,10300,남현동,1079-3,11620-4609,하이파크,,75.03,4,2011,49300,2019-05-15,,,,,,
관악구,11620,10300,남현동,1079-3,11620-4609,하이파크,,118.01,5,2011,61300,2019-05-15,,,,,,
관악구,11620,10300,남현동,1079-3,11620-4609,하이파크,,84.3,5,2011,55400,2019-05-15,,,,,,
관악구,11620,10300,남현동,1079-3,11620-4609,하이파크,,84.22,5,2011,55400,2019-05-15,,,,,,
관악구,11620,10300,남현동,1079-3,11620-4609,하이파크,,84.93,5,2011,55400,2019-05-15,,,,,,
관악구,11620,10300,남현동,1079-3,11620-4609,하이파크,,75.03,5,2011,49300,2019-05-15,,,,,,
관악구,11620,10300,남현동,1079-3,11620-4609,하이파크,,118.01,6,2011,61300,2019-05-15,,,,,,
관악구,11620,10300,남현동,1079-3,11620-4609,하이파크,,84.3,6,2011,55400,2019-05-15,,,,,,
관악구,11620,10300,남현동,1079-3,11620-4609,하이파크,,84.22,6,2011,55400,2019-05-15,,,,,,
관악구,11620,10300,남현동,1079-3,11620-4609,하이파크,,84.93,6,2011,55400,2019-05-15,,,,,,
관악구,11620,10300,남현동,1079-3,11620-4609,하이파크,,75.03,6,2011,52000,2019-05-15,,,,,,
관악구,11620,10300,남현동,1079-3,11620-4609,하이파크,,118.01,7,2011,65000,2019-05-15,,,,,,
관악구,11620,10300,남현동,1079-3,11620-4609,하이파크,,84.3,7,2011,58500,2019-05-15,,,,,,
관악구,11620,10300,남현동,1079-3,11620-4609,하이파크,,84.22,7,2011,58500,2019-05-15,,,,,,
관악구,11620,10300,남현동,1079-3,11620-4609,하이파크,,84.93,7,2011,58500,2019-05-15,,,,,,
관악구,11620,10300,남현동,1079-3,11620-4609,하이파크,,75.03,7,2011,52000,2019-05-15,,,,,,
관악구,11620,10300,남현동,1079-3,11620-4609,하이파크,,118.01,8,2011,65000,2019-05-15,,,,,,
관악구,11620,10300,남현동,1079-3,11620-4609,하이파크,,84.3,8,2011,58500,2019-05-15,,,,,,
관악구,11620,10300,남현동,1079-3,11620-4609,하이파크,,84.22,8,2011,58500,2019-05-15,,,,,,
관악구,11620,10300,남현동,1079-3,11620-4609,하이파크,,84.93,8,2011,58500,2019-05-15,,,,,,
관악구,11620,10300,남현동,1079-3,11620-4609,하이파크,,75.03,8,2011,52000,2019-05-15,,,,,,
관악구,11620,10300,남현동,1079-3,11620-4609,하이파크,,118.01,9,2011,65000,2019-05-15,,,,,,
관악구,11620,10300,남현동,1079-3,11620-4609,하이파크,,84.3,9,2011,58500,2019-05-15,,,,,,
관악구,11620,10300,남현동,1079-3,11620-4609,하이파크,,84.07,9,2011,58500,2019-05-15,,,,,,
관악구,11620,10300,남현동,1079-3,11620-4609,하이파크,,75.03,9,2011,52000,2019-05-15,,,,,,
관악구,11620,10300,남현동,1079-3,11620-4609,하이파크,,118.01,10,2011,65000,2019-05-15,,,,,,
관악구,11620,10300,남현동,1079-3,11620-4609,하이파크,,84.3,10,2011,58500,2019-05-15,,,,,,
관악구,11620,10300,남현동,1079-3,11620-4609,하이파크,,84.07,10,2011,58500,2019-05-15,,,,,,
관악구,11620,10300,남현동,1079-3,11620-4609,하이파크,,35.36,10,2011,28000,2019-05-15,,,,,,
관악구,11620,10200,신림동,1656,11620-52,라이프미성,,71.31,7,1982,49700,2019-05-10,,,,,,
관악구,11620,10100,봉천동,867-12,11620-4853,프라비다2,,18.46,15,2013,18900,2019-05-15,,,,,,
관악구,11620,10100,봉천동,1703,11620-9,봉천동아,,84.87,6,2000,59700,2019-05-01,,,,,,
관악구,11620,10100,봉천동,729-32,11620-27,해태보라매타워,,59.94,14,1996,44250,2019-05-14,,,,,,
관악구,11620,10200,신림동,10-622,11620-56,성우,,59.97,3,1998,42400,2019-05-20,,,,,,
관악구,11620,10100,봉천동,1717,11620-102,관악푸르지오,,114.69,16,2004,80500,2019-05-27,,,,,,
관악구,11620,10100,봉천동,1712,11620-4,관악드림(동아),,114.75,24,2003,70000,2019-05-11,,,,,,
관악구,11620,10200,신림동,1563-2,11620-4046,태양,,48.99,2,2000,14500,2019-05-10,,,,,,
관악구,11620,10200,신림동,1719,11620-74,우민조원,,73.36,13,2003,49000,2019-05-16,,,,,,
관악구,11620,10100,봉천동,1608-28,11620-4308,위너스이즈,,59.74,5,2006,36000,2019-05-21,,,,,,
관악구,11620,10200,신림동,10-10,11620-59,신안,,55.21,4,1978,31000,2019-05-28,,,,,,
관악구,11620,10100,봉천동,869-6,11620-4720,서울대역마에스트로,,20.18,19,2012,19000,2019-05-23,,,,,,
관악구,11620,10200,신림동,1727,11620-101,그대家,,59.6,11,2003,38800,2019-05-12,,,,,,
관악구,11620,10100,봉천동,1712,11620-4,관악드림(동아),,84.96,16,2003,61500,2019-05-11,,,,,,
관악구,11620,10100,봉천동,1718,11620-95,벽산블루밍,,84.99,7,2005,61300,2019-05-11,,,,,,
관악구,11620,10200,신림동,1695,11620-49,동부,,50.57,11,1993,42500,2019-05-09,,,,,,
관악구,11620,10200,신림동,1727,11620-101,그대家,,59.6,23,2003,39000,2019-05-13,,,,,,
관악구,11620,10100,봉천동,1708,11620-11,두산,,114.99,20,2000,78000,2019-05-27,,,,,,
관악구,11620,10100,봉천동,1712,11620-5,관악드림(삼성),,60,8,2003,53000,2019-05-09,,,,,,
관악구,11620,10100,봉천동,1717,11620-102,관악푸르지오,,59.58,18,2004,55000,2019-05-28,,,,,,
관악구,11620,10100,봉천동,1712,11620-4,관악드림(동아),,59.85,23,2003,51200,2019-05-21,,,,,,
관악구,11620,10100,봉천동,1717,11620-102,관악푸르지오,,59.58,16,2004,55000,2019-05-09,,,,,,
관악구,11620,10100,봉천동,1717,11620-102,관악푸르지오,,59.58,11,2004,56000,2019-05-17,,,,,,
관악구,11620,10200,신림동,1716,11620-64,청광,,64.63,3,2000,37400,2019-05-14,,,,,,
관악구,11620,10200,신림동,1731,11620-182,웰피아,,69.08,6,2004,40000,2019-05-07,,,,,,
관악구,11620,10100,봉천동,1713,11620-8,낙성대현대홈타운,,114.919,2,2002,82000,2019-05-17,,,,,,
관악구,11620,10100,봉천동,1000,11620-28,현대(관악),,68.8,10,1992,52250,2019-05-03,,,,,,
관악구,11620,10100,봉천동,1712,11620-4,관악드림(동아),,84.96,12,2003,59800,2019-05-13,,,,,,
관악구,11620,10100,봉천동,1707-1,11620-22,은천2단지아파트,,59.93,6,2000,50000,2019-05-01,,,,,,
관악구,11620,10100,봉천동,1719,11620-144,관악동부센트레빌,,84.7,3,2004,68000,2019-05-23,,,,,,
관악구,11620,10100,봉천동,1717,11620-102,관악푸르지오,,59.58,5,2004,50000,2019-05-29,,,,,,
관악구,11620,10100,봉천동,1696,11620-2044,보라매우성,,58.86,16,1995,41000,2019-05-22,,,,,,
관악구,11620,10100,봉천동,1593-14,11620-126,로얄클래스,,110.33,2,2003,50000,2019-05-30,,,,,,
관악구,11620,10200,신림동,1702-1,11620-40,건영4,,84.89,1,1997,50000,2019-05-13,,,,,,
관악구,11620,10100,봉천동,893-1,11620-5183,프라비다M,,30.12,10,2014,27500,2019-05-20,,,,,,
관악구,11620,10200,신림동,1580-3,11620-76,태성,,73,2,2002,39500,2019-05-02,,,,,,
관악구,11620,10100,봉천동,729-22,11620-12,보라매롯데캐슬,,170.11,20,1997,84000,2019-05-08,,,,,,
관악구,11620,10100,봉천동,1706,11620-21,봉천우성,,84.96,11,2000,65700,2019-05-11,,,,,,
관악구,11620,10200,신림동,1694,11620-58,신림현대,,105.36,8,1993,64000,2019-05-21,,,,,,
관악구,11620,10100,봉천동,180-374,11620-4214,새진4차,,84.57,7,2005,45000,2019-05-24,,,,,,
관악구,11620,10200,신림동,739,11620-46,뉴서울,,66.21,3,1984,35000,2019-05-03,,,,,,
관악구,11620,10100,봉천동,1712,11620-4,관악드림(동아),,84.96,6,2003,55000,2019-05-03,,,,,,
관악구,11620,10200,신림동,1728,11620-105,제창그로힐,,84.23,6,2004,48000,2019-05-03,,,,,,
관악구,11620,10200,신림동,1433-55,11620-5002,프라비다트라움,,14.05,5,2013,12450,2019-05-10,,,,,,
관악구,11620,10100,봉천동,1712,11620-4,관악드림(동아),,59.83,22,2003,51800,2019-05-18,,,,,,
관악구,11620,10100,봉천동,1706,11620-21,봉천우성,,84.96,10,2000,59500,2019-05-06,,,,,,
관악구,11620,10100,봉천동,1021,11620-25,일두(1021),,57.66,5,1985,27000,2019-05-23,,,,,,
관악구,11620,10100,봉천동,1720,11620-145,벽산블루밍3차,,84.72,8,2004,61800,2019-05-01,,,,,,
관악구,11620,10100,봉천동,673-82,11620-117,봉천동,,64.99,2,2002,21800,2019-05-30,,,,,,
관악구,11620,10200,신림동,746-43,11620-37,건영1,,60.27,10,1984,43000,2019-05-03,,,,,,
관악구,11620,10100,봉천동,41-274,11620-4517,에메랄드104동,,83.44,5,2012,53000,2019-05-20,,,,,,
관악구,11620,10100,봉천동,1717,11620-102,관악푸르지오,,59.58,8,2004,54500,2019-05-04,,,,,,
관악구,11620,10200,신림동,1714,11620-54,삼성산주공(주공3단지),,83.21,25,2000,43000,2019-05-22,,,,,,
관악구,11620,10100,봉천동,1717,11620-102,관악푸르지오,,59.58,9,2004,56000,2019-05-18,,,,,,
관악구,11620,10200,신림동,1703-1,11620-39,LIG대학마을(건영아파트3차),,58.9,3,1996,42200,2019-05-21,,,,,,
관악구,11620,10200,신림동,1700,11620-50,라이프,,59.04,6,1996,25000,2019-05-24,,,,,,
관악구,11620,10200,신림동,1644,11620-36,강남,,42.35,4,1974,38000,2019-05-17,,,,,,
관악구,11620,10200,신림동,1714,11620-54,삼성산주공(주공3단지),,113.31,14,2000,50500,2019-05-04,,,,,,
관악구,11620,10200,신림동,1714,11620-54,삼성산주공(주공3단지),,83.21,12,2000,44500,2019-05-06,,,,,,
관악구,11620,10200,신림동,1644,11620-36,강남,,46.72,6,1974,40000,2019-05-23,,,,,,
관악구,11620,10200,신림동,1644,11620-36,강남,,46.72,4,1974,43000,2019-05-23,,,,,,
관악구,11620,10200,신림동,1735,11620-4347,관악산휴먼시아2단지,,84.97,8,2008,54500,2019-05-20,,,,,,
관악구,11620,10200,신림동,1433-55,11620-5002,프라비다트라움,,14.06,6,2013,12450,2019-05-04,,,,,,
관악구,11620,10100,봉천동,1698-1,11620-14,보라매삼성,,84.84,12,1996,69000,2019-05-12,,,,,,
관악구,11620,10100,봉천동,893-12,11620-4794,마에스트로캠퍼스타운,,13.15,14,2012,14000,2019-05-18,,,,,,
관악구,11620,10100,봉천동,463-1,11620-4929,더블유에스타워,,25.12,7,2013,20500,2019-05-17,,,,,,
관악구,11620,10200,신림동,534-1,11620-4583,아데나,,18,9,2010,12500,2019-05-21,,,,,,
관악구,11620,10100,봉천동,1712,11620-4,관악드림(동아),,114.75,10,2003,66200,2019-05-13,,,,,,
관악구,11620,10100,봉천동,1718,11620-95,벽산블루밍,,59.99,12,2005,50000,2019-05-07,,,,,,
관악구,11620,10200,신림동,1694,11620-58,신림현대,,34.86,12,1993,34220,2019-05-05,,,,,,
관악구,11620,10200,신림동,1644,11620-36,강남,,46.72,5,1974,41000,2019-05-14,,,,,,
관악구,11620,10100,봉천동,1690-170,11620-4416,로얄훼미리,,84.68,2,2008,49000,2019-05-15,,,,,,
관악구,11620,10100,봉천동,1708,11620-11,두산,,59.92,3,2000,55000,2019-05-04,,,,,,
관악구,11620,10100,봉천동,1712,11620-5,관악드림(삼성),,59.85,9,2003,48000,2019-05-01,,,,,,
관악구,11620,10200,신림동,1425-4,11620-4732,코스모그린,,12.21,5,2012,11000,2019-05-11,,,,,,
관악구,11620,10100,봉천동,1718,11620-95,벽산블루밍,,59.99,13,2005,46500,2019-05-03,,,,,,
관악구,11620,10100,봉천동,1705,11620-19,신봉,,59.75,5,1999,36000,2019-05-07,,,,,,
관악구,11620,10200,신림동,1656,11620-52,라이프미성,,71.31,8,1982,49800,2019-05-08,,,,,,
관악구,11620,10200,신림동,1656,11620-52,라이프미성,,71.31,3,1982,49500,2019-05-07,,,,,,
관악구,11620,10100,봉천동,148-139,11620-113,경원로얄시티,,91.41,1,2004,41000,2019-05-10,,,,,,
관악구,11620,10100,봉천동,1690-171,11620-4467,늘푸른5차,,84.93,4,2008,47000,2019-05-10,,,,,,
관악구,11620,10200,신림동,1714,11620-54,삼성산주공(주공3단지),,58.55,8,2000,35000,2019-05-07,,,,,,
관악구,11620,10200,신림동,1735,11620-4347,관악산휴먼시아2단지,,114.7,10,2008,59000,2019-05-13,,,,,,
관악구,11620,10200,신림동,1735,11620-4347,관악산휴먼시아2단지,,59.96,4,2008,44500,2019-05-07,,,,,,
관악구,11620,10200,신림동,1644,11620-36,강남,,46.72,5,1974,40500,2019-05-09,,,,,,
관악구,11620,10200,신림동,1727,11620-101,그대家,,59.6,10,2003,38500,2019-05-02,,,,,,
관악구,11620,10100,봉천동,1712,11620-5,관악드림(삼성),,60,9,2003,53000,2019-05-03,,,,,,
관악구,11620,10200,신림동,534-1,11620-4583,아데나,,18.25,7,2010,12500,2019-05-02,,,,,,
관악구,11620,10200,신림동,534-1,11620-4583,아데나,,18,5,2010,13000,2019-05-01,,,,,,
서초구,11650,10800,서초동,1311-10,11650-4550,서초푸르지오써밋,,84.95,14,2017,185000,2019-05-20,,,,,,
서초구,11650,10600,잠원동,73,11650-117,신반포2,,92.2,12,1978,209000,2019-05-10,,,,,,
서초구,11650,10100,방배동,1015,11650-341,임광,,84.78,6,1985,127500,2019-05-25,,,,,,
서초구,11650,10600,잠원동,58-16,11650-108,신반포10,,76.32,3,1981,195000,2019-05-18,,,,,,
서초구,11650,10600,잠원동,65-33,11650-120,신반포22,,117.15,5,1983,197500,2019-05-23,,,,,,
서초구,11650,10800,서초동,1513-2,11650-719,N-Suite(1513-2),,114.05,4,2004,93000,2019-05-10,,,,,,
서초구,11650,10800,서초동,1312-3,11650-3300,롯데캐슬클래식,,120.18,15,2006,180000,2019-05-30,,,,,,
서초구,11650,10700,반포동,30-26,11650-3617,반포리체,,84.967,2,2010,190000,2019-05-31,,,,,,
서초구,11650,10700,반포동,30-26,11650-3617,반포리체,,59.993,26,2010,160000,2019-05-30,,,,,,
서초구,11650,10900,내곡동,384,11650-4156,서초포레스타2단지,,84.87,11,2015,109500,2019-05-29,,,,,,
서초구,11650,11100,신원동,568,11650-4040,서초포레스타3단지,,59.96,8,2014,95500,2019-05-30,,,,,,
서초구,11650,10200,양재동,154-2,11650-440,우성,,84.58,8,1991,109000,2019-05-28,,,,,,
서초구,11650,10900,내곡동,411,11650-4063,서초더샵포레,,84.81,10,2014,113500,2019-05-30,,,,,,
서초구,11650,10700,반포동,30-26,11650-3617,반포리체,,59.994,34,2010,158000,2019-05-25,,,,,,
서초구,11650,10800,서초동,1681-8,11650-4129,서초롯데캐슬프레지던트,,84.97,9,2014,149000,2019-05-28,,,,,,
서초구,11650,10100,방배동,906-13,11650-3573,서리풀e편한세상,,84.97,7,2010,180000,2019-05-31,,,,,,
서초구,11650,10100,방배동,2525,11650-331,방배우성,,117.19,11,1991,134000,2019-05-25,,,,,,
서초구,11650,10700,반포동,60-4,11650-172,반포미도,,84.96,4,1987,155000,2019-05-29,,,,,,
서초구,11650,10700,반포동,18-1,11650-3559,래미안퍼스티지,,198.04,24,2009,401000,2019-05-27,,,,,,
서초구,11650,10700,반포동,20-43,11650-3500,반포자이,,84.943,22,2009,228000,2019-05-31,,,,,,
서초구,11650,10700,반포동,20-43,11650-3500,반포자이,,59.98,9,2009,173000,2019-05-28,,,,,,
서초구,11650,10800,서초동,1327-29,11650-3235,서초파라곤,,84.98,9,2005,95000,2019-05-30,,,,,,
서초구,11650,10700,반포동,18-1,11650-3559,래미안퍼스티지,,84.93,15,2009,285000,2019-05-27,,,,,,
서초구,11650,10700,반포동,18-1,11650-3559,래미안퍼스티지,,198.22,11,2009,368000,2019-05-25,,,,,,
서초구,11650,10900,내곡동,411,11650-4063,서초더샵포레,,84.81,7,2014,108000,2019-05-31,,,,,,
서초구,11650,10700,반포동,20-43,11650-3500,반포자이,,165.446,26,2009,335000,2019-05-31,,,,,,
서초구,11650,10100,방배동,1344,11650-290,방배1차현대홈타운,,84.96,11,1999,146500,2019-05-29,,,,,,
서초구,11650,10300,우면동,717,11650-3864,서초네이처힐3단지,,114.79,13,2013,135000,2019-05-18,,,,,,
서초구,11650,10800,서초동,1465-7,11650-555,서초코아,,70.13,5,2003,62000,2019-05-25,,,,,,
서초구,11650,10700,반포동,20-43,11650-3500,반포자이,,132.179,23,2009,295000,2019-05-23,,,,,,
서초구,11650,10600,잠원동,73,11650-117,신반포2,,79.42,5,1978,167300,2019-05-25,,,,,,
서초구,11650,10700,반포동,612-115,11650-3313,선데일,,252.23,1,2006,210000,2019-05-29,,,,,,
서초구,11650,10600,잠원동,76-2,11650-531,두산위브,,54.74,5,2003,100000,2019-05-17,,,,,,
서초구,11650,10700,반포동,18-1,11650-3559,래미안퍼스티지,,115.65,10,2009,296000,2019-05-20,,,,,,
서초구,11650,10600,잠원동,73,11650-117,신반포2,,92.2,8,1978,207000,2019-05-31,,,,,,
서초구,11650,10800,서초동,1301-6,11650-3515,래미안서초스위트,,84.9722,21,2009,159500,2019-05-25,,,,,,
서초구,11650,10700,반포동,20-43,11650-3500,반포자이,,84.943,9,2009,214000,2019-05-28,,,,,,
서초구,11650,10700,반포동,30-26,11650-3617,반포리체,,84.967,13,2010,198300,2019-05-27,,,,,,
서초구,11650,10600,잠원동,73,11650-117,신반포2,,68.91,4,1978,150000,2019-05-30,,,,,,
서초구,11650,10700,반포동,60-4,11650-172,반포미도,,84.96,4,1987,151000,2019-05-27,,,,,,
서초구,11650,10800,서초동,1615-10,11650-3321,극동스타클래스2,,84.998,9,2006,105000,2019-05-26,,,,,,
서초구,11650,10700,반포동,20-43,11650-3500,반포자이,,194.515,20,2009,355000,2019-05-30,,,,,,
서초구,11650,11100,신원동,568,11650-4040,서초포레스타3단지,,84.39,8,2014,115000,2019-05-21,,,,,,
서초구,11650,10700,반포동,20-43,11650-3500,반포자이,,132.179,15,2009,290000,2019-05-17,,,,,,
서초구,11650,10700,반포동,20-43,11650-3500,반포자이,,216.49,27,2009,366500,2019-05-31,,,,,,
서초구,11650,10200,양재동,154-2,11650-440,우성,,73.15,2,1991,91500,2019-05-17,,,,,,
서초구,11650,10800,서초동,1685-3,11650-724,아크로비스타,,138.96,22,2004,170000,2019-05-23,,,,,,
서초구,11650,10600,잠원동,158,11650-4439,래미안신반포팰리스,,84.49,5,2016,207500,2019-05-16,,,,,,
서초구,11650,10700,반포동,18-1,11650-3559,래미안퍼스티지,,135.92,14,2009,339000,2019-05-24,,,,,,
서초구,11650,10600,잠원동,73,11650-117,신반포2,,79.42,12,1978,170000,2019-05-22,,,,,,
서초구,11650,10700,반포동,968,11650-209,에이아이디차관주택,,72.51,5,1974,177000,2019-05-17,,,,,,
서초구,11650,10700,반포동,757,11650-175,반포주공1단지,,106.25,3,1973,358000,2019-05-16,,,,,,
서초구,11650,10300,우면동,70,11650-482,코오롱,,52.47,3,1994,78000,2019-05-29,,,,,,
서초구,11650,10300,우면동,57,11650-479,대림,,130.89,5,1995,135000,2019-05-31,,,,,,
서초구,11650,10100,방배동,988-1,11650-322,신동아,,103.97,1,1981,144000,2019-05-18,,,,,,
서초구,11650,10700,반포동,20-43,11650-3500,반포자이,,84.943,5,2009,217000,2019-05-25,,,,,,
서초구,11650,10700,반포동,18-1,11650-3559,래미안퍼스티지,,136.65,18,2009,320000,2019-05-13,,,,,,
서초구,11650,10100,방배동,988-1,11650-322,신동아,,105.86,5,1981,144000,2019-05-22,,,,,,
서초구,11650,10600,잠원동,58-16,11650-108,신반포10,,76.32,12,1981,194000,2019-05-15,,,,,,
서초구,11650,10600,잠원동,58-16,11650-108,신반포10,,76.32,4,1981,194000,2019-05-16,,,,,,
서초구,11650,10700,반포동,885,11650-231,한신상가,,106.58,4,1974,124000,2019-05-15,,,,,,
서초구,11650,10600,잠원동,73,11650-117,신반포2,,79.42,12,1978,168000,2019-05-15,,,,,,
서초구,11650,10800,서초동,1311-10,11650-4550,서초푸르지오써밋,,84.95,14,2017,185000,2019-05-31,,,,,,
서초구,11650,10600,잠원동,60-7,11650-99,녹원한신,,84.75,10,1995,198000,2019-05-11,,,,,,
서초구,11650,10100,방배동,1010-1,11650-342,방배임광3차,,82.34,9,1988,102500,2019-05-30,,,,,,
서초구,11650,10800,서초동,1685,11650-28,삼풍아파트,,79.47,6,1988,160000,2019-05-18,,,,,,
서초구,11650,10100,방배동,988-1,11650-322,신동아,,105.86,14,1981,144000,2019-05-21,,,,,,
서초구,11650,10800,서초동,1312-3,11650-3300,롯데캐슬클래식,,74.3,5,2006,142000,2019-05-11,,,,,,
서초구,11650,10700,반포동,20-43,11650-3500,반포자이,,59.98,6,2009,168000,2019-05-14,,,,,,
서초구,11650,10700,반포동,10,11650-176,반포푸르지오,,84.82,5,2000,159000,2019-05-25,,,,,,
서초구,11650,10700,반포동,20-43,11650-3500,반포자이,,59.98,10,2009,163000,2019-05-17,,,,,,
서초구,11650,10700,반포동,577-46,11650-695,삼정,,94.86,2,2002,74500,2019-05-09,,,,,,
서초구,11650,10800,서초동,1593-7,11650-521,서초이오빌,,45.96,18,2003,33700,2019-05-18,,,,,,
서초구,11650,10700,반포동,30-26,11650-3617,반포리체,,59.993,9,2010,155000,2019-05-21,,,,,,
서초구,11650,10600,잠원동,73,11650-117,신반포2,,68.91,12,1978,157000,2019-05-27,,,,,,
서초구,11650,10700,반포동,757,11650-175,반포주공1단지,,140.33,5,1973,417500,2019-05-14,,,,,,
서초구,11650,10100,방배동,1008-2,11650-658,래미안방배아트힐(1008-2),,127.61,18,2004,148000,2019-05-28,,,,,,
서초구,11650,10100,방배동,1008-2,11650-658,래미안방배아트힐(1008-2),,127.61,8,2004,149000,2019-05-13,,,,,,
서초구,11650,10700,반포동,60-4,11650-172,반포미도,,84.96,5,1987,160000,2019-05-10,,,,,,
서초구,11650,10700,반포동,20-43,11650-3500,반포자이,,59.98,27,2009,172000,2019-05-29,,,,,,
서초구,11650,10700,반포동,2-12,11650-4440,아크로리버파크,,84.97,11,2016,250000,2019-05-18,,,,,,
서초구,11650,10700,반포동,20-43,11650-3500,반포자이,,84.984,24,2009,210000,2019-05-11,,,,,,
서초구,11650,10700,반포동,18-1,11650-3559,래미안퍼스티지,,59.89,16,2009,172000,2019-05-10,,,,,,
서초구,11650,10700,반포동,18-1,11650-3559,래미안퍼스티지,,135.92,15,2009,322000,2019-05-09,,,,,,
서초구,11650,10700,반포동,30-26,11650-3617,반포리체,,59.994,30,2010,160000,2019-05-24,,,,,,
서초구,11650,10600,잠원동,73,11650-117,신반포2,,79.42,11,1978,169000,2019-05-07,,,,,,
서초구,11650,10600,잠원동,160,11650-4675,신반포자이,,84.92,6,2018,226000,2019-05-05,,,,,,
서초구,11650,10900,내곡동,411,11650-4063,서초더샵포레,,59.69,8,2014,95000,2019-05-18,,,,,,
서초구,11650,10600,잠원동,157,11650-102,동아,,84.91,4,2002,170000,2019-05-25,,,,,,
서초구,11650,10200,양재동,154-2,11650-440,우성,,73.15,8,1991,93500,2019-05-10,,,,,,
서초구,11650,10600,잠원동,73,11650-117,신반포2,,92.2,1,1978,185000,2019-05-08,,,,,,
서초구,11650,10700,반포동,30-26,11650-3617,반포리체,,84.967,10,2010,197500,2019-05-24,,,,,,
서초구,11650,10200,양재동,154-2,11650-440,우성,,84.88,10,1991,106000,2019-05-14,,,,,,
서초구,11650,10700,반포동,20-43,11650-3500,반포자이,,84.943,18,2009,221000,2019-05-29,,,,,,
서초구,11650,10700,반포동,1341,11650-4678,반포래미안아이파크,,112.96,17,2018,262000,2019-05-11,,,,,,
서초구,11650,10800,서초동,1641-13,11650-54,아남,,84.96,10,1989,121000,2019-05-21,,,,,,
서초구,11650,10200,양재동,402-15,11650-680,휴먼씨티,,59.75,6,2001,40000,2019-05-04,,,,,,
서초구,11650,10700,반포동,18-1,11650-3559,래미안퍼스티지,,135.92,1,2009,301000,2019-05-01,,,,,,
서초구,11650,10700,반포동,30-26,11650-3617,반포리체,,84.967,4,2010,190000,2019-05-21,,,,,,
서초구,11650,10700,반포동,20-43,11650-3500,반포자이,,84.982,18,2009,210000,2019-05-24,,,,,,
서초구,11650,10700,반포동,757,11650-175,반포주공1단지,,140.13,5,1973,455000,2019-05-22,,,,,,
서초구,11650,10800,서초동,1346,11650-85,현대아파트,,84.34,1,1989,110000,2019-05-27,,,,,,
서초구,11650,10200,양재동,154-2,11650-440,우성,,84.58,10,1991,107000,2019-05-02,,,,,,
서초구,11650,10700,반포동,20-43,11650-3500,반포자이,,216.49,13,2009,321000,2019-05-03,,,,,,
서초구,11650,10700,반포동,18-1,11650-3559,래미안퍼스티지,,59.96,25,2009,192000,2019-05-01,,,,,,
서초구,11650,10600,잠원동,67-2,11650-530,브라운스톤잠원,,84.94,14,2003,150000,2019-05-18,,,,,,
서초구,11650,10800,서초동,1685,11650-28,삼풍아파트,,79.47,8,1988,159000,2019-05-22,,,,,,
서초구,11650,10800,서초동,1312-3,11650-3300,롯데캐슬클래식,,120.18,14,2006,180000,2019-05-03,,,,,,
서초구,11650,10700,반포동,20-43,11650-3500,반포자이,,59.98,8,2009,163000,2019-05-10,,,,,,
서초구,11650,10100,방배동,988-1,11650-322,신동아,,175.04,7,1981,218000,2019-05-24,,,,,,
서초구,11650,10100,방배동,752-36,11650-640,방배아크로리버,,149.225,14,2004,145000,2019-05-18,,,,,,
서초구,11650,10200,양재동,154-2,11650-440,우성,,84.91,11,1991,107000,2019-05-17,,,,,,
서초구,11650,10700,반포동,20-43,11650-3500,반포자이,,84.943,18,2009,225000,2019-05-20,,,,,,
서초구,11650,10100,방배동,776-3,11650-265,쌍용예가클래식,,121.0751,4,2006,144000,2019-05-17,,,,,,
서초구,11650,10600,잠원동,158,11650-4439,래미안신반포팰리스,,133.01,4,2016,274500,2019-05-11,,,,,,
서초구,11650,10700,반포동,1-15,11650-205,한신23차,,56.9,2,1983,160000,2019-05-30,,,,,,
서초구,11650,10800,서초동,1312-3,11650-3300,롯데캐슬클래식,,120.18,18,2006,180000,2019-05-09,,,,,,
서초구,11650,10800,서초동,1687,11650-62,유원서초,,84.87,16,1993,133000,2019-05-22,,,,,,
서초구,11650,10800,서초동,1687,11650-62,유원서초,,84.82,12,1993,130000,2019-05-15,,,,,,
서초구,11650,10700,반포동,20-43,11650-3500,반포자이,,194.515,2,2009,324000,2019-05-07,,,,,,
서초구,11650,10800,서초동,1446-11,11650-519,현대슈퍼빌,,164.87,30,2003,170000,2019-05-29,,,,,,
서초구,11650,10700,반포동,757,11650-175,반포주공1단지,,140.13,2,1973,435000,2019-05-03,,,,,,
서초구,11650,10800,서초동,1454-29,11650-43,서초한신,,95.86,1,2001,103000,2019-05-30,,,,,,
서초구,11650,10100,방배동,2525,11650-331,방배우성,,117.19,6,1991,130000,2019-05-20,,,,,,
서초구,11650,10600,잠원동,54-7,11650-132,신화,,81.37,7,1997,125000,2019-05-25,,,,,,
서초구,11650,10700,반포동,1342,11650-4703,반포써밋,,84.9716,30,2018,195000,2019-05-17,,,,,,
서초구,11650,10800,서초동,1671-5,11650-605,대림서초리시온,,45.72,9,2003,38900,2019-05-27,,,,,,
서초구,11650,10700,반포동,757,11650-175,반포주공1단지,,104.89,1,1973,337000,2019-05-07,,,,,,
서초구,11650,10600,잠원동,58,11650-156,금호베스트빌,,84.97,2,2002,145000,2019-05-15,,,,,,
서초구,11650,10800,서초동,1445-14,11650-3284,더샵서초,,152.95,28,2006,158000,2019-05-12,,,,,,
서초구,11650,10800,서초동,1685,11650-28,삼풍아파트,,79.47,11,1988,160500,2019-05-25,,,,,,
서초구,11650,10100,방배동,2525,11650-331,방배우성,,80.2,10,1991,104000,2019-05-22,,,,,,
서초구,11650,10100,방배동,488-2,11650-3628,리베하임,,112.74,1,2016,68500,2019-05-08,,,,,,
서초구,11650,10800,서초동,1454-29,11650-43,서초한신,,84.99,6,2001,110000,2019-05-28,,,,,,
서초구,11650,10800,서초동,1685,11650-28,삼풍아파트,,79.47,7,1988,154500,2019-05-16,,,,,,
서초구,11650,10600,잠원동,58-24,11650-109,신반포11,,111.58,1,1981,222000,2019-05-04,,,,,,
서초구,11650,10800,서초동,1681-8,11650-4129,서초롯데캐슬프레지던트,,84.97,31,2014,156000,2019-05-15,,,,,,
서초구,11650,10700,반포동,968,11650-209,에이아이디차관주택,,72.51,3,1974,175000,2019-05-13,,,,,,
서초구,11650,10600,잠원동,54,11650-103,미주파스텔,,59.57,16,2002,118000,2019-05-14,,,,,,
서초구,11650,10200,양재동,11-17,11650-3347,한솔로이젠트,,84.65,11,2006,92000,2019-05-20,,,,,,
서초구,11650,10300,우면동,753,11650-3963,서초호반써밋,,101.0482,11,2013,111000,2019-05-21,,,,,,
서초구,11650,10700,반포동,20-43,11650-3500,반포자이,,216.49,7,2009,364000,2019-05-09,,,,,,
서초구,11650,10600,잠원동,71-12,11650-142,킴스빌리지,,30.18,6,1996,64000,2019-05-27,,,,,,
서초구,11650,10800,서초동,1685,11650-28,삼풍아파트,,130.73,14,1988,215000,2019-05-22,,,,,,
서초구,11650,10600,잠원동,73,11650-117,신반포2,,92.2,12,1978,209000,2019-05-14,,,,,,
서초구,11650,10300,우면동,753,11650-3963,서초호반써밋,,101.0482,2,2013,110000,2019-05-19,,,,,,
서초구,11650,10300,우면동,67,11650-483,한라,,59.98,3,1994,79500,2019-05-14,,,,,,
서초구,11650,10600,잠원동,63-2,11650-141,신반포청구,,84.86,16,1998,165000,2019-05-11,,,,,,
서초구,11650,10700,반포동,30-26,11650-3617,반포리체,,59.993,30,2010,152000,2019-05-15,,,,,,
서초구,11650,10700,반포동,30-26,11650-3617,반포리체,,84.967,30,2010,199500,2019-05-11,,,,,,
서초구,11650,10100,방배동,449-2,11650-388,다솔,,96.69,2,2002,73000,2019-05-24,,,,,,
서초구,11650,10700,반포동,2-12,11650-4440,아크로리버파크,,84.97,13,2016,251500,2019-05-02,,,,,,
서초구,11650,10800,서초동,1754,11650-4622,래미안서초에스티지S,,84.8,2,2018,175000,2019-05-11,,,,,,
서초구,11650,10800,서초동,1593-7,11650-521,서초이오빌,,50.77,17,2003,47000,2019-05-25,,,,,,
서초구,11650,10200,양재동,154-2,11650-440,우성,,73.15,7,1991,95000,2019-05-01,,,,,,
서초구,11650,10800,서초동,1315,11650-66,진흥아파트,,101.32,15,1979,161000,2019-05-03,,,,,,
서초구,11650,10300,우면동,59,11650-480,동고,,84.96,11,1995,89000,2019-05-14,,,,,,
서초구,11650,10800,서초동,1456-2,11650-3257,경남아너스빌201동,,84.95,1,2006,104500,2019-05-28,,,,,,
서초구,11650,10800,서초동,1350-13,11650-88,동원베네스트아파트,,84.9,11,2002,112000,2019-05-07,,,,,,
서초구,11650,10800,서초동,1687,11650-62,유원서초,,84.82,1,1993,125500,2019-05-31,,,,,,
서초구,11650,10200,양재동,12-10,11650-3205,양재한신휴플러스,,84.92,7,2005,87500,2019-05-17,,,,,,
서초구,11650,10700,반포동,20-43,11650-3500,반포자이,,84.982,21,2009,199000,2019-05-05,,,,,,
서초구,11650,10200,양재동,370,11650-451,현대,,146.56,6,1993,90000,2019-05-03,,,,,,
서초구,11650,10800,서초동,1487-63,11650-708,서초1차e-편한세상,,130.53,9,2004,158000,2019-05-18,,,,,,
서초구,11650,10600,잠원동,49-8,11650-144,한강,,84.53,3,1989,155000,2019-05-03,,,,,,
서초구,11650,10800,서초동,1330,11650-608,서초동삼성쉐르빌2,,35.22,16,2002,27500,2019-05-28,,,,,,
서초구,11650,10900,내곡동,411,11650-4063,서초더샵포레,,114.71,2,2014,110000,2019-05-25,,,,,,
서초구,11650,10600,잠원동,60-4,11650-149,한신타운,,78.39,11,1989,139000,2019-05-07,,,,,,
서초구,11650,10300,우면동,737,11650-3874,서초네이처힐6단지,,59.99,3,2013,95000,2019-05-31,,,,,,
서초구,11650,10700,반포동,60-5,11650-173,반포미도2차아파트,,71.49,5,1989,129800,2019-05-25,,,,,,
서초구,11650,10100,방배동,477-7,11650-636,파라다이스(477-7),,84.67,2,2004,79000,2019-05-28,,,,,,
서초구,11650,10700,반포동,30-26,11650-3617,반포리체,,59.994,22,2010,151000,2019-05-25,,,,,,
서초구,11650,10700,반포동,20-43,11650-3500,반포자이,,59.98,4,2009,163000,2019-05-07,,,,,,
서초구,11650,10300,우면동,753,11650-3963,서초호반써밋,,101.0482,4,2013,117600,2019-05-22,,,,,,
서초구,11650,10100,방배동,3278,11650-4706,방배아트자이,,59.905,10,2018,122000,2019-05-08,,,,,,
서초구,11650,10800,서초동,1455-9,11650-3220,경남아너스빌,,136.224,5,2005,140000,2019-05-26,,,,,,
서초구,11650,10800,서초동,1510-15,11650-716,서초화원그랑빌,,79.7,3,2002,74000,2019-05-09,,,,,,
서초구,11650,10600,잠원동,61-2,11650-116,신반포19,,107.01,9,1982,174500,2019-05-11,,,,,,
서초구,11650,10100,방배동,2001,11650-380,방배2차현대홈타운,,59.86,9,2001,115000,2019-05-18,,,,,,
서초구,11650,10800,서초동,1301-6,11650-3515,래미안서초스위트,,84.9571,2,2009,159000,2019-05-01,,,,,,
서초구,11650,10700,반포동,20-43,11650-3500,반포자이,,84.998,23,2009,199000,2019-05-04,,,,,,
서초구,11650,10700,반포동,18-1,11650-3559,래미안퍼스티지,,222.76,13,2009,428000,2019-05-09,,,,,,
서초구,11650,10800,서초동,1656-4,11650-3568,롯데캐슬메디치,,124.18,13,2010,120790,2019-05-03,,,,,,
서초구,11650,10700,반포동,30-26,11650-3617,반포리체,,106.148,30,2010,227000,2019-05-11,,,,,,
서초구,11650,10300,우면동,717,11650-3864,서초네이처힐3단지,,114.79,17,2013,137000,2019-05-17,,,,,,
서초구,11650,10800,서초동,1523-9,11650-720,오로라빌,,120.2,5,2004,86000,2019-05-24,,,,,,
서초구,11650,10800,서초동,1315,11650-66,진흥아파트,,101.32,10,1979,163000,2019-05-08,,,,,,
서초구,11650,10200,양재동,154-2,11650-440,우성,,73.15,7,1991,97000,2019-05-18,,,,,,
서초구,11650,10800,서초동,1509-1,11650-42,서초한빛삼성,,59.52,9,1999,100000,2019-05-18,,,,,,
서초구,11650,10600,잠원동,63-2,11650-141,신반포청구,,84.86,5,1998,170000,2019-05-28,,,,,,
서초구,11650,10700,반포동,54-5,11650-168,반포두산힐스빌,,58.7,4,2001,84000,2019-05-08,,,,,,
서초구,11650,10600,잠원동,73,11650-117,신반포2,,107.31,12,1978,220000,2019-05-19,,,,,,
서초구,11650,10600,잠원동,63-2,11650-141,신반포청구,,84.86,17,1998,150000,2019-05-21,,,,,,
서초구,11650,10800,서초동,1326-17,11650-60,우성아파트,,76.67,10,1998,135000,2019-05-17,,,,,,
서초구,11650,10300,우면동,773,11650-3821,서초힐스,,84.96,15,2012,105000,2019-05-16,,,,,,
서초구,11650,10600,잠원동,60-3,11650-129,신반포8,,141.53,5,1981,285000,2019-05-20,,,,,,
서초구,11650,10700,반포동,70-1,11650-232,한신서래,,115,12,1987,150500,2019-05-25,,,,,,
서초구,11650,10800,서초동,1347-20,11650-3301,서초벽산블루밍,,133.28,3,2006,145000,2019-05-24,,,,,,
서초구,11650,10100,방배동,758-4,11650-310,삼호2,,127.94,2,1976,140000,2019-05-22,,,,,,
서초구,11650,10800,서초동,1685,11650-28,삼풍아파트,,79.47,7,1988,164000,2019-05-15,,,,,,
서초구,11650,10800,서초동,1310-4,11650-3471,서초두산위브트레지움,,130.3,14,2008,160000,2019-05-09,,,,,,
서초구,11650,10800,서초동,1687,11650-62,유원서초,,84.87,4,1993,128000,2019-05-18,,,,,,
서초구,11650,10200,양재동,12-10,11650-3205,양재한신휴플러스,,84.89,12,2005,88000,2019-05-19,,,,,,
서초구,11650,10100,방배동,877-4,11650-737,방배삼성홈타운(101),,109.27,5,2004,108000,2019-05-16,,,,,,
서초구,11650,10100,방배동,906-13,11650-3573,서리풀e편한세상,,84.97,5,2010,164500,2019-05-20,,,,,,
서초구,11650,10200,양재동,154-2,11650-440,우성,,84.58,7,1991,104000,2019-05-07,,,,,,
서초구,11650,10600,잠원동,158,11650-4439,래미안신반포팰리스,,84.49,10,2016,213000,2019-05-06,,,,,,
서초구,11650,10700,반포동,30-26,11650-3617,반포리체,,84.972,21,2010,196000,2019-05-10,,,,,,
서초구,11650,10800,서초동,1350-13,11650-88,동원베네스트아파트,,84.9,12,2002,119000,2019-05-10,,,,,,
서초구,11650,10700,반포동,1342,11650-4703,반포써밋,,133.0453,9,2018,271000,2019-05-27,,,,,,
서초구,11650,10800,서초동,1641-1,11650-24,서초삼성래미안,,121.66,5,2001,146000,2019-05-02,,,,,,
서초구,11650,10800,서초동,1685,11650-28,삼풍아파트,,79.47,10,1988,161000,2019-05-10,,,,,,
서초구,11650,10100,방배동,999,11650-336,월드빌라트(999),,261.49,2,1994,135000,2019-05-13,,,,,,
서초구,11650,10600,잠원동,60-7,11650-99,녹원한신,,84.75,3,1995,195000,2019-05-02,,,,,,
서초구,11650,10600,잠원동,49-5,11650-528,빌폴라리스,,244.76,3,2003,290000,2019-05-15,,,,,,
서초구,11650,10700,반포동,20-43,11650-3500,반포자이,,84.943,19,2009,207000,2019-05-12,,,,,,
서초구,11650,10100,방배동,812-1,11650-4538,TheHerren,,67.13,2,2017,74700,2019-05-29,,,,,,
서초구,11650,10800,서초동,1642-34,11650-3243,래미안서초7차,,110.68,1,2006,119000,2019-05-03,,,,,,
서초구,11650,10300,우면동,773,11650-3821,서초힐스,,74.96,9,2012,92000,2019-05-04,,,,,,
서초구,11650,10100,방배동,957-7,11650-513,방배대성유니드아파트,,124.95,12,2003,94000,2019-05-27,,,,,,
서초구,11650,10800,서초동,1330,11650-608,서초동삼성쉐르빌2,,70.49,14,2002,59900,2019-05-06,,,,,,
서초구,11650,10700,반포동,112-15,11650-3344,반포에스케이뷰,,213.15,2,2006,195000,2019-05-28,,,,,,
서초구,11650,10700,반포동,2-12,11650-4440,아크로리버파크,,164.39,13,2016,418000,2019-05-31,,,,,,
서초구,11650,10700,반포동,30-26,11650-3617,반포리체,,59.993,34,2010,154000,2019-05-13,,,,,,
서초구,11650,10800,서초동,1671-5,11650-605,대림서초리시온,,45.72,9,2003,42700,2019-05-20,,,,,,
서초구,11650,10100,방배동,816-1,11650-590,한신트리플,,39.31,8,2004,40000,2019-05-08,,,,,,
서초구,11650,10800,서초동,1529,11650-774,서초2차e-편한세상,,116.745,8,2005,147500,2019-05-03,,,,,,
서초구,11650,10700,반포동,713-1,11650-259,반포훼미리(101동),,108.5,10,2002,86000,2019-05-20,,,,,,
서초구,11650,10100,방배동,883-9,11650-3255,황실자이,,191.297,6,2005,230000,2019-05-15,,,,,,
서초구,11650,10300,우면동,773,11650-3821,서초힐스,,84.96,7,2012,101500,2019-05-14,,,,,,
서초구,11650,10100,방배동,3278,11650-4706,방배아트자이,,84.9383,4,2018,149800,2019-05-22,,,,,,
서초구,11650,10100,방배동,3278,11650-4706,방배아트자이,,59.9775,2,2018,120000,2019-05-18,,,,,,
서초구,11650,10700,반포동,20-43,11650-3500,반포자이,,59.98,4,2009,156500,2019-05-29,,,,,,
서초구,11650,10700,반포동,18-1,11650-3559,래미안퍼스티지,,59.96,19,2009,182000,2019-05-11,,,,,,
서초구,11650,10800,서초동,1494-4,11650-626,더미켈란,,244.98,4,2005,225000,2019-05-10,,,,,,
서초구,11650,10600,잠원동,157,11650-102,동아,,84.91,9,2002,161500,2019-05-19,,,,,,
서초구,11650,10600,잠원동,56-3,11650-145,한신,,84.52,7,1992,167500,2019-05-12,,,,,,
서초구,11650,10300,우면동,764,11650-4065,우솔마을서초리슈빌S아파트,,31.159,8,2014,34500,2019-05-21,,,,,,
서초구,11650,10300,우면동,764,11650-4065,우솔마을서초리슈빌S아파트,,30.89,2,2014,29500,2019-05-25,,,,,,
서초구,11650,10300,우면동,764,11650-4065,우솔마을서초리슈빌S아파트,,21.5893,6,2014,18900,2019-05-25,,,,,,
서초구,11650,10800,서초동,1330,11650-608,서초동삼성쉐르빌2,,35.22,13,2002,27500,2019-05-17,,,,,,
서초구,11650,10800,서초동,1446-11,11650-519,현대슈퍼빌,,205.67,12,2003,205000,2019-05-02,,,,,,
서초구,11650,10100,방배동,3278,11650-4706,방배아트자이,,59.9775,10,2018,117000,2019-05-21,,,,,,
서초구,11650,10300,우면동,753,11650-3963,서초호반써밋,,101.0109,8,2013,111000,2019-05-18,,,,,,
서초구,11650,10100,방배동,801-7,11650-835,멤버스카운티601,,107.62,3,2005,120000,2019-05-11,,,,,,
서초구,11650,10700,반포동,18-1,11650-3559,래미안퍼스티지,,59.89,2,2009,170500,2019-05-18,,,,,,
서초구,11650,10600,잠원동,58-16,11650-108,신반포10,,53.88,4,1981,135000,2019-05-14,,,,,,
서초구,11650,10800,서초동,1446-11,11650-519,현대슈퍼빌,,216.16,9,2003,200000,2019-05-13,,,,,,
서초구,11650,10800,서초동,1330,11650-608,서초동삼성쉐르빌2,,35.22,5,2002,27000,2019-05-18,,,,,,
서초구,11650,10700,반포동,1342,11650-4703,반포써밋,,84.4182,11,2018,190000,2019-05-11,,,,,,
서초구,11650,10800,서초동,1446-11,11650-519,현대슈퍼빌,,164.87,11,2003,175000,2019-05-08,,,,,,
서초구,11650,10800,서초동,1303-35,11650-3217,강남태영데시앙루브,,84.43,15,2005,100000,2019-05-03,,,,,,
서초구,11650,10100,방배동,808-10,11650-3414,벨루체팰리스,,77.74,5,2007,87000,2019-05-14,,,,,,
서초구,11650,10800,서초동,1445-14,11650-3284,더샵서초,,33.06,31,2006,50000,2019-05-08,,,,,,
서초구,11650,10600,잠원동,159,11650-4676,아크로리버뷰신반포,,78.5,20,2018,253000,2019-05-11,,,,,,
서초구,11650,10100,방배동,3278,11650-4706,방배아트자이,,84.9383,3,2018,138000,2019-05-17,,,,,,
서초구,11650,10700,반포동,1-8,11650-159,반포경남아파트,,97.79,11,1978,222800,2019-05-03,,,,,,
서초구,11650,10800,서초동,1337-22,11650-3218,서초동대우디오빌프라임,,84.92,15,2005,67000,2019-05-15,,,,,,
서초구,11650,10100,방배동,2525,11650-331,방배우성,,117.19,2,1991,90000,2019-05-16,,,,,,
서초구,11650,10700,반포동,20-43,11650-3500,반포자이,,194.515,19,2009,340000,2019-05-03,,,,,,
서초구,11650,10600,잠원동,56-3,11650-145,한신,,84.52,11,1992,167000,2019-05-10,,,,,,
서초구,11650,10800,서초동,1671-5,11650-605,대림서초리시온,,49.92,7,2003,44000,2019-05-14,,,,,,
서초구,11650,10700,반포동,20-43,11650-3500,반포자이,,84.998,9,2009,218000,2019-05-09,,,,,,
서초구,11650,10800,서초동,1671-5,11650-605,대림서초리시온,,49.92,7,2003,43500,2019-05-02,,,,,,
서초구,11650,10900,내곡동,411,11650-4063,서초더샵포레,,114.68,4,2014,110000,2019-05-01,,,,,,
서초구,11650,10800,서초동,1330,11650-608,서초동삼성쉐르빌2,,35.22,12,2002,27650,2019-05-02,,,,,,
서초구,11650,10600,잠원동,157,11650-102,동아,,84.91,14,2002,166000,2019-05-02,,,,,,
강남구,11680,11000,압구정동,456,11680-421,"현대7차(73~77,82,85동)",,245.2,10,1979,520000,2019-05-07,,,,,,
강남구,11680,10300,개포동,1280,11680-4800,래미안블레스티지,,84.943,19,2019,185000,2019-05-31,,,,,,
강남구,11680,10600,대치동,506,11680-3559,선경2차(8동-12동),,84.55,7,1985,220000,2019-05-20,,,,,,
강남구,11680,10100,역삼동,755-1,11680-3678,개나리푸르지오,,132.8355,13,2006,235000,2019-05-26,,,,,,
강남구,11680,11000,압구정동,510,11680-383,한양8(81동한개동),,210.1,11,1984,402000,2019-05-03,,,,,,
강남구,11680,10100,역삼동,759-1,11680-246,은하수,,69.99,9,1992,75000,2019-05-23,,,,,,
강남구,11680,10300,개포동,1280,11680-4800,래미안블레스티지,,59.888,6,2019,134000,2019-05-27,,,,,,
강남구,11680,10400,청담동,130-10,11680-26,뉴현대리버빌,,133.12,7,1996,145000,2019-05-30,,,,,,
강남구,11680,11800,도곡동,161,11680-330,삼성,,73.41,9,1994,140000,2019-05-25,,,,,,
강남구,11680,10600,대치동,500,11680-216,개포우성2,,127.78,8,1984,272000,2019-05-27,,,,,,
강남구,11680,11800,도곡동,538-3,11680-4173,래미안도곡카운티,,93.07,5,2016,201000,2019-05-26,,,,,,
강남구,11680,10400,청담동,50-5,11680-474,대우유로카운티,,105.52,4,2004,157900,2019-05-30,,,,,,
강남구,11680,10600,대치동,63,11680-217,"대치우성아파트1동,2동,3동,5동,6동,7동",,84.69,7,1984,168000,2019-05-30,,,,,,
강남구,11680,10800,논현동,275,11680-392,동부센트레빌,,84.9875,14,2003,133000,2019-05-28,,,,,,
강남구,11680,10500,삼성동,87,11680-472,아이파크,,156.857,11,2004,348000,2019-05-30,,,,,,
강남구,11680,10600,대치동,316,11680-218,은마,,76.79,3,1979,170000,2019-05-30,,,,,,
강남구,11680,11000,압구정동,513,11680-382,한양5,,153.59,5,1979,314000,2019-05-25,,,,,,
강남구,11680,10300,개포동,1164-7,11680-1364,아람손프라자/비바빌,,59.96,5,2001,33000,2019-05-31,,,,,,
강남구,11680,11000,압구정동,433,11680-425,신현대11차,,170.81,8,1983,338000,2019-05-22,,,,,,
강남구,11680,10600,대치동,670,11680-601,동부센트레빌,,161.47,6,2005,320000,2019-05-26,,,,,,
강남구,11680,10100,역삼동,755-4,11680-3622,e-편한세상,,59.606,11,2005,149500,2019-05-30,,,,,,
강남구,11680,10300,개포동,653,11680-292,현대1차101동~106동,,128.62,7,1984,190000,2019-05-24,,,,,,
강남구,11680,10600,대치동,511,11680-481,한보미도맨션2,,126.33,14,1985,250000,2019-05-31,,,,,,
강남구,11680,11800,도곡동,527,11680-3623,도곡렉슬,,59.9772,22,2006,132000,2019-05-27,,,,,,
강남구,11680,10100,역삼동,722,11680-276,경남아너스빌,,84.688,2,2002,97800,2019-05-24,,,,,,
강남구,11680,10600,대치동,63,11680-217,"대치우성아파트1동,2동,3동,5동,6동,7동",,84.69,2,1984,169000,2019-05-28,,,,,,
강남구,11680,11800,도곡동,963,11680-327,럭키(963),,124.66,5,1995,170000,2019-05-23,,,,,,
강남구,11680,11000,압구정동,513,11680-382,한양5,,102.35,7,1979,214000,2019-05-26,,,,,,
강남구,11680,10400,청담동,134-38,11680-4004,청담자이,,49.639,8,2011,160000,2019-05-30,,,,,,
강남구,11680,10300,개포동,653,11680-292,현대1차101동~106동,,176.56,7,1984,222000,2019-05-22,,,,,,
강남구,11680,11000,압구정동,433,11680-425,신현대11차,,183.41,1,1983,350000,2019-05-27,,,,,,
강남구,11680,11800,도곡동,527,11680-3623,도곡렉슬,,120.8233,12,2006,210000,2019-05-18,,,,,,
강남구,11680,10500,삼성동,79,11680-200,홍실아파트,,94.26,11,1981,209500,2019-05-31,,,,,,
강남구,11680,10600,대치동,511,11680-222,한보미도맨션1,,128.01,6,1983,248000,2019-05-29,,,,,,
강남구,11680,11400,일원동,734,11680-303,상록수,,84.95,1,1993,150000,2019-05-24,,,,,,
강남구,11680,10600,대치동,511,11680-481,한보미도맨션2,,84.96,1,1985,186900,2019-05-26,,,,,,
강남구,11680,10300,개포동,651-1,11680-286,"우성9차아파트901동,902동",,84.9,9,1991,147850,2019-05-29,,,,,,
강남구,11680,10600,대치동,316,11680-218,은마,,84.43,13,1979,190700,2019-05-21,,,,,,
강남구,11680,10300,개포동,141,11680-573,개포주공1단지,,50.64,2,1982,178500,2019-05-28,,,,,,
강남구,11680,10400,청담동,101-17,11680-4802,효성빌라청담101(B동),,226.74,3,2019,530000,2019-05-21,,,,,,
강남구,11680,11100,세곡동,525,11680-4003,강남데시앙파크,,84.97,7,2011,90000,2019-05-27,,,,,,
강남구,11680,10300,개포동,12,11680-280,성원대치2단지아파트,,39.53,2,1992,84500,2019-05-24,,,,,,
강남구,11680,10100,역삼동,754-1,11680-3643,역삼푸르지오,,84.9097,16,2006,167000,2019-05-25,,,,,,
강남구,11680,10600,대치동,506,11680-211,선경1차(1동-7동),,117.7,11,1983,255000,2019-05-30,,,,,,
강남구,11680,10600,대치동,511,11680-481,한보미도맨션2,,126.33,7,1985,244000,2019-05-20,,,,,,
강남구,11680,11400,일원동,615-1,11680-310,개포한신,,107.6,4,1984,148500,2019-05-29,,,,,,
강남구,11680,10800,논현동,105,11680-121,동현아파트1~6,,84.92,8,1985,134500,2019-05-25,,,,,,
강남구,11680,10600,대치동,316,11680-218,은마,,84.43,12,1979,192000,2019-05-23,,,,,,
강남구,11680,11800,도곡동,869,11680-332,삼익,,153.71,13,1983,160000,2019-05-31,,,,,,
강남구,11680,10600,대치동,670,11680-601,동부센트레빌,,161.47,11,2005,315000,2019-05-27,,,,,,
강남구,11680,10300,개포동,187,11680-391,개포주공5단지,,61.19,3,1983,150000,2019-05-20,,,,,,
강남구,11680,10600,대치동,888,11680-3752,대치아이파크,,119.58,12,2008,247500,2019-05-27,,,,,,
강남구,11680,11000,압구정동,369-1,11680-415,"현대1차(12,13,21,22,31,32,33동)",,131.48,5,1976,275000,2019-05-18,,,,,,
강남구,11680,11800,도곡동,467,11680-364,타워팰리스1,,137.24,23,2002,214800,2019-05-22,,,,,,
강남구,11680,10500,삼성동,106,11680-191,풍림(1차),,59.7,5,1998,125000,2019-05-28,,,,,,
강남구,11680,10100,역삼동,713-11,11680-3679,역삼I'PARK,,116.285,19,2006,213000,2019-05-20,,,,,,
강남구,11680,11500,수서동,736,11680-319,신동아,,39.51,15,1992,79500,2019-05-31,,,,,,
강남구,11680,10300,개포동,141,11680-573,개포주공1단지,,41.98,5,1982,169000,2019-05-29,,,,,,
강남구,11680,11800,도곡동,527,11680-3623,도곡렉슬,,119.8906,13,2006,208000,2019-05-30,,,,,,
강남구,11680,11500,수서동,746,11680-314,까치마을,,39.6,14,1993,78000,2019-05-27,,,,,,
강남구,11680,10100,역삼동,754-1,11680-3643,역삼푸르지오,,84.9097,8,2006,180000,2019-05-25,,,,,,
강남구,11680,10500,삼성동,127-5,11680-518,삼성오네뜨,,144.43,1,2004,128000,2019-05-15,,,,,,
강남구,11680,10100,역삼동,763-16,11680-3871,래미안그레이튼,,142.06,15,2009,216500,2019-05-30,,,,,,
강남구,11680,11500,수서동,799,11680-4510,강남 더샵 포레스트,,124.5792,6,2016,211000,2019-05-12,,,,,,
강남구,11680,11800,도곡동,467-7,11680-566,아카데미스위트1,,83,4,2004,107000,2019-05-14,,,,,,
강남구,11680,10600,대치동,316,11680-218,은마,,84.43,4,1979,187500,2019-05-18,,,,,,
강남구,11680,11500,수서동,795,11680-4324,강남데시앙포레,,59.81,2,2014,103000,2019-05-18,,,,,,
강남구,11680,10600,대치동,511,11680-222,한보미도맨션1,,128.01,9,1983,260000,2019-05-15,,,,,,
강남구,11680,11400,일원동,731,11680-309,한솔마을,,84.73,2,1994,141000,2019-05-15,,,,,,
강남구,11680,11000,압구정동,434,11680-426,신현대12차,,170.38,7,1982,337500,2019-05-30,,,,,,
강남구,11680,11000,압구정동,447,11680-428,"현대14차(203,204,205,206동)",,84.98,6,1987,237000,2019-05-15,,,,,,
강남구,11680,11800,도곡동,527,11680-3623,도곡렉슬,,134.9023,8,2006,260000,2019-05-27,,,,,,
강남구,11680,11800,도곡동,527,11680-3623,도곡렉슬,,84.9984,11,2006,197000,2019-05-27,,,,,,
강남구,11680,11000,압구정동,433,11680-425,신현대11차,,183.41,4,1983,364000,2019-05-04,,,,,,
강남구,11680,10600,대치동,670,11680-601,동부센트레빌,,145.83,8,2005,279000,2019-05-24,,,,,,
강남구,11680,11000,압구정동,434,11680-426,신현대12차,,182.95,8,1982,390000,2019-05-24,,,,,,
강남구,11680,11400,일원동,719,11680-308,푸른마을아파트101동~111동,,59.76,7,1994,98000,2019-05-25,,,,,,
강남구,11680,11000,압구정동,455,11680-419,"현대5차(71,72동)",,82.23,8,1977,240000,2019-05-30,,,,,,
강남구,11680,10500,삼성동,11,11680-3733,롯데캐슬프레미어,,84.484,18,2007,178000,2019-05-25,,,,,,
강남구,11680,10600,대치동,1027,11680-4394,래미안대치팰리스,,84.99,7,2015,240000,2019-05-18,,,,,,
강남구,11680,10500,삼성동,7-3,11680-3732,래미안삼성2차,,101.38,7,2007,187000,2019-05-19,,,,,,
강남구,11680,11400,일원동,734,11680-303,상록수,,74.54,4,1993,135000,2019-05-15,,,,,,
강남구,11680,11000,압구정동,397,11680-20,미성2차,,140.9,11,1987,255000,2019-05-14,,,,,,
강남구,11680,11800,도곡동,465,11680-337,우성4,,84.6,3,1985,175000,2019-05-12,,,,,,
강남구,11680,11000,압구정동,434,11680-426,신현대12차,,155.52,2,1982,310000,2019-05-29,,,,,,
강남구,11680,11000,압구정동,455,11680-419,"현대5차(71,72동)",,82.23,12,1977,244000,2019-05-16,,,,,,
강남구,11680,10600,대치동,974,11680-206,대치현대,,85,13,1999,155000,2019-05-18,,,,,,
강남구,11680,10300,개포동,12,11680-280,성원대치2단지아파트,,39.53,14,1992,87000,2019-05-18,,,,,,
강남구,11680,10600,대치동,1027,11680-4394,래미안대치팰리스,,84.97,7,2015,237000,2019-05-26,,,,,,
강남구,11680,10600,대치동,503,11680-372,개포우성1,,127.61,12,1983,300000,2019-05-31,,,,,,
강남구,11680,11800,도곡동,161,11680-330,삼성,,73.41,5,1994,130000,2019-05-07,,,,,,
강남구,11680,11800,도곡동,527,11680-3623,도곡렉슬,,84.9984,10,2006,185000,2019-05-29,,,,,,
강남구,11680,11000,압구정동,397,11680-20,미성2차,,74.4,14,1987,178000,2019-05-10,,,,,,
강남구,11680,10800,논현동,221-7,11680-4202,한양수자인어반게이트,,16.2,8,2013,21000,2019-05-31,,,,,,
강남구,11680,10300,개포동,141,11680-573,개포주공1단지,,42.55,1,1982,209000,2019-05-17,,,,,,
강남구,11680,10500,삼성동,11,11680-3733,롯데캐슬프레미어,,176.613,11,2007,280000,2019-05-21,,,,,,
강남구,11680,11000,압구정동,447,11680-428,"현대14차(203,204,205,206동)",,84.98,4,1987,236000,2019-05-10,,,,,,
강남구,11680,10600,대치동,316,11680-218,은마,,84.43,9,1979,190000,2019-05-30,,,,,,
강남구,11680,11800,도곡동,963,11680-327,럭키(963),,84.97,4,1995,127500,2019-05-18,,,,,,
강남구,11680,11000,압구정동,433,11680-425,신현대11차,,183.41,4,1983,364000,2019-05-07,,,,,,
강남구,11680,10300,개포동,141,11680-573,개포주공1단지,,61.57,1,1982,250000,2019-05-30,,,,,,
강남구,11680,10600,대치동,316,11680-218,은마,,84.43,7,1979,191000,2019-05-29,,,,,,
강남구,11680,10600,대치동,316,11680-218,은마,,76.79,5,1979,169000,2019-05-17,,,,,,
강남구,11680,11000,압구정동,397,11680-20,미성2차,,74.4,13,1987,175000,2019-05-17,,,,,,
강남구,11680,10300,개포동,653,11680-292,현대1차101동~106동,,128.62,5,1984,185000,2019-05-08,,,,,,
강남구,11680,10700,신사동,622,11680-9,신성아파트101동,,84.9,5,1996,130000,2019-05-29,,,,,,
강남구,11680,10300,개포동,12,11680-280,성원대치2단지아파트,,33.18,13,1992,76000,2019-05-24,,,,,,
강남구,11680,11200,자곡동,611,11680-4319,래미안강남힐즈,,101.94,14,2014,140000,2019-05-10,,,,,,
강남구,11680,10300,개포동,141,11680-573,개포주공1단지,,50.64,5,1982,200000,2019-05-15,,,,,,
강남구,11680,10500,삼성동,2,11680-177,서광아파트,,80.91,13,1998,139500,2019-05-25,,,,,,
강남구,11680,11500,수서동,708,11680-317,삼익,,49.2,2,1992,80000,2019-05-09,,,,,,
강남구,11680,10600,대치동,988-4,11680-207,대치효성,,84.91,8,1999,142300,2019-05-30,,,,,,
강남구,11680,11000,압구정동,456,11680-421,"현대7차(73~77,82,85동)",,157.36,1,1979,306500,2019-05-09,,,,,,
강남구,11680,10300,개포동,141,11680-573,개포주공1단지,,50.38,5,1982,179000,2019-05-16,,,,,,
강남구,11680,10100,역삼동,713-7,11680-3766,래미안펜타빌,,136.28,1,2007,205000,2019-05-22,,,,,,
강남구,11680,11800,도곡동,964,11680-352,현대그린1,,84.93,3,2006,115000,2019-05-21,,,,,,
강남구,11680,11800,도곡동,543-7,11680-3734,도곡1차아이파크,,130.259,11,2007,172000,2019-05-18,,,,,,
강남구,11680,10400,청담동,134,11680-4291,래미안청담로이뷰,,110.2,7,1992,215000,2019-05-17,,,,,,
강남구,11680,10400,청담동,134-15,11680-35,청담삼익아파트,,138.51,7,1980,280000,2019-05-22,,,,,,
강남구,11680,11400,일원동,734,11680-303,상록수,,84.95,2,1993,147700,2019-05-20,,,,,,
강남구,11680,11000,압구정동,490,11680-378,한양1차(영동한양),,63.87,4,1977,175000,2019-05-20,,,,,,
강남구,11680,11800,도곡동,465,11680-337,우성4,,126.46,5,1985,226000,2019-05-12,,,,,,
강남구,11680,11000,압구정동,369-1,11680-415,"현대1차(12,13,21,22,31,32,33동)",,196.21,1,1976,371500,2019-05-07,,,,,,
강남구,11680,10100,역삼동,755-4,11680-3622,e-편한세상,,84.991,10,2005,176000,2019-05-21,,,,,,
강남구,11680,10500,삼성동,11,11680-3733,롯데캐슬프레미어,,144.113,4,2007,242500,2019-05-29,,,,,,
강남구,11680,11500,수서동,795,11680-4324,강남데시앙포레,,84.92,3,2014,128500,2019-05-20,,,,,,
강남구,11680,11400,일원동,731,11680-309,한솔마을,,84.73,5,1994,140000,2019-05-18,,,,,,
강남구,11680,11000,압구정동,490,11680-378,한양1차(영동한양),,78.05,8,1977,206000,2019-05-04,,,,,,
강남구,11680,10600,대치동,670,11680-601,동부센트레빌,,161.47,2,2005,297000,2019-05-07,,,,,,
강남구,11680,10800,논현동,105,11680-121,동현아파트1~6,,84.92,9,1985,134750,2019-05-23,,,,,,
강남구,11680,10300,개포동,185,11680-290,개포주공6단지,,53.06,1,1983,134500,2019-05-27,,,,,,
강남구,11680,10100,역삼동,711-3,11680-4515,역삼자이,,59.9977,22,2016,150000,2019-05-28,,,,,,
강남구,11680,11000,압구정동,481,11680-422,현대8차(성수현대:91~95동),,107.64,9,1980,210000,2019-05-24,,,,,,
강남구,11680,11800,도곡동,527,11680-3623,도곡렉슬,,114.9931,9,2006,243000,2019-05-16,,,,,,
강남구,11680,11400,일원동,731,11680-309,한솔마을,,63.76,1,1994,113000,2019-05-29,,,,,,
강남구,11680,11400,일원동,719,11680-308,푸른마을아파트101동~111동,,59.76,2,1994,90000,2019-05-20,,,,,,
강남구,11680,11000,압구정동,397,11680-20,미성2차,,140.9,10,1987,259000,2019-05-03,,,,,,
강남구,11680,10100,역삼동,754-1,11680-3643,역삼푸르지오,,84.9097,5,2006,170000,2019-05-10,,,,,,
강남구,11680,11400,일원동,719,11680-308,푸른마을아파트101동~111동,,84.93,12,1994,129000,2019-05-31,,,,,,
강남구,11680,11000,압구정동,455,11680-419,"현대5차(71,72동)",,82.23,3,1977,230000,2019-05-25,,,,,,
강남구,11680,11400,일원동,711,11680-305,수서,,52.29,15,1992,78500,2019-05-25,,,,,,
강남구,11680,10600,대치동,506,11680-211,선경1차(1동-7동),,136.68,1,1983,262000,2019-05-20,,,,,,
강남구,11680,10600,대치동,511,11680-222,한보미도맨션1,,84.48,6,1983,199000,2019-05-03,,,,,,
강남구,11680,11000,압구정동,397,11680-20,미성2차,,74.4,5,1987,175000,2019-05-31,,,,,,
강남구,11680,11100,세곡동,533,11680-4090,세곡푸르지오,,84.95,14,2012,81000,2019-05-08,,,,,,
강남구,11680,10100,역삼동,755-4,11680-3622,e-편한세상,,59.606,18,2005,131500,2019-05-04,,,,,,
강남구,11680,10600,대치동,316,11680-218,은마,,84.43,10,1979,190000,2019-05-06,,,,,,
강남구,11680,11800,도곡동,963,11680-327,럭키(963),,124.66,11,1995,165500,2019-05-27,,,,,,
강남구,11680,10300,개포동,185,11680-578,개포주공7단지,,53.46,12,1983,139000,2019-05-24,,,,,,
강남구,11680,10500,삼성동,47-20,11680-176,상아빌라트,,188.71,4,1998,166000,2019-05-08,,,,,,
강남구,11680,10100,역삼동,757,11680-3621,역삼래미안,,59.4,22,2005,124800,2019-05-04,,,,,,
강남구,11680,10300,개포동,12,11680-280,성원대치2단지아파트,,49.86,10,1992,102000,2019-05-22,,,,,,
강남구,11680,11400,일원동,711,11680-305,수서,,59.96,10,1992,89500,2019-05-25,,,,,,
강남구,11680,11400,일원동,711,11680-305,수서,,59.94,5,1992,90000,2019-05-29,,,,,,
강남구,11680,10600,대치동,316,11680-218,은마,,76.79,1,1979,161000,2019-05-09,,,,,,
강남구,11680,10500,삼성동,8-2,11680-3860,삼성동브라운스톤레전드,,219.95,11,2009,270000,2019-05-16,,,,,,
강남구,11680,10600,대치동,316,11680-218,은마,,84.43,12,1979,189000,2019-05-16,,,,,,
강남구,11680,10300,개포동,141,11680-573,개포주공1단지,,35.64,3,1982,141000,2019-05-25,,,,,,
강남구,11680,10500,삼성동,16-2,11680-3834,삼성동힐스테이트 1단지,,84.419,7,2008,177000,2019-05-28,,,,,,
강남구,11680,11500,수서동,746,11680-314,까치마을,,39.6,6,1993,79500,2019-05-18,,,,,,
강남구,11680,10300,개포동,185,11680-578,개포주공7단지,,60.76,9,1983,150500,2019-05-23,,,,,,
강남구,11680,11000,압구정동,513,11680-382,한양5,,115.24,8,1979,253500,2019-05-02,,,,,,
강남구,11680,10600,대치동,888,11680-3752,대치아이파크,,84.98,9,2008,197000,2019-05-18,,,,,,
강남구,11680,10100,역삼동,755-4,11680-3622,e-편한세상,,59.606,19,2005,135000,2019-05-10,,,,,,
강남구,11680,11400,일원동,741,11680-4780,래미안 개포 루체하임,,121.71,2,2018,232000,2019-05-15,,,,,,
강남구,11680,10800,논현동,228-9,11680-446,토미빌(228-9),,148.54,4,2003,121000,2019-05-07,,,,,,
강남구,11680,10600,대치동,511,11680-222,한보미도맨션1,,128.01,5,1983,250000,2019-05-17,,,,,,
강남구,11680,11800,도곡동,527,11680-3623,도곡렉슬,,120.8233,7,2006,199000,2019-05-23,,,,,,
강남구,11680,10600,대치동,500,11680-216,개포우성2,,127.78,11,1984,296000,2019-05-30,,,,,,
강남구,11680,11500,수서동,746,11680-314,까치마을,,34.44,7,1993,67300,2019-05-25,,,,,,
강남구,11680,10500,삼성동,6,11680-197,현대아파트101동,,59.83,14,1999,117000,2019-05-01,,,,,,
강남구,11680,10300,개포동,649,11680-277,경남1,,96.98,6,1984,165000,2019-05-13,,,,,,
강남구,11680,10500,삼성동,14-1,11680-507,삼성동중앙하이츠빌리지,,152.98,4,2004,226000,2019-05-01,,,,,,
강남구,11680,11800,도곡동,467-17,11680-365,타워팰리스2,,115.63,29,2003,196000,2019-05-18,,,,,,
강남구,11680,10100,역삼동,755-4,11680-3622,e-편한세상,,59.606,22,2005,136000,2019-05-20,,,,,,
강남구,11680,10100,역삼동,720-25,11680-275,대우디오빌,,59.15,22,2002,60000,2019-05-28,,,,,,
강남구,11680,11500,수서동,747,11680-316,삼성,,84.97,9,1997,134000,2019-05-21,,,,,,
강남구,11680,10300,개포동,12,11680-279,삼익대청아파트,,51.12,6,1992,100000,2019-05-16,,,,,,
강남구,11680,11800,도곡동,527,11680-3623,도곡렉슬,,59.9772,16,2006,139000,2019-05-30,,,,,,
강남구,11680,10600,대치동,503,11680-372,개포우성1,,158.54,2,1983,325000,2019-05-17,,,,,,
강남구,11680,10300,개포동,141,11680-573,개포주공1단지,,42.55,4,1982,151000,2019-05-07,,,,,,
강남구,11680,10500,삼성동,16-2,11680-3834,삼성동힐스테이트 1단지,,84.236,8,2008,195000,2019-05-18,,,,,,
강남구,11680,10100,역삼동,681-26,11680-267,역삼동하나빌,,50.89,12,2002,55000,2019-05-29,,,,,,
강남구,11680,10400,청담동,134-15,11680-35,청담삼익아파트,,161.75,11,1980,319000,2019-05-11,,,,,,
강남구,11680,10600,대치동,1014-3,11680-205,대치삼성,,97.35,14,2000,190000,2019-05-19,,,,,,
강남구,11680,10600,대치동,974,11680-206,대치현대,,85,9,1999,143750,2019-05-14,,,,,,
강남구,11680,11800,도곡동,91-5,11680-331,삼성래미안,,84.89,2,2001,151000,2019-05-01,,,,,,
강남구,11680,10100,역삼동,755-4,11680-3622,e-편한세상,,84.991,3,2005,178000,2019-05-04,,,,,,
강남구,11680,10100,역삼동,754-1,11680-3643,역삼푸르지오,,59.8848,16,2006,130000,2019-05-09,,,,,,
강남구,11680,11800,도곡동,467-29,11680-470,타워팰리스3,,163.944,67,2004,290000,2019-05-02,,,,,,
강남구,11680,10300,개포동,12,11680-279,삼익대청아파트,,51.12,12,1992,101000,2019-05-20,,,,,,
강남구,11680,10100,역삼동,754,11680-3680,개나리래미안,,59.95,11,2006,135000,2019-05-06,,,,,,
강남구,11680,10300,개포동,12,11680-280,성원대치2단지아파트,,39.53,14,1992,80000,2019-05-27,,,,,,
강남구,11680,11000,압구정동,489,11680-380,한양3,,119.97,1,1978,213000,2019-05-11,,,,,,
강남구,11680,11800,도곡동,538-3,11680-4173,래미안도곡카운티,,106.39,6,2016,217000,2019-05-10,,,,,,
강남구,11680,11800,도곡동,933,11680-3962,도곡쌍용예가,,66,4,1978,120000,2019-05-14,,,,,,
강남구,11680,10500,삼성동,117-18,11680-517,현대빌라트,,128.37,4,2004,100000,2019-05-25,,,,,,
강남구,11680,11500,수서동,736,11680-319,신동아,,39.51,13,1992,79000,2019-05-22,,,,,,
강남구,11680,11000,압구정동,456,11680-421,"현대7차(73~77,82,85동)",,196.7,5,1979,397500,2019-05-01,,,,,,
강남구,11680,10100,역삼동,757,11680-3621,역삼래미안,,59.73,21,2005,122500,2019-05-23,,,,,,
강남구,11680,10300,개포동,12,11680-280,성원대치2단지아파트,,49.86,4,1992,99300,2019-05-18,,,,,,
강남구,11680,10500,삼성동,11,11680-3733,롯데캐슬프레미어,,121.931,15,2007,223000,2019-05-26,,,,,,
강남구,11680,10100,역삼동,754,11680-3680,개나리래미안,,114.65,6,2006,203000,2019-05-04,,,,,,
강남구,11680,10100,역삼동,755-4,11680-3622,e-편한세상,,59.606,24,2005,132500,2019-05-07,,,,,,
강남구,11680,10600,대치동,506,11680-3559,선경2차(8동-12동),,84.55,11,1985,205000,2019-05-01,,,,,,
강남구,11680,10300,개포동,141,11680-573,개포주공1단지,,42.55,5,1982,164000,2019-05-24,,,,,,
강남구,11680,11400,일원동,735,11680-299,가람,,75.16,2,1993,130000,2019-05-13,,,,,,
강남구,11680,11000,압구정동,436,11680-424,"현대10차(201,202동)",,151.93,5,1982,309000,2019-05-12,,,,,,
강남구,11680,10400,청담동,129-7,11680-3863,빌폴라리스,,166.01,9,2009,340000,2019-05-07,,,,,,
강남구,11680,10500,삼성동,79,11680-200,홍실아파트,,108.06,10,1981,270000,2019-05-14,,,,,,
강남구,11680,10100,역삼동,633-11,11680-661,역삼우성,,108.23,1,2005,87500,2019-05-27,,,,,,
강남구,11680,11800,도곡동,543-7,11680-3734,도곡1차아이파크,,130.259,18,2007,170000,2019-05-18,,,,,,
강남구,11680,11000,압구정동,448,11680-427,현대13차(208~211동),,105.45,9,1983,245000,2019-05-07,,,,,,
강남구,11680,11800,도곡동,527,11680-3623,도곡렉슬,,59.9772,17,2006,130000,2019-05-09,,,,,,
강남구,11680,10100,역삼동,722,11680-276,경남아너스빌,,81.013,6,2002,96000,2019-05-23,,,,,,
강남구,11680,10300,개포동,12,11680-280,성원대치2단지아파트,,33.18,3,1992,75000,2019-05-24,,,,,,
강남구,11680,10100,역삼동,757,11680-3621,역삼래미안,,59.65,17,2005,130000,2019-05-11,,,,,,
강남구,11680,10300,개포동,141,11680-573,개포주공1단지,,50.64,3,1982,214000,2019-05-07,,,,,,
강남구,11680,10100,역삼동,754-1,11680-3643,역삼푸르지오,,59.8848,19,2006,131000,2019-05-10,,,,,,
강남구,11680,10600,대치동,316,11680-218,은마,,76.79,14,1979,165000,2019-05-21,,,,,,
강남구,11680,10300,개포동,1280,11680-4800,래미안블레스티지,,84.94,28,2019,204000,2019-05-17,,,,,,
강남구,11680,10500,삼성동,11,11680-3733,롯데캐슬프레미어,,101.81,10,2007,186500,2019-05-09,,,,,,
강남구,11680,10300,개포동,12,11680-280,성원대치2단지아파트,,49.86,13,1992,100000,2019-05-11,,,,,,
강남구,11680,10300,개포동,12,11680-280,성원대치2단지아파트,,39.53,7,1992,87000,2019-05-06,,,,,,
강남구,11680,11500,수서동,795,11680-4324,강남데시앙포레,,101.81,13,2014,165000,2019-05-23,,,,,,
강남구,11680,11400,일원동,711,11680-305,수서,,59.96,12,1992,89500,2019-05-24,,,,,,
강남구,11680,11400,일원동,716,11680-301,목련타운,,99.79,12,1993,150000,2019-05-02,,,,,,
강남구,11680,11000,압구정동,369-1,11680-416,"현대2차(10,11,20,23,24,25동)",,196.84,7,1976,418000,2019-05-20,,,,,,
강남구,11680,10300,개포동,12,11680-280,성원대치2단지아파트,,33.18,7,1992,71000,2019-05-14,,,,,,
강남구,11680,10500,삼성동,53-2,11680-187,진흥아파트,,207.82,3,1984,300000,2019-05-04,,,,,,
강남구,11680,10600,대치동,891-26,11680-531,대우아이빌멤버스(891-26),,35.236,12,2003,28000,2019-05-14,,,,,,
강남구,11680,10100,역삼동,754,11680-3680,개나리래미안,,59.95,18,2006,136000,2019-05-27,,,,,,
강남구,11680,10400,청담동,65,11680-62,진흥아파트,,145.69,15,1984,235000,2019-05-02,,,,,,
강남구,11680,10600,대치동,974,11680-206,대치현대,,85,7,1999,158500,2019-05-16,,,,,,
강남구,11680,10600,대치동,506,11680-211,선경1차(1동-7동),,136.68,2,1983,262800,2019-05-06,,,,,,
강남구,11680,10300,개포동,141,11680-573,개포주공1단지,,35.64,1,1982,144000,2019-05-28,,,,,,
강남구,11680,11500,수서동,795,11680-4324,강남데시앙포레,,59.97,10,2014,108300,2019-05-11,,,,,,
강남구,11680,11500,수서동,736,11680-319,신동아,,39.53,5,1992,79500,2019-05-16,,,,,,
강남구,11680,10300,개포동,187,11680-391,개포주공5단지,,74.25,12,1983,171000,2019-05-15,,,,,,
강남구,11680,11500,수서동,746,11680-314,까치마을,,34.44,9,1993,67500,2019-05-16,,,,,,
강남구,11680,11800,도곡동,467,11680-364,타워팰리스1,,137.24,50,2002,225000,2019-05-20,,,,,,
강남구,11680,10500,삼성동,87,11680-472,아이파크,,156.857,20,2004,385000,2019-05-17,,,,,,
강남구,11680,10300,개포동,179,11680-285,우성8,,79.61,4,1987,140000,2019-05-14,,,,,,
강남구,11680,10800,논현동,276-1,11680-4356,아크로힐스논현,,84.208,20,2014,159500,2019-05-29,,,,,,
강남구,11680,11000,압구정동,436,11680-424,"현대10차(201,202동)",,108.15,7,1982,222000,2019-05-01,,,,,,
강남구,11680,11500,수서동,746,11680-314,까치마을,,34.44,8,1993,68000,2019-05-08,,,,,,
강남구,11680,10600,대치동,888,11680-3752,대치아이파크,,84.95,7,2008,179000,2019-05-04,,,,,,
강남구,11680,11000,압구정동,513,11680-382,한양5,,102.35,13,1979,206000,2019-05-09,,,,,,
강남구,11680,11800,도곡동,202,11680-4774,상지리츠빌카일룸,,210.5,3,2018,470000,2019-05-31,,,,,,
강남구,11680,11800,도곡동,467-19,11680-354,현대비젼21,,32.65,17,1999,32700,2019-05-16,,,,,,
강남구,11680,11400,일원동,734,11680-303,상록수,,84.95,5,1993,143000,2019-05-09,,,,,,
강남구,11680,10600,대치동,902,11680-532,포스코더샵,,139.54,6,2004,198000,2019-05-17,,,,,,
강남구,11680,10600,대치동,316,11680-218,은마,,84.43,8,1979,189500,2019-05-30,,,,,,
강남구,11680,10600,대치동,503,11680-372,개포우성1,,127.61,3,1983,260000,2019-05-18,,,,,,
강남구,11680,11800,도곡동,527,11680-3623,도곡렉슬,,59.9937,22,2006,137500,2019-05-18,,,,,,
강남구,11680,11400,일원동,615,11680-306,우성7,,84.06,4,1987,150000,2019-05-23,,,,,,
강남구,11680,10100,역삼동,763-16,11680-3871,래미안그레이튼,,59.97,4,2009,132000,2019-05-23,,,,,,
강남구,11680,11800,도곡동,527,11680-3623,도곡렉슬,,59.9818,18,2006,157000,2019-05-26,,,,,,
강남구,11680,10300,개포동,141,11680-573,개포주공1단지,,58.08,2,1982,240000,2019-05-17,,,,,,
강남구,11680,10300,개포동,141,11680-573,개포주공1단지,,42.55,2,1982,165000,2019-05-13,,,,,,
강남구,11680,10700,신사동,510-11,11680-1,강남상가,,130.61,8,1974,99000,2019-05-27,,,,,,
강남구,11680,10400,청담동,134-15,11680-35,청담삼익아파트,,138.51,9,1980,289000,2019-05-09,,,,,,
강남구,11680,11400,일원동,731,11680-309,한솔마을,,84.73,4,1994,129500,2019-05-11,,,,,,
강남구,11680,11400,일원동,741,11680-4780,래미안 개포 루체하임,,59.99,14,2018,150000,2019-05-06,,,,,,
강남구,11680,10500,삼성동,29-19,11680-202,삼성벨라스빌,,164.26,7,2002,130000,2019-05-07,,,,,,
강남구,11680,11100,세곡동,533,11680-4090,세곡푸르지오,,84.95,4,2012,100000,2019-05-06,,,,,,
강남구,11680,10600,대치동,511,11680-222,한보미도맨션1,,128.01,1,1983,240000,2019-05-04,,,,,,
강남구,11680,10300,개포동,141,11680-573,개포주공1단지,,35.64,1,1982,141000,2019-05-21,,,,,,
강남구,11680,10500,삼성동,188,11680-4718,삼성동센트럴아이파크,,59.96,11,2018,173000,2019-05-14,,,,,,
강남구,11680,10100,역삼동,755-4,11680-3622,e-편한세상,,59.606,6,2005,131750,2019-05-11,,,,,,
강남구,11680,11500,수서동,795,11680-4324,강남데시앙포레,,84.81,12,2014,134000,2019-05-15,,,,,,
강남구,11680,11000,압구정동,490,11680-378,한양1차(영동한양),,78.05,2,1977,194000,2019-05-16,,,,,,
강남구,11680,11800,도곡동,467-17,11680-365,타워팰리스2,,156.5,39,2003,236000,2019-05-08,,,,,,
강남구,11680,10300,개포동,141,11680-573,개포주공1단지,,49.56,5,1982,204000,2019-05-09,,,,,,
강남구,11680,11800,도곡동,467-7,11680-566,아카데미스위트1,,83,24,2004,102000,2019-05-28,,,,,,
강남구,11680,11800,도곡동,467-7,11680-566,아카데미스위트1,,164.87,43,2004,191000,2019-05-10,,,,,,
강남구,11680,10300,개포동,141,11680-573,개포주공1단지,,35.64,3,1982,140000,2019-05-08,,,,,,
강남구,11680,11800,도곡동,963,11680-327,럭키(963),,124.66,8,1995,166600,2019-05-15,,,,,,
강남구,11680,10500,삼성동,6,11680-197,현대아파트101동,,114.837,3,1999,177000,2019-05-01,,,,,,
강남구,11680,10300,개포동,141,11680-573,개포주공1단지,,42.55,4,1982,186000,2019-05-09,,,,,,
강남구,11680,10300,개포동,185,11680-578,개포주공7단지,,60.76,11,1983,143000,2019-05-10,,,,,,
강남구,11680,11400,일원동,719,11680-308,푸른마을아파트101동~111동,,59.76,11,1994,100000,2019-05-13,,,,,,
강남구,11680,10100,역삼동,757,11680-3621,역삼래미안,,59.73,17,2005,122000,2019-05-07,,,,,,
강남구,11680,10100,역삼동,755-4,11680-3622,e-편한세상,,59.606,14,2005,134000,2019-05-06,,,,,,
강남구,11680,10700,신사동,659,11680-2,압구정대원칸타빌아파트,,59.73,9,2001,89000,2019-05-22,,,,,,
강남구,11680,11400,일원동,614,11680-311,현대4,,84.98,11,1987,115000,2019-05-03,,,,,,
강남구,11680,10300,개포동,141,11680-573,개포주공1단지,,50.38,5,1982,179000,2019-05-30,,,,,,
강남구,11680,11500,수서동,708,11680-317,삼익,,60,13,1992,101700,2019-05-30,,,,,,
강남구,11680,10400,청담동,90-10,11680-99,이니그마빌2,,230.69,1,2002,270000,2019-05-13,,,,,,
강남구,11680,10300,개포동,1280,11680-4800,래미안블레스티지,,99.919,16,2019,231700,2019-05-16,,,,,,
강남구,11680,10600,대치동,974,11680-206,대치현대,,59.82,19,1999,115500,2019-05-20,,,,,,
강남구,11680,10600,대치동,1027,11680-4394,래미안대치팰리스,,94.49,6,2015,270000,2019-05-06,,,,,,
강남구,11680,11400,일원동,735,11680-299,가람,,84.95,1,1993,143500,2019-05-11,,,,,,
강남구,11680,11400,일원동,735,11680-299,가람,,84.95,4,1993,145000,2019-05-08,,,,,,
강남구,11680,11500,수서동,746,11680-314,까치마을,,34.44,14,1993,67650,2019-05-16,,,,,,
강남구,11680,11500,수서동,708,11680-317,삼익,,84.48,9,1992,123500,2019-05-16,,,,,,
강남구,11680,10400,청담동,102,11680-436,연세리버테라스,,243.49,5,2003,440000,2019-05-16,,,,,,
강남구,11680,10500,삼성동,7-3,11680-3732,래미안삼성2차,,101.38,13,2007,190000,2019-05-18,,,,,,
강남구,11680,11800,도곡동,895-8,11680-350,한신엠비씨,,84.74,13,1988,125800,2019-05-11,,,,,,
강남구,11680,10300,개포동,141,11680-573,개포주공1단지,,61.57,3,1982,228000,2019-05-18,,,,,,
강남구,11680,11400,일원동,615,11680-306,우성7,,84.06,4,1987,150000,2019-05-25,,,,,,
강남구,11680,10300,개포동,187,11680-391,개포주공5단지,,83.17,5,1983,180000,2019-05-01,,,,,,
강남구,11680,11800,도곡동,963,11680-327,럭키(963),,84.97,8,1995,127000,2019-05-03,,,,,,
강남구,11680,11800,도곡동,527,11680-3623,도곡렉슬,,84.9984,6,2006,191500,2019-05-26,,,,,,
강남구,11680,10600,대치동,511,11680-222,한보미도맨션1,,128.01,12,1983,250000,2019-05-01,,,,,,
강남구,11680,10300,개포동,141,11680-573,개포주공1단지,,41.98,1,1982,165000,2019-05-18,,,,,,
강남구,11680,10300,개포동,12,11680-280,성원대치2단지아파트,,33.18,11,1992,71000,2019-05-09,,,,,,
강남구,11680,10300,개포동,185,11680-578,개포주공7단지,,60.76,5,1983,142000,2019-05-10,,,,,,
강남구,11680,11800,도곡동,467-6,11680-323,대림아크로빌,,130.545,46,1999,152000,2019-05-13,,,,,,
강남구,11680,11500,수서동,747,11680-316,삼성,,84.97,10,1997,118000,2019-05-18,,,,,,
강남구,11680,11800,도곡동,467,11680-364,타워팰리스1,,137.24,41,2002,207000,2019-05-15,,,,,,
강남구,11680,11400,일원동,711,11680-305,수서,,39.98,8,1992,70000,2019-05-29,,,,,,
강남구,11680,10400,청담동,5-25,11680-3574,휴먼스타빌,,35.905,20,2005,54500,2019-05-27,,,,,,
강남구,11680,10300,개포동,185,11680-578,개포주공7단지,,83.7,1,1983,170000,2019-05-07,,,,,,
강남구,11680,11500,수서동,712,11680-318,수서한아름,,97.63,7,1993,130000,2019-05-08,,,,,,
강남구,11680,11400,일원동,734,11680-303,상록수,,74.54,1,1993,128000,2019-05-11,,,,,,
강남구,11680,10300,개포동,658-1,11680-284,개포6차우성아파트1동~8동,,67.28,4,1987,124000,2019-05-04,,,,,,
강남구,11680,10600,대치동,670,11680-601,동부센트레빌,,145.83,19,2005,274000,2019-05-13,,,,,,
강남구,11680,10300,개포동,649,11680-278,경남2차,,182.2,10,1984,240000,2019-05-10,,,,,,
강남구,11680,11000,압구정동,528,11680-384,한양7,,106.22,4,1981,209500,2019-05-10,,,,,,
강남구,11680,10600,대치동,316,11680-218,은마,,84.43,10,1979,188000,2019-05-03,,,,,,
강남구,11680,11200,자곡동,687,11680-4297,래미안포레,,84.99,7,2014,115500,2019-05-18,,,,,,
강남구,11680,11500,수서동,708,11680-317,삼익,,84.48,13,1992,125000,2019-05-28,,,,,,
강남구,11680,11400,일원동,614,11680-311,현대4,,84.98,9,1987,118000,2019-05-17,,,,,,
강남구,11680,10700,신사동,622-1,11680-548,압구정케이씨씨(622-1),,107.75,4,2004,125000,2019-05-31,,,,,,
강남구,11680,11400,일원동,731,11680-309,한솔마을,,84.73,3,1994,146500,2019-05-08,,,,,,
강남구,11680,10300,개포동,12,11680-279,삼익대청아파트,,51.12,7,1992,99000,2019-05-01,,,,,,
강남구,11680,10100,역삼동,633,11680-457,베스젠빌,,139.23,1,2003,55300,2019-05-30,,,,,,
강남구,11680,11200,자곡동,611,11680-4319,래미안강남힐즈,,101.94,2,2014,141000,2019-05-14,,,,,,
강남구,11680,10300,개포동,141,11680-573,개포주공1단지,,41.98,1,1982,178000,2019-05-15,,,,,,
강남구,11680,10600,대치동,316,11680-218,은마,,76.79,9,1979,171000,2019-05-23,,,,,,
강남구,11680,10300,개포동,12,11680-280,성원대치2단지아파트,,39.53,2,1992,84000,2019-05-06,,,,,,
강남구,11680,11400,일원동,711,11680-305,수서,,39.98,5,1992,67600,2019-05-20,,,,,,
강남구,11680,11800,도곡동,514-3,11680-3681,도곡스타빌,,57.24,2,2006,40000,2019-05-29,,,,,,
강남구,11680,11800,도곡동,953-1,11680-3647,SK허브프리모,,67.57,11,2006,69800,2019-05-16,,,,,,
강남구,11680,10600,대치동,974,11680-206,대치현대,,59.82,13,1999,115000,2019-05-03,,,,,,
강남구,11680,10700,신사동,591-11,11680-456,압구정화이트빌,,84.87,4,2003,80000,2019-05-28,,,,,,
강남구,11680,11800,도곡동,467,11680-364,타워팰리스1,,164.97,52,2002,260000,2019-05-11,,,,,,
강남구,11680,11000,압구정동,490,11680-378,한양1차(영동한양),,49.98,6,1977,155000,2019-05-09,,,,,,
강남구,11680,10100,역삼동,828-76,11680-487,(828-76),,42.39,6,2005,50800,2019-05-27,,,,,,
강남구,11680,10400,청담동,134-15,11680-35,청담삼익아파트,,109.49,9,1980,214500,2019-05-14,,,,,,
강남구,11680,11800,도곡동,463-1,11680-338,우성사원5,,70.89,4,1986,125000,2019-05-09,,,,,,
강남구,11680,10600,대치동,506,11680-3559,선경2차(8동-12동),,127.75,4,1985,280000,2019-05-24,,,,,,
강남구,11680,10300,개포동,141,11680-573,개포주공1단지,,41.98,5,1982,151000,2019-05-07,,,,,,
강남구,11680,11400,일원동,711,11680-305,수서,,51.76,9,1992,78900,2019-05-28,,,,,,
강남구,11680,11800,도곡동,960,11680-322,대림,,84.95,11,1992,127000,2019-05-22,,,,,,
강남구,11680,10300,개포동,12,11680-280,성원대치2단지아파트,,39.53,11,1992,87000,2019-05-04,,,,,,
강남구,11680,11000,압구정동,434,11680-426,신현대12차,,121.18,10,1982,259000,2019-05-14,,,,,,
강남구,11680,11800,도곡동,467-19,11680-354,현대비젼21,,34.995,20,1999,34000,2019-05-14,,,,,,
강남구,11680,10300,개포동,141,11680-573,개포주공1단지,,35.87,3,1982,140500,2019-05-11,,,,,,
강남구,11680,11100,세곡동,525,11680-4003,강남데시앙파크,,114.69,9,2011,115000,2019-05-25,,,,,,
강남구,11680,10300,개포동,141,11680-573,개포주공1단지,,35.64,5,1982,135000,2019-05-04,,,,,,
강남구,11680,11100,세곡동,579,11680-4199,강남엘에이치1단지,,74.74,7,2013,97000,2019-05-25,,,,,,
강남구,11680,10600,대치동,1027,11680-4394,래미안대치팰리스,,94.49,23,2015,289000,2019-05-02,,,,,,
강남구,11680,10500,삼성동,16-2,11680-3834,삼성동힐스테이트 1단지,,84.236,19,2008,193000,2019-05-16,,,,,,
강남구,11680,11800,도곡동,467,11680-364,타워팰리스1,,164.97,40,2002,238000,2019-05-18,,,,,,
강남구,11680,10100,역삼동,823-7,11680-503,강남역우정에쉐르,,17.23,10,2004,20000,2019-05-04,,,,,,
강남구,11680,10100,역삼동,755-4,11680-3622,e-편한세상,,59.606,17,2005,130000,2019-05-09,,,,,,
강남구,11680,10800,논현동,194-22,11680-3958,이산,,60.28,1,2011,35500,2019-05-15,,,,,,
강남구,11680,10400,청담동,34-13,11680-4364,청담스위트,,13.425,3,2015,22700,2019-05-18,,,,,,
강남구,11680,10600,대치동,316,11680-218,은마,,84.43,4,1979,182000,2019-05-20,,,,,,
강남구,11680,10300,개포동,185,11680-290,개포주공6단지,,53.06,7,1983,127000,2019-05-13,,,,,,
강남구,11680,10400,청담동,30-33,11680-98,청담대림이-편한세상,,134.24,2,2002,180000,2019-05-02,,,,,,
강남구,11680,10400,청담동,122-35,11680-4284,청담신원아침도시마인,,24.7067,7,2013,36500,2019-05-02,,,,,,
강남구,11680,10100,역삼동,720-25,11680-275,대우디오빌,,59.505,24,2002,60000,2019-05-21,,,,,,
강남구,11680,10300,개포동,141,11680-573,개포주공1단지,,56.57,5,1982,245000,2019-05-08,,,,,,
강남구,11680,10800,논현동,105,11680-121,동현아파트1~6,,84.92,3,1985,129500,2019-05-07,,,,,,
강남구,11680,10300,개포동,166-4,11680-448,에버그린,,62.15,5,2003,58000,2019-05-18,,,,,,
강남구,11680,10800,논현동,103,11680-136,쌍용,,84.87,12,1996,95000,2019-05-18,,,,,,
강남구,11680,10300,개포동,141,11680-573,개포주공1단지,,35.87,3,1982,137500,2019-05-06,,,,,,
강남구,11680,10500,삼성동,16-2,11680-3834,삼성동힐스테이트 1단지,,84.236,10,2008,195000,2019-05-03,,,,,,
강남구,11680,11500,수서동,795,11680-4324,강남데시앙포레,,84.92,6,2014,131300,2019-05-08,,,,,,
강남구,11680,10300,개포동,12,11680-280,성원대치2단지아파트,,49.86,9,1992,99500,2019-05-09,,,,,,
강남구,11680,10300,개포동,141,11680-573,개포주공1단지,,58.08,3,1982,193000,2019-05-07,,,,,,
강남구,11680,11800,도곡동,953-1,11680-3647,SK허브프리모,,33.8,18,2006,37900,2019-05-03,,,,,,
강남구,11680,10600,대치동,891-26,11680-531,대우아이빌멤버스(891-26),,35.796,9,2003,30500,2019-05-07,,,,,,
강남구,11680,10300,개포동,141,11680-573,개포주공1단지,,58.08,3,1982,192000,2019-05-06,,,,,,
강남구,11680,10600,대치동,888,11680-3752,대치아이파크,,84.95,20,2008,185000,2019-05-07,,,,,,
강남구,11680,11500,수서동,799,11680-4510,강남 더샵 포레스트,,146.7139,10,2016,220000,2019-05-14,,,,,,
강남구,11680,11400,일원동,741,11680-4780,래미안 개포 루체하임,,59.99,12,2018,149000,2019-05-07,,,,,,
강남구,11680,10300,개포동,141,11680-573,개포주공1단지,,50.38,5,1982,199000,2019-05-06,,,,,,
강남구,11680,10300,개포동,141,11680-573,개포주공1단지,,58.08,5,1982,200000,2019-05-08,,,,,,
강남구,11680,10400,청담동,115-6,11680-451,청담7상지리츠빌,,201.38,1,2003,419000,2019-05-08,,,,,,
강남구,11680,11800,도곡동,961,11680-351,현대아파트1동~3동,,84.96,6,1994,110000,2019-05-10,,,,,,
강남구,11680,10300,개포동,141,11680-573,개포주공1단지,,35.44,4,1982,127000,2019-05-08,,,,,,
강남구,11680,10300,개포동,141,11680-573,개포주공1단지,,41.98,5,1982,151500,2019-05-06,,,,,,
강남구,11680,10300,개포동,141,11680-573,개포주공1단지,,42.55,1,1982,150000,2019-05-06,,,,,,
강남구,11680,11800,도곡동,467-19,11680-354,현대비젼21,,34.995,14,1999,33000,2019-05-01,,,,,,
송파구,11710,10100,잠실동,27,11710-164,주공아파트 5단지,,82.61,13,1978,204000,2019-05-29,,,,,,
송파구,11710,11200,오금동,43,11710-130,현대(2-4차),,84.98,1,1984,102600,2019-05-07,,,,,,
송파구,11710,10100,잠실동,27,11710-164,주공아파트 5단지,,82.61,13,1978,199000,2019-05-17,,,,,,
송파구,11710,10100,잠실동,27,11710-164,주공아파트 5단지,,82.61,2,1978,198425,2019-05-31,,,,,,
송파구,11710,10200,신천동,7-14,11710-6284,잠실더샵스타파크,,157.08,13,2008,143000,2019-05-04,,,,,,
송파구,11710,10100,잠실동,27,11710-164,주공아파트 5단지,,76.5,15,1978,180500,2019-05-23,,,,,,
송파구,11710,11300,거여동,290,11710-133,거여1단지,,38.9,11,1997,42500,2019-05-26,,,,,,
송파구,11710,10200,신천동,17,11710-6266,파크리오,,59.64,9,2008,117000,2019-05-31,,,,,,
송파구,11710,10800,문정동,150,11710-89,올림픽훼밀리타운,,158.705,1,1988,150000,2019-05-30,,,,,,
송파구,11710,11300,거여동,362,11710-143,현대1차,,84.91,7,1992,75000,2019-05-31,,,,,,
송파구,11710,10900,장지동,879,11710-7430,송파더센트레,,51.77,5,2013,67000,2019-05-25,,,,,,
송파구,11710,10200,신천동,20-4,11710-172,진주,,148.06,3,1980,232000,2019-05-29,,,,,,
송파구,11710,11200,오금동,138,11710-127,우방,,59.72,13,2001,51800,2019-05-29,,,,,,
송파구,11710,10100,잠실동,27,11710-164,주공아파트 5단지,,76.5,10,1978,183425,2019-05-28,,,,,,
송파구,11710,10100,잠실동,22,11710-6249,리센츠,,84.99,7,2008,169000,2019-05-22,,,,,,
송파구,11710,10800,문정동,112-19,11710-5956,트윈팰리스(102동),,84.78,3,2006,59900,2019-05-31,,,,,,
송파구,11710,10700,가락동,169-13,11710-429,주성파크빌,,67.03,5,2002,40000,2019-05-28,,,,,,
송파구,11710,10700,가락동,140,11710-59,가락(1차)쌍용아파트,,84.69,22,1997,85500,2019-05-31,,,,,,
송파구,11710,10200,신천동,7,11710-170,장미1,,155.22,2,1979,195000,2019-05-30,,,,,,
송파구,11710,11200,오금동,43,11710-130,현대(2-4차),,130.93,13,1984,135000,2019-05-28,,,,,,
송파구,11710,10800,문정동,150,11710-89,올림픽훼밀리타운,,84.751,10,1988,120000,2019-05-25,,,,,,
송파구,11710,11200,오금동,43,11710-130,현대(2-4차),,84.98,6,1984,116000,2019-05-28,,,,,,
송파구,11710,10800,문정동,18,11710-80,문정대우푸르지오1차,,84.86,8,1999,84000,2019-05-22,,,,,,
송파구,11710,10100,잠실동,101-1,11710-159,우성아파트,,131.08,5,1981,185000,2019-05-31,,,,,,
송파구,11710,10200,신천동,17,11710-6266,파크리오,,144.77,6,2008,185000,2019-05-25,,,,,,
송파구,11710,10700,가락동,111-12,11710-6426,로즈힐파크(B동),,102.6,2,2009,56000,2019-05-31,,,,,,
송파구,11710,10400,송파동,243,11710-6929,래미안송파파인탑,,64.66,13,2012,107000,2019-05-24,,,,,,
송파구,11710,10100,잠실동,35,11710-6028,트리지움,,59.88,10,2007,134000,2019-05-24,,,,,,
송파구,11710,10100,잠실동,35,11710-6028,트리지움,,59.88,3,2007,130000,2019-05-25,,,,,,
송파구,11710,11100,방이동,89,11710-5714,올림픽선수기자촌1단지,,83.06,21,1988,138000,2019-05-30,,,,,,
송파구,11710,10100,잠실동,27,11710-164,주공아파트 5단지,,76.5,5,1978,183560,2019-05-23,,,,,,
송파구,11710,10800,문정동,145,11710-83,문정시영,,46.26,8,1989,57000,2019-05-30,,,,,,
송파구,11710,11100,방이동,89,11710-102,올림픽선수기자촌3단지,,83.06,18,1988,142000,2019-05-31,,,,,,
송파구,11710,10100,잠실동,27,11710-164,주공아파트 5단지,,82.61,11,1978,202425,2019-05-28,,,,,,
송파구,11710,11300,거여동,291,11710-135,거여2단지효성,,134.88,4,1997,93500,2019-05-28,,,,,,
송파구,11710,10400,송파동,7-1,11710-6164,아르누보팰리스,,136.54,19,2007,139000,2019-05-24,,,,,,
송파구,11710,10100,잠실동,101-1,11710-159,우성아파트,,96.04,15,1981,154000,2019-05-24,,,,,,
송파구,11710,10700,가락동,165,11710-6150,래미안파크팰리스,,84.924,13,2007,117500,2019-05-18,,,,,,
송파구,11710,10100,잠실동,22,11710-6249,리센츠,,84.99,18,2008,160000,2019-05-31,,,,,,
송파구,11710,10100,잠실동,19,11710-6346,잠실엘스,,84.97,15,2008,172000,2019-05-25,,,,,,
송파구,11710,10200,신천동,11,11710-171,장미3,,134.16,2,1984,182500,2019-05-30,,,,,,
송파구,11710,11200,오금동,165,11710-124,상아2차아파트,,45.77,3,1988,56000,2019-05-31,,,,,,
송파구,11710,10900,장지동,879,11710-7430,송파더센트레,,51.77,11,2013,69000,2019-05-28,,,,,,
송파구,11710,11100,방이동,89,11710-5714,올림픽선수기자촌1단지,,121.23,12,1988,178000,2019-05-24,,,,,,
송파구,11710,11200,오금동,165,11710-124,상아2차아파트,,60,6,1988,67000,2019-05-30,,,,,,
송파구,11710,10300,풍납동,508,11710-17,한강극동,,59.26,3,1995,63800,2019-05-18,,,,,,
송파구,11710,11100,방이동,212-8,11710-110,코오롱아파트,,84.95,7,1991,87000,2019-05-22,,,,,,
송파구,11710,10100,잠실동,35,11710-6028,트리지움,,84.97,32,2007,149750,2019-05-24,,,,,,
송파구,11710,10100,잠실동,19,11710-6346,잠실엘스,,84.8,26,2008,164000,2019-05-18,,,,,,
송파구,11710,10800,문정동,145,11710-83,문정시영,,25.65,11,1989,40000,2019-05-21,,,,,,
송파구,11710,10100,잠실동,86,11710-158,아시아선수촌아파트,,99.385,15,1986,212500,2019-05-20,,,,,,
송파구,11710,10100,잠실동,35,11710-6028,트리지움,,84.97,7,2007,145000,2019-05-20,,,,,,
송파구,11710,10800,문정동,72-3,11710-78,건영1,,84.81,6,1996,83000,2019-05-29,,,,,,
송파구,11710,10100,잠실동,44,11710-5957,레이크팰리스,,84.82,17,2006,150000,2019-05-30,,,,,,
송파구,11710,10200,신천동,7,11710-170,장미1,,82.45,12,1979,150000,2019-05-20,,,,,,
송파구,11710,10100,잠실동,19,11710-6346,잠실엘스,,84.8,13,2008,159000,2019-05-23,,,,,,
송파구,11710,11400,마천동,319,11710-5807,금호어울림,,98.01,5,2006,70000,2019-05-31,,,,,,
송파구,11710,10800,문정동,150,11710-89,올림픽훼밀리타운,,117.585,3,1988,130000,2019-05-28,,,,,,
송파구,11710,10100,잠실동,22,11710-6249,리센츠,,84.99,15,2008,171000,2019-05-30,,,,,,
송파구,11710,10100,잠실동,35,11710-6028,트리지움,,149.45,8,2007,230000,2019-05-21,,,,,,
송파구,11710,10100,잠실동,27,11710-164,주공아파트 5단지,,82.61,15,1978,189425,2019-05-23,,,,,,
송파구,11710,10100,잠실동,44,11710-5957,레이크팰리스,,59.97,5,2006,124000,2019-05-20,,,,,,
송파구,11710,10800,문정동,150,11710-89,올림픽훼밀리타운,,84.751,7,1988,120000,2019-05-23,,,,,,
송파구,11710,10100,잠실동,27,11710-164,주공아파트 5단지,,76.5,5,1978,181000,2019-05-21,,,,,,
송파구,11710,10100,잠실동,19,11710-6346,잠실엘스,,59.96,19,2008,137500,2019-05-24,,,,,,
송파구,11710,10100,잠실동,27,11710-164,주공아파트 5단지,,76.5,2,1978,178000,2019-05-16,,,,,,
송파구,11710,10100,잠실동,101-1,11710-159,우성아파트,,96.65,2,1981,150700,2019-05-22,,,,,,
송파구,11710,10200,신천동,17,11710-6266,파크리오,,121.63,16,2008,179500,2019-05-22,,,,,,
송파구,11710,10200,신천동,7,11710-170,장미1,,71.2,11,1979,133000,2019-05-15,,,,,,
송파구,11710,10100,잠실동,22,11710-6249,리센츠,,84.99,4,2008,162000,2019-05-28,,,,,,
송파구,11710,10900,장지동,883,11710-8158,힐스테이트송파위례,,101.8,19,2016,123800,2019-05-11,,,,,,
송파구,11710,10800,문정동,145,11710-83,문정시영,,35.46,12,1989,43000,2019-05-14,,,,,,
송파구,11710,11100,방이동,89,11710-5714,올림픽선수기자촌1단지,,83.06,19,1988,135000,2019-05-16,,,,,,
송파구,11710,10200,신천동,17,11710-6266,파크리오,,84.79,2,2008,133000,2019-05-25,,,,,,
송파구,11710,10800,문정동,150,11710-89,올림픽훼밀리타운,,158.705,10,1988,155000,2019-05-21,,,,,,
송파구,11710,10700,가락동,96-1,11710-61,우성,,43.79,2,1986,67000,2019-05-23,,,,,,
송파구,11710,11100,방이동,89,11710-5714,올림픽선수기자촌1단지,,100.82,4,1988,153000,2019-05-25,,,,,,
송파구,11710,10100,잠실동,44,11710-5957,레이크팰리스,,84.82,7,2006,151000,2019-05-27,,,,,,
송파구,11710,10100,잠실동,44,11710-5957,레이크팰리스,,135.82,20,2006,219000,2019-05-20,,,,,,
송파구,11710,10100,잠실동,44,11710-5957,레이크팰리스,,84.82,25,2006,147500,2019-05-17,,,,,,
송파구,11710,10100,잠실동,101-1,11710-159,우성아파트,,131.08,2,1981,184000,2019-05-31,,,,,,
송파구,11710,10100,잠실동,101-1,11710-159,우성아파트,,131.08,2,1981,180000,2019-05-24,,,,,,
송파구,11710,11100,방이동,89,11710-5715,올림픽선수기자촌2단지,,100.82,1,1988,155000,2019-05-15,,,,,,
송파구,11710,11300,거여동,362,11710-143,현대1차,,84.86,13,1992,67500,2019-05-24,,,,,,
송파구,11710,10200,신천동,20-4,11710-172,진주,,148.06,8,1980,220000,2019-05-28,,,,,,
송파구,11710,10800,문정동,1,11710-282,문정래미안,,133.29,16,2004,110000,2019-05-20,,,,,,
송파구,11710,11100,방이동,89,11710-5714,올림픽선수기자촌1단지,,83.06,7,1988,137000,2019-05-25,,,,,,
송파구,11710,10100,잠실동,19,11710-6346,잠실엘스,,84.8,8,2008,159000,2019-05-28,,,,,,
송파구,11710,10200,신천동,17,11710-6266,파크리오,,84.79,8,2008,141500,2019-05-28,,,,,,
송파구,11710,10800,문정동,150,11710-89,올림픽훼밀리타운,,84.705,2,1988,108000,2019-05-31,,,,,,
송파구,11710,10200,신천동,17,11710-6266,파크리오,,84.9,36,2008,143000,2019-05-28,,,,,,
송파구,11710,10200,신천동,7,11710-170,장미1,,120,4,1979,170000,2019-05-18,,,,,,
송파구,11710,10100,잠실동,101-1,11710-159,우성아파트,,82.06,5,1981,130000,2019-05-15,,,,,,
송파구,11710,10100,잠실동,101-1,11710-159,우성아파트,,96.65,12,1981,155000,2019-05-31,,,,,,
송파구,11710,10800,문정동,150,11710-89,올림픽훼밀리타운,,136.325,2,1988,140000,2019-05-21,,,,,,
송파구,11710,10700,가락동,95-1,11710-49,가락금호아파트,,59.91,17,1997,81000,2019-05-11,,,,,,
송파구,11710,10700,가락동,96-1,11710-61,우성,,43.79,4,1986,69500,2019-05-20,,,,,,
송파구,11710,10900,장지동,878,11710-7714,위례신도시송파푸르지오,,108.119,11,2015,115000,2019-05-24,,,,,,
송파구,11710,11100,방이동,212-8,11710-110,코오롱아파트,,84.95,11,1991,85800,2019-05-31,,,,,,
송파구,11710,10200,신천동,17,11710-6266,파크리오,,84.9,13,2008,145500,2019-05-27,,,,,,
송파구,11710,10100,잠실동,35,11710-6028,트리지움,,84.95,10,2007,158000,2019-05-21,,,,,,
송파구,11710,10700,가락동,165,11710-6150,래미안파크팰리스,,84.924,24,2007,114000,2019-05-25,,,,,,
송파구,11710,10100,잠실동,19,11710-6346,잠실엘스,,59.96,26,2008,135000,2019-05-31,,,,,,
송파구,11710,10800,문정동,150,11710-89,올림픽훼밀리타운,,117.585,8,1988,141000,2019-05-21,,,,,,
송파구,11710,10100,잠실동,19,11710-6346,잠실엘스,,84.97,13,2008,164500,2019-05-11,,,,,,
송파구,11710,10200,신천동,17,11710-6266,파크리오,,59.95,5,2008,123000,2019-05-20,,,,,,
송파구,11710,10200,신천동,17,11710-6266,파크리오,,59.95,17,2008,120000,2019-05-23,,,,,,
송파구,11710,10100,잠실동,19,11710-6346,잠실엘스,,84.8,2,2008,154000,2019-05-06,,,,,,
송파구,11710,11400,마천동,574,11710-147,마천대성,,59.62,1,1995,59000,2019-05-17,,,,,,
송파구,11710,10100,잠실동,19,11710-6346,잠실엘스,,84.88,17,2008,168500,2019-05-25,,,,,,
송파구,11710,10100,잠실동,86,11710-158,아시아선수촌아파트,,122.785,1,1986,238000,2019-05-20,,,,,,
송파구,11710,10200,신천동,11,11710-171,장미3,,134.16,1,1984,178000,2019-05-24,,,,,,
송파구,11710,10100,잠실동,101-1,11710-159,우성아파트,,80.76,1,1981,130000,2019-05-25,,,,,,
송파구,11710,10200,신천동,17,11710-6266,파크리오,,84.9,11,2008,143000,2019-05-24,,,,,,
송파구,11710,10700,가락동,165,11710-6150,래미안파크팰리스,,84.885,13,2007,119500,2019-05-25,,,,,,
송파구,11710,10700,가락동,140,11710-59,가락(1차)쌍용아파트,,59.92,12,1997,70500,2019-05-21,,,,,,
송파구,11710,10800,문정동,150,11710-89,올림픽훼밀리타운,,84.705,6,1988,111700,2019-05-15,,,,,,
송파구,11710,11100,방이동,89,11710-5714,올림픽선수기자촌1단지,,83.06,1,1988,131500,2019-05-09,,,,,,
송파구,11710,11300,거여동,294,11710-137,거여5단지,,59.74,11,1997,52000,2019-05-18,,,,,,
송파구,11710,10700,가락동,196-1,11710-76,동궁리치웰(101동),,136.16,10,2002,76500,2019-05-19,,,,,,
송파구,11710,10700,가락동,95-1,11710-49,가락금호아파트,,85,14,1997,88000,2019-05-25,,,,,,
송파구,11710,10100,잠실동,22,11710-6249,리센츠,,84.99,25,2008,162000,2019-05-16,,,,,,
송파구,11710,11200,오금동,2,11710-122,대림,,125.79,12,1988,113000,2019-05-17,,,,,,
송파구,11710,10800,문정동,150,11710-89,올림픽훼밀리타운,,117.585,5,1988,130000,2019-05-14,,,,,,
송파구,11710,10200,신천동,17,11710-6266,파크리오,,84.79,20,2008,144500,2019-05-19,,,,,,
송파구,11710,10900,장지동,901,11710-7441,위례24단지(꿈에그린),,51.77,6,2013,73300,2019-05-28,,,,,,
송파구,11710,10100,잠실동,22,11710-6249,리센츠,,84.99,6,2008,165000,2019-05-06,,,,,,
송파구,11710,10400,송파동,162,11710-26,송파삼성래미안아파트,,105.99,21,2001,108000,2019-05-14,,,,,,
송파구,11710,10100,잠실동,19,11710-6346,잠실엘스,,119.93,3,2008,190000,2019-05-15,,,,,,
송파구,11710,10700,가락동,165,11710-6150,래미안파크팰리스,,84.885,7,2007,110500,2019-05-20,,,,,,
송파구,11710,10200,신천동,17,11710-6266,파크리오,,84.79,6,2008,138000,2019-05-18,,,,,,
송파구,11710,10200,신천동,17,11710-6266,파크리오,,84.79,27,2008,147500,2019-05-08,,,,,,
송파구,11710,10200,신천동,17,11710-6266,파크리오,,84.79,13,2008,151000,2019-05-18,,,,,,
송파구,11710,10100,잠실동,22,11710-6249,리센츠,,27.68,27,2008,79000,2019-05-24,,,,,,
송파구,11710,10200,신천동,17,11710-6266,파크리오,,59.64,28,2008,119000,2019-05-10,,,,,,
송파구,11710,11100,방이동,89,11710-102,올림픽선수기자촌3단지,,135.99,9,1988,200000,2019-05-10,,,,,,
송파구,11710,10400,송파동,151,11710-31,2차한양아파트,,126.9,5,1984,118000,2019-05-15,,,,,,
송파구,11710,10100,잠실동,22,11710-6249,리센츠,,84.99,17,2008,169000,2019-05-22,,,,,,
송파구,11710,10100,잠실동,44,11710-5957,레이크팰리스,,84.82,17,2006,152000,2019-05-18,,,,,,
송파구,11710,10700,가락동,140,11710-59,가락(1차)쌍용아파트,,59.92,3,1997,68300,2019-05-11,,,,,,
송파구,11710,10200,신천동,17,11710-6266,파크리오,,84.79,16,2008,148500,2019-05-22,,,,,,
송파구,11710,11100,방이동,89,11710-102,올림픽선수기자촌3단지,,131.76,8,1988,205000,2019-05-15,,,,,,
송파구,11710,11100,방이동,89,11710-5714,올림픽선수기자촌1단지,,83.06,5,1988,133000,2019-05-10,,,,,,
송파구,11710,10100,잠실동,19,11710-6346,잠실엘스,,84.8,17,2008,159000,2019-05-02,,,,,,
송파구,11710,10800,문정동,150,11710-89,올림픽훼밀리타운,,84.705,1,1988,105000,2019-05-21,,,,,,
송파구,11710,10100,잠실동,19,11710-6346,잠실엘스,,84.88,13,2008,160000,2019-05-29,,,,,,
송파구,11710,10900,장지동,878,11710-7714,위례신도시송파푸르지오,,108.119,2,2015,116000,2019-05-06,,,,,,
송파구,11710,10100,잠실동,27,11710-164,주공아파트 5단지,,76.5,8,1978,182560,2019-05-22,,,,,,
송파구,11710,10100,잠실동,22,11710-6249,리센츠,,27.68,13,2008,82000,2019-05-28,,,,,,
송파구,11710,10900,장지동,847,11710-6309,송파파인타운6단지,,84.93,15,2008,94000,2019-05-24,,,,,,
송파구,11710,11300,거여동,294,11710-137,거여5단지,,59.4,6,1997,57000,2019-05-22,,,,,,
송파구,11710,10100,잠실동,22,11710-6249,리센츠,,84.99,6,2008,170000,2019-05-28,,,,,,
송파구,11710,10200,신천동,7,11710-170,장미1,,82.45,9,1979,140000,2019-05-04,,,,,,
송파구,11710,10100,잠실동,19,11710-6346,잠실엘스,,84.8,3,2008,152000,2019-05-29,,,,,,
송파구,11710,10100,잠실동,35,11710-6028,트리지움,,59.88,7,2007,133000,2019-05-16,,,,,,
송파구,11710,10100,잠실동,19,11710-6346,잠실엘스,,59.96,16,2008,140000,2019-05-29,,,,,,
송파구,11710,10100,잠실동,101-1,11710-159,우성아파트,,96.65,5,1981,155800,2019-05-18,,,,,,
송파구,11710,10300,풍납동,506,11710-6,동아한가람1,,59.98,10,1995,65000,2019-05-21,,,,,,
송파구,11710,10200,신천동,17,11710-6266,파크리오,,144.77,15,2008,185000,2019-05-31,,,,,,
송파구,11710,11200,오금동,43,11710-130,현대(2-4차),,84.98,8,1984,115000,2019-05-27,,,,,,
송파구,11710,10100,잠실동,22,11710-6249,리센츠,,124.22,14,2008,221000,2019-05-13,,,,,,
송파구,11710,10300,풍납동,413-1,11710-18,현대1,,71.17,17,1995,77500,2019-05-17,,,,,,
송파구,11710,10100,잠실동,35,11710-6028,트리지움,,84.97,13,2007,152000,2019-05-13,,,,,,
송파구,11710,10700,가락동,120-4,11710-44,가락우성2,,59.99,16,2000,59500,2019-05-07,,,,,,
송파구,11710,10800,문정동,3,11710-87,문정가락현대1차,,123.61,8,1984,103000,2019-05-25,,,,,,
송파구,11710,11100,방이동,89,11710-102,올림픽선수기자촌3단지,,100.31,1,1988,156000,2019-05-08,,,,,,
송파구,11710,10800,문정동,150,11710-89,올림픽훼밀리타운,,84.751,8,1988,122000,2019-05-15,,,,,,
송파구,11710,10300,풍납동,506,11710-6,동아한가람1,,84.38,11,1995,80600,2019-05-31,,,,,,
송파구,11710,10100,잠실동,101-1,11710-159,우성아파트,,96.65,4,1981,153000,2019-05-15,,,,,,
송파구,11710,11100,방이동,89,11710-5715,올림픽선수기자촌2단지,,83.06,21,1988,139000,2019-05-04,,,,,,
송파구,11710,10800,문정동,72-3,11710-78,건영1,,84.81,6,1996,88000,2019-05-27,,,,,,
송파구,11710,10100,잠실동,19,11710-6346,잠실엘스,,84.8,13,2008,169000,2019-05-15,,,,,,
송파구,11710,10800,문정동,150,11710-89,올림픽훼밀리타운,,117.585,10,1988,132000,2019-05-17,,,,,,
송파구,11710,11100,방이동,89,11710-102,올림픽선수기자촌3단지,,83.06,1,1988,136000,2019-05-10,,,,,,
송파구,11710,10800,문정동,19,11710-81,문정대우푸르지오2차,,84.82,9,2001,79500,2019-05-11,,,,,,
송파구,11710,10200,신천동,7,11710-170,장미1,,82.45,11,1979,132000,2019-05-16,,,,,,
송파구,11710,10800,문정동,15,11710-82,문정동아,,57.72,6,1997,47000,2019-05-15,,,,,,
송파구,11710,10400,송파동,119,11710-30,한양아파트,,64.26,2,1983,86500,2019-05-24,,,,,,
송파구,11710,10200,신천동,17,11710-6266,파크리오,,121.63,32,2008,180000,2019-05-01,,,,,,
송파구,11710,11100,방이동,89,11710-5714,올림픽선수기자촌1단지,,131.76,6,1988,190000,2019-05-13,,,,,,
송파구,11710,10700,가락동,165,11710-6150,래미안파크팰리스,,59.968,11,2007,95000,2019-05-30,,,,,,
송파구,11710,11100,방이동,89,11710-102,올림픽선수기자촌3단지,,83.06,11,1988,143000,2019-05-24,,,,,,
송파구,11710,10100,잠실동,27,11710-164,주공아파트 5단지,,76.5,4,1978,182560,2019-05-29,,,,,,
송파구,11710,10800,문정동,618,11710-8245,파크하비오,,84.9725,17,2016,108000,2019-05-29,,,,,,
송파구,11710,11100,방이동,89,11710-102,올림픽선수기자촌3단지,,100.31,6,1988,148000,2019-05-25,,,,,,
송파구,11710,11100,방이동,89,11710-5714,올림픽선수기자촌1단지,,131.76,5,1988,180000,2019-05-03,,,,,,
송파구,11710,10300,풍납동,508,11710-17,한강극동,,84.76,18,1995,80800,2019-05-27,,,,,,
송파구,11710,10900,장지동,845,11710-6276,송파파인타운5단지,,84.98,11,2008,90000,2019-05-16,,,,,,
송파구,11710,10700,가락동,165,11710-6150,래미안파크팰리스,,84.885,13,2007,114400,2019-05-17,,,,,,
송파구,11710,10100,잠실동,19,11710-6346,잠실엘스,,59.96,12,2008,145000,2019-05-18,,,,,,
송파구,11710,10800,문정동,18,11710-80,문정대우푸르지오1차,,59.84,10,1999,76500,2019-05-06,,,,,,
송파구,11710,10400,송파동,162,11710-26,송파삼성래미안아파트,,126.4,20,2001,119000,2019-05-28,,,,,,
송파구,11710,10100,잠실동,101-1,11710-159,우성아파트,,80.35,11,1981,126000,2019-05-25,,,,,,
송파구,11710,10200,신천동,20-4,11710-172,진주,,148.06,5,1980,210000,2019-05-04,,,,,,
송파구,11710,10400,송파동,162,11710-26,송파삼성래미안아파트,,79.7,21,2001,98000,2019-05-28,,,,,,
송파구,11710,10800,문정동,150,11710-89,올림픽훼밀리타운,,136.325,2,1988,140000,2019-05-25,,,,,,
송파구,11710,11300,거여동,291,11710-135,거여2단지효성,,134.88,5,1997,89500,2019-05-29,,,,,,
송파구,11710,10400,송파동,32-1,11710-22,경남레이크파크,,149.89,23,1999,111000,2019-05-11,,,,,,
송파구,11710,10100,잠실동,22,11710-6249,리센츠,,27.68,26,2008,80000,2019-05-18,,,,,,
송파구,11710,10100,잠실동,331,11710-165,현대,,84.68,10,1990,93000,2019-05-11,,,,,,
송파구,11710,10800,문정동,150,11710-89,올림픽훼밀리타운,,136.325,5,1988,140000,2019-05-23,,,,,,
송파구,11710,10700,가락동,21-6,11710-42,가락쌍용(2차),,84.42,6,1999,79000,2019-05-18,,,,,,
송파구,11710,10800,문정동,150,11710-89,올림픽훼밀리타운,,117.585,4,1988,138000,2019-05-23,,,,,,
송파구,11710,10200,신천동,17,11710-6266,파크리오,,35.24,8,2008,73000,2019-05-17,,,,,,
송파구,11710,10100,잠실동,44,11710-5957,레이크팰리스,,116.19,27,2006,169500,2019-05-20,,,,,,
송파구,11710,10800,문정동,150,11710-89,올림픽훼밀리타운,,84.751,15,1988,115000,2019-05-11,,,,,,
송파구,11710,10700,가락동,140,11710-59,가락(1차)쌍용아파트,,84.69,9,1997,84300,2019-05-25,,,,,,
송파구,11710,11200,오금동,165,11710-124,상아2차아파트,,84.98,8,1988,84500,2019-05-30,,,,,,
송파구,11710,10700,가락동,165,11710-6150,래미안파크팰리스,,59.968,7,2007,94000,2019-05-16,,,,,,
송파구,11710,11200,오금동,165,11710-124,상아2차아파트,,45.77,3,1988,55500,2019-05-28,,,,,,
송파구,11710,10800,문정동,3,11710-87,문정가락현대1차,,84.98,3,1984,84500,2019-05-31,,,,,,
송파구,11710,11200,오금동,164,11710-129,우창,,132.86,3,1985,99000,2019-05-28,,,,,,
송파구,11710,10200,신천동,7,11710-170,장미1,,82.45,2,1979,140000,2019-05-14,,,,,,
송파구,11710,10200,신천동,17,11710-6266,파크리오,,84.9,4,2008,138500,2019-05-23,,,,,,
송파구,11710,10200,신천동,17,11710-6266,파크리오,,59.95,12,2008,122000,2019-05-13,,,,,,
송파구,11710,11100,방이동,212-8,11710-110,코오롱아파트,,84.95,6,1991,83000,2019-05-04,,,,,,
송파구,11710,10800,문정동,150,11710-89,올림픽훼밀리타운,,158.705,15,1988,150500,2019-05-25,,,,,,
송파구,11710,11100,방이동,89,11710-5715,올림픽선수기자촌2단지,,83.06,2,1988,133000,2019-05-24,,,,,,
송파구,11710,10100,잠실동,22,11710-6249,리센츠,,84.99,17,2008,158000,2019-05-04,,,,,,
송파구,11710,10100,잠실동,22,11710-6249,리센츠,,84.99,13,2008,165000,2019-05-08,,,,,,
송파구,11710,10800,문정동,63-8,11710-210,브리앙뜨,,84.72,2,2003,49000,2019-05-24,,,,,,
송파구,11710,11300,거여동,293,11710-136,거여4단지,,39.6,5,1997,39700,2019-05-13,,,,,,
송파구,11710,10100,잠실동,27,11710-164,주공아파트 5단지,,82.61,10,1978,202000,2019-05-17,,,,,,
송파구,11710,10100,잠실동,101-1,11710-159,우성아파트,,80.35,12,1981,134000,2019-05-04,,,,,,
송파구,11710,10200,신천동,7,11710-170,장미1,,71.2,14,1979,134700,2019-05-25,,,,,,
송파구,11710,10100,잠실동,19,11710-6346,잠실엘스,,84.97,8,2008,160000,2019-05-17,,,,,,
송파구,11710,11400,마천동,582,11710-6680,송파파크데일1단지,,84.85,3,2011,74000,2019-05-30,,,,,,
송파구,11710,11300,거여동,258-7,11710-139,보화2차,,40.38,3,1988,35000,2019-05-27,,,,,,
송파구,11710,10900,장지동,901,11710-7441,위례24단지(꿈에그린),,51.82,10,2013,74500,2019-05-31,,,,,,
송파구,11710,10500,석촌동,251-16,11710-419,K.L.C,,64.3,6,2002,42200,2019-05-13,,,,,,
송파구,11710,10200,신천동,17,11710-6266,파크리오,,59.95,6,2008,125000,2019-05-06,,,,,,
송파구,11710,10900,장지동,879,11710-7430,송파더센트레,,51.82,18,2013,67900,2019-05-27,,,,,,
송파구,11710,10700,가락동,80,11710-5828,성원상떼빌,,145.72,12,2006,103500,2019-05-04,,,,,,
송파구,11710,10800,문정동,150,11710-89,올림픽훼밀리타운,,136.325,10,1988,142000,2019-05-24,,,,,,
송파구,11710,10700,가락동,161-2,11710-71,현대(5차),,82.4,14,1989,93000,2019-05-15,,,,,,
송파구,11710,10100,잠실동,19,11710-6346,잠실엘스,,84.8,6,2008,170000,2019-05-06,,,,,,
송파구,11710,10100,잠실동,86,11710-158,아시아선수촌아파트,,99.385,11,1986,215000,2019-05-25,,,,,,
송파구,11710,10100,잠실동,35,11710-6028,트리지움,,84.83,21,2007,160000,2019-05-01,,,,,,
송파구,11710,10100,잠실동,22,11710-6249,리센츠,,84.99,9,2008,162000,2019-05-01,,,,,,
송파구,11710,11100,방이동,51-4,11710-192,올림픽카운티,,56.22,14,2003,46000,2019-05-28,,,,,,
송파구,11710,10400,송파동,162,11710-26,송파삼성래미안아파트,,79.7,12,2001,95000,2019-05-03,,,,,,
송파구,11710,10700,가락동,140,11710-59,가락(1차)쌍용아파트,,84.69,20,1997,88900,2019-05-25,,,,,,
송파구,11710,10200,신천동,17,11710-6266,파크리오,,59.86,1,2008,114500,2019-05-31,,,,,,
송파구,11710,11200,오금동,2,11710-122,대림,,84.91,1,1988,90000,2019-05-20,,,,,,
송파구,11710,10100,잠실동,19,11710-6346,잠실엘스,,84.8,26,2008,164000,2019-05-27,,,,,,
송파구,11710,10200,신천동,20-4,11710-172,진주,,71.34,5,1980,159000,2019-05-17,,,,,,
송파구,11710,10700,가락동,70-19,11710-50,대림,,84.11,14,1988,82000,2019-05-17,,,,,,
송파구,11710,10400,송파동,162,11710-26,송파삼성래미안아파트,,79.7,15,2001,97000,2019-05-13,,,,,,
송파구,11710,11100,방이동,89,11710-5715,올림픽선수기자촌2단지,,83.06,4,1988,139000,2019-05-13,,,,,,
송파구,11710,10100,잠실동,19,11710-6346,잠실엘스,,59.96,3,2008,133000,2019-05-11,,,,,,
송파구,11710,10100,잠실동,27,11710-164,주공아파트 5단지,,82.61,13,1978,206800,2019-05-29,,,,,,
송파구,11710,10100,잠실동,19,11710-6346,잠실엘스,,59.96,6,2008,134000,2019-05-15,,,,,,
송파구,11710,10700,가락동,165,11710-6150,래미안파크팰리스,,84.885,1,2007,107000,2019-05-01,,,,,,
송파구,11710,10100,잠실동,19,11710-6346,잠실엘스,,84.8,22,2008,160000,2019-05-25,,,,,,
송파구,11710,10300,풍납동,509,11710-13,씨티극동1,,114.5,11,1998,84000,2019-05-18,,,,,,
송파구,11710,10500,석촌동,285,11710-40,잠실한솔,,84.94,18,2000,91000,2019-05-14,,,,,,
송파구,11710,10100,잠실동,27,11710-164,주공아파트 5단지,,76.5,2,1978,182560,2019-05-27,,,,,,
송파구,11710,10100,잠실동,22,11710-6249,리센츠,,84.99,7,2008,165000,2019-05-25,,,,,,
송파구,11710,11100,방이동,212-8,11710-110,코오롱아파트,,84.95,6,1991,82500,2019-05-04,,,,,,
송파구,11710,10800,문정동,1,11710-282,문정래미안,,84.96,14,2004,105000,2019-05-13,,,,,,
송파구,11710,10300,풍납동,391,11710-3,극동,,58.11,3,1987,64700,2019-05-13,,,,,,
송파구,11710,10100,잠실동,35,11710-6028,트리지움,,59.88,22,2007,133000,2019-05-13,,,,,,
송파구,11710,10200,신천동,17,11710-6266,파크리오,,84.9,15,2008,145500,2019-05-27,,,,,,
송파구,11710,10700,가락동,140,11710-59,가락(1차)쌍용아파트,,59.92,15,1997,70500,2019-05-11,,,,,,
송파구,11710,10100,잠실동,27,11710-164,주공아파트 5단지,,81.75,1,1978,188425,2019-05-23,,,,,,
송파구,11710,10200,신천동,17,11710-6266,파크리오,,144.77,16,2008,160000,2019-05-07,,,,,,
송파구,11710,11100,방이동,89,11710-5714,올림픽선수기자촌1단지,,83.06,20,1988,129000,2019-05-03,,,,,,
송파구,11710,10700,가락동,192,11710-47,극동,,120.4,14,1984,116000,2019-05-23,,,,,,
송파구,11710,10100,잠실동,101-1,11710-159,우성아파트,,160.74,8,1981,226000,2019-05-01,,,,,,
송파구,11710,10100,잠실동,19,11710-6346,잠실엘스,,59.96,17,2008,142000,2019-05-25,,,,,,
송파구,11710,10700,가락동,192,11710-47,극동,,84.96,11,1984,103000,2019-05-23,,,,,,
송파구,11710,10700,가락동,192,11710-47,극동,,120.4,5,1984,115000,2019-05-21,,,,,,
송파구,11710,10800,문정동,150,11710-89,올림픽훼밀리타운,,117.585,11,1988,131000,2019-05-28,,,,,,
송파구,11710,10100,잠실동,22,11710-6249,리센츠,,124.22,16,2008,210000,2019-05-04,,,,,,
송파구,11710,11100,방이동,89,11710-5714,올림픽선수기자촌1단지,,83.06,17,1988,93000,2019-05-20,,,,,,
송파구,11710,10100,잠실동,22,11710-6249,리센츠,,84.99,6,2008,162000,2019-05-01,,,,,,
송파구,11710,10100,잠실동,19,11710-6346,잠실엘스,,84.88,14,2008,162000,2019-05-10,,,,,,
송파구,11710,11100,방이동,89,11710-5715,올림픽선수기자촌2단지,,100.82,7,1988,155000,2019-05-14,,,,,,
송파구,11710,10800,문정동,150,11710-89,올림픽훼밀리타운,,84.705,6,1988,111800,2019-05-10,,,,,,
송파구,11710,10700,가락동,96-1,11710-61,우성,,58.46,10,1986,85000,2019-05-25,,,,,,
송파구,11710,10500,석촌동,158-5,11710-5968,미켈란호수가,,129.45,25,2007,133000,2019-05-02,,,,,,
송파구,11710,11200,오금동,43,11710-130,현대(2-4차),,84.98,1,1984,103500,2019-05-14,,,,,,
송파구,11710,10400,송파동,151,11710-31,2차한양아파트,,64.26,8,1984,88000,2019-05-17,,,,,,
송파구,11710,10200,신천동,11-8,11710-5899,더샵스타리버,,145.93,35,2006,129000,2019-05-11,,,,,,
송파구,11710,10800,문정동,150,11710-89,올림픽훼밀리타운,,117.585,6,1988,139000,2019-05-02,,,,,,
송파구,11710,10100,잠실동,35,11710-6028,트리지움,,84.83,25,2007,159500,2019-05-04,,,,,,
송파구,11710,10100,잠실동,19,11710-6346,잠실엘스,,59.96,17,2008,140000,2019-05-10,,,,,,
송파구,11710,10100,잠실동,19,11710-6346,잠실엘스,,84.8,19,2008,164800,2019-05-03,,,,,,
송파구,11710,10800,문정동,150,11710-89,올림픽훼밀리타운,,84.751,6,1988,117000,2019-05-06,,,,,,
송파구,11710,10700,가락동,176,11710-55,삼환,,84.974,3,1984,88000,2019-05-04,,,,,,
송파구,11710,10100,잠실동,101-1,11710-159,우성아파트,,131.08,11,1981,186000,2019-05-07,,,,,,
송파구,11710,11400,마천동,304,11710-148,마천동금호타운1,,59.93,16,1998,60000,2019-05-07,,,,,,
송파구,11710,10100,잠실동,19,11710-6346,잠실엘스,,59.96,9,2008,134000,2019-05-03,,,,,,
송파구,11710,11300,거여동,362,11710-143,현대1차,,84.91,11,1992,67000,2019-05-18,,,,,,
송파구,11710,10800,문정동,1,11710-282,문정래미안,,120.97,12,2004,108000,2019-05-10,,,,,,
송파구,11710,10100,잠실동,19,11710-6346,잠실엘스,,59.96,8,2008,130500,2019-05-01,,,,,,
송파구,11710,10300,풍납동,512,11710-5831,송파해모로아파트,,59.93,11,2006,70200,2019-05-13,,,,,,
송파구,11710,10700,가락동,140,11710-59,가락(1차)쌍용아파트,,59.92,23,1997,72700,2019-05-25,,,,,,
송파구,11710,10100,잠실동,86,11710-158,아시아선수촌아파트,,99.385,1,1986,195000,2019-05-08,,,,,,
송파구,11710,10800,문정동,150,11710-89,올림픽훼밀리타운,,136.325,10,1988,138000,2019-05-03,,,,,,
송파구,11710,10100,잠실동,22,11710-6249,리센츠,,27.68,6,2008,79800,2019-05-15,,,,,,
송파구,11710,10700,가락동,192,11710-47,극동,,120.4,6,1984,120000,2019-05-22,,,,,,
송파구,11710,11100,방이동,89,11710-5715,올림픽선수기자촌2단지,,100.31,3,1988,151000,2019-05-04,,,,,,
송파구,11710,10400,송파동,166,11710-27,가락삼익맨숀,,84.828,7,1984,98500,2019-05-30,,,,,,
송파구,11710,11200,오금동,165,11710-124,상아2차아파트,,84.98,1,1988,81700,2019-05-25,,,,,,
송파구,11710,10400,송파동,166,11710-27,가락삼익맨숀,,84.828,3,1984,96000,2019-05-25,,,,,,
송파구,11710,10700,가락동,80,11710-5828,성원상떼빌,,108.6,21,2006,79000,2019-05-03,,,,,,
송파구,11710,10500,석촌동,253-2,11710-39,예명,,68.93,7,2001,57700,2019-05-30,,,,,,
송파구,11710,10200,신천동,17,11710-6266,파크리오,,59.86,26,2008,122500,2019-05-08,,,,,,
송파구,11710,11100,방이동,212-8,11710-110,코오롱아파트,,84.95,13,1991,88000,2019-05-01,,,,,,
송파구,11710,11100,방이동,89,11710-5714,올림픽선수기자촌1단지,,83.06,18,1988,132000,2019-05-04,,,,,,
송파구,11710,10700,가락동,96-1,11710-61,우성,,43.79,4,1986,69000,2019-05-27,,,,,,
송파구,11710,10100,잠실동,44,11710-5957,레이크팰리스,,84.82,15,2006,150000,2019-05-13,,,,,,
송파구,11710,10100,잠실동,331,11710-165,현대,,84.68,15,1990,95000,2019-05-22,,,,,,
송파구,11710,10100,잠실동,35,11710-6028,트리지움,,84.97,18,2007,117000,2019-05-20,,,,,,
송파구,11710,10100,잠실동,35,11710-6028,트리지움,,84.95,14,2007,159500,2019-05-14,,,,,,
송파구,11710,10100,잠실동,86,11710-158,아시아선수촌아파트,,99.385,2,1986,210000,2019-05-11,,,,,,
송파구,11710,11100,방이동,89,11710-5715,올림픽선수기자촌2단지,,83.06,16,1988,132500,2019-05-02,,,,,,
송파구,11710,10900,장지동,879,11710-7430,송파더센트레,,59.85,14,2013,80000,2019-05-16,,,,,,
송파구,11710,10900,장지동,843,11710-6125,송파파인타운9단지,,59.93,14,2007,82000,2019-05-01,,,,,,
송파구,11710,11300,거여동,290,11710-133,거여1단지,,49.8,8,1997,50000,2019-05-28,,,,,,
송파구,11710,10800,문정동,1,11710-282,문정래미안,,120.97,18,2004,118000,2019-05-11,,,,,,
송파구,11710,10900,장지동,843,11710-6125,송파파인타운9단지,,59.95,12,2007,82000,2019-05-16,,,,,,
송파구,11710,10100,잠실동,35,11710-6028,트리지움,,149.45,19,2007,209500,2019-05-10,,,,,,
송파구,11710,10100,잠실동,22,11710-6249,리센츠,,124.22,2,2008,190000,2019-05-16,,,,,,
송파구,11710,10100,잠실동,35,11710-6028,트리지움,,84.83,6,2007,150000,2019-05-03,,,,,,
송파구,11710,10200,신천동,17,11710-6266,파크리오,,84.9,29,2008,134000,2019-05-02,,,,,,
송파구,11710,11400,마천동,582,11710-6680,송파파크데일1단지,,84.99,9,2011,71600,2019-05-18,,,,,,
송파구,11710,10300,풍납동,391,11710-3,극동,,59.975,12,1987,66000,2019-05-16,,,,,,
송파구,11710,10800,문정동,150,11710-89,올림픽훼밀리타운,,84.705,3,1988,110500,2019-05-06,,,,,,
송파구,11710,10700,가락동,140,11710-59,가락(1차)쌍용아파트,,84.69,4,1997,80600,2019-05-14,,,,,,
송파구,11710,11100,방이동,89,11710-5714,올림픽선수기자촌1단지,,83.06,22,1988,133000,2019-05-11,,,,,,
송파구,11710,10700,가락동,95,11710-51,동부센트레빌,,115.93,13,2001,110000,2019-05-23,,,,,,
송파구,11710,11100,방이동,89,11710-5715,올림픽선수기자촌2단지,,83.06,8,1988,139500,2019-05-09,,,,,,
송파구,11710,10200,신천동,17,11710-6266,파크리오,,84.9,5,2008,127700,2019-05-01,,,,,,
송파구,11710,10700,가락동,140,11710-59,가락(1차)쌍용아파트,,84.69,5,1997,80500,2019-05-21,,,,,,
송파구,11710,10900,장지동,879,11710-7430,송파더센트레,,51.77,11,2013,68500,2019-05-28,,,,,,
송파구,11710,11300,거여동,293,11710-136,거여4단지,,49.8,12,1997,53000,2019-05-08,,,,,,
송파구,11710,11100,방이동,89,11710-5715,올림픽선수기자촌2단지,,126.18,3,1988,176000,2019-05-02,,,,,,
송파구,11710,10100,잠실동,19,11710-6346,잠실엘스,,59.96,8,2008,134500,2019-05-09,,,,,,
송파구,11710,10100,잠실동,22,11710-6249,리센츠,,84.99,3,2008,160000,2019-05-11,,,,,,
송파구,11710,10100,잠실동,22,11710-6249,리센츠,,84.99,21,2008,170000,2019-05-10,,,,,,
송파구,11710,10200,신천동,17,11710-6266,파크리오,,84.9,28,2008,132000,2019-05-12,,,,,,
송파구,11710,10100,잠실동,40,11710-281,갤러리아팰리스,,176.034,7,2005,182000,2019-05-23,,,,,,
송파구,11710,10100,잠실동,44,11710-5957,레이크팰리스,,84.82,14,2006,147500,2019-05-15,,,,,,
송파구,11710,11100,방이동,89,11710-5715,올림픽선수기자촌2단지,,126.18,11,1988,180000,2019-05-03,,,,,,
송파구,11710,10800,문정동,3,11710-87,문정가락현대1차,,84.98,6,1984,86100,2019-05-28,,,,,,
송파구,11710,11100,방이동,89,11710-5715,올림픽선수기자촌2단지,,83.06,20,1988,137500,2019-05-02,,,,,,
송파구,11710,11100,방이동,89,11710-5715,올림픽선수기자촌2단지,,62.19,1,1988,110000,2019-05-11,,,,,,
송파구,11710,10100,잠실동,22,11710-6249,리센츠,,84.99,12,2008,163500,2019-05-01,,,,,,
송파구,11710,10400,송파동,166,11710-27,가락삼익맨숀,,84.828,6,1984,94800,2019-05-24,,,,,,
송파구,11710,10700,가락동,140,11710-59,가락(1차)쌍용아파트,,59.92,17,1997,69500,2019-05-27,,,,,,
송파구,11710,10300,풍납동,299-1,11710-2,강변현대,,83.19,10,1991,67000,2019-05-13,,,,,,
송파구,11710,10700,가락동,199,11710-67,프라자,,84.67,1,1985,80000,2019-05-13,,,,,,
송파구,11710,10900,장지동,847,11710-6309,송파파인타운6단지,,84.94,18,2008,90000,2019-05-13,,,,,,
송파구,11710,10100,잠실동,19,11710-6346,잠실엘스,,84.88,7,2008,158500,2019-05-04,,,,,,
송파구,11710,10300,풍납동,214-6,11710-1,갑을,,59.4,5,1996,51000,2019-05-17,,,,,,
송파구,11710,10800,문정동,94-9,11710-434,대림미소나눔,,79.76,4,2004,48000,2019-05-05,,,,,,
송파구,11710,10200,신천동,17,11710-6266,파크리오,,35.24,14,2008,75000,2019-05-17,,,,,,
송파구,11710,10700,가락동,140,11710-59,가락(1차)쌍용아파트,,84.69,15,1997,88000,2019-05-04,,,,,,
송파구,11710,10700,가락동,98,11710-300,두산위브,,26.12,13,2004,18400,2019-05-27,,,,,,
송파구,11710,10200,신천동,7-18,11710-5589,롯데캐슬골드,,148.15,14,2005,147000,2019-05-16,,,,,,
송파구,11710,10200,신천동,17-6,11710-166,미성,,75.09,8,1980,170000,2019-05-03,,,,,,
송파구,11710,10100,잠실동,44,11710-5957,레이크팰리스,,84.82,15,2006,145000,2019-05-01,,,,,,
송파구,11710,10100,잠실동,44,11710-5957,레이크팰리스,,84.82,6,2006,144500,2019-05-11,,,,,,
송파구,11710,10200,신천동,7-18,11710-5589,롯데캐슬골드,,166.7,18,2005,162500,2019-05-07,,,,,,
송파구,11710,10700,가락동,140,11710-59,가락(1차)쌍용아파트,,84.69,7,1997,85600,2019-05-04,,,,,,
송파구,11710,10700,가락동,140,11710-59,가락(1차)쌍용아파트,,59.92,10,1997,71000,2019-05-01,,,,,,
송파구,11710,10900,장지동,879,11710-7430,송파더센트레,,59.85,12,2013,80000,2019-05-21,,,,,,
송파구,11710,10900,장지동,894,11710-7945,위례아이파크,,87.8354,22,2015,116000,2019-05-23,,,,,,
송파구,11710,10400,송파동,166,11710-27,가락삼익맨숀,,127.808,2,1984,120000,2019-05-27,,,,,,
송파구,11710,10800,문정동,1,11710-282,문정래미안,,120.97,8,2004,111000,2019-05-25,,,,,,
송파구,11710,10800,문정동,150,11710-89,올림픽훼밀리타운,,117.585,10,1988,126500,2019-05-04,,,,,,
송파구,11710,10200,신천동,17,11710-6266,파크리오,,84.79,6,2008,146000,2019-05-18,,,,,,
송파구,11710,10700,가락동,138,11710-53,가락미륭아파트,,54.04,15,1986,59800,2019-05-04,,,,,,
송파구,11710,10800,문정동,3,11710-87,문정가락현대1차,,123.61,4,1984,100000,2019-05-26,,,,,,
송파구,11710,11400,마천동,573,11710-149,삼익1,,84.9,2,1996,51750,2019-05-17,,,,,,
송파구,11710,10700,가락동,199,11710-67,프라자,,84.67,3,1985,85800,2019-05-11,,,,,,
송파구,11710,11200,오금동,166,11710-9042,상아1차아파트,,106.61,3,1984,94000,2019-05-03,,,,,,
송파구,11710,10900,장지동,845,11710-6276,송파파인타운5단지,,84.95,12,2008,90000,2019-05-01,,,,,,
송파구,11710,10500,석촌동,24-3,11710-7855,석촌호수효성해링턴타워,,15.8307,15,2015,29950,2019-05-18,,,,,,
송파구,11710,11200,오금동,165,11710-124,상아2차아파트,,45.77,9,1988,55750,2019-05-03,,,,,,
송파구,11710,11200,오금동,165,11710-124,상아2차아파트,,84.98,9,1988,85000,2019-05-01,,,,,,
송파구,11710,10200,신천동,11-4,11710-7307,잠실푸르지오월드마크,,124.98,15,2013,145000,2019-05-31,,,,,,
송파구,11710,10100,잠실동,22,11710-6249,리센츠,,84.99,20,2008,168000,2019-05-03,,,,,,
송파구,11710,10900,장지동,845,11710-6276,송파파인타운5단지,,84.98,7,2008,90000,2019-05-16,,,,,,
송파구,11710,10100,잠실동,86,11710-158,아시아선수촌아파트,,178.325,5,1986,280000,2019-05-23,,,,,,
송파구,11710,11200,오금동,160,11710-123,삼성,,73.59,9,1989,59800,2019-05-04,,,,,,
송파구,11710,10700,가락동,192,11710-47,극동,,59.4,1,1984,80000,2019-05-18,,,,,,
송파구,11710,11200,오금동,615,11710-6424,올림픽파크센트레빌,,84.9071,5,2009,87500,2019-05-08,,,,,,
송파구,11710,10900,장지동,856,11710-6030,송파파인타운10단지,,59.95,4,2007,79000,2019-05-06,,,,,,
송파구,11710,10100,잠실동,86,11710-158,아시아선수촌아파트,,151.008,4,1986,275000,2019-05-21,,,,,,
송파구,11710,10400,송파동,163-14,11710-32,현대,,59.91,17,1997,61600,2019-05-06,,,,,,
송파구,11710,11400,마천동,9,11710-153,아남,,70.42,5,1992,47000,2019-05-23,,,,,,
송파구,11710,10200,신천동,11-8,11710-5899,더샵스타리버,,142.17,12,2006,117000,2019-05-04,,,,,,
송파구,11710,10900,장지동,901,11710-7441,위례24단지(꿈에그린),,51.78,17,2013,75000,2019-05-06,,,,,,
송파구,11710,11100,방이동,89,11710-5714,올림픽선수기자촌1단지,,83.06,13,1988,134000,2019-05-04,,,,,,
송파구,11710,10100,잠실동,22,11710-6249,리센츠,,84.99,5,2008,154000,2019-05-07,,,,,,
송파구,11710,10100,잠실동,44,11710-5957,레이크팰리스,,59.97,24,2006,124000,2019-05-04,,,,,,
송파구,11710,10400,송파동,166,11710-27,가락삼익맨숀,,108.338,9,1984,109000,2019-05-11,,,,,,
송파구,11710,10200,신천동,11,11710-177,장미2,,82.45,3,1979,139000,2019-05-01,,,,,,
송파구,11710,10100,잠실동,22,11710-6249,리센츠,,124.22,18,2008,210000,2019-05-06,,,,,,
송파구,11710,10200,신천동,7,11710-170,장미1,,82.45,4,1979,135000,2019-05-03,,,,,,
송파구,11710,10200,신천동,17,11710-6266,파크리오,,84.97,11,2008,150000,2019-05-15,,,,,,
송파구,11710,10700,가락동,70-19,11710-50,대림,,69.74,11,1988,76000,2019-05-01,,,,,,
송파구,11710,10100,잠실동,22,11710-6249,리센츠,,124.22,33,2008,190000,2019-05-27,,,,,,
송파구,11710,10800,문정동,618,11710-8245,파크하비오,,84.9072,4,2016,118000,2019-05-17,,,,,,
송파구,11710,10200,신천동,17,11710-6266,파크리오,,59.95,9,2008,119500,2019-05-07,,,,,,
송파구,11710,10400,송파동,151,11710-31,2차한양아파트,,84.92,8,1984,107000,2019-05-03,,,,,,
송파구,11710,11100,방이동,89,11710-102,올림픽선수기자촌3단지,,163.44,3,1988,217000,2019-05-16,,,,,,
송파구,11710,10100,잠실동,27,11710-164,주공아파트 5단지,,76.5,8,1978,182900,2019-05-21,,,,,,
송파구,11710,11200,오금동,165,11710-124,상아2차아파트,,84.98,7,1988,82500,2019-05-08,,,,,,
송파구,11710,10200,신천동,17,11710-6266,파크리오,,84.79,35,2008,153000,2019-05-20,,,,,,
송파구,11710,10100,잠실동,44,11710-5957,레이크팰리스,,116.19,21,2006,155000,2019-05-17,,,,,,
송파구,11710,11200,오금동,164,11710-129,우창,,109.72,10,1985,89000,2019-05-10,,,,,,
송파구,11710,10700,가락동,192,11710-47,극동,,149.74,10,1984,100000,2019-05-16,,,,,,
송파구,11710,10100,잠실동,44,11710-5957,레이크팰리스,,84.82,17,2006,130000,2019-05-15,,,,,,
송파구,11710,10800,문정동,1,11710-282,문정래미안,,120.97,3,2004,105000,2019-05-13,,,,,,
송파구,11710,10100,잠실동,22,11710-6249,리센츠,,84.99,10,2008,165000,2019-05-01,,,,,,
송파구,11710,10900,장지동,842,11710-6317,송파파인타운8단지,,59.97,1,2008,75000,2019-05-07,,,,,,
송파구,11710,10100,잠실동,19,11710-6346,잠실엘스,,59.96,9,2008,140000,2019-05-07,,,,,,
송파구,11710,11400,마천동,582,11710-6680,송파파크데일1단지,,84.13,3,2011,72000,2019-05-11,,,,,,
송파구,11710,10300,풍납동,260,11710-19,현대리버빌1지구,,43.2,16,1999,48000,2019-05-14,,,,,,
송파구,11710,10200,신천동,7-14,11710-6284,잠실더샵스타파크,,173.17,21,2008,135000,2019-05-10,,,,,,
송파구,11710,10200,신천동,7,11710-170,장미1,,71.2,7,1979,126000,2019-05-01,,,,,,
송파구,11710,10900,장지동,849,11710-6241,송파파인타운3단지,,84.94,12,2008,63000,2019-05-10,,,,,,
송파구,11710,10200,신천동,7-18,11710-5589,롯데캐슬골드,,166.7,28,2005,175000,2019-05-04,,,,,,
송파구,11710,10300,풍납동,506,11710-6,동아한가람1,,84.38,6,1995,80000,2019-05-01,,,,,,
강동구,11740,10100,명일동,42,11740-11,명일우성,,133.65,9,1986,109000,2019-05-29,,,,,,
강동구,11740,10900,천호동,293-8,11740-340,이연아마빌레(293-8),,144.46,3,2004,64700,2019-05-24,,,,,,
강동구,11740,10900,천호동,49-8,11740-168,대명사이버아파트,,84.62,2,2001,40000,2019-05-24,,,,,,
강동구,11740,10100,명일동,251-1,11740-16,현대(명일),,57.09,15,1988,43400,2019-05-13,,,,,,
강동구,11740,10200,고덕동,688,11740-4214,래미안힐스테이트고덕,,84.88,18,2016,102000,2019-05-18,,,,,,
강동구,11740,10100,명일동,15,11740-7,삼익그린2차,,66.87,7,1983,73000,2019-05-29,,,,,,
강동구,11740,10500,길동,388-4,11740-299,다성이즈빌아파트(388-4),,84.01,7,2004,50000,2019-05-29,,,,,,
강동구,11740,10500,길동,53,11740-48,삼익파크맨션,,62.91,6,1982,55800,2019-05-31,,,,,,
강동구,11740,10500,길동,384-5,11740-359,에이치비골드빌(103동),,57.31,4,2004,37000,2019-05-28,,,,,,
강동구,11740,10800,성내동,412-1,11740-166,태천해오름(412-1),,84.94,3,2002,47000,2019-05-27,,,,,,
강동구,11740,10900,천호동,410-105,11740-186,현대프라자아파트,,69.76,7,1990,45000,2019-05-23,,,,,,
강동구,11740,10800,성내동,549-5,11740-4452,성내스테이,,52.57,5,2018,54000,2019-05-25,,,,,,
강동구,11740,10800,성내동,602,11740-278,광남캐스빌3,,83.19,1,2004,47500,2019-05-29,,,,,,
강동구,11740,10900,천호동,47-24,11740-330,천호1차우림루미아트,,84.69,10,2004,52700,2019-05-11,,,,,,
강동구,11740,10900,천호동,338-20,11740-342,한건브리앙아파트,,63.2,6,2004,38000,2019-05-22,,,,,,
강동구,11740,10100,명일동,42,11740-11,명일우성,,84.93,14,1986,88000,2019-05-29,,,,,,
강동구,11740,10700,암사동,509,11740-91,선사현대아파트,,59.64,19,2000,61300,2019-05-25,,,,,,
강동구,11740,10800,성내동,596,11740-165,경보그레이스힐,,93.09,3,2002,52000,2019-05-19,,,,,,
강동구,11740,10100,명일동,15,11740-7,삼익그린2차,,54.81,6,1983,62500,2019-05-29,,,,,,
강동구,11740,10600,둔촌동,174-1,11740-76,둔촌주공3단지,,96.75,9,1980,137300,2019-05-22,,,,,,
강동구,11740,10700,암사동,414-2,11740-2802,롯데캐슬퍼스트,,59.99,18,2008,73000,2019-05-27,,,,,,
강동구,11740,10700,암사동,509,11740-91,선사현대아파트,,83.67,19,2000,77000,2019-05-27,,,,,,
강동구,11740,10500,길동,474,11740-221,강동LG자이,,126.43,15,2003,96500,2019-05-27,,,,,,
강동구,11740,10500,길동,474,11740-221,강동LG자이,,84.88,3,2003,81500,2019-05-27,,,,,,
강동구,11740,10700,암사동,414-2,11740-2802,롯데캐슬퍼스트,,84.81,22,2008,90000,2019-05-21,,,,,,
강동구,11740,10100,명일동,257,11740-1,고덕주공9,,83.52,13,1985,79500,2019-05-29,,,,,,
강동구,11740,10500,길동,53,11740-48,삼익파크맨션,,63.32,10,1982,54000,2019-05-17,,,,,,
강동구,11740,10200,고덕동,486,11740-25,아남1,,84.91,13,1996,69500,2019-05-25,,,,,,
강동구,11740,10500,길동,456-4,11740-4482,다성이즈빌,,22.82,17,2018,31300,2019-05-27,,,,,,
강동구,11740,10800,성내동,196-8,11740-141,코오롱(1차),,59.96,14,1999,58000,2019-05-23,,,,,,
강동구,11740,10700,암사동,413,11740-2664,프라이어팰리스,,114.272,14,2007,92000,2019-05-14,,,,,,
강동구,11740,10800,성내동,468,11740-151,현대토파즈,,226.94,10,1999,135000,2019-05-23,,,,,,
강동구,11740,10100,명일동,15,11740-7,삼익그린2차,,66.87,10,1983,72500,2019-05-12,,,,,,
강동구,11740,10700,암사동,414-2,11740-2802,롯데캐슬퍼스트,,112.11,21,2008,107000,2019-05-24,,,,,,
강동구,11740,10800,성내동,405-9,11740-2983,한솔애리즈,,75.35,7,2010,38500,2019-05-22,,,,,,
강동구,11740,10700,암사동,414-2,11740-2802,롯데캐슬퍼스트,,111.22,32,2008,108000,2019-05-26,,,,,,
강동구,11740,10200,고덕동,688,11740-4214,래미안힐스테이트고덕,,84.88,2,2016,98000,2019-05-25,,,,,,
강동구,11740,10800,성내동,434-13,11740-4038,다성이즈빌아파트,,34.48,7,2016,33200,2019-05-06,,,,,,
강동구,11740,10200,고덕동,688,11740-4214,래미안힐스테이트고덕,,59.35,15,2016,83500,2019-05-13,,,,,,
강동구,11740,10800,성내동,590,11740-129,성내동삼성아파트,,59.88,11,1999,62250,2019-05-28,,,,,,
강동구,11740,10600,둔촌동,170-1,11740-211,둔촌주공4단지,,99.61,2,1980,151500,2019-05-29,,,,,,
강동구,11740,10900,천호동,22-17,11740-190,평대미진아파트,,84.14,5,2003,47000,2019-05-28,,,,,,
강동구,11740,10500,길동,53,11740-48,삼익파크맨션,,59.65,1,1982,44000,2019-05-15,,,,,,
강동구,11740,10300,상일동,515,11740-4359,고덕숲아이파크,,59.97,5,2018,79000,2019-05-25,,,,,,
강동구,11740,10100,명일동,38,11740-6,삼익그린11차,,84.51,5,1986,66000,2019-05-15,,,,,,
강동구,11740,10200,고덕동,688,11740-4214,래미안힐스테이트고덕,,84.83,7,2016,104000,2019-05-17,,,,,,
강동구,11740,10800,성내동,590,11740-129,성내동삼성아파트,,59.88,14,1999,60000,2019-05-18,,,,,,
강동구,11740,10100,명일동,257,11740-1,고덕주공9,,83.52,6,1985,78000,2019-05-28,,,,,,
강동구,11740,10700,암사동,516-2,11740-2963,한강리치팰리스,,84.86,3,2010,56000,2019-05-17,,,,,,
강동구,11740,10100,명일동,44,11740-10,신동아,,127.33,9,1986,106500,2019-05-29,,,,,,
강동구,11740,10600,둔촌동,170-1,11740-211,둔촌주공4단지,,71.58,9,1980,127000,2019-05-16,,,,,,
강동구,11740,10900,천호동,305,11740-177,중앙하이츠,,59.85,2,1998,42600,2019-05-17,,,,,,
강동구,11740,10900,천호동,217-132,11740-170,동아하이빌아파트,,84.97,8,2000,55000,2019-05-20,,,,,,
강동구,11740,10700,암사동,509,11740-91,선사현대아파트,,83.67,3,2000,72000,2019-05-07,,,,,,
강동구,11740,10500,길동,160,11740-49,신동아,,60.42,6,1983,48000,2019-05-16,,,,,,
강동구,11740,10800,성내동,590,11740-129,성내동삼성아파트,,59.88,3,1999,61400,2019-05-11,,,,,,
강동구,11740,10100,명일동,15,11740-7,삼익그린2차,,54.81,11,1983,62000,2019-05-07,,,,,,
강동구,11740,10700,암사동,414-2,11740-2802,롯데캐슬퍼스트,,102.34,16,2008,96700,2019-05-27,,,,,,
강동구,11740,10600,둔촌동,546,11740-74,신성둔촌미소지움1,,59.78,10,1998,58800,2019-05-25,,,,,,
강동구,11740,10600,둔촌동,134-10,11740-73,신성둔촌미소지움2,,59.88,6,2000,58700,2019-05-28,,,,,,
강동구,11740,10700,암사동,509,11740-91,선사현대아파트,,58.68,3,2000,60000,2019-05-06,,,,,,
강동구,11740,10800,성내동,605,11740-2918,파라디아,,84.92,9,2010,77000,2019-05-30,,,,,,
강동구,11740,10200,고덕동,688,11740-4214,래미안힐스테이트고덕,,59.35,29,2016,83500,2019-05-30,,,,,,
강동구,11740,10900,천호동,302-3,11740-182,태천와이드빌,,84.75,6,2000,40100,2019-05-11,,,,,,
강동구,11740,10700,암사동,509,11740-91,선사현대아파트,,59.64,1,2000,58000,2019-05-25,,,,,,
강동구,11740,10100,명일동,42,11740-11,명일우성,,133.65,10,1986,105500,2019-05-25,,,,,,
강동구,11740,10500,길동,53,11740-48,삼익파크맨션,,59.65,12,1982,44800,2019-05-15,,,,,,
강동구,11740,10700,암사동,414-2,11740-2802,롯데캐슬퍼스트,,112.11,4,2008,104000,2019-05-09,,,,,,
강동구,11740,10500,길동,343-2,11740-3163,현대웰하임(201동),,14.468,4,2012,9500,2019-05-15,,,,,,
강동구,11740,10800,성내동,549-5,11740-4452,성내스테이,,52.57,7,2018,54000,2019-05-08,,,,,,
강동구,11740,10600,둔촌동,134-10,11740-73,신성둔촌미소지움2,,59.88,14,2000,57700,2019-05-29,,,,,,
강동구,11740,10500,길동,387-4,11740-4503,다성이즈빌(387-4),,32.4,11,2018,38800,2019-05-05,,,,,,
강동구,11740,10800,성내동,412,11740-3001,둔촌역아치스톤(101동),,84.94,5,2010,72500,2019-05-31,,,,,,
강동구,11740,10500,길동,45,11740-222,우림루미아트,,84.07,4,2003,51000,2019-05-24,,,,,,
강동구,11740,10700,암사동,509,11740-91,선사현대아파트,,83.18,3,2000,70700,2019-05-23,,,,,,
강동구,11740,10500,길동,160,11740-49,신동아,,72.29,8,1983,52000,2019-05-16,,,,,,
강동구,11740,10100,명일동,332,11740-3,명일지에스아파트,,84.96,16,1999,71500,2019-05-23,,,,,,
강동구,11740,10100,명일동,257,11740-1,고덕주공9,,83.52,8,1985,76800,2019-05-14,,,,,,
강동구,11740,10500,길동,373-7,11740-53,신암,,84.51,6,2000,38500,2019-05-21,,,,,,
강동구,11740,10600,둔촌동,70-5,11740-80,현대2,,59.19,7,1988,48000,2019-05-25,,,,,,
강동구,11740,10900,천호동,568,11740-2628,강변그대가리버뷰,,84.99,8,2007,86000,2019-05-11,,,,,,
강동구,11740,10700,암사동,414-2,11740-2802,롯데캐슬퍼스트,,112.11,14,2008,100800,2019-05-18,,,,,,
강동구,11740,10500,길동,45,11740-222,우림루미아트,,84.57,8,2003,52500,2019-05-20,,,,,,
강동구,11740,10200,고덕동,688,11740-4214,래미안힐스테이트고덕,,59.23,13,2016,83000,2019-05-25,,,,,,
강동구,11740,10500,길동,160,11740-49,신동아,,60.42,4,1983,47500,2019-05-23,,,,,,
강동구,11740,10500,길동,474,11740-221,강동LG자이,,84.88,12,2003,77000,2019-05-23,,,,,,
강동구,11740,10500,길동,160,11740-49,신동아,,102.8,10,1983,76000,2019-05-14,,,,,,
강동구,11740,10500,길동,160,11740-49,신동아,,60.39,4,1983,48000,2019-05-15,,,,,,
강동구,11740,10200,고덕동,688,11740-4214,래미안힐스테이트고덕,,84.74,21,2016,102800,2019-05-11,,,,,,
강동구,11740,10100,명일동,54,11740-14,한양,,119.37,9,1986,103500,2019-05-09,,,,,,
강동구,11740,10100,명일동,54,11740-14,한양,,84.92,4,1986,85500,2019-05-09,,,,,,
강동구,11740,10100,명일동,332,11740-3,명일지에스아파트,,84.9,3,1999,64500,2019-05-31,,,,,,
강동구,11740,10200,고덕동,688,11740-4214,래미안힐스테이트고덕,,59.35,16,2016,80500,2019-05-06,,,,,,
강동구,11740,10700,암사동,414-2,11740-2802,롯데캐슬퍼스트,,59.99,22,2008,73500,2019-05-25,,,,,,
강동구,11740,10600,둔촌동,134-10,11740-73,신성둔촌미소지움2,,59.88,21,2000,56300,2019-05-23,,,,,,
강동구,11740,10100,명일동,270,11740-4,삼익가든,,57.01,8,1984,58500,2019-05-14,,,,,,
강동구,11740,10900,천호동,571,11740-4289,래미안강동팰리스,,59.98,12,2017,90000,2019-05-04,,,,,,
강동구,11740,10100,명일동,270,11740-4,삼익가든,,82.45,6,1984,75000,2019-05-04,,,,,,
강동구,11740,10700,암사동,509,11740-91,선사현대아파트,,82.94,16,2000,86200,2019-05-08,,,,,,
강동구,11740,10700,암사동,414-2,11740-2802,롯데캐슬퍼스트,,59.99,9,2008,72900,2019-05-28,,,,,,
강동구,11740,10100,명일동,15,11740-7,삼익그린2차,,84.76,10,1983,86500,2019-05-09,,,,,,
강동구,11740,10700,암사동,400,11740-276,현대홈타운,,59.97,17,2004,69600,2019-05-01,,,,,,
강동구,11740,10100,명일동,357,11740-350,에스엠해그린,,98.19,3,2004,53400,2019-05-18,,,,,,
강동구,11740,10900,천호동,47-24,11740-330,천호1차우림루미아트,,84.69,5,2004,50300,2019-05-16,,,,,,
강동구,11740,10900,천호동,410-100,11740-180,코오롱상가아파트,,56.4,6,1988,49500,2019-05-22,,,,,,
강동구,11740,10700,암사동,414-2,11740-2802,롯데캐슬퍼스트,,111.22,28,2008,105000,2019-05-06,,,,,,
강동구,11740,10700,암사동,414-2,11740-2802,롯데캐슬퍼스트,,84.81,29,2008,87000,2019-05-10,,,,,,
강동구,11740,10200,고덕동,688,11740-4214,래미안힐스테이트고덕,,84.94,5,2016,108000,2019-05-11,,,,,,
강동구,11740,10200,고덕동,486,11740-25,아남1,,84.91,11,1996,66000,2019-05-18,,,,,,
강동구,11740,11000,강일동,673,11740-2851,강일리버파크4단지,,84.53,15,2009,59900,2019-05-18,,,,,,
강동구,11740,10200,고덕동,688,11740-4214,래미안힐스테이트고덕,,84.74,7,2016,106000,2019-05-17,,,,,,
강동구,11740,10800,성내동,25-1,11740-2558,이안강동,,84.47,11,2006,56000,2019-05-21,,,,,,
강동구,11740,10200,고덕동,688,11740-4214,래미안힐스테이트고덕,,84.88,7,2016,101000,2019-05-21,,,,,,
강동구,11740,10600,둔촌동,170-1,11740-211,둔촌주공4단지,,78.24,1,1980,130000,2019-05-29,,,,,,
강동구,11740,10800,성내동,590,11740-129,성내동삼성아파트,,59.88,16,1999,62000,2019-05-04,,,,,,
강동구,11740,11000,강일동,695,11740-2855,강일리버파크10단지,,84.53,6,2009,64700,2019-05-11,,,,,,
강동구,11740,10800,성내동,605,11740-2918,파라디아,,84.92,4,2010,72000,2019-05-04,,,,,,
강동구,11740,10200,고덕동,688,11740-4214,래미안힐스테이트고덕,,59.35,16,2016,81000,2019-05-11,,,,,,
강동구,11740,10500,길동,160,11740-49,신동아,,61.12,1,1983,47500,2019-05-06,,,,,,
강동구,11740,10100,명일동,15,11740-7,삼익그린2차,,107.56,14,1983,105000,2019-05-23,,,,,,
강동구,11740,10500,길동,400,11740-39,길동우성,,84.75,16,1994,63000,2019-05-11,,,,,,
강동구,11740,10700,암사동,509,11740-91,선사현대아파트,,72.85,4,2000,60000,2019-05-11,,,,,,
강동구,11740,10200,고덕동,688,11740-4214,래미안힐스테이트고덕,,97.26,9,2016,118500,2019-05-08,,,,,,
강동구,11740,10100,명일동,15,11740-7,삼익그린2차,,84.755,13,1983,86900,2019-05-03,,,,,,
강동구,11740,10200,고덕동,499,11740-2894,고덕 아이파크,,59.99,4,2011,80000,2019-05-18,,,,,,
강동구,11740,10100,명일동,15,11740-7,삼익그린2차,,66.87,9,1983,73000,2019-05-20,,,,,,
강동구,11740,10700,암사동,485-2,11740-312,영진해가든(2동),,76.64,2,2004,31500,2019-05-23,,,,,,
강동구,11740,10700,암사동,509,11740-91,선사현대아파트,,82.94,2,2000,73800,2019-05-07,,,,,,
강동구,11740,10100,명일동,15,11740-7,삼익그린2차,,66.87,15,1983,71000,2019-05-01,,,,,,
강동구,11740,10200,고덕동,688,11740-4214,래미안힐스테이트고덕,,84.88,27,2016,104500,2019-05-09,,,,,,
강동구,11740,10900,천호동,55-4,11740-178,천호롯데아파트,,84.99,3,1999,49000,2019-05-03,,,,,,
강동구,11740,10900,천호동,334,11740-205,즈믄촌,,68.61,7,2002,37500,2019-05-08,,,,,,
강동구,11740,10700,암사동,414-2,11740-2802,롯데캐슬퍼스트,,84.98,16,2008,84000,2019-05-10,,,,,,
강동구,11740,10100,명일동,251-1,11740-16,현대(명일),,57.09,1,1988,44950,2019-05-17,,,,,,
강동구,11740,10100,명일동,257,11740-1,고덕주공9,,83.52,8,1985,76000,2019-05-08,,,,,,
강동구,11740,10100,명일동,44,11740-10,신동아,,112.93,1,1986,94000,2019-05-13,,,,,,
강동구,11740,10800,성내동,419-1,11740-121,둔촌역청구,,84.94,18,1999,70700,2019-05-05,,,,,,
강동구,11740,10900,천호동,571,11740-4289,래미안강동팰리스,,59.98,41,2017,98500,2019-05-28,,,,,,
강동구,11740,10800,성내동,599,11740-323,우림루미아트,,64.26,4,2004,48000,2019-05-15,,,,,,
강동구,11740,10600,둔촌동,435-2,11740-3106,상상프리,,59.79,5,2012,38500,2019-05-07,,,,,,
강동구,11740,10200,고덕동,312,11740-28,배재현대,,84.9,21,1995,73000,2019-05-29,,,,,,
강동구,11740,10100,명일동,351-11,11740-351,태천해오름103동,,83.46,7,2004,40700,2019-05-11,,,,,,
강동구,11740,10500,길동,457-1,11740-3473,강동렘브란트,,15.86,12,2014,12000,2019-05-28,,,,,,
강동구,11740,10800,성내동,606,11740-4102,올림픽파크한양수자인,,84.92,8,2016,89990,2019-05-10,,,,,,
강동구,11740,10100,명일동,354,11740-21,형인허브빌,,83.66,7,2002,52000,2019-05-04,,,,,,
강동구,11740,10800,성내동,444,11740-124,백룡도원,,60.17,8,2001,44500,2019-05-07,,,,,,
강동구,11740,10700,암사동,413,11740-2664,프라이어팰리스,,114.272,15,2007,97000,2019-05-03,,,,,,
강동구,11740,10100,명일동,15,11740-7,삼익그린2차,,66.87,2,1983,71000,2019-05-11,,,,,,
강동구,11740,10100,명일동,42,11740-11,명일우성,,84.93,9,1986,84000,2019-05-11,,,,,,
강동구,11740,10100,명일동,15,11740-7,삼익그린2차,,84.755,14,1983,85000,2019-05-08,,,,,,
강동구,11740,10100,명일동,15,11740-7,삼익그린2차,,107.56,2,1983,103000,2019-05-24,,,,,,
강동구,11740,11000,강일동,673,11740-2851,강일리버파크4단지,,84.53,10,2009,63600,2019-05-25,,,,,,
강동구,11740,10200,고덕동,688,11740-4214,래미안힐스테이트고덕,,84.83,9,2016,99000,2019-05-07,,,,,,
강동구,11740,10900,천호동,39-6,11740-327,새롬트윈스아파트(B동),,75.5,2,2003,36000,2019-05-25,,,,,,
강동구,11740,10700,암사동,414-2,11740-2802,롯데캐슬퍼스트,,59.99,7,2008,73900,2019-05-09,,,,,,
강동구,11740,10900,천호동,170-2,11740-207,천호네스빌,,39.15,4,2003,18000,2019-05-07,,,,,,
강동구,11740,10900,천호동,39-7,11740-328,새롬트윈스아파트(A동),,75.51,2,2003,35500,2019-05-29,,,,,,
강동구,11740,10100,명일동,15,11740-7,삼익그린2차,,84.755,12,1983,84500,2019-05-07,,,,,,
강동구,11740,10100,명일동,332,11740-3,명일지에스아파트,,59.79,6,1999,52500,2019-05-09,,,,,,
강동구,11740,10700,암사동,509,11740-91,선사현대아파트,,82.94,16,2000,75000,2019-05-09,,,,,,
강동구,11740,10700,암사동,509,11740-91,선사현대아파트,,59.64,24,2000,60000,2019-05-09,,,,,,
강동구,11740,10500,길동,456-4,11740-4482,다성이즈빌,,17.38,13,2018,18900,2019-05-21,,,,,,
강동구,11740,10200,고덕동,470,11740-22,대우,,96,2,1986,52000,2019-05-24,,,,,,
강동구,11740,10700,암사동,413,11740-2664,프라이어팰리스,,114.272,16,2007,90000,2019-05-28,,,,,,
강동구,11740,10900,천호동,410-100,11740-180,코오롱상가아파트,,56.4,9,1988,50000,2019-05-25,,,,,,
강동구,11740,10600,둔촌동,134-10,11740-73,신성둔촌미소지움2,,59.88,5,2000,57000,2019-05-04,,,,,,
강동구,11740,10600,둔촌동,134-10,11740-73,신성둔촌미소지움2,,59.88,3,2000,55000,2019-05-02,,,,,,
강동구,11740,10100,명일동,15,11740-7,삼익그린2차,,66.87,12,1983,74000,2019-05-09,,,,,,
강동구,11740,10200,고덕동,688,11740-4214,래미안힐스테이트고덕,,84.94,11,2016,97000,2019-05-03,,,,,,
강동구,11740,10100,명일동,15,11740-7,삼익그린2차,,84.755,3,1983,85000,2019-05-10,,,,,,
강동구,11740,10200,고덕동,312,11740-28,배재현대,,59.94,19,1995,56500,2019-05-25,,,,,,
강동구,11740,10700,암사동,414-2,11740-2802,롯데캐슬퍼스트,,112.11,8,2008,103500,2019-05-07,,,,,,
강동구,11740,10200,고덕동,688,11740-4214,래미안힐스테이트고덕,,59.35,15,2016,81500,2019-05-06,,,,,,
강동구,11740,10600,둔촌동,170-1,11740-75,둔촌주공1단지,,80.03,5,1980,135000,2019-05-21,,,,,,
강동구,11740,10200,고덕동,693,11740-4628,고덕그라시움,,59.785,2,2019,86000,2019-05-18,,,,,,
강동구,11740,10600,둔촌동,170-1,11740-75,둔촌주공1단지,,58.21,1,1980,128500,2019-05-25,,,,,,
강동구,11740,10600,둔촌동,170-1,11740-211,둔촌주공4단지,,78.24,4,1980,128250,2019-05-25,,,,,,
강동구,11740,10600,둔촌동,174-1,11740-76,둔촌주공3단지,,99.61,1,1980,151500,2019-05-27,,,,,,
강동구,11740,10100,명일동,15,11740-7,삼익그린2차,,54.81,1,1983,60000,2019-05-14,,,,,,
강동구,11740,10500,길동,160,11740-49,신동아,,72.44,4,1983,40500,2019-05-09,,,,,,
강동구,11740,10700,암사동,508,11740-90,삼성광나루,,59.94,16,2002,63000,2019-05-04,,,,,,
강동구,11740,10200,고덕동,688,11740-4214,래미안힐스테이트고덕,,59.23,28,2016,84000,2019-05-20,,,,,,
강동구,11740,10600,둔촌동,170-1,11740-211,둔촌주공4단지,,97.72,1,1980,133000,2019-05-23,,,,,,
강동구,11740,10100,명일동,251-1,11740-16,현대(명일),,57.09,12,1988,42500,2019-05-15,,,,,,
강동구,11740,10100,명일동,15,11740-7,삼익그린2차,,66.87,13,1983,74000,2019-05-08,,,,,,
강동구,11740,10600,둔촌동,170-1,11740-211,둔촌주공4단지,,99.61,5,1980,149000,2019-05-18,,,,,,
강동구,11740,10600,둔촌동,170-1,11740-211,둔촌주공4단지,,99.61,10,1980,149000,2019-05-04,,,,,,
강동구,11740,10900,천호동,410-100,11740-180,코오롱상가아파트,,56.4,6,1988,40000,2019-05-03,,,,,,
강동구,11740,10100,명일동,15,11740-7,삼익그린2차,,54.81,14,1983,60800,2019-05-03,,,,,,
강동구,11740,10100,명일동,15,11740-7,삼익그린2차,,42.93,2,1983,50000,2019-05-01,,,,,,
강동구,11740,10600,둔촌동,170-1,11740-211,둔촌주공4단지,,99.61,7,1980,179000,2019-05-15,,,,,,
강동구,11740,10200,고덕동,688,11740-4214,래미안힐스테이트고덕,,97,16,2016,120000,2019-05-07,,,,,,
강동구,11740,10600,둔촌동,170-1,11740-75,둔촌주공1단지,,50.84,3,1980,126000,2019-05-03,,,,,,
강동구,11740,10100,명일동,257,11740-1,고덕주공9,,83.52,7,1985,79300,2019-05-12,,,,,,
강동구,11740,10600,둔촌동,174-1,11740-209,둔촌주공2단지,,50.84,3,1980,126000,2019-05-01,,,,,,
강동구,11740,10600,둔촌동,170-1,11740-211,둔촌주공4단지,,97.72,3,1980,134700,2019-05-09,,,,,,
강동구,11740,10600,둔촌동,174-1,11740-76,둔촌주공3단지,,96.75,9,1980,138500,2019-05-14,,,,,,
강동구,11740,10500,길동,160,11740-49,신동아,,60.42,10,1983,48000,2019-05-14,,,,,,
강동구,11740,10300,상일동,473,11740-30,동아,,59.25,6,1997,39000,2019-05-18,,,,,,
강동구,11740,10800,성내동,590,11740-129,성내동삼성아파트,,114.93,6,1999,90000,2019-05-10,,,,,,
강동구,11740,10200,고덕동,688,11740-4214,래미안힐스테이트고덕,,59.35,17,2016,80800,2019-05-01,,,,,,
강동구,11740,10600,둔촌동,170-1,11740-211,둔촌주공4단지,,99.61,2,1980,155000,2019-05-15,,,,,,
강동구,11740,10500,길동,400,11740-39,길동우성,,84.75,9,1994,58000,2019-05-07,,,,,,
강동구,11740,10500,길동,332,11740-208,한전우성1,,81.63,7,1989,51900,2019-05-08,,,,,,
강동구,11740,10800,성내동,595,11740-164,코오롱2,,84.92,8,2002,60000,2019-05-11,,,,,,
강동구,11740,10600,둔촌동,630,11740-2931,둔촌푸르지오,,84.9,4,2010,83000,2019-05-04,,,,,,
강동구,11740,10200,고덕동,688,11740-4214,래미안힐스테이트고덕,,59.35,28,2016,79500,2019-05-11,,,,,,
강동구,11740,10600,둔촌동,546,11740-74,신성둔촌미소지움1,,59.78,3,1998,54000,2019-05-04,,,,,,
강동구,11740,10500,길동,415-13,11740-3349,강동큐브(2차),,15.12,12,2013,11800,2019-05-08,,,,,,
강동구,11740,10900,천호동,563,11740-169,동아코아아파트,,57.33,13,1997,39700,2019-05-10,,,,,,
강동구,11740,10200,고덕동,688,11740-4214,래미안힐스테이트고덕,,59.35,14,2016,81000,2019-05-07,,,,,,
강동구,11740,10600,둔촌동,174-1,11740-76,둔촌주공3단지,,96.75,2,1980,136000,2019-05-03,,,,,,
강동구,11740,10900,천호동,288-29,11740-2499,브라운스톤암사아파트,,84.97,12,2005,61800,2019-05-03,,,,,,
강동구,11740,10800,성내동,446-17,11740-2513,올림픽파크힐,,84.81,4,2005,48000,2019-05-01,,,,,,
강동구,11740,10500,길동,457,11740-3392,청광플러스원큐브2차,,14.495,9,2013,10000,2019-05-03,,,,,,
