구,시군구코드,법정동코드,법정동,지번,단지코드,아파트명,동,전용면적,층,건축년도,거래금액,계약일,해제여부,해제일,거래유형,매수자,매도자,등기일
종로구,11110,16000,연지동,36-1,11110-2290,하이텍하우스,,16.17,4,2011,10608,2020-10-18,,,,,,
종로구,11110,16000,연지동,36-1,11110-2290,하이텍하우스,,16.17,4,2011,10608,2020-10-18,O,21.04.09,,,,
종로구,11110,16000,연지동,36-1,11110-2290,하이텍하우스,,114.05,6,2011,56588,2020-10-18,,,,,,
종로구,11110,16000,연지동,36-1,11110-2290,하이텍하우스,,31.68,6,2011,18814,2020-10-18,,,,,,
종로구,11110,16000,연지동,36-1,11110-2290,하이텍하우스,,15.79,5,2011,10478,2020-10-18,,,,,,
종로구,11110,16000,연지동,36-1,11110-2290,하이텍하우스,,16.17,5,2011,10608,2020-10-18,,,,,,
종로구,11110,16000,연지동,36-1,11110-2290,하이텍하우스,,16.17,5,2011,10608,2020-10-18,,,,,,
종로구,11110,16000,연지동,36-1,11110-2290,하이텍하우스,,21.37,5,2011,13619,2020-10-18,,,,,,
종로구,11110,16000,연지동,36-1,11110-2290,하이텍하우스,,17.9,5,2011,11390,2020-10-18,,,,,,
종로구,11110,16000,연지동,36-1,11110-2290,하이텍하우스,,16.17,5,2011,10608,2020-10-18,,,,,,
종로구,11110,16000,연지동,36-1,11110-2290,하이텍하우스,,16.17,5,2011,10608,2020-10-18,,,,,,
종로구,11110,16000,연지동,36-1,11110-2290,하이텍하우스,,21,5,2011,13373,2020-10-18,,,,,,
종로구,11110,16000,연지동,36-1,11110-2290,하이텍하우스,,15.79,4,2011,10478,2020-10-18,,,,,,
종로구,11110,16000,연지동,36-1,11110-2290,하이텍하우스,,16.17,4,2011,10608,2020-10-18,,,,,,
종로구,11110,16000,연지동,36-1,11110-2290,하이텍하우스,,21.37,4,2011,13619,2020-10-18,,,,,,
종로구,11110,16000,연지동,36-1,11110-2290,하이텍하우스,,17.9,4,2011,11390,2020-10-18,,,,,,
종로구,11110,16000,연지동,36-1,11110-2290,하이텍하우스,,16.17,4,2011,10608,2020-10-18,,,,,,
종로구,11110,16000,연지동,36-1,11110-2290,하이텍하우스,,16.17,4,2011,10608,2020-10-18,,,,,,
종로구,11110,16000,연지동,36-1,11110-2290,하이텍하우스,,21,4,2011,13373,2020-10-18,,,,,,
종로구,11110,16000,연지동,36-1,11110-2290,하이텍하우스,,15.79,3,2011,10478,2020-10-18,,,,,,
종로구,11110,16000,연지동,36-1,11110-2290,하이텍하우스,,16.17,3,2011,10608,2020-10-18,,,,,,
종로구,11110,16000,연지동,36-1,11110-2290,하이텍하우스,,16.17,3,2011,10608,2020-10-18,,,,,,
종로구,11110,16000,연지동,36-1,11110-2290,하이텍하우스,,21.37,3,2011,13619,2020-10-18,,,,,,
종로구,11110,16000,연지동,36-1,11110-2290,하이텍하우스,,25.1,3,2011,16065,2020-10-18,,,,,,
종로구,11110,16000,연지동,36-1,11110-2290,하이텍하우스,,16.17,3,2011,10608,2020-10-18,,,,,,
종로구,11110,16000,연지동,36-1,11110-2290,하이텍하우스,,16.17,3,2011,10608,2020-10-18,,,,,,
종로구,11110,16000,연지동,36-1,11110-2290,하이텍하우스,,21,3,2011,13373,2020-10-18,,,,,,
종로구,11110,16000,연지동,36-1,11110-2290,하이텍하우스,,15.79,2,2011,10478,2020-10-18,,,,,,
종로구,11110,16000,연지동,36-1,11110-2290,하이텍하우스,,16.17,2,2011,10608,2020-10-18,,,,,,
종로구,11110,16000,연지동,36-1,11110-2290,하이텍하우스,,16.17,2,2011,10608,2020-10-18,,,,,,
종로구,11110,16000,연지동,36-1,11110-2290,하이텍하우스,,21.37,2,2011,13619,2020-10-18,,,,,,
종로구,11110,16000,연지동,36-1,11110-2290,하이텍하우스,,25.1,2,2011,16065,2020-10-18,,,,,,
종로구,11110,16000,연지동,36-1,11110-2290,하이텍하우스,,16.17,2,2011,10608,2020-10-18,,,,,,
종로구,11110,16000,연지동,36-1,11110-2290,하이텍하우스,,16.17,2,2011,10608,2020-10-18,,,,,,
종로구,11110,16000,연지동,36-1,11110-2290,하이텍하우스,,21,2,2011,13373,2020-10-18,,,,,,
종로구,11110,17100,명륜2가,4,11110-25,아남1,,84.8,11,1995,93500,2020-10-31,,,,,,
종로구,11110,11500,사직동,9,11110-2203,광화문스페이스본(101동~105동),,94.28,10,2008,130000,2020-10-30,,,,,,
종로구,11110,18700,무악동,89,11110-2519,경희궁롯데캐슬,,84.8792,13,2019,140000,2020-10-26,,,,,,
종로구,11110,17100,명륜2가,4,11110-25,아남1,,84.9,3,1995,95000,2020-10-26,,,,,,
종로구,11110,17500,숭인동,76,11110-152,롯데캐슬천지인,,111.73,28,2004,110000,2020-10-20,,,,,,
종로구,11110,17500,숭인동,2-1,11110-2224,종로센트레빌,,59.92,1,2008,76000,2020-10-23,,,,,,
종로구,11110,16700,충신동,62-2,11110-2291,CS타워,,22.17,8,2011,15300,2020-10-29,,,,,,
종로구,11110,11500,사직동,9,11110-2203,광화문스페이스본(101동~105동),,159.01,6,2008,165000,2020-10-26,,,,,,
종로구,11110,16000,연지동,36-1,11110-2290,하이텍하우스,,114.05,6,2011,44206,2020-10-18,O,21.03.26,,,,
종로구,11110,17500,숭인동,1421-1,11110-2343,종로동광모닝스카이,,15.855,11,2013,10500,2020-10-19,,,,,,
종로구,11110,17500,숭인동,2-1,11110-2224,종로센트레빌,,59.92,2,2008,83250,2020-10-28,,,,,,
종로구,11110,17500,숭인동,76,11110-152,롯데캐슬천지인,,112.54,9,2004,110000,2020-10-23,,,,,,
종로구,11110,17400,창신동,601-6,11110-95,MID그린(9동),,59.9,6,2002,35000,2020-10-28,,,,,,
종로구,11110,18700,무악동,88,11110-2417,인왕산2차아이파크,,84.2427,4,2015,113000,2020-10-24,,,,,,
종로구,11110,17900,홍파동,199,11110-2445,경희궁자이(2단지),,59.855,20,2017,154000,2020-10-21,,,,,,
종로구,11110,11500,사직동,9,11110-2203,광화문스페이스본(101동~105동),,95.88,6,2008,129000,2020-10-16,,,,,,
종로구,11110,18700,무악동,60,11110-2212,인왕산아이파크,,84.858,10,2008,127000,2020-10-12,,,,,,
종로구,11110,18700,무악동,82,11110-90,현대,,84.92,18,2000,111000,2020-10-12,,,,,,
종로구,11110,17700,평동,233,11110-2446,경희궁자이(3단지),,84.944,5,2017,170000,2020-10-10,,,,,,
종로구,11110,18700,무악동,88,11110-2417,인왕산2차아이파크,,84.748,7,2015,116700,2020-10-24,,,,,,
종로구,11110,16000,연지동,36-1,11110-2290,하이텍하우스,,16.17,5,2011,13603,2020-10-18,O,21.03.26,,,,
종로구,11110,16000,연지동,36-1,11110-2290,하이텍하우스,,21.37,5,2011,10639,2020-10-18,O,21.03.26,,,,
종로구,11110,16000,연지동,36-1,11110-2290,하이텍하우스,,16.17,5,2011,13603,2020-10-18,O,21.03.26,,,,
종로구,11110,16000,연지동,36-1,11110-2290,하이텍하우스,,21.37,4,2011,17463,2020-10-18,O,21.03.26,,,,
종로구,11110,16000,연지동,36-1,11110-2290,하이텍하우스,,16.17,3,2011,13603,2020-10-18,O,21.03.26,,,,
종로구,11110,16000,연지동,36-1,11110-2290,하이텍하우스,,16.17,2,2011,15022,2020-10-18,O,21.03.26,,,,
종로구,11110,16000,연지동,36-1,11110-2290,하이텍하우스,,31.68,6,2011,14698,2020-10-18,O,21.03.26,,,,
종로구,11110,16000,연지동,36-1,11110-2290,하이텍하우스,,15.79,5,2011,13430,2020-10-18,O,21.03.26,,,,
종로구,11110,16000,연지동,36-1,11110-2290,하이텍하우스,,16.17,5,2011,13603,2020-10-18,O,21.03.26,,,,
종로구,11110,16000,연지동,36-1,11110-2290,하이텍하우스,,17.9,5,2011,14605,2020-10-18,O,21.03.26,,,,
종로구,11110,16000,연지동,36-1,11110-2290,하이텍하우스,,16.17,5,2011,8287,2020-10-18,O,21.03.26,,,,
종로구,11110,16000,연지동,36-1,11110-2290,하이텍하우스,,21,5,2011,17148,2020-10-18,O,21.03.26,,,,
종로구,11110,16000,연지동,36-1,11110-2290,하이텍하우스,,15.79,4,2011,13436,2020-10-18,O,21.03.26,,,,
종로구,11110,16000,연지동,36-1,11110-2290,하이텍하우스,,16.17,4,2011,13603,2020-10-18,O,21.03.26,,,,
종로구,11110,16000,연지동,36-1,11110-2290,하이텍하우스,,16.17,4,2011,8287,2020-10-18,O,21.03.26,,,,
종로구,11110,16000,연지동,36-1,11110-2290,하이텍하우스,,17.9,4,2011,14605,2020-10-18,O,21.03.26,,,,
종로구,11110,16000,연지동,36-1,11110-2290,하이텍하우스,,16.17,4,2011,8287,2020-10-18,O,21.03.26,,,,
종로구,11110,16000,연지동,36-1,11110-2290,하이텍하우스,,16.17,4,2011,13603,2020-10-18,O,21.03.26,,,,
종로구,11110,16000,연지동,36-1,11110-2290,하이텍하우스,,21,4,2011,17148,2020-10-18,O,21.03.26,,,,
종로구,11110,16000,연지동,36-1,11110-2290,하이텍하우스,,15.79,3,2011,8186,2020-10-18,O,21.03.26,,,,
종로구,11110,16000,연지동,36-1,11110-2290,하이텍하우스,,16.17,3,2011,8287,2020-10-18,O,21.03.26,,,,
종로구,11110,16000,연지동,36-1,11110-2290,하이텍하우스,,21.37,3,2011,18873,2020-10-18,O,21.03.26,,,,
종로구,11110,16000,연지동,36-1,11110-2290,하이텍하우스,,25.1,3,2011,14522,2020-10-18,O,21.03.26,,,,
종로구,11110,16000,연지동,36-1,11110-2290,하이텍하우스,,16.17,3,2011,14702,2020-10-18,O,21.03.26,,,,
종로구,11110,16000,연지동,36-1,11110-2290,하이텍하우스,,16.17,3,2011,14702,2020-10-18,O,21.03.26,,,,
종로구,11110,16000,연지동,36-1,11110-2290,하이텍하우스,,21,3,2011,18533,2020-10-18,O,21.03.26,,,,
종로구,11110,16000,연지동,36-1,11110-2290,하이텍하우스,,15.79,2,2011,14521,2020-10-18,O,21.03.26,,,,
종로구,11110,16000,연지동,36-1,11110-2290,하이텍하우스,,16.17,2,2011,8287,2020-10-18,O,21.03.26,,,,
종로구,11110,16000,연지동,36-1,11110-2290,하이텍하우스,,21.37,2,2011,19285,2020-10-18,O,21.03.26,,,,
종로구,11110,16000,연지동,36-1,11110-2290,하이텍하우스,,25.1,2,2011,14522,2020-10-18,O,21.03.26,,,,
종로구,11110,16000,연지동,36-1,11110-2290,하이텍하우스,,16.17,2,2011,15022,2020-10-18,O,21.03.26,,,,
종로구,11110,16000,연지동,36-1,11110-2290,하이텍하우스,,16.17,2,2011,15022,2020-10-18,O,21.03.26,,,,
종로구,11110,16000,연지동,36-1,11110-2290,하이텍하우스,,21,2,2011,10447,2020-10-18,O,21.03.26,,,,
종로구,11110,18100,행촌동,41-1,11110-52,대성아파트,,45.39,5,1971,22000,2020-10-15,,,,,,
종로구,11110,17500,숭인동,181-121,11110-44,도시그린빌라,,44.4,6,1997,18000,2020-10-13,,,,,,
종로구,11110,17900,홍파동,199,11110-2445,경희궁자이(2단지),,84.944,9,2017,173000,2020-10-24,,,,,,
종로구,11110,17100,명륜2가,4,11110-25,아남1,,84.9,11,1995,95800,2020-10-11,,,,,,
종로구,11110,17400,창신동,328-17,11110-30,동대문,,28.8,3,1966,41300,2020-10-21,,,,,,
종로구,11110,11500,사직동,9,11110-2203,광화문스페이스본(101동~105동),,158.99,6,2008,154000,2020-10-22,,,,,,
종로구,11110,17500,숭인동,204-11,11110-48,숭인상가,,80.85,7,1979,45500,2020-10-03,,,,,,
종로구,11110,17400,창신동,232,11110-34,두산,,59.95,11,1999,72000,2020-10-23,,,,,,
종로구,11110,17400,창신동,328-17,11110-30,동대문,,28.8,4,1966,37800,2020-10-25,,,,,,
종로구,11110,17400,창신동,703,11110-91,창신쌍용2,,64.66,13,1993,64800,2020-10-18,,,,,,
종로구,11110,18300,평창동,108,11110-2246,롯데캐슬로잔,,190.743,5,2009,149000,2020-10-23,,,,,,
종로구,11110,13300,익선동,55,11110-102,현대뜨레비앙,,43.98,5,2003,28500,2020-10-23,,,,,,
종로구,11110,11800,내수동,95,11110-107,경희궁파크팰리스,,146.39,4,2003,125000,2020-10-20,,,,,,
종로구,11110,18700,무악동,88,11110-2417,인왕산2차아이파크,,84.2427,3,2015,113000,2020-10-18,,,,,,
종로구,11110,18300,평창동,595,11110-68,갑을아파트,,30.46,6,1997,18500,2020-10-03,,,,,,
종로구,11110,16700,충신동,62-2,11110-2291,CS타워,,21.94,9,2011,15100,2020-10-19,,,,,,
종로구,11110,16200,효제동,65-2,11110-2440,포레스트힐시티,,20.3861,7,2017,22300,2020-10-19,,,,,,
종로구,11110,17400,창신동,23-816,11110-42,창신이수,,68.06,17,2003,72500,2020-10-09,,,,,,
종로구,11110,16600,연건동,195-10,11110-2359,이화에수풀,,16.98,13,2014,21500,2020-10-10,,,,,,
종로구,11110,17500,숭인동,296-19,11110-2322,삼전솔하임2차,,16.67,9,2012,12000,2020-10-15,,,,,,
종로구,11110,17400,창신동,601-6,11110-95,MID그린(9동),,59.9,3,2002,35000,2020-10-13,,,,,,
종로구,11110,17500,숭인동,1421-1,11110-2343,종로동광모닝스카이,,15.855,16,2013,11700,2020-10-06,,,,,,
종로구,11110,17500,숭인동,2-1,11110-2224,종로센트레빌,,114.67,4,2008,100000,2020-10-06,,,,,,
중구,11140,16200,신당동,844,11140-28,남산타운,,59.94,13,2002,98500,2020-10-22,,,,,,
중구,11140,16500,황학동,2545,11140-1039,롯데캐슬,,84.9,29,2008,89900,2020-10-09,,,,,,
중구,11140,16200,신당동,840,11140-40,현대,,83.97,3,1993,86500,2020-10-31,,,,,,
중구,11140,16200,신당동,851,11140-1141,래미안하이베르,,117,3,2011,129000,2020-10-29,,,,,,
중구,11140,16200,신당동,856,11140-1333,신당KCC스위첸,,72.1,13,2019,81000,2020-10-26,,,,,,
중구,11140,16200,신당동,840,11140-40,현대,,83.97,3,1993,86500,2020-10-31,O,20.12.22,,,,
중구,11140,16200,신당동,844,11140-28,남산타운,,59.94,14,2002,99000,2020-10-27,,,,,,
중구,11140,12100,회현동1가,208,11140-1142,남산롯데캐슬아이리스,,187.08,7,2011,150000,2020-10-28,,,,,,
중구,11140,13600,묵정동,11-67,11140-15,묵정,,52.46,8,1981,34700,2020-10-26,,,,,,
중구,11140,16200,신당동,845,11140-1012,한진해모로,,84.96,10,2001,90000,2020-10-30,,,,,,
중구,11140,16300,흥인동,3-4,11140-26,우일타운,,56.43,21,1994,46000,2020-10-27,,,,,,
중구,11140,16200,신당동,290-67,11140-1013,노블레스하우스,,70.09,4,2007,68000,2020-10-26,,,,,,
중구,11140,16200,신당동,844,11140-28,남산타운,,59.94,17,2002,97000,2020-10-31,,,,,,
중구,11140,16800,순화동,151,11140-1016,순화동더샵,,84.95,16,2007,98000,2020-10-26,,,,,,
중구,11140,16200,신당동,842,11140-37,약수하이츠,,65.37,2,1999,92000,2020-10-24,,,,,,
중구,11140,16200,신당동,844,11140-28,남산타운,,59.94,5,2002,97000,2020-10-30,,,,,,
중구,11140,12100,회현동1가,206,11140-1099,SK리더스뷰남산,,145.79,11,2010,145000,2020-10-26,,,,,,
중구,11140,16200,신당동,844,11140-28,남산타운,,84.88,18,2002,128000,2020-10-24,,,,,,
중구,11140,16200,신당동,844,11140-28,남산타운,,114.88,15,2002,154000,2020-10-27,,,,,,
중구,11140,16200,신당동,844,11140-28,남산타운,,114.88,3,2002,125500,2020-10-12,,,,,,
중구,11140,13200,충무로4가,120-3,11140-13,진양상가,,132.13,12,1970,72000,2020-10-19,,,,,,
중구,11140,17400,만리동2가,273,11140-1300,서울역센트럴자이,,72.9733,1,2017,136500,2020-10-17,,,,,,
중구,11140,16200,신당동,844,11140-28,남산타운,,84.88,6,2002,110000,2020-10-11,,,,,,
중구,11140,16200,신당동,842,11140-37,약수하이츠,,57.63,18,1999,92000,2020-10-22,,,,,,
중구,11140,16200,신당동,843,11140-32,삼성,,59.97,2,1999,83800,2020-10-23,,,,,,
중구,11140,16200,신당동,844,11140-28,남산타운,,84.88,5,2002,115000,2020-10-20,,,,,,
중구,11140,16800,순화동,215,11140-1010,바비엥3,,63.64,14,2006,57000,2020-10-16,,,,,,
중구,11140,16500,황학동,2545,11140-1039,롯데캐슬,,114.9,32,2008,130000,2020-10-16,,,,,,
중구,11140,16500,황학동,2545,11140-1039,롯데캐슬,,84.97,25,2008,102000,2020-10-15,,,,,,
중구,11140,16200,신당동,432-2837,11140-60,프라임2,,82.17,3,2003,59500,2020-10-21,,,,,,
중구,11140,16200,신당동,840,11140-40,현대,,122.275,12,1993,103500,2020-10-31,,,,,,
중구,11140,16200,신당동,844,11140-28,남산타운,,59.94,3,2002,90700,2020-10-10,,,,,,
중구,11140,16200,신당동,844,11140-28,남산타운,,59.94,13,2002,106500,2020-10-17,,,,,,
중구,11140,16200,신당동,840,11140-40,현대,,83.97,4,1993,89000,2020-10-09,,,,,,
중구,11140,12100,회현동1가,206,11140-1099,SK리더스뷰남산,,205.62,4,2010,160000,2020-10-12,O,21.03.12,,,,
중구,11140,16200,신당동,844,11140-28,남산타운,,59.94,14,2002,98500,2020-10-21,,,,,,
중구,11140,16500,황학동,882,11140-1124,황학동코아루,,84.94,4,2010,93000,2020-10-24,,,,,,
중구,11140,17400,만리동2가,288,11140-1307,서울역한라비발디센트럴,,71.9832,6,2018,136000,2020-10-17,,,,,,
중구,11140,16500,황학동,2545,11140-1039,롯데캐슬,,59.91,29,2008,83000,2020-10-17,,,,,,
중구,11140,16200,신당동,844,11140-28,남산타운,,114.88,16,2002,138000,2020-10-08,,,,,,
중구,11140,16200,신당동,844,11140-28,남산타운,,59.94,10,2002,92000,2020-10-17,,,,,,
중구,11140,16800,순화동,215,11140-1010,바비엥3,,59.93,19,2006,55500,2020-10-16,,,,,,
중구,11140,16500,황학동,882,11140-1124,황학동코아루,,84.96,7,2010,85000,2020-10-09,,,,,,
중구,11140,17100,중림동,200,11140-51,삼성사이버빌리지,,59.7,13,2001,97000,2020-10-18,,,,,,
중구,11140,11800,남대문로5가,827,11140-1119,남산트라팰리스,,148.47,24,2010,180000,2020-10-22,,,,,,
중구,11140,16500,황학동,2545,11140-1039,롯데캐슬,,59.94,19,2008,84500,2020-10-24,,,,,,
중구,11140,16200,신당동,851,11140-1141,래미안하이베르,,59.74,4,2011,102500,2020-10-12,,,,,,
중구,11140,16200,신당동,844,11140-28,남산타운,,84.88,18,2002,132000,2020-10-09,,,,,,
중구,11140,16200,신당동,843,11140-32,삼성,,84.96,23,1999,104000,2020-10-10,,,,,,
중구,11140,16200,신당동,842,11140-37,약수하이츠,,57.63,3,1999,88000,2020-10-20,,,,,,
중구,11140,16500,황학동,1743,11140-1297,골드캐슬Ⅲ,,29.16,13,2017,29800,2020-10-23,,,,,,
중구,11140,13300,충무로5가,90,11140-1303,충무로헤센스마트,,21.04,2,2018,25150,2020-10-17,,,,,,
중구,11140,15400,오장동,145-1,11140-1355,오렌지카운티을지로,,15.79,14,2020,24000,2020-10-10,,,,,,
중구,11140,16200,신당동,122-1,11140-56,그린빌,,61.49,4,2003,54500,2020-10-15,,,,,,
중구,11140,16200,신당동,290-52,11140-41,대성드림,,83.01,2,2002,77000,2020-10-17,,,,,,
중구,11140,16200,신당동,432-2006,11140-85,수산타운(2차),,32.86,1,2001,10500,2020-10-26,,,,,,
중구,11140,16800,순화동,217,11140-1277,덕수궁롯데캐슬,,42.3686,4,2016,71800,2020-10-25,,,,,,
중구,11140,16200,신당동,844,11140-28,남산타운,,84.88,11,2002,116500,2020-10-13,,,,,,
중구,11140,16200,신당동,843,11140-32,삼성,,59.98,15,1999,90000,2020-10-24,,,,,,
중구,11140,13300,충무로5가,36-2,11140-1261,충무로엘크루메크로시티2차,,22.75,5,2016,20750,2020-10-17,,,,,,
중구,11140,12100,회현동1가,208,11140-1142,남산롯데캐슬아이리스,,40.9,11,2011,78500,2020-10-22,,,,,,
중구,11140,16200,신당동,844,11140-28,남산타운,,84.88,8,2002,119000,2020-10-12,,,,,,
중구,11140,16500,황학동,882,11140-1124,황학동코아루,,84.94,7,2010,82000,2020-10-20,,,,,,
중구,11140,12100,회현동1가,206,11140-1099,SK리더스뷰남산,,145.79,9,2010,143000,2020-10-15,,,,,,
중구,11140,16800,순화동,217,11140-1277,덕수궁롯데캐슬,,82.3212,12,2016,140000,2020-10-15,,,,,,
중구,11140,16200,신당동,843,11140-32,삼성,,59.97,5,1999,84500,2020-10-17,,,,,,
중구,11140,13400,인현동2가,192-30,11140-14,인현상가/신성아파트,,49.22,9,1968,26000,2020-10-16,,,,,,
중구,11140,13200,충무로4가,306,11140-1097,남산센트럴자이,,128.952,15,2009,134000,2020-10-17,,,,,,
중구,11140,17100,중림동,200,11140-51,삼성사이버빌리지,,114.77,1,2001,134000,2020-10-13,,,,,,
중구,11140,16200,신당동,842,11140-37,약수하이츠,,57.63,16,1999,90000,2020-10-06,,,,,,
중구,11140,17100,중림동,200,11140-51,삼성사이버빌리지,,59.7,18,2001,100800,2020-10-14,,,,,,
중구,11140,16200,신당동,432-502,11140-70,인성아트빌,,58.11,-1,2001,8300,2020-10-12,O,20.11.02,,,,
중구,11140,16200,신당동,160-5,11140-1217,신당아르브,,16.87,7,2014,16500,2020-10-13,,,,,,
용산구,11170,11200,원효로1가,41,11170-2960,용산더프라임,,123.673,8,2014,158500,2020-10-27,,,,,,
용산구,11170,10700,동자동,45,11170-2917,센트레빌아스테리움서울,,128.06,13,2013,144000,2020-10-30,,,,,,
용산구,11170,13100,한남동,810,11170-2839,한남더힐,,177.764,3,2011,448000,2020-10-28,,,,,,
용산구,11170,12900,이촌동,430,11170-156,LG한강자이,,168.53,19,2003,278000,2020-10-29,,,,,,
용산구,11170,12900,이촌동,300-10,11170-57,점보,,217.36,13,1974,210000,2020-10-29,,,,,,
용산구,11170,12900,이촌동,402,11170-35,강촌,,114.595,11,1998,204500,2020-10-31,,,,,,
용산구,11170,12900,이촌동,430,11170-156,LG한강자이,,168.53,19,2003,278000,2020-10-29,O,20.11.26,,,,
용산구,11170,13600,보광동,448,11170-134,신동아1,,84.93,8,1992,184000,2020-10-27,,,,,,
용산구,11170,12200,문배동,24-6,11170-2497,CJ나인파크,,84.98,6,2007,119500,2020-10-30,,,,,,
용산구,11170,11900,효창동,286,11170-3188,용산케이씨씨스위첸,,84.91,9,2018,158000,2020-10-26,,,,,,
용산구,11170,12800,한강로3가,65-500,11170-32,철우,,68.83,4,1978,140000,2020-10-31,,,,,,
용산구,11170,13600,보광동,35-5,11170-136,카사빌라,,143.88,10,1995,225000,2020-10-31,,,,,,
용산구,11170,12900,이촌동,414,11170-141,이촌코오롱(B),,59.82,5,1999,140000,2020-10-31,,,,,,
용산구,11170,12900,이촌동,418,11170-40,동부센트레빌,,100.92,5,2001,178000,2020-10-28,,,,,,
용산구,11170,12900,이촌동,430,11170-156,LG한강자이,,169.44,10,2003,310000,2020-10-29,,,,,,
용산구,11170,12900,이촌동,301-155,11170-2683,두산위브트레지움,,89.09,2,1976,129000,2020-10-28,,,,,,
용산구,11170,12300,신계동,48,11170-2843,용산e편한세상,,84.89,20,2011,165000,2020-10-26,,,,,,
용산구,11170,11900,효창동,5-17,11170-198,세인트힐,,107.27,6,2004,60000,2020-10-26,,,,,,
용산구,11170,11500,산천동,193,11170-138,리버힐삼성,,114.48,19,2001,130000,2020-10-27,,,,,,
용산구,11170,12000,도원동,23,11170-27,삼성래미안,,59.94,1,2001,95800,2020-10-31,,,,,,
용산구,11170,13300,서빙고동,241-21,11170-131,신동아,,210.25,12,1984,312500,2020-10-16,,,,,,
용산구,11170,12900,이촌동,426,11170-71,이촌동삼성리버스위트,,180.82,15,2002,270000,2020-10-22,,,,,,
용산구,11170,13300,서빙고동,241-21,11170-131,신동아,,166.98,6,1984,240000,2020-10-26,,,,,,
용산구,11170,13100,한남동,1-44,11170-148,힐탑트레져1동,,231.19,9,2003,338000,2020-10-28,,,,,,
용산구,11170,13100,한남동,828,11170-3107,한남아이파크애비뉴,,48.4109,13,2017,86000,2020-10-22,,,,,,
용산구,11170,12900,이촌동,395,11170-38,대림,,84.78,9,1994,140000,2020-10-20,,,,,,
용산구,11170,12000,도원동,23,11170-27,삼성래미안,,114.99,17,2001,146000,2020-10-24,,,,,,
용산구,11170,13300,서빙고동,241-21,11170-131,신동아,,95.66,4,1984,190000,2020-10-17,,,,,,
용산구,11170,13300,서빙고동,296,11170-132,금호베스트빌1,,84.95,4,2002,128000,2020-10-19,,,,,,
용산구,11170,12700,용산동5가,24,11170-2766,용산파크타워(24-0),,154.47,6,2009,254000,2020-10-16,,,,,,
용산구,11170,12000,도원동,23,11170-27,삼성래미안,,114.99,2,2001,130000,2020-10-24,,,,,,
용산구,11170,12000,도원동,23,11170-27,삼성래미안,,84.69,21,2001,123500,2020-10-30,,,,,,
용산구,11170,12000,도원동,23,11170-27,삼성래미안,,84.92,10,2001,124500,2020-10-28,,,,,,
용산구,11170,13100,한남동,828,11170-3107,한남아이파크애비뉴,,49.6971,7,2017,91500,2020-10-19,,,,,,
용산구,11170,12900,이촌동,404,11170-66,한가람,,84.89,15,1998,185000,2020-10-16,,,,,,
용산구,11170,13100,한남동,827,11170-3092,한남해피트리,,65.17,2,2016,113000,2020-10-17,,,,,,
용산구,11170,12200,문배동,11-10,11170-3008,용산KCC웰츠타워,,84.68,39,2015,126000,2020-10-16,,,,,,
용산구,11170,12900,이촌동,412,11170-55,이촌코오롱(A),,59.82,9,1999,144000,2020-10-24,,,,,,
용산구,11170,13100,한남동,657-107,11170-2885,윌쏘나슈트,,17.99,2,2012,30600,2020-10-15,,,,,,
용산구,11170,13100,한남동,657-107,11170-2885,윌쏘나슈트,,17.18,2,2012,27034,2020-10-15,,,,,,
용산구,11170,13100,한남동,657-107,11170-2885,윌쏘나슈트,,19,2,2012,30624,2020-10-15,,,,,,
용산구,11170,13100,한남동,657-107,11170-2885,윌쏘나슈트,,15.29,2,2012,24258,2020-10-15,,,,,,
용산구,11170,13100,한남동,657-107,11170-2885,윌쏘나슈트,,16.15,2,2012,24288,2020-10-15,,,,,,
용산구,11170,13100,한남동,657-107,11170-2885,윌쏘나슈트,,20.46,2,2012,33370,2020-10-15,,,,,,
용산구,11170,13100,한남동,657-107,11170-2885,윌쏘나슈트,,17.99,3,2012,31469,2020-10-15,,,,,,
용산구,11170,13100,한남동,657-107,11170-2885,윌쏘나슈트,,17.18,3,2012,27878,2020-10-15,,,,,,
용산구,11170,13100,한남동,657-107,11170-2885,윌쏘나슈트,,19,3,2012,31469,2020-10-15,,,,,,
용산구,11170,13100,한남동,657-107,11170-2885,윌쏘나슈트,,15.29,3,2012,25300,2020-10-15,,,,,,
용산구,11170,13100,한남동,657-107,11170-2885,윌쏘나슈트,,16.15,3,2012,25344,2020-10-15,,,,,,
용산구,11170,13100,한남동,657-107,11170-2885,윌쏘나슈트,,20.46,3,2012,34003,2020-10-15,,,,,,
용산구,11170,13100,한남동,657-107,11170-2885,윌쏘나슈트,,17.99,4,2012,31369,2020-10-15,,,,,,
용산구,11170,13100,한남동,657-107,11170-2885,윌쏘나슈트,,17.18,4,2012,27878,2020-10-15,,,,,,
용산구,11170,13100,한남동,657-107,11170-2885,윌쏘나슈트,,19,4,2012,31469,2020-10-15,,,,,,
용산구,11170,13100,한남동,657-107,11170-2885,윌쏘나슈트,,31.44,4,2012,53434,2020-10-15,,,,,,
용산구,11170,13100,한남동,657-107,11170-2885,윌쏘나슈트,,20.46,4,2012,34003,2020-10-15,,,,,,
용산구,11170,13100,한남동,657-107,11170-2885,윌쏘나슈트,,18.14,5,2012,31469,2020-10-15,,,,,,
용산구,11170,13100,한남동,657-107,11170-2885,윌쏘나슈트,,17.79,5,2012,31439,2020-10-15,,,,,,
용산구,11170,13100,한남동,657-107,11170-2885,윌쏘나슈트,,18.92,5,2012,31469,2020-10-15,,,,,,
용산구,11170,13100,한남동,657-107,11170-2885,윌쏘나슈트,,27.75,5,2012,47500,2020-10-15,,,,,,
용산구,11170,13100,한남동,657-107,11170-2885,윌쏘나슈트,,20.46,5,2012,34003,2020-10-15,,,,,,
용산구,11170,13100,한남동,657-107,11170-2885,윌쏘나슈트,,22.96,6,2012,39282,2020-10-15,,,,,,
용산구,11170,13100,한남동,657-107,11170-2885,윌쏘나슈트,,23.31,6,2012,39283,2020-10-15,,,,,,
용산구,11170,13100,한남동,657-107,11170-2885,윌쏘나슈트,,25.57,6,2012,43930,2020-10-15,,,,,,
용산구,11170,13100,한남동,657-107,11170-2885,윌쏘나슈트,,20.44,6,2012,34003,2020-10-15,,,,,,
용산구,11170,13100,한남동,657-107,11170-2885,윌쏘나슈트,,32.78,7,2012,54701,2020-10-15,,,,,,
용산구,11170,13100,한남동,657-107,11170-2885,윌쏘나슈트,,25.15,7,2012,42874,2020-10-15,,,,,,
용산구,11170,13100,한남동,657-107,11170-2885,윌쏘나슈트,,20.44,7,2012,33792,2020-10-15,,,,,,
용산구,11170,12900,이촌동,402,11170-35,강촌,,59.12,1,1998,139000,2020-10-31,,,,,,
용산구,11170,12900,이촌동,395,11170-38,대림,,84.78,18,1994,157000,2020-10-27,,,,,,
용산구,11170,12800,한강로3가,63-387,11170-2521,시티파크(2단지),,149.23,28,2007,330000,2020-10-12,,,,,,
용산구,11170,12900,이촌동,404,11170-66,한가람,,77.22,1,1998,154000,2020-10-16,,,,,,
용산구,11170,13100,한남동,809,11170-2346,대성이태리하우스,,84.89,1,2006,135000,2020-10-11,,,,,,
용산구,11170,12900,이촌동,436,11170-3048,래미안첼리투스,,124.02,10,2015,319998,2020-10-13,,,,,,
용산구,11170,10700,동자동,45,11170-2917,센트레빌아스테리움서울,,149.05,27,2013,169000,2020-10-23,,,,,,
용산구,11170,12900,이촌동,404,11170-66,한가람,,84.89,15,1998,173000,2020-10-19,,,,,,
용산구,11170,12900,이촌동,414,11170-141,이촌코오롱(B),,59.82,4,1999,135000,2020-10-17,,,,,,
용산구,11170,11200,원효로1가,46-3,11170-3174,용산파크뷰(46-3),,28.38,9,2018,44000,2020-10-21,,,,,,
용산구,11170,13300,서빙고동,241-21,11170-131,신동아,,166.98,10,1984,283000,2020-10-29,,,,,,
용산구,11170,12900,이촌동,411,11170-41,동아그린,,43.02,6,1999,82000,2020-10-22,,,,,,
용산구,11170,12000,도원동,23,11170-27,삼성래미안,,59.94,17,2001,105000,2020-10-18,,,,,,
용산구,11170,13300,서빙고동,293,11170-130,그린파크(코오롱하늘채),,59.98,15,2000,105000,2020-10-24,,,,,,
용산구,11170,12000,도원동,23,11170-27,삼성래미안,,84.69,7,2001,119500,2020-10-16,,,,,,
용산구,11170,12200,문배동,11-29,11170-2306,이안용산1차(103동),,56.83,4,2005,88000,2020-10-10,,,,,,
용산구,11170,12900,이촌동,301-160,11170-69,현대맨숀,,121.44,8,1974,184998,2020-10-29,,,,,,
용산구,11170,12900,이촌동,404,11170-66,한가람,,59.88,4,1998,149900,2020-10-09,,,,,,
용산구,11170,13100,한남동,258,11170-83,리버티하우스,,173.74,12,2001,175000,2020-10-19,,,,,,
용산구,11170,12200,문배동,11-10,11170-3008,용산KCC웰츠타워,,84.03,37,2015,127000,2020-10-06,,,,,,
용산구,11170,12800,한강로3가,63-389,11170-2522,용산시티파크(1단지),,143.36,41,2007,270000,2020-10-06,,,,,,
용산구,11170,12200,문배동,11-10,11170-3008,용산KCC웰츠타워,,84.68,16,2015,124500,2020-10-22,,,,,,
용산구,11170,12900,이촌동,426,11170-71,이촌동삼성리버스위트,,134.9,9,2002,245000,2020-10-12,,,,,,
용산구,11170,13100,한남동,807,11170-145,한남힐스테이트,,84.86,12,2003,160000,2020-10-10,,,,,,
용산구,11170,12900,이촌동,436,11170-3048,래미안첼리투스,,124.02,10,2015,319998,2020-10-13,O,20.11.09,,,,
용산구,11170,12900,이촌동,415,11170-67,한강(대우),,84.98,1,2000,157000,2020-10-10,,,,,,
용산구,11170,12500,한강로2가,2-8,11170-293,벽산메가트리움,,125.68,14,2005,159000,2020-10-08,,,,,,
용산구,11170,12900,이촌동,430,11170-156,LG한강자이,,210.01,8,2003,290000,2020-10-21,,,,,,
용산구,11170,12300,신계동,48,11170-2843,용산e편한세상,,84.21,4,2011,168000,2020-10-07,,,,,,
용산구,11170,11800,원효로4가,118-16,11170-14,산호,,40.46,9,1977,99800,2020-10-19,,,,,,
용산구,11170,12800,한강로3가,63-389,11170-2522,용산시티파크(1단지),,146.53,19,2007,200000,2020-10-26,,,,,,
용산구,11170,11500,산천동,193,11170-138,리버힐삼성,,59.55,12,2001,98000,2020-10-24,,,,,,
용산구,11170,13100,한남동,1-44,11170-148,힐탑트레져1동,,231.19,3,2003,304000,2020-10-20,,,,,,
용산구,11170,11200,원효로1가,133-3,11170-2811,리첸시아용산A,,107.05,9,2010,138000,2020-10-26,,,,,,
용산구,11170,12900,이촌동,436,11170-3048,래미안첼리투스,,124.02,10,2015,329998,2020-10-06,,,,,,
용산구,11170,10100,후암동,423-1,11170-4,후암미주,,64.86,1,1980,93000,2020-10-17,,,,,,
용산구,11170,13300,서빙고동,241-21,11170-131,신동아,,210.25,3,1984,305000,2020-10-19,,,,,,
용산구,11170,12900,이촌동,436,11170-3048,래미안첼리투스,,124.02,2,2015,289998,2020-10-17,,,,,,
용산구,11170,13000,이태원동,669,11170-75,용산동아파트,,51.27,5,1969,59000,2020-10-26,,,,,,
용산구,11170,10200,용산동2가,47-5,11170-6,용암한신,,72.66,6,1982,55300,2020-10-16,,,,,,
용산구,11170,12000,도원동,23,11170-27,삼성래미안,,59.94,13,2001,106800,2020-10-17,,,,,,
용산구,11170,12900,이촌동,300-23,11170-68,한강맨숀,,87.54,5,1971,222000,2020-10-23,,,,,,
용산구,11170,12000,도원동,3-4,11170-28,제일1,,45.26,3,1971,20000,2020-10-12,,,,,,
용산구,11170,10700,동자동,45,11170-2917,센트레빌아스테리움서울,,149.05,15,2013,187000,2020-10-16,,,,,,
용산구,11170,12900,이촌동,193-3,11170-33,강변,,66.08,5,1971,81000,2020-10-16,,,,,,
용산구,11170,11900,효창동,274,11170-2821,효창파크푸르지오,,59.41,4,2010,127500,2020-10-17,,,,,,
용산구,11170,12900,이촌동,404,11170-66,한가람,,59.88,3,1998,144000,2020-10-10,,,,,,
용산구,11170,12900,이촌동,418,11170-40,동부센트레빌,,100.8,10,2001,193000,2020-10-07,,,,,,
용산구,11170,12900,이촌동,412,11170-55,이촌코오롱(A),,59.82,1,1999,120000,2020-10-20,,,,,,
용산구,11170,11200,원효로1가,41,11170-2960,용산더프라임,,123.673,22,2014,170000,2020-10-08,,,,,,
용산구,11170,12900,이촌동,193-3,11170-33,강변,,66.08,5,1971,81000,2020-10-16,O,20.10.22,,,,
용산구,11170,12500,한강로2가,2-8,11170-293,벽산메가트리움,,84.74,21,2005,140000,2020-10-14,,,,,,
용산구,11170,10100,후암동,423-1,11170-4,후암미주,,62.28,3,1980,88800,2020-10-12,,,,,,
용산구,11170,12500,한강로2가,417,11170-2457,용산파크e-편한세상,,84.67,8,2007,136000,2020-10-10,,,,,,
용산구,11170,12900,이촌동,302-69,11170-58,정우,,257.85,8,1972,140000,2020-10-12,,,,,,
용산구,11170,12900,이촌동,436,11170-3048,래미안첼리투스,,124.02,34,2015,312998,2020-10-10,,,,,,
용산구,11170,12900,이촌동,412,11170-55,이촌코오롱(A),,59.82,9,1999,142500,2020-10-07,,,,,,
용산구,11170,12900,이촌동,418,11170-40,동부센트레빌,,100.92,1,2001,165000,2020-10-07,,,,,,
용산구,11170,12900,이촌동,436,11170-3048,래미안첼리투스,,124.02,10,2015,320000,2020-10-13,O,20.11.02,,,,
용산구,11170,11800,원효로4가,118-16,11170-14,산호,,78.06,12,1977,149500,2020-10-10,,,,,,
용산구,11170,13100,한남동,828,11170-3107,한남아이파크애비뉴,,49.6971,6,2017,89990,2020-10-08,,,,,,
용산구,11170,12900,이촌동,412,11170-55,이촌코오롱(A),,59.82,3,1999,137500,2020-10-05,,,,,,
성동구,11200,10200,하왕십리동,1066,11200-3074,텐즈힐(1단지),,84.96,12,2015,149500,2020-10-25,,,,,,
성동구,11200,10200,하왕십리동,1066,11200-3074,텐즈힐(1단지),,84.96,12,2015,149500,2020-10-25,O,21.03.02,,,,
성동구,11200,10100,상왕십리동,811,11200-3024,텐즈힐(2단지),,84.9,13,2014,149000,2020-10-05,,,,,,
성동구,11200,11800,송정동,90,11200-74,건영,,84.945,11,2000,79600,2020-10-26,,,,,,
성동구,11200,10200,하왕십리동,1070,11200-3120,센트라스,,84.96,10,2016,145000,2020-10-03,O,21.03.22,,,,
성동구,11200,10200,하왕십리동,1070,11200-3120,센트라스,,59.93,15,2016,130500,2020-10-29,,,,,,
성동구,11200,10500,마장동,784,11200-13,세림,,72.84,8,1986,89000,2020-10-31,,,,,,
성동구,11200,10700,행당동,380,11200-3173,서울숲리버뷰자이,,59.97,11,2018,144500,2020-10-30,,,,,,
성동구,11200,12200,용답동,226-4,11200-2829,YM프라젠,,84.95,5,2007,50000,2020-10-30,,,,,,
성동구,11200,11000,금호동2가,1215,11200-2938,금호자이1차,,84.97,14,2012,145000,2020-10-31,,,,,,
성동구,11200,11200,금호동4가,1507,11200-2789,브라운스톤금호,,84.838,8,2007,112000,2020-10-26,,,,,,
성동구,11200,11000,금호동2가,1215,11200-2938,금호자이1차,,84.97,18,2012,147000,2020-10-29,,,,,,
성동구,11200,11400,성수동1가,707,11200-59,서울숲한양현대,,84.81,1,1999,100000,2020-10-30,,,,,,
성동구,11200,11500,성수동2가,834,11200-80,현대I-PARK,,104.56,1,2003,105500,2020-10-26,,,,,,
성동구,11200,10800,응봉동,15,11200-29,대림강변타운,,59.76,10,2001,105300,2020-10-31,,,,,,
성동구,11200,10800,응봉동,15,11200-29,대림강변타운,,84.42,2,2001,118500,2020-10-31,,,,,,
성동구,11200,10700,행당동,147,11200-20,서울숲삼부아파트,,122.01,14,1998,149000,2020-10-22,,,,,,
성동구,11200,11800,송정동,90,11200-74,건영,,84.945,11,2000,79600,2020-10-26,O,21.01.04,,,,
성동구,11200,10700,행당동,347,11200-18,대림e-편한세상,,59.96,8,2000,93000,2020-10-31,,,,,,
성동구,11200,10900,금호동1가,1823,11200-3161,이편한세상금호파크힐스,,84.932,8,2019,148000,2020-10-30,,,,,,
성동구,11200,11400,성수동1가,685-696,11200-2923,갤러리아포레,,168.37,26,2011,420000,2020-10-22,,,,,,
성동구,11200,10900,금호동1가,633,11200-32,벽산,,59.9,12,2001,97000,2020-10-29,,,,,,
성동구,11200,10800,응봉동,98,11200-27,금호현대,,79.8,14,1990,95000,2020-10-31,,,,,,
성동구,11200,10200,하왕십리동,1066,11200-3074,텐즈힐(1단지),,84.96,12,2015,149500,2020-10-25,O,21.03.02,,,,
성동구,11200,11500,성수동2가,836,11200-87,서울숲금강아미움,,80.89,2,2004,85000,2020-10-23,,,,,,
성동구,11200,11300,옥수동,428,11200-38,극동,,84.74,13,1986,155000,2020-10-29,,,,,,
성동구,11200,11400,성수동1가,706,11200-56,쌍용,,84.78,18,1997,132000,2020-10-24,,,,,,
성동구,11200,11300,옥수동,4,11200-47,현대,,71.05,14,1990,118500,2020-10-22,,,,,,
성동구,11200,10200,하왕십리동,1070,11200-3120,센트라스,,84.98,28,2016,169000,2020-10-29,,,,,,
성동구,11200,11100,금호동3가,917,11200-2689,금호1차푸르지오,,114.76,7,2005,135000,2020-10-27,,,,,,
성동구,11200,11300,옥수동,4,11200-47,현대,,63.13,2,1990,75000,2020-10-20,,,,,,
성동구,11200,10500,마장동,830,11200-2703,신명스카이뷰,,84.038,12,2005,89500,2020-10-25,,,,,,
성동구,11200,11300,옥수동,60,11200-95,풍림아이원,,84.767,3,2004,135000,2020-10-22,,,,,,
성동구,11200,10800,응봉동,275,11200-30,신동아,,84.81,12,1996,92800,2020-10-23,,,,,,
성동구,11200,10700,행당동,347,11200-18,대림e-편한세상,,84.87,9,2000,122500,2020-10-21,,,,,,
성동구,11200,10700,행당동,349,11200-24,서울숲 한신 더 휴,,59.94,11,2003,95000,2020-10-31,,,,,,
성동구,11200,11400,성수동1가,656-320,11200-52,동아,,96.18,4,1983,157000,2020-10-21,,,,,,
성동구,11200,11300,옥수동,528,11200-3114,옥수파크힐스101동~116동,,84.51,4,2016,164500,2020-10-24,,,,,,
성동구,11200,11300,옥수동,528,11200-3114,옥수파크힐스101동~116동,,115.9,4,2016,199000,2020-10-24,,,,,,
성동구,11200,11300,옥수동,4,11200-47,현대,,104.41,8,1990,148000,2020-10-24,,,,,,
성동구,11200,10400,도선동,69,11200-2751,삼성쉐르빌,,71.34,5,2006,78900,2020-10-23,,,,,,
성동구,11200,10200,하왕십리동,1070,11200-3120,센트라스,,84.96,5,2016,149000,2020-10-31,,,,,,
성동구,11200,11400,성수동1가,33-2,11200-62,현대그린,,81.48,10,1994,120000,2020-10-17,,,,,,
성동구,11200,11300,옥수동,561,11200-2980,래미안 옥수 리버젠,,134.13,13,2012,230000,2020-10-17,,,,,,
성동구,11200,11400,성수동1가,715,11200-79,중앙하이츠빌,,84.9673,16,2003,149000,2020-10-26,,,,,,
성동구,11200,11500,성수동2가,286,11200-71,성수우방2차아파트,,84.75,3,1999,95000,2020-10-22,,,,,,
성동구,11200,10500,마장동,818,11200-14,현대,,59.91,24,1998,75000,2020-10-17,,,,,,
성동구,11200,11400,성수동1가,715,11200-79,중앙하이츠빌,,84.9673,11,2003,147000,2020-10-21,,,,,,
성동구,11200,11000,금호동2가,1215,11200-2938,금호자이1차,,59.99,3,2012,114000,2020-10-29,,,,,,
성동구,11200,10900,금호동1가,633,11200-32,벽산,,59.9,13,2001,96000,2020-10-29,,,,,,
성동구,11200,11300,옥수동,250,11200-42,옥수삼성,,59.7,14,1999,115000,2020-10-18,,,,,,
성동구,11200,11500,성수동2가,442,11200-73,한신한강,,59.95,3,2000,155000,2020-10-17,,,,,,
성동구,11200,10700,행당동,147,11200-20,서울숲삼부아파트,,84.93,12,1998,133000,2020-10-27,,,,,,
성동구,11200,11000,금호동2가,1,11200-3086,신금호파크자이,,84.98,12,2016,160500,2020-10-19,,,,,,
성동구,11200,11300,옥수동,561,11200-2980,래미안 옥수 리버젠,,84.81,15,2012,194000,2020-10-14,,,,,,
성동구,11200,10100,상왕십리동,811,11200-3024,텐즈힐(2단지),,84.92,15,2014,144500,2020-10-17,,,,,,
성동구,11200,10400,도선동,69,11200-2751,삼성쉐르빌,,71.34,15,2006,81000,2020-10-22,,,,,,
성동구,11200,11100,금호동3가,917,11200-2689,금호1차푸르지오,,84.92,1,2005,109800,2020-10-17,,,,,,
성동구,11200,11100,금호동3가,917,11200-2689,금호1차푸르지오,,59.97,9,2005,94500,2020-10-17,,,,,,
성동구,11200,11300,옥수동,250,11200-42,옥수삼성,,84.822,19,1999,139500,2020-10-19,,,,,,
성동구,11200,11400,성수동1가,33-2,11200-62,현대그린,,56.97,8,1994,98500,2020-10-17,,,,,,
성동구,11200,10200,하왕십리동,1070,11200-3120,센트라스,,59.93,19,2016,133000,2020-10-17,,,,,,
성동구,11200,11400,성수동1가,704,11200-60,한진타운,,59.4,7,1994,121500,2020-10-18,,,,,,
성동구,11200,10800,응봉동,100,11200-77,대림(1차),,75.51,6,1986,109500,2020-10-15,,,,,,
성동구,11200,11300,옥수동,528,11200-3114,옥수파크힐스101동~116동,,59.88,16,2016,153000,2020-10-14,,,,,,
성동구,11200,11400,성수동1가,715,11200-79,중앙하이츠빌,,84.9673,21,2003,149000,2020-10-23,,,,,,
성동구,11200,10500,마장동,820,11200-90,왕십리금호어울림,,114.97,5,2006,128000,2020-10-30,,,,,,
성동구,11200,11400,성수동1가,685-696,11200-2923,갤러리아포레,,241.93,32,2011,537000,2020-10-23,,,,,,
성동구,11200,10700,행당동,347,11200-18,대림e-편한세상,,84.87,3,2000,115000,2020-10-17,,,,,,
성동구,11200,10100,상왕십리동,811,11200-3024,텐즈힐(2단지),,84.9,25,2014,135000,2020-10-31,,,,,,
성동구,11200,11300,옥수동,561,11200-2980,래미안 옥수 리버젠,,84.81,15,2012,170000,2020-10-17,,,,,,
성동구,11200,10200,하왕십리동,1070,11200-3120,센트라스,,84.98,20,2016,167000,2020-10-08,,,,,,
성동구,11200,11000,금호동2가,1,11200-3086,신금호파크자이,,59.98,5,2016,122500,2020-10-10,,,,,,
성동구,11200,11300,옥수동,561,11200-2980,래미안 옥수 리버젠,,113.52,4,2012,212000,2020-10-14,,,,,,
성동구,11200,11100,금호동3가,1331,11200-34,두산,,84.99,14,1994,118000,2020-10-19,,,,,,
성동구,11200,11200,금호동4가,340,11200-2820,서울숲푸르지오,,114.55,9,2007,175000,2020-10-23,,,,,,
성동구,11200,10200,하왕십리동,1052,11200-2,금호베스트빌,,114.73,6,2001,105000,2020-10-12,,,,,,
성동구,11200,10100,상왕십리동,811,11200-3024,텐즈힐(2단지),,84.92,7,2014,139000,2020-10-10,,,,,,
성동구,11200,10200,하왕십리동,966-19,11200-3210,왕십리지음재,,13.72,4,2020,21400,2020-10-21,,,,,,
성동구,11200,10200,하왕십리동,966-19,11200-3210,왕십리지음재,,16.76,8,2020,24800,2020-10-21,,,,,,
성동구,11200,10700,행당동,347,11200-18,대림e-편한세상,,84.87,9,2000,116000,2020-10-19,,,,,,
성동구,11200,10500,마장동,825,11200-92,대성유니드,,59.7,15,2004,85000,2020-10-22,,,,,,
성동구,11200,11200,금호동4가,800,11200-35,대우,,114.71,18,2001,160000,2020-10-12,,,,,,
성동구,11200,11300,옥수동,528-1,11200-3143,옥수파크힐스117동~125동,,59.59,9,2016,146000,2020-10-17,,,,,,
성동구,11200,11500,성수동2가,834,11200-80,현대I-PARK,,104.56,10,2003,138000,2020-10-08,,,,,,
성동구,11200,11300,옥수동,528,11200-3114,옥수파크힐스101동~116동,,59.78,2,2016,134000,2020-10-07,,,,,,
성동구,11200,11300,옥수동,560,11200-2935,옥수어울림,,84.699,18,2011,169000,2020-10-12,,,,,,
성동구,11200,11000,금호동2가,1215,11200-2938,금호자이1차,,59.99,5,2012,110000,2020-10-17,,,,,,
성동구,11200,11200,금호동4가,235,11200-2970,서울숲2차푸르지오,,84.776,4,2012,159000,2020-10-15,,,,,,
성동구,11200,10900,금호동1가,1823,11200-3161,이편한세상금호파크힐스,,59.949,9,2019,136000,2020-10-16,,,,,,
성동구,11200,10200,하왕십리동,1070,11200-3120,센트라스,,59.93,22,2016,128300,2020-10-10,,,,,,
성동구,11200,10800,응봉동,15,11200-29,대림강변타운,,84.42,20,2001,130000,2020-10-15,,,,,,
성동구,11200,10700,행당동,347,11200-18,대림e-편한세상,,114.94,15,2000,135000,2020-10-06,,,,,,
성동구,11200,10600,사근동,314,11200-16,벽산,,84.8,10,2000,70000,2020-10-08,,,,,,
성동구,11200,10900,금호동1가,633,11200-32,벽산,,114.57,18,2001,130000,2020-10-19,,,,,,
성동구,11200,10700,행당동,346,11200-22,행당한진타운,,59.96,20,2000,93700,2020-10-16,,,,,,
성동구,11200,11200,금호동4가,800,11200-35,대우,,59.97,7,2001,105500,2020-10-24,,,,,,
성동구,11200,11500,성수동2가,609-2,11200-65,강변임광,,84.77,17,2000,187000,2020-10-17,,,,,,
성동구,11200,11200,금호동4가,340,11200-2820,서울숲푸르지오,,59.99,15,2007,120000,2020-10-14,,,,,,
성동구,11200,11800,송정동,104,11200-2876,서울숲아이파크,,84.87,2,2009,92600,2020-10-17,,,,,,
성동구,11200,10700,행당동,349,11200-24,서울숲 한신 더 휴,,59.91,3,2003,99800,2020-10-28,,,,,,
성동구,11200,10700,행당동,347,11200-18,대림e-편한세상,,84.87,9,2000,118000,2020-10-17,,,,,,
성동구,11200,11400,성수동1가,718,11200-3141,트리마제,,140.3099,22,2017,315000,2020-10-20,,,,,,
성동구,11200,10700,행당동,346,11200-22,행당한진타운,,59.96,18,2000,94500,2020-10-10,,,,,,
성동구,11200,11300,옥수동,528,11200-3114,옥수파크힐스101동~116동,,84.51,13,2016,178000,2020-10-17,,,,,,
성동구,11200,11800,송정동,90,11200-74,건영,,84.945,5,2000,76700,2020-10-07,,,,,,
성동구,11200,11300,옥수동,528,11200-3114,옥수파크힐스101동~116동,,59.91,8,2016,153000,2020-10-10,,,,,,
성동구,11200,11400,성수동1가,718,11200-3141,트리마제,,140.3099,15,2017,315000,2020-10-16,,,,,,
성동구,11200,11200,금호동4가,235,11200-2970,서울숲2차푸르지오,,59.862,14,2012,146500,2020-10-09,,,,,,
성동구,11200,10800,응봉동,97,11200-28,대림(2차),,59.91,4,1989,87000,2020-10-14,,,,,,
성동구,11200,11800,송정동,104,11200-2876,서울숲아이파크,,84.88,4,2009,89900,2020-10-25,,,,,,
성동구,11200,10200,하왕십리동,1070,11200-3120,센트라스,,84.96,10,2016,145000,2020-10-03,O,20.11.25,,,,
성동구,11200,10200,하왕십리동,258,11200-4,벽산,,114.46,17,1996,111000,2020-10-09,,,,,,
성동구,11200,11300,옥수동,306,11200-43,옥수,,49.55,5,1975,43000,2020-10-05,,,,,,
성동구,11200,11500,성수동2가,834,11200-80,현대I-PARK,,116.22,11,2003,144000,2020-10-06,,,,,,
성동구,11200,10200,하왕십리동,1070,11200-3120,센트라스,,59.94,4,2016,133000,2020-10-09,,,,,,
성동구,11200,10200,하왕십리동,1070,11200-3120,센트라스,,84.96,6,2016,159000,2020-10-05,,,,,,
성동구,11200,10100,상왕십리동,811,11200-3024,텐즈힐(2단지),,84.9,13,2014,149000,2020-10-05,O,21.01.25,,,,
성동구,11200,10700,행당동,347,11200-18,대림e-편한세상,,84.87,2,2000,116500,2020-10-17,,,,,,
성동구,11200,10200,하왕십리동,990,11200-5,한신무학,,62.41,12,1989,86000,2020-10-17,,,,,,
성동구,11200,11400,성수동1가,714,11200-85,금호,,84.98,4,2003,127500,2020-10-06,,,,,,
성동구,11200,11100,금호동3가,1331,11200-34,두산,,116.81,11,1994,130000,2020-10-11,,,,,,
성동구,11200,11300,옥수동,250,11200-42,옥수삼성,,59.7,10,1999,114500,2020-10-09,,,,,,
성동구,11200,10700,행당동,349,11200-24,서울숲 한신 더 휴,,84.95,18,2003,122000,2020-10-20,,,,,,
성동구,11200,10200,하왕십리동,1070,11200-3120,센트라스,,40.94,17,2016,94500,2020-10-08,,,,,,
성동구,11200,10700,행당동,344,11200-21,신동아,,59.97,9,1995,86500,2020-10-12,,,,,,
성동구,11200,10200,하왕십리동,887-2,11200-88,뉴타운,,84.93,1,2004,58500,2020-10-26,,,,,,
성동구,11200,11400,성수동1가,704,11200-60,한진타운,,84.21,14,1994,149000,2020-10-14,,,,,,
성동구,11200,11400,성수동1가,718,11200-3141,트리마제,,84.5402,37,2017,270000,2020-10-05,,,,,,
성동구,11200,11400,성수동1가,718,11200-3141,트리마제,,140.3099,20,2017,265000,2020-10-08,O,20.11.25,,,,
성동구,11200,10500,마장동,820,11200-90,왕십리금호어울림,,84.97,9,2006,113500,2020-10-13,,,,,,
성동구,11200,10700,행당동,346,11200-22,행당한진타운,,59.96,23,2000,96900,2020-10-19,,,,,,
성동구,11200,10500,마장동,817,11200-10,왕십리삼성아파트,,134.97,3,1996,87000,2020-10-12,,,,,,
성동구,11200,10500,마장동,818,11200-14,현대,,84.91,9,1998,85000,2020-10-13,,,,,,
성동구,11200,10200,하왕십리동,966-18,11200-2991,상리제나우스,,12.84,3,2013,12600,2020-10-19,,,,,,
성동구,11200,10700,행당동,346,11200-22,행당한진타운,,114.62,22,2000,147000,2020-10-12,,,,,,
성동구,11200,10700,행당동,346,11200-22,행당한진타운,,59.96,24,2000,98000,2020-10-05,,,,,,
성동구,11200,10800,응봉동,98,11200-27,금호현대,,59.91,7,1990,83000,2020-10-18,,,,,,
성동구,11200,10800,응봉동,275,11200-30,신동아,,84.81,7,1996,89500,2020-10-13,,,,,,
성동구,11200,10700,행당동,346,11200-22,행당한진타운,,84.71,14,2000,128500,2020-10-21,,,,,,
성동구,11200,10200,하왕십리동,1066,11200-3074,텐즈힐(1단지),,84.96,4,2015,142500,2020-10-19,,,,,,
성동구,11200,10500,마장동,512-2,11200-2827,한건토파즈빌,,84.96,6,2007,35000,2020-10-08,O,20.11.27,,,,
성동구,11200,10500,마장동,784,11200-13,세림,,84.93,4,1986,93000,2020-10-10,,,,,,
성동구,11200,11500,성수동2가,286,11200-71,성수우방2차아파트,,59.82,18,1999,85000,2020-10-10,,,,,,
성동구,11200,10200,하왕십리동,1052,11200-2,금호베스트빌,,84.97,3,2001,89500,2020-10-13,,,,,,
성동구,11200,11300,옥수동,12,11200-1831,동인샤인빌,,57.16,4,2003,81000,2020-10-10,,,,,,
성동구,11200,11400,성수동1가,709,11200-51,대우2,,84.97,1,1999,108000,2020-10-05,,,,,,
성동구,11200,10700,행당동,347,11200-18,대림e-편한세상,,114.94,6,2000,133000,2020-10-06,,,,,,
성동구,11200,10500,마장동,784,11200-13,세림,,84.93,4,1986,93000,2020-10-10,O,20.10.20,,,,
성동구,11200,11100,금호동3가,1331,11200-34,두산,,84.99,10,1994,114300,2020-10-09,,,,,,
광진구,11215,10500,자양동,672,11215-71,한솔리베르,,61.26,21,2002,96700,2020-10-14,,,,,,
광진구,11215,10300,구의동,631-1,11215-33,현대프라임,,183.87,17,1997,190000,2020-10-30,,,,,,
광진구,11215,10500,자양동,227-7,11215-2478,더샵스타시티,,139.6,42,2007,195000,2020-10-31,,,,,,
광진구,11215,10300,구의동,611,11215-25,구의현대2단지,,84.91,14,1996,145000,2020-10-31,,,,,,
광진구,11215,10500,자양동,579,11215-55,우성1,,79.75,14,1988,119500,2020-10-28,O,21.02.02,,,,
광진구,11215,10500,자양동,860,11215-4511,테라팰리스건대2차,,52.88,6,2018,66700,2020-10-23,,,,,,
광진구,11215,10300,구의동,587-58,11215-2582,파르네빌,,157.26,6,2008,129500,2020-10-29,,,,,,
광진구,11215,10200,능동,246-11,11215-185,(246-11),,80.47,3,2001,57000,2020-10-24,,,,,,
광진구,11215,10500,자양동,787,11215-63,자양삼성,,59.76,4,1999,80000,2020-10-26,,,,,,
광진구,11215,10500,자양동,515-1,11215-60,우성6,,84.72,3,1992,115000,2020-10-26,,,,,,
광진구,11215,10400,광장동,484,11215-16,현대3,,74.92,5,1990,128500,2020-10-29,,,,,,
광진구,11215,10900,군자동,99,11215-41,일성파크,,59.96,7,1996,65500,2020-10-24,,,,,,
광진구,11215,10400,광장동,578,11215-6,금호베스트빌,,84.91,11,2001,130500,2020-10-21,,,,,,
광진구,11215,10300,구의동,208-1,11215-140,욱현(208-1),,76.49,3,2001,47000,2020-10-26,,,,,,
광진구,11215,10500,자양동,695,11215-72,한양,,124.93,9,1983,162700,2020-10-22,,,,,,
광진구,11215,10500,자양동,87-1,11215-47,한강우성,,84.72,1,1993,101000,2020-10-22,,,,,,
광진구,11215,10300,구의동,667,11215-4277,강변에스케이뷰,,84.81,24,2017,135000,2020-10-17,,,,,,
광진구,11215,10400,광장동,581,11215-2694,광장자이,,158.26,3,2008,199500,2020-10-24,,,,,,
광진구,11215,10400,광장동,148-4,11215-3323,워커힐푸르지오,,69,6,1987,92500,2020-10-15,,,,,,
광진구,11215,10400,광장동,145-8,11215-11,워커힐,,226.45,3,1978,269500,2020-10-19,,,,,,
광진구,11215,10500,자양동,57-103,11215-44,한강극동,,84.41,5,1991,94200,2020-10-26,,,,,,
광진구,11215,10400,광장동,148-4,11215-3323,워커힐푸르지오,,65.66,11,1987,102000,2020-10-13,,,,,,
광진구,11215,10400,광장동,145-8,11215-11,워커힐,,162.41,11,1978,185000,2020-10-13,,,,,,
광진구,11215,10500,자양동,673,11215-76,현대강변,,82.08,7,1991,98000,2020-10-31,,,,,,
광진구,11215,10300,구의동,670,11215-4745,광진파크프라이빗,,43.15,7,2020,59490,2020-10-12,O,20.11.25,,,,
광진구,11215,10400,광장동,570,11215-144,상록타워아파트,,59.4,15,1997,109500,2020-10-12,,,,,,
광진구,11215,10500,자양동,579,11215-55,우성1,,51.57,6,1988,87800,2020-10-23,,,,,,
광진구,11215,10100,중곡동,254-12,11215-96,호동,,69.36,3,2002,42500,2020-10-10,,,,,,
광진구,11215,10500,자양동,227-7,11215-2478,더샵스타시티,,139.6,32,2007,190000,2020-10-26,,,,,,
광진구,11215,10300,구의동,611,11215-25,구의현대2단지,,84.91,7,1996,138500,2020-10-10,,,,,,
광진구,11215,10400,광장동,218-1,11215-3,극동1,,126.94,13,1985,188000,2020-10-24,,,,,,
광진구,11215,10400,광장동,577,11215-21,현대파크빌,,84.81,1,2000,153500,2020-10-09,,,,,,
광진구,11215,10500,자양동,579,11215-55,우성1,,79.75,2,1988,104000,2020-10-23,,,,,,
광진구,11215,10500,자양동,87-1,11215-47,한강우성,,84.72,8,1993,112000,2020-10-16,,,,,,
광진구,11215,10500,자양동,510-5,11215-2430,이튼타워리버1차,,84.17,20,2006,134000,2020-10-19,,,,,,
광진구,11215,10500,자양동,672,11215-71,한솔리베르,,61.26,21,2002,96700,2020-10-14,O,21.02.04,,,,
광진구,11215,10400,광장동,565,11215-18,"현대8(801동,802동)",,84.92,2,1995,134000,2020-10-23,,,,,,
광진구,11215,10400,광장동,484,11215-16,현대3,,84.97,8,1990,140000,2020-10-08,,,,,,
광진구,11215,10500,자양동,507-6,11215-2429,이튼타워리버2차,,84.73,8,2006,128000,2020-10-25,,,,,,
광진구,11215,10700,화양동,530,11215-4313,씨즈건대힐스,,14.23,7,2017,17000,2020-10-26,,,,,,
광진구,11215,10400,광장동,218-1,11215-4,극동2,,84.55,2,1989,160000,2020-10-17,,,,,,
광진구,11215,10300,구의동,611,11215-25,구의현대2단지,,84.91,10,1996,142000,2020-10-11,,,,,,
광진구,11215,10400,광장동,148-4,11215-3323,워커힐푸르지오,,92.4,6,1987,121500,2020-10-17,,,,,,
광진구,11215,10400,광장동,578,11215-6,금호베스트빌,,84.91,12,2001,124500,2020-10-07,,,,,,
광진구,11215,10400,광장동,145-8,11215-11,워커힐,,162.41,2,1978,175000,2020-10-27,,,,,,
광진구,11215,10100,중곡동,646-10,11215-97,광남캐스빌3차,,69.6,3,2002,23800,2020-10-26,,,,,,
광진구,11215,10300,구의동,631-1,11215-33,현대프라임,,126.66,20,1997,130150,2020-10-25,,,,,,
광진구,11215,10400,광장동,145-8,11215-11,워커힐,,166.91,1,1978,178000,2020-10-08,,,,,,
광진구,11215,10500,자양동,829,11215-48,한강현대,,83.45,9,1993,97800,2020-10-19,,,,,,
광진구,11215,10700,화양동,113-1,11215-3509,광진코지웰,,24.85,11,2014,24700,2020-10-21,,,,,,
광진구,11215,10500,자양동,87-1,11215-47,한강우성,,84.72,8,1993,112000,2020-10-16,O,20.11.02,,,,
광진구,11215,10300,구의동,611,11215-25,구의현대2단지,,84.75,16,1996,133000,2020-10-06,,,,,,
광진구,11215,10300,구의동,665,11215-3742,파크타운,,59.6,8,2015,63500,2020-10-12,,,,,,
광진구,11215,10400,광장동,453-1,11215-8,삼성광장2,,58.62,7,1989,90000,2020-10-13,,,,,,
광진구,11215,10500,자양동,579,11215-55,우성1,,79.75,5,1988,112700,2020-10-06,,,,,,
광진구,11215,10900,군자동,360-20,11215-2576,광진동양파라곤1단지,,132.41,5,2008,99000,2020-10-09,,,,,,
광진구,11215,10400,광장동,579,11215-102,광장11현대홈타운,,84.94,4,2003,181000,2020-10-15,,,,,,
광진구,11215,10400,광장동,561,11215-101,삼성광장1,,79.53,13,1987,148000,2020-10-05,,,,,,
광진구,11215,10500,자양동,810,11215-2392,자양힐101동,,82.75,3,2005,78000,2020-10-25,,,,,,
광진구,11215,10500,자양동,788,11215-74,자양7차현대홈타운,,59.94,15,2001,106000,2020-10-17,,,,,,
광진구,11215,10300,구의동,665,11215-3742,파크타운,,59.6,8,2015,63500,2020-10-12,O,20.10.24,,,,
광진구,11215,10500,자양동,227-7,11215-2478,더샵스타시티,,119.41,27,2007,159000,2020-10-08,,,,,,
광진구,11215,10300,구의동,611,11215-25,구의현대2단지,,84.88,20,1996,131800,2020-10-10,,,,,,
광진구,11215,10300,구의동,587-54,11215-27,구의현대7단지현대홈타운,,84.99,6,1997,118000,2020-10-14,,,,,,
광진구,11215,10500,자양동,783-1,11215-64,자양우성7,,84.93,1,1998,115000,2020-10-17,,,,,,
광진구,11215,10300,구의동,587-54,11215-27,구의현대7단지현대홈타운,,84.99,6,1997,118000,2020-10-14,O,20.10.21,,,,
광진구,11215,10300,구의동,662,11215-2781,아차산한라아파트,,60.39,6,2009,54500,2020-10-07,,,,,,
광진구,11215,10500,자양동,227-7,11215-2478,더샵스타시티,,119.41,34,2007,163000,2020-10-14,,,,,,
광진구,11215,10300,구의동,631-1,11215-33,현대프라임,,59.82,9,1997,105500,2020-10-11,,,,,,
광진구,11215,10500,자양동,798-4,11215-107,대보아파트(798-4),,81.46,4,2003,66500,2020-10-17,,,,,,
광진구,11215,10300,구의동,664,11215-3392,주성힐스톤,,70.96,2,2014,63000,2020-10-09,,,,,,
광진구,11215,10900,군자동,358-9,11215-2575,광진동양파라곤2단지,,71.13,8,2008,75000,2020-10-17,,,,,,
광진구,11215,10500,자양동,644,11215-53,로얄동아,,59.91,9,1999,85000,2020-10-12,,,,,,
광진구,11215,10500,자양동,853,11215-2438,한화꿈에그린,,138.85,8,2006,159000,2020-10-07,,,,,,
광진구,11215,10900,군자동,360-20,11215-2576,광진동양파라곤1단지,,120.4,5,2008,89500,2020-10-09,,,,,,
광진구,11215,10300,구의동,199-23,11215-2464,현대13차폴라트리움,,127.91,12,2006,110000,2020-10-07,,,,,,
광진구,11215,10700,화양동,111-88,11215-4603,신원리브웰화양동주상복합,,16.92,6,2019,23000,2020-10-06,,,,,,
동대문구,11230,10500,답십리동,990,11230-22,두산,,84.83,21,2000,84500,2020-10-31,,,,,,
동대문구,11230,10200,용두동,791,11230-2164,용두두산위브,,105.6,19,2009,119000,2020-10-23,,,,,,
동대문구,11230,10400,전농동,690,11230-2578,래미안크레시티,,84.96,13,2014,140000,2020-10-05,,,,,,
동대문구,11230,10400,전농동,10,11230-10,전농SK,,84.84,7,2000,95000,2020-10-26,,,,,,
동대문구,11230,10600,장안동,367-11,11230-2447,태솔타운3차,,48.16,10,2014,27800,2020-10-24,,,,,,
동대문구,11230,10400,전농동,690,11230-2578,래미안크레시티,,59.99,8,2014,107200,2020-10-07,,,,,,
동대문구,11230,10600,장안동,564,11230-1979,신일해피트리아파트101동,,84.71,12,2005,58000,2020-10-19,,,,,,
동대문구,11230,10500,답십리동,990,11230-22,두산,,84.83,21,2000,84500,2020-10-31,O,21.03.03,,,,
동대문구,11230,10500,답십리동,464-1,11230-17,신답극동,,53.1,7,1987,69000,2020-10-31,,,,,,
동대문구,11230,10700,청량리동,60,11230-44,한신,,59.97,5,1997,69500,2020-10-31,,,,,,
동대문구,11230,10200,용두동,790,11230-2159,롯데캐슬피렌체,,30.4,8,2009,40800,2020-10-31,,,,,,
동대문구,11230,10200,용두동,792,11230-2198,래미안 허브리츠,,59.98,14,2011,96000,2020-10-27,,,,,,
동대문구,11230,10700,청량리동,212,11230-47,홍릉동부,,84.91,14,2001,87500,2020-10-31,,,,,,
동대문구,11230,10900,휘경동,57,11230-53,휘경리오포레아파트(1단지),,84.82,3,2001,75000,2020-10-31,,,,,,
동대문구,11230,10400,전농동,690,11230-2578,래미안크레시티,,84.96,17,2014,145000,2020-10-29,,,,,,
동대문구,11230,10400,전농동,6,11230-12,전농우성,,84.84,14,1992,74000,2020-10-31,,,,,,
동대문구,11230,10500,답십리동,80,11230-26,답십리청솔우성,,59.74,20,2000,67500,2020-10-26,,,,,,
동대문구,11230,10400,전농동,10,11230-10,전농SK,,84.95,9,2000,90000,2020-10-29,,,,,,
동대문구,11230,11000,이문동,84,11230-76,중앙하이츠빌,,59.4,5,2002,65000,2020-10-30,,,,,,
동대문구,11230,10200,용두동,112-8,11230-2413,한양아이클래스,,14.19,3,2014,11700,2020-10-27,,,,,,
동대문구,11230,10400,전농동,690,11230-2578,래미안크레시티,,84.97,17,2014,133500,2020-10-29,,,,,,
동대문구,11230,10500,답십리동,42,11230-19,동답한신,,35.45,1,1992,36000,2020-10-28,,,,,,
동대문구,11230,10600,장안동,385-2,11230-2124,리치,,50.42,7,2008,27000,2020-10-27,,,,,,
동대문구,11230,10400,전농동,10,11230-10,전농SK,,59.96,20,2000,79500,2020-10-25,,,,,,
동대문구,11230,10400,전농동,6,11230-12,전농우성,,126.63,3,1992,81600,2020-10-28,,,,,,
동대문구,11230,10300,제기동,1212,11230-5,한신아파트,,59.84,9,2004,72000,2020-10-31,,,,,,
동대문구,11230,10500,답십리동,1014,11230-2868,답십리파크자이,,59.91,9,2019,107500,2020-10-24,,,,,,
동대문구,11230,10500,답십리동,10,11230-21,동아,,59.88,21,2001,65000,2020-10-30,,,,,,
동대문구,11230,10500,답십리동,994,11230-29,답십리한화,,84.86,6,2001,72500,2020-10-31,,,,,,
동대문구,11230,10600,장안동,241-13,11230-215,동재(A동),,107.76,3,2005,48500,2020-10-29,,,,,,
동대문구,11230,10500,답십리동,1001,11230-2197,한신휴플러스그린파크,,84.98,8,2010,94500,2020-10-27,,,,,,
동대문구,11230,10900,휘경동,57,11230-64,휘경리오포레아파트(2단지),,39.98,14,2001,43500,2020-10-20,,,,,,
동대문구,11230,10500,답십리동,10,11230-21,동아,,59.88,18,2001,65000,2020-10-26,,,,,,
동대문구,11230,10600,장안동,568,11230-2019,신일해피트리3차(568),,63.7,8,2005,58000,2020-10-28,,,,,,
동대문구,11230,10400,전농동,10,11230-10,전농SK,,84.84,7,2000,95000,2020-10-26,O,20.12.22,,,,
동대문구,11230,10600,장안동,329-3,11230-129,래미안장안2차,,81.05,24,2007,95000,2020-10-25,,,,,,
동대문구,11230,10800,회기동,351,11230-2239,회기힐스테이트,,84.99,2,2011,89600,2020-10-26,,,,,,
동대문구,11230,10700,청량리동,235-1,11230-43,미주,,102.15,5,1978,125000,2020-10-24,,,,,,
동대문구,11230,11000,이문동,64,11230-62,쌍용,,114.35,3,2000,80000,2020-10-31,,,,,,
동대문구,11230,10200,용두동,791,11230-2164,용두두산위브,,84.99,25,2009,104000,2020-10-16,,,,,,
동대문구,11230,10400,전농동,645-2,11230-8,동아,,57.9,16,1997,76450,2020-10-26,,,,,,
동대문구,11230,10600,장안동,583,11230-2390,우성5차에비뉴,,72.21,9,2013,59000,2020-10-30,,,,,,
동대문구,11230,10700,청량리동,212,11230-47,홍릉동부,,84.91,23,2001,86500,2020-10-23,,,,,,
동대문구,11230,10900,휘경동,57,11230-64,휘경리오포레아파트(2단지),,39.98,14,2001,43500,2020-10-20,O,20.11.17,,,,
동대문구,11230,10900,휘경동,57,11230-64,휘경리오포레아파트(2단지),,39.98,8,2001,44000,2020-10-17,,,,,,
동대문구,11230,10700,청량리동,60,11230-44,한신,,84.92,9,1997,88000,2020-10-16,,,,,,
동대문구,11230,10200,용두동,794,11230-2518,용두롯데캐슬리치,,59.9779,12,2015,93000,2020-10-17,,,,,,
동대문구,11230,10400,전농동,690,11230-2578,래미안크레시티,,59.99,5,2014,109800,2020-10-17,,,,,,
동대문구,11230,10500,답십리동,1003,11230-2587,래미안위브,,84.98,7,2014,119000,2020-10-14,,,,,,
동대문구,11230,10500,답십리동,1013,11230-2802,래미안미드카운티,,75.01,8,2019,120000,2020-10-24,,,,,,
동대문구,11230,10200,용두동,790,11230-2159,롯데캐슬피렌체,,26.08,9,2009,28500,2020-10-19,,,,,,
동대문구,11230,10500,답십리동,1003,11230-2587,래미안위브,,59.97,1,2014,90000,2020-10-19,,,,,,
동대문구,11230,10400,전농동,6,11230-12,전농우성,,59.78,10,1992,59900,2020-10-10,,,,,,
동대문구,11230,11000,이문동,225,11230-65,대림e-편한세상,,84.972,1,2003,76000,2020-10-24,,,,,,
동대문구,11230,10500,답십리동,1003,11230-2587,래미안위브,,59.99,13,2014,109500,2020-10-18,,,,,,
동대문구,11230,10700,청량리동,60,11230-44,한신,,84.92,13,1997,89500,2020-10-21,,,,,,
동대문구,11230,10900,휘경동,57,11230-64,휘경리오포레아파트(2단지),,59.79,23,2001,65000,2020-10-31,,,,,,
동대문구,11230,10500,답십리동,1003,11230-2587,래미안위브,,121.94,18,2014,148000,2020-10-18,,,,,,
동대문구,11230,10100,신설동,100-26,11230-2844,포레스트힐시티,,14.75,16,2018,19000,2020-10-27,,,,,,
동대문구,11230,10300,제기동,153,11230-84,안암골벽산,,84.98,4,2003,60000,2020-10-22,,,,,,
동대문구,11230,10900,휘경동,363,11230-54,현대,,84.94,10,1992,62000,2020-10-24,,,,,,
동대문구,11230,10500,답십리동,10,11230-21,동아,,59.88,9,2001,62300,2020-10-29,,,,,,
동대문구,11230,10600,장안동,373-7,11230-111,가야써니빌(373-7),,114.69,14,2002,54000,2020-10-26,,,,,,
동대문구,11230,10500,답십리동,1014,11230-2868,답십리파크자이,,59.91,4,2019,103000,2020-10-14,,,,,,
동대문구,11230,10400,전농동,645-2,11230-8,동아,,114.81,7,1997,96500,2020-10-17,,,,,,
동대문구,11230,10400,전농동,690,11230-2578,래미안크레시티,,121.93,6,2014,145000,2020-10-26,,,,,,
동대문구,11230,10800,회기동,346-18,11230-2350,베라체캠퍼스,,24.319,13,2013,25100,2020-10-21,,,,,,
동대문구,11230,10500,답십리동,1003,11230-2587,래미안위브,,121.64,18,2014,148000,2020-10-18,O,20.11.06,,,,
동대문구,11230,10200,용두동,779,11230-2,신동아,,58.59,3,1994,66700,2020-10-25,,,,,,
동대문구,11230,10600,장안동,351-5,11230-2678,에메랄드(351-5),,75.712,2,2016,45500,2020-10-23,,,,,,
동대문구,11230,10500,답십리동,1002,11230-2208,청계한신휴플러스,,59.74,20,2010,102000,2020-10-26,,,,,,
동대문구,11230,10400,전농동,690,11230-2578,래미안크레시티,,59.99,8,2014,107200,2020-10-07,O,20.12.08,,,,
동대문구,11230,10300,제기동,1212,11230-5,한신아파트,,59.84,8,2004,66000,2020-10-09,,,,,,
동대문구,11230,10500,답십리동,42,11230-19,동답한신,,35.45,13,1992,39620,2020-10-10,,,,,,
동대문구,11230,10300,제기동,153,11230-84,안암골벽산,,116.69,11,2003,94300,2020-10-17,,,,,,
동대문구,11230,10200,용두동,790,11230-2159,롯데캐슬피렌체,,30.4,5,2009,41000,2020-10-11,,,,,,
동대문구,11230,10500,답십리동,1003,11230-2587,래미안위브,,59.97,9,2014,109500,2020-10-19,,,,,,
동대문구,11230,10500,답십리동,990,11230-22,두산,,59.96,16,2000,68000,2020-10-11,,,,,,
동대문구,11230,10300,제기동,1212,11230-5,한신아파트,,84.76,7,2004,89800,2020-10-17,,,,,,
동대문구,11230,10400,전농동,695,11230-2822,동대문롯데캐슬노블레스,,84.98,22,2018,153000,2020-10-11,,,,,,
동대문구,11230,10600,장안동,564,11230-1979,신일해피트리아파트101동,,65.58,4,2005,59000,2020-10-15,,,,,,
동대문구,11230,10200,용두동,104-3,11230-2647,동대문푸르지오시티(도시형생활주택),,30.11,7,2016,37950,2020-10-30,,,,,,
동대문구,11230,10900,휘경동,375,11230-2975,휘경해모로프레스티지,,59.77,17,2021,87000,2020-10-20,,,,,,
동대문구,11230,10500,답십리동,1013,11230-2802,래미안미드카운티,,84.99,1,2019,120000,2020-10-21,,,,,,
동대문구,11230,10500,답십리동,1013,11230-2802,래미안미드카운티,,59.98,2,2019,105000,2020-10-22,,,,,,
동대문구,11230,10200,용두동,791,11230-2164,용두두산위브,,84.99,13,2009,108000,2020-10-26,,,,,,
동대문구,11230,10500,답십리동,80-2,11230-27,청솔2차우성,,82.49,13,2000,78000,2020-10-19,,,,,,
동대문구,11230,10500,답십리동,80,11230-26,답십리청솔우성,,59.89,5,2000,68700,2020-10-04,,,,,,
동대문구,11230,10500,답십리동,1009,11230-2823,힐스테이트청계,,59.94,14,2018,114000,2020-10-07,,,,,,
동대문구,11230,10500,답십리동,1003,11230-2587,래미안위브,,59.96,15,2014,110700,2020-10-20,,,,,,
동대문구,11230,10600,장안동,563,11230-1978,신부파스카(563),,84.99,3,2005,67000,2020-10-18,,,,,,
동대문구,11230,10500,답십리동,1002,11230-2208,청계한신휴플러스,,107.75,7,2010,127000,2020-10-07,,,,,,
동대문구,11230,11000,이문동,291-35,11230-2970,이문스카이뷰,,25.99,15,2020,36500,2020-10-23,,,,,,
동대문구,11230,11000,이문동,291-35,11230-2970,이문스카이뷰,,25.99,15,2020,36500,2020-10-14,,,,,,
동대문구,11230,11000,이문동,291-35,11230-2970,이문스카이뷰,,25.99,11,2020,35600,2020-10-24,O,20.11.14,,,,
동대문구,11230,11000,이문동,291-35,11230-2970,이문스카이뷰,,25.99,10,2020,35600,2020-10-24,,,,,,
동대문구,11230,11000,이문동,291-35,11230-2970,이문스카이뷰,,25.99,9,2020,35600,2020-10-22,,,,,,
동대문구,11230,10600,장안동,566,11230-1981,형인허브빌2차(566),,83.65,9,2005,59900,2020-10-06,,,,,,
동대문구,11230,10500,답십리동,80-2,11230-27,청솔2차우성,,59.97,7,2000,63900,2020-10-14,,,,,,
동대문구,11230,10400,전농동,690,11230-2578,래미안크레시티,,84.96,13,2014,140000,2020-10-05,O,20.12.23,,,,
동대문구,11230,10600,장안동,367-11,11230-2447,태솔타운3차,,48.16,10,2014,27800,2020-10-24,O,20.12.05,,,,
동대문구,11230,10600,장안동,336,11230-81,장안현대홈타운(336),,84.87,4,2003,88000,2020-10-24,,,,,,
동대문구,11230,10600,장안동,584,11230-2409,형인휴아름101동,,73.5,9,2013,46500,2020-10-23,,,,,,
동대문구,11230,10500,답십리동,111,11230-18,답십리대우,,84.99,1,2002,83000,2020-10-14,,,,,,
동대문구,11230,10500,답십리동,111,11230-18,답십리대우,,59.76,22,2002,79700,2020-10-24,,,,,,
동대문구,11230,10500,답십리동,989-1,11230-24,우성그린,,84.66,5,1997,63000,2020-10-17,,,,,,
동대문구,11230,10900,휘경동,57,11230-64,휘경리오포레아파트(2단지),,59.13,21,2001,62700,2020-10-10,,,,,,
동대문구,11230,11000,이문동,64,11230-62,쌍용,,84.89,18,2000,72500,2020-10-24,,,,,,
동대문구,11230,10700,청량리동,60,11230-44,한신,,84.92,12,1997,85500,2020-10-17,,,,,,
동대문구,11230,10500,답십리동,1009,11230-2823,힐스테이트청계,,59.94,10,2018,110000,2020-10-16,,,,,,
동대문구,11230,10600,장안동,577,11230-2097,서광아침의빛,,84.98,7,2008,74000,2020-10-09,,,,,,
동대문구,11230,11000,이문동,256-2,11230-2368,투니온,,15.38,13,2013,11000,2020-10-24,,,,,,
동대문구,11230,10600,장안동,336,11230-81,장안현대홈타운(336),,84.87,10,2003,89000,2020-10-10,,,,,,
동대문구,11230,10600,장안동,336,11230-81,장안현대홈타운(336),,59.54,16,2003,78000,2020-10-22,,,,,,
동대문구,11230,10400,전농동,688,11230-2222,래미안아름숲,,114.9,5,2012,86000,2020-10-26,,,,,,
동대문구,11230,11000,이문동,64,11230-62,쌍용,,114.35,9,2000,84000,2020-10-19,,,,,,
동대문구,11230,10400,전농동,10,11230-10,전농SK,,84.95,8,2000,90000,2020-10-19,,,,,,
동대문구,11230,10600,장안동,371-1,11230-38,장안삼성쉐르빌,,97.5,29,2002,65000,2020-10-20,O,20.10.26,,,,
동대문구,11230,10500,답십리동,10,11230-21,동아,,59.88,12,2001,65000,2020-10-17,,,,,,
동대문구,11230,10500,답십리동,530-15,11230-2682,현대썬앤빌청계,,14.21,8,2016,13200,2020-10-23,,,,,,
동대문구,11230,11000,이문동,428,11230-2126,신이문금호어울림,,84.84,6,2008,85000,2020-10-21,,,,,,
동대문구,11230,10900,휘경동,57,11230-64,휘경리오포레아파트(2단지),,59.13,8,2001,61400,2020-10-15,,,,,,
동대문구,11230,10500,답십리동,488-18,11230-2370,센시티16,,14.244,13,2013,10000,2020-10-21,,,,,,
동대문구,11230,10100,신설동,109-13,11230-2065,청계천대성스카이렉스1,,75.24,9,2007,73500,2020-10-10,,,,,,
동대문구,11230,10500,답십리동,498-7,11230-2311,청계지웰에스테이트,,19.525,8,2012,17500,2020-10-05,,,,,,
동대문구,11230,10600,장안동,336,11230-81,장안현대홈타운(336),,58.42,5,2003,74000,2020-10-17,,,,,,
동대문구,11230,10500,답십리동,998,11230-2036,두산위브,,84.91,4,2007,94000,2020-10-22,,,,,,
동대문구,11230,10500,답십리동,1003,11230-2587,래미안위브,,84.99,10,2014,123000,2020-10-07,,,,,,
동대문구,11230,10900,휘경동,363,11230-54,현대,,84.94,8,1992,60000,2020-10-20,,,,,,
동대문구,11230,10200,용두동,779,11230-2,신동아,,58.59,1,1994,59000,2020-10-12,,,,,,
동대문구,11230,10600,장안동,131-1,11230-94,유엔팰리스(131-1),,119.15,4,2004,42000,2020-10-21,,,,,,
동대문구,11230,10500,답십리동,42,11230-19,동답한신,,35.45,15,1992,42700,2020-10-20,,,,,,
동대문구,11230,11000,이문동,64,11230-62,쌍용,,84.89,16,2000,77000,2020-10-20,,,,,,
동대문구,11230,10600,장안동,578,11230-91,경남하이빌,,84.56,3,2008,56000,2020-10-20,,,,,,
동대문구,11230,11000,이문동,45,11230-59,대우,,84.891,6,2001,75800,2020-10-20,,,,,,
동대문구,11230,10900,휘경동,52,11230-58,휘경베스트빌현대,,59.92,18,2000,57800,2020-10-07,,,,,,
동대문구,11230,10500,답십리동,989-1,11230-24,우성그린,,84.66,5,1997,63000,2020-10-17,O,20.10.26,,,,
동대문구,11230,10500,답십리동,111,11230-18,답십리대우,,114.94,15,2002,98000,2020-10-14,,,,,,
동대문구,11230,10500,답십리동,530-15,11230-2682,현대썬앤빌청계,,14.21,8,2016,12830,2020-10-20,,,,,,
동대문구,11230,10600,장안동,329-2,11230-2078,장안힐스테이트,,59.885,2,2007,77000,2020-10-13,,,,,,
동대문구,11230,10300,제기동,153,11230-84,안암골벽산,,116.69,4,2003,95000,2020-10-05,O,20.12.21,,,,
동대문구,11230,10200,용두동,790,11230-2159,롯데캐슬피렌체,,26.08,13,2009,36500,2020-10-07,,,,,,
동대문구,11230,10600,장안동,417-10,11230-116,베스트빌(417-10),,39.505,7,2003,25800,2020-10-16,,,,,,
동대문구,11230,11000,이문동,428,11230-2126,신이문금호어울림,,84.84,1,2008,74000,2020-10-19,,,,,,
동대문구,11230,10600,장안동,568,11230-2019,신일해피트리3차(568),,84.94,8,2005,65500,2020-10-17,,,,,,
동대문구,11230,10600,장안동,336,11230-81,장안현대홈타운(336),,58.42,13,2003,71000,2020-10-10,,,,,,
동대문구,11230,10500,답십리동,497-23,11230-2510,청계푸르지오시티,,18.92,3,2015,14000,2020-10-19,,,,,,
동대문구,11230,10700,청량리동,234-2,11230-45,현대,,82.18,2,1987,60000,2020-10-08,,,,,,
동대문구,11230,10600,장안동,327,11230-102,정은스카이빌101동,,83.52,12,2004,58500,2020-10-14,,,,,,
동대문구,11230,10400,전농동,10,11230-10,전농SK,,84.95,11,2000,89990,2020-10-09,,,,,,
동대문구,11230,10600,장안동,336,11230-81,장안현대홈타운(336),,58.42,5,2003,76000,2020-10-10,,,,,,
동대문구,11230,10500,답십리동,808,11230-31,대림,,114.9,8,2003,82300,2020-10-15,,,,,,
동대문구,11230,10900,휘경동,308-110,11230-49,동성,,25.34,6,2001,10000,2020-10-17,,,,,,
동대문구,11230,10200,용두동,779,11230-2,신동아,,58.59,1,1994,60000,2020-10-17,,,,,,
동대문구,11230,10600,장안동,336,11230-81,장안현대홈타운(336),,58.42,3,2003,69500,2020-10-14,,,,,,
동대문구,11230,10900,휘경동,57,11230-64,휘경리오포레아파트(2단지),,39.98,11,2001,44600,2020-10-15,,,,,,
동대문구,11230,10600,장안동,373-1,11230-2446,양우내안애애플,,15.3388,3,2014,10500,2020-10-11,,,,,,
동대문구,11230,10600,장안동,580,11230-2231,장안위더스빌,,106.88,3,2011,73800,2020-10-06,,,,,,
동대문구,11230,10600,장안동,373-1,11230-2446,양우내안애애플,,15.3388,5,2014,10000,2020-10-06,,,,,,
동대문구,11230,10200,용두동,104-34,11230-2910,가우디캐슬,,12.94,7,2019,9800,2020-10-15,,,,,,
동대문구,11230,10200,용두동,104-34,11230-2910,가우디캐슬,,12.94,7,2019,9800,2020-10-15,,,,,,
동대문구,11230,10200,용두동,104-34,11230-2910,가우디캐슬,,12.94,8,2019,9800,2020-10-15,,,,,,
동대문구,11230,10200,용두동,104-34,11230-2910,가우디캐슬,,12.94,9,2019,9800,2020-10-15,,,,,,
동대문구,11230,10200,용두동,104-34,11230-2910,가우디캐슬,,12.94,9,2019,9800,2020-10-15,,,,,,
동대문구,11230,10400,전농동,687,11230-1966,전농동신성미소지움,,80.325,1,2005,95000,2020-10-04,,,,,,
동대문구,11230,11000,이문동,225,11230-65,대림e-편한세상,,84.972,18,2003,86700,2020-10-09,,,,,,
동대문구,11230,10500,답십리동,497-23,11230-2510,청계푸르지오시티,,30.42,20,2015,35200,2020-10-10,,,,,,
동대문구,11230,10500,답십리동,1000,11230-2157,래미안엘파인아파트,,114.82,2,2011,70000,2020-10-08,,,,,,
동대문구,11230,10900,휘경동,368,11230-2283,브라운스톤휘경,,84.74,8,2013,88500,2020-10-08,,,,,,
동대문구,11230,10200,용두동,104-3,11230-2647,동대문푸르지오시티(도시형생활주택),,36.99,9,2016,41500,2020-10-10,,,,,,
동대문구,11230,11000,이문동,225,11230-65,대림e-편한세상,,59.958,4,2003,79500,2020-10-09,,,,,,
동대문구,11230,10600,장안동,372-9,11230-2541,청솔아파트(A동),,48.15,7,2015,32300,2020-10-05,,,,,,
동대문구,11230,10600,장안동,346-9,11230-2216,대성장안애캐슬,,52.04,6,2010,22500,2020-10-05,,,,,,
중랑구,11260,10400,묵동,385,11260-65,현대아이파크,,84.9785,5,2002,78500,2020-10-13,,,,,,
중랑구,11260,10200,상봉동,1,11260-32,건영1,,84.96,5,1997,69000,2020-10-06,,,,,,
중랑구,11260,10600,신내동,785,11260-1971,건영2차,,84.96,3,1996,70300,2020-10-24,,,,,,
중랑구,11260,10100,면목동,1527,11260-136,신성미소지움,,80.1913,12,2004,66000,2020-10-09,,,,,,
중랑구,11260,10100,면목동,1544,11260-4103,라온프라이빗,,59.9699,11,2020,94000,2020-10-26,,,,,,
중랑구,11260,10600,신내동,654,11260-95,진로아파트,,101.86,8,1995,83000,2020-10-31,,,,,,
중랑구,11260,10100,면목동,1527,11260-136,신성미소지움,,80.1913,12,2004,66000,2020-10-09,,,,,,
중랑구,11260,10600,신내동,397,11260-83,동성1,,84.08,14,1993,67000,2020-10-27,,,,,,
중랑구,11260,10400,묵동,239-180,11260-4049,성원팰리스,,40.41,2,2020,30400,2020-10-20,,,,,,
중랑구,11260,10100,면목동,1-41,11260-9,개인택시주택조합(미성아파트),,50,4,1995,24300,2020-10-22,,,,,,
중랑구,11260,10100,면목동,1510,11260-6,두산2,,84.77,20,1995,69500,2020-10-12,,,,,,
중랑구,11260,10400,묵동,13,11260-52,신내,,39.84,11,1996,40000,2020-10-09,,,,,,
중랑구,11260,10200,상봉동,495,11260-35,동부아파트,,119.05,7,1999,75300,2020-10-28,,,,,,
중랑구,11260,10500,망우동,577,11260-115,예성그린캐슬,,58.9,17,2004,45000,2020-10-27,,,,,,
중랑구,11260,10600,신내동,650,11260-92,신내6대주,,59.76,4,1996,60000,2020-10-31,,,,,,
중랑구,11260,10600,신내동,650,11260-92,신내6대주,,59.76,3,1996,57000,2020-10-30,,,,,,
중랑구,11260,10600,신내동,650,11260-92,신내6대주,,59.76,8,1996,59000,2020-10-31,,,,,,
중랑구,11260,10600,신내동,657,11260-98,신내9진흥,,33.18,2,1996,29400,2020-10-29,,,,,,
중랑구,11260,10600,신내동,787,11260-90,석탑,,59.82,14,1997,44000,2020-10-31,,,,,,
중랑구,11260,10100,면목동,472-8,11260-2030,아람플러스,,84.955,12,2009,59000,2020-10-26,,,,,,
중랑구,11260,10400,묵동,239-180,11260-4049,성원팰리스,,28.17,7,2020,44500,2020-10-25,,,,,,
중랑구,11260,10400,묵동,245-64,11260-61,우성,,48.13,3,1975,27000,2020-10-29,,,,,,
중랑구,11260,10200,상봉동,89-10,11260-4076,레그노시티,,20.858,4,2020,24500,2020-10-25,,,,,,
중랑구,11260,10200,상봉동,89-10,11260-4076,레그노시티,,20.858,8,2020,25800,2020-10-23,,,,,,
중랑구,11260,10200,상봉동,89-10,11260-4076,레그노시티,,25.451,7,2020,26500,2020-10-22,,,,,,
중랑구,11260,10200,상봉동,89-10,11260-4076,레그노시티,,25.451,10,2020,27800,2020-10-25,,,,,,
중랑구,11260,10200,상봉동,89-10,11260-4076,레그노시티,,20.858,13,2020,26800,2020-10-25,,,,,,
중랑구,11260,10100,면목동,193-1,11260-24,면목한신,,35.3,12,1987,32800,2020-10-31,,,,,,
중랑구,11260,10100,면목동,538,11260-2791,신영,,13.18,7,2013,8500,2020-10-29,,,,,,
중랑구,11260,10600,신내동,657,11260-98,신내9진흥,,39.84,6,1996,37500,2020-10-18,,,,,,
중랑구,11260,10600,신내동,657,11260-98,신내9진흥,,39.84,13,1996,38000,2020-10-22,,,,,,
중랑구,11260,10600,신내동,657,11260-98,신내9진흥,,49.93,13,1996,46200,2020-10-24,,,,,,
중랑구,11260,10400,묵동,239-180,11260-4049,성원팰리스,,40.41,2,2020,30900,2020-10-20,O,20.12.24,,,,
중랑구,11260,10100,면목동,1286-1,11260-2106,동일스카이씨티(37차),,84.88,4,2007,45000,2020-10-20,,,,,,
중랑구,11260,10600,신내동,657,11260-98,신내9진흥,,33.18,3,1996,29000,2020-10-26,,,,,,
중랑구,11260,10500,망우동,573,11260-71,신원,,59.62,6,1999,40500,2020-10-23,,,,,,
중랑구,11260,10300,중화동,452,11260-44,동구햇살아파트101동,,75.61,12,2001,52000,2020-10-23,,,,,,
중랑구,11260,10400,묵동,377,11260-51,세원,,84.63,4,1997,37500,2020-10-24,,,,,,
중랑구,11260,10100,면목동,1520,11260-21,일신강변,,59.99,10,1999,44500,2020-10-31,,,,,,
중랑구,11260,10600,신내동,657,11260-98,신내9진흥,,33.18,11,1996,30850,2020-10-22,,,,,,
중랑구,11260,10600,신내동,657,11260-98,신내9진흥,,49.93,15,1996,46000,2020-10-17,,,,,,
중랑구,11260,10400,묵동,239-180,11260-4049,성원팰리스,,50.68,5,2020,50000,2020-10-17,,,,,,
중랑구,11260,10100,면목동,193-1,11260-24,면목한신,,44.5,11,1987,40000,2020-10-31,,,,,,
중랑구,11260,10400,묵동,167,11260-55,신도,,84.89,16,1998,65000,2020-10-06,,,,,,
중랑구,11260,10200,상봉동,501,11260-3271,상봉듀오트리스,,203.77,37,2016,160000,2020-10-22,,,,,,
중랑구,11260,10100,면목동,1543,11260-4027,한양수자인사가정파크,,59.9598,12,2019,81300,2020-10-25,,,,,,
중랑구,11260,10600,신내동,397,11260-83,동성1,,65.56,11,1993,54200,2020-10-31,,,,,,
중랑구,11260,10300,중화동,452,11260-44,동구햇살아파트101동,,75.61,4,2001,58000,2020-10-23,,,,,,
중랑구,11260,10600,신내동,786,11260-84,동성타워프라자,,84.21,12,1996,56000,2020-10-15,,,,,,
중랑구,11260,10600,신내동,785,11260-1971,건영2차,,84.96,3,1996,70300,2020-10-24,O,21.01.12,,,,
중랑구,11260,10400,묵동,385,11260-65,현대아이파크,,84.9785,5,2002,78500,2020-10-13,O,21.02.19,,,,
중랑구,11260,10600,신내동,657,11260-98,신내9진흥,,49.93,14,1996,49000,2020-10-24,,,,,,
중랑구,11260,10500,망우동,508-50,11260-78,월드101,,62.86,8,2002,31200,2020-10-26,,,,,,
중랑구,11260,10300,중화동,19,11260-43,극동,,84.13,9,1991,55000,2020-10-23,,,,,,
중랑구,11260,10100,면목동,193-1,11260-24,면목한신,,44.5,7,1987,40450,2020-10-27,,,,,,
중랑구,11260,10600,신내동,785,11260-1971,건영2차,,74.25,19,1996,66700,2020-10-24,,,,,,
중랑구,11260,10300,중화동,42,11260-42,중화동건영아파트,,84.77,8,1998,58000,2020-10-29,,,,,,
중랑구,11260,10600,신내동,397,11260-83,동성1,,65.56,11,1993,54200,2020-10-31,O,20.11.11,,,,
중랑구,11260,10200,상봉동,32-1,11260-39,동성네스트빌1동,,72.08,5,2003,33600,2020-10-24,,,,,,
중랑구,11260,10600,신내동,816,11260-2893,신내우디안1단지,,84.65,13,2014,80000,2020-10-19,,,,,,
중랑구,11260,10300,중화동,450,11260-46,한신아파트상가동유치원동(103~109),,59.76,23,1997,62700,2020-10-21,,,,,,
중랑구,11260,10100,면목동,1537,11260-3079,용마산하늘채,,84.7054,4,2015,99900,2020-10-11,,,,,,
중랑구,11260,10100,면목동,1505,11260-164,리치카운티,,84.741,12,2004,70000,2020-10-11,,,,,,
중랑구,11260,10600,신내동,654,11260-95,진로아파트,,101.86,12,1995,80000,2020-10-11,,,,,,
중랑구,11260,10600,신내동,657,11260-98,신내9진흥,,33.18,10,1996,30000,2020-10-14,,,,,,
중랑구,11260,10600,신내동,650,11260-92,신내6대주,,39.84,4,1996,39800,2020-10-17,,,,,,
중랑구,11260,10200,상봉동,113,11260-3881,상봉어반뷰,,13.26,17,2018,12000,2020-10-28,,,,,,
중랑구,11260,10500,망우동,575,11260-75,청광,,64.9136,11,2001,42500,2020-10-29,,,,,,
중랑구,11260,10600,신내동,650,11260-92,신내6대주,,39.84,5,1996,41000,2020-10-09,,,,,,
중랑구,11260,10200,상봉동,484,11260-36,"엘지,쌍용아파트",,68.12,3,1996,58500,2020-10-30,,,,,,
중랑구,11260,10100,면목동,1510,11260-6,두산2,,84.77,15,1995,75000,2020-10-26,,,,,,
중랑구,11260,10100,면목동,1522-1,11260-3753,두산5,,84.87,5,2000,78000,2020-10-09,,,,,,
중랑구,11260,10500,망우동,577,11260-115,예성그린캐슬,,58.9,17,2004,45000,2020-10-27,O,20.12.02,,,,
중랑구,11260,10200,상봉동,501,11260-3271,상봉듀오트리스,,117.07,21,2016,103800,2020-10-05,,,,,,
중랑구,11260,10600,신내동,479,11260-94,중앙하이츠,,84.97,14,1996,60000,2020-10-29,,,,,,
중랑구,11260,10200,상봉동,89-10,11260-4076,레그노시티,,26.908,16,2020,29800,2020-10-15,,,,,,
중랑구,11260,10400,묵동,169-11,11260-2359,위더스빌,,84.83,8,2010,66900,2020-10-17,,,,,,
중랑구,11260,10400,묵동,396,11260-3783,이편한세상화랑대,,84.834,13,2017,105000,2020-10-10,,,,,,
중랑구,11260,10200,상봉동,128-10,11260-138,SG타워,,69.47,8,2004,39500,2020-10-15,,,,,,
중랑구,11260,10600,신내동,657,11260-98,신내9진흥,,33.18,5,1996,30200,2020-10-08,,,,,,
중랑구,11260,10100,면목동,178-10,11260-113,다울(178-10),,107.04,6,2003,41500,2020-10-18,,,,,,
중랑구,11260,10100,면목동,1510,11260-6,두산2,,84.77,20,1995,69500,2020-10-12,O,20.12.21,,,,
중랑구,11260,10400,묵동,381,11260-57,신안1,,59.96,15,1999,53500,2020-10-19,,,,,,
중랑구,11260,10600,신내동,397,11260-83,동성1,,125.48,2,1993,71000,2020-10-10,,,,,,
중랑구,11260,10600,신내동,657,11260-98,신내9진흥,,49.82,6,1996,46300,2020-10-05,,,,,,
중랑구,11260,10600,신내동,656,11260-85,화성.두산아파트,,66.96,3,1995,50000,2020-10-06,,,,,,
중랑구,11260,10500,망우동,573,11260-71,신원,,84.12,12,1999,50000,2020-10-08,,,,,,
중랑구,11260,10400,묵동,170-27,11260-150,월등스카이뷰,,105.237,7,2004,45000,2020-10-23,,,,,,
중랑구,11260,10600,신내동,650,11260-92,신내6대주,,59.76,6,1996,60800,2020-10-22,,,,,,
중랑구,11260,10500,망우동,575,11260-75,청광,,83.4564,4,2001,49000,2020-10-12,,,,,,
중랑구,11260,10400,묵동,167,11260-55,신도,,59.89,15,1998,57500,2020-10-26,,,,,,
중랑구,11260,10100,면목동,1510,11260-6,두산2,,84.77,4,1995,71700,2020-10-13,,,,,,
중랑구,11260,10400,묵동,383,11260-50,세방,,59.94,19,2000,49500,2020-10-25,,,,,,
중랑구,11260,10400,묵동,378,11260-62,한국,,59.64,18,1999,43000,2020-10-19,,,,,,
중랑구,11260,10600,신내동,650,11260-92,신내6대주,,49.77,11,1996,52000,2020-10-20,,,,,,
중랑구,11260,10400,묵동,396,11260-3783,이편한세상화랑대,,84.834,13,2017,105000,2020-10-10,O,20.10.31,,,,
중랑구,11260,10600,신내동,657,11260-98,신내9진흥,,49.93,8,1996,47800,2020-10-23,,,,,,
중랑구,11260,10500,망우동,495,11260-2137,한일써너스빌리젠시2단지,,105.38,22,2008,84000,2020-10-08,,,,,,
중랑구,11260,10200,상봉동,113,11260-3881,상봉어반뷰,,15.31,9,2018,13930,2020-10-05,,,,,,
중랑구,11260,10500,망우동,506-8,11260-2668,EGSoulLeader,,13.55,11,2012,9300,2020-10-24,,,,,,
중랑구,11260,10100,면목동,1077-1,11260-19,용마한신,,35.44,10,1990,34900,2020-10-23,,,,,,
중랑구,11260,10100,면목동,1522-1,11260-3753,두산5,,84.87,5,2000,78000,2020-10-09,O,20.11.02,,,,
중랑구,11260,10100,면목동,1527,11260-136,신성미소지움,,80.1913,12,2004,66000,2020-10-09,O,21.01.09,,,,
중랑구,11260,10400,묵동,188-1,11260-60,장미,,103.8,2,1983,54000,2020-10-24,,,,,,
중랑구,11260,10100,면목동,1501,11260-4,두산6,,59.55,13,1993,54500,2020-10-24,,,,,,
중랑구,11260,10400,묵동,13,11260-52,신내,,39.84,11,1996,40000,2020-10-09,O,20.12.18,,,,
중랑구,11260,10400,묵동,383,11260-50,세방,,59.94,19,2000,49500,2020-10-25,O,20.10.27,,,,
중랑구,11260,10100,면목동,193-1,11260-24,면목한신,,44.5,11,1987,40500,2020-10-24,,,,,,
중랑구,11260,10100,면목동,193-1,11260-24,면목한신,,27,13,1987,23900,2020-10-25,,,,,,
중랑구,11260,10600,신내동,787,11260-90,석탑,,59.82,3,1997,42100,2020-10-24,,,,,,
중랑구,11260,10100,면목동,193-1,11260-24,면목한신,,27,6,1987,23800,2020-10-24,,,,,,
중랑구,11260,10200,상봉동,63,11260-33,건영2차아파트,,74.9,11,1996,69500,2020-10-23,,,,,,
중랑구,11260,10200,상봉동,63,11260-33,건영2차아파트,,84.96,8,1996,71900,2020-10-15,,,,,,
중랑구,11260,10600,신내동,795,11260-89,새한,,115.84,14,1998,70000,2020-10-14,,,,,,
중랑구,11260,10600,신내동,795,11260-89,새한,,84.4,8,1998,61000,2020-10-12,,,,,,
중랑구,11260,10600,신내동,785,11260-1971,건영2차,,57.3,14,1996,58500,2020-10-22,,,,,,
중랑구,11260,10200,상봉동,1,11260-32,건영1,,84.96,5,1997,69000,2020-10-06,O,21.02.03,,,,
중랑구,11260,10600,신내동,785,11260-1971,건영2차,,57.3,16,1996,56300,2020-10-09,,,,,,
중랑구,11260,10100,면목동,1077-1,11260-19,용마한신,,35.44,13,1990,34000,2020-10-24,,,,,,
중랑구,11260,10100,면목동,494,11260-17,용마금호타운,,84.9,9,1992,66800,2020-10-22,,,,,,
중랑구,11260,10400,묵동,387,11260-108,브라운스톤태릉,,83.5358,14,2004,76000,2020-10-17,,,,,,
중랑구,11260,10600,신내동,799,11260-80,광남,,37.743,7,2000,24700,2020-10-22,,,,,,
중랑구,11260,10100,면목동,390-24,11260-652,공감대(390-24),,84.96,3,2005,52000,2020-10-06,,,,,,
중랑구,11260,10600,신내동,487,11260-86,라이프미성,,59.6,6,1992,38000,2020-10-21,,,,,,
중랑구,11260,10400,묵동,381,11260-57,신안1,,104.79,3,1999,62000,2020-10-19,,,,,,
중랑구,11260,10400,묵동,377,11260-51,세원,,59.82,5,1997,27000,2020-10-20,,,,,,
중랑구,11260,10100,면목동,1521,11260-8,두원,,59.31,17,1998,50900,2020-10-20,,,,,,
중랑구,11260,10400,묵동,381,11260-57,신안1,,59.96,4,1999,54500,2020-10-15,,,,,,
중랑구,11260,10400,묵동,391,11260-2191,효산센터빌,,81.46,4,2008,52000,2020-10-10,,,,,,
중랑구,11260,10100,면목동,1515,11260-13,성원상떼빌,,59.91,15,1997,52000,2020-10-21,,,,,,
중랑구,11260,10100,면목동,1515,11260-13,성원상떼빌,,59.91,12,1997,54500,2020-10-21,,,,,,
중랑구,11260,10600,신내동,796,11260-81,다우훼밀리,,59.96,1,1999,43000,2020-10-14,,,,,,
중랑구,11260,10500,망우동,508-34,11260-2620,예원캐슬,,30.14,8,2012,17000,2020-10-19,,,,,,
중랑구,11260,10600,신내동,487,11260-86,라이프미성,,59.6,8,1992,37750,2020-10-08,,,,,,
중랑구,11260,10100,면목동,1077-1,11260-19,용마한신,,59.22,13,1990,56700,2020-10-12,,,,,,
중랑구,11260,10200,상봉동,495,11260-35,동부아파트,,54,16,1999,56300,2020-10-15,,,,,,
중랑구,11260,10100,면목동,1543,11260-4027,한양수자인사가정파크,,23.1074,1,2019,30800,2020-10-18,,,,,,
중랑구,11260,10100,면목동,715,11260-30,늘푸른동아,,114.73,1,2002,75000,2020-10-16,,,,,,
중랑구,11260,10100,면목동,1077-1,11260-19,용마한신,,59.22,8,1990,56700,2020-10-20,,,,,,
중랑구,11260,10100,면목동,1077-1,11260-19,용마한신,,59.22,15,1990,56500,2020-10-20,,,,,,
중랑구,11260,10200,상봉동,497,11260-107,태영데시앙1,,59.6772,9,2003,68000,2020-10-15,,,,,,
중랑구,11260,10200,상봉동,501,11260-3271,상봉듀오트리스,,117.07,5,2016,90000,2020-10-17,,,,,,
중랑구,11260,10100,면목동,193-1,11260-24,면목한신,,27,10,1987,22500,2020-10-13,,,,,,
중랑구,11260,10600,신내동,479,11260-94,중앙하이츠,,84.97,15,1996,60000,2020-10-08,,,,,,
중랑구,11260,10300,중화동,450,11260-46,한신아파트상가동유치원동(103~109),,50.37,26,1997,58000,2020-10-17,,,,,,
중랑구,11260,10100,면목동,193-1,11260-24,면목한신,,35.3,1,1987,27400,2020-10-17,,,,,,
중랑구,11260,10600,신내동,783,11260-91,성원,,84.32,16,1994,63000,2020-10-07,,,,,,
중랑구,11260,10400,묵동,381,11260-57,신안1,,59.96,9,1999,49000,2020-10-17,,,,,,
중랑구,11260,10400,묵동,391,11260-2191,효산센터빌,,81.46,4,2008,52000,2020-10-08,O,20.10.22,,,,
중랑구,11260,10400,묵동,385,11260-65,현대아이파크,,84.9416,1,2002,70000,2020-10-12,,,,,,
중랑구,11260,10100,면목동,193-1,11260-24,면목한신,,44.5,5,1987,38500,2020-10-06,,,,,,
중랑구,11260,10400,묵동,13,11260-52,신내,,49.77,5,1996,48000,2020-10-12,,,,,,
중랑구,11260,10600,신내동,804,11260-2047,경남아너스빌,,84.93,8,2007,69000,2020-10-16,,,,,,
중랑구,11260,10600,신내동,787,11260-90,석탑,,59.82,6,1997,42000,2020-10-12,,,,,,
중랑구,11260,10600,신내동,787,11260-90,석탑,,84.6,11,1997,58000,2020-10-12,,,,,,
중랑구,11260,10200,상봉동,484,11260-36,"엘지,쌍용아파트",,68.12,12,1996,59900,2020-10-16,,,,,,
중랑구,11260,10400,묵동,13,11260-52,신내,,39.84,6,1996,40000,2020-10-12,,,,,,
중랑구,11260,10200,상봉동,115-61,11260-3199,주함해븐타워,,31.55,4,2015,24800,2020-10-15,,,,,,
중랑구,11260,10400,묵동,167,11260-55,신도,,84.89,16,1998,65000,2020-10-06,O,20.11.11,,,,
중랑구,11260,10600,신내동,661,11260-99,신내11대명,,49.77,13,1996,48000,2020-10-10,,,,,,
중랑구,11260,10600,신내동,801,11260-163,영풍마드레빌,,84.8485,5,2004,72000,2020-10-10,,,,,,
중랑구,11260,10100,면목동,1-41,11260-9,개인택시주택조합(미성아파트),,55.4,10,1995,26000,2020-10-14,,,,,,
중랑구,11260,10500,망우동,583,11260-2564,중랑숲리가,,84.964,9,2012,67000,2020-10-12,,,,,,
중랑구,11260,10200,상봉동,63,11260-33,건영2차아파트,,84.96,3,1996,68900,2020-10-06,,,,,,
중랑구,11260,10100,면목동,193-1,11260-24,면목한신,,58.46,13,1987,45500,2020-10-09,,,,,,
중랑구,11260,10100,면목동,715,11260-30,늘푸른동아,,59.65,7,2002,59800,2020-10-09,,,,,,
중랑구,11260,10600,신내동,787,11260-90,석탑,,59.82,1,1997,41000,2020-10-08,,,,,,
중랑구,11260,10500,망우동,506-8,11260-2668,EGSoulLeader,,13.55,6,2012,9400,2020-10-09,,,,,,
중랑구,11260,10500,망우동,572,11260-73,용마프라자,,59.28,6,1995,25400,2020-10-08,,,,,,
중랑구,11260,10600,신내동,799,11260-80,광남,,44.45,2,2000,28900,2020-10-06,,,,,,
중랑구,11260,10400,묵동,393,11260-2711,묵동포레시타,,14.95,3,2013,11500,2020-10-05,,,,,,
성북구,11290,13600,하월곡동,224,11290-100,샹그레빌아파트,,79.248,9,2004,69300,2020-10-09,,,,,,
성북구,11290,13900,석관동,10,11290-74,두산,,59.97,15,1998,70000,2020-10-19,,,,,,
성북구,11290,13700,상월곡동,55-56,11290-70,우남푸르미아,,84.51,1,1994,54500,2020-10-12,,,,,,
성북구,11290,13500,종암동,125-1,11290-61,고려,,52.56,1,1983,22750,2020-10-26,,,,,,
성북구,11290,13300,정릉동,1020,11290-48,정릉우성아파트 101~105동,,84.99,13,2000,69000,2020-10-24,,,,,,
성북구,11290,13500,종암동,104-1,11290-65,종암에스케이,,84.72,17,1999,87000,2020-10-31,,,,,,
성북구,11290,13200,보문동3가,230,11290-4074,이편한세상보문,,84.411,10,2013,94000,2020-10-31,,,,,,
성북구,11290,13300,정릉동,809,11290-50,정릉중앙하이츠아파트,,59.26,9,1999,39500,2020-10-29,,,,,,
성북구,11290,13500,종암동,133,11290-3786,래미안세레니티,,59.97,5,2009,80000,2020-10-30,,,,,,
성북구,11290,13500,종암동,33-45,11290-178,중앙드림빌,,69.88,6,2013,33450,2020-10-26,,,,,,
성북구,11290,13500,종암동,104-1,11290-65,종암에스케이,,84.72,17,1999,87000,2020-10-31,O,20.11.27,,,,
성북구,11290,13500,종암동,125-1,11290-61,고려,,52.56,1,1983,15940,2020-10-26,O,20.11.30,,,,
성북구,11290,13200,보문동3가,230,11290-4074,이편한세상보문,,84.904,8,2013,89800,2020-10-23,O,20.12.01,,,,
성북구,11290,13300,정릉동,1014,11290-45,정릉스카이쌍용아파트,,59.9,6,1999,56000,2020-10-31,,,,,,
성북구,11290,13500,종암동,133,11290-3786,래미안세레니티,,84.98,20,2009,95000,2020-10-27,O,21.01.25,,,,
성북구,11290,11200,삼선동2가,425,11290-3576,삼선푸르지오,,84.83,4,2008,87000,2020-10-22,,,,,,
성북구,11290,11400,삼선동4가,73,11290-31,코오롱,,59.94,4,1999,71700,2020-10-27,,,,,,
성북구,11290,13800,장위동,317,11290-3719,꿈의숲대명루첸아파트,,84.843,11,2008,92500,2020-10-26,,,,,,
성북구,11290,12300,안암동3가,135,11290-33,삼익,,98.68,1,1983,72800,2020-10-26,,,,,,
성북구,11290,13400,길음동,1276,11290-57,삼부컨비니언,,59.94,14,1998,67000,2020-10-26,,,,,,
성북구,11290,13400,길음동,1280,11290-210,길음뉴타운2단지푸르지오,,84.97,11,2005,89500,2020-10-29,,,,,,
성북구,11290,13500,종암동,133,11290-3786,래미안세레니티,,84.98,7,2009,105000,2020-10-26,,,,,,
성북구,11290,13900,석관동,10,11290-74,두산,,59.97,6,1998,68500,2020-10-24,,,,,,
성북구,11290,13900,석관동,407,11290-3766,석관래미안,,59.9,12,2009,76000,2020-10-23,,,,,,
성북구,11290,10300,돈암동,631,11290-16,범양,,59.79,13,1998,61900,2020-10-31,,,,,,
성북구,11290,12400,안암동4가,23-3,11290-34,안암,,61.29,2,1969,22000,2020-10-21,,,,,,
성북구,11290,11300,삼선동3가,116,11290-3905,삼선에스케이뷰,,84.95,12,2012,110000,2020-10-31,,,,,,
성북구,11290,13300,정릉동,1034,11290-3696,라온유,,109.75,19,2008,89000,2020-10-17,,,,,,
성북구,11290,13400,길음동,1280,11290-210,길음뉴타운2단지푸르지오,,84.97,16,2005,87000,2020-10-30,,,,,,
성북구,11290,11300,삼선동3가,116,11290-3905,삼선에스케이뷰,,59.96,9,2012,92800,2020-10-23,,,,,,
성북구,11290,13400,길음동,1284,11290-3807,길음뉴타운8단지(래미안),,114.98,25,2010,130000,2020-10-28,,,,,,
성북구,11290,13400,길음동,1280-1,11290-211,길음뉴타운3단지푸르지오,,59.99,15,2005,70000,2020-10-30,,,,,,
성북구,11290,13800,장위동,314,11290-3400,그린빌아파트,,84.69,6,2002,39000,2020-10-16,,,,,,
성북구,11290,13500,종암동,80,11290-84,래미안크리시엘,,59.99,2,2004,69500,2020-10-30,,,,,,
성북구,11290,13400,길음동,1276,11290-57,삼부컨비니언,,59.94,13,1998,66500,2020-10-26,,,,,,
성북구,11290,13500,종암동,130,11290-113,아이파크종암동1차,,59.93,17,2004,78700,2020-10-31,,,,,,
성북구,11290,13500,종암동,10-178,11290-63,동진,,100.36,6,1992,54900,2020-10-22,,,,,,
성북구,11290,13600,하월곡동,226,11290-3572,월곡래미안루나밸리,,84.88,7,2007,100000,2020-10-12,,,,,,
성북구,11290,13400,길음동,1281,11290-212,길음뉴타운4단지(e편한세상),,59.86,9,2005,78500,2020-10-24,,,,,,
성북구,11290,13300,정릉동,1015,11290-37,길음뉴타운경남아너스빌,,45.77,12,1999,52900,2020-10-31,,,,,,
성북구,11290,10300,돈암동,609-1,11290-19,한신,,132.96,19,1998,96000,2020-10-24,,,,,,
성북구,11290,12800,보문동6가,458,11290-4536,보문파크뷰자이,,72.97,4,2017,105000,2020-10-24,,,,,,
성북구,11290,13400,길음동,1280-1,11290-211,길음뉴타운3단지푸르지오,,59.77,18,2005,69500,2020-10-23,,,,,,
성북구,11290,10300,돈암동,636,11290-116,이수브라운스톤돈암,,59.99,6,2004,78000,2020-10-26,,,,,,
성북구,11290,10300,돈암동,609-1,11290-19,한신,,132.96,9,1998,97000,2020-10-21,,,,,,
성북구,11290,10300,돈암동,631,11290-16,범양,,84.92,7,1998,78500,2020-10-26,,,,,,
성북구,11290,10300,돈암동,643,11290-4173,길음역금호어울림센터힐,,84.94,20,2014,102000,2020-10-20,,,,,,
성북구,11290,12800,보문동6가,458,11290-4536,보문파크뷰자이,,84.99,19,2017,115000,2020-10-22,,,,,,
성북구,11290,13600,하월곡동,225,11290-3492,래미안월곡,,84.589,18,2006,93000,2020-10-17,,,,,,
성북구,11290,11300,삼선동3가,116,11290-3905,삼선에스케이뷰,,116.86,15,2012,138500,2020-10-28,,,,,,
성북구,11290,13500,종암동,80,11290-84,래미안크리시엘,,84.95,15,2004,91000,2020-10-31,,,,,,
성북구,11290,13400,길음동,1283,11290-3512,길음뉴타운6단지(래미안),,84.049,8,2007,125000,2020-10-24,,,,,,
성북구,11290,13400,길음동,1285,11290-3815,길음뉴타운7단지(두산위브),,59.98,13,2010,85600,2020-10-24,,,,,,
성북구,11290,13400,길음동,1284,11290-3807,길음뉴타운8단지(래미안),,59.99,17,2010,100000,2020-10-19,,,,,,
성북구,11290,13300,정릉동,1015,11290-37,길음뉴타운경남아너스빌,,59.59,7,1999,61500,2020-10-24,,,,,,
성북구,11290,10300,돈암동,644,11290-4544,돈암코오롱하늘채,,84.8778,1,2016,98300,2020-10-23,,,,,,
성북구,11290,13400,길음동,1284,11290-3807,길음뉴타운8단지(래미안),,59.99,7,2010,91000,2020-10-24,,,,,,
성북구,11290,10300,돈암동,524,11290-204,일신건영휴먼빌아파트,,117.16,8,2005,93700,2020-10-27,,,,,,
성북구,11290,13900,석관동,10,11290-74,두산,,59.97,15,1998,70000,2020-10-20,O,21.01.18,,,,
성북구,11290,13800,장위동,316-5,11290-3473,참누리아파트,,59.98,6,2006,69000,2020-10-26,,,,,,
성북구,11290,13400,길음동,1280,11290-210,길음뉴타운2단지푸르지오,,59.99,4,2005,71000,2020-10-22,,,,,,
성북구,11290,13300,정릉동,1021,11290-38,대우,,43.11,11,2001,34500,2020-10-26,,,,,,
성북구,11290,13400,길음동,1281,11290-212,길음뉴타운4단지(e편한세상),,102.38,4,2005,107000,2020-10-26,,,,,,
성북구,11290,12800,보문동6가,458,11290-4536,보문파크뷰자이,,59.81,9,2017,94700,2020-10-14,,,,,,
성북구,11290,13400,길음동,1284,11290-3807,길음뉴타운8단지(래미안),,59.99,16,2010,90500,2020-10-10,,,,,,
성북구,11290,13400,길음동,1280,11290-210,길음뉴타운2단지푸르지오,,84.97,11,2005,89900,2020-10-10,,,,,,
성북구,11290,13600,하월곡동,226,11290-3572,월곡래미안루나밸리,,59.98,4,2007,76000,2020-10-15,,,,,,
성북구,11290,13500,종암동,134,11290-3824,래미안라센트,,84.99,6,2011,115000,2020-10-14,,,,,,
성북구,11290,13800,장위동,315,11290-115,경헌그린아파트,,124.816,2,2003,57500,2020-10-15,,,,,,
성북구,11290,13400,길음동,1279,11290-60,길음뉴타운1단지(래미안길음1차),,84.96,14,2003,94000,2020-10-22,,,,,,
성북구,11290,13400,길음동,1281,11290-212,길음뉴타운4단지(e편한세상),,84.64,14,2005,100000,2020-10-18,,,,,,
성북구,11290,13300,정릉동,266-32,11290-39,대창쉐르빌,,68.66,3,2000,24500,2020-10-23,,,,,,
성북구,11290,10300,돈암동,639,11290-3519,돈암힐스테이트,,59.92,11,2007,74500,2020-10-31,,,,,,
성북구,11290,13800,장위동,317,11290-3719,꿈의숲대명루첸아파트,,84.843,2,2008,90800,2020-10-15,O,21.02.09,,,,
성북구,11290,13300,정릉동,239,11290-82,정릉풍림아이원,,60,1,2005,40000,2020-10-24,,,,,,
성북구,11290,13300,정릉동,239,11290-82,정릉풍림아이원,,84.09,1,2005,44300,2020-10-24,,,,,,
성북구,11290,10300,돈암동,643,11290-4173,길음역금호어울림센터힐,,59.5,5,2014,88000,2020-10-27,,,,,,
성북구,11290,13400,길음동,1284,11290-3807,길음뉴타운8단지(래미안),,84.82,15,2010,125000,2020-10-21,,,,,,
성북구,11290,13900,석관동,10,11290-74,두산,,54.55,6,1998,65000,2020-10-17,,,,,,
성북구,11290,13300,정릉동,1030,11290-3534,정릉힐스테이트1차,,84.535,7,2007,76000,2020-10-14,,,,,,
성북구,11290,13600,하월곡동,224,11290-100,샹그레빌아파트,,79.248,9,2004,69300,2020-10-09,O,21.03.25,,,,
성북구,11290,10300,돈암동,639,11290-3519,돈암힐스테이트,,112.42,7,2007,89500,2020-10-28,,,,,,
성북구,11290,10300,돈암동,609-1,11290-20,한진(609-1),,59.58,15,1998,60000,2020-10-27,,,,,,
성북구,11290,12800,보문동6가,458,11290-4536,보문파크뷰자이,,84.99,5,2017,111800,2020-10-13,,,,,,
성북구,11290,13300,정릉동,435,11290-110,중앙하이츠빌2단지,,122.847,15,2005,99000,2020-10-17,O,20.12.28,,,,
성북구,11290,13600,하월곡동,222,11290-88,월곡두산위브,,114.752,19,2003,91700,2020-10-10,,,,,,
성북구,11290,13600,하월곡동,222,11290-88,월곡두산위브,,114.752,20,2003,94800,2020-10-17,,,,,,
성북구,11290,13300,정릉동,1015,11290-37,길음뉴타운경남아너스빌,,59.59,6,1999,60000,2020-10-24,,,,,,
성북구,11290,13300,정릉동,1033,11290-3695,우정에쉐르,,84.92,6,2009,67000,2020-10-16,,,,,,
성북구,11290,13400,길음동,1278,11290-56,길음동동부센트레빌(1278-0),,114.912,17,2003,107000,2020-10-15,,,,,,
성북구,11290,10800,동소문동5가,120,11290-3476,돈암동일하이빌,,84.958,7,2006,85000,2020-10-15,,,,,,
성북구,11290,10300,돈암동,609-1,11290-19,한신,,132.96,14,1998,98700,2020-10-10,,,,,,
성북구,11290,13300,정릉동,1020,11290-48,정릉우성아파트 101~105동,,84.99,13,2000,69000,2020-10-24,O,20.11.30,,,,
성북구,11290,13600,하월곡동,225,11290-3492,래미안월곡,,84.589,8,2006,94000,2020-10-09,O,21.02.19,,,,
성북구,11290,10300,돈암동,644,11290-4544,돈암코오롱하늘채,,84.9594,1,2016,103000,2020-10-26,,,,,,
성북구,11290,12800,보문동6가,458,11290-4536,보문파크뷰자이,,84.96,15,2017,115000,2020-10-15,,,,,,
성북구,11290,13400,길음동,1284,11290-3807,길음뉴타운8단지(래미안),,59.99,9,2010,87000,2020-10-06,,,,,,
성북구,11290,10300,돈암동,636,11290-116,이수브라운스톤돈암,,84.97,15,2004,90000,2020-10-24,,,,,,
성북구,11290,13500,종암동,104-1,11290-65,종암에스케이,,59.04,4,1999,66450,2020-10-21,,,,,,
성북구,11290,13500,종암동,46-43,11290-97,센트럴힐,,64.2,3,2003,36800,2020-10-26,,,,,,
성북구,11290,10300,돈암동,633,11290-22,동부센트레빌,,80.54,1,2003,78000,2020-10-24,,,,,,
성북구,11290,13400,길음동,1280,11290-210,길음뉴타운2단지푸르지오,,84.97,9,2005,84300,2020-10-14,,,,,,
성북구,11290,10300,돈암동,643,11290-4173,길음역금호어울림센터힐,,84.88,18,2014,100500,2020-10-10,,,,,,
성북구,11290,13600,하월곡동,228,11290-3794,꿈의숲푸르지오,,84.73,5,2010,85000,2020-10-14,,,,,,
성북구,11290,13600,하월곡동,223,11290-69,수산동양빌,,83.32,1,2003,35000,2020-10-26,,,,,,
성북구,11290,10300,돈암동,609-1,11290-20,한진(609-1),,84.87,5,1998,77000,2020-10-16,,,,,,
성북구,11290,13300,정릉동,1014,11290-45,정릉스카이쌍용아파트,,59.9,4,1999,53200,2020-10-24,,,,,,
성북구,11290,13400,길음동,1281,11290-212,길음뉴타운4단지(e편한세상),,59.97,3,2005,80000,2020-10-17,,,,,,
성북구,11290,13300,정릉동,1017,11290-46,쌍용2,,59.9,14,1999,56000,2020-10-23,,,,,,
성북구,11290,13900,석관동,407,11290-3766,석관래미안,,84.84,3,2009,81500,2020-10-25,,,,,,
성북구,11290,13400,길음동,1278,11290-56,길음동동부센트레빌(1278-0),,59.998,13,2003,76000,2020-10-17,,,,,,
성북구,11290,10300,돈암동,609-1,11290-19,한신,,132.96,2,1998,89900,2020-10-17,,,,,,
성북구,11290,13900,석관동,410,11290-4788,래미안아트리치,,59.98,2,2019,89800,2020-10-17,,,,,,
성북구,11290,13400,길음동,1278,11290-56,길음동동부센트레빌(1278-0),,84.844,20,2003,88500,2020-10-24,,,,,,
성북구,11290,10300,돈암동,609-1,11290-20,한진(609-1),,113.67,10,1998,89000,2020-10-24,,,,,,
성북구,11290,10300,돈암동,609-1,11290-20,한진(609-1),,59.58,4,1998,59500,2020-10-22,,,,,,
성북구,11290,12400,안암동4가,23-3,11290-34,안암,,62.51,3,1969,20000,2020-10-05,,,,,,
성북구,11290,13300,정릉동,1021,11290-38,대우,,43.11,8,2001,34000,2020-10-21,,,,,,
성북구,11290,10300,돈암동,636,11290-116,이수브라운스톤돈암,,59.99,18,2004,74500,2020-10-23,,,,,,
성북구,11290,13300,정릉동,239,11290-82,정릉풍림아이원,,59.88,12,2005,58300,2020-10-20,,,,,,
성북구,11290,10300,돈암동,609-1,11290-20,한진(609-1),,59.58,11,1998,59500,2020-10-20,,,,,,
성북구,11290,13300,정릉동,1021,11290-38,대우,,43.11,10,2001,32000,2020-10-21,,,,,,
성북구,11290,13300,정릉동,239,11290-82,정릉풍림아이원,,84.09,13,2005,69500,2020-10-19,,,,,,
성북구,11290,10300,돈암동,609-1,11290-20,한진(609-1),,59.58,12,1998,63000,2020-10-17,,,,,,
성북구,11290,13700,상월곡동,55-56,11290-70,우남푸르미아,,84.51,1,1994,54500,2020-10-12,O,20.12.10,,,,
성북구,11290,13200,보문동3가,230,11290-4074,이편한세상보문,,84.904,1,2013,87500,2020-10-12,,,,,,
성북구,11290,13300,정릉동,1037,11290-4257,정릉꿈에그린,,84.56,5,2015,84800,2020-10-06,,,,,,
성북구,11290,13300,정릉동,1021,11290-38,대우,,84.83,6,2001,52000,2020-10-16,,,,,,
성북구,11290,13500,종암동,131,11290-3379,아이파크종암동2차,,84.73,9,2005,95000,2020-10-12,,,,,,
성북구,11290,10300,돈암동,609-1,11290-20,한진(609-1),,132.96,10,1998,87500,2020-10-18,,,,,,
성북구,11290,10300,돈암동,1,11290-21,돈암현대아파트,,55.89,2,1991,56000,2020-10-20,,,,,,
성북구,11290,10300,돈암동,631,11290-16,범양,,84.92,20,1998,76800,2020-10-21,,,,,,
성북구,11290,10300,돈암동,631,11290-16,범양,,59.79,11,1998,61900,2020-10-16,,,,,,
성북구,11290,13300,정릉동,1021,11290-38,대우,,43.11,4,2001,35000,2020-10-21,,,,,,
성북구,11290,13300,정릉동,1018,11290-53,길음뉴타운데시앙,,59.42,14,1999,58000,2020-10-13,,,,,,
성북구,11290,10300,돈암동,644,11290-4544,돈암코오롱하늘채,,59.9342,11,2016,89900,2020-10-19,,,,,,
성북구,11290,10300,돈암동,609-1,11290-20,한진(609-1),,59.58,10,1998,62000,2020-10-15,,,,,,
성북구,11290,13300,정릉동,1015,11290-37,길음뉴타운경남아너스빌,,59.59,11,1999,63000,2020-10-17,,,,,,
성북구,11290,12800,보문동6가,458,11290-4536,보문파크뷰자이,,45.81,12,2017,82000,2020-10-15,,,,,,
성북구,11290,13700,상월곡동,101,11290-71,동아에코빌,,84.97,17,2003,76000,2020-10-09,,,,,,
성북구,11290,13700,상월곡동,101,11290-71,동아에코빌,,59.95,22,2003,65000,2020-10-13,,,,,,
성북구,11290,10300,돈암동,609-1,11290-20,한진(609-1),,132.96,11,1998,87000,2020-10-13,,,,,,
성북구,11290,13400,길음동,1278,11290-56,길음동동부센트레빌(1278-0),,114.912,1,2003,89000,2020-10-19,,,,,,
성북구,11290,13900,석관동,10,11290-74,두산,,59.97,15,1998,70000,2020-10-20,O,20.10.21,,,,
성북구,11290,13400,길음동,1280,11290-210,길음뉴타운2단지푸르지오,,84.97,8,2005,86000,2020-10-06,,,,,,
성북구,11290,10300,돈암동,639,11290-3519,돈암힐스테이트,,59.38,10,2007,71000,2020-10-18,,,,,,
성북구,11290,10300,돈암동,636,11290-116,이수브라운스톤돈암,,84.97,9,2004,87100,2020-10-17,,,,,,
성북구,11290,13900,석관동,407,11290-3766,석관래미안,,59.9,6,2009,75500,2020-10-14,,,,,,
성북구,11290,13300,정릉동,239,11290-82,정릉풍림아이원,,59.88,15,2005,58000,2020-10-11,,,,,,
성북구,11290,10300,돈암동,603,11290-3475,돈암동더샵아파트,,84.817,6,2006,85800,2020-10-20,,,,,,
성북구,11290,10300,돈암동,609-1,11290-20,한진(609-1),,84.87,15,1998,75000,2020-10-20,,,,,,
성북구,11290,13900,석관동,407,11290-3766,석관래미안,,84.84,6,2009,84700,2020-10-19,,,,,,
성북구,11290,10300,돈암동,609-1,11290-19,한신,,68.13,10,1998,69500,2020-10-11,,,,,,
성북구,11290,13500,종암동,125-1,11290-61,고려,,53.57,3,1983,21000,2020-10-09,,,,,,
성북구,11290,10300,돈암동,632,11290-18,돈암동 풍림아파트 101~105동,,84.68,4,1999,67300,2020-10-17,,,,,,
성북구,11290,13600,하월곡동,225,11290-3492,래미안월곡,,84.589,15,2006,83000,2020-10-14,,,,,,
성북구,11290,10300,돈암동,609-1,11290-19,한신,,84.87,7,1998,79000,2020-10-15,,,,,,
성북구,11290,13500,종암동,125-1,11290-61,고려,,53.57,2,1983,21000,2020-10-10,,,,,,
성북구,11290,13300,정릉동,822-1,11290-3478,대원아파트,,81.17,1,2006,35000,2020-10-16,,,,,,
성북구,11290,13400,길음동,1284,11290-3807,길음뉴타운8단지(래미안),,84.82,7,2010,99750,2020-10-08,,,,,,
성북구,11290,10300,돈암동,609-1,11290-20,한진(609-1),,84.87,16,1998,78500,2020-10-14,,,,,,
성북구,11290,11300,삼선동3가,26,11290-107,동림푸른,,84.95,5,2004,47000,2020-10-14,,,,,,
성북구,11290,10300,돈암동,639,11290-3519,돈암힐스테이트,,59.38,6,2007,68800,2020-10-10,,,,,,
성북구,11290,10300,돈암동,15-1,11290-17,돈암동삼성,,114.66,3,1999,83500,2020-10-09,,,,,,
성북구,11290,10300,돈암동,609-1,11290-20,한진(609-1),,84.87,16,1998,79100,2020-10-11,,,,,,
성북구,11290,13300,정릉동,239,11290-82,정릉풍림아이원,,84.09,12,2005,68500,2020-10-09,,,,,,
성북구,11290,13200,보문동3가,2,11290-81,현대I-PARK,,59.49,4,2003,71000,2020-10-06,,,,,,
성북구,11290,10300,돈암동,633,11290-22,동부센트레빌,,80.54,3,2003,85000,2020-10-09,,,,,,
성북구,11290,13300,정릉동,1024,11290-112,피오레,,104.65,4,2004,63000,2020-10-05,,,,,,
성북구,11290,13400,길음동,1276,11290-57,삼부컨비니언,,59.94,10,1998,65700,2020-10-06,,,,,,
강북구,11305,10200,번동,470-1,11305-19,삼성,,84.96,17,1998,60000,2020-10-27,,,,,,
강북구,11305,10200,번동,410,11305-4064,수유역두산위브1,,84.9986,18,2009,69800,2020-10-31,,,,,,
강북구,11305,10200,번동,658,11305-27,한진,,84.97,11,2000,59500,2020-10-31,,,,,,
강북구,11305,10300,수유동,738,11305-5432,한원힐트리움수유,,27.39,10,2020,24800,2020-10-30,,,,,,
강북구,11305,10300,수유동,205,11305-33,수유벽산1차,,84.92,8,1993,63000,2020-10-30,,,,,,
강북구,11305,10100,미아동,813,11305-4123,래미안트리베라1단지,,84.97,9,2010,89500,2020-10-26,,,,,,
강북구,11305,10300,수유동,730,11305-35,래미안수유,,114.78,9,2001,80000,2020-10-26,O,20.12.14,,,,
강북구,11305,10300,수유동,553-61,11305-31,극동,,84.99,8,1992,54700,2020-10-31,,,,,,
강북구,11305,10100,미아동,1353,11305-6,에스케이북한산시티,,59.98,14,2004,62000,2020-10-31,,,,,,
강북구,11305,10100,미아동,1354,11305-13,벽산라이브파크,,84.89,6,2004,63700,2020-10-31,,,,,,
강북구,11305,10100,미아동,1353,11305-6,에스케이북한산시티,,84.92,1,2004,69000,2020-10-27,,,,,,
강북구,11305,10200,번동,138,11305-157,한솔솔파크,,84.88,15,2005,64500,2020-10-28,,,,,,
강북구,11305,10200,번동,148-490,11305-23,훼밀리힐,,78.84,7,1996,38000,2020-10-26,,,,,,
강북구,11305,10300,수유동,738,11305-5432,한원힐트리움수유,,27.39,8,2020,24600,2020-10-20,,,,,,
강북구,11305,10100,미아동,1354,11305-13,벽산라이브파크,,59.67,3,2004,54500,2020-10-16,,,,,,
강북구,11305,10100,미아동,318-5,11305-3666,성북프라자,,68.675,11,2009,45000,2020-10-27,,,,,,
강북구,11305,10200,번동,136,11305-21,번동솔그린,,59.82,12,1999,47300,2020-10-30,,,,,,
강북구,11305,10100,미아동,1369,11305-5365,꿈의숲해링턴플레이스,,59.36,3,2019,80000,2020-10-16,,,,,,
강북구,11305,10200,번동,133-1,11305-26,번동한양아파트,,84.67,6,1992,59600,2020-10-30,,,,,,
강북구,11305,10400,우이동,5-5,11305-70,두온리치벨리,,143.38,4,2004,59000,2020-10-15,,,,,,
강북구,11305,10300,수유동,281-51,11305-41,부강쉐르빌,,60.57,1,2002,23700,2020-10-24,,,,,,
강북구,11305,10300,수유동,738,11305-5432,한원힐트리움수유,,26.52,16,2020,25500,2020-10-25,,,,,,
강북구,11305,10100,미아동,561-2,11305-5,현대성우,,59.4,3,1998,48000,2020-10-22,,,,,,
강북구,11305,10100,미아동,812,11305-4129,삼성래미안트리베라2단지,,84.15,13,2010,94400,2020-10-17,,,,,,
강북구,11305,10300,수유동,738,11305-5432,한원힐트리움수유,,27.39,11,2020,24800,2020-10-28,,,,,,
강북구,11305,10100,미아동,1369,11305-5365,꿈의숲해링턴플레이스,,59.36,4,2019,80300,2020-10-31,,,,,,
강북구,11305,10100,미아동,474,11305-3667,미아동부센트레빌,,84.93,11,2006,95000,2020-10-23,,,,,,
강북구,11305,10300,수유동,50-20,11305-4390,태솔캡슬,,45,10,2012,23600,2020-10-24,,,,,,
강북구,11305,10100,미아동,1353,11305-6,에스케이북한산시티,,84.92,9,2004,75000,2020-10-26,,,,,,
강북구,11305,10100,미아동,812,11305-4129,삼성래미안트리베라2단지,,84.15,24,2010,97000,2020-10-09,,,,,,
강북구,11305,10100,미아동,1355,11305-14,미아한일유앤아이,,84.552,2,2002,65000,2020-10-26,,,,,,
강북구,11305,10100,미아동,561-2,11305-5,현대성우,,59.4,10,1998,48900,2020-10-19,,,,,,
강북구,11305,10100,미아동,1353,11305-6,에스케이북한산시티,,59.98,12,2004,62000,2020-10-21,,,,,,
강북구,11305,10300,수유동,738,11305-5432,한원힐트리움수유,,27.39,10,2020,24800,2020-10-26,,,,,,
강북구,11305,10300,수유동,205,11305-33,수유벽산1차,,63.78,1,1993,48750,2020-10-23,,,,,,
강북구,11305,10300,수유동,274-3,11305-4175,FIRSTVIEW,,55.71,10,2010,26950,2020-10-07,,,,,,
강북구,11305,10300,수유동,274-3,11305-4175,FIRSTVIEW,,59.22,10,2010,30950,2020-10-07,,,,,,
강북구,11305,10100,미아동,1353,11305-6,에스케이북한산시티,,59.98,18,2004,64500,2020-10-26,,,,,,
강북구,11305,10200,번동,148-494,11305-29,현대(148-494),,84.9,2,1997,41000,2020-10-12,,,,,,
강북구,11305,10100,미아동,812,11305-4129,삼성래미안트리베라2단지,,84.29,14,2010,96500,2020-10-09,,,,,,
강북구,11305,10300,수유동,738,11305-5432,한원힐트리움수유,,27.39,14,2020,25300,2020-10-12,,,,,,
강북구,11305,10300,수유동,205,11305-33,수유벽산1차,,63.78,5,1993,50000,2020-10-08,,,,,,
강북구,11305,10300,수유동,48-8,11305-5110,수유프리미어엠,,16.84,12,2016,11900,2020-10-26,,,,,,
강북구,11305,10300,수유동,738,11305-5432,한원힐트리움수유,,27.39,7,2020,24400,2020-10-23,,,,,,
강북구,11305,10300,수유동,205,11305-33,수유벽산1차,,122.58,6,1993,68500,2020-10-09,,,,,,
강북구,11305,10100,미아동,1353,11305-6,에스케이북한산시티,,114.85,6,2004,88000,2020-10-23,,,,,,
강북구,11305,10300,수유동,738,11305-5432,한원힐트리움수유,,27.39,11,2020,24800,2020-10-13,,,,,,
강북구,11305,10300,수유동,738,11305-5432,한원힐트리움수유,,27.39,11,2020,24800,2020-10-24,,,,,,
강북구,11305,10100,미아동,160-3,11305-4711,푸르지오시티,,18.6479,12,2014,13900,2020-10-09,,,,,,
강북구,11305,10100,미아동,1357,11305-46,삼각산아이원,,59.758,9,2003,62300,2020-10-24,,,,,,
강북구,11305,10300,수유동,738,11305-5432,한원힐트리움수유,,21.65,13,2020,25500,2020-10-23,O,20.11.26,,,,
강북구,11305,10100,미아동,1354,11305-13,벽산라이브파크,,60,15,2004,60500,2020-10-24,,,,,,
강북구,11305,10100,미아동,318-5,11305-3666,성북프라자,,68.675,5,2009,44000,2020-10-25,,,,,,
강북구,11305,10300,수유동,205,11305-33,수유벽산1차,,63.78,1,1993,48750,2020-10-23,O,20.11.02,,,,
강북구,11305,10100,미아동,811,11305-4255,두산위브트레지움,,84.99,4,2011,83800,2020-10-19,,,,,,
강북구,11305,10100,미아동,811,11305-4255,두산위브트레지움,,59.54,7,2011,73200,2020-10-24,,,,,,
강북구,11305,10100,미아동,813,11305-4123,래미안트리베라1단지,,84.97,11,2010,88500,2020-10-20,,,,,,
강북구,11305,10100,미아동,1369,11305-5365,꿈의숲해링턴플레이스,,59.36,4,2019,85000,2020-10-22,,,,,,
강북구,11305,10100,미아동,811,11305-4255,두산위브트레지움,,84.97,19,2011,89500,2020-10-17,,,,,,
강북구,11305,10300,수유동,730,11305-35,래미안수유,,84.993,13,2001,69300,2020-10-23,,,,,,
강북구,11305,10200,번동,136,11305-21,번동솔그린,,59.82,3,1999,42500,2020-10-12,,,,,,
강북구,11305,10100,미아동,1369,11305-5365,꿈의숲해링턴플레이스,,84.67,2,2019,98000,2020-10-06,,,,,,
강북구,11305,10100,미아동,1353,11305-6,에스케이북한산시티,,59.98,8,2004,60100,2020-10-22,,,,,,
강북구,11305,10100,미아동,813,11305-4123,래미안트리베라1단지,,59.6,19,2010,75800,2020-10-15,,,,,,
강북구,11305,10100,미아동,1354,11305-13,벽산라이브파크,,59.67,5,2004,54000,2020-10-18,,,,,,
강북구,11305,10100,미아동,1354,11305-13,벽산라이브파크,,59.67,12,2004,58500,2020-10-22,,,,,,
강북구,11305,10300,수유동,738,11305-5432,한원힐트리움수유,,27.39,12,2020,25300,2020-10-11,,,,,,
강북구,11305,10100,미아동,1356,11305-47,경남아너스빌(1356-0),,84.873,19,2003,76000,2020-10-13,,,,,,
강북구,11305,10300,수유동,738,11305-5432,한원힐트리움수유,,27.39,13,2020,25300,2020-10-11,,,,,,
강북구,11305,10100,미아동,1357,11305-46,삼각산아이원,,84.705,19,2003,73800,2020-10-20,,,,,,
강북구,11305,10300,수유동,738,11305-5432,한원힐트리움수유,,27.39,12,2020,25300,2020-10-22,,,,,,
강북구,11305,10300,수유동,738,11305-5432,한원힐트리움수유,,27.39,13,2020,25300,2020-10-18,,,,,,
강북구,11305,10200,번동,242,11305-24,주공1단지,,79.07,8,1991,69700,2020-10-17,,,,,,
강북구,11305,10100,미아동,461,11305-4158,송천센트레빌,,84.965,8,2010,105500,2020-10-09,,,,,,
강북구,11305,10100,미아동,1354,11305-13,벽산라이브파크,,59.67,14,2004,55000,2020-10-22,,,,,,
강북구,11305,10200,번동,656,11305-15,번동금호어울림,,84.96,15,1998,60000,2020-10-17,,,,,,
강북구,11305,10100,미아동,1354,11305-13,벽산라이브파크,,59.67,2,2004,55300,2020-10-20,,,,,,
강북구,11305,10300,수유동,205,11305-33,수유벽산1차,,122.58,1,1993,67700,2020-10-13,,,,,,
강북구,11305,10100,미아동,1353,11305-6,에스케이북한산시티,,84.76,22,2004,72300,2020-10-15,,,,,,
강북구,11305,10100,미아동,1357,11305-46,삼각산아이원,,84.705,9,2003,72600,2020-10-07,,,,,,
강북구,11305,10100,미아동,1356,11305-47,경남아너스빌(1356-0),,114.922,18,2003,89500,2020-10-10,,,,,,
강북구,11305,10300,수유동,729,11305-38,수유현대,,59.67,3,2000,35300,2020-10-07,,,,,,
강북구,11305,10100,미아동,812,11305-4129,삼성래미안트리베라2단지,,59.38,6,2010,78700,2020-10-16,,,,,,
강북구,11305,10100,미아동,1353,11305-6,에스케이북한산시티,,59.98,10,2004,62500,2020-10-17,,,,,,
강북구,11305,10100,미아동,1354,11305-13,벽산라이브파크,,114.68,1,2004,70000,2020-10-05,,,,,,
강북구,11305,10100,미아동,812,11305-4129,삼성래미안트리베라2단지,,59.33,4,2010,74000,2020-10-17,,,,,,
강북구,11305,10200,번동,133-1,11305-26,번동한양아파트,,84.67,11,1992,57300,2020-10-13,,,,,,
강북구,11305,10100,미아동,474,11305-3667,미아동부센트레빌,,59.96,12,2006,84000,2020-10-12,,,,,,
강북구,11305,10100,미아동,1358,11305-3672,신일해피트리,,83.72,4,2006,47000,2020-10-07,,,,,,
강북구,11305,10100,미아동,1355,11305-14,미아한일유앤아이,,84.552,6,2002,70500,2020-10-09,,,,,,
강북구,11305,10200,번동,234,11305-25,주공4단지,,84.79,10,1991,66000,2020-10-17,,,,,,
강북구,11305,10100,미아동,1357,11305-46,삼각산아이원,,114.88,11,2003,84500,2020-10-17,,,,,,
강북구,11305,10100,미아동,1357,11305-46,삼각산아이원,,84.705,12,2003,77000,2020-10-17,,,,,,
강북구,11305,10100,미아동,1357,11305-46,삼각산아이원,,84.705,5,2003,76650,2020-10-17,,,,,,
강북구,11305,10100,미아동,1353,11305-6,에스케이북한산시티,,59.98,18,2004,64700,2020-10-17,,,,,,
강북구,11305,10100,미아동,813,11305-4123,래미안트리베라1단지,,84.97,16,2010,85000,2020-10-17,,,,,,
강북구,11305,10100,미아동,1353,11305-6,에스케이북한산시티,,59.98,10,2004,62500,2020-10-17,O,20.10.19,,,,
강북구,11305,10100,미아동,1353,11305-6,에스케이북한산시티,,59.98,6,2004,64800,2020-10-08,,,,,,
강북구,11305,10100,미아동,1357,11305-46,삼각산아이원,,84.705,2,2003,70000,2020-10-05,,,,,,
강북구,11305,10300,수유동,738,11305-5432,한원힐트리움수유,,26.52,12,2020,25500,2020-10-14,,,,,,
강북구,11305,10300,수유동,738,11305-5432,한원힐트리움수유,,26.52,14,2020,25500,2020-10-14,,,,,,
강북구,11305,10300,수유동,738,11305-5432,한원힐트리움수유,,21.65,14,2020,25500,2020-10-15,,,,,,
강북구,11305,10300,수유동,738,11305-5432,한원힐트리움수유,,27.39,14,2020,25300,2020-10-11,,,,,,
강북구,11305,10300,수유동,461-13,11305-166,화계맨숀,,50.91,4,1975,11000,2020-10-11,,,,,,
강북구,11305,10300,수유동,730,11305-35,래미안수유,,84.993,13,2001,69300,2020-10-12,O,20.10.26,,,,
강북구,11305,10100,미아동,1357,11305-46,삼각산아이원,,84.705,5,2003,70000,2020-10-08,,,,,,
강북구,11305,10100,미아동,1357,11305-46,삼각산아이원,,59.758,14,2003,63500,2020-10-12,,,,,,
강북구,11305,10300,수유동,738,11305-5432,한원힐트리움수유,,27.39,11,2020,24800,2020-10-13,,,,,,
강북구,11305,10300,수유동,738,11305-5432,한원힐트리움수유,,21.65,12,2020,27000,2020-10-13,,,,,,
강북구,11305,10300,수유동,738,11305-5432,한원힐트리움수유,,27.39,10,2020,24800,2020-10-12,,,,,,
강북구,11305,10300,수유동,738,11305-5432,한원힐트리움수유,,27.39,7,2020,24400,2020-10-12,,,,,,
강북구,11305,10300,수유동,738,11305-5432,한원힐트리움수유,,26.52,11,2020,28000,2020-10-10,,,,,,
강북구,11305,10300,수유동,738,11305-5432,한원힐트리움수유,,27.39,8,2020,24600,2020-10-10,,,,,,
강북구,11305,10300,수유동,738,11305-5432,한원힐트리움수유,,27.39,16,2020,25300,2020-10-12,,,,,,
강북구,11305,10300,수유동,738,11305-5432,한원힐트리움수유,,27.39,8,2020,24600,2020-10-12,,,,,,
강북구,11305,10300,수유동,738,11305-5432,한원힐트리움수유,,27.39,9,2020,24600,2020-10-11,,,,,,
강북구,11305,10300,수유동,738,11305-5432,한원힐트리움수유,,21.65,15,2020,25500,2020-10-12,,,,,,
강북구,11305,10300,수유동,738,11305-5432,한원힐트리움수유,,27.39,9,2020,24600,2020-10-11,,,,,,
강북구,11305,10100,미아동,1353,11305-6,에스케이북한산시티,,59.98,2,2004,60000,2020-10-07,,,,,,
강북구,11305,10300,수유동,738,11305-5432,한원힐트리움수유,,26.52,13,2020,25500,2020-10-10,,,,,,
강북구,11305,10300,수유동,738,11305-5432,한원힐트리움수유,,27.39,10,2020,24800,2020-10-11,,,,,,
강북구,11305,10300,수유동,738,11305-5432,한원힐트리움수유,,26.52,15,2020,25500,2020-10-10,,,,,,
강북구,11305,10300,수유동,738,11305-5432,한원힐트리움수유,,27.39,9,2020,24600,2020-10-10,,,,,,
강북구,11305,10300,수유동,738,11305-5432,한원힐트리움수유,,27.39,9,2020,24600,2020-10-12,,,,,,
강북구,11305,10300,수유동,738,11305-5432,한원힐트리움수유,,27.39,14,2020,25300,2020-10-12,,,,,,
강북구,11305,10100,미아동,160-3,11305-4711,푸르지오시티,,18.6479,19,2014,14700,2020-10-09,,,,,,
강북구,11305,10300,수유동,738,11305-5432,한원힐트리움수유,,27.39,16,2020,25300,2020-10-12,,,,,,
강북구,11305,10300,수유동,729,11305-38,수유현대,,51.38,6,2000,32500,2020-10-09,,,,,,
도봉구,11320,10600,방학동,720-1,11320-36,대상타운현대아파트,,133.97,5,2001,89800,2020-10-13,,,,,,
도봉구,11320,10600,방학동,741,11320-3574,성진파크뷰아파트,,49.71,11,2019,23200,2020-10-20,,,,,,
도봉구,11320,10600,방학동,741,11320-3574,성진파크뷰아파트,,45.51,11,2019,21000,2020-10-20,,,,,,
도봉구,11320,10600,방학동,741,11320-3574,성진파크뷰아파트,,49.71,15,2019,22000,2020-10-20,,,,,,
도봉구,11320,10600,방학동,741,11320-3574,성진파크뷰아파트,,49.71,12,2019,22000,2020-10-20,,,,,,
도봉구,11320,10600,방학동,741,11320-3574,성진파크뷰아파트,,49.71,11,2019,22000,2020-10-20,,,,,,
도봉구,11320,10600,방학동,741,11320-3574,성진파크뷰아파트,,45.51,9,2019,21000,2020-10-20,,,,,,
도봉구,11320,10700,창동,27,11320-101,주공19단지(창동리버타운),,59.39,6,1988,69500,2020-10-17,,,,,,
도봉구,11320,10700,창동,819,11320-112,태영데시앙,,84.995,2,2003,68000,2020-10-23,,,,,,
도봉구,11320,10700,창동,809,11320-51,금용,,158.79,11,1997,69800,2020-10-09,,,,,,
도봉구,11320,10800,도봉동,641,11320-83,서원,,49.77,7,1996,35500,2020-10-26,O,21.02.01,,,,
도봉구,11320,10700,창동,811,11320-52,대동,,114.88,12,1999,59000,2020-10-31,,,,,,
도봉구,11320,10500,쌍문동,100-2,11320-127,성원팰리스,,82.24,6,2004,38000,2020-10-26,,,,,,
도봉구,11320,10600,방학동,740,11320-146,동양크레오아파트,,84.9696,10,2004,55000,2020-10-30,,,,,,
도봉구,11320,10500,쌍문동,195,11320-19,청구,,84.63,10,1996,55000,2020-10-30,,,,,,
도봉구,11320,10500,쌍문동,199-1,11320-90,금호1,,70.13,5,1990,48000,2020-10-27,,,,,,
도봉구,11320,10600,방학동,730,11320-35,극동아파트,,84.935,4,1993,44700,2020-10-26,,,,,,
도봉구,11320,10700,창동,373,11320-99,창동주공4단지,,41.3,10,1991,41000,2020-10-31,,,,,,
도봉구,11320,10700,창동,299,11320-59,상아1차아파트,,45.54,5,1987,45000,2020-10-30,,,,,,
도봉구,11320,10600,방학동,507,11320-45,우성아파트1,,51.91,11,1992,37300,2020-10-29,,,,,,
도봉구,11320,10500,쌍문동,732,11320-2999,북한산코오롱하늘채,,84.98,13,2014,70000,2020-10-26,,,,,,
도봉구,11320,10500,쌍문동,732,11320-2999,북한산코오롱하늘채,,59.98,1,2014,53300,2020-10-29,,,,,,
도봉구,11320,10600,방학동,734,11320-47,청구아파트,,84.97,11,1994,56000,2020-10-30,,,,,,
도봉구,11320,10500,쌍문동,158,11320-26,한양7,,71.22,3,1993,49000,2020-10-28,,,,,,
도봉구,11320,10700,창동,808,11320-57,동아청솔,,134.94,17,1997,115000,2020-10-27,,,,,,
도봉구,11320,10500,쌍문동,285-5,11320-8,동익미라벨,,84.39,7,1987,43700,2020-10-24,,,,,,
도봉구,11320,10700,창동,27,11320-101,주공19단지(창동리버타운),,61.52,8,1988,73500,2020-10-28,,,,,,
도봉구,11320,10700,창동,827,11320-2644,동도센트리움,,80.822,16,2009,61500,2020-10-22,,,,,,
도봉구,11320,10700,창동,665-21,11320-65,중흥에스클래스,,203.559,7,2001,93000,2020-10-31,,,,,,
도봉구,11320,10500,쌍문동,388-33,11320-20,한양1,,79.2,5,1986,58000,2020-10-19,,,,,,
도봉구,11320,10800,도봉동,83,11320-85,유원도봉,,84.93,9,1990,50000,2020-10-27,,,,,,
도봉구,11320,10700,창동,819,11320-112,태영데시앙,,84.995,2,2003,68000,2020-10-24,O,20.12.22,,,,
도봉구,11320,10600,방학동,739,11320-50,효성하이타운아파트,,84.87,5,2002,53500,2020-10-20,,,,,,
도봉구,11320,10500,쌍문동,199-1,11320-90,금호1,,84.88,15,1990,53000,2020-10-31,,,,,,
도봉구,11320,10800,도봉동,30-1,11320-86,한신,,84.94,2,1995,53500,2020-10-22,,,,,,
도봉구,11320,10700,창동,30,11320-64,창동주공18단지,,32.34,14,1988,33000,2020-10-29,,,,,,
도봉구,11320,10600,방학동,730,11320-35,극동아파트,,84.935,4,1993,43700,2020-10-23,O,20.12.16,,,,
도봉구,11320,10500,쌍문동,54,11320-27,현대1,,70.3,15,1990,47000,2020-10-31,,,,,,
도봉구,11320,10500,쌍문동,388-33,11320-20,한양1,,50.58,13,1986,47000,2020-10-26,,,,,,
도봉구,11320,10700,창동,26,11320-55,동아,,88.23,4,1988,83000,2020-10-28,,,,,,
도봉구,11320,10800,도봉동,30-1,11320-86,한신,,84.94,9,1995,58000,2020-10-26,,,,,,
도봉구,11320,10800,도봉동,30-1,11320-86,한신,,84.94,5,1995,57800,2020-10-28,,,,,,
도봉구,11320,10500,쌍문동,13-2,11320-7,대웅,,52.02,2,1989,26000,2020-10-27,,,,,,
도봉구,11320,10600,방학동,271-1,11320-42,신동아아파트1,,62.22,5,1986,38900,2020-10-26,,,,,,
도봉구,11320,10600,방학동,271-1,11320-42,신동아아파트1,,53.16,14,1986,34950,2020-10-17,,,,,,
도봉구,11320,10600,방학동,720-1,11320-36,대상타운현대아파트,,60,15,2001,66800,2020-10-21,,,,,,
도봉구,11320,10500,쌍문동,731,11320-2404,e편한세상,,84.754,11,2007,65000,2020-10-31,,,,,,
도봉구,11320,10800,도봉동,642,11320-87,현대성우,,114.79,15,1998,50000,2020-10-31,,,,,,
도봉구,11320,10500,쌍문동,719,11320-29,현대3,,77.24,9,1995,39500,2020-10-23,,,,,,
도봉구,11320,10700,창동,316,11320-97,창동주공2단지,,45.55,1,1990,42000,2020-10-16,,,,,,
도봉구,11320,10500,쌍문동,50,11320-28,현대2,,85,12,1993,53000,2020-10-30,,,,,,
도봉구,11320,10600,방학동,720-18,11320-49,방학동삼성래미안1,,118.381,21,2002,97500,2020-10-14,,,,,,
도봉구,11320,10600,방학동,720-1,11320-36,대상타운현대아파트,,84.78,4,2001,75400,2020-10-16,,,,,,
도봉구,11320,10600,방학동,720-1,11320-36,대상타운현대아파트,,133.97,5,2001,89800,2020-10-13,O,21.02.17,,,,
도봉구,11320,10600,방학동,734,11320-47,청구아파트,,84.97,7,1994,58000,2020-10-14,,,,,,
도봉구,11320,10700,창동,808,11320-57,동아청솔,,84.97,9,1997,89500,2020-10-19,,,,,,
도봉구,11320,10500,쌍문동,59,11320-21,한양2,,84.9,7,1988,51000,2020-10-23,,,,,,
도봉구,11320,10600,방학동,508,11320-46,우성아파트2,,84.98,10,1993,51600,2020-10-30,,,,,,
도봉구,11320,10600,방학동,713-12,11320-104,우암쎈스뷰아파트,,84.2,15,2003,55000,2020-10-17,,,,,,
도봉구,11320,10800,도봉동,641,11320-83,서원,,49.77,15,1996,35700,2020-10-26,,,,,,
도봉구,11320,10700,창동,45,11320-58,삼성래미안,,84.87,9,1992,73000,2020-10-12,,,,,,
도봉구,11320,10700,창동,808,11320-57,동아청솔,,59.76,11,1997,64600,2020-10-27,,,,,,
도봉구,11320,10700,창동,825,11320-149,북한산아이파크5차,,84.4516,3,2004,80500,2020-10-12,,,,,,
도봉구,11320,10500,쌍문동,711,11320-3558,도봉금강아미움파크타운,,62.438,2,2018,34000,2020-10-26,,,,,,
도봉구,11320,10500,쌍문동,733,11320-3564,솔밭노블리안,,58.25,2,2019,39900,2020-10-11,,,,,,
도봉구,11320,10700,창동,373,11320-99,창동주공4단지,,36.16,8,1991,29900,2020-10-14,,,,,,
도봉구,11320,10600,방학동,716-1,11320-145,이에스에이아파트3,,84.87,13,2004,58800,2020-10-17,,,,,,
도봉구,11320,10500,쌍문동,311,11320-2698,그린스테이트,,73.12,7,2010,33500,2020-10-22,,,,,,
도봉구,11320,10500,쌍문동,311,11320-2698,그린스테이트,,78.18,3,2010,37500,2020-10-08,,,,,,
도봉구,11320,10500,쌍문동,724,11320-10,백조,,64.43,1,1981,32000,2020-10-17,,,,,,
도봉구,11320,10800,도봉동,656,11320-2351,양우내안애,,84.92,10,2005,59700,2020-10-13,,,,,,
도봉구,11320,10600,방학동,271-1,11320-42,신동아아파트1,,70.62,9,1986,45000,2020-10-19,,,,,,
도봉구,11320,10800,도봉동,30-1,11320-86,한신,,84.94,6,1995,57500,2020-10-07,,,,,,
도봉구,11320,10600,방학동,720-1,11320-36,대상타운현대아파트,,84.78,8,2001,79000,2020-10-26,,,,,,
도봉구,11320,10600,방학동,271-1,11320-42,신동아아파트1,,84.87,4,1986,57000,2020-10-26,,,,,,
도봉구,11320,10600,방학동,271-1,11320-42,신동아아파트1,,70.62,3,1986,44000,2020-10-17,,,,,,
도봉구,11320,10500,쌍문동,50,11320-28,현대2,,85,2,1993,50000,2020-10-26,,,,,,
도봉구,11320,10600,방학동,738,11320-94,신동아아파트5,,59.4,16,1998,39000,2020-10-19,,,,,,
도봉구,11320,10600,방학동,274,11320-39,삼익세라믹아파트,,58.77,5,1988,39800,2020-10-08,,,,,,
도봉구,11320,10700,창동,45,11320-58,삼성래미안,,84.87,4,1992,78000,2020-10-21,,,,,,
도봉구,11320,10700,창동,38,11320-100,주공17단지,,36.34,5,1989,32000,2020-10-17,,,,,,
도봉구,11320,10700,창동,804,11320-53,대우,,59.86,10,1995,57500,2020-10-16,,,,,,
도봉구,11320,10600,방학동,271-1,11320-42,신동아아파트1,,84.87,6,1986,54500,2020-10-06,,,,,,
도봉구,11320,10600,방학동,507,11320-45,우성아파트1,,72.87,4,1992,45500,2020-10-22,,,,,,
도봉구,11320,10500,쌍문동,311,11320-2698,그린스테이트,,73.12,7,2010,32000,2020-10-23,,,,,,
도봉구,11320,10500,쌍문동,311,11320-2698,그린스테이트,,73.12,6,2010,33500,2020-10-16,,,,,,
도봉구,11320,10700,창동,811,11320-52,대동,,79.68,12,1999,47800,2020-10-26,,,,,,
도봉구,11320,10800,도봉동,555,11320-82,서울가든,,75.33,8,1987,39000,2020-10-10,,,,,,
도봉구,11320,10800,도봉동,30-1,11320-86,한신,,84.94,13,1995,59500,2020-10-22,,,,,,
도봉구,11320,10800,도봉동,641,11320-83,서원,,49.77,16,1996,36600,2020-10-05,,,,,,
도봉구,11320,10800,도봉동,654,11320-88,동아에코빌,,105.976,14,2003,72500,2020-10-13,,,,,,
도봉구,11320,10800,도봉동,654,11320-88,동아에코빌,,84.967,10,2003,64000,2020-10-12,,,,,,
도봉구,11320,10500,쌍문동,357-14,11320-135,로얄,,42,-1,2000,6500,2020-10-23,,,,,,
도봉구,11320,10500,쌍문동,199-1,11320-90,금호1,,84.88,10,1990,54000,2020-10-26,,,,,,
도봉구,11320,10500,쌍문동,719,11320-29,현대3,,84.83,6,1995,48000,2020-10-13,,,,,,
도봉구,11320,10600,방학동,734,11320-47,청구아파트,,84.97,1,1994,47000,2020-10-15,,,,,,
도봉구,11320,10700,창동,27,11320-101,주공19단지(창동리버타운),,68.86,4,1988,84000,2020-10-21,,,,,,
도봉구,11320,10700,창동,808,11320-57,동아청솔,,84.97,9,1997,89500,2020-10-19,O,20.11.06,,,,
도봉구,11320,10800,도봉동,641,11320-83,서원,,49.77,6,1996,30000,2020-10-16,,,,,,
도봉구,11320,10700,창동,621-1,11320-305,한일아파트,,80.3,4,2001,27000,2020-10-28,,,,,,
도봉구,11320,10800,도봉동,51-12,11320-150,중흥에스-클래스,,84.951,4,2004,57400,2020-10-19,,,,,,
도봉구,11320,10500,쌍문동,59,11320-21,한양2,,76.92,4,1988,47700,2020-10-17,,,,,,
도봉구,11320,10500,쌍문동,54,11320-27,현대1,,84.66,13,1990,51850,2020-10-26,,,,,,
도봉구,11320,10800,도봉동,655,11320-154,래미안도봉,,84.55,18,2005,69500,2020-10-24,,,,,,
도봉구,11320,10600,방학동,271-1,11320-42,신동아아파트1,,43.35,15,1986,29500,2020-10-22,,,,,,
도봉구,11320,10800,도봉동,655,11320-154,래미안도봉,,59.25,6,2005,57000,2020-10-10,,,,,,
도봉구,11320,10600,방학동,271-1,11320-42,신동아아파트1,,70.62,3,1986,44500,2020-10-23,,,,,,
도봉구,11320,10800,도봉동,641,11320-83,서원,,59.76,9,1996,41700,2020-10-15,,,,,,
도봉구,11320,10600,방학동,636,11320-3414,송학휴스테이,,51.001,2,2016,24700,2020-10-24,,,,,,
도봉구,11320,10600,방학동,718-7,11320-106,이에스에이아파트1,,84.98,11,2003,70000,2020-10-12,,,,,,
도봉구,11320,10600,방학동,271-1,11320-42,신동아아파트1,,62.22,14,1986,41800,2020-10-05,,,,,,
도봉구,11320,10700,창동,814,11320-54,대우그린,,84.93,14,2000,68000,2020-10-26,,,,,,
도봉구,11320,10700,창동,38,11320-100,주공17단지,,41.3,9,1989,39000,2020-10-08,,,,,,
도봉구,11320,10800,도봉동,641,11320-83,서원,,40.02,4,1996,17000,2020-10-26,,,,,,
도봉구,11320,10600,방학동,731,11320-40,한화성원아파트,,59.88,10,1996,37000,2020-10-13,,,,,,
도봉구,11320,10600,방학동,741,11320-3574,성진파크뷰아파트,,45.19,5,2019,39000,2020-10-06,,,,,,
도봉구,11320,10600,방학동,741,11320-3574,성진파크뷰아파트,,45.51,12,2019,40000,2020-10-13,,,,,,
도봉구,11320,10800,도봉동,641,11320-83,서원,,39.85,7,1996,28300,2020-10-15,,,,,,
도봉구,11320,10700,창동,38,11320-100,주공17단지,,36.16,13,1989,34000,2020-10-16,,,,,,
도봉구,11320,10800,도봉동,641,11320-83,서원,,49.77,4,1996,35200,2020-10-25,,,,,,
도봉구,11320,10500,쌍문동,730,11320-140,대우파크힐(쌍문동이안),,84.955,1,2004,55000,2020-10-26,,,,,,
도봉구,11320,10700,창동,809,11320-51,금용,,158.79,11,1997,69800,2020-10-09,O,20.12.08,,,,
도봉구,11320,10600,방학동,730,11320-35,극동아파트,,84.935,3,1993,42500,2020-10-23,,,,,,
도봉구,11320,10700,창동,347,11320-98,창동주공3단지(해등마을),,41.3,10,1990,53200,2020-10-24,,,,,,
도봉구,11320,10700,창동,305,11320-96,창동주공1단지,,41.3,10,1990,44250,2020-10-20,,,,,,
도봉구,11320,10600,방학동,689,11320-2343,동부센트레빌아파트,,84.909,9,2005,64500,2020-10-25,,,,,,
도봉구,11320,10700,창동,305,11320-96,창동주공1단지,,41.3,2,1990,44000,2020-10-25,,,,,,
도봉구,11320,10700,창동,316,11320-97,창동주공2단지,,45.9,8,1990,50000,2020-10-25,,,,,,
도봉구,11320,10800,도봉동,571,11320-151,도봉산리베니움,,68.11,1,2004,30000,2020-10-11,,,,,,
도봉구,11320,10500,쌍문동,56,11320-11,삼익세라믹,,42.93,10,1988,31800,2020-10-23,,,,,,
도봉구,11320,10700,창동,305,11320-96,창동주공1단지,,41.3,13,1990,42500,2020-10-22,,,,,,
도봉구,11320,10600,방학동,701-15,11320-34,거성학마을아파트,,77.05,7,1994,50000,2020-10-21,,,,,,
도봉구,11320,10700,창동,635-42,11320-74,LIG건영캐스빌,,80.1498,14,2002,61000,2020-10-12,,,,,,
도봉구,11320,10600,방학동,271-1,11320-42,신동아아파트1,,53.16,3,1986,34000,2020-10-08,,,,,,
도봉구,11320,10700,창동,38,11320-100,주공17단지,,36.16,10,1989,35400,2020-10-17,,,,,,
도봉구,11320,10600,방학동,271-1,11320-42,신동아아파트1,,53.16,13,1986,40000,2020-10-22,,,,,,
도봉구,11320,10500,쌍문동,727,11320-139,파라다이스빌,,84.91,10,2004,59500,2020-10-07,,,,,,
도봉구,11320,10600,방학동,271-1,11320-42,신동아아파트1,,70.62,7,1986,44500,2020-10-08,,,,,,
도봉구,11320,10700,창동,347,11320-98,창동주공3단지(해등마을),,61.52,1,1990,65000,2020-10-22,,,,,,
도봉구,11320,10800,도봉동,51-12,11320-150,중흥에스-클래스,,84.951,2,2004,53500,2020-10-20,O,20.12.01,,,,
도봉구,11320,10700,창동,27,11320-101,주공19단지(창동리버타운),,59.39,8,1988,68500,2020-10-20,,,,,,
도봉구,11320,10700,창동,38,11320-100,주공17단지,,36.34,10,1989,33150,2020-10-17,,,,,,
도봉구,11320,10600,방학동,271-1,11320-42,신동아아파트1,,62.22,5,1986,39700,2020-10-19,,,,,,
도봉구,11320,10700,창동,820,11320-113,창동신도브래뉴1차,,84.989,3,2003,81000,2020-10-21,,,,,,
도봉구,11320,10700,창동,347,11320-98,창동주공3단지(해등마을),,58.01,1,1990,62800,2020-10-22,,,,,,
도봉구,11320,10800,도봉동,595,11320-79,럭키,,84.86,11,1992,50500,2020-10-21,,,,,,
도봉구,11320,10500,쌍문동,285-5,11320-8,동익미라벨,,84.53,1,1987,38800,2020-10-17,,,,,,
도봉구,11320,10700,창동,825,11320-149,북한산아이파크5차,,84.4516,20,2004,87000,2020-10-22,,,,,,
도봉구,11320,10700,창동,821,11320-2349,초안산신도브래뉴,,84.9991,11,2005,60000,2020-10-22,,,,,,
도봉구,11320,10700,창동,30,11320-64,창동주공18단지,,45.9,4,1988,47000,2020-10-20,,,,,,
도봉구,11320,10700,창동,27,11320-101,주공19단지(창동리버타운),,68.86,4,1988,84000,2020-10-21,O,20.10.28,,,,
도봉구,11320,10800,도봉동,30-1,11320-86,한신,,84.94,2,1995,52900,2020-10-17,,,,,,
도봉구,11320,10700,창동,815,11320-66,창동2차현대,,59.499,5,2001,66000,2020-10-15,,,,,,
도봉구,11320,10500,쌍문동,574,11320-288,성원하이츠A동,,73.5,2,2004,26500,2020-10-21,,,,,,
도봉구,11320,10700,창동,816,11320-67,창동3차현대,,135.353,4,2001,88000,2020-10-21,,,,,,
도봉구,11320,10700,창동,815,11320-66,창동2차현대,,95.633,10,2001,84300,2020-10-22,,,,,,
도봉구,11320,10700,창동,810,11320-62,신창,,39.6,8,1998,26000,2020-10-20,,,,,,
도봉구,11320,10500,쌍문동,59,11320-21,한양2,,76.92,15,1988,47000,2020-10-19,,,,,,
도봉구,11320,10800,도봉동,641,11320-83,서원,,49.77,6,1996,34900,2020-10-20,,,,,,
도봉구,11320,10700,창동,30,11320-64,창동주공18단지,,45.9,7,1988,49700,2020-10-20,,,,,,
도봉구,11320,10500,쌍문동,321,11320-3,쌍문금용,,84.54,1,1995,36000,2020-10-09,,,,,,
도봉구,11320,10600,방학동,720-1,11320-36,대상타운현대아파트,,133.97,14,2001,94000,2020-10-13,,,,,,
도봉구,11320,10700,창동,804,11320-53,대우,,59.86,18,1995,58300,2020-10-07,,,,,,
도봉구,11320,10700,창동,27,11320-101,주공19단지(창동리버타운),,59.39,1,1988,65000,2020-10-20,,,,,,
도봉구,11320,10700,창동,804,11320-53,대우,,59.86,9,1995,56900,2020-10-05,,,,,,
도봉구,11320,10700,창동,807,11320-63,쌍용,,84.76,15,1997,89000,2020-10-16,,,,,,
도봉구,11320,10700,창동,45,11320-58,삼성래미안,,84.87,18,1992,74500,2020-10-13,,,,,,
도봉구,11320,10700,창동,810,11320-62,신창,,49.77,5,1998,34500,2020-10-17,,,,,,
도봉구,11320,10700,창동,27,11320-101,주공19단지(창동리버타운),,59.39,6,1988,69500,2020-10-17,O,21.01.12,,,,
도봉구,11320,10600,방학동,731,11320-40,한화성원아파트,,59.88,8,1996,37000,2020-10-19,,,,,,
도봉구,11320,10700,창동,27,11320-101,주공19단지(창동리버타운),,90.94,14,1988,93500,2020-10-15,,,,,,
도봉구,11320,10700,창동,300,11320-102,상아2차아파트,,45.54,10,1988,45000,2020-10-12,,,,,,
도봉구,11320,10500,쌍문동,59,11320-21,한양2,,35.1,4,1988,26900,2020-10-17,,,,,,
도봉구,11320,10700,창동,743-15,11320-68,성원상떼빌,,59.75,3,2001,55800,2020-10-07,,,,,,
도봉구,11320,10500,쌍문동,73,11320-1,경남,,46.3,2,1988,29300,2020-10-15,,,,,,
도봉구,11320,10700,창동,316,11320-97,창동주공2단지,,49.94,15,1990,54200,2020-10-15,,,,,,
도봉구,11320,10700,창동,30,11320-64,창동주공18단지,,45.9,5,1988,48000,2020-10-10,,,,,,
도봉구,11320,10700,창동,808,11320-57,동아청솔,,59.76,19,1997,73000,2020-10-19,,,,,,
도봉구,11320,10700,창동,804,11320-53,대우,,84.88,11,1995,67000,2020-10-10,,,,,,
도봉구,11320,10600,방학동,271-1,11320-42,신동아아파트1,,53.16,14,1986,34900,2020-10-12,,,,,,
도봉구,11320,10800,도봉동,30-1,11320-86,한신,,84.94,7,1995,58000,2020-10-17,,,,,,
도봉구,11320,10500,쌍문동,722,11320-17,염광,,59.91,7,1997,31800,2020-10-15,,,,,,
도봉구,11320,10700,창동,804,11320-53,대우,,59.86,15,1995,58000,2020-10-13,,,,,,
도봉구,11320,10600,방학동,271-1,11320-42,신동아아파트1,,62.22,9,1986,39300,2020-10-15,,,,,,
도봉구,11320,10800,도봉동,641,11320-83,서원,,39.85,4,1996,26000,2020-10-19,,,,,,
도봉구,11320,10700,창동,823,11320-110,금호어울림,,122.63,1,2004,84000,2020-10-14,,,,,,
도봉구,11320,10600,방학동,271-1,11320-42,신동아아파트1,,62.22,10,1986,41300,2020-10-15,,,,,,
도봉구,11320,10700,창동,373,11320-99,창동주공4단지,,36.16,12,1991,36800,2020-10-18,,,,,,
도봉구,11320,10800,도봉동,641,11320-83,서원,,49.77,4,1996,35800,2020-10-08,,,,,,
도봉구,11320,10600,방학동,717-2,11320-3496,방학지음재힐스,,14.86,4,2018,12800,2020-10-12,,,,,,
도봉구,11320,10500,쌍문동,726,11320-33,신일라이프,,81.68,6,2002,46000,2020-10-14,,,,,,
도봉구,11320,10500,쌍문동,277-5,11320-119,신일라이프(B동),,73.1,5,2003,23500,2020-10-14,,,,,,
도봉구,11320,10500,쌍문동,53,11320-12,성원,,71.78,14,1989,49600,2020-10-06,,,,,,
도봉구,11320,10700,창동,305,11320-96,창동주공1단지,,49.94,2,1990,54000,2020-10-05,,,,,,
도봉구,11320,10600,방학동,530,11320-92,신동아아파트3,,84.86,4,1992,40000,2020-10-14,,,,,,
도봉구,11320,10700,창동,810,11320-62,신창,,39.6,12,1998,25700,2020-10-12,,,,,,
도봉구,11320,10600,방학동,701-15,11320-34,거성학마을아파트,,77.05,3,1994,45000,2020-10-15,O,20.10.19,,,,
도봉구,11320,10700,창동,807,11320-63,쌍용,,59.88,2,1997,64800,2020-10-15,,,,,,
도봉구,11320,10800,도봉동,30-1,11320-86,한신,,84.94,8,1995,60700,2020-10-15,,,,,,
도봉구,11320,10600,방학동,271-1,11320-42,신동아아파트1,,84.87,4,1986,55000,2020-10-13,,,,,,
도봉구,11320,10700,창동,347,11320-98,창동주공3단지(해등마을),,58.01,15,1990,68000,2020-10-14,,,,,,
도봉구,11320,10600,방학동,705-17,11320-2945,퍼스티안,,13.6794,8,2013,9600,2020-10-06,,,,,,
도봉구,11320,10600,방학동,705-17,11320-2945,퍼스티안,,13.6794,8,2013,9200,2020-10-14,,,,,,
도봉구,11320,10500,쌍문동,59,11320-21,한양2,,35.1,10,1988,25500,2020-10-12,,,,,,
도봉구,11320,10500,쌍문동,733,11320-3564,솔밭노블리안,,54.51,6,2019,41500,2020-10-08,,,,,,
도봉구,11320,10500,쌍문동,311,11320-2698,그린스테이트,,73.12,5,2010,33000,2020-10-13,,,,,,
도봉구,11320,10700,창동,818,11320-111,창동현대4차,,101.9957,12,2003,86500,2020-10-14,,,,,,
도봉구,11320,10500,쌍문동,59,11320-21,한양2,,35.1,2,1988,23000,2020-10-13,,,,,,
도봉구,11320,10500,쌍문동,59,11320-21,한양2,,28.71,8,1988,21300,2020-10-08,,,,,,
도봉구,11320,10500,쌍문동,59,11320-21,한양2,,28.71,4,1988,21200,2020-10-12,,,,,,
도봉구,11320,10500,쌍문동,59,11320-21,한양2,,59.67,7,1988,39000,2020-10-08,,,,,,
도봉구,11320,10600,방학동,444-31,11320-37,대원그린아파트,,53.7,3,1987,29500,2020-10-06,,,,,,
도봉구,11320,10600,방학동,271-1,11320-42,신동아아파트1,,62.22,13,1986,37000,2020-10-07,,,,,,
도봉구,11320,10800,도봉동,641,11320-83,서원,,49.77,4,1996,35500,2020-10-05,,,,,,
도봉구,11320,10800,도봉동,641,11320-83,서원,,49.77,4,1996,33700,2020-10-05,,,,,,
노원구,11350,10500,상계동,680,11350-2302,포레나노원,,59.99,26,2020,105000,2020-10-13,,,,,,
노원구,11350,10500,상계동,1271,11350-54,현대4차,,84.99,7,1995,53500,2020-10-13,,,,,,
노원구,11350,10500,상계동,1256,11350-20,은빛2단지,,39.7,6,1998,34000,2020-10-12,,,,,,
노원구,11350,10500,상계동,670,11350-43,상계주공9(고층),,45.9,12,1988,42500,2020-10-26,,,,,,
노원구,11350,10300,공릉동,745,11350-167,동신아파트,,59.99,5,1999,50000,2020-10-31,,,,,,
노원구,11350,10400,하계동,271-3,11350-67,건영,,74.58,1,1988,71250,2020-10-19,,,,,,
노원구,11350,10200,월계동,922,11350-144,서광,,59.96,4,1994,58900,2020-10-26,,,,,,
노원구,11350,10500,상계동,765,11350-29,상계주공1(고층),,41.3,11,1988,48000,2020-10-31,,,,,,
노원구,11350,10200,월계동,951,11350-2280,월계센트럴아이파크,,84.99,4,2020,87000,2020-10-23,,,,,,
노원구,11350,10600,중계동,103,11350-94,동진,,47.61,5,1988,20400,2020-10-26,,,,,,
노원구,11350,10500,상계동,1285,11350-6,동아불암,,59.4,6,1999,49900,2020-10-28,,,,,,
노원구,11350,10500,상계동,1320,11350-8,미라보(성림),,60,7,2006,40000,2020-10-31,,,,,,
노원구,11350,10600,중계동,369,11350-112,주공2,,44.52,15,1992,37000,2020-10-31,,,,,,
노원구,11350,10500,상계동,624,11350-35,상계주공16(고층),,58.01,2,1988,53000,2020-10-31,,,,,,
노원구,11350,10500,상계동,647,11350-32,상계주공12(고층),,49.94,14,1988,52000,2020-10-28,,,,,,
노원구,11350,10500,상계동,740,11350-36,상계주공2(고층),,68.86,6,1987,82000,2020-10-26,,,,,,
노원구,11350,10600,중계동,363-1,11350-116,주공7,,44.1,1,1993,38500,2020-10-31,,,,,,
노원구,11350,10200,월계동,924,11350-152,초안2,,49.6,8,1997,34000,2020-10-30,,,,,,
노원구,11350,10500,상계동,670,11350-43,상계주공9(고층),,45.9,12,1988,42500,2020-10-26,O,21.01.20,,,,
노원구,11350,10500,상계동,720,11350-40,상계주공6(고층),,41.3,13,1988,55000,2020-10-30,,,,,,
노원구,11350,10400,하계동,280,11350-69,미성,,57.97,1,1989,52000,2020-10-30,,,,,,
노원구,11350,10500,상계동,626,11350-34,상계주공14(고층),,49.94,15,1989,50500,2020-10-30,,,,,,
노원구,11350,10500,상계동,1255,11350-19,은빛1단지,,39.7,8,1998,36600,2020-10-28,,,,,,
노원구,11350,10600,중계동,369,11350-112,주공2,,44.52,7,1992,39700,2020-10-29,,,,,,
노원구,11350,10600,중계동,359-1,11350-114,주공5,,44.52,13,1992,44500,2020-10-31,,,,,,
노원구,11350,10600,중계동,363-1,11350-116,주공7,,44.1,1,1993,38500,2020-10-31,O,20.11.25,,,,
노원구,11350,10500,상계동,639,11350-11,보람2단지,,79.25,4,1988,66000,2020-10-26,,,,,,
노원구,11350,10500,상계동,458,11350-48,한신3차,,60.44,7,1990,47500,2020-10-31,,,,,,
노원구,11350,10500,상계동,1276,11350-62,청암2단지,,59.4,6,2001,50500,2020-10-29,,,,,,
노원구,11350,10500,상계동,463,11350-24,상계신동아,,84.99,6,1995,56000,2020-10-28,,,,,,
노원구,11350,10400,하계동,354,11350-80,학여울청구,,59.4,15,1999,58000,2020-10-26,,,,,,
노원구,11350,10300,공릉동,90,11350-181,청솔아파트9,,84.85,6,2000,72000,2020-10-26,,,,,,
노원구,11350,10600,중계동,78,11350-123,진로유통조합대림,,84.94,3,1992,64000,2020-10-27,,,,,,
노원구,11350,10600,중계동,363,11350-92,대림벽산(363),,141.45,13,1993,130000,2020-10-31,,,,,,
노원구,11350,10600,중계동,588,11350-108,양지마을(대림)2,,114.81,11,1999,109500,2020-10-26,,,,,,
노원구,11350,10600,중계동,369,11350-112,주공2,,44.52,12,1992,38000,2020-10-28,,,,,,
노원구,11350,10500,상계동,740,11350-36,상계주공2(고층),,41.3,13,1987,48000,2020-10-30,,,,,,
노원구,11350,10300,공릉동,270-71,11350-163,대명아파트,,62.1,3,1989,46700,2020-10-26,,,,,,
노원구,11350,10500,상계동,1293,11350-14,불암현대,,114.24,2,1999,74000,2020-10-24,,,,,,
노원구,11350,10300,공릉동,743,11350-184,공릉동한보에센시티아파트,,114.84,5,2000,70000,2020-10-28,,,,,,
노원구,11350,10500,상계동,670,11350-43,상계주공9(고층),,41.3,9,1988,39000,2020-10-31,,,,,,
노원구,11350,10400,하계동,354,11350-80,학여울청구,,59.4,13,1999,64000,2020-10-22,,,,,,
노원구,11350,10600,중계동,360-2,11350-125,청구3,,84.77,14,1996,119000,2020-10-26,,,,,,
노원구,11350,10500,상계동,647,11350-32,상계주공12(고층),,49.94,14,1988,53000,2020-10-29,,,,,,
노원구,11350,10300,공릉동,715,11350-173,시영3차(라이프)아파트,,34.44,8,1994,31900,2020-10-27,,,,,,
노원구,11350,10500,상계동,624,11350-35,상계주공16(고층),,59.39,6,1988,54500,2020-10-26,,,,,,
노원구,11350,10500,상계동,666,11350-30,상계주공10(고층),,41.3,12,1988,48000,2020-10-24,,,,,,
노원구,11350,10300,공릉동,108,11350-177,우방아파트,,84.881,13,2000,75500,2020-10-23,,,,,,
노원구,11350,10500,상계동,639,11350-202,보람아파트,,54.59,9,1988,51000,2020-10-23,,,,,,
노원구,11350,10400,하계동,284,11350-81,한신1,,27,3,1988,30000,2020-10-24,,,,,,
노원구,11350,10600,중계동,369,11350-112,주공2,,44.52,10,1992,37000,2020-10-26,,,,,,
노원구,11350,10600,중계동,578,11350-129,현대2(4차),,84.3,3,1993,59000,2020-10-28,,,,,,
노원구,11350,10500,상계동,1255,11350-19,은빛1단지,,59.95,13,1998,50000,2020-10-26,,,,,,
노원구,11350,10300,공릉동,747,11350-168,두산힐스빌아파트,,59.76,9,2000,61000,2020-10-31,,,,,,
노원구,11350,10200,월계동,556,11350-149,주공2,,59.97,11,1992,56000,2020-10-30,,,,,,
노원구,11350,10600,중계동,364-12,11350-115,주공6,,44.1,11,1993,44000,2020-10-29,,,,,,
노원구,11350,10500,상계동,1276,11350-62,청암2단지,,49.77,5,2001,41000,2020-10-24,O,20.12.29,,,,
노원구,11350,10300,공릉동,569-20,11350-232,청우씨티아파트,,82.29,6,2004,44500,2020-10-27,,,,,,
노원구,11350,10500,상계동,173-1,11350-10,벽산,,43.35,2,1989,36300,2020-10-23,,,,,,
노원구,11350,10500,상계동,691,11350-41,상계주공7(고층),,58.01,15,1988,66500,2020-10-31,,,,,,
노원구,11350,10200,월계동,951,11350-2280,월계센트럴아이파크,,84.99,4,2020,87000,2020-10-23,O,20.11.27,,,,
노원구,11350,10600,중계동,601,11350-1683,동도센트리움(601),,84.983,2,2005,81000,2020-10-26,,,,,,
노원구,11350,10600,중계동,364,11350-105,동진신안,,134.74,12,1993,135000,2020-10-24,,,,,,
노원구,11350,10500,상계동,1301,11350-66,상계대림e편한세상,,55.77,7,2002,45000,2020-10-31,,,,,,
노원구,11350,10300,공릉동,715,11350-173,시영3차(라이프)아파트,,39.6,14,1994,36900,2020-10-30,,,,,,
노원구,11350,10300,공릉동,737,11350-172,삼익포레스트아파트,,84.6,10,1995,63800,2020-10-22,,,,,,
노원구,11350,10200,월계동,12,11350-143,삼호4,,50.18,1,1987,59950,2020-10-21,,,,,,
노원구,11350,10500,상계동,691,11350-41,상계주공7(고층),,59.39,7,1988,75000,2020-10-28,,,,,,
노원구,11350,10400,하계동,273,11350-72,장미(시영6),,54.29,12,1989,55900,2020-10-26,,,,,,
노원구,11350,10500,상계동,691,11350-41,상계주공7(고층),,41.3,4,1988,50000,2020-10-29,,,,,,
노원구,11350,10500,상계동,1110,11350-28,두산,,84.09,11,1994,65000,2020-10-17,,,,,,
노원구,11350,10600,중계동,580,11350-100,성원1,,59.75,14,1996,65000,2020-10-17,,,,,,
노원구,11350,10600,중계동,369,11350-112,주공2,,44.52,7,1992,37000,2020-10-29,,,,,,
노원구,11350,10300,공릉동,715,11350-173,시영3차(라이프)아파트,,39.6,1,1994,30450,2020-10-24,,,,,,
노원구,11350,10300,공릉동,108,11350-177,우방아파트,,84.881,4,2000,74300,2020-10-17,,,,,,
노원구,11350,10600,중계동,512,11350-102,중계무지개,,49.54,10,1991,52800,2020-10-21,,,,,,
노원구,11350,10500,상계동,740,11350-36,상계주공2(고층),,41.3,3,1987,46000,2020-10-29,,,,,,
노원구,11350,10600,중계동,588,11350-108,양지마을(대림)2,,59.4,20,1999,62000,2020-10-19,,,,,,
노원구,11350,10500,상계동,721,11350-39,상계주공5(저층),,31.98,1,1987,62000,2020-10-27,,,,,,
노원구,11350,10200,월계동,448-3,11350-142,삼창,,56.59,2,1984,45000,2020-10-28,,,,,,
노원구,11350,10600,중계동,359-1,11350-114,주공5,,44.52,4,1992,45000,2020-10-24,,,,,,
노원구,11350,10400,하계동,274,11350-73,청솔(시영7),,39.78,8,1989,41000,2020-10-29,,,,,,
노원구,11350,10600,중계동,161-1,11350-122,중앙하이츠,,84.21,9,1998,70000,2020-10-17,,,,,,
노원구,11350,10300,공릉동,90,11350-181,청솔아파트9,,84.9,1,2000,67000,2020-10-17,,,,,,
노원구,11350,10500,상계동,691,11350-41,상계주공7(고층),,45.9,8,1988,52000,2020-10-20,,,,,,
노원구,11350,10500,상계동,691,11350-41,상계주공7(고층),,41.3,1,1988,50000,2020-10-31,,,,,,
노원구,11350,10500,상계동,730-2,11350-37,상계주공3(고층),,59.2,10,1987,69500,2020-10-28,,,,,,
노원구,11350,10200,월계동,556,11350-149,주공2,,84.815,9,1992,65000,2020-10-17,,,,,,
노원구,11350,10600,중계동,360-16,11350-111,주공10,,58.14,5,1995,67000,2020-10-24,,,,,,
노원구,11350,10500,상계동,1289,11350-17,상계불암대림,,59.22,1,2000,47000,2020-10-17,,,,,,
노원구,11350,10400,하계동,256-5,11350-83,한신동성,,112.24,9,1993,96200,2020-10-17,,,,,,
노원구,11350,10500,상계동,639,11350-11,보람2단지,,68.99,10,1988,62500,2020-10-22,,,,,,
노원구,11350,10500,상계동,639,11350-202,보람아파트,,54.59,11,1988,45000,2020-10-17,,,,,,
노원구,11350,10500,상계동,407-7,11350-1727,충효파크타운,,77.94,1,2006,29900,2020-10-29,,,,,,
노원구,11350,10200,월계동,924,11350-152,초안2,,49.6,9,1997,35000,2020-10-31,,,,,,
노원구,11350,10400,하계동,273,11350-72,장미(시영6),,64.62,9,1989,62500,2020-10-26,,,,,,
노원구,11350,10500,상계동,172,11350-5,상계대림,,59.67,15,1989,50000,2020-10-27,O,20.12.07,,,,
노원구,11350,10600,중계동,502-1,11350-120,중계그린1단지,,39.78,10,1990,42000,2020-10-29,,,,,,
노원구,11350,10500,상계동,135,11350-46,한신1차,,45.44,5,1987,31850,2020-10-14,,,,,,
노원구,11350,10500,상계동,1256,11350-20,은빛2단지,,39.7,8,1998,33650,2020-10-24,,,,,,
노원구,11350,10500,상계동,624,11350-35,상계주공16(고층),,59.39,15,1988,51000,2020-10-15,,,,,,
노원구,11350,10500,상계동,740,11350-36,상계주공2(고층),,41.3,9,1987,48000,2020-10-30,,,,,,
노원구,11350,10500,상계동,1289,11350-17,상계불암대림,,114.81,15,2000,75000,2020-10-26,,,,,,
노원구,11350,10500,상계동,765,11350-29,상계주공1(고층),,41.3,9,1988,43000,2020-10-31,,,,,,
노원구,11350,10600,중계동,512,11350-102,중계무지개,,49.89,3,1991,49700,2020-10-22,,,,,,
노원구,11350,10600,중계동,599,11350-430,중계스타클래스,,84.801,15,2005,68000,2020-10-12,,,,,,
노원구,11350,10500,상계동,639,11350-202,보람아파트,,54.59,5,1988,44500,2020-10-20,,,,,,
노원구,11350,10400,하계동,284,11350-81,한신1,,27,12,1988,31000,2020-10-17,,,,,,
노원구,11350,10600,중계동,502-1,11350-120,중계그린1단지,,39.91,1,1990,39500,2020-10-15,,,,,,
노원구,11350,10200,월계동,13,11350-197,삼호3,,59.22,6,1986,79000,2020-10-29,,,,,,
노원구,11350,10500,상계동,1265,11350-9,수락산벨리체,,114.92,2,2000,79500,2020-10-24,,,,,,
노원구,11350,10600,중계동,362-1,11350-117,주공8,,49.72,12,1993,53500,2020-10-27,,,,,,
노원구,11350,10300,공릉동,737,11350-172,삼익포레스트아파트,,51.03,7,1995,42700,2020-10-20,,,,,,
노원구,11350,10600,중계동,502-1,11350-120,중계그린1단지,,44.1,7,1990,49500,2020-10-29,,,,,,
노원구,11350,10300,공릉동,81,11350-182,태강아파트(아이파크),,59.38,3,1999,57300,2020-10-26,,,,,,
노원구,11350,10300,공릉동,81,11350-182,태강아파트(아이파크),,49.6,13,1999,49800,2020-10-26,,,,,,
노원구,11350,10500,상계동,1110,11350-28,두산,,58.65,9,1994,48500,2020-10-12,,,,,,
노원구,11350,10600,중계동,366,11350-124,청구(366),,115.47,15,1993,127500,2020-10-14,,,,,,
노원구,11350,10400,하계동,273,11350-72,장미(시영6),,65.14,3,1989,61000,2020-10-27,,,,,,
노원구,11350,10500,상계동,765,11350-29,상계주공1(고층),,49.94,13,1988,53800,2020-10-18,,,,,,
노원구,11350,10400,하계동,354,11350-80,학여울청구,,84.77,2,1999,78500,2020-10-27,,,,,,
노원구,11350,10600,중계동,362-1,11350-117,주공8,,49.72,1,1993,50800,2020-10-22,,,,,,
노원구,11350,10500,상계동,1110,11350-28,두산,,51.66,11,1994,40000,2020-10-09,,,,,,
노원구,11350,10500,상계동,670,11350-43,상계주공9(고층),,45.55,12,1988,44500,2020-10-22,,,,,,
노원구,11350,10200,월계동,929,11350-156,현대,,59.95,5,2000,65700,2020-10-17,,,,,,
노원구,11350,10500,상계동,691,11350-41,상계주공7(고층),,59.39,10,1988,70000,2020-10-26,,,,,,
노원구,11350,10200,월계동,926,11350-154,한일1,,84.942,13,1999,68500,2020-10-11,,,,,,
노원구,11350,10500,상계동,1276,11350-62,청암2단지,,59.4,12,2001,43000,2020-10-30,,,,,,
노원구,11350,10300,공릉동,737,11350-172,삼익포레스트아파트,,84.6,15,1995,64700,2020-10-10,,,,,,
노원구,11350,10200,월계동,18,11350-133,한진한화그랑빌,,84.97,27,2002,89900,2020-10-24,,,,,,
노원구,11350,10500,상계동,1265,11350-9,수락산벨리체,,114.92,3,2000,84200,2020-10-27,,,,,,
노원구,11350,10600,중계동,435-1,11350-121,중계현대2,,71.76,5,1991,64000,2020-10-10,,,,,,
노원구,11350,10500,상계동,647,11350-32,상계주공12(고층),,41.3,5,1988,44000,2020-10-31,O,20.12.01,,,,
노원구,11350,10200,월계동,944,11350-1665,풍림아이원,,84.303,19,2005,78500,2020-10-31,,,,,,
노원구,11350,10300,공릉동,593-6,11350-254,백영아파트,,99.22,6,2004,38000,2020-10-23,,,,,,
노원구,11350,10600,중계동,364,11350-105,동진신안,,134.74,3,1993,130000,2020-10-20,,,,,,
노원구,11350,10500,상계동,749-5,11350-38,상계주공4(고층),,32.39,6,1988,35500,2020-10-20,O,21.02.03,,,,
노원구,11350,10600,중계동,366,11350-95,라이프,,115.65,9,1993,125000,2020-10-12,,,,,,
노원구,11350,10500,상계동,691,11350-41,상계주공7(고층),,41.3,2,1988,46000,2020-10-31,,,,,,
노원구,11350,10300,공릉동,715,11350-173,시영3차(라이프)아파트,,49.5,8,1994,47500,2020-10-23,,,,,,
노원구,11350,10300,공릉동,81,11350-182,태강아파트(아이파크),,49.6,5,1999,50000,2020-10-24,,,,,,
노원구,11350,10500,상계동,1305,11350-214,동양엔파트,,84.88,15,2003,91800,2020-10-22,,,,,,
노원구,11350,10600,중계동,578,11350-129,현대2(4차),,84.78,6,1993,62800,2020-10-26,,,,,,
노원구,11350,10500,상계동,639,11350-202,보람아파트,,44.33,2,1988,40500,2020-10-08,,,,,,
노원구,11350,10500,상계동,647,11350-32,상계주공12(고층),,49.94,2,1988,49800,2020-10-17,,,,,,
노원구,11350,10200,월계동,18,11350-133,한진한화그랑빌,,84.97,28,2002,89900,2020-10-28,,,,,,
노원구,11350,10300,공릉동,715,11350-173,시영3차(라이프)아파트,,49.5,14,1994,47600,2020-10-13,,,,,,
노원구,11350,10200,월계동,926,11350-154,한일1,,84.942,13,1999,68500,2020-10-11,O,20.11.09,,,,
노원구,11350,10300,공릉동,725,11350-183,풍림아파트A,,114.78,2,2001,78000,2020-10-22,,,,,,
노원구,11350,10200,월계동,931,11350-223,장은하이빌,,81.8788,3,2002,65000,2020-10-20,,,,,,
노원구,11350,10500,상계동,1293,11350-14,불암현대,,114.24,5,1999,79300,2020-10-10,,,,,,
노원구,11350,10500,상계동,637,11350-33,상계주공13(고층),,58.01,2,1989,39000,2020-10-24,,,,,,
노원구,11350,10300,공릉동,744,11350-159,건영장미아파트,,84.88,15,1999,65700,2020-10-12,,,,,,
노원구,11350,10500,상계동,749-5,11350-38,상계주공4(고층),,41.3,10,1988,49000,2020-10-11,,,,,,
노원구,11350,10600,중계동,359-1,11350-114,주공5,,58.46,4,1992,72800,2020-10-12,,,,,,
노원구,11350,10300,공릉동,670-20,11350-2139,노원프레미어스엠코,,84.0261,36,2016,88000,2020-10-26,,,,,,
노원구,11350,10500,상계동,765,11350-29,상계주공1(고층),,41.3,13,1988,45000,2020-10-30,,,,,,
노원구,11350,10600,중계동,502-1,11350-120,중계그린1단지,,59.22,6,1990,55500,2020-10-23,,,,,,
노원구,11350,10600,중계동,512,11350-102,중계무지개,,49.54,10,1991,48000,2020-10-08,,,,,,
노원구,11350,10200,월계동,924,11350-152,초안2,,59.85,8,1997,38000,2020-10-17,,,,,,
노원구,11350,10500,상계동,652,11350-31,상계주공11(고층),,79.07,3,1988,82000,2020-10-20,,,,,,
노원구,11350,10500,상계동,666,11350-30,상계주공10(고층),,41.3,1,1988,46500,2020-10-26,,,,,,
노원구,11350,10200,월계동,18,11350-133,한진한화그랑빌,,139.08,25,2002,110600,2020-10-20,,,,,,
노원구,11350,10500,상계동,451,11350-47,한신2차,,45.92,5,1988,31500,2020-10-09,,,,,,
노원구,11350,10300,공릉동,715,11350-173,시영3차(라이프)아파트,,39.6,9,1994,37800,2020-10-07,,,,,,
노원구,11350,10500,상계동,1309,11350-249,한일유앤아이,,114.882,17,2005,89000,2020-10-08,,,,,,
노원구,11350,10500,상계동,652,11350-31,상계주공11(고층),,49.94,8,1988,56700,2020-10-24,,,,,,
노원구,11350,10300,공릉동,690-2,11350-170,삼익아파트,,100.82,8,1997,65000,2020-10-23,,,,,,
노원구,11350,10600,중계동,366,11350-124,청구(366),,115.47,12,1993,128000,2020-10-22,,,,,,
노원구,11350,10300,공릉동,81,11350-182,태강아파트(아이파크),,59.34,6,1999,63000,2020-10-31,,,,,,
노원구,11350,10300,공릉동,690-2,11350-170,삼익아파트,,59.89,17,1997,50000,2020-10-17,,,,,,
노원구,11350,10300,공릉동,715,11350-173,시영3차(라이프)아파트,,39.6,8,1994,35000,2020-10-16,,,,,,
노원구,11350,10200,월계동,13,11350-197,삼호3,,59.22,14,1986,74000,2020-10-06,,,,,,
노원구,11350,10600,중계동,364-12,11350-115,주공6,,44.1,10,1993,44000,2020-10-20,,,,,,
노원구,11350,10500,상계동,721,11350-39,상계주공5(저층),,31.98,4,1987,63000,2020-10-27,,,,,,
노원구,11350,10200,월계동,947,11350-1734,롯데캐슬루나,,127.0318,11,2006,96000,2020-10-07,,,,,,
노원구,11350,10200,월계동,949,11350-2140,꿈의숲SKVIEW,,84.96,11,2016,89500,2020-10-16,,,,,,
노원구,11350,10500,상계동,720,11350-40,상계주공6(고층),,58.01,3,1988,67000,2020-10-30,,,,,,
노원구,11350,10500,상계동,639,11350-11,보람2단지,,68.99,11,1988,55000,2020-10-20,,,,,,
노원구,11350,10300,공릉동,748,11350-174,신도1차아파트,,72.8129,12,2002,67500,2020-10-24,,,,,,
노원구,11350,10500,상계동,720,11350-40,상계주공6(고층),,41.3,10,1988,51700,2020-10-05,,,,,,
노원구,11350,10500,상계동,451,11350-47,한신2차,,45.92,2,1988,29000,2020-10-19,,,,,,
노원구,11350,10500,상계동,172,11350-5,상계대림,,59.67,7,1989,53500,2020-10-09,,,,,,
노원구,11350,10200,월계동,383-40,11350-145,성북맨션,,65.35,3,1976,48350,2020-10-07,,,,,,
노원구,11350,10300,공릉동,725,11350-183,풍림아파트A,,84.99,13,2001,80700,2020-10-24,,,,,,
노원구,11350,10600,중계동,600,11350-428,극동의푸른별1차,,84.97,9,2005,62000,2020-10-14,,,,,,
노원구,11350,10600,중계동,502-1,11350-120,중계그린1단지,,39.78,8,1990,42200,2020-10-26,,,,,,
노원구,11350,10400,하계동,273,11350-72,장미(시영6),,43.56,8,1989,44000,2020-10-21,,,,,,
노원구,11350,10300,공릉동,707,11350-160,시영2단지(라이프)아파트,,39.6,8,1994,39200,2020-10-17,,,,,,
노원구,11350,10300,공릉동,715,11350-173,시영3차(라이프)아파트,,49.5,8,1994,47500,2020-10-23,O,20.11.05,,,,
노원구,11350,10400,하계동,273,11350-72,장미(시영6),,64.62,13,1989,61800,2020-10-22,,,,,,
노원구,11350,10400,하계동,353,11350-74,우방,,59.74,7,1999,50000,2020-10-22,,,,,,
노원구,11350,10500,상계동,721,11350-39,상계주공5(저층),,31.98,5,1987,61500,2020-10-19,,,,,,
노원구,11350,10300,공릉동,492-1,11350-164,대아2차아파트,,59.88,7,2000,53000,2020-10-23,,,,,,
노원구,11350,10500,상계동,691,11350-41,상계주공7(고층),,49.94,2,1988,66000,2020-10-17,,,,,,
노원구,11350,10500,상계동,1284,11350-4,대동황토방,,60,4,2001,57300,2020-10-14,,,,,,
노원구,11350,10600,중계동,359-1,11350-114,주공5,,58.46,8,1992,69700,2020-10-06,,,,,,
노원구,11350,10300,공릉동,707,11350-160,시영2단지(라이프)아파트,,49.5,15,1994,46400,2020-10-24,,,,,,
노원구,11350,10300,공릉동,707,11350-160,시영2단지(라이프)아파트,,39.6,13,1994,38000,2020-10-13,,,,,,
노원구,11350,10300,공릉동,707,11350-160,시영2단지(라이프)아파트,,39.6,8,1994,35200,2020-10-17,,,,,,
노원구,11350,10300,공릉동,380-1,11350-162,대동아파트2,,84.81,12,1999,69500,2020-10-05,,,,,,
노원구,11350,10500,상계동,647,11350-32,상계주공12(고층),,49.94,10,1988,52300,2020-10-26,,,,,,
노원구,11350,10500,상계동,637,11350-33,상계주공13(고층),,45.9,4,1989,33000,2020-10-19,,,,,,
노원구,11350,10200,월계동,18,11350-133,한진한화그랑빌,,84.97,15,2002,88800,2020-10-26,,,,,,
노원구,11350,10200,월계동,18,11350-133,한진한화그랑빌,,84.97,14,2002,84800,2020-10-24,,,,,,
노원구,11350,10500,상계동,1296,11350-63,상록수1단지,,53.656,8,2002,44900,2020-10-20,,,,,,
노원구,11350,10200,월계동,18,11350-133,한진한화그랑빌,,84.97,17,2002,89800,2020-10-26,,,,,,
노원구,11350,10500,상계동,1320,11350-8,미라보(성림),,60,7,2006,40250,2020-10-12,,,,,,
노원구,11350,10500,상계동,1313,11350-1826,수락리버시티4단지,,84.88,7,2009,64500,2020-10-19,,,,,,
노원구,11350,10500,상계동,626,11350-34,상계주공14(고층),,45.9,12,1989,41000,2020-10-10,,,,,,
노원구,11350,10200,월계동,780,11350-150,청백3,,49.77,1,1998,34000,2020-10-21,,,,,,
노원구,11350,10500,상계동,639,11350-202,보람아파트,,44.33,5,1988,41000,2020-10-09,,,,,,
노원구,11350,10400,하계동,270,11350-85,현대,,71.68,12,1988,80800,2020-10-13,,,,,,
노원구,11350,10500,상계동,1293,11350-14,불암현대,,59.4,10,1999,48000,2020-10-19,,,,,,
노원구,11350,10200,월계동,949,11350-2140,꿈의숲SKVIEW,,84.93,6,2016,90000,2020-10-26,O,20.12.30,,,,
노원구,11350,10300,공릉동,737,11350-172,삼익포레스트아파트,,51.03,2,1995,42000,2020-10-15,,,,,,
노원구,11350,10200,월계동,556,11350-149,주공2,,58.65,14,1992,52500,2020-10-17,,,,,,
노원구,11350,10500,상계동,1293,11350-14,불암현대,,114.24,5,1999,79300,2020-10-10,O,20.11.04,,,,
노원구,11350,10500,상계동,639,11350-202,보람아파트,,44.33,3,1988,39000,2020-10-08,,,,,,
노원구,11350,10500,상계동,720,11350-40,상계주공6(고층),,58.01,6,1988,69500,2020-10-08,,,,,,
노원구,11350,10500,상계동,1256,11350-20,은빛2단지,,59.95,8,1998,50000,2020-10-09,,,,,,
노원구,11350,10200,월계동,556,11350-149,주공2,,38.64,4,1992,33200,2020-10-22,,,,,,
노원구,11350,10400,하계동,284,11350-81,한신1,,44.52,1,1988,41000,2020-10-15,,,,,,
노원구,11350,10200,월계동,556,11350-149,주공2,,38.64,3,1992,31200,2020-10-14,,,,,,
노원구,11350,10500,상계동,639,11350-11,보람2단지,,68.99,12,1988,56000,2020-10-26,O,20.11.13,,,,
노원구,11350,10400,하계동,284,11350-81,한신1,,27,10,1988,30700,2020-10-09,,,,,,
노원구,11350,10400,하계동,284,11350-81,한신1,,27,11,1988,31000,2020-10-15,,,,,,
노원구,11350,10600,중계동,363-1,11350-116,주공7,,44.1,1,1993,37400,2020-10-10,,,,,,
노원구,11350,10200,월계동,556,11350-149,주공2,,44.52,9,1992,36000,2020-10-17,,,,,,
노원구,11350,10300,공릉동,109,11350-169,비선아파트,,59.87,6,1999,53500,2020-10-26,,,,,,
노원구,11350,10200,월계동,13,11350-140,미성,,50.14,11,1986,68500,2020-10-25,,,,,,
노원구,11350,10300,공릉동,725,11350-183,풍림아파트A,,114.78,8,2001,87000,2020-10-21,,,,,,
노원구,11350,10600,중계동,583,11350-91,금호타운(583),,84.98,7,1997,72000,2020-10-15,,,,,,
노원구,11350,10300,공릉동,740,11350-165,대아아파트1차,,59.75,5,1997,42000,2020-10-12,,,,,,
노원구,11350,10400,하계동,288,11350-79,하계2현대,,84.896,7,1997,86700,2020-10-24,,,,,,
노원구,11350,10500,상계동,1293,11350-14,불암현대,,59.4,20,1999,48800,2020-10-20,O,20.11.23,,,,
노원구,11350,10400,하계동,271-3,11350-70,벽산,,57.71,12,1988,57000,2020-10-24,,,,,,
노원구,11350,10200,월계동,18,11350-133,한진한화그랑빌,,84.97,11,2002,90000,2020-10-26,,,,,,
노원구,11350,10400,하계동,271-3,11350-67,건영,,74.58,8,1988,75000,2020-10-24,,,,,,
노원구,11350,10200,월계동,922,11350-144,서광,,59.96,4,1994,58900,2020-10-26,O,20.12.11,,,,
노원구,11350,10500,상계동,730-2,11350-37,상계주공3(고층),,58.01,10,1987,70500,2020-10-24,,,,,,
노원구,11350,10200,월계동,922,11350-144,서광,,59.96,7,1994,60000,2020-10-26,,,,,,
노원구,11350,10500,상계동,730-2,11350-37,상계주공3(고층),,68.86,9,1987,79500,2020-10-17,,,,,,
노원구,11350,10600,중계동,363-1,11350-116,주공7,,44.1,2,1993,42000,2020-10-17,,,,,,
노원구,11350,10200,월계동,18,11350-133,한진한화그랑빌,,84.97,1,2002,74000,2020-10-23,,,,,,
노원구,11350,10600,중계동,364-12,11350-115,주공6,,44.1,9,1993,43000,2020-10-23,,,,,,
노원구,11350,10600,중계동,364-12,11350-115,주공6,,44.1,15,1993,42900,2020-10-24,,,,,,
노원구,11350,10300,공릉동,737,11350-172,삼익포레스트아파트,,51.03,8,1995,41900,2020-10-12,,,,,,
노원구,11350,10500,상계동,1269,11350-60,수락파크빌,,84.62,8,2001,70000,2020-10-12,,,,,,
노원구,11350,10500,상계동,1078,11350-52,현대2차,,82.68,3,1993,55500,2020-10-19,,,,,,
노원구,11350,10500,상계동,765,11350-29,상계주공1(고층),,58.01,10,1988,62000,2020-10-21,,,,,,
노원구,11350,10500,상계동,749-5,11350-38,상계주공4(고층),,41.3,2,1988,45000,2020-10-24,,,,,,
노원구,11350,10400,하계동,354,11350-80,학여울청구,,59.4,4,1999,62700,2020-10-24,,,,,,
노원구,11350,10500,상계동,765,11350-29,상계주공1(고층),,58.01,8,1988,59000,2020-10-21,,,,,,
노원구,11350,10500,상계동,639,11350-11,보람2단지,,68.99,14,1988,59300,2020-10-23,,,,,,
노원구,11350,10500,상계동,721,11350-39,상계주공5(저층),,31.98,2,1987,62500,2020-10-24,,,,,,
노원구,11350,10500,상계동,173-1,11350-10,벽산,,75.03,7,1989,60000,2020-10-23,,,,,,
노원구,11350,10500,상계동,626,11350-34,상계주공14(고층),,45.9,9,1989,39900,2020-10-23,,,,,,
노원구,11350,10300,공릉동,740,11350-165,대아아파트1차,,84.86,10,1997,55000,2020-10-09,,,,,,
노원구,11350,10600,중계동,103,11350-94,동진,,51.3,3,1988,22700,2020-10-23,,,,,,
노원구,11350,10200,월계동,13,11350-197,삼호3,,59.22,6,1986,78500,2020-10-23,,,,,,
노원구,11350,10200,월계동,12,11350-143,삼호4,,50.18,5,1987,59000,2020-10-24,,,,,,
노원구,11350,10500,상계동,749-5,11350-38,상계주공4(고층),,41.3,14,1988,49700,2020-10-21,,,,,,
노원구,11350,10300,공릉동,707,11350-160,시영2단지(라이프)아파트,,39.6,12,1994,35500,2020-10-07,,,,,,
노원구,11350,10200,월계동,944,11350-1665,풍림아이원,,59.149,12,2005,72800,2020-10-23,,,,,,
노원구,11350,10200,월계동,944,11350-1665,풍림아이원,,84.303,12,2005,85500,2020-10-19,,,,,,
노원구,11350,10600,중계동,363-1,11350-116,주공7,,44.1,7,1993,39000,2020-10-15,,,,,,
노원구,11350,10300,공릉동,738,11350-198,공릉우성아파트,,84.97,8,1995,65000,2020-10-22,,,,,,
노원구,11350,10200,월계동,556,11350-149,주공2,,44.94,6,1992,36500,2020-10-22,,,,,,
노원구,11350,10400,하계동,270,11350-85,현대,,71.68,3,1988,80000,2020-10-17,,,,,,
노원구,11350,10200,월계동,945,11350-1719,초안산쌍용스윗닷홈,,84.69,4,2006,65000,2020-10-13,,,,,,
노원구,11350,10600,중계동,515-2,11350-87,건영2,,75.02,4,1991,69500,2020-10-10,,,,,,
노원구,11350,10200,월계동,947,11350-1734,롯데캐슬루나,,84.9852,2,2006,82000,2020-10-17,,,,,,
노원구,11350,10500,상계동,1307,11350-245,우림루미아트201동,,73.426,9,2004,60000,2020-10-06,,,,,,
노원구,11350,10500,상계동,1279,11350-15,상계1차중앙하이츠,,84.6,3,1997,78000,2020-10-21,O,20.12.17,,,,
노원구,11350,10600,중계동,369,11350-112,주공2,,44.52,3,1992,36500,2020-10-19,,,,,,
노원구,11350,10300,공릉동,380-10,11350-210,청솔브레싱B동,,80.86,5,2003,29000,2020-10-21,,,,,,
노원구,11350,10200,월계동,924,11350-152,초안2,,39.6,6,1997,24500,2020-10-23,,,,,,
노원구,11350,10300,공릉동,714,11350-171,삼익4단지아파트,,39.6,15,1994,35000,2020-10-09,,,,,,
노원구,11350,10500,상계동,721,11350-39,상계주공5(저층),,31.98,3,1987,60000,2020-10-13,,,,,,
노원구,11350,10400,하계동,354,11350-80,학여울청구,,84.77,14,1999,82900,2020-10-22,,,,,,
노원구,11350,10500,상계동,691,11350-41,상계주공7(고층),,41.3,15,1988,51500,2020-10-16,,,,,,
노원구,11350,10200,월계동,945,11350-1719,초안산쌍용스윗닷홈,,84.69,4,2006,67000,2020-10-22,,,,,,
노원구,11350,10400,하계동,354,11350-80,학여울청구,,84.77,13,1999,83500,2020-10-10,,,,,,
노원구,11350,10600,중계동,593,11350-97,삼성,,114.49,8,1999,88000,2020-10-22,,,,,,
노원구,11350,10600,중계동,502-1,11350-120,중계그린1단지,,49.85,9,1990,53500,2020-10-22,,,,,,
노원구,11350,10300,공릉동,81,11350-182,태강아파트(아이파크),,49.6,11,1999,49500,2020-10-22,,,,,,
노원구,11350,10600,중계동,512,11350-102,중계무지개,,49.54,9,1991,32000,2020-10-22,,,,,,
노원구,11350,10200,월계동,322-1,11350-146,성원(사슴4),,59.94,3,1995,54900,2020-10-13,,,,,,
노원구,11350,10200,월계동,951,11350-2280,월계센트럴아이파크,,84.99,22,2020,104500,2020-10-21,,,,,,
노원구,11350,10200,월계동,923,11350-153,초안1,,49.6,7,1998,33700,2020-10-21,,,,,,
노원구,11350,10200,월계동,947,11350-1734,롯데캐슬루나,,84.9852,6,2006,83000,2020-10-06,,,,,,
노원구,11350,10500,상계동,1255,11350-19,은빛1단지,,39.7,9,1998,32800,2020-10-08,,,,,,
노원구,11350,10500,상계동,765,11350-29,상계주공1(고층),,59.39,9,1988,57400,2020-10-22,,,,,,
노원구,11350,10300,공릉동,81,11350-182,태강아파트(아이파크),,49.6,13,1999,49800,2020-10-21,,,,,,
노원구,11350,10500,상계동,639,11350-202,보람아파트,,68.99,9,1988,60500,2020-10-10,,,,,,
노원구,11350,10500,상계동,766-1,11350-7,미도,,87.57,13,1988,69000,2020-10-17,,,,,,
노원구,11350,10500,상계동,730-2,11350-37,상계주공3(고층),,59.39,11,1987,70000,2020-10-15,,,,,,
노원구,11350,10500,상계동,720,11350-40,상계주공6(고층),,59.2,4,1988,66000,2020-10-07,,,,,,
노원구,11350,10600,중계동,502-1,11350-120,중계그린1단지,,49.5,11,1990,55000,2020-10-21,,,,,,
노원구,11350,10300,공릉동,748,11350-174,신도1차아파트,,131.7554,3,2002,86000,2020-10-19,,,,,,
노원구,11350,10500,상계동,1256,11350-20,은빛2단지,,59.95,12,1998,50500,2020-10-05,,,,,,
노원구,11350,10200,월계동,556,11350-149,주공2,,44.52,14,1992,37200,2020-10-13,,,,,,
노원구,11350,10200,월계동,947,11350-1734,롯데캐슬루나,,84.9852,2,2006,83500,2020-10-17,,,,,,
노원구,11350,10500,상계동,1256,11350-20,은빛2단지,,39.7,6,1998,34000,2020-10-12,,,,,,
노원구,11350,10500,상계동,1063,11350-53,상계현대3차,,84.96,3,1999,62000,2020-10-17,,,,,,
노원구,11350,10200,월계동,781,11350-151,청백4,,59.4,9,1998,42000,2020-10-09,,,,,,
노원구,11350,10600,중계동,512,11350-102,중계무지개,,59.26,7,1991,60000,2020-10-21,,,,,,
노원구,11350,10200,월계동,775,11350-136,대우,,99.98,15,1998,71500,2020-10-09,,,,,,
노원구,11350,10500,상계동,1256,11350-20,은빛2단지,,59.95,5,1998,52000,2020-10-17,,,,,,
노원구,11350,10600,중계동,502-1,11350-120,중계그린1단지,,49.5,11,1990,55000,2020-10-21,O,20.10.22,,,,
노원구,11350,10200,월계동,13,11350-197,삼호3,,59.22,2,1986,78700,2020-10-17,,,,,,
노원구,11350,10500,상계동,1110,11350-28,두산,,66.6,3,1994,48900,2020-10-05,,,,,,
노원구,11350,10500,상계동,1269,11350-60,수락파크빌,,84.83,2,2001,69800,2020-10-19,,,,,,
노원구,11350,10400,하계동,274,11350-73,청솔(시영7),,49.5,12,1989,50500,2020-10-16,,,,,,
노원구,11350,10500,상계동,730-2,11350-37,상계주공3(고층),,75.2,7,1987,89000,2020-10-18,,,,,,
노원구,11350,10200,월계동,924,11350-152,초안2,,39.6,3,1997,25900,2020-10-09,,,,,,
노원구,11350,10500,상계동,666,11350-30,상계주공10(고층),,45.9,13,1988,49000,2020-10-09,,,,,,
노원구,11350,10600,중계동,502-1,11350-120,중계그린1단지,,49.5,6,1990,53000,2020-10-17,,,,,,
노원구,11350,10500,상계동,647,11350-32,상계주공12(고층),,49.94,10,1988,49000,2020-10-17,,,,,,
노원구,11350,10300,공릉동,745,11350-167,동신아파트,,59.99,19,1999,53500,2020-10-16,,,,,,
노원구,11350,10600,중계동,359-1,11350-114,주공5,,76.51,8,1992,89000,2020-10-10,,,,,,
노원구,11350,10600,중계동,366,11350-95,라이프,,115.65,14,1993,110000,2020-10-16,,,,,,
노원구,11350,10500,상계동,721,11350-39,상계주공5(저층),,31.98,3,1987,62600,2020-10-10,,,,,,
노원구,11350,10600,중계동,369,11350-112,주공2,,44.52,14,1992,37000,2020-10-07,,,,,,
노원구,11350,10600,중계동,369,11350-112,주공2,,44.52,14,1992,37700,2020-10-07,,,,,,
노원구,11350,10300,공릉동,748,11350-174,신도1차아파트,,81.2768,13,2002,65000,2020-10-21,,,,,,
노원구,11350,10600,중계동,369,11350-112,주공2,,44.52,14,1992,37000,2020-10-07,O,20.10.21,,,,
노원구,11350,10600,중계동,593,11350-97,삼성,,114.49,13,1999,88200,2020-10-08,,,,,,
노원구,11350,10300,공릉동,81,11350-182,태강아파트(아이파크),,49.6,1,1999,42500,2020-10-21,,,,,,
노원구,11350,10500,상계동,1255,11350-19,은빛1단지,,59.95,6,1998,45300,2020-10-19,,,,,,
노원구,11350,10200,월계동,947,11350-1734,롯데캐슬루나,,127.0318,1,2006,88000,2020-10-09,,,,,,
노원구,11350,10500,상계동,1322,11350-2151,중계센트럴파크,,84.13,2,2016,89000,2020-10-06,,,,,,
노원구,11350,10500,상계동,1284,11350-4,대동황토방,,60,19,2001,57500,2020-10-10,,,,,,
노원구,11350,10500,상계동,720,11350-40,상계주공6(고층),,59.2,7,1988,66500,2020-10-15,,,,,,
노원구,11350,10400,하계동,273,11350-72,장미(시영6),,64.88,11,1989,63800,2020-10-21,,,,,,
노원구,11350,10600,중계동,359-1,11350-114,주공5,,58.46,13,1992,72700,2020-10-07,,,,,,
노원구,11350,10600,중계동,369,11350-112,주공2,,44.52,14,1992,37700,2020-10-07,O,20.10.21,,,,
노원구,11350,10300,공릉동,569-20,11350-232,청우씨티아파트,,84.9,3,2004,41000,2020-10-19,,,,,,
노원구,11350,10300,공릉동,81,11350-182,태강아파트(아이파크),,49.6,2,1999,44800,2020-10-21,,,,,,
노원구,11350,10300,공릉동,754,11350-235,삼익2차아파트,,83.409,14,2004,68500,2020-10-14,,,,,,
노원구,11350,10200,월계동,320-11,11350-141,사슴3,,49.5,9,1995,48000,2020-10-17,,,,,,
노원구,11350,10400,하계동,271-3,11350-67,건영,,74.58,1,1988,71250,2020-10-19,O,20.12.18,,,,
노원구,11350,10500,상계동,1276,11350-62,청암2단지,,49.77,3,2001,39500,2020-10-16,,,,,,
노원구,11350,10200,월계동,941,11350-1662,성북역신도브래뉴,,101.8874,8,2005,79000,2020-10-16,,,,,,
노원구,11350,10400,하계동,271-3,11350-68,극동,,55.72,13,1988,57300,2020-10-13,,,,,,
노원구,11350,10400,하계동,271-3,11350-67,건영,,45.55,10,1988,44300,2020-10-20,,,,,,
노원구,11350,10300,공릉동,707,11350-160,시영2단지(라이프)아파트,,34.44,7,1994,29800,2020-10-13,,,,,,
노원구,11350,10200,월계동,18,11350-133,한진한화그랑빌,,84.97,27,2002,89750,2020-10-19,,,,,,
노원구,11350,10200,월계동,951,11350-2280,월계센트럴아이파크,,84.99,13,2020,84000,2020-10-20,,,,,,
노원구,11350,10600,중계동,512,11350-102,중계무지개,,39.82,7,1991,41500,2020-10-10,,,,,,
노원구,11350,10300,공릉동,81,11350-182,태강아파트(아이파크),,59.34,11,1999,59700,2020-10-09,,,,,,
노원구,11350,10400,하계동,270,11350-75,우성,,127.22,1,1988,109000,2020-10-16,,,,,,
노원구,11350,10600,중계동,580,11350-100,성원1,,134.78,14,1996,105000,2020-10-05,,,,,,
노원구,11350,10300,공릉동,81,11350-182,태강아파트(아이파크),,49.6,1,1999,42500,2020-10-08,,,,,,
노원구,11350,10500,상계동,670,11350-43,상계주공9(고층),,45.55,4,1988,42000,2020-10-16,,,,,,
노원구,11350,10500,상계동,639,11350-202,보람아파트,,54.59,5,1988,45200,2020-10-16,,,,,,
노원구,11350,10500,상계동,721,11350-39,상계주공5(저층),,31.98,3,1987,60000,2020-10-13,O,20.10.23,,,,
노원구,11350,10400,하계동,273,11350-72,장미(시영6),,43.41,5,1989,41000,2020-10-12,,,,,,
노원구,11350,10300,공릉동,707,11350-160,시영2단지(라이프)아파트,,34.44,11,1994,30300,2020-10-10,,,,,,
노원구,11350,10600,중계동,502-1,11350-120,중계그린1단지,,49.5,2,1990,50000,2020-10-10,,,,,,
노원구,11350,10200,월계동,781,11350-151,청백4,,59.4,4,1998,42700,2020-10-14,,,,,,
노원구,11350,10400,하계동,288,11350-79,하계2현대,,84.896,2,1997,80000,2020-10-12,,,,,,
노원구,11350,10300,공릉동,745,11350-167,동신아파트,,59.99,3,1999,53250,2020-10-16,,,,,,
노원구,11350,10200,월계동,951,11350-2280,월계센트럴아이파크,,59.99,21,2020,78000,2020-10-17,,,,,,
노원구,11350,10500,상계동,721,11350-39,상계주공5(저층),,31.98,4,1987,59500,2020-10-17,,,,,,
노원구,11350,10300,공릉동,707,11350-160,시영2단지(라이프)아파트,,39.6,11,1994,39000,2020-10-05,,,,,,
노원구,11350,10500,상계동,639,11350-202,보람아파트,,54.59,13,1988,49500,2020-10-09,,,,,,
노원구,11350,10200,월계동,496-2,11350-222,송암,,66.33,2,2004,38200,2020-10-04,,,,,,
노원구,11350,10600,중계동,369,11350-112,주공2,,44.52,10,1992,36500,2020-10-13,,,,,,
노원구,11350,10500,상계동,647,11350-32,상계주공12(고층),,41.3,4,1988,44000,2020-10-13,,,,,,
노원구,11350,10200,월계동,556,11350-149,주공2,,44.52,7,1992,38000,2020-10-09,,,,,,
노원구,11350,10200,월계동,951,11350-2280,월계센트럴아이파크,,84.99,21,2020,85500,2020-10-20,,,,,,
노원구,11350,10500,상계동,1078,11350-52,현대2차,,82.68,11,1993,59000,2020-10-15,,,,,,
노원구,11350,10600,중계동,502-1,11350-120,중계그린1단지,,49.5,2,1990,51000,2020-10-18,,,,,,
노원구,11350,10600,중계동,502-1,11350-120,중계그린1단지,,39.78,10,1990,40500,2020-10-18,,,,,,
노원구,11350,10600,중계동,358-2,11350-113,주공4,,84.79,7,1991,86000,2020-10-16,O,21.02.15,,,,
노원구,11350,10600,중계동,585,11350-119,중계3우성,,59.94,5,1999,63000,2020-10-17,,,,,,
노원구,11350,10600,중계동,505,11350-90,경남,,84.97,6,1989,80800,2020-10-09,,,,,,
노원구,11350,10500,상계동,1110,11350-28,두산,,84.09,7,1994,62500,2020-10-14,,,,,,
노원구,11350,10500,상계동,1063,11350-53,상계현대3차,,84.96,15,1999,56000,2020-10-14,,,,,,
노원구,11350,10200,월계동,322-1,11350-146,성원(사슴4),,39.6,13,1995,39000,2020-10-10,,,,,,
노원구,11350,10600,중계동,512,11350-102,중계무지개,,49.54,6,1991,50000,2020-10-08,,,,,,
노원구,11350,10600,중계동,34-5,11350-127,현대(6차),,122.685,4,2018,94000,2020-10-10,,,,,,
노원구,11350,10500,상계동,1078,11350-52,현대2차,,69.26,9,1993,49800,2020-10-09,,,,,,
노원구,11350,10500,상계동,1289,11350-17,상계불암대림,,59.22,5,2000,53100,2020-10-14,,,,,,
노원구,11350,10300,공릉동,715,11350-173,시영3차(라이프)아파트,,34.44,9,1994,29400,2020-10-16,,,,,,
노원구,11350,10600,중계동,502-1,11350-120,중계그린1단지,,49.5,9,1990,54900,2020-10-15,,,,,,
노원구,11350,10300,공릉동,715,11350-173,시영3차(라이프)아파트,,34.44,2,1994,30700,2020-10-14,,,,,,
노원구,11350,10500,상계동,1265,11350-9,수락산벨리체,,114.92,5,2000,79000,2020-10-13,,,,,,
노원구,11350,10600,중계동,366,11350-103,신동아(366),,115.35,5,1993,70000,2020-10-05,,,,,,
노원구,11350,10200,월계동,18,11350-133,한진한화그랑빌,,84.97,9,2002,89000,2020-10-13,,,,,,
노원구,11350,10400,하계동,271-3,11350-68,극동,,84.91,7,1988,78000,2020-10-07,,,,,,
노원구,11350,10500,상계동,1293,11350-14,불암현대,,59.4,18,1999,46000,2020-10-09,,,,,,
노원구,11350,10600,중계동,359-1,11350-114,주공5,,44.52,11,1992,49000,2020-10-13,,,,,,
노원구,11350,10500,상계동,624,11350-35,상계주공16(고층),,59.39,12,1988,54800,2020-10-10,,,,,,
노원구,11350,10500,상계동,765,11350-29,상계주공1(고층),,58.01,5,1988,61700,2020-10-08,,,,,,
노원구,11350,10200,월계동,923,11350-153,초안1,,49.6,3,1998,33000,2020-10-09,,,,,,
노원구,11350,10500,상계동,670,11350-43,상계주공9(고층),,45.9,11,1988,41600,2020-10-09,,,,,,
노원구,11350,10500,상계동,639,11350-202,보람아파트,,54.59,5,1988,47500,2020-10-09,,,,,,
노원구,11350,10600,중계동,364-12,11350-115,주공6,,44.1,5,1993,44000,2020-10-12,,,,,,
노원구,11350,10500,상계동,1256,11350-20,은빛2단지,,49.77,13,1998,40000,2020-10-06,,,,,,
노원구,11350,10500,상계동,730-2,11350-37,상계주공3(고층),,59.39,7,1987,77500,2020-10-09,,,,,,
노원구,11350,10600,중계동,579,11350-131,화인상가,,59.34,4,1994,35000,2020-10-10,,,,,,
노원구,11350,10500,상계동,652,11350-31,상계주공11(고층),,41.3,12,1988,45000,2020-10-11,,,,,,
노원구,11350,10500,상계동,740,11350-36,상계주공2(고층),,60.5,2,1987,56700,2020-10-09,,,,,,
노원구,11350,10200,월계동,944,11350-1665,풍림아이원,,59.149,15,2005,70000,2020-10-09,,,,,,
노원구,11350,10500,상계동,1256,11350-20,은빛2단지,,49.77,12,1998,42000,2020-10-08,,,,,,
노원구,11350,10500,상계동,1255,11350-19,은빛1단지,,49.77,5,1998,35000,2020-10-08,,,,,,
노원구,11350,10200,월계동,18,11350-133,한진한화그랑빌,,114.97,5,2002,100000,2020-10-10,,,,,,
노원구,11350,10500,상계동,720,11350-40,상계주공6(고층),,58.01,4,1988,67700,2020-10-05,,,,,,
노원구,11350,10600,중계동,505,11350-99,상아,,84.97,9,1989,80000,2020-10-06,,,,,,
노원구,11350,10400,하계동,273,11350-72,장미(시영6),,54.02,3,1989,54900,2020-10-06,,,,,,
노원구,11350,10200,월계동,436,11350-137,동신,,70.81,8,1983,58750,2020-10-05,,,,,,
노원구,11350,10500,상계동,666,11350-30,상계주공10(고층),,45.9,13,1988,47000,2020-10-03,,,,,,
은평구,11380,10700,응암동,767,11380-11008,백련산에스케이뷰아이파크,,59.8545,2,2020,87000,2020-10-26,,,,,,
은평구,11380,10700,응암동,767,11380-11008,백련산에스케이뷰아이파크,,84.9039,2,2020,87000,2020-10-26,O,20.12.23,,,,
은평구,11380,10600,대조동,231,11380-51,삼성타운,,122.68,9,1997,75600,2020-10-30,,,,,,
은평구,11380,10600,대조동,231,11380-51,삼성타운,,122.68,9,1997,75600,2020-10-30,O,20.12.21,,,,
은평구,11380,10900,신사동,356,11380-65,뉴신사신성,,84.42,12,1993,45000,2020-10-17,,,,,,
은평구,11380,10300,불광동,643,11380-8922,북한산힐스테이트7차,,59.981,3,2011,84500,2020-10-17,,,,,,
은평구,11380,11400,진관동,135,11380-8598,폭포동4단지힐스테이트(426~428동)BL3-11,,134.87,4,2010,117500,2020-10-30,,,,,,
은평구,11380,10200,녹번동,283,11380-11015,래미안베라힐즈,,84.94,2,2019,138500,2020-10-31,,,,,,
은평구,11380,10600,대조동,172-75,11380-10851,호림리슈리안,,56.83,8,2018,48000,2020-10-31,,,,,,
은평구,11380,10300,불광동,248,11380-11,라이프미성,,66.7,14,1988,72700,2020-10-25,,,,,,
은평구,11380,11400,진관동,105,11380-8507,마고정3단지센트레빌(323~335동)BL2-2,,59.36,4,2009,75000,2020-10-26,,,,,,
은평구,11380,11400,진관동,154,11380-8668,은평뉴타운 제각말 푸르지오(5-1단지),,84.89,3,2010,70000,2020-10-26,,,,,,
은평구,11380,11400,진관동,135,11380-8598,폭포동4단지힐스테이트(426~428동)BL3-11,,101.92,2,2010,97000,2020-10-28,,,,,,
은평구,11380,10200,녹번동,282,11380-10967,힐스테이트녹번,,84.898,14,2019,123000,2020-10-23,,,,,,
은평구,11380,10600,대조동,14-320,11380-9772,유성아이비아파트,,40.76,6,2014,33900,2020-10-29,,,,,,
은평구,11380,10300,불광동,248,11380-11,라이프미성,,84.65,13,1988,60000,2020-10-27,,,,,,
은평구,11380,10900,신사동,155-1,11380-71,신성,,61.32,4,1988,41000,2020-10-30,,,,,,
은평구,11380,10700,응암동,764,11380-10719,백련산힐스테이트4차,,84.98,13,2018,107700,2020-10-24,,,,,,
은평구,11380,10700,응암동,119-15,11380-191,자선메르시안(119-15),,63.41,5,2003,31000,2020-10-23,,,,,,
은평구,11380,10900,신사동,297,11380-72,신사씨티,,49.76,13,1993,32000,2020-10-27,,,,,,
은평구,11380,11400,진관동,102,11380-8392,박석고개1단지힐스테이트(116~131동)BL2-1,,101.83,1,2009,80200,2020-10-22,,,,,,
은평구,11380,11400,진관동,135,11380-8598,폭포동4단지힐스테이트(426~428동)BL3-11,,101.95,10,2010,99500,2020-10-29,,,,,,
은평구,11380,10800,역촌동,31-6,11380-8464,아그네스풍림아이원,,103.87,7,2009,63000,2020-10-28,,,,,,
은평구,11380,10100,수색동,75,11380-8443,DMC자이1단지,,124.1,12,2009,119700,2020-10-28,,,,,,
은평구,11380,10300,불광동,645,11380-10903,불광롯데캐슬,,84.99,15,2018,107000,2020-10-24,,,,,,
은평구,11380,10600,대조동,9-20,11380-11085,모아아파트(102동),,39.7,11,2020,30000,2020-10-20,,,,,,
은평구,11380,10400,갈현동,543,11380-28,메카,,59.36,1,2001,30500,2020-10-26,,,,,,
은평구,11380,10900,신사동,372,11380-10944,응암역효성해링턴플레이스,,71.93,3,2019,80200,2020-10-16,,,,,,
은평구,11380,11400,진관동,150,11380-9862,은평뉴타운기자촌11단지,,59.88,2,2015,67000,2020-10-29,,,,,,
은평구,11380,11400,진관동,140,11380-8599,폭포동4단지힐스테이트(408~422동)BL3-9,,101.93,12,2010,98000,2020-10-18,,,,,,
은평구,11380,11400,진관동,6,11380-8022,상림마을7단지아이파크(702~705동)BL1-4,,167.69,3,2008,119000,2020-10-30,,,,,,
은평구,11380,10900,신사동,361,11380-68,삼부,,86.55,11,2001,61000,2020-10-26,,,,,,
은평구,11380,10700,응암동,116-17,11380-111,서강스카이빌2,,156.39,3,2003,74000,2020-10-27,,,,,,
은평구,11380,10500,구산동,169-1,11380-46,한성산장,,102.76,3,1992,36500,2020-10-14,,,,,,
은평구,11380,10200,녹번동,282,11380-10967,힐스테이트녹번,,84.9,6,2019,117000,2020-10-24,,,,,,
은평구,11380,10500,구산동,355-98,11380-7824,동익파크2동(355-98),,84.95,7,1991,43000,2020-10-24,,,,,,
은평구,11380,10800,역촌동,2-38,11380-11083,SM벨리체,,56.59,5,2020,49900,2020-10-19,,,,,,
은평구,11380,10800,역촌동,2-38,11380-11083,SM벨리체,,56.59,8,2020,50700,2020-10-13,,,,,,
은평구,11380,10800,역촌동,2-38,11380-11083,SM벨리체,,56.59,4,2020,49900,2020-10-20,,,,,,
은평구,11380,10800,역촌동,2-38,11380-11083,SM벨리체,,56.59,8,2020,50900,2020-10-15,,,,,,
은평구,11380,10300,불광동,633,11380-263,북한산현대홈타운,,59.9765,2,2004,73000,2020-10-23,,,,,,
은평구,11380,10100,수색동,416-1,11380-173,DMC 진흥,,57.5033,10,2003,70000,2020-10-23,,,,,,
은평구,11380,10800,역촌동,40-55,11380-7749,신아굿모닝(40-55),,60.98,2,2006,29400,2020-10-31,,,,,,
은평구,11380,10600,대조동,15-114,11380-9933,정익제이원아파트(15-114),,28.53,14,2015,33000,2020-10-14,,,,,,
은평구,11380,10700,응암동,764,11380-10719,백련산힐스테이트4차,,59.98,17,2018,86000,2020-10-15,,,,,,
은평구,11380,10600,대조동,9-14,11380-9641,주주베에이,,12.77,11,2014,13000,2020-10-25,,,,,,
은평구,11380,10600,대조동,9-25,11380-9491,대일아이안(9-25),,52.275,7,2013,35500,2020-10-17,,,,,,
은평구,11380,10900,신사동,356,11380-65,뉴신사신성,,84.42,3,1993,47000,2020-10-17,,,,,,
은평구,11380,10700,응암동,117-22,11380-156,응암하이포롬,,40.4,11,2003,20000,2020-10-28,,,,,,
은평구,11380,11400,진관동,62,11380-10938,은평스카이뷰자이,,84.3363,33,2019,105000,2020-10-23,,,,,,
은평구,11380,11400,진관동,107,11380-8489,마고정3단지센트레빌(310~322동)BL2-3,,167.14,6,2009,118500,2020-10-22,,,,,,
은평구,11380,10300,불광동,629,11380-174,대호아파트,,84.81,5,1999,67200,2020-10-24,,,,,,
은평구,11380,10300,불광동,641,11380-8697,북한산현대힐스테이트3차아파트,,115.41,15,2010,118000,2020-10-15,,,,,,
은평구,11380,10300,불광동,217-9,11380-13,삼익(217-9),,84.71,9,1992,50200,2020-10-16,,,,,,
은평구,11380,10500,구산동,355-98,11380-7824,동익파크2동(355-98),,84.95,5,1991,42000,2020-10-24,,,,,,
은평구,11380,11400,진관동,25,11380-8619,구파발9단지래미안(916~928동)BL3-2,,84.83,2,2010,87000,2020-10-24,,,,,,
은평구,11380,11000,증산동,220-1,11380-82,DMC덕원,,35.78,4,1997,42000,2020-10-06,,,,,,
은평구,11380,10900,신사동,367,11380-265,이랜드타운아파트,,84.9287,18,2004,69000,2020-10-21,,,,,,
은평구,11380,11400,진관동,64,11380-10517,힐데스하임,,42.24,15,2017,50000,2020-10-23,,,,,,
은평구,11380,10300,불광동,637,11380-8696,북한산래미안아파트(2단지),,84.9929,14,2010,85000,2020-10-31,,,,,,
은평구,11380,11400,진관동,102,11380-8392,박석고개1단지힐스테이트(116~131동)BL2-1,,59.85,12,2009,84250,2020-10-24,,,,,,
은평구,11380,10400,갈현동,545,11380-123,코오롱하늘채,,123.2858,3,2003,68000,2020-10-14,,,,,,
은평구,11380,10500,구산동,382,11380-24,갈현현대,,114.95,5,1998,59500,2020-10-14,,,,,,
은평구,11380,11400,진관동,15,11380-8027,상림마을7단지아이파크(713~718동)BL1-11,,84.95,6,2008,92000,2020-10-21,,,,,,
은평구,11380,10200,녹번동,183-2,11380-11029,거장메카,,40.97,6,2019,45300,2020-10-15,,,,,,
은평구,11380,10200,녹번동,183-2,11380-11029,거장메카,,40.97,7,2019,45300,2020-10-09,,,,,,
은평구,11380,10700,응암동,763,11380-10357,모아아파트,,57.7,6,2016,51000,2020-10-10,,,,,,
은평구,11380,11400,진관동,84,11380-8515,우물골2단지두산위브(223~244동)BL2-7,,167.52,5,2010,95000,2020-10-28,,,,,,
은평구,11380,11400,진관동,94,11380-8670,은평뉴타운 제각말 푸르지오(5-3단지),,101.85,5,2010,96000,2020-10-26,,,,,,
은평구,11380,10200,녹번동,278-1,11380-1,녹번2현대,,117.35,4,2001,83000,2020-10-16,,,,,,
은평구,11380,10400,갈현동,267-1,11380-27,라이프시티,,79.11,8,1991,41000,2020-10-11,,,,,,
은평구,11380,10300,불광동,645,11380-10903,불광롯데캐슬,,59.99,8,2018,83200,2020-10-29,,,,,,
은평구,11380,10400,갈현동,544,11380-133,갈현삼성,,79.85,2,2003,41000,2020-10-26,,,,,,
은평구,11380,11400,진관동,27,11380-8723,구파발10단지어울림(1011~1019동)BL3-1,,84.78,4,2010,81500,2020-10-10,,,,,,
은평구,11380,10400,갈현동,267-1,11380-27,라이프시티,,79.11,10,1991,44500,2020-10-19,,,,,,
은평구,11380,10500,구산동,224,11380-247,경남아너스빌,,84.69,8,2004,59500,2020-10-11,,,,,,
은평구,11380,11400,진관동,84,11380-8515,우물골2단지두산위브(223~244동)BL2-7,,134.57,10,2010,153000,2020-10-21,,,,,,
은평구,11380,10300,불광동,217-9,11380-13,삼익(217-9),,84.71,6,1992,51500,2020-10-17,,,,,,
은평구,11380,10300,불광동,641,11380-8697,북한산현대힐스테이트3차아파트,,84.96,15,2010,96000,2020-10-06,,,,,,
은평구,11380,10200,녹번동,276,11380-2,대림아파트(276),,84.94,9,1993,74700,2020-10-26,,,,,,
은평구,11380,10800,역촌동,45-30,11380-149,디케이,,84.33,1,2003,34200,2020-10-08,,,,,,
은평구,11380,11400,진관동,14,11380-8026,상림마을8단지롯데캐슬(801~809동)BL1-2,,84.79,2,2008,85000,2020-10-10,,,,,,
은평구,11380,11000,증산동,253,11380-171,자선메르시안(101),,73.02,4,2003,50000,2020-10-22,,,,,,
은평구,11380,10900,신사동,355,11380-105,현대2,,84.83,17,1994,58000,2020-10-18,,,,,,
은평구,11380,10800,역촌동,1-30,11380-211,역촌,,99.68,3,2001,38000,2020-10-21,,,,,,
은평구,11380,10400,갈현동,477-8,11380-41,수정럭스,,67.74,4,2002,35000,2020-10-15,,,,,,
은평구,11380,10600,대조동,186-44,11380-9375,YS홈타운,,16.41,11,2013,8800,2020-10-30,,,,,,
은평구,11380,10200,녹번동,282,11380-10967,힐스테이트녹번,,84.898,18,2019,123000,2020-10-20,,,,,,
은평구,11380,10400,갈현동,537,11380-36,갈현동현대,,109.33,11,1997,74000,2020-10-19,,,,,,
은평구,11380,11400,진관동,25,11380-8619,구파발9단지래미안(916~928동)BL3-2,,134.83,8,2010,107000,2020-10-15,,,,,,
은평구,11380,10700,응암동,761,11380-9188,백련산힐스테이트3차,,84.32,6,2011,91900,2020-10-10,,,,,,
은평구,11380,10800,역촌동,2-38,11380-11083,SM벨리체,,55.76,11,2020,53900,2020-10-23,,,,,,
은평구,11380,10200,녹번동,281,11380-10020,북한산푸르지오,,59.99,6,2015,88500,2020-10-14,,,,,,
은평구,11380,11400,진관동,60,11380-10714,은평뉴타운솔하임,,45.034,13,2017,51900,2020-10-23,,,,,,
은평구,11380,10600,대조동,186-12,11380-10570,정익제이원6차,,29.95,14,2017,23500,2020-10-07,,,,,,
은평구,11380,10800,역촌동,232,11380-8811,역촌센트레빌,,113.92,7,2011,71000,2020-10-22,,,,,,
은평구,11380,11400,진관동,92,11380-8666,은평뉴타운 제각말 푸르지오(5-4단지),,101.9,8,2010,92000,2020-10-13,,,,,,
은평구,11380,10700,응암동,116-24,11380-7735,서강스카이빌3(116-24),,84.98,4,2006,58300,2020-10-04,,,,,,
은평구,11380,11400,진관동,2,11380-8019,상림마을6단지푸르지오(606~614동)BL1-7,,101.61,3,2008,85800,2020-10-17,,,,,,
은평구,11380,10700,응암동,110-1,11380-11101,위산일리온시티,,19.42,13,2020,22800,2020-10-17,,,,,,
은평구,11380,10900,신사동,155-1,11380-71,신성,,61.32,10,1988,40750,2020-10-10,,,,,,
은평구,11380,11400,진관동,12,11380-8024,상림마을7단지아이파크(709~712동)BL1-10,,84.42,5,2008,85400,2020-10-26,,,,,,
은평구,11380,10400,갈현동,542-1,11380-37,현재트윈빌,,113.02,2,2000,45000,2020-10-07,,,,,,
은평구,11380,10400,갈현동,545,11380-123,코오롱하늘채,,84.9462,8,2003,65800,2020-10-24,,,,,,
은평구,11380,10500,구산동,25-53,11380-401,우신,,54.18,6,1995,17800,2020-10-24,,,,,,
은평구,11380,10700,응암동,767,11380-11008,백련산에스케이뷰아이파크,,59.8545,2,2020,87000,2020-10-26,O,20.12.23,,,,
은평구,11380,11400,진관동,20,11380-8029,상림마을8단지롯데캐슬(821~830동)BL1-12,,84.97,5,2008,87500,2020-10-22,,,,,,
은평구,11380,10200,녹번동,283,11380-11015,래미안베라힐즈,,59.98,18,2019,95000,2020-10-13,,,,,,
은평구,11380,10900,신사동,371,11380-9151,은평신사두산위브2차,,84.99,3,2011,73500,2020-10-20,,,,,,
은평구,11380,10200,녹번동,280-1,11380-6,녹번JR아파트,,59.866,10,2002,63000,2020-10-26,,,,,,
은평구,11380,11400,진관동,65,11380-10527,은평뉴타운엘크루,,59.98,11,2017,76500,2020-10-19,,,,,,
은평구,11380,10700,응암동,762,11380-9567,녹번역센트레빌,,84.9,7,2013,84300,2020-10-24,,,,,,
은평구,11380,10800,역촌동,2-38,11380-11083,SM벨리체,,56.59,6,2020,49900,2020-10-07,,,,,,
은평구,11380,11400,진관동,83,11380-8505,우물골2단지두산위브(204~208동)BL2-5,,84.04,1,2009,86800,2020-10-26,,,,,,
은평구,11380,10800,역촌동,2-38,11380-11083,SM벨리체,,56.59,7,2020,49900,2020-10-05,,,,,,
은평구,11380,11400,진관동,60,11380-10714,은평뉴타운솔하임,,14.235,15,2017,14000,2020-10-26,,,,,,
은평구,11380,11400,진관동,5,11380-8021,상림마을6단지푸르지오(622~629동)BL1-5,,134.96,9,2008,90000,2020-10-13,,,,,,
은평구,11380,10900,신사동,365,11380-120,신사동한신휴플러스,,84.65,3,2003,76500,2020-10-21,,,,,,
은평구,11380,10900,신사동,365,11380-120,신사동한신휴플러스,,59.76,13,2003,60000,2020-10-24,,,,,,
은평구,11380,10700,응암동,759,11380-9190,백련산힐스테이트1차,,59.85,4,2011,77000,2020-10-24,,,,,,
은평구,11380,10700,응암동,767,11380-11008,백련산에스케이뷰아이파크,,59.8545,19,2020,87500,2020-10-24,,,,,,
은평구,11380,10700,응암동,176,11380-7855,응암푸르지오,,84.2,10,2008,73500,2020-10-24,,,,,,
은평구,11380,10700,응암동,759,11380-9190,백련산힐스테이트1차,,84.59,4,2011,80000,2020-10-24,,,,,,
은평구,11380,10200,녹번동,168-33,11380-395,대신홈타운(168-33),,83.85,6,2000,39500,2020-10-17,,,,,,
은평구,11380,10800,역촌동,58-33,11380-8501,신아굿모닝,,70.68,4,2009,33800,2020-10-17,,,,,,
은평구,11380,11400,진관동,65,11380-10527,은평뉴타운엘크루,,59.98,5,2017,72000,2020-10-03,,,,,,
은평구,11380,10700,응암동,762,11380-9567,녹번역센트레빌,,114.99,6,2013,95000,2020-10-10,,,,,,
은평구,11380,11400,진관동,64,11380-10517,힐데스하임,,42.24,14,2017,48000,2020-10-05,,,,,,
은평구,11380,11400,진관동,6,11380-8022,상림마을7단지아이파크(702~705동)BL1-4,,84.97,7,2008,69000,2020-10-23,,,,,,
은평구,11380,10700,응암동,739,11380-7650,응암동금호,,59.82,6,1998,58500,2020-10-16,,,,,,
은평구,11380,11400,진관동,25,11380-8619,구파발9단지래미안(916~928동)BL3-2,,84.98,7,2010,87500,2020-10-22,,,,,,
은평구,11380,11000,증산동,254,11380-254,DMC문영퀸즈파크아파트,,84.92,5,2004,58000,2020-10-21,,,,,,
은평구,11380,11400,진관동,6,11380-8022,상림마을7단지아이파크(702~705동)BL1-4,,101.93,8,2008,97700,2020-10-20,,,,,,
은평구,11380,10500,구산동,222,11380-135,세화샤이닝1,,76.9253,1,2003,32000,2020-10-15,,,,,,
은평구,11380,10700,응암동,714,11380-53,경남,,74.21,5,1995,49300,2020-10-20,,,,,,
은평구,11380,10300,불광동,641,11380-8697,북한산현대힐스테이트3차아파트,,84.98,12,2010,87000,2020-10-14,,,,,,
은평구,11380,10200,녹번동,281,11380-10020,북한산푸르지오,,59.99,9,2015,86000,2020-10-21,,,,,,
은평구,11380,10700,응암동,739,11380-7650,응암동금호,,59.82,11,1998,58000,2020-10-21,,,,,,
은평구,11380,11400,진관동,27,11380-8723,구파발10단지어울림(1011~1019동)BL3-1,,84.8,2,2010,81800,2020-10-11,,,,,,
은평구,11380,10300,불광동,311-13,11380-12,극동메트로타워,,97.29,14,2001,75000,2020-10-21,,,,,,
은평구,11380,10300,불광동,455,11380-15,쉐라톤,,84.88,1,1997,34500,2020-10-12,,,,,,
은평구,11380,10700,응암동,764,11380-10719,백련산힐스테이트4차,,59.98,17,2018,86000,2020-10-15,O,20.11.10,,,,
은평구,11380,10500,구산동,355-95,11380-26,동익파크1동(355-95),,84.98,2,1991,40500,2020-10-14,,,,,,
은평구,11380,10900,신사동,354,11380-67,라이프씨티,,59.32,6,1992,40000,2020-10-10,,,,,,
은평구,11380,10600,대조동,9-46,11380-9487,미래하임(9-46),,39.92,6,2013,32000,2020-10-20,,,,,,
은평구,11380,10600,대조동,231,11380-51,삼성타운,,59.4,15,1997,50000,2020-10-18,,,,,,
은평구,11380,10800,역촌동,232,11380-8811,역촌센트레빌,,59.86,1,2011,59500,2020-10-21,,,,,,
은평구,11380,10700,응암동,122-13,11380-199,예청A,,48.28,5,2002,30600,2020-10-05,,,,,,
은평구,11380,11400,진관동,2,11380-8019,상림마을6단지푸르지오(606~614동)BL1-7,,101.61,4,2008,85500,2020-10-19,,,,,,
은평구,11380,10700,응암동,764,11380-10719,백련산힐스테이트4차,,59.98,11,2018,86400,2020-10-16,,,,,,
은평구,11380,10300,불광동,638,11380-8699,북한산래미안아파트(1단지),,59.9932,2,2010,76500,2020-10-10,,,,,,
은평구,11380,10200,녹번동,100-55,11380-4,녹번현대아파트,,75.11,4,1989,33000,2020-10-20,,,,,,
은평구,11380,10800,역촌동,2-38,11380-11083,SM벨리체,,55.76,8,2020,53900,2020-10-12,,,,,,
은평구,11380,10700,응암동,759,11380-9190,백련산힐스테이트1차,,59.63,5,2011,77900,2020-10-19,,,,,,
은평구,11380,10700,응암동,590-15,11380-10359,유성아이비아파트,,58.01,12,2016,39000,2020-10-12,,,,,,
은평구,11380,10500,구산동,25-41,11380-383,온세,,79.95,4,2004,40000,2020-10-16,,,,,,
은평구,11380,11400,진관동,101,11380-8391,박석고개1단지힐스테이트(101~111동)BL2-12,,59.85,7,2009,76000,2020-10-10,,,,,,
은평구,11380,10300,불광동,217-9,11380-13,삼익(217-9),,84.71,11,1992,54000,2020-10-17,,,,,,
은평구,11380,10300,불광동,643,11380-8922,북한산힐스테이트7차,,59.981,3,2011,84500,2020-10-17,O,20.12.16,,,,
은평구,11380,11000,증산동,185-2,11380-388,칠산(185-2),,112.05,3,1995,57500,2020-10-17,,,,,,
은평구,11380,10300,불광동,645,11380-10903,불광롯데캐슬,,59.99,4,2018,84000,2020-10-12,,,,,,
은평구,11380,10200,녹번동,276,11380-2,대림아파트(276),,84.94,1,1993,69500,2020-10-10,,,,,,
은평구,11380,10700,응암동,762,11380-9567,녹번역센트레빌,,84.9,1,2013,80500,2020-10-18,,,,,,
은평구,11380,10500,구산동,26-25,11380-48,태영홈아파트,,80.64,7,2002,38200,2020-10-06,,,,,,
은평구,11380,11400,진관동,19,11380-8028,상림마을8단지롯데캐슬(810~820동)BL1-1,,84.79,5,2008,89000,2020-10-19,,,,,,
은평구,11380,11400,진관동,3,11380-8020,상림마을6단지푸르지오(601~605동)BL1-8,,84.97,5,2008,81000,2020-10-10,,,,,,
은평구,11380,10700,응암동,759,11380-9190,백련산힐스테이트1차,,59.95,6,2011,75700,2020-10-16,,,,,,
은평구,11380,11400,진관동,107,11380-8489,마고정3단지센트레빌(310~322동)BL2-3,,84.04,4,2009,85000,2020-10-06,,,,,,
은평구,11380,10900,신사동,200-28,11380-81,성현,,62.1,6,2002,28000,2020-10-09,,,,,,
은평구,11380,10900,신사동,358,11380-69,신성수정,,59.63,12,1996,42000,2020-10-06,,,,,,
은평구,11380,11000,증산동,173-1,11380-9047,디오반,,14.46,2,2011,11900,2020-10-15,,,,,,
은평구,11380,10900,신사동,297,11380-72,신사씨티,,58.09,19,1993,39300,2020-10-10,,,,,,
은평구,11380,10600,대조동,4-18,11380-9311,아이안빌,,31.32,13,2012,26500,2020-10-05,,,,,,
은평구,11380,10800,역촌동,85-12,11380-255,센타폴리스,,136.83,8,2004,80000,2020-10-13,,,,,,
은평구,11380,10700,응암동,176,11380-7855,응암푸르지오,,84.2,6,2008,70000,2020-10-12,,,,,,
은평구,11380,11400,진관동,105,11380-8507,마고정3단지센트레빌(323~335동)BL2-2,,59.36,4,2009,75000,2020-10-13,O,20.11.25,,,,
은평구,11380,10700,응암동,738,11380-60,해태드림타운,,54.6,15,1997,32000,2020-10-05,,,,,,
은평구,11380,10400,갈현동,542-1,11380-37,현재트윈빌,,170.1,11,2000,63000,2020-10-08,,,,,,
은평구,11380,10900,신사동,297,11380-72,신사씨티,,58.09,18,1993,39600,2020-10-05,,,,,,
은평구,11380,11400,진관동,2,11380-8019,상림마을6단지푸르지오(606~614동)BL1-7,,101.82,14,2008,89000,2020-10-11,,,,,,
은평구,11380,10900,신사동,354,11380-67,라이프씨티,,83.04,13,1992,53500,2020-10-11,,,,,,
은평구,11380,10700,응암동,768,11380-11061,백련산해모로,,84.99,11,2020,104500,2020-10-08,,,,,,
은평구,11380,11000,증산동,173-1,11380-9047,디오반,,14.46,6,2011,12400,2020-10-12,,,,,,
은평구,11380,11400,진관동,19,11380-8028,상림마을8단지롯데캐슬(810~820동)BL1-1,,101.93,9,2008,97500,2020-10-09,,,,,,
은평구,11380,10700,응암동,759,11380-9190,백련산힐스테이트1차,,84.37,6,2011,86500,2020-10-12,,,,,,
은평구,11380,10800,역촌동,2-38,11380-11083,SM벨리체,,55.76,9,2020,53900,2020-10-05,,,,,,
서대문구,11410,11800,홍은동,463,11410-4044,동원베네스트,,84.9386,8,2012,66300,2020-10-20,,,,,,
서대문구,11410,11900,북가좌동,459,11410-3677,DMC두산위브,,84.9623,8,2007,87000,2020-10-31,,,,,,
서대문구,11410,11200,대현동,104-36,11410-4373,신촌자이엘라,,22.13,22,2014,27000,2020-10-27,,,,,,
서대문구,11410,11900,북가좌동,449,11410-106,북가좌삼호,,75.75,5,1996,68500,2020-10-21,,,,,,
서대문구,11410,11900,북가좌동,431,11410-108,DMC한양,,55.44,1,1987,48000,2020-10-08,,,,,,
서대문구,11410,11900,북가좌동,481,11410-4085,DMC래미안e편한세상,,59.97,6,2012,100000,2020-10-27,,,,,,
서대문구,11410,11100,홍제동,469,11410-3893,인왕산한신휴플러스,,84.925,13,2009,89500,2020-10-31,,,,,,
서대문구,11410,11100,홍제동,342,11410-62,중앙하이츠,,84.79,2,2001,57300,2020-10-28,,,,,,
서대문구,11410,11000,북아현동,1013,11410-4618,e편한세상신촌2단지,,84.93,12,2018,161800,2020-10-31,,,,,,
서대문구,11410,11100,홍제동,453,11410-63,청구1차,,84.78,7,1994,86000,2020-10-31,,,,,,
서대문구,11410,11100,홍제동,454,11410-55,유원하나,,103.11,4,1996,64500,2020-10-29,,,,,,
서대문구,11410,11900,북가좌동,481,11410-4085,DMC래미안e편한세상,,120.95,23,2012,139000,2020-10-28,,,,,,
서대문구,11410,11100,홍제동,463,11410-49,문화촌현대,,84.99,17,2002,77500,2020-10-31,,,,,,
서대문구,11410,12000,남가좌동,377,11410-102,DMC래미안클라시스,,84.9,3,2000,91500,2020-10-30,,,,,,
서대문구,11410,11900,북가좌동,481,11410-4085,DMC래미안e편한세상,,84.95,1,2012,105500,2020-10-31,,,,,,
서대문구,11410,11100,홍제동,82,11410-67,홍제한양,,84.77,11,1993,83600,2020-10-28,,,,,,
서대문구,11410,10300,합동,118,11410-3838,에스케이뷰,,84.98,5,2008,100000,2020-10-26,,,,,,
서대문구,11410,12000,남가좌동,388,11410-4762,DMC센트럴아이파크,,59.91,9,2018,105000,2020-10-26,,,,,,
서대문구,11410,11000,북아현동,1013,11410-4619,e편한세상신촌1단지,,84.98,18,2018,160000,2020-10-31,,,,,,
서대문구,11410,11100,홍제동,454,11410-55,유원하나,,82.35,7,1996,64000,2020-10-31,,,,,,
서대문구,11410,11000,북아현동,1011,11410-4476,신촌푸르지오,,84.9892,17,2015,155000,2020-10-21,,,,,,
서대문구,11410,11000,북아현동,1013,11410-4619,e편한세상신촌1단지,,59.85,3,2018,133400,2020-10-22,,,,,,
서대문구,11410,11100,홍제동,342,11410-62,중앙하이츠,,84.79,1,2001,55000,2020-10-24,,,,,,
서대문구,11410,11800,홍은동,186-25,11410-115,서강2차(2동),,93.91,9,1989,41000,2020-10-22,,,,,,
서대문구,11410,11100,홍제동,459,11410-73,홍제원현대(459-0),,84.9,4,2000,86000,2020-10-29,,,,,,
서대문구,11410,11000,북아현동,1013,11410-4617,e편한세상신촌3단지,,59.97,11,2018,132500,2020-10-27,,,,,,
서대문구,11410,11100,홍제동,463,11410-49,문화촌현대,,59.94,9,2002,66500,2020-10-31,,,,,,
서대문구,11410,11100,홍제동,463,11410-49,문화촌현대,,84.99,14,2002,80000,2020-10-31,,,,,,
서대문구,11410,11100,홍제동,82,11410-67,홍제한양,,60.06,13,1993,73500,2020-10-24,,,,,,
서대문구,11410,11900,북가좌동,481,11410-4085,DMC래미안e편한세상,,120.93,10,2012,134000,2020-10-24,,,,,,
서대문구,11410,12000,남가좌동,385,11410-4480,DMC파크뷰자이2단지,,84.968,16,2015,130000,2020-10-24,,,,,,
서대문구,11410,11000,북아현동,1013,11410-4617,e편한세상신촌3단지,,84.93,10,2018,159500,2020-10-25,,,,,,
서대문구,11410,10900,현저동,200,11410-10,독립문극동(200-0),,84.87,7,1998,99000,2020-10-24,,,,,,
서대문구,11410,10900,현저동,200,11410-10,독립문극동(200-0),,84.87,23,1998,97000,2020-10-20,,,,,,
서대문구,11410,11000,북아현동,1009,11410-13,두산,,59.96,5,1999,80250,2020-10-21,,,,,,
서대문구,11410,12000,남가좌동,376,11410-104,남가좌동현대,,59.4,6,1999,72000,2020-10-29,,,,,,
서대문구,11410,12000,남가좌동,376,11410-104,남가좌동현대,,59.4,5,1999,70000,2020-10-18,,,,,,
서대문구,11410,11100,홍제동,460,11410-60,인왕산현대,,84.9,10,2000,88500,2020-10-26,,,,,,
서대문구,11410,11000,북아현동,1013,11410-4617,e편한세상신촌3단지,,59.85,17,2018,138000,2020-10-31,,,,,,
서대문구,11410,10900,현저동,200,11410-10,독립문극동(200-0),,102.45,15,1998,120000,2020-10-17,,,,,,
서대문구,11410,11100,홍제동,342,11410-62,중앙하이츠,,59.23,11,2001,49900,2020-10-24,,,,,,
서대문구,11410,11000,북아현동,1013,11410-4618,e편한세상신촌2단지,,59.85,2,2018,135500,2020-10-30,,,,,,
서대문구,11410,11800,홍은동,277-105,11410-188,백련,,84.6,4,2004,30000,2020-10-29,,,,,,
서대문구,11410,12000,남가좌동,345-4,11410-100,백련미라보,,39.69,6,1992,21800,2020-10-28,,,,,,
서대문구,11410,11100,홍제동,455,11410-69,현대그린,,84.96,5,1996,68900,2020-10-24,,,,,,
서대문구,11410,11000,북아현동,1013,11410-4618,e편한세상신촌2단지,,84.93,8,2018,162000,2020-10-29,,,,,,
서대문구,11410,11900,북가좌동,481,11410-4085,DMC래미안e편한세상,,120.95,12,2012,135000,2020-10-17,,,,,,
서대문구,11410,11200,대현동,144,11410-22,신촌럭키,,83.38,5,1999,94500,2020-10-16,,,,,,
서대문구,11410,11800,홍은동,465,11410-4755,HDX휴팰리스,,59.1032,8,2018,60000,2020-10-12,,,,,,
서대문구,11410,11100,홍제동,453,11410-63,청구1차,,84.78,14,1994,83000,2020-10-22,,,,,,
서대문구,11410,11000,북아현동,1013,11410-4645,e편한세상신촌4단지,,84.82,10,2018,165000,2020-10-24,,,,,,
서대문구,11410,11900,북가좌동,481,11410-4085,DMC래미안e편한세상,,84.95,7,2012,110000,2020-10-17,,,,,,
서대문구,11410,11100,홍제동,322-134,11410-123,송도그린빌A동,,52.54,7,2003,34300,2020-10-12,,,,,,
서대문구,11410,12000,남가좌동,385,11410-4479,DMC파크뷰자이1단지,,84.971,10,2015,119000,2020-10-17,,,,,,
서대문구,11410,11100,홍제동,459,11410-73,홍제원현대(459-0),,114.72,18,2000,95000,2020-10-15,,,,,,
서대문구,11410,11800,홍은동,277-104,11410-177,Elleville,,162.64,1,2000,54500,2020-10-21,,,,,,
서대문구,11410,12000,남가좌동,388,11410-4762,DMC센트럴아이파크,,103.89,11,2018,139800,2020-10-17,,,,,,
서대문구,11410,12000,남가좌동,385,11410-4481,DMC파크뷰자이3단지,,59.981,3,2015,98000,2020-10-22,,,,,,
서대문구,11410,11000,북아현동,1006,11410-14,북아현경남,,59.77,6,1996,111650,2020-10-12,,,,,,
서대문구,11410,12000,남가좌동,377,11410-102,DMC래미안클라시스,,59.93,6,2000,81700,2020-10-20,,,,,,
서대문구,11410,10300,합동,118,11410-3838,에스케이뷰,,84.909,14,2008,109500,2020-10-31,,,,,,
서대문구,11410,11800,홍은동,398-6,11410-3865,명가,,48.34,6,2009,27500,2020-10-23,,,,,,
서대문구,11410,11800,홍은동,460,11410-96,홍은동풍림아이원,,130.539,7,2002,73500,2020-10-20,,,,,,
서대문구,11410,10900,현저동,1019,11410-11,독립문파크빌,,59.4,8,2000,62000,2020-10-10,,,,,,
서대문구,11410,10300,합동,118,11410-3838,에스케이뷰,,84.909,17,2008,113000,2020-10-24,,,,,,
서대문구,11410,11100,홍제동,459,11410-73,홍제원현대(459-0),,84.9,18,2000,93000,2020-10-18,,,,,,
서대문구,11410,11200,대현동,144,11410-22,신촌럭키,,83.38,2,1999,94000,2020-10-20,,,,,,
서대문구,11410,12000,남가좌동,376,11410-104,남가좌동현대,,59.4,7,1999,71500,2020-10-23,,,,,,
서대문구,11410,11700,연희동,739,11410-28,대우푸르지오,,59.79,19,2002,80000,2020-10-23,,,,,,
서대문구,11410,11000,북아현동,1-106,11410-132,수목아이엠,,77.01,5,2003,102000,2020-10-16,,,,,,
서대문구,11410,11100,홍제동,463,11410-49,문화촌현대,,84.99,2,2002,69900,2020-10-10,,,,,,
서대문구,11410,10900,현저동,200,11410-10,독립문극동(200-0),,102.45,2,1998,105000,2020-10-09,,,,,,
서대문구,11410,11000,북아현동,1009,11410-13,두산,,59.96,16,1999,79500,2020-10-24,,,,,,
서대문구,11410,11100,홍제동,460,11410-60,인왕산현대,,114.72,6,2000,97300,2020-10-16,,,,,,
서대문구,11410,11800,홍은동,202-5,11410-95,"현대(1,2차)",,59.96,15,1988,62000,2020-10-26,,,,,,
서대문구,11410,11800,홍은동,453-2,11410-93,풍림2,,66.69,4,1990,60000,2020-10-17,,,,,,
서대문구,11410,11000,북아현동,1009,11410-13,두산,,59.96,2,1999,76700,2020-10-16,,,,,,
서대문구,11410,11000,북아현동,1009,11410-13,두산,,59.96,13,1999,79800,2020-10-17,,,,,,
서대문구,11410,12000,남가좌동,385,11410-4482,DMC파크뷰자이4단지,,84.968,2,2015,110000,2020-10-09,,,,,,
서대문구,11410,10500,냉천동,260,11410-7,동부센트레빌,,84.93,12,2002,90000,2020-10-05,,,,,,
서대문구,11410,12000,남가좌동,385,11410-4480,DMC파크뷰자이2단지,,84.968,11,2015,128500,2020-10-24,,,,,,
서대문구,11410,12000,남가좌동,376,11410-104,남가좌동현대,,59.4,14,1999,70500,2020-10-17,,,,,,
서대문구,11410,12000,남가좌동,385,11410-4479,DMC파크뷰자이1단지,,84.971,19,2015,124300,2020-10-07,,,,,,
서대문구,11410,11100,홍제동,322-87,11410-157,풍진베이스타운,,84.44,3,2004,38000,2020-10-09,,,,,,
서대문구,11410,11800,홍은동,202-5,11410-95,"현대(1,2차)",,73.98,8,1988,70900,2020-10-24,,,,,,
서대문구,11410,10800,영천동,100,11410-9,독립문삼호,,84.78,13,1995,98000,2020-10-18,,,,,,
서대문구,11410,11800,홍은동,산11-244,11410-3755,세한숲속마을,,83.91,15,2002,43500,2020-10-06,,,,,,
서대문구,11410,11100,홍제동,131-9,11410-3469,그레이스(B동),,83.7,1,2005,49900,2020-10-15,,,,,,
서대문구,11410,11100,홍제동,471,11410-4537,금호어울림,,84.7861,11,2016,92500,2020-10-17,,,,,,
서대문구,11410,11800,홍은동,186-1,11410-84,홍은미성,,83.61,11,1985,59900,2020-10-15,,,,,,
서대문구,11410,12000,남가좌동,388,11410-4762,DMC센트럴아이파크,,59.91,6,2018,105000,2020-10-17,,,,,,
서대문구,11410,11100,홍제동,453,11410-63,청구1차,,84.78,7,1994,80500,2020-10-24,,,,,,
서대문구,11410,10300,합동,118,11410-3838,에스케이뷰,,84.909,11,2008,107000,2020-10-14,,,,,,
서대문구,11410,11100,홍제동,468,11410-3599,홍제비콘드림힐,,64.274,8,2006,59000,2020-10-24,,,,,,
서대문구,11410,11700,연희동,700,11410-27,대림,,84.74,4,1993,70000,2020-10-21,,,,,,
서대문구,11410,12000,남가좌동,385,11410-4479,DMC파크뷰자이1단지,,84.971,12,2015,122500,2020-10-17,,,,,,
서대문구,11410,11700,연희동,743,11410-3532,우국한마음,,84.84,5,2005,49000,2020-10-09,,,,,,
서대문구,11410,11100,홍제동,315-7,11410-52,서울맨션,,48.69,5,1972,37000,2020-10-19,,,,,,
서대문구,11410,11900,북가좌동,449,11410-106,북가좌삼호,,114.03,10,1996,94500,2020-10-11,,,,,,
서대문구,11410,12000,남가좌동,376,11410-104,남가좌동현대,,59.4,6,1999,72000,2020-10-17,,,,,,
서대문구,11410,11100,홍제동,453,11410-63,청구1차,,84.78,10,1994,86000,2020-10-17,,,,,,
서대문구,11410,11600,창천동,511-5,11410-164,래디앙,,122.9,6,2003,73500,2020-10-24,,,,,,
서대문구,11410,11100,홍제동,463,11410-49,문화촌현대,,59.94,16,2002,60000,2020-10-16,,,,,,
서대문구,11410,11900,북가좌동,467,11410-3743,DMC서부인터빌,,84.66,2,2008,63000,2020-10-20,,,,,,
서대문구,11410,11700,연희동,739,11410-28,대우푸르지오,,59.584,4,2002,75000,2020-10-17,,,,,,
서대문구,11410,11900,북가좌동,453,11410-109,DMC현대아파트,,59.91,2,2000,58800,2020-10-10,,,,,,
서대문구,11410,11600,창천동,510-2,11410-4202,3RU-City,,25.06,11,2013,22000,2020-10-20,,,,,,
서대문구,11410,11000,북아현동,1009,11410-13,두산,,59.96,17,1999,80000,2020-10-24,,,,,,
서대문구,11410,12000,남가좌동,381,11410-3900,DMC센트레빌,,59.95,5,2009,89900,2020-10-24,,,,,,
서대문구,11410,11100,홍제동,82,11410-67,홍제한양,,60.06,3,1993,73000,2020-10-21,,,,,,
서대문구,11410,11100,홍제동,82,11410-67,홍제한양,,60.06,10,1993,73000,2020-10-23,,,,,,
서대문구,11410,11100,홍제동,82,11410-67,홍제한양,,60.06,4,1993,68000,2020-10-17,,,,,,
서대문구,11410,12000,남가좌동,385,11410-4480,DMC파크뷰자이2단지,,84.909,22,2015,126000,2020-10-14,,,,,,
서대문구,11410,11800,홍은동,453-2,11410-93,풍림2,,66.69,13,1990,64500,2020-10-04,,,,,,
서대문구,11410,11900,북가좌동,481,11410-4085,DMC래미안e편한세상,,84.95,1,2012,109500,2020-10-11,,,,,,
서대문구,11410,11800,홍은동,464,11410-4702,북한산더샵,,84.85,3,2017,110000,2020-10-21,,,,,,
서대문구,11410,11800,홍은동,463,11410-4044,동원베네스트,,84.9772,4,2012,65000,2020-10-16,,,,,,
서대문구,11410,11100,홍제동,459,11410-73,홍제원현대(459-0),,59.93,13,2000,77300,2020-10-09,,,,,,
서대문구,11410,12000,남가좌동,385,11410-4479,DMC파크뷰자이1단지,,152.146,5,2015,157000,2020-10-16,,,,,,
서대문구,11410,11100,홍제동,460,11410-60,인왕산현대,,84.9,1,2000,75000,2020-10-10,,,,,,
서대문구,11410,12000,남가좌동,385,11410-4480,DMC파크뷰자이2단지,,84.99,8,2015,127000,2020-10-12,,,,,,
서대문구,11410,11900,북가좌동,467,11410-3743,DMC서부인터빌,,84.66,12,2008,70500,2020-10-18,,,,,,
서대문구,11410,11100,홍제동,247-19,11410-154,홍일,,54.88,6,1969,35300,2020-10-08,,,,,,
서대문구,11410,10900,현저동,1019,11410-11,독립문파크빌,,59.4,15,2000,64800,2020-10-14,,,,,,
서대문구,11410,11900,북가좌동,481,11410-4085,DMC래미안e편한세상,,84.95,6,2012,120000,2020-10-21,,,,,,
서대문구,11410,11100,홍제동,453-1,11410-64,청구2차,,59.89,14,1997,70000,2020-10-21,,,,,,
서대문구,11410,11800,홍은동,22,11410-89,유원,,64.26,7,1987,47000,2020-10-22,,,,,,
서대문구,11410,11700,연희동,105-4,11410-34,은하,,49.59,3,1971,13500,2020-10-20,,,,,,
서대문구,11410,11100,홍제동,454,11410-55,유원하나,,58.77,12,1996,47000,2020-10-15,,,,,,
서대문구,11410,11100,홍제동,459,11410-73,홍제원현대(459-0),,59.93,18,2000,73000,2020-10-14,,,,,,
서대문구,11410,11100,홍제동,463,11410-49,문화촌현대,,84.99,15,2002,71000,2020-10-15,,,,,,
서대문구,11410,11800,홍은동,461,11410-3898,홍은센트레빌,,84.84,4,2009,88500,2020-10-12,,,,,,
서대문구,11410,11800,홍은동,463,11410-4044,동원베네스트,,84.9386,8,2012,66300,2020-10-21,,,,,,
서대문구,11410,11800,홍은동,457,11410-81,동일,,84.98,13,1997,60000,2020-10-21,,,,,,
서대문구,11410,11800,홍은동,454,11410-77,극동,,84.92,13,1995,53000,2020-10-13,,,,,,
서대문구,11410,12000,남가좌동,377,11410-102,DMC래미안클라시스,,114.88,17,2000,98000,2020-10-12,,,,,,
서대문구,11410,11800,홍은동,277-104,11410-177,Elleville,,162.64,3,2000,60000,2020-10-21,,,,,,
서대문구,11410,11100,홍제동,468,11410-3599,홍제비콘드림힐,,84.9,4,2006,61500,2020-10-10,,,,,,
서대문구,11410,11900,북가좌동,467,11410-3743,DMC서부인터빌,,84.66,7,2008,70700,2020-10-12,,,,,,
서대문구,11410,12000,남가좌동,376,11410-104,남가좌동현대,,59.4,7,1999,68000,2020-10-14,,,,,,
서대문구,11410,11800,홍은동,8-26,11410-91,초원,,49.26,4,1988,18300,2020-10-06,,,,,,
서대문구,11410,12000,남가좌동,385,11410-4479,DMC파크뷰자이1단지,,84.968,12,2015,119800,2020-10-17,,,,,,
서대문구,11410,12000,남가좌동,385,11410-4479,DMC파크뷰자이1단지,,84.971,4,2015,128700,2020-10-07,,,,,,
서대문구,11410,10800,영천동,100,11410-9,독립문삼호,,108.63,14,1995,115000,2020-10-11,,,,,,
서대문구,11410,11900,북가좌동,481,11410-4085,DMC래미안e편한세상,,120.95,8,2012,143000,2020-10-07,,,,,,
서대문구,11410,11800,홍은동,202-5,11410-95,"현대(1,2차)",,84.77,2,1988,69500,2020-10-18,,,,,,
서대문구,11410,11100,홍제동,82,11410-67,홍제한양,,84.77,4,1993,86000,2020-10-13,,,,,,
서대문구,11410,11800,홍은동,454,11410-77,극동,,84.92,9,1995,46500,2020-10-10,,,,,,
서대문구,11410,11100,홍제동,461,11410-71,홍제삼성래미안,,32.76,4,2001,50300,2020-10-17,,,,,,
서대문구,11410,11100,홍제동,454,11410-55,유원하나,,72.34,15,1996,53800,2020-10-13,,,,,,
서대문구,11410,10900,현저동,200,11410-10,독립문극동(200-0),,102.45,9,1998,97900,2020-10-14,,,,,,
서대문구,11410,12000,남가좌동,387,11410-4634,디엠씨엘가,,13.03,3,2017,16700,2020-10-15,,,,,,
서대문구,11410,12000,남가좌동,385,11410-4479,DMC파크뷰자이1단지,,84.971,7,2015,127700,2020-10-15,,,,,,
서대문구,11410,11100,홍제동,469,11410-3893,인왕산한신휴플러스,,125.256,13,2009,85000,2020-10-14,,,,,,
서대문구,11410,11700,연희동,745,11410-4254,연희자이엘라,,13.642,11,2014,16800,2020-10-10,,,,,,
서대문구,11410,12000,남가좌동,385,11410-4479,DMC파크뷰자이1단지,,121.614,7,2015,150000,2020-10-13,,,,,,
서대문구,11410,11000,북아현동,1-52,11410-143,건일팰리스,,84.54,1,2004,53000,2020-10-08,,,,,,
서대문구,11410,12000,남가좌동,387,11410-4634,디엠씨엘가,,41.23,4,2017,45000,2020-10-10,,,,,,
서대문구,11410,11100,홍제동,463,11410-49,문화촌현대,,59.94,8,2002,63000,2020-10-06,,,,,,
서대문구,11410,11600,창천동,510-2,11410-4202,3RU-City,,17.19,8,2013,18000,2020-10-08,,,,,,
서대문구,11410,11100,홍제동,463,11410-49,문화촌현대,,84.99,4,2002,76700,2020-10-06,,,,,,
서대문구,11410,11800,홍은동,440-3,11410-92,풍림1차,,64.53,12,1988,47700,2020-10-09,,,,,,
서대문구,11410,11700,연희동,738,11410-35,임광,,59.96,5,1999,64000,2020-10-07,,,,,,
서대문구,11410,11900,북가좌동,458,11410-3856,DMC아이파크,,59.96,2,2009,83000,2020-10-10,,,,,,
서대문구,11410,10900,현저동,1019,11410-11,독립문파크빌,,59.4,6,2000,61000,2020-10-09,,,,,,
서대문구,11410,11200,대현동,145,11410-3713,예스에이피엠,,38.72,13,2007,35000,2020-10-07,,,,,,
서대문구,11410,11700,연희동,746,11410-4269,연희웨스트팰리스,,39.32,13,2014,29500,2020-10-05,,,,,,
마포구,11440,10400,도화동,357,11440-12,도화동현대,,54.72,9,1996,83000,2020-10-06,,,,,,
마포구,11440,12400,연남동,573,11440-146,코오롱,,84.936,4,2003,89980,2020-10-19,,,,,,
마포구,11440,10900,염리동,515-1,11440-33,상록,,58.71,19,1997,82000,2020-10-06,,,,,,
마포구,11440,12300,망원동,420,11440-128,성원1,,59.4,4,1998,58000,2020-10-31,,,,,,
마포구,11440,10400,도화동,82,11440-17,우성,,68.94,1,1991,87500,2020-10-17,,,,,,
마포구,11440,10200,공덕동,371,11440-4,공덕1삼성래미안,,59.74,12,1999,105000,2020-10-08,,,,,,
마포구,11440,12500,성산동,23-1,11440-172,해피존2,,135.03,6,2005,65000,2020-10-06,,,,,,
마포구,11440,10200,공덕동,188-108,11440-6,마포현대,,84.87,4,1988,112000,2020-10-23,,,,,,
마포구,11440,10300,신공덕동,172,11440-4887,펜트라우스,,84.95,2,2011,127000,2020-10-26,,,,,,
마포구,11440,12500,성산동,446,11440-109,성산시영(유원),,59.43,11,1986,104000,2020-10-30,,,,,,
마포구,11440,11400,창전동,444,11440-4156,서강예가,,59.983,8,2007,115000,2020-10-31,,,,,,
마포구,11440,12200,합정동,474,11440-5673,합정한강아파트,,52.17,5,2017,59500,2020-10-29,,,,,,
마포구,11440,11500,상수동,398,11440-5427,래미안밤섬리베뉴Ⅱ,,84.82,1,2014,153000,2020-10-27,,,,,,
마포구,11440,12500,성산동,446,11440-169,성산시영(대우),,50.03,13,1986,94000,2020-10-31,,,,,,
마포구,11440,12000,서교동,490,11440-5097,메세나폴리스,,148.981,29,2012,205000,2020-10-25,,,,,,
마포구,11440,12500,성산동,446,11440-109,성산시영(유원),,59.43,9,1986,95400,2020-10-30,,,,,,
마포구,11440,10100,아현동,777,11440-5406,마포래미안푸르지오2단지,,59.9656,5,2014,148000,2020-10-23,,,,,,
마포구,11440,12700,상암동,1752,11440-4800,상암월드컵파크9단지,,84.94,9,2010,97000,2020-10-24,,,,,,
마포구,11440,10200,공덕동,462,11440-3915,마포공덕파크팰리스Ⅱ,,125.33,17,2005,122000,2020-10-22,,,,,,
마포구,11440,10200,공덕동,43,11440-7,공덕2삼성래미안,,59.97,8,2004,114000,2020-10-24,,,,,,
마포구,11440,10900,염리동,521,11440-147,마포자이,,113.803,5,2003,185000,2020-10-24,,,,,,
마포구,11440,10800,대흥동,804,11440-5348,마포자이2차,,84.44,4,2014,157000,2020-10-24,,,,,,
마포구,11440,12500,성산동,446,11440-169,성산시영(대우),,50.03,12,1986,95000,2020-10-30,,,,,,
마포구,11440,11500,상수동,398,11440-5427,래미안밤섬리베뉴Ⅱ,,84.98,12,2014,162000,2020-10-26,,,,,,
마포구,11440,11500,상수동,402,11440-5428,래미안밤섬리베뉴Ⅰ,,84.99,10,2014,153000,2020-10-26,,,,,,
마포구,11440,10100,아현동,777,11440-5407,마포래미안푸르지오1단지,,84.8919,6,2014,169000,2020-10-31,,,,,,
마포구,11440,12700,상암동,1658,11440-3929,상암월드컵파크5단지,,84.67,16,2005,117000,2020-10-26,,,,,,
마포구,11440,11400,창전동,442,11440-4083,서강오벨리스크스위트,,98.82,9,2007,125000,2020-10-31,,,,,,
마포구,11440,10100,아현동,802,11440-5661,마포센트럴 아이파크,,111.1083,16,2017,150000,2020-10-13,,,,,,
마포구,11440,10200,공덕동,464,11440-3934,래미안공덕4차,,59.9,9,2005,125000,2020-10-31,,,,,,
마포구,11440,12500,성산동,214-15,11440-139,엘지(214-15),,80.91,1,2003,49500,2020-10-24,,,,,,
마포구,11440,10200,공덕동,371,11440-4,공덕1삼성래미안,,114.88,6,1999,147000,2020-10-20,,,,,,
마포구,11440,10500,용강동,380,11440-23,마포용강삼성래미안,,59.99,11,2003,116700,2020-10-31,,,,,,
마포구,11440,10100,아현동,777,11440-5406,마포래미안푸르지오2단지,,84.5978,13,2014,172000,2020-10-28,,,,,,
마포구,11440,10100,아현동,802,11440-5661,마포센트럴 아이파크,,84.9668,8,2017,150000,2020-10-17,,,,,,
마포구,11440,11400,창전동,444,11440-4156,서강예가,,59.983,6,2007,114500,2020-10-19,,,,,,
마포구,11440,10400,도화동,82,11440-17,우성,,68.94,8,1991,93000,2020-10-27,,,,,,
마포구,11440,10100,아현동,777,11440-5407,마포래미안푸르지오1단지,,59.9452,10,2014,145000,2020-10-24,,,,,,
마포구,11440,11400,창전동,437,11440-47,창전래미안,,84.93,2,1998,105000,2020-10-23,,,,,,
마포구,11440,12700,상암동,1655,11440-4038,상암월드컵파크4단지,,84.76,2,2006,112500,2020-10-17,,,,,,
마포구,11440,10300,신공덕동,159,11440-8,신공덕래미안2차,,59.48,18,2000,94000,2020-10-19,,,,,,
마포구,11440,11400,창전동,437,11440-47,창전래미안,,114.82,3,1998,106000,2020-10-29,,,,,,
마포구,11440,10100,아현동,777,11440-5406,마포래미안푸르지오2단지,,59.9236,10,2014,146000,2020-10-26,,,,,,
마포구,11440,11400,창전동,437,11440-47,창전래미안,,59.94,10,1998,94500,2020-10-30,,,,,,
마포구,11440,12500,성산동,601,11440-118,성산월드타운대림,,84.689,13,2004,94000,2020-10-31,,,,,,
마포구,11440,10200,공덕동,371,11440-4,공덕1삼성래미안,,59.74,8,1999,113000,2020-10-14,,,,,,
마포구,11440,11500,상수동,398,11440-5427,래미안밤섬리베뉴Ⅱ,,84.82,8,2014,153000,2020-10-17,,,,,,
마포구,11440,10100,아현동,777,11440-5406,마포래미안푸르지오2단지,,59.9452,12,2014,147500,2020-10-31,,,,,,
마포구,11440,10100,아현동,613-10,11440-3,혜성,,80.66,12,1972,80000,2020-10-24,,,,,,
마포구,11440,10200,공덕동,464,11440-3934,래미안공덕4차,,59.9,3,2005,118000,2020-10-31,,,,,,
마포구,11440,10400,도화동,82,11440-17,우성,,141.515,1,1991,133000,2020-10-25,,,,,,
마포구,11440,12500,성산동,446,11440-109,성산시영(유원),,59.43,2,1986,105000,2020-10-15,,,,,,
마포구,11440,12000,서교동,490,11440-5097,메세나폴리스,,148.981,5,2012,177000,2020-10-13,,,,,,
마포구,11440,10700,마포동,253,11440-30,마포쌍용황금아파트,,59.9,2,2000,84000,2020-10-24,,,,,,
마포구,11440,10800,대흥동,804,11440-5348,마포자이2차,,84.44,7,2014,156500,2020-10-16,,,,,,
마포구,11440,10500,용강동,501,11440-178,대림2차,,84.77,3,2004,130500,2020-10-16,,,,,,
마포구,11440,10200,공덕동,457,11440-175,공덕3삼성래미안,,84.98,3,2004,155000,2020-10-13,,,,,,
마포구,11440,12200,합정동,473,11440-5606,마포한강2차푸르지오,,83.45,8,2016,145000,2020-10-12,,,,,,
마포구,11440,10400,도화동,353,11440-19,현대홈타운,,84.95,19,2000,115000,2020-10-15,,,,,,
마포구,11440,10400,도화동,357,11440-12,도화동현대,,54.72,14,1996,88000,2020-10-24,,,,,,
마포구,11440,10700,마포동,350,11440-27,강변한신코아,,77.22,10,1992,64000,2020-10-17,,,,,,
마포구,11440,12700,상암동,1689,11440-3928,상암월드컵파크6단지,,104.32,6,2005,127000,2020-10-24,,,,,,
마포구,11440,10900,염리동,520,11440-34,염리삼성래미안,,59.76,2,2001,91500,2020-10-17,,,,,,
마포구,11440,12400,연남동,573,11440-146,코오롱,,84.936,4,2003,90000,2020-10-19,O,21.01.19,,,,
마포구,11440,12600,중동,395,11440-163,동원월드타운,,84.869,11,2004,70000,2020-10-17,,,,,,
마포구,11440,11400,창전동,440,11440-3890,창전동현대홈타운,,59.651,2,2005,102500,2020-10-17,,,,,,
마포구,11440,10200,공덕동,188-108,11440-6,마포현대,,84.87,4,1988,112000,2020-10-23,O,20.12.02,,,,
마포구,11440,10200,공덕동,464,11440-3934,래미안공덕4차,,83.42,5,2005,142200,2020-10-26,,,,,,
마포구,11440,12700,상암동,1655,11440-4038,상암월드컵파크4단지,,84.66,19,2006,120000,2020-10-13,,,,,,
마포구,11440,10400,도화동,353,11440-19,현대홈타운,,84.95,1,2000,97000,2020-10-23,,,,,,
마포구,11440,11500,상수동,398,11440-5427,래미안밤섬리베뉴Ⅱ,,84.82,20,2014,159500,2020-10-13,,,,,,
마포구,11440,11400,창전동,437,11440-47,창전래미안,,84.93,8,1998,102000,2020-10-09,,,,,,
마포구,11440,12300,망원동,501,11440-159,태청,,74.76,9,2003,57000,2020-10-15,,,,,,
마포구,11440,12300,망원동,521,11440-5759,마포한강아이파크,,84.5533,8,2019,89000,2020-10-30,,,,,,
마포구,11440,12300,망원동,491,11440-69,대상3,,59.61,12,2000,54000,2020-10-28,,,,,,
마포구,11440,12000,서교동,329-2,11440-53,대아,,84.98,6,1997,74250,2020-10-17,,,,,,
마포구,11440,12500,성산동,142-9,11440-108,세원,,59.87,4,1996,46800,2020-10-12,,,,,,
마포구,11440,10400,도화동,555,11440-177,한화오벨리스크,,75.7,36,2004,90000,2020-10-21,,,,,,
마포구,11440,11100,신수동,462,11440-5823,마포아이파크포레,,59.376,21,2019,145000,2020-10-14,,,,,,
마포구,11440,12400,연남동,573,11440-146,코오롱,,84.936,8,2003,91700,2020-10-30,,,,,,
마포구,11440,10800,대흥동,660,11440-32,대흥동태영아파트,,114.93,17,1999,154000,2020-10-17,,,,,,
마포구,11440,11500,상수동,402,11440-5428,래미안밤섬리베뉴Ⅰ,,84.99,13,2014,153000,2020-10-17,,,,,,
마포구,11440,10400,도화동,555,11440-177,한화오벨리스크,,59,14,2004,80000,2020-10-15,,,,,,
마포구,11440,10300,신공덕동,155,11440-9,신공덕1차삼성래미안1아파트,,84.9,22,2000,138500,2020-10-17,,,,,,
마포구,11440,10800,대흥동,660,11440-32,대흥동태영아파트,,84.77,12,1999,134000,2020-10-13,,,,,,
마포구,11440,12400,연남동,250-8,11440-208,서암,,66.45,1,2004,42500,2020-10-09,,,,,,
마포구,11440,10300,신공덕동,155,11440-9,신공덕1차삼성래미안1아파트,,114.75,14,2000,150000,2020-10-17,,,,,,
마포구,11440,12600,중동,390,11440-123,DMC마포청구아파트,,84.9,6,1994,96000,2020-10-25,,,,,,
마포구,11440,11100,신수동,457,11440-4155,벽산솔렌스힐,,84.9854,10,2007,109000,2020-10-24,,,,,,
마포구,11440,10300,신공덕동,159,11440-8,신공덕래미안2차,,59.48,5,2000,91000,2020-10-17,,,,,,
마포구,11440,10200,공덕동,464,11440-3934,래미안공덕4차,,59.9,5,2005,114000,2020-10-24,,,,,,
마포구,11440,12300,망원동,521,11440-5759,마포한강아이파크,,59.3813,12,2019,79500,2020-10-30,,,,,,
마포구,11440,12500,성산동,650,11440-4037,성산동자담이움아파트,,84.98,6,2006,60000,2020-10-11,,,,,,
마포구,11440,12300,망원동,502,11440-132,함성월드빌,,76.14,5,2003,78500,2020-10-12,,,,,,
마포구,11440,10800,대흥동,803,11440-4074,동양엔파트,,84.893,13,2007,125000,2020-10-18,,,,,,
마포구,11440,12500,성산동,446,11440-109,성산시영(유원),,59.43,1,1986,103000,2020-10-20,,,,,,
마포구,11440,10300,신공덕동,159,11440-8,신공덕래미안2차,,59.48,18,2000,94500,2020-10-17,,,,,,
마포구,11440,11400,창전동,437,11440-47,창전래미안,,59.94,13,1998,94500,2020-10-10,,,,,,
마포구,11440,12600,중동,390,11440-123,DMC마포청구아파트,,84.6,16,1994,97000,2020-10-25,,,,,,
마포구,11440,10700,마포동,253,11440-30,마포쌍용황금아파트,,84.9,19,2000,133000,2020-10-26,,,,,,
마포구,11440,10800,대흥동,12-41,11440-5381,서희스타힐스,,12.85,10,2014,17500,2020-10-09,,,,,,
마포구,11440,10100,아현동,777,11440-5410,마포래미안푸르지오4단지,,59.9656,4,2014,142500,2020-10-19,,,,,,
마포구,11440,11600,하중동,101,11440-4715,한강밤섬자이,,138.08,22,2010,212000,2020-10-16,,,,,,
마포구,11440,10200,공덕동,464,11440-3934,래미안공덕4차,,59.9,10,2005,116000,2020-10-17,,,,,,
마포구,11440,10300,신공덕동,15-80,11440-5440,공덕프로포즈Ⅱ,,14.03,17,2015,16600,2020-10-19,,,,,,
마포구,11440,11600,하중동,101,11440-4715,한강밤섬자이,,160.39,17,2010,240000,2020-10-07,,,,,,
마포구,11440,12700,상암동,1655,11440-4038,상암월드컵파크4단지,,84.66,19,2006,113000,2020-10-10,,,,,,
마포구,11440,10400,도화동,82,11440-17,우성,,68.94,9,1991,91500,2020-10-11,,,,,,
마포구,11440,12000,서교동,490,11440-5097,메세나폴리스,,142.034,21,2012,168000,2020-10-07,,,,,,
마포구,11440,12200,합정동,470,11440-3908,일신건영휴먼빌아파트,,84.553,6,2005,81700,2020-10-10,,,,,,
마포구,11440,12500,성산동,446,11440-109,성산시영(유원),,59.43,7,1986,109000,2020-10-09,,,,,,
마포구,11440,12200,합정동,466,11440-63,장미(466-0),,66.66,1,2000,54700,2020-10-14,,,,,,
마포구,11440,12300,망원동,521,11440-5759,마포한강아이파크,,111.2884,15,2019,120000,2020-10-30,,,,,,
마포구,11440,10400,도화동,357,11440-12,도화동현대,,54.72,9,1996,83000,2020-10-09,O,21.02.01,,,,
마포구,11440,12400,연남동,573,11440-146,코오롱,,84.936,3,2003,89000,2020-10-10,,,,,,
마포구,11440,12500,성산동,23-1,11440-172,해피존2,,82.78,2,2005,55000,2020-10-07,,,,,,
마포구,11440,11700,신정동,74-1,11440-52,씨제이리버힐,,200.17,2,1998,142000,2020-10-07,,,,,,
마포구,11440,12200,합정동,450-11,11440-5102,한강그린2차,,59.41,3,2012,47500,2020-10-26,,,,,,
마포구,11440,12300,망원동,433-9,11440-127,미원2,,59.79,4,1997,45000,2020-10-17,,,,,,
마포구,11440,10900,염리동,520,11440-34,염리삼성래미안,,59.52,2,2001,92000,2020-10-06,,,,,,
마포구,11440,10300,신공덕동,173,11440-5003,대우월드마크마포,,121.27,11,2011,154500,2020-10-14,,,,,,
마포구,11440,10100,아현동,777,11440-5408,마포래미안푸르지오3단지,,84.5978,12,2014,158000,2020-10-20,,,,,,
마포구,11440,11400,창전동,443,11440-4165,해모로,,83.871,22,2007,144000,2020-10-14,,,,,,
마포구,11440,12600,중동,395,11440-163,동원월드타운,,84.869,11,2004,71500,2020-10-14,,,,,,
마포구,11440,10400,도화동,555,11440-177,한화오벨리스크,,75.7,22,2004,90000,2020-10-14,,,,,,
마포구,11440,10300,신공덕동,170,11440-4551,브라운스톤공덕아파트,,59.89,15,2009,126000,2020-10-15,,,,,,
마포구,11440,10800,대흥동,18-55,11440-3931,성신,,75.06,-1,2006,62000,2020-10-07,,,,,,
마포구,11440,12600,중동,392,11440-122,마포중동현대,,84.9,9,2001,87500,2020-10-10,,,,,,
마포구,11440,10900,염리동,520,11440-34,염리삼성래미안,,59.52,8,2001,107700,2020-10-24,,,,,,
마포구,11440,10200,공덕동,457,11440-175,공덕3삼성래미안,,84.98,14,2004,157000,2020-10-06,,,,,,
마포구,11440,10600,토정동,138,11440-26,한강삼성,,59.97,13,1997,106000,2020-10-12,,,,,,
마포구,11440,11100,신수동,457,11440-4155,벽산솔렌스힐,,84.9854,8,2007,107000,2020-10-20,,,,,,
마포구,11440,10400,도화동,555,11440-177,한화오벨리스크,,38.08,3,2004,50000,2020-10-10,,,,,,
마포구,11440,12000,서교동,247-28,11440-183,기정MAY(247-28),,84.86,2,2004,77500,2020-10-24,,,,,,
마포구,11440,10900,염리동,515-1,11440-33,상록,,58.71,11,1997,78000,2020-10-17,,,,,,
마포구,11440,10200,공덕동,43,11440-7,공덕2삼성래미안,,59.97,12,2004,115000,2020-10-15,,,,,,
마포구,11440,12300,망원동,420,11440-128,성원1,,84.92,15,1998,76200,2020-10-17,,,,,,
마포구,11440,12700,상암동,1637,11440-136,상암월드컵파크2단지,,59.92,2,2003,84500,2020-10-26,,,,,,
마포구,11440,12000,서교동,487,11440-3901,대우미래사랑,,34.29,9,2005,28200,2020-10-15,,,,,,
마포구,11440,10100,아현동,777,11440-5410,마포래미안푸르지오4단지,,84.3884,6,2014,167000,2020-10-17,,,,,,
마포구,11440,12300,망원동,509,11440-204,휴먼빌,,59.943,4,2004,73900,2020-10-09,,,,,,
마포구,11440,12600,중동,40-12,11440-124,현대,,84.94,10,2000,81000,2020-10-26,,,,,,
마포구,11440,12600,중동,392,11440-122,마포중동현대,,59.88,6,2001,73000,2020-10-24,,,,,,
마포구,11440,12600,중동,391,11440-121,중동계룡아파트,,60,2,2000,68900,2020-10-25,,,,,,
마포구,11440,11100,신수동,451,11440-142,세양청마루,,57.44,4,2003,81000,2020-10-25,,,,,,
마포구,11440,10900,염리동,520,11440-34,염리삼성래미안,,114.48,8,2001,139000,2020-10-17,,,,,,
마포구,11440,12700,상암동,1637,11440-136,상암월드컵파크2단지,,59.92,8,2003,83500,2020-10-19,,,,,,
마포구,11440,10300,신공덕동,170,11440-4551,브라운스톤공덕아파트,,114.74,22,2009,169800,2020-10-06,,,,,,
마포구,11440,12500,성산동,604,11440-171,성산2차e-편한세상,,84.95,7,2005,94500,2020-10-20,,,,,,
마포구,11440,12600,중동,391,11440-121,중동계룡아파트,,84.6,6,2000,82000,2020-10-17,,,,,,
마포구,11440,10400,도화동,550,11440-15,삼성,,84.985,7,1997,125000,2020-10-12,,,,,,
마포구,11440,12400,연남동,573,11440-146,코오롱,,59.76,6,2003,83500,2020-10-24,,,,,,
마포구,11440,12300,망원동,505,11440-200,함성드림빌,,69.13,4,2004,56000,2020-10-12,,,,,,
마포구,11440,12600,중동,392,11440-122,마포중동현대,,59.88,18,2001,75500,2020-10-20,,,,,,
마포구,11440,12600,중동,395,11440-163,동원월드타운,,84.869,7,2004,70500,2020-10-13,,,,,,
마포구,11440,12000,서교동,488,11440-4187,삼익플라주서교1,,84.52,8,2007,80500,2020-10-06,,,,,,
마포구,11440,10700,마포동,253,11440-30,마포쌍용황금아파트,,59.9,16,2000,90000,2020-10-20,,,,,,
마포구,11440,12500,성산동,446,11440-169,성산시영(대우),,50.03,1,1986,89900,2020-10-21,,,,,,
마포구,11440,12300,망원동,517,11440-4686,영화블렌하임,,103.86,10,2009,91000,2020-10-20,,,,,,
마포구,11440,10100,아현동,802,11440-5661,마포센트럴 아이파크,,111.1083,16,2017,150000,2020-10-13,O,20.11.17,,,,
마포구,11440,12700,상암동,1637,11440-136,상암월드컵파크2단지,,59.92,5,2003,88000,2020-10-12,,,,,,
마포구,11440,12400,연남동,246-1,11440-99,노블레스빌(246-1),,36.81,7,2002,35000,2020-10-22,,,,,,
마포구,11440,12000,서교동,487,11440-3901,대우미래사랑,,34.29,9,2005,28000,2020-10-20,,,,,,
마포구,11440,10800,대흥동,660,11440-32,대흥동태영아파트,,59.4,1,1999,93000,2020-10-15,,,,,,
마포구,11440,11600,하중동,101,11440-4715,한강밤섬자이,,132.54,24,2010,201000,2020-10-06,,,,,,
마포구,11440,11400,창전동,42-9,11440-4062,중앙하이츠103동,,57.86,3,2007,56900,2020-10-17,,,,,,
마포구,11440,10400,도화동,82,11440-17,우성,,68.94,3,1991,90000,2020-10-17,,,,,,
마포구,11440,10400,도화동,555,11440-177,한화오벨리스크,,38.88,3,2004,49500,2020-10-09,,,,,,
마포구,11440,10300,신공덕동,15-80,11440-5440,공덕프로포즈Ⅱ,,14.03,9,2015,17000,2020-10-05,,,,,,
마포구,11440,12200,합정동,200-1,11440-150,펠리스아트빌,,99.6,2,2003,64000,2020-10-08,,,,,,
마포구,11440,10200,공덕동,43,11440-7,공덕2삼성래미안,,114.87,16,2004,136000,2020-10-14,,,,,,
마포구,11440,11600,하중동,101,11440-4715,한강밤섬자이,,168.15,6,2010,199000,2020-10-19,,,,,,
마포구,11440,10400,도화동,357,11440-12,도화동현대,,54.72,3,1996,79000,2020-10-13,,,,,,
마포구,11440,12400,연남동,573,11440-146,코오롱,,59.76,4,2003,83500,2020-10-14,,,,,,
마포구,11440,10100,아현동,777,11440-5410,마포래미안푸르지오4단지,,114.2802,27,2014,202000,2020-10-09,,,,,,
마포구,11440,12700,상암동,1637,11440-136,상암월드컵파크2단지,,59.92,12,2003,88300,2020-10-08,,,,,,
마포구,11440,10900,염리동,515-1,11440-33,상록,,58.71,19,1997,82000,2020-10-06,O,20.12.30,,,,
마포구,11440,11100,신수동,451,11440-142,세양청마루,,57.44,1,2003,73000,2020-10-09,,,,,,
마포구,11440,12500,성산동,446,11440-168,성산시영(선경),,50.54,1,1986,89700,2020-10-10,,,,,,
마포구,11440,12600,중동,392,11440-122,마포중동현대,,59.88,17,2001,75000,2020-10-09,,,,,,
마포구,11440,12700,상암동,1660,11440-3927,상암월드컵파크7단지,,84.9,12,2005,108000,2020-10-09,,,,,,
마포구,11440,10200,공덕동,476,11440-5530,공덕파크자이,,83.8002,16,2015,150000,2020-10-09,,,,,,
마포구,11440,12300,망원동,492,11440-70,대상4,,59.97,7,2000,57400,2020-10-09,,,,,,
마포구,11440,12700,상암동,1637,11440-136,상암월드컵파크2단지,,59.92,14,2003,86800,2020-10-06,,,,,,
양천구,11470,10100,신정동,1014-5,11470-4256,SM엘루이아파트,,84.97,7,2008,80000,2020-10-16,,,,,,
양천구,11470,10100,신정동,743-2,11470-136,신정6현대,,114.8,7,2000,90000,2020-10-19,,,,,,
양천구,11470,10100,신정동,327,11470-122,목동신시가지13,,53.9,8,1987,105000,2020-10-19,,,,,,
양천구,11470,10300,신월동,1076,11470-5628,목동센트럴아이파크위브2단지,,59.88,12,2020,92500,2020-10-30,,,,,,
양천구,11470,10100,신정동,1323,11470-5271,목동힐스테이트,,59.95,11,2016,134500,2020-10-31,,,,,,
양천구,11470,10200,목동,966,11470-5595,목동에버하임,,41.06,7,2019,40000,2020-10-28,,,,,,
양천구,11470,10200,목동,966,11470-5595,목동에버하임,,41.06,9,2019,41000,2020-10-28,,,,,,
양천구,11470,10200,목동,966,11470-5595,목동에버하임,,41.06,8,2019,40000,2020-10-30,,,,,,
양천구,11470,10200,목동,966,11470-5595,목동에버하임,,41.06,6,2019,39000,2020-10-29,,,,,,
양천구,11470,10300,신월동,1036,11470-4305,수명산롯데캐슬,,84.96,7,2008,68500,2020-10-31,,,,,,
양천구,11470,10100,신정동,327,11470-122,목동신시가지13,,70.73,13,1987,147000,2020-10-29,,,,,,
양천구,11470,10200,목동,912,11470-21,목동신시가지5,,65.08,5,1986,149000,2020-10-31,,,,,,
양천구,11470,10200,목동,912,11470-21,목동신시가지5,,65.08,10,1986,148000,2020-10-27,,,,,,
양천구,11470,10300,신월동,134-17,11470-99,태형,,84.75,6,1998,41800,2020-10-31,,,,,,
양천구,11470,10100,신정동,329,11470-123,목동신시가지14,,55.02,5,1987,110000,2020-10-31,,,,,,
양천구,11470,10300,신월동,1076,11470-5628,목동센트럴아이파크위브2단지,,84.97,5,2020,119000,2020-10-29,,,,,,
양천구,11470,10200,목동,549,11470-7,목동금호베스트빌,,83.71,2,2002,78000,2020-10-26,,,,,,
양천구,11470,10100,신정동,1295,11470-172,목동2삼성래미안,,84.65,2,2001,108000,2020-10-27,,,,,,
양천구,11470,10200,목동,966,11470-5595,목동에버하임,,41.06,8,2019,40000,2020-10-22,,,,,,
양천구,11470,10200,목동,929,11470-46,목동청구한신아파트,,84.76,12,1997,150000,2020-10-26,,,,,,
양천구,11470,10100,신정동,1278,11470-132,목동삼성,,84.77,2,1996,111500,2020-10-29,,,,,,
양천구,11470,10300,신월동,1076,11470-5628,목동센트럴아이파크위브2단지,,84.97,5,2020,119000,2020-10-29,O,20.11.24,,,,
양천구,11470,10100,신정동,1296,11470-157,아이파크,,84.88,11,2002,144000,2020-10-19,,,,,,
양천구,11470,10100,신정동,318-12,11470-210,목동삼성쉐르빌Ⅱ,,164.98,19,2004,179500,2020-10-26,,,,,,
양천구,11470,10100,신정동,327,11470-122,목동신시가지13,,122.3,8,1987,170000,2020-10-29,,,,,,
양천구,11470,10100,신정동,1252,11470-154,현대,,84.84,12,1995,100000,2020-10-31,,,,,,
양천구,11470,10100,신정동,1309,11470-248,롯데캐슬,,84.73,8,2004,133000,2020-10-24,,,,,,
양천구,11470,10300,신월동,128,11470-98,태헌(신월프라자),,56.97,9,1999,22000,2020-10-31,O,21.01.21,,,,
양천구,11470,10100,신정동,1323,11470-5271,목동힐스테이트,,84.98,11,2016,154500,2020-10-20,,,,,,
양천구,11470,10100,신정동,1310,11470-3927,동일하이빌1단지,,84.955,9,2005,97000,2020-10-25,,,,,,
양천구,11470,10100,신정동,1306,11470-4015,세양청마루,,84.98,2,2006,88500,2020-10-29,,,,,,
양천구,11470,10200,목동,908-28,11470-29,부영2,,156.72,25,2000,165000,2020-10-21,,,,,,
양천구,11470,10100,신정동,318-10,11470-203,삼성쉐르빌,,163.57,27,2003,174000,2020-10-23,,,,,,
양천구,11470,10100,신정동,1283,11470-151,푸른마을3,,59.99,11,2001,60500,2020-10-31,,,,,,
양천구,11470,10100,신정동,891-1,11470-159,밀레스트,,75.5647,8,2002,59500,2020-10-27,,,,,,
양천구,11470,10100,신정동,339,11470-149,파인빌,,73.138,7,2001,85000,2020-10-19,,,,,,
양천구,11470,10100,신정동,325,11470-120,목동신시가지11,,51.48,15,1988,101000,2020-10-23,,,,,,
양천구,11470,10100,신정동,890-13,11470-115,건영,,59.67,4,1996,47000,2020-10-26,,,,,,
양천구,11470,10300,신월동,1063,11470-4993,롯데캐슬,,84.966,3,2014,97100,2020-10-27,,,,,,
양천구,11470,10200,목동,752-1,11470-4,극동늘푸른,,59.91,2,1998,68000,2020-10-20,,,,,,
양천구,11470,10100,신정동,327,11470-122,목동신시가지13,,53.9,11,1987,113000,2020-10-23,,,,,,
양천구,11470,10200,목동,904,11470-20,목동신시가지4,,47.25,18,1986,109000,2020-10-26,,,,,,
양천구,11470,10200,목동,950,11470-4014,목동이-편한세상,,156.54,4,2006,149000,2020-10-26,,,,,,
양천구,11470,10100,신정동,1323,11470-5271,목동힐스테이트,,84.88,2,2016,149000,2020-10-24,,,,,,
양천구,11470,10100,신정동,733-31,11470-135,수정,,47.16,3,1987,48000,2020-10-30,,,,,,
양천구,11470,10300,신월동,1065,11470-4936,은성마을승윤노블리안,,84.5714,2,2013,50000,2020-10-23,,,,,,
양천구,11470,10200,목동,135-6,11470-250,효원빌라트,,158.04,2,1994,98000,2020-10-19,,,,,,
양천구,11470,10100,신정동,1148-7,11470-186,로마아트빌,,84.959,6,2003,55000,2020-10-22,,,,,,
양천구,11470,10100,신정동,329,11470-123,목동신시가지14,,55.02,10,1987,107500,2020-10-28,,,,,,
양천구,11470,10200,목동,961,11470-4045,하이페리온2,,133.363,2,2006,195000,2020-10-18,,,,,,
양천구,11470,10200,목동,929,11470-46,목동청구한신아파트,,84.76,8,1997,153000,2020-10-21,,,,,,
양천구,11470,10200,목동,907-23,11470-61,현대파크빌(907-23),,139.75,17,2003,144800,2020-10-31,,,,,,
양천구,11470,10100,신정동,329,11470-123,목동신시가지14,,83.89,9,1987,159000,2020-10-21,,,,,,
양천구,11470,10200,목동,902,11470-18,목동신시가지2,,95.67,9,1986,182500,2020-10-19,,,,,,
양천구,11470,10200,목동,966,11470-5595,목동에버하임,,41.06,11,2019,41000,2020-10-14,,,,,,
양천구,11470,10100,신정동,326,11470-121,목동신시가지12,,71.64,2,1988,138000,2020-10-27,,,,,,
양천구,11470,10100,신정동,1316,11470-4600,이펜하우스3단지,,84.96,7,2011,79000,2020-10-24,,,,,,
양천구,11470,10100,신정동,1317,11470-4601,이펜하우스4단지,,84.51,7,2011,75500,2020-10-21,,,,,,
양천구,11470,10300,신월동,1055,11470-4743,신정두산위브,,107.57,7,2012,109000,2020-10-17,,,,,,
양천구,11470,10300,신월동,350-2,11470-86,신안파크,,47.6,2,1987,30000,2020-10-31,,,,,,
양천구,11470,10100,신정동,743-2,11470-136,신정6현대,,114.8,7,2000,90000,2020-10-10,O,20.12.14,,,,
양천구,11470,10100,신정동,1310,11470-3927,동일하이빌1단지,,115.321,1,2005,104700,2020-10-25,,,,,,
양천구,11470,10300,신월동,217-8,11470-100,해주,,59.59,10,2001,32800,2020-10-28,,,,,,
양천구,11470,10300,신월동,1049,11470-4186,장수마을2단지동원데쟈뷰,,84.01,11,2007,74500,2020-10-24,,,,,,
양천구,11470,10200,목동,916,11470-187,현대하이페리온,,151.56,24,2003,239000,2020-10-22,,,,,,
양천구,11470,10200,목동,925,11470-23,목동신시가지7,,66.6,7,1986,157000,2020-10-31,,,,,,
양천구,11470,10200,목동,902,11470-18,목동신시가지2,,95.4,1,1986,180000,2020-10-24,,,,,,
양천구,11470,10300,신월동,1027,11470-4025,양천벽산블루밍2단지,,59.98,13,2006,53000,2020-10-27,,,,,,
양천구,11470,10300,신월동,1075,11470-5627,목동센트럴아이파크위브1단지,,59.68,13,2020,90000,2020-10-17,,,,,,
양천구,11470,10200,목동,956,11470-206,롯데캐슬위너,,59.98,14,2005,96700,2020-10-27,,,,,,
양천구,11470,10300,신월동,1027,11470-4025,양천벽산블루밍2단지,,84.77,6,2006,67200,2020-10-28,,,,,,
양천구,11470,10100,신정동,1007-11,11470-233,이스타팰리스,,114.41,11,2004,94500,2020-10-15,,,,,,
양천구,11470,10100,신정동,1252,11470-154,현대,,84.84,11,1995,95000,2020-10-16,,,,,,
양천구,11470,10200,목동,966,11470-5595,목동에버하임,,39.82,6,2019,39000,2020-10-29,,,,,,
양천구,11470,10200,목동,925,11470-23,목동신시가지7,,53.88,14,1986,143000,2020-10-25,,,,,,
양천구,11470,10100,신정동,337,11470-126,목동우성2,,84.96,6,2000,98000,2020-10-17,,,,,,
양천구,11470,10100,신정동,1285,11470-170,푸른마을4,,84.81,14,2002,85000,2020-10-28,,,,,,
양천구,11470,10200,목동,902,11470-18,목동신시가지2,,95.67,14,1986,185000,2020-10-22,,,,,,
양천구,11470,10100,신정동,326,11470-121,목동신시가지12,,56.76,2,1988,108000,2020-10-19,,,,,,
양천구,11470,10100,신정동,1279,11470-128,목동현대3차,,84.77,6,1997,131000,2020-10-17,,,,,,
양천구,11470,10100,신정동,311,11470-119,목동신시가지10,,70.2,13,1987,148000,2020-10-31,,,,,,
양천구,11470,10200,목동,709-2,11470-35,성원2,,59.9,13,2000,59200,2020-10-17,,,,,,
양천구,11470,10200,목동,962-1,11470-4350,트라팰리스이스턴에비뉴,,127.65,12,2009,230000,2020-10-17,,,,,,
양천구,11470,10200,목동,965,11470-5515,목동롯데캐슬마에스트로,,59.984,4,2019,100000,2020-10-28,,,,,,
양천구,11470,10200,목동,934,11470-6,금호1,,59.88,21,1997,114700,2020-10-31,,,,,,
양천구,11470,10100,신정동,1311,11470-3928,동일하이빌2단지,,115.321,19,2005,112500,2020-10-10,,,,,,
양천구,11470,10200,목동,916,11470-187,현대하이페리온,,180.42,49,2003,268000,2020-10-13,,,,,,
양천구,11470,10200,목동,956,11470-206,롯데캐슬위너,,145.74,3,2005,137000,2020-10-29,,,,,,
양천구,11470,10100,신정동,325,11470-120,목동신시가지11,,51.48,14,1988,106700,2020-10-10,,,,,,
양천구,11470,10100,신정동,733-31,11470-135,수정,,48.6,5,1987,36000,2020-10-08,,,,,,
양천구,11470,10200,목동,904,11470-20,목동신시가지4,,142.2,2,1986,220000,2020-10-16,O,20.11.17,,,,
양천구,11470,10100,신정동,326,11470-121,목동신시가지12,,56.76,4,1988,111000,2020-10-12,,,,,,
양천구,11470,10100,신정동,1014-5,11470-4256,SM엘루이아파트,,84.97,7,2008,80000,2020-10-16,O,21.03.19,,,,
양천구,11470,10100,신정동,997-6,11470-133,삼천리,,84.75,7,1997,70500,2020-10-17,,,,,,
양천구,11470,10100,신정동,1277,11470-140,신트리4,,59.73,5,2000,68000,2020-10-13,,,,,,
양천구,11470,10200,목동,932,11470-38,목동현대1,,84.9,10,1997,154000,2020-10-20,,,,,,
양천구,11470,10300,신월동,981-4,11470-323,청송그린힐,,69.26,4,2003,33000,2020-10-20,,,,,,
양천구,11470,10200,목동,908-28,11470-29,부영2,,79.69,10,2000,113500,2020-10-15,,,,,,
양천구,11470,10200,목동,961,11470-4045,하이페리온2,,155.586,3,2006,195000,2020-10-14,,,,,,
양천구,11470,10300,신월동,494-6,11470-303,홍익아파트,,86.49,6,2004,46000,2020-10-10,,,,,,
양천구,11470,10300,신월동,1050,11470-4065,디아이빌102동,,83.79,1,2007,35000,2020-10-15,,,,,,
양천구,11470,10300,신월동,981-4,11470-323,청송그린힐,,69.26,11,2003,32800,2020-10-13,,,,,,
양천구,11470,10100,신정동,1279,11470-128,목동현대3차,,101.91,3,1997,127500,2020-10-08,,,,,,
양천구,11470,10300,신월동,341-1,11470-67,길훈,,42.57,5,1987,26000,2020-10-31,,,,,,
양천구,11470,10200,목동,715-3,11470-4894,동구햇살아파트2차,,59.5,5,2013,45000,2020-10-17,,,,,,
양천구,11470,10100,신정동,1276,11470-139,신트리3,,84.25,7,2000,94000,2020-10-19,,,,,,
양천구,11470,10300,신월동,475,11470-79,서울가든,,100.8,9,1985,64500,2020-10-19,,,,,,
양천구,11470,10100,신정동,326,11470-121,목동신시가지12,,56.76,5,1988,106000,2020-10-17,,,,,,
양천구,11470,10100,신정동,326,11470-121,목동신시가지12,,56.76,4,1988,114000,2020-10-10,,,,,,
양천구,11470,10200,목동,772-7,11470-60,신동아파밀리에,,84.9861,13,2002,95000,2020-10-12,O,20.11.25,,,,
양천구,11470,10200,목동,709-2,11470-35,성원2,,59.9,4,2000,59000,2020-10-06,,,,,,
양천구,11470,10300,신월동,507-3,11470-69,나이아가라,,59.95,8,1999,42500,2020-10-26,,,,,,
양천구,11470,10300,신월동,1033,11470-336,대성유니드,,84.3,8,2004,69500,2020-10-14,,,,,,
양천구,11470,10300,신월동,512-8,11470-5618,스카이캐슬아파트(512-8),,52.82,2,2020,41500,2020-10-03,,,,,,
양천구,11470,10300,신월동,512-8,11470-5618,스카이캐슬아파트(512-8),,52.82,2,2020,41500,2020-10-05,,,,,,
양천구,11470,10300,신월동,1057-1,11470-4501,롯데캐슬(1057-1),,59.72,13,2010,42000,2020-10-09,,,,,,
양천구,11470,10200,목동,911,11470-22,목동신시가지6,,47.94,17,1986,120000,2020-10-16,,,,,,
양천구,11470,10200,목동,709-2,11470-35,성원2,,59.9,6,2000,60000,2020-10-19,,,,,,
양천구,11470,10100,신정동,312,11470-125,목동신시가지9,,53.82,5,1987,120000,2020-10-10,,,,,,
양천구,11470,10300,신월동,45-1,11470-276,NEWSK아파트,,64.86,5,2002,27500,2020-10-20,,,,,,
양천구,11470,10100,신정동,329,11470-123,목동신시가지14,,108.28,14,1987,175000,2020-10-07,,,,,,
양천구,11470,10100,신정동,325,11470-120,목동신시가지11,,51.48,13,1988,106000,2020-10-13,O,21.03.15,,,,
양천구,11470,10100,신정동,972-2,11470-5380,목동경동미르웰,,14.02,11,2017,14200,2020-10-19,O,20.11.04,,,,
양천구,11470,10300,신월동,1043,11470-3946,길훈엔트런스빌,,84.96,9,2005,52000,2020-10-20,,,,,,
양천구,11470,10300,신월동,207-24,11470-64,금강,,84.9,12,1998,40000,2020-10-26,,,,,,
양천구,11470,10200,목동,904,11470-20,목동신시가지4,,48.69,3,1986,105000,2020-10-20,,,,,,
양천구,11470,10300,신월동,480-4,11470-4981,예지보금자리74차,,55.69,4,2014,25200,2020-10-15,,,,,,
양천구,11470,10200,목동,739-1,11470-4046,목동보미리즌빌,,84.54,4,2006,58000,2020-10-24,,,,,,
양천구,11470,10100,신정동,1296,11470-157,아이파크,,84.88,13,2002,148500,2020-10-09,,,,,,
양천구,11470,10200,목동,965,11470-5515,목동롯데캐슬마에스트로,,59.9846,7,2019,99700,2020-10-23,,,,,,
양천구,11470,10300,신월동,1055,11470-4743,신정두산위브,,84.22,7,2012,91700,2020-10-06,,,,,,
양천구,11470,10100,신정동,1300,11470-184,명지해드는터,,84.97,3,2003,116300,2020-10-17,,,,,,
양천구,11470,10200,목동,755-1,11470-13,목4현대,,59.91,6,1997,64500,2020-10-24,,,,,,
양천구,11470,10200,목동,912,11470-21,목동신시가지5,,65.08,2,1986,150000,2020-10-07,,,,,,
양천구,11470,10100,신정동,1281,11470-150,푸른마을2,,49.16,6,2001,47500,2020-10-26,,,,,,
양천구,11470,10300,신월동,541-1,11470-312,오투힐,,63.6,2,2003,29900,2020-10-26,,,,,,
양천구,11470,10100,신정동,1283,11470-151,푸른마을3,,59.91,11,2001,57500,2020-10-09,,,,,,
양천구,11470,10100,신정동,1307,11470-247,경남아너스빌,,84.97,6,2004,117000,2020-10-17,,,,,,
양천구,11470,10300,신월동,134-17,11470-99,태형,,84.75,7,1998,44000,2020-10-12,,,,,,
양천구,11470,10100,신정동,1306,11470-4015,세양청마루,,59.98,8,2006,80000,2020-10-23,,,,,,
양천구,11470,10300,신월동,506-1,11470-91,우당,,83.43,10,1997,62000,2020-10-24,,,,,,
양천구,11470,10300,신월동,987-1,11470-83,신월시영,,50.67,2,1988,59800,2020-10-24,,,,,,
양천구,11470,10100,신정동,733-31,11470-135,수정,,48.6,3,1987,49000,2020-10-15,,,,,,
양천구,11470,10100,신정동,318-10,11470-203,삼성쉐르빌,,241.51,5,2003,181000,2020-10-10,,,,,,
양천구,11470,10100,신정동,921-11,11470-162,보람쉬움,,54.821,7,2003,47500,2020-10-15,,,,,,
양천구,11470,10300,신월동,547-5,11470-313,세아쎄닛빌,,66.9,13,2002,34900,2020-10-17,,,,,,
양천구,11470,10100,신정동,733-31,11470-135,수정,,47.16,4,1987,45400,2020-10-21,,,,,,
양천구,11470,10100,신정동,1198-23,11470-241,대성유니드1차,,59.87,12,2004,54000,2020-10-17,,,,,,
양천구,11470,10100,신정동,743-2,11470-136,신정6현대,,114.8,19,2000,86000,2020-10-09,,,,,,
양천구,11470,10100,신정동,1259,11470-138,신트리1,,49.95,2,1999,60000,2020-10-17,,,,,,
양천구,11470,10200,목동,962,11470-4349,트라팰리스웨스턴에비뉴,,161.36,47,2009,290000,2020-10-16,,,,,,
양천구,11470,10100,신정동,1194-3,11470-167,정은SKY빌,,84.972,3,2003,64500,2020-10-18,,,,,,
양천구,11470,10200,목동,709-2,11470-35,성원2,,84.73,4,2000,77000,2020-10-21,,,,,,
양천구,11470,10300,신월동,547-5,11470-313,세아쎄닛빌,,84.29,9,2002,38900,2020-10-19,,,,,,
양천구,11470,10300,신월동,987-1,11470-83,신월시영,,43.2,10,1988,52300,2020-10-22,,,,,,
양천구,11470,10300,신월동,1055,11470-4743,신정두산위브,,84.04,5,2012,91500,2020-10-15,,,,,,
양천구,11470,10300,신월동,538-6,11470-66,길성,,59.12,4,2000,30000,2020-10-15,,,,,,
양천구,11470,10100,신정동,972-2,11470-5380,목동경동미르웰,,14.02,3,2017,12500,2020-10-21,,,,,,
양천구,11470,10200,목동,916,11470-187,현대하이페리온,,157.97,10,2003,200000,2020-10-21,,,,,,
양천구,11470,10100,신정동,1192-1,11470-238,정은스카이빌3차,,84.88,12,2004,65000,2020-10-17,,,,,,
양천구,11470,10300,신월동,197-2,11470-4382,코아루1단지,,84.95,8,2009,61000,2020-10-16,,,,,,
양천구,11470,10300,신월동,1033,11470-336,대성유니드,,76,9,2004,61300,2020-10-13,,,,,,
양천구,11470,10100,신정동,325,11470-120,목동신시가지11,,51.48,14,1988,106700,2020-10-10,O,20.11.05,,,,
양천구,11470,10300,신월동,1039,11470-345,신월2차보람쉬움,,59.43,6,2005,49000,2020-10-18,,,,,,
양천구,11470,10300,신월동,506-1,11470-91,우당,,113.14,13,1997,69000,2020-10-12,,,,,,
양천구,11470,10100,신정동,980-5,11470-145,은행,,73.07,4,1995,40000,2020-10-14,O,20.12.18,,,,
양천구,11470,10300,신월동,429-1,11470-80,성우,,59.97,4,1998,35700,2020-10-09,,,,,,
양천구,11470,10300,신월동,341-1,11470-67,길훈,,42.57,2,1987,26500,2020-10-16,,,,,,
양천구,11470,10300,신월동,341-1,11470-67,길훈,,49.77,1,1987,31000,2020-10-15,,,,,,
양천구,11470,10300,신월동,514-3,11470-101,해태,,84.93,7,1999,47500,2020-10-12,,,,,,
양천구,11470,10100,신정동,1198-23,11470-241,대성유니드1차,,59.87,2,2004,53800,2020-10-14,,,,,,
양천구,11470,10200,목동,903,11470-19,목동신시가지3,,95.74,2,1986,184000,2020-10-09,,,,,,
양천구,11470,10300,신월동,987-1,11470-83,신월시영,,50.67,6,1988,61000,2020-10-15,,,,,,
양천구,11470,10300,신월동,1026,11470-4024,양천벽산블루밍1단지,,76.53,12,2006,62000,2020-10-12,,,,,,
양천구,11470,10300,신월동,1077,11470-5629,목동센트럴아이파크위브3단지,,84.98,14,2020,105000,2020-10-15,,,,,,
양천구,11470,10200,목동,902,11470-18,목동신시가지2,,97.92,10,1986,170000,2020-10-12,,,,,,
양천구,11470,10200,목동,904,11470-20,목동신시가지4,,48.69,12,1986,117000,2020-10-05,,,,,,
양천구,11470,10300,신월동,125,11470-3960,신월6차보람,,59.232,5,2005,45000,2020-10-12,,,,,,
양천구,11470,10300,신월동,127-1,11470-63,궁전,,84.72,7,1999,42000,2020-10-07,,,,,,
양천구,11470,10100,신정동,948-24,11470-141,신호,,84.9,6,1997,57000,2020-10-12,,,,,,
양천구,11470,10300,신월동,607-1,11470-72,동방,,27.69,4,1999,14900,2020-10-05,,,,,,
양천구,11470,10200,목동,925,11470-23,목동신시가지7,,66.6,9,1986,165000,2020-10-06,,,,,,
양천구,11470,10100,신정동,1279,11470-128,목동현대3차,,71.16,17,1997,104000,2020-10-09,,,,,,
양천구,11470,10300,신월동,350-2,11470-86,신안파크,,47.6,5,1987,27400,2020-10-09,,,,,,
양천구,11470,10200,목동,729-5,11470-11,동도(729-5),,64.02,7,1996,32000,2020-10-05,,,,,,
양천구,11470,10300,신월동,591-1,11470-85,신안약수,,84.56,1,1985,60500,2020-10-07,,,,,,
양천구,11470,10100,신정동,893-6,11470-216,헤브론,,79.49,2,2003,28000,2020-10-04,,,,,,
강서구,11500,10600,내발산동,657,11500-477,우장산힐스테이트,,84.98,17,2005,125000,2020-10-27,,,,,,
강서구,11500,10500,마곡동,429,11500-157,벽산,,84.97,11,1999,78500,2020-10-31,,,,,,
강서구,11500,10300,화곡동,1158,11500-5251,우장산에스케이뷰,,116.92,4,2006,70000,2020-10-31,,,,,,
강서구,11500,10200,등촌동,695,11500-56,주공5,,58.14,15,1995,73000,2020-10-30,,,,,,
강서구,11500,10500,마곡동,429,11500-157,벽산,,84.97,12,1999,77000,2020-10-22,,,,,,
강서구,11500,10900,방화동,817,11500-194,동성,,76.8,9,1993,66000,2020-10-29,,,,,,
강서구,11500,10300,화곡동,980-21,11500-5131,강서아이파크,,83.077,9,2005,58000,2020-10-31,,,,,,
강서구,11500,10300,화곡동,351-89,11500-101,중앙화곡하이츠,,56.88,11,1988,37500,2020-10-28,,,,,,
강서구,11500,10200,등촌동,676,11500-60,태진아름,,121.22,6,1995,85000,2020-10-31,,,,,,
강서구,11500,10900,방화동,814,11500-197,방화5,,39.6,8,1994,46000,2020-10-31,,,,,,
강서구,11500,10300,화곡동,1159,11500-5419,"우장산아이파크,이편한세상",,84.97,4,2008,117200,2020-10-30,,,,,,
강서구,11500,10600,내발산동,732,11500-374,태승훼미리3차,,84.97,8,2004,62700,2020-10-31,,,,,,
강서구,11500,10600,내발산동,657,11500-477,우장산힐스테이트,,84.98,11,2005,120500,2020-10-24,,,,,,
강서구,11500,10500,마곡동,748,11500-7596,마곡13단지힐스테이트마스터,,84.9805,11,2017,137500,2020-10-31,,,,,,
강서구,11500,10100,염창동,287-1,11500-23,우성2,,84.7,12,1992,77900,2020-10-26,O,21.01.18,,,,
강서구,11500,10400,가양동,1460,11500-155,한강타운,,84.99,10,1993,88500,2020-10-30,,,,,,
강서구,11500,10400,가양동,1485,11500-149,가양6단지,,39.6,4,1992,59950,2020-10-31,,,,,,
강서구,11500,10800,공항동,1374,11500-5851,공항동부센트레빌,,84.99,11,2009,72000,2020-10-27,,,,,,
강서구,11500,10500,마곡동,738,11500-6900,마곡엠밸리4단지,,84.85,8,2014,126000,2020-10-26,,,,,,
강서구,11500,10500,마곡동,1525,11500-5552,마곡푸르지오,,84.99,2,2008,99000,2020-10-26,,,,,,
강서구,11500,10200,등촌동,714,11500-232,코오롱하늘채,,84.96,14,2003,80500,2020-10-31,,,,,,
강서구,11500,10900,방화동,875,11500-233,방화동동부센트레빌(875번지),,114.99,6,2003,85000,2020-10-31,,,,,,
강서구,11500,10500,마곡동,1577,11500-189,마곡나루경남아파트,,84.29,10,1991,76000,2020-10-30,,,,,,
강서구,11500,10100,염창동,258-1,11500-7,동아3,,59.83,20,1999,85000,2020-10-26,,,,,,
강서구,11500,10100,염창동,295,11500-20,성원,,84.81,5,2001,85000,2020-10-26,,,,,,
강서구,11500,10200,등촌동,691-1,11500-36,동성,,101.88,3,1995,87000,2020-10-26,,,,,,
강서구,11500,10100,염창동,282-19,11500-5104,현대아이파크,,84.84,6,2005,98000,2020-10-31,,,,,,
강서구,11500,10100,염창동,255,11500-13,무학,,59.38,11,1999,72800,2020-10-26,,,,,,
강서구,11500,10600,내발산동,686-1,11500-163,보람,,84.03,13,2001,64000,2020-10-28,,,,,,
강서구,11500,10100,염창동,244-2,11500-16,삼성한마음,,59.94,2,1995,63500,2020-10-31,,,,,,
강서구,11500,10500,마곡동,750,11500-6868,마곡엠벨리(14단지),,84.5,6,2014,120000,2020-10-31,,,,,,
강서구,11500,10300,화곡동,1159,11500-5419,"우장산아이파크,이편한세상",,59.98,4,2008,104000,2020-10-28,,,,,,
강서구,11500,10400,가양동,1461,11500-151,가양2단지(성지),,49.56,6,1992,68300,2020-10-28,,,,,,
강서구,11500,10100,염창동,263,11500-26,태진한솔,,58.87,9,1994,70800,2020-10-31,,,,,,
강서구,11500,10500,마곡동,750,11500-6868,마곡엠벨리(14단지),,84.5,5,2014,120000,2020-10-25,,,,,,
강서구,11500,10900,방화동,858,11500-202,삼성꽃마을,,59.99,1,1997,48700,2020-10-30,,,,,,
강서구,11500,10600,내발산동,753,11500-5437,마곡수명산파크4단지,,59.84,5,2008,74900,2020-10-31,,,,,,
강서구,11500,10900,방화동,832,11500-196,청솔,,39.36,8,1994,39500,2020-10-31,,,,,,
강서구,11500,10100,염창동,292,11500-6,동아,,84.95,13,1998,89600,2020-10-30,,,,,,
강서구,11500,10200,등촌동,656-17,11500-7919,지엠벨리,,27.57,5,2019,28200,2020-10-26,O,20.12.22,,,,
강서구,11500,10900,방화동,860,11500-211,마곡서광(치현마을),,84.93,8,1998,56900,2020-10-26,,,,,,
강서구,11500,10500,마곡동,748,11500-7596,마곡13단지힐스테이트마스터,,84.9881,13,2017,130000,2020-10-26,,,,,,
강서구,11500,10900,방화동,874,11500-238,대림e-편한세상,,68.47,3,2003,62000,2020-10-26,,,,,,
강서구,11500,10600,내발산동,686-1,11500-163,보람,,84.03,3,2001,59500,2020-10-27,,,,,,
강서구,11500,10100,염창동,292,11500-6,동아,,114.84,5,1998,106500,2020-10-30,,,,,,
강서구,11500,10300,화곡동,474-1,11500-79,미주,,48.3,1,1988,18000,2020-10-29,,,,,,
강서구,11500,10200,등촌동,688,11500-55,주공3,,58.14,3,1995,75000,2020-10-28,,,,,,
강서구,11500,10300,화곡동,926-4,11500-124,지석,,83.7,7,2002,36400,2020-10-22,,,,,,
강서구,11500,10100,염창동,244-2,11500-16,삼성한마음,,59.94,13,1995,69000,2020-10-24,,,,,,
강서구,11500,10200,등촌동,691-1,11500-36,동성,,134.94,13,1995,100000,2020-10-27,,,,,,
강서구,11500,10200,등촌동,634-13,11500-65,심미에셈빌,,82.62,10,2003,56500,2020-10-29,,,,,,
강서구,11500,10900,방화동,579,11500-376,마곡 한진해모로,,59.92,8,2004,57000,2020-10-28,,,,,,
강서구,11500,10900,방화동,839,11500-193,방화그린,,33.6,7,1993,34500,2020-10-31,,,,,,
강서구,11500,10900,방화동,817,11500-194,동성,,84.95,1,1993,70000,2020-10-31,,,,,,
강서구,11500,10500,마곡동,1467,11500-269,마곡우림필유아파트,,84.528,2,2003,71500,2020-10-27,,,,,,
강서구,11500,10600,내발산동,657,11500-477,우장산힐스테이트,,84.98,3,2005,115000,2020-10-29,,,,,,
강서구,11500,10200,등촌동,570-11,11500-5263,정우아파트(570-11),,83.31,5,2004,36000,2020-10-23,,,,,,
강서구,11500,10200,등촌동,695,11500-56,주공5,,37.67,8,1995,57000,2020-10-24,,,,,,
강서구,11500,10100,염창동,246-23,11500-518,극동,,59.9,11,2000,65500,2020-10-24,,,,,,
강서구,11500,10500,마곡동,741,11500-7419,마곡엠밸리8단지,,59.79,6,2016,100000,2020-10-27,,,,,,
강서구,11500,10200,등촌동,694,11500-35,대림,,89.975,16,1995,91500,2020-10-28,,,,,,
강서구,11500,10300,화곡동,351-89,11500-101,중앙화곡하이츠,,49.68,10,1988,31500,2020-10-24,,,,,,
강서구,11500,10900,방화동,546-1,11500-5164,방화3차우림필유,,59.89,5,2005,55000,2020-10-31,,,,,,
강서구,11500,10500,마곡동,743,11500-6893,마곡엠밸리6단지,,84.88,7,2014,126000,2020-10-16,,,,,,
강서구,11500,10900,방화동,546-1,11500-5164,방화3차우림필유,,84.57,10,2005,63000,2020-10-27,,,,,,
강서구,11500,10500,마곡동,1252,11500-5165,마곡보타닉경남아너스빌,,84.9941,7,2005,73500,2020-10-28,,,,,,
강서구,11500,10100,염창동,293,11500-27,한강동아,,114.78,17,1998,109500,2020-10-31,,,,,,
강서구,11500,10200,등촌동,688,11500-55,주공3,,37.67,11,1995,59900,2020-10-27,,,,,,
강서구,11500,10600,내발산동,657,11500-477,우장산힐스테이트,,59.98,9,2005,99000,2020-10-07,,,,,,
강서구,11500,10900,방화동,793,11500-217,현대,,84.99,10,1993,71500,2020-10-24,,,,,,
강서구,11500,10500,마곡동,716,11500-5140,한솔솔파크,,84.87,12,2005,89500,2020-10-18,,,,,,
강서구,11500,10500,마곡동,1565,11500-191,길훈,,65.88,5,1989,66300,2020-10-30,,,,,,
강서구,11500,10500,마곡동,751,11500-6867,마곡엠벨리(15단지),,59.79,2,2014,95000,2020-10-17,,,,,,
강서구,11500,10300,화곡동,1145,11500-242,우장산롯데캐슬,,177.86,16,2003,140000,2020-10-21,,,,,,
강서구,11500,10900,방화동,839,11500-193,방화그린,,39.76,13,1993,42000,2020-10-26,,,,,,
강서구,11500,10400,가양동,1485,11500-149,가양6단지,,39.6,13,1992,59800,2020-10-24,,,,,,
강서구,11500,10200,등촌동,632-2,11500-59,태영,,59.97,11,1998,67800,2020-10-26,,,,,,
강서구,11500,10900,방화동,814,11500-197,방화5,,39.6,11,1994,47000,2020-10-23,,,,,,
강서구,11500,10900,방화동,832,11500-196,청솔,,59.04,5,1994,58000,2020-10-22,,,,,,
강서구,11500,10400,가양동,1462,11500-5222,강서한강월드메르디앙,,84.98,2,2006,82000,2020-10-26,,,,,,
강서구,11500,10400,가양동,1495,11500-156,한보구암마을,,59.58,9,1999,65800,2020-10-15,,,,,,
강서구,11500,10400,가양동,1461,11500-151,가양2단지(성지),,34.44,2,1992,49000,2020-10-17,,,,,,
강서구,11500,10500,마곡동,1467,11500-269,마곡우림필유아파트,,84.528,10,2003,78500,2020-10-25,,,,,,
강서구,11500,10900,방화동,831,11500-195,방화4단지,,100.35,1,1994,70000,2020-10-24,,,,,,
강서구,11500,10200,등촌동,701,11500-58,"진로,미주아파트",,84.96,9,1994,77000,2020-10-24,,,,,,
강서구,11500,10200,등촌동,695,11500-56,주공5,,58.14,4,1995,70000,2020-10-20,,,,,,
강서구,11500,10900,방화동,546-1,11500-5164,방화3차우림필유,,99.62,3,2005,67000,2020-10-24,,,,,,
강서구,11500,10500,마곡동,746,11500-7467,마곡엠밸리11단지,,59.99,14,2016,99500,2020-10-24,,,,,,
강서구,11500,10300,화곡동,1165,11500-6919,강서힐스테이트,,84.99,16,2015,121000,2020-10-25,,,,,,
강서구,11500,10100,염창동,292,11500-6,동아,,114.84,9,1998,110000,2020-10-30,,,,,,
강서구,11500,10300,화곡동,1159,11500-5419,"우장산아이파크,이편한세상",,84.97,8,2008,122000,2020-10-21,,,,,,
강서구,11500,10100,염창동,300,11500-5105,강변한솔솔파크,,84.97,6,2005,92000,2020-10-25,,,,,,
강서구,11500,10500,마곡동,1589,11500-7244,마곡힐스테이트,,84.98,5,2017,130000,2020-10-21,,,,,,
강서구,11500,10500,마곡동,751,11500-6867,마곡엠벨리(15단지),,59.79,13,2014,99200,2020-10-24,,,,,,
강서구,11500,10100,염창동,240-1,11500-5966,강변월드메르디앙,,84.9102,13,2010,92700,2020-10-26,,,,,,
강서구,11500,10400,가양동,1500,11500-6753,강서한강자이,,84.9903,7,2013,120000,2020-10-28,,,,,,
강서구,11500,10600,내발산동,753,11500-5437,마곡수명산파크4단지,,84.76,12,2008,86000,2020-10-31,,,,,,
강서구,11500,10300,화곡동,1091,11500-120,화곡푸르지오,,144.123,3,2002,109500,2020-10-15,,,,,,
강서구,11500,10100,염창동,264-18,11500-5102,송촌,,84.99,16,2005,73500,2020-10-28,,,,,,
강서구,11500,10100,염창동,248-3,11500-15,삼성하나로,,84.78,7,1994,71500,2020-10-16,,,,,,
강서구,11500,10400,가양동,1497,11500-5212,가양1차보람더하임,,83.07,9,2006,72500,2020-10-15,,,,,,
강서구,11500,10200,등촌동,707,11500-57,"등촌7,8단지주공아파트",,41.85,5,1994,56000,2020-10-26,,,,,,
강서구,11500,10100,염창동,280,11500-2,극동상록수,,84.96,8,1999,87800,2020-10-23,,,,,,
강서구,11500,10400,가양동,1490,11500-150,가양도시개발9-2단지,,39.6,11,1993,60000,2020-10-15,,,,,,
강서구,11500,10300,화곡동,1091,11500-120,화곡푸르지오,,84.94,5,2002,93700,2020-10-14,,,,,,
강서구,11500,10500,마곡동,716,11500-5140,한솔솔파크,,84.87,5,2005,94500,2020-10-27,,,,,,
강서구,11500,10100,염창동,248-3,11500-15,삼성하나로,,84.78,2,1994,70000,2020-10-17,,,,,,
강서구,11500,10500,마곡동,429,11500-157,벽산,,84.97,12,1999,77000,2020-10-22,O,20.12.02,,,,
강서구,11500,10400,가양동,1474,11500-147,대림경동아파트,,131.4,15,1993,109300,2020-10-23,,,,,,
강서구,11500,10100,염창동,250-3,11500-5856,이너스양화6차,,84.75,1,2009,61500,2020-10-27,,,,,,
강서구,11500,10200,등촌동,634-2,11500-61,한사랑2삼성,,84.96,1,1999,77000,2020-10-31,,,,,,
강서구,11500,10400,가양동,1460,11500-155,한강타운,,84.99,13,1993,91000,2020-10-12,,,,,,
강서구,11500,10100,염창동,240-1,11500-5966,강변월드메르디앙,,84.8789,13,2010,94000,2020-10-24,,,,,,
강서구,11500,10300,화곡동,1165,11500-6919,강서힐스테이트,,84.99,14,2015,125000,2020-10-20,,,,,,
강서구,11500,10400,가양동,1490,11500-150,가양도시개발9-2단지,,39.6,4,1993,55500,2020-10-29,,,,,,
강서구,11500,10600,내발산동,738,11500-5383,청솔숲속마을102동,,61.68,8,2007,61000,2020-10-21,,,,,,
강서구,11500,10200,등촌동,713,11500-229,대동황토방2,,80.93,7,2003,80500,2020-10-15,,,,,,
강서구,11500,10300,화곡동,901-10,11500-285,일현세일,,111.28,5,2003,34000,2020-10-15,,,,,,
강서구,11500,10300,화곡동,918-12,11500-278,강서뉴,,63.27,2,2003,25200,2020-10-20,,,,,,
강서구,11500,10100,염창동,281-22,11500-465,염창1차한화꿈에그린,,59.94,4,2005,97900,2020-10-24,,,,,,
강서구,11500,10900,방화동,870,11500-220,동부센트레빌,,59.97,4,2003,58500,2020-10-21,,,,,,
강서구,11500,10100,염창동,282-19,11500-5104,현대아이파크,,84.84,14,2005,97000,2020-10-26,,,,,,
강서구,11500,10400,가양동,1495,11500-156,한보구암마을,,84.39,3,1999,71000,2020-10-10,,,,,,
강서구,11500,10500,마곡동,1467,11500-269,마곡우림필유아파트,,84.528,1,2003,65500,2020-10-20,,,,,,
강서구,11500,10300,화곡동,56-28,11500-178,계명가동,,57.84,3,2002,20000,2020-10-22,,,,,,
강서구,11500,10200,등촌동,695,11500-56,주공5,,37.67,13,1995,55000,2020-10-09,,,,,,
강서구,11500,10100,염창동,292,11500-6,동아,,59.97,8,1998,68000,2020-10-18,,,,,,
강서구,11500,10400,가양동,1475,11500-146,강변,,34.44,13,1992,54700,2020-10-10,,,,,,
강서구,11500,10900,방화동,841,11500-209,장미,,49.2,11,1994,48500,2020-10-10,,,,,,
강서구,11500,10200,등촌동,695,11500-56,주공5,,37.67,3,1995,54500,2020-10-12,,,,,,
강서구,11500,10900,방화동,873,11500-237,마곡우림1차아파트,,84.971,9,2003,65500,2020-10-22,,,,,,
강서구,11500,10400,가양동,1460,11500-155,한강타운,,84.99,10,1993,89990,2020-10-09,,,,,,
강서구,11500,10900,방화동,870,11500-220,동부센트레빌,,84.96,7,2003,64500,2020-10-22,,,,,,
강서구,11500,10500,마곡동,736,11500-6902,마곡엠밸리3단지,,114.86,3,2014,128000,2020-10-13,,,,,,
강서구,11500,10300,화곡동,917-4,11500-7318,세림아파트,,37.925,5,2016,22000,2020-10-08,,,,,,
강서구,11500,10400,가양동,1490,11500-150,가양도시개발9-2단지,,39.6,7,1993,57000,2020-10-26,,,,,,
강서구,11500,10400,가양동,1490,11500-150,가양도시개발9-2단지,,39.6,8,1993,56900,2020-10-05,,,,,,
강서구,11500,10200,등촌동,628-15,11500-39,등촌라인(조합),,59.91,18,1997,66000,2020-10-26,,,,,,
강서구,11500,10900,방화동,852,11500-192,마곡중앙하이츠아파트,,51.03,6,1994,52900,2020-10-26,,,,,,
강서구,11500,10400,가양동,1500,11500-6753,강서한강자이,,59.9382,7,2013,106000,2020-10-15,,,,,,
강서구,11500,10900,방화동,804,11500-210,방화동진로아파트,,84.96,9,1994,59950,2020-10-12,,,,,,
강서구,11500,10200,등촌동,632-2,11500-59,태영,,59.97,3,1998,62500,2020-10-19,,,,,,
강서구,11500,10100,염창동,292,11500-6,동아,,84.95,6,1998,88000,2020-10-24,,,,,,
강서구,11500,10300,화곡동,1091,11500-120,화곡푸르지오,,156.876,3,2002,114500,2020-10-16,,,,,,
강서구,11500,10300,화곡동,474-1,11500-79,미주,,48.3,5,1988,18000,2020-10-08,,,,,,
강서구,11500,10300,화곡동,1159,11500-5419,"우장산아이파크,이편한세상",,84.97,15,2008,114500,2020-10-10,,,,,,
강서구,11500,10400,가양동,14-3,11500-144,가양우성,,84.85,8,1990,86500,2020-10-09,,,,,,
강서구,11500,10900,방화동,814,11500-197,방화5,,33.18,10,1994,38800,2020-10-31,,,,,,
강서구,11500,10500,마곡동,1478,11500-198,마곡삼성아파트,,59.95,11,1998,63000,2020-10-26,,,,,,
강서구,11500,10900,방화동,286-1,11500-214,한미(286-1),,47.22,1,1988,45500,2020-10-23,,,,,,
강서구,11500,10300,화곡동,920-15,11500-7595,남광아파트,,43.85,11,2017,26800,2020-10-23,,,,,,
강서구,11500,10900,방화동,579,11500-376,마곡 한진해모로,,84.93,10,2004,71200,2020-10-14,,,,,,
강서구,11500,10300,화곡동,901-13,11500-274,한백E타운아파트,,78.42,8,2003,39700,2020-10-25,,,,,,
강서구,11500,10500,마곡동,1467,11500-269,마곡우림필유아파트,,84.528,3,2003,76500,2020-10-25,,,,,,
강서구,11500,10100,염창동,248-3,11500-15,삼성하나로,,59.26,7,1994,62900,2020-10-09,,,,,,
강서구,11500,10300,화곡동,350-34,11500-250,계명(350-34),,57.88,6,2000,18000,2020-10-29,,,,,,
강서구,11500,10500,마곡동,740,11500-6908,마곡엠밸리5단지,,114.98,6,2014,139000,2020-10-19,,,,,,
강서구,11500,10100,염창동,300,11500-5105,강변한솔솔파크,,84.97,14,2005,101500,2020-10-13,,,,,,
강서구,11500,10500,마곡동,746,11500-7467,마곡엠밸리11단지,,59.79,5,2016,96000,2020-10-12,,,,,,
강서구,11500,10500,마곡동,751,11500-6867,마곡엠벨리(15단지),,84.88,10,2014,119000,2020-10-17,,,,,,
강서구,11500,10500,마곡동,429,11500-157,벽산,,59.98,11,1999,65000,2020-10-17,,,,,,
강서구,11500,10300,화곡동,1145,11500-242,우장산롯데캐슬,,177.86,2,2003,129000,2020-10-07,,,,,,
강서구,11500,10500,마곡동,750,11500-6868,마곡엠벨리(14단지),,84.88,11,2014,129000,2020-10-17,,,,,,
강서구,11500,10200,등촌동,715,11500-263,등촌동아이파크,,119.9031,9,2004,114000,2020-10-22,,,,,,
강서구,11500,10500,마곡동,748,11500-7596,마곡13단지힐스테이트마스터,,59.9825,7,2017,109700,2020-10-13,,,,,,
강서구,11500,10600,내발산동,741,11500-5326,마곡수명산파크2단지,,84.68,3,2007,98000,2020-10-13,,,,,,
강서구,11500,10600,내발산동,657,11500-477,우장산힐스테이트,,126.65,14,2005,125000,2020-10-18,,,,,,
강서구,11500,10300,화곡동,1152,11500-381,보람,,68.17,2,2004,33000,2020-10-27,,,,,,
강서구,11500,10400,가양동,1461,11500-151,가양2단지(성지),,34.69,10,1992,51000,2020-10-15,,,,,,
강서구,11500,10500,마곡동,1478,11500-198,마곡삼성아파트,,59.95,11,1998,62800,2020-10-16,,,,,,
강서구,11500,10800,공항동,1371,11500-185,해태,,84.27,6,2000,55000,2020-10-24,,,,,,
강서구,11500,10400,가양동,1500,11500-6753,강서한강자이,,124.4246,13,2013,150400,2020-10-08,,,,,,
강서구,11500,10900,방화동,852,11500-192,마곡중앙하이츠아파트,,39.58,7,1994,41000,2020-10-23,,,,,,
강서구,11500,10500,마곡동,1589,11500-7244,마곡힐스테이트,,84.89,14,2017,130000,2020-10-05,,,,,,
강서구,11500,10300,화곡동,1165,11500-6919,강서힐스테이트,,128.81,3,2015,153000,2020-10-09,,,,,,
강서구,11500,10500,마곡동,1467,11500-269,마곡우림필유아파트,,84.528,3,2003,74000,2020-10-16,,,,,,
강서구,11500,10300,화곡동,396-17,11500-100,주얼리,,63.38,4,2000,21500,2020-10-26,,,,,,
강서구,11500,10100,염창동,244-2,11500-16,삼성한마음,,59.94,6,1995,67500,2020-10-24,,,,,,
강서구,11500,10500,마곡동,429,11500-157,벽산,,59.98,4,1999,64000,2020-10-09,,,,,,
강서구,11500,10100,염창동,292,11500-6,동아,,114.84,8,1998,94000,2020-10-06,,,,,,
강서구,11500,10600,내발산동,657,11500-477,우장산힐스테이트,,84.98,13,2005,96000,2020-10-07,,,,,,
강서구,11500,10200,등촌동,564-7,11500-43,삼형.그레이스빌,,55.178,9,2001,54000,2020-10-26,,,,,,
강서구,11500,10500,마곡동,743,11500-6893,마곡엠밸리6단지,,84.88,13,2014,128000,2020-10-20,,,,,,
강서구,11500,10300,화곡동,900-1,11500-106,해태드림타운,,66.15,5,1997,34700,2020-10-16,,,,,,
강서구,11500,10300,화곡동,1165,11500-6919,강서힐스테이트,,84.99,5,2015,129800,2020-10-15,O,20.12.28,,,,
강서구,11500,10100,염창동,240-1,11500-5966,강변월드메르디앙,,84.8789,12,2010,93500,2020-10-09,,,,,,
강서구,11500,10300,화곡동,1139,11500-103,초록,,59.34,3,1998,64800,2020-10-07,O,20.12.08,,,,
강서구,11500,10900,방화동,814,11500-197,방화5,,49.77,7,1994,60000,2020-10-26,,,,,,
강서구,11500,10900,방화동,814,11500-197,방화5,,49.77,1,1994,50700,2020-10-26,,,,,,
강서구,11500,10900,방화동,875,11500-233,방화동동부센트레빌(875번지),,84.97,2,2003,68000,2020-10-24,,,,,,
강서구,11500,10500,마곡동,748,11500-7596,마곡13단지힐스테이트마스터,,59.9825,12,2017,107000,2020-10-09,,,,,,
강서구,11500,10900,방화동,860,11500-211,마곡서광(치현마을),,59.67,16,1998,46900,2020-10-08,,,,,,
강서구,11500,10600,내발산동,657,11500-477,우장산힐스테이트,,126.65,9,2005,137000,2020-10-13,,,,,,
강서구,11500,10900,방화동,852,11500-192,마곡중앙하이츠아파트,,39.58,11,1994,40000,2020-10-10,,,,,,
강서구,11500,10500,마곡동,748,11500-7596,마곡13단지힐스테이트마스터,,59.9825,8,2017,108000,2020-10-13,,,,,,
강서구,11500,10400,가양동,1485,11500-149,가양6단지,,58.65,14,1992,79700,2020-10-16,,,,,,
강서구,11500,10100,염창동,250-1,11500-5621,삼현팰리채,,84.62,5,2008,60000,2020-10-22,,,,,,
강서구,11500,10900,방화동,878,11500-378,월드메르디앙101동,,66.76,1,2004,48000,2020-10-08,,,,,,
강서구,11500,10600,내발산동,675-6,11500-5195,신세계5차,,84.89,4,2005,57000,2020-10-26,,,,,,
강서구,11500,10600,내발산동,753,11500-5437,마곡수명산파크4단지,,59.84,1,2008,69500,2020-10-23,,,,,,
강서구,11500,10900,방화동,861,11500-219,홍익아파트,,70.44,3,1999,34650,2020-10-21,,,,,,
강서구,11500,10200,등촌동,688,11500-55,주공3,,37.67,13,1995,55000,2020-10-20,,,,,,
강서구,11500,10200,등촌동,688,11500-55,주공3,,58.14,10,1995,78000,2020-10-15,,,,,,
강서구,11500,10400,가양동,448-1,11500-143,가양강나루현대,,59.76,1,1999,70000,2020-10-24,,,,,,
강서구,11500,10900,방화동,860,11500-211,마곡서광(치현마을),,59.67,15,1998,45000,2020-10-06,,,,,,
강서구,11500,10500,마곡동,1252,11500-5165,마곡보타닉경남아너스빌,,84.9941,15,2005,73000,2020-10-23,,,,,,
강서구,11500,10300,화곡동,351-89,11500-101,중앙화곡하이츠,,56.88,3,1988,37500,2020-10-20,,,,,,
강서구,11500,10100,염창동,254-2,11500-296,이너스내안에,,84.91,1,2004,72000,2020-10-16,,,,,,
강서구,11500,10400,가양동,1490,11500-150,가양도시개발9-2단지,,39.6,7,1993,57000,2020-10-25,,,,,,
강서구,11500,10400,가양동,1461,11500-151,가양2단지(성지),,39.6,15,1992,56000,2020-10-25,,,,,,
강서구,11500,10300,화곡동,1011-6,11500-139,희훈리치파크,,84.64,2,2002,66500,2020-10-24,,,,,,
강서구,11500,10900,방화동,891,11500-5625,태승훼미리4차,,79.58,5,2008,48000,2020-10-24,,,,,,
강서구,11500,10300,화곡동,351-89,11500-101,중앙화곡하이츠,,74.16,7,1988,47000,2020-10-10,,,,,,
강서구,11500,10900,방화동,852,11500-192,마곡중앙하이츠아파트,,59.34,7,1994,54000,2020-10-26,,,,,,
강서구,11500,10100,염창동,293,11500-27,한강동아,,84.96,9,1998,83000,2020-10-24,,,,,,
강서구,11500,10500,마곡동,422,11500-158,신안,,59.98,10,1993,71500,2020-10-24,,,,,,
강서구,11500,10600,내발산동,753,11500-5437,마곡수명산파크4단지,,59.84,6,2008,71500,2020-10-24,,,,,,
강서구,11500,10600,내발산동,753,11500-5437,마곡수명산파크4단지,,59.84,7,2008,75500,2020-10-25,,,,,,
강서구,11500,10500,마곡동,1478,11500-198,마곡삼성아파트,,59.95,14,1998,64600,2020-10-09,,,,,,
강서구,11500,10900,방화동,615-103,11500-218,형제,,73.92,1,1982,70000,2020-10-24,,,,,,
강서구,11500,10600,내발산동,751,11500-5349,마곡수명산파크3단지,,84.96,9,2007,85500,2020-10-19,,,,,,
강서구,11500,10900,방화동,817,11500-194,동성,,76.8,11,1993,68000,2020-10-22,,,,,,
강서구,11500,10100,염창동,250-3,11500-5856,이너스양화6차,,84.75,7,2009,64000,2020-10-10,,,,,,
강서구,11500,10400,가양동,448-10,11500-352,보광드림타운,,84.22,6,2003,65000,2020-10-22,,,,,,
강서구,11500,10600,내발산동,751,11500-5349,마곡수명산파크3단지,,84.96,4,2007,84500,2020-10-24,,,,,,
강서구,11500,10900,방화동,867,11500-484,길성그랑프리텔,,84.05,14,2002,72000,2020-10-09,,,,,,
강서구,11500,10900,방화동,852,11500-192,마곡중앙하이츠아파트,,51.03,13,1994,48500,2020-10-24,,,,,,
강서구,11500,10100,염창동,66-9,11500-495,염창동한강우성,,84.68,8,1990,79500,2020-10-14,,,,,,
강서구,11500,10400,가양동,1485,11500-149,가양6단지,,39.6,12,1992,60000,2020-10-16,,,,,,
강서구,11500,10400,가양동,1460,11500-155,한강타운,,84.99,3,1993,89900,2020-10-12,,,,,,
강서구,11500,10600,내발산동,751,11500-5349,마곡수명산파크3단지,,84.96,5,2007,89000,2020-10-21,,,,,,
강서구,11500,10200,등촌동,695,11500-56,주공5,,58.14,15,1995,72500,2020-10-19,,,,,,
강서구,11500,10600,내발산동,751,11500-5349,마곡수명산파크3단지,,84.96,6,2007,88000,2020-10-16,,,,,,
강서구,11500,10500,마곡동,1181,11500-213,마곡청구아파트,,84.92,8,1998,70000,2020-10-15,,,,,,
강서구,11500,10900,방화동,831,11500-195,방화4단지,,100.35,14,1994,74400,2020-10-21,,,,,,
강서구,11500,10100,염창동,300,11500-5105,강변한솔솔파크,,84.97,11,2005,101700,2020-10-06,,,,,,
강서구,11500,10900,방화동,839,11500-193,방화그린,,39.76,15,1993,39200,2020-10-22,,,,,,
강서구,11500,10200,등촌동,687,11500-54,"등촌1,2단지주공아파트",,41.16,7,1994,56000,2020-10-26,,,,,,
강서구,11500,10300,화곡동,915-6,11500-137,한백e,,57.06,3,2002,14100,2020-10-22,,,,,,
강서구,11500,10300,화곡동,916-2,11500-7410,위하우스아파트,,30.18,7,2016,25000,2020-10-26,,,,,,
강서구,11500,10300,화곡동,1159,11500-5419,"우장산아이파크,이편한세상",,114.98,2,2008,130000,2020-10-20,,,,,,
강서구,11500,10900,방화동,841,11500-209,장미,,39.96,14,1994,40000,2020-10-19,,,,,,
강서구,11500,10200,등촌동,707,11500-57,"등촌7,8단지주공아파트",,41.85,12,1994,56900,2020-10-22,,,,,,
강서구,11500,10500,마곡동,1478,11500-198,마곡삼성아파트,,84.92,6,1998,67000,2020-10-22,,,,,,
강서구,11500,10300,화곡동,927-1,11500-94,웰라이빌,,84.85,11,2000,39000,2020-10-19,,,,,,
강서구,11500,10900,방화동,814,11500-197,방화5,,49.77,4,1994,60000,2020-10-10,,,,,,
강서구,11500,10100,염창동,258-1,11500-7,동아3,,59.7,12,1999,73300,2020-10-07,,,,,,
강서구,11500,10200,등촌동,716,11500-5108,등촌6차보람,,61.908,7,2005,57300,2020-10-10,,,,,,
강서구,11500,10100,염창동,292,11500-6,동아,,59.97,11,1998,71500,2020-10-10,,,,,,
강서구,11500,10400,가양동,1460,11500-155,한강타운,,84.99,1,1993,87400,2020-10-09,,,,,,
강서구,11500,10900,방화동,817,11500-194,동성,,64.65,11,1993,59750,2020-10-09,,,,,,
강서구,11500,10300,화곡동,1091,11500-120,화곡푸르지오,,144.123,9,2002,108000,2020-10-07,,,,,,
강서구,11500,10300,화곡동,350-34,11500-250,계명(350-34),,61.52,6,2000,21000,2020-10-05,,,,,,
강서구,11500,10500,마곡동,422,11500-158,신안,,84.97,7,1993,85500,2020-10-17,,,,,,
강서구,11500,10600,내발산동,673-11,11500-5262,청솔숲속마을101동,,80.61,12,2006,73000,2020-10-07,,,,,,
강서구,11500,10900,방화동,839,11500-193,방화그린,,33.6,7,1993,34800,2020-10-20,,,,,,
강서구,11500,10300,화곡동,404-2,11500-5267,한솔스위트벨리,,56.36,7,2007,26000,2020-10-16,,,,,,
강서구,11500,10400,가양동,448-10,11500-352,보광드림타운,,112.83,5,2003,75000,2020-10-09,,,,,,
강서구,11500,10900,방화동,831,11500-195,방화4단지,,134.61,13,1994,90000,2020-10-19,,,,,,
강서구,11500,10500,마곡동,716,11500-5140,한솔솔파크,,59.81,12,2005,84000,2020-10-17,,,,,,
강서구,11500,10500,마곡동,1467,11500-269,마곡우림필유아파트,,84.528,11,2003,73400,2020-10-22,,,,,,
강서구,11500,10600,내발산동,751,11500-5349,마곡수명산파크3단지,,84.53,8,2007,89500,2020-10-17,,,,,,
강서구,11500,10100,염창동,66-9,11500-495,염창동한강우성,,65.88,1,1990,59500,2020-10-16,,,,,,
강서구,11500,10100,염창동,302,11500-5206,염창2차한화꿈에그린,,59.99,6,2006,84500,2020-10-16,,,,,,
강서구,11500,10100,염창동,66-9,11500-495,염창동한강우성,,84.7,3,1990,74800,2020-10-19,,,,,,
강서구,11500,10300,화곡동,473-4,11500-5123,명지해드는터,,83.07,3,2005,51000,2020-10-22,,,,,,
강서구,11500,10100,염창동,305,11500-5406,염창1차보람더하임,,84.98,5,2008,89000,2020-10-17,,,,,,
강서구,11500,10400,가양동,448-1,11500-143,가양강나루현대,,84.98,8,1999,88900,2020-10-14,,,,,,
강서구,11500,10900,방화동,852,11500-192,마곡중앙하이츠아파트,,51.03,2,1994,50000,2020-10-14,,,,,,
강서구,11500,10900,방화동,852,11500-192,마곡중앙하이츠아파트,,51.03,9,1994,52700,2020-10-10,,,,,,
강서구,11500,10900,방화동,817,11500-194,동성,,76.8,6,1993,67000,2020-10-15,,,,,,
강서구,11500,10900,방화동,819,11500-186,개화,,101.86,9,1994,72000,2020-10-12,,,,,,
강서구,11500,10900,방화동,817,11500-194,동성,,76.8,10,1993,66500,2020-10-10,,,,,,
강서구,11500,10900,방화동,814,11500-197,방화5,,33.18,4,1994,39500,2020-10-15,,,,,,
강서구,11500,10100,염창동,270-1,11500-25,태영,,84.93,9,1999,84000,2020-10-15,,,,,,
강서구,11500,10400,가양동,1485,11500-149,가양6단지,,49.5,15,1992,70700,2020-10-16,,,,,,
강서구,11500,10600,내발산동,688-4,11500-5728,수명산태송팰리채,,83.709,3,2008,56200,2020-10-07,,,,,,
강서구,11500,10200,등촌동,632-4,11500-42,삼성한사랑1,,59.73,10,1997,66200,2020-10-11,,,,,,
강서구,11500,10100,염창동,290,11500-14,벽산늘푸른,,84.94,1,1998,70000,2020-10-10,,,,,,
강서구,11500,10600,내발산동,749,11500-5547,마곡수명산파크5단지,,59.87,4,2008,76000,2020-10-15,,,,,,
강서구,11500,10400,가양동,1490,11500-150,가양도시개발9-2단지,,39.6,3,1993,54800,2020-10-14,,,,,,
강서구,11500,10300,화곡동,354-54,11500-111,화곡동복지,,53.94,1,1974,18000,2020-10-10,,,,,,
강서구,11500,10900,방화동,852,11500-192,마곡중앙하이츠아파트,,51.03,8,1994,52750,2020-10-14,,,,,,
강서구,11500,10300,화곡동,351-89,11500-101,중앙화곡하이츠,,56.88,4,1988,35300,2020-10-10,,,,,,
강서구,11500,10600,내발산동,676-12,11500-252,덕현중앙타워빌,,70.51,8,2003,46000,2020-10-23,,,,,,
강서구,11500,10900,방화동,804,11500-210,방화동진로아파트,,84.96,4,1994,58000,2020-10-05,,,,,,
강서구,11500,10300,화곡동,359-3,11500-133,대우그린,,71.04,2,2002,29000,2020-10-08,,,,,,
강서구,11500,10400,가양동,1475,11500-146,강변,,34.44,14,1992,55000,2020-10-09,,,,,,
강서구,11500,10300,화곡동,1061-34,11500-132,다울,,108,2,2002,43000,2020-10-06,O,20.11.17,,,,
강서구,11500,10100,염창동,255,11500-13,무학,,84.64,5,1999,82300,2020-10-17,,,,,,
강서구,11500,10200,등촌동,365-195,11500-37,두보아파트,,59.49,1,1991,33000,2020-10-14,,,,,,
강서구,11500,10500,마곡동,748,11500-7596,마곡13단지힐스테이트마스터,,84.9805,13,2017,119000,2020-10-20,,,,,,
강서구,11500,10100,염창동,280,11500-2,극동상록수,,59.91,8,1999,73500,2020-10-16,,,,,,
강서구,11500,10900,방화동,852,11500-192,마곡중앙하이츠아파트,,39.58,14,1994,38800,2020-10-17,,,,,,
강서구,11500,10900,방화동,852,11500-192,마곡중앙하이츠아파트,,51.03,9,1994,49500,2020-10-15,,,,,,
강서구,11500,10300,화곡동,918-38,11500-7370,성재센트리움,,28.39,11,2016,19000,2020-10-21,,,,,,
강서구,11500,10300,화곡동,1146,11500-245,태창네스트힐,,82.35,2,2004,39800,2020-10-15,,,,,,
강서구,11500,10300,화곡동,1145,11500-242,우장산롯데캐슬,,85,19,2003,100000,2020-10-09,,,,,,
강서구,11500,10300,화곡동,1146,11500-245,태창네스트힐,,55.88,2,2004,34000,2020-10-13,,,,,,
강서구,11500,10100,염창동,288,11500-28,현대1,,84.34,11,1994,78000,2020-10-16,,,,,,
강서구,11500,10500,마곡동,1171,11500-199,마곡현대아파트,,59.92,7,1999,54900,2020-10-13,,,,,,
강서구,11500,10600,내발산동,686-1,11500-163,보람,,84.03,13,2001,59000,2020-10-12,,,,,,
강서구,11500,10500,마곡동,1589,11500-7244,마곡힐스테이트,,84.92,3,2017,125000,2020-10-08,,,,,,
강서구,11500,10600,내발산동,742,11500-5371,마곡수명산파크1단지,,84.53,11,2007,88000,2020-10-07,,,,,,
강서구,11500,10200,등촌동,711,11500-69,월드메르디앙,,59.79,5,2002,62500,2020-10-10,,,,,,
강서구,11500,10200,등촌동,695,11500-56,주공5,,58.14,4,1995,75000,2020-10-09,,,,,,
강서구,11500,10100,염창동,254-2,11500-296,이너스내안에,,84.91,6,2004,71500,2020-10-07,,,,,,
강서구,11500,10600,내발산동,749,11500-5547,마곡수명산파크5단지,,59.76,10,2008,76000,2020-10-17,,,,,,
강서구,11500,10900,방화동,814,11500-197,방화5,,49.77,3,1994,56800,2020-10-16,,,,,,
강서구,11500,10100,염창동,296,11500-270,태진드림피아,,79.825,9,2003,72000,2020-10-05,,,,,,
강서구,11500,10600,내발산동,749,11500-5547,마곡수명산파크5단지,,59.84,7,2008,77000,2020-10-15,,,,,,
강서구,11500,10300,화곡동,1165,11500-6919,강서힐스테이트,,59.99,6,2015,105500,2020-10-09,,,,,,
강서구,11500,10100,염창동,258-1,11500-7,동아3,,59.7,13,1999,78000,2020-10-06,,,,,,
강서구,11500,10300,화곡동,404-2,11500-5267,한솔스위트벨리,,76.11,5,2007,32000,2020-10-06,,,,,,
강서구,11500,10300,화곡동,1165,11500-6919,강서힐스테이트,,84.99,6,2015,127500,2020-10-10,,,,,,
강서구,11500,10500,마곡동,1589,11500-7244,마곡힐스테이트,,84.89,12,2017,130000,2020-10-10,,,,,,
강서구,11500,10300,화곡동,1091,11500-120,화곡푸르지오,,156.876,7,2002,110000,2020-10-09,,,,,,
강서구,11500,10600,내발산동,688-4,11500-5728,수명산태송팰리채,,77.14,3,2008,52200,2020-10-06,,,,,,
강서구,11500,10500,마곡동,748,11500-7596,마곡13단지힐스테이트마스터,,84.9881,8,2017,127000,2020-10-05,,,,,,
강서구,11500,10900,방화동,839,11500-193,방화그린,,33.6,5,1993,34500,2020-10-11,,,,,,
강서구,11500,10900,방화동,839,11500-193,방화그린,,33.6,11,1993,33650,2020-10-09,,,,,,
강서구,11500,10500,마곡동,1478,11500-198,마곡삼성아파트,,59.95,6,1998,60000,2020-10-14,,,,,,
강서구,11500,10300,화곡동,1141,11500-112,화곡삼익,,74.16,3,2001,41500,2020-10-06,,,,,,
강서구,11500,10300,화곡동,1146,11500-245,태창네스트힐,,82.35,9,2004,43500,2020-10-13,,,,,,
강서구,11500,10600,내발산동,753,11500-5437,마곡수명산파크4단지,,59.84,2,2008,71000,2020-10-09,,,,,,
강서구,11500,10200,등촌동,688,11500-55,주공3,,37.67,7,1995,60000,2020-10-14,,,,,,
강서구,11500,10100,염창동,248-3,11500-15,삼성하나로,,84.78,12,1994,73400,2020-10-06,,,,,,
강서구,11500,10400,가양동,1460,11500-155,한강타운,,84.99,11,1993,89990,2020-10-06,O,20.11.26,,,,
강서구,11500,10600,내발산동,674-32,11500-179,제이월드에메랄드,,84.32,5,2002,58000,2020-10-13,,,,,,
강서구,11500,10900,방화동,796,11500-204,신동아,,59.4,6,1995,59500,2020-10-11,,,,,,
강서구,11500,10500,마곡동,1513,11500-5270,마곡경남아너스빌,,84.98,3,2007,75000,2020-10-13,,,,,,
강서구,11500,10900,방화동,793,11500-217,현대,,84.99,6,1993,62000,2020-10-04,,,,,,
강서구,11500,10900,방화동,814,11500-197,방화5,,33.18,3,1994,37000,2020-10-06,,,,,,
강서구,11500,10900,방화동,814,11500-197,방화5,,39.6,6,1994,46000,2020-10-09,,,,,,
강서구,11500,10400,가양동,1461,11500-151,가양2단지(성지),,34.44,14,1992,51500,2020-10-05,,,,,,
강서구,11500,10100,염창동,292,11500-6,동아,,84.95,6,1998,79000,2020-10-05,,,,,,
강서구,11500,10400,가양동,1461,11500-151,가양2단지(성지),,39.6,8,1992,55000,2020-10-12,O,20.12.16,,,,
강서구,11500,10500,마곡동,1565,11500-191,길훈,,51.28,4,1989,57000,2020-10-05,,,,,,
구로구,11530,10700,개봉동,476,11530-89,한마을,,84.57,25,1999,81000,2020-10-25,,,,,,
구로구,11530,10100,신도림동,432-1,11530-3174,SKVIEW,,84.96,16,2006,98000,2020-10-10,,,,,,
구로구,11530,10200,구로동,685-124,11530-30,중앙하이츠,,79.97,7,1987,68000,2020-10-29,,,,,,
구로구,11530,10200,구로동,685-124,11530-30,중앙하이츠,,79.97,7,1987,68000,2020-10-29,O,20.12.21,,,,
구로구,11530,10700,개봉동,481,11530-91,현대,,84.99,9,2001,80500,2020-10-09,,,,,,
구로구,11530,10200,구로동,740-79,11530-309,태영빌라2,,58.06,2,1997,20700,2020-10-30,,,,,,
구로구,11530,10200,구로동,740-79,11530-309,태영빌라2,,58.06,2,1997,20700,2020-10-30,O,20.11.28,,,,
구로구,11530,10200,구로동,747-35,11530-396,(747-35),,50.52,1,1982,12200,2020-10-31,,,,,,
구로구,11530,10600,고척동,141-1,11530-56,서울가든,,64.39,3,1989,60000,2020-10-31,,,,,,
구로구,11530,10200,구로동,807-2,11530-655,대림빌라,,50.16,4,1996,20500,2020-10-14,O,20.11.26,,,,
구로구,11530,10100,신도림동,640,11530-134,신성은하수,,59.88,13,1997,69000,2020-10-31,,,,,,
구로구,11530,10800,오류동,339,11530-101,동부(105동~106동),,114.94,4,1999,59500,2020-10-27,,,,,,
구로구,11530,10200,구로동,743-10,11530-325,(743-10),,43.5,2,1994,13300,2020-10-26,,,,,,
구로구,11530,10200,구로동,740-29,11530-302,궁전아트빌라,,36.9,1,1994,10500,2020-10-30,,,,,,
구로구,11530,10200,구로동,740-24,11530-299,(740-24),,34.6,5,2000,12000,2020-10-30,,,,,,
구로구,11530,10200,구로동,806-29,11530-643,구로아트빌라5동(806-29),,59.91,2,1997,24800,2020-10-29,,,,,,
구로구,11530,10700,개봉동,491,11530-3822,LIPe-푸른아파트,,83.02,7,2014,39800,2020-10-27,,,,,,
구로구,11530,10200,구로동,748-14,11530-401,영광빌라,,42.06,5,1999,14500,2020-10-30,,,,,,
구로구,11530,10100,신도림동,646,11530-163,대림e-편한세상4,,152.07,7,2003,165000,2020-10-29,,,,,,
구로구,11530,10200,구로동,1278,11530-3249,구로두산위브,,36.88,4,2006,44000,2020-10-28,,,,,,
구로구,11530,10100,신도림동,645,11530-132,동아3,,84.99,20,2000,122000,2020-10-30,,,,,,
구로구,11530,10600,고척동,57-9,11530-53,산업인,,47,5,1976,28000,2020-10-31,,,,,,
구로구,11530,10600,고척동,339,11530-3373,고척파크푸르지오,,59.89,9,2009,75800,2020-10-28,,,,,,
구로구,11530,10800,오류동,108-42,11530-165,목화수목원102동,,76.41,2,2003,31600,2020-10-25,,,,,,
구로구,11530,10200,구로동,1289,11530-4422,승윤노블리안,,58.109,2,2020,55800,2020-10-28,,,,,,
구로구,11530,10200,구로동,685-223,11530-137,주공2,,41.3,3,1987,55500,2020-10-28,,,,,,
구로구,11530,10200,구로동,685-223,11530-137,주공2,,32.39,3,1987,46500,2020-10-28,,,,,,
구로구,11530,10200,구로동,744-45,11530-359,(744-45),,26.61,3,1997,12450,2020-10-31,,,,,,
구로구,11530,10600,고척동,306,11530-49,경남2,,59.96,14,1999,44800,2020-10-30,,,,,,
구로구,11530,10700,개봉동,471,11530-79,삼호,,59.86,4,1996,58000,2020-10-28,,,,,,
구로구,11530,10200,구로동,751-37,11530-443,(751-37),,47.2,1,1996,12500,2020-10-29,,,,,,
구로구,11530,10900,궁동,290,11530-3262,우남푸르미아,,84.958,4,2007,50000,2020-10-21,O,20.11.27,,,,
구로구,11530,10200,구로동,792-78,11530-543,(792-78),,45.69,4,1996,15000,2020-10-30,,,,,,
구로구,11530,10200,구로동,799-20,11530-628,장미빌라,,50.36,1,1997,14200,2020-10-31,,,,,,
구로구,11530,10200,구로동,110-11,11530-3348,늘푸른주상복합,,84.93,15,2008,44500,2020-10-20,,,,,,
구로구,11530,10700,개봉동,312-38,11530-74,길훈,,59.56,1,1988,26000,2020-10-24,,,,,,
구로구,11530,10100,신도림동,692,11530-3480,디큐브시티,,84.96,36,2011,128000,2020-10-31,,,,,,
구로구,11530,10200,구로동,1267,11530-17,신도림태영타운,,84.87,21,2000,112000,2020-10-31,,,,,,
구로구,11530,10700,개봉동,481,11530-91,현대,,114.99,3,2001,85000,2020-10-28,,,,,,
구로구,11530,10100,신도림동,649,11530-168,대림e-편한세상7,,116.308,21,2004,131000,2020-10-23,,,,,,
구로구,11530,10200,구로동,747-35,11530-396,(747-35),,50.52,1,1982,12200,2020-10-31,O,20.11.26,,,,
구로구,11530,10200,구로동,740-23,11530-298,(740-23),,37.94,1,1995,12500,2020-10-31,,,,,,
구로구,11530,10600,고척동,97-3,11530-167,삼명,,43.74,4,1977,32000,2020-10-21,,,,,,
구로구,11530,10200,구로동,793-16,11530-555,(793-16),,27.62,4,1997,9500,2020-10-22,,,,,,
구로구,11530,10800,오류동,108-76,11530-3311,유한수목원,,74.61,7,2008,33000,2020-10-26,,,,,,
구로구,11530,10100,신도림동,290,11530-133,미성,,52.45,13,1987,65700,2020-10-30,,,,,,
구로구,11530,10200,구로동,779-65,11530-490,경성B,,44.34,4,1998,16200,2020-10-29,,,,,,
구로구,11530,10700,개봉동,470,11530-80,삼환,,59.4,14,1995,56500,2020-10-27,,,,,,
구로구,11530,10200,구로동,747-26,11530-393,(747-26),,45.76,2,1997,13500,2020-10-23,,,,,,
구로구,11530,10200,구로동,743-8,11530-324,(743-8),,44.08,2,1988,13300,2020-10-19,,,,,,
구로구,11530,10700,개봉동,477,11530-75,대상,,74.56,16,1999,44800,2020-10-26,,,,,,
구로구,11530,10900,궁동,182-11,11530-3226,다청림(103동),,84.66,2,2006,37000,2020-10-22,,,,,,
구로구,11530,10200,구로동,256-1,11530-171,삼성래미안,,78.665,13,2004,88000,2020-10-30,,,,,,
구로구,11530,10100,신도림동,643,11530-130,동아1,,59.978,22,1999,91000,2020-10-30,,,,,,
구로구,11530,10100,신도림동,643,11530-130,동아1,,59.978,7,1999,92000,2020-10-31,,,,,,
구로구,11530,10700,개봉동,478,11530-90,한진,,59.95,17,2000,54800,2020-10-31,,,,,,
구로구,11530,10200,구로동,1270,11530-44,뉴홍현솔레디움,,84.69,12,2002,63000,2020-10-24,,,,,,
구로구,11530,10800,오류동,46-1,11530-3146,이좋은집,,36.69,11,2005,19250,2020-10-17,,,,,,
구로구,11530,10200,구로동,799-23,11530-629,유진빌라,,54.42,1,1996,13500,2020-10-20,,,,,,
구로구,11530,10200,구로동,317-213,11530-173,골드마인(나동),,82.62,1,2004,44900,2020-10-20,,,,,,
구로구,11530,10700,개봉동,60-101,11530-71,거성푸르뫼,,59.91,5,1993,37500,2020-10-25,,,,,,
구로구,11530,10800,오류동,343,11530-153,금강(343),,60.054,4,2003,62400,2020-10-26,,,,,,
구로구,11530,10800,오류동,351,11530-3359,서해그랑블,,84.98,2,2009,54500,2020-10-24,,,,,,
구로구,11530,10700,개봉동,476,11530-89,한마을,,59.57,8,1999,63500,2020-10-26,,,,,,
구로구,11530,10100,신도림동,645,11530-132,동아3,,84.99,12,2000,117200,2020-10-31,,,,,,
구로구,11530,10200,구로동,685-70,11530-39,현대연예인,,44.17,2,1989,45200,2020-10-26,,,,,,
구로구,11530,10200,구로동,1280,11530-3282,한신휴플러스(1280-0),,58.03,5,2007,73000,2020-10-28,,,,,,
구로구,11530,10200,구로동,256-1,11530-171,삼성래미안,,110.188,4,2004,90000,2020-10-23,,,,,,
구로구,11530,10200,구로동,800-2,11530-243,조성빌라,,21.96,3,2000,9000,2020-10-31,,,,,,
구로구,11530,10100,신도림동,642,11530-128,대림2,,84.95,7,2001,104000,2020-10-20,,,,,,
구로구,11530,10200,구로동,751-3,11530-434,(751-3),,35.04,1,1999,15500,2020-10-30,,,,,,
구로구,11530,10700,개봉동,480,11530-92,현대홈타운,,84.915,7,2001,78000,2020-10-24,,,,,,
구로구,11530,10100,신도림동,644,11530-131,동아2,,84.908,17,2000,118500,2020-10-23,,,,,,
구로구,11530,10700,개봉동,477,11530-75,대상,,74.56,1,1999,42700,2020-10-13,,,,,,
구로구,11530,10200,구로동,106-2,11530-3957,대림역포스큐,,14.579,17,2015,11000,2020-10-12,,,,,,
구로구,11530,10100,신도림동,649,11530-168,대림e-편한세상7,,84.928,17,2004,119000,2020-10-24,,,,,,
구로구,11530,10600,고척동,141-1,11530-56,서울가든,,54.61,10,1989,49900,2020-10-26,,,,,,
구로구,11530,10200,구로동,748-43,11530-407,정창빌라,,48.48,5,1996,13700,2020-10-30,,,,,,
구로구,11530,10200,구로동,1267,11530-17,신도림태영타운,,171.22,14,2000,120001,2020-10-09,,,,,,
구로구,11530,10200,구로동,1267,11530-17,신도림태영타운,,59.88,22,2000,93000,2020-10-24,,,,,,
구로구,11530,10700,개봉동,476,11530-89,한마을,,59.57,9,1999,68000,2020-10-23,,,,,,
구로구,11530,10100,신도림동,646,11530-163,대림e-편한세상4,,84.78,11,2003,145000,2020-10-16,,,,,,
구로구,11530,10700,개봉동,483,11530-94,율포그레이스빌,,84.78,12,2002,50000,2020-10-26,,,,,,
구로구,11530,10100,신도림동,642,11530-127,대림1,,59.9,27,1999,82500,2020-10-27,,,,,,
구로구,11530,10100,신도림동,692,11530-3480,디큐브시티,,128.41,34,2011,143000,2020-10-26,,,,,,
구로구,11530,10200,구로동,807-29,11530-664,(807-29),,27.9,1,1996,9000,2020-10-29,,,,,,
구로구,11530,10900,궁동,178-1,11530-3247,다청림(106동),,73.03,2,2006,34450,2020-10-18,,,,,,
구로구,11530,10200,구로동,807-2,11530-655,대림빌라,,50.16,4,1996,20500,2020-10-14,,,,,,
구로구,11530,10200,구로동,791-11,11530-517,동산빌라,,51.43,2,1995,17000,2020-10-21,,,,,,
구로구,11530,11100,천왕동,281,11530-3775,천왕연지타운2단지,,84.98,11,2014,76500,2020-10-26,,,,,,
구로구,11530,10200,구로동,97-2,11530-231,순영웰라이빌2차,,64.45,17,2005,50000,2020-10-17,,,,,,
구로구,11530,10200,구로동,43-4,11530-4,다솜금호,,84.35,6,1995,66500,2020-10-24,,,,,,
구로구,11530,10200,구로동,739-19,11530-286,(739-19),,38.07,1,1995,9000,2020-10-03,,,,,,
구로구,11530,10200,구로동,739-19,11530-286,(739-19),,35.19,1,1995,8000,2020-10-03,,,,,,
구로구,11530,10200,구로동,780-60,11530-504,(780-60),,40.83,5,1996,11000,2020-10-23,,,,,,
구로구,11530,10600,고척동,57-9,11530-53,산업인,,47.23,2,1976,26700,2020-10-26,,,,,,
구로구,11530,10200,구로동,780-62,11530-505,(780-62),,39.36,5,1996,12000,2020-10-28,,,,,,
구로구,11530,10600,고척동,57-9,11530-53,산업인,,47.23,2,1976,27300,2020-10-22,,,,,,
구로구,11530,10200,구로동,106-10,11530-145,순영웰라이빌1차,,59.5,11,2003,46000,2020-10-26,,,,,,
구로구,11530,10200,구로동,793-44,11530-560,(793-44),,33.84,2,1996,13300,2020-10-31,,,,,,
구로구,11530,10200,구로동,793-46,11530-561,(793-46),,41.37,5,1997,10000,2020-10-20,,,,,,
구로구,11530,10200,구로동,97-2,11530-231,순영웰라이빌2차,,64.45,6,2005,51000,2020-10-29,,,,,,
구로구,11530,10200,구로동,1262,11530-26,월드,,59.92,12,1998,49500,2020-10-24,,,,,,
구로구,11530,10200,구로동,792-58,11530-540,미도빌라B동,,43.43,5,1995,12100,2020-10-17,,,,,,
구로구,11530,10800,오류동,342,11530-115,영풍마드레빌,,84.741,4,2002,65000,2020-10-08,,,,,,
구로구,11530,10600,고척동,76-55,11530-61,"우성,현대아파트",,79.32,3,1987,58000,2020-10-10,,,,,,
구로구,11530,10200,구로동,744-18,11530-355,(744-18),,37.9,4,1996,12200,2020-10-20,,,,,,
구로구,11530,10200,구로동,793-46,11530-561,(793-46),,41.37,1,1997,9000,2020-10-20,,,,,,
구로구,11530,10200,구로동,110-1,11530-42,희훈타워빌,,128.68,5,1998,67000,2020-10-23,,,,,,
구로구,11530,10600,고척동,331,11530-55,삼익(2단지),,84.96,15,2001,61000,2020-10-30,,,,,,
구로구,11530,10900,궁동,182-10,11530-3223,다청림(102동),,75.27,5,2006,34500,2020-10-12,,,,,,
구로구,11530,10200,구로동,685-70,11530-39,현대연예인,,44.17,10,1989,45700,2020-10-24,,,,,,
구로구,11530,10200,구로동,46-5,11530-34,한스타워,,59.96,21,1996,37000,2020-10-26,,,,,,
구로구,11530,10100,신도림동,642,11530-128,대림2,,84.95,19,2001,107500,2020-10-09,,,,,,
구로구,11530,10200,구로동,799-11,11530-626,(799-11),,35.58,2,1996,13500,2020-10-24,,,,,,
구로구,11530,10200,구로동,750-13,11530-432,(750-13),,38.67,1,1996,12500,2020-10-24,,,,,,
구로구,11530,11200,항동,244,11530-4424,우남퍼스트빌더센트럴,,84.9149,8,2020,50000,2020-10-23,,,,,,
구로구,11530,10200,구로동,1282,11530-3270,덕영드림,,70.23,5,2006,60000,2020-10-24,,,,,,
구로구,11530,10200,구로동,1278,11530-3249,구로두산위브,,36.88,7,2006,49000,2020-10-24,,,,,,
구로구,11530,10100,신도림동,432-1,11530-3174,SKVIEW,,84.96,16,2006,98000,2020-10-10,O,21.02.16,,,,
구로구,11530,10600,고척동,330,11530-54,삼익(1단지),,84.96,9,2001,59500,2020-10-24,,,,,,
구로구,11530,10200,구로동,1267,11530-17,신도림태영타운,,134.88,8,2000,121000,2020-10-21,,,,,,
구로구,11530,10200,구로동,793-16,11530-555,(793-16),,27.62,4,1997,9200,2020-10-14,O,20.11.16,,,,
구로구,11530,10600,고척동,296,11530-51,대우,,59.97,5,1999,53000,2020-10-17,,,,,,
구로구,11530,10200,구로동,685-124,11530-30,중앙하이츠,,70.52,12,1987,65000,2020-10-08,,,,,,
구로구,11530,10700,개봉동,481,11530-91,현대,,84.99,16,2001,78500,2020-10-26,,,,,,
구로구,11530,10700,개봉동,60-101,11530-71,거성푸르뫼,,84.96,17,1993,49800,2020-10-05,,,,,,
구로구,11530,10200,구로동,1257,11530-10,럭키,,56.11,12,1992,32500,2020-10-26,,,,,,
구로구,11530,10100,신도림동,642,11530-127,대림1,,59.88,24,1999,77900,2020-10-24,,,,,,
구로구,11530,10200,구로동,800-27,11530-247,800-27,,37.98,5,1994,12000,2020-10-26,,,,,,
구로구,11530,10200,구로동,793-44,11530-560,(793-44),,33.84,5,1996,13000,2020-10-26,,,,,,
구로구,11530,10100,신도림동,642,11530-127,대림1,,134.99,14,1999,126000,2020-10-06,,,,,,
구로구,11530,10100,신도림동,290,11530-133,미성,,37.91,2,1987,52500,2020-10-06,,,,,,
구로구,11530,10300,가리봉동,139,11530-46,효성,,59.94,17,1998,41000,2020-10-17,,,,,,
구로구,11530,10600,고척동,321,11530-62,우성꿈동산,,80.29,2,1996,48000,2020-10-26,,,,,,
구로구,11530,10600,고척동,326,11530-63,청구,,84.87,18,1999,67000,2020-10-17,,,,,,
구로구,11530,10200,구로동,107-1,11530-3204,대림역대성스카이렉스,,114.23,6,2006,69500,2020-10-16,,,,,,
구로구,11530,10200,구로동,701-76,11530-37,현대로얄,,52.46,5,1987,38500,2020-10-22,,,,,,
구로구,11530,10100,신도림동,432-1,11530-3174,SKVIEW,,84.99,7,2006,92500,2020-10-13,,,,,,
구로구,11530,10200,구로동,1281,11530-3214,한일유앤아이,,114.722,13,2006,85000,2020-10-09,,,,,,
구로구,11530,10800,오류동,341,11530-114,한신플러스타운,,84.96,15,2002,60500,2020-10-12,,,,,,
구로구,11530,10700,개봉동,476,11530-89,한마을,,84.57,25,1999,81000,2020-10-25,O,21.03.13,,,,
구로구,11530,10200,구로동,104-3,11530-3783,해담채3,,13.39,13,2014,10900,2020-10-26,,,,,,
구로구,11530,10200,구로동,104-8,11530-3973,비즈트위트레드,,21.49,5,2016,20000,2020-10-26,O,20.11.24,,,,
구로구,11530,10100,신도림동,644,11530-131,동아2,,59.595,18,2000,86000,2020-10-14,,,,,,
구로구,11530,10600,고척동,331,11530-55,삼익(2단지),,84.96,2,2001,56500,2020-10-26,,,,,,
구로구,11530,10100,신도림동,645,11530-132,동아3,,60,1,2000,89900,2020-10-05,,,,,,
구로구,11530,10700,개봉동,478,11530-90,한진,,114.93,1,2000,63300,2020-10-14,,,,,,
구로구,11530,10200,구로동,642-33,11530-40,현대의보아파트,,83.02,16,1994,57500,2020-10-26,,,,,,
구로구,11530,10600,고척동,76-55,11530-61,"우성,현대아파트",,79.32,2,1987,59000,2020-10-06,,,,,,
구로구,11530,10200,구로동,685-147,11530-38,현대상선,,79.98,9,1987,64500,2020-10-18,,,,,,
구로구,11530,10200,구로동,314,11530-2,극동,,91.09,7,1984,58000,2020-10-24,,,,,,
구로구,11530,10800,오류동,337,11530-100,동보,,59.72,2,1998,31000,2020-10-26,,,,,,
구로구,11530,10200,구로동,46,11530-3246,쌍용플래티넘노블,,107.98,7,2006,73000,2020-10-18,,,,,,
구로구,11530,10600,고척동,339,11530-3373,고척파크푸르지오,,84.94,4,2009,89000,2020-10-17,,,,,,
구로구,11530,10200,구로동,1257,11530-10,럭키,,84.9,6,1992,70000,2020-10-17,,,,,,
구로구,11530,10200,구로동,501,11530-3269,신구로자이,,84.87,11,2007,75000,2020-10-08,,,,,,
구로구,11530,10600,고척동,340-1,11530-3386,고척LIG리가2차,,59.95,2,2009,60500,2020-10-24,,,,,,
구로구,11530,10600,고척동,57-9,11530-53,산업인,,46.98,1,1976,26000,2020-10-20,,,,,,
구로구,11530,10700,개봉동,270-80,11530-70,거성,,47.52,3,1988,18500,2020-10-15,,,,,,
구로구,11530,10600,고척동,52-332,11530-67,한효,,69.87,5,1985,61500,2020-10-21,,,,,,
구로구,11530,10700,개봉동,487,11530-236,개봉동상우,,67.96,19,2005,54000,2020-10-20,,,,,,
구로구,11530,10200,구로동,742-68,11530-320,(742-68),,44.04,2,1996,10100,2020-10-20,O,20.10.26,,,,
구로구,11530,10100,신도림동,642,11530-127,대림1,,59.88,8,1999,83700,2020-10-08,,,,,,
구로구,11530,10200,구로동,1265,11530-9,구로두산,,44.64,4,1998,47800,2020-10-24,,,,,,
구로구,11530,10100,신도림동,642,11530-127,대림1,,59.88,13,1999,82000,2020-10-24,,,,,,
구로구,11530,10700,개봉동,476,11530-89,한마을,,84.57,7,1999,80700,2020-10-24,,,,,,
구로구,11530,10700,개봉동,476,11530-89,한마을,,123.46,24,1999,89000,2020-10-25,,,,,,
구로구,11530,10200,구로동,256-1,11530-171,삼성래미안,,56.036,18,2004,69500,2020-10-22,,,,,,
구로구,11530,10700,개봉동,489,11530-3213,개봉동현대아이파크,,84.98,2,2006,85000,2020-10-24,,,,,,
구로구,11530,10100,신도림동,290,11530-133,미성,,37.91,1,1987,49000,2020-10-24,,,,,,
구로구,11530,10100,신도림동,412-3,11530-3233,신도림팰러티움,,84.95,20,2006,58000,2020-10-12,,,,,,
구로구,11530,10800,오류동,343,11530-153,금강(343),,60.054,5,2003,67000,2020-10-07,,,,,,
구로구,11530,10700,개봉동,478,11530-90,한진,,59.95,7,2000,52800,2020-10-19,,,,,,
구로구,11530,10100,신도림동,642,11530-128,대림2,,59.9,12,2001,81800,2020-10-18,,,,,,
구로구,11530,10800,오류동,338,11530-102,동부골든,,59.94,4,1998,47500,2020-10-23,,,,,,
구로구,11530,10600,고척동,338,11530-3323,마젤란,,66.838,9,2008,60800,2020-10-22,,,,,,
구로구,11530,10200,구로동,108-2,11530-15,새솔금호,,59.9,11,1996,50500,2020-10-17,,,,,,
구로구,11530,10700,개봉동,480,11530-92,현대홈타운,,59.49,25,2001,60000,2020-10-21,,,,,,
구로구,11530,10200,구로동,793-16,11530-555,(793-16),,27.62,2,1997,9000,2020-10-22,,,,,,
구로구,11530,10700,개봉동,476,11530-89,한마을,,59.57,17,1999,62300,2020-10-22,,,,,,
구로구,11530,10100,신도림동,643,11530-130,동아1,,169.199,12,1999,132000,2020-10-06,,,,,,
구로구,11530,10100,신도림동,642,11530-128,대림2,,84.95,15,2001,103000,2020-10-19,,,,,,
구로구,11530,10600,고척동,321,11530-62,우성꿈동산,,84.3,2,1996,49000,2020-10-17,,,,,,
구로구,11530,10200,구로동,97-10,11530-232,우진체리쉬,,67.21,12,2005,39300,2020-10-17,,,,,,
구로구,11530,10200,구로동,1260,11530-27,이화우성,,114.92,18,1998,83000,2020-10-10,,,,,,
구로구,11530,10200,구로동,793-16,11530-555,(793-16),,27.62,3,1997,9500,2020-10-22,,,,,,
구로구,11530,10200,구로동,793-16,11530-555,(793-16),,27.62,5,1997,10000,2020-10-22,,,,,,
구로구,11530,10200,구로동,314,11530-2,극동,,91.05,2,1984,53750,2020-10-20,,,,,,
구로구,11530,10600,고척동,336,11530-180,삼환로즈빌,,59.998,13,2004,72000,2020-10-13,,,,,,
구로구,11530,10200,구로동,108,11530-41,현대파크빌,,138.358,11,1999,64000,2020-10-08,,,,,,
구로구,11530,10200,구로동,44-5,11530-3601,비즈트위트레인보우,,15.17,2,2012,11000,2020-10-22,,,,,,
구로구,11530,10200,구로동,685-124,11530-30,중앙하이츠,,59.99,3,1987,56500,2020-10-17,,,,,,
구로구,11530,10800,오류동,63-4,11530-164,한가람,,68.39,9,2003,33000,2020-10-13,,,,,,
구로구,11530,10200,구로동,1265,11530-9,구로두산,,44.64,17,1998,47000,2020-10-17,,,,,,
구로구,11530,10200,구로동,1267,11530-17,신도림태영타운,,59.88,13,2000,90000,2020-10-07,,,,,,
구로구,11530,10200,구로동,1263,11530-11,신도림롯데아파트,,59.68,3,1999,71000,2020-10-10,,,,,,
구로구,11530,10200,구로동,685-223,11530-137,주공2,,41.3,7,1987,54000,2020-10-13,,,,,,
구로구,11530,10800,오류동,334,11530-103,라인,,84.36,11,1995,45500,2020-10-17,,,,,,
구로구,11530,10700,개봉동,270-80,11530-70,거성,,58.23,2,1988,26800,2020-10-07,,,,,,
구로구,11530,10200,구로동,1274,11530-146,신성미소지움,,84.23,4,2003,63800,2020-10-21,,,,,,
구로구,11530,10200,구로동,748-51,11530-409,(748-51),,59.68,3,1996,22900,2020-10-14,,,,,,
구로구,11530,10700,개봉동,472,11530-77,두산,,59.69,20,1997,53800,2020-10-20,,,,,,
구로구,11530,10800,오류동,342,11530-115,영풍마드레빌,,84.741,14,2002,68000,2020-10-07,,,,,,
구로구,11530,10200,구로동,685-223,11530-137,주공2,,32.39,7,1987,47000,2020-10-10,,,,,,
구로구,11530,10200,구로동,1259,11530-1,구일우성,,59.44,1,1998,46500,2020-10-09,,,,,,
구로구,11530,10700,개봉동,470,11530-80,삼환,,84.945,16,1995,68500,2020-10-10,,,,,,
구로구,11530,10200,구로동,1265,11530-9,구로두산,,44.64,5,1998,44900,2020-10-10,,,,,,
구로구,11530,10200,구로동,43-4,11530-4,다솜금호,,59.95,7,1995,51900,2020-10-13,,,,,,
구로구,11530,10200,구로동,752-45,11530-457,(752-45),,59.63,4,1996,15000,2020-10-14,,,,,,
구로구,11530,10800,오류동,348,11530-3148,우림필유,,59.95,5,2005,54500,2020-10-05,,,,,,
구로구,11530,10700,개봉동,270-80,11530-70,거성,,58.23,5,1988,26500,2020-10-07,,,,,,
구로구,11530,10700,개봉동,481,11530-91,현대,,84.99,9,2001,80500,2020-10-09,O,20.12.14,,,,
구로구,11530,11200,항동,237,11530-4363,하버라인2단지,,59.86,13,2019,45000,2020-10-20,,,,,,
구로구,11530,10600,고척동,52-332,11530-67,한효,,82.48,9,1985,62600,2020-10-05,,,,,,
구로구,11530,11100,천왕동,280,11530-3757,천왕연지타운1단지,,84.98,1,2013,77700,2020-10-20,,,,,,
구로구,11530,10200,구로동,792-58,11530-540,미도빌라B동,,43.43,5,1995,12100,2020-10-17,O,20.11.02,,,,
구로구,11530,10600,고척동,57-9,11530-53,산업인,,47.27,1,1976,25000,2020-10-19,,,,,,
구로구,11530,10200,구로동,43-1,11530-3600,신도림로제리움,,16.92,17,2012,12300,2020-10-10,,,,,,
구로구,11530,10200,구로동,97-2,11530-231,순영웰라이빌2차,,65.54,19,2005,50000,2020-10-09,,,,,,
구로구,11530,10200,구로동,1265,11530-9,구로두산,,51.84,11,1998,55800,2020-10-18,,,,,,
구로구,11530,10200,구로동,685-70,11530-39,현대연예인,,84.91,6,1989,65500,2020-10-15,,,,,,
구로구,11530,10200,구로동,256-1,11530-171,삼성래미안,,110.188,14,2004,91000,2020-10-09,,,,,,
구로구,11530,10700,개봉동,481,11530-91,현대,,59.94,14,2001,75200,2020-10-09,,,,,,
구로구,11530,10700,개봉동,475,11530-84,영화,,59.78,19,1998,61000,2020-10-09,,,,,,
구로구,11530,10700,개봉동,493,11530-4223,한양아이클래스구로,,47.74,3,2018,28900,2020-10-09,,,,,,
구로구,11530,10100,신도림동,642,11530-128,대림2,,84.95,23,2001,109000,2020-10-05,,,,,,
구로구,11530,10200,구로동,560,11530-18,신도림현대,,80.01,16,1994,83000,2020-10-10,,,,,,
구로구,11530,10200,구로동,685-223,11530-137,주공2,,41.3,11,1987,57300,2020-10-05,,,,,,
구로구,11530,10200,구로동,1287,11530-3509,구로지웰,,70.089,5,2011,48200,2020-10-12,,,,,,
구로구,11530,10600,고척동,141-1,11530-56,서울가든,,64.39,9,1989,60000,2020-10-08,,,,,,
구로구,11530,10200,구로동,792-17,11530-533,(792-17),,43.36,3,1996,15000,2020-10-08,,,,,,
구로구,11530,10200,구로동,796-25,11530-582,(796-25),,45.48,3,1996,14900,2020-10-13,,,,,,
구로구,11530,10200,구로동,97-10,11530-232,우진체리쉬,,77.65,8,2005,48000,2020-10-06,,,,,,
구로구,11530,10200,구로동,104-9,11530-43,성호메이플라워멤버스빌,,41.4,4,2002,20200,2020-10-13,,,,,,
구로구,11530,10200,구로동,97,11530-3762,로제리움2차,,14.04,16,2014,11500,2020-10-12,,,,,,
구로구,11530,10600,고척동,227-1,11530-66,한성,,70.2,2,1986,40000,2020-10-08,,,,,,
구로구,11530,10700,개봉동,312-38,11530-74,길훈,,70.66,1,1988,29200,2020-10-12,,,,,,
구로구,11530,10200,구로동,106-10,11530-145,순영웰라이빌1차,,59.5,17,2003,44500,2020-10-05,,,,,,
구로구,11530,10700,개봉동,481,11530-91,현대,,84.99,19,2001,77000,2020-10-11,,,,,,
구로구,11530,11200,항동,236,11530-4392,항동중흥에스클래스베르데카운티,,84.9416,20,2019,84700,2020-10-03,,,,,,
구로구,11530,10700,개봉동,60-101,11530-71,거성푸르뫼,,84.96,10,1993,50000,2020-10-03,,,,,,
구로구,11530,10200,구로동,752-10,11530-446,(752-10),,25.53,5,1996,7300,2020-10-04,,,,,,
구로구,11530,10700,개봉동,470,11530-80,삼환,,114.48,10,1995,61000,2020-10-06,,,,,,
구로구,11530,10200,구로동,97-4,11530-3536,하나세인스톤2차,,19.33,12,2011,13850,2020-10-06,,,,,,
구로구,11530,10800,오류동,34-13,11530-3799,썬앤빌,,14.064,14,2014,8000,2020-10-06,,,,,,
금천구,11545,10300,시흥동,1012,11545-75,백운한비치,,78.1642,11,2003,53250,2020-10-29,,,,,,
금천구,11545,10200,독산동,1093-4,11545-22,한신아파트,,129.66,11,1991,76500,2020-10-18,,,,,,
금천구,11545,10100,가산동,235-13,11545-148,드림캐슬2차,,84.6,6,2005,32000,2020-10-17,,,,,,
금천구,11545,10200,독산동,1140,11545-108,독산동중앙하이츠빌,,84.8768,3,2004,69000,2020-10-31,,,,,,
금천구,11545,10300,시흥동,1002-1,11545-36,럭키남서울아파트,,41.22,4,1981,49800,2020-10-24,,,,,,
금천구,11545,10300,시흥동,902-7,11545-175,청우그린,,74.6,2,2004,36800,2020-10-26,,,,,,
금천구,11545,10300,시흥동,1012,11545-75,백운한비치,,78.1642,11,2003,53250,2020-10-29,,,,,,
금천구,11545,10200,독산동,1093-4,11545-22,한신아파트,,89.46,18,1991,65500,2020-10-22,,,,,,
금천구,11545,10300,시흥동,384-12,11545-34,남서울건영2,,41.34,11,1989,32500,2020-10-29,,,,,,
금천구,11545,10200,독산동,889-36,11545-155,장미아파트B동,,67.21,3,2000,31800,2020-10-22,,,,,,
금천구,11545,10200,독산동,711-2,11545-23,금천현대,,59.82,15,2002,56400,2020-10-25,,,,,,
금천구,11545,10200,독산동,1093-4,11545-22,한신아파트,,129.66,11,1991,76500,2020-10-18,O,21.01.18,,,,
금천구,11545,10200,독산동,184-3,11545-25,아셈그린힐,,74.86,4,2002,36500,2020-10-12,,,,,,
금천구,11545,10200,독산동,1138,11545-16,설악솔내음,,51.59,7,2002,32700,2020-10-16,,,,,,
금천구,11545,10200,독산동,711-2,11545-23,금천현대,,84.83,4,2002,65800,2020-10-26,,,,,,
금천구,11545,10200,독산동,711-2,11545-23,금천현대,,84.83,12,2002,63700,2020-10-23,,,,,,
금천구,11545,10100,가산동,140-36,11545-1957,비즈트위트바이올렛5차,,12.19,12,2014,9000,2020-10-26,,,,,,
금천구,11545,10100,가산동,769,11545-2,두산,,101.67,25,1998,70000,2020-10-26,,,,,,
금천구,11545,10200,독산동,1093-4,11545-22,한신아파트,,89.46,24,1991,65000,2020-10-19,,,,,,
금천구,11545,10300,시흥동,1013,11545-55,관악산벽산타운5,,59.34,1,2004,44000,2020-10-31,,,,,,
금천구,11545,10100,가산동,235-13,11545-148,드림캐슬2차,,84.6,6,2005,32000,2020-10-17,O,20.12.16,,,,
금천구,11545,10300,시흥동,952,11545-32,낙원,,84.94,3,1996,32800,2020-10-22,,,,,,
금천구,11545,10300,시흥동,1013,11545-55,관악산벽산타운5,,84.97,9,2004,59000,2020-10-26,,,,,,
금천구,11545,10200,독산동,711-2,11545-23,금천현대,,59.82,12,2002,54500,2020-10-17,,,,,,
금천구,11545,10300,시흥동,384-12,11545-34,남서울건영2,,61.14,2,1989,40400,2020-10-26,,,,,,
금천구,11545,10300,시흥동,1013,11545-55,관악산벽산타운5,,59.34,1,2004,42500,2020-10-17,,,,,,
금천구,11545,10300,시흥동,384-12,11545-34,남서울건영2,,41.34,1,1989,24000,2020-10-28,,,,,,
금천구,11545,10200,독산동,1093-4,11545-22,한신아파트,,89.46,23,1991,65700,2020-10-10,,,,,,
금천구,11545,10200,독산동,962-32,11545-2525,명도힐스티지,,29.63,5,2019,28000,2020-10-17,,,,,,
금천구,11545,10200,독산동,147-1,11545-96,한아프라임102동,,84.95,3,2004,43800,2020-10-14,,,,,,
금천구,11545,10200,독산동,1093-4,11545-22,한신아파트,,89.46,8,1991,59500,2020-10-06,,,,,,
금천구,11545,10200,독산동,1144,11545-1560,독산동한양수자인,,67.626,14,2011,67500,2020-10-17,,,,,,
금천구,11545,10300,시흥동,818-14,11545-173,백조,,53.54,5,2001,21000,2020-10-20,,,,,,
금천구,11545,10200,독산동,961-13,11545-11,목화102,,80.22,9,1997,34800,2020-10-08,,,,,,
금천구,11545,10200,독산동,1155,11545-2479,금천롯데캐슬골드파크3차,,59.968,41,2018,65000,2020-10-26,,,,,,
금천구,11545,10100,가산동,140-36,11545-1957,비즈트위트바이올렛5차,,12.19,13,2014,10000,2020-10-25,,,,,,
금천구,11545,10300,시흥동,384-12,11545-34,남서울건영2,,41.34,4,1989,28500,2020-10-13,,,,,,
금천구,11545,10200,독산동,1131,11545-9,라이프,,84.74,13,1996,51500,2020-10-19,O,21.01.23,,,,
금천구,11545,10100,가산동,769,11545-2,두산,,84.9,11,1998,68800,2020-10-26,,,,,,
금천구,11545,10300,시흥동,1013,11545-55,관악산벽산타운5,,84.97,2,2004,55000,2020-10-17,,,,,,
금천구,11545,10300,시흥동,384-12,11545-34,남서울건영2,,61.14,10,1989,43300,2020-10-17,,,,,,
금천구,11545,10300,시흥동,796-7,11545-77,한빛로얄,,81.95,1,2003,28500,2020-10-23,,,,,,
금천구,11545,10200,독산동,1144,11545-1560,독산동한양수자인,,68.161,4,2011,65000,2020-10-13,,,,,,
금천구,11545,10100,가산동,769,11545-2,두산,,84.9,11,1998,68800,2020-10-22,O,20.10.26,,,,
금천구,11545,10300,시흥동,959-11,11545-61,백운스위트빌,,64.51,1,2002,24600,2020-10-16,,,,,,
금천구,11545,10300,시흥동,1010,11545-39,벽산,,114.84,17,2000,62500,2020-10-21,,,,,,
금천구,11545,10300,시흥동,1013,11545-55,관악산벽산타운5,,84.97,9,2004,58000,2020-10-22,,,,,,
금천구,11545,10200,독산동,1147,11545-2262,금천롯데캐슬골드파크1차,,84.8114,5,2016,114500,2020-10-21,,,,,,
금천구,11545,10100,가산동,769,11545-2,두산,,59.84,18,1998,59000,2020-10-15,,,,,,
금천구,11545,10300,시흥동,1010,11545-39,벽산,,84.99,9,2000,58700,2020-10-09,,,,,,
금천구,11545,10300,시흥동,1002-1,11545-36,럭키남서울아파트,,49.75,1,1981,56500,2020-10-10,,,,,,
금천구,11545,10300,시흥동,1013,11545-55,관악산벽산타운5,,114.84,5,2004,68500,2020-10-07,,,,,,
금천구,11545,10300,시흥동,5-13,11545-41,삼익,,59.9,12,1999,41500,2020-10-12,,,,,,
금천구,11545,10200,독산동,1088,11545-17,독산주공14단지,,38.64,7,1990,35600,2020-10-10,,,,,,
금천구,11545,10300,시흥동,1008,11545-31,금강,,59.95,3,2000,40500,2020-10-05,,,,,,
금천구,11545,10300,시흥동,1016,11545-113,한빛무궁화101동,,68.309,6,2004,39500,2020-10-17,,,,,,
금천구,11545,10300,시흥동,806,11545-1421,시흥동월드메르디앙,,59.88,5,2006,42000,2020-10-09,,,,,,
금천구,11545,10200,독산동,958,11545-160,을미월드힐,,84.87,2,2006,44500,2020-10-15,,,,,,
금천구,11545,10300,시흥동,1011,11545-63,우방,,84.84,17,2002,48000,2020-10-14,,,,,,
금천구,11545,10300,시흥동,1026,11545-1642,남서울힐스테이트,,84.697,10,2014,89700,2020-10-07,,,,,,
금천구,11545,10300,시흥동,1013,11545-55,관악산벽산타운5,,84.97,2,2004,55000,2020-10-17,,,,,,
금천구,11545,10300,시흥동,1013,11545-55,관악산벽산타운5,,84.97,6,2004,57200,2020-10-14,,,,,,
금천구,11545,10300,시흥동,1013,11545-55,관악산벽산타운5,,114.84,11,2004,69500,2020-10-09,,,,,,
금천구,11545,10300,시흥동,209,11545-51,현대(209),,82.53,12,1996,40500,2020-10-15,,,,,,
금천구,11545,10100,가산동,140-36,11545-1957,비즈트위트바이올렛5차,,13.34,13,2014,10200,2020-10-15,,,,,,
금천구,11545,10200,독산동,955,11545-27,신도브래뉴,,55.55,10,2002,54500,2020-10-14,,,,,,
금천구,11545,10300,시흥동,1013,11545-55,관악산벽산타운5,,84.97,3,2004,59000,2020-10-06,,,,,,
금천구,11545,10300,시흥동,1002-1,11545-36,럭키남서울아파트,,41.22,1,1981,49200,2020-10-14,,,,,,
금천구,11545,10300,시흥동,1002-1,11545-36,럭키남서울아파트,,49.75,4,1981,61000,2020-10-05,,,,,,
금천구,11545,10200,독산동,711-2,11545-23,금천현대,,59.82,12,2002,55700,2020-10-10,,,,,,
금천구,11545,10100,가산동,140-36,11545-1957,비즈트위트바이올렛5차,,12.31,9,2014,13500,2020-10-13,,,,,,
금천구,11545,10300,시흥동,1010,11545-39,벽산,,59.94,7,2000,42000,2020-10-09,,,,,,
영등포구,11560,12100,문래동3가,93-1,11560-58,문래건영,,84.87,14,1998,99000,2020-10-30,,,,,,
영등포구,11560,10100,영등포동,647,11560-2,영등포푸르지오,,59.912,14,2002,99000,2020-10-19,,,,,,
영등포구,11560,11600,당산동6가,336-4,11560-1573,유탑유블레스,,13.3867,5,2012,13500,2020-10-24,,,,,,
영등포구,11560,11000,여의도동,43-4,11560-1247,롯데캐슬아이비,,150.8,14,2005,173500,2020-10-30,,,,,,
영등포구,11560,12100,문래동3가,93-1,11560-58,문래건영,,84.87,14,1998,99000,2020-10-30,O,21.02.26,,,,
영등포구,11560,12400,문래동6가,56-1,11560-71,미주프라자,,59.94,5,1998,48000,2020-10-28,,,,,,
영등포구,11560,11200,당산동2가,164,11560-31,당산2가현대홈타운,,82.77,9,1994,104000,2020-10-27,,,,,,
영등포구,11560,13200,신길동,897-1,11560-108,삼환,,84.84,11,1997,89000,2020-10-31,,,,,,
영등포구,11560,11400,당산동4가,95,11560-41,당산금호어울림,,84.25,9,2002,111000,2020-10-31,,,,,,
영등포구,11560,13300,대림동,608-1,11560-133,현대3차,,140.54,17,1997,115000,2020-10-29,,,,,,
영등포구,11560,13300,대림동,1123,11560-1398,한솔솔파크,,84.89,8,2008,85500,2020-10-26,,,,,,
영등포구,11560,12100,문래동3가,93-1,11560-58,문래건영,,59.4,14,1998,76000,2020-10-31,,,,,,
영등포구,11560,10800,영등포동7가,46-1,11560-6,경남아너스빌,,59.9,6,1998,80400,2020-10-29,,,,,,
영등포구,11560,13200,신길동,2-3,11560-105,삼두,,43.65,9,1987,45000,2020-10-31,,,,,,
영등포구,11560,12100,문래동3가,54,11560-60,문래자이,,121.53,19,2001,154500,2020-10-26,,,,,,
영등포구,11560,12400,문래동6가,54,11560-70,문래미원,,84.93,5,1996,87400,2020-10-30,,,,,,
영등포구,11560,13200,신길동,4950,11560-2006,래미안에스티움,,84.97,26,2017,152000,2020-10-26,,,,,,
영등포구,11560,13200,신길동,4945,11560-1793,래미안영등포프레비뉴,,59.99,14,2015,116000,2020-10-29,,,,,,
영등포구,11560,12300,문래동5가,21,11560-67,현대3차,,84.36,3,1991,75800,2020-10-29,,,,,,
영등포구,11560,11400,당산동4가,97,11560-1608,삼익플라주,,84.16,15,2013,88000,2020-10-31,,,,,,
영등포구,11560,13200,신길동,4933,11560-115,우성5,,84.98,3,1993,75500,2020-10-27,,,,,,
영등포구,11560,10800,영등포동7가,46-1,11560-6,경남아너스빌,,59.9,18,1998,80300,2020-10-25,,,,,,
영등포구,11560,10100,영등포동,647,11560-2,영등포푸르지오,,73.133,13,2002,108800,2020-10-31,,,,,,
영등포구,11560,13300,대림동,785-1,11560-132,현대1,,84.75,17,1992,75000,2020-10-22,,,,,,
영등포구,11560,12400,문래동6가,55-1,11560-77,현대6차,,50.55,3,1997,64700,2020-10-29,,,,,,
영등포구,11560,13200,신길동,4934,11560-107,삼성래미안,,84.91,9,2001,89300,2020-10-26,,,,,,
영등포구,11560,12100,문래동3가,54,11560-60,문래자이,,84.98,6,2001,131000,2020-10-24,,,,,,
영등포구,11560,11400,당산동4가,30-1,11560-40,당산현대5차,,59.75,4,2000,99500,2020-10-25,,,,,,
영등포구,11560,13200,신길동,4938,11560-1445,신길자이,,84.94,10,2011,104700,2020-10-21,,,,,,
영등포구,11560,12300,문래동5가,22,11560-66,진주맨션,,83.72,10,1984,78000,2020-10-30,,,,,,
영등포구,11560,13300,대림동,608-1,11560-133,현대3차,,59.83,21,1997,79200,2020-10-24,,,,,,
영등포구,11560,13300,대림동,608-1,11560-133,현대3차,,63.48,14,1997,79300,2020-10-24,,,,,,
영등포구,11560,13200,신길동,4937,11560-1382,포레나 신길,,120.6939,15,2008,133500,2020-10-27,,,,,,
영등포구,11560,13200,신길동,4945,11560-1793,래미안영등포프레비뉴,,84.98,8,2015,132500,2020-10-23,,,,,,
영등포구,11560,13200,신길동,4780,11560-1233,보라매경남아너스빌,,84.79,24,2005,96500,2020-10-24,,,,,,
영등포구,11560,10100,영등포동,618-83,11560-1,영일,,38.02,1,1969,23900,2020-10-31,,,,,,
영등포구,11560,12400,문래동6가,38-1,11560-72,문래베어스타운,,84.9,19,1997,85000,2020-10-21,,,,,,
영등포구,11560,11500,당산동5가,42,11560-138,당산삼성래미안4차,,84.94,10,2003,147000,2020-10-26,,,,,,
영등포구,11560,12100,문래동3가,94,11560-137,문래힐스테이트,,137.82,9,2003,149500,2020-10-17,,,,,,
영등포구,11560,11500,당산동5가,12,11560-47,당산효성1차,,59.85,2,1999,96000,2020-10-24,,,,,,
영등포구,11560,13200,신길동,4950,11560-2006,래미안에스티움,,84.92,17,2017,153000,2020-10-31,,,,,,
영등포구,11560,11400,당산동4가,30-1,11560-40,당산현대5차,,59.75,4,2000,95000,2020-10-29,,,,,,
영등포구,11560,12700,양평동3가,101,11560-91,양평현대6차,,84.94,24,2000,101500,2020-10-20,,,,,,
영등포구,11560,11200,당산동2가,164,11560-31,당산2가현대홈타운,,82.77,9,1994,106800,2020-10-14,,,,,,
영등포구,11560,10200,영등포동1가,29,11560-1558,여의도의아침,,12.32,4,2012,13500,2020-10-25,,,,,,
영등포구,11560,11000,여의도동,43-4,11560-1247,롯데캐슬아이비,,137.09,23,2005,183000,2020-10-28,,,,,,
영등포구,11560,11000,여의도동,43-4,11560-1247,롯데캐슬아이비,,150.8,3,2005,170000,2020-10-15,,,,,,
영등포구,11560,13200,신길동,897-1,11560-108,삼환,,59.53,15,1997,80500,2020-10-16,O,20.12.22,,,,
영등포구,11560,13200,신길동,4969,11560-2151,힐스테이트클래시안,,59.91,12,2020,106000,2020-10-19,,,,,,
영등포구,11560,11500,당산동5가,41,11560-48,반도유보라,,84.58,9,2002,95000,2020-10-19,,,,,,
영등포구,11560,11000,여의도동,47,11560-1369,여의도자이,,182.45,5,2008,243500,2020-10-15,,,,,,
영등포구,11560,13200,신길동,4934,11560-107,삼성래미안,,59.33,16,2001,78000,2020-10-25,,,,,,
영등포구,11560,11500,당산동5가,42,11560-138,당산삼성래미안4차,,115.78,19,2003,163000,2020-10-29,,,,,,
영등포구,11560,10800,영등포동7가,203,11560-1955,아크로타워스퀘어,,84.65,13,2017,149500,2020-10-24,,,,,,
영등포구,11560,13200,신길동,4945,11560-1793,래미안영등포프레비뉴,,59.99,14,2015,116000,2020-10-29,O,20.11.23,,,,
영등포구,11560,10900,영등포동8가,51-1,11560-1577,영등포메이준2011,,12.11,17,2012,13500,2020-10-19,,,,,,
영등포구,11560,12100,문래동3가,54,11560-60,문래자이,,84.98,17,2001,134000,2020-10-15,,,,,,
영등포구,11560,10900,영등포동8가,51-1,11560-1577,영등포메이준2011,,12.23,17,2012,11000,2020-10-19,,,,,,
영등포구,11560,11000,여의도동,48,11560-136,대우트럼프월드II,,143.61,12,2003,180000,2020-10-13,,,,,,
영등포구,11560,13300,대림동,650,11560-124,성원(650),,84.66,12,1995,70300,2020-10-31,,,,,,
영등포구,11560,11000,여의도동,28,11560-9,광장,,183.27,7,1978,284500,2020-10-15,,,,,,
영등포구,11560,11000,여의도동,48,11560-136,대우트럼프월드II,,123.78,24,2003,186500,2020-10-15,,,,,,
영등포구,11560,11000,여의도동,30-2,11560-15,삼부,,92.13,4,1975,172000,2020-10-23,,,,,,
영등포구,11560,11500,당산동5가,42,11560-138,당산삼성래미안4차,,115.78,15,2003,154000,2020-10-30,,,,,,
영등포구,11560,11000,여의도동,43-4,11560-1247,롯데캐슬아이비,,187.24,5,2005,189000,2020-10-09,,,,,,
영등포구,11560,12300,문래동5가,22,11560-66,진주맨션,,83.72,9,1984,91000,2020-10-24,,,,,,
영등포구,11560,11500,당산동5가,12,11560-47,당산효성1차,,59.85,8,1999,103400,2020-10-20,,,,,,
영등포구,11560,12400,문래동6가,38-1,11560-72,문래베어스타운,,59.95,3,1997,74000,2020-10-15,,,,,,
영등포구,11560,11300,당산동3가,394,11560-32,삼익,,60.83,4,1979,75000,2020-10-15,,,,,,
영등포구,11560,12400,문래동6가,38-1,11560-72,문래베어스타운,,84.9,9,1997,87000,2020-10-17,,,,,,
영등포구,11560,12800,양평동4가,94,11560-94,삼호한숲,,59.9,6,2000,78000,2020-10-29,,,,,,
영등포구,11560,13200,신길동,4945,11560-1793,래미안영등포프레비뉴,,84.98,5,2015,130700,2020-10-19,,,,,,
영등포구,11560,10800,영등포동7가,203,11560-1955,아크로타워스퀘어,,84.65,30,2017,151700,2020-10-15,,,,,,
영등포구,11560,11300,당산동3가,565,11560-1689,당산계룡리슈빌3단지,,49.993,2,2014,73500,2020-10-24,,,,,,
영등포구,11560,10200,영등포동1가,113-1,11560-1637,여의도씨티아이,,12.59,17,2013,13500,2020-10-20,,,,,,
영등포구,11560,11100,당산동1가,457,11560-1363,신동아파밀리에,,59.4,12,2008,85000,2020-10-12,,,,,,
영등포구,11560,11700,당산동,376,11560-50,강변래미안,,55.91,5,2002,95500,2020-10-27,,,,,,
영등포구,11560,12400,문래동6가,38-1,11560-72,문래베어스타운,,84.9,5,1997,81000,2020-10-17,,,,,,
영등포구,11560,11400,당산동4가,88,11560-38,당산현대3차,,84.93,5,1988,107000,2020-10-19,,,,,,
영등포구,11560,11400,당산동4가,30-1,11560-40,당산현대5차,,59.75,25,2000,102000,2020-10-12,,,,,,
영등포구,11560,11200,당산동2가,16-1,11560-152,당산대우,,31.73,17,1999,35800,2020-10-27,,,,,,
영등포구,11560,12700,양평동3가,79-4,11560-92,현대2차,,80.92,2,1990,92500,2020-10-19,,,,,,
영등포구,11560,13200,신길동,4937,11560-1382,포레나 신길,,120.6939,15,2008,125000,2020-10-15,,,,,,
영등포구,11560,11500,당산동5가,42,11560-138,당산삼성래미안4차,,97.27,9,2003,150900,2020-10-10,,,,,,
영등포구,11560,11000,여의도동,36,11560-168,롯데캐슬엠파이어,,193.8,39,2005,190000,2020-10-14,,,,,,
영등포구,11560,10100,영등포동,647,11560-2,영등포푸르지오,,73.133,21,2002,108000,2020-10-19,,,,,,
영등포구,11560,11400,당산동4가,99,11560-2004,당산롯데캐슬프레스티지,,84.98,26,2017,146000,2020-10-28,,,,,,
영등포구,11560,11300,당산동3가,565,11560-1689,당산계룡리슈빌3단지,,49.993,15,2014,76900,2020-10-30,,,,,,
영등포구,11560,13000,양평동6가,100,11560-99,동양,,59.86,7,2000,69500,2020-10-16,,,,,,
영등포구,11560,13300,대림동,650,11560-124,성원(650),,59.63,5,1995,61800,2020-10-29,,,,,,
영등포구,11560,12500,양평동1가,20,11560-79,신동아,,50.81,8,1982,75000,2020-10-31,,,,,,
영등포구,11560,13200,신길동,364,11560-101,건영,,60.27,7,1985,74700,2020-10-15,,,,,,
영등포구,11560,11200,당산동2가,16-1,11560-152,당산대우,,45.55,11,1999,45500,2020-10-16,,,,,,
영등포구,11560,11700,당산동,374,11560-49,래미안당산1차,,84.99,15,1995,104500,2020-10-27,,,,,,
영등포구,11560,12100,문래동3가,94,11560-137,문래힐스테이트,,119.47,12,2003,140000,2020-10-22,,,,,,
영등포구,11560,10200,영등포동1가,94-2,11560-2153,여의도더리브스타일,,30.2696,7,2020,42500,2020-10-27,,,,,,
영등포구,11560,13200,신길동,499,11560-1340,동훈노보빌,,84.81,5,2007,75000,2020-10-07,,,,,,
영등포구,11560,12700,양평동3가,90-1,11560-85,거성파스텔,,84.99,19,1999,97000,2020-10-21,,,,,,
영등포구,11560,13200,신길동,4950,11560-2006,래미안에스티움,,59.95,9,2017,119900,2020-10-18,,,,,,
영등포구,11560,10100,영등포동,647,11560-2,영등포푸르지오,,79.777,15,2002,105000,2020-10-14,,,,,,
영등포구,11560,11000,여의도동,21-2,11560-8,공작,,126.02,4,1976,194500,2020-10-13,,,,,,
영등포구,11560,11500,당산동5가,42,11560-138,당산삼성래미안4차,,84.94,14,2003,139300,2020-10-21,,,,,,
영등포구,11560,13200,신길동,4950,11560-2006,래미안에스티움,,59.95,4,2017,117000,2020-10-10,,,,,,
영등포구,11560,13200,신길동,261-22,11560-1609,신길레전드힐스,,13.74,14,2013,10500,2020-10-30,,,,,,
영등포구,11560,12400,문래동6가,47-1,11560-69,대원,,106.5,12,1998,90000,2020-10-17,,,,,,
영등포구,11560,13000,양평동6가,99,11560-100,한솔,,84.13,4,1999,72900,2020-10-26,,,,,,
영등포구,11560,11000,여의도동,47,11560-1369,여의도자이,,148.94,25,2008,240000,2020-10-10,,,,,,
영등포구,11560,12400,문래동6가,55-1,11560-77,현대6차,,50.55,6,1997,64000,2020-10-21,,,,,,
영등포구,11560,11200,당산동2가,164,11560-31,당산2가현대홈타운,,82.77,14,1994,104500,2020-10-15,,,,,,
영등포구,11560,12600,양평동2가,38-1,11560-84,삼성래미안,,59.4,3,1998,74000,2020-10-17,,,,,,
영등포구,11560,13000,양평동6가,95-4,11560-1656,리츠뷰,,58.08,9,2014,63000,2020-10-26,,,,,,
영등포구,11560,11300,당산동3가,2-6,11560-34,당산한양,,84.93,5,1986,96000,2020-10-19,,,,,,
영등포구,11560,11000,여의도동,47,11560-1369,여의도자이,,148.94,25,2008,240000,2020-10-10,O,20.10.29,,,,
영등포구,11560,12700,양평동3가,101,11560-91,양평현대6차,,84.94,14,2000,94500,2020-10-10,,,,,,
영등포구,11560,12700,양평동3가,90-1,11560-85,거성파스텔,,84.99,16,1999,95000,2020-10-06,,,,,,
영등포구,11560,12700,양평동3가,101,11560-91,양평현대6차,,84.94,16,2000,94500,2020-10-10,,,,,,
영등포구,11560,13200,신길동,897-1,11560-108,삼환,,84.84,2,1997,84800,2020-10-18,,,,,,
영등포구,11560,11100,당산동1가,9-1,11560-30,코오롱,,68.88,11,1996,66000,2020-10-27,,,,,,
영등포구,11560,10100,영등포동,648,11560-3,순영웰라이빌,,84.88,3,2002,65500,2020-10-26,,,,,,
영등포구,11560,12500,양평동1가,20,11560-79,신동아,,50.81,8,1982,72000,2020-10-26,,,,,,
영등포구,11560,12300,문래동5가,21,11560-67,현대3차,,84.36,4,1991,69800,2020-10-26,,,,,,
영등포구,11560,13300,대림동,1101-7,11560-2043,G밸리소홈,,16.1,10,2018,15000,2020-10-20,,,,,,
영등포구,11560,13200,신길동,4945,11560-1793,래미안영등포프레비뉴,,84.98,11,2015,134500,2020-10-26,,,,,,
영등포구,11560,13300,대림동,785-1,11560-132,현대1,,84.75,3,1992,70000,2020-10-26,,,,,,
영등포구,11560,11700,당산동,374,11560-49,래미안당산1차,,59.97,15,1995,92000,2020-10-07,,,,,,
영등포구,11560,11400,당산동4가,95,11560-41,당산금호어울림,,84.25,7,2002,108000,2020-10-06,,,,,,
영등포구,11560,10900,영등포동8가,51-1,11560-1577,영등포메이준2011,,12.11,14,2012,13500,2020-10-25,,,,,,
영등포구,11560,13300,대림동,608-1,11560-133,현대3차,,59.83,5,1997,78200,2020-10-20,,,,,,
영등포구,11560,11100,당산동1가,9-1,11560-30,코오롱,,68.88,11,1996,65000,2020-10-22,,,,,,
영등포구,11560,10100,영등포동,648,11560-3,순영웰라이빌,,84.88,4,2002,67000,2020-10-08,,,,,,
영등포구,11560,12700,양평동3가,101,11560-91,양평현대6차,,59.98,23,2000,85000,2020-10-25,,,,,,
영등포구,11560,13300,대림동,777-1,11560-125,신동아,,67.41,9,1987,55000,2020-10-11,,,,,,
영등포구,11560,13300,대림동,1101-7,11560-2043,G밸리소홈,,16.1,15,2018,16450,2020-10-15,,,,,,
영등포구,11560,12700,양평동3가,90-1,11560-85,거성파스텔,,59.96,22,1999,84000,2020-10-17,,,,,,
영등포구,11560,10100,영등포동,649,11560-164,두산위브,,59.8,10,2004,83700,2020-10-18,,,,,,
영등포구,11560,10900,영등포동8가,76-1,11560-7,삼환,,59.91,10,1999,87500,2020-10-23,,,,,,
영등포구,11560,10100,영등포동,649,11560-164,두산위브,,59.8,12,2004,78500,2020-10-12,,,,,,
영등포구,11560,13200,신길동,365,11560-111,우성1,,49.64,2,1986,70000,2020-10-24,,,,,,
영등포구,11560,10100,영등포동,647,11560-2,영등포푸르지오,,79.777,16,2002,114500,2020-10-13,,,,,,
영등포구,11560,12800,양평동4가,12,11560-95,성원,,84.66,3,1993,84500,2020-10-24,,,,,,
영등포구,11560,13300,대림동,785-1,11560-132,현대1,,84.75,17,1992,70000,2020-10-17,,,,,,
영등포구,11560,13300,대림동,608-1,11560-133,현대3차,,59.83,8,1997,81500,2020-10-05,,,,,,
영등포구,11560,12200,문래동4가,67,11560-1372,리버뷰신안인스빌1단지,,84.995,16,2008,87000,2020-10-22,,,,,,
영등포구,11560,12100,문래동3가,77-2,11560-62,문래공원한신,,58.96,12,1988,83300,2020-10-06,,,,,,
영등포구,11560,12100,문래동3가,54,11560-60,문래자이,,84.98,7,2001,131800,2020-10-06,,,,,,
영등포구,11560,12400,문래동6가,55-1,11560-77,현대6차,,84.72,14,1997,89000,2020-10-23,,,,,,
영등포구,11560,12300,문래동5가,14,11560-64,문래두산위브,,65.46,13,1988,73900,2020-10-24,,,,,,
영등포구,11560,13200,신길동,67-1,11560-102,경남,,59.96,4,1999,67000,2020-10-23,,,,,,
영등포구,11560,13200,신길동,4938,11560-1445,신길자이,,59.99,9,2011,90000,2020-10-20,,,,,,
영등포구,11560,13200,신길동,4934,11560-107,삼성래미안,,84.91,9,2001,87800,2020-10-17,,,,,,
영등포구,11560,13300,대림동,717,11560-1602,쌍용플래티넘S,,30.47,8,2013,12000,2020-10-15,,,,,,
영등포구,11560,10900,영등포동8가,76-1,11560-7,삼환,,59.91,9,1999,89000,2020-10-20,,,,,,
영등포구,11560,13300,대림동,717,11560-1602,쌍용플래티넘S,,18.24,7,2013,10900,2020-10-22,,,,,,
영등포구,11560,10900,영등포동8가,91,11560-153,당산푸르지오,,84.98,16,2004,120000,2020-10-10,,,,,,
영등포구,11560,10800,영등포동7가,202,11560-151,브라운스톤영등포,,84.9,10,2004,86000,2020-10-13,,,,,,
영등포구,11560,10800,영등포동7가,94-99,11560-2052,여의휴젠느,,29.95,17,2018,37900,2020-10-06,,,,,,
영등포구,11560,11300,당산동3가,564,11560-1682,당산계룡리슈빌1단지,,42.47,13,2014,69000,2020-10-14,,,,,,
영등포구,11560,12900,양평동5가,76,11560-98,양평한신,,59.94,12,1996,80000,2020-10-20,,,,,,
영등포구,11560,13300,대림동,608-1,11560-133,현대3차,,59.83,15,1997,81000,2020-10-10,,,,,,
영등포구,11560,13000,양평동6가,100,11560-99,동양,,84.85,10,2000,80000,2020-10-21,,,,,,
영등포구,11560,12700,양평동3가,90-1,11560-85,거성파스텔,,59.96,8,1999,85000,2020-10-23,,,,,,
영등포구,11560,10300,영등포동2가,28-117,11560-1581,이지리움S,,13.35,9,2013,10000,2020-10-23,,,,,,
영등포구,11560,12500,양평동1가,20,11560-79,신동아,,50.81,7,1982,68000,2020-10-22,,,,,,
영등포구,11560,12500,양평동1가,20,11560-79,신동아,,50.81,1,1982,64000,2020-10-21,,,,,,
영등포구,11560,13300,대림동,1123,11560-1398,한솔솔파크,,84.89,11,2008,85000,2020-10-07,,,,,,
영등포구,11560,11100,당산동1가,16-1,11560-29,진로,,59.4,1,1997,75000,2020-10-12,,,,,,
영등포구,11560,10200,영등포동1가,40-1,11560-1297,창방누리애,,84.5,4,2006,55000,2020-10-17,,,,,,
영등포구,11560,13200,신길동,769-1,11560-118,한성,,59.87,5,1997,78500,2020-10-21,,,,,,
영등포구,11560,13300,대림동,1101-7,11560-2043,G밸리소홈,,16.1,16,2018,14000,2020-10-13,,,,,,
영등포구,11560,13200,신길동,897-1,11560-108,삼환,,84.84,4,1997,89000,2020-10-17,,,,,,
영등포구,11560,10900,영등포동8가,51-1,11560-1577,영등포메이준2011,,12.11,17,2012,13000,2020-10-05,,,,,,
영등포구,11560,10900,영등포동8가,51-1,11560-1577,영등포메이준2011,,12.11,16,2012,13500,2020-10-13,,,,,,
영등포구,11560,10900,영등포동8가,51-1,11560-1577,영등포메이준2011,,12.11,15,2012,13000,2020-10-05,,,,,,
영등포구,11560,10900,영등포동8가,51-1,11560-1577,영등포메이준2011,,12.11,17,2012,13000,2020-10-21,,,,,,
영등포구,11560,10900,영등포동8가,51-1,11560-1577,영등포메이준2011,,12.11,15,2012,12500,2020-10-19,,,,,,
영등포구,11560,13200,신길동,389,11560-148,대성유니드,,82.26,6,2003,70000,2020-10-21,,,,,,
영등포구,11560,12900,양평동5가,76,11560-98,양평한신,,59.94,9,1996,80000,2020-10-16,,,,,,
영등포구,11560,12400,문래동6가,55-1,11560-77,현대6차,,50.55,12,1997,64000,2020-10-10,,,,,,
영등포구,11560,10100,영등포동,649,11560-164,두산위브,,59.8,8,2004,75500,2020-10-21,,,,,,
영등포구,11560,10900,영등포동8가,76-1,11560-7,삼환,,59.91,4,1999,89000,2020-10-13,,,,,,
영등포구,11560,10100,영등포동,647,11560-2,영등포푸르지오,,84.908,20,2002,107000,2020-10-09,,,,,,
영등포구,11560,13200,신길동,67-1,11560-102,경남,,84.96,13,1999,86000,2020-10-06,,,,,,
영등포구,11560,11800,도림동,221-1,11560-53,도림청구,,37.81,6,1997,39800,2020-10-11,,,,,,
영등포구,11560,13300,대림동,650,11560-124,성원(650),,84.66,14,1995,71500,2020-10-17,,,,,,
영등포구,11560,13200,신길동,65-21,11560-1639,프리가,,13.66,8,2013,14700,2020-10-16,,,,,,
영등포구,11560,12500,양평동1가,20,11560-79,신동아,,50.81,4,1982,69000,2020-10-15,,,,,,
영등포구,11560,10200,영등포동1가,94-2,11560-2153,여의도더리브스타일,,14.8376,15,2020,22000,2020-10-09,,,,,,
영등포구,11560,12500,양평동1가,20,11560-79,신동아,,50.81,1,1982,68000,2020-10-19,,,,,,
영등포구,11560,10100,영등포동,647,11560-2,영등포푸르지오,,59.912,16,2002,91500,2020-10-14,,,,,,
영등포구,11560,12400,문래동6가,38-1,11560-72,문래베어스타운,,84.9,1,1997,81500,2020-10-05,,,,,,
영등포구,11560,10100,영등포동,647,11560-2,영등포푸르지오,,59.912,10,2002,93500,2020-10-10,,,,,,
영등포구,11560,13200,신길동,4937,11560-1382,포레나 신길,,84.5802,10,2008,111000,2020-10-09,,,,,,
영등포구,11560,10100,영등포동,647,11560-2,영등포푸르지오,,59.912,14,2002,89500,2020-10-19,O,21.01.17,,,,
영등포구,11560,11200,당산동2가,16-1,11560-152,당산대우,,45.55,17,1999,45800,2020-10-15,,,,,,
영등포구,11560,12900,양평동5가,76,11560-98,양평한신,,59.94,10,1996,79500,2020-10-17,,,,,,
영등포구,11560,12500,양평동1가,20,11560-79,신동아,,61.59,4,1982,78000,2020-10-17,,,,,,
영등포구,11560,12900,양평동5가,76,11560-98,양평한신,,59.94,9,1996,80000,2020-10-10,,,,,,
영등포구,11560,10200,영등포동1가,144,11560-1518,헤렌어반,,13.216,6,2011,11500,2020-10-15,,,,,,
영등포구,11560,10200,영등포동1가,29,11560-1558,여의도의아침,,12.38,7,2012,13500,2020-10-01,,,,,,
영등포구,11560,13300,대림동,1101-7,11560-2043,G밸리소홈,,16.1,15,2018,16450,2020-10-13,O,20.10.26,,,,
영등포구,11560,13000,양평동6가,99,11560-100,한솔,,59.28,2,1999,58000,2020-10-08,,,,,,
영등포구,11560,13300,대림동,608-1,11560-133,현대3차,,84.89,25,1997,101000,2020-10-05,,,,,,
영등포구,11560,13200,신길동,2-3,11560-105,삼두,,34.92,7,1987,34300,2020-10-05,,,,,,
영등포구,11560,13300,대림동,1101-1,11560-1546,(1101-1),,14.46,3,2012,11500,2020-10-16,,,,,,
영등포구,11560,13300,대림동,1101-1,11560-1546,(1101-1),,13.9,7,2012,11500,2020-10-16,,,,,,
영등포구,11560,11400,당산동4가,30-1,11560-40,당산현대5차,,59.75,3,2000,96800,2020-10-06,,,,,,
영등포구,11560,13300,대림동,695,11560-126,우성2,,79.91,9,1992,59500,2020-10-06,,,,,,
영등포구,11560,13200,신길동,4937,11560-1382,포레나 신길,,84.9202,12,2008,117000,2020-10-06,,,,,,
영등포구,11560,13300,대림동,1101-7,11560-2043,G밸리소홈,,16.1,7,2018,14500,2020-10-07,,,,,,
영등포구,11560,10900,영등포동8가,76-1,11560-7,삼환,,59.91,19,1999,90000,2020-10-10,,,,,,
영등포구,11560,13300,대림동,1101-7,11560-2043,G밸리소홈,,16.1,7,2018,14500,2020-10-07,O,20.10.14,,,,
영등포구,11560,12000,문래동2가,35,11560-56,남성,,47.3,8,1983,58500,2020-10-07,,,,,,
영등포구,11560,10200,영등포동1가,145,11560-1549,내이처해밀,,14.24,11,2012,12500,2020-10-10,,,,,,
영등포구,11560,10200,영등포동1가,113-1,11560-1637,여의도씨티아이,,13.87,13,2013,13500,2020-10-03,,,,,,
영등포구,11560,13200,신길동,261-22,11560-1609,신길레전드힐스,,13.74,16,2013,10900,2020-10-08,,,,,,
영등포구,11560,11200,당산동2가,164,11560-31,당산2가현대홈타운,,82.77,2,1994,89000,2020-10-07,,,,,,
동작구,11590,10800,대방동,501,11590-57,대림아파트,,84.92,1,1993,117500,2020-10-07,,,,,,
동작구,11590,10500,흑석동,341,11590-4876,아크로리버하임,,84.9108,1,2019,170000,2020-10-24,,,,,,
동작구,11590,10500,흑석동,335,11590-3773,흑석한강센트레빌,,84.84,1,2011,140000,2020-10-31,,,,,,
동작구,11590,10200,상도동,531,11590-3954,힐스테이트 상도 센트럴파크,,84.7835,12,2012,138000,2020-10-31,,,,,,
동작구,11590,10200,상도동,531,11590-3954,힐스테이트 상도 센트럴파크,,84.7835,3,2012,135000,2020-10-29,,,,,,
동작구,11590,10200,상도동,407,11590-3295,현대(관악),,58.59,11,1992,67750,2020-10-31,,,,,,
동작구,11590,10200,상도동,431,11590-127,래미안상도3차,,59.97,12,2004,97000,2020-10-29,,,,,,
동작구,11590,10200,상도동,56-45,11590-155,수정빌라트(56-45),,85.7,4,2000,41670,2020-10-22,,,,,,
동작구,11590,10200,상도동,531,11590-3954,힐스테이트 상도 센트럴파크,,84.7835,4,2012,137500,2020-10-29,,,,,,
동작구,11590,10900,신대방동,713,11590-103,롯데낙천대,,55.4561,13,2003,83000,2020-10-30,,,,,,
동작구,11590,10200,상도동,7-71,11590-4792,대동아파트,,59.9,7,2017,38000,2020-10-30,,,,,,
동작구,11590,10200,상도동,535,11590-4495,두산위브트레지움2차,,84.8032,10,2016,133000,2020-10-26,,,,,,
동작구,11590,10500,흑석동,10,11590-34,명수대현대,,84.33,11,1988,139000,2020-10-30,,,,,,
동작구,11590,10700,사당동,105,11590-49,사당우성2,,46.75,14,1993,81750,2020-10-24,,,,,,
동작구,11590,10500,흑석동,341,11590-4876,아크로리버하임,,84.9108,1,2019,170000,2020-10-24,O,20.11.27,,,,
동작구,11590,10200,상도동,431,11590-127,래미안상도3차,,59.97,12,2004,97000,2020-10-28,O,20.11.24,,,,
동작구,11590,10400,본동,150,11590-31,한강쌍용,,59.64,5,1999,81000,2020-10-30,,,,,,
동작구,11590,10700,사당동,1154,11590-3579,사당휴먼시아,,84.73,5,2009,90000,2020-10-29,,,,,,
동작구,11590,10200,상도동,415,11590-100,중앙하이츠빌,,123.6025,23,2003,121500,2020-10-27,,,,,,
동작구,11590,10800,대방동,502,11590-84,대방동현대,,84.96,3,1994,93000,2020-10-23,,,,,,
동작구,11590,10200,상도동,418,11590-99,쌍용스윗닷홈,,84.954,10,2003,102000,2020-10-24,,,,,,
동작구,11590,10700,사당동,240-15,11590-51,제일,,60.03,1,1987,70000,2020-10-31,,,,,,
동작구,11590,10100,노량진동,325,11590-4,신동아리버파크,,59.67,14,2001,82000,2020-10-31,,,,,,
동작구,11590,10200,상도동,903,11590-4879,e편한세상상도노빌리티,,84.9546,3,2018,145000,2020-10-28,,,,,,
동작구,11590,10500,흑석동,28,11590-36,한강현대,,83.475,6,1988,138000,2020-10-21,,,,,,
동작구,11590,10200,상도동,535,11590-4495,두산위브트레지움2차,,84.8032,12,2016,138500,2020-10-31,,,,,,
동작구,11590,10200,상도동,529,11590-3714,상도두산위브,,84.534,13,2010,122000,2020-10-24,,,,,,
동작구,11590,10200,상도동,418,11590-99,쌍용스윗닷홈,,112.756,5,2003,109500,2020-10-28,,,,,,
동작구,11590,10200,상도동,521,11590-3412,포스코더샵,,84.995,11,2007,124000,2020-10-26,,,,,,
동작구,11590,10700,사당동,1159,11590-4827,래미안로이파크,,59.98,9,2018,133000,2020-10-24,,,,,,
동작구,11590,10200,상도동,533,11590-4078,힐스테이트 상도 프레스티지,,120.936,10,2013,168000,2020-10-30,,,,,,
동작구,11590,10900,신대방동,713,11590-103,롯데낙천대,,55.4561,6,2003,80400,2020-10-21,,,,,,
동작구,11590,10200,상도동,431,11590-127,래미안상도3차,,164.91,4,2004,167000,2020-10-31,,,,,,
동작구,11590,10100,노량진동,325,11590-4,신동아리버파크,,84.88,8,2001,103000,2020-10-27,,,,,,
동작구,11590,10500,흑석동,336,11590-3965,흑석한강푸르지오,,84.98,16,2012,145000,2020-10-27,,,,,,
동작구,11590,10500,흑석동,341,11590-4876,아크로리버하임,,84.9184,11,2019,200000,2020-10-24,,,,,,
동작구,11590,10700,사당동,1149,11590-138,사당롯데캐슬2차,,84.614,11,2004,111800,2020-10-31,,,,,,
동작구,11590,10900,신대방동,707,11590-79,현대,,84.57,11,1996,96300,2020-10-24,,,,,,
동작구,11590,10200,상도동,56-45,11590-155,수정빌라트(56-45),,85.7,4,2000,41670,2020-10-22,O,20.11.23,,,,
동작구,11590,10700,사당동,1133,11590-54,삼성래미안,,84.967,16,2003,110000,2020-10-24,,,,,,
동작구,11590,10500,흑석동,28,11590-36,한강현대,,83.475,6,1988,138000,2020-10-21,O,20.11.18,,,,
동작구,11590,10100,노량진동,325,11590-4,신동아리버파크,,84.88,8,2001,103000,2020-10-27,O,20.11.16,,,,
동작구,11590,10600,동작동,329,11590-37,이수교신동아아파트,,56.48,2,2001,62000,2020-10-26,,,,,,
동작구,11590,10200,상도동,414,11590-9,건영,,114.96,9,1997,102500,2020-10-31,,,,,,
동작구,11590,10700,사당동,1139,11590-43,사당자이,,60,16,1999,81900,2020-10-24,,,,,,
동작구,11590,10200,상도동,521,11590-3412,포스코더샵,,59.995,9,2007,106000,2020-10-17,,,,,,
동작구,11590,10800,대방동,99-1,11590-194,(99-1),,71.025,4,2001,44000,2020-10-26,,,,,,
동작구,11590,10200,상도동,431,11590-127,래미안상도3차,,84.96,5,2004,119800,2020-10-10,,,,,,
동작구,11590,10200,상도동,531,11590-3954,힐스테이트 상도 센트럴파크,,59.8758,10,2012,122800,2020-10-31,,,,,,
동작구,11590,10200,상도동,903,11590-4879,e편한세상상도노빌리티,,84.9546,11,2018,149000,2020-10-28,,,,,,
동작구,11590,10200,상도동,521,11590-3412,포스코더샵,,132.735,2,2007,143500,2020-10-27,,,,,,
동작구,11590,10700,사당동,1140,11590-44,삼성,,114.69,5,1999,102000,2020-10-24,,,,,,
동작구,11590,10700,사당동,169-8,11590-39,대림(169-8),,84.91,10,1990,117000,2020-10-25,,,,,,
동작구,11590,10200,상도동,283-75,11590-3874,상도타워A동,,81.06,1,2005,30300,2020-10-15,,,,,,
동작구,11590,10200,상도동,903,11590-4879,e편한세상상도노빌리티,,84.9546,11,2018,149000,2020-10-28,O,20.11.11,,,,
동작구,11590,10700,사당동,303-109,11590-149,씨티뷰2차,,135,6,2004,82000,2020-10-21,,,,,,
동작구,11590,10700,사당동,1159,11590-4827,래미안로이파크,,59.98,14,2018,137000,2020-10-24,,,,,,
동작구,11590,10100,노량진동,325,11590-4,신동아리버파크,,84.88,12,2001,104500,2020-10-31,,,,,,
동작구,11590,10600,동작동,333,11590-4023,이수힐스테이트,,59.999,4,2013,130000,2020-10-29,,,,,,
동작구,11590,10200,상도동,415,11590-100,중앙하이츠빌,,59.9388,6,2003,90000,2020-10-17,,,,,,
동작구,11590,10700,사당동,1139,11590-43,사당자이,,59.89,7,1999,73500,2020-10-26,,,,,,
동작구,11590,10300,상도1동,441-5,11590-225,노블리움,,65.16,6,2003,47000,2020-10-26,,,,,,
동작구,11590,10200,상도동,533,11590-4078,힐스테이트 상도 프레스티지,,84.884,4,2013,127000,2020-10-17,,,,,,
동작구,11590,10800,대방동,508,11590-94,대방1차e-편한세상,,84.32,1,2003,106500,2020-10-24,,,,,,
동작구,11590,10200,상도동,527,11590-3441,이수브라운스톤상도(527-0),,84.99,9,2007,117000,2020-10-17,,,,,,
동작구,11590,10200,상도동,431,11590-127,래미안상도3차,,84.96,5,2004,119800,2020-10-10,O,20.11.12,,,,
동작구,11590,10200,상도동,418,11590-99,쌍용스윗닷홈,,112.756,11,2003,112000,2020-10-13,,,,,,
동작구,11590,10200,상도동,520,11590-3388,삼환나우빌(520-0),,84.87,10,2007,100000,2020-10-16,O,21.01.06,,,,
동작구,11590,10700,사당동,1159,11590-4827,래미안로이파크,,84.98,19,2018,154000,2020-10-12,,,,,,
동작구,11590,10200,상도동,533,11590-4078,힐스테이트 상도 프레스티지,,84.951,2,2013,126000,2020-10-12,,,,,,
동작구,11590,10500,흑석동,328,11590-106,흑석동양아파트,,84.991,16,2003,103500,2020-10-30,,,,,,
동작구,11590,10500,흑석동,341,11590-4876,아크로리버하임,,84.7536,11,2019,190000,2020-10-03,,,,,,
동작구,11590,10100,노량진동,323,11590-5,우성,,84.96,7,1997,95500,2020-10-24,,,,,,
동작구,11590,10700,사당동,105,11590-47,신동아4,,59.89,10,1993,91500,2020-10-17,,,,,,
동작구,11590,10500,흑석동,339,11590-4002,흑석한강센트레빌Ⅱ,,84.946,2,2012,140000,2020-10-21,,,,,,
동작구,11590,10100,노량진동,332,11590-3742,쌍용예가,,59.957,2,2010,92000,2020-10-27,,,,,,
동작구,11590,10700,사당동,1151,11590-3317,갑을명가,,62.9477,6,2006,64000,2020-10-31,,,,,,
동작구,11590,10900,신대방동,713,11590-103,롯데낙천대,,80.2422,16,2003,104500,2020-10-08,,,,,,
동작구,11590,10200,상도동,527,11590-3441,이수브라운스톤상도(527-0),,84.99,5,2007,114500,2020-10-09,,,,,,
동작구,11590,10900,신대방동,707,11590-79,현대,,84.57,7,1996,92300,2020-10-09,,,,,,
동작구,11590,10800,대방동,509,11590-3281,보라매코오롱하늘채,,84.7,15,2005,89500,2020-10-27,,,,,,
동작구,11590,10100,노량진동,57-1,11590-4413,메가스터디타워,,15.974,9,2015,20000,2020-10-06,,,,,,
동작구,11590,10700,사당동,105,11590-89,사당우성3,,59.89,13,1993,92700,2020-10-17,,,,,,
동작구,11590,10100,노량진동,325,11590-4,신동아리버파크,,84.88,7,2001,100000,2020-10-16,,,,,,
동작구,11590,10200,상도동,531,11590-3954,힐스테이트 상도 센트럴파크,,84.6099,10,2012,138000,2020-10-17,,,,,,
동작구,11590,10700,사당동,169-8,11590-39,대림(169-8),,125.4,1,1990,133600,2020-10-21,,,,,,
동작구,11590,10500,흑석동,332,11590-3713,해가든,,107.23,8,2010,118300,2020-10-30,,,,,,
동작구,11590,10200,상도동,534,11590-4206,상도더샵2차,,84.82,11,2014,116800,2020-10-22,,,,,,
동작구,11590,10800,대방동,508,11590-94,대방1차e-편한세상,,84.32,19,2003,115000,2020-10-11,,,,,,
동작구,11590,10600,동작동,331,11590-95,금강KCC,,84.95,13,2003,110000,2020-10-16,,,,,,
동작구,11590,10900,신대방동,565,11590-76,우성1차,,84.99,1,1988,96500,2020-10-20,,,,,,
동작구,11590,10400,본동,492,11590-130,삼성래미안,,59.9843,2,2004,95000,2020-10-09,,,,,,
동작구,11590,10900,신대방동,565,11590-76,우성1차,,126.16,1,1988,114500,2020-10-20,,,,,,
동작구,11590,10200,상도동,521,11590-3412,포스코더샵,,59.99,6,2007,105500,2020-10-06,,,,,,
동작구,11590,10200,상도동,363-164,11590-4526,상도휴엔하임,,16.84,15,2016,20000,2020-10-30,,,,,,
동작구,11590,10200,상도동,900,11590-4642,상도파크자이,,84.918,21,2016,149500,2020-10-12,,,,,,
동작구,11590,10700,사당동,105,11590-89,사당우성3,,59.89,9,1993,96000,2020-10-18,,,,,,
동작구,11590,10400,본동,494,11590-3831,래미안트윈파크,,59.72,19,2011,125000,2020-10-10,,,,,,
동작구,11590,10900,신대방동,395-62,11590-73,삼성보라매옴니타워,,164.76,24,1997,118000,2020-10-15,,,,,,
동작구,11590,10200,상도동,421,11590-102,삼성래미안2,,84.796,1,2003,92500,2020-10-17,,,,,,
동작구,11590,10600,동작동,331,11590-95,금강KCC,,84.95,12,2003,102000,2020-10-17,,,,,,
동작구,11590,10700,사당동,105,11590-89,사당우성3,,108.08,6,1993,129000,2020-10-16,,,,,,
동작구,11590,10200,상도동,531,11590-3954,힐스테이트 상도 센트럴파크,,84.6099,8,2012,142000,2020-10-07,,,,,,
동작구,11590,10200,상도동,431,11590-127,래미안상도3차,,59.97,3,2004,96000,2020-10-06,,,,,,
동작구,11590,10600,동작동,333,11590-4023,이수힐스테이트,,108.336,9,2013,170000,2020-10-10,,,,,,
동작구,11590,10100,노량진동,57-1,11590-4413,메가스터디타워,,15.974,12,2015,18000,2020-10-14,,,,,,
동작구,11590,10200,상도동,521,11590-3412,포스코더샵,,59.99,1,2007,83000,2020-10-17,,,,,,
동작구,11590,10800,대방동,375-22,11590-114,대방(375-22),,96.49,3,2003,59700,2020-10-24,,,,,,
동작구,11590,10700,사당동,449-28,11590-112,닷컴캐슬,,73.19,5,2003,43000,2020-10-16,,,,,,
동작구,11590,10200,상도동,521,11590-3412,포스코더샵,,101.993,14,2007,140000,2020-10-24,,,,,,
동작구,11590,10900,신대방동,713,11590-103,롯데낙천대,,55.4561,1,2003,75000,2020-10-26,,,,,,
동작구,11590,10900,신대방동,565,11590-76,우성1차,,66.69,13,1988,89500,2020-10-24,,,,,,
동작구,11590,10400,본동,492,11590-130,삼성래미안,,84.2261,5,2004,114600,2020-10-16,,,,,,
동작구,11590,10600,동작동,333,11590-4023,이수힐스테이트,,59.998,9,2013,129700,2020-10-10,,,,,,
동작구,11590,10800,대방동,505,11590-61,우정,,59.89,2,1999,61500,2020-10-24,,,,,,
동작구,11590,10800,대방동,505,11590-61,우정,,59.89,22,1999,63500,2020-10-10,,,,,,
동작구,11590,10800,대방동,503,11590-63,주공2,,59.97,6,1995,86000,2020-10-19,,,,,,
동작구,11590,10800,대방동,505,11590-61,우정,,59.89,2,1999,59000,2020-10-08,,,,,,
동작구,11590,10100,노량진동,330,11590-3,삼익,,58.96,12,2001,69500,2020-10-09,,,,,,
동작구,11590,10200,상도동,900,11590-4642,상도파크자이,,84.918,21,2016,149500,2020-10-12,O,20.10.28,,,,
동작구,11590,10900,신대방동,713,11590-103,롯데낙천대,,55.4561,7,2003,80500,2020-10-24,,,,,,
동작구,11590,10800,대방동,375-37,11590-140,디어파크(파크빌리지),,73.66,6,2004,50000,2020-10-19,,,,,,
동작구,11590,10100,노량진동,325,11590-4,신동아리버파크,,59.67,24,2001,83500,2020-10-20,,,,,,
동작구,11590,10200,상도동,431,11590-127,래미안상도3차,,114.97,10,2004,133000,2020-10-08,,,,,,
동작구,11590,10200,상도동,414,11590-9,건영,,32.8,17,1997,62800,2020-10-15,,,,,,
동작구,11590,10200,상도동,431,11590-127,래미안상도3차,,84.96,6,2004,120000,2020-10-12,,,,,,
동작구,11590,10900,신대방동,395-69,11590-70,보라매아카데미타워,,84.95,11,1998,75000,2020-10-18,,,,,,
동작구,11590,10100,노량진동,325,11590-4,신동아리버파크,,59.67,5,2001,84000,2020-10-17,,,,,,
동작구,11590,10200,상도동,412,11590-15,상도현대,,84.97,12,2003,76000,2020-10-09,,,,,,
동작구,11590,10800,대방동,508,11590-94,대방1차e-편한세상,,84.32,13,2003,126500,2020-10-13,,,,,,
동작구,11590,10700,사당동,240-15,11590-51,제일,,60.03,2,1987,71000,2020-10-21,,,,,,
동작구,11590,10200,상도동,903,11590-4879,e편한세상상도노빌리티,,59.7827,18,2018,129500,2020-10-14,,,,,,
동작구,11590,10800,대방동,508,11590-94,대방1차e-편한세상,,84.32,2,2003,116500,2020-10-10,,,,,,
동작구,11590,10700,사당동,240-15,11590-51,제일,,60.03,3,1987,71000,2020-10-17,,,,,,
동작구,11590,10200,상도동,903,11590-4879,e편한세상상도노빌리티,,84.8746,11,2018,149500,2020-10-17,,,,,,
동작구,11590,10100,노량진동,323,11590-5,우성,,84.96,9,1997,95500,2020-10-16,,,,,,
동작구,11590,10200,상도동,279-515,11590-215,태양아파트,,64.68,2,2004,29800,2020-10-21,,,,,,
동작구,11590,10700,사당동,147-29,11590-3763,이수자이,,154.01,5,2010,180000,2020-10-07,,,,,,
동작구,11590,10800,대방동,502,11590-84,대방동현대,,84.96,11,1994,93000,2020-10-20,,,,,,
동작구,11590,10900,신대방동,565,11590-76,우성1차,,66.69,3,1988,86000,2020-10-06,,,,,,
동작구,11590,10700,사당동,105,11590-49,사당우성2,,84.66,2,1993,105000,2020-10-06,,,,,,
동작구,11590,10700,사당동,303-60,11590-148,현대파크(아),,81.31,3,2005,45500,2020-10-18,,,,,,
동작구,11590,10900,신대방동,395-69,11590-70,보라매아카데미타워,,132.69,20,1998,92600,2020-10-05,,,,,,
동작구,11590,10900,신대방동,716,11590-104,현진에버빌,,59.6216,12,2003,63500,2020-10-15,,,,,,
동작구,11590,10900,신대방동,565-21,11590-90,우성2차,,76.84,13,1995,79600,2020-10-15,,,,,,
동작구,11590,10400,본동,148-2,11590-28,극동강변,,84.73,10,1992,89500,2020-10-17,,,,,,
동작구,11590,10900,신대방동,565,11590-76,우성1차,,66.69,4,1988,88500,2020-10-05,,,,,,
동작구,11590,10200,상도동,408,11590-13,상도동삼호아파트,,114.63,6,1994,86000,2020-10-05,,,,,,
동작구,11590,10700,사당동,1159,11590-4827,래미안로이파크,,84.98,22,2018,160000,2020-10-09,,,,,,
동작구,11590,10700,사당동,1158,11590-4568,반석블레스,,59.86,7,2016,61000,2020-10-16,,,,,,
동작구,11590,10800,대방동,502,11590-84,대방동현대,,84.96,19,1994,91000,2020-10-16,,,,,,
동작구,11590,10700,사당동,105,11590-38,극동(105),,84.32,7,1993,100000,2020-10-10,,,,,,
동작구,11590,10900,신대방동,720,11590-3743,보라매e편한세상,,128.86,1,2010,112000,2020-10-16,,,,,,
동작구,11590,10700,사당동,240-15,11590-51,제일,,60.03,9,1987,71000,2020-10-07,,,,,,
동작구,11590,10100,노량진동,57-1,11590-4413,메가스터디타워,,15.974,12,2015,18000,2020-10-14,O,20.10.28,,,,
동작구,11590,10700,사당동,105,11590-38,극동(105),,59.25,8,1993,93800,2020-10-09,,,,,,
동작구,11590,10200,상도동,407,11590-3295,현대(관악),,84.78,8,1992,84500,2020-10-07,,,,,,
동작구,11590,10200,상도동,527,11590-3441,이수브라운스톤상도(527-0),,84.84,13,2007,114382,2020-10-13,,,,,,
동작구,11590,10200,상도동,421,11590-102,삼성래미안2,,59.886,7,2003,89000,2020-10-05,,,,,,
동작구,11590,10300,상도1동,328-18,11590-222,대영테크빌,,84.64,2,2000,48800,2020-10-13,,,,,,
동작구,11590,10700,사당동,1141,11590-41,르메이에르,,84.76,2,2001,70500,2020-10-06,,,,,,
동작구,11590,10200,상도동,407,11590-3295,현대(관악),,84.78,8,1992,84500,2020-10-07,O,20.10.16,,,,
동작구,11590,10700,사당동,105,11590-47,신동아4,,59.89,10,1993,89950,2020-10-06,,,,,,
동작구,11590,10800,대방동,501,11590-57,대림아파트,,84.92,1,1993,117500,2020-10-07,O,20.12.02,,,,
동작구,11590,10700,사당동,1139,11590-43,사당자이,,84.49,18,1999,88000,2020-10-05,,,,,,
관악구,11620,10100,봉천동,1721,11620-181,브라운스톤관악,,84.41,7,2005,88000,2020-10-31,,,,,,
관악구,11620,10100,봉천동,1703,11620-9,봉천동아,,84.87,16,2000,87500,2020-10-07,,,,,,
관악구,11620,10200,신림동,1694,11620-58,신림현대,,82.2,11,1993,70100,2020-10-28,,,,,,
관악구,11620,10200,신림동,1703-1,11620-39,LIG대학마을(건영아파트3차),,58.9,4,1996,59800,2020-10-29,,,,,,
관악구,11620,10100,봉천동,1629-2,11620-10,동아타운,,114.12,4,1999,78000,2020-10-26,,,,,,
관악구,11620,10200,신림동,산28-9,11620-57,신동아,,84.3,10,1994,47000,2020-10-28,,,,,,
관악구,11620,10200,신림동,1686,11620-60,신림동쌍용아파트,,114.92,1,1998,56000,2020-10-31,,,,,,
관악구,11620,10300,남현동,1135,11620-204,우림루미아트,,84.51,1,2004,81000,2020-10-26,,,,,,
관악구,11620,10100,봉천동,1560-61,11620-4341,서울대입구아이원(1560-61),,84.89,10,2006,98700,2020-10-30,,,,,,
관악구,11620,10200,신림동,721-2,11620-38,건영2,,59.76,12,1988,39500,2020-10-30,,,,,,
관악구,11620,10300,남현동,1084-1,11620-81,예성그린캐슬1차,,84.76,1,2003,74000,2020-10-27,,,,,,
관악구,11620,10300,남현동,602-153,11620-4331,e산이랑,,118.77,3,2006,68500,2020-10-27,,,,,,
관악구,11620,10100,봉천동,1000,11620-28,현대(관악),,68.8,15,1992,75000,2020-10-28,,,,,,
관악구,11620,10200,신림동,1738,11620-4520,파로스프라자,,84.17,5,2009,46000,2020-10-21,,,,,,
관악구,11620,10200,신림동,721-2,11620-38,건영2,,59.76,1,1988,39900,2020-10-31,,,,,,
관악구,11620,10100,봉천동,1712,11620-5,관악드림(삼성),,84.96,20,2003,94000,2020-10-31,,,,,,
관악구,11620,10100,봉천동,1721,11620-181,브라운스톤관악,,59.67,11,2005,77500,2020-10-31,,,,,,
관악구,11620,10100,봉천동,1703,11620-9,봉천동아,,84.87,2,2000,82500,2020-10-31,,,,,,
관악구,11620,10200,신림동,1714,11620-54,삼성산주공(주공3단지),,83.21,15,2000,66000,2020-10-29,,,,,,
관악구,11620,10200,신림동,1730,11620-183,신림푸르지오,,114.84,10,2005,99200,2020-10-15,,,,,,
관악구,11620,10100,봉천동,30-8,11620-5481,관악태우미소가,,21.66,9,2016,25000,2020-10-15,,,,,,
관악구,11620,10100,봉천동,1697,11620-18,선경,,50.49,2,1996,45600,2020-10-16,,,,,,
관악구,11620,10200,신림동,1693,11620-43,국제산장,,84.15,10,1993,54500,2020-10-24,,,,,,
관악구,11620,10200,신림동,1693,11620-43,국제산장,,84.15,10,1993,58000,2020-10-17,,,,,,
관악구,11620,10200,신림동,1563-82,11620-68,한양,,84.79,15,1992,56000,2020-10-31,,,,,,
관악구,11620,10200,신림동,1735,11620-4347,관악산휴먼시아2단지,,84.97,19,2008,72500,2020-10-31,,,,,,
관악구,11620,10200,신림동,86-3,11620-4233,청암두산위브센티움,,124.54,9,2005,83500,2020-10-17,,,,,,
관악구,11620,10100,봉천동,1696,11620-2044,보라매우성,,58.86,11,1995,59800,2020-10-17,,,,,,
관악구,11620,10200,신림동,721-2,11620-38,건영2,,59.76,11,1988,39500,2020-10-15,,,,,,
관악구,11620,10100,봉천동,1707,11620-23,은천1,,84.65,7,2001,75000,2020-10-25,,,,,,
관악구,11620,10300,남현동,1135,11620-204,우림루미아트,,84.53,12,2004,95000,2020-10-20,,,,,,
관악구,11620,10200,신림동,1714,11620-54,삼성산주공(주공3단지),,58.55,18,2000,50800,2020-10-17,,,,,,
관악구,11620,10300,남현동,602-150,11620-198,카사빌,,41.38,6,2003,34500,2020-10-18,,,,,,
관악구,11620,10100,봉천동,1708,11620-11,두산,,59.92,10,2000,88300,2020-10-25,,,,,,
관악구,11620,10200,신림동,1421-1,11620-5276,신림큐브,,13.41,7,2015,11550,2020-10-29,,,,,,
관악구,11620,10200,신림동,1421-1,11620-5276,신림큐브,,13.41,7,2015,11550,2020-10-29,,,,,,
관악구,11620,10100,봉천동,1717,11620-102,관악푸르지오,,59.58,6,2004,56000,2020-10-13,,,,,,
관악구,11620,10100,봉천동,1717,11620-102,관악푸르지오,,84.2,7,2004,98000,2020-10-15,,,,,,
관악구,11620,10100,봉천동,1716,11620-94,벽산타운II,,57.36,16,2003,66500,2020-10-17,,,,,,
관악구,11620,10100,봉천동,1713,11620-8,낙성대현대홈타운,,114.919,3,2002,94000,2020-10-23,,,,,,
관악구,11620,10200,신림동,1698,11620-67,태흥,,59.86,8,1995,47000,2020-10-24,,,,,,
관악구,11620,10200,신림동,1703-1,11620-39,LIG대학마을(건영아파트3차),,69.17,2,1996,62700,2020-10-26,,,,,,
관악구,11620,10100,봉천동,1706,11620-21,봉천우성,,59.76,18,2000,74300,2020-10-17,,,,,,
관악구,11620,10200,신림동,1735,11620-4347,관악산휴먼시아2단지,,59.96,19,2008,64500,2020-10-24,,,,,,
관악구,11620,10100,봉천동,1707-1,11620-22,은천2단지아파트,,49.95,5,2000,52000,2020-10-06,,,,,,
관악구,11620,10100,봉천동,729-24,11620-4336,캐릭터그린빌,,183.4,20,2000,98000,2020-10-14,,,,,,
관악구,11620,10200,신림동,233-11,11620-41,LIG5차,,84.23,5,1995,67000,2020-10-05,,,,,,
관악구,11620,10200,신림동,1714,11620-54,삼성산주공(주공3단지),,113.31,21,2000,68000,2020-10-26,,,,,,
관악구,11620,10100,봉천동,926-2,11620-3983,대안그린,,72.53,6,2005,50700,2020-10-26,,,,,,
관악구,11620,10200,신림동,1714,11620-54,삼성산주공(주공3단지),,113.31,7,2000,72000,2020-10-22,,,,,,
관악구,11620,10200,신림동,1424-28,11620-66,태영,,34.56,23,1997,33500,2020-10-17,,,,,,
관악구,11620,10200,신림동,1715,11620-61,우방,,59.74,5,1999,55000,2020-10-07,,,,,,
관악구,11620,10200,신림동,1433-55,11620-5002,프라비다트라움,,14.05,8,2013,12700,2020-10-25,,,,,,
관악구,11620,10100,봉천동,1717,11620-102,관악푸르지오,,59.58,1,2004,73700,2020-10-28,,,,,,
관악구,11620,10100,봉천동,1615-17,11620-132,반석블레스빌,,84.25,6,2001,70000,2020-10-26,,,,,,
관악구,11620,10100,봉천동,645-87,11620-15,복권,,47.61,2,1971,29400,2020-10-09,,,,,,
관악구,11620,10200,신림동,1715,11620-61,우방,,114.79,12,1999,68000,2020-10-07,,,,,,
관악구,11620,10100,봉천동,1718,11620-95,벽산블루밍,,84.99,11,2005,91000,2020-10-17,,,,,,
관악구,11620,10200,신림동,1717,11620-77,두영,,84.87,1,2002,51000,2020-10-24,,,,,,
관악구,11620,10100,봉천동,1720,11620-145,벽산블루밍3차,,111.04,15,2004,93000,2020-10-24,,,,,,
관악구,11620,10100,봉천동,1717,11620-102,관악푸르지오,,59.58,17,2004,72500,2020-10-23,,,,,,
관악구,11620,10100,봉천동,1706,11620-21,봉천우성,,84.96,21,2000,84500,2020-10-17,,,,,,
관악구,11620,10100,봉천동,1728,11620-5194,관악파크푸르지오,,84.98,14,2014,93150,2020-10-09,,,,,,
관악구,11620,10100,봉천동,1712,11620-4,관악드림(동아),,84.96,21,2003,89500,2020-10-23,,,,,,
관악구,11620,10100,봉천동,1718,11620-95,벽산블루밍,,114.97,21,2005,106000,2020-10-24,,,,,,
관악구,11620,10100,봉천동,1717,11620-102,관악푸르지오,,59.58,19,2004,76000,2020-10-24,,,,,,
관악구,11620,10100,봉천동,1717,11620-102,관악푸르지오,,59.58,13,2004,79000,2020-10-25,,,,,,
관악구,11620,10200,신림동,1686,11620-60,신림동쌍용아파트,,59.26,15,1998,40000,2020-10-24,,,,,,
관악구,11620,10200,신림동,1563-78,11620-197,미래한건(1563-78),,74.98,3,2004,44000,2020-10-19,,,,,,
관악구,11620,10200,신림동,721-2,11620-38,건영2,,59.76,3,1988,38000,2020-10-17,,,,,,
관악구,11620,10100,봉천동,1712,11620-4,관악드림(동아),,84.96,3,2003,88000,2020-10-25,,,,,,
관악구,11620,10100,봉천동,1717,11620-102,관악푸르지오,,59.58,15,2004,81000,2020-10-24,,,,,,
관악구,11620,10100,봉천동,1728,11620-5194,관악파크푸르지오,,59.98,16,2014,78000,2020-10-23,,,,,,
관악구,11620,10200,신림동,1433-55,11620-5002,프라비다트라움,,14.06,4,2013,12150,2020-10-26,,,,,,
관악구,11620,10200,신림동,1736,11620-4349,신림2차푸르지오,,84.8098,11,2007,74000,2020-10-14,,,,,,
관악구,11620,10100,봉천동,1708,11620-11,두산,,114.99,1,2000,109000,2020-10-05,,,,,,
관악구,11620,10100,봉천동,1717,11620-102,관악푸르지오,,59.58,12,2004,78000,2020-10-23,,,,,,
관악구,11620,10200,신림동,1702-1,11620-40,건영4,,84.71,18,1997,66850,2020-10-24,,,,,,
관악구,11620,10200,신림동,1727,11620-101,그대家,,119.96,15,2003,70500,2020-10-20,,,,,,
관악구,11620,10100,봉천동,1721,11620-181,브라운스톤관악,,59.67,5,2005,75800,2020-10-17,,,,,,
관악구,11620,10200,신림동,1686,11620-60,신림동쌍용아파트,,84.91,10,1998,61500,2020-10-15,,,,,,
관악구,11620,10100,봉천동,1717,11620-102,관악푸르지오,,59.58,8,2004,77000,2020-10-22,,,,,,
관악구,11620,10200,신림동,1735,11620-4347,관악산휴먼시아2단지,,84.97,18,2008,60000,2020-10-05,,,,,,
관악구,11620,10100,봉천동,867-9,11620-4818,서울대역해담채,,12.87,7,2012,16500,2020-10-08,,,,,,
관악구,11620,10100,봉천동,100-20,11620-5554,더갤러리테라스,,53.22,5,2016,44400,2020-10-17,,,,,,
관악구,11620,10200,신림동,497-5,11620-4719,보라매해담채,,13.23,2,2012,11400,2020-10-23,,,,,,
관악구,11620,10100,봉천동,1718,11620-95,벽산블루밍,,59.99,19,2005,77000,2020-10-19,,,,,,
관악구,11620,10100,봉천동,196-215,11620-4553,에이스인헌,,66.38,6,2009,49000,2020-10-16,,,,,,
관악구,11620,10100,봉천동,1703,11620-9,봉천동아,,84.87,16,2000,87500,2020-10-07,O,20.11.30,,,,
관악구,11620,10100,봉천동,1718,11620-95,벽산블루밍,,59.99,5,2005,77000,2020-10-21,,,,,,
관악구,11620,10100,봉천동,1728,11620-5194,관악파크푸르지오,,84.99,16,2014,95000,2020-10-16,,,,,,
관악구,11620,10100,봉천동,1595-14,11620-35,하이캐슬101동,,83.48,5,2002,61800,2020-10-18,,,,,,
관악구,11620,10300,남현동,602-110,11620-5487,라움아파트,,52.41,4,2016,53750,2020-10-17,,,,,,
관악구,11620,10200,신림동,1686,11620-60,신림동쌍용아파트,,59.26,1,1998,38500,2020-10-10,,,,,,
관악구,11620,10100,봉천동,1717,11620-102,관악푸르지오,,59.58,12,2004,77000,2020-10-06,,,,,,
관악구,11620,10200,신림동,1735-1,11620-4348,관악산휴먼시아1단지,,84.97,14,2008,69500,2020-10-17,,,,,,
관악구,11620,10200,신림동,1735-1,11620-4348,관악산휴먼시아1단지,,59.99,1,2008,58000,2020-10-05,,,,,,
관악구,11620,10200,신림동,1735,11620-4347,관악산휴먼시아2단지,,114.7,3,2008,80000,2020-10-19,,,,,,
관악구,11620,10100,봉천동,1717,11620-102,관악푸르지오,,59.58,11,2004,79000,2020-10-20,,,,,,
관악구,11620,10100,봉천동,1718,11620-95,벽산블루밍,,84.99,19,2005,66000,2020-10-17,,,,,,
관악구,11620,10100,봉천동,1717,11620-102,관악푸르지오,,84.2,21,2004,87700,2020-10-10,,,,,,
관악구,11620,10200,신림동,1433-55,11620-5002,프라비다트라움,,14.06,9,2013,12000,2020-10-20,,,,,,
관악구,11620,10100,봉천동,148-129,11620-112,관악미래가,,129.87,2,2004,68500,2020-10-10,,,,,,
관악구,11620,10100,봉천동,1698-1,11620-14,보라매삼성,,84.84,15,1996,80000,2020-10-17,,,,,,
관악구,11620,10200,신림동,1698,11620-67,태흥,,59.86,6,1995,43500,2020-10-14,,,,,,
관악구,11620,10200,신림동,1730,11620-183,신림푸르지오,,84.79,21,2005,84000,2020-10-07,,,,,,
관악구,11620,10200,신림동,1714,11620-54,삼성산주공(주공3단지),,58.55,12,2000,52000,2020-10-18,,,,,,
관악구,11620,10200,신림동,1703-1,11620-39,LIG대학마을(건영아파트3차),,84.82,15,1996,60000,2020-10-20,,,,,,
관악구,11620,10100,봉천동,1728,11620-5194,관악파크푸르지오,,84.98,2,2014,85000,2020-10-06,,,,,,
관악구,11620,10300,남현동,602-17,11620-5546,다청림라인씨티,,38.53,9,2016,49800,2020-10-15,,,,,,
관악구,11620,10200,신림동,1695,11620-49,동부,,50.57,6,1993,59500,2020-10-03,,,,,,
관악구,11620,10200,신림동,1421-1,11620-5276,신림큐브,,12.96,10,2015,14200,2020-10-19,,,,,,
관악구,11620,10100,봉천동,893-1,11620-5183,프라비다M,,30.01,18,2014,27500,2020-10-16,,,,,,
관악구,11620,10100,봉천동,1703,11620-9,봉천동아,,84.87,6,2000,85000,2020-10-17,,,,,,
관악구,11620,10200,신림동,1735,11620-4347,관악산휴먼시아2단지,,59.99,17,2008,65000,2020-10-14,,,,,,
관악구,11620,10200,신림동,1478-37,11620-108,흥원,,118.8,5,2002,55000,2020-10-12,,,,,,
관악구,11620,10100,봉천동,1712,11620-4,관악드림(동아),,84.96,20,2003,94000,2020-10-05,,,,,,
관악구,11620,10100,봉천동,863-9,11620-4792,코스모블루,,13.09,5,2012,12500,2020-10-16,,,,,,
관악구,11620,10100,봉천동,1707,11620-23,은천1,,84.65,10,2001,75000,2020-10-11,,,,,,
관악구,11620,10200,신림동,1474-6,11620-4875,삼성,,65,5,2012,45000,2020-10-10,,,,,,
관악구,11620,10100,봉천동,1717,11620-102,관악푸르지오,,59.58,16,2004,74000,2020-10-09,,,,,,
관악구,11620,10200,신림동,1703-1,11620-39,LIG대학마을(건영아파트3차),,84.82,15,1996,60000,2020-10-14,O,20.10.19,,,,
관악구,11620,10100,봉천동,1707-1,11620-22,은천2단지아파트,,49.95,3,2000,52000,2020-10-03,,,,,,
관악구,11620,10200,신림동,1730,11620-183,신림푸르지오,,84.79,7,2005,94800,2020-10-13,O,20.11.13,,,,
관악구,11620,10200,신림동,1698,11620-67,태흥,,59.86,12,1995,44500,2020-10-07,,,,,,
관악구,11620,10200,신림동,1730,11620-183,신림푸르지오,,84.79,21,2005,90000,2020-10-10,,,,,,
관악구,11620,10200,신림동,746-43,11620-37,건영1,,60.27,1,1984,57900,2020-10-06,,,,,,
관악구,11620,10100,봉천동,1703,11620-9,봉천동아,,84.87,16,2000,86000,2020-10-06,,,,,,
관악구,11620,10200,신림동,1656,11620-52,라이프미성,,71.31,10,1982,69500,2020-10-05,,,,,,
관악구,11620,10200,신림동,1656,11620-52,라이프미성,,71.31,9,1982,71250,2020-10-07,,,,,,
관악구,11620,10200,신림동,1700,11620-50,라이프,,59.04,15,1996,45000,2020-10-02,,,,,,
서초구,11650,10700,반포동,60-4,11650-172,반포미도,,84.96,3,1987,202000,2020-10-31,,,,,,
서초구,11650,10800,서초동,1445-14,11650-3284,더샵서초,,152.99,6,2006,164000,2020-10-28,,,,,,
서초구,11650,10800,서초동,1311-10,11650-4550,서초푸르지오써밋,,84.95,11,2017,241000,2020-10-30,,,,,,
서초구,11650,10100,방배동,888-53,11650-512,방배자이,,194.92,5,2003,204000,2020-10-30,,,,,,
서초구,11650,10700,반포동,70-1,11650-232,한신서래,,64.53,3,1987,160000,2020-10-30,,,,,,
서초구,11650,10700,반포동,968,11650-209,에이아이디차관주택,,72.51,1,1974,221500,2020-10-30,,,,,,
서초구,11650,10100,방배동,1010-1,11650-342,방배임광3차,,79.8,1,1988,115000,2020-10-30,,,,,,
서초구,11650,10700,반포동,20-43,11650-3500,반포자이,,84.943,15,2009,298000,2020-10-26,,,,,,
서초구,11650,10800,서초동,1312-3,11650-3300,롯데캐슬클래식,,84.98,18,2006,225000,2020-10-31,,,,,,
서초구,11650,10600,잠원동,160,11650-4675,신반포자이,,114.94,15,2018,348500,2020-10-28,,,,,,
서초구,11650,10700,반포동,65-1,11650-160,궁전,,205.22,5,1984,275000,2020-10-28,,,,,,
서초구,11650,10800,서초동,1542-6,11650-601,현대ESA2,,136.25,14,2003,159000,2020-10-29,,,,,,
서초구,11650,10700,반포동,701-31,11650-548,써니힐,,59.12,5,2003,50000,2020-10-30,,,,,,
서초구,11650,10300,우면동,788,11650-3974,호반써밋서초파크,,59.93,19,2013,115000,2020-10-27,,,,,,
서초구,11650,10300,우면동,788,11650-3974,호반써밋서초파크,,59.93,21,2013,107500,2020-10-30,,,,,,
서초구,11650,10100,방배동,999,11650-336,월드빌라트(999),,261.49,1,1994,107300,2020-10-29,,,,,,
서초구,11650,10600,잠원동,73,11650-117,신반포2,,68.91,6,1978,212000,2020-10-28,,,,,,
서초구,11650,10700,반포동,968,11650-209,에이아이디차관주택,,72.51,4,1974,222000,2020-10-27,,,,,,
서초구,11650,10700,반포동,18-1,11650-3559,래미안퍼스티지,,59.96,26,2009,230000,2020-10-27,,,,,,
서초구,11650,10600,잠원동,60-3,11650-129,신반포8,,52.74,3,1981,180000,2020-10-29,,,,,,
서초구,11650,10100,방배동,849-30,11650-3548,방배롯데캐슬로제,,204.41,4,2009,278000,2020-10-31,,,,,,
서초구,11650,10600,잠원동,70,11650-125,신반포4,,105.89,6,1979,268000,2020-10-25,,,,,,
서초구,11650,10800,서초동,1456-2,11650-3257,경남아너스빌201동,,84.95,10,2006,170000,2020-10-26,,,,,,
서초구,11650,10800,서초동,1685,11650-28,삼풍아파트,,130.73,10,1988,240000,2020-10-29,,,,,,
서초구,11650,10700,반포동,20-43,11650-3500,반포자이,,84.982,14,2009,276500,2020-10-29,,,,,,
서초구,11650,10800,서초동,1617-26,11650-603,서초드림하이츠,,97.98,2,2003,93500,2020-10-30,,,,,,
서초구,11650,10700,반포동,2-12,11650-4440,아크로리버파크,,59.97,4,2016,224000,2020-10-28,,,,,,
서초구,11650,10700,반포동,18-1,11650-3559,래미안퍼스티지,,84.93,17,2009,322000,2020-10-25,,,,,,
서초구,11650,10300,우면동,753,11650-3963,서초호반써밋,,101.0482,4,2013,163000,2020-10-21,,,,,,
서초구,11650,10100,방배동,797-30,11650-3281,방배3차e-편한세상,,198.5315,13,2006,271500,2020-10-23,,,,,,
서초구,11650,10600,잠원동,54-7,11650-132,신화,,57.33,16,1997,140000,2020-10-26,,,,,,
서초구,11650,10200,양재동,378-1,11650-458,힐하우스,,163.98,6,1998,118000,2020-10-27,,,,,,
서초구,11650,10700,반포동,968,11650-209,에이아이디차관주택,,72.51,5,1974,235000,2020-10-27,,,,,,
서초구,11650,10600,잠원동,70,11650-125,신반포4,,137.1,11,1979,296000,2020-10-22,,,,,,
서초구,11650,10600,잠원동,158,11650-4439,래미안신반포팰리스,,133.06,4,2016,300000,2020-10-26,,,,,,
서초구,11650,10800,서초동,1684,11650-30,서초4현대,,52.36,7,2000,120000,2020-10-24,,,,,,
서초구,11650,10300,우면동,67,11650-483,한라,,59.98,3,1994,98000,2020-10-27,,,,,,
서초구,11650,10600,잠원동,60-3,11650-129,신반포8,,52.74,8,1981,188000,2020-10-24,,,,,,
서초구,11650,10800,서초동,1311-10,11650-4550,서초푸르지오써밋,,120.98,12,2017,305000,2020-10-22,,,,,,
서초구,11650,10800,서초동,1582-3,11650-4827,서초센트럴IPARK,,80.5154,24,2020,126000,2020-10-23,,,,,,
서초구,11650,10800,서초동,1454-29,11650-43,서초한신,,84.99,4,2001,158000,2020-10-21,,,,,,
서초구,11650,10700,반포동,20-43,11650-3500,반포자이,,59.971,6,2009,215000,2020-10-28,,,,,,
서초구,11650,10100,방배동,847-34,11650-399,방배대우유로카운티,,216.15,7,2002,299500,2020-10-21,,,,,,
서초구,11650,10700,반포동,16-6,11650-3687,반포힐스테이트,,155.38,18,2012,370000,2020-10-22,,,,,,
서초구,11650,10100,방배동,2233,11650-732,방배3차현대홈타운,,122.825,3,2004,188000,2020-10-26,,,,,,
서초구,11650,10800,서초동,1685,11650-28,삼풍아파트,,79.47,10,1988,212000,2020-10-31,,,,,,
서초구,11650,10800,서초동,1364-51,11650-63,장미아파트,,123.53,3,2001,95000,2020-10-30,,,,,,
서초구,11650,10600,잠원동,53-15,11650-97,강변,,66.29,10,1987,172500,2020-10-24,,,,,,
서초구,11650,10700,반포동,2-12,11650-4440,아크로리버파크,,84.95,13,2016,366000,2020-10-30,,,,,,
서초구,11650,10100,방배동,923-6,11650-3358,방배아크로타워,,84.45,10,2007,110000,2020-10-18,,,,,,
서초구,11650,10600,잠원동,60-3,11650-129,신반포8,,52.74,4,1981,140000,2020-10-20,,,,,,
서초구,11650,10600,잠원동,60-3,11650-129,신반포8,,52.74,10,1981,155000,2020-10-20,,,,,,
서초구,11650,10700,반포동,60-4,11650-172,반포미도,,84.96,8,1987,204000,2020-10-21,,,,,,
서초구,11650,10600,잠원동,157,11650-102,동아,,84.91,11,2002,224000,2020-10-24,,,,,,
서초구,11650,10600,잠원동,158,11650-4439,래미안신반포팰리스,,84.46,27,2016,251000,2020-10-26,,,,,,
서초구,11650,10800,서초동,1332-13,11650-4470,래미안서초에스티지,,83.6,17,2016,235000,2020-10-21,,,,,,
서초구,11650,10800,서초동,1508-39,11650-1,갤러리하우스,,121.03,1,2001,110000,2020-10-20,,,,,,
서초구,11650,10800,서초동,1344-13,11650-3238,서초트라팰리스,,81.76,12,2005,140000,2020-10-30,,,,,,
서초구,11650,10700,반포동,18-1,11650-3559,래미안퍼스티지,,84.93,22,2009,310000,2020-10-31,,,,,,
서초구,11650,10700,반포동,18-1,11650-3559,래미안퍼스티지,,59.96,21,2009,232000,2020-10-24,,,,,,
서초구,11650,10600,잠원동,157,11650-102,동아,,59.8,1,2002,170000,2020-10-17,,,,,,
서초구,11650,10700,반포동,20-43,11650-3500,반포자이,,165.446,11,2009,397500,2020-10-17,,,,,,
서초구,11650,10700,반포동,551-42,11650-3212,효성빌라26동,,181.55,5,2005,185000,2020-10-22,,,,,,
서초구,11650,10800,서초동,1344-13,11650-3238,서초트라팰리스,,134.78,13,2005,175000,2020-10-31,,,,,,
서초구,11650,10100,방배동,459-1,11650-635,현대아르빌,,84.97,2,2004,130000,2020-10-29,,,,,,
서초구,11650,10800,서초동,1445-13,11650-3276,서초쌍용플래티넘,,68.21,13,2006,82500,2020-10-26,,,,,,
서초구,11650,10700,반포동,82-7,11650-831,APELBAUM,,180.93,3,2005,192000,2020-10-17,,,,,,
서초구,11650,10700,반포동,757,11650-175,반포주공1단지,,106.26,3,1973,350000,2020-10-26,,,,,,
서초구,11650,10700,반포동,712-19,11650-549,반포훼미리(102동),,71.88,8,2003,119000,2020-10-22,,,,,,
서초구,11650,10800,서초동,1510-15,11650-716,서초화원그랑빌,,82.18,7,2002,98000,2020-10-31,,,,,,
서초구,11650,10800,서초동,1685,11650-28,삼풍아파트,,79.47,15,1988,193000,2020-10-24,,,,,,
서초구,11650,10600,잠원동,158,11650-4439,래미안신반포팰리스,,133.06,4,2016,300000,2020-10-15,O,20.11.19,,,,
서초구,11650,10700,반포동,1341,11650-4678,반포래미안아이파크,,99.92,21,2018,295000,2020-10-24,,,,,,
서초구,11650,10800,서초동,1685-3,11650-724,아크로비스타,,149.08,17,2004,210000,2020-10-16,,,,,,
서초구,11650,10600,잠원동,162,11650-4805,반포센트럴자이,,84.95,29,2020,298000,2020-10-16,,,,,,
서초구,11650,10700,반포동,2-12,11650-4440,아크로리버파크,,112.98,30,2016,433000,2020-10-16,,,,,,
서초구,11650,10100,방배동,988-1,11650-322,신동아,,105.86,15,1981,190000,2020-10-30,,,,,,
서초구,11650,10700,반포동,968,11650-209,에이아이디차관주택,,72.51,3,1974,230000,2020-10-19,,,,,,
서초구,11650,10700,반포동,18-1,11650-3559,래미안퍼스티지,,59.96,3,2009,225000,2020-10-22,,,,,,
서초구,11650,10600,잠원동,157,11650-102,동아,,59.8,13,2002,188000,2020-10-13,,,,,,
서초구,11650,10800,서초동,1337-22,11650-3218,서초동대우디오빌프라임,,57.88,11,2005,83000,2020-10-22,,,,,,
서초구,11650,10800,서초동,1686-9,11650-3579,서초교대e편한세상,,59.9,7,2010,172000,2020-10-31,,,,,,
서초구,11650,10800,서초동,1593-7,11650-521,서초이오빌,,43.2,9,2003,35000,2020-10-15,,,,,,
서초구,11650,10800,서초동,1315,11650-66,진흥아파트,,101.32,10,1979,220000,2020-10-18,,,,,,
서초구,11650,10100,방배동,978-2,11650-3247,프라하임1차,,100.65,4,2006,78000,2020-10-27,,,,,,
서초구,11650,10100,방배동,1008-2,11650-658,래미안방배아트힐(1008-2),,127.61,16,2004,192500,2020-10-15,,,,,,
서초구,11650,10700,반포동,20-43,11650-3500,반포자이,,165.052,1,2009,357500,2020-10-24,,,,,,
서초구,11650,10300,우면동,735,11650-3703,서초네이처힐7단지,,59.99,10,2011,114500,2020-10-17,,,,,,
서초구,11650,10100,방배동,1008-2,11650-658,래미안방배아트힐(1008-2),,114.09,7,2004,184000,2020-10-23,,,,,,
서초구,11650,10800,서초동,1642-14,11650-37,서초롯데캐슬84,,208.63,16,2001,220000,2020-10-22,,,,,,
서초구,11650,10300,우면동,789,11650-3976,호반써밋서초파크뷰(토지임대부아파트),,84.99,15,2013,124000,2020-10-12,,,,,,
서초구,11650,10600,잠원동,157,11650-102,동아,,84.91,9,2002,206000,2020-10-24,,,,,,
서초구,11650,10700,반포동,2-12,11650-4440,아크로리버파크,,59.97,7,2016,257000,2020-10-17,,,,,,
서초구,11650,10800,서초동,1491-31,11650-713,상지리츠빌(6),,143.78,4,2004,161000,2020-10-22,,,,,,
서초구,11650,10700,반포동,20-43,11650-3500,반포자이,,84.982,26,2009,289000,2020-10-17,,,,,,
서초구,11650,10100,방배동,2525,11650-331,방배우성,,117.19,8,1991,185000,2020-10-14,,,,,,
서초구,11650,10700,반포동,757,11650-175,반포주공1단지,,104.89,2,1973,340000,2020-10-19,O,20.11.10,,,,
서초구,11650,10800,서초동,1671-5,11650-605,대림서초리시온,,40.26,10,2003,41700,2020-10-26,,,,,,
서초구,11650,10700,반포동,65-1,11650-160,궁전,,117.11,9,1984,215000,2020-10-20,,,,,,
서초구,11650,10700,반포동,70-1,11650-232,한신서래,,137.47,2,1987,208000,2020-10-13,,,,,,
서초구,11650,10700,반포동,18-1,11650-3559,래미안퍼스티지,,59.89,6,2009,230000,2020-10-19,,,,,,
서초구,11650,10800,서초동,1487-63,11650-708,서초1차e-편한세상,,130.53,7,2004,204000,2020-10-27,,,,,,
서초구,11650,10800,서초동,1533,11650-44,서초한신리빙타워,,47.87,4,1999,46500,2020-10-12,,,,,,
서초구,11650,10600,잠원동,60-3,11650-129,신반포8,,54.8,9,1981,183500,2020-10-23,,,,,,
서초구,11650,10600,잠원동,56-3,11650-145,한신,,84.52,9,1992,205000,2020-10-19,,,,,,
서초구,11650,10800,서초동,1311-10,11650-4550,서초푸르지오써밋,,59.92,19,2017,206500,2020-10-25,,,,,,
서초구,11650,10700,반포동,112-15,11650-3344,반포에스케이뷰,,207.24,9,2006,262500,2020-10-12,,,,,,
서초구,11650,10600,잠원동,58-16,11650-108,신반포10,,54.11,10,1981,179000,2020-10-24,,,,,,
서초구,11650,10700,반포동,30-26,11650-3617,반포리체,,84.967,8,2010,265000,2020-10-14,,,,,,
서초구,11650,10800,서초동,1686-9,11650-3579,서초교대e편한세상,,59.9,6,2010,170000,2020-10-20,,,,,,
서초구,11650,10700,반포동,2-12,11650-4440,아크로리버파크,,112.96,16,2016,380000,2020-10-24,,,,,,
서초구,11650,10800,서초동,1671-5,11650-605,대림서초리시온,,49.92,4,2003,48500,2020-10-24,,,,,,
서초구,11650,10800,서초동,1327-29,11650-3235,서초파라곤,,109.73,12,2005,140000,2020-10-28,,,,,,
서초구,11650,10600,잠원동,49-17,11650-115,신반포18(49-17),,51.63,1,1983,130000,2020-10-14,,,,,,
서초구,11650,10600,잠원동,162,11650-4805,반포센트럴자이,,84.98,20,2020,298000,2020-10-09,,,,,,
서초구,11650,10600,잠원동,162,11650-4805,반포센트럴자이,,98.99,3,2020,325000,2020-10-13,O,20.11.06,,,,
서초구,11650,10100,방배동,3275,11650-659,동부센트레빌,,134.04,1,2004,184000,2020-10-20,,,,,,
서초구,11650,10600,잠원동,50-5,11650-110,신반포12,,55.45,11,1982,142700,2020-10-16,,,,,,
서초구,11650,10300,우면동,773,11650-3821,서초힐스,,84.97,16,2012,153500,2020-10-09,,,,,,
서초구,11650,10700,반포동,20-43,11650-3500,반포자이,,84.998,22,2009,270000,2020-10-27,,,,,,
서초구,11650,10800,서초동,1330-16,11650-32,서초나산스위트,,151.53,13,1996,115000,2020-10-23,,,,,,
서초구,11650,10600,잠원동,159,11650-4676,아크로리버뷰신반포,,78.48,8,2018,265000,2020-10-22,,,,,,
서초구,11650,10100,방배동,2233,11650-732,방배3차현대홈타운,,120.915,7,2004,185000,2020-10-21,,,,,,
서초구,11650,10600,잠원동,157,11650-102,동아,,84.91,3,2002,207000,2020-10-09,,,,,,
서초구,11650,10200,양재동,122-2,11650-667,메르디안하우스,,206.12,2,2001,170000,2020-10-14,,,,,,
서초구,11650,10100,방배동,930-1,11650-569,방배브라운가,,124.67,11,2006,163000,2020-10-10,,,,,,
서초구,11650,10700,반포동,54-5,11650-168,반포두산힐스빌,,47.84,4,2001,92300,2020-10-15,,,,,,
서초구,11650,10700,반포동,2-12,11650-4440,아크로리버파크,,154.97,11,2016,535000,2020-10-13,,,,,,
서초구,11650,10600,잠원동,42-13,11650-101,대우아이빌,,27.07,2,2001,43000,2020-10-19,,,,,,
서초구,11650,10300,우면동,59,11650-480,동고,,84.96,1,1995,111800,2020-10-10,,,,,,
서초구,11650,10100,방배동,1344,11650-290,방배1차현대홈타운,,59.94,6,1999,148000,2020-10-23,,,,,,
서초구,11650,10100,방배동,906-13,11650-3573,서리풀e편한세상,,84.97,6,2010,217000,2020-10-14,,,,,,
서초구,11650,10800,서초동,1685-3,11650-724,아크로비스타,,205.07,7,2004,258000,2020-10-16,,,,,,
서초구,11650,10800,서초동,1326-17,11650-60,우성아파트,,59.93,14,1998,140000,2020-10-23,,,,,,
서초구,11650,10700,반포동,968,11650-209,에이아이디차관주택,,72.51,2,1974,223000,2020-10-16,,,,,,
서초구,11650,10800,서초동,1685-3,11650-724,아크로비스타,,138.96,3,2004,202000,2020-10-13,,,,,,
서초구,11650,10600,잠원동,60-3,11650-129,신반포8,,52.74,6,1981,180000,2020-10-06,,,,,,
서초구,11650,10700,반포동,968,11650-209,에이아이디차관주택,,72.51,2,1974,220000,2020-10-17,,,,,,
서초구,11650,10800,서초동,1685-3,11650-724,아크로비스타,,205.07,35,2004,330000,2020-10-13,,,,,,
서초구,11650,10800,서초동,1467-37,11650-3224,서초3차e편한세상,,158.24,4,2005,189000,2020-10-09,,,,,,
서초구,11650,10700,반포동,18-1,11650-3559,래미안퍼스티지,,169.31,17,2009,427000,2020-10-14,,,,,,
서초구,11650,10600,잠원동,58-24,11650-109,신반포11,,76.4,9,1981,229000,2020-10-27,O,20.12.16,,,,
서초구,11650,10600,잠원동,157,11650-102,동아,,84.91,10,2002,218000,2020-10-16,,,,,,
서초구,11650,10800,서초동,1316-15,11650-700,현대성우주상복합아파트,,169.32,6,2002,158000,2020-10-24,,,,,,
서초구,11650,10300,우면동,57,11650-479,대림,,130.89,8,1995,150000,2020-10-07,,,,,,
서초구,11650,10100,방배동,1-119,11650-758,프레스턴(1-119),,216.25,2,2005,208000,2020-10-05,,,,,,
서초구,11650,10800,서초동,1338-1,11650-701,풍림아이원플러스,,35.903,11,2004,37200,2020-10-24,,,,,,
서초구,11650,10800,서초동,1754,11650-4622,래미안서초에스티지S,,84.8,2,2018,225000,2020-10-10,,,,,,
서초구,11650,10600,잠원동,50,11650-155,롯데캐슬갤럭시,,133.41,9,2002,262000,2020-10-09,,,,,,
서초구,11650,10800,서초동,1446-11,11650-519,현대슈퍼빌,,153.93,7,2003,185000,2020-10-09,,,,,,
서초구,11650,10700,반포동,18-1,11650-3559,래미안퍼스티지,,59.96,16,2009,240000,2020-10-13,,,,,,
서초구,11650,10600,잠원동,58-24,11650-109,신반포11,,76.4,4,1981,225000,2020-10-16,,,,,,
서초구,11650,10600,잠원동,33-11,11650-135,월드메르디앙,,116.42,13,2002,175000,2020-10-30,,,,,,
서초구,11650,10700,반포동,60-4,11650-172,반포미도,,84.96,3,1987,199000,2020-10-16,,,,,,
서초구,11650,10800,서초동,1641-1,11650-24,서초삼성래미안,,121.66,10,2001,187000,2020-10-18,,,,,,
서초구,11650,10100,방배동,797-30,11650-3281,방배3차e-편한세상,,198.5315,12,2006,265000,2020-10-15,,,,,,
서초구,11650,10600,잠원동,73,11650-117,신반포2,,92.2,5,1978,240000,2020-10-17,,,,,,
서초구,11650,11100,신원동,568,11650-4040,서초포레스타3단지,,114.39,4,2014,165000,2020-10-21,,,,,,
서초구,11650,10300,우면동,788,11650-3974,호반써밋서초파크,,59.93,23,2013,71000,2020-10-30,O,22.02.11,,,,
서초구,11650,10800,서초동,1588-5,11650-4779,디아레나서초,,17.35,5,2020,26800,2020-10-25,,,,,,
서초구,11650,10300,우면동,788,11650-3974,호반써밋서초파크,,51.89,7,2013,57600,2020-10-30,O,22.02.11,,,,
서초구,11650,10300,우면동,788,11650-3974,호반써밋서초파크,,51.89,1,2013,52650,2020-10-30,O,22.02.11,,,,
서초구,11650,10800,서초동,1671-5,11650-605,대림서초리시온,,49.92,3,2003,44000,2020-10-17,,,,,,
서초구,11650,10100,방배동,843-10,11650-733,상지리츠빌6차,,111.36,3,2004,140000,2020-10-14,,,,,,
서초구,11650,10800,서초동,1685,11650-28,삼풍아파트,,165.92,14,1988,300000,2020-10-07,,,,,,
서초구,11650,10800,서초동,1338-1,11650-701,풍림아이원플러스,,35.903,9,2004,33800,2020-10-29,,,,,,
서초구,11650,10800,서초동,1332-13,11650-4470,래미안서초에스티지,,101.55,27,2016,277500,2020-10-10,,,,,,
서초구,11650,10800,서초동,1754,11650-4622,래미안서초에스티지S,,84.8,11,2018,235000,2020-10-17,,,,,,
서초구,11650,10700,반포동,30-26,11650-3617,반포리체,,59.993,34,2010,220000,2020-10-05,,,,,,
서초구,11650,10700,반포동,20-43,11650-3500,반포자이,,84.943,26,2009,285000,2020-10-12,,,,,,
서초구,11650,10100,방배동,770-1,11650-309,삼호1동~3동,,81.39,10,1975,138000,2020-10-21,,,,,,
서초구,11650,10100,방배동,754-1,11650-3317,롯데캐슬헤론,,168.81,25,2006,185000,2020-10-09,,,,,,
서초구,11650,10600,잠원동,73,11650-117,신반포2,,79.42,12,1978,212000,2020-10-25,,,,,,
서초구,11650,10300,우면동,788,11650-3974,호반써밋서초파크,,51.89,14,2013,103000,2020-10-07,,,,,,
서초구,11650,10800,서초동,1333,11650-53,신동아아파트(1차),,86.61,8,1978,171500,2020-10-06,,,,,,
서초구,11650,10700,반포동,968,11650-209,에이아이디차관주택,,72.51,2,1974,214000,2020-10-15,,,,,,
서초구,11650,10700,반포동,18-1,11650-3559,래미안퍼스티지,,135.92,7,2009,425000,2020-10-20,,,,,,
서초구,11650,10300,우면동,788,11650-3974,호반써밋서초파크,,59.93,11,2013,70700,2020-10-27,O,22.02.11,,,,
서초구,11650,10300,우면동,788,11650-3974,호반써밋서초파크,,59.93,21,2013,71000,2020-10-27,O,22.02.11,,,,
서초구,11650,10300,우면동,788,11650-3974,호반써밋서초파크,,59.93,5,2013,68900,2020-10-27,O,22.02.11,,,,
서초구,11650,10800,서초동,1451-89,11650-3944,서초중흥S-클래스(도시형생활주택),,18.27,8,2013,18000,2020-10-27,,,,,,
서초구,11650,11100,신원동,619,11650-4140,서초포레스타6단지,,59.98,7,2015,130000,2020-10-17,,,,,,
서초구,11650,10800,서초동,1445-14,11650-3284,더샵서초,,136.02,7,2006,190000,2020-10-19,O,20.12.10,,,,
서초구,11650,10700,반포동,2-12,11650-4440,아크로리버파크,,84.97,8,2016,330000,2020-10-17,,,,,,
서초구,11650,10800,서초동,1364-51,11650-63,장미아파트,,84.96,2,2001,85000,2020-10-12,,,,,,
서초구,11650,10100,방배동,980-41,11650-405,강남아트빌,,96.28,5,2002,111000,2020-10-21,,,,,,
서초구,11650,10600,잠원동,73,11650-117,신반포2,,79.42,4,1978,218000,2020-10-22,,,,,,
서초구,11650,10700,반포동,2-12,11650-4440,아크로리버파크,,129.92,12,2016,427000,2020-10-20,,,,,,
서초구,11650,10800,서초동,1444-7,11650-3272,서초자이,,133.47,15,2006,195000,2020-10-21,,,,,,
서초구,11650,10100,방배동,866-20,11650-3191,방배대우디오빌,,29.6,20,2005,36500,2020-10-23,,,,,,
서초구,11650,10300,우면동,788,11650-3974,호반써밋서초파크,,51.89,17,2013,58350,2020-10-26,O,22.02.11,,,,
서초구,11650,10600,잠원동,73,11650-117,신반포2,,79.42,6,1978,215000,2020-10-19,,,,,,
서초구,11650,10200,양재동,90,11650-461,신영체르니,,39.1,2,2002,50000,2020-10-13,,,,,,
서초구,11650,10700,반포동,968,11650-209,에이아이디차관주택,,72.51,1,1974,220000,2020-10-22,,,,,,
서초구,11650,10700,반포동,20-43,11650-3500,반포자이,,132.439,19,2009,347000,2020-10-08,,,,,,
서초구,11650,10600,잠원동,157,11650-102,동아,,84.91,5,2002,212000,2020-10-07,,,,,,
서초구,11650,10100,방배동,1030-1,11650-315,삼호한숲,,84.87,10,1998,142700,2020-10-04,,,,,,
서초구,11650,10700,반포동,968,11650-209,에이아이디차관주택,,72.51,1,1974,222000,2020-10-19,,,,,,
서초구,11650,10300,우면동,788,11650-3974,호반써밋서초파크,,59.93,21,2013,71000,2020-10-23,O,22.02.11,,,,
서초구,11650,10600,잠원동,157,11650-102,동아,,84.91,12,2002,217000,2020-10-05,,,,,,
서초구,11650,10600,잠원동,73,11650-117,신반포2,,79.42,9,1978,215500,2020-10-10,,,,,,
서초구,11650,10800,서초동,1671-5,11650-605,대림서초리시온,,49.92,3,2003,51000,2020-10-20,,,,,,
서초구,11650,10700,반포동,54-5,11650-168,반포두산힐스빌,,58.7,1,2001,99000,2020-10-10,,,,,,
서초구,11650,10300,우면동,788,11650-3974,호반써밋서초파크,,51.89,5,2013,95000,2020-10-12,,,,,,
서초구,11650,10100,방배동,1008-2,11650-658,래미안방배아트힐(1008-2),,114.18,7,2004,178000,2020-10-12,,,,,,
서초구,11650,10800,서초동,1687,11650-62,유원서초,,84.82,8,1993,176000,2020-10-05,,,,,,
서초구,11650,10800,서초동,1444-7,11650-3272,서초자이,,133.47,2,2006,178500,2020-10-13,,,,,,
서초구,11650,10800,서초동,1560-9,11650-3309,서초우방유쉘,,116.04,5,2006,138500,2020-10-14,,,,,,
서초구,11650,10300,우면동,788,11650-3974,호반써밋서초파크,,51.89,21,2013,58100,2020-10-21,O,22.02.11,,,,
서초구,11650,10300,우면동,788,11650-3974,호반써밋서초파크,,59.93,8,2013,70100,2020-10-21,O,22.02.11,,,,
서초구,11650,10200,양재동,352-7,11650-466,마로니에,,84.48,1,2002,54000,2020-10-10,,,,,,
서초구,11650,10600,잠원동,73,11650-117,신반포2,,92.2,8,1978,236000,2020-10-08,,,,,,
서초구,11650,10600,잠원동,60-3,11650-129,신반포8,,52.74,10,1981,185000,2020-10-05,,,,,,
서초구,11650,10300,우면동,788,11650-3974,호반써밋서초파크,,59.93,19,2013,71000,2020-10-20,O,22.02.11,,,,
서초구,11650,10300,우면동,788,11650-3974,호반써밋서초파크,,51.89,16,2013,58350,2020-10-20,O,22.02.11,,,,
서초구,11650,10600,잠원동,73,11650-117,신반포2,,93.71,8,1978,240000,2020-10-18,,,,,,
서초구,11650,10800,서초동,1327-23,11650-4087,강남아르젠,,27.64,9,2014,42000,2020-10-17,,,,,,
서초구,11650,10800,서초동,1445-4,11650-518,래미안서초유니빌,,58.601,17,2003,65000,2020-10-12,,,,,,
서초구,11650,10600,잠원동,42-13,11650-101,대우아이빌,,35.38,6,2001,59400,2020-10-09,,,,,,
서초구,11650,10200,양재동,402-15,11650-680,휴먼씨티,,59.75,6,2001,45000,2020-10-16,,,,,,
서초구,11650,10600,잠원동,63-2,11650-141,신반포청구,,59.91,15,1998,178500,2020-10-04,,,,,,
서초구,11650,10300,우면동,788,11650-3974,호반써밋서초파크,,59.93,20,2013,71000,2020-10-16,O,22.02.11,,,,
서초구,11650,10600,잠원동,73,11650-117,신반포2,,137.66,3,1978,325000,2020-10-15,,,,,,
서초구,11650,11100,신원동,557,11650-4103,힐스테이트서초젠트리스,,84.95,1,2014,155000,2020-10-06,,,,,,
서초구,11650,10800,서초동,1593-7,11650-521,서초이오빌,,43.2,12,2003,34500,2020-10-15,,,,,,
서초구,11650,10800,서초동,1330,11650-608,서초동삼성쉐르빌2,,35.22,18,2002,32100,2020-10-06,,,,,,
서초구,11650,11100,신원동,568,11650-4040,서초포레스타3단지,,114.81,4,2014,165000,2020-10-05,,,,,,
서초구,11650,10800,서초동,1445-14,11650-3284,더샵서초,,30.39,26,2006,54000,2020-10-06,,,,,,
서초구,11650,10800,서초동,1445-14,11650-3284,더샵서초,,152.95,25,2006,195000,2020-10-06,,,,,,
서초구,11650,10300,우면동,717,11650-3864,서초네이처힐3단지,,114.79,18,2013,170000,2020-10-08,,,,,,
서초구,11650,10700,반포동,30-26,11650-3617,반포리체,,84.967,35,2010,240000,2020-10-12,,,,,,
서초구,11650,10300,우면동,788,11650-3974,호반써밋서초파크,,51.89,17,2013,58350,2020-10-12,O,22.02.11,,,,
서초구,11650,10100,방배동,923-6,11650-3358,방배아크로타워,,62.58,8,2007,80000,2020-10-08,,,,,,
서초구,11650,10100,방배동,2001,11650-380,방배2차현대홈타운,,59.86,15,2001,140000,2020-10-05,,,,,,
서초구,11650,10700,반포동,54-5,11650-168,반포두산힐스빌,,47.84,5,2001,78000,2020-10-08,,,,,,
서초구,11650,10300,우면동,788,11650-3974,호반써밋서초파크,,51.89,14,2013,58350,2020-10-07,O,22.02.11,,,,
서초구,11650,10300,우면동,788,11650-3974,호반써밋서초파크,,59.93,2,2013,66200,2020-10-07,O,22.02.11,,,,
서초구,11650,10800,서초동,1451-89,11650-3944,서초중흥S-클래스(도시형생활주택),,18.67,8,2013,15000,2020-10-05,,,,,,
서초구,11650,10300,우면동,788,11650-3974,호반써밋서초파크,,51.89,2,2013,54450,2020-10-05,O,22.02.11,,,,
강남구,11680,10300,개포동,1282,11680-4929,개포래미안포레스트,,59.92,10,2020,188200,2020-10-10,,,,,,
강남구,11680,10800,논현동,44-6,11680-439,은탑리더스카운티,,81.61,5,2003,102000,2020-10-21,,,,,,
강남구,11680,10400,청담동,106-17,11680-23,강변상지리츠빌,,171.79,11,2001,307000,2020-10-26,,,,,,
강남구,11680,10500,삼성동,52-9,11680-513,삼성리치빌1,,84.98,3,2003,149900,2020-10-06,,,,,,
강남구,11680,10100,역삼동,667-1,11680-491,역삼동골든베리힐,,112.91,6,2004,93000,2020-10-24,,,,,,
강남구,11680,11800,도곡동,967,11680-320,경남,,59.76,16,2005,149000,2020-10-29,,,,,,
강남구,11680,10300,개포동,12,11680-280,성원대치2단지아파트,,39.53,11,1992,119500,2020-10-27,,,,,,
강남구,11680,10500,삼성동,6,11680-197,현대아파트101동,,32.61,11,1999,88000,2020-10-31,,,,,,
강남구,11680,11000,압구정동,486,11680-381,한양4,,101.09,2,1978,233000,2020-10-31,,,,,,
강남구,11680,11400,일원동,615,11680-306,우성7,,83.69,5,1987,205000,2020-10-30,,,,,,
강남구,11680,10300,개포동,1280,11680-4800,래미안블레스티지,,59.967,5,2019,184000,2020-10-31,,,,,,
강남구,11680,11200,자곡동,618,11680-4341,강남브리즈힐(토지임대부아파트),,84.29,6,2014,112000,2020-10-31,,,,,,
강남구,11680,10800,논현동,43-3,11680-695,브라운스톤,,242.57,3,2005,203000,2020-10-31,,,,,,
강남구,11680,11000,압구정동,414,11680-385,미성1차,,105.62,4,1982,234000,2020-10-26,,,,,,
강남구,11680,11000,압구정동,443,11680-417,현대3차(61~64동),,82.5,2,1976,232000,2020-10-28,,,,,,
강남구,11680,11800,도곡동,467-19,11680-354,현대비젼21,,32.65,19,1999,37500,2020-10-28,,,,,,
강남구,11680,11800,도곡동,462,11680-326,럭키(462),,79.89,3,1986,163500,2020-10-24,,,,,,
강남구,11680,11000,압구정동,443,11680-417,현대3차(61~64동),,82.5,1,1976,210000,2020-10-28,,,,,,
강남구,11680,11000,압구정동,456,11680-421,"현대7차(73~77,82,85동)",,245.2,9,1979,670000,2020-10-27,,,,,,
강남구,11680,10100,역삼동,706-20,11680-249,한화진넥스빌,,43.58,6,2001,45500,2020-10-26,,,,,,
강남구,11680,10100,역삼동,706-20,11680-249,한화진넥스빌,,43.58,25,2001,42700,2020-10-26,,,,,,
강남구,11680,11400,일원동,719,11680-308,푸른마을아파트101동~111동,,59.76,6,1994,142000,2020-10-31,,,,,,
강남구,11680,11800,도곡동,467,11680-364,타워팰리스1,,84.16,22,2002,222000,2020-10-29,,,,,,
강남구,11680,11000,압구정동,528,11680-384,한양7,,106.22,10,1981,269000,2020-10-30,,,,,,
강남구,11680,10300,개포동,1280,11680-4800,래미안블레스티지,,99.991,10,2019,299000,2020-10-25,,,,,,
강남구,11680,10100,역삼동,761-10,11680-236,대림역삼,,59.66,16,1997,155000,2020-10-22,,,,,,
강남구,11680,11200,자곡동,602,11680-4332,강남자곡아이파크,,84.92,9,2014,174000,2020-10-29,,,,,,
강남구,11680,10300,개포동,1280,11680-4800,래미안블레스티지,,99.967,3,2019,296500,2020-10-24,,,,,,
강남구,11680,11000,압구정동,426,11680-423,신현대9차,,108.88,3,1982,265000,2020-10-22,,,,,,
강남구,11680,10100,역삼동,716,11680-237,동부센트레빌,,59.82,8,1998,158000,2020-10-23,,,,,,
강남구,11680,10700,신사동,632,11680-549,압구정하이츠파크,,213.05,14,2004,445000,2020-10-24,,,,,,
강남구,11680,10300,개포동,12,11680-280,성원대치2단지아파트,,33.18,10,1992,99000,2020-10-22,,,,,,
강남구,11680,10300,개포동,12,11680-280,성원대치2단지아파트,,49.86,7,1992,138950,2020-10-31,,,,,,
강남구,11680,11800,도곡동,467-29,11680-470,타워팰리스3,,185.622,66,2004,380000,2020-10-27,,,,,,
강남구,11680,10100,역삼동,727-2,11680-4036,대명벨리온,,30.522,6,2012,28000,2020-10-26,,,,,,
강남구,11680,11000,압구정동,433,11680-425,신현대11차,,183.41,13,1983,464000,2020-10-24,,,,,,
강남구,11680,11800,도곡동,467-18,11680-341,우성캐릭터빌,,158.28,17,1998,170000,2020-10-27,,,,,,
강남구,11680,10300,개포동,12,11680-280,성원대치2단지아파트,,49.86,1,1992,129500,2020-10-26,,,,,,
강남구,11680,10800,논현동,22,11680-109,신동아(22),,35.73,13,1997,90000,2020-10-29,,,,,,
강남구,11680,11800,도곡동,934-10,11680-339,도곡우성아파트,,84.83,9,1986,177000,2020-10-25,,,,,,
강남구,11680,11500,수서동,746,11680-314,까치마을,,39.6,15,1993,100000,2020-10-21,,,,,,
강남구,11680,10800,논현동,44-6,11680-439,은탑리더스카운티,,81.61,5,2003,102000,2020-10-21,O,21.03.29,,,,
강남구,11680,10300,개포동,1280,11680-4800,래미안블레스티지,,84.943,14,2019,270000,2020-10-27,,,,,,
강남구,11680,11400,일원동,718,11680-304,샘터마을,,101.97,5,1994,194000,2020-10-27,,,,,,
강남구,11680,11000,압구정동,397,11680-20,미성2차,,74.4,6,1987,227000,2020-10-15,,,,,,
강남구,11680,10800,논현동,22,11680-109,신동아(22),,114.34,10,1997,185000,2020-10-21,,,,,,
강남구,11680,11000,압구정동,426,11680-423,신현대9차,,108.88,9,1982,277000,2020-10-23,,,,,,
강남구,11680,10500,삼성동,33-24,11680-3578,대우멤버스카운티301,,142.31,1,2005,180000,2020-10-26,,,,,,
강남구,11680,10300,개포동,1280,11680-4800,래미안블레스티지,,59.967,18,2019,195000,2020-10-27,,,,,,
강남구,11680,11800,도곡동,963,11680-327,럭키(963),,84.97,3,1995,175000,2020-10-28,,,,,,
강남구,11680,11800,도곡동,967,11680-320,경남,,59.76,16,2005,149000,2020-10-29,O,20.12.16,,,,
강남구,11680,10800,논현동,245,11680-473,동양파라곤,,160.33,3,2004,260000,2020-10-29,,,,,,
강남구,11680,11800,도곡동,202,11680-4774,상지리츠빌카일룸,,210.5,4,2018,565400,2020-10-29,,,,,,
강남구,11680,11400,일원동,719,11680-308,푸른마을아파트101동~111동,,59.76,1,1994,142500,2020-10-31,,,,,,
강남구,11680,10600,대치동,1027,11680-4394,래미안대치팰리스,,94.49,12,2015,359000,2020-10-31,,,,,,
강남구,11680,11100,세곡동,579,11680-4199,강남엘에이치1단지,,59.89,5,2013,131000,2020-10-16,O,21.02.22,,,,
강남구,11680,11800,도곡동,934-10,11680-339,도곡우성아파트,,84.83,4,1986,173000,2020-10-31,,,,,,
강남구,11680,11100,세곡동,525,11680-4003,강남데시앙파크,,114.69,7,2011,153500,2020-10-31,,,,,,
강남구,11680,11000,압구정동,443,11680-417,현대3차(61~64동),,82.5,10,1976,232500,2020-10-19,,,,,,
강남구,11680,10400,청담동,35-48,11680-3575,한신오페라하우스2차,,120.22,2,2005,170000,2020-10-14,,,,,,
강남구,11680,10700,신사동,659,11680-2,압구정대원칸타빌아파트,,97.08,4,2001,174000,2020-10-30,,,,,,
강남구,11680,10300,개포동,185,11680-290,개포주공6단지,,83.21,9,1983,230000,2020-10-17,,,,,,
강남구,11680,11000,압구정동,397,11680-20,미성2차,,74.4,6,1987,227000,2020-10-16,O,20.11.17,,,,
강남구,11680,10100,역삼동,757,11680-3621,역삼래미안,,80.87,15,2005,243000,2020-10-16,,,,,,
강남구,11680,10100,역삼동,709-5,11680-4296,테헤란아이파크,,92.6232,7,2014,250000,2020-10-21,,,,,,
강남구,11680,11400,일원동,735,11680-299,가람,,84.95,2,1993,197000,2020-10-21,,,,,,
강남구,11680,11500,수서동,799,11680-4510,강남 더샵 포레스트,,214.7076,12,2016,400000,2020-10-22,,,,,,
강남구,11680,10800,논현동,195-1,11680-3592,e-편한세상,,84.9876,5,2005,117500,2020-10-22,,,,,,
강남구,11680,11000,압구정동,434,11680-426,신현대12차,,170.38,1,1982,395000,2020-10-29,,,,,,
강남구,11680,10300,개포동,185,11680-290,개포주공6단지,,60.13,3,1983,182000,2020-10-27,,,,,,
강남구,11680,11000,압구정동,448,11680-427,현대13차(208~211동),,108.47,9,1983,274000,2020-10-24,,,,,,
강남구,11680,11500,수서동,795,11680-4324,강남데시앙포레,,84.86,6,2014,169000,2020-10-24,,,,,,
강남구,11680,11200,자곡동,602,11680-4332,강남자곡아이파크,,59.96,12,2014,89000,2020-10-26,,,,,,
강남구,11680,11800,도곡동,953-1,11680-3647,SK허브프리모,,63.09,19,2006,84000,2020-10-22,,,,,,
강남구,11680,11500,수서동,747,11680-316,삼성,,59.86,5,1997,149500,2020-10-23,,,,,,
강남구,11680,11800,도곡동,527,11680-3623,도곡렉슬,,84.9984,7,2006,288000,2020-10-15,,,,,,
강남구,11680,10100,역삼동,762-3,11680-3905,래미안그레이튼(진달래2차),,84.81,27,2010,235000,2020-10-17,,,,,,
강남구,11680,10400,청담동,69-18,11680-3667,동양파라곤,,197.4675,12,2006,373000,2020-10-26,,,,,,
강남구,11680,11000,압구정동,490,11680-378,한양1차(영동한양),,91.21,6,1977,260000,2020-10-12,,,,,,
강남구,11680,10300,개포동,12,11680-280,성원대치2단지아파트,,33.18,2,1992,94000,2020-10-15,,,,,,
강남구,11680,11500,수서동,708,11680-317,삼익,,60,1,1992,122500,2020-10-22,,,,,,
강남구,11680,10800,논현동,276-1,11680-4356,아크로힐스논현,,113.231,22,2014,255000,2020-10-15,,,,,,
강남구,11680,10300,개포동,1281,11680-4850,디에이치아너힐즈,,84.3558,29,2019,289000,2020-10-31,,,,,,
강남구,11680,10800,논현동,180-6,11680-583,우성,,93.31,6,2004,89900,2020-10-22,,,,,,
강남구,11680,10100,역삼동,754-1,11680-3643,역삼푸르지오,,59.8848,3,2006,188000,2020-10-15,,,,,,
강남구,11680,10800,논현동,196,11680-104,거평프리젠,,39.035,4,1996,42000,2020-10-21,,,,,,
강남구,11680,10100,역삼동,754-1,11680-3643,역삼푸르지오,,84.9097,5,2006,235000,2020-10-21,,,,,,
강남구,11680,11800,도곡동,164-6,11680-348,포스코트,,209.03,11,2002,280000,2020-10-15,,,,,,
강남구,11680,10800,논현동,276-1,11680-4356,아크로힐스논현,,113.087,16,2014,253000,2020-10-15,,,,,,
강남구,11680,10100,역삼동,713-11,11680-3679,역삼I'PARK,,116.285,6,2006,277000,2020-10-15,,,,,,
강남구,11680,10300,개포동,1282,11680-4929,개포래미안포레스트,,59.92,10,2020,188200,2020-10-10,,,,,,
강남구,11680,10100,역삼동,836,11680-251,한스빌(836),,39.89,12,1996,39900,2020-10-21,,,,,,
강남구,11680,10100,역삼동,728-10,11680-235,네스빌(728-10),,231.23,5,1996,190000,2020-10-24,,,,,,
강남구,11680,10800,논현동,225-6,11680-4911,논현아이파크,,84.89,19,2020,195998,2020-10-29,,,,,,
강남구,11680,10400,청담동,46-5,11680-483,청담그랑빌,,82.8,3,2004,100000,2020-10-19,,,,,,
강남구,11680,11800,도곡동,467-29,11680-470,타워팰리스3,,163.702,36,2004,330000,2020-10-15,O,20.12.21,,,,
강남구,11680,10100,역삼동,732-25,11680-597,명인갤러리2차,,122.46,2,2004,128194,2020-10-13,,,,,,
강남구,11680,11800,도곡동,527,11680-3623,도곡렉슬,,120.8233,3,2006,324000,2020-10-19,,,,,,
강남구,11680,10100,역삼동,713-11,11680-3679,역삼I'PARK,,144.641,9,2006,294000,2020-10-18,,,,,,
강남구,11680,10300,개포동,12,11680-280,성원대치2단지아파트,,33.18,12,1992,97000,2020-10-12,,,,,,
강남구,11680,11500,수서동,712,11680-318,수서한아름,,97.63,5,1993,160000,2020-10-17,,,,,,
강남구,11680,10300,개포동,185,11680-578,개포주공7단지,,73.26,13,1983,204500,2020-10-26,,,,,,
강남구,11680,10300,개포동,12,11680-279,삼익대청아파트,,60,11,1992,153500,2020-10-19,,,,,,
강남구,11680,11800,도곡동,869,11680-332,삼익,,153.71,8,1983,210000,2020-10-24,,,,,,
강남구,11680,11200,자곡동,602,11680-4332,강남자곡아이파크,,84.92,1,2014,165000,2020-10-22,,,,,,
강남구,11680,10100,역삼동,709-5,11680-4296,테헤란아이파크,,70.8333,4,2014,212000,2020-10-16,,,,,,
강남구,11680,10800,논현동,22,11680-109,신동아(22),,35.73,8,1997,90000,2020-10-26,,,,,,
강남구,11680,10700,신사동,659,11680-2,압구정대원칸타빌아파트,,113.31,1,2001,165000,2020-10-24,,,,,,
강남구,11680,11400,일원동,716,11680-301,목련타운,,134.71,15,1993,225000,2020-10-18,,,,,,
강남구,11680,10300,개포동,1282,11680-4929,개포래미안포레스트,,59.92,4,2020,193000,2020-10-12,,,,,,
강남구,11680,11800,도곡동,467,11680-364,타워팰리스1,,84.15,27,2002,213000,2020-10-22,,,,,,
강남구,11680,10300,개포동,12,11680-279,삼익대청아파트,,60,10,1992,157000,2020-10-24,,,,,,
강남구,11680,11100,세곡동,579,11680-4199,강남엘에이치1단지,,59.89,14,2013,127000,2020-10-10,O,20.12.30,,,,
강남구,11680,11400,일원동,719,11680-308,푸른마을아파트101동~111동,,59.76,4,1994,143000,2020-10-16,,,,,,
강남구,11680,11400,일원동,719,11680-308,푸른마을아파트101동~111동,,84.93,4,1994,165000,2020-10-17,,,,,,
강남구,11680,11000,압구정동,490,11680-378,한양1차(영동한양),,63.87,7,1977,200000,2020-10-24,,,,,,
강남구,11680,11500,수서동,795,11680-4324,강남데시앙포레,,59.74,11,2014,145000,2020-10-14,,,,,,
강남구,11680,11000,압구정동,426,11680-423,신현대9차,,152.39,3,1982,372000,2020-10-10,,,,,,
강남구,11680,10100,역삼동,783-30,11680-273,공간쉐르빌,,43.27,4,2003,50000,2020-10-26,,,,,,
강남구,11680,10400,청담동,134-38,11680-4004,청담자이,,49.593,4,2011,167900,2020-10-06,,,,,,
강남구,11680,11000,압구정동,433,11680-425,신현대11차,,108.36,9,1983,270000,2020-10-10,,,,,,
강남구,11680,11400,일원동,716,11680-301,목련타운,,99.79,3,1993,190000,2020-10-09,,,,,,
강남구,11680,10300,개포동,12,11680-280,성원대치2단지아파트,,49.86,14,1992,140000,2020-10-07,O,20.11.24,,,,
강남구,11680,11500,수서동,736,11680-319,신동아,,33.18,3,1992,86000,2020-10-19,,,,,,
강남구,11680,11800,도곡동,963,11680-327,럭키(963),,124.1,13,1995,230000,2020-10-09,,,,,,
강남구,11680,10100,역삼동,755-4,11680-3622,e-편한세상,,84.991,13,2005,249000,2020-10-07,,,,,,
강남구,11680,11500,수서동,747,11680-316,삼성,,84.97,2,1997,164000,2020-10-16,,,,,,
강남구,11680,11000,압구정동,456,11680-421,"현대7차(73~77,82,85동)",,196.7,1,1979,462500,2020-10-08,,,,,,
강남구,11680,10100,역삼동,633-11,11680-661,역삼우성,,108.23,6,2005,120000,2020-10-21,,,,,,
강남구,11680,11400,일원동,716,11680-301,목련타운,,134.71,13,1993,227000,2020-10-16,,,,,,
강남구,11680,11500,수서동,708,11680-317,삼익,,49.2,12,1992,115500,2020-10-06,,,,,,
강남구,11680,11200,자곡동,618,11680-4341,강남브리즈힐(토지임대부아파트),,74.04,1,2014,100000,2020-10-12,,,,,,
강남구,11680,10600,대치동,511,11680-222,한보미도맨션1,,84.48,5,1983,258000,2020-10-08,,,,,,
강남구,11680,11400,일원동,719,11680-308,푸른마을아파트101동~111동,,59.76,13,1994,145000,2020-10-09,,,,,,
강남구,11680,10800,논현동,58-2,11680-551,마일스디오빌,,36.29,8,2004,35800,2020-10-21,,,,,,
강남구,11680,11800,도곡동,527,11680-3623,도곡렉슬,,119.8906,10,2006,328000,2020-10-17,,,,,,
강남구,11680,10800,논현동,225-6,11680-4911,논현아이파크,,47.46,10,2020,100000,2020-10-08,,,,,,
강남구,11680,10800,논현동,58-2,11680-551,마일스디오빌,,36.29,10,2004,36500,2020-10-21,,,,,,
강남구,11680,10800,논현동,39-10,11680-431,비쥬힐,,78.54,4,2003,74000,2020-10-14,,,,,,
강남구,11680,11800,도곡동,869,11680-332,삼익,,104.01,3,1983,169500,2020-10-26,,,,,,
강남구,11680,10300,개포동,12,11680-280,성원대치2단지아파트,,39.53,9,1992,120000,2020-10-09,,,,,,
강남구,11680,11500,수서동,708,11680-317,삼익,,60,4,1992,123500,2020-10-06,,,,,,
강남구,11680,10800,논현동,214-2,11680-158,논현베르빌,,111.08,2,2002,110000,2020-10-09,,,,,,
강남구,11680,10300,개포동,12,11680-280,성원대치2단지아파트,,33.18,11,1992,97000,2020-10-10,,,,,,
강남구,11680,11400,일원동,719,11680-308,푸른마을아파트101동~111동,,59.76,13,1994,145000,2020-10-09,O,20.11.03,,,,
강남구,11680,10500,삼성동,130-2,11680-3583,삼성웰피아,,92.11,1,2005,120000,2020-10-15,,,,,,
강남구,11680,10100,역삼동,710,11680-252,현대까르띠에710,,171.944,13,2001,270000,2020-10-06,,,,,,
강남구,11680,10100,역삼동,824-25,11680-668,대우디오빌플러스,,34.41,9,2004,33800,2020-10-20,,,,,,
강남구,11680,11800,도곡동,161,11680-330,삼성,,54.81,10,1994,146000,2020-10-13,,,,,,
강남구,11680,11000,압구정동,456,11680-421,"현대7차(73~77,82,85동)",,157.36,13,1979,419000,2020-10-14,,,,,,
강남구,11680,10800,논현동,62-3,11680-141,"청학아파트에이동,비동,씨동",,85.12,4,1976,117000,2020-10-08,,,,,,
강남구,11680,10100,역삼동,826-29,11680-504,역삼동우정에쉐르1,,57.98,11,2004,70500,2020-10-13,,,,,,
강남구,11680,10300,개포동,12,11680-280,성원대치2단지아파트,,39.53,11,1992,119500,2020-10-27,O,20.12.07,,,,
강남구,11680,10300,개포동,12,11680-280,성원대치2단지아파트,,39.53,15,1992,124500,2020-10-08,,,,,,
강남구,11680,10100,역삼동,706-24,11680-666,진넥스빌2,,29.44,8,2003,27500,2020-10-05,,,,,,
강남구,11680,10300,개포동,185,11680-578,개포주공7단지,,60.76,10,1983,185000,2020-10-19,,,,,,
강남구,11680,10100,역삼동,713-11,11680-3679,역삼I'PARK,,116.285,4,2006,264000,2020-10-29,,,,,,
강남구,11680,10500,삼성동,52-9,11680-513,삼성리치빌1,,84.98,3,2003,149900,2020-10-06,O,20.12.24,,,,
강남구,11680,11800,도곡동,467,11680-364,타워팰리스1,,174.67,32,2002,340000,2020-10-27,,,,,,
강남구,11680,10300,개포동,1164-20,11680-716,한림,,72.78,6,2002,72000,2020-10-05,,,,,,
강남구,11680,11800,도곡동,467-17,11680-365,타워팰리스2,,164.99,26,2003,300000,2020-10-19,,,,,,
강남구,11680,11200,자곡동,602,11680-4332,강남자곡아이파크,,84.92,5,2014,94950,2020-10-28,,,,,,
강남구,11680,10600,대치동,902,11680-532,포스코더샵,,164.88,4,2004,319000,2020-10-16,,,,,,
강남구,11680,10100,역삼동,710,11680-252,현대까르띠에710,,171.944,13,2001,270000,2020-10-06,O,20.11.02,,,,
강남구,11680,10100,역삼동,796-29,11680-4050,강남서해그랑블,,70.57,7,2012,86500,2020-10-21,,,,,,
강남구,11680,10100,역삼동,681-26,11680-267,역삼동하나빌,,31.12,7,2002,38000,2020-10-26,,,,,,
강남구,11680,11000,압구정동,434,11680-426,신현대12차,,110.82,11,1982,234000,2020-10-07,,,,,,
강남구,11680,11800,도곡동,467-19,11680-354,현대비젼21,,34.995,27,1999,39000,2020-10-09,,,,,,
강남구,11680,10300,개포동,12-2,11680-505,개포자이,,153.8,16,2004,220000,2020-10-14,,,,,,
강남구,11680,11800,도곡동,91-5,11680-331,삼성래미안,,84.89,9,2001,226000,2020-10-17,,,,,,
강남구,11680,10300,개포동,12,11680-280,성원대치2단지아파트,,49.86,13,1992,137500,2020-10-08,,,,,,
강남구,11680,10600,대치동,907-2,11680-682,대치한신휴플러스,,84.99,7,2005,160000,2020-10-08,,,,,,
강남구,11680,10500,삼성동,4-6,11680-194,삼성동한솔아파트,,85,16,1998,168000,2020-10-12,,,,,,
강남구,11680,11000,압구정동,456,11680-421,"현대7차(73~77,82,85동)",,144.2,5,1979,388000,2020-10-22,,,,,,
강남구,11680,10100,역삼동,720-25,11680-275,대우디오빌,,30.03,5,2002,32000,2020-10-26,,,,,,
강남구,11680,10400,청담동,76-12,11680-4756,라테라스청담,,35.07,3,2018,69000,2020-10-26,,,,,,
강남구,11680,11200,자곡동,602,11680-4332,강남자곡아이파크,,59.96,4,2014,74000,2020-10-26,,,,,,
강남구,11680,10300,개포동,187,11680-391,개포주공5단지,,61.19,14,1983,187000,2020-10-21,,,,,,
강남구,11680,10100,역삼동,720-25,11680-275,대우디오빌,,30.03,18,2002,35200,2020-10-22,,,,,,
강남구,11680,10300,개포동,1281,11680-4850,디에이치아너힐즈,,94.8407,29,2019,309000,2020-10-05,,,,,,
강남구,11680,11000,압구정동,456,11680-421,"현대7차(73~77,82,85동)",,157.36,4,1979,407000,2020-10-15,,,,,,
강남구,11680,11400,일원동,741,11680-4780,래미안 개포 루체하임,,121.71,21,2018,310000,2020-10-14,,,,,,
강남구,11680,10500,삼성동,144-14,11680-3709,채널리저브,,84.97,18,2007,160000,2020-10-14,,,,,,
강남구,11680,10100,역삼동,720-25,11680-275,대우디오빌,,30.03,9,2002,33000,2020-10-21,,,,,,
강남구,11680,10600,대치동,934-1,11680-687,청원,,78.73,2,2005,89900,2020-10-20,,,,,,
강남구,11680,11000,압구정동,456,11680-420,"현대6차(78~81,83,84,86,87동)",,144.2,3,1978,360000,2020-10-13,,,,,,
강남구,11680,10100,역삼동,706-20,11680-249,한화진넥스빌,,39.2,19,2001,37900,2020-10-08,,,,,,
강남구,11680,10500,삼성동,16-2,11680-3834,삼성동힐스테이트 1단지,,31.402,15,2008,119800,2020-10-17,,,,,,
강남구,11680,11000,압구정동,456,11680-421,"현대7차(73~77,82,85동)",,157.36,13,1979,419000,2020-10-14,O,20.11.02,,,,
강남구,11680,11800,도곡동,551-28,11680-399,롯데캐슬모닝,,84.91,6,2003,174000,2020-10-12,,,,,,
강남구,11680,10800,논현동,221-7,11680-4202,한양수자인어반게이트,,16.2,4,2013,21600,2020-10-21,,,,,,
강남구,11680,10100,역삼동,720-25,11680-275,대우디오빌,,30.03,13,2002,33000,2020-10-18,,,,,,
강남구,11680,10300,개포동,187,11680-391,개포주공5단지,,53.98,14,1983,177000,2020-10-13,,,,,,
강남구,11680,11400,일원동,719,11680-308,푸른마을아파트101동~111동,,59.76,6,1994,138000,2020-10-06,,,,,,
강남구,11680,10100,역삼동,828-21,11680-1327,(828-21),,62.19,6,2005,76000,2020-10-07,,,,,,
강남구,11680,10600,대치동,670,11680-601,동부센트레빌,,121.74,12,2005,350000,2020-10-05,,,,,,
강남구,11680,10800,논현동,22,11680-109,신동아(22),,35.73,2,1997,84500,2020-10-16,,,,,,
강남구,11680,10100,역삼동,835-68,11680-3728,롯데캐슬노블,,154.26,9,2007,202000,2020-10-16,,,,,,
강남구,11680,10400,청담동,108,11680-65,청담건영,,84.595,2,1994,160000,2020-10-16,,,,,,
강남구,11680,11200,자곡동,602,11680-4332,강남자곡아이파크,,74.89,2,2014,82050,2020-10-16,,,,,,
강남구,11680,11500,수서동,746,11680-314,까치마을,,34.44,13,1993,91000,2020-10-10,,,,,,
강남구,11680,11200,자곡동,602,11680-4332,강남자곡아이파크,,84.92,6,2014,95500,2020-10-14,,,,,,
강남구,11680,10100,역삼동,778-5,11680-3721,쎄비앙102동,,99.24,4,2007,97000,2020-10-07,,,,,,
강남구,11680,11000,압구정동,462,11680-418,현대4차저층(51~56동),,117.91,5,1977,330000,2020-10-05,,,,,,
강남구,11680,11800,도곡동,467-17,11680-365,타워팰리스2,,164.99,47,2003,300000,2020-10-05,,,,,,
송파구,11710,10700,가락동,166-10,11710-8428,진넥스베르디엠,,59.9918,6,2017,79000,2020-10-30,,,,,,
송파구,11710,11400,마천동,582,11710-6680,송파파크데일1단지,,59.91,10,2011,90500,2020-10-31,,,,,,
송파구,11710,10800,문정동,150,11710-89,올림픽훼밀리타운,,158.705,11,1988,217000,2020-10-14,,,,,,
송파구,11710,10200,신천동,17,11710-6266,파크리오,,84.9,9,2008,195000,2020-10-24,,,,,,
송파구,11710,10600,삼전동,38-12,11710-8217,하이파크아파트,,51.2,12,2016,67500,2020-10-31,,,,,,
송파구,11710,10300,풍납동,508,11710-17,한강극동,,59.26,9,1995,86000,2020-10-16,,,,,,
송파구,11710,10700,가락동,166-10,11710-8428,진넥스베르디엠,,59.9918,6,2017,79000,2020-10-30,O,21.02.01,,,,
송파구,11710,10800,문정동,145,11710-83,문정시영,,25.65,12,1989,48000,2020-10-27,,,,,,
송파구,11710,10200,신천동,11-9,11710-175,한신잠실코아,,50.76,14,1988,89500,2020-10-26,,,,,,
송파구,11710,10100,잠실동,86,11710-158,아시아선수촌아파트,,99.385,17,1986,276000,2020-10-30,,,,,,
송파구,11710,10900,장지동,896,11710-8306,위례중앙푸르지오2단지,,106.2487,14,2016,135000,2020-10-28,,,,,,
송파구,11710,10800,문정동,618,11710-8245,파크하비오,,84.9725,17,2016,150000,2020-10-31,,,,,,
송파구,11710,10200,신천동,17,11710-6266,파크리오,,84.9,21,2008,198000,2020-10-23,,,,,,
송파구,11710,10700,가락동,21-6,11710-42,가락쌍용(2차),,84.42,17,1999,127500,2020-10-31,,,,,,
송파구,11710,10800,문정동,145,11710-83,문정시영,,39.69,13,1989,73000,2020-10-26,,,,,,
송파구,11710,10800,문정동,18,11710-80,문정대우푸르지오1차,,84.86,17,1999,124500,2020-10-24,,,,,,
송파구,11710,11100,방이동,212-8,11710-110,코오롱아파트,,84.95,2,1991,119000,2020-10-30,,,,,,
송파구,11710,11200,오금동,617,11710-8691,송파레미니스2단지,,84.82,18,2018,125500,2020-10-30,,,,,,
송파구,11710,10200,신천동,7,11710-170,장미1,,120,8,1979,225000,2020-10-27,,,,,,
송파구,11710,10800,문정동,150,11710-89,올림픽훼밀리타운,,136.325,15,1988,193500,2020-10-23,,,,,,
송파구,11710,10700,가락동,171-5,11710-73,현대7,,84.65,3,1991,92000,2020-10-26,,,,,,
송파구,11710,10800,문정동,1,11710-282,문정래미안,,150.58,9,2004,165000,2020-10-30,,,,,,
송파구,11710,10800,문정동,150,11710-89,올림픽훼밀리타운,,136.325,1,1988,185000,2020-10-26,,,,,,
송파구,11710,11300,거여동,258-7,11710-139,보화2차,,40.38,3,1988,60000,2020-10-21,,,,,,
송파구,11710,10800,문정동,1,11710-282,문정래미안,,170.7,9,2004,159500,2020-10-26,,,,,,
송파구,11710,10700,가락동,51-1,11710-234,쌍용스윗닷홈(105동),,122.43,4,2005,128000,2020-10-28,,,,,,
송파구,11710,11400,마천동,582,11710-6680,송파파크데일1단지,,59.91,10,2011,90500,2020-10-31,O,21.01.28,,,,
송파구,11710,10100,잠실동,40,11710-281,갤러리아팰리스,,151.999,39,2005,233000,2020-10-30,,,,,,
송파구,11710,11100,방이동,89,11710-102,올림픽선수기자촌3단지,,148.77,7,1988,280000,2020-10-24,,,,,,
송파구,11710,11100,방이동,89,11710-5714,올림픽선수기자촌1단지,,83.06,12,1988,182000,2020-10-24,,,,,,
송파구,11710,10100,잠실동,19,11710-6346,잠실엘스,,84.8,14,2008,218000,2020-10-22,,,,,,
송파구,11710,10400,송파동,139-4,11710-244,경일,,61.67,5,2004,48000,2020-10-28,,,,,,
송파구,11710,10400,송파동,243,11710-6929,래미안송파파인탑,,53.59,20,2012,135000,2020-10-23,,,,,,
송파구,11710,10900,장지동,857,11710-6678,송파파인타운13단지,,84.92,4,2011,140000,2020-10-24,,,,,,
송파구,11710,10900,장지동,901,11710-7441,위례24단지(꿈에그린),,84.96,9,2013,155000,2020-10-22,,,,,,
송파구,11710,10200,신천동,17,11710-6266,파크리오,,84.9,16,2008,193500,2020-10-26,,,,,,
송파구,11710,10800,문정동,150,11710-89,올림픽훼밀리타운,,136.325,4,1988,198500,2020-10-26,,,,,,
송파구,11710,10700,가락동,166-2,11710-179,sk파크타워,,84.85,16,2003,90500,2020-10-27,,,,,,
송파구,11710,10200,신천동,7-14,11710-6284,잠실더샵스타파크,,208.28,23,2008,200000,2020-10-24,,,,,,
송파구,11710,10800,문정동,104,11710-85,현대,,84.03,4,1991,81000,2020-10-24,,,,,,
송파구,11710,11200,오금동,165,11710-124,상아2차아파트,,45.77,4,1988,75000,2020-10-31,,,,,,
송파구,11710,10800,문정동,618,11710-8245,파크하비오,,84.9725,5,2016,141800,2020-10-10,,,,,,
송파구,11710,10800,문정동,618,11710-8245,파크하비오,,84.9725,12,2016,141700,2020-10-31,,,,,,
송파구,11710,11100,방이동,177,11710-285,도무스빌,,136.71,8,2004,148000,2020-10-24,,,,,,
송파구,11710,10600,삼전동,38-12,11710-8217,하이파크아파트,,51.2,13,2016,68000,2020-10-26,,,,,,
송파구,11710,10900,장지동,854,11710-6029,송파파인타운11단지,,84.94,4,2007,124000,2020-10-24,,,,,,
송파구,11710,10200,신천동,11,11710-177,장미2,,99,7,1979,204000,2020-10-24,,,,,,
송파구,11710,10400,송파동,243,11710-6929,래미안송파파인탑,,53.36,18,2012,125000,2020-10-20,,,,,,
송파구,11710,10100,잠실동,35,11710-6028,트리지움,,84.97,17,2007,204000,2020-10-21,,,,,,
송파구,11710,10900,장지동,849,11710-6241,송파파인타운3단지,,84.98,14,2008,124000,2020-10-25,,,,,,
송파구,11710,10200,신천동,7,11710-170,장미1,,155.22,11,1979,269000,2020-10-23,,,,,,
송파구,11710,10800,문정동,145,11710-83,문정시영,,25.65,4,1989,45000,2020-10-24,,,,,,
송파구,11710,11400,마천동,582,11710-6680,송파파크데일1단지,,59.91,5,2011,88000,2020-10-27,,,,,,
송파구,11710,10300,풍납동,413-1,11710-18,현대1,,83.02,5,1995,119000,2020-10-30,,,,,,
송파구,11710,10700,가락동,95,11710-51,동부센트레빌,,115.93,15,2001,160000,2020-10-22,,,,,,
송파구,11710,10700,가락동,141-7,11710-427,가락그랑밸리,,81.93,2,2001,63500,2020-10-31,,,,,,
송파구,11710,10100,잠실동,40,11710-281,갤러리아팰리스,,122.989,23,2005,205000,2020-10-23,,,,,,
송파구,11710,10100,잠실동,22,11710-6249,리센츠,,27.68,23,2008,109000,2020-10-26,,,,,,
송파구,11710,10900,장지동,843,11710-6125,송파파인타운9단지,,59.99,3,2007,109000,2020-10-31,,,,,,
송파구,11710,10100,잠실동,22,11710-6249,리센츠,,84.99,28,2008,208000,2020-10-22,,,,,,
송파구,11710,10300,풍납동,260,11710-19,현대리버빌1지구,,43.2,11,1999,69700,2020-10-24,,,,,,
송파구,11710,10400,송파동,166,11710-27,가락삼익맨숀,,108.338,10,1984,166000,2020-10-23,,,,,,
송파구,11710,10800,문정동,1,11710-282,문정래미안,,120.97,9,2004,154000,2020-10-29,,,,,,
송파구,11710,10800,문정동,618,11710-8245,파크하비오,,84.9342,2,2016,139400,2020-10-24,,,,,,
송파구,11710,10700,가락동,102,11710-69,한신1,,84.53,6,1993,116500,2020-10-31,,,,,,
송파구,11710,10700,가락동,120-4,11710-44,가락우성2,,59.99,15,2000,92500,2020-10-24,,,,,,
송파구,11710,10200,신천동,7,11710-170,장미1,,71.2,7,1979,172000,2020-10-24,,,,,,
송파구,11710,10400,송파동,243,11710-6929,래미안송파파인탑,,64.66,17,2012,140000,2020-10-23,,,,,,
송파구,11710,10800,문정동,150,11710-89,올림픽훼밀리타운,,158.705,3,1988,218000,2020-10-20,,,,,,
송파구,11710,10800,문정동,104,11710-85,현대,,84.03,3,1991,80000,2020-10-18,,,,,,
송파구,11710,10800,문정동,62-5,11710-86,현대(62-5),,81.43,5,1993,100000,2020-10-17,,,,,,
송파구,11710,10800,문정동,150,11710-89,올림픽훼밀리타운,,136.325,14,1988,195300,2020-10-16,,,,,,
송파구,11710,10800,문정동,145,11710-83,문정시영,,46.26,10,1989,79000,2020-10-23,,,,,,
송파구,11710,10700,가락동,95-1,11710-49,가락금호아파트,,59.91,5,1997,115500,2020-10-14,,,,,,
송파구,11710,10400,송파동,14,11710-219,갑오빌라트,,76.68,2,2003,50000,2020-10-25,,,,,,
송파구,11710,10800,문정동,72-3,11710-78,건영1,,84.39,9,1996,127000,2020-10-17,,,,,,
송파구,11710,10300,풍납동,261,11710-20,현대리버빌2지구,,84.97,4,1999,102000,2020-10-17,,,,,,
송파구,11710,10300,풍납동,513,11710-6627,금강캐스빌,,84.09,3,2010,65000,2020-10-31,,,,,,
송파구,11710,10900,장지동,884,11710-8107,위례2차아이파크,,108.1376,28,2016,158000,2020-10-16,,,,,,
송파구,11710,11200,오금동,617,11710-8691,송파레미니스2단지,,84.82,21,2018,115000,2020-10-28,,,,,,
송파구,11710,10100,잠실동,101-1,11710-159,우성아파트,,131.08,2,1981,235000,2020-10-17,,,,,,
송파구,11710,10100,잠실동,27,11710-164,주공아파트 5단지,,76.5,12,1978,216000,2020-10-14,,,,,,
송파구,11710,10600,삼전동,39,11710-41,현대1,,82,9,1989,102500,2020-10-22,,,,,,
송파구,11710,10100,잠실동,44,11710-5957,레이크팰리스,,84.82,22,2006,203000,2020-10-22,,,,,,
송파구,11710,11200,오금동,29-5,11710-235,오륜파크빌,,81.57,2,2005,54500,2020-10-19,,,,,,
송파구,11710,10700,가락동,80,11710-5828,성원상떼빌,,99.6,4,2006,103000,2020-10-19,,,,,,
송파구,11710,11200,오금동,118-23,11710-226,명성화인캐슬,,84.89,2,2003,50800,2020-10-26,,,,,,
송파구,11710,10300,풍납동,163,11710-5,대아(제101상가동),,99.98,3,1998,93000,2020-10-30,,,,,,
송파구,11710,11100,방이동,171,11710-101,올림픽베어스타운1,,59.37,16,1996,85000,2020-10-23,,,,,,
송파구,11710,11300,거여동,290,11710-133,거여1단지,,49.8,5,1997,76000,2020-10-17,,,,,,
송파구,11710,11200,오금동,11,11710-131,현대백조,,114.36,8,1997,139000,2020-10-30,,,,,,
송파구,11710,10700,가락동,95-1,11710-49,가락금호아파트,,85,10,1997,144500,2020-10-17,,,,,,
송파구,11710,10300,풍납동,413-1,11710-18,현대1,,83.02,2,1995,115000,2020-10-24,,,,,,
송파구,11710,10300,풍납동,214-6,11710-1,갑을,,59.4,8,1996,74500,2020-10-29,,,,,,
송파구,11710,10600,삼전동,39,11710-41,현대1,,82,2,1989,99000,2020-10-17,,,,,,
송파구,11710,11200,오금동,164,11710-129,우창,,109.72,12,1985,95000,2020-10-20,,,,,,
송파구,11710,10900,장지동,837,11710-6182,송파파인타운4단지,,84.94,11,2008,125000,2020-10-15,,,,,,
송파구,11710,11100,방이동,89,11710-102,올림픽선수기자촌3단지,,83.06,24,1988,183000,2020-10-22,,,,,,
송파구,11710,11300,거여동,356,11710-142,우방1,,114.72,16,1999,105000,2020-10-10,,,,,,
송파구,11710,10200,신천동,17,11710-6266,파크리오,,84.9,17,2008,193500,2020-10-19,,,,,,
송파구,11710,10900,장지동,847,11710-6309,송파파인타운6단지,,84.93,18,2008,128000,2020-10-17,,,,,,
송파구,11710,10800,문정동,4-2,11710-189,성해,,75.83,6,2003,74000,2020-10-27,,,,,,
송파구,11710,11300,거여동,294,11710-137,거여5단지,,59.74,9,1997,81000,2020-10-18,,,,,,
송파구,11710,10800,문정동,18,11710-80,문정대우푸르지오1차,,59.84,3,1999,93000,2020-10-18,,,,,,
송파구,11710,10800,문정동,72-3,11710-78,건영1,,84.39,3,1996,130000,2020-10-19,,,,,,
송파구,11710,10900,장지동,901,11710-7441,위례24단지(꿈에그린),,84.93,14,2013,150000,2020-10-31,,,,,,
송파구,11710,10900,장지동,844,11710-6126,송파파인타운7단지,,84.94,7,2007,135000,2020-10-12,,,,,,
송파구,11710,10800,문정동,150,11710-89,올림픽훼밀리타운,,158.705,13,1988,225000,2020-10-15,,,,,,
송파구,11710,10800,문정동,150,11710-89,올림픽훼밀리타운,,84.705,15,1988,164500,2020-10-17,,,,,,
송파구,11710,10400,송파동,243,11710-6929,래미안송파파인탑,,53.36,19,2012,131000,2020-10-24,,,,,,
송파구,11710,10900,장지동,884,11710-8107,위례2차아이파크,,115.6488,17,2016,175000,2020-10-10,,,,,,
송파구,11710,10800,문정동,145,11710-83,문정시영,,25.65,3,1989,52000,2020-10-10,,,,,,
송파구,11710,10200,신천동,7-28,11710-176,현대타워,,173.7,17,1996,130000,2020-10-18,,,,,,
송파구,11710,11200,오금동,43,11710-130,현대(2-4차),,84.98,4,1984,156000,2020-10-16,,,,,,
송파구,11710,10200,신천동,7,11710-170,장미1,,82.45,8,1979,193000,2020-10-12,,,,,,
송파구,11710,10100,잠실동,86,11710-158,아시아선수촌아파트,,178.325,13,1986,390000,2020-10-26,,,,,,
송파구,11710,11400,마천동,30-2,11710-269,다우림,,84.38,7,2004,60000,2020-10-13,,,,,,
송파구,11710,10900,장지동,879,11710-7430,송파더센트레,,59.73,10,2013,112000,2020-10-14,,,,,,
송파구,11710,10700,가락동,80,11710-5828,성원상떼빌,,128.71,10,2006,105000,2020-10-11,,,,,,
송파구,11710,11200,오금동,617,11710-8691,송파레미니스2단지,,84.82,20,2018,123000,2020-10-15,,,,,,
송파구,11710,10700,가락동,161-2,11710-71,현대(5차),,54,4,1989,99500,2020-10-23,,,,,,
송파구,11710,10200,신천동,17,11710-6266,파크리오,,84.79,13,2008,195500,2020-10-12,,,,,,
송파구,11710,10700,가락동,161-2,11710-71,현대(5차),,82.3,10,1989,121000,2020-10-18,,,,,,
송파구,11710,10700,가락동,165,11710-6150,래미안파크팰리스,,114.756,13,2007,174500,2020-10-16,,,,,,
송파구,11710,10900,장지동,844,11710-6126,송파파인타운7단지,,84.94,13,2007,136500,2020-10-17,,,,,,
송파구,11710,10200,신천동,7-18,11710-5589,롯데캐슬골드,,166.7,12,2005,188000,2020-10-09,,,,,,
송파구,11710,10900,장지동,901,11710-7441,위례24단지(꿈에그린),,51.77,17,2013,99000,2020-10-14,,,,,,
송파구,11710,10900,장지동,901,11710-7441,위례24단지(꿈에그린),,51.82,11,2013,98000,2020-10-22,,,,,,
송파구,11710,10200,신천동,17,11710-6266,파크리오,,59.95,7,2008,175000,2020-10-13,,,,,,
송파구,11710,10700,가락동,199,11710-67,프라자,,133.76,4,1985,150000,2020-10-17,,,,,,
송파구,11710,11100,방이동,212-8,11710-110,코오롱아파트,,84.95,14,1991,134000,2020-10-27,,,,,,
송파구,11710,10400,송파동,243,11710-6929,래미안송파파인탑,,64.66,15,2012,144500,2020-10-24,,,,,,
송파구,11710,10300,풍납동,509,11710-13,씨티극동1,,84.22,4,1998,99000,2020-10-21,,,,,,
송파구,11710,10200,신천동,11-4,11710-7307,잠실푸르지오월드마크,,119.58,19,2013,185000,2020-10-27,,,,,,
송파구,11710,10900,장지동,856,11710-6030,송파파인타운10단지,,59.96,16,2007,115000,2020-10-24,,,,,,
송파구,11710,11100,방이동,89,11710-5714,올림픽선수기자촌1단지,,131.76,7,1988,250000,2020-10-15,,,,,,
송파구,11710,11200,오금동,617,11710-8691,송파레미니스2단지,,84.94,22,2018,127000,2020-10-18,,,,,,
송파구,11710,10900,장지동,855,11710-6677,송파파인타운12단지,,84.9,9,2011,138000,2020-10-22,,,,,,
송파구,11710,10300,풍납동,506,11710-6,동아한가람1,,84.38,7,1995,104500,2020-10-19,,,,,,
송파구,11710,10700,가락동,95-1,11710-49,가락금호아파트,,85,13,1997,144500,2020-10-15,,,,,,
송파구,11710,10100,잠실동,22,11710-6249,리센츠,,84.99,12,2008,222500,2020-10-17,,,,,,
송파구,11710,10200,신천동,17,11710-6266,파크리오,,59.95,11,2008,170000,2020-10-16,,,,,,
송파구,11710,10200,신천동,7-18,11710-5589,롯데캐슬골드,,193.81,31,2005,250000,2020-10-17,,,,,,
송파구,11710,10400,송파동,171,11710-28,성지,,66.18,13,1992,117000,2020-10-10,,,,,,
송파구,11710,10800,문정동,150,11710-89,올림픽훼밀리타운,,192.235,4,1988,255000,2020-10-15,,,,,,
송파구,11710,10300,풍납동,413-1,11710-18,현대1,,84,9,1995,120000,2020-10-19,,,,,,
송파구,11710,10700,가락동,913,11710-8865,헬리오시티,,84.98,15,2018,187000,2020-10-16,,,,,,
송파구,11710,10300,풍납동,261,11710-20,현대리버빌2지구,,84.97,17,1999,116000,2020-10-19,,,,,,
송파구,11710,11200,오금동,617,11710-8691,송파레미니스2단지,,84.82,18,2018,116000,2020-10-21,,,,,,
송파구,11710,11400,마천동,30-2,11710-269,다우림,,84.38,10,2004,64500,2020-10-09,,,,,,
송파구,11710,11200,오금동,615,11710-6424,올림픽파크센트레빌,,84.3755,11,2009,126000,2020-10-09,,,,,,
송파구,11710,10800,문정동,72-3,11710-78,건영1,,77.68,12,1996,119000,2020-10-09,,,,,,
송파구,11710,11100,방이동,148-7,11710-106,은성아파트,,82.82,5,2001,50000,2020-10-05,,,,,,
송파구,11710,11100,방이동,212-8,11710-110,코오롱아파트,,84.95,11,1991,128000,2020-10-20,,,,,,
송파구,11710,10100,잠실동,307-2,11710-157,신동아예지움,,132,10,1993,127000,2020-10-06,O,20.11.20,,,,
송파구,11710,10300,풍납동,506,11710-6,동아한가람1,,84.38,9,1995,110000,2020-10-05,,,,,,
송파구,11710,10200,신천동,17,11710-6266,파크리오,,59.95,24,2008,175000,2020-10-09,,,,,,
송파구,11710,10900,장지동,856,11710-6030,송파파인타운10단지,,59.96,15,2007,116000,2020-10-13,O,20.10.29,,,,
송파구,11710,11200,오금동,617,11710-8691,송파레미니스2단지,,59.87,4,2018,102000,2020-10-20,,,,,,
송파구,11710,10800,문정동,1,11710-282,문정래미안,,120.97,12,2004,149000,2020-10-29,,,,,,
송파구,11710,11200,오금동,43,11710-130,현대(2-4차),,130.93,10,1984,181000,2020-10-13,,,,,,
송파구,11710,10400,송파동,161,11710-24,미성맨션,,58.98,4,1985,117000,2020-10-20,,,,,,
송파구,11710,10900,장지동,879,11710-7430,송파더센트레,,59.73,8,2013,115000,2020-10-09,O,20.12.29,,,,
송파구,11710,10700,가락동,95-1,11710-49,가락금호아파트,,59.91,13,1997,113300,2020-10-25,,,,,,
송파구,11710,10900,장지동,901,11710-7441,위례24단지(꿈에그린),,84.93,8,2013,145000,2020-10-24,,,,,,
송파구,11710,11400,마천동,175,11710-154,한보1,,59.26,5,1998,53000,2020-10-23,,,,,,
송파구,11710,11100,방이동,89,11710-5714,올림픽선수기자촌1단지,,121.23,5,1988,230000,2020-10-12,,,,,,
송파구,11710,10300,풍납동,163,11710-5,대아(제101상가동),,84.99,7,1998,83000,2020-10-07,,,,,,
송파구,11710,11200,오금동,113-2,11710-6423,광남캐스빌,,84.58,8,2009,60000,2020-10-06,,,,,,
송파구,11710,10900,장지동,901,11710-7441,위례24단지(꿈에그린),,84.93,4,2013,149000,2020-10-09,,,,,,
송파구,11710,11100,방이동,89,11710-5714,올림픽선수기자촌1단지,,131.76,6,1988,237500,2020-10-12,,,,,,
송파구,11710,10100,잠실동,40,11710-281,갤러리아팰리스,,122.989,32,2005,200000,2020-10-22,,,,,,
송파구,11710,10200,신천동,11-9,11710-175,한신잠실코아,,52.51,11,1988,94000,2020-10-09,,,,,,
송파구,11710,11300,거여동,291,11710-134,거여2단지효성아파트,,101.95,9,1997,115000,2020-10-14,,,,,,
송파구,11710,10800,문정동,150,11710-89,올림픽훼밀리타운,,158.705,11,1988,217000,2020-10-14,O,20.12.02,,,,
송파구,11710,11200,오금동,165,11710-124,상아2차아파트,,84.98,7,1988,110000,2020-10-06,,,,,,
송파구,11710,10800,문정동,145,11710-83,문정시영,,46.26,8,1989,80000,2020-10-26,,,,,,
송파구,11710,10400,송파동,162,11710-26,송파삼성래미안아파트,,126.4,17,2001,162000,2020-10-17,,,,,,
송파구,11710,10200,신천동,11-9,11710-175,한신잠실코아,,41.99,12,1988,81000,2020-10-17,,,,,,
송파구,11710,10700,가락동,166-2,11710-179,sk파크타워,,108.82,17,2003,98500,2020-10-12,,,,,,
송파구,11710,10800,문정동,150,11710-89,올림픽훼밀리타운,,158.705,3,1988,215000,2020-10-12,,,,,,
송파구,11710,10300,풍납동,508,11710-17,한강극동,,59.26,6,1995,93000,2020-10-09,,,,,,
송파구,11710,10800,문정동,150,11710-89,올림픽훼밀리타운,,136.325,12,1988,199000,2020-10-10,,,,,,
송파구,11710,11300,거여동,362,11710-143,현대1차,,84.86,15,1992,105000,2020-10-14,,,,,,
송파구,11710,10700,가락동,126-2,11710-426,프라임,,84.28,8,2002,72500,2020-10-26,,,,,,
송파구,11710,11300,거여동,293,11710-136,거여4단지,,49.8,10,1997,79000,2020-10-24,,,,,,
송파구,11710,11100,방이동,89,11710-5714,올림픽선수기자촌1단지,,83.06,6,1988,181500,2020-10-08,,,,,,
송파구,11710,10700,가락동,171-5,11710-73,현대7,,84.65,11,1991,97500,2020-10-12,,,,,,
송파구,11710,10800,문정동,145,11710-83,문정시영,,35.46,7,1989,60000,2020-10-21,,,,,,
송파구,11710,10800,문정동,145,11710-83,문정시영,,39.69,8,1989,72000,2020-10-24,,,,,,
송파구,11710,11200,오금동,43,11710-130,현대(2-4차),,130.93,14,1984,178000,2020-10-10,,,,,,
송파구,11710,10800,문정동,112,11710-5955,트윈팰리스(101동),,84.78,6,2006,74000,2020-10-20,,,,,,
송파구,11710,10300,풍납동,172,11710-4,대동1,,68.06,5,1999,80000,2020-10-08,,,,,,
송파구,11710,10800,문정동,55-3,11710-283,동궁리치웰문정(101),,80.13,2,2004,74000,2020-10-06,,,,,,
송파구,11710,11400,마천동,607,11710-6679,송파파크데일2단지,,84.13,6,2011,114700,2020-10-14,,,,,,
송파구,11710,10600,삼전동,166-10,11710-193,동신,,79.98,5,2003,49200,2020-10-08,,,,,,
송파구,11710,10800,문정동,150,11710-89,올림픽훼밀리타운,,136.325,9,1988,193300,2020-10-16,,,,,,
송파구,11710,10300,풍납동,261,11710-20,현대리버빌2지구,,84.97,5,1999,105000,2020-10-03,,,,,,
송파구,11710,10800,문정동,88-11,11710-207,미소로,,59.71,3,2004,43000,2020-10-08,,,,,,
송파구,11710,10800,문정동,150,11710-89,올림픽훼밀리타운,,84.705,9,1988,165000,2020-10-03,,,,,,
송파구,11710,11200,오금동,133-16,11710-126,영풍,,59.76,3,1998,50000,2020-10-15,,,,,,
송파구,11710,11100,방이동,212-8,11710-110,코오롱아파트,,84.95,2,1991,120000,2020-10-10,,,,,,
송파구,11710,11100,방이동,89,11710-5714,올림픽선수기자촌1단지,,83.06,16,1988,182000,2020-10-08,,,,,,
송파구,11710,11300,거여동,294,11710-137,거여5단지,,59.74,7,1997,80000,2020-10-21,,,,,,
송파구,11710,10200,신천동,7-14,11710-6284,잠실더샵스타파크,,186.46,13,2008,180000,2020-10-12,,,,,,
송파구,11710,10100,잠실동,27,11710-164,주공아파트 5단지,,76.5,7,1978,222800,2020-10-07,,,,,,
송파구,11710,10200,신천동,17,11710-6266,파크리오,,84.9,30,2008,190000,2020-10-09,,,,,,
송파구,11710,10300,풍납동,508,11710-17,한강극동,,59.26,9,1995,86000,2020-10-16,O,20.11.26,,,,
송파구,11710,10600,삼전동,38-12,11710-8217,하이파크아파트,,51.2,7,2016,66000,2020-10-05,,,,,,
송파구,11710,10300,풍납동,261,11710-20,현대리버빌2지구,,59.4,10,1999,87000,2020-10-14,,,,,,
송파구,11710,10800,문정동,145,11710-83,문정시영,,25.65,11,1989,50000,2020-10-09,,,,,,
송파구,11710,10700,가락동,95-1,11710-49,가락금호아파트,,85,17,1997,134000,2020-10-10,,,,,,
송파구,11710,10200,신천동,17-6,11710-166,미성,,55.62,7,1980,178500,2020-10-05,,,,,,
송파구,11710,11200,오금동,165,11710-124,상아2차아파트,,50.72,14,1988,88000,2020-10-17,,,,,,
송파구,11710,10800,문정동,150,11710-89,올림픽훼밀리타운,,84.705,14,1988,162000,2020-10-08,,,,,,
송파구,11710,11200,오금동,55-8,11710-132,반석블레스빌,,83.15,2,2002,75000,2020-10-15,,,,,,
송파구,11710,10300,풍납동,511,11710-5745,송파현대힐스테이트,,84.99,5,2006,114000,2020-10-10,,,,,,
송파구,11710,10200,신천동,17,11710-6266,파크리오,,84.9,18,2008,190000,2020-10-06,,,,,,
송파구,11710,11300,거여동,290,11710-133,거여1단지,,49.8,5,1997,71700,2020-10-17,,,,,,
송파구,11710,10700,가락동,99-6,11710-52,동부썬빌,,142.388,15,1998,75000,2020-10-11,,,,,,
송파구,11710,10800,문정동,145,11710-83,문정시영,,39.69,5,1989,70500,2020-10-09,,,,,,
송파구,11710,11300,거여동,290,11710-133,거여1단지,,49.8,12,1997,75500,2020-10-15,,,,,,
송파구,11710,11300,거여동,294,11710-137,거여5단지,,59.74,8,1997,81000,2020-10-17,,,,,,
송파구,11710,10700,가락동,101-5,11710-202,성해,,75.76,4,2003,71700,2020-10-17,,,,,,
송파구,11710,10300,풍납동,506,11710-6,동아한가람1,,84.38,3,1995,96000,2020-10-07,,,,,,
송파구,11710,10400,송파동,151,11710-31,2차한양아파트,,108.68,11,1984,171000,2020-10-08,,,,,,
송파구,11710,10700,가락동,95-1,11710-49,가락금호아파트,,59.91,5,1997,114500,2020-10-09,,,,,,
송파구,11710,10300,풍납동,261,11710-20,현대리버빌2지구,,59.4,4,1999,85000,2020-10-12,,,,,,
송파구,11710,10800,문정동,150,11710-89,올림픽훼밀리타운,,136.325,13,1988,192000,2020-10-05,,,,,,
송파구,11710,10200,신천동,7-18,11710-5589,롯데캐슬골드,,187.65,29,2005,210000,2020-10-14,O,20.10.15,,,,
송파구,11710,10200,신천동,7-18,11710-5589,롯데캐슬골드,,187.65,29,2005,205000,2020-10-14,,,,,,
송파구,11710,10700,가락동,16-12,11710-249,동일씨티빌,,84.84,4,2004,64000,2020-10-13,,,,,,
송파구,11710,10300,풍납동,251-2,11710-16,토성현대,,49.14,8,1986,59000,2020-10-04,,,,,,
송파구,11710,10900,장지동,901,11710-7441,위례24단지(꿈에그린),,51.77,3,2013,97500,2020-10-09,,,,,,
강동구,11740,10300,상일동,476,11740-38,중앙하이츠,,84.23,8,1992,96000,2020-10-25,,,,,,
강동구,11740,10100,명일동,15,11740-7,삼익그린2차,,54.81,12,1983,102900,2020-10-31,,,,,,
강동구,11740,10200,고덕동,210-1,11740-4735,고덕센트럴푸르지오,,59.14,16,2020,88500,2020-10-30,,,,,,
강동구,11740,10900,천호동,361-1,11740-176,제일아파트,,77.61,3,1995,59500,2020-10-31,,,,,,
강동구,11740,10900,천호동,452-15,11740-4687,미사아름채아파트,,12.14,11,2020,23500,2020-10-30,,,,,,
강동구,11740,10900,천호동,452-15,11740-4687,미사아름채아파트,,12.14,5,2020,22500,2020-10-30,,,,,,
강동구,11740,10800,성내동,590,11740-129,성내동삼성아파트,,59.88,2,1999,80000,2020-10-10,,,,,,
강동구,11740,10800,성내동,446-12,11740-156,동남2,,84.13,3,2002,64500,2020-10-31,,,,,,
강동구,11740,10800,성내동,412,11740-3001,둔촌역아치스톤(101동),,84.88,3,2010,87500,2020-10-31,,,,,,
강동구,11740,10100,명일동,15,11740-7,삼익그린2차,,54.81,4,1983,101000,2020-10-31,,,,,,
강동구,11740,10500,길동,160,11740-49,신동아,,102.8,4,1983,97500,2020-10-31,,,,,,
강동구,11740,10500,길동,474,11740-221,강동LG자이,,126.43,6,2003,140000,2020-10-31,,,,,,
강동구,11740,10900,천호동,19-1,11740-173,우성,,64.53,4,1985,85000,2020-10-31,,,,,,
강동구,11740,10500,길동,92,11740-51,신동아4,,42.44,6,1999,44000,2020-10-31,,,,,,
강동구,11740,10300,상일동,514,11740-4672,고덕롯데캐슬베네루체,,84.923,3,2019,138000,2020-10-31,,,,,,
강동구,11740,10900,천호동,571,11740-4289,래미안강동팰리스,,84.97,7,2017,131000,2020-10-31,,,,,,
강동구,11740,10300,상일동,514,11740-4672,고덕롯데캐슬베네루체,,84.923,4,2019,141500,2020-10-31,,,,,,
강동구,11740,10700,암사동,447-8,11740-107,대명,,48.45,5,1987,42500,2020-10-31,,,,,,
강동구,11740,10200,고덕동,688,11740-4214,래미안힐스테이트고덕,,84.94,34,2016,155000,2020-10-28,,,,,,
강동구,11740,10600,둔촌동,621,11740-44,초원동아,,59.63,2,1997,68000,2020-10-24,,,,,,
강동구,11740,10500,길동,457-1,11740-3473,강동렘브란트,,15.86,14,2014,12000,2020-10-26,,,,,,
강동구,11740,11000,강일동,665,11740-2849,강일리버파크1단지,,84.74,11,2009,92500,2020-10-26,,,,,,
강동구,11740,10200,고덕동,693,11740-4628,고덕그라시움,,59.785,15,2019,120000,2020-10-25,,,,,,
강동구,11740,10300,상일동,514,11740-4672,고덕롯데캐슬베네루체,,84.923,14,2019,135000,2020-10-28,,,,,,
강동구,11740,10100,명일동,359,11740-4585,래미안솔베뉴,,78.07,2,2019,140000,2020-10-31,,,,,,
강동구,11740,10500,길동,400,11740-39,길동우성,,84.75,13,1994,97000,2020-10-26,,,,,,
강동구,11740,10600,둔촌동,603,11740-57,프라자,,109.07,1,1984,108000,2020-10-22,,,,,,
강동구,11740,10600,둔촌동,70-5,11740-80,현대2,,59.19,7,1988,81400,2020-10-24,,,,,,
강동구,11740,10900,천호동,452-15,11740-4687,미사아름채아파트,,12.14,10,2020,23500,2020-10-29,,,,,,
강동구,11740,10700,암사동,414-2,11740-2802,롯데캐슬퍼스트,,59.99,21,2008,114400,2020-10-24,,,,,,
강동구,11740,10800,성내동,446-11,11740-116,동남1,,84.74,5,2001,68450,2020-10-31,,,,,,
강동구,11740,10900,천호동,571,11740-4289,래미안강동팰리스,,59.98,27,2017,122000,2020-10-31,,,,,,
강동구,11740,10500,길동,247,11740-2612,광남캐스빌(247-0),,84.43,8,2006,73500,2020-10-31,O,21.01.18,,,,
강동구,11740,10200,고덕동,688,11740-4214,래미안힐스테이트고덕,,109.81,11,2016,170700,2020-10-29,,,,,,
강동구,11740,11000,강일동,684,11740-2853,강일리버파크6단지,,84.74,6,2009,91500,2020-10-31,,,,,,
강동구,11740,10900,천호동,52-3,11740-248,SM이로빌아파트,,84.77,5,2004,59500,2020-10-31,,,,,,
강동구,11740,10700,암사동,413,11740-2664,프라이어팰리스,,84.949,5,2007,121500,2020-10-24,,,,,,
강동구,11740,10700,암사동,413,11740-2664,프라이어팰리스,,84.975,10,2007,125000,2020-10-31,,,,,,
강동구,11740,10900,천호동,452-15,11740-4687,미사아름채아파트,,12.14,6,2020,23000,2020-10-20,,,,,,
강동구,11740,10200,고덕동,688,11740-4214,래미안힐스테이트고덕,,97.26,24,2016,160000,2020-10-26,,,,,,
강동구,11740,10100,명일동,359,11740-4585,래미안솔베뉴,,59.11,3,2019,120000,2020-10-24,,,,,,
강동구,11740,10700,암사동,414-2,11740-2802,롯데캐슬퍼스트,,112.11,4,2008,150000,2020-10-21,,,,,,
강동구,11740,10700,암사동,414-2,11740-2802,롯데캐슬퍼스트,,59.99,15,2008,113000,2020-10-24,,,,,,
강동구,11740,10700,암사동,414-2,11740-2802,롯데캐슬퍼스트,,112.11,27,2008,170000,2020-10-19,,,,,,
강동구,11740,10900,천호동,425-5,11740-2626,대우한강베네시티,,114.63,18,2007,99000,2020-10-17,,,,,,
강동구,11740,10100,명일동,44,11740-10,신동아,,112.93,10,1986,149500,2020-10-20,,,,,,
강동구,11740,10900,천호동,237,11740-183,한신아파트,,58.08,3,1991,54500,2020-10-30,,,,,,
강동구,11740,10500,길동,457,11740-3392,청광플러스원큐브2차,,14.495,17,2013,12000,2020-10-23,,,,,,
강동구,11740,10500,길동,475,11740-240,장인이즈빌,,82.918,11,2004,64000,2020-10-25,,,,,,
강동구,11740,10700,암사동,413,11740-2664,프라이어팰리스,,59.983,19,2007,106500,2020-10-23,,,,,,
강동구,11740,10900,천호동,333-55,11740-2501,천호e-편한세상,,84.95,11,2005,99000,2020-10-30,,,,,,
강동구,11740,10200,고덕동,312,11740-28,배재현대,,59.94,4,1995,97300,2020-10-17,,,,,,
강동구,11740,10200,고덕동,688,11740-4214,래미안힐스테이트고덕,,84.9,4,2016,120000,2020-10-16,O,23.04.21,,,,
강동구,11740,10500,길동,160,11740-49,신동아,,60.42,6,1983,86000,2020-10-26,,,,,,
강동구,11740,10500,길동,474,11740-221,강동LG자이,,84.88,18,2003,119500,2020-10-17,,,,,,
강동구,11740,10700,암사동,461,11740-88,대원,,59.9,15,1998,68000,2020-10-21,,,,,,
강동구,11740,10700,암사동,414-2,11740-2802,롯데캐슬퍼스트,,84.81,12,2008,140000,2020-10-22,,,,,,
강동구,11740,10700,암사동,414-2,11740-2802,롯데캐슬퍼스트,,84.98,28,2008,139500,2020-10-17,,,,,,
강동구,11740,10200,고덕동,688,11740-4214,래미안힐스테이트고덕,,84.9,2,2016,144500,2020-10-21,,,,,,
강동구,11740,10700,암사동,509,11740-91,선사현대아파트,,59.64,15,2000,92800,2020-10-15,,,,,,
강동구,11740,10300,상일동,515,11740-4359,고덕숲아이파크,,108.24,19,2018,157000,2020-10-19,,,,,,
강동구,11740,10200,고덕동,688,11740-4214,래미안힐스테이트고덕,,97.26,15,2016,165000,2020-10-22,,,,,,
강동구,11740,10700,암사동,509,11740-91,선사현대아파트,,72.85,4,2000,91000,2020-10-20,,,,,,
강동구,11740,10200,고덕동,693,11740-4628,고덕그라시움,,59.028,13,2019,135000,2020-10-16,,,,,,
강동구,11740,10900,천호동,571,11740-4289,래미안강동팰리스,,84.97,20,2017,139500,2020-10-31,,,,,,
강동구,11740,10100,명일동,359,11740-4585,래미안솔베뉴,,78.07,29,2019,147500,2020-10-19,O,20.12.05,,,,
강동구,11740,10800,성내동,446-17,11740-2513,올림픽파크힐,,84.52,3,2005,62000,2020-10-22,,,,,,
강동구,11740,10200,고덕동,688,11740-4214,래미안힐스테이트고덕,,84.83,19,2016,155000,2020-10-17,,,,,,
강동구,11740,10200,고덕동,688,11740-4214,래미안힐스테이트고덕,,59.96,16,2016,129000,2020-10-17,,,,,,
강동구,11740,10300,상일동,473,11740-30,동아,,59.25,2,1997,52000,2020-10-24,,,,,,
강동구,11740,10800,성내동,13-15,11740-2580,동남드림빌,,82.57,7,2006,76900,2020-10-26,,,,,,
강동구,11740,10700,암사동,442-1,11740-103,한강현대,,71.91,9,1999,89700,2020-10-26,,,,,,
강동구,11740,10700,암사동,413,11740-2664,프라이어팰리스,,84.975,3,2007,127500,2020-10-20,,,,,,
강동구,11740,10600,둔촌동,556,11740-2621,암펠로스타워,,121.39,8,2006,89000,2020-10-29,,,,,,
강동구,11740,10200,고덕동,693,11740-4628,고덕그라시움,,59.508,16,2019,136000,2020-10-20,,,,,,
강동구,11740,10700,암사동,400,11740-276,현대홈타운,,114.07,8,2004,122000,2020-10-17,,,,,,
강동구,11740,10600,둔촌동,134-10,11740-73,신성둔촌미소지움2,,84.78,17,2000,110000,2020-10-14,,,,,,
강동구,11740,10700,암사동,413,11740-2664,프라이어팰리스,,59.983,4,2007,102700,2020-10-28,,,,,,
강동구,11740,10900,천호동,170-2,11740-207,천호네스빌,,39.15,5,2003,21000,2020-10-29,,,,,,
강동구,11740,10100,명일동,257,11740-1,고덕주공9,,83.52,12,1985,124500,2020-10-17,,,,,,
강동구,11740,10800,성내동,419-13,11740-118,동아1,,75.02,3,1997,71000,2020-10-19,,,,,,
강동구,11740,10300,상일동,514,11740-4672,고덕롯데캐슬베네루체,,84.923,18,2019,150500,2020-10-17,,,,,,
강동구,11740,10700,암사동,509,11740-91,선사현대아파트,,83.18,26,2000,123500,2020-10-17,,,,,,
강동구,11740,10800,성내동,508-2,11740-265,드림스빌,,74.82,6,2003,35000,2020-10-14,,,,,,
강동구,11740,10700,암사동,442-1,11740-103,한강현대,,115,3,1999,109500,2020-10-17,,,,,,
강동구,11740,10800,성내동,456-8,11740-157,동원2,,84.83,7,2002,90500,2020-10-27,,,,,,
강동구,11740,10500,길동,400,11740-39,길동우성,,84.75,9,1994,92500,2020-10-17,,,,,,
강동구,11740,10700,암사동,413,11740-2664,프라이어팰리스,,84.988,2,2007,121000,2020-10-17,,,,,,
강동구,11740,10900,천호동,414,11740-343,두산위브센티움,,31.65,6,2004,15900,2020-10-24,,,,,,
강동구,11740,10800,성내동,592,11740-161,원다빌2,,67.17,2,2002,51800,2020-10-19,,,,,,
강동구,11740,10900,천호동,121-32,11740-4203,다성이즈빌(121-32),,67.38,1,2017,50000,2020-10-20,,,,,,
강동구,11740,10200,고덕동,693,11740-4628,고덕그라시움,,59.785,19,2019,126000,2020-10-11,,,,,,
강동구,11740,10900,천호동,155-5,11740-338,강동역두산위브센티움,,59.96,9,2004,66000,2020-10-26,,,,,,
강동구,11740,10500,길동,184,11740-47,삼익세라믹,,84.85,7,1992,74800,2020-10-23,,,,,,
강동구,11740,10300,상일동,515,11740-4359,고덕숲아이파크,,108.24,6,2018,170000,2020-10-14,,,,,,
강동구,11740,10700,암사동,414-2,11740-2802,롯데캐슬퍼스트,,84.81,2,2008,133000,2020-10-13,,,,,,
강동구,11740,10100,명일동,15,11740-7,삼익그린2차,,66.87,7,1983,114000,2020-10-10,,,,,,
강동구,11740,10800,성내동,407-2,11740-117,동방,,60,6,1995,44400,2020-10-19,,,,,,
강동구,11740,10900,천호동,35-8,11740-196,동성아파트,,84.28,1,2002,53000,2020-10-20,,,,,,
강동구,11740,10900,천호동,46,11740-2498,강동이루미아파트,,84.88,2,2005,66500,2020-10-13,,,,,,
강동구,11740,10900,천호동,563,11740-169,동아코아아파트,,57.33,11,1997,55000,2020-10-12,,,,,,
강동구,11740,10500,길동,474,11740-221,강동LG자이,,84.88,5,2003,115500,2020-10-12,,,,,,
강동구,11740,10700,암사동,493-14,11740-99,중앙하이츠,,104.36,10,1998,65000,2020-10-24,,,,,,
강동구,11740,10200,고덕동,688,11740-4214,래미안힐스테이트고덕,,84.88,5,2016,150000,2020-10-11,,,,,,
강동구,11740,10100,명일동,44,11740-10,신동아,,112.93,13,1986,150000,2020-10-09,,,,,,
강동구,11740,10500,길동,475,11740-240,장인이즈빌,,66.439,4,2004,49500,2020-10-23,,,,,,
강동구,11740,10200,고덕동,312,11740-28,배재현대,,84.9,13,1995,125000,2020-10-17,,,,,,
강동구,11740,10700,암사동,442-1,11740-103,한강현대,,84.93,25,1999,60000,2020-10-29,,,,,,
강동구,11740,10500,길동,152-3,11740-348,엠프라자아파트(152-3),,82.83,2,2004,58000,2020-10-17,,,,,,
강동구,11740,10100,명일동,47-12,11740-13,명일진로,,118.44,9,1994,95500,2020-10-16,,,,,,
강동구,11740,10700,암사동,414-2,11740-2802,롯데캐슬퍼스트,,59.99,3,2008,110800,2020-10-09,,,,,,
강동구,11740,10700,암사동,509,11740-91,선사현대아파트,,72.85,8,2000,100000,2020-10-14,,,,,,
강동구,11740,10900,천호동,19-1,11740-173,우성,,51.44,6,1985,79700,2020-10-14,,,,,,
강동구,11740,10500,길동,445-1,11740-2622,강동역에스케이허브,,99.55,14,2006,83000,2020-10-26,,,,,,
강동구,11740,10100,명일동,15,11740-7,삼익그린2차,,42.93,5,1983,88500,2020-10-22,,,,,,
강동구,11740,10800,성내동,592,11740-161,원다빌2,,67.17,1,2002,50000,2020-10-17,,,,,,
강동구,11740,10900,천호동,571,11740-4289,래미안강동팰리스,,59.98,6,2017,104900,2020-10-12,,,,,,
강동구,11740,10600,둔촌동,89,11740-78,현대4,,59.49,8,1996,74500,2020-10-16,,,,,,
강동구,11740,10900,천호동,19-1,11740-173,우성,,51.44,1,1985,63000,2020-10-05,O,20.12.29,,,,
강동구,11740,10500,길동,388-7,11740-3711,다성이즈빌(주상복합),,17.91,14,2015,12500,2020-10-26,,,,,,
강동구,11740,10100,명일동,332,11740-3,명일지에스아파트,,84.9,2,1999,89000,2020-10-20,,,,,,
강동구,11740,10700,암사동,414-2,11740-2802,롯데캐슬퍼스트,,59.99,23,2008,115000,2020-10-13,,,,,,
강동구,11740,10700,암사동,413,11740-2664,프라이어팰리스,,84.988,21,2007,134500,2020-10-05,,,,,,
강동구,11740,10800,성내동,424-12,11740-119,동아2,,59.04,6,1996,52000,2020-10-21,,,,,,
강동구,11740,10500,길동,146-1,11740-2521,길동3차이룸,,82.81,1,2005,60000,2020-10-25,,,,,,
강동구,11740,10800,성내동,590,11740-129,성내동삼성아파트,,114.93,10,1999,132000,2020-10-16,,,,,,
강동구,11740,10500,길동,352-3,11740-69,양촌,,79.4,3,2003,52000,2020-10-15,,,,,,
강동구,11740,11000,강일동,686,11740-2877,강일리버파크7단지,,59.88,4,2009,79700,2020-10-14,,,,,,
강동구,11740,10500,길동,347-27,11740-292,예다움,,72.05,3,2004,52200,2020-10-13,,,,,,
강동구,11740,10600,둔촌동,556,11740-2621,암펠로스타워,,94.7,10,2006,73000,2020-10-17,,,,,,
강동구,11740,10200,고덕동,688,11740-4214,래미안힐스테이트고덕,,97.26,15,2016,165000,2020-10-10,,,,,,
강동구,11740,10200,고덕동,312,11740-28,배재현대,,59.94,17,1995,89000,2020-10-10,,,,,,
강동구,11740,10100,명일동,257,11740-1,고덕주공9,,83.52,1,1985,120000,2020-10-16,,,,,,
강동구,11740,10300,상일동,513,11740-4675,고덕센트럴IPARK,,84.91,12,2019,154800,2020-10-26,,,,,,
강동구,11740,10200,고덕동,688,11740-4214,래미안힐스테이트고덕,,84.9,9,2016,148000,2020-10-17,,,,,,
강동구,11740,10900,천호동,447-17,11740-3722,강동역신동아파밀리에,,101.25,23,2015,119000,2020-10-24,,,,,,
강동구,11740,10900,천호동,22-11,11740-189,고려아파트(C동),,80.08,2,2001,60500,2020-10-24,,,,,,
강동구,11740,10900,천호동,155-5,11740-338,강동역두산위브센티움,,59.96,8,2004,66900,2020-10-09,,,,,,
강동구,11740,10900,천호동,452-15,11740-4687,미사아름채아파트,,12.565,13,2020,25000,2020-10-17,O,20.12.14,,,,
강동구,11740,10600,둔촌동,622-12,11740-55,주풍그린빌라트,,186.76,2,1996,73500,2020-10-15,,,,,,
강동구,11740,10900,천호동,452-15,11740-4687,미사아름채아파트,,12.14,16,2020,24000,2020-10-26,,,,,,
강동구,11740,10900,천호동,452-15,11740-4687,미사아름채아파트,,12.14,12,2020,23500,2020-10-22,,,,,,
강동구,11740,10900,천호동,452-15,11740-4687,미사아름채아파트,,12.14,7,2020,23000,2020-10-19,,,,,,
강동구,11740,10500,길동,343-2,11740-3163,현대웰하임(201동),,14.468,2,2012,8000,2020-10-26,,,,,,
강동구,11740,10900,천호동,565,11740-185,현대코아아파트,,79.98,8,1999,68000,2020-10-22,,,,,,
강동구,11740,10800,성내동,194,11740-347,에스케이허브진,,47.36,4,2004,53500,2020-10-26,,,,,,
강동구,11740,10800,성내동,111-64,11740-239,포레스(A동),,77.34,5,2003,68000,2020-10-09,,,,,,
강동구,11740,10500,길동,400,11740-39,길동우성,,84.75,11,1994,93500,2020-10-17,,,,,,
강동구,11740,11000,강일동,665,11740-2849,강일리버파크1단지,,84.74,1,2009,86300,2020-10-17,,,,,,
강동구,11740,10900,천호동,528,11740-171,천호동삼성아파트,,114.65,20,1997,105500,2020-10-08,,,,,,
강동구,11740,10900,천호동,287-25,11740-345,보람아파트,,83.95,7,2005,59000,2020-10-13,,,,,,
강동구,11740,10700,암사동,509,11740-91,선사현대아파트,,59.64,20,2000,89500,2020-10-23,,,,,,
강동구,11740,10500,길동,53,11740-48,삼익파크맨션,,62.91,8,1982,58800,2020-10-26,,,,,,
강동구,11740,10500,길동,416-3,11740-300,다성이즈텔,,84.88,6,2004,53500,2020-10-24,,,,,,
강동구,11740,10900,천호동,237,11740-183,한신아파트,,58.08,14,1991,49000,2020-10-06,,,,,,
강동구,11740,10800,성내동,595,11740-164,코오롱2,,84.91,3,2002,71500,2020-10-17,,,,,,
강동구,11740,10900,천호동,452-15,11740-4687,미사아름채아파트,,12.565,9,2020,24500,2020-10-24,,,,,,
강동구,11740,10800,성내동,593,11740-162,영풍마드레빌,,54.93,4,2002,75000,2020-10-25,,,,,,
강동구,11740,10600,둔촌동,546,11740-74,신성둔촌미소지움1,,59.78,1,1998,76000,2020-10-24,,,,,,
강동구,11740,10600,둔촌동,555,11740-83,신동아파밀리에,,59.4,7,2002,85000,2020-10-22,,,,,,
강동구,11740,10800,성내동,590,11740-129,성내동삼성아파트,,59.88,9,1999,84500,2020-10-20,,,,,,
강동구,11740,10800,성내동,444,11740-124,백룡도원,,80.57,5,2001,63000,2020-10-14,,,,,,
강동구,11740,10900,천호동,44,11740-167,금호아파트,,27.61,3,1987,36500,2020-10-09,,,,,,
강동구,11740,10800,성내동,590,11740-129,성내동삼성아파트,,114.93,5,1999,88000,2020-10-01,,,,,,
강동구,11740,10800,성내동,593,11740-162,영풍마드레빌,,80.31,6,2002,88800,2020-10-10,,,,,,
강동구,11740,10500,길동,400,11740-39,길동우성,,84.75,14,1994,89900,2020-10-22,,,,,,
강동구,11740,10900,천호동,22-9,11740-188,고려아파트(D동),,84.74,3,2002,52700,2020-10-23,,,,,,
강동구,11740,10200,고덕동,688,11740-4214,래미안힐스테이트고덕,,84.88,18,2016,151500,2020-10-17,O,20.12.01,,,,
강동구,11740,10800,성내동,590,11740-129,성내동삼성아파트,,59.88,2,1999,79500,2020-10-15,,,,,,
강동구,11740,10300,상일동,513,11740-4675,고덕센트럴IPARK,,74.99,3,2019,85000,2020-10-15,,,,,,
강동구,11740,10500,길동,470,11740-60,현대1,,59.79,6,1996,74500,2020-10-21,,,,,,
강동구,11740,10700,암사동,509,11740-91,선사현대아파트,,59.64,18,2000,89500,2020-10-09,,,,,,
강동구,11740,10100,명일동,15,11740-7,삼익그린2차,,66.87,10,1983,116500,2020-10-06,,,,,,
강동구,11740,10900,천호동,452-15,11740-4687,미사아름채아파트,,12.14,8,2020,23000,2020-10-10,,,,,,
강동구,11740,10500,길동,343-1,11740-3164,현대웰하임(101동),,16.959,15,2012,13000,2020-10-17,,,,,,
강동구,11740,10600,둔촌동,135-1,11740-81,현대3,,69.3,11,1988,83000,2020-10-10,,,,,,
강동구,11740,10500,길동,400,11740-39,길동우성,,57.1,3,1994,75000,2020-10-20,,,,,,
강동구,11740,10500,길동,470,11740-60,현대1,,84.63,1,1996,77000,2020-10-21,,,,,,
강동구,11740,10900,천호동,563,11740-169,동아코아아파트,,57.33,13,1997,62500,2020-10-08,,,,,,
강동구,11740,10900,천호동,528,11740-171,천호동삼성아파트,,84.97,13,1997,83000,2020-10-21,,,,,,
강동구,11740,10800,성내동,590,11740-129,성내동삼성아파트,,59.88,2,1999,80000,2020-10-10,,,,,,
강동구,11740,10500,길동,337-19,11740-291,예전이룸2차,,66.56,2,2004,49500,2020-10-19,,,,,,
강동구,11740,10800,성내동,199-19,11740-2508,한솔애리즈601동,,84.63,5,2005,70000,2020-10-06,,,,,,
강동구,11740,10800,성내동,542-1,11740-4626,집앤사베니아파트,,59.57,10,2019,66000,2020-10-14,,,,,,
강동구,11740,10300,상일동,519,11740-4692,고덕아르테온,,114.86,8,2020,210000,2020-10-17,,,,,,
강동구,11740,10800,성내동,590,11740-129,성내동삼성아파트,,59.88,6,1999,82500,2020-10-16,,,,,,
강동구,11740,10500,길동,400,11740-39,길동우성,,40.36,10,1994,60000,2020-10-14,,,,,,
강동구,11740,10600,둔촌동,94-16,11740-71,동아,,54.22,7,1992,54000,2020-10-10,,,,,,
강동구,11740,10800,성내동,427-74,11740-419,태천해오름,,83.2,2,2005,52000,2020-10-19,,,,,,
강동구,11740,10600,둔촌동,67,11740-85,KNP주상복합1,,84.54,4,2002,50000,2020-10-17,,,,,,
강동구,11740,10600,둔촌동,603,11740-57,프라자,,83.4,7,1984,94000,2020-10-05,,,,,,
강동구,11740,10900,천호동,565,11740-185,현대코아아파트,,59.9,23,1999,62000,2020-10-09,,,,,,
강동구,11740,10900,천호동,121-32,11740-4203,다성이즈빌(121-32),,68.44,7,2017,47000,2020-10-14,,,,,,
강동구,11740,10500,길동,353-40,11740-212,유덕휴먼빌,,98.84,4,2003,72000,2020-10-09,,,,,,
강동구,11740,10900,천호동,305,11740-177,중앙하이츠,,114.68,5,1998,70900,2020-10-08,,,,,,
강동구,11740,10500,길동,457,11740-3392,청광플러스원큐브2차,,14.495,6,2013,11000,2020-10-08,,,,,,
강동구,11740,10500,길동,349-1,11740-3158,다성이즈빌(349-1),,17.2,8,2012,13200,2020-10-06,,,,,,
