구,시군구코드,법정동코드,법정동,지번,단지코드,아파트명,동,전용면적,층,건축년도,거래금액,계약일,해제여부,해제일,거래유형,매수자,매도자,등기일
종로구,11110,18700,무악동,82,11110-90,현대,,60,10,2000,70910,2020-03-06,,,,,,
종로구,11110,10100,청운동,56-45,11110-4,청운현대,,84.51,3,2000,85000,2020-03-18,,,,,,
종로구,11110,17500,숭인동,204-11,11110-48,숭인상가,,78.75,5,1979,41000,2020-03-31,,,,,,
종로구,11110,18300,평창동,596,11110-73,삼성,,59.97,11,1998,44000,2020-03-28,,,,,,
종로구,11110,18300,평창동,66-1,11110-2261,엘리시아,,200.19,5,2009,75110,2020-03-26,,,,,,
종로구,11110,17500,숭인동,318-2,11110-2368,삼전솔하임4차,,15.09,10,2014,12500,2020-03-27,,,,,,
종로구,11110,17500,숭인동,2-1,11110-2224,종로센트레빌,,59.92,6,2008,72400,2020-03-17,,,,,,
종로구,11110,17500,숭인동,2-1,11110-2224,종로센트레빌,,84.92,5,2008,88000,2020-03-14,,,,,,
종로구,11110,17400,창신동,703,11110-91,창신쌍용2,,79.87,4,1993,57300,2020-03-31,,,,,,
종로구,11110,17500,숭인동,204-11,11110-48,숭인상가,,78.75,4,1979,38500,2020-03-20,,,,,,
종로구,11110,17400,창신동,702,11110-37,창신쌍용1,,54.7,4,1992,52800,2020-03-13,,,,,,
종로구,11110,18700,무악동,82,11110-90,현대,,84.92,5,2000,95290,2020-03-11,,,,,,
종로구,11110,17400,창신동,23-76,11110-2150,브라운스톤창신,,84.67,12,2006,68300,2020-03-07,,,,,,
종로구,11110,17400,창신동,328-17,11110-30,동대문,,28.8,6,1966,35000,2020-03-05,,,,,,
종로구,11110,12900,견지동,110,11110-2223,대성스카이렉스,,149.8,7,2008,96091,2020-03-31,,,,,,
종로구,11110,17500,숭인동,76,11110-152,롯데캐슬천지인,,84.95,7,2004,81000,2020-03-25,,,,,,
종로구,11110,17400,창신동,232,11110-34,두산,,59.95,9,1999,65000,2020-03-27,,,,,,
종로구,11110,17400,창신동,23-76,11110-2150,브라운스톤창신,,84.87,3,2006,68000,2020-03-13,,,,,,
종로구,11110,17500,숭인동,1421,11110-2336,버넷하임1,,17.93,12,2013,13000,2020-03-31,,,,,,
종로구,11110,17700,평동,233,11110-2446,경희궁자이(3단지),,59.855,17,2017,142000,2020-03-07,,,,,,
종로구,11110,17400,창신동,703,11110-91,창신쌍용2,,64.66,3,1993,49000,2020-03-30,,,,,,
종로구,11110,17900,홍파동,199,11110-2445,경희궁자이(2단지),,84.836,10,2017,165000,2020-03-30,,,,,,
종로구,11110,17400,창신동,703,11110-91,창신쌍용2,,64.66,14,1993,49800,2020-03-11,,,,,,
종로구,11110,17100,명륜2가,237,11110-26,명륜동주상복합아남아파트,,65.78,6,1999,80000,2020-03-13,,,,,,
종로구,11110,11800,내수동,110-15,11110-118,킹스매너,,194.43,7,2004,147000,2020-03-03,,,,,,
종로구,11110,17400,창신동,328-17,11110-30,동대문,,28.8,4,1966,35500,2020-03-09,,,,,,
종로구,11110,17400,창신동,328-17,11110-30,동대문,,28.8,6,1966,35000,2020-03-03,O,20.03.05,,,,
종로구,11110,18000,교북동,126,11110-2464,경희궁자이(4단지),,37.2635,15,2017,82500,2020-03-04,,,,,,
종로구,11110,13300,익선동,55,11110-102,현대뜨레비앙,,46.64,3,2003,29990,2020-03-20,,,,,,
종로구,11110,17400,창신동,640-76,11110-38,유성,,59.85,2,1996,25000,2020-03-21,,,,,,
종로구,11110,18300,평창동,108,11110-2246,롯데캐슬로잔,,238.858,4,2009,182000,2020-03-06,,,,,,
종로구,11110,17400,창신동,702,11110-37,창신쌍용1,,79.87,11,1992,63000,2020-03-14,,,,,,
종로구,11110,18300,평창동,595,11110-68,갑을아파트,,30.55,12,1997,18000,2020-03-17,,,,,,
종로구,11110,17500,숭인동,1421-1,11110-2343,종로동광모닝스카이,,15.855,13,2013,11400,2020-03-02,,,,,,
종로구,11110,11500,사직동,9,11110-2203,광화문스페이스본(101동~105동),,95.88,7,2008,116000,2020-03-03,,,,,,
종로구,11110,17400,창신동,703,11110-91,창신쌍용2,,79.87,4,1993,54000,2020-03-05,,,,,,
종로구,11110,17400,창신동,702,11110-37,창신쌍용1,,79.87,9,1992,66000,2020-03-14,,,,,,
종로구,11110,13300,익선동,55,11110-102,현대뜨레비앙,,28.1,8,2003,21800,2020-03-10,,,,,,
종로구,11110,17400,창신동,23-76,11110-2150,브라운스톤창신,,84.67,3,2006,68500,2020-03-03,,,,,,
종로구,11110,17400,창신동,703,11110-91,창신쌍용2,,64.66,9,1993,50000,2020-03-10,,,,,,
종로구,11110,18700,무악동,82,11110-90,현대,,60,14,2000,79700,2020-03-07,,,,,,
종로구,11110,15700,인의동,48-2,11110-2155,효성쥬얼리시티,,106.81,14,2006,81000,2020-03-06,,,,,,
종로구,11110,17400,창신동,640-252,11110-36,성용,,58.23,6,1994,26300,2020-03-07,,,,,,
종로구,11110,17700,평동,233,11110-2446,경희궁자이(3단지),,84.614,18,2017,164000,2020-03-04,,,,,,
중구,11140,16200,신당동,843,11140-32,삼성,,114.91,3,1999,91000,2020-03-28,,,,,,
중구,11140,16200,신당동,843,11140-32,삼성,,114.91,3,1999,94000,2020-03-28,,,,,,
중구,11140,13900,필동3가,62-16,11140-17,미주,,114.38,2,1976,64000,2020-03-28,,,,,,
중구,11140,15400,오장동,206-34,11140-1321,이지마루오장,,41.38,14,2018,41800,2020-03-30,,,,,,
중구,11140,12100,회현동1가,206,11140-1099,SK리더스뷰남산,,205.62,27,2010,150000,2020-03-28,,,,,,
중구,11140,16500,황학동,2545,11140-1039,롯데캐슬,,59.91,20,2008,72000,2020-03-21,,,,,,
중구,11140,13300,충무로5가,90,11140-1303,충무로헤센스마트,,21.04,2,2018,23900,2020-03-26,,,,,,
중구,11140,13300,충무로5가,90,11140-1303,충무로헤센스마트,,21.04,2,2018,23900,2020-03-26,,,,,,
중구,11140,13300,충무로5가,90,11140-1303,충무로헤센스마트,,21.04,2,2018,23900,2020-03-26,,,,,,
중구,11140,16500,황학동,2545,11140-1039,롯데캐슬,,84.97,32,2008,85000,2020-03-15,O,20.07.31,,,,
중구,11140,13300,충무로5가,90,11140-1303,충무로헤센스마트,,21.04,2,2018,23900,2020-03-26,,,,,,
중구,11140,16200,신당동,851,11140-1141,래미안하이베르,,84.98,5,2011,104500,2020-03-21,,,,,,
중구,11140,16500,황학동,2545,11140-1039,롯데캐슬,,59.91,11,2008,70000,2020-03-27,,,,,,
중구,11140,16200,신당동,844,11140-28,남산타운,,59.94,14,2002,82000,2020-03-12,,,,,,
중구,11140,16200,신당동,843,11140-32,삼성,,59.98,11,1999,78000,2020-03-21,,,,,,
중구,11140,16200,신당동,843,11140-32,삼성,,114.91,4,1999,87000,2020-03-21,,,,,,
중구,11140,15700,산림동,207-1,11140-24,청계상가,,69.42,8,1971,33250,2020-03-26,,,,,,
중구,11140,16300,흥인동,13-1,11140-1226,청계천두산위브더제니스,,116.6232,17,2014,125500,2020-03-24,,,,,,
중구,11140,16200,신당동,842,11140-37,약수하이츠,,57.63,6,1999,71000,2020-03-19,,,,,,
중구,11140,16500,황학동,2545,11140-1039,롯데캐슬,,59.94,33,2008,70000,2020-03-20,,,,,,
중구,11140,16200,신당동,844,11140-28,남산타운,,59.94,1,2002,75500,2020-03-30,,,,,,
중구,11140,13600,묵정동,11-67,11140-15,묵정,,52.46,2,1981,29500,2020-03-31,,,,,,
중구,11140,16200,신당동,842,11140-37,약수하이츠,,65.37,6,1999,82000,2020-03-18,,,,,,
중구,11140,16200,신당동,366-126,11140-989,남산정은스카이,,143.049,10,2005,100000,2020-03-28,,,,,,
중구,11140,16500,황학동,2545,11140-1039,롯데캐슬,,84.9,23,2008,84000,2020-03-19,,,,,,
중구,11140,16200,신당동,845,11140-1012,한진해모로,,84.96,3,2001,74000,2020-03-14,,,,,,
중구,11140,16200,신당동,843,11140-32,삼성,,84.96,4,1999,83800,2020-03-21,,,,,,
중구,11140,16800,순화동,151,11140-1016,순화동더샵,,36.91,14,2007,39600,2020-03-13,,,,,,
중구,11140,16500,황학동,2545,11140-1039,롯데캐슬,,59.91,18,2008,70000,2020-03-11,,,,,,
중구,11140,16200,신당동,842,11140-37,약수하이츠,,65.37,4,1999,81800,2020-03-03,,,,,,
중구,11140,16500,황학동,2545,11140-1039,롯데캐슬,,84.89,26,2008,89500,2020-03-04,,,,,,
중구,11140,14200,예장동,9,11140-18,예장동삼익,,110.49,3,1999,59500,2020-03-02,,,,,,
중구,11140,13300,충무로5가,90,11140-1303,충무로헤센스마트,,40.65,3,2018,40000,2020-03-26,,,,,,
중구,11140,16500,황학동,2545,11140-1039,롯데캐슬,,84.92,8,2008,83000,2020-03-13,,,,,,
중구,11140,16200,신당동,844,11140-28,남산타운,,59.94,14,2002,85000,2020-03-11,,,,,,
중구,11140,16500,황학동,819,11140-1206,DUO302,,15.97,7,2014,17300,2020-03-25,,,,,,
중구,11140,16200,신당동,840,11140-40,현대,,79.11,1,1993,69000,2020-03-03,,,,,,
중구,11140,16200,신당동,844,11140-28,남산타운,,114.88,6,2002,112500,2020-03-14,,,,,,
중구,11140,16200,신당동,844,11140-28,남산타운,,114.88,3,2002,120000,2020-03-17,,,,,,
중구,11140,16200,신당동,122-1,11140-56,그린빌,,74.96,4,2003,53000,2020-03-02,,,,,,
중구,11140,16200,신당동,850,11140-990,신당푸르지오,,84.39,18,2005,91500,2020-03-07,,,,,,
중구,11140,16200,신당동,844,11140-28,남산타운,,59.94,18,2002,87900,2020-03-21,,,,,,
중구,11140,16200,신당동,842,11140-37,약수하이츠,,57.63,17,1999,72000,2020-03-07,,,,,,
중구,11140,14400,장충동2가,193-29,11140-21,장충,,31.24,7,1981,9300,2020-03-23,,,,,,
중구,11140,16200,신당동,404-2,11140-57,란스미어,,83.69,1,2003,60000,2020-03-12,,,,,,
중구,11140,16200,신당동,843,11140-32,삼성,,84.96,16,1999,89500,2020-03-12,,,,,,
중구,11140,16200,신당동,842,11140-37,약수하이츠,,57.63,2,1999,66000,2020-03-04,,,,,,
중구,11140,16200,신당동,294-12,11140-43,타워,,99.03,4,2002,71000,2020-03-04,,,,,,
중구,11140,17300,만리동1가,231,11140-1147,LIG서울역리가,,84.9866,8,2012,119700,2020-03-10,,,,,,
중구,11140,16200,신당동,851,11140-1141,래미안하이베르,,59.74,13,2011,91500,2020-03-12,,,,,,
중구,11140,16200,신당동,840,11140-40,현대,,122.275,4,1993,85000,2020-03-14,,,,,,
중구,11140,16200,신당동,842,11140-37,약수하이츠,,84.88,20,1999,114000,2020-03-07,,,,,,
중구,11140,16200,신당동,846,11140-33,신당동파라다이스,,59.9,4,2000,56000,2020-03-10,,,,,,
중구,11140,13200,충무로4가,306,11140-1097,남산센트럴자이,,80.473,10,2009,89300,2020-03-12,,,,,,
중구,11140,16200,신당동,851,11140-1141,래미안하이베르,,117,2,2011,107000,2020-03-12,,,,,,
중구,11140,16200,신당동,843,11140-32,삼성,,84.96,15,1999,87500,2020-03-03,,,,,,
중구,11140,16500,황학동,2545,11140-1039,롯데캐슬,,59.94,30,2008,68000,2020-03-11,,,,,,
중구,11140,16200,신당동,844,11140-28,남산타운,,114.88,17,2002,114000,2020-03-11,,,,,,
중구,11140,13200,충무로4가,306,11140-1097,남산센트럴자이,,80.473,17,2009,89900,2020-03-11,,,,,,
중구,11140,16200,신당동,366-126,11140-989,남산정은스카이,,143.049,12,2005,100000,2020-03-11,,,,,,
중구,11140,16500,황학동,2545,11140-1039,롯데캐슬,,59.94,30,2008,72000,2020-03-04,,,,,,
중구,11140,16500,황학동,2545,11140-1039,롯데캐슬,,114.9,15,2008,110000,2020-03-02,,,,,,
중구,11140,16800,순화동,215,11140-1010,바비엥3,,65.71,14,2006,52800,2020-03-04,,,,,,
중구,11140,16500,황학동,2545,11140-1039,롯데캐슬,,114.9,15,2008,110000,2020-03-02,O,20.03.06,,,,
용산구,11170,12900,이촌동,301-160,11170-69,현대맨숀,,146.38,11,1974,179999,2020-03-07,,,,,,
용산구,11170,11900,효창동,5-42,11170-2889,아인하우스,,54.29,7,2012,55500,2020-03-23,,,,,,
용산구,11170,12400,한강로1가,64,11170-2539,대우월드마크용산,,133.085,25,2007,148500,2020-03-18,,,,,,
용산구,11170,13100,한남동,802,11170-82,리버탑,,59.57,7,2001,90000,2020-03-27,,,,,,
용산구,11170,12900,이촌동,412,11170-55,이촌코오롱(A),,59.82,21,1999,120500,2020-03-28,,,,,,
용산구,11170,13100,한남동,26-5,11170-2719,트윈빌에이동,,170.68,1,2008,215000,2020-03-14,,,,,,
용산구,11170,13000,이태원동,669,11170-75,용산동아파트,,44.76,2,1969,40000,2020-03-24,,,,,,
용산구,11170,13000,이태원동,254-10,11170-153,다원,,135.14,2,2003,88500,2020-03-10,O,20.04.08,,,,
용산구,11170,12300,신계동,48,11170-2843,용산e편한세상,,158.26,21,2011,191000,2020-03-19,,,,,,
용산구,11170,13100,한남동,810,11170-2839,한남더힐,,59.7,5,2011,207000,2020-03-05,,,,,,
용산구,11170,12800,한강로3가,16-85,11170-2348,한강자이에클라트,,79.73,16,2006,84000,2020-03-20,,,,,,
용산구,11170,13100,한남동,644-2,11170-200,태성1,,59.95,2,1975,61000,2020-03-31,,,,,,
용산구,11170,12500,한강로2가,2-11,11170-202,한강로대우아이빌,,31.05,11,2004,34700,2020-03-18,,,,,,
용산구,11170,13100,한남동,72-1,11170-184,한남동리첸시아,,51.93,5,2004,78500,2020-03-25,,,,,,
용산구,11170,10100,후암동,423-1,11170-4,후암미주,,62.28,4,1980,78000,2020-03-07,,,,,,
용산구,11170,12200,문배동,24-4,11170-2913,용산큐브,,13.01,18,2013,19700,2020-03-26,,,,,,
용산구,11170,11900,효창동,5-49,11170-279,효창팰리스2차,,84.03,3,2002,64000,2020-03-30,,,,,,
용산구,11170,13000,이태원동,669,11170-75,용산동아파트,,44.76,5,1969,41900,2020-03-14,,,,,,
용산구,11170,10100,후암동,426,11170-2,뉴후암,,34.38,5,1973,27000,2020-03-02,,,,,,
용산구,11170,12400,한강로1가,50-1,11170-2307,용산파크자이,,99.85,20,2005,140000,2020-03-04,,,,,,
용산구,11170,12200,문배동,24-8,11170-2906,프라임펠리스,,13.69,14,2012,17000,2020-03-30,,,,,,
용산구,11170,13100,한남동,828,11170-3107,한남아이파크애비뉴,,49.5507,17,2017,87000,2020-03-10,,,,,,
용산구,11170,11500,산천동,193,11170-138,리버힐삼성,,59.55,9,2001,83600,2020-03-04,,,,,,
용산구,11170,10400,갈월동,6-48,11170-277,두리파크빌,,108.55,2,2004,105000,2020-03-19,,,,,,
용산구,11170,12800,한강로3가,65-500,11170-32,철우,,68.76,3,1978,130000,2020-03-07,,,,,,
용산구,11170,13600,보광동,448,11170-134,신동아1,,84.93,13,1992,165000,2020-03-02,,,,,,
용산구,11170,13100,한남동,810,11170-2839,한남더힐,,235.312,5,2011,525000,2020-03-11,,,,,,
용산구,11170,13000,이태원동,730,11170-178,이태원(이테크빌),,83.74,4,2002,90000,2020-03-04,,,,,,
용산구,11170,12900,이촌동,412,11170-55,이촌코오롱(A),,114.69,18,1999,169000,2020-03-09,,,,,,
용산구,11170,12800,한강로3가,91,11170-2359,우림필유,,84.99,11,2006,125000,2020-03-04,,,,,,
용산구,11170,12900,이촌동,402,11170-35,강촌,,114.595,6,1998,170000,2020-03-11,,,,,,
용산구,11170,12900,이촌동,404,11170-66,한가람,,84.96,10,1998,162500,2020-03-09,,,,,,
용산구,11170,12900,이촌동,411,11170-41,동아그린,,59.58,4,1999,98000,2020-03-07,,,,,,
용산구,11170,12900,이촌동,404,11170-66,한가람,,84.96,14,1998,161500,2020-03-09,,,,,,
용산구,11170,12900,이촌동,301-160,11170-69,현대맨숀,,146.38,11,1974,180000,2020-03-07,O,20.07.03,,,,
용산구,11170,11500,산천동,193,11170-138,리버힐삼성,,84.98,12,2001,107000,2020-03-04,,,,,,
용산구,11170,12900,이촌동,301-160,11170-69,현대맨숀,,99.13,11,1974,154000,2020-03-01,,,,,,
용산구,11170,11500,산천동,193,11170-138,리버힐삼성,,59.55,16,2001,87500,2020-03-03,,,,,,
용산구,11170,13100,한남동,810,11170-2839,한남더힐,,59.686,4,2011,206000,2020-03-03,,,,,,
성동구,11200,11100,금호동3가,1331,11200-34,두산,,84.99,14,1994,89500,2020-03-02,,,,,,
성동구,11200,10700,행당동,346,11200-22,행당한진타운,,59.96,22,2000,83000,2020-03-21,,,,,,
성동구,11200,11400,성수동1가,685-696,11200-2923,갤러리아포레,,168.37,18,2011,400000,2020-03-05,,,,,,
성동구,11200,10500,마장동,818,11200-14,현대,,84.91,1,1998,77000,2020-03-30,,,,,,
성동구,11200,11300,옥수동,428,11200-38,극동,,148.23,6,1986,149000,2020-03-30,,,,,,
성동구,11200,10700,행당동,380,11200-3173,서울숲리버뷰자이,,84.98,23,2018,154000,2020-03-28,,,,,,
성동구,11200,10600,사근동,199,11200-17,중앙하이츠,,71.85,11,1989,52800,2020-03-27,,,,,,
성동구,11200,10800,응봉동,276,11200-82,서울숲리버그린동아아파트,,84.83,25,2003,114800,2020-03-30,,,,,,
성동구,11200,10800,응봉동,275,11200-30,신동아,,59.97,13,1996,67900,2020-03-28,,,,,,
성동구,11200,11100,금호동3가,1331,11200-34,두산,,79.08,9,1994,89500,2020-03-23,,,,,,
성동구,11200,11300,옥수동,436,11200-39,극동그린,,114.32,16,1997,113000,2020-03-07,,,,,,
성동구,11200,10700,행당동,347,11200-18,대림e-편한세상,,84.87,4,2000,96000,2020-03-28,,,,,,
성동구,11200,11400,성수동1가,685-191,11200-63,성수파크빌,,121.95,9,2002,122000,2020-03-29,,,,,,
성동구,11200,11100,금호동3가,1331,11200-34,두산,,79.08,3,1994,82500,2020-03-26,,,,,,
성동구,11200,11300,옥수동,250,11200-42,옥수삼성,,59.7,15,1999,98000,2020-03-21,,,,,,
성동구,11200,10800,응봉동,100,11200-77,대림(1차),,113.71,14,1986,120000,2020-03-20,,,,,,
성동구,11200,10500,마장동,817,11200-10,왕십리삼성아파트,,59.76,11,1996,74000,2020-03-22,,,,,,
성동구,11200,11300,옥수동,250,11200-42,옥수삼성,,84.822,7,1999,128000,2020-03-21,,,,,,
성동구,11200,11100,금호동3가,1331,11200-34,두산,,79.08,10,1994,84500,2020-03-25,,,,,,
성동구,11200,10200,하왕십리동,1070,11200-3120,센트라스,,84.96,4,2016,144500,2020-03-17,,,,,,
성동구,11200,10500,마장동,818,11200-14,현대,,84.91,26,1998,78800,2020-03-24,,,,,,
성동구,11200,10700,행당동,349,11200-24,서울숲 한신 더 휴,,114.97,3,2003,118000,2020-03-21,,,,,,
성동구,11200,11000,금호동2가,1217,11200-2944,래미안하이리버,,59.99,1,2012,96500,2020-03-22,,,,,,
성동구,11200,11400,성수동1가,685-696,11200-2923,갤러리아포레,,195.2,37,2011,370000,2020-03-23,,,,,,
성동구,11200,10700,행당동,349,11200-24,서울숲 한신 더 휴,,59.91,15,2003,93000,2020-03-21,,,,,,
성동구,11200,11100,금호동3가,917,11200-2689,금호1차푸르지오,,59.97,6,2005,89600,2020-03-17,,,,,,
성동구,11200,10800,응봉동,100,11200-77,대림(1차),,75.51,6,1986,93000,2020-03-12,,,,,,
성동구,11200,10700,행당동,377,11200-3031,서울숲더샵,,84.06,10,2014,118000,2020-03-12,,,,,,
성동구,11200,10900,금호동1가,1500,11200-31,금호삼성래미안,,59.95,14,2001,84900,2020-03-23,,,,,,
성동구,11200,10900,금호동1가,1500,11200-31,금호삼성래미안,,84.45,5,2001,89900,2020-03-13,,,,,,
성동구,11200,11100,금호동3가,1331,11200-34,두산,,79.08,9,1994,89500,2020-03-23,O,20.04.20,,,,
성동구,11200,10700,행당동,380,11200-3173,서울숲리버뷰자이,,59.97,12,2018,131000,2020-03-09,,,,,,
성동구,11200,10800,응봉동,97,11200-28,대림(2차),,59.91,12,1989,73000,2020-03-12,,,,,,
성동구,11200,11000,금호동2가,1217,11200-2944,래미안하이리버,,84.99,10,2012,124300,2020-03-21,,,,,,
성동구,11200,10900,금호동1가,633,11200-32,벽산,,84.82,15,2001,89900,2020-03-21,,,,,,
성동구,11200,10700,행당동,346,11200-22,행당한진타운,,59.96,12,2000,80500,2020-03-28,,,,,,
성동구,11200,10700,행당동,347,11200-18,대림e-편한세상,,59.96,1,2000,70000,2020-03-23,,,,,,
성동구,11200,11100,금호동3가,1331,11200-34,두산,,116.81,4,1994,96400,2020-03-05,,,,,,
성동구,11200,11100,금호동3가,1331,11200-34,두산,,84.99,11,1994,89900,2020-03-12,,,,,,
성동구,11200,11300,옥수동,561,11200-2980,래미안 옥수 리버젠,,84.73,8,2012,149500,2020-03-08,,,,,,
성동구,11200,11100,금호동3가,1331,11200-34,두산,,59.97,5,1994,77000,2020-03-13,,,,,,
성동구,11200,10200,하왕십리동,1066,11200-3074,텐즈힐(1단지),,84.88,9,2015,138000,2020-03-08,,,,,,
성동구,11200,10800,응봉동,275,11200-30,신동아,,59.97,1,1996,60000,2020-03-10,,,,,,
성동구,11200,11400,성수동1가,685-696,11200-2923,갤러리아포레,,217.86,36,2011,461538,2020-03-11,,,,,,
성동구,11200,10700,행당동,349,11200-24,서울숲 한신 더 휴,,59.94,23,2003,85800,2020-03-21,,,,,,
성동구,11200,11300,옥수동,528-1,11200-3143,옥수파크힐스117동~125동,,84.3,14,2016,145000,2020-03-17,,,,,,
성동구,11200,10800,응봉동,15,11200-29,대림강변타운,,59.76,3,2001,80000,2020-03-14,,,,,,
성동구,11200,10400,도선동,69,11200-2751,삼성쉐르빌,,84.99,15,2006,84000,2020-03-19,,,,,,
성동구,11200,10700,행당동,346,11200-22,행당한진타운,,59.96,22,2000,83000,2020-03-21,O,20.05.13,,,,
성동구,11200,11100,금호동3가,1331,11200-34,두산,,59.97,12,1994,75000,2020-03-18,,,,,,
성동구,11200,10500,마장동,830,11200-2703,신명스카이뷰,,84.038,6,2005,70000,2020-03-12,,,,,,
성동구,11200,11300,옥수동,561,11200-2980,래미안 옥수 리버젠,,84.81,8,2012,147000,2020-03-12,,,,,,
성동구,11200,11200,금호동4가,800,11200-35,대우,,84.71,18,2001,110500,2020-03-13,,,,,,
성동구,11200,10500,마장동,784,11200-13,세림,,72.84,12,1986,77000,2020-03-20,,,,,,
성동구,11200,11300,옥수동,250,11200-42,옥수삼성,,84.822,11,1999,125000,2020-03-08,,,,,,
성동구,11200,11200,금호동4가,800,11200-35,대우,,114.6,17,2001,142000,2020-03-12,,,,,,
성동구,11200,10700,행당동,347,11200-18,대림e-편한세상,,114.94,13,2000,110500,2020-03-12,,,,,,
성동구,11200,10900,금호동1가,633,11200-32,벽산,,59.9,18,2001,77500,2020-03-21,,,,,,
성동구,11200,10200,하왕십리동,1066,11200-3074,텐즈힐(1단지),,129.34,13,2015,169000,2020-03-10,,,,,,
성동구,11200,10700,행당동,346,11200-22,행당한진타운,,59.96,5,2000,81000,2020-03-11,,,,,,
성동구,11200,11300,옥수동,250,11200-42,옥수삼성,,59.7,18,1999,89000,2020-03-22,,,,,,
성동구,11200,10200,하왕십리동,1058,11200-1,극동미라주,,84.33,2,2001,72000,2020-03-28,,,,,,
성동구,11200,11400,성수동1가,685-696,11200-2923,갤러리아포레,,168.37,18,2011,400000,2020-03-05,O,20.04.28,,,,
성동구,11200,10500,마장동,822,11200-91,신성미소지움,,84.99,8,2004,82000,2020-03-11,,,,,,
성동구,11200,10200,하왕십리동,1050,11200-6,한진해모로,,112.26,15,2001,89000,2020-03-09,,,,,,
성동구,11200,10500,마장동,784,11200-13,세림,,40.86,5,1986,62500,2020-03-05,,,,,,
성동구,11200,10200,하왕십리동,1050,11200-6,한진해모로,,84.96,2,2001,74000,2020-03-09,,,,,,
성동구,11200,10200,하왕십리동,1052,11200-2,금호베스트빌,,59.79,13,2001,67000,2020-03-19,,,,,,
성동구,11200,10200,하왕십리동,990,11200-5,한신무학,,62.41,1,1989,66000,2020-03-18,,,,,,
성동구,11200,11500,성수동2가,712,11200-72,청구강변1,,59.94,8,1994,140000,2020-03-09,O,20.04.28,,,,
성동구,11200,11500,성수동2가,833,11200-70,신성미소지움,,59.4,8,2001,74000,2020-03-21,,,,,,
성동구,11200,10500,마장동,818,11200-14,현대,,59.91,22,1998,66000,2020-03-07,,,,,,
성동구,11200,10900,금호동1가,1500,11200-31,금호삼성래미안,,59.95,2,2001,81000,2020-03-07,,,,,,
성동구,11200,10500,마장동,818,11200-14,현대,,59.94,11,1998,65000,2020-03-12,,,,,,
성동구,11200,10500,마장동,822,11200-91,신성미소지움,,59.96,17,2004,70000,2020-03-07,,,,,,
성동구,11200,10700,행당동,347,11200-18,대림e-편한세상,,84.87,6,2000,99000,2020-03-03,,,,,,
성동구,11200,10200,하왕십리동,966-18,11200-2991,상리제나우스,,12.84,7,2013,13700,2020-03-04,,,,,,
성동구,11200,10200,하왕십리동,258,11200-4,벽산,,114.46,1,1996,94500,2020-03-10,,,,,,
성동구,11200,10200,하왕십리동,258,11200-4,벽산,,84.94,3,1996,88000,2020-03-07,,,,,,
성동구,11200,10800,응봉동,15,11200-29,대림강변타운,,59.76,7,2001,81000,2020-03-07,,,,,,
성동구,11200,11100,금호동3가,1331,11200-34,두산,,116.81,12,1994,106000,2020-03-10,,,,,,
성동구,11200,11400,성수동1가,708,11200-53,동아그린,,58.32,12,1999,79800,2020-03-05,,,,,,
성동구,11200,10500,마장동,819,11200-9,마장동중앙하이츠,,84.8,6,1999,77500,2020-03-05,,,,,,
성동구,11200,10500,마장동,819,11200-9,마장동중앙하이츠,,60,11,1999,66000,2020-03-01,,,,,,
성동구,11200,11300,옥수동,436,11200-39,극동그린,,114.32,16,1997,113000,2020-03-07,O,20.04.17,,,,
성동구,11200,11200,금호동4가,340,11200-2820,서울숲푸르지오,,114.8,2,2007,139500,2020-03-20,,,,,,
성동구,11200,11200,금호동4가,340,11200-2820,서울숲푸르지오,,59.99,8,2007,105000,2020-03-23,,,,,,
성동구,11200,10700,행당동,347,11200-18,대림e-편한세상,,59.96,8,2000,78800,2020-03-12,,,,,,
성동구,11200,10700,행당동,347,11200-18,대림e-편한세상,,59.96,14,2000,80500,2020-03-10,,,,,,
성동구,11200,10900,금호동1가,633,11200-32,벽산,,84.82,18,2001,87000,2020-03-20,,,,,,
성동구,11200,10200,하왕십리동,966-18,11200-2991,상리제나우스,,12.84,9,2013,12900,2020-03-13,,,,,,
성동구,11200,11400,성수동1가,706,11200-56,쌍용,,59.76,2,1997,88500,2020-03-07,,,,,,
성동구,11200,10200,하왕십리동,1058,11200-1,극동미라주,,59.4,18,2001,69000,2020-03-09,,,,,,
성동구,11200,11400,성수동1가,708,11200-53,동아그린,,58.32,8,1999,80000,2020-03-12,,,,,,
성동구,11200,11100,금호동3가,1331,11200-34,두산,,84.99,15,1994,90000,2020-03-06,,,,,,
성동구,11200,10900,금호동1가,1823,11200-3161,이편한세상금호파크힐스,,59.949,11,2019,119000,2020-03-07,,,,,,
성동구,11200,11300,옥수동,60,11200-95,풍림아이원,,84.767,9,2004,140000,2020-03-16,,,,,,
성동구,11200,11300,옥수동,436,11200-39,극동그린,,114.32,15,1997,108000,2020-03-12,,,,,,
성동구,11200,10500,마장동,818,11200-14,현대,,59.94,1,1998,61500,2020-03-07,,,,,,
성동구,11200,10700,행당동,346,11200-22,행당한진타운,,114.62,7,2000,110000,2020-03-09,,,,,,
성동구,11200,10600,사근동,315,11200-3162,한양마이라움,,18.36,2,2018,17000,2020-03-16,,,,,,
성동구,11200,10500,마장동,820,11200-90,왕십리금호어울림,,84.97,18,2006,103500,2020-03-03,,,,,,
성동구,11200,10900,금호동1가,128-5,11200-83,신금호,,84.87,7,2003,55000,2020-03-07,,,,,,
성동구,11200,10800,응봉동,15,11200-29,대림강변타운,,59.76,1,2001,75250,2020-03-07,,,,,,
성동구,11200,10700,행당동,380,11200-3173,서울숲리버뷰자이,,108.82,2,2018,170000,2020-03-11,,,,,,
성동구,11200,10700,행당동,346,11200-22,행당한진타운,,114.62,5,2000,109800,2020-03-11,,,,,,
성동구,11200,10700,행당동,376,11200-2914,서울숲행당푸르지오,,84.74,11,2011,114000,2020-03-11,,,,,,
성동구,11200,10200,하왕십리동,1066,11200-3074,텐즈힐(1단지),,59.75,1,2015,110000,2020-03-07,,,,,,
성동구,11200,11400,성수동1가,709,11200-51,대우2,,59.83,16,1999,84700,2020-03-11,,,,,,
성동구,11200,11100,금호동3가,1331,11200-34,두산,,84.99,7,1994,85000,2020-03-16,,,,,,
성동구,11200,10800,응봉동,276,11200-82,서울숲리버그린동아아파트,,84.65,19,2003,114000,2020-03-10,,,,,,
성동구,11200,11300,옥수동,561,11200-2980,래미안 옥수 리버젠,,59.25,1,2012,117300,2020-03-10,,,,,,
성동구,11200,10500,마장동,784,11200-13,세림,,84.93,7,1986,89000,2020-03-10,,,,,,
성동구,11200,10200,하왕십리동,1052,11200-2,금호베스트빌,,114.73,14,2001,85000,2020-03-02,,,,,,
성동구,11200,10200,하왕십리동,992,11200-3,무학현대,,84.495,10,1996,70000,2020-03-04,,,,,,
성동구,11200,10200,하왕십리동,1061,11200-98,왕십리풍림아이원,,59.936,10,2004,78000,2020-03-12,,,,,,
성동구,11200,10200,하왕십리동,1052,11200-2,금호베스트빌,,114.73,4,2001,80000,2020-03-04,,,,,,
성동구,11200,10900,금호동1가,1823,11200-3161,이편한세상금호파크힐스,,59.949,10,2019,122000,2020-03-12,,,,,,
성동구,11200,10900,금호동1가,633,11200-32,벽산,,114.57,19,2001,100000,2020-03-05,,,,,,
성동구,11200,11300,옥수동,528,11200-3114,옥수파크힐스101동~116동,,84.51,7,2016,155000,2020-03-12,,,,,,
성동구,11200,11000,금호동2가,1215,11200-2938,금호자이1차,,84.98,10,2012,121000,2020-03-07,,,,,,
성동구,11200,10700,행당동,377,11200-3031,서울숲더샵,,84.18,19,2014,132500,2020-03-11,,,,,,
성동구,11200,10900,금호동1가,1823,11200-3161,이편한세상금호파크힐스,,84.957,8,2019,150000,2020-03-11,,,,,,
성동구,11200,11500,성수동2가,834,11200-80,현대I-PARK,,104.56,15,2003,125000,2020-03-12,,,,,,
성동구,11200,10200,하왕십리동,966-18,11200-2991,상리제나우스,,12.84,8,2013,12400,2020-03-11,,,,,,
성동구,11200,11000,금호동2가,1217,11200-2944,래미안하이리버,,59.99,4,2012,101000,2020-03-12,,,,,,
성동구,11200,10900,금호동1가,633,11200-32,벽산,,59.9,10,2001,74800,2020-03-07,,,,,,
성동구,11200,10500,마장동,818,11200-14,현대,,164.86,5,1998,93000,2020-03-02,,,,,,
성동구,11200,11200,금호동4가,235,11200-2970,서울숲2차푸르지오,,84.898,1,2012,141000,2020-03-11,,,,,,
성동구,11200,10700,행당동,147,11200-20,서울숲삼부아파트,,84.93,11,1998,121000,2020-03-11,,,,,,
성동구,11200,11400,성수동1가,656-234,11200-50,서울숲대림,,59.885,3,2000,102500,2020-03-10,,,,,,
성동구,11200,11100,금호동3가,1331,11200-34,두산,,116.81,6,1994,100000,2020-03-06,,,,,,
성동구,11200,11200,금호동4가,800,11200-35,대우,,59.97,8,2001,89500,2020-03-12,,,,,,
성동구,11200,11200,금호동4가,340,11200-2820,서울숲푸르지오,,59.99,8,2007,110000,2020-03-11,,,,,,
성동구,11200,10700,행당동,347,11200-18,대림e-편한세상,,59.96,3,2000,79500,2020-03-04,,,,,,
성동구,11200,11300,옥수동,561,11200-2980,래미안 옥수 리버젠,,59.98,5,2012,123700,2020-03-10,,,,,,
성동구,11200,11200,금호동4가,340,11200-2820,서울숲푸르지오,,59.99,17,2007,119000,2020-03-10,,,,,,
성동구,11200,10200,하왕십리동,1071,11200-3144,왕십리자이,,59.99,18,2017,102500,2020-03-07,,,,,,
성동구,11200,10200,하왕십리동,1070,11200-3120,센트라스,,84.96,9,2016,148000,2020-03-03,,,,,,
성동구,11200,11300,옥수동,528,11200-3114,옥수파크힐스101동~116동,,59.88,15,2016,129600,2020-03-01,,,,,,
성동구,11200,11200,금호동4가,235,11200-2970,서울숲2차푸르지오,,59.907,6,2012,119800,2020-03-11,,,,,,
성동구,11200,11300,옥수동,561,11200-2980,래미안 옥수 리버젠,,84.81,2,2012,143000,2020-03-04,,,,,,
성동구,11200,10200,하왕십리동,966-18,11200-2991,상리제나우스,,12.84,4,2013,13400,2020-03-07,,,,,,
성동구,11200,10700,행당동,344,11200-21,신동아,,59.97,8,1995,67800,2020-03-07,,,,,,
성동구,11200,10200,하왕십리동,258,11200-4,벽산,,84.94,2,1996,83500,2020-03-09,,,,,,
성동구,11200,11400,성수동1가,685-696,11200-2923,갤러리아포레,,170.98,31,2011,330000,2020-03-03,,,,,,
성동구,11200,10700,행당동,147,11200-20,서울숲삼부아파트,,84.09,3,1998,119500,2020-03-04,,,,,,
성동구,11200,10200,하왕십리동,1070,11200-3120,센트라스,,40.94,8,2016,82000,2020-03-01,,,,,,
성동구,11200,11400,성수동1가,704,11200-60,한진타운,,59.4,5,1994,101200,2020-03-03,,,,,,
성동구,11200,10700,행당동,376,11200-2914,서울숲행당푸르지오,,59.68,7,2011,97000,2020-03-03,,,,,,
성동구,11200,11000,금호동2가,1,11200-3086,신금호파크자이,,59.98,14,2016,115000,2020-03-06,,,,,,
성동구,11200,10700,행당동,349,11200-24,서울숲 한신 더 휴,,114.97,23,2003,124000,2020-03-05,,,,,,
성동구,11200,11200,금호동4가,1550,11200-2902,브라운스톤2차,,84.98,8,2010,110500,2020-03-07,,,,,,
성동구,11200,10800,응봉동,276,11200-82,서울숲리버그린동아아파트,,114.86,17,2003,121000,2020-03-08,,,,,,
성동구,11200,10200,하왕십리동,1070,11200-3120,센트라스,,59.94,5,2016,123000,2020-03-07,,,,,,
성동구,11200,11200,금호동4가,340,11200-2820,서울숲푸르지오,,114.55,14,2007,176000,2020-03-04,,,,,,
광진구,11215,10300,구의동,668,11215-4466,래미안파크스위트,,84.98,3,2018,125000,2020-03-25,,,,,,
광진구,11215,10300,구의동,71-6,11215-4712,한영해시안아파트,,59.97,10,2020,59800,2020-03-14,,,,,,
광진구,11215,10700,화양동,234,11215-99,화양현대,,59.97,21,1999,64750,2020-03-09,,,,,,
광진구,11215,10500,자양동,227-7,11215-2478,더샵스타시티,,119.41,39,2007,150000,2020-03-16,,,,,,
광진구,11215,10100,중곡동,190-26,11215-100,중곡2단지,,55.87,3,1976,34000,2020-03-27,,,,,,
광진구,11215,10500,자양동,855,11215-2484,이튼타워리버3차,,137.71,12,2007,140000,2020-03-27,,,,,,
광진구,11215,10500,자양동,227-7,11215-2478,더샵스타시티,,119.41,20,2007,145000,2020-03-07,,,,,,
광진구,11215,10700,화양동,111-102,11215-4483,아스하임(111-102),,15.14,19,2018,24500,2020-03-30,,,,,,
광진구,11215,10500,자양동,642,11215-67,자양현대5,,59.72,2,1998,70000,2020-03-25,,,,,,
광진구,11215,10300,구의동,668,11215-4466,래미안파크스위트,,84.98,3,2018,125000,2020-03-25,O,20.09.23,,,,
광진구,11215,10400,광장동,567,11215-1,광나루현대,,84.59,16,1996,103500,2020-03-23,,,,,,
광진구,11215,10500,자양동,516,11215-57,우성3,,51.39,13,1989,77600,2020-03-28,,,,,,
광진구,11215,10500,자양동,644,11215-53,로얄동아,,84.83,2,1999,80500,2020-03-21,,,,,,
광진구,11215,10900,군자동,360-20,11215-2576,광진동양파라곤1단지,,124.65,11,2008,88800,2020-03-21,,,,,,
광진구,11215,10500,자양동,624-45,11215-3091,대원캐슬빌,,48.46,6,2012,32900,2020-03-26,,,,,,
광진구,11215,10300,구의동,610,11215-26,구의현대6단지,,84.92,14,1994,108000,2020-03-19,,,,,,
광진구,11215,10400,광장동,105,11215-20,워커힐현대빌,,133.68,2,1994,78000,2020-03-30,,,,,,
광진구,11215,10500,자양동,87-1,11215-47,한강우성,,84.72,3,1993,97000,2020-03-28,,,,,,
광진구,11215,10500,자양동,670,11215-73,현대3,,84.9,12,1996,94500,2020-03-18,,,,,,
광진구,11215,10700,화양동,21-2,11215-2471,브라운스톤,,65.09,11,2006,57500,2020-03-13,,,,,,
광진구,11215,10900,군자동,99,11215-41,일성파크,,59.96,6,1996,52600,2020-03-21,,,,,,
광진구,11215,10500,자양동,227-7,11215-2478,더샵스타시티,,163.53,13,2007,172500,2020-03-30,,,,,,
광진구,11215,10400,광장동,453-1,11215-8,삼성광장2,,58.62,12,1989,84000,2020-03-10,,,,,,
광진구,11215,10500,자양동,227-7,11215-2478,더샵스타시티,,119.41,20,2007,145000,2020-03-07,O,20.04.22,,,,
광진구,11215,10700,화양동,234,11215-99,화양현대,,59.97,21,1999,64750,2020-03-09,O,20.06.09,,,,
광진구,11215,10700,화양동,234,11215-99,화양현대,,84.77,19,1999,77000,2020-03-09,,,,,,
광진구,11215,10400,광장동,576,11215-2,광장현대9단지,,84.96,14,1999,124500,2020-03-21,,,,,,
광진구,11215,10500,자양동,227-7,11215-2478,더샵스타시티,,163.53,34,2007,185000,2020-03-05,,,,,,
광진구,11215,10500,자양동,663-21,11215-2413,와이엠프라젠스파,,75.31,3,2005,60500,2020-03-07,,,,,,
광진구,11215,10400,광장동,218-1,11215-4,극동2,,84.55,9,1989,133000,2020-03-03,,,,,,
광진구,11215,10500,자양동,670,11215-73,현대3,,59.97,2,1996,72700,2020-03-06,,,,,,
광진구,11215,10500,자양동,672,11215-71,한솔리베르,,83.31,3,2002,87000,2020-03-11,,,,,,
광진구,11215,10500,자양동,520-2,11215-56,우성2,,51.57,14,1989,78500,2020-03-28,,,,,,
광진구,11215,10900,군자동,358-9,11215-2575,광진동양파라곤2단지,,75.21,9,2008,72800,2020-03-14,,,,,,
광진구,11215,10500,자양동,227-7,11215-2478,더샵스타시티,,163.53,32,2007,190000,2020-03-05,,,,,,
광진구,11215,10500,자양동,641,11215-49,경남,,59.96,5,1999,67000,2020-03-21,,,,,,
광진구,11215,10300,구의동,656,11215-30,새한,,84.91,7,2000,85000,2020-03-21,,,,,,
광진구,11215,10300,구의동,664,11215-3392,주성힐스톤,,70.96,4,2014,60000,2020-03-13,,,,,,
광진구,11215,10500,자양동,786,11215-68,자양현대6,,114.98,8,1999,133000,2020-03-16,,,,,,
광진구,11215,10400,광장동,577,11215-21,현대파크빌,,84.81,17,2000,135000,2020-03-13,,,,,,
광진구,11215,10300,구의동,631-1,11215-33,현대프라임,,59.82,20,1997,97000,2020-03-10,,,,,,
광진구,11215,10500,자양동,553-41,11215-59,우성5,,84.72,9,1990,93000,2020-03-07,,,,,,
광진구,11215,10500,자양동,761,11215-65,자양2현대,,84.88,14,1995,104500,2020-03-10,,,,,,
광진구,11215,10500,자양동,779-8,11215-2467,구의현대홈시티,,84.93,19,2006,78500,2020-03-07,,,,,,
광진구,11215,10500,자양동,854,11215-2457,광진트라팰리스,,153.79,28,2006,183000,2020-03-03,,,,,,
광진구,11215,10100,중곡동,624-19,11215-4346,테라팰리스중곡1,,71.803,4,2017,48000,2020-03-12,,,,,,
광진구,11215,10100,중곡동,681,11215-85,성원,,84.98,23,1998,50500,2020-03-16,,,,,,
광진구,11215,10300,구의동,205-18,11215-2400,그레이스홈타운(102동),,107.07,4,2005,67800,2020-03-11,,,,,,
광진구,11215,10500,자양동,779-8,11215-2467,구의현대홈시티,,114,15,2006,102500,2020-03-11,,,,,,
광진구,11215,10400,광장동,576,11215-2,광장현대9단지,,84.96,15,1999,124000,2020-03-11,,,,,,
광진구,11215,10700,화양동,113-1,11215-3509,광진코지웰,,18.63,6,2014,17500,2020-03-11,,,,,,
광진구,11215,10400,광장동,580,11215-130,현대홈타운12차,,147.23,11,2004,178000,2020-03-07,,,,,,
광진구,11215,10500,자양동,829,11215-48,한강현대,,83.45,9,1993,92500,2020-03-02,,,,,,
광진구,11215,10700,화양동,21-2,11215-2471,브라운스톤,,58.24,15,2006,55000,2020-03-04,,,,,,
광진구,11215,10500,자양동,860,11215-4511,테라팰리스건대2차,,82.94,7,2018,91000,2020-03-05,,,,,,
동대문구,11230,10200,용두동,255-66,11230-2076,청계천대성스카이렉스2,,84.99,2,2007,70000,2020-03-07,,,,,,
동대문구,11230,10900,휘경동,78,11230-50,롯데,,59.94,14,2000,52000,2020-03-13,,,,,,
동대문구,11230,10500,답십리동,1003,11230-2587,래미안위브,,59.97,12,2014,81000,2020-03-30,,,,,,
동대문구,11230,10500,답십리동,1003,11230-2587,래미안위브,,59.97,12,2014,81000,2020-03-30,O,20.05.06,,,,
동대문구,11230,10500,답십리동,999,11230-2037,청계벽산메가트리움,,84.96,10,2006,66000,2020-03-25,,,,,,
동대문구,11230,10500,답십리동,1003,11230-2587,래미안위브,,59.97,12,2014,81000,2020-03-30,O,20.05.04,,,,
동대문구,11230,10400,전농동,10,11230-10,전농SK,,114.3,18,2000,73000,2020-03-30,,,,,,
동대문구,11230,10600,장안동,371-1,11230-38,장안삼성쉐르빌,,119.78,15,2002,52000,2020-03-30,,,,,,
동대문구,11230,10700,청량리동,425,11230-42,광남캐스빌,,84.71,1,2002,87000,2020-03-27,,,,,,
동대문구,11230,10700,청량리동,234-2,11230-45,현대,,82.18,7,1987,77000,2020-03-26,,,,,,
동대문구,11230,10400,전농동,690,11230-2578,래미안크레시티,,59.99,4,2014,101500,2020-03-30,,,,,,
동대문구,11230,10500,답십리동,999,11230-2037,청계벽산메가트리움,,84.96,10,2006,66000,2020-03-25,O,20.04.27,,,,
동대문구,11230,10300,제기동,252,11230-213,이수브라운스톤,,84.9,1,2005,71400,2020-03-01,,,,,,
동대문구,11230,10400,전농동,688,11230-2222,래미안아름숲,,84.92,11,2012,95000,2020-03-31,,,,,,
동대문구,11230,10900,휘경동,57,11230-53,휘경리오포레아파트(1단지),,84.75,8,2001,67000,2020-03-31,,,,,,
동대문구,11230,10300,제기동,1212,11230-5,한신아파트,,59.84,11,2004,65000,2020-03-21,,,,,,
동대문구,11230,10800,회기동,65,11230-48,신현대,,60.48,6,1989,60000,2020-03-27,,,,,,
동대문구,11230,10400,전농동,10,11230-10,전농SK,,84.95,19,2000,76800,2020-03-28,,,,,,
동대문구,11230,10900,휘경동,115,11230-57,동양1차,,59.85,16,2000,50000,2020-03-23,,,,,,
동대문구,11230,10500,답십리동,1014,11230-2868,답십리파크자이,,59.91,14,2019,95000,2020-03-28,,,,,,
동대문구,11230,10400,전농동,690,11230-2578,래미안크레시티,,84.96,7,2014,111500,2020-03-24,,,,,,
동대문구,11230,10400,전농동,6,11230-12,전농우성,,126.63,3,1992,65000,2020-03-11,,,,,,
동대문구,11230,10500,답십리동,1003,11230-2587,래미안위브,,59.97,12,2014,89990,2020-03-28,,,,,,
동대문구,11230,10600,장안동,365-4,11230-2240,서희스타힐스,,80.53,11,2013,49500,2020-03-21,O,20.04.25,,,,
동대문구,11230,10300,제기동,892-66,11230-6,현대,,59.92,16,1999,62700,2020-03-27,,,,,,
동대문구,11230,10900,휘경동,115,11230-57,동양1차,,59.85,19,2000,50000,2020-03-23,O,20.04.20,,,,
동대문구,11230,10600,장안동,455-1,11230-120,비젼아파트101동,,99.95,3,2004,50000,2020-03-19,,,,,,
동대문구,11230,10600,장안동,346-2,11230-2658,태솔아파트2차,,59.15,7,2016,33500,2020-03-26,,,,,,
동대문구,11230,10200,용두동,779,11230-2,신동아,,58.59,8,1994,53500,2020-03-21,,,,,,
동대문구,11230,10900,휘경동,365,11230-1996,휘경동일하이빌,,59.934,7,2005,59000,2020-03-29,,,,,,
동대문구,11230,10900,휘경동,106,11230-52,휘경미소지움,,59.84,21,1999,52800,2020-03-14,,,,,,
동대문구,11230,10900,휘경동,78,11230-50,롯데,,59.94,8,2000,48000,2020-03-19,,,,,,
동대문구,11230,10400,전농동,688,11230-2222,래미안아름숲,,84.7,4,2012,89900,2020-03-05,,,,,,
동대문구,11230,10400,전농동,6,11230-12,전농우성,,84.84,3,1992,52500,2020-03-31,,,,,,
동대문구,11230,10900,휘경동,369,11230-2645,휘경제이스카이아파트,,84.43,9,2016,62200,2020-03-14,O,20.04.24,,,,
동대문구,11230,10600,장안동,562,11230-1977,우성3차(562),,84.26,11,2005,51800,2020-03-18,,,,,,
동대문구,11230,10900,휘경동,115,11230-57,동양1차,,59.85,4,2000,50000,2020-03-31,,,,,,
동대문구,11230,10200,용두동,236-1,11230-88,신설동역대우아이빌1,,47.988,15,2004,40000,2020-03-16,,,,,,
동대문구,11230,10400,전농동,6,11230-12,전농우성,,84.84,3,1992,65000,2020-03-11,O,20.04.17,,,,
동대문구,11230,11000,이문동,311,11230-125,래미안이문2차,,59.79,7,2004,70000,2020-03-21,,,,,,
동대문구,11230,10500,답십리동,1003,11230-2587,래미안위브,,84.98,12,2014,119000,2020-03-13,,,,,,
동대문구,11230,10700,청량리동,234-2,11230-45,현대,,82.18,3,1987,75000,2020-03-10,,,,,,
동대문구,11230,10600,장안동,401-1,11230-113,화성(401-1),,81.58,2,1999,37000,2020-03-21,,,,,,
동대문구,11230,10200,용두동,792,11230-2198,래미안 허브리츠,,84.97,16,2011,112000,2020-03-09,,,,,,
동대문구,11230,10500,답십리동,42,11230-19,동답한신,,44.35,1,1992,38000,2020-03-17,,,,,,
동대문구,11230,10500,답십리동,42,11230-19,동답한신,,44.35,14,1992,39500,2020-03-21,,,,,,
동대문구,11230,10500,답십리동,808,11230-31,대림,,84.66,3,2003,61000,2020-03-17,,,,,,
동대문구,11230,10500,답십리동,80,11230-26,답십리청솔우성,,84.94,7,2000,71000,2020-03-14,,,,,,
동대문구,11230,10600,장안동,371-1,11230-38,장안삼성쉐르빌,,119.05,25,2002,55200,2020-03-26,,,,,,
동대문구,11230,10600,장안동,335-10,11230-2936,태솔아파트4차,,54.53,5,2019,39000,2020-03-13,,,,,,
동대문구,11230,10600,장안동,346-2,11230-2658,태솔아파트2차,,59.72,5,2016,32500,2020-03-26,,,,,,
동대문구,11230,10700,청량리동,212,11230-47,홍릉동부,,114.91,7,2001,88000,2020-03-14,,,,,,
동대문구,11230,10400,전농동,6,11230-12,전농우성,,44.24,11,1992,36200,2020-03-21,,,,,,
동대문구,11230,10400,전농동,6,11230-12,전농우성,,84.84,11,1992,59800,2020-03-07,,,,,,
동대문구,11230,10900,휘경동,52,11230-58,휘경베스트빌현대,,114.88,5,2000,61500,2020-03-28,,,,,,
동대문구,11230,10500,답십리동,10,11230-21,동아,,84.72,16,2001,66800,2020-03-21,,,,,,
동대문구,11230,10200,용두동,790,11230-2159,롯데캐슬피렌체,,26.08,12,2009,29950,2020-03-25,,,,,,
동대문구,11230,10300,제기동,1158-6,11230-1963,동성네스트빌,,79.61,4,2005,35700,2020-03-21,,,,,,
동대문구,11230,10300,제기동,252,11230-213,이수브라운스톤,,84.9,8,2005,73000,2020-03-12,,,,,,
동대문구,11230,10300,제기동,252,11230-213,이수브라운스톤,,84.9,1,2005,70500,2020-03-25,,,,,,
동대문구,11230,10500,답십리동,1002,11230-2208,청계한신휴플러스,,107.75,11,2010,118000,2020-03-12,,,,,,
동대문구,11230,10900,휘경동,78,11230-50,롯데,,82.8,18,2000,59300,2020-03-28,,,,,,
동대문구,11230,10400,전농동,6,11230-12,전농우성,,126.63,6,1992,70000,2020-03-14,,,,,,
동대문구,11230,10500,답십리동,999,11230-2037,청계벽산메가트리움,,84.96,9,2006,67000,2020-03-18,,,,,,
동대문구,11230,10600,장안동,415-10,11230-2922,글로벌팰리스,,22.79,10,2019,26000,2020-03-27,,,,,,
동대문구,11230,10600,장안동,336,11230-81,장안현대홈타운(336),,59.61,18,2003,69000,2020-03-20,,,,,,
동대문구,11230,10900,휘경동,78,11230-50,롯데,,59.94,14,2000,52000,2020-03-13,O,20.05.12,,,,
동대문구,11230,10900,휘경동,52,11230-58,휘경베스트빌현대,,59.92,20,2000,45000,2020-03-14,,,,,,
동대문구,11230,10600,장안동,336,11230-81,장안현대홈타운(336),,84.87,24,2003,78500,2020-03-29,,,,,,
동대문구,11230,10600,장안동,327,11230-102,정은스카이빌101동,,81.17,7,2004,51200,2020-03-27,,,,,,
동대문구,11230,10600,장안동,329-2,11230-2078,장안힐스테이트,,59.885,23,2007,75000,2020-03-11,,,,,,
동대문구,11230,10600,장안동,562,11230-1977,우성3차(562),,84.26,5,2005,50000,2020-03-14,,,,,,
동대문구,11230,10600,장안동,455-1,11230-120,비젼아파트101동,,84.57,4,2004,47500,2020-03-30,,,,,,
동대문구,11230,10400,전농동,6,11230-12,전농우성,,59.78,7,1992,48000,2020-03-02,,,,,,
동대문구,11230,10400,전농동,6,11230-12,전농우성,,115.56,1,1992,61000,2020-03-09,,,,,,
동대문구,11230,10900,휘경동,109,11230-75,롯데낙천대,,82.82,14,2003,65000,2020-03-09,,,,,,
동대문구,11230,10600,장안동,241-13,11230-215,동재(A동),,84.9,2,2005,35000,2020-03-14,,,,,,
동대문구,11230,10500,답십리동,1003,11230-2587,래미안위브,,84.99,9,2014,112000,2020-03-14,,,,,,
동대문구,11230,10400,전농동,6,11230-12,전농우성,,59.78,5,1992,41000,2020-03-09,,,,,,
동대문구,11230,10600,장안동,587,11230-2969,동대문더퍼스트데시앙,,59.8074,10,2019,72000,2020-03-05,,,,,,
동대문구,11230,10600,장안동,169-54,11230-95,대성하이빌(B동),,73.84,3,2004,27900,2020-03-08,,,,,,
동대문구,11230,10200,용두동,104-34,11230-2910,가우디캐슬,,28.73,8,2019,25800,2020-03-29,,,,,,
동대문구,11230,10400,전농동,6,11230-12,전농우성,,115.56,1,1992,62000,2020-03-11,,,,,,
동대문구,11230,10400,전농동,10,11230-10,전농SK,,84.95,10,2000,73800,2020-03-09,,,,,,
동대문구,11230,10900,휘경동,117,11230-83,동양2차,,84.614,16,2002,62000,2020-03-21,,,,,,
동대문구,11230,10400,전농동,10,11230-10,전농SK,,59.96,19,2000,63000,2020-03-21,,,,,,
동대문구,11230,10700,청량리동,60,11230-44,한신,,84.92,5,1997,63000,2020-03-30,,,,,,
동대문구,11230,10400,전농동,6,11230-12,전농우성,,115.56,1,1992,62000,2020-03-11,O,20.03.31,,,,
동대문구,11230,10800,회기동,346-18,11230-2350,베라체캠퍼스,,24.011,10,2013,26000,2020-03-14,,,,,,
동대문구,11230,11000,이문동,225,11230-65,대림e-편한세상,,59.958,16,2003,69500,2020-03-24,,,,,,
동대문구,11230,11000,이문동,54,11230-63,현대,,84.56,7,2000,65000,2020-03-18,,,,,,
동대문구,11230,10600,장안동,390-5,11230-39,성림(390-5),,73.12,6,2003,31500,2020-03-23,,,,,,
동대문구,11230,10400,전농동,6,11230-12,전농우성,,84.84,1,1992,55000,2020-03-11,,,,,,
동대문구,11230,10200,용두동,104-34,11230-2910,가우디캐슬,,29.98,5,2019,26800,2020-03-27,,,,,,
동대문구,11230,10500,답십리동,41,11230-20,동서울한양,,76.41,3,1989,59700,2020-03-24,,,,,,
동대문구,11230,10700,청량리동,425,11230-42,광남캐스빌,,84.71,6,2002,90000,2020-03-07,,,,,,
동대문구,11230,10600,장안동,93-128,11230-2250,금성아파트,,66.74,6,2011,38200,2020-03-17,,,,,,
동대문구,11230,10600,장안동,382-5,11230-2638,태솔아파트1차,,54.2,9,2016,37500,2020-03-05,,,,,,
동대문구,11230,10600,장안동,329-3,11230-129,래미안장안2차,,81.05,23,2007,79400,2020-03-09,,,,,,
동대문구,11230,10300,제기동,1213,11230-2431,어진재,,15.28,6,2014,18100,2020-03-03,,,,,,
동대문구,11230,11000,이문동,73,11230-61,삼익,,59.95,1,1997,44000,2020-03-22,,,,,,
동대문구,11230,10500,답십리동,42,11230-19,동답한신,,44.35,5,1992,38900,2020-03-20,,,,,,
동대문구,11230,10600,장안동,372-16,11230-2543,청솔아파트(B동),,59.93,9,2015,30500,2020-03-10,,,,,,
동대문구,11230,10900,휘경동,57,11230-64,휘경리오포레아파트(2단지),,39.98,2,2001,34000,2020-03-23,,,,,,
동대문구,11230,10500,답십리동,530-5,11230-23,삼희,,59.68,9,1983,52000,2020-03-07,,,,,,
동대문구,11230,11000,이문동,311,11230-125,래미안이문2차,,59.79,7,2004,70500,2020-03-10,,,,,,
동대문구,11230,10500,답십리동,10,11230-21,동아,,101.94,5,2001,70000,2020-03-09,,,,,,
동대문구,11230,10200,용두동,255-66,11230-2076,청계천대성스카이렉스2,,84.99,2,2007,70000,2020-03-07,O,20.05.22,,,,
동대문구,11230,10600,장안동,93-128,11230-2250,금성아파트,,65.95,6,2011,38100,2020-03-05,,,,,,
동대문구,11230,10500,답십리동,530-15,11230-2682,현대썬앤빌청계,,14.82,6,2016,13900,2020-03-25,,,,,,
동대문구,11230,10300,제기동,1213,11230-2431,어진재,,19.6,2,2014,17000,2020-03-03,,,,,,
동대문구,11230,10500,답십리동,10,11230-21,동아,,59.88,6,2001,55000,2020-03-03,,,,,,
동대문구,11230,10200,용두동,255-66,11230-2076,청계천대성스카이렉스2,,84.99,13,2007,67000,2020-03-12,,,,,,
동대문구,11230,10100,신설동,109-13,11230-2065,청계천대성스카이렉스1,,75.24,7,2007,66500,2020-03-17,,,,,,
동대문구,11230,10900,휘경동,57,11230-53,휘경리오포레아파트(1단지),,84.73,17,2001,64700,2020-03-02,,,,,,
동대문구,11230,10500,답십리동,1009,11230-2823,힐스테이트청계,,59.81,1,2018,85000,2020-03-18,,,,,,
동대문구,11230,10500,답십리동,999,11230-2037,청계벽산메가트리움,,59.93,12,2006,58000,2020-03-07,,,,,,
동대문구,11230,10600,장안동,415-10,11230-2922,글로벌팰리스,,27.04,9,2019,26900,2020-03-16,,,,,,
동대문구,11230,10400,전농동,690,11230-2578,래미안크레시티,,59.99,9,2014,102000,2020-03-04,,,,,,
동대문구,11230,10400,전농동,6,11230-12,전농우성,,59.78,1,1992,42000,2020-03-04,,,,,,
동대문구,11230,10500,답십리동,41,11230-20,동서울한양,,59.67,3,1989,50500,2020-03-13,,,,,,
동대문구,11230,10200,용두동,779,11230-2,신동아,,58.59,3,1994,52300,2020-03-17,,,,,,
동대문구,11230,10500,답십리동,488-18,11230-2370,센시티16,,14.244,11,2013,11000,2020-03-21,,,,,,
동대문구,11230,10500,답십리동,42,11230-19,동답한신,,35.45,2,1992,30700,2020-03-07,,,,,,
동대문구,11230,10300,제기동,1212,11230-5,한신아파트,,59.84,24,2004,63000,2020-03-04,,,,,,
동대문구,11230,10500,답십리동,989-1,11230-24,우성그린,,59.36,1,1997,41200,2020-03-07,,,,,,
동대문구,11230,10200,용두동,779,11230-2,신동아,,58.59,10,1994,52750,2020-03-05,,,,,,
동대문구,11230,10500,답십리동,41,11230-20,동서울한양,,76.41,6,1989,59900,2020-03-02,,,,,,
동대문구,11230,10900,휘경동,57,11230-64,휘경리오포레아파트(2단지),,39.98,15,2001,38000,2020-03-05,,,,,,
동대문구,11230,10500,답십리동,990,11230-22,두산,,84.83,16,2000,69500,2020-03-07,,,,,,
동대문구,11230,10900,휘경동,117,11230-83,동양2차,,84.614,3,2002,58800,2020-03-14,,,,,,
동대문구,11230,10600,장안동,569,11230-1973,현대홈타운2차,,84.97,6,2005,68000,2020-03-10,,,,,,
동대문구,11230,10300,제기동,252,11230-213,이수브라운스톤,,84.9,1,2005,71400,2020-03-01,O,20.04.21,,,,
동대문구,11230,10200,용두동,790,11230-2159,롯데캐슬피렌체,,26.08,8,2009,29950,2020-03-06,,,,,,
동대문구,11230,10900,휘경동,57,11230-53,휘경리오포레아파트(1단지),,84.82,1,2001,62000,2020-03-03,,,,,,
동대문구,11230,10500,답십리동,1003,11230-2587,래미안위브,,84.98,15,2014,116000,2020-03-11,,,,,,
동대문구,11230,11000,이문동,292-10,11230-2120,이문동웰츠타워,,84.998,11,2008,55500,2020-03-09,,,,,,
동대문구,11230,10600,장안동,371-1,11230-38,장안삼성쉐르빌,,102.28,25,2002,57200,2020-03-06,,,,,,
동대문구,11230,11000,이문동,45,11230-59,대우,,84.891,6,2001,68000,2020-03-07,,,,,,
동대문구,11230,10600,장안동,569,11230-1973,현대홈타운2차,,84.97,11,2005,72000,2020-03-14,,,,,,
동대문구,11230,10900,휘경동,365,11230-1996,휘경동일하이빌,,59.934,11,2005,53500,2020-03-08,,,,,,
동대문구,11230,10600,장안동,580,11230-2231,장안위더스빌,,84.99,9,2011,57400,2020-03-07,,,,,,
동대문구,11230,10600,장안동,563,11230-1978,신부파스카(563),,84.99,14,2005,55500,2020-03-04,,,,,,
동대문구,11230,10600,장안동,569,11230-1973,현대홈타운2차,,96.22,8,2005,70000,2020-03-13,,,,,,
동대문구,11230,10500,답십리동,80,11230-26,답십리청솔우성,,114.76,1,2000,72000,2020-03-14,,,,,,
동대문구,11230,10500,답십리동,530-15,11230-2682,현대썬앤빌청계,,14.21,10,2016,13500,2020-03-14,,,,,,
동대문구,11230,10500,답십리동,80,11230-26,답십리청솔우성,,114.76,2,2000,69000,2020-03-05,,,,,,
동대문구,11230,11000,이문동,225,11230-65,대림e-편한세상,,59.958,14,2003,70000,2020-03-06,,,,,,
동대문구,11230,10400,전농동,32-4,11230-2093,전농동하우스토리,,83.115,19,2007,60500,2020-03-16,,,,,,
동대문구,11230,10600,장안동,565,11230-1980,대명이룸아파트(565-0),,71.01,6,2005,49000,2020-03-07,,,,,,
동대문구,11230,10400,전농동,688,11230-2222,래미안아름숲,,84.92,4,2012,92600,2020-03-06,,,,,,
동대문구,11230,10500,답십리동,990,11230-22,두산,,84.83,1,2000,62500,2020-03-13,,,,,,
동대문구,11230,10900,휘경동,366,11230-2072,동일스위트리버,,59.732,2,2007,55800,2020-03-02,,,,,,
동대문구,11230,10500,답십리동,488-18,11230-2370,센시티16,,14.244,10,2013,10900,2020-03-09,,,,,,
동대문구,11230,10500,답십리동,488-18,11230-2370,센시티16,,14.244,11,2013,11000,2020-03-09,,,,,,
동대문구,11230,10900,휘경동,57,11230-64,휘경리오포레아파트(2단지),,39.98,1,2001,32500,2020-03-09,,,,,,
동대문구,11230,10500,답십리동,990,11230-22,두산,,84.83,23,2000,70600,2020-03-13,,,,,,
동대문구,11230,10900,휘경동,109,11230-75,롯데낙천대,,112.03,6,2003,69300,2020-03-06,,,,,,
동대문구,11230,11000,이문동,54,11230-63,현대,,59.92,22,2000,56000,2020-03-09,,,,,,
동대문구,11230,11000,이문동,54,11230-63,현대,,59.92,23,2000,56000,2020-03-07,,,,,,
동대문구,11230,10900,휘경동,117,11230-83,동양2차,,84.614,6,2002,61700,2020-03-01,,,,,,
동대문구,11230,10900,휘경동,57,11230-53,휘경리오포레아파트(1단지),,84.82,21,2001,58500,2020-03-12,,,,,,
동대문구,11230,10500,답십리동,464-1,11230-17,신답극동,,46.53,14,1987,55500,2020-03-06,,,,,,
동대문구,11230,10600,장안동,354-2,11230-70,래미안장안,,84.774,15,2003,83000,2020-03-06,,,,,,
동대문구,11230,10500,답십리동,42,11230-19,동답한신,,35.45,5,1992,31000,2020-03-10,,,,,,
동대문구,11230,10500,답십리동,1000,11230-2157,래미안엘파인아파트,,59.95,5,2011,61000,2020-03-04,,,,,,
동대문구,11230,10900,휘경동,109,11230-75,롯데낙천대,,82.82,2,2003,58250,2020-03-01,,,,,,
동대문구,11230,10900,휘경동,117,11230-83,동양2차,,59.949,8,2002,55000,2020-03-01,,,,,,
동대문구,11230,10400,전농동,6,11230-12,전농우성,,126.63,9,1992,64000,2020-03-02,,,,,,
동대문구,11230,10500,답십리동,42,11230-19,동답한신,,44.35,2,1992,37000,2020-03-06,,,,,,
동대문구,11230,10500,답십리동,1008,11230-2758,청계와이즈노벨리아,,59.8946,10,2017,79000,2020-03-08,,,,,,
동대문구,11230,10600,장안동,404-13,11230-2023,(아이엔에스새터),,84.86,5,2005,44800,2020-03-06,,,,,,
동대문구,11230,10200,용두동,255-66,11230-2076,청계천대성스카이렉스2,,84.99,17,2007,50000,2020-03-10,,,,,,
동대문구,11230,11000,이문동,425,11230-60,이문삼성래미안아파트,,114.988,5,2001,70000,2020-03-05,,,,,,
동대문구,11230,11000,이문동,54,11230-63,현대,,114.6,20,2000,59000,2020-03-07,,,,,,
동대문구,11230,10500,답십리동,80,11230-26,답십리청솔우성,,114.76,8,2000,78000,2020-03-03,,,,,,
동대문구,11230,10400,전농동,687,11230-1966,전농동신성미소지움,,55.371,18,2005,81000,2020-03-03,,,,,,
동대문구,11230,10500,답십리동,1000,11230-2157,래미안엘파인아파트,,59.95,2,2011,58500,2020-03-01,,,,,,
동대문구,11230,10200,용두동,255-49,11230-2870,청계한양아이클래스,,14.22,18,2019,18900,2020-03-05,,,,,,
동대문구,11230,10600,장안동,454-1,11230-220,비젼아파트103동,,84.4,2,2005,43800,2020-03-03,,,,,,
동대문구,11230,10400,전농동,695,11230-2822,동대문롯데캐슬노블레스,,59.98,12,2018,115000,2020-03-04,,,,,,
동대문구,11230,10600,장안동,466-5,11230-2389,장안푸르미에,,12.9463,9,2013,14000,2020-03-01,,,,,,
동대문구,11230,10500,답십리동,530-15,11230-2682,현대썬앤빌청계,,18.27,11,2016,16000,2020-03-02,,,,,,
중랑구,11260,10400,묵동,384,11260-59,신안3,,59.86,12,2000,45000,2020-03-09,,,,,,
중랑구,11260,10100,면목동,1529,11260-2042,경남아너스빌,,84.961,5,2006,64300,2020-03-26,,,,,,
중랑구,11260,10500,망우동,580,11260-2012,금호어울림(580),,59.96,11,2006,45000,2020-03-03,,,,,,
중랑구,11260,10300,중화동,450,11260-46,한신아파트상가동유치원동(103~109),,59.76,26,1997,50900,2020-03-07,,,,,,
중랑구,11260,10100,면목동,1522,11260-7,두산4,,84.86,13,2000,70000,2020-03-19,,,,,,
중랑구,11260,10100,면목동,1499,11260-18,용마동아,,84.88,6,1993,51800,2020-03-14,,,,,,
중랑구,11260,10500,망우동,578,11260-2055,한진해모로,,84.97,3,2007,51500,2020-03-25,,,,,,
중랑구,11260,10400,묵동,168-7,11260-2665,고덕골든빌(103동),,89.36,15,2012,54500,2020-03-17,,,,,,
중랑구,11260,10600,신내동,657,11260-98,신내9진흥,,33.18,12,1996,23500,2020-03-07,,,,,,
중랑구,11260,10300,중화동,450,11260-46,한신아파트상가동유치원동(103~109),,59.76,23,1997,54500,2020-03-13,,,,,,
중랑구,11260,10300,중화동,450,11260-46,한신아파트상가동유치원동(103~109),,59.76,15,1997,54000,2020-03-30,,,,,,
중랑구,11260,10200,상봉동,87-27,11260-4032,센트럴파크55,,49.1,8,2019,43500,2020-03-31,,,,,,
중랑구,11260,10400,묵동,379,11260-47,극동늘푸른,,57.63,18,1999,42300,2020-03-31,,,,,,
중랑구,11260,10500,망우동,580,11260-2012,금호어울림(580),,84.93,2,2006,51000,2020-03-30,,,,,,
중랑구,11260,10100,면목동,1077-1,11260-19,용마한신,,35.44,6,1990,30650,2020-03-30,,,,,,
중랑구,11260,10600,신내동,618,11260-100,동성3,,84.08,9,1997,55500,2020-03-26,,,,,,
중랑구,11260,10600,신내동,397,11260-83,동성1,,125.48,13,1993,61700,2020-03-11,,,,,,
중랑구,11260,10100,면목동,1500,11260-5,두산1,,84.87,9,1993,60000,2020-03-28,,,,,,
중랑구,11260,10300,중화동,450,11260-46,한신아파트상가동유치원동(103~109),,59.76,12,1997,52800,2020-03-25,,,,,,
중랑구,11260,10200,상봉동,499,11260-2002,건영캐스빌,,84.6475,6,2006,74300,2020-03-31,,,,,,
중랑구,11260,10600,신내동,657,11260-98,신내9진흥,,39.84,14,1996,29000,2020-03-24,,,,,,
중랑구,11260,10500,망우동,578,11260-2055,한진해모로,,84.97,3,2007,51500,2020-03-25,O,20.05.14,,,,
중랑구,11260,10400,묵동,385,11260-65,현대아이파크,,84.9785,4,2002,63300,2020-03-20,,,,,,
중랑구,11260,10200,상봉동,500,11260-2804,프레미어스엠코,,175.05,43,2013,149000,2020-03-20,,,,,,
중랑구,11260,10100,면목동,1522-1,11260-3753,두산5,,59.72,12,2000,55500,2020-03-30,,,,,,
중랑구,11260,10600,신내동,654,11260-95,진로아파트,,101.86,9,1995,67000,2020-03-28,,,,,,
중랑구,11260,10100,면목동,1521,11260-8,두원,,84.96,7,1998,47300,2020-03-26,,,,,,
중랑구,11260,10200,상봉동,501,11260-3271,상봉듀오트리스,,131.8,26,2016,103500,2020-03-28,,,,,,
중랑구,11260,10100,면목동,1508,11260-114,동원베네스트,,84.86,2,2003,56250,2020-03-24,,,,,,
중랑구,11260,10600,신내동,591,11260-101,동성아파트,,59.4,15,1997,40000,2020-03-19,,,,,,
중랑구,11260,10600,신내동,787,11260-90,석탑,,59.82,4,1997,33000,2020-03-23,,,,,,
중랑구,11260,10100,면목동,1513,11260-12,면목삼호101,,83.27,5,2000,57900,2020-03-19,,,,,,
중랑구,11260,10400,묵동,13,11260-52,신내,,59.76,3,1996,43000,2020-03-28,,,,,,
중랑구,11260,10300,중화동,452,11260-44,동구햇살아파트101동,,75.61,14,2001,50600,2020-03-27,,,,,,
중랑구,11260,10400,묵동,20,11260-53,신내대림아파트,,126.28,10,1995,80500,2020-03-18,,,,,,
중랑구,11260,10100,면목동,1077-1,11260-19,용마한신,,35.44,4,1990,29400,2020-03-03,,,,,,
중랑구,11260,10100,면목동,1527,11260-136,신성미소지움,,80.1913,17,2004,51700,2020-03-28,,,,,,
중랑구,11260,10300,중화동,450,11260-46,한신아파트상가동유치원동(103~109),,84.03,2,1997,60000,2020-03-28,,,,,,
중랑구,11260,10400,묵동,121-302,11260-2471,하늘빛아파트,,84.99,3,2011,39700,2020-03-25,O,20.04.13,,,,
중랑구,11260,10500,망우동,226,11260-68,경남,,52.71,1,1989,32500,2020-03-13,,,,,,
중랑구,11260,10600,신내동,650,11260-92,신내6대주,,49.77,3,1996,41000,2020-03-31,,,,,,
중랑구,11260,10100,면목동,1529,11260-2042,경남아너스빌,,84.961,5,2006,64300,2020-03-26,O,20.06.12,,,,
중랑구,11260,10300,중화동,19,11260-43,극동,,84.13,3,1991,45000,2020-03-21,,,,,,
중랑구,11260,10200,상봉동,63,11260-33,건영2차아파트,,57.3,20,1996,46000,2020-03-17,,,,,,
중랑구,11260,10600,신내동,487,11260-86,라이프미성,,59.6,6,1992,29400,2020-03-30,,,,,,
중랑구,11260,10400,묵동,20,11260-53,신내대림아파트,,126.28,7,1995,85000,2020-03-20,,,,,,
중랑구,11260,10100,면목동,1511,11260-1974,두산3,,84.77,17,1995,58000,2020-03-26,,,,,,
중랑구,11260,10100,면목동,1518,11260-16,신우,,84.66,18,1998,51200,2020-03-28,,,,,,
중랑구,11260,10400,묵동,20,11260-54,신내두산아파트,,102.7,5,1995,77000,2020-03-21,,,,,,
중랑구,11260,10200,상봉동,63,11260-33,건영2차아파트,,84.96,11,1996,63500,2020-03-28,,,,,,
중랑구,11260,10100,면목동,1531,11260-2048,마젤란21,,84.741,13,2007,65000,2020-03-11,,,,,,
중랑구,11260,10600,신내동,618,11260-100,동성3,,59.4,25,1997,36000,2020-03-13,,,,,,
중랑구,11260,10100,면목동,1514,11260-23,풍림,,59.4,7,1997,38800,2020-03-19,,,,,,
중랑구,11260,10600,신내동,657,11260-98,신내9진흥,,49.93,2,1996,34900,2020-03-14,,,,,,
중랑구,11260,10100,면목동,1515,11260-13,성원상떼빌,,59.91,19,1997,41800,2020-03-19,,,,,,
중랑구,11260,10300,중화동,454,11260-2693,동양엔파트2차,,84.87,3,2013,60500,2020-03-27,,,,,,
중랑구,11260,10600,신내동,657,11260-98,신내9진흥,,39.84,11,1996,28400,2020-03-20,,,,,,
중랑구,11260,10400,묵동,20,11260-53,신내대림아파트,,102.7,10,1995,76500,2020-03-18,,,,,,
중랑구,11260,10200,상봉동,484,11260-36,"엘지,쌍용아파트",,68.12,3,1996,47500,2020-03-31,,,,,,
중랑구,11260,10400,묵동,20,11260-53,신내대림아파트,,126.28,6,1995,85800,2020-03-21,,,,,,
중랑구,11260,10200,상봉동,128-10,11260-138,SG타워,,69.47,9,2004,33500,2020-03-14,,,,,,
중랑구,11260,10600,신내동,657,11260-98,신내9진흥,,33.18,12,1996,24400,2020-03-17,,,,,,
중랑구,11260,10200,상봉동,87-27,11260-4032,센트럴파크55,,49.1,7,2019,43500,2020-03-20,,,,,,
중랑구,11260,10400,묵동,379,11260-47,극동늘푸른,,57.63,19,1999,40000,2020-03-18,,,,,,
중랑구,11260,10300,중화동,450,11260-46,한신아파트상가동유치원동(103~109),,59.76,23,1997,54500,2020-03-13,O,20.04.29,,,,
중랑구,11260,10600,신내동,795,11260-89,새한,,59.77,3,1998,38000,2020-03-13,,,,,,
중랑구,11260,10400,묵동,383,11260-50,세방,,59.94,16,2000,43800,2020-03-16,,,,,,
중랑구,11260,10100,면목동,193-1,11260-24,면목한신,,44.5,2,1987,35000,2020-03-25,,,,,,
중랑구,11260,10100,면목동,581,11260-31,대원칸타빌,,105.9035,4,2003,72000,2020-03-27,,,,,,
중랑구,11260,10300,중화동,450,11260-46,한신아파트상가동유치원동(103~109),,59.76,26,1997,50900,2020-03-06,O,20.05.29,,,,
중랑구,11260,10100,면목동,1510,11260-6,두산2,,134.2,3,1995,72000,2020-03-09,,,,,,
중랑구,11260,10600,신내동,397,11260-83,동성1,,125.48,10,1993,57500,2020-03-21,,,,,,
중랑구,11260,10100,면목동,1502,11260-25,현대,,74.79,18,1994,55900,2020-03-18,,,,,,
중랑구,11260,10400,묵동,390,11260-2019,SM해그린,,84.47,6,2006,47000,2020-03-17,,,,,,
중랑구,11260,10600,신내동,795,11260-89,새한,,84.36,15,1998,50500,2020-03-28,,,,,,
중랑구,11260,10600,신내동,786,11260-84,동성타워프라자,,84.21,7,1996,40000,2020-03-18,,,,,,
중랑구,11260,10300,중화동,19,11260-43,극동,,84.89,10,1991,41800,2020-03-28,,,,,,
중랑구,11260,10100,면목동,1531,11260-2048,마젤란21,,59.923,6,2007,53800,2020-03-09,,,,,,
중랑구,11260,10600,신내동,397,11260-83,동성1,,59.4,13,1993,42000,2020-03-21,,,,,,
중랑구,11260,10400,묵동,20,11260-54,신내두산아파트,,102.7,4,1995,77100,2020-03-09,,,,,,
중랑구,11260,10500,망우동,479,11260-2136,한일써너스빌리젠시1단지(101동),,84.74,7,2008,70000,2020-03-29,,,,,,
중랑구,11260,10200,상봉동,81-5,11260-105,한일써너스빌,,84.914,3,2003,74400,2020-03-18,,,,,,
중랑구,11260,10600,신내동,657,11260-98,신내9진흥,,39.84,3,1996,27000,2020-03-25,,,,,,
중랑구,11260,10400,묵동,387,11260-108,브라운스톤태릉,,59.4364,7,2004,55500,2020-03-25,,,,,,
중랑구,11260,10100,면목동,1521,11260-8,두원,,59.31,22,1998,38200,2020-03-14,,,,,,
중랑구,11260,10400,묵동,169-10,11260-149,신도브래뉴,,51.86,5,2004,36500,2020-03-14,,,,,,
중랑구,11260,10600,신내동,804,11260-2047,경남아너스빌,,84.98,8,2007,62500,2020-03-24,,,,,,
중랑구,11260,10600,신내동,437,11260-87,벽산,,59.783,15,2000,39000,2020-03-27,,,,,,
중랑구,11260,10100,면목동,1499,11260-18,용마동아,,84.88,6,1993,51800,2020-03-14,O,20.05.09,,,,
중랑구,11260,10500,망우동,580,11260-2012,금호어울림(580),,84.93,2,2006,50800,2020-03-09,,,,,,
중랑구,11260,10400,묵동,20,11260-53,신내대림아파트,,126.28,6,1995,82800,2020-03-21,,,,,,
중랑구,11260,10600,신내동,661,11260-99,신내11대명,,39.76,13,1996,30000,2020-03-25,,,,,,
중랑구,11260,10400,묵동,392,11260-2307,월드메르디앙,,83.51,10,2009,62000,2020-03-14,,,,,,
중랑구,11260,10400,묵동,389,11260-231,태창네스트빌,,84.3875,3,2005,43000,2020-03-16,,,,,,
중랑구,11260,10200,상봉동,1,11260-32,건영1,,84.96,8,1997,59000,2020-03-14,,,,,,
중랑구,11260,10100,면목동,1528,11260-1945,면목동금호어울림아파트,,84.0827,5,2005,62700,2020-03-21,,,,,,
중랑구,11260,10500,망우동,178-80,11260-72,"염광(5,8,10,11동)",,36.9,4,1984,23700,2020-03-23,,,,,,
중랑구,11260,10400,묵동,385,11260-65,현대아이파크,,84.9785,17,2002,70000,2020-03-06,,,,,,
중랑구,11260,10600,신내동,650,11260-92,신내6대주,,39.84,3,1996,32850,2020-03-16,,,,,,
중랑구,11260,10400,묵동,13,11260-52,신내,,49.77,7,1996,37000,2020-03-07,,,,,,
중랑구,11260,10400,묵동,13,11260-52,신내,,39.84,12,1996,29500,2020-03-21,,,,,,
중랑구,11260,10300,중화동,450,11260-46,한신아파트상가동유치원동(103~109),,84.87,5,1997,62000,2020-03-07,,,,,,
중랑구,11260,10400,묵동,13,11260-52,신내,,59.76,6,1996,43500,2020-03-27,,,,,,
중랑구,11260,10100,면목동,193-1,11260-24,면목한신,,66.56,4,1987,47800,2020-03-13,,,,,,
중랑구,11260,10500,망우동,580,11260-2012,금호어울림(580),,84.94,14,2006,52000,2020-03-03,,,,,,
중랑구,11260,10600,신내동,654,11260-95,진로아파트,,134.37,2,1995,73000,2020-03-12,,,,,,
중랑구,11260,10500,망우동,508-11,11260-1965,해오름102동,,57.66,6,2005,34000,2020-03-14,,,,,,
중랑구,11260,10600,신내동,661,11260-99,신내11대명,,49.77,6,1996,36300,2020-03-21,,,,,,
중랑구,11260,10600,신내동,397,11260-83,동성1,,125.48,13,1993,61700,2020-03-11,O,20.04.21,,,,
중랑구,11260,10100,면목동,494,11260-17,용마금호타운,,84.9,7,1992,55000,2020-03-14,,,,,,
중랑구,11260,10300,중화동,450,11260-46,한신아파트상가동유치원동(103~109),,59.76,5,1997,52000,2020-03-04,,,,,,
중랑구,11260,10600,신내동,657,11260-98,신내9진흥,,39.84,14,1996,29500,2020-03-17,,,,,,
중랑구,11260,10100,면목동,1501,11260-4,두산6,,59.55,15,1993,44500,2020-03-07,,,,,,
중랑구,11260,10600,신내동,654,11260-95,진로아파트,,101.86,6,1995,70000,2020-03-10,,,,,,
중랑구,11260,10400,묵동,382,11260-58,신안2,,59.845,7,2000,40000,2020-03-10,,,,,,
중랑구,11260,10100,면목동,1522,11260-7,두산4,,84.86,13,2000,70000,2020-03-19,O,20.05.28,,,,
중랑구,11260,10400,묵동,161-4,11260-49,삼성,,58.56,1,1991,21000,2020-03-05,,,,,,
중랑구,11260,10600,신내동,785,11260-1971,건영2차,,57.3,25,1996,47000,2020-03-07,,,,,,
중랑구,11260,10100,면목동,1502,11260-25,현대,,84.81,19,1994,59900,2020-03-22,,,,,,
중랑구,11260,10600,신내동,650,11260-92,신내6대주,,59.76,9,1996,49500,2020-03-02,,,,,,
중랑구,11260,10300,중화동,450,11260-46,한신아파트상가동유치원동(103~109),,59.76,8,1997,52000,2020-03-14,,,,,,
중랑구,11260,10500,망우동,580,11260-2012,금호어울림(580),,59.96,11,2006,45000,2020-03-03,O,20.06.08,,,,
중랑구,11260,10100,면목동,1529,11260-2042,경남아너스빌,,84.961,12,2006,68000,2020-03-07,,,,,,
중랑구,11260,10300,중화동,450,11260-46,한신아파트상가동유치원동(103~109),,50.37,3,1997,44000,2020-03-13,,,,,,
중랑구,11260,10600,신내동,487,11260-86,라이프미성,,59.6,6,1992,28500,2020-03-26,,,,,,
중랑구,11260,10600,신내동,397,11260-83,동성1,,84.98,4,1993,53000,2020-03-18,,,,,,
중랑구,11260,10500,망우동,236-7,11260-69,대보,,44.01,5,1988,20000,2020-03-23,,,,,,
중랑구,11260,10100,면목동,1501,11260-4,두산6,,84.94,20,1993,55400,2020-03-19,,,,,,
중랑구,11260,10100,면목동,1077-1,11260-19,용마한신,,35.44,8,1990,29150,2020-03-23,,,,,,
중랑구,11260,10400,묵동,167,11260-55,신도,,59.89,5,1998,42500,2020-03-18,,,,,,
중랑구,11260,10100,면목동,193-1,11260-24,면목한신,,27,13,1987,19900,2020-03-09,,,,,,
중랑구,11260,10100,면목동,193-1,11260-24,면목한신,,35.3,15,1987,23500,2020-03-15,,,,,,
중랑구,11260,10600,신내동,816,11260-2893,신내우디안1단지,,84.91,20,2014,69000,2020-03-13,,,,,,
중랑구,11260,10100,면목동,193-1,11260-24,면목한신,,84.92,12,1987,53500,2020-03-07,,,,,,
중랑구,11260,10600,신내동,817,11260-2821,신내 데시앙포레,,84.91,8,2013,69000,2020-03-14,,,,,,
중랑구,11260,10400,묵동,13,11260-52,신내,,39.84,12,1996,28900,2020-03-12,,,,,,
중랑구,11260,10100,면목동,193-1,11260-24,면목한신,,58.46,10,1987,42000,2020-03-07,,,,,,
중랑구,11260,10100,면목동,1515,11260-13,성원상떼빌,,59.91,20,1997,39400,2020-03-16,,,,,,
중랑구,11260,10200,상봉동,115-61,11260-3199,주함해븐타워,,15.17,4,2015,13000,2020-03-23,,,,,,
중랑구,11260,10600,신내동,803,11260-236,대성유니트,,59.96,15,2005,48800,2020-03-03,,,,,,
중랑구,11260,10500,망우동,508-11,11260-1965,해오름102동,,57.66,6,2005,34000,2020-03-14,O,20.03.30,,,,
중랑구,11260,10500,망우동,574,11260-70,백림금호,,59.99,8,2000,33300,2020-03-06,,,,,,
중랑구,11260,10100,면목동,193-1,11260-24,면목한신,,27,10,1987,21000,2020-03-13,,,,,,
중랑구,11260,10200,상봉동,284-11,11260-2310,동일스카이시티101동,,62.28,2,2009,32000,2020-03-06,,,,,,
중랑구,11260,10600,신내동,618,11260-100,동성3,,84.08,11,1997,55000,2020-03-12,,,,,,
중랑구,11260,10400,묵동,245-64,11260-61,우성,,55.77,2,1975,28000,2020-03-19,,,,,,
중랑구,11260,10600,신내동,661,11260-99,신내11대명,,49.77,6,1996,36500,2020-03-09,,,,,,
중랑구,11260,10100,면목동,193-1,11260-24,면목한신,,45.44,6,1987,36200,2020-03-12,,,,,,
중랑구,11260,10600,신내동,657,11260-98,신내9진흥,,49.93,13,1996,36000,2020-03-15,,,,,,
중랑구,11260,10100,면목동,1529,11260-2042,경남아너스빌,,59.981,5,2006,52000,2020-03-13,,,,,,
중랑구,11260,10400,묵동,20,11260-54,신내두산아파트,,102.7,6,1995,75000,2020-03-02,,,,,,
중랑구,11260,10100,면목동,1526,11260-1993,남청파인힐(101동),,81.93,2,2006,44900,2020-03-02,,,,,,
중랑구,11260,10100,면목동,1077-1,11260-19,용마한신,,35.44,4,1990,29700,2020-03-03,O,20.04.13,,,,
중랑구,11260,10600,신내동,657,11260-98,신내9진흥,,49.93,2,1996,36700,2020-03-05,,,,,,
중랑구,11260,10200,상봉동,484,11260-36,"엘지,쌍용아파트",,68.12,12,1996,50000,2020-03-11,,,,,,
중랑구,11260,10400,묵동,387,11260-108,브라운스톤태릉,,83.5358,14,2004,67800,2020-03-10,,,,,,
중랑구,11260,10600,신내동,657,11260-98,신내9진흥,,33.18,8,1996,24200,2020-03-07,,,,,,
중랑구,11260,10600,신내동,783,11260-91,성원,,84.32,1,1994,48600,2020-03-14,,,,,,
중랑구,11260,10600,신내동,487,11260-86,라이프미성,,59.6,4,1992,29000,2020-03-10,,,,,,
중랑구,11260,10600,신내동,650,11260-92,신내6대주,,49.77,4,1996,41900,2020-03-09,,,,,,
중랑구,11260,10300,중화동,274-77,11260-123,한영(104),,106.21,6,2003,45400,2020-03-11,,,,,,
중랑구,11260,10300,중화동,274-75,11260-121,한영(102),,58.87,6,2003,28800,2020-03-17,,,,,,
중랑구,11260,10200,상봉동,1,11260-32,건영1,,84.96,25,1997,56000,2020-03-08,,,,,,
중랑구,11260,10200,상봉동,115-61,11260-3199,주함해븐타워,,14.94,18,2015,14000,2020-03-17,,,,,,
중랑구,11260,10600,신내동,656,11260-85,화성.두산아파트,,84.99,4,1995,60000,2020-03-04,,,,,,
중랑구,11260,10600,신내동,661,11260-99,신내11대명,,49.77,7,1996,35900,2020-03-12,,,,,,
중랑구,11260,10600,신내동,796,11260-81,다우훼밀리,,59.96,17,1999,39000,2020-03-07,,,,,,
중랑구,11260,10600,신내동,783,11260-91,성원,,84.32,4,1994,50600,2020-03-03,,,,,,
중랑구,11260,10600,신내동,656,11260-85,화성.두산아파트,,84.99,11,1995,60600,2020-03-07,,,,,,
중랑구,11260,10100,면목동,1525,11260-2035,용마산금호어울림,,84.912,5,2006,62500,2020-03-07,,,,,,
중랑구,11260,10500,망우동,578,11260-2055,한진해모로,,84.97,8,2007,52000,2020-03-02,,,,,,
중랑구,11260,10600,신내동,650,11260-92,신내6대주,,49.77,7,1996,40000,2020-03-14,,,,,,
중랑구,11260,10100,면목동,1505,11260-164,리치카운티,,84.741,12,2004,56000,2020-03-16,,,,,,
중랑구,11260,10100,면목동,1502,11260-25,현대,,84.81,7,1994,59900,2020-03-11,,,,,,
중랑구,11260,10300,중화동,207-12,11260-2043,미영리치타운103,,84.9,7,2006,57000,2020-03-04,,,,,,
중랑구,11260,10400,묵동,384,11260-59,신안3,,59.86,12,2000,42000,2020-03-09,O,20.09.17,,,,
중랑구,11260,10300,중화동,450,11260-46,한신아파트상가동유치원동(103~109),,59.76,9,1997,45000,2020-03-13,,,,,,
중랑구,11260,10100,면목동,538,11260-2791,신영,,14.43,6,2013,9300,2020-03-07,,,,,,
중랑구,11260,10100,면목동,581,11260-31,대원칸타빌,,105.9035,18,2003,73000,2020-03-02,,,,,,
중랑구,11260,10600,신내동,802,11260-232,우남푸르미아,,84.67,11,2005,54200,2020-03-10,,,,,,
중랑구,11260,10400,묵동,386,11260-109,금호어울림,,84.71,5,2003,65000,2020-03-04,,,,,,
중랑구,11260,10100,면목동,1511,11260-1974,두산3,,84.77,11,1995,58000,2020-03-14,,,,,,
중랑구,11260,10600,신내동,801,11260-163,영풍마드레빌,,84.8485,9,2004,59800,2020-03-09,,,,,,
중랑구,11260,10200,상봉동,101-19,11260-3951,상봉베스트원,,12.95,6,2019,14200,2020-03-16,,,,,,
중랑구,11260,10600,신내동,816,11260-2893,신내우디안1단지,,59.49,18,2014,56000,2020-03-16,,,,,,
중랑구,11260,10600,신내동,817,11260-2821,신내 데시앙포레,,114.54,4,2013,72000,2020-03-04,,,,,,
중랑구,11260,10500,망우동,506-8,11260-2668,EGSoulLeader,,13.42,7,2012,9200,2020-03-12,,,,,,
중랑구,11260,10600,신내동,479,11260-94,중앙하이츠,,84.97,10,1996,51500,2020-03-05,,,,,,
중랑구,11260,10400,묵동,388,11260-151,동구햇살,,84.97,2,2004,54500,2020-03-06,,,,,,
중랑구,11260,10600,신내동,657,11260-98,신내9진흥,,39.84,8,1996,29800,2020-03-08,,,,,,
중랑구,11260,10600,신내동,650,11260-92,신내6대주,,49.77,12,1996,40000,2020-03-05,,,,,,
중랑구,11260,10600,신내동,618,11260-100,동성3,,84.08,2,1997,53500,2020-03-10,,,,,,
중랑구,11260,10100,면목동,1501,11260-4,두산6,,84.94,22,1993,56500,2020-03-01,,,,,,
중랑구,11260,10200,상봉동,497,11260-107,태영데시앙1,,84.9353,24,2003,74000,2020-03-11,,,,,,
중랑구,11260,10500,망우동,577,11260-115,예성그린캐슬,,84.83,15,2004,48800,2020-03-11,,,,,,
중랑구,11260,10400,묵동,13,11260-52,신내,,49.77,9,1996,38700,2020-03-06,,,,,,
중랑구,11260,10200,상봉동,499,11260-2002,건영캐스빌,,84.6475,6,2006,73700,2020-03-06,,,,,,
중랑구,11260,10400,묵동,171-4,11260-230,공감대,,84.99,6,2005,50000,2020-03-02,,,,,,
중랑구,11260,10200,상봉동,63,11260-33,건영2차아파트,,84.96,20,1996,64000,2020-03-06,O,20.04.30,,,,
중랑구,11260,10400,묵동,13,11260-52,신내,,39.84,11,1996,29500,2020-03-09,,,,,,
중랑구,11260,10500,망우동,574,11260-70,백림금호,,59.99,4,2000,30500,2020-03-07,,,,,,
중랑구,11260,10600,신내동,397,11260-83,동성1,,59.4,7,1993,40000,2020-03-12,,,,,,
중랑구,11260,10600,신내동,650,11260-92,신내6대주,,59.76,6,1996,47300,2020-03-06,,,,,,
중랑구,11260,10300,중화동,450,11260-46,한신아파트상가동유치원동(103~109),,59.76,19,1997,44000,2020-03-09,,,,,,
중랑구,11260,10100,면목동,1527,11260-136,신성미소지움,,80.1913,6,2004,51300,2020-03-03,,,,,,
중랑구,11260,10100,면목동,1529,11260-2042,경남아너스빌,,59.858,8,2006,58000,2020-03-10,,,,,,
중랑구,11260,10200,상봉동,495,11260-35,동부아파트,,54,15,1999,46500,2020-03-06,,,,,,
중랑구,11260,10400,묵동,396,11260-3783,이편한세상화랑대,,84.834,7,2017,89800,2020-03-06,,,,,,
중랑구,11260,10600,신내동,317,11260-2336,데시앙,,84.82,11,2010,68000,2020-03-03,,,,,,
중랑구,11260,10600,신내동,657,11260-98,신내9진흥,,49.82,13,1996,34500,2020-03-07,,,,,,
중랑구,11260,10100,면목동,1515,11260-13,성원상떼빌,,59.91,4,1997,39900,2020-03-03,,,,,,
중랑구,11260,10400,묵동,383,11260-50,세방,,76.14,7,2000,47000,2020-03-07,,,,,,
중랑구,11260,10500,망우동,583,11260-2564,중랑숲리가,,110.944,1,2012,64000,2020-03-01,,,,,,
중랑구,11260,10100,면목동,1508,11260-114,동원베네스트,,84.86,12,2003,61800,2020-03-06,,,,,,
중랑구,11260,10400,묵동,245-64,11260-61,우성,,48.13,3,1975,23000,2020-03-02,,,,,,
중랑구,11260,10300,중화동,450,11260-46,한신아파트상가동유치원동(103~109),,84.03,13,1997,64500,2020-03-03,,,,,,
중랑구,11260,10600,신내동,797,11260-103,동성7,,59.34,11,1999,39800,2020-03-05,,,,,,
중랑구,11260,10200,상봉동,85-18,11260-118,문수해오름,,84.84,4,2003,37000,2020-03-01,,,,,,
중랑구,11260,10100,면목동,1522,11260-7,두산4,,84.86,6,2000,67000,2020-03-02,,,,,,
중랑구,11260,10400,묵동,379,11260-47,극동늘푸른,,57.63,14,1999,43000,2020-03-03,,,,,,
성북구,11290,10300,돈암동,15-1,11290-17,돈암동삼성,,59.4,12,1999,56000,2020-03-18,,,,,,
성북구,11290,13300,정릉동,1031,11290-3622,정릉힐스테이트3차,,114.78,9,2008,76000,2020-03-30,,,,,,
성북구,11290,12800,보문동6가,36-2,11290-35,아남,,84.9,12,1994,50900,2020-03-29,,,,,,
성북구,11290,10300,돈암동,609-1,11290-20,한진(609-1),,59.58,3,1998,47000,2020-03-23,,,,,,
성북구,11290,13300,정릉동,239,11290-82,정릉풍림아이원,,60,5,2005,46500,2020-03-24,,,,,,
성북구,11290,13300,정릉동,239,11290-82,정릉풍림아이원,,114.75,5,2005,66500,2020-03-25,,,,,,
성북구,11290,13300,정릉동,1019,11290-43,정릉성원상떼빌,,84.92,10,2000,47000,2020-03-28,,,,,,
성북구,11290,13600,하월곡동,222,11290-88,월곡두산위브,,84.647,5,2003,70000,2020-03-28,,,,,,
성북구,11290,13300,정릉동,1028,11290-3510,정릉e-편한세상,,59.77,6,2006,50300,2020-03-30,,,,,,
성북구,11290,13500,종암동,104-1,11290-65,종암에스케이,,84.72,23,1999,67000,2020-03-23,,,,,,
성북구,11290,13300,정릉동,1020,11290-48,정릉우성아파트 101~105동,,84.99,16,2000,53800,2020-03-29,,,,,,
성북구,11290,13700,상월곡동,101,11290-71,동아에코빌,,84.97,9,2003,63800,2020-03-22,,,,,,
성북구,11290,13600,하월곡동,226,11290-3572,월곡래미안루나밸리,,114.93,11,2007,88000,2020-03-30,,,,,,
성북구,11290,13600,하월곡동,226,11290-3572,월곡래미안루나밸리,,59.98,1,2007,71000,2020-03-28,,,,,,
성북구,11290,12800,보문동6가,458,11290-4536,보문파크뷰자이,,45.81,2,2017,69000,2020-03-20,,,,,,
성북구,11290,13600,하월곡동,224,11290-100,샹그레빌아파트,,80.16,7,2004,61000,2020-03-22,,,,,,
성북구,11290,13900,석관동,405,11290-77,코오롱,,59.94,8,1999,47900,2020-03-22,,,,,,
성북구,11290,10300,돈암동,15-1,11290-17,돈암동삼성,,114.66,4,1999,65700,2020-03-21,,,,,,
성북구,11290,13300,정릉동,239,11290-82,정릉풍림아이원,,60,17,2005,45500,2020-03-30,,,,,,
성북구,11290,13400,길음동,1278,11290-56,길음동동부센트레빌(1278-0),,59.998,5,2003,61500,2020-03-26,,,,,,
성북구,11290,13600,하월곡동,225,11290-3492,래미안월곡,,84.589,4,2006,78900,2020-03-21,,,,,,
성북구,11290,13500,종암동,133,11290-3786,래미안세레니티,,84.98,14,2009,88900,2020-03-16,,,,,,
성북구,11290,10300,돈암동,609-1,11290-20,한진(609-1),,59.58,4,1998,49000,2020-03-19,,,,,,
성북구,11290,13400,길음동,1280,11290-210,길음뉴타운2단지푸르지오,,114.73,13,2005,81000,2020-03-30,,,,,,
성북구,11290,13800,장위동,319,11290-4641,꿈의숲코오롱하늘채,,59.35,10,2017,82000,2020-03-15,O,20.07.20,,,,
성북구,11290,13300,정릉동,1028,11290-3510,정릉e-편한세상,,59.77,10,2006,52000,2020-03-28,,,,,,
성북구,11290,10300,돈암동,633,11290-22,동부센트레빌,,80.54,1,2003,72300,2020-03-17,,,,,,
성북구,11290,13400,길음동,1283,11290-3512,길음뉴타운6단지(래미안),,59.373,7,2007,76000,2020-03-14,,,,,,
성북구,11290,13300,정릉동,239,11290-82,정릉풍림아이원,,114.75,10,2005,59500,2020-03-27,,,,,,
성북구,11290,13300,정릉동,239,11290-82,정릉풍림아이원,,59.88,4,2005,40000,2020-03-15,,,,,,
성북구,11290,13400,길음동,1276,11290-57,삼부컨비니언,,111.71,11,1998,73800,2020-03-12,,,,,,
성북구,11290,13600,하월곡동,46-73,11290-3797,코업스타클래스,,138.45,11,2010,88000,2020-03-20,,,,,,
성북구,11290,13300,정릉동,1028,11290-3510,정릉e-편한세상,,59.77,20,2006,50000,2020-03-22,,,,,,
성북구,11290,13300,정릉동,1028,11290-3510,정릉e-편한세상,,59.77,7,2006,50000,2020-03-14,,,,,,
성북구,11290,13300,정릉동,239,11290-82,정릉풍림아이원,,59.88,9,2005,37000,2020-03-28,,,,,,
성북구,11290,13400,길음동,1280,11290-210,길음뉴타운2단지푸르지오,,59.99,7,2005,59900,2020-03-21,,,,,,
성북구,11290,13300,정릉동,239,11290-82,정릉풍림아이원,,60,17,2005,45500,2020-03-31,O,20.04.13,,,,
성북구,11290,13400,길음동,1280,11290-210,길음뉴타운2단지푸르지오,,59.99,6,2005,59500,2020-03-28,,,,,,
성북구,11290,13600,하월곡동,225,11290-3492,래미안월곡,,59.754,7,2006,59000,2020-03-28,,,,,,
성북구,11290,13800,장위동,319,11290-4641,꿈의숲코오롱하늘채,,84.87,6,2017,95000,2020-03-21,,,,,,
성북구,11290,13500,종암동,131,11290-3379,아이파크종암동2차,,114.698,9,2005,87900,2020-03-28,,,,,,
성북구,11290,13800,장위동,230-214,11290-73,신장위아파트,,86.87,5,2003,38300,2020-03-31,,,,,,
성북구,11290,10300,돈암동,644,11290-4544,돈암코오롱하늘채,,59.8616,7,2016,78500,2020-03-18,,,,,,
성북구,11290,13600,하월곡동,224,11290-100,샹그레빌아파트,,79.248,2,2004,53000,2020-03-09,,,,,,
성북구,11290,13800,장위동,317,11290-3719,꿈의숲대명루첸아파트,,84.843,9,2008,79000,2020-03-31,,,,,,
성북구,11290,13300,정릉동,239,11290-82,정릉풍림아이원,,59.88,5,2005,39000,2020-03-28,,,,,,
성북구,11290,13300,정릉동,1031,11290-3622,정릉힐스테이트3차,,59.98,1,2008,56000,2020-03-26,,,,,,
성북구,11290,13400,길음동,1286,11290-3825,길음뉴타운9단지(래미안),,84.96,25,2010,97000,2020-03-16,,,,,,
성북구,11290,13800,장위동,317,11290-3719,꿈의숲대명루첸아파트,,84.843,5,2008,79000,2020-03-16,,,,,,
성북구,11290,13900,석관동,10,11290-74,두산,,59.97,5,1998,61000,2020-03-21,,,,,,
성북구,11290,13900,석관동,10,11290-74,두산,,134.97,2,1998,79000,2020-03-21,,,,,,
성북구,11290,13900,석관동,10,11290-74,두산,,59.97,20,1998,64500,2020-03-16,,,,,,
성북구,11290,13900,석관동,10,11290-74,두산,,134.97,16,1998,83000,2020-03-18,,,,,,
성북구,11290,13400,길음동,1284,11290-3807,길음뉴타운8단지(래미안),,84.94,2,2010,93000,2020-03-10,,,,,,
성북구,11290,13900,석관동,10,11290-74,두산,,59.97,8,1998,61000,2020-03-14,,,,,,
성북구,11290,11400,삼선동4가,44,11290-30,공신,,112.59,13,1998,79000,2020-03-25,,,,,,
성북구,11290,13800,장위동,317,11290-3719,꿈의숲대명루첸아파트,,59.988,14,2008,63000,2020-03-10,,,,,,
성북구,11290,13600,하월곡동,222,11290-88,월곡두산위브,,59.855,12,2003,57000,2020-03-21,,,,,,
성북구,11290,13900,석관동,404,11290-75,삼성,,59.82,7,1997,38500,2020-03-25,,,,,,
성북구,11290,13300,정릉동,1019,11290-43,정릉성원상떼빌,,114.96,18,2000,52000,2020-03-30,,,,,,
성북구,11290,10300,돈암동,643,11290-4173,길음역금호어울림센터힐,,59.84,22,2014,73500,2020-03-25,,,,,,
성북구,11290,13800,장위동,319,11290-4641,꿈의숲코오롱하늘채,,59.35,4,2017,82000,2020-03-21,,,,,,
성북구,11290,10300,돈암동,609-1,11290-20,한진(609-1),,59.58,20,1998,48500,2020-03-28,,,,,,
성북구,11290,13300,정릉동,1033,11290-3695,우정에쉐르,,59.9,11,2009,45000,2020-03-14,,,,,,
성북구,11290,13300,정릉동,210,11290-54,정릉푸른마을동아,,84.96,3,2003,51000,2020-03-09,,,,,,
성북구,11290,12300,안암동3가,135,11290-33,삼익,,177.57,11,1983,76000,2020-03-15,,,,,,
성북구,11290,13300,정릉동,239,11290-82,정릉풍림아이원,,59.88,2,2005,38700,2020-03-16,,,,,,
성북구,11290,13200,보문동3가,230,11290-4074,이편한세상보문,,84.904,10,2013,86500,2020-03-25,,,,,,
성북구,11290,13300,정릉동,1021,11290-38,대우,,59.98,2,2001,34000,2020-03-31,,,,,,
성북구,11290,13300,정릉동,1021,11290-38,대우,,84.83,9,2001,44000,2020-03-14,,,,,,
성북구,11290,12600,보문동4가,116,11290-3876,보문하우스토리,,117.025,12,2011,79700,2020-03-26,,,,,,
성북구,11290,13300,정릉동,1014,11290-45,정릉스카이쌍용아파트,,59.9,7,1999,41600,2020-03-18,,,,,,
성북구,11290,13600,하월곡동,225,11290-3492,래미안월곡,,59.754,9,2006,66800,2020-03-07,,,,,,
성북구,11290,13200,보문동3가,2,11290-81,현대I-PARK,,59.65,13,2003,55000,2020-03-02,,,,,,
성북구,11290,13400,길음동,1279,11290-60,길음뉴타운1단지(래미안길음1차),,84.96,15,2003,88500,2020-03-13,,,,,,
성북구,11290,13800,장위동,316-5,11290-3473,참누리아파트,,84.98,6,2006,64500,2020-03-11,,,,,,
성북구,11290,13800,장위동,317,11290-3719,꿈의숲대명루첸아파트,,84.843,19,2008,80000,2020-03-07,,,,,,
성북구,11290,13700,상월곡동,101,11290-71,동아에코빌,,59.95,10,2003,53000,2020-03-07,,,,,,
성북구,11290,13300,정릉동,435,11290-110,중앙하이츠빌2단지,,43.92,16,2005,34300,2020-03-13,,,,,,
성북구,11290,10300,돈암동,603,11290-3475,돈암동더샵아파트,,84.817,4,2006,62000,2020-03-11,,,,,,
성북구,11290,13500,종암동,133,11290-3786,래미안세레니티,,114.99,13,2009,97750,2020-03-07,,,,,,
성북구,11290,13800,장위동,319,11290-4641,꿈의숲코오롱하늘채,,84.87,17,2017,103000,2020-03-23,,,,,,
성북구,11290,12300,안암동3가,135,11290-33,삼익,,174.68,4,1983,59000,2020-03-12,,,,,,
성북구,11290,10300,돈암동,644,11290-4544,돈암코오롱하늘채,,84.8778,15,2016,96500,2020-03-18,,,,,,
성북구,11290,13300,정릉동,780,11290-41,"산장아파트가동,나동",,52.89,5,1977,19000,2020-03-31,,,,,,
성북구,11290,13600,하월곡동,222,11290-88,월곡두산위브,,84.843,3,2003,71000,2020-03-24,,,,,,
성북구,11290,13900,석관동,110-2,11290-76,중앙하이츠,,84.85,5,1994,54800,2020-03-02,,,,,,
성북구,11290,13900,석관동,404,11290-75,삼성,,84.72,3,1997,41800,2020-03-23,,,,,,
성북구,11290,13900,석관동,405,11290-77,코오롱,,114.84,3,1999,66000,2020-03-06,,,,,,
성북구,11290,12800,보문동6가,458,11290-4536,보문파크뷰자이,,45.81,8,2017,73000,2020-03-14,,,,,,
성북구,11290,13300,정릉동,1021,11290-38,대우,,114.84,4,2001,56900,2020-03-25,,,,,,
성북구,11290,13300,정릉동,1021,11290-38,대우,,43.11,9,2001,27800,2020-03-16,,,,,,
성북구,11290,13300,정릉동,809,11290-50,정릉중앙하이츠아파트,,84.31,13,1999,40800,2020-03-17,,,,,,
성북구,11290,13300,정릉동,1021,11290-38,대우,,43.11,10,2001,28200,2020-03-07,,,,,,
성북구,11290,13300,정릉동,809,11290-50,정릉중앙하이츠아파트,,84.71,3,1999,30000,2020-03-22,,,,,,
성북구,11290,13300,정릉동,1021,11290-38,대우,,59.98,2,2001,34800,2020-03-26,,,,,,
성북구,11290,13300,정릉동,809,11290-50,정릉중앙하이츠아파트,,59.26,17,1999,31400,2020-03-29,,,,,,
성북구,11290,10300,돈암동,642,11290-3980,돈암동해피트리,,143.13,10,2013,87000,2020-03-29,,,,,,
성북구,11290,12600,보문동4가,116,11290-3876,보문하우스토리,,82.028,9,2011,69500,2020-03-22,,,,,,
성북구,11290,12800,보문동6가,458,11290-4536,보문파크뷰자이,,45.81,4,2017,70500,2020-03-14,,,,,,
성북구,11290,13700,상월곡동,101,11290-71,동아에코빌,,114.66,12,2003,65000,2020-03-05,,,,,,
성북구,11290,13300,정릉동,1035,11290-3763,정릉2차e-편한세상,,84.4,10,2009,77000,2020-03-21,,,,,,
성북구,11290,13300,정릉동,239,11290-82,정릉풍림아이원,,59.88,17,2005,41000,2020-03-12,,,,,,
성북구,11290,13900,석관동,405,11290-77,코오롱,,114.84,5,1999,66000,2020-03-09,,,,,,
성북구,11290,10300,돈암동,609-1,11290-19,한신,,68.13,9,1998,55500,2020-03-05,,,,,,
성북구,11290,13300,정릉동,1018,11290-53,길음뉴타운데시앙,,84.44,13,1999,48000,2020-03-30,,,,,,
성북구,11290,13900,석관동,405,11290-77,코오롱,,59.94,9,1999,42000,2020-03-24,,,,,,
성북구,11290,10300,돈암동,1,11290-21,돈암현대아파트,,68.76,9,1991,59990,2020-03-19,,,,,,
성북구,11290,10300,돈암동,524,11290-204,일신건영휴먼빌아파트,,143.51,5,2005,83750,2020-03-18,,,,,,
성북구,11290,13400,길음동,1276,11290-57,삼부컨비니언,,84.13,9,1998,62000,2020-03-28,,,,,,
성북구,11290,10300,돈암동,609-1,11290-20,한진(609-1),,59.58,19,1998,47000,2020-03-03,,,,,,
성북구,11290,13300,정릉동,1021,11290-38,대우,,59.98,7,2001,37300,2020-03-28,,,,,,
성북구,11290,13600,하월곡동,224,11290-100,샹그레빌아파트,,79.248,21,2004,53000,2020-03-24,,,,,,
성북구,11290,13300,정릉동,239,11290-82,정릉풍림아이원,,114.75,16,2005,63000,2020-03-27,,,,,,
성북구,11290,13300,정릉동,1020,11290-48,정릉우성아파트 101~105동,,84.99,11,2000,57500,2020-03-16,,,,,,
성북구,11290,10300,돈암동,524,11290-204,일신건영휴먼빌아파트,,84.98,9,2005,67700,2020-03-14,,,,,,
성북구,11290,13500,종암동,131,11290-3379,아이파크종암동2차,,114.698,8,2005,81500,2020-03-03,,,,,,
성북구,11290,13900,석관동,10,11290-74,두산,,84.9,21,1998,75500,2020-03-06,,,,,,
성북구,11290,13300,정릉동,435,11290-110,중앙하이츠빌2단지,,84.95,7,2005,59300,2020-03-25,O,20.05.07,,,,
성북구,11290,12800,보문동6가,458,11290-4536,보문파크뷰자이,,45.81,7,2017,70000,2020-03-09,,,,,,
성북구,11290,13300,정릉동,1031,11290-3622,정릉힐스테이트3차,,59.98,3,2008,55000,2020-03-15,,,,,,
성북구,11290,12800,보문동6가,458,11290-4536,보문파크뷰자이,,59.81,7,2017,89000,2020-03-12,,,,,,
성북구,11290,13600,하월곡동,222,11290-88,월곡두산위브,,114.752,15,2003,78000,2020-03-10,,,,,,
성북구,11290,13300,정릉동,435,11290-110,중앙하이츠빌2단지,,73.28,4,2005,50000,2020-03-02,,,,,,
성북구,11290,13300,정릉동,1018,11290-53,길음뉴타운데시앙,,84.44,1,1999,47800,2020-03-10,,,,,,
성북구,11290,13600,하월곡동,222,11290-88,월곡두산위브,,114.752,9,2003,76600,2020-03-18,,,,,,
성북구,11290,13400,길음동,1281,11290-212,길음뉴타운4단지(e편한세상),,84.64,18,2005,85000,2020-03-21,,,,,,
성북구,11290,10700,동소문동4가,279,11290-24,송산아파트,,58.59,16,1998,48000,2020-03-07,,,,,,
성북구,11290,13900,석관동,407,11290-3766,석관래미안,,59.9,5,2009,69000,2020-03-07,,,,,,
성북구,11290,13500,종암동,134,11290-3824,래미안라센트,,114.98,6,2011,110000,2020-03-02,,,,,,
성북구,11290,13600,하월곡동,230,11290-3875,동일하이빌뉴시티,,133.74,31,2011,108000,2020-03-04,,,,,,
성북구,11290,13300,정릉동,1015,11290-37,길음뉴타운경남아너스빌,,59.59,21,1999,50000,2020-03-11,,,,,,
성북구,11290,13400,길음동,635-168,11290-58,길음뉴타운신안파크아파트,,68.14,13,1988,33000,2020-03-21,,,,,,
성북구,11290,13300,정릉동,239,11290-82,정릉풍림아이원,,60,1,2005,41800,2020-03-17,,,,,,
성북구,11290,12800,보문동6가,458,11290-4536,보문파크뷰자이,,84.96,10,2017,105000,2020-03-14,,,,,,
성북구,11290,13300,정릉동,1028,11290-3510,정릉e-편한세상,,59.77,2,2006,47500,2020-03-16,,,,,,
성북구,11290,13200,보문동3가,2,11290-81,현대I-PARK,,59.49,5,2003,64700,2020-03-06,,,,,,
성북구,11290,10300,돈암동,609-1,11290-20,한진(609-1),,59.58,15,1998,49000,2020-03-16,,,,,,
성북구,11290,12300,안암동3가,135,11290-33,삼익,,98.04,6,1983,59000,2020-03-11,,,,,,
성북구,11290,13300,정릉동,1021,11290-38,대우,,84.83,3,2001,44600,2020-03-21,,,,,,
성북구,11290,13300,정릉동,1021,11290-38,대우,,43.11,9,2001,26500,2020-03-14,,,,,,
성북구,11290,13400,길음동,1281,11290-212,길음뉴타운4단지(e편한세상),,59.86,9,2005,64900,2020-03-07,,,,,,
성북구,11290,13600,하월곡동,225,11290-3492,래미안월곡,,59.754,7,2006,67000,2020-03-14,,,,,,
성북구,11290,13600,하월곡동,226,11290-3572,월곡래미안루나밸리,,84.88,7,2007,81000,2020-03-07,,,,,,
성북구,11290,13300,정릉동,1031,11290-3622,정릉힐스테이트3차,,84.97,2,2008,67000,2020-03-13,,,,,,
성북구,11290,10300,돈암동,524,11290-204,일신건영휴먼빌아파트,,117.16,7,2005,73000,2020-03-03,,,,,,
성북구,11290,11200,삼선동2가,425,11290-3576,삼선푸르지오,,114.65,13,2008,87000,2020-03-13,,,,,,
성북구,11290,13400,길음동,1281,11290-212,길음뉴타운4단지(e편한세상),,59.97,10,2005,64900,2020-03-04,,,,,,
성북구,11290,12600,보문동4가,116,11290-3876,보문하우스토리,,59.754,13,2011,59500,2020-03-17,,,,,,
성북구,11290,13800,장위동,317,11290-3719,꿈의숲대명루첸아파트,,103.526,10,2008,81500,2020-03-08,,,,,,
성북구,11290,13500,종암동,104-1,11290-65,종암에스케이,,59.04,5,1999,47000,2020-03-16,,,,,,
성북구,11290,13400,길음동,1281,11290-212,길음뉴타운4단지(e편한세상),,84.64,5,2005,77500,2020-03-07,,,,,,
성북구,11290,11400,삼선동4가,73,11290-31,코오롱,,84.87,12,1999,75700,2020-03-05,,,,,,
성북구,11290,13400,길음동,1281,11290-212,길음뉴타운4단지(e편한세상),,59.97,2,2005,60500,2020-03-14,,,,,,
성북구,11290,13400,길음동,1281,11290-212,길음뉴타운4단지(e편한세상),,84.64,1,2005,74500,2020-03-16,,,,,,
성북구,11290,11200,삼선동2가,420,11290-3485,삼선현대힐스테이트,,84.71,11,2009,77000,2020-03-13,,,,,,
성북구,11290,13300,정릉동,210,11290-54,정릉푸른마을동아,,59.4,3,2003,43000,2020-03-07,,,,,,
성북구,11290,13300,정릉동,210,11290-54,정릉푸른마을동아,,59.4,4,2003,43500,2020-03-01,,,,,,
성북구,11290,13600,하월곡동,228,11290-3794,꿈의숲푸르지오,,84.73,7,2010,74500,2020-03-12,,,,,,
성북구,11290,13400,길음동,1280,11290-210,길음뉴타운2단지푸르지오,,59.99,7,2005,59500,2020-03-06,,,,,,
성북구,11290,11200,삼선동2가,425,11290-3576,삼선푸르지오,,59.95,1,2008,59000,2020-03-07,,,,,,
성북구,11290,10300,돈암동,609-1,11290-19,한신,,68.13,1,1998,47600,2020-03-07,,,,,,
성북구,11290,13800,장위동,317,11290-3719,꿈의숲대명루첸아파트,,84.843,2,2008,73000,2020-03-07,,,,,,
성북구,11290,13300,정릉동,239,11290-82,정릉풍림아이원,,84.09,3,2005,46000,2020-03-13,,,,,,
성북구,11290,13300,정릉동,239,11290-82,정릉풍림아이원,,84.09,3,2005,46900,2020-03-13,,,,,,
성북구,11290,11000,동소문동7가,23,11290-28,한신플러스C,,84.95,12,2004,74800,2020-03-05,O,20.04.21,,,,
성북구,11290,13300,정릉동,239,11290-82,정릉풍림아이원,,59.88,2,2005,37900,2020-03-12,,,,,,
성북구,11290,13900,석관동,407,11290-3766,석관래미안,,59.9,8,2009,69000,2020-03-14,,,,,,
성북구,11290,10300,돈암동,636,11290-116,이수브라운스톤돈암,,84.97,10,2004,75000,2020-03-14,,,,,,
성북구,11290,13300,정릉동,1037,11290-4257,정릉꿈에그린,,59.63,1,2015,59000,2020-03-04,,,,,,
성북구,11290,13300,정릉동,1031,11290-3622,정릉힐스테이트3차,,59.98,3,2008,54000,2020-03-14,,,,,,
성북구,11290,13300,정릉동,239,11290-82,정릉풍림아이원,,84.09,2,2005,49900,2020-03-09,,,,,,
성북구,11290,13300,정릉동,239,11290-82,정릉풍림아이원,,114.75,8,2005,64000,2020-03-04,,,,,,
성북구,11290,13900,석관동,110-2,11290-76,중앙하이츠,,84.85,9,1994,55000,2020-03-11,,,,,,
성북구,11290,13400,길음동,1284,11290-3807,길음뉴타운8단지(래미안),,84.82,12,2010,96000,2020-03-12,,,,,,
성북구,11290,13300,정릉동,239,11290-82,정릉풍림아이원,,59.88,6,2005,37700,2020-03-02,,,,,,
성북구,11290,13300,정릉동,435,11290-110,중앙하이츠빌2단지,,59.9786,6,2005,52000,2020-03-14,,,,,,
성북구,11290,13600,하월곡동,88-510,11290-4041,삼전솔하임3차,,15.55,10,2013,12100,2020-03-14,,,,,,
성북구,11290,13300,정릉동,1021,11290-38,대우,,84.83,5,2001,42500,2020-03-14,,,,,,
성북구,11290,13600,하월곡동,222,11290-88,월곡두산위브,,84.766,18,2003,69500,2020-03-03,,,,,,
성북구,11290,10300,돈암동,15-1,11290-17,돈암동삼성,,84.59,8,1999,64000,2020-03-11,,,,,,
성북구,11290,13500,종암동,104-1,11290-65,종암에스케이,,59.04,11,1999,56500,2020-03-08,,,,,,
성북구,11290,10300,돈암동,524,11290-204,일신건영휴먼빌아파트,,117.16,17,2005,80000,2020-03-11,,,,,,
성북구,11290,13300,정릉동,406,11290-3372,정릉푸르지오,,59.98,6,2005,52900,2020-03-14,,,,,,
성북구,11290,13300,정릉동,435,11290-110,중앙하이츠빌2단지,,84.6824,10,2005,67000,2020-03-14,,,,,,
성북구,11290,13300,정릉동,239,11290-82,정릉풍림아이원,,84.09,5,2005,52500,2020-03-14,,,,,,
성북구,11290,13300,정릉동,1018,11290-53,길음뉴타운데시앙,,59.42,16,1999,38000,2020-03-14,,,,,,
성북구,11290,13800,장위동,317,11290-3719,꿈의숲대명루첸아파트,,84.843,2,2008,47000,2020-03-13,,,,,,
성북구,11290,10300,돈암동,609-1,11290-20,한진(609-1),,59.58,1,1998,43500,2020-03-16,,,,,,
성북구,11290,13600,하월곡동,225,11290-3492,래미안월곡,,114.678,20,2006,80000,2020-03-12,,,,,,
성북구,11290,13800,장위동,314,11290-3400,그린빌아파트,,84.69,5,2002,40000,2020-03-04,,,,,,
성북구,11290,13400,길음동,635-168,11290-58,길음뉴타운신안파크아파트,,68.14,13,1988,33400,2020-03-12,,,,,,
성북구,11290,13600,하월곡동,226,11290-3572,월곡래미안루나밸리,,84.88,12,2007,82000,2020-03-09,,,,,,
성북구,11290,13600,하월곡동,225,11290-3492,래미안월곡,,59.754,14,2006,68000,2020-03-05,,,,,,
성북구,11290,10700,동소문동4가,279,11290-24,송산아파트,,58.59,2,1998,43800,2020-03-10,,,,,,
성북구,11290,13600,하월곡동,225,11290-3492,래미안월곡,,84.589,5,2006,78000,2020-03-07,,,,,,
성북구,11290,13600,하월곡동,225,11290-3492,래미안월곡,,59.754,14,2006,68000,2020-03-05,O,20.03.13,,,,
성북구,11290,10300,돈암동,609-1,11290-20,한진(609-1),,113.67,19,1998,77000,2020-03-12,,,,,,
성북구,11290,13600,하월곡동,219,11290-67,동신,,59.88,9,1998,51300,2020-03-07,,,,,,
성북구,11290,13300,정릉동,1028,11290-3510,정릉e-편한세상,,59.77,8,2006,50500,2020-03-07,,,,,,
성북구,11290,13400,길음동,1276,11290-57,삼부컨비니언,,111.71,11,1998,73800,2020-03-12,O,20.03.12,,,,
성북구,11290,13400,길음동,1280,11290-210,길음뉴타운2단지푸르지오,,84.97,8,2005,75500,2020-03-12,,,,,,
성북구,11290,13400,길음동,1280,11290-210,길음뉴타운2단지푸르지오,,84.97,10,2005,75000,2020-03-07,,,,,,
성북구,11290,13600,하월곡동,225,11290-3492,래미안월곡,,84.589,6,2006,79500,2020-03-07,,,,,,
성북구,11290,13400,길음동,1276,11290-57,삼부컨비니언,,111.71,1,1998,71000,2020-03-12,,,,,,
성북구,11290,13400,길음동,1286,11290-3825,길음뉴타운9단지(래미안),,84.78,19,2010,99500,2020-03-11,,,,,,
성북구,11290,13400,길음동,1282,11290-3511,길음뉴타운5단지(래미안),,114.93,9,2006,98500,2020-03-09,,,,,,
성북구,11290,13400,길음동,1279,11290-60,길음뉴타운1단지(래미안길음1차),,114.98,13,2003,105000,2020-03-11,,,,,,
성북구,11290,13400,길음동,1283,11290-3512,길음뉴타운6단지(래미안),,59.373,6,2007,77500,2020-03-11,,,,,,
성북구,11290,13400,길음동,1283,11290-3512,길음뉴타운6단지(래미안),,59.373,12,2007,77500,2020-03-10,,,,,,
성북구,11290,10300,돈암동,603,11290-3475,돈암동더샵아파트,,84.817,4,2006,62000,2020-03-11,O,20.04.01,,,,
성북구,11290,13200,보문동3가,2,11290-81,현대I-PARK,,59.65,11,2003,69000,2020-03-07,,,,,,
성북구,11290,13300,정릉동,239,11290-82,정릉풍림아이원,,59.88,10,2005,39700,2020-03-07,,,,,,
성북구,11290,13400,길음동,1280,11290-210,길음뉴타운2단지푸르지오,,114.73,5,2005,86500,2020-03-07,,,,,,
성북구,11290,13300,정릉동,239,11290-82,정릉풍림아이원,,84.09,5,2005,46900,2020-03-02,,,,,,
성북구,11290,13500,종암동,104-1,11290-65,종암에스케이,,114.75,21,1999,75000,2020-03-06,,,,,,
성북구,11290,13300,정릉동,239,11290-82,정릉풍림아이원,,84.09,11,2005,52500,2020-03-11,,,,,,
성북구,11290,13300,정릉동,239,11290-82,정릉풍림아이원,,84.09,17,2005,50000,2020-03-09,,,,,,
성북구,11290,13100,보문동2가,6-5,11290-216,광남캐스빌,,81.24,4,2001,49000,2020-03-05,,,,,,
성북구,11290,13800,장위동,317,11290-3719,꿈의숲대명루첸아파트,,84.843,11,2008,79100,2020-03-06,,,,,,
성북구,11290,13200,보문동3가,2,11290-81,현대I-PARK,,59.49,9,2003,66500,2020-03-06,,,,,,
성북구,11290,13300,정릉동,1021,11290-38,대우,,84.83,3,2001,41750,2020-03-03,,,,,,
성북구,11290,13400,길음동,635-168,11290-58,길음뉴타운신안파크아파트,,79.87,10,1988,40000,2020-03-06,,,,,,
성북구,11290,13400,길음동,1279,11290-60,길음뉴타운1단지(래미안길음1차),,59.99,3,2003,68500,2020-03-04,,,,,,
성북구,11290,13500,종암동,104-1,11290-65,종암에스케이,,84.72,20,1999,65000,2020-03-01,,,,,,
성북구,11290,13300,정릉동,239,11290-82,정릉풍림아이원,,84.09,9,2005,55000,2020-03-07,,,,,,
성북구,11290,13800,장위동,317,11290-3719,꿈의숲대명루첸아파트,,122.021,11,2008,94500,2020-03-09,,,,,,
성북구,11290,10300,돈암동,609-1,11290-19,한신,,84.87,10,1998,69900,2020-03-03,,,,,,
성북구,11290,13800,장위동,317,11290-3719,꿈의숲대명루첸아파트,,84.843,6,2008,75600,2020-03-06,,,,,,
성북구,11290,13300,정릉동,1021,11290-38,대우,,84.83,3,2001,41750,2020-03-03,O,20.03.10,,,,
성북구,11290,13400,길음동,1281,11290-212,길음뉴타운4단지(e편한세상),,84.64,1,2005,80700,2020-03-07,,,,,,
성북구,11290,13300,정릉동,239,11290-82,정릉풍림아이원,,84.09,11,2005,49800,2020-03-07,,,,,,
성북구,11290,13300,정릉동,1037,11290-4257,정릉꿈에그린,,84.56,18,2015,77000,2020-03-07,,,,,,
성북구,11290,13300,정릉동,239,11290-82,정릉풍림아이원,,84.09,6,2005,51000,2020-03-06,,,,,,
성북구,11290,12800,보문동6가,458,11290-4536,보문파크뷰자이,,45.81,11,2017,72000,2020-03-07,,,,,,
성북구,11290,13300,정릉동,239,11290-82,정릉풍림아이원,,84.09,13,2005,50500,2020-03-07,,,,,,
성북구,11290,13300,정릉동,239,11290-82,정릉풍림아이원,,84.09,7,2005,48000,2020-03-07,,,,,,
성북구,11290,13600,하월곡동,224,11290-100,샹그레빌아파트,,79.248,2,2004,57000,2020-03-07,,,,,,
성북구,11290,10300,돈암동,15-1,11290-17,돈암동삼성,,59.4,11,1999,52700,2020-03-07,,,,,,
성북구,11290,10300,돈암동,15-1,11290-17,돈암동삼성,,84.59,2,1999,67800,2020-03-07,,,,,,
성북구,11290,10300,돈암동,643,11290-4173,길음역금호어울림센터힐,,59.84,2,2014,70000,2020-03-05,,,,,,
성북구,11290,13300,정릉동,1028,11290-3510,정릉e-편한세상,,59.77,16,2006,51000,2020-03-04,,,,,,
성북구,11290,13300,정릉동,239,11290-82,정릉풍림아이원,,84.09,12,2005,51400,2020-03-05,,,,,,
성북구,11290,10300,돈암동,15-1,11290-17,돈암동삼성,,59.4,9,1999,53000,2020-03-04,,,,,,
성북구,11290,13600,하월곡동,88-510,11290-4041,삼전솔하임3차,,15.62,13,2013,12600,2020-03-03,,,,,,
성북구,11290,13600,하월곡동,226,11290-3572,월곡래미안루나밸리,,114.93,1,2007,77000,2020-03-02,,,,,,
성북구,11290,13300,정릉동,239,11290-82,정릉풍림아이원,,114.75,10,2005,56500,2020-03-02,,,,,,
성북구,11290,13300,정릉동,239,11290-82,정릉풍림아이원,,84.09,7,2005,51000,2020-03-02,,,,,,
성북구,11290,13300,정릉동,1019,11290-43,정릉성원상떼빌,,84.92,15,2000,44500,2020-03-01,,,,,,
강북구,11305,10400,우이동,342,11305-43,대우,,59.94,5,2000,47000,2020-03-11,,,,,,
강북구,11305,10100,미아동,813,11305-4123,래미안트리베라1단지,,84.97,7,2010,77600,2020-03-16,,,,,,
강북구,11305,10200,번동,410,11305-4064,수유역두산위브1,,84.9909,20,2009,62500,2020-03-06,,,,,,
강북구,11305,10100,미아동,1353,11305-6,에스케이북한산시티,,59.98,5,2004,51700,2020-03-06,,,,,,
강북구,11305,10100,미아동,1353,11305-6,에스케이북한산시티,,84.86,3,2004,43000,2020-03-09,,,,,,
강북구,11305,10100,미아동,1352,11305-4,미아신구,,59.415,7,2000,29500,2020-03-14,,,,,,
강북구,11305,10300,수유동,205,11305-33,수유벽산1차,,84.92,12,1993,54000,2020-03-28,,,,,,
강북구,11305,10100,미아동,1353,11305-6,에스케이북한산시티,,59.98,19,2004,51900,2020-03-31,,,,,,
강북구,11305,10200,번동,139,11305-28,해모로아파트,,84.93,16,2003,48700,2020-03-25,,,,,,
강북구,11305,10200,번동,242,11305-24,주공1단지,,79.07,8,1991,56750,2020-03-25,,,,,,
강북구,11305,10300,수유동,553-61,11305-31,극동,,84.99,11,1992,41500,2020-03-30,,,,,,
강북구,11305,10300,수유동,553-61,11305-31,극동,,159.28,10,1992,51500,2020-03-28,,,,,,
강북구,11305,10300,수유동,177-2,11305-3884,다경하이빌,,77.52,4,2008,29550,2020-03-25,,,,,,
강북구,11305,10300,수유동,281-51,11305-41,부강쉐르빌,,56.79,3,2002,16400,2020-03-24,,,,,,
강북구,11305,10300,수유동,730,11305-35,래미안수유,,59.88,3,2001,45700,2020-03-24,,,,,,
강북구,11305,10100,미아동,1369,11305-5365,꿈의숲해링턴플레이스,,84.67,7,2019,70000,2020-03-25,,,,,,
강북구,11305,10300,수유동,205,11305-33,수유벽산1차,,63.78,3,1993,41900,2020-03-27,,,,,,
강북구,11305,10100,미아동,811,11305-4255,두산위브트레지움,,59.99,11,2011,57000,2020-03-28,,,,,,
강북구,11305,10100,미아동,1353,11305-6,에스케이북한산시티,,84.76,20,2004,61500,2020-03-21,,,,,,
강북구,11305,10100,미아동,1357,11305-46,삼각산아이원,,84.705,22,2003,58000,2020-03-20,,,,,,
강북구,11305,10200,번동,191,11305-16,기산그린,,59.94,2,2000,30500,2020-03-31,,,,,,
강북구,11305,10100,미아동,1353,11305-6,에스케이북한산시티,,84.76,25,2004,60000,2020-03-30,,,,,,
강북구,11305,10300,수유동,205,11305-33,수유벽산1차,,63.78,9,1993,39500,2020-03-28,,,,,,
강북구,11305,10100,미아동,1369,11305-5365,꿈의숲해링턴플레이스,,59.36,6,2019,68000,2020-03-25,,,,,,
강북구,11305,10200,번동,470-1,11305-19,삼성,,59.77,16,1998,36000,2020-03-17,,,,,,
강북구,11305,10300,수유동,223-7,11305-5393,예도팔라티움,,12.99,11,2020,17650,2020-03-19,,,,,,
강북구,11305,10100,미아동,1357,11305-46,삼각산아이원,,84.705,12,2003,59900,2020-03-28,,,,,,
강북구,11305,10200,번동,242,11305-24,주공1단지,,41.3,12,1991,38000,2020-03-21,,,,,,
강북구,11305,10400,우이동,342,11305-43,대우,,59.94,1,2000,46100,2020-03-15,,,,,,
강북구,11305,10200,번동,242,11305-24,주공1단지,,49.94,4,1991,46000,2020-03-20,,,,,,
강북구,11305,10100,미아동,1357,11305-46,삼각산아이원,,114.88,17,2003,70600,2020-03-14,,,,,,
강북구,11305,10100,미아동,1353,11305-6,에스케이북한산시티,,59.98,16,2004,52800,2020-03-28,,,,,,
강북구,11305,10100,미아동,4,11305-5141,꿈의숲롯데캐슬,,84.98,6,2017,87000,2020-03-10,,,,,,
강북구,11305,10200,번동,656,11305-15,번동금호어울림,,84.93,16,1998,46500,2020-03-30,,,,,,
강북구,11305,10100,미아동,813,11305-4123,래미안트리베라1단지,,84.97,1,2010,70000,2020-03-09,,,,,,
강북구,11305,10100,미아동,1354,11305-13,벽산라이브파크,,60,6,2004,41700,2020-03-28,,,,,,
강북구,11305,10100,미아동,1353,11305-6,에스케이북한산시티,,59.98,22,2004,53000,2020-03-25,,,,,,
강북구,11305,10100,미아동,1353,11305-6,에스케이북한산시티,,59.98,16,2004,50500,2020-03-13,,,,,,
강북구,11305,10100,미아동,1353,11305-6,에스케이북한산시티,,84.76,25,2004,59800,2020-03-23,,,,,,
강북구,11305,10200,번동,418-3,11305-161,효성네오인텔리안,,81.12,8,2005,45000,2020-03-13,,,,,,
강북구,11305,10100,미아동,1353,11305-6,에스케이북한산시티,,114.85,18,2004,71000,2020-03-18,,,,,,
강북구,11305,10100,미아동,1354,11305-13,벽산라이브파크,,114.68,21,2004,61000,2020-03-17,,,,,,
강북구,11305,10200,번동,139,11305-28,해모로아파트,,84.93,12,2003,49700,2020-03-19,,,,,,
강북구,11305,10100,미아동,813,11305-4123,래미안트리베라1단지,,59.6,19,2010,68000,2020-03-20,,,,,,
강북구,11305,10100,미아동,561-2,11305-5,현대성우,,59.4,15,1998,42000,2020-03-17,,,,,,
강북구,11305,10200,번동,138,11305-157,한솔솔파크,,84.88,1,2005,51000,2020-03-21,,,,,,
강북구,11305,10100,미아동,1354,11305-13,벽산라이브파크,,114.68,5,2004,54000,2020-03-12,,,,,,
강북구,11305,10100,미아동,258-732,11305-8,한일,,54.99,1,1990,22800,2020-03-17,,,,,,
강북구,11305,10100,미아동,1353,11305-6,에스케이북한산시티,,84.92,20,2004,61000,2020-03-14,,,,,,
강북구,11305,10100,미아동,311-9,11305-156,월드,,45.27,4,2002,20000,2020-03-19,,,,,,
강북구,11305,10300,수유동,205,11305-33,수유벽산1차,,84.92,2,1993,52000,2020-03-17,,,,,,
강북구,11305,10300,수유동,205,11305-33,수유벽산1차,,122.58,5,1993,58800,2020-03-18,,,,,,
강북구,11305,10100,미아동,461,11305-4158,송천센트레빌,,114.475,8,2010,115000,2020-03-26,,,,,,
강북구,11305,10200,번동,136,11305-21,번동솔그린,,59.82,3,1999,30500,2020-03-19,,,,,,
강북구,11305,10100,미아동,812,11305-4129,삼성래미안트리베라2단지,,113.89,17,2010,93500,2020-03-21,,,,,,
강북구,11305,10100,미아동,812,11305-4129,삼성래미안트리베라2단지,,84.29,4,2010,80000,2020-03-23,,,,,,
강북구,11305,10300,수유동,282-20,11305-3700,정원,,49.83,4,2006,18000,2020-03-11,,,,,,
강북구,11305,10100,미아동,1353,11305-6,에스케이북한산시티,,84.76,14,2004,59000,2020-03-14,,,,,,
강북구,11305,10100,미아동,812,11305-4129,삼성래미안트리베라2단지,,84.29,10,2010,80000,2020-03-09,,,,,,
강북구,11305,10100,미아동,1354,11305-13,벽산라이브파크,,114.68,5,2004,55300,2020-03-25,,,,,,
강북구,11305,10100,미아동,561-2,11305-5,현대성우,,84.92,11,1998,52000,2020-03-16,,,,,,
강북구,11305,10200,번동,139,11305-28,해모로아파트,,127.25,13,2003,58000,2020-03-31,,,,,,
강북구,11305,10100,미아동,1356,11305-47,경남아너스빌(1356-0),,59.964,12,2003,56800,2020-03-23,,,,,,
강북구,11305,10100,미아동,1357,11305-46,삼각산아이원,,84.705,24,2003,59850,2020-03-13,,,,,,
강북구,11305,10100,미아동,1357,11305-46,삼각산아이원,,59.758,5,2003,52000,2020-03-06,,,,,,
강북구,11305,10300,수유동,734,11305-4806,북한산네이처파크,,51,7,2015,26000,2020-03-30,,,,,,
강북구,11305,10100,미아동,1354,11305-13,벽산라이브파크,,114.68,12,2004,58000,2020-03-23,,,,,,
강북구,11305,10400,우이동,342,11305-43,대우,,84.93,2,2000,54000,2020-03-17,,,,,,
강북구,11305,10100,미아동,812,11305-4129,삼성래미안트리베라2단지,,84.29,15,2010,84700,2020-03-21,,,,,,
강북구,11305,10100,미아동,1353,11305-6,에스케이북한산시티,,114.85,8,2004,68000,2020-03-17,,,,,,
강북구,11305,10200,번동,760,11305-22,오동공원현대,,84.7848,7,2001,46500,2020-03-06,,,,,,
강북구,11305,10100,미아동,1353,11305-6,에스케이북한산시티,,114.85,2,2004,60000,2020-03-09,,,,,,
강북구,11305,10100,미아동,1353,11305-6,에스케이북한산시티,,59.98,9,2004,50000,2020-03-10,,,,,,
강북구,11305,10100,미아동,1353,11305-6,에스케이북한산시티,,59.98,20,2004,52800,2020-03-17,,,,,,
강북구,11305,10100,미아동,1354,11305-13,벽산라이브파크,,84.89,10,2004,54900,2020-03-14,,,,,,
강북구,11305,10100,미아동,1357,11305-46,삼각산아이원,,84.705,12,2003,60000,2020-03-14,,,,,,
강북구,11305,10200,번동,234,11305-25,주공4단지,,84.79,6,1991,52300,2020-03-13,,,,,,
강북구,11305,10200,번동,242,11305-24,주공1단지,,71.89,2,1991,48500,2020-03-04,,,,,,
강북구,11305,10100,미아동,811,11305-4255,두산위브트레지움,,84.99,19,2011,74800,2020-03-02,,,,,,
강북구,11305,10100,미아동,811,11305-4255,두산위브트레지움,,114.88,1,2011,78500,2020-03-05,,,,,,
강북구,11305,10100,미아동,1353,11305-6,에스케이북한산시티,,114.85,17,2004,64700,2020-03-11,,,,,,
강북구,11305,10100,미아동,813,11305-4123,래미안트리베라1단지,,59.6,18,2010,66000,2020-03-21,,,,,,
강북구,11305,10100,미아동,1353,11305-6,에스케이북한산시티,,84.76,18,2004,59800,2020-03-21,,,,,,
강북구,11305,10200,번동,242,11305-24,주공1단지,,41.3,10,1991,36800,2020-03-09,,,,,,
강북구,11305,10300,수유동,229-50,11305-3644,우암센스뷰,,84.83,8,2005,48000,2020-03-10,,,,,,
강북구,11305,10100,미아동,1353,11305-6,에스케이북한산시티,,59.98,16,2004,51000,2020-03-10,,,,,,
강북구,11305,10200,번동,138,11305-157,한솔솔파크,,84.88,15,2005,52000,2020-03-05,,,,,,
강북구,11305,10100,미아동,1354,11305-13,벽산라이브파크,,60,3,2004,43000,2020-03-16,,,,,,
강북구,11305,10100,미아동,1353,11305-6,에스케이북한산시티,,59.98,19,2004,53000,2020-03-23,,,,,,
강북구,11305,10100,미아동,1354,11305-13,벽산라이브파크,,84.89,8,2004,50000,2020-03-17,,,,,,
강북구,11305,10100,미아동,1353,11305-6,에스케이북한산시티,,59.98,6,2004,53000,2020-03-05,,,,,,
강북구,11305,10100,미아동,813,11305-4123,래미안트리베라1단지,,84.97,9,2010,76000,2020-03-05,,,,,,
강북구,11305,10200,번동,411,11305-4065,수유역두산위브2,,84.9909,9,2009,63000,2020-03-13,,,,,,
강북구,11305,10200,번동,410,11305-4064,수유역두산위브1,,84.9986,10,2009,62000,2020-03-11,,,,,,
강북구,11305,10200,번동,470-1,11305-19,삼성,,59.77,4,1998,40000,2020-03-05,,,,,,
강북구,11305,10100,미아동,1353,11305-6,에스케이북한산시티,,84.71,1,2004,54800,2020-03-12,,,,,,
강북구,11305,10200,번동,470-1,11305-19,삼성,,59.77,2,1998,38800,2020-03-16,,,,,,
강북구,11305,10100,미아동,813,11305-4123,래미안트리베라1단지,,59.6,1,2010,60000,2020-03-13,,,,,,
강북구,11305,10200,번동,138,11305-157,한솔솔파크,,84.88,15,2005,52000,2020-03-05,O,20.03.24,,,,
강북구,11305,10200,번동,138,11305-157,한솔솔파크,,84.88,14,2005,54500,2020-03-07,,,,,,
강북구,11305,10200,번동,204,11305-20,신원,,84.6,16,2000,41000,2020-03-13,,,,,,
강북구,11305,10100,미아동,1353,11305-6,에스케이북한산시티,,114.85,1,2004,64300,2020-03-13,,,,,,
강북구,11305,10100,미아동,1353,11305-6,에스케이북한산시티,,84.76,25,2004,59000,2020-03-10,,,,,,
강북구,11305,10100,미아동,1353,11305-6,에스케이북한산시티,,59.98,6,2004,51500,2020-03-13,,,,,,
강북구,11305,10100,미아동,1353,11305-6,에스케이북한산시티,,84.76,15,2004,60000,2020-03-04,,,,,,
강북구,11305,10200,번동,271-2,11305-65,현대꿈에그린,,84.66,4,2001,32800,2020-03-17,,,,,,
강북구,11305,10100,미아동,812,11305-4129,삼성래미안트리베라2단지,,84.18,2,2010,74500,2020-03-12,,,,,,
강북구,11305,10100,미아동,1353,11305-6,에스케이북한산시티,,84.86,17,2004,59900,2020-03-12,,,,,,
강북구,11305,10300,수유동,205,11305-33,수유벽산1차,,84.92,2,1993,49500,2020-03-02,,,,,,
강북구,11305,10100,미아동,258-732,11305-8,한일,,54.99,1,1990,21800,2020-03-02,,,,,,
강북구,11305,10100,미아동,1353,11305-6,에스케이북한산시티,,84.76,25,2004,56400,2020-03-06,,,,,,
강북구,11305,10100,미아동,1354,11305-13,벽산라이브파크,,59.67,1,2004,39900,2020-03-12,,,,,,
강북구,11305,10100,미아동,1353,11305-6,에스케이북한산시티,,59.98,17,2004,49000,2020-03-05,,,,,,
강북구,11305,10100,미아동,811,11305-4255,두산위브트레지움,,84.99,9,2011,70300,2020-03-03,,,,,,
강북구,11305,10100,미아동,796,11305-3753,경남아너스빌,,84.9134,3,2008,60000,2020-03-01,,,,,,
강북구,11305,10100,미아동,1354,11305-13,벽산라이브파크,,84.89,15,2004,51000,2020-03-10,,,,,,
강북구,11305,10100,미아동,1353,11305-6,에스케이북한산시티,,114.85,3,2004,62000,2020-03-14,,,,,,
강북구,11305,10100,미아동,1354,11305-13,벽산라이브파크,,59.67,17,2004,41000,2020-03-10,,,,,,
강북구,11305,10100,미아동,1354,11305-13,벽산라이브파크,,114.68,11,2004,57800,2020-03-05,,,,,,
강북구,11305,10100,미아동,1353,11305-6,에스케이북한산시티,,59.98,5,2004,51700,2020-03-06,O,20.05.07,,,,
강북구,11305,10100,미아동,813,11305-4123,래미안트리베라1단지,,59.6,3,2010,63000,2020-03-14,,,,,,
강북구,11305,10100,미아동,1354,11305-13,벽산라이브파크,,114.68,7,2004,57000,2020-03-14,,,,,,
강북구,11305,10100,미아동,1353,11305-6,에스케이북한산시티,,114.85,5,2004,62000,2020-03-10,,,,,,
강북구,11305,10200,번동,470-1,11305-19,삼성,,59.77,1,1998,34500,2020-03-13,,,,,,
강북구,11305,10100,미아동,812,11305-4129,삼성래미안트리베라2단지,,58.99,18,2010,68500,2020-03-09,,,,,,
강북구,11305,10100,미아동,1356,11305-47,경남아너스빌(1356-0),,59.964,1,2003,49900,2020-03-02,,,,,,
강북구,11305,10100,미아동,1354,11305-13,벽산라이브파크,,59.67,5,2004,40000,2020-03-10,,,,,,
강북구,11305,10100,미아동,1354,11305-13,벽산라이브파크,,84.89,5,2004,51800,2020-03-04,,,,,,
강북구,11305,10200,번동,470-1,11305-19,삼성,,84.96,1,1998,42500,2020-03-12,,,,,,
강북구,11305,10100,미아동,1354,11305-13,벽산라이브파크,,84.89,15,2004,53000,2020-03-10,,,,,,
강북구,11305,10100,미아동,1354,11305-13,벽산라이브파크,,84.89,7,2004,50000,2020-03-12,,,,,,
강북구,11305,10100,미아동,1353,11305-6,에스케이북한산시티,,84.76,3,2004,58000,2020-03-11,,,,,,
강북구,11305,10100,미아동,812,11305-4129,삼성래미안트리베라2단지,,84.29,7,2010,79500,2020-03-02,,,,,,
강북구,11305,10200,번동,760,11305-22,오동공원현대,,84.7848,9,2001,46000,2020-03-03,,,,,,
강북구,11305,10100,미아동,1354,11305-13,벽산라이브파크,,59.67,24,2004,40000,2020-03-03,,,,,,
강북구,11305,10100,미아동,1354,11305-13,벽산라이브파크,,84.89,6,2004,53000,2020-03-03,,,,,,
강북구,11305,10100,미아동,1353,11305-6,에스케이북한산시티,,84.76,7,2004,58000,2020-03-02,,,,,,
강북구,11305,10100,미아동,1353,11305-6,에스케이북한산시티,,59.98,19,2004,50000,2020-03-04,,,,,,
강북구,11305,10100,미아동,1357,11305-46,삼각산아이원,,114.88,4,2003,70000,2020-03-03,,,,,,
강북구,11305,10100,미아동,1353,11305-6,에스케이북한산시티,,84.71,13,2004,61900,2020-03-03,,,,,,
강북구,11305,10200,번동,656,11305-15,번동금호어울림,,84.96,8,1998,44000,2020-03-04,,,,,,
강북구,11305,10100,미아동,4,11305-5141,꿈의숲롯데캐슬,,84.98,6,2017,87000,2020-03-10,O,20.04.08,,,,
강북구,11305,10100,미아동,1353,11305-6,에스케이북한산시티,,59.98,18,2004,51000,2020-03-11,,,,,,
강북구,11305,10100,미아동,1354,11305-13,벽산라이브파크,,60,2,2004,41000,2020-03-12,,,,,,
강북구,11305,10100,미아동,1353,11305-6,에스케이북한산시티,,84.76,22,2004,58000,2020-03-05,,,,,,
강북구,11305,10100,미아동,1355,11305-14,미아한일유앤아이,,116.912,7,2002,60800,2020-03-11,,,,,,
강북구,11305,10200,번동,656,11305-15,번동금호어울림,,59.43,2,1998,34500,2020-03-07,,,,,,
강북구,11305,10100,미아동,561-2,11305-5,현대성우,,84.92,11,1998,48500,2020-03-05,,,,,,
강북구,11305,10200,번동,242,11305-24,주공1단지,,41.3,8,1991,34000,2020-03-07,,,,,,
강북구,11305,10200,번동,136,11305-21,번동솔그린,,59.82,18,1999,33800,2020-03-03,,,,,,
강북구,11305,10200,번동,191,11305-16,기산그린,,84.94,4,2000,42000,2020-03-09,,,,,,
강북구,11305,10200,번동,760,11305-22,오동공원현대,,84.7848,6,2001,46500,2020-03-05,,,,,,
강북구,11305,10100,미아동,8-87,11305-52,스카이빌(8-87),,84.93,4,2003,35000,2020-03-11,,,,,,
강북구,11305,10100,미아동,461,11305-4158,송천센트레빌,,59.818,15,2010,73000,2020-03-10,,,,,,
강북구,11305,10200,번동,139,11305-28,해모로아파트,,59.98,7,2003,38300,2020-03-02,,,,,,
강북구,11305,10100,미아동,1353,11305-6,에스케이북한산시티,,114.85,20,2004,61950,2020-03-09,,,,,,
강북구,11305,10100,미아동,1353,11305-6,에스케이북한산시티,,114.85,8,2004,67500,2020-03-09,,,,,,
강북구,11305,10100,미아동,1357,11305-46,삼각산아이원,,114.88,4,2003,69500,2020-03-05,,,,,,
강북구,11305,10200,번동,133-1,11305-26,번동한양아파트,,84.67,9,1992,42700,2020-03-02,,,,,,
강북구,11305,10100,미아동,813,11305-4123,래미안트리베라1단지,,114.98,17,2010,88500,2020-03-03,,,,,,
강북구,11305,10400,우이동,1,11305-44,성원상떼빌,,84.98,2,1990,39800,2020-03-02,,,,,,
강북구,11305,10100,미아동,1353,11305-6,에스케이북한산시티,,84.86,20,2004,59700,2020-03-06,,,,,,
강북구,11305,10200,번동,760,11305-22,오동공원현대,,59.6283,13,2001,40000,2020-03-04,,,,,,
강북구,11305,10100,미아동,1354,11305-13,벽산라이브파크,,114.68,15,2004,57000,2020-03-04,,,,,,
도봉구,11320,10600,방학동,508,11320-46,우성아파트2,,84.98,14,1993,43000,2020-03-03,,,,,,
도봉구,11320,10500,쌍문동,724,11320-10,백조,,77.06,3,1981,32500,2020-03-04,,,,,,
도봉구,11320,10600,방학동,736,11320-43,신동아타워아파트,,84.74,9,1997,31300,2020-03-30,,,,,,
도봉구,11320,10600,방학동,271-1,11320-42,신동아아파트1,,53.16,5,1986,25500,2020-03-23,,,,,,
도봉구,11320,10600,방학동,271-1,11320-42,신동아아파트1,,70.62,4,1986,32600,2020-03-11,,,,,,
도봉구,11320,10600,방학동,271-1,11320-42,신동아아파트1,,70.62,4,1986,33500,2020-03-18,,,,,,
도봉구,11320,10500,쌍문동,158,11320-26,한양7,,84.86,4,1993,44300,2020-03-16,,,,,,
도봉구,11320,10600,방학동,274,11320-39,삼익세라믹아파트,,74.105,4,1988,37000,2020-03-28,,,,,,
도봉구,11320,10500,쌍문동,728,11320-2342,북한산월드메르디앙,,82.09,1,2005,52000,2020-03-25,,,,,,
도봉구,11320,10600,방학동,736,11320-43,신동아타워아파트,,84.74,9,1997,31300,2020-03-30,O,20.06.09,,,,
도봉구,11320,10700,창동,38,11320-100,주공17단지,,36.16,15,1989,28000,2020-03-28,,,,,,
도봉구,11320,10800,도봉동,654,11320-88,동아에코빌,,84.967,14,2003,53000,2020-03-31,,,,,,
도봉구,11320,10800,도봉동,654,11320-88,동아에코빌,,84.967,6,2003,49300,2020-03-30,,,,,,
도봉구,11320,10700,창동,635-42,11320-74,LIG건영캐스빌,,122.4321,13,2002,64000,2020-03-28,,,,,,
도봉구,11320,10800,도봉동,83,11320-85,유원도봉,,84.93,6,1990,37000,2020-03-26,,,,,,
도봉구,11320,10700,창동,808,11320-57,동아청솔,,59.96,15,1997,62000,2020-03-31,,,,,,
도봉구,11320,10700,창동,807,11320-63,쌍용,,59.88,9,1997,61000,2020-03-31,,,,,,
도봉구,11320,10700,창동,812,11320-71,창동현대타운,,57.93,3,1999,34400,2020-03-26,,,,,,
도봉구,11320,10700,창동,825,11320-149,북한산아이파크5차,,101.9176,10,2004,85800,2020-03-25,,,,,,
도봉구,11320,10700,창동,825,11320-149,북한산아이파크5차,,84.4516,11,2004,75000,2020-03-25,,,,,,
도봉구,11320,10700,창동,804,11320-53,대우,,84.88,19,1995,51000,2020-03-27,,,,,,
도봉구,11320,10600,방학동,741,11320-3574,성진파크뷰아파트,,45.51,2,2019,37500,2020-03-20,,,,,,
도봉구,11320,10700,창동,824,11320-148,창동한승미메이드,,112.9242,15,2004,49700,2020-03-23,,,,,,
도봉구,11320,10600,방학동,718-7,11320-106,이에스에이아파트1,,124.66,20,2003,68500,2020-03-24,,,,,,
도봉구,11320,10600,방학동,507,11320-45,우성아파트1,,72.06,3,1992,36000,2020-03-31,,,,,,
도봉구,11320,10600,방학동,701-15,11320-34,거성학마을아파트,,134.29,8,1994,49700,2020-03-19,,,,,,
도봉구,11320,10500,쌍문동,54,11320-27,현대1,,70.3,6,1990,36200,2020-03-24,,,,,,
도봉구,11320,10600,방학동,271-1,11320-42,신동아아파트1,,70.62,6,1986,32500,2020-03-23,,,,,,
도봉구,11320,10600,방학동,701-15,11320-34,거성학마을아파트,,59.99,9,1994,35000,2020-03-21,,,,,,
도봉구,11320,10600,방학동,732,11320-93,신동아아파트4,,59.92,11,1995,27500,2020-03-27,,,,,,
도봉구,11320,10800,도봉동,595,11320-79,럭키,,84.86,7,1992,43900,2020-03-28,,,,,,
도봉구,11320,10700,창동,442-5,11320-2745,퍼스트뷰아파트,,62.11,8,2011,25500,2020-03-24,,,,,,
도봉구,11320,10700,창동,815,11320-66,창동2차현대,,84.504,13,2001,69000,2020-03-31,,,,,,
도봉구,11320,10700,창동,819,11320-112,태영데시앙,,84.995,4,2003,65000,2020-03-17,,,,,,
도봉구,11320,10700,창동,661-78,11320-308,한솔,,62.37,3,2002,23000,2020-03-27,,,,,,
도봉구,11320,10500,쌍문동,13-2,11320-7,대웅,,44.82,1,1989,20950,2020-03-24,,,,,,
도봉구,11320,10500,쌍문동,388-33,11320-20,한양1,,50.58,12,1986,37200,2020-03-25,,,,,,
도봉구,11320,10700,창동,814,11320-54,대우그린,,84.93,16,2000,64800,2020-03-21,,,,,,
도봉구,11320,10600,방학동,689,11320-2343,동부센트레빌아파트,,84.983,10,2005,56000,2020-03-17,,,,,,
도봉구,11320,10500,쌍문동,50,11320-28,현대2,,85,1,1993,35700,2020-03-31,,,,,,
도봉구,11320,10700,창동,808,11320-57,동아청솔,,84.97,22,1997,84500,2020-03-16,,,,,,
도봉구,11320,10700,창동,45,11320-58,삼성래미안,,66.48,4,1992,65000,2020-03-25,,,,,,
도봉구,11320,10500,쌍문동,59,11320-21,한양2,,28.71,5,1988,15900,2020-03-30,,,,,,
도봉구,11320,10800,도봉동,644,11320-115,도봉파크빌3,,84.166,7,2002,47700,2020-03-16,,,,,,
도봉구,11320,10500,쌍문동,59,11320-21,한양2,,35.1,1,1988,18500,2020-03-30,,,,,,
도봉구,11320,10700,창동,30,11320-64,창동주공18단지,,59.39,14,1988,52000,2020-03-19,,,,,,
도봉구,11320,10600,방학동,736,11320-43,신동아타워아파트,,60,6,1997,25800,2020-03-19,,,,,,
도봉구,11320,10600,방학동,739,11320-50,효성하이타운아파트,,84.87,1,2002,36500,2020-03-27,,,,,,
도봉구,11320,10700,창동,38,11320-100,주공17단지,,41.3,4,1989,32000,2020-03-18,,,,,,
도봉구,11320,10700,창동,45,11320-58,삼성래미안,,84.87,7,1992,71000,2020-03-16,,,,,,
도봉구,11320,10600,방학동,689,11320-2343,동부센트레빌아파트,,131.336,2,2005,59500,2020-03-17,,,,,,
도봉구,11320,10700,창동,661-88,11320-108,리치,,55.98,4,2003,24500,2020-03-28,,,,,,
도봉구,11320,10500,쌍문동,56,11320-11,삼익세라믹,,42.93,9,1988,22800,2020-03-25,,,,,,
도봉구,11320,10800,도봉동,643,11320-81,서광,,59.91,5,1999,30000,2020-03-30,,,,,,
도봉구,11320,10500,쌍문동,721,11320-2,극동아파트,,84.9,2,1996,38000,2020-03-28,,,,,,
도봉구,11320,10500,쌍문동,721,11320-2,극동아파트,,84.9,5,1996,39900,2020-03-25,,,,,,
도봉구,11320,10500,쌍문동,199-1,11320-90,금호1,,84.88,5,1990,46000,2020-03-23,,,,,,
도봉구,11320,10700,창동,373,11320-99,창동주공4단지,,41.3,11,1991,30600,2020-03-12,,,,,,
도봉구,11320,10500,쌍문동,54,11320-27,현대1,,84.66,11,1990,41000,2020-03-24,,,,,,
도봉구,11320,10600,방학동,530,11320-92,신동아아파트3,,84.86,12,1992,38500,2020-03-17,,,,,,
도봉구,11320,10800,도봉동,81-1,11320-77,극동,,84.83,15,1991,36700,2020-03-23,,,,,,
도봉구,11320,10800,도봉동,30-1,11320-86,한신,,84.94,17,1995,45500,2020-03-18,,,,,,
도봉구,11320,10600,방학동,508,11320-46,우성아파트2,,84.98,14,1993,45900,2020-03-16,,,,,,
도봉구,11320,10600,방학동,716-5,11320-105,이에스에이아파트2,,84.98,20,2003,57700,2020-03-16,,,,,,
도봉구,11320,10700,창동,807,11320-63,쌍용,,135,3,1997,86000,2020-03-17,,,,,,
도봉구,11320,10600,방학동,444-31,11320-37,대원그린아파트,,46.86,2,1987,18000,2020-03-30,,,,,,
도봉구,11320,10500,쌍문동,53,11320-12,성원,,71.78,7,1989,34400,2020-03-17,,,,,,
도봉구,11320,10500,쌍문동,56,11320-11,삼익세라믹,,42.93,10,1988,22500,2020-03-13,,,,,,
도봉구,11320,10700,창동,316,11320-97,창동주공2단지,,45.9,6,1990,40500,2020-03-24,,,,,,
도봉구,11320,10700,창동,815,11320-66,창동2차현대,,84.504,1,2001,65000,2020-03-25,,,,,,
도봉구,11320,10600,방학동,271-1,11320-42,신동아아파트1,,70.62,6,1986,33700,2020-03-19,,,,,,
도봉구,11320,10500,쌍문동,54,11320-27,현대1,,84.66,8,1990,40000,2020-03-10,,,,,,
도봉구,11320,10700,창동,815,11320-66,창동2차현대,,84.504,8,2001,70000,2020-03-16,,,,,,
도봉구,11320,10600,방학동,716-5,11320-105,이에스에이아파트2,,84.98,20,2003,56000,2020-03-24,,,,,,
도봉구,11320,10600,방학동,715-12,11320-48,방학동삼성래미안2,,84.937,2,2002,65500,2020-03-18,,,,,,
도봉구,11320,10700,창동,825,11320-149,북한산아이파크5차,,119.1731,8,2004,88000,2020-03-11,,,,,,
도봉구,11320,10700,창동,731-54,11320-2818,새로움아파트,,64.56,10,2012,30700,2020-03-31,,,,,,
도봉구,11320,10700,창동,38,11320-100,주공17단지,,36.34,6,1989,29950,2020-03-18,,,,,,
도봉구,11320,10700,창동,819,11320-112,태영데시앙,,84.995,3,2003,65200,2020-03-20,,,,,,
도봉구,11320,10700,창동,821,11320-2349,초안산신도브래뉴,,59.9753,9,2005,36800,2020-03-17,,,,,,
도봉구,11320,10700,창동,38,11320-100,주공17단지,,36.16,9,1989,27900,2020-03-13,,,,,,
도봉구,11320,10500,쌍문동,59-5,11320-25,한양6,,83.86,13,2002,42500,2020-03-21,,,,,,
도봉구,11320,10700,창동,347,11320-98,창동주공3단지(해등마을),,58.01,7,1990,55900,2020-03-21,,,,,,
도봉구,11320,10600,방학동,531,11320-91,신동아아파트2,,84.86,13,1992,40900,2020-03-11,,,,,,
도봉구,11320,10500,쌍문동,59,11320-21,한양2,,76.92,9,1988,36000,2020-03-25,,,,,,
도봉구,11320,10600,방학동,507,11320-45,우성아파트1,,51.91,7,1992,26500,2020-03-25,,,,,,
도봉구,11320,10600,방학동,734,11320-47,청구아파트,,70.69,4,1994,34250,2020-03-24,,,,,,
도봉구,11320,10600,방학동,271-1,11320-42,신동아아파트1,,53.16,12,1986,27800,2020-03-24,,,,,,
도봉구,11320,10600,방학동,507,11320-45,우성아파트1,,83.85,11,1992,38000,2020-03-21,,,,,,
도봉구,11320,10600,방학동,274,11320-39,삼익세라믹아파트,,58.77,6,1988,27700,2020-03-26,,,,,,
도봉구,11320,10600,방학동,496,11320-95,벽산아파트2,,84.98,16,1998,38000,2020-03-21,,,,,,
도봉구,11320,10600,방학동,271-1,11320-42,신동아아파트1,,84.87,3,1986,41200,2020-03-17,,,,,,
도봉구,11320,10700,창동,808,11320-57,동아청솔,,84.97,15,1997,78000,2020-03-16,,,,,,
도봉구,11320,10600,방학동,274,11320-39,삼익세라믹아파트,,84.96,7,1988,44400,2020-03-10,,,,,,
도봉구,11320,10500,쌍문동,725,11320-32,쌍문동삼성래미안,,59.9899,4,2002,45900,2020-03-25,,,,,,
도봉구,11320,10600,방학동,508,11320-46,우성아파트2,,84.98,1,1993,36500,2020-03-19,,,,,,
도봉구,11320,10600,방학동,508,11320-46,우성아파트2,,84.98,14,1993,39000,2020-03-12,,,,,,
도봉구,11320,10500,쌍문동,73,11320-1,경남,,44.5,5,1988,18900,2020-03-12,,,,,,
도봉구,11320,10500,쌍문동,20,11320-125,벽산송화프라자,,98.46,10,1997,38100,2020-03-17,,,,,,
도봉구,11320,10800,도봉동,83,11320-85,유원도봉,,84.93,7,1990,39500,2020-03-09,,,,,,
도봉구,11320,10800,도봉동,654,11320-88,동아에코빌,,84.967,3,2003,50000,2020-03-07,,,,,,
도봉구,11320,10600,방학동,271-1,11320-42,신동아아파트1,,43.35,2,1986,19500,2020-03-17,,,,,,
도봉구,11320,10700,창동,373,11320-99,창동주공4단지,,41.3,2,1991,30300,2020-03-07,,,,,,
도봉구,11320,10700,창동,373,11320-99,창동주공4단지,,36.16,3,1991,29900,2020-03-11,,,,,,
도봉구,11320,10700,창동,373,11320-99,창동주공4단지,,41.3,1,1991,29000,2020-03-10,,,,,,
도봉구,11320,10600,방학동,734,11320-47,청구아파트,,84.97,2,1994,37000,2020-03-16,,,,,,
도봉구,11320,10700,창동,373,11320-99,창동주공4단지,,36.16,13,1991,29900,2020-03-16,,,,,,
도봉구,11320,10500,쌍문동,59-5,11320-25,한양6,,83.86,14,2002,43000,2020-03-13,,,,,,
도봉구,11320,10800,도봉동,643,11320-81,서광,,59.91,3,1999,26750,2020-03-13,,,,,,
도봉구,11320,10700,창동,373,11320-99,창동주공4단지,,41.3,2,1991,30300,2020-03-07,O,20.04.02,,,,
도봉구,11320,10600,방학동,271-1,11320-42,신동아아파트1,,43.35,7,1986,19800,2020-03-26,,,,,,
도봉구,11320,10600,방학동,734,11320-47,청구아파트,,84.97,9,1994,41800,2020-03-11,,,,,,
도봉구,11320,10600,방학동,507,11320-45,우성아파트1,,72.06,1,1992,32000,2020-03-16,,,,,,
도봉구,11320,10600,방학동,496,11320-95,벽산아파트2,,84.98,7,1998,39000,2020-03-13,,,,,,
도봉구,11320,10500,쌍문동,285-5,11320-8,동익미라벨,,82.5,6,1987,32700,2020-03-05,,,,,,
도봉구,11320,10700,창동,373,11320-99,창동주공4단지,,49.94,14,1991,39800,2020-03-14,,,,,,
도봉구,11320,10700,창동,810,11320-62,신창,,39.6,2,1998,18000,2020-03-24,,,,,,
도봉구,11320,10700,창동,305,11320-96,창동주공1단지,,41.3,4,1990,38000,2020-03-06,O,20.04.28,,,,
도봉구,11320,10800,도봉동,654,11320-88,동아에코빌,,84.967,16,2003,49500,2020-03-31,,,,,,
도봉구,11320,10800,도봉동,641,11320-83,서원,,49.77,2,1996,24500,2020-03-25,,,,,,
도봉구,11320,10500,쌍문동,59-3,11320-24,한양5,,65.37,10,1991,32000,2020-03-27,,,,,,
도봉구,11320,10700,창동,30,11320-64,창동주공18단지,,59.39,4,1988,52000,2020-03-07,,,,,,
도봉구,11320,10700,창동,665-25,11320-310,금성파크A동,,76.27,7,2003,26900,2020-03-17,,,,,,
도봉구,11320,10500,쌍문동,721,11320-2,극동아파트,,84.96,9,1996,40000,2020-03-18,,,,,,
도봉구,11320,10800,도봉동,30-1,11320-86,한신,,84.94,17,1995,44600,2020-03-19,,,,,,
도봉구,11320,10700,창동,30,11320-64,창동주공18단지,,45.9,6,1988,43300,2020-03-07,,,,,,
도봉구,11320,10700,창동,30,11320-64,창동주공18단지,,59.39,11,1988,54500,2020-03-10,,,,,,
도봉구,11320,10500,쌍문동,59-3,11320-24,한양5,,76.405,3,1991,35000,2020-03-11,,,,,,
도봉구,11320,10700,창동,30,11320-64,창동주공18단지,,32.34,2,1988,26500,2020-03-09,,,,,,
도봉구,11320,10600,방학동,715-12,11320-48,방학동삼성래미안2,,84.937,17,2002,66700,2020-03-16,,,,,,
도봉구,11320,10600,방학동,271-1,11320-42,신동아아파트1,,53.16,5,1986,25500,2020-03-23,O,20.06.01,,,,
도봉구,11320,10600,방학동,271-1,11320-42,신동아아파트1,,70.62,2,1986,32400,2020-03-19,,,,,,
도봉구,11320,10800,도봉동,30-1,11320-86,한신,,84.94,15,1995,49500,2020-03-27,,,,,,
도봉구,11320,10600,방학동,271-1,11320-42,신동아아파트1,,53.16,14,1986,27400,2020-03-09,,,,,,
도봉구,11320,10800,도봉동,647,11320-116,도봉파크빌2,,84.354,9,2002,50000,2020-03-25,,,,,,
도봉구,11320,10700,창동,38,11320-100,주공17단지,,41.3,1,1989,29800,2020-03-10,,,,,,
도봉구,11320,10600,방학동,739,11320-50,효성하이타운아파트,,84.87,6,2002,42000,2020-03-10,,,,,,
도봉구,11320,10700,창동,38,11320-100,주공17단지,,36.34,10,1989,28000,2020-03-10,,,,,,
도봉구,11320,10500,쌍문동,53,11320-12,성원,,84.98,4,1989,39500,2020-03-09,,,,,,
도봉구,11320,10700,창동,805,11320-56,동아그린,,59.96,5,1996,58100,2020-03-06,,,,,,
도봉구,11320,10800,도봉동,30-1,11320-86,한신,,84.94,12,1995,46800,2020-03-11,,,,,,
도봉구,11320,10700,창동,373,11320-99,창동주공4단지,,49.94,8,1991,41500,2020-03-02,,,,,,
도봉구,11320,10600,방학동,530,11320-92,신동아아파트3,,84.86,8,1992,36750,2020-03-25,,,,,,
도봉구,11320,10600,방학동,271-1,11320-42,신동아아파트1,,43.35,9,1986,21000,2020-03-04,,,,,,
도봉구,11320,10700,창동,373,11320-99,창동주공4단지,,41.3,13,1991,32800,2020-03-21,,,,,,
도봉구,11320,10600,방학동,274,11320-39,삼익세라믹아파트,,42.93,4,1988,23000,2020-03-26,,,,,,
도봉구,11320,10600,방학동,732,11320-93,신동아아파트4,,59.92,3,1995,25000,2020-03-24,,,,,,
도봉구,11320,10500,쌍문동,13-2,11320-7,대웅,,55.5,2,1989,25300,2020-03-19,,,,,,
도봉구,11320,10600,방학동,734,11320-47,청구아파트,,84.97,3,1994,44900,2020-03-12,,,,,,
도봉구,11320,10800,도봉동,641,11320-83,서원,,49.77,13,1996,27000,2020-03-17,,,,,,
도봉구,11320,10800,도봉동,655,11320-154,래미안도봉,,114.76,2,2005,66900,2020-03-14,,,,,,
도봉구,11320,10500,쌍문동,59-5,11320-25,한양6,,83.86,13,2002,44800,2020-03-11,,,,,,
도봉구,11320,10600,방학동,271-1,11320-42,신동아아파트1,,70.62,9,1986,32700,2020-03-12,,,,,,
도봉구,11320,10500,쌍문동,54,11320-27,현대1,,70.3,8,1990,35800,2020-03-06,,,,,,
도봉구,11320,10500,쌍문동,199-1,11320-90,금호1,,36.36,9,1990,19350,2020-03-13,,,,,,
도봉구,11320,10500,쌍문동,195,11320-19,청구,,84.63,15,1996,42500,2020-03-10,,,,,,
도봉구,11320,10600,방학동,271-1,11320-42,신동아아파트1,,43.35,10,1986,20300,2020-03-23,,,,,,
도봉구,11320,10700,창동,373,11320-99,창동주공4단지,,49.94,1,1991,33000,2020-03-13,,,,,,
도봉구,11320,10500,쌍문동,59,11320-21,한양2,,28.71,3,1988,16350,2020-03-25,,,,,,
도봉구,11320,10600,방학동,718-7,11320-106,이에스에이아파트1,,124.66,8,2003,64000,2020-03-12,,,,,,
도봉구,11320,10700,창동,822,11320-114,대림e-편한세상,,84.976,2,2003,68500,2020-03-25,,,,,,
도봉구,11320,10700,창동,38,11320-100,주공17단지,,36.16,2,1989,26900,2020-03-14,,,,,,
도봉구,11320,10700,창동,825,11320-149,북한산아이파크5차,,101.9176,5,2004,81000,2020-03-04,,,,,,
도봉구,11320,10500,쌍문동,160,11320-9,미라보,,59.96,1,1995,22000,2020-03-18,,,,,,
도봉구,11320,10600,방학동,496,11320-95,벽산아파트2,,59.581,8,1998,33000,2020-03-18,,,,,,
도봉구,11320,10500,쌍문동,50,11320-28,현대2,,85,1,1993,37800,2020-03-19,,,,,,
도봉구,11320,10600,방학동,530,11320-92,신동아아파트3,,84.86,10,1992,40500,2020-03-10,,,,,,
도봉구,11320,10600,방학동,271-1,11320-42,신동아아파트1,,84.87,1,1986,34800,2020-03-04,,,,,,
도봉구,11320,10600,방학동,716-5,11320-105,이에스에이아파트2,,84.98,18,2003,56500,2020-03-13,,,,,,
도봉구,11320,10600,방학동,271-1,11320-42,신동아아파트1,,53.16,11,1986,27000,2020-03-12,,,,,,
도봉구,11320,10500,쌍문동,54,11320-27,현대1,,84.66,14,1990,42900,2020-03-12,,,,,,
도봉구,11320,10600,방학동,271-1,11320-42,신동아아파트1,,70.62,6,1986,34400,2020-03-09,,,,,,
도봉구,11320,10800,도봉동,30-1,11320-86,한신,,84.94,3,1995,43000,2020-03-10,,,,,,
도봉구,11320,10600,방학동,720-18,11320-49,방학동삼성래미안1,,84.937,15,2002,71700,2020-03-11,,,,,,
도봉구,11320,10500,쌍문동,산69-1,11320-4,금호2,,71.98,14,1991,37500,2020-03-17,,,,,,
도봉구,11320,10500,쌍문동,56,11320-11,삼익세라믹,,40.11,3,1988,21800,2020-03-07,,,,,,
도봉구,11320,10600,방학동,271-1,11320-42,신동아아파트1,,70.62,11,1986,33950,2020-03-06,,,,,,
도봉구,11320,10800,도봉동,81-1,11320-77,극동,,84.83,10,1991,34200,2020-03-11,,,,,,
도봉구,11320,10600,방학동,716-5,11320-105,이에스에이아파트2,,84.98,18,2003,56500,2020-03-13,O,20.03.25,,,,
도봉구,11320,10600,방학동,712-5,11320-2443,태솔에버빌(712-5),,83.49,8,2008,31700,2020-03-21,,,,,,
도봉구,11320,10500,쌍문동,59,11320-21,한양2,,76.92,10,1988,36600,2020-03-07,,,,,,
도봉구,11320,10700,창동,30,11320-64,창동주공18단지,,45.55,3,1988,43000,2020-03-14,,,,,,
도봉구,11320,10500,쌍문동,59,11320-21,한양2,,59.67,11,1988,20000,2020-03-24,,,,,,
도봉구,11320,10700,창동,822,11320-114,대림e-편한세상,,84.976,15,2003,72300,2020-03-16,,,,,,
도봉구,11320,10700,창동,818,11320-111,창동현대4차,,101.9957,7,2003,79000,2020-03-03,,,,,,
도봉구,11320,10700,창동,818,11320-111,창동현대4차,,101.9957,4,2003,75800,2020-03-04,,,,,,
도봉구,11320,10700,창동,814,11320-54,대우그린,,59.97,5,2000,52700,2020-03-02,,,,,,
도봉구,11320,10600,방학동,720-18,11320-49,방학동삼성래미안1,,118.381,12,2002,82000,2020-03-18,,,,,,
도봉구,11320,10700,창동,814,11320-54,대우그린,,84.93,5,2000,62700,2020-03-03,,,,,,
도봉구,11320,10700,창동,804,11320-53,대우,,59.86,6,1995,42000,2020-03-14,,,,,,
도봉구,11320,10700,창동,804,11320-53,대우,,84.88,17,1995,54000,2020-03-13,,,,,,
도봉구,11320,10800,도봉동,595,11320-79,럭키,,84.86,4,1992,45000,2020-03-16,,,,,,
도봉구,11320,10700,창동,299,11320-59,상아1차아파트,,58.59,10,1987,49500,2020-03-20,,,,,,
도봉구,11320,10700,창동,822,11320-114,대림e-편한세상,,84.976,15,2003,72300,2020-03-16,O,20.03.25,,,,
도봉구,11320,10600,방학동,271-1,11320-42,신동아아파트1,,62.22,6,1986,31500,2020-03-10,,,,,,
도봉구,11320,10500,쌍문동,160,11320-9,미라보,,59.96,5,1995,31000,2020-03-10,,,,,,
도봉구,11320,10700,창동,821,11320-2349,초안산신도브래뉴,,84.9991,11,2005,44500,2020-03-07,,,,,,
도봉구,11320,10500,쌍문동,160,11320-9,미라보,,59.96,6,1995,31300,2020-03-03,,,,,,
도봉구,11320,10700,창동,30,11320-64,창동주공18단지,,32.34,5,1988,26000,2020-03-13,,,,,,
도봉구,11320,10600,방학동,275,11320-38,벽산아파트1,,52.36,10,1991,24500,2020-03-21,,,,,,
도봉구,11320,10700,창동,815,11320-66,창동2차현대,,59.499,18,2001,63800,2020-03-13,,,,,,
도봉구,11320,10500,쌍문동,56,11320-11,삼익세라믹,,42.93,10,1988,24100,2020-03-17,,,,,,
도봉구,11320,10600,방학동,271-1,11320-42,신동아아파트1,,43.35,5,1986,20000,2020-03-21,,,,,,
도봉구,11320,10700,창동,38,11320-100,주공17단지,,36.16,7,1989,26000,2020-03-04,,,,,,
도봉구,11320,10500,쌍문동,59,11320-21,한양2,,35.1,3,1988,18750,2020-03-09,,,,,,
도봉구,11320,10700,창동,373,11320-99,창동주공4단지,,49.94,1,1991,35900,2020-03-19,,,,,,
도봉구,11320,10600,방학동,720-18,11320-49,방학동삼성래미안1,,118.381,7,2002,74000,2020-03-10,,,,,,
도봉구,11320,10600,방학동,271-1,11320-42,신동아아파트1,,70.62,4,1986,33500,2020-03-18,O,20.05.11,,,,
도봉구,11320,10700,창동,825,11320-149,북한산아이파크5차,,84.4516,5,2004,76300,2020-03-01,,,,,,
도봉구,11320,10700,창동,821,11320-2349,초안산신도브래뉴,,84.9991,14,2005,45000,2020-03-18,,,,,,
도봉구,11320,10700,창동,27,11320-101,주공19단지(창동리버타운),,68.86,8,1988,70300,2020-03-07,,,,,,
도봉구,11320,10600,방학동,701-15,11320-34,거성학마을아파트,,84.93,9,1994,43000,2020-03-02,,,,,,
도봉구,11320,10500,쌍문동,719,11320-29,현대3,,84.83,6,1995,36800,2020-03-16,,,,,,
도봉구,11320,10600,방학동,735,11320-41,성원아파트,,59.94,8,1996,29950,2020-03-16,,,,,,
도봉구,11320,10700,창동,813,11320-70,현대조합,,59.91,11,2000,42000,2020-03-11,,,,,,
도봉구,11320,10500,쌍문동,59,11320-21,한양2,,76.92,2,1988,34500,2020-03-02,,,,,,
도봉구,11320,10600,방학동,271-1,11320-42,신동아아파트1,,70.62,4,1986,32600,2020-03-11,O,20.05.20,,,,
도봉구,11320,10600,방학동,741,11320-3574,성진파크뷰아파트,,49.71,13,2019,22000,2020-03-04,,,,,,
도봉구,11320,10800,도봉동,641,11320-83,서원,,49.77,4,1996,26700,2020-03-18,,,,,,
도봉구,11320,10500,쌍문동,158,11320-26,한양7,,84.86,4,1993,44300,2020-03-16,O,20.05.08,,,,
도봉구,11320,10800,도봉동,83,11320-85,유원도봉,,84.93,2,1990,36950,2020-03-18,,,,,,
도봉구,11320,10700,창동,819,11320-112,태영데시앙,,84.995,14,2003,62700,2020-03-11,,,,,,
도봉구,11320,10800,도봉동,641,11320-83,서원,,49.77,11,1996,26900,2020-03-04,,,,,,
도봉구,11320,10700,창동,305,11320-96,창동주공1단지,,49.94,6,1990,47800,2020-03-07,,,,,,
도봉구,11320,10700,창동,373,11320-99,창동주공4단지,,41.3,11,1991,32000,2020-03-11,,,,,,
도봉구,11320,10700,창동,815,11320-66,창동2차현대,,84.504,15,2001,67000,2020-03-03,,,,,,
도봉구,11320,10600,방학동,508,11320-46,우성아파트2,,84.98,14,1993,37000,2020-03-03,O,20.07.29,,,,
도봉구,11320,10600,방학동,275,11320-38,벽산아파트1,,63.38,5,1991,29700,2020-03-03,,,,,,
도봉구,11320,10700,창동,45,11320-58,삼성래미안,,73.77,17,1992,63500,2020-03-05,,,,,,
도봉구,11320,10700,창동,819,11320-112,태영데시앙,,84.995,18,2003,63000,2020-03-06,,,,,,
도봉구,11320,10500,쌍문동,199-1,11320-90,금호1,,56.73,2,1990,29000,2020-03-09,,,,,,
도봉구,11320,10700,창동,7,11320-3007,월가타워,,15.49,14,2013,11060,2020-03-17,,,,,,
도봉구,11320,10700,창동,299,11320-59,상아1차아파트,,58.59,7,1987,46900,2020-03-05,,,,,,
도봉구,11320,10600,방학동,734,11320-47,청구아파트,,84.97,7,1994,44800,2020-03-09,,,,,,
도봉구,11320,10700,창동,38,11320-100,주공17단지,,36.34,14,1989,23000,2020-03-12,,,,,,
도봉구,11320,10600,방학동,271-1,11320-42,신동아아파트1,,51.27,4,1986,25000,2020-03-02,,,,,,
도봉구,11320,10600,방학동,507,11320-45,우성아파트1,,84.69,11,1992,37000,2020-03-03,,,,,,
도봉구,11320,10600,방학동,720-1,11320-36,대상타운현대아파트,,133.97,5,2001,76000,2020-03-07,,,,,,
도봉구,11320,10600,방학동,271-1,11320-42,신동아아파트1,,62.22,15,1986,27450,2020-03-07,,,,,,
도봉구,11320,10700,창동,27,11320-101,주공19단지(창동리버타운),,61.52,1,1988,62000,2020-03-04,,,,,,
도봉구,11320,10800,도봉동,555,11320-82,서울가든,,75.33,11,1987,30000,2020-03-13,,,,,,
도봉구,11320,10600,방학동,274,11320-39,삼익세라믹아파트,,58.77,13,1988,27000,2020-03-03,,,,,,
도봉구,11320,10600,방학동,735,11320-41,성원아파트,,59.94,3,1996,30500,2020-03-10,,,,,,
도봉구,11320,10700,창동,373,11320-99,창동주공4단지,,41.3,14,1991,34000,2020-03-06,,,,,,
도봉구,11320,10700,창동,305,11320-96,창동주공1단지,,49.94,15,1990,44800,2020-03-12,,,,,,
도봉구,11320,10800,도봉동,30-1,11320-86,한신,,84.94,4,1995,45200,2020-03-13,,,,,,
도봉구,11320,10600,방학동,740,11320-146,동양크레오아파트,,84.9696,9,2004,41700,2020-03-12,,,,,,
도봉구,11320,10600,방학동,275,11320-38,벽산아파트1,,52.36,10,1991,24700,2020-03-11,,,,,,
도봉구,11320,10600,방학동,271-1,11320-42,신동아아파트1,,70.62,6,1986,33800,2020-03-07,,,,,,
도봉구,11320,10600,방학동,271-1,11320-42,신동아아파트1,,62.22,12,1986,28800,2020-03-05,,,,,,
도봉구,11320,10800,도봉동,655,11320-154,래미안도봉,,84.55,4,2005,53000,2020-03-06,,,,,,
도봉구,11320,10700,창동,27,11320-101,주공19단지(창동리버타운),,60.5,3,1988,60000,2020-03-11,,,,,,
도봉구,11320,10800,도봉동,30-1,11320-86,한신,,84.94,2,1995,45000,2020-03-13,,,,,,
도봉구,11320,10500,쌍문동,388-33,11320-20,한양1,,50.58,3,1986,43600,2020-03-16,,,,,,
도봉구,11320,10700,창동,373,11320-99,창동주공4단지,,41.3,4,1991,31700,2020-03-03,,,,,,
도봉구,11320,10700,창동,825,11320-149,북한산아이파크5차,,84.4516,5,2004,76300,2020-03-01,O,20.03.21,,,,
도봉구,11320,10700,창동,316,11320-97,창동주공2단지,,36.16,10,1990,37000,2020-03-07,,,,,,
도봉구,11320,10500,쌍문동,721,11320-2,극동아파트,,84.9,2,1996,37900,2020-03-05,,,,,,
도봉구,11320,10500,쌍문동,59-3,11320-24,한양5,,65.37,12,1991,31950,2020-03-11,,,,,,
도봉구,11320,10800,도봉동,51-12,11320-150,중흥에스-클래스,,84.972,4,2004,43300,2020-03-02,,,,,,
도봉구,11320,10500,쌍문동,59,11320-21,한양2,,35.1,6,1988,18800,2020-03-04,,,,,,
도봉구,11320,10600,방학동,716-5,11320-105,이에스에이아파트2,,84.98,7,2003,55300,2020-03-13,,,,,,
도봉구,11320,10800,도봉동,30-1,11320-86,한신,,84.94,7,1995,49000,2020-03-03,,,,,,
도봉구,11320,10500,쌍문동,195,11320-19,청구,,84.63,4,1996,41300,2020-03-09,,,,,,
도봉구,11320,10700,창동,810,11320-62,신창,,49.77,9,1998,26000,2020-03-05,,,,,,
도봉구,11320,10700,창동,810,11320-62,신창,,59.4,9,1998,30000,2020-03-03,,,,,,
도봉구,11320,10500,쌍문동,59-3,11320-24,한양5,,65.37,17,1991,32000,2020-03-12,,,,,,
도봉구,11320,10500,쌍문동,158,11320-26,한양7,,84.92,12,1993,44500,2020-03-09,,,,,,
도봉구,11320,10700,창동,316,11320-97,창동주공2단지,,45.55,10,1990,43400,2020-03-07,,,,,,
도봉구,11320,10700,창동,30,11320-64,창동주공18단지,,59.39,1,1988,49200,2020-03-02,,,,,,
도봉구,11320,10600,방학동,271-1,11320-42,신동아아파트1,,43.35,3,1986,19800,2020-03-10,,,,,,
도봉구,11320,10700,창동,807,11320-63,쌍용,,135,22,1997,86000,2020-03-12,,,,,,
도봉구,11320,10700,창동,45,11320-58,삼성래미안,,84.87,16,1992,68000,2020-03-09,,,,,,
도봉구,11320,10600,방학동,274,11320-39,삼익세라믹아파트,,58.77,10,1988,28800,2020-03-02,,,,,,
도봉구,11320,10700,창동,808,11320-57,동아청솔,,84.97,8,1997,76500,2020-03-12,,,,,,
도봉구,11320,10500,쌍문동,388-33,11320-20,한양1,,79.2,4,1986,56000,2020-03-07,,,,,,
도봉구,11320,10600,방학동,271-1,11320-42,신동아아파트1,,43.35,9,1986,20000,2020-03-05,,,,,,
도봉구,11320,10500,쌍문동,724,11320-10,백조,,77.06,3,1981,32500,2020-03-04,O,20.07.06,,,,
도봉구,11320,10800,도봉동,641,11320-83,서원,,40.02,7,1996,23000,2020-03-12,,,,,,
도봉구,11320,10700,창동,809,11320-51,금용,,59.97,14,1997,32000,2020-03-06,,,,,,
도봉구,11320,10500,쌍문동,721,11320-2,극동아파트,,84.9,3,1996,37900,2020-03-08,,,,,,
도봉구,11320,10800,도봉동,643,11320-81,서광,,59.91,3,1999,29000,2020-03-11,,,,,,
도봉구,11320,10800,도봉동,641,11320-83,서원,,49.77,2,1996,24800,2020-03-07,,,,,,
도봉구,11320,10800,도봉동,81-1,11320-77,극동,,84.83,11,1991,34900,2020-03-07,,,,,,
도봉구,11320,10700,창동,373,11320-99,창동주공4단지,,36.34,15,1991,27000,2020-03-01,,,,,,
도봉구,11320,10700,창동,621-69,11320-73,창동한신휴플러스(621-69),,84.65,8,2002,59980,2020-03-05,,,,,,
도봉구,11320,10800,도봉동,30-1,11320-86,한신,,84.94,10,1995,40000,2020-03-07,,,,,,
도봉구,11320,10500,쌍문동,73,11320-1,경남,,46.3,4,1988,25000,2020-03-10,,,,,,
도봉구,11320,10700,창동,373,11320-99,창동주공4단지,,49.94,8,1991,39900,2020-03-07,,,,,,
도봉구,11320,10800,도봉동,641,11320-83,서원,,49.77,12,1996,27300,2020-03-07,,,,,,
도봉구,11320,10500,쌍문동,59,11320-21,한양2,,84.9,2,1988,39000,2020-03-06,,,,,,
도봉구,11320,10800,도봉동,641,11320-83,서원,,49.77,14,1996,27500,2020-03-03,,,,,,
도봉구,11320,10800,도봉동,656,11320-2351,양우내안애,,84.92,8,2005,44700,2020-03-04,,,,,,
도봉구,11320,10700,창동,822,11320-114,대림e-편한세상,,84.976,4,2003,68800,2020-03-07,,,,,,
도봉구,11320,10700,창동,299,11320-59,상아1차아파트,,84.99,13,1987,60000,2020-03-10,,,,,,
도봉구,11320,10800,도봉동,642,11320-87,현대성우,,84.39,15,1998,38700,2020-03-05,,,,,,
도봉구,11320,10700,창동,808,11320-57,동아청솔,,59.76,2,1997,59900,2020-03-07,,,,,,
도봉구,11320,10600,방학동,717-2,11320-3496,방학지음재힐스,,14.86,5,2018,12950,2020-03-05,,,,,,
도봉구,11320,10600,방학동,717-2,11320-3496,방학지음재힐스,,14.86,5,2018,12950,2020-03-05,,,,,,
도봉구,11320,10800,도봉동,641,11320-83,서원,,59.51,10,1996,33900,2020-03-10,,,,,,
도봉구,11320,10700,창동,27,11320-101,주공19단지(창동리버타운),,68.86,2,1988,70000,2020-03-04,,,,,,
도봉구,11320,10700,창동,27,11320-101,주공19단지(창동리버타운),,68.86,1,1988,68000,2020-03-06,,,,,,
도봉구,11320,10600,방학동,275,11320-38,벽산아파트1,,84.9,10,1991,40000,2020-03-02,,,,,,
도봉구,11320,10700,창동,808,11320-57,동아청솔,,59.445,1,1997,53500,2020-03-03,,,,,,
도봉구,11320,10700,창동,347,11320-98,창동주공3단지(해등마을),,49.94,3,1990,53000,2020-03-02,,,,,,
도봉구,11320,10600,방학동,271-1,11320-42,신동아아파트1,,70.62,4,1986,33200,2020-03-02,,,,,,
도봉구,11320,10500,쌍문동,195,11320-19,청구,,84.63,2,1996,42500,2020-03-06,,,,,,
도봉구,11320,10600,방학동,507,11320-45,우성아파트1,,72.06,12,1992,33000,2020-03-06,,,,,,
도봉구,11320,10700,창동,373,11320-99,창동주공4단지,,41.3,10,1991,30000,2020-03-02,,,,,,
도봉구,11320,10500,쌍문동,199-1,11320-90,금호1,,36.36,10,1990,20400,2020-03-04,,,,,,
도봉구,11320,10500,쌍문동,59,11320-21,한양2,,76.92,7,1988,36000,2020-03-06,,,,,,
도봉구,11320,10600,방학동,736,11320-43,신동아타워아파트,,84.94,11,1997,32300,2020-03-04,,,,,,
도봉구,11320,10500,쌍문동,59,11320-21,한양2,,35.1,6,1988,19500,2020-03-02,,,,,,
도봉구,11320,10600,방학동,730,11320-35,극동아파트,,84.935,1,1993,28500,2020-03-05,,,,,,
도봉구,11320,10600,방학동,271-1,11320-42,신동아아파트1,,84.87,7,1986,39900,2020-03-04,,,,,,
도봉구,11320,10500,쌍문동,59,11320-21,한양2,,28.71,3,1988,16500,2020-03-02,,,,,,
도봉구,11320,10700,창동,373,11320-99,창동주공4단지,,41.3,10,1991,30900,2020-03-03,,,,,,
도봉구,11320,10600,방학동,741,11320-3574,성진파크뷰아파트,,45.19,9,2019,38000,2020-03-03,O,20.04.24,,,,
도봉구,11320,10500,쌍문동,388-33,11320-20,한양1,,50.58,6,1986,35000,2020-03-03,,,,,,
도봉구,11320,10700,창동,373,11320-99,창동주공4단지,,49.94,7,1991,39800,2020-03-02,,,,,,
도봉구,11320,10800,도봉동,647,11320-116,도봉파크빌2,,84.354,2,2002,43800,2020-03-02,,,,,,
노원구,11350,10300,공릉동,604-11,11350-161,대동아파트,,70.74,14,1999,43000,2020-03-10,,,,,,
노원구,11350,10300,공릉동,725,11350-183,풍림아파트A,,84.99,6,2001,67300,2020-03-21,,,,,,
노원구,11350,10400,하계동,271-3,11350-68,극동,,70.56,6,1988,54000,2020-03-21,,,,,,
노원구,11350,10500,상계동,639,11350-202,보람아파트,,68.99,11,1988,49400,2020-03-18,,,,,,
노원구,11350,10600,중계동,364-12,11350-115,주공6,,44.1,4,1993,36000,2020-03-25,,,,,,
노원구,11350,10500,상계동,1255,11350-19,은빛1단지,,39.69,14,1998,25000,2020-03-17,,,,,,
노원구,11350,10600,중계동,512,11350-102,중계무지개,,49.89,3,1991,39000,2020-03-05,,,,,,
노원구,11350,10200,월계동,942,11350-1663,월계역신도브래뉴,,123.6546,9,2005,69700,2020-03-26,,,,,,
노원구,11350,10600,중계동,359-1,11350-114,주공5,,44.52,2,1992,36750,2020-03-07,,,,,,
노원구,11350,10300,공릉동,741,11350-186,현대성우아파트,,59.98,9,2000,35100,2020-03-30,,,,,,
노원구,11350,10600,중계동,360-15,11350-88,건영3,,84.9,9,1995,94000,2020-03-30,,,,,,
노원구,11350,10300,공릉동,683-14,11350-2019,한일휴니스빌,,20.6853,7,2013,15450,2020-03-28,,,,,,
노원구,11350,10300,공릉동,745,11350-167,동신아파트,,59.99,9,1999,43400,2020-03-31,,,,,,
노원구,11350,10200,월계동,322-1,11350-146,성원(사슴4),,39.6,12,1995,29900,2020-03-31,,,,,,
노원구,11350,10500,상계동,639,11350-202,보람아파트,,44.33,15,1988,30800,2020-03-24,,,,,,
노원구,11350,10600,중계동,359-1,11350-114,주공5,,84.79,8,1992,86500,2020-03-27,O,20.06.30,,,,
노원구,11350,10600,중계동,103,11350-94,동진,,47.61,2,1988,16500,2020-03-27,,,,,,
노원구,11350,10500,상계동,1281,11350-45,코오롱,,73.17,13,1997,56500,2020-03-30,,,,,,
노원구,11350,10400,하계동,354,11350-80,학여울청구,,113.51,7,1999,65000,2020-03-30,,,,,,
노원구,11350,10500,상계동,1272,11350-23,수락현대,,84.87,4,1995,40000,2020-03-27,,,,,,
노원구,11350,10500,상계동,1276,11350-62,청암2단지,,59.96,12,2001,42200,2020-03-25,,,,,,
노원구,11350,10500,상계동,765,11350-29,상계주공1(고층),,41.3,11,1988,38000,2020-03-28,,,,,,
노원구,11350,10400,하계동,274,11350-73,청솔(시영7),,49.85,5,1989,32000,2020-03-25,,,,,,
노원구,11350,10500,상계동,765,11350-29,상계주공1(고층),,41.3,10,1988,36000,2020-03-28,,,,,,
노원구,11350,10200,월계동,320-11,11350-141,사슴3,,39.6,5,1995,29900,2020-03-30,,,,,,
노원구,11350,10500,상계동,1301,11350-66,상계대림e편한세상,,83.87,16,2002,50700,2020-03-23,,,,,,
노원구,11350,10200,월계동,940,11350-423,동원베네스트,,84.627,10,2005,59800,2020-03-27,,,,,,
노원구,11350,10500,상계동,666,11350-30,상계주공10(고층),,45.9,1,1988,38800,2020-03-08,,,,,,
노원구,11350,10300,공릉동,714,11350-171,삼익4단지아파트,,59.04,8,1994,42000,2020-03-28,,,,,,
노원구,11350,10600,중계동,587,11350-107,양지마을(대림)1,,59.88,11,1998,55750,2020-03-30,,,,,,
노원구,11350,10500,상계동,1299,11350-59,양우,,110.5345,3,2002,64700,2020-03-28,,,,,,
노원구,11350,10500,상계동,639,11350-202,보람아파트,,54.59,3,1988,36200,2020-03-28,,,,,,
노원구,11350,10500,상계동,1312,11350-1825,수락리버시티3단지,,84.88,14,2009,54400,2020-03-28,,,,,,
노원구,11350,10400,하계동,274,11350-73,청솔(시영7),,39.78,8,1989,31800,2020-03-29,,,,,,
노원구,11350,10400,하계동,251,11350-78,하계1청구,,84.6,13,1997,74000,2020-03-31,,,,,,
노원구,11350,10600,중계동,103,11350-94,동진,,47.61,3,1988,18100,2020-03-23,,,,,,
노원구,11350,10200,월계동,320-11,11350-141,사슴3,,49.5,13,1995,36000,2020-03-26,,,,,,
노원구,11350,10500,상계동,463,11350-24,상계신동아,,59.4,3,1995,31000,2020-03-25,,,,,,
노원구,11350,10300,공릉동,222-4,11350-1750,하늘공원아파트(102동),,83.3,7,2007,37900,2020-03-19,,,,,,
노원구,11350,10200,월계동,13,11350-140,미성,,50.14,3,1986,61000,2020-03-26,,,,,,
노원구,11350,10600,중계동,505,11350-96,롯데(505),,84.97,7,1989,71500,2020-03-21,,,,,,
노원구,11350,10300,공릉동,714,11350-171,삼익4단지아파트,,59.04,1,1994,34850,2020-03-23,,,,,,
노원구,11350,10300,공릉동,109,11350-169,비선아파트,,48.93,7,1999,34600,2020-03-28,,,,,,
노원구,11350,10500,상계동,1321,11350-220,건영,,84.77,12,2003,43800,2020-03-23,,,,,,
노원구,11350,10200,월계동,322-1,11350-146,성원(사슴4),,39.6,12,1995,29900,2020-03-26,,,,,,
노원구,11350,10500,상계동,766-1,11350-7,미도,,87.57,15,1988,59500,2020-03-23,,,,,,
노원구,11350,10400,하계동,251,11350-78,하계1청구,,84.6,9,1997,79000,2020-03-24,,,,,,
노원구,11350,10300,공릉동,81,11350-182,태강아파트(아이파크),,49.6,8,1999,37500,2020-03-28,,,,,,
노원구,11350,10200,월계동,949,11350-2140,꿈의숲SKVIEW,,59.92,14,2016,73700,2020-03-31,,,,,,
노원구,11350,10600,중계동,363-1,11350-116,주공7,,44.1,1,1993,29500,2020-03-21,,,,,,
노원구,11350,10600,중계동,505,11350-96,롯데(505),,54.48,10,1989,42500,2020-03-20,,,,,,
노원구,11350,10400,하계동,284,11350-81,한신1,,35.28,14,1988,30000,2020-03-28,,,,,,
노원구,11350,10500,상계동,670,11350-43,상계주공9(고층),,45.55,13,1988,34000,2020-03-24,,,,,,
노원구,11350,10600,중계동,361-1,11350-110,롯데우성,,115.26,3,1993,103000,2020-03-19,,,,,,
노원구,11350,10300,공릉동,749,11350-194,공릉2신도브래뉴아파트,,72.73,12,2002,53000,2020-03-28,,,,,,
노원구,11350,10500,상계동,1312,11350-1825,수락리버시티3단지,,84.88,8,2009,52400,2020-03-28,,,,,,
노원구,11350,10500,상계동,666,11350-30,상계주공10(고층),,58.01,1,1988,50000,2020-03-25,,,,,,
노원구,11350,10500,상계동,624,11350-35,상계주공16(고층),,59.39,12,1988,38500,2020-03-24,,,,,,
노원구,11350,10400,하계동,271-3,11350-68,극동,,55.72,13,1988,42900,2020-03-23,,,,,,
노원구,11350,10300,공릉동,109,11350-169,비선아파트,,48.6,9,1999,33000,2020-03-28,,,,,,
노원구,11350,10500,상계동,1312,11350-1825,수락리버시티3단지,,84.69,10,2009,50000,2020-03-28,,,,,,
노원구,11350,10500,상계동,749-5,11350-38,상계주공4(고층),,41.3,10,1988,37000,2020-03-18,,,,,,
노원구,11350,10400,하계동,284,11350-81,한신1,,44.52,3,1988,36000,2020-03-25,,,,,,
노원구,11350,10500,상계동,639,11350-202,보람아파트,,54.59,4,1988,37200,2020-03-25,,,,,,
노원구,11350,10300,공릉동,744,11350-159,건영장미아파트,,84.88,2,1999,52400,2020-03-22,,,,,,
노원구,11350,10300,공릉동,725,11350-183,풍림아파트A,,84.99,19,2001,68000,2020-03-20,,,,,,
노원구,11350,10300,공릉동,254,11350-178,태릉우성아파트,,84.97,2,1985,64900,2020-03-17,,,,,,
노원구,11350,10300,공릉동,738,11350-198,공릉우성아파트,,84.97,12,1995,55000,2020-03-24,,,,,,
노원구,11350,10500,상계동,1055,11350-51,상계1차현대아파트,,82.94,15,1993,40500,2020-03-30,,,,,,
노원구,11350,10600,중계동,359-1,11350-114,주공5,,84.79,10,1992,88900,2020-03-17,,,,,,
노원구,11350,10400,하계동,354,11350-80,학여울청구,,59.4,18,1999,48000,2020-03-17,,,,,,
노원구,11350,10500,상계동,135,11350-46,한신1차,,53.96,11,1987,29700,2020-03-18,,,,,,
노원구,11350,10500,상계동,925-1,11350-239,한창늘푸른,,105.65,5,2003,50000,2020-03-20,,,,,,
노원구,11350,10500,상계동,749-5,11350-38,상계주공4(고층),,58.01,7,1988,53000,2020-03-28,,,,,,
노원구,11350,10200,월계동,556,11350-149,주공2,,44.52,14,1992,31000,2020-03-21,,,,,,
노원구,11350,10500,상계동,1289,11350-17,상계불암대림,,59.22,19,2000,43500,2020-03-18,,,,,,
노원구,11350,10200,월계동,940,11350-423,동원베네스트,,59.854,12,2005,48000,2020-03-25,,,,,,
노원구,11350,10300,공릉동,705,11350-166,동부아파트,,59.34,4,1996,36600,2020-03-21,,,,,,
노원구,11350,10500,상계동,647,11350-32,상계주공12(고층),,49.94,1,1988,37900,2020-03-18,,,,,,
노원구,11350,10500,상계동,1289,11350-17,상계불암대림,,84.96,14,2000,61800,2020-03-14,,,,,,
노원구,11350,10300,공릉동,743,11350-184,공릉동한보에센시티아파트,,59.4,9,2000,42800,2020-03-25,,,,,,
노원구,11350,10500,상계동,624,11350-35,상계주공16(고층),,59.39,10,1988,37900,2020-03-18,,,,,,
노원구,11350,10400,하계동,271-3,11350-68,극동,,70.56,14,1988,56000,2020-03-21,,,,,,
노원구,11350,10400,하계동,274,11350-73,청솔(시영7),,49.5,15,1989,34600,2020-03-16,,,,,,
노원구,11350,10500,상계동,647,11350-32,상계주공12(고층),,66.56,14,1988,56500,2020-03-23,,,,,,
노원구,11350,10600,중계동,578,11350-129,현대2(4차),,84.78,2,1993,44500,2020-03-14,,,,,,
노원구,11350,10500,상계동,691,11350-41,상계주공7(고층),,58.01,2,1988,70000,2020-03-09,,,,,,
노원구,11350,10200,월계동,448-3,11350-142,삼창,,56.59,6,1984,37500,2020-03-07,,,,,,
노원구,11350,10400,하계동,284,11350-76,청구,,84.97,9,1988,67000,2020-03-14,,,,,,
노원구,11350,10500,상계동,721,11350-39,상계주공5(저층),,31.98,3,1987,54000,2020-03-13,,,,,,
노원구,11350,10500,상계동,647,11350-32,상계주공12(고층),,41.3,12,1988,32900,2020-03-21,,,,,,
노원구,11350,10300,공릉동,254,11350-178,태릉우성아파트,,84.97,6,1985,65800,2020-03-14,,,,,,
노원구,11350,10400,하계동,271-3,11350-68,극동,,55.72,13,1988,42900,2020-03-23,O,20.04.16,,,,
노원구,11350,10200,월계동,927,11350-155,한일2,,59.953,16,2000,51850,2020-03-14,,,,,,
노원구,11350,10200,월계동,947,11350-1734,롯데캐슬루나,,59.993,6,2006,45000,2020-03-30,,,,,,
노원구,11350,10200,월계동,775,11350-136,대우,,134.64,14,1998,56000,2020-03-14,,,,,,
노원구,11350,10600,중계동,583,11350-91,금호타운(583),,59.52,7,1997,45200,2020-03-12,,,,,,
노원구,11350,10500,상계동,691,11350-41,상계주공7(고층),,59.39,13,1988,62000,2020-03-26,,,,,,
노원구,11350,10400,하계동,271-3,11350-68,극동,,70.56,6,1988,54000,2020-03-21,O,20.06.15,,,,
노원구,11350,10400,하계동,270,11350-85,현대,,84.95,7,1988,79000,2020-03-26,,,,,,
노원구,11350,10400,하계동,270,11350-75,우성,,127.22,15,1988,90000,2020-03-21,,,,,,
노원구,11350,10500,상계동,666,11350-30,상계주공10(고층),,59.39,15,1988,51000,2020-03-28,,,,,,
노원구,11350,10400,하계동,271-3,11350-70,벽산,,57.71,2,1988,43000,2020-03-25,,,,,,
노원구,11350,10500,상계동,1305,11350-214,동양엔파트,,84.88,1,2003,67750,2020-03-27,,,,,,
노원구,11350,10500,상계동,173-1,11350-10,벽산,,75.03,13,1989,50900,2020-03-20,,,,,,
노원구,11350,10200,월계동,943,11350-1664,세양청마루,,84.957,3,2005,54000,2020-03-14,,,,,,
노원구,11350,10500,상계동,670,11350-43,상계주공9(고층),,49.94,7,1988,43500,2020-03-16,,,,,,
노원구,11350,10500,상계동,765,11350-29,상계주공1(고층),,58.01,5,1988,46800,2020-03-14,,,,,,
노원구,11350,10500,상계동,670,11350-43,상계주공9(고층),,49.94,6,1988,41000,2020-03-22,,,,,,
노원구,11350,10600,중계동,598,11350-429,한화꿈에그린,,84.902,12,2005,67300,2020-03-11,,,,,,
노원구,11350,10500,상계동,1256,11350-20,은빛2단지,,39.7,3,1998,27800,2020-03-18,,,,,,
노원구,11350,10200,월계동,556,11350-149,주공2,,38.64,14,1992,26300,2020-03-27,,,,,,
노원구,11350,10500,상계동,1276,11350-62,청암2단지,,49.77,1,2001,27250,2020-03-27,,,,,,
노원구,11350,10500,상계동,639,11350-202,보람아파트,,44.33,9,1988,32900,2020-03-14,,,,,,
노원구,11350,10400,하계동,284,11350-82,한신2,,35.28,5,1988,29900,2020-03-14,,,,,,
노원구,11350,10200,월계동,556,11350-149,주공2,,59.97,9,1992,43000,2020-03-23,,,,,,
노원구,11350,10500,상계동,173-1,11350-10,벽산,,46.8,15,1989,30500,2020-03-24,,,,,,
노원구,11350,10500,상계동,173-1,11350-10,벽산,,75.03,5,1989,47500,2020-03-17,,,,,,
노원구,11350,10200,월계동,556,11350-149,주공2,,58.65,12,1992,42000,2020-03-24,,,,,,
노원구,11350,10200,월계동,781,11350-151,청백4,,39.84,12,1998,22000,2020-03-20,,,,,,
노원구,11350,10600,중계동,359-1,11350-114,주공5,,44.52,12,1992,37000,2020-03-21,,,,,,
노원구,11350,10300,공릉동,725,11350-183,풍림아파트A,,114.78,14,2001,73000,2020-03-15,,,,,,
노원구,11350,10500,상계동,626,11350-34,상계주공14(고층),,49.94,1,1989,39300,2020-03-12,,,,,,
노원구,11350,10600,중계동,505,11350-96,롯데(505),,72.49,14,1989,61000,2020-03-24,,,,,,
노원구,11350,10600,중계동,360-15,11350-88,건영3,,84.9,11,1995,95000,2020-03-17,,,,,,
노원구,11350,10500,상계동,765,11350-29,상계주공1(고층),,41.3,10,1988,37000,2020-03-24,,,,,,
노원구,11350,10400,하계동,274,11350-73,청솔(시영7),,49.5,11,1989,37160,2020-03-28,,,,,,
노원구,11350,10500,상계동,624,11350-35,상계주공16(고층),,45.77,4,1988,29800,2020-03-14,O,20.05.15,,,,
노원구,11350,10400,하계동,280,11350-69,미성,,118.52,15,1989,77000,2020-03-21,,,,,,
노원구,11350,10500,상계동,624,11350-35,상계주공16(고층),,45.77,12,1988,29900,2020-03-14,,,,,,
노원구,11350,10500,상계동,670,11350-43,상계주공9(고층),,49.94,12,1988,40000,2020-03-16,,,,,,
노원구,11350,10500,상계동,1306,11350-244,우림루미아트1,,84.887,13,2004,58800,2020-03-09,,,,,,
노원구,11350,10500,상계동,670,11350-43,상계주공9(고층),,79.07,9,1988,72500,2020-03-19,,,,,,
노원구,11350,10200,월계동,556,11350-149,주공2,,58.65,14,1992,41000,2020-03-30,,,,,,
노원구,11350,10600,중계동,512,11350-102,중계무지개,,49.54,11,1991,40000,2020-03-09,,,,,,
노원구,11350,10500,상계동,639,11350-202,보람아파트,,44.33,15,1988,29800,2020-03-17,,,,,,
노원구,11350,10500,상계동,458,11350-48,한신3차,,60.44,10,1990,35900,2020-03-18,,,,,,
노원구,11350,10500,상계동,135,11350-46,한신1차,,53.96,10,1987,30000,2020-03-14,,,,,,
노원구,11350,10200,월계동,383-40,11350-145,성북맨션,,65.35,5,1976,44400,2020-03-19,,,,,,
노원구,11350,10500,상계동,720,11350-40,상계주공6(고층),,59.39,13,1988,60000,2020-03-23,,,,,,
노원구,11350,10500,상계동,1276,11350-62,청암2단지,,59.96,13,2001,43400,2020-03-17,,,,,,
노원구,11350,10500,상계동,765,11350-29,상계주공1(고층),,58.01,12,1988,49500,2020-03-24,,,,,,
노원구,11350,10400,하계동,255-1,11350-71,삼익선경,,134.19,12,1993,87000,2020-03-19,,,,,,
노원구,11350,10600,중계동,505,11350-90,경남,,50.97,12,1989,39000,2020-03-14,,,,,,
노원구,11350,10500,상계동,1055,11350-51,상계1차현대아파트,,83.92,7,1993,42500,2020-03-19,,,,,,
노원구,11350,10500,상계동,639,11350-202,보람아파트,,44.33,12,1988,31800,2020-03-13,,,,,,
노원구,11350,10500,상계동,670,11350-43,상계주공9(고층),,49.94,15,1988,40000,2020-03-18,,,,,,
노원구,11350,10600,중계동,360-2,11350-125,청구3,,84.77,1,1996,89000,2020-03-09,,,,,,
노원구,11350,10400,하계동,280,11350-69,미성,,57.97,12,1989,47700,2020-03-23,,,,,,
노원구,11350,10600,중계동,363-1,11350-116,주공7,,44.1,3,1993,30800,2020-03-14,,,,,,
노원구,11350,10500,상계동,721,11350-39,상계주공5(저층),,31.98,5,1987,52500,2020-03-24,,,,,,
노원구,11350,10500,상계동,624,11350-35,상계주공16(고층),,59.39,8,1988,40500,2020-03-17,,,,,,
노원구,11350,10400,하계동,353,11350-74,우방,,83.12,1,1999,53700,2020-03-17,,,,,,
노원구,11350,10200,월계동,12,11350-143,삼호4,,50.18,7,1987,53000,2020-03-28,,,,,,
노원구,11350,10500,상계동,652,11350-31,상계주공11(고층),,59.2,11,1988,45500,2020-03-16,,,,,,
노원구,11350,10500,상계동,1305,11350-214,동양엔파트,,84.88,18,2003,80000,2020-03-16,,,,,,
노원구,11350,10500,상계동,765,11350-29,상계주공1(고층),,49.94,10,1988,42000,2020-03-26,,,,,,
노원구,11350,10500,상계동,765,11350-29,상계주공1(고층),,68.86,5,1988,58500,2020-03-20,,,,,,
노원구,11350,10600,중계동,34-5,11350-127,현대(6차),,122.685,12,2018,76250,2020-03-18,,,,,,
노원구,11350,10500,상계동,666,11350-30,상계주공10(고층),,49.94,1,1988,41750,2020-03-28,,,,,,
노원구,11350,10300,공릉동,755,11350-236,비콘아파트,,65.221,8,2004,41700,2020-03-25,,,,,,
노원구,11350,10400,하계동,284,11350-81,한신1,,35.28,7,1988,29650,2020-03-31,,,,,,
노원구,11350,10500,상계동,173-1,11350-10,벽산,,84.89,2,1989,54700,2020-03-12,,,,,,
노원구,11350,10300,공릉동,222-4,11350-1750,하늘공원아파트(102동),,83.3,7,2007,37900,2020-03-19,O,20.04.20,,,,
노원구,11350,10300,공릉동,746,11350-189,화랑해링턴플레이스아파트,,84.75,9,1999,58800,2020-03-27,,,,,,
노원구,11350,10300,공릉동,743,11350-184,공릉동한보에센시티아파트,,59.4,20,2000,38500,2020-03-17,,,,,,
노원구,11350,10200,월계동,780,11350-150,청백3,,49.77,1,1998,26400,2020-03-23,,,,,,
노원구,11350,10200,월계동,320-11,11350-141,사슴3,,49.5,7,1995,34000,2020-03-17,,,,,,
노원구,11350,10500,상계동,670,11350-43,상계주공9(고층),,49.94,15,1988,41500,2020-03-07,,,,,,
노원구,11350,10300,공릉동,714,11350-171,삼익4단지아파트,,49.5,13,1994,35000,2020-03-17,,,,,,
노원구,11350,10600,중계동,363-1,11350-116,주공7,,44.1,2,1993,29500,2020-03-23,,,,,,
노원구,11350,10600,중계동,360-2,11350-125,청구3,,84.77,6,1996,99000,2020-03-10,,,,,,
노원구,11350,10600,중계동,363-1,11350-116,주공7,,44.1,14,1993,32000,2020-03-16,,,,,,
노원구,11350,10600,중계동,512,11350-102,중계무지개,,59.26,3,1991,46600,2020-03-10,,,,,,
노원구,11350,10500,상계동,740,11350-36,상계주공2(고층),,58.01,5,1987,58000,2020-03-09,,,,,,
노원구,11350,10500,상계동,451,11350-47,한신2차,,58.46,15,1988,32300,2020-03-11,,,,,,
노원구,11350,10300,공릉동,744,11350-159,건영장미아파트,,59.87,8,1999,38300,2020-03-21,,,,,,
노원구,11350,10300,공릉동,714,11350-171,삼익4단지아파트,,59.04,7,1994,42700,2020-03-16,,,,,,
노원구,11350,10300,공릉동,270-71,11350-163,대명아파트,,57.96,1,1989,42000,2020-03-26,,,,,,
노원구,11350,10400,하계동,270,11350-85,현대,,84.95,3,1988,77000,2020-03-16,,,,,,
노원구,11350,10600,중계동,512,11350-102,중계무지개,,49.89,1,1991,35800,2020-03-09,,,,,,
노원구,11350,10600,중계동,512,11350-102,중계무지개,,49.89,1,1991,35000,2020-03-07,,,,,,
노원구,11350,10600,중계동,512,11350-102,중계무지개,,59.26,8,1991,47200,2020-03-10,,,,,,
노원구,11350,10400,하계동,270,11350-85,현대,,71.68,9,1988,67200,2020-03-21,,,,,,
노원구,11350,10200,월계동,924,11350-152,초안2,,49.6,14,1997,26300,2020-03-12,,,,,,
노원구,11350,10600,중계동,584-1,11350-98,삼창타워주상프라자,,59.39,13,1997,36500,2020-03-21,,,,,,
노원구,11350,10600,중계동,584-1,11350-98,삼창타워주상프라자,,151.73,13,1997,66500,2020-03-16,,,,,,
노원구,11350,10300,공릉동,370-4,11350-176,신원아파트,,59.59,6,2000,37800,2020-03-14,,,,,,
노원구,11350,10300,공릉동,590-1,11350-199,현대(고려)아파트,,53.28,13,1999,29500,2020-03-23,,,,,,
노원구,11350,10500,상계동,749-5,11350-38,상계주공4(고층),,32.39,3,1988,30700,2020-03-14,,,,,,
노원구,11350,10400,하계동,271-3,11350-70,벽산,,84.85,6,1988,73200,2020-03-16,,,,,,
노원구,11350,10500,상계동,720,11350-40,상계주공6(고층),,59.39,11,1988,57500,2020-03-18,,,,,,
노원구,11350,10500,상계동,749-5,11350-38,상계주공4(고층),,32.39,1,1988,28000,2020-03-28,,,,,,
노원구,11350,10300,공릉동,81,11350-182,태강아파트(아이파크),,49.6,5,1999,35500,2020-03-17,,,,,,
노원구,11350,10500,상계동,1255,11350-19,은빛1단지,,39.7,11,1998,24500,2020-03-24,,,,,,
노원구,11350,10200,월계동,448-3,11350-142,삼창,,56.59,3,1984,39900,2020-03-28,,,,,,
노원구,11350,10500,상계동,173-1,11350-10,벽산,,43.35,5,1989,25500,2020-03-23,,,,,,
노원구,11350,10600,중계동,505,11350-99,상아,,51.29,2,1989,39500,2020-03-09,,,,,,
노원구,11350,10300,공릉동,752,11350-211,광덕파크빌아파트,,84.69,7,2003,45000,2020-03-23,,,,,,
노원구,11350,10300,공릉동,587-8,11350-234,하나플러스,,74.09,5,2004,42500,2020-03-25,,,,,,
노원구,11350,10300,공릉동,752,11350-211,광덕파크빌아파트,,84.69,3,2003,43800,2020-03-14,,,,,,
노원구,11350,10300,공릉동,752,11350-211,광덕파크빌아파트,,84.69,11,2003,44000,2020-03-14,,,,,,
노원구,11350,10500,상계동,749-5,11350-38,상계주공4(고층),,41.3,6,1988,38500,2020-03-23,,,,,,
노원구,11350,10500,상계동,691,11350-41,상계주공7(고층),,45.9,12,1988,48000,2020-03-19,,,,,,
노원구,11350,10300,공릉동,747,11350-168,두산힐스빌아파트,,114.72,1,2000,66000,2020-03-28,,,,,,
노원구,11350,10500,상계동,1078,11350-52,현대2차,,82.68,6,1993,40900,2020-03-19,,,,,,
노원구,11350,10500,상계동,670,11350-43,상계주공9(고층),,45.9,12,1988,33700,2020-03-12,,,,,,
노원구,11350,10500,상계동,173-1,11350-10,벽산,,59.9,1,1989,36800,2020-03-11,,,,,,
노원구,11350,10200,월계동,947,11350-1734,롯데캐슬루나,,59.993,3,2006,60800,2020-03-21,,,,,,
노원구,11350,10500,상계동,624,11350-35,상계주공16(고층),,58.01,14,1988,39400,2020-03-27,,,,,,
노원구,11350,10500,상계동,670,11350-43,상계주공9(고층),,45.9,10,1988,37500,2020-03-12,,,,,,
노원구,11350,10500,상계동,670,11350-43,상계주공9(고층),,79.07,1,1988,61000,2020-03-06,,,,,,
노원구,11350,10600,중계동,512,11350-102,중계무지개,,49.89,6,1991,40000,2020-03-12,,,,,,
노원구,11350,10500,상계동,1276,11350-62,청암2단지,,49.77,9,2001,34000,2020-03-31,,,,,,
노원구,11350,10300,공릉동,382-14,11350-175,신명아파트,,84.55,14,1995,42000,2020-03-31,,,,,,
노원구,11350,10500,상계동,765,11350-203,상계주공1(저층),,71.89,4,1988,50000,2020-03-09,,,,,,
노원구,11350,10600,중계동,358-2,11350-113,주공4,,59.39,14,1991,55000,2020-03-14,,,,,,
노원구,11350,10300,공릉동,705,11350-166,동부아파트,,84.79,9,1996,46000,2020-03-18,,,,,,
노원구,11350,10200,월계동,923,11350-153,초안1,,39.6,14,1998,20500,2020-03-13,,,,,,
노원구,11350,10600,중계동,358-2,11350-113,주공4,,59.39,3,1991,52000,2020-03-23,,,,,,
노원구,11350,10500,상계동,624,11350-35,상계주공16(고층),,45.77,7,1988,31000,2020-03-19,,,,,,
노원구,11350,10500,상계동,652,11350-31,상계주공11(고층),,49.94,10,1988,44500,2020-03-10,,,,,,
노원구,11350,10400,하계동,288,11350-79,하계2현대,,84.896,1,1997,72000,2020-03-11,,,,,,
노원구,11350,10500,상계동,749-5,11350-38,상계주공4(고층),,41.3,14,1988,38250,2020-03-09,,,,,,
노원구,11350,10500,상계동,1293,11350-14,불암현대,,59.4,3,1999,36000,2020-03-11,,,,,,
노원구,11350,10600,중계동,582,11350-217,청암3단지(582),,84.774,4,2003,53000,2020-03-07,,,,,,
노원구,11350,10500,상계동,1078,11350-52,현대2차,,82.68,9,1993,40950,2020-03-14,,,,,,
노원구,11350,10200,월계동,13,11350-197,삼호3,,59.22,4,1986,74800,2020-03-07,,,,,,
노원구,11350,10300,공릉동,715,11350-173,시영3차(라이프)아파트,,39.6,1,1994,24700,2020-03-27,,,,,,
노원구,11350,10500,상계동,639,11350-202,보람아파트,,68.99,7,1988,47800,2020-03-17,,,,,,
노원구,11350,10500,상계동,765,11350-29,상계주공1(고층),,58.01,9,1988,47000,2020-03-20,,,,,,
노원구,11350,10200,월계동,947,11350-1734,롯데캐슬루나,,59.993,12,2006,60800,2020-03-31,,,,,,
노원구,11350,10200,월계동,947,11350-1734,롯데캐슬루나,,59.993,12,2006,59700,2020-03-21,,,,,,
노원구,11350,10500,상계동,173-1,11350-10,벽산,,59.9,12,1989,41900,2020-03-10,,,,,,
노원구,11350,10200,월계동,775,11350-136,대우,,99.98,4,1998,51400,2020-03-16,,,,,,
노원구,11350,10500,상계동,670,11350-43,상계주공9(고층),,49.94,3,1988,42200,2020-03-07,,,,,,
노원구,11350,10300,공릉동,81,11350-182,태강아파트(아이파크),,59.38,1,1999,39000,2020-03-14,,,,,,
노원구,11350,10500,상계동,740,11350-36,상계주공2(고층),,58.01,7,1987,57000,2020-03-04,,,,,,
노원구,11350,10200,월계동,13,11350-139,미륭,,51.48,5,1986,69000,2020-03-09,,,,,,
노원구,11350,10200,월계동,803-1,11350-134,극동,,80.28,10,1996,38800,2020-03-16,,,,,,
노원구,11350,10500,상계동,691,11350-41,상계주공7(고층),,41.3,14,1988,45000,2020-03-07,,,,,,
노원구,11350,10500,상계동,691,11350-41,상계주공7(고층),,41.3,12,1988,47000,2020-03-13,,,,,,
노원구,11350,10600,중계동,360-2,11350-125,청구3,,84.77,12,1996,99800,2020-03-02,,,,,,
노원구,11350,10600,중계동,512,11350-102,중계무지개,,49.54,2,1991,37300,2020-03-13,O,20.06.26,,,,
노원구,11350,10600,중계동,581,11350-101,성원2,,84.78,15,1995,48000,2020-03-11,,,,,,
노원구,11350,10500,상계동,626,11350-204,상계주공14(저층),,84.41,1,1989,62000,2020-03-10,,,,,,
노원구,11350,10500,상계동,740,11350-36,상계주공2(고층),,32.39,6,1987,36000,2020-03-11,,,,,,
노원구,11350,10200,월계동,556,11350-149,주공2,,59.97,8,1992,44000,2020-03-20,,,,,,
노원구,11350,10400,하계동,284,11350-81,한신1,,27,4,1988,22800,2020-03-26,,,,,,
노원구,11350,10200,월계동,13,11350-140,미성,,50.14,3,1986,65000,2020-03-02,,,,,,
노원구,11350,10500,상계동,691,11350-41,상계주공7(고층),,45.55,12,1988,46000,2020-03-28,,,,,,
노원구,11350,10600,중계동,593,11350-97,삼성,,59.9,12,1999,39900,2020-03-04,,,,,,
노원구,11350,10600,중계동,502-1,11350-120,중계그린1단지,,39.92,10,1990,31900,2020-03-31,,,,,,
노원구,11350,10500,상계동,765,11350-29,상계주공1(고층),,58.01,5,1988,40000,2020-03-06,,,,,,
노원구,11350,10600,중계동,445,11350-109,염광,,84.5,14,1996,66000,2020-03-06,,,,,,
노원구,11350,10200,월계동,322-1,11350-146,성원(사슴4),,39.6,4,1995,31000,2020-03-09,,,,,,
노원구,11350,10400,하계동,271-3,11350-67,건영,,65.43,11,1988,53500,2020-03-03,,,,,,
노원구,11350,10500,상계동,666,11350-30,상계주공10(고층),,59.39,10,1988,53000,2020-03-14,,,,,,
노원구,11350,10300,공릉동,670-20,11350-2139,노원프레미어스엠코,,84.0408,8,2016,65500,2020-03-02,,,,,,
노원구,11350,10400,하계동,271-3,11350-70,벽산,,70.56,3,1988,54500,2020-03-30,,,,,,
노원구,11350,10500,상계동,1063,11350-53,상계현대3차,,84.96,5,1999,48000,2020-03-09,,,,,,
노원구,11350,10300,공릉동,81,11350-182,태강아파트(아이파크),,59.38,15,1999,43500,2020-03-31,,,,,,
노원구,11350,10500,상계동,1277,11350-22,수락한신,,59.95,11,1997,34700,2020-03-21,,,,,,
노원구,11350,10200,월계동,780,11350-150,청백3,,49.77,15,1998,26700,2020-03-05,,,,,,
노원구,11350,10500,상계동,1293,11350-14,불암현대,,84.9,2,1999,45500,2020-03-10,,,,,,
노원구,11350,10300,공릉동,81,11350-182,태강아파트(아이파크),,49.6,11,1999,37800,2020-03-15,,,,,,
노원구,11350,10300,공릉동,743,11350-184,공릉동한보에센시티아파트,,84.93,3,2000,51000,2020-03-05,,,,,,
노원구,11350,10600,중계동,502-1,11350-120,중계그린1단지,,49.5,7,1990,39700,2020-03-28,,,,,,
노원구,11350,10300,공릉동,725,11350-183,풍림아파트A,,59.94,16,2001,54850,2020-03-02,,,,,,
노원구,11350,10200,월계동,13,11350-140,미성,,33.28,2,1986,54800,2020-03-12,,,,,,
노원구,11350,10300,공릉동,395-6,11350-1902,참다움아파트,,67.5682,6,2012,31500,2020-03-20,,,,,,
노원구,11350,10600,중계동,502-1,11350-120,중계그린1단지,,59.22,1,1990,43000,2020-03-25,,,,,,
노원구,11350,10500,상계동,670,11350-43,상계주공9(고층),,45.9,10,1988,34000,2020-03-14,,,,,,
노원구,11350,10600,중계동,592,11350-118,중계3벽산,,85,16,1999,65500,2020-03-14,,,,,,
노원구,11350,10200,월계동,18,11350-133,한진한화그랑빌,,84.97,19,2002,79900,2020-03-20,,,,,,
노원구,11350,10200,월계동,18,11350-133,한진한화그랑빌,,59.94,11,2002,69200,2020-03-06,,,,,,
노원구,11350,10200,월계동,556,11350-149,주공2,,58.65,12,1992,39800,2020-03-10,,,,,,
노원구,11350,10500,상계동,1110,11350-28,두산,,51.66,9,1994,34000,2020-03-21,,,,,,
노원구,11350,10500,상계동,1289,11350-17,상계불암대림,,59.22,23,2000,42000,2020-03-09,,,,,,
노원구,11350,10200,월계동,780,11350-150,청백3,,39.84,3,1998,20000,2020-03-06,,,,,,
노원구,11350,10200,월계동,780,11350-150,청백3,,49.77,12,1998,28000,2020-03-05,,,,,,
노원구,11350,10500,상계동,639,11350-202,보람아파트,,54.59,14,1988,38800,2020-03-14,,,,,,
노원구,11350,10400,하계동,270,11350-75,우성,,84.91,5,1988,79500,2020-03-06,,,,,,
노원구,11350,10600,중계동,512,11350-102,중계무지개,,49.89,1,1991,35000,2020-03-07,O,20.04.03,,,,
노원구,11350,10300,공릉동,738,11350-198,공릉우성아파트,,59.26,11,1995,39300,2020-03-07,,,,,,
노원구,11350,10300,공릉동,737,11350-172,삼익포레스트아파트,,51.03,3,1995,32800,2020-03-05,,,,,,
노원구,11350,10600,중계동,505,11350-90,경남,,50.97,2,1989,39000,2020-03-21,,,,,,
노원구,11350,10300,공릉동,743,11350-184,공릉동한보에센시티아파트,,59.4,18,2000,41700,2020-03-02,,,,,,
노원구,11350,10300,공릉동,705,11350-166,동부아파트,,59.34,15,1996,37500,2020-03-23,,,,,,
노원구,11350,10500,상계동,749-5,11350-38,상계주공4(고층),,49.94,11,1988,45000,2020-03-16,,,,,,
노원구,11350,10500,상계동,1110,11350-28,두산,,51.66,3,1994,33500,2020-03-09,,,,,,
노원구,11350,10600,중계동,369,11350-112,주공2,,44.52,14,1992,29900,2020-03-27,,,,,,
노원구,11350,10500,상계동,666,11350-30,상계주공10(고층),,59.39,6,1988,53900,2020-03-17,,,,,,
노원구,11350,10600,중계동,502-1,11350-120,중계그린1단지,,39.78,12,1990,32500,2020-03-11,,,,,,
노원구,11350,10600,중계동,502-1,11350-120,중계그린1단지,,39.91,3,1990,27000,2020-03-27,,,,,,
노원구,11350,10500,상계동,666,11350-30,상계주공10(고층),,45.9,1,1988,38800,2020-03-06,O,20.04.21,,,,
노원구,11350,10500,상계동,749-5,11350-38,상계주공4(고층),,49.94,7,1988,42000,2020-03-09,,,,,,
노원구,11350,10400,하계동,273,11350-72,장미(시영6),,54.29,11,1989,47000,2020-03-14,,,,,,
노원구,11350,10400,하계동,273,11350-72,장미(시영6),,54.02,9,1989,44500,2020-03-12,,,,,,
노원구,11350,10500,상계동,1255,11350-19,은빛1단지,,59.95,4,1998,39900,2020-03-11,,,,,,
노원구,11350,10400,하계동,273,11350-72,장미(시영6),,54.02,10,1989,47000,2020-03-03,,,,,,
노원구,11350,10300,공릉동,714,11350-171,삼익4단지아파트,,39.6,1,1994,24900,2020-03-07,,,,,,
노원구,11350,10500,상계동,691,11350-41,상계주공7(고층),,45.9,4,1988,44800,2020-03-18,,,,,,
노원구,11350,10300,공릉동,727,11350-209,풍림아파트B,,31.32,2,2001,21400,2020-03-28,,,,,,
노원구,11350,10500,상계동,652,11350-31,상계주공11(고층),,60.5,3,1988,43600,2020-03-21,,,,,,
노원구,11350,10500,상계동,720,11350-40,상계주공6(고층),,59.28,11,1988,59500,2020-03-06,,,,,,
노원구,11350,10400,하계동,284,11350-81,한신1,,27,8,1988,24500,2020-03-28,,,,,,
노원구,11350,10300,공릉동,745,11350-167,동신아파트,,59.99,10,1999,44500,2020-03-25,,,,,,
노원구,11350,10300,공릉동,714,11350-171,삼익4단지아파트,,59.04,4,1994,40000,2020-03-11,,,,,,
노원구,11350,10500,상계동,740,11350-206,상계주공2(저층),,62.17,1,1987,45000,2020-03-03,,,,,,
노원구,11350,10200,월계동,13,11350-140,미성,,50.14,5,1986,62500,2020-03-16,,,,,,
노원구,11350,10500,상계동,1078,11350-52,현대2차,,82.68,14,1993,43800,2020-03-20,,,,,,
노원구,11350,10500,상계동,1322,11350-2151,중계센트럴파크,,84.55,10,2016,63000,2020-03-25,,,,,,
노원구,11350,10600,중계동,502-1,11350-120,중계그린1단지,,44.1,2,1990,35300,2020-03-21,,,,,,
노원구,11350,10500,상계동,691,11350-41,상계주공7(고층),,79.07,13,1988,85000,2020-03-16,,,,,,
노원구,11350,10300,공릉동,744,11350-159,건영장미아파트,,59.87,12,1999,37500,2020-03-05,,,,,,
노원구,11350,10300,공릉동,714,11350-171,삼익4단지아파트,,49.5,6,1994,34800,2020-03-02,,,,,,
노원구,11350,10500,상계동,691,11350-41,상계주공7(고층),,49.94,8,1988,56500,2020-03-21,,,,,,
노원구,11350,10600,중계동,512,11350-102,중계무지개,,49.89,15,1991,38900,2020-03-14,,,,,,
노원구,11350,10600,중계동,366,11350-95,라이프,,115.65,11,1993,110000,2020-03-09,,,,,,
노원구,11350,10600,중계동,512,11350-102,중계무지개,,39.96,11,1991,31000,2020-03-11,,,,,,
노원구,11350,10600,중계동,502-1,11350-120,중계그린1단지,,49.5,8,1990,43500,2020-03-10,,,,,,
노원구,11350,10200,월계동,380-1,11350-1728,삼능스페이스향,,84.81,15,2006,55000,2020-03-09,,,,,,
노원구,11350,10200,월계동,18,11350-133,한진한화그랑빌,,139.08,26,2002,90000,2020-03-06,,,,,,
노원구,11350,10400,하계동,270,11350-75,우성,,84.91,10,1988,78200,2020-03-21,,,,,,
노원구,11350,10200,월계동,781,11350-151,청백4,,84.54,8,1998,46000,2020-03-03,,,,,,
노원구,11350,10200,월계동,929,11350-156,현대,,59.95,9,2000,54500,2020-03-09,,,,,,
노원구,11350,10600,중계동,362-1,11350-117,주공8,,49.72,7,1993,45800,2020-03-21,,,,,,
노원구,11350,10600,중계동,369,11350-112,주공2,,44.52,15,1992,29950,2020-03-17,,,,,,
노원구,11350,10500,상계동,624,11350-35,상계주공16(고층),,59.39,8,1988,40000,2020-03-19,,,,,,
노원구,11350,10400,하계동,255-1,11350-71,삼익선경,,107.95,10,1993,75000,2020-03-27,,,,,,
노원구,11350,10600,중계동,512,11350-102,중계무지개,,39.96,10,1991,31500,2020-03-14,,,,,,
노원구,11350,10600,중계동,512,11350-102,중계무지개,,59.26,2,1991,46900,2020-03-21,,,,,,
노원구,11350,10500,상계동,639,11350-202,보람아파트,,79.25,4,1988,50000,2020-03-25,,,,,,
노원구,11350,10400,하계동,271-3,11350-70,벽산,,57.71,6,1988,45000,2020-03-13,,,,,,
노원구,11350,10200,월계동,556,11350-149,주공2,,44.52,14,1992,29900,2020-03-10,,,,,,
노원구,11350,10600,중계동,359-1,11350-114,주공5,,44.94,6,1992,38500,2020-03-02,,,,,,
노원구,11350,10300,공릉동,705,11350-166,동부아파트,,84.79,8,1996,46500,2020-03-13,,,,,,
노원구,11350,10300,공릉동,715,11350-173,시영3차(라이프)아파트,,49.5,2,1994,32700,2020-03-25,O,20.06.15,,,,
노원구,11350,10300,공릉동,109,11350-169,비선아파트,,48.93,3,1999,31450,2020-03-21,,,,,,
노원구,11350,10500,상계동,626,11350-34,상계주공14(고층),,49.94,14,1989,41750,2020-03-20,,,,,,
노원구,11350,10500,상계동,765,11350-29,상계주공1(고층),,41.3,10,1988,38000,2020-03-04,,,,,,
노원구,11350,10500,상계동,1255,11350-19,은빛1단지,,39.7,11,1998,24500,2020-03-24,O,20.04.03,,,,
노원구,11350,10500,상계동,670,11350-43,상계주공9(고층),,49.94,2,1988,38000,2020-03-12,,,,,,
노원구,11350,10400,하계동,284,11350-82,한신2,,35.28,13,1988,29700,2020-03-21,,,,,,
노원구,11350,10500,상계동,458,11350-48,한신3차,,60.44,8,1990,38000,2020-03-03,,,,,,
노원구,11350,10500,상계동,458,11350-48,한신3차,,84.59,14,1990,49500,2020-03-09,,,,,,
노원구,11350,10600,중계동,512,11350-102,중계무지개,,49.89,3,1991,39000,2020-03-05,O,20.05.11,,,,
노원구,11350,10500,상계동,1293,11350-14,불암현대,,59.4,7,1999,37000,2020-03-05,,,,,,
노원구,11350,10200,월계동,18,11350-133,한진한화그랑빌,,59.94,1,2002,54000,2020-03-24,,,,,,
노원구,11350,10400,하계동,288,11350-79,하계2현대,,84.896,11,1997,77000,2020-03-09,,,,,,
노원구,11350,10200,월계동,556,11350-149,주공2,,44.52,11,1992,32000,2020-03-21,,,,,,
노원구,11350,10300,공릉동,747,11350-168,두산힐스빌아파트,,114.72,6,2000,69700,2020-03-04,,,,,,
노원구,11350,10600,중계동,581,11350-101,성원2,,56.97,7,1995,33700,2020-03-16,,,,,,
노원구,11350,10500,상계동,765,11350-29,상계주공1(고층),,41.3,6,1988,37000,2020-03-13,,,,,,
노원구,11350,10500,상계동,765,11350-29,상계주공1(고층),,49.94,3,1988,40000,2020-03-13,,,,,,
노원구,11350,10400,하계동,273,11350-72,장미(시영6),,64.88,2,1989,52000,2020-03-14,,,,,,
노원구,11350,10400,하계동,288,11350-79,하계2현대,,75.35,13,1997,67500,2020-03-04,,,,,,
노원구,11350,10500,상계동,451,11350-47,한신2차,,45.92,7,1988,24000,2020-03-11,,,,,,
노원구,11350,10500,상계동,757,11350-50,한양,,86.62,9,1988,62800,2020-03-23,,,,,,
노원구,11350,10500,상계동,1256,11350-20,은빛2단지,,39.7,7,1998,24500,2020-03-14,,,,,,
노원구,11350,10500,상계동,765,11350-29,상계주공1(고층),,58.01,8,1988,48000,2020-03-17,,,,,,
노원구,11350,10400,하계동,284,11350-76,청구,,84.97,6,1988,69800,2020-03-07,,,,,,
노원구,11350,10500,상계동,626,11350-34,상계주공14(고층),,41.3,1,1989,34300,2020-03-14,,,,,,
노원구,11350,10400,하계동,280,11350-69,미성,,72.17,4,1989,58000,2020-03-12,,,,,,
노원구,11350,10500,상계동,730-2,11350-37,상계주공3(고층),,58.01,10,1987,68000,2020-03-17,,,,,,
노원구,11350,10500,상계동,666,11350-30,상계주공10(고층),,45.9,15,1988,39000,2020-03-13,,,,,,
노원구,11350,10600,중계동,587,11350-107,양지마을(대림)1,,114.96,20,1998,92000,2020-03-02,,,,,,
노원구,11350,10500,상계동,1255,11350-19,은빛1단지,,49.77,11,1998,31800,2020-03-03,,,,,,
노원구,11350,10500,상계동,721,11350-39,상계주공5(저층),,31.98,2,1987,53600,2020-03-06,,,,,,
노원구,11350,10400,하계동,284,11350-81,한신1,,27,10,1988,23800,2020-03-25,,,,,,
노원구,11350,10600,중계동,369,11350-112,주공2,,44.52,9,1992,29000,2020-03-23,,,,,,
노원구,11350,10300,공릉동,715,11350-173,시영3차(라이프)아파트,,49.5,4,1994,33700,2020-03-14,,,,,,
노원구,11350,10500,상계동,647,11350-32,상계주공12(고층),,41.3,3,1988,32500,2020-03-03,,,,,,
노원구,11350,10500,상계동,666,11350-30,상계주공10(고층),,49.94,14,1988,49000,2020-03-09,,,,,,
노원구,11350,10200,월계동,322-1,11350-146,성원(사슴4),,49.92,7,1995,39700,2020-03-06,,,,,,
노원구,11350,10600,중계동,358-2,11350-113,주공4,,45.77,14,1991,36300,2020-03-07,,,,,,
노원구,11350,10500,상계동,624,11350-35,상계주공16(고층),,45.77,2,1988,30800,2020-03-10,,,,,,
노원구,11350,10500,상계동,720,11350-40,상계주공6(고층),,59.39,12,1988,60000,2020-03-13,,,,,,
노원구,11350,10300,공릉동,81,11350-182,태강아파트(아이파크),,59.38,6,1999,44600,2020-03-24,,,,,,
노원구,11350,10600,중계동,361-1,11350-110,롯데우성,,115.26,1,1993,96500,2020-03-18,,,,,,
노원구,11350,10500,상계동,1068,11350-44,중앙하이츠(5지역),,59.99,5,1996,30500,2020-03-23,,,,,,
노원구,11350,10500,상계동,1301,11350-66,상계대림e편한세상,,83.87,15,2002,48250,2020-03-10,,,,,,
노원구,11350,10400,하계동,251,11350-78,하계1청구,,84.6,1,1997,67600,2020-03-11,,,,,,
노원구,11350,10300,공릉동,380-1,11350-162,대동아파트2,,84.81,11,1999,53000,2020-03-07,,,,,,
노원구,11350,10300,공릉동,715,11350-173,시영3차(라이프)아파트,,49.5,3,1994,34000,2020-03-23,,,,,,
노원구,11350,10200,월계동,320-11,11350-141,사슴3,,39.6,6,1995,32000,2020-03-21,,,,,,
노원구,11350,10400,하계동,274,11350-73,청솔(시영7),,39.78,6,1989,32000,2020-03-23,,,,,,
노원구,11350,10200,월계동,320-11,11350-141,사슴3,,49.5,8,1995,38000,2020-03-18,,,,,,
노원구,11350,10200,월계동,380-1,11350-1728,삼능스페이스향,,84.91,10,2006,55500,2020-03-20,,,,,,
노원구,11350,10600,중계동,360-15,11350-88,건영3,,84.9,15,1995,92300,2020-03-06,,,,,,
노원구,11350,10500,상계동,721,11350-39,상계주공5(저층),,31.98,3,1987,54000,2020-03-13,O,20.03.25,,,,
노원구,11350,10200,월계동,945,11350-1719,초안산쌍용스윗닷홈,,84.69,11,2006,49000,2020-03-18,,,,,,
노원구,11350,10500,상계동,730-2,11350-37,상계주공3(고층),,32.39,10,1987,43500,2020-03-14,,,,,,
노원구,11350,10300,공릉동,690-23,11350-1723,탑스빌아파트(102동),,83.68,8,2006,48500,2020-03-05,,,,,,
노원구,11350,10500,상계동,1255,11350-19,은빛1단지,,49.77,11,1998,31950,2020-03-19,,,,,,
노원구,11350,10500,상계동,652,11350-31,상계주공11(고층),,41.3,2,1988,33500,2020-03-12,,,,,,
노원구,11350,10500,상계동,1256,11350-20,은빛2단지,,49.77,2,1998,29500,2020-03-12,,,,,,
노원구,11350,10500,상계동,647,11350-32,상계주공12(고층),,41.3,14,1988,35800,2020-03-07,,,,,,
노원구,11350,10200,월계동,320-11,11350-141,사슴3,,49.5,14,1995,35900,2020-03-14,,,,,,
노원구,11350,10500,상계동,765,11350-29,상계주공1(고층),,58.01,2,1988,49500,2020-03-06,,,,,,
노원구,11350,10400,하계동,284,11350-81,한신1,,27,7,1988,24000,2020-03-04,,,,,,
노원구,11350,10600,중계동,512,11350-102,중계무지개,,49.54,10,1991,39600,2020-03-12,,,,,,
노원구,11350,10400,하계동,256-5,11350-83,한신동성,,112.24,2,1993,50000,2020-03-23,,,,,,
노원구,11350,10600,중계동,369,11350-112,주공2,,44.52,4,1992,29000,2020-03-18,,,,,,
노원구,11350,10500,상계동,624,11350-35,상계주공16(고층),,45.77,7,1988,31000,2020-03-14,,,,,,
노원구,11350,10500,상계동,626,11350-34,상계주공14(고층),,49.94,8,1989,39100,2020-03-06,,,,,,
노원구,11350,10500,상계동,721,11350-39,상계주공5(저층),,31.98,5,1987,47500,2020-03-11,,,,,,
노원구,11350,10300,공릉동,400-8,11350-431,신한양아파트,,84.36,2,2002,29000,2020-03-23,O,20.04.23,,,,
노원구,11350,10500,상계동,626,11350-34,상계주공14(고층),,49.94,14,1989,43000,2020-03-18,,,,,,
노원구,11350,10600,중계동,49,11350-130,현대그린,,84.99,6,1998,50400,2020-03-04,,,,,,
노원구,11350,10500,상계동,637,11350-33,상계주공13(고층),,49.94,1,1989,30700,2020-03-10,,,,,,
노원구,11350,10200,월계동,803-1,11350-134,극동,,83.31,9,1996,36200,2020-03-04,,,,,,
노원구,11350,10200,월계동,940,11350-423,동원베네스트,,84.627,5,2005,59000,2020-03-07,,,,,,
노원구,11350,10500,상계동,639,11350-11,보람2단지,,79.25,4,1988,53700,2020-03-14,O,20.05.13,,,,
노원구,11350,10300,공릉동,590-1,11350-199,현대(고려)아파트,,84.09,3,1999,42600,2020-03-09,,,,,,
노원구,11350,10300,공릉동,705,11350-166,동부아파트,,59.34,1,1996,29000,2020-03-13,,,,,,
노원구,11350,10600,중계동,369,11350-112,주공2,,44.52,14,1992,28500,2020-03-19,,,,,,
노원구,11350,10600,중계동,445,11350-109,염광,,59.34,17,1996,44800,2020-03-12,,,,,,
노원구,11350,10600,중계동,512,11350-102,중계무지개,,49.54,7,1991,39900,2020-03-16,,,,,,
노원구,11350,10500,상계동,749-5,11350-38,상계주공4(고층),,41.3,4,1988,38000,2020-03-05,,,,,,
노원구,11350,10200,월계동,803-1,11350-134,극동,,84.95,4,1996,34000,2020-03-23,,,,,,
노원구,11350,10300,공릉동,742,11350-188,효성아파트,,73.18,4,1995,52000,2020-03-12,,,,,,
노원구,11350,10300,공릉동,379-5,11350-191,남청파인힐,,77.07,5,2002,38800,2020-03-13,,,,,,
노원구,11350,10500,상계동,624,11350-35,상계주공16(고층),,45.77,14,1988,30800,2020-03-17,,,,,,
노원구,11350,10600,중계동,161-1,11350-122,중앙하이츠,,84.21,3,1998,58000,2020-03-07,,,,,,
노원구,11350,10300,공릉동,745,11350-167,동신아파트,,59.99,24,1999,41500,2020-03-16,,,,,,
노원구,11350,10300,공릉동,370-4,11350-176,신원아파트,,59.59,5,2000,37500,2020-03-14,,,,,,
노원구,11350,10300,공릉동,725,11350-183,풍림아파트A,,59.94,3,2001,51400,2020-03-19,,,,,,
노원구,11350,10500,상계동,765,11350-29,상계주공1(고층),,58.01,4,1988,47000,2020-03-12,,,,,,
노원구,11350,10400,하계동,284,11350-82,한신2,,35.28,11,1988,29900,2020-03-21,,,,,,
노원구,11350,10500,상계동,135,11350-46,한신1차,,53.96,1,1987,25800,2020-03-14,,,,,,
노원구,11350,10300,공릉동,604-11,11350-161,대동아파트,,70.74,14,1999,43000,2020-03-10,O,20.06.29,,,,
노원구,11350,10500,상계동,670,11350-43,상계주공9(고층),,79.07,12,1988,67500,2020-03-04,,,,,,
노원구,11350,10500,상계동,670,11350-43,상계주공9(고층),,79.07,3,1988,64000,2020-03-07,,,,,,
노원구,11350,10300,공릉동,748,11350-174,신도1차아파트,,81.2768,3,2002,57900,2020-03-07,O,20.05.13,,,,
노원구,11350,10500,상계동,1303,11350-215,문수해오름,,83.24,5,2003,47000,2020-03-13,,,,,,
노원구,11350,10500,상계동,740,11350-36,상계주공2(고층),,32.39,11,1987,35000,2020-03-04,,,,,,
노원구,11350,10500,상계동,626,11350-34,상계주공14(고층),,49.94,1,1989,39200,2020-03-02,,,,,,
노원구,11350,10500,상계동,1255,11350-19,은빛1단지,,59.95,13,1998,38900,2020-03-14,,,,,,
노원구,11350,10600,중계동,502-1,11350-120,중계그린1단지,,59.46,7,1990,45700,2020-03-02,,,,,,
노원구,11350,10200,월계동,775,11350-136,대우,,99.98,19,1998,58000,2020-03-14,,,,,,
노원구,11350,10300,공릉동,707,11350-160,시영2단지(라이프)아파트,,49.5,8,1994,34000,2020-03-20,,,,,,
노원구,11350,10600,중계동,512,11350-102,중계무지개,,59.26,5,1991,47000,2020-03-03,,,,,,
노원구,11350,10500,상계동,451,11350-47,한신2차,,45.92,4,1988,23000,2020-03-03,,,,,,
노원구,11350,10300,공릉동,714,11350-171,삼익4단지아파트,,59.04,3,1994,39700,2020-03-03,,,,,,
노원구,11350,10500,상계동,1276,11350-62,청암2단지,,49.77,10,2001,34000,2020-03-05,,,,,,
노원구,11350,10600,중계동,587,11350-107,양지마을(대림)1,,59.88,10,1998,58000,2020-03-14,,,,,,
노원구,11350,10500,상계동,1276,11350-62,청암2단지,,49.77,6,2001,33900,2020-03-06,,,,,,
노원구,11350,10500,상계동,1313,11350-1826,수락리버시티4단지,,84.69,5,2009,50700,2020-03-04,,,,,,
노원구,11350,10500,상계동,1063,11350-53,상계현대3차,,84.96,2,1999,48000,2020-03-11,,,,,,
노원구,11350,10300,공릉동,395-7,11350-1914,진명비베레,,13.9092,1,2012,11000,2020-03-16,,,,,,
노원구,11350,10500,상계동,765,11350-29,상계주공1(고층),,41.3,3,1988,36000,2020-03-12,,,,,,
노원구,11350,10400,하계동,273,11350-72,장미(시영6),,54.02,1,1989,40000,2020-03-05,,,,,,
노원구,11350,10600,중계동,366,11350-103,신동아(366),,101.94,7,1993,91000,2020-03-05,,,,,,
노원구,11350,10500,상계동,1284,11350-4,대동황토방,,60,8,2001,46500,2020-03-09,,,,,,
노원구,11350,10600,중계동,445,11350-109,염광,,59.34,11,1996,44800,2020-03-17,,,,,,
노원구,11350,10500,상계동,757,11350-50,한양,,107.92,8,1988,74000,2020-03-07,,,,,,
노원구,11350,10500,상계동,670,11350-43,상계주공9(고층),,61.52,4,1988,51000,2020-03-05,,,,,,
노원구,11350,10500,상계동,730-2,11350-37,상계주공3(고층),,37.46,8,1987,49000,2020-03-07,,,,,,
노원구,11350,10500,상계동,647,11350-32,상계주공12(고층),,41.3,13,1988,32900,2020-03-04,,,,,,
노원구,11350,10500,상계동,1055,11350-51,상계1차현대아파트,,83.92,1,1993,41600,2020-03-02,,,,,,
노원구,11350,10600,중계동,361-1,11350-110,롯데우성,,115.26,10,1993,105000,2020-03-04,,,,,,
노원구,11350,10500,상계동,639,11350-202,보람아파트,,68.99,11,1988,49400,2020-03-18,,,,,,
노원구,11350,10500,상계동,637,11350-33,상계주공13(고층),,45.55,8,1989,28000,2020-03-07,,,,,,
노원구,11350,10500,상계동,666,11350-30,상계주공10(고층),,58.01,4,1988,54000,2020-03-11,,,,,,
노원구,11350,10500,상계동,666,11350-30,상계주공10(고층),,59.39,4,1988,52900,2020-03-14,,,,,,
노원구,11350,10400,하계동,274,11350-73,청솔(시영7),,59.87,8,1989,43400,2020-03-05,,,,,,
노원구,11350,10200,월계동,929,11350-156,현대,,114.99,23,2000,80000,2020-03-14,,,,,,
노원구,11350,10200,월계동,929,11350-156,현대,,59.95,2,2000,55000,2020-03-12,,,,,,
노원구,11350,10500,상계동,720,11350-40,상계주공6(고층),,58.01,4,1988,59000,2020-03-04,,,,,,
노원구,11350,10200,월계동,924,11350-152,초안2,,59.85,2,1997,30400,2020-03-11,,,,,,
노원구,11350,10500,상계동,639,11350-202,보람아파트,,44.33,1,1988,28500,2020-03-02,,,,,,
노원구,11350,10500,상계동,626,11350-34,상계주공14(고층),,49.94,1,1989,35500,2020-03-12,,,,,,
노원구,11350,10600,중계동,505,11350-99,상아,,51.29,2,1989,40500,2020-03-10,,,,,,
노원구,11350,10600,중계동,577,11350-128,현대1(4차),,84.99,9,1993,45500,2020-03-05,,,,,,
노원구,11350,10200,월계동,947,11350-1734,롯데캐슬루나,,84.985,3,2006,69000,2020-03-05,,,,,,
노원구,11350,10500,상계동,1295,11350-18,상계우방유쉘,,59.93,8,2000,39900,2020-03-06,,,,,,
노원구,11350,10600,중계동,445,11350-109,염광,,59.34,10,1996,45000,2020-03-09,,,,,,
노원구,11350,10200,월계동,780,11350-150,청백3,,39.84,7,1998,21000,2020-03-12,,,,,,
노원구,11350,10500,상계동,647,11350-32,상계주공12(고층),,41.3,13,1988,32900,2020-03-04,O,20.03.20,,,,
노원구,11350,10500,상계동,670,11350-43,상계주공9(고층),,41.3,15,1988,31900,2020-03-07,,,,,,
노원구,11350,10500,상계동,624,11350-35,상계주공16(고층),,59.39,8,1988,39000,2020-03-03,,,,,,
노원구,11350,10500,상계동,740,11350-36,상계주공2(고층),,58.01,11,1987,57000,2020-03-09,,,,,,
노원구,11350,10300,공릉동,109,11350-169,비선아파트,,59.87,6,1999,42750,2020-03-12,,,,,,
노원구,11350,10200,월계동,947,11350-1734,롯데캐슬루나,,84.985,2,2006,65500,2020-03-06,,,,,,
노원구,11350,10200,월계동,13,11350-140,미성,,50.14,9,1986,66500,2020-03-14,,,,,,
노원구,11350,10500,상계동,1256,11350-20,은빛2단지,,59.92,9,1998,39800,2020-03-02,,,,,,
노원구,11350,10400,하계동,284,11350-81,한신1,,35.28,14,1988,29650,2020-03-18,,,,,,
노원구,11350,10300,공릉동,670-7,11350-2141,67디벨리움,,17.27,16,2016,17500,2020-03-07,,,,,,
노원구,11350,10600,중계동,502-1,11350-120,중계그린1단지,,49.5,1,1990,35800,2020-03-07,,,,,,
노원구,11350,10600,중계동,512,11350-102,중계무지개,,39.82,8,1991,31000,2020-03-07,,,,,,
노원구,11350,10300,공릉동,81,11350-182,태강아파트(아이파크),,49.6,11,1999,35600,2020-03-06,,,,,,
노원구,11350,10400,하계동,271-3,11350-67,건영,,74.58,5,1988,59800,2020-03-17,,,,,,
노원구,11350,10500,상계동,765,11350-29,상계주공1(고층),,41.3,12,1988,37000,2020-03-14,,,,,,
노원구,11350,10600,중계동,505,11350-90,경남,,50.97,2,1989,37800,2020-03-09,,,,,,
노원구,11350,10600,중계동,502-1,11350-120,중계그린1단지,,44.1,2,1990,36000,2020-03-07,,,,,,
노원구,11350,10500,상계동,765,11350-29,상계주공1(고층),,32.39,6,1988,31500,2020-03-12,,,,,,
노원구,11350,10300,공릉동,754,11350-235,삼익2차아파트,,84.458,11,2004,55500,2020-03-14,,,,,,
노원구,11350,10600,중계동,581,11350-101,성원2,,98.28,11,1995,49500,2020-03-13,,,,,,
노원구,11350,10500,상계동,691,11350-41,상계주공7(고층),,49.94,3,1988,59200,2020-03-03,,,,,,
노원구,11350,10500,상계동,720,11350-40,상계주공6(고층),,59.2,5,1988,55000,2020-03-05,,,,,,
노원구,11350,10300,공릉동,683-14,11350-2019,한일휴니스빌,,13.62,8,2013,13450,2020-03-10,,,,,,
노원구,11350,10500,상계동,637,11350-33,상계주공13(고층),,58.01,11,1989,39800,2020-03-11,,,,,,
노원구,11350,10200,월계동,18,11350-133,한진한화그랑빌,,84.97,27,2002,79000,2020-03-07,,,,,,
노원구,11350,10200,월계동,923,11350-153,초안1,,49.6,1,1998,22300,2020-03-04,,,,,,
노원구,11350,10500,상계동,670,11350-43,상계주공9(고층),,61.52,15,1988,50500,2020-03-05,,,,,,
노원구,11350,10500,상계동,691,11350-41,상계주공7(고층),,49.94,7,1988,60000,2020-03-12,,,,,,
노원구,11350,10600,중계동,369,11350-112,주공2,,44.52,13,1992,33000,2020-03-13,,,,,,
노원구,11350,10500,상계동,624,11350-35,상계주공16(고층),,45.77,4,1988,22000,2020-03-11,,,,,,
노원구,11350,10200,월계동,556,11350-149,주공2,,38.64,15,1992,23700,2020-03-16,,,,,,
노원구,11350,10600,중계동,362-1,11350-117,주공8,,49.72,3,1993,43000,2020-03-02,,,,,,
노원구,11350,10500,상계동,626,11350-34,상계주공14(고층),,49.94,3,1989,37500,2020-03-14,,,,,,
노원구,11350,10200,월계동,13,11350-140,미성,,50.14,4,1986,68000,2020-03-07,O,20.05.06,,,,
노원구,11350,10400,하계동,284,11350-76,청구,,70.69,14,1988,56900,2020-03-03,,,,,,
노원구,11350,10200,월계동,780,11350-150,청백3,,59.4,15,1998,30800,2020-03-03,,,,,,
노원구,11350,10500,상계동,740,11350-36,상계주공2(고층),,41.3,15,1987,39800,2020-03-02,,,,,,
노원구,11350,10500,상계동,626,11350-34,상계주공14(고층),,49.94,1,1989,35500,2020-03-12,O,20.03.19,,,,
노원구,11350,10400,하계동,270,11350-85,현대,,84.95,7,1988,80000,2020-03-13,,,,,,
노원구,11350,10300,공릉동,81,11350-182,태강아파트(아이파크),,49.6,1,1999,31000,2020-03-05,,,,,,
노원구,11350,10400,하계동,280,11350-69,미성,,84.94,9,1989,69000,2020-03-10,,,,,,
노원구,11350,10500,상계동,1282,11350-16,상계2차중앙하이츠,,134.97,9,1998,78000,2020-03-11,,,,,,
노원구,11350,10500,상계동,670,11350-43,상계주공9(고층),,45.9,8,1988,34000,2020-03-06,,,,,,
노원구,11350,10300,공릉동,745,11350-167,동신아파트,,59.99,16,1999,42000,2020-03-11,,,,,,
노원구,11350,10500,상계동,691,11350-41,상계주공7(고층),,45.9,10,1988,45500,2020-03-02,,,,,,
노원구,11350,10500,상계동,730-2,11350-37,상계주공3(고층),,37.46,4,1987,47000,2020-03-09,,,,,,
노원구,11350,10500,상계동,1295,11350-18,상계우방유쉘,,146.17,13,2000,59900,2020-03-11,,,,,,
노원구,11350,10200,월계동,556,11350-149,주공2,,38.64,10,1992,25000,2020-03-04,,,,,,
노원구,11350,10500,상계동,995,11350-49,한신4차,,84.84,9,1995,44500,2020-03-03,,,,,,
노원구,11350,10600,중계동,505,11350-96,롯데(505),,84.97,1,1989,63000,2020-03-05,,,,,,
노원구,11350,10200,월계동,780,11350-150,청백3,,39.84,4,1998,20000,2020-03-16,,,,,,
노원구,11350,10600,중계동,512,11350-102,중계무지개,,49.54,6,1991,38900,2020-03-11,,,,,,
노원구,11350,10500,상계동,749-5,11350-38,상계주공4(고층),,58.01,13,1988,47400,2020-03-16,,,,,,
노원구,11350,10200,월계동,929,11350-156,현대,,59.95,17,2000,53500,2020-03-06,,,,,,
노원구,11350,10400,하계동,274,11350-73,청솔(시영7),,59.22,5,1989,47000,2020-03-11,,,,,,
노원구,11350,10200,월계동,556,11350-149,주공2,,58.65,13,1992,40000,2020-03-05,,,,,,
노원구,11350,10200,월계동,929,11350-156,현대,,59.95,21,2000,56000,2020-03-16,,,,,,
노원구,11350,10500,상계동,458,11350-48,한신3차,,60.44,8,1990,38000,2020-03-03,O,20.03.26,,,,
노원구,11350,10300,공릉동,492-1,11350-164,대아2차아파트,,84.87,14,2000,50800,2020-03-05,,,,,,
노원구,11350,10300,공릉동,748,11350-174,신도1차아파트,,81.2768,19,2002,60800,2020-03-07,,,,,,
노원구,11350,10500,상계동,1068,11350-44,중앙하이츠(5지역),,59.99,12,1996,30000,2020-03-02,,,,,,
노원구,11350,10200,월계동,930,11350-157,우남그랜드,,84.73,2,2001,54700,2020-03-09,,,,,,
노원구,11350,10600,중계동,588,11350-108,양지마을(대림)2,,84.88,3,1999,74000,2020-03-10,,,,,,
노원구,11350,10500,상계동,691,11350-41,상계주공7(고층),,45.55,11,1988,49300,2020-03-05,,,,,,
노원구,11350,10500,상계동,757,11350-50,한양,,107.92,13,1988,64000,2020-03-10,,,,,,
노원구,11350,10500,상계동,765,11350-203,상계주공1(저층),,84.41,3,1988,59000,2020-03-04,,,,,,
노원구,11350,10500,상계동,637,11350-33,상계주공13(고층),,45.9,12,1989,29300,2020-03-11,,,,,,
노원구,11350,10200,월계동,924,11350-152,초안2,,39.6,3,1997,20600,2020-03-07,,,,,,
노원구,11350,10600,중계동,363,11350-92,대림벽산(363),,141.45,4,1993,113000,2020-03-16,,,,,,
노원구,11350,10200,월계동,780,11350-150,청백3,,39.84,2,1998,19300,2020-03-06,,,,,,
노원구,11350,10600,중계동,505,11350-99,상아,,51.29,2,1989,40000,2020-03-11,,,,,,
노원구,11350,10200,월계동,947,11350-1734,롯데캐슬루나,,59.993,10,2006,60800,2020-03-03,,,,,,
노원구,11350,10500,상계동,691,11350-41,상계주공7(고층),,45.9,5,1988,46900,2020-03-10,,,,,,
노원구,11350,10500,상계동,691,11350-41,상계주공7(고층),,49.94,15,1988,56900,2020-03-02,,,,,,
노원구,11350,10300,공릉동,740,11350-165,대아아파트1차,,78.68,14,1997,39900,2020-03-14,,,,,,
노원구,11350,10600,중계동,364-12,11350-115,주공6,,44.1,8,1993,36000,2020-03-07,,,,,,
노원구,11350,10500,상계동,670,11350-43,상계주공9(고층),,49.94,13,1988,43900,2020-03-09,,,,,,
노원구,11350,10600,중계동,78,11350-123,진로유통조합대림,,84.99,5,1992,53000,2020-03-02,,,,,,
노원구,11350,10500,상계동,1110,11350-28,두산,,58.65,12,1994,37500,2020-03-09,,,,,,
노원구,11350,10600,중계동,363-1,11350-116,주공7,,44.1,8,1993,29500,2020-03-14,,,,,,
노원구,11350,10500,상계동,1256,11350-20,은빛2단지,,49.77,14,1998,33000,2020-03-07,,,,,,
노원구,11350,10600,중계동,364-12,11350-115,주공6,,44.1,2,1993,34900,2020-03-07,,,,,,
노원구,11350,10500,상계동,691,11350-41,상계주공7(고층),,45.9,7,1988,47700,2020-03-06,,,,,,
노원구,11350,10600,중계동,593,11350-97,삼성,,59.9,8,1999,40600,2020-03-07,,,,,,
노원구,11350,10500,상계동,1255,11350-19,은빛1단지,,59.95,14,1998,41600,2020-03-04,,,,,,
노원구,11350,10600,중계동,583,11350-91,금호타운(583),,59.52,2,1997,41800,2020-03-11,,,,,,
노원구,11350,10600,중계동,360-15,11350-88,건영3,,84.9,10,1995,95500,2020-03-07,,,,,,
노원구,11350,10500,상계동,624,11350-35,상계주공16(고층),,58.01,3,1988,39000,2020-03-11,,,,,,
노원구,11350,10500,상계동,624,11350-35,상계주공16(고층),,59.39,3,1988,36300,2020-03-06,,,,,,
노원구,11350,10500,상계동,1282,11350-16,상계2차중앙하이츠,,84.6,19,1998,63000,2020-03-13,,,,,,
노원구,11350,10400,하계동,251,11350-78,하계1청구,,84.6,1,1997,67000,2020-03-05,,,,,,
노원구,11350,10600,중계동,588,11350-108,양지마을(대림)2,,84.88,9,1999,78000,2020-03-02,,,,,,
노원구,11350,10400,하계동,251,11350-78,하계1청구,,84.6,10,1997,77300,2020-03-12,,,,,,
노원구,11350,10500,상계동,637,11350-33,상계주공13(고층),,49.94,13,1989,33000,2020-03-10,,,,,,
노원구,11350,10300,공릉동,254,11350-178,태릉우성아파트,,84.97,8,1985,63500,2020-03-04,,,,,,
노원구,11350,10300,공릉동,707,11350-160,시영2단지(라이프)아파트,,39.6,12,1994,27000,2020-03-07,,,,,,
노원구,11350,10300,공릉동,254,11350-178,태릉우성아파트,,66.87,4,1985,54700,2020-03-04,,,,,,
노원구,11350,10500,상계동,647,11350-32,상계주공12(고층),,49.94,12,1988,39800,2020-03-07,,,,,,
노원구,11350,10600,중계동,515-2,11350-87,건영2,,84.96,8,1991,64200,2020-03-03,,,,,,
노원구,11350,10400,하계동,271-3,11350-68,극동,,55.72,14,1988,41800,2020-03-09,,,,,,
노원구,11350,10600,중계동,505,11350-90,경남,,84.97,10,1989,70500,2020-03-05,,,,,,
노원구,11350,10500,상계동,1265,11350-9,수락산벨리체,,134.94,3,2000,74000,2020-03-11,,,,,,
노원구,11350,10200,월계동,780,11350-150,청백3,,39.84,14,1998,22700,2020-03-06,,,,,,
노원구,11350,10600,중계동,359-1,11350-114,주공5,,58.46,15,1992,61000,2020-03-07,,,,,,
노원구,11350,10500,상계동,626,11350-204,상계주공14(저층),,71.89,2,1989,57000,2020-03-07,,,,,,
노원구,11350,10500,상계동,1275,11350-61,청암1단지,,84.8,4,2001,54000,2020-03-11,,,,,,
노원구,11350,10300,공릉동,109,11350-169,비선아파트,,59.97,11,1999,42700,2020-03-07,,,,,,
노원구,11350,10300,공릉동,371-11,11350-1668,서일이츠뷰,,84.983,5,2005,55500,2020-03-11,,,,,,
노원구,11350,10300,공릉동,727,11350-209,풍림아파트B,,31.32,2,2001,21500,2020-03-05,,,,,,
노원구,11350,10300,공릉동,748,11350-174,신도1차아파트,,117.168,9,2002,65000,2020-03-03,,,,,,
노원구,11350,10500,상계동,1293,11350-14,불암현대,,59.4,11,1999,38000,2020-03-09,,,,,,
노원구,11350,10300,공릉동,380-1,11350-162,대동아파트2,,84.81,5,1999,50000,2020-03-04,,,,,,
노원구,11350,10300,공릉동,727,11350-209,풍림아파트B,,31.32,18,2001,23900,2020-03-10,,,,,,
노원구,11350,10200,월계동,947,11350-1734,롯데캐슬루나,,127.032,3,2006,85000,2020-03-07,,,,,,
노원구,11350,10500,상계동,624,11350-35,상계주공16(고층),,58.01,5,1988,39900,2020-03-02,,,,,,
노원구,11350,10200,월계동,944,11350-1665,풍림아이원,,59.149,18,2005,68000,2020-03-09,,,,,,
노원구,11350,10200,월계동,944,11350-1665,풍림아이원,,84.303,3,2005,73900,2020-03-01,,,,,,
노원구,11350,10200,월계동,13,11350-197,삼호3,,59.22,1,1986,70900,2020-03-07,,,,,,
노원구,11350,10500,상계동,647,11350-32,상계주공12(고층),,49.94,10,1988,41900,2020-03-07,,,,,,
노원구,11350,10600,중계동,597,11350-132,경남아너스빌,,79.098,4,2002,58800,2020-03-02,,,,,,
노원구,11350,10600,중계동,366,11350-95,라이프,,115.65,5,1993,105000,2020-03-07,,,,,,
노원구,11350,10400,하계동,274,11350-73,청솔(시영7),,49.5,4,1989,40000,2020-03-05,,,,,,
노원구,11350,10600,중계동,577,11350-128,현대1(4차),,84.99,3,1993,47000,2020-03-02,O,20.05.18,,,,
노원구,11350,10500,상계동,1276,11350-62,청암2단지,,49.77,10,2001,33500,2020-03-02,,,,,,
노원구,11350,10500,상계동,172,11350-5,상계대림,,59.67,15,1989,39000,2020-03-09,,,,,,
노원구,11350,10300,공릉동,747,11350-168,두산힐스빌아파트,,84.9,2,2000,60000,2020-03-02,,,,,,
노원구,11350,10600,중계동,502-1,11350-120,중계그린1단지,,49.85,8,1990,38500,2020-03-06,,,,,,
노원구,11350,10600,중계동,360-16,11350-111,주공10,,58.14,10,1995,64500,2020-03-04,,,,,,
노원구,11350,10200,월계동,922,11350-144,서광,,59.96,1,1994,56000,2020-03-06,,,,,,
노원구,11350,10400,하계동,284,11350-81,한신1,,27,4,1988,23800,2020-03-05,,,,,,
노원구,11350,10500,상계동,1276,11350-62,청암2단지,,49.77,3,2001,31600,2020-03-10,,,,,,
노원구,11350,10600,중계동,445,11350-109,염광,,59.34,15,1996,43000,2020-03-07,,,,,,
노원구,11350,10600,중계동,435-1,11350-121,중계현대2,,84.34,7,1991,60000,2020-03-04,,,,,,
노원구,11350,10500,상계동,1293,11350-14,불암현대,,59.4,2,1999,34500,2020-03-09,,,,,,
노원구,11350,10300,공릉동,707,11350-160,시영2단지(라이프)아파트,,39.6,15,1994,26000,2020-03-03,,,,,,
노원구,11350,10500,상계동,749-5,11350-38,상계주공4(고층),,49.94,7,1988,45000,2020-03-02,,,,,,
노원구,11350,10200,월계동,945,11350-1719,초안산쌍용스윗닷홈,,84.69,13,2006,47000,2020-03-03,,,,,,
노원구,11350,10500,상계동,1275,11350-61,청암1단지,,84.8,14,2001,55000,2020-03-02,,,,,,
노원구,11350,10500,상계동,637,11350-33,상계주공13(고층),,45.9,4,1989,27500,2020-03-04,,,,,,
노원구,11350,10400,하계동,274,11350-73,청솔(시영7),,49.85,7,1989,36000,2020-03-09,,,,,,
노원구,11350,10200,월계동,947,11350-1734,롯데캐슬루나,,84.9852,3,2006,69000,2020-03-05,O,20.03.20,,,,
노원구,11350,10500,상계동,1255,11350-19,은빛1단지,,39.7,11,1998,24300,2020-03-05,,,,,,
노원구,11350,10200,월계동,556,11350-149,주공2,,38.64,7,1992,24500,2020-03-04,,,,,,
노원구,11350,10500,상계동,1318,11350-1831,노원IPARK,,145.58,8,2009,68000,2020-03-09,,,,,,
노원구,11350,10200,월계동,556,11350-149,주공2,,38.64,10,1992,25000,2020-03-09,,,,,,
노원구,11350,10400,하계동,354,11350-80,학여울청구,,59.4,6,1999,49700,2020-03-06,,,,,,
노원구,11350,10400,하계동,354,11350-80,학여울청구,,59.4,7,1999,49500,2020-03-06,,,,,,
노원구,11350,10500,상계동,173-1,11350-10,벽산,,59.9,9,1989,43000,2020-03-07,O,20.03.10,,,,
노원구,11350,10300,공릉동,747,11350-168,두산힐스빌아파트,,59.76,10,2000,48500,2020-03-04,,,,,,
노원구,11350,10200,월계동,947,11350-1734,롯데캐슬루나,,127.032,11,2006,89000,2020-03-09,,,,,,
노원구,11350,10500,상계동,1273,11350-13,북부현대,,59.24,13,1996,29800,2020-03-02,,,,,,
노원구,11350,10600,중계동,161-1,11350-122,중앙하이츠,,84.21,7,1998,58200,2020-03-03,,,,,,
노원구,11350,10600,중계동,502-1,11350-120,중계그린1단지,,39.91,1,1990,28700,2020-03-01,,,,,,
노원구,11350,10500,상계동,1078,11350-52,현대2차,,82.68,15,1993,41000,2020-03-02,,,,,,
노원구,11350,10300,공릉동,737,11350-172,삼익포레스트아파트,,51.03,13,1995,29500,2020-03-05,,,,,,
노원구,11350,10300,공릉동,707,11350-160,시영2단지(라이프)아파트,,49.5,4,1994,35000,2020-03-07,,,,,,
노원구,11350,10400,하계동,284,11350-82,한신2,,44.52,4,1988,22000,2020-03-09,,,,,,
노원구,11350,10500,상계동,1255,11350-19,은빛1단지,,59.95,5,1998,40300,2020-03-04,,,,,,
노원구,11350,10500,상계동,626,11350-34,상계주공14(고층),,49.94,11,1989,40900,2020-03-02,,,,,,
노원구,11350,10600,중계동,360-2,11350-125,청구3,,84.77,2,1996,92500,2020-03-02,,,,,,
노원구,11350,10600,중계동,502-1,11350-120,중계그린1단지,,39.92,5,1990,31500,2020-03-05,,,,,,
노원구,11350,10500,상계동,765,11350-29,상계주공1(고층),,60.5,11,1988,45000,2020-03-04,,,,,,
노원구,11350,10600,중계동,593,11350-97,삼성,,84.75,1,1999,52800,2020-03-03,O,20.08.01,,,,
노원구,11350,10500,상계동,624,11350-35,상계주공16(고층),,59.39,3,1988,38000,2020-03-03,,,,,,
노원구,11350,10500,상계동,1293,11350-14,불암현대,,59.4,2,1999,34500,2020-03-04,,,,,,
노원구,11350,10500,상계동,720,11350-40,상계주공6(고층),,58.01,2,1988,54800,2020-03-04,,,,,,
노원구,11350,10300,공릉동,670-6,11350-2231,미라쉘,,16.69,13,2018,16000,2020-03-02,,,,,,
노원구,11350,10500,상계동,1277,11350-22,수락한신,,59.95,9,1997,31800,2020-03-03,,,,,,
은평구,11380,10300,불광동,645,11380-10903,불광롯데캐슬,,95.49,-1,2018,110000,2020-03-30,,,,,,
은평구,11380,10700,응암동,760,11380-9189,백련산힐스테이트2차,,84.49,14,2011,79500,2020-03-14,,,,,,
은평구,11380,10200,녹번동,280-1,11380-6,녹번JR아파트,,59.866,19,2002,49500,2020-03-29,,,,,,
은평구,11380,10400,갈현동,467-2,11380-185,역촌맨션,,65.78,2,1973,35000,2020-03-02,,,,,,
은평구,11380,11400,진관동,88,11380-8506,우물골2단지두산위브(209~222동)BL2-8,,84.79,1,2009,69200,2020-03-14,,,,,,
은평구,11380,10300,불광동,305-22,11380-8726,두진아이브(305-22),,44.04,9,2010,34500,2020-03-20,,,,,,
은평구,11380,10700,응암동,118-12,11380-7987,대운브랜뉴,,40.96,7,2008,22000,2020-03-12,,,,,,
은평구,11380,10700,응암동,104-25,11380-9884,진흥펠리체,,57.89,4,2015,37800,2020-03-31,,,,,,
은평구,11380,11400,진관동,155,11380-8667,은평뉴타운 제각말 푸르지오(5-2단지),,134.74,5,2010,85000,2020-03-31,,,,,,
은평구,11380,10300,불광동,643,11380-8922,북한산힐스테이트7차,,59.981,10,2011,79400,2020-03-25,,,,,,
은평구,11380,11400,진관동,94,11380-8670,은평뉴타운 제각말 푸르지오(5-3단지),,84.89,1,2010,67000,2020-03-27,,,,,,
은평구,11380,10900,신사동,359,11380-73,현대1,,84.17,6,1997,48500,2020-03-28,,,,,,
은평구,11380,10500,구산동,167-1,11380-43,명남아파트,,129.36,6,1997,32000,2020-03-24,,,,,,
은평구,11380,11400,진관동,135,11380-8598,폭포동4단지힐스테이트(426~428동)BL3-11,,134.87,4,2010,89700,2020-03-06,,,,,,
은평구,11380,10200,녹번동,280-1,11380-6,녹번JR아파트,,59.866,19,2002,49500,2020-03-29,O,20.06.02,,,,
은평구,11380,10800,역촌동,39-1,11380-7799,미랜드,,84.94,13,2006,51000,2020-03-30,,,,,,
은평구,11380,11000,증산동,174-2,11380-165,자선메르시안(103),,77.8,4,2003,46000,2020-03-21,,,,,,
은평구,11380,10200,녹번동,183-2,11380-11029,거장메카,,39.51,11,2019,37200,2020-03-20,,,,,,
은평구,11380,10900,신사동,241-2,11380-10996,벨로스아파트,,66.51,6,2019,37000,2020-03-20,,,,,,
은평구,11380,10400,갈현동,545,11380-123,코오롱하늘채,,84.9462,15,2003,53000,2020-03-26,,,,,,
은평구,11380,10900,신사동,355,11380-105,현대2,,84.83,12,1994,49000,2020-03-20,,,,,,
은평구,11380,10100,수색동,416-1,11380-173,DMC 진흥,,57.5033,10,2003,54500,2020-03-24,,,,,,
은평구,11380,10400,갈현동,281-208,11380-25,대양,,66.32,3,2001,58000,2020-03-14,O,20.04.30,,,,
은평구,11380,10800,역촌동,43-4,11380-7854,하늘애,,84.84,15,2007,59000,2020-03-16,,,,,,
은평구,11380,10100,수색동,416-1,11380-173,DMC 진흥,,78.2853,8,2003,65000,2020-03-17,,,,,,
은평구,11380,10900,신사동,365,11380-120,신사동한신휴플러스,,59.76,8,2003,48600,2020-03-14,,,,,,
은평구,11380,11000,증산동,250,11380-88,DMC월드,,83.151,18,2002,60600,2020-03-16,,,,,,
은평구,11380,10900,신사동,365,11380-120,신사동한신휴플러스,,84.65,3,2003,56200,2020-03-16,,,,,,
은평구,11380,11400,진관동,81,11380-8503,우물골2단지두산위브(245~255동)BL2-6,,84.51,7,2009,85000,2020-03-15,,,,,,
은평구,11380,10200,녹번동,29-108,11380-7886,리베하임,,73.11,6,2007,29500,2020-03-21,,,,,,
은평구,11380,10900,신사동,359,11380-73,현대1,,84.17,12,1997,46500,2020-03-14,,,,,,
은평구,11380,11400,진관동,84,11380-8515,우물골2단지두산위브(223~244동)BL2-7,,134.51,-3,2010,82000,2020-03-20,,,,,,
은평구,11380,10900,신사동,140-1,11380-66,미성,,63.53,2,1987,39000,2020-03-21,,,,,,
은평구,11380,10500,구산동,224,11380-247,경남아너스빌,,84.69,9,2004,46500,2020-03-16,,,,,,
은평구,11380,10900,신사동,140-1,11380-66,미성,,83.27,3,1987,51500,2020-03-21,,,,,,
은평구,11380,10900,신사동,19-162,11380-10906,명남더블레스(19-162),,54.41,8,2018,45300,2020-03-25,,,,,,
은평구,11380,10600,대조동,197-1,11380-11027,유진아이디움,,14.03,11,2019,16990,2020-03-24,,,,,,
은평구,11380,11400,진관동,92,11380-8666,은평뉴타운 제각말 푸르지오(5-4단지),,84.89,1,2010,70000,2020-03-13,,,,,,
은평구,11380,10800,역촌동,17-28,11380-9996,위산엘리시움,,56.99,10,2015,38300,2020-03-26,,,,,,
은평구,11380,10900,신사동,140-1,11380-66,미성,,83.27,7,1987,50000,2020-03-14,,,,,,
은평구,11380,10500,구산동,224,11380-247,경남아너스빌,,84.69,16,2004,49500,2020-03-28,,,,,,
은평구,11380,10300,불광동,641,11380-8697,북한산현대힐스테이트3차아파트,,59.99,14,2010,67800,2020-03-24,,,,,,
은평구,11380,11400,진관동,60,11380-10714,은평뉴타운솔하임,,45.044,8,2017,52000,2020-03-21,,,,,,
은평구,11380,10300,불광동,638,11380-8699,북한산래미안아파트(1단지),,59.9932,5,2010,70000,2020-03-21,,,,,,
은평구,11380,11000,증산동,162-20,11380-237,자선메르시안(162-20),,109.16,3,2004,73000,2020-03-21,,,,,,
은평구,11380,10400,갈현동,281-215,11380-32,인우(281-215),,78.45,3,1999,54000,2020-03-19,,,,,,
은평구,11380,10600,대조동,6-19,11380-9721,미래하임(6-19),,24.41,10,2014,22700,2020-03-10,,,,,,
은평구,11380,10800,역촌동,58-9,11380-10743,부호(102동),,117,5,2004,49000,2020-03-28,,,,,,
은평구,11380,10400,갈현동,545,11380-123,코오롱하늘채,,84.9462,14,2003,49000,2020-03-28,,,,,,
은평구,11380,10300,불광동,641,11380-8697,북한산현대힐스테이트3차아파트,,59.99,15,2010,70000,2020-03-28,,,,,,
은평구,11380,10400,갈현동,539,11380-35,한솔,,114.98,4,1997,46500,2020-03-09,,,,,,
은평구,11380,10700,응암동,738,11380-60,해태드림타운,,84.84,12,1997,46000,2020-03-30,,,,,,
은평구,11380,10500,구산동,382,11380-24,갈현현대,,59.94,5,1998,32900,2020-03-18,,,,,,
은평구,11380,10100,수색동,17-9,11380-101,"수정가,나동",,65.34,1,1987,63000,2020-03-09,,,,,,
은평구,11380,10700,응암동,117-35,11380-10515,미소세상,,29.99,7,2017,26500,2020-03-11,,,,,,
은평구,11380,10700,응암동,119-15,11380-191,자선메르시안(119-15),,67.68,6,2003,29900,2020-03-17,,,,,,
은평구,11380,10200,녹번동,280-1,11380-6,녹번JR아파트,,84.923,11,2002,63000,2020-03-29,,,,,,
은평구,11380,10500,구산동,224,11380-247,경남아너스빌,,60.26,5,2004,40800,2020-03-18,,,,,,
은평구,11380,10300,불광동,641,11380-8697,북한산현대힐스테이트3차아파트,,84.96,8,2010,79000,2020-03-11,,,,,,
은평구,11380,11400,진관동,2,11380-8019,상림마을6단지푸르지오(606~614동)BL1-7,,101.61,7,2008,69000,2020-03-14,,,,,,
은평구,11380,11400,진관동,1,11380-8018,상림마을6단지푸르지오(615~621동)BL1-6,,84.79,3,2008,61500,2020-03-14,,,,,,
은평구,11380,10200,녹번동,280-1,11380-6,녹번JR아파트,,59.866,12,2002,50000,2020-03-29,,,,,,
은평구,11380,10200,녹번동,280-1,11380-6,녹번JR아파트,,84.923,9,2002,66000,2020-03-29,,,,,,
은평구,11380,11000,증산동,173-1,11380-9047,디오반,,14.46,6,2011,12250,2020-03-21,,,,,,
은평구,11380,10900,신사동,19-162,11380-10906,명남더블레스(19-162),,54.41,14,2018,45000,2020-03-07,,,,,,
은평구,11380,10800,역촌동,43-4,11380-7854,하늘애,,84.84,15,2007,65000,2020-03-16,O,20.04.06,,,,
은평구,11380,10300,불광동,248,11380-11,라이프미성,,125.75,6,1988,81000,2020-03-21,,,,,,
은평구,11380,10700,응암동,176,11380-7855,응암푸르지오,,84.2,1,2008,54000,2020-03-14,,,,,,
은평구,11380,10400,갈현동,281-208,11380-25,대양,,79.3,2,2001,62000,2020-03-07,,,,,,
은평구,11380,10300,불광동,248,11380-11,라이프미성,,66.7,12,1988,64000,2020-03-09,,,,,,
은평구,11380,11400,진관동,2,11380-8019,상림마을6단지푸르지오(606~614동)BL1-7,,84.79,2,2008,60500,2020-03-28,,,,,,
은평구,11380,10900,신사동,358,11380-69,신성수정,,59.63,10,1996,35000,2020-03-10,,,,,,
은평구,11380,11400,진관동,154,11380-8668,은평뉴타운 제각말 푸르지오(5-1단지),,134.19,15,2010,146000,2020-03-16,,,,,,
은평구,11380,10700,응암동,176,11380-7855,응암푸르지오,,84.2,1,2008,53000,2020-03-10,,,,,,
은평구,11380,11400,진관동,83,11380-8505,우물골2단지두산위브(204~208동)BL2-5,,84.51,5,2009,74500,2020-03-14,,,,,,
은평구,11380,10400,갈현동,548,11380-10765,유호루하스,,17.098,6,2018,14000,2020-03-28,,,,,,
은평구,11380,10200,녹번동,282,11380-10967,힐스테이트녹번,,84.9,6,2019,115000,2020-03-07,O,20.09.11,,,,
은평구,11380,10400,갈현동,548,11380-10765,유호루하스,,17.098,6,2018,14000,2020-03-28,,,,,,
은평구,11380,10200,녹번동,83-51,11380-8175,세민HIPARK,,57.57,5,2008,39000,2020-03-16,O,20.04.09,,,,
은평구,11380,10700,응암동,113-35,11380-7777,애필리움,,84.96,5,2006,49500,2020-03-06,,,,,,
은평구,11380,10900,신사동,19-117,11380-75,홍익,,59.94,8,1995,22000,2020-03-26,,,,,,
은평구,11380,10400,갈현동,541-1,11380-23,갈현건영,,59.99,4,2001,23000,2020-03-30,O,20.04.08,,,,
은평구,11380,10500,구산동,382,11380-24,갈현현대,,84.83,10,1998,46000,2020-03-09,,,,,,
은평구,11380,10900,신사동,338-7,11380-272,뉴월드,,66.84,3,2004,35000,2020-03-22,,,,,,
은평구,11380,10900,신사동,6-5,11380-8078,신아,,66.33,4,2008,30000,2020-03-07,,,,,,
은평구,11380,10300,불광동,641,11380-8697,북한산현대힐스테이트3차아파트,,84.96,8,2010,78800,2020-03-09,,,,,,
은평구,11380,10900,신사동,359,11380-73,현대1,,84.17,8,1997,49500,2020-03-07,,,,,,
은평구,11380,11400,진관동,155,11380-8667,은평뉴타운 제각말 푸르지오(5-2단지),,101.83,10,2010,79000,2020-03-08,,,,,,
은평구,11380,11400,진관동,88,11380-8506,우물골2단지두산위브(209~222동)BL2-8,,134.43,2,2009,83500,2020-03-19,,,,,,
은평구,11380,10300,불광동,635,11380-8104,북한산힐스테이트1차아파트,,59.817,4,2009,63700,2020-03-21,,,,,,
은평구,11380,11400,진관동,102,11380-8392,박석고개1단지힐스테이트(116~131동)BL2-1,,84.49,2,2009,80500,2020-03-20,,,,,,
은평구,11380,10300,불광동,484-60,11380-9413,제이타워,,13.36,13,2013,11000,2020-03-16,,,,,,
은평구,11380,10900,신사동,354,11380-67,라이프씨티,,59.32,5,1992,29800,2020-03-18,,,,,,
은평구,11380,10900,신사동,371,11380-9151,은평신사두산위브2차,,84.99,2,2011,56500,2020-03-26,,,,,,
은평구,11380,10300,불광동,71-16,11380-257,북한산대창센시티,,84.84,15,2004,56000,2020-03-12,,,,,,
은평구,11380,10900,신사동,365,11380-120,신사동한신휴플러스,,59.76,2,2003,48000,2020-03-08,,,,,,
은평구,11380,10300,불광동,633,11380-263,북한산현대홈타운,,59.9765,8,2004,65000,2020-03-10,,,,,,
은평구,11380,10900,신사동,354,11380-67,라이프씨티,,59.32,4,1992,28300,2020-03-27,,,,,,
은평구,11380,11400,진관동,102,11380-8392,박석고개1단지힐스테이트(116~131동)BL2-1,,84.85,4,2009,86500,2020-03-02,,,,,,
은평구,11380,10900,신사동,200-28,11380-81,성현,,83.7,4,2002,30500,2020-03-03,,,,,,
은평구,11380,10300,불광동,241-23,11380-16,신우아파트,,59.97,12,1995,32500,2020-03-14,,,,,,
은평구,11380,10200,녹번동,276,11380-2,대림아파트(276),,133.87,17,1993,76050,2020-03-13,,,,,,
은평구,11380,10300,불광동,631-1,11380-10,대호프라자아파트,,84.65,3,2000,52900,2020-03-05,,,,,,
은평구,11380,10900,신사동,370,11380-7822,은평신사두산위브,,84.997,3,2006,59500,2020-03-07,,,,,,
은평구,11380,10400,갈현동,539,11380-35,한솔,,39.96,8,1997,19500,2020-03-19,,,,,,
은평구,11380,10900,신사동,372,11380-10944,응암역효성해링턴플레이스,,59.94,9,2019,63000,2020-03-21,,,,,,
은평구,11380,10900,신사동,140-1,11380-66,미성,,83.27,9,1987,51900,2020-03-03,,,,,,
은평구,11380,10700,응암동,760,11380-9189,백련산힐스테이트2차,,59.85,4,2011,65900,2020-03-07,,,,,,
은평구,11380,10500,구산동,224,11380-247,경남아너스빌,,60.26,2,2004,38500,2020-03-18,,,,,,
은평구,11380,10600,대조동,31-17,11380-393,장미아파트,,79.57,3,2001,32000,2020-03-23,,,,,,
은평구,11380,10900,신사동,367,11380-265,이랜드타운아파트,,59.982,18,2004,41000,2020-03-26,,,,,,
은평구,11380,11400,진관동,25,11380-8619,구파발9단지래미안(916~928동)BL3-2,,166.98,10,2010,103000,2020-03-12,,,,,,
은평구,11380,10300,불광동,643,11380-8922,북한산힐스테이트7차,,114.977,3,2011,102000,2020-03-04,,,,,,
은평구,11380,10300,불광동,641,11380-8697,북한산현대힐스테이트3차아파트,,59.99,3,2010,66000,2020-03-14,,,,,,
은평구,11380,10500,구산동,159-10,11380-7732,브라운스톤구산,,84.89,8,2006,54700,2020-03-06,,,,,,
은평구,11380,10700,응암동,760,11380-9189,백련산힐스테이트2차,,84.49,14,2011,79500,2020-03-14,O,20.06.11,,,,
은평구,11380,10900,신사동,367,11380-265,이랜드타운아파트,,59.982,15,2004,42500,2020-03-05,,,,,,
은평구,11380,10300,불광동,631-1,11380-10,대호프라자아파트,,84.64,13,2000,55000,2020-03-17,,,,,,
은평구,11380,10800,역촌동,232,11380-8811,역촌센트레빌,,84.89,6,2011,59000,2020-03-21,,,,,,
은평구,11380,10700,응암동,176,11380-7855,응암푸르지오,,84.2,12,2008,62400,2020-03-07,,,,,,
은평구,11380,10300,불광동,635,11380-8104,북한산힐스테이트1차아파트,,114.942,5,2009,70000,2020-03-06,,,,,,
은평구,11380,10900,신사동,355,11380-105,현대2,,84.83,14,1994,47000,2020-03-19,,,,,,
은평구,11380,10200,녹번동,280-1,11380-6,녹번JR아파트,,59.866,6,2002,50500,2020-03-21,,,,,,
은평구,11380,10200,녹번동,280-1,11380-6,녹번JR아파트,,59.866,15,2002,50400,2020-03-23,,,,,,
은평구,11380,10900,신사동,338-7,11380-272,뉴월드,,75.39,2,2004,34300,2020-03-14,,,,,,
은평구,11380,10800,역촌동,44-23,11380-216,거성리젠시,,78.78,5,2004,43500,2020-03-04,,,,,,
은평구,11380,11400,진관동,5,11380-8021,상림마을6단지푸르지오(622~629동)BL1-5,,134.96,11,2008,81000,2020-03-19,,,,,,
은평구,11380,10100,수색동,415-1,11380-100,e편한세상 수색 에코포레,,59.895,1,2003,51000,2020-03-14,,,,,,
은평구,11380,11400,진관동,81,11380-8503,우물골2단지두산위브(245~255동)BL2-6,,134.43,6,2009,99200,2020-03-09,,,,,,
은평구,11380,10300,불광동,484-56,11380-10114,정익제이원(4차),,24.39,11,2015,23000,2020-03-21,,,,,,
은평구,11380,10300,불광동,635,11380-8104,북한산힐스테이트1차아파트,,59.817,3,2009,63300,2020-03-09,,,,,,
은평구,11380,10700,응암동,759,11380-9190,백련산힐스테이트1차,,141.04,15,2011,85000,2020-03-01,,,,,,
은평구,11380,10600,대조동,9-14,11380-9641,주주베에이,,13.56,5,2014,11500,2020-03-22,,,,,,
은평구,11380,10700,응암동,118-12,11380-7987,대운브랜뉴,,84.03,2,2008,39000,2020-03-09,,,,,,
은평구,11380,11400,진관동,88,11380-8506,우물골2단지두산위브(209~222동)BL2-8,,84.79,1,2009,69200,2020-03-14,O,20.05.18,,,,
은평구,11380,11400,진관동,19,11380-8028,상림마을8단지롯데캐슬(810~820동)BL1-1,,134.26,1,2008,76000,2020-03-13,,,,,,
은평구,11380,10300,불광동,633,11380-263,북한산현대홈타운,,84.9956,9,2004,79000,2020-03-07,,,,,,
은평구,11380,10700,응암동,761,11380-9188,백련산힐스테이트3차,,84.59,3,2011,75000,2020-03-14,,,,,,
은평구,11380,10600,대조동,6-17,11380-9318,미래하임,,31.8,7,2012,25500,2020-03-16,,,,,,
은평구,11380,10900,신사동,7-11,11380-8516,개성하이뷰,,80.5,5,2009,36500,2020-03-07,,,,,,
은평구,11380,11000,증산동,255,11380-7649,두산위브,,84.4215,4,2005,70000,2020-03-06,,,,,,
은평구,11380,11400,진관동,140,11380-8599,폭포동4단지힐스테이트(408~422동)BL3-9,,101.97,1,2010,75000,2020-03-06,,,,,,
은평구,11380,10700,응암동,764,11380-10719,백련산힐스테이트4차,,84.98,6,2018,89000,2020-03-15,,,,,,
은평구,11380,10800,역촌동,63-2,11380-223,소망,,43.17,6,2002,12000,2020-03-11,,,,,,
은평구,11380,11400,진관동,66,11380-10798,은평뉴타운꿈에그린,,59.92,12,2018,67000,2020-03-03,,,,,,
은평구,11380,11400,진관동,105,11380-8507,마고정3단지센트레빌(323~335동)BL2-2,,167.14,17,2009,75000,2020-03-11,,,,,,
은평구,11380,10600,대조동,84-21,11380-50,동명베스트(84-21),,96.31,1,2001,30500,2020-03-14,,,,,,
은평구,11380,10300,불광동,635,11380-8104,북한산힐스테이트1차아파트,,84.734,7,2009,75000,2020-03-10,,,,,,
은평구,11380,10900,신사동,355,11380-105,현대2,,84.83,14,1994,49200,2020-03-10,,,,,,
은평구,11380,10900,신사동,297,11380-72,신사씨티,,58.09,10,1993,31800,2020-03-01,,,,,,
은평구,11380,10700,응암동,764,11380-10719,백련산힐스테이트4차,,84.98,4,2018,90000,2020-03-11,,,,,,
은평구,11380,10300,불광동,633,11380-263,북한산현대홈타운,,114.9984,10,2004,86000,2020-03-12,,,,,,
은평구,11380,10700,응암동,759,11380-9190,백련산힐스테이트1차,,59.63,4,2011,63000,2020-03-16,,,,,,
은평구,11380,11400,진관동,19,11380-8028,상림마을8단지롯데캐슬(810~820동)BL1-1,,134.26,4,2008,83700,2020-03-16,,,,,,
은평구,11380,11400,진관동,92,11380-8666,은평뉴타운 제각말 푸르지오(5-4단지),,84.89,11,2010,75000,2020-03-07,,,,,,
은평구,11380,10900,신사동,19-117,11380-75,홍익,,84.6,10,1995,39400,2020-03-01,,,,,,
은평구,11380,11400,진관동,101,11380-8391,박석고개1단지힐스테이트(101~111동)BL2-12,,84.49,12,2009,83000,2020-03-04,,,,,,
은평구,11380,11400,진관동,102,11380-8392,박석고개1단지힐스테이트(116~131동)BL2-1,,84.72,4,2009,87000,2020-03-09,,,,,,
은평구,11380,10900,신사동,358,11380-69,신성수정,,59.63,2,1996,31000,2020-03-03,,,,,,
은평구,11380,10500,구산동,226,11380-8346,구산그린빌,,59.5,5,2009,32300,2020-03-11,,,,,,
은평구,11380,10500,구산동,226,11380-8346,구산그린빌,,59.5,5,2009,32300,2020-03-11,O,20.03.17,,,,
은평구,11380,10900,신사동,278-1,11380-270,우공101동,,84.27,5,2004,34500,2020-03-01,,,,,,
은평구,11380,11400,진관동,88,11380-8506,우물골2단지두산위브(209~222동)BL2-8,,84.79,5,2009,71700,2020-03-16,,,,,,
은평구,11380,10900,신사동,19-84,11380-74,형진,,73.16,5,1997,34900,2020-03-11,,,,,,
은평구,11380,10800,역촌동,231,11380-115,한국리치빌,,84.2164,6,2003,49000,2020-03-01,,,,,,
은평구,11380,11400,진관동,92,11380-8666,은평뉴타운 제각말 푸르지오(5-4단지),,84.89,5,2010,73000,2020-03-04,,,,,,
은평구,11380,10100,수색동,415-1,11380-100,e편한세상 수색 에코포레,,84.951,14,2003,67500,2020-03-07,,,,,,
은평구,11380,10700,응암동,761,11380-9188,백련산힐스테이트3차,,59.87,9,2011,67000,2020-03-03,,,,,,
은평구,11380,11400,진관동,135,11380-8598,폭포동4단지힐스테이트(426~428동)BL3-11,,134.87,4,2010,90000,2020-03-06,O,20.04.17,,,,
은평구,11380,10700,응암동,759,11380-9190,백련산힐스테이트1차,,84.37,7,2011,74500,2020-03-06,,,,,,
은평구,11380,10300,불광동,633,11380-263,북한산현대홈타운,,84.9956,7,2004,75000,2020-03-01,,,,,,
은평구,11380,10700,응암동,763,11380-10357,모아아파트,,52.54,5,2016,41000,2020-03-01,,,,,,
은평구,11380,10400,갈현동,465-12,11380-273,동광갈현베르빌,,59.73,13,2004,40000,2020-03-14,,,,,,
은평구,11380,10100,수색동,415-1,11380-100,e편한세상 수색 에코포레,,84.951,1,2003,61000,2020-03-07,,,,,,
은평구,11380,10900,신사동,356,11380-65,뉴신사신성,,84.42,13,1993,38000,2020-03-14,,,,,,
은평구,11380,10400,갈현동,542-1,11380-37,현재트윈빌,,113.25,6,2000,46000,2020-03-14,,,,,,
은평구,11380,10300,불광동,635,11380-8104,북한산힐스테이트1차아파트,,59.817,6,2009,62500,2020-03-04,,,,,,
은평구,11380,10900,신사동,354,11380-67,라이프씨티,,83.04,10,1992,37500,2020-03-07,,,,,,
은평구,11380,10500,구산동,355-98,11380-7824,동익파크2동(355-98),,84.95,2,1991,36000,2020-03-09,,,,,,
은평구,11380,10800,역촌동,32-37,11380-145,서안,,84.3,7,2003,36400,2020-03-09,,,,,,
은평구,11380,10700,응암동,109-22,11380-8870,드림캐시아2,,84.96,9,2011,55000,2020-03-02,,,,,,
은평구,11380,10200,녹번동,280-1,11380-6,녹번JR아파트,,59.866,13,2002,50500,2020-03-11,,,,,,
은평구,11380,10200,녹번동,280-1,11380-6,녹번JR아파트,,59.866,9,2002,47500,2020-03-07,,,,,,
은평구,11380,10100,수색동,415-1,11380-100,e편한세상 수색 에코포레,,59.895,11,2003,54800,2020-03-07,,,,,,
은평구,11380,10500,구산동,547,11380-186,갈현1단지e-편한세상,,84.618,10,2004,54000,2020-03-06,,,,,,
은평구,11380,10700,응암동,88-16,11380-7853,남광쉐르빌,,80.98,3,2007,31800,2020-03-07,,,,,,
은평구,11380,11400,진관동,60,11380-10714,은평뉴타운솔하임,,45.034,7,2017,52000,2020-03-07,,,,,,
은평구,11380,10500,구산동,547,11380-186,갈현1단지e-편한세상,,84.618,10,2004,52000,2020-03-09,,,,,,
은평구,11380,10500,구산동,224,11380-247,경남아너스빌,,84.69,12,2004,45500,2020-03-12,,,,,,
은평구,11380,10900,신사동,365,11380-120,신사동한신휴플러스,,84.65,14,2003,58300,2020-03-11,,,,,,
은평구,11380,10700,응암동,117-35,11380-10515,미소세상,,59.96,4,2017,42000,2020-03-07,,,,,,
은평구,11380,11400,진관동,150,11380-9862,은평뉴타운기자촌11단지,,84.94,2,2015,71400,2020-03-04,,,,,,
은평구,11380,11000,증산동,254,11380-254,DMC문영퀸즈파크아파트,,84.92,2,2004,50000,2020-03-10,,,,,,
은평구,11380,11400,진관동,13,11380-8025,상림마을7단지아이파크(706~708동)BL1-3,,59.81,3,2008,56000,2020-03-03,,,,,,
은평구,11380,10400,갈현동,544,11380-133,갈현삼성,,79.85,2,2003,33000,2020-03-07,,,,,,
은평구,11380,10700,응암동,176,11380-7855,응암푸르지오,,84.2,10,2008,60000,2020-03-07,,,,,,
은평구,11380,11400,진관동,88,11380-8506,우물골2단지두산위브(209~222동)BL2-8,,134.43,12,2009,93000,2020-03-09,,,,,,
은평구,11380,10600,대조동,204-1,11380-52,삼오,,52.56,7,2002,28000,2020-03-09,,,,,,
은평구,11380,10700,응암동,764,11380-10719,백련산힐스테이트4차,,84.98,6,2018,89500,2020-03-02,,,,,,
은평구,11380,10200,녹번동,282,11380-10967,힐스테이트녹번,,59.938,7,2019,90300,2020-03-06,,,,,,
은평구,11380,10900,신사동,140-1,11380-66,미성,,63.53,2,1987,41500,2020-03-07,,,,,,
은평구,11380,10600,대조동,195-14,11380-139,신세계드림빌1,,93.45,1,2003,44500,2020-03-06,,,,,,
은평구,11380,10400,갈현동,548,11380-10765,유호루하스,,26.432,5,2018,19000,2020-03-09,,,,,,
은평구,11380,10700,응암동,762,11380-9567,녹번역센트레빌,,114.98,12,2013,89600,2020-03-07,,,,,,
은평구,11380,10700,응암동,759,11380-9190,백련산힐스테이트1차,,84.21,7,2011,72500,2020-03-07,,,,,,
은평구,11380,10900,신사동,365,11380-120,신사동한신휴플러스,,59.76,6,2003,47500,2020-03-02,,,,,,
은평구,11380,10500,구산동,224,11380-247,경남아너스빌,,84.69,7,2004,45800,2020-03-03,,,,,,
은평구,11380,10400,갈현동,538,11380-30,미미,,59.595,9,1997,34000,2020-03-02,,,,,,
은평구,11380,10300,불광동,484-60,11380-9413,제이타워,,15.05,11,2013,10700,2020-03-03,,,,,,
은평구,11380,11400,진관동,14,11380-8026,상림마을8단지롯데캐슬(801~809동)BL1-2,,134.96,1,2008,68400,2020-03-03,,,,,,
은평구,11380,10200,녹번동,281,11380-10020,북한산푸르지오,,114.98,7,2015,109000,2020-03-03,,,,,,
은평구,11380,10300,불광동,641,11380-8697,북한산현대힐스테이트3차아파트,,59.99,7,2010,67000,2020-03-01,,,,,,
은평구,11380,11400,진관동,101,11380-8391,박석고개1단지힐스테이트(101~111동)BL2-12,,59.85,5,2009,69300,2020-03-02,,,,,,
서대문구,11410,11700,연희동,743,11410-3532,우국한마음,,84.84,8,2005,45700,2020-03-03,,,,,,
서대문구,11410,11800,홍은동,186-25,11410-115,서강2차(2동),,91.41,2,1989,33500,2020-03-05,,,,,,
서대문구,11410,11100,홍제동,471,11410-4537,금호어울림,,84.4965,4,2016,80000,2020-03-14,,,,,,
서대문구,11410,10800,영천동,100,11410-9,독립문삼호,,114.63,9,1995,102500,2020-03-30,,,,,,
서대문구,11410,11100,홍제동,247-19,11410-154,홍일,,66.12,5,1969,29800,2020-03-29,,,,,,
서대문구,11410,10800,영천동,100,11410-9,독립문삼호,,75.66,14,1995,77500,2020-03-30,,,,,,
서대문구,11410,10800,영천동,100,11410-9,독립문삼호,,108.63,5,1995,95000,2020-03-31,,,,,,
서대문구,11410,11800,홍은동,454,11410-77,극동,,84.92,1,1995,37300,2020-03-22,,,,,,
서대문구,11410,11100,홍제동,455,11410-69,현대그린,,84.96,11,1996,57000,2020-03-28,,,,,,
서대문구,11410,11800,홍은동,202-5,11410-95,"현대(1,2차)",,59.96,6,1988,51500,2020-03-23,,,,,,
서대문구,11410,10800,영천동,100,11410-9,독립문삼호,,75.66,1,1995,77000,2020-03-26,,,,,,
서대문구,11410,11800,홍은동,8-26,11410-91,초원,,49.26,5,1988,15800,2020-03-26,O,20.06.03,,,,
서대문구,11410,11800,홍은동,186-1,11410-84,홍은미성,,83.61,11,1985,40500,2020-03-20,,,,,,
서대문구,11410,12000,남가좌동,105-1,11410-103,창덕에버빌,,99.57,8,1998,53500,2020-03-23,,,,,,
서대문구,11410,11800,홍은동,393-3,11410-3537,신원지벤스타6,,147.33,3,2005,61000,2020-03-22,,,,,,
서대문구,11410,11800,홍은동,464,11410-4702,북한산더샵,,84.747,10,2017,108000,2020-03-25,,,,,,
서대문구,11410,11100,홍제동,175-3,11410-4746,홍제헤렌,,66.52,8,2018,53500,2020-03-16,,,,,,
서대문구,11410,11800,홍은동,202-5,11410-95,"현대(1,2차)",,84.77,4,1988,62800,2020-03-23,,,,,,
서대문구,11410,12000,남가좌동,388,11410-4762,DMC센트럴아이파크,,84.95,12,2018,104000,2020-03-19,,,,,,
서대문구,11410,12000,남가좌동,390,11410-4824,래미안루센티아,,84.83,11,2020,115000,2020-03-25,,,,,,
서대문구,11410,11700,연희동,196-1,11410-172,연희궁,,50.04,2,1972,14000,2020-03-13,,,,,,
서대문구,11410,10200,충정로3가,466,11410-3607,우리유앤미,,84.73,18,2008,78000,2020-03-14,,,,,,
서대문구,11410,11700,연희동,745,11410-4254,연희자이엘라,,13.642,9,2014,16500,2020-03-28,,,,,,
서대문구,11410,12000,남가좌동,385,11410-4480,DMC파크뷰자이2단지,,84.99,19,2015,114500,2020-03-18,,,,,,
서대문구,11410,11100,홍제동,342,11410-62,중앙하이츠,,59.23,9,2001,40500,2020-03-09,,,,,,
서대문구,11410,12000,남가좌동,388,11410-4762,DMC센트럴아이파크,,59.91,13,2018,83000,2020-03-19,,,,,,
서대문구,11410,10600,천연동,145,11410-3569,천연뜨란채,,56.08,10,2006,65800,2020-03-13,,,,,,
서대문구,11410,11800,홍은동,464,11410-4702,북한산더샵,,59.899,14,2017,90000,2020-03-21,,,,,,
서대문구,11410,12000,남가좌동,377,11410-102,DMC래미안클라시스,,59.93,2,2000,64600,2020-03-14,,,,,,
서대문구,11410,11900,북가좌동,458,11410-3856,DMC아이파크,,114.92,6,2009,95000,2020-03-11,,,,,,
서대문구,11410,11000,북아현동,1009,11410-13,두산,,59.96,1,1999,66500,2020-03-21,,,,,,
서대문구,11410,11900,북가좌동,371-1,11410-107,월드컵현대,,59.56,8,1998,68000,2020-03-17,,,,,,
서대문구,11410,11900,북가좌동,371-1,11410-107,월드컵현대,,84.93,1,1998,68500,2020-03-14,,,,,,
서대문구,11410,11100,홍제동,82,11410-67,홍제한양,,60.06,9,1993,54000,2020-03-26,,,,,,
서대문구,11410,11900,북가좌동,431,11410-108,DMC한양,,116.76,6,1987,78500,2020-03-24,,,,,,
서대문구,11410,11900,북가좌동,449,11410-106,북가좌삼호,,114.03,11,1996,78000,2020-03-25,,,,,,
서대문구,11410,11700,연희동,740,11410-30,성원,,59.61,9,2001,55000,2020-03-20,,,,,,
서대문구,11410,11100,홍제동,294-36,11410-155,원일,,76.03,5,1970,34500,2020-03-09,,,,,,
서대문구,11410,11900,북가좌동,481,11410-4085,DMC래미안e편한세상,,120.93,9,2012,119900,2020-03-22,,,,,,
서대문구,11410,12000,남가좌동,388,11410-4762,DMC센트럴아이파크,,84.98,16,2018,104500,2020-03-14,,,,,,
서대문구,11410,11900,북가좌동,488,11410-4768,대경아르체,,54.78,4,2018,43500,2020-03-07,,,,,,
서대문구,11410,11900,북가좌동,488,11410-4768,대경아르체,,48.48,2,2018,39000,2020-03-11,,,,,,
서대문구,11410,11900,북가좌동,459,11410-3677,DMC두산위브,,84.9623,11,2007,70000,2020-03-24,,,,,,
서대문구,11410,11200,대현동,104-36,11410-4373,신촌자이엘라,,20.11,16,2014,28000,2020-03-31,,,,,,
서대문구,11410,12000,남가좌동,388,11410-4762,DMC센트럴아이파크,,84.94,15,2018,106000,2020-03-24,,,,,,
서대문구,11410,11100,홍제동,453-1,11410-64,청구2차,,59.89,11,1997,59000,2020-03-27,,,,,,
서대문구,11410,11700,연희동,739,11410-28,대우푸르지오,,59.584,12,2002,68000,2020-03-07,,,,,,
서대문구,11410,10500,냉천동,261,11410-3906,돈의문센트레빌,,84.99,10,2011,123000,2020-03-14,,,,,,
서대문구,11410,11800,홍은동,460,11410-96,홍은동풍림아이원,,84.918,17,2002,52750,2020-03-16,O,20.04.13,,,,
서대문구,11410,11100,홍제동,315-7,11410-52,서울맨션,,48.59,2,1972,25000,2020-03-27,,,,,,
서대문구,11410,10600,천연동,145,11410-3569,천연뜨란채,,30.17,9,2006,44800,2020-03-14,,,,,,
서대문구,11410,11100,홍제동,459,11410-73,홍제원현대(459-0),,84.9,5,2000,76000,2020-03-26,,,,,,
서대문구,11410,11100,홍제동,312-243,11410-186,파크힐,,84.4,3,2004,29900,2020-03-07,,,,,,
서대문구,11410,12000,남가좌동,385,11410-4481,DMC파크뷰자이3단지,,59.981,16,2015,85000,2020-03-22,,,,,,
서대문구,11410,11100,홍제동,247-19,11410-154,홍일,,66.12,5,1969,29800,2020-03-29,O,20.04.27,,,,
서대문구,11410,11800,홍은동,202-5,11410-95,"현대(1,2차)",,84.77,12,1988,65500,2020-03-09,,,,,,
서대문구,11410,11100,홍제동,82,11410-67,홍제한양,,120.14,6,1993,89500,2020-03-19,,,,,,
서대문구,11410,11100,홍제동,463,11410-49,문화촌현대,,59.94,13,2002,56000,2020-03-15,,,,,,
서대문구,11410,11100,홍제동,465,11410-59,인왕산벽산,,84.63,8,2003,65700,2020-03-28,,,,,,
서대문구,11410,11100,홍제동,373,11410-56,태영으뜸(데시앙),,43.72,7,1998,32000,2020-03-20,,,,,,
서대문구,11410,11700,연희동,700,11410-27,대림,,84.74,10,1993,64500,2020-03-04,,,,,,
서대문구,11410,11100,홍제동,315-7,11410-52,서울맨션,,50.71,3,1972,24700,2020-03-25,,,,,,
서대문구,11410,11700,연희동,740,11410-30,성원,,84.95,1,2001,62000,2020-03-16,,,,,,
서대문구,11410,11800,홍은동,186-25,11410-115,서강2차(2동),,91.41,2,1989,33500,2020-03-05,O,20.05.13,,,,
서대문구,11410,11900,북가좌동,458,11410-3856,DMC아이파크,,59.96,8,2009,77000,2020-03-12,,,,,,
서대문구,11410,11100,홍제동,342,11410-62,중앙하이츠,,59.23,9,2001,40500,2020-03-09,O,20.04.09,,,,
서대문구,11410,11100,홍제동,460,11410-60,인왕산현대,,84.9,13,2000,79000,2020-03-14,,,,,,
서대문구,11410,11900,북가좌동,481,11410-4085,DMC래미안e편한세상,,59.97,11,2012,89700,2020-03-18,,,,,,
서대문구,11410,11800,홍은동,454,11410-77,극동,,84.92,10,1995,39000,2020-03-26,,,,,,
서대문구,11410,10500,냉천동,260,11410-7,동부센트레빌,,59.86,1,2002,57700,2020-03-07,,,,,,
서대문구,11410,11900,북가좌동,453,11410-109,DMC현대아파트,,71.89,10,2000,53000,2020-03-05,,,,,,
서대문구,11410,11100,홍제동,82,11410-67,홍제한양,,60.06,5,1993,61000,2020-03-09,,,,,,
서대문구,11410,12000,남가좌동,377,11410-102,DMC래미안클라시스,,114.88,15,2000,79000,2020-03-03,,,,,,
서대문구,11410,12000,남가좌동,377,11410-102,DMC래미안클라시스,,59.93,9,2000,68000,2020-03-11,,,,,,
서대문구,11410,11800,홍은동,455,11410-85,홍은동벽산,,58.64,9,1997,48300,2020-03-25,,,,,,
서대문구,11410,11800,홍은동,455,11410-85,홍은동벽산,,142.98,5,1997,73500,2020-03-10,,,,,,
서대문구,11410,11800,홍은동,463,11410-4044,동원베네스트,,84.9573,2,2012,54500,2020-03-19,,,,,,
서대문구,11410,10900,현저동,200,11410-10,독립문극동(200-0),,84.87,19,1998,93000,2020-03-01,,,,,,
서대문구,11410,11800,홍은동,22,11410-89,유원,,64.26,13,1987,33000,2020-03-17,,,,,,
서대문구,11410,11100,홍제동,459,11410-73,홍제원현대(459-0),,114.72,12,2000,92000,2020-03-02,,,,,,
서대문구,11410,12000,남가좌동,376,11410-104,남가좌동현대,,59.4,7,1999,63500,2020-03-12,,,,,,
서대문구,11410,11700,연희동,740,11410-30,성원,,84.95,11,2001,74500,2020-03-14,,,,,,
서대문구,11410,11800,홍은동,456,11410-82,두산,,84.84,7,1997,52800,2020-03-06,,,,,,
서대문구,11410,11900,북가좌동,431,11410-108,DMC한양,,84.33,13,1987,70000,2020-03-09,,,,,,
서대문구,11410,11700,연희동,745,11410-4254,연희자이엘라,,13.642,4,2014,16000,2020-03-20,,,,,,
서대문구,11410,11800,홍은동,455,11410-85,홍은동벽산,,84.96,11,1997,59700,2020-03-18,,,,,,
서대문구,11410,11100,홍제동,461,11410-71,홍제삼성래미안,,32.76,1,2001,34800,2020-03-09,,,,,,
서대문구,11410,11800,홍은동,460,11410-96,홍은동풍림아이원,,84.918,9,2002,52000,2020-03-11,,,,,,
서대문구,11410,12000,남가좌동,385,11410-4479,DMC파크뷰자이1단지,,84.971,7,2015,114700,2020-03-07,,,,,,
서대문구,11410,11900,북가좌동,481,11410-4085,DMC래미안e편한세상,,59.97,10,2012,93700,2020-03-05,,,,,,
서대문구,11410,11100,홍제동,462,11410-65,청구3차,,59.4,3,2001,58500,2020-03-14,,,,,,
서대문구,11410,11800,홍은동,453-2,11410-93,풍림2,,58.5,13,1990,47000,2020-03-06,,,,,,
서대문구,11410,11100,홍제동,82,11410-67,홍제한양,,84.77,9,1993,66000,2020-03-07,,,,,,
서대문구,11410,11100,홍제동,454,11410-55,유원하나,,82.35,3,1996,47000,2020-03-10,,,,,,
서대문구,11410,11800,홍은동,산11-244,11410-3755,세한숲속마을,,83.9,6,2002,43000,2020-03-14,,,,,,
서대문구,11410,11800,홍은동,455,11410-85,홍은동벽산,,142.98,15,1997,73000,2020-03-18,,,,,,
서대문구,11410,12000,남가좌동,345-4,11410-100,백련미라보,,36.86,4,1992,18050,2020-03-18,,,,,,
서대문구,11410,11100,홍제동,82,11410-67,홍제한양,,60.06,11,1993,59800,2020-03-06,,,,,,
서대문구,11410,12000,남가좌동,345-4,11410-100,백련미라보,,36.86,4,1992,18500,2020-03-18,O,20.03.19,,,,
서대문구,11410,11800,홍은동,459,11410-97,진흥,,78.02,9,2002,54500,2020-03-09,,,,,,
서대문구,11410,11100,홍제동,247-19,11410-154,홍일,,65.22,2,1969,35000,2020-03-16,,,,,,
서대문구,11410,11900,북가좌동,449,11410-106,북가좌삼호,,114.03,4,1996,79000,2020-03-01,,,,,,
서대문구,11410,11800,홍은동,440-1,11410-3960,반석블레스,,84.92,7,2013,58000,2020-03-16,,,,,,
서대문구,11410,10900,현저동,200,11410-10,독립문극동(200-0),,59.58,4,1998,77500,2020-03-09,,,,,,
서대문구,11410,11100,홍제동,460,11410-60,인왕산현대,,84.9,1,2000,64500,2020-03-10,O,20.08.12,,,,
서대문구,11410,12000,남가좌동,385,11410-4479,DMC파크뷰자이1단지,,84.971,19,2015,100000,2020-03-01,,,,,,
서대문구,11410,11200,대현동,144,11410-22,신촌럭키,,59.7,9,1999,73000,2020-03-10,,,,,,
서대문구,11410,10800,영천동,100,11410-9,독립문삼호,,75.66,1,1995,60000,2020-03-11,,,,,,
서대문구,11410,11100,홍제동,312-237,11410-76,동일2차,,81.62,2,2002,31500,2020-03-07,,,,,,
서대문구,11410,11100,홍제동,460,11410-60,인왕산현대,,84.9,8,2000,79700,2020-03-04,,,,,,
서대문구,11410,11700,연희동,745,11410-4254,연희자이엘라,,13.642,2,2014,15600,2020-03-02,,,,,,
서대문구,11410,11800,홍은동,453-2,11410-93,풍림2,,58.5,12,1990,46000,2020-03-14,,,,,,
서대문구,11410,11800,홍은동,455,11410-85,홍은동벽산,,84.96,13,1997,61000,2020-03-07,,,,,,
서대문구,11410,11700,연희동,740,11410-30,성원,,59.61,5,2001,52500,2020-03-07,,,,,,
서대문구,11410,11800,홍은동,439-1,11410-4377,홍은동아더프라임,,74.8918,11,2014,61000,2020-03-07,,,,,,
서대문구,11410,11800,홍은동,455,11410-85,홍은동벽산,,84.96,5,1997,61000,2020-03-07,,,,,,
서대문구,11410,11800,홍은동,186-1,11410-84,홍은미성,,83.61,7,1985,40500,2020-03-06,,,,,,
서대문구,11410,12000,남가좌동,385,11410-4480,DMC파크뷰자이2단지,,84.968,11,2015,104000,2020-03-05,,,,,,
서대문구,11410,11900,북가좌동,459,11410-3677,DMC두산위브,,84.9923,9,2007,71000,2020-03-07,,,,,,
서대문구,11410,11100,홍제동,312-240,11410-156,동일1차,,84.7,2,2000,27500,2020-03-01,,,,,,
서대문구,11410,11800,홍은동,464,11410-4702,북한산더샵,,84.956,6,2017,99500,2020-03-05,,,,,,
서대문구,11410,12000,남가좌동,379,11410-3524,래미안남가좌2차,,114.793,1,2005,91000,2020-03-03,,,,,,
서대문구,11410,11000,북아현동,114-1,11410-15,북아현맨션,,84.95,1,1975,110000,2020-03-10,,,,,,
서대문구,11410,12000,남가좌동,385,11410-4479,DMC파크뷰자이1단지,,84.971,11,2015,104800,2020-03-11,,,,,,
서대문구,11410,11900,북가좌동,481,11410-4085,DMC래미안e편한세상,,84.95,20,2012,111500,2020-03-09,,,,,,
서대문구,11410,11900,북가좌동,481,11410-4085,DMC래미안e편한세상,,84.95,3,2012,103400,2020-03-10,,,,,,
서대문구,11410,11100,홍제동,315-7,11410-52,서울맨션,,48.69,2,1972,24000,2020-03-10,,,,,,
서대문구,11410,11800,홍은동,455,11410-85,홍은동벽산,,58.64,4,1997,44750,2020-03-01,,,,,,
서대문구,11410,11800,홍은동,455,11410-85,홍은동벽산,,58.64,8,1997,48300,2020-03-07,,,,,,
서대문구,11410,11100,홍제동,463,11410-49,문화촌현대,,59.94,8,2002,54000,2020-03-07,,,,,,
서대문구,11410,12000,남가좌동,385,11410-4480,DMC파크뷰자이2단지,,59.981,10,2015,91000,2020-03-07,,,,,,
서대문구,11410,12000,남가좌동,385,11410-4479,DMC파크뷰자이1단지,,84.971,7,2015,118000,2020-03-03,,,,,,
서대문구,11410,11900,북가좌동,481,11410-4085,DMC래미안e편한세상,,120.95,9,2012,135000,2020-03-09,,,,,,
서대문구,11410,11100,홍제동,454,11410-55,유원하나,,72.34,7,1996,40000,2020-03-06,,,,,,
서대문구,11410,12000,남가좌동,385,11410-4479,DMC파크뷰자이1단지,,84.968,14,2015,109000,2020-03-05,,,,,,
서대문구,11410,12000,남가좌동,379,11410-3524,래미안남가좌2차,,59.788,7,2005,80500,2020-03-05,,,,,,
서대문구,11410,11800,홍은동,457,11410-81,동일,,59.77,15,1997,38000,2020-03-07,,,,,,
서대문구,11410,10300,합동,118,11410-3838,에스케이뷰,,84.909,9,2008,99800,2020-03-07,,,,,,
서대문구,11410,11000,북아현동,118-9,11410-12,경남(2차),,122.91,6,1999,88000,2020-03-03,,,,,,
서대문구,11410,11100,홍제동,456,11410-53,성원,,41.5,6,1998,36500,2020-03-03,,,,,,
서대문구,11410,11800,홍은동,464,11410-4702,북한산더샵,,59.899,10,2017,87000,2020-03-07,,,,,,
서대문구,11410,12000,남가좌동,385,11410-4481,DMC파크뷰자이3단지,,59.981,11,2015,85000,2020-03-05,,,,,,
서대문구,11410,11100,홍제동,453,11410-63,청구1차,,84.78,15,1994,72000,2020-03-01,,,,,,
서대문구,11410,11800,홍은동,456,11410-82,두산,,84.84,9,1997,51970,2020-03-02,,,,,,
마포구,11440,12400,연남동,259-1,11440-94,대명,,84.99,14,1995,81000,2020-03-25,,,,,,
마포구,11440,10100,아현동,777,11440-5410,마포래미안푸르지오4단지,,84.8919,16,2014,147500,2020-03-27,,,,,,
마포구,11440,12600,중동,391,11440-121,중동계룡아파트,,84.6,4,2000,70000,2020-03-11,,,,,,
마포구,11440,12200,합정동,472,11440-5495,마포한강푸르지오,,84.64,21,2015,147000,2020-03-31,,,,,,
마포구,11440,12600,중동,39-9,11440-219,백명TRENDYAPT,,107.48,5,2004,59000,2020-03-31,,,,,,
마포구,11440,10800,대흥동,804,11440-5348,마포자이2차,,84.95,1,2014,139000,2020-03-31,,,,,,
마포구,11440,11200,현석동,225,11440-5559,래미안웰스트림,,59.96,28,2016,135000,2020-03-27,,,,,,
마포구,11440,10100,아현동,777,11440-5410,마포래미안푸르지오4단지,,84.8919,16,2014,147500,2020-03-27,O,20.07.02,,,,
마포구,11440,10800,대흥동,660,11440-32,대흥동태영아파트,,114.93,18,1999,125000,2020-03-25,,,,,,
마포구,11440,12200,합정동,381-16,11440-4027,KCC엠파이어리버,,145.33,9,2006,128500,2020-03-23,,,,,,
마포구,11440,12300,망원동,382-3,11440-4086,해오름2차,,93.99,2,2007,58700,2020-03-24,,,,,,
마포구,11440,11400,창전동,440,11440-3890,창전동현대홈타운,,84.978,14,2005,98500,2020-03-30,,,,,,
마포구,11440,11000,노고산동,1-25,11440-5657,신촌다올노블리움,,14.52,7,2017,22000,2020-03-23,,,,,,
마포구,11440,12300,망원동,508,11440-203,강림스위트빌,,81.71,9,2004,59000,2020-03-25,O,20.05.16,,,,
마포구,11440,10200,공덕동,476,11440-5530,공덕파크자이,,84.9541,12,2015,157700,2020-03-27,,,,,,
마포구,11440,12500,성산동,601,11440-118,성산월드타운대림,,84.689,6,2004,78900,2020-03-21,,,,,,
마포구,11440,12500,성산동,667,11440-4586,월드컵아이파크(667),,59.73,16,2009,75700,2020-03-21,,,,,,
마포구,11440,11100,신수동,445-5,11440-41,현대,,84.47,4,1996,82500,2020-03-19,,,,,,
마포구,11440,12600,중동,391,11440-121,중동계룡아파트,,60,4,2000,64800,2020-03-21,,,,,,
마포구,11440,11400,창전동,438,11440-46,신촌금호,,84.87,4,2001,77500,2020-03-13,,,,,,
마포구,11440,12600,중동,398,11440-3996,울트라월드컵(참누리),,84.9406,24,2006,99000,2020-03-12,,,,,,
마포구,11440,12300,망원동,499,11440-91,한강2차대주피오레,,84.97,7,2003,72500,2020-03-19,,,,,,
마포구,11440,10300,신공덕동,155,11440-9,신공덕1차삼성래미안1아파트,,114.75,6,2000,131000,2020-03-12,,,,,,
마포구,11440,10900,염리동,515-1,11440-33,상록,,57.88,18,1997,73000,2020-03-23,,,,,,
마포구,11440,10100,아현동,777,11440-5408,마포래미안푸르지오3단지,,84.8919,1,2014,148000,2020-03-12,,,,,,
마포구,11440,10100,아현동,692,11440-1,서서울삼성,,84.89,9,1998,82000,2020-03-12,,,,,,
마포구,11440,10400,도화동,555,11440-177,한화오벨리스크,,85,30,2004,95000,2020-03-26,,,,,,
마포구,11440,10300,신공덕동,155,11440-9,신공덕1차삼성래미안1아파트,,59.76,3,2000,103200,2020-03-13,,,,,,
마포구,11440,10900,염리동,515-1,11440-33,상록,,57.88,12,1997,72000,2020-03-18,,,,,,
마포구,11440,10400,도화동,82,11440-17,우성,,68.94,5,1991,89800,2020-03-03,,,,,,
마포구,11440,12600,중동,390,11440-123,DMC마포청구아파트,,84.9,10,1994,80000,2020-03-21,,,,,,
마포구,11440,10900,염리동,161-1,11440-35,중앙하이츠,,83.82,11,1998,93000,2020-03-14,,,,,,
마포구,11440,10900,염리동,161-1,11440-35,중앙하이츠,,60,12,1998,80000,2020-03-18,,,,,,
마포구,11440,12300,망원동,512,11440-207,예지안파크뷰,,83.8,9,2004,57500,2020-03-16,,,,,,
마포구,11440,10900,염리동,161-1,11440-35,중앙하이츠,,60,3,1998,77000,2020-03-14,,,,,,
마포구,11440,10200,공덕동,460,11440-176,한화꿈에그린,,84.939,10,2004,115000,2020-03-14,O,20.05.19,,,,
마포구,11440,10400,도화동,555,11440-177,한화오벨리스크,,75.72,18,2004,78500,2020-03-28,,,,,,
마포구,11440,12700,상암동,1637,11440-136,상암월드컵파크2단지,,59.92,15,2003,84000,2020-03-07,,,,,,
마포구,11440,11100,신수동,445-5,11440-41,현대,,84.47,15,1996,85600,2020-03-10,,,,,,
마포구,11440,12300,망원동,497,11440-93,대림2,,84.73,16,2002,83700,2020-03-20,,,,,,
마포구,11440,10300,신공덕동,170,11440-4551,브라운스톤공덕아파트,,59.89,8,2009,125000,2020-03-26,,,,,,
마포구,11440,11400,창전동,444,11440-4156,서강예가,,84.988,11,2007,121000,2020-03-11,,,,,,
마포구,11440,11400,창전동,444,11440-4156,서강예가,,59.983,12,2007,99000,2020-03-18,,,,,,
마포구,11440,12500,성산동,601,11440-118,성산월드타운대림,,84.689,20,2004,77500,2020-03-21,,,,,,
마포구,11440,11400,창전동,443,11440-4165,해모로,,83.871,14,2007,115000,2020-03-11,,,,,,
마포구,11440,12700,상암동,1752,11440-4800,상암월드컵파크9단지,,84.98,1,2010,80000,2020-03-11,,,,,,
마포구,11440,12300,망원동,491,11440-69,대상3,,84.9,16,2000,63000,2020-03-02,,,,,,
마포구,11440,12700,상암동,1752,11440-4800,상암월드컵파크9단지,,84.89,12,2010,83000,2020-03-02,,,,,,
마포구,11440,10100,아현동,777,11440-5407,마포래미안푸르지오1단지,,59.9656,5,2014,126500,2020-03-12,,,,,,
마포구,11440,10100,아현동,371-1,11440-5233,예미원,,59.36,7,1970,54500,2020-03-16,,,,,,
마포구,11440,12500,성산동,446,11440-109,성산시영(유원),,59.43,11,1986,87500,2020-03-17,,,,,,
마포구,11440,12500,성산동,446,11440-168,성산시영(선경),,50.54,10,1986,84000,2020-03-06,,,,,,
마포구,11440,10700,마포동,253,11440-30,마포쌍용황금아파트,,59.9,8,2000,73000,2020-03-28,,,,,,
마포구,11440,11500,상수동,396,11440-213,상수두산위브,,84.79,21,2004,120000,2020-03-15,,,,,,
마포구,11440,10200,공덕동,370-9,11440-126,공덕현대,,51.62,11,1989,71000,2020-03-14,,,,,,
마포구,11440,11400,창전동,439,11440-149,신촌태영데시앙,,84.97,10,2003,99000,2020-03-21,,,,,,
마포구,11440,10600,토정동,138,11440-26,한강삼성,,84.96,23,1997,129500,2020-03-07,,,,,,
마포구,11440,11400,창전동,438,11440-46,신촌금호,,59.21,10,2001,72500,2020-03-14,,,,,,
마포구,11440,10400,도화동,353,11440-19,현대홈타운,,84.95,13,2000,97000,2020-03-12,,,,,,
마포구,11440,11200,현석동,222,11440-151,강변힐스테이트,,84.85,2,2004,104500,2020-03-05,,,,,,
마포구,11440,10400,도화동,547,11440-13,도화현대,,59.4,6,1998,80000,2020-03-14,,,,,,
마포구,11440,12300,망원동,499,11440-91,한강2차대주피오레,,99.16,12,2003,99500,2020-03-08,,,,,,
마포구,11440,11400,창전동,438,11440-46,신촌금호,,84.86,16,2001,85000,2020-03-11,,,,,,
마포구,11440,11000,노고산동,107-36,11440-37,현대벤처빌,,32.8,7,2002,26250,2020-03-10,,,,,,
마포구,11440,10400,도화동,357,11440-12,도화동현대,,128.26,1,1996,102000,2020-03-02,,,,,,
마포구,11440,11700,신정동,30,11440-51,서강GS,,114.87,19,1999,110000,2020-03-05,,,,,,
마포구,11440,12400,연남동,487-77,11440-145,광남벨라스(VALLACE),,74.99,4,2003,41500,2020-03-25,,,,,,
마포구,11440,10400,도화동,555,11440-177,한화오벨리스크,,59,17,2004,75800,2020-03-25,,,,,,
마포구,11440,12300,망원동,493,11440-80,함성백합,,84.42,1,2001,57900,2020-03-14,,,,,,
마포구,11440,10400,도화동,357,11440-12,도화동현대,,128.26,9,1996,124500,2020-03-14,O,20.05.20,,,,
마포구,11440,12500,성산동,446,11440-168,성산시영(선경),,50.54,10,1986,84000,2020-03-03,,,,,,
마포구,11440,10100,아현동,371-1,11440-5233,예미원,,47.25,6,1970,49700,2020-03-10,,,,,,
마포구,11440,12600,중동,393,11440-125,건영월드컵,,79.58,12,2002,68400,2020-03-06,,,,,,
마포구,11440,10500,용강동,380,11440-23,마포용강삼성래미안,,84.2,14,2003,139000,2020-03-12,,,,,,
마포구,11440,10900,염리동,520,11440-34,염리삼성래미안,,59.52,11,2001,60000,2020-03-10,,,,,,
마포구,11440,12200,합정동,466,11440-63,장미(466-0),,61.84,7,2000,48800,2020-03-10,,,,,,
마포구,11440,10400,도화동,550,11440-15,삼성,,136.65,10,1997,140500,2020-03-10,,,,,,
마포구,11440,12700,상암동,1752,11440-4800,상암월드컵파크9단지,,84.98,14,2010,86500,2020-03-08,,,,,,
마포구,11440,11200,현석동,222,11440-151,강변힐스테이트,,59.78,17,2004,88000,2020-03-12,,,,,,
마포구,11440,10200,공덕동,188-108,11440-6,마포현대,,59.95,13,1988,77500,2020-03-06,,,,,,
마포구,11440,10400,도화동,353,11440-19,현대홈타운,,113.25,8,2000,105800,2020-03-09,,,,,,
마포구,11440,12500,성산동,446,11440-169,성산시영(대우),,50.03,11,1986,81200,2020-03-12,,,,,,
마포구,11440,10300,신공덕동,171,11440-4876,kcc웰츠,,118.31,24,2011,142500,2020-03-13,,,,,,
마포구,11440,10100,아현동,777,11440-5406,마포래미안푸르지오2단지,,59.9452,10,2014,133000,2020-03-07,,,,,,
마포구,11440,12500,성산동,446,11440-168,성산시영(선경),,50.54,10,1986,83500,2020-03-08,,,,,,
마포구,11440,10200,공덕동,469,11440-4855,래미안공덕5차,,59.959,3,2011,122000,2020-03-03,,,,,,
마포구,11440,10200,공덕동,188-108,11440-6,마포현대,,59.95,11,1988,75000,2020-03-02,,,,,,
마포구,11440,10400,도화동,353,11440-19,현대홈타운,,84.95,5,2000,95000,2020-03-10,,,,,,
마포구,11440,12500,성산동,604,11440-171,성산2차e-편한세상,,84.95,8,2005,78700,2020-03-14,,,,,,
마포구,11440,12300,망원동,512,11440-207,예지안파크뷰,,83.8,9,2004,57500,2020-03-16,O,20.04.01,,,,
마포구,11440,10300,신공덕동,155,11440-9,신공덕1차삼성래미안1아파트,,59.76,22,2000,107000,2020-03-12,,,,,,
마포구,11440,12200,합정동,389-16,11440-218,대운행복,,74.05,3,2004,59000,2020-03-13,,,,,,
마포구,11440,10400,도화동,357,11440-12,도화동현대,,54.72,9,1996,77800,2020-03-02,,,,,,
마포구,11440,12600,중동,398,11440-3996,울트라월드컵(참누리),,84.9572,24,2006,92800,2020-03-10,,,,,,
마포구,11440,10800,대흥동,12-41,11440-5381,서희스타힐스,,12.85,5,2014,18700,2020-03-08,,,,,,
마포구,11440,10800,대흥동,12-41,11440-5381,서희스타힐스,,12.85,12,2014,19000,2020-03-12,,,,,,
마포구,11440,12000,서교동,490,11440-5097,메세나폴리스,,122.867,20,2012,160000,2020-03-03,,,,,,
마포구,11440,12600,중동,391,11440-121,중동계룡아파트,,84.6,4,2000,70000,2020-03-11,O,20.06.10,,,,
마포구,11440,10200,공덕동,464,11440-3934,래미안공덕4차,,59.9,9,2005,102000,2020-03-07,,,,,,
마포구,11440,10200,공덕동,469,11440-4855,래미안공덕5차,,113.866,2,2011,147000,2020-03-11,,,,,,
마포구,11440,12500,성산동,650,11440-4037,성산동자담이움아파트,,84.75,6,2006,60000,2020-03-07,,,,,,
마포구,11440,10700,마포동,449,11440-5145,비체힐리버뷰,,19.5986,4,2012,14400,2020-03-09,,,,,,
마포구,11440,10200,공덕동,188-108,11440-6,마포현대,,84.87,11,1988,95000,2020-03-11,,,,,,
마포구,11440,10200,공덕동,464,11440-3934,래미안공덕4차,,59.9,8,2005,109000,2020-03-09,,,,,,
마포구,11440,12500,성산동,601,11440-118,성산월드타운대림,,117.898,11,2004,95000,2020-03-10,,,,,,
마포구,11440,10300,신공덕동,159,11440-8,신공덕래미안2차,,59.48,1,2000,78500,2020-03-07,,,,,,
마포구,11440,10400,도화동,555,11440-177,한화오벨리스크,,75.72,30,2004,85000,2020-03-11,,,,,,
마포구,11440,10700,마포동,253,11440-30,마포쌍용황금아파트,,59.9,10,2000,80000,2020-03-04,,,,,,
마포구,11440,12700,상암동,1637,11440-136,상암월드컵파크2단지,,59.92,14,2003,58000,2020-03-10,,,,,,
마포구,11440,10900,염리동,520,11440-34,염리삼성래미안,,84.96,3,2001,106200,2020-03-07,,,,,,
마포구,11440,10300,신공덕동,161,11440-10,신공덕래미안3차,,114.76,2,2003,108500,2020-03-07,,,,,,
마포구,11440,10100,아현동,777,11440-5410,마포래미안푸르지오4단지,,59.9656,2,2014,130000,2020-03-02,,,,,,
마포구,11440,11200,현석동,220,11440-42,밤섬힐스테이트,,59.4,11,1999,87500,2020-03-04,,,,,,
마포구,11440,12700,상암동,1660,11440-3927,상암월드컵파크7단지,,84.9,8,2005,95500,2020-03-06,,,,,,
마포구,11440,10400,도화동,353,11440-19,현대홈타운,,84.95,10,2000,102500,2020-03-07,,,,,,
마포구,11440,12300,망원동,470-39,11440-3911,삼화아크빌(470-39),,103.9,2,2005,60000,2020-03-02,,,,,,
마포구,11440,12700,상암동,1618,11440-4659,DMC상암센트럴파크2단지,,74.6,3,2009,87500,2020-03-05,,,,,,
마포구,11440,10400,도화동,353,11440-19,현대홈타운,,113.25,8,2000,107900,2020-03-04,,,,,,
양천구,11470,10300,신월동,1078,11470-5630,목동센트럴아이파크위브4단지,,59.68,15,2020,84790,2020-03-21,,,,,,
양천구,11470,10300,신월동,1078,11470-5630,목동센트럴아이파크위브4단지,,84.98,17,2020,106455,2020-03-21,,,,,,
양천구,11470,10300,신월동,1077,11470-5629,목동센트럴아이파크위브3단지,,52.85,12,2020,66000,2020-03-07,,,,,,
양천구,11470,10300,신월동,1076,11470-5628,목동센트럴아이파크위브2단지,,59.88,7,2020,86130,2020-03-21,,,,,,
양천구,11470,10300,신월동,1078,11470-5630,목동센트럴아이파크위브4단지,,84.98,17,2020,106455,2020-03-21,O,20.09.11,,,,
양천구,11470,10300,신월동,1076,11470-5628,목동센트럴아이파크위브2단지,,84.96,8,2020,103680,2020-03-07,,,,,,
양천구,11470,10300,신월동,1078,11470-5630,목동센트럴아이파크위브4단지,,59.68,4,2020,84125,2020-03-09,,,,,,
양천구,11470,10300,신월동,1077,11470-5629,목동센트럴아이파크위브3단지,,52.85,14,2020,70000,2020-03-12,,,,,,
양천구,11470,10100,신정동,743-2,11470-136,신정6현대,,59.4,7,2000,50500,2020-03-18,,,,,,
양천구,11470,10300,신월동,488-3,11470-296,남영시티빌,,103.96,3,2004,39000,2020-03-28,,,,,,
양천구,11470,10300,신월동,350-2,11470-86,신안파크,,47.6,3,1987,28300,2020-03-27,O,20.05.14,,,,
양천구,11470,10200,목동,955,11470-272,근상프리즘,,65.4,4,2004,35300,2020-03-26,,,,,,
양천구,11470,10100,신정동,1309,11470-248,롯데캐슬,,84.73,9,2004,117000,2020-03-31,,,,,,
양천구,11470,10300,신월동,1052,11470-4125,동도센트리움,,69.17,7,2007,49500,2020-03-27,,,,,,
양천구,11470,10100,신정동,1308,11470-3993,동원로데오,,84.2,2,2006,72500,2020-03-24,,,,,,
양천구,11470,10100,신정동,1273,11470-137,신정현대5,,114.24,11,1999,91000,2020-03-24,,,,,,
양천구,11470,10100,신정동,743-2,11470-136,신정6현대,,114.8,14,2000,75000,2020-03-23,,,,,,
양천구,11470,10100,신정동,1279,11470-128,목동현대3차,,84.77,13,1997,110000,2020-03-25,,,,,,
양천구,11470,10300,신월동,1050,11470-4065,디아이빌102동,,83.79,5,2007,28500,2020-03-18,,,,,,
양천구,11470,10100,신정동,911-4,11470-155,흥영,,82.53,8,1996,42500,2020-03-27,,,,,,
양천구,11470,10100,신정동,1007-11,11470-233,이스타팰리스,,114.42,8,2004,75000,2020-03-19,,,,,,
양천구,11470,10300,신월동,350-2,11470-86,신안파크,,47.6,1,1987,26500,2020-03-18,,,,,,
양천구,11470,10200,목동,938,11470-62,청학,,35.55,3,2002,41000,2020-03-27,,,,,,
양천구,11470,10200,목동,904,11470-20,목동신시가지4,,108.06,1,1986,140000,2020-03-18,,,,,,
양천구,11470,10100,신정동,743-2,11470-136,신정6현대,,59.4,13,2000,52000,2020-03-14,,,,,,
양천구,11470,10100,신정동,1306,11470-4015,세양청마루,,84.98,3,2006,79500,2020-03-28,,,,,,
양천구,11470,10100,신정동,1259,11470-138,신트리1,,59.73,1,1999,59000,2020-03-17,O,20.05.10,,,,
양천구,11470,10100,신정동,1303,11470-182,대림e-편한세상,,84.985,24,2004,74500,2020-03-28,,,,,,
양천구,11470,10100,신정동,1273,11470-137,신정현대5,,114.24,13,1999,84000,2020-03-28,,,,,,
양천구,11470,10100,신정동,1321,11470-4594,이펜하우스1단지,,59.93,9,2011,50500,2020-03-18,,,,,,
양천구,11470,10300,신월동,222-7,11470-89,신월성원,,83.55,10,1996,33200,2020-03-28,,,,,,
양천구,11470,10300,신월동,1053,11470-4378,수명산SKVIEW,,84.94,8,2009,63000,2020-03-31,,,,,,
양천구,11470,10100,신정동,1273,11470-137,신정현대5,,114.24,11,1999,91000,2020-03-24,O,20.04.16,,,,
양천구,11470,10200,목동,739-1,11470-4046,목동보미리즌빌,,84.65,5,2006,49500,2020-03-17,,,,,,
양천구,11470,10100,신정동,329,11470-123,목동신시가지14,,55.02,2,1987,87000,2020-03-25,,,,,,
양천구,11470,10200,목동,935,11470-44,진도1,,59.84,1,1998,88000,2020-03-20,,,,,,
양천구,11470,10200,목동,911,11470-22,목동신시가지6,,47.94,4,1986,100000,2020-03-21,,,,,,
양천구,11470,10100,신정동,1322,11470-4576,이펜하우스2단지,,84.51,3,2011,59000,2020-03-25,,,,,,
양천구,11470,10200,목동,901,11470-17,목동신시가지1,,88.5,11,1985,157500,2020-03-31,,,,,,
양천구,11470,10200,목동,904,11470-20,목동신시가지4,,95.34,1,1986,166500,2020-03-17,,,,,,
양천구,11470,10100,신정동,327,11470-122,목동신시가지13,,124.55,2,1987,160000,2020-03-18,,,,,,
양천구,11470,10300,신월동,461-5,11470-5604,양천홈타운2차아파트,,43.48,7,2019,42600,2020-03-30,,,,,,
양천구,11470,10300,신월동,29-7,11470-275,행복한세상,,83.42,3,2004,34600,2020-03-30,,,,,,
양천구,11470,10200,목동,558-7,11470-4303,ParkPalaceII,,74.56,2,2008,44000,2020-03-14,,,,,,
양천구,11470,10300,신월동,1078,11470-5630,목동센트럴아이파크위브4단지,,59.68,15,2020,84790,2020-03-21,O,20.10.15,,,,
양천구,11470,10300,신월동,1025,11470-330,탑건진선미,,83.41,7,2004,42900,2020-03-21,,,,,,
양천구,11470,10100,신정동,1277,11470-140,신트리4,,49.08,4,2000,44400,2020-03-14,,,,,,
양천구,11470,10200,목동,928,11470-2,건영,,84.33,3,1994,49400,2020-03-11,,,,,,
양천구,11470,10100,신정동,1324,11470-5318,신정숲속마을,,74.97,15,2016,59500,2020-03-21,,,,,,
양천구,11470,10200,목동,901,11470-17,목동신시가지1,,65.34,1,1985,126000,2020-03-12,,,,,,
양천구,11470,10100,신정동,872-6,11470-168,팰리스필,,80.11,11,2002,50000,2020-03-23,,,,,,
양천구,11470,10100,신정동,337,11470-126,목동우성2,,84.96,16,2000,85800,2020-03-17,,,,,,
양천구,11470,10200,목동,715-3,11470-4894,동구햇살아파트2차,,61.91,7,2013,41000,2020-03-14,,,,,,
양천구,11470,10300,신월동,222-7,11470-89,신월성원,,59.94,15,1996,26000,2020-03-11,,,,,,
양천구,11470,10200,목동,902,11470-18,목동신시가지2,,97.92,1,1986,164000,2020-03-09,,,,,,
양천구,11470,10300,신월동,987-1,11470-83,신월시영,,50.67,2,1988,52500,2020-03-20,,,,,,
양천구,11470,10300,신월동,1029,11470-332,신도신월1차,,84.85,1,2004,52500,2020-03-23,,,,,,
양천구,11470,10300,신월동,1039,11470-345,신월2차보람쉬움,,59.43,13,2005,39500,2020-03-25,,,,,,
양천구,11470,10300,신월동,341-1,11470-67,길훈,,49.77,1,1987,30500,2020-03-19,,,,,,
양천구,11470,10200,목동,940,11470-190,현대I-PARK,,102.21,6,2003,126000,2020-03-19,,,,,,
양천구,11470,10200,목동,949,11470-270,웨스트빌,,78.146,10,2004,54700,2020-03-19,,,,,,
양천구,11470,10100,신정동,1295,11470-172,목동2삼성래미안,,59.92,13,2001,79000,2020-03-14,,,,,,
양천구,11470,10300,신월동,197-2,11470-4382,코아루1단지,,84.95,2,2009,38500,2020-03-22,,,,,,
양천구,11470,10200,목동,925,11470-23,목동신시가지7,,66.6,1,1986,148000,2020-03-10,,,,,,
양천구,11470,10200,목동,904,11470-20,목동신시가지4,,95.67,4,1986,168500,2020-03-10,,,,,,
양천구,11470,10300,신월동,1063,11470-4993,롯데캐슬,,59.948,18,2014,80000,2020-03-14,,,,,,
양천구,11470,10200,목동,755-1,11470-13,목4현대,,84.99,11,1997,76500,2020-03-07,,,,,,
양천구,11470,10100,신정동,329,11470-123,목동신시가지14,,108.28,4,1987,156000,2020-03-11,,,,,,
양천구,11470,10300,신월동,1007-4,11470-328,삼혜아트빌,,84.42,10,2001,35000,2020-03-30,,,,,,
양천구,11470,10300,신월동,987-1,11470-83,신월시영,,43.2,7,1988,35000,2020-03-24,,,,,,
양천구,11470,10100,신정동,337,11470-126,목동우성2,,84.96,13,2000,86000,2020-03-14,O,20.06.18,,,,
양천구,11470,10300,신월동,494-8,11470-113,제일캐슬,,59.99,10,2003,35700,2020-03-14,,,,,,
양천구,11470,10200,목동,709-2,11470-35,성원2,,59.9,8,2000,53500,2020-03-14,,,,,,
양천구,11470,10200,목동,755-2,11470-343,목동태진드림피아,,83.38,2,2004,59500,2020-03-14,,,,,,
양천구,11470,10300,신월동,125,11470-3960,신월6차보람,,59.232,8,2005,38000,2020-03-26,,,,,,
양천구,11470,10300,신월동,1069,11470-4958,동서,,76.82,6,2014,38700,2020-03-10,,,,,,
양천구,11470,10300,신월동,45-3,11470-4472,덕수펠리체(45),,59.88,10,2010,28000,2020-03-19,,,,,,
양천구,11470,10300,신월동,140-23,11470-283,은하아파트,,76.33,1,1993,22300,2020-03-30,,,,,,
양천구,11470,10100,신정동,958-12,11470-4180,지오프레저102동,,74.34,1,2007,40300,2020-03-12,,,,,,
양천구,11470,10100,신정동,733-31,11470-135,수정,,48.6,5,1987,34000,2020-03-28,,,,,,
양천구,11470,10100,신정동,337,11470-126,목동우성2,,84.96,15,2000,85000,2020-03-14,,,,,,
양천구,11470,10300,신월동,127-1,11470-63,궁전,,59.76,10,1999,24000,2020-03-09,,,,,,
양천구,11470,10300,신월동,1029,11470-332,신도신월1차,,84.85,15,2004,64300,2020-03-08,,,,,,
양천구,11470,10300,신월동,24-5,11470-3968,강국,,60.175,7,2006,26000,2020-03-11,,,,,,
양천구,11470,10300,신월동,591-1,11470-85,신안약수,,87.17,1,1985,60000,2020-03-11,,,,,,
양천구,11470,10200,목동,929,11470-46,목동청구한신아파트,,84.77,6,1997,122000,2020-03-11,,,,,,
양천구,11470,10200,목동,907-14,11470-28,벽산미라지타워,,148.22,13,1999,105000,2020-03-01,,,,,,
양천구,11470,10300,신월동,607-1,11470-72,동방,,97.38,14,1999,44300,2020-03-14,,,,,,
양천구,11470,10200,목동,761-13,11470-3,건진,,74.47,2,1994,33500,2020-03-01,O,20.06.09,,,,
양천구,11470,10100,신정동,327,11470-122,목동신시가지13,,99.26,3,1987,141000,2020-03-20,,,,,,
양천구,11470,10300,신월동,1052,11470-4125,동도센트리움,,69.17,9,2007,48500,2020-03-17,,,,,,
양천구,11470,10300,신월동,987-1,11470-83,신월시영,,50.67,12,1988,52500,2020-03-14,,,,,,
양천구,11470,10300,신월동,510-3,11470-4042,두원빌드피아(510-3),,84.74,1,2006,33000,2020-03-17,,,,,,
양천구,11470,10100,신정동,1198-23,11470-241,대성유니드1차,,59.87,9,2004,48500,2020-03-10,,,,,,
양천구,11470,10100,신정동,334,11470-142,쌍용,,84.65,9,1992,83500,2020-03-05,,,,,,
양천구,11470,10300,신월동,1055,11470-4743,신정두산위브,,107.57,8,2012,89500,2020-03-03,,,,,,
양천구,11470,10200,목동,614-8,11470-5551,목동벨로스주상복합,,66.88,9,2019,52500,2020-03-14,,,,,,
양천구,11470,10300,신월동,1048,11470-4026,양천벽산블루밍3단지,,59.99,6,2006,45500,2020-03-18,,,,,,
양천구,11470,10100,신정동,1293,11470-153,학마을1단지,,49.99,9,2000,44400,2020-03-06,,,,,,
양천구,11470,10300,신월동,1075,11470-5627,목동센트럴아이파크위브1단지,,59.88,11,2020,86000,2020-03-04,,,,,,
양천구,11470,10100,신정동,1293,11470-153,학마을1단지,,49.98,3,2000,42000,2020-03-05,,,,,,
양천구,11470,10300,신월동,987-1,11470-83,신월시영,,43.2,11,1988,46900,2020-03-06,,,,,,
양천구,11470,10300,신월동,1076,11470-5628,목동센트럴아이파크위브2단지,,59.88,7,2020,86130,2020-03-21,O,20.09.09,,,,
양천구,11470,10300,신월동,24-5,11470-3968,강국,,60.35,2,2006,26300,2020-03-02,,,,,,
양천구,11470,10300,신월동,1027,11470-4025,양천벽산블루밍2단지,,59.99,3,2006,45900,2020-03-07,,,,,,
양천구,11470,10300,신월동,1077,11470-5629,목동센트럴아이파크위브3단지,,52.85,12,2020,66000,2020-03-07,O,20.09.11,,,,
양천구,11470,10100,신정동,337,11470-126,목동우성2,,84.96,15,2000,82500,2020-03-14,O,20.06.17,,,,
양천구,11470,10100,신정동,1324,11470-5318,신정숲속마을,,74.97,4,2016,58500,2020-03-03,,,,,,
양천구,11470,10200,목동,928,11470-2,건영,,84.3,4,1994,49400,2020-03-02,,,,,,
양천구,11470,10200,목동,315-6,11470-251,힐타운,,74.05,1,2004,29000,2020-03-12,,,,,,
양천구,11470,10300,신월동,1063,11470-4993,롯데캐슬,,84.984,11,2014,90000,2020-03-07,,,,,,
양천구,11470,10300,신월동,548-1,11470-316,유림웰스빌,,75.82,10,2004,30000,2020-03-17,,,,,,
양천구,11470,10300,신월동,29-2,11470-4004,온누리,,79.68,5,2006,33800,2020-03-13,,,,,,
양천구,11470,10300,신월동,217-8,11470-100,해주,,79.86,16,2001,31500,2020-03-09,,,,,,
양천구,11470,10200,목동,929,11470-46,목동청구한신아파트,,84.76,15,1997,128000,2020-03-09,,,,,,
양천구,11470,10100,신정동,1306,11470-4015,세양청마루,,59.98,13,2006,66500,2020-03-13,,,,,,
양천구,11470,10100,신정동,1259,11470-138,신트리1,,49.8,10,1999,53500,2020-03-14,,,,,,
양천구,11470,10100,신정동,1295,11470-172,목동2삼성래미안,,59.92,15,2001,80700,2020-03-17,,,,,,
양천구,11470,10200,목동,949,11470-270,웨스트빌,,59.268,10,2004,45400,2020-03-11,,,,,,
양천구,11470,10100,신정동,872-6,11470-168,팰리스필,,80.11,7,2002,50000,2020-03-03,,,,,,
양천구,11470,10300,신월동,987-1,11470-83,신월시영,,43.2,3,1988,45000,2020-03-06,,,,,,
양천구,11470,10300,신월동,18-17,11470-112,수명산태승훼미리,,84.4,7,2002,46000,2020-03-03,,,,,,
양천구,11470,10200,목동,901,11470-17,목동신시가지1,,125.44,3,1985,196000,2020-03-10,,,,,,
양천구,11470,10200,목동,709-2,11470-35,성원2,,77.17,17,2000,61500,2020-03-10,,,,,,
양천구,11470,10100,신정동,339,11470-149,파인빌,,59.728,5,2001,58500,2020-03-07,,,,,,
양천구,11470,10100,신정동,339,11470-149,파인빌,,59.6405,7,2001,59000,2020-03-02,,,,,,
양천구,11470,10300,신월동,1063,11470-4993,롯데캐슬,,84.966,13,2014,89900,2020-03-07,,,,,,
양천구,11470,10300,신월동,1022,11470-200,벽산블루밍1단지,,59.9465,5,2003,56700,2020-03-07,,,,,,
양천구,11470,10100,신정동,1273,11470-137,신정현대5,,114.24,8,1999,88400,2020-03-13,,,,,,
양천구,11470,10100,신정동,1295,11470-172,목동2삼성래미안,,84.65,5,2001,93800,2020-03-03,,,,,,
양천구,11470,10300,신월동,1041,11470-3945,삼정그린뷰,,74.36,3,2005,47500,2020-03-07,,,,,,
양천구,11470,10300,신월동,410-10,11470-4437,누리애,,57.72,9,2010,27000,2020-03-07,,,,,,
양천구,11470,10200,목동,729-18,11470-179,목동휘버스II,,84.79,7,2004,52000,2020-03-13,,,,,,
양천구,11470,10300,신월동,987-1,11470-83,신월시영,,43.2,3,1988,46000,2020-03-04,,,,,,
양천구,11470,10100,신정동,1279,11470-128,목동현대3차,,84.77,13,1997,110000,2020-03-12,O,20.03.25,,,,
양천구,11470,10200,목동,774-10,11470-268,애드웰(774-10),,73.41,7,2004,53800,2020-03-02,,,,,,
양천구,11470,10100,신정동,1277,11470-140,신트리4,,48.96,5,2000,49500,2020-03-07,,,,,,
양천구,11470,10200,목동,750-5,11470-42,월드메르디앙,,58.159,15,2001,41000,2020-03-01,,,,,,
양천구,11470,10100,신정동,1276,11470-139,신트리3,,84.25,4,2000,78500,2020-03-09,,,,,,
양천구,11470,10300,신월동,547-1,11470-109,명산그린빌,,81.51,13,2002,29250,2020-03-14,,,,,,
양천구,11470,10100,신정동,1281,11470-150,푸른마을2,,59.99,12,2001,47500,2020-03-07,,,,,,
양천구,11470,10300,신월동,446-2,11470-95,청솔,,78.63,5,2001,32500,2020-03-07,,,,,,
양천구,11470,10300,신월동,559-5,11470-77,삼동5,,76.11,1,1997,31800,2020-03-03,,,,,,
양천구,11470,10300,신월동,591-1,11470-85,신안약수,,68,5,1985,53000,2020-03-03,,,,,,
양천구,11470,10300,신월동,591-1,11470-85,신안약수,,87.17,6,1985,60000,2020-03-03,,,,,,
양천구,11470,10300,신월동,1039,11470-345,신월2차보람쉬움,,82.51,3,2005,45800,2020-03-11,,,,,,
양천구,11470,10300,신월동,1039,11470-345,신월2차보람쉬움,,59.43,5,2005,40000,2020-03-11,,,,,,
양천구,11470,10300,신월동,494-8,11470-113,제일캐슬,,59.99,2,2003,38500,2020-03-07,,,,,,
양천구,11470,10300,신월동,1044,11470-4002,정은스카이빌(1044),,84.84,9,2006,45900,2020-03-10,,,,,,
양천구,11470,10200,목동,901,11470-17,목동신시가지1,,125.44,3,1985,196000,2020-03-10,O,20.03.19,,,,
양천구,11470,10300,신월동,514-3,11470-101,해태,,59.91,3,1999,29500,2020-03-07,,,,,,
양천구,11470,10100,신정동,1276,11470-139,신트리3,,84.8,7,2000,79500,2020-03-07,,,,,,
양천구,11470,10100,신정동,1259,11470-138,신트리1,,49.8,12,1999,54400,2020-03-07,,,,,,
양천구,11470,10100,신정동,311,11470-119,목동신시가지10,,70.2,10,1987,132500,2020-03-11,,,,,,
양천구,11470,10200,목동,926-8,11470-34,목동성원(926-8),,58.05,9,1997,91000,2020-03-03,,,,,,
양천구,11470,10200,목동,709-2,11470-35,성원2,,59.9,5,2000,45000,2020-03-05,,,,,,
양천구,11470,10200,목동,739-1,11470-4046,목동보미리즌빌,,84.54,3,2006,51000,2020-03-06,,,,,,
양천구,11470,10300,신월동,429-1,11470-80,성우,,59.97,3,1998,30400,2020-03-09,,,,,,
양천구,11470,10300,신월동,987-1,11470-83,신월시영,,50.67,4,1988,55400,2020-03-03,,,,,,
양천구,11470,10100,신정동,325,11470-120,목동신시가지11,,51.48,11,1988,87000,2020-03-07,,,,,,
양천구,11470,10200,목동,911,11470-22,목동신시가지6,,115.19,3,1986,200000,2020-03-07,,,,,,
양천구,11470,10300,신월동,987-1,11470-83,신월시영,,43.2,5,1988,47900,2020-03-02,,,,,,
양천구,11470,10300,신월동,1039,11470-345,신월2차보람쉬움,,82.51,2,2005,45500,2020-03-05,,,,,,
양천구,11470,10300,신월동,125,11470-3960,신월6차보람,,59.232,4,2005,37000,2020-03-05,,,,,,
양천구,11470,10200,목동,911,11470-22,목동신시가지6,,115.19,9,1986,203000,2020-03-04,,,,,,
양천구,11470,10200,목동,713-5,11470-174,상진지오벨리,,84.8,4,2004,45500,2020-03-04,,,,,,
양천구,11470,10300,신월동,491-1,11470-87,신월대림,,84.99,13,2001,53500,2020-03-05,,,,,,
양천구,11470,10300,신월동,1049,11470-4186,장수마을2단지동원데쟈뷰,,59.71,7,2007,49800,2020-03-06,,,,,,
양천구,11470,10100,신정동,326,11470-121,목동신시가지12,,71.64,11,1988,121500,2020-03-09,,,,,,
양천구,11470,10300,신월동,538-6,11470-66,길성,,78.86,3,2000,33000,2020-03-07,,,,,,
양천구,11470,10100,신정동,1322,11470-4576,이펜하우스2단지,,84.51,4,2011,59500,2020-03-05,,,,,,
양천구,11470,10200,목동,925,11470-23,목동신시가지7,,53.88,6,1986,122000,2020-03-08,,,,,,
양천구,11470,10100,신정동,1283,11470-151,푸른마을3,,59.99,2,2001,43000,2020-03-06,,,,,,
양천구,11470,10300,신월동,45-3,11470-4472,덕수펠리체(45),,59.88,5,2010,27450,2020-03-06,,,,,,
양천구,11470,10300,신월동,418-4,11470-286,탑건위너빌,,74.75,7,2002,32000,2020-03-02,,,,,,
양천구,11470,10200,목동,907-23,11470-61,현대파크빌(907-23),,150.09,10,2003,100000,2020-03-05,,,,,,
양천구,11470,10300,신월동,987-1,11470-83,신월시영,,50.67,2,1988,49300,2020-03-04,,,,,,
양천구,11470,10300,신월동,475,11470-79,서울가든,,86.4,7,1985,49000,2020-03-02,,,,,,
양천구,11470,10100,신정동,1316,11470-4600,이펜하우스3단지,,84.51,10,2011,64700,2020-03-02,,,,,,
양천구,11470,10100,신정동,1317,11470-4601,이펜하우스4단지,,59.93,4,2011,44200,2020-03-01,,,,,,
강서구,11500,10300,화곡동,361-1,11500-76,대림e편한세상,,110.26,10,1992,60500,2020-03-23,,,,,,
강서구,11500,10100,염창동,248-3,11500-15,삼성하나로,,84.78,12,1994,65500,2020-03-17,,,,,,
강서구,11500,10300,화곡동,1091,11500-120,화곡푸르지오,,125.021,11,2002,92500,2020-03-02,,,,,,
강서구,11500,10200,등촌동,701,11500-58,"진로,미주아파트",,84.96,1,1994,67000,2020-03-07,,,,,,
강서구,11500,10900,방화동,619-7,11500-6675,AirPalace(619-7),,14.5,8,2013,10500,2020-03-09,,,,,,
강서구,11500,10900,방화동,619-7,11500-6675,AirPalace(619-7),,14.5,3,2013,10500,2020-03-09,,,,,,
강서구,11500,10900,방화동,619-7,11500-6675,AirPalace(619-7),,14.1,3,2013,9900,2020-03-09,,,,,,
강서구,11500,10400,가양동,1495,11500-156,한보구암마을,,59.85,16,1999,58500,2020-03-30,,,,,,
강서구,11500,10300,화곡동,916-7,11500-331,천우(916-7),,58.87,2,2002,32500,2020-03-28,,,,,,
강서구,11500,10500,마곡동,1181,11500-213,마곡청구아파트,,59.91,13,1998,52700,2020-03-31,,,,,,
강서구,11500,10200,등촌동,715,11500-263,등촌동아이파크,,84.9958,17,2004,87000,2020-03-28,,,,,,
강서구,11500,10400,가양동,1460,11500-155,한강타운,,84.99,7,1993,78000,2020-03-26,,,,,,
강서구,11500,10900,방화동,852,11500-192,마곡중앙하이츠아파트,,51.03,13,1994,41000,2020-03-26,,,,,,
강서구,11500,10100,염창동,248-3,11500-15,삼성하나로,,59.26,12,1994,49000,2020-03-23,,,,,,
강서구,11500,10500,마곡동,750,11500-6868,마곡엠벨리(14단지),,84.95,15,2014,110000,2020-03-28,,,,,,
강서구,11500,10900,방화동,319-9,11500-4789,태청,,93.89,3,2002,37500,2020-03-26,,,,,,
강서구,11500,10900,방화동,852,11500-192,마곡중앙하이츠아파트,,51.03,11,1994,39500,2020-03-28,,,,,,
강서구,11500,10500,마곡동,748,11500-7596,마곡13단지힐스테이트마스터,,84.9805,6,2017,111000,2020-03-23,,,,,,
강서구,11500,10100,염창동,291,11500-30,현대3,,59.92,14,1996,59000,2020-03-27,,,,,,
강서구,11500,10200,등촌동,714,11500-232,코오롱하늘채,,84.96,9,2003,68000,2020-03-30,,,,,,
강서구,11500,10300,화곡동,1139,11500-103,초록,,59.34,2,1998,53000,2020-03-28,,,,,,
강서구,11500,10800,공항동,14-10,11500-183,스카이,,50.34,4,2000,28000,2020-03-21,,,,,,
강서구,11500,10100,염창동,288,11500-28,현대1,,84.34,12,1994,71500,2020-03-28,,,,,,
강서구,11500,10300,화곡동,914-3,11500-96,일성스카이빌,,76.32,3,2001,31900,2020-03-29,,,,,,
강서구,11500,10300,화곡동,914-3,11500-96,일성스카이빌,,116.32,12,2001,40000,2020-03-26,,,,,,
강서구,11500,10200,등촌동,694,11500-35,대림,,123.72,2,1995,80000,2020-03-24,,,,,,
강서구,11500,10100,염창동,66-9,11500-495,염창동한강우성,,84.7,9,1990,67800,2020-03-28,,,,,,
강서구,11500,10600,내발산동,741,11500-5326,마곡수명산파크2단지,,84.75,12,2007,88000,2020-03-20,,,,,,
강서구,11500,10400,가양동,1461,11500-151,가양2단지(성지),,49.56,15,1992,58900,2020-03-28,,,,,,
강서구,11500,10300,화곡동,361-1,11500-76,대림e편한세상,,110.26,10,1992,60500,2020-03-23,O,20.06.29,,,,
강서구,11500,10300,화곡동,1153,11500-382,호용그린피아,,59.19,6,2005,37500,2020-03-24,,,,,,
강서구,11500,10300,화곡동,1139,11500-103,초록,,49.77,9,1998,48500,2020-03-28,,,,,,
강서구,11500,10300,화곡동,1140,11500-105,태영방송인,,84.93,1,2000,37000,2020-03-25,,,,,,
강서구,11500,10200,등촌동,714,11500-232,코오롱하늘채,,84.96,11,2003,66000,2020-03-24,,,,,,
강서구,11500,10900,방화동,804,11500-210,방화동진로아파트,,84.87,3,1994,51000,2020-03-16,,,,,,
강서구,11500,10400,가양동,1461,11500-151,가양2단지(성지),,34.44,11,1992,42000,2020-03-17,,,,,,
강서구,11500,10300,화곡동,401-25,11500-244,천우(401-25),,78.8,7,2003,34600,2020-03-21,,,,,,
강서구,11500,10900,방화동,793,11500-217,현대,,59.89,6,1993,51000,2020-03-20,,,,,,
강서구,11500,10100,염창동,248-3,11500-15,삼성하나로,,84.78,12,1994,65500,2020-03-17,O,20.06.04,,,,
강서구,11500,10300,화곡동,1159,11500-5419,"우장산아이파크,이편한세상",,84.97,4,2008,96500,2020-03-14,,,,,,
강서구,11500,10600,내발산동,749,11500-5547,마곡수명산파크5단지,,59.76,4,2008,65500,2020-03-28,,,,,,
강서구,11500,10400,가양동,1475,11500-146,강변,,49.5,11,1992,64000,2020-03-18,,,,,,
강서구,11500,10100,염창동,288,11500-28,현대1,,84.84,4,1994,64600,2020-03-23,,,,,,
강서구,11500,10300,화곡동,1139,11500-103,초록,,59.34,6,1998,53500,2020-03-31,,,,,,
강서구,11500,10300,화곡동,1074-18,11500-119,서부인터빌아파트,,83.4225,9,2002,40900,2020-03-25,,,,,,
강서구,11500,10900,방화동,839,11500-193,방화그린,,33.6,6,1993,27000,2020-03-16,,,,,,
강서구,11500,10200,등촌동,695,11500-56,주공5,,37.67,11,1995,46800,2020-03-15,,,,,,
강서구,11500,10300,화곡동,1165,11500-6919,강서힐스테이트,,128.81,9,2015,121500,2020-03-20,,,,,,
강서구,11500,10100,염창동,246-23,11500-518,극동,,59.9,1,2000,53500,2020-03-21,,,,,,
강서구,11500,10300,화곡동,894-9,11500-6647,은하센트리움,,30.84,9,2013,19700,2020-03-18,,,,,,
강서구,11500,10200,등촌동,714,11500-232,코오롱하늘채,,59.95,1,2003,50000,2020-03-20,,,,,,
강서구,11500,10900,방화동,832,11500-196,청솔,,59.04,10,1994,47750,2020-03-24,,,,,,
강서구,11500,10300,화곡동,1159,11500-5419,"우장산아이파크,이편한세상",,84.97,11,2008,106000,2020-03-28,,,,,,
강서구,11500,10300,화곡동,926-5,11500-6746,한양아이클래스,,13.79,10,2013,7800,2020-03-23,,,,,,
강서구,11500,10900,방화동,874,11500-238,대림e-편한세상,,84.67,9,2003,64800,2020-03-21,,,,,,
강서구,11500,10900,방화동,839,11500-193,방화그린,,39.76,13,1993,30950,2020-03-18,,,,,,
강서구,11500,10300,화곡동,1151,11500-350,우장산한화꿈에그린,,120.11,12,2004,78000,2020-03-23,,,,,,
강서구,11500,10100,염창동,288,11500-28,현대1,,84.34,3,1994,63000,2020-03-26,,,,,,
강서구,11500,10300,화곡동,1153,11500-382,호용그린피아,,59.19,8,2005,38000,2020-03-21,,,,,,
강서구,11500,10900,방화동,839,11500-193,방화그린,,39.76,4,1993,30200,2020-03-27,,,,,,
강서구,11500,10100,염창동,258-1,11500-7,동아3,,59.83,19,1999,72300,2020-03-20,,,,,,
강서구,11500,10500,마곡동,1513,11500-5270,마곡경남아너스빌,,59.91,7,2007,59900,2020-03-12,,,,,,
강서구,11500,10900,방화동,852,11500-192,마곡중앙하이츠아파트,,59.34,5,1994,43000,2020-03-16,,,,,,
강서구,11500,10300,화곡동,1065-4,11500-7976,한울에이치밸리움A동,,22.81,3,2019,25600,2020-03-11,,,,,,
강서구,11500,10900,방화동,817,11500-194,동성,,76.8,5,1993,62900,2020-03-23,,,,,,
강서구,11500,10900,방화동,817,11500-194,동성,,64.65,7,1993,54000,2020-03-31,,,,,,
강서구,11500,10400,가양동,1495,11500-156,한보구암마을,,59.58,10,1999,58500,2020-03-18,,,,,,
강서구,11500,10300,화곡동,1065-4,11500-7976,한울에이치밸리움A동,,22.81,6,2019,26500,2020-03-11,,,,,,
강서구,11500,10300,화곡동,1065-4,11500-7976,한울에이치밸리움A동,,22.81,4,2019,26000,2020-03-11,,,,,,
강서구,11500,10300,화곡동,1065-4,11500-7976,한울에이치밸리움A동,,22.81,3,2019,25500,2020-03-12,,,,,,
강서구,11500,10300,화곡동,1065-4,11500-7976,한울에이치밸리움A동,,22.81,2,2019,25300,2020-03-12,,,,,,
강서구,11500,10300,화곡동,1065-4,11500-7976,한울에이치밸리움A동,,22.81,5,2019,26000,2020-03-11,,,,,,
강서구,11500,10300,화곡동,1065-2,11500-7975,한울에이치밸리움B동,,22.81,3,2019,25600,2020-03-11,,,,,,
강서구,11500,10300,화곡동,1065-2,11500-7975,한울에이치밸리움B동,,22.81,6,2019,26500,2020-03-11,O,20.05.15,,,,
강서구,11500,10300,화곡동,1065-2,11500-7975,한울에이치밸리움B동,,22.81,5,2019,26300,2020-03-11,,,,,,
강서구,11500,10300,화곡동,1065-2,11500-7975,한울에이치밸리움B동,,22.81,4,2019,26000,2020-03-11,,,,,,
강서구,11500,10300,화곡동,1065-2,11500-7975,한울에이치밸리움B동,,22.81,2,2019,25300,2020-03-11,,,,,,
강서구,11500,10500,마곡동,1565,11500-191,길훈,,65.88,6,1989,58000,2020-03-28,,,,,,
강서구,11500,10600,내발산동,675-9,11500-480,청솔샤르망1002동,,84.3147,5,2005,57500,2020-03-09,,,,,,
강서구,11500,10300,화곡동,1145,11500-242,우장산롯데캐슬,,177.86,1,2003,95000,2020-03-20,O,20.04.20,,,,
강서구,11500,10500,마곡동,740,11500-6908,마곡엠밸리5단지,,114.86,11,2014,132500,2020-03-16,,,,,,
강서구,11500,10300,화곡동,343-75,11500-92,우성(343-75),,89.85,2,2000,40000,2020-03-28,,,,,,
강서구,11500,10900,방화동,881,11500-380,보람,,84.96,7,2004,60000,2020-03-16,,,,,,
강서구,11500,10100,염창동,270-1,11500-25,태영,,84.93,4,1999,75500,2020-03-14,,,,,,
강서구,11500,10300,화곡동,1018-32,11500-5172,수산동우,,51.15,7,2005,19500,2020-03-12,,,,,,
강서구,11500,10900,방화동,804,11500-210,방화동진로아파트,,84.96,4,1994,54700,2020-03-13,,,,,,
강서구,11500,10900,방화동,814,11500-197,방화5,,39.6,13,1994,36000,2020-03-16,,,,,,
강서구,11500,10300,화곡동,1071-19,11500-6652,강서뉴타워,,84.03,14,2013,51000,2020-03-21,,,,,,
강서구,11500,10600,내발산동,756,11500-5741,마곡수명산파크7단지,,84.53,2,2008,63300,2020-03-27,,,,,,
강서구,11500,10900,방화동,839,11500-193,방화그린,,39.76,8,1993,31100,2020-03-26,,,,,,
강서구,11500,10300,화곡동,1158,11500-5251,우장산에스케이뷰,,84.98,2,2006,69000,2020-03-20,,,,,,
강서구,11500,10900,방화동,817,11500-194,동성,,64.65,2,1993,52000,2020-03-25,,,,,,
강서구,11500,10300,화곡동,1149,11500-348,화곡보람,,84.94,2,2004,56000,2020-03-24,,,,,,
강서구,11500,10300,화곡동,351-89,11500-101,중앙화곡하이츠,,56.88,12,1988,33800,2020-03-18,,,,,,
강서구,11500,10600,내발산동,753,11500-5437,마곡수명산파크4단지,,59.84,3,2008,64000,2020-03-18,,,,,,
강서구,11500,10300,화곡동,955-9,11500-246,근상프리즘(955-9),,87.04,6,2003,37000,2020-03-26,,,,,,
강서구,11500,10100,염창동,293,11500-27,한강동아,,114.78,12,1998,89990,2020-03-31,,,,,,
강서구,11500,10900,방화동,875,11500-233,방화동동부센트레빌(875번지),,84.97,6,2003,65000,2020-03-07,,,,,,
강서구,11500,10900,방화동,793,11500-217,현대,,84.99,3,1993,54000,2020-03-18,,,,,,
강서구,11500,10200,등촌동,715,11500-263,등촌동아이파크,,134.9883,8,2004,105000,2020-03-04,,,,,,
강서구,11500,10900,방화동,875,11500-233,방화동동부센트레빌(875번지),,84.97,7,2003,71500,2020-03-14,,,,,,
강서구,11500,10100,염창동,292,11500-6,동아,,59.97,10,1998,60000,2020-03-11,,,,,,
강서구,11500,10300,화곡동,914-3,11500-96,일성스카이빌,,72.6,11,2001,33200,2020-03-25,,,,,,
강서구,11500,10200,등촌동,695,11500-56,주공5,,58.14,2,1995,60000,2020-03-10,,,,,,
강서구,11500,10900,방화동,841,11500-209,장미,,59.04,2,1994,40300,2020-03-16,,,,,,
강서구,11500,10100,염창동,296,11500-270,태진드림피아,,79.825,2,2003,61500,2020-03-11,O,20.07.10,,,,
강서구,11500,10400,가양동,1485,11500-149,가양6단지,,49.5,10,1992,65800,2020-03-09,,,,,,
강서구,11500,10600,내발산동,753,11500-5437,마곡수명산파크4단지,,59.84,10,2008,66200,2020-03-02,,,,,,
강서구,11500,10900,방화동,814,11500-197,방화5,,39.6,7,1994,39500,2020-03-21,,,,,,
강서구,11500,10200,등촌동,646-29,11500-6338,계명위너스,,29.69,2,2011,20000,2020-03-31,,,,,,
강서구,11500,10300,화곡동,1139,11500-103,초록,,59.34,4,1998,57400,2020-03-01,,,,,,
강서구,11500,10400,가양동,1467,11500-154,중앙하이츠,,119.85,5,1999,79500,2020-03-14,,,,,,
강서구,11500,10500,마곡동,748,11500-7596,마곡13단지힐스테이트마스터,,59.9825,2,2017,90000,2020-03-21,,,,,,
강서구,11500,10600,내발산동,731,11500-260,신세계3차101동,,84.873,9,2003,59000,2020-03-06,,,,,,
강서구,11500,10200,등촌동,655-46,11500-63,등촌동현대2차,,59.97,11,1997,51000,2020-03-10,,,,,,
강서구,11500,10400,가양동,1461,11500-151,가양2단지(성지),,34.44,1,1992,37900,2020-03-05,,,,,,
강서구,11500,10100,염창동,240-1,11500-5966,강변월드메르디앙,,84.9102,4,2010,89990,2020-03-14,,,,,,
강서구,11500,10100,염창동,280,11500-2,극동상록수,,59.91,18,1999,65000,2020-03-06,,,,,,
강서구,11500,10500,마곡동,1589,11500-7244,마곡힐스테이트,,84.89,6,2017,119500,2020-03-14,,,,,,
강서구,11500,10300,화곡동,361-1,11500-76,대림e편한세상,,84.84,10,1992,52500,2020-03-02,,,,,,
강서구,11500,10900,방화동,819,11500-186,개화,,133.98,7,1994,72500,2020-03-04,,,,,,
강서구,11500,10900,방화동,814,11500-197,방화5,,33.18,9,1994,33000,2020-03-10,,,,,,
강서구,11500,10400,가양동,448-1,11500-143,가양강나루현대,,59.76,9,1999,67700,2020-03-07,,,,,,
강서구,11500,10300,화곡동,1165,11500-6919,강서힐스테이트,,59.99,10,2015,90000,2020-03-20,,,,,,
강서구,11500,10400,가양동,14-3,11500-144,가양우성,,84.85,5,1990,75000,2020-03-23,O,20.04.28,,,,
강서구,11500,10300,화곡동,1159,11500-5419,"우장산아이파크,이편한세상",,84.97,6,2008,104000,2020-03-11,,,,,,
강서구,11500,10300,화곡동,1159,11500-5419,"우장산아이파크,이편한세상",,114.98,7,2008,115000,2020-03-16,,,,,,
강서구,11500,10900,방화동,647-20,11500-377,신라힐,,66.98,7,2001,32500,2020-03-04,,,,,,
강서구,11500,10100,염창동,258-1,11500-7,동아3,,59.7,22,1999,68000,2020-03-21,,,,,,
강서구,11500,10500,마곡동,1577,11500-189,마곡나루경남아파트,,84.29,8,1991,72000,2020-03-19,,,,,,
강서구,11500,10300,화곡동,1145,11500-242,우장산롯데캐슬,,117.19,2,2003,88900,2020-03-07,,,,,,
강서구,11500,10300,화곡동,1145,11500-242,우장산롯데캐슬,,85,4,2003,84500,2020-03-02,,,,,,
강서구,11500,10400,가양동,1467,11500-154,중앙하이츠,,119.85,4,1999,79000,2020-03-02,,,,,,
강서구,11500,10300,화곡동,1145,11500-242,우장산롯데캐슬,,85,16,2003,87000,2020-03-04,,,,,,
강서구,11500,10100,염창동,289,11500-21,신동아,,59.82,10,1995,50700,2020-03-26,,,,,,
강서구,11500,10400,가양동,448-1,11500-143,가양강나루현대,,84.98,19,1999,81000,2020-03-04,,,,,,
강서구,11500,10300,화곡동,899-4,11500-7666,동양하우징(899-4),,28.25,6,2017,25000,2020-03-25,,,,,,
강서구,11500,10200,등촌동,711,11500-69,월드메르디앙,,59.79,13,2002,61500,2020-03-14,,,,,,
강서구,11500,10200,등촌동,711,11500-69,월드메르디앙,,59.79,8,2002,59500,2020-03-10,,,,,,
강서구,11500,10600,내발산동,753,11500-5437,마곡수명산파크4단지,,59.84,13,2008,65500,2020-03-09,,,,,,
강서구,11500,10300,화곡동,1165,11500-6919,강서힐스테이트,,84.99,17,2015,112000,2020-03-18,,,,,,
강서구,11500,10900,방화동,852,11500-192,마곡중앙하이츠아파트,,51.03,13,1994,41000,2020-03-25,,,,,,
강서구,11500,10900,방화동,852,11500-192,마곡중앙하이츠아파트,,59.34,9,1994,46000,2020-03-14,,,,,,
강서구,11500,10600,내발산동,742,11500-5371,마곡수명산파크1단지,,84.82,5,2007,84200,2020-03-18,,,,,,
강서구,11500,10600,내발산동,759,11500-5364,마곡수명산파크6단지,,84.68,6,2007,73000,2020-03-07,,,,,,
강서구,11500,10900,방화동,839,11500-193,방화그린,,39.76,13,1993,30500,2020-03-21,,,,,,
강서구,11500,10900,방화동,875,11500-233,방화동동부센트레빌(875번지),,114.99,10,2003,76500,2020-03-18,,,,,,
강서구,11500,10200,등촌동,631-9,11500-34,대동황토방,,84.95,1,2000,65000,2020-03-08,,,,,,
강서구,11500,10900,방화동,286-1,11500-214,한미(286-1),,40.02,5,1988,32900,2020-03-13,,,,,,
강서구,11500,10100,염창동,255,11500-13,무학,,59.38,12,1999,60600,2020-03-07,,,,,,
강서구,11500,10100,염창동,289,11500-21,신동아,,59.82,12,1995,50000,2020-03-14,,,,,,
강서구,11500,10300,화곡동,105-500,11500-239,까치산(101동),,86.49,6,2003,37000,2020-03-21,,,,,,
강서구,11500,10200,등촌동,694,11500-35,대림,,89.975,10,1995,81500,2020-03-16,,,,,,
강서구,11500,10200,등촌동,714,11500-232,코오롱하늘채,,84.96,7,2003,67000,2020-03-25,,,,,,
강서구,11500,10100,염창동,280,11500-2,극동상록수,,84.96,10,1999,78000,2020-03-05,,,,,,
강서구,11500,10100,염창동,258-1,11500-7,동아3,,59.7,14,1999,66800,2020-03-13,,,,,,
강서구,11500,10100,염창동,271-4,11500-5181,염창2차보람,,84.97,13,2005,79700,2020-03-11,,,,,,
강서구,11500,10200,등촌동,714,11500-232,코오롱하늘채,,84.96,1,2003,61900,2020-03-06,,,,,,
강서구,11500,10300,화곡동,1154,11500-475,화곡6차보람쉬움,,84.98,5,2005,52500,2020-03-14,,,,,,
강서구,11500,10900,방화동,841,11500-209,장미,,39.96,6,1994,32400,2020-03-11,,,,,,
강서구,11500,10100,염창동,291,11500-30,현대3,,83.71,6,1996,65000,2020-03-14,,,,,,
강서구,11500,10400,가양동,1461,11500-151,가양2단지(성지),,39.6,7,1992,48000,2020-03-11,,,,,,
강서구,11500,10100,염창동,299,11500-466,강변힐스테이트,,84.99,10,2005,91800,2020-03-06,,,,,,
강서구,11500,10400,가양동,1496,11500-353,일신건영휴먼빌,,59.984,2,2004,60000,2020-03-12,,,,,,
강서구,11500,10300,화곡동,143-6,11500-7276,성재센트리움아파트,,20.3,7,2016,16000,2020-03-24,,,,,,
강서구,11500,10300,화곡동,1165,11500-6919,강서힐스테이트,,59.99,17,2015,87300,2020-03-14,,,,,,
강서구,11500,10200,등촌동,714,11500-232,코오롱하늘채,,59.95,14,2003,57000,2020-03-03,,,,,,
강서구,11500,10600,내발산동,756,11500-5741,마곡수명산파크7단지,,84.68,4,2008,68000,2020-03-19,,,,,,
강서구,11500,10300,화곡동,925-5,11500-6509,풍원팰리스,,43.8,10,2012,25500,2020-03-17,,,,,,
강서구,11500,10200,등촌동,628-15,11500-39,등촌라인(조합),,59.91,3,1997,56000,2020-03-16,,,,,,
강서구,11500,10300,화곡동,915-30,11500-5846,임탑-A,,48.79,5,2009,22500,2020-03-24,,,,,,
강서구,11500,10300,화곡동,911-12,11500-276,화곡동성재,,76.66,5,2004,25500,2020-03-23,,,,,,
강서구,11500,10300,화곡동,980-21,11500-5131,강서아이파크,,82.088,5,2005,43000,2020-03-11,,,,,,
강서구,11500,10300,화곡동,1161,11500-6622,강서동도센트리움,,14.677,8,2012,9600,2020-03-18,,,,,,
강서구,11500,10300,화곡동,1161,11500-6622,강서동도센트리움,,14.677,8,2012,9600,2020-03-18,,,,,,
강서구,11500,10200,등촌동,365-201,11500-228,등마루,,73.4,2,2003,34000,2020-03-20,,,,,,
강서구,11500,10300,화곡동,1091,11500-120,화곡푸르지오,,125.021,11,2002,92500,2020-03-09,O,20.06.04,,,,
강서구,11500,10300,화곡동,1091,11500-120,화곡푸르지오,,144.123,6,2002,103000,2020-03-12,,,,,,
강서구,11500,10400,가양동,1461,11500-151,가양2단지(성지),,39.6,9,1992,48500,2020-03-03,,,,,,
강서구,11500,10300,화곡동,1091,11500-120,화곡푸르지오,,104.75,10,2002,86500,2020-03-10,,,,,,
강서구,11500,10300,화곡동,916-7,11500-331,천우(916-7),,60.87,6,2002,26000,2020-03-04,,,,,,
강서구,11500,10300,화곡동,1071-19,11500-6652,강서뉴타워,,78.93,15,2013,44000,2020-03-23,,,,,,
강서구,11500,10200,등촌동,695,11500-56,주공5,,58.14,8,1995,61800,2020-03-12,,,,,,
강서구,11500,10400,가양동,448-1,11500-143,가양강나루현대,,84.98,15,1999,80000,2020-03-11,,,,,,
강서구,11500,10300,화곡동,899-31,11500-7782,디아인스,,23.93,12,2018,27000,2020-03-06,,,,,,
강서구,11500,10300,화곡동,916-7,11500-331,천우(916-7),,58.87,5,2002,26000,2020-03-03,,,,,,
강서구,11500,10500,마곡동,750,11500-6868,마곡엠벨리(14단지),,84.86,10,2014,109900,2020-03-07,,,,,,
강서구,11500,10600,내발산동,749,11500-5547,마곡수명산파크5단지,,59.76,7,2008,68000,2020-03-19,,,,,,
강서구,11500,10600,내발산동,741,11500-5326,마곡수명산파크2단지,,84.68,9,2007,84000,2020-03-19,,,,,,
강서구,11500,10100,염창동,270-1,11500-25,태영,,59.97,3,1999,59500,2020-03-04,,,,,,
강서구,11500,10300,화곡동,1065-2,11500-7975,한울에이치밸리움B동,,22.81,5,2019,26300,2020-03-07,,,,,,
강서구,11500,10300,화곡동,915-6,11500-137,한백e,,57.06,5,2002,22500,2020-03-09,,,,,,
강서구,11500,10100,염창동,300,11500-5105,강변한솔솔파크,,84.97,9,2005,88000,2020-03-20,O,20.03.20,,,,
강서구,11500,10100,염창동,300,11500-5105,강변한솔솔파크,,84.97,3,2005,85000,2020-03-20,O,20.03.20,,,,
강서구,11500,10900,방화동,547-11,11500-216,한오,,47.44,5,1988,23500,2020-03-02,,,,,,
강서구,11500,10200,등촌동,641-4,11500-231,등촌동보람쉬움아파트,,84.51,4,2003,60900,2020-03-14,,,,,,
강서구,11500,10200,등촌동,707,11500-57,"등촌7,8단지주공아파트",,41.85,3,1994,46500,2020-03-13,,,,,,
강서구,11500,10400,가양동,1495,11500-156,한보구암마을,,59.58,1,1999,50800,2020-03-05,,,,,,
강서구,11500,10200,등촌동,691-1,11500-36,동성,,101.88,12,1995,82800,2020-03-10,,,,,,
강서구,11500,10900,방화동,839,11500-193,방화그린,,49.77,15,1993,36400,2020-03-02,,,,,,
강서구,11500,10100,염창동,300,11500-5105,강변한솔솔파크,,84.97,9,2005,88000,2020-03-19,O,20.03.19,,,,
강서구,11500,10600,내발산동,756,11500-5741,마곡수명산파크7단지,,84.68,7,2008,68000,2020-03-14,,,,,,
강서구,11500,10100,염창동,300,11500-5105,강변한솔솔파크,,84.97,3,2005,85000,2020-03-19,O,20.03.19,,,,
강서구,11500,10900,방화동,567-4,11500-375,삼정코아,,83.23,4,2004,44000,2020-03-04,,,,,,
강서구,11500,10200,등촌동,707,11500-57,"등촌7,8단지주공아파트",,41.85,12,1994,46500,2020-03-11,,,,,,
강서구,11500,10300,화곡동,1165,11500-6919,강서힐스테이트,,128.81,12,2015,127000,2020-03-10,,,,,,
강서구,11500,10100,염창동,246-23,11500-518,극동,,59.9,16,2000,58500,2020-03-05,,,,,,
강서구,11500,10500,마곡동,1467,11500-269,마곡우림필유아파트,,74.946,6,2003,62200,2020-03-11,,,,,,
강서구,11500,10400,가양동,1485,11500-149,가양6단지,,39.6,7,1992,49800,2020-03-14,,,,,,
강서구,11500,10200,등촌동,707,11500-57,"등촌7,8단지주공아파트",,41.85,3,1994,47900,2020-03-04,,,,,,
강서구,11500,10300,화곡동,1091,11500-120,화곡푸르지오,,103.92,12,2002,89500,2020-03-04,,,,,,
강서구,11500,10900,방화동,858,11500-202,삼성꽃마을,,84.41,12,1997,52000,2020-03-12,,,,,,
강서구,11500,10500,마곡동,741,11500-7419,마곡엠밸리8단지,,59.79,3,2016,94000,2020-03-11,,,,,,
강서구,11500,10500,마곡동,1525,11500-5552,마곡푸르지오,,84.8,10,2008,85500,2020-03-07,,,,,,
강서구,11500,10400,가양동,1459,11500-152,동신대아,,101.97,1,1993,73000,2020-03-02,,,,,,
강서구,11500,10400,가양동,1461,11500-151,가양2단지(성지),,34.44,3,1992,40000,2020-03-06,,,,,,
강서구,11500,10600,내발산동,660-1,11500-478,청솔해오름,,84.8729,1,2005,52000,2020-03-14,,,,,,
강서구,11500,10200,등촌동,630-3,11500-49,우성,,66.9,9,1992,52500,2020-03-02,,,,,,
강서구,11500,10300,화곡동,915-21,11500-127,우진,,59.75,6,2002,20000,2020-03-13,,,,,,
강서구,11500,10200,등촌동,688,11500-55,주공3,,37.67,7,1995,50000,2020-03-06,,,,,,
강서구,11500,10200,등촌동,655-27,11500-62,현대,,84.55,6,1995,59000,2020-03-09,,,,,,
강서구,11500,10200,등촌동,634-13,11500-65,심미에셈빌,,82.65,5,2003,57500,2020-03-02,,,,,,
강서구,11500,10300,화곡동,1091,11500-120,화곡푸르지오,,104.75,15,2002,85000,2020-03-07,,,,,,
강서구,11500,10300,화곡동,361-1,11500-76,대림e편한세상,,84.84,10,1992,45000,2020-03-16,,,,,,
강서구,11500,10900,방화동,839,11500-193,방화그린,,49.77,6,1993,38500,2020-03-03,,,,,,
강서구,11500,10200,등촌동,365-195,11500-37,두보아파트,,59.49,4,1991,31000,2020-03-09,,,,,,
강서구,11500,10500,마곡동,1467,11500-269,마곡우림필유아파트,,84.528,7,2003,67950,2020-03-14,,,,,,
강서구,11500,10300,화곡동,926-3,11500-7954,메종드로제,,57.3,12,2019,41500,2020-03-05,,,,,,
강서구,11500,10900,방화동,839,11500-193,방화그린,,39.76,8,1993,30500,2020-03-13,,,,,,
강서구,11500,10900,방화동,814,11500-197,방화5,,39.6,10,1994,38900,2020-03-11,,,,,,
강서구,11500,10900,방화동,814,11500-197,방화5,,39.6,5,1994,37400,2020-03-06,,,,,,
강서구,11500,10900,방화동,814,11500-197,방화5,,33.18,2,1994,30000,2020-03-12,,,,,,
강서구,11500,10100,염창동,249-11,11500-29,현대2,,59.39,7,1993,49400,2020-03-06,,,,,,
강서구,11500,10900,방화동,814,11500-197,방화5,,39.6,8,1994,38000,2020-03-09,,,,,,
강서구,11500,10900,방화동,874,11500-238,대림e-편한세상,,84.67,5,2003,61800,2020-03-03,,,,,,
강서구,11500,10200,등촌동,691-3,11500-41,부영,,80.64,11,1994,79500,2020-03-06,,,,,,
강서구,11500,10900,방화동,841,11500-209,장미,,39.96,3,1994,30500,2020-03-12,,,,,,
강서구,11500,10600,내발산동,730,11500-226,길성그랑프리텔,,84.99,8,2003,67500,2020-03-06,,,,,,
강서구,11500,10100,염창동,258-1,11500-7,동아3,,59.83,2,1999,70000,2020-03-04,,,,,,
강서구,11500,10300,화곡동,1139,11500-103,초록,,49.77,1,1998,42000,2020-03-10,,,,,,
강서구,11500,10500,마곡동,1171,11500-199,마곡현대아파트,,84.95,6,1999,59300,2020-03-02,,,,,,
강서구,11500,10500,마곡동,1589,11500-7244,마곡힐스테이트,,84.89,14,2017,123000,2020-03-05,,,,,,
강서구,11500,10100,염창동,263,11500-26,태진한솔,,84.97,8,1994,79800,2020-03-03,,,,,,
강서구,11500,10600,내발산동,657,11500-477,우장산힐스테이트,,84.98,4,2005,99800,2020-03-03,,,,,,
강서구,11500,10200,등촌동,662-3,11500-46,신송타워,,84.96,6,1997,50000,2020-03-03,,,,,,
강서구,11500,10500,마곡동,746,11500-7467,마곡엠밸리11단지,,59.79,10,2016,89800,2020-03-06,,,,,,
강서구,11500,10300,화곡동,926-5,11500-6746,한양아이클래스,,13.79,6,2013,7700,2020-03-07,O,20.03.12,,,,
강서구,11500,10600,내발산동,722-16,11500-373,태승훼미리,,83.58,5,2004,63100,2020-03-09,,,,,,
강서구,11500,10600,내발산동,749,11500-5547,마곡수명산파크5단지,,59.84,4,2008,65500,2020-03-01,,,,,,
강서구,11500,10100,염창동,240-32,11500-3,금호타운,,59.88,5,1999,65500,2020-03-04,,,,,,
강서구,11500,10500,마곡동,748,11500-7596,마곡13단지힐스테이트마스터,,59.9825,10,2017,94500,2020-03-03,,,,,,
강서구,11500,10100,염창동,300,11500-5105,강변한솔솔파크,,84.97,11,2005,76000,2020-03-04,,,,,,
강서구,11500,10300,화곡동,911-12,11500-276,화곡동성재,,71.26,6,2004,26000,2020-03-07,,,,,,
강서구,11500,10600,내발산동,688-4,11500-5728,수명산태송팰리채,,83.709,8,2008,51700,2020-03-03,,,,,,
강서구,11500,10300,화곡동,1145,11500-242,우장산롯데캐슬,,134.99,25,2003,99500,2020-03-05,,,,,,
강서구,11500,10900,방화동,817,11500-194,동성,,64.65,13,1993,54500,2020-03-07,,,,,,
강서구,11500,10600,내발산동,657,11500-477,우장산힐스테이트,,84.98,16,2005,109000,2020-03-02,O,20.04.22,,,,
강서구,11500,10300,화곡동,924-14,11500-7377,프라임주택,,49.75,10,2016,32000,2020-03-06,,,,,,
강서구,11500,10600,내발산동,756,11500-5741,마곡수명산파크7단지,,84.82,9,2008,65500,2020-03-05,,,,,,
강서구,11500,10900,방화동,839,11500-193,방화그린,,33.6,3,1993,26500,2020-03-04,O,20.03.13,,,,
강서구,11500,10100,염창동,308,11500-6884,강서쌍용예가,,84.9025,7,2014,82000,2020-03-04,,,,,,
강서구,11500,10300,화곡동,916-7,11500-331,천우(916-7),,58.87,5,2002,26000,2020-03-03,O,20.03.20,,,,
강서구,11500,10900,방화동,831,11500-195,방화4단지,,134.61,5,1994,75000,2020-03-03,,,,,,
강서구,11500,10100,염창동,298,11500-299,일신건영휴먼빌,,84.93,16,2004,82000,2020-03-01,,,,,,
구로구,11530,10600,고척동,336,11530-180,삼환로즈빌,,102.375,5,2004,77000,2020-03-07,,,,,,
구로구,11530,10600,고척동,296,11530-51,대우,,59.97,7,1999,43000,2020-03-14,,,,,,
구로구,11530,10200,구로동,314,11530-2,극동,,64,11,1984,34000,2020-03-05,,,,,,
구로구,11530,10200,구로동,1262,11530-26,월드,,84.94,1,1998,44000,2020-03-31,,,,,,
구로구,11530,10800,오류동,34-13,11530-3799,썬앤빌,,14.064,16,2014,6900,2020-03-31,,,,,,
구로구,11530,10800,오류동,342,11530-115,영풍마드레빌,,84.741,24,2002,59800,2020-03-28,,,,,,
구로구,11530,11100,천왕동,281,11530-3775,천왕연지타운2단지,,101.99,1,2014,70800,2020-03-31,,,,,,
구로구,11530,11200,항동,233,11530-193,현대홈타운스위트,,84.9852,2,2004,44300,2020-03-28,,,,,,
구로구,11530,11200,항동,233,11530-193,현대홈타운스위트,,84.9804,4,2004,45000,2020-03-28,,,,,,
구로구,11530,10800,오류동,340,11530-105,삼천리,,59.73,16,1998,42000,2020-03-26,,,,,,
구로구,11530,10200,구로동,1259,11530-1,구일우성,,84.49,17,1998,59250,2020-03-26,,,,,,
구로구,11530,10200,구로동,42,11530-148,신도림LG자이,,84.952,5,2004,79500,2020-03-24,,,,,,
구로구,11530,10700,개봉동,492,11530-3798,개봉푸르지오,,84.94,14,2014,73000,2020-03-26,,,,,,
구로구,11530,10700,개봉동,313-32,11530-667,동서아파트(313-32),,54.54,1,2000,15200,2020-03-30,,,,,,
구로구,11530,10200,구로동,256-1,11530-171,삼성래미안,,58.136,5,2004,62500,2020-03-25,,,,,,
구로구,11530,10800,오류동,342,11530-115,영풍마드레빌,,59.819,24,2002,48000,2020-03-21,,,,,,
구로구,11530,10700,개봉동,476,11530-89,한마을,,59.57,14,1999,57000,2020-03-25,,,,,,
구로구,11530,10200,구로동,792-78,11530-543,(792-78),,45.69,3,1996,12800,2020-03-31,,,,,,
구로구,11530,10800,오류동,335,11530-98,금강,,84.96,5,1996,34700,2020-03-25,,,,,,
구로구,11530,10800,오류동,193-16,11530-3725,다청림,,59.61,4,2013,35000,2020-03-28,,,,,,
구로구,11530,10800,오류동,343,11530-153,금강(343),,60.054,4,2003,56250,2020-03-27,,,,,,
구로구,11530,10700,개봉동,489,11530-3213,개봉동현대아이파크,,117.74,23,2006,80000,2020-03-20,,,,,,
구로구,11530,10700,개봉동,471,11530-79,삼호,,84.88,15,1996,52500,2020-03-21,,,,,,
구로구,11530,11000,온수동,155,11530-3391,온수힐스테이트,,102.6,5,2010,65500,2020-03-30,,,,,,
구로구,11530,10700,개봉동,471,11530-79,삼호,,59.86,16,1996,46000,2020-03-21,,,,,,
구로구,11530,10200,구로동,1269,11530-31,중앙하이츠(1269),,82.3019,13,2001,61300,2020-03-21,,,,,,
구로구,11530,10700,개봉동,476,11530-89,한마을,,149.97,14,1999,85000,2020-03-19,,,,,,
구로구,11530,10900,궁동,178-5,11530-3253,다청림(107동),,79.81,2,2007,29000,2020-03-30,,,,,,
구로구,11530,10200,구로동,98-4,11530-3641,대림역와이즈플레이스,,44.591,19,2012,29100,2020-03-27,,,,,,
구로구,11530,10200,구로동,1269,11530-31,중앙하이츠(1269),,82.3019,21,2001,57800,2020-03-16,,,,,,
구로구,11530,10800,오류동,235-2,11530-669,대산,,72.57,2,2000,32000,2020-03-31,,,,,,
구로구,11530,11200,항동,236,11530-4392,항동중흥에스클래스베르데카운티,,84.9416,11,2019,69500,2020-03-31,,,,,,
구로구,11530,10200,구로동,685-124,11530-30,중앙하이츠,,59.99,2,1987,50000,2020-03-25,,,,,,
구로구,11530,10200,구로동,642-9,11530-35,한신,,35.277,5,1988,30500,2020-03-28,,,,,,
구로구,11530,10200,구로동,685-222,11530-29,주공1,,73.08,6,1986,77500,2020-03-27,,,,,,
구로구,11530,10200,구로동,108,11530-41,현대파크빌,,138.358,18,1999,57500,2020-03-29,,,,,,
구로구,11530,10200,구로동,749-96,11530-1197,(749-96),,81.9,3,1995,23700,2020-03-19,,,,,,
구로구,11530,10700,개봉동,470,11530-80,삼환,,114.48,25,1995,53500,2020-03-21,,,,,,
구로구,11530,10700,개봉동,470,11530-80,삼환,,114.48,11,1995,61000,2020-03-19,,,,,,
구로구,11530,10200,구로동,685-223,11530-137,주공2,,41.3,12,1987,50000,2020-03-20,,,,,,
구로구,11530,10600,고척동,97-3,11530-167,삼명,,43.74,5,1977,25000,2020-03-26,,,,,,
구로구,11530,10200,구로동,1272,11530-12,미래타워,,84.97,3,2003,46000,2020-03-15,O,20.04.13,,,,
구로구,11530,10200,구로동,1268,11530-21,영화참마음,,84.63,14,2001,65000,2020-03-23,,,,,,
구로구,11530,11100,천왕동,280,11530-3757,천왕연지타운1단지,,84.99,3,2013,69000,2020-03-21,,,,,,
구로구,11530,10800,오류동,338,11530-102,동부골든,,59.94,1,1998,31900,2020-03-16,,,,,,
구로구,11530,10600,고척동,97-3,11530-167,삼명,,43.74,2,1977,26350,2020-03-13,,,,,,
구로구,11530,10200,구로동,685-223,11530-137,주공2,,41.3,11,1987,54000,2020-03-27,,,,,,
구로구,11530,11200,항동,236,11530-4392,항동중흥에스클래스베르데카운티,,84.9416,11,2019,69500,2020-03-31,O,20.04.13,,,,
구로구,11530,10700,개봉동,478,11530-90,한진,,84.96,3,2000,48500,2020-03-16,,,,,,
구로구,11530,10600,고척동,327,11530-52,동아한신,,84.92,1,2000,54100,2020-03-12,,,,,,
구로구,11530,11200,항동,233,11530-193,현대홈타운스위트,,84.9852,1,2004,43000,2020-03-14,,,,,,
구로구,11530,10700,개봉동,476,11530-89,한마을,,59.57,18,1999,58000,2020-03-20,,,,,,
구로구,11530,10700,개봉동,60-101,11530-71,거성푸르뫼,,59.89,2,1993,28000,2020-03-25,,,,,,
구로구,11530,10700,개봉동,478,11530-90,한진,,59.95,14,2000,39500,2020-03-11,,,,,,
구로구,11530,10600,고척동,336,11530-180,삼환로즈빌,,84.994,6,2004,72000,2020-03-20,,,,,,
구로구,11530,10600,고척동,57-9,11530-53,산업인,,48.04,5,1976,24450,2020-03-21,,,,,,
구로구,11530,10700,개봉동,478,11530-90,한진,,59.95,2,2000,38000,2020-03-16,,,,,,
구로구,11530,10700,개봉동,481,11530-91,현대,,59.94,8,2001,59000,2020-03-21,,,,,,
구로구,11530,10200,구로동,1265,11530-9,구로두산,,44.64,13,1998,38500,2020-03-20,,,,,,
구로구,11530,10100,신도림동,642,11530-127,대림1,,59.88,16,1999,73500,2020-03-28,,,,,,
구로구,11530,10200,구로동,685-124,11530-30,중앙하이츠,,79.97,7,1987,61000,2020-03-17,,,,,,
구로구,11530,10200,구로동,1265,11530-9,구로두산,,51.84,17,1998,43250,2020-03-22,,,,,,
구로구,11530,10100,신도림동,290,11530-133,미성,,52.45,10,1987,59800,2020-03-21,,,,,,
구로구,11530,10600,고척동,57-9,11530-53,산업인,,48.04,1,1976,24500,2020-03-25,,,,,,
구로구,11530,10700,개봉동,270-80,11530-70,거성,,58.23,4,1988,23000,2020-03-27,,,,,,
구로구,11530,10700,개봉동,478,11530-90,한진,,59.95,18,2000,38500,2020-03-20,,,,,,
구로구,11530,10200,구로동,1263,11530-11,신도림롯데아파트,,84.93,10,1999,77000,2020-03-08,,,,,,
구로구,11530,10200,구로동,1260,11530-27,이화우성,,59.82,6,1998,49500,2020-03-28,,,,,,
구로구,11530,10700,개봉동,472,11530-77,두산,,59.69,10,1997,38000,2020-03-16,,,,,,
구로구,11530,10600,고척동,296,11530-51,대우,,84.98,17,1999,52500,2020-03-27,,,,,,
구로구,11530,10200,구로동,742-66,11530-319,(742-66),,59.52,1,1996,18000,2020-03-12,,,,,,
구로구,11530,10200,구로동,97-10,11530-232,우진체리쉬,,80.01,9,2005,40500,2020-03-30,,,,,,
구로구,11530,10100,신도림동,290,11530-133,미성,,52.45,9,1987,58500,2020-03-16,,,,,,
구로구,11530,10600,고척동,141-1,11530-56,서울가든,,64.39,4,1989,47500,2020-03-30,,,,,,
구로구,11530,10700,개봉동,478,11530-90,한진,,59.95,5,2000,41000,2020-03-18,,,,,,
구로구,11530,10600,고척동,296,11530-51,대우,,84.98,9,1999,50300,2020-03-21,,,,,,
구로구,11530,10700,개봉동,477,11530-75,대상,,59.93,14,1999,35200,2020-03-30,,,,,,
구로구,11530,11100,천왕동,280,11530-3757,천왕연지타운1단지,,84.99,4,2013,68200,2020-03-12,,,,,,
구로구,11530,10200,구로동,100-8,11530-19,신안타워,,84.95,8,1998,46700,2020-03-21,,,,,,
구로구,11530,10700,개봉동,492,11530-3798,개봉푸르지오,,84.94,19,2014,78000,2020-03-09,,,,,,
구로구,11530,10200,구로동,797-43,11530-609,(797-43),,51.04,4,1996,15500,2020-03-30,,,,,,
구로구,11530,10700,개봉동,478,11530-90,한진,,84.96,2,2000,47500,2020-03-14,,,,,,
구로구,11530,10200,구로동,1267,11530-17,신도림태영타운,,84.87,18,2000,89500,2020-03-09,,,,,,
구로구,11530,10100,신도림동,642,11530-127,대림1,,59.88,25,1999,74600,2020-03-29,,,,,,
구로구,11530,10800,오류동,335,11530-98,금강,,84.96,4,1996,36800,2020-03-11,,,,,,
구로구,11530,10200,구로동,1272,11530-12,미래타워,,59.94,6,2003,35700,2020-03-12,,,,,,
구로구,11530,10700,개봉동,60-101,11530-71,거성푸르뫼,,59.91,11,1993,28500,2020-03-14,,,,,,
구로구,11530,10200,구로동,749-8,11530-414,(749-8),,45.09,4,1996,13000,2020-03-25,,,,,,
구로구,11530,10700,개봉동,484,11530-95,고운아파트,,59.94,12,2002,32700,2020-03-16,,,,,,
구로구,11530,10200,구로동,1265,11530-9,구로두산,,51.84,7,1998,41800,2020-03-19,,,,,,
구로구,11530,10200,구로동,1265,11530-9,구로두산,,44.64,5,1998,37000,2020-03-28,,,,,,
구로구,11530,10200,구로동,685-223,11530-137,주공2,,32.39,9,1987,35000,2020-03-29,,,,,,
구로구,11530,10700,개봉동,492,11530-3798,개봉푸르지오,,71.95,7,2014,66800,2020-03-12,,,,,,
구로구,11530,10800,오류동,340,11530-105,삼천리,,59.73,13,1998,41300,2020-03-07,,,,,,
구로구,11530,10200,구로동,1285,11530-3371,대림역경남아너스빌,,84.8382,3,2009,59500,2020-03-24,,,,,,
구로구,11530,10200,구로동,97-2,11530-231,순영웰라이빌2차,,66.63,10,2005,38700,2020-03-31,,,,,,
구로구,11530,10800,오류동,338,11530-102,동부골든,,113.43,14,1998,46500,2020-03-23,,,,,,
구로구,11530,10700,개봉동,481,11530-91,현대,,84.99,8,2001,51000,2020-03-17,,,,,,
구로구,11530,10200,구로동,44-5,11530-3601,비즈트위트레인보우,,15.58,6,2012,13000,2020-03-21,,,,,,
구로구,11530,10600,고척동,327,11530-52,동아한신,,115.31,10,2000,68500,2020-03-17,,,,,,
구로구,11530,10700,개봉동,481,11530-91,현대,,84.99,11,2001,69900,2020-03-09,,,,,,
구로구,11530,10100,신도림동,432-1,11530-3174,SKVIEW,,84.96,29,2006,94000,2020-03-28,,,,,,
구로구,11530,10200,구로동,1259,11530-1,구일우성,,84.49,1,1998,56200,2020-03-10,,,,,,
구로구,11530,10100,신도림동,643,11530-130,동아1,,169.199,18,1999,120000,2020-03-06,O,20.05.08,,,,
구로구,11530,10700,개봉동,478,11530-90,한진,,84.96,8,2000,50700,2020-03-25,,,,,,
구로구,11530,10600,고척동,296,11530-51,대우,,59.96,9,1999,43950,2020-03-27,,,,,,
구로구,11530,10700,개봉동,60-82,11530-72,거성푸르뫼2,,59.9,17,1994,30700,2020-03-10,,,,,,
구로구,11530,10700,개봉동,175-8,11530-88,청실,,64.56,1,1987,37000,2020-03-19,,,,,,
구로구,11530,10600,고척동,337,11530-3134,한일유앤아이,,59.647,7,2005,45000,2020-03-07,,,,,,
구로구,11530,11000,온수동,155,11530-3391,온수힐스테이트,,59.96,2,2010,55000,2020-03-07,,,,,,
구로구,11530,10700,개봉동,471,11530-79,삼호,,84.88,16,1996,50300,2020-03-21,,,,,,
구로구,11530,10200,구로동,1265,11530-9,구로두산,,44.64,17,1998,37000,2020-03-05,,,,,,
구로구,11530,10100,신도림동,642,11530-127,대림1,,59.9,2,1999,73300,2020-03-09,,,,,,
구로구,11530,10600,고척동,57-9,11530-53,산업인,,47.01,3,1976,25000,2020-03-16,,,,,,
구로구,11530,10700,개봉동,270-80,11530-70,거성,,58.23,5,1988,20700,2020-03-13,,,,,,
구로구,11530,10700,개봉동,270-80,11530-70,거성,,58.23,1,1988,22000,2020-03-11,,,,,,
구로구,11530,10700,개봉동,478,11530-90,한진,,59.95,15,2000,41500,2020-03-10,,,,,,
구로구,11530,10700,개봉동,477,11530-75,대상,,84.98,25,1999,41000,2020-03-04,,,,,,
구로구,11530,10700,개봉동,478,11530-90,한진,,84.96,22,2000,50000,2020-03-28,,,,,,
구로구,11530,10700,개봉동,60-101,11530-71,거성푸르뫼,,84.96,12,1993,40000,2020-03-08,,,,,,
구로구,11530,10200,구로동,42,11530-148,신도림LG자이,,84.952,5,2004,79500,2020-03-24,O,20.04.21,,,,
구로구,11530,10200,구로동,567-4,11530-3229,구로에스케이뷰,,84.945,5,2006,66950,2020-03-07,,,,,,
구로구,11530,10600,고척동,296,11530-51,대우,,84.99,17,1999,54000,2020-03-17,,,,,,
구로구,11530,10600,고척동,57-9,11530-53,산업인,,47.26,3,1976,24500,2020-03-17,,,,,,
구로구,11530,10200,구로동,1270,11530-44,뉴홍현솔레디움,,84.69,4,2002,50000,2020-03-24,,,,,,
구로구,11530,10200,구로동,1265,11530-9,구로두산,,44.64,8,1998,38500,2020-03-24,,,,,,
구로구,11530,10200,구로동,256-1,11530-171,삼성래미안,,56.036,9,2004,62000,2020-03-14,,,,,,
구로구,11530,10700,개봉동,476,11530-89,한마을,,59.57,20,1999,59000,2020-03-09,,,,,,
구로구,11530,10200,구로동,745-15,11530-366,(745-15),,53.43,1,1997,17300,2020-03-05,,,,,,
구로구,11530,10700,개봉동,476,11530-89,한마을,,84.57,4,1999,70000,2020-03-09,,,,,,
구로구,11530,10200,구로동,1257,11530-10,럭키,,56.11,11,1992,46000,2020-03-18,,,,,,
구로구,11530,10200,구로동,317-213,11530-173,골드마인(나동),,81.36,2,2004,47200,2020-03-12,,,,,,
구로구,11530,10700,개봉동,472,11530-77,두산,,59.69,3,1997,35900,2020-03-17,,,,,,
구로구,11530,10800,오류동,338,11530-102,동부골든,,84.96,14,1998,41500,2020-03-01,,,,,,
구로구,11530,10100,신도림동,290,11530-133,미성,,52.45,10,1987,59800,2020-03-21,O,20.03.30,,,,
구로구,11530,10700,개봉동,478,11530-90,한진,,59.95,2,2000,38000,2020-03-14,,,,,,
구로구,11530,10700,개봉동,270-80,11530-70,거성,,58.23,1,1988,18900,2020-03-16,,,,,,
구로구,11530,10700,개봉동,478,11530-90,한진,,84.96,2,2000,49500,2020-03-18,,,,,,
구로구,11530,10100,신도림동,648,11530-151,대림e-편한세상6,,84.816,7,2003,87000,2020-03-24,,,,,,
구로구,11530,10600,고척동,320,11530-58,센츄리,,84.56,12,1994,54700,2020-03-10,,,,,,
구로구,11530,10700,개봉동,478,11530-90,한진,,84.96,12,2000,51700,2020-03-10,,,,,,
구로구,11530,10200,구로동,256-1,11530-171,삼성래미안,,78.665,19,2004,74000,2020-03-12,,,,,,
구로구,11530,10700,개봉동,476,11530-89,한마을,,123.46,17,1999,72000,2020-03-27,,,,,,
구로구,11530,10200,구로동,685-147,11530-38,현대상선,,79.98,2,1987,59000,2020-03-19,,,,,,
구로구,11530,10200,구로동,642-33,11530-40,현대의보아파트,,84.22,2,1994,41800,2020-03-18,,,,,,
구로구,11530,10200,구로동,685-124,11530-30,중앙하이츠,,79.97,9,1987,64000,2020-03-17,,,,,,
구로구,11530,10200,구로동,1277,11530-175,우리유앤미,,84.71,15,2004,53700,2020-03-25,,,,,,
구로구,11530,10200,구로동,46-5,11530-34,한스타워,,84.91,20,1996,40500,2020-03-23,,,,,,
구로구,11530,10200,구로동,1265,11530-9,구로두산,,44.64,20,1998,37000,2020-03-25,,,,,,
구로구,11530,10600,고척동,327,11530-52,동아한신,,131.82,20,2000,70500,2020-03-05,,,,,,
구로구,11530,10700,개봉동,476,11530-89,한마을,,59.57,23,1999,59900,2020-03-20,,,,,,
구로구,11530,10700,개봉동,20-1,11530-87,창동,,46.08,2,1987,22300,2020-03-25,,,,,,
구로구,11530,10700,개봉동,480,11530-92,현대홈타운,,84.915,14,2001,62200,2020-03-14,,,,,,
구로구,11530,10200,구로동,1286,11530-3416,다울숲,,84.32,3,2010,53500,2020-03-07,,,,,,
구로구,11530,10200,구로동,97-2,11530-231,순영웰라이빌2차,,66.63,9,2005,39000,2020-03-14,,,,,,
구로구,11530,10200,구로동,1278,11530-3249,구로두산위브,,36.88,4,2006,41900,2020-03-17,,,,,,
구로구,11530,10200,구로동,1267,11530-17,신도림태영타운,,84.87,23,2000,89900,2020-03-12,,,,,,
구로구,11530,10200,구로동,46-5,11530-34,한스타워,,59.96,13,1996,31500,2020-03-19,,,,,,
구로구,11530,10200,구로동,46-5,11530-34,한스타워,,84.91,16,1996,42500,2020-03-21,,,,,,
구로구,11530,10200,구로동,110-10,11530-170,효성,,81.6933,9,2000,37000,2020-03-07,,,,,,
구로구,11530,10200,구로동,100-8,11530-19,신안타워,,59.43,12,1998,38000,2020-03-03,,,,,,
구로구,11530,10800,오류동,348,11530-3148,우림필유,,59.95,8,2005,45800,2020-03-10,,,,,,
구로구,11530,11000,온수동,83,11530-241,온수동,,84.6,4,2001,28000,2020-03-19,,,,,,
구로구,11530,10700,개봉동,481,11530-91,현대,,114.99,2,2001,70000,2020-03-18,,,,,,
구로구,11530,10200,구로동,314,11530-2,극동,,55.57,2,1984,31500,2020-03-23,,,,,,
구로구,11530,10200,구로동,256-1,11530-171,삼성래미안,,58.136,21,2004,63500,2020-03-02,,,,,,
구로구,11530,10600,고척동,322,11530-57,성원,,56.97,6,1996,34000,2020-03-07,,,,,,
구로구,11530,10200,구로동,803-29,11530-636,(803-29),,49.82,4,2000,15600,2020-03-13,,,,,,
구로구,11530,10600,고척동,339,11530-3373,고척파크푸르지오,,114.99,10,2009,86700,2020-03-12,,,,,,
구로구,11530,10200,구로동,1269,11530-31,중앙하이츠(1269),,82.3019,3,2001,59700,2020-03-10,,,,,,
구로구,11530,10200,구로동,1265,11530-9,구로두산,,44.64,8,1998,38000,2020-03-09,,,,,,
구로구,11530,10800,오류동,340,11530-105,삼천리,,59.73,24,1998,39700,2020-03-02,,,,,,
구로구,11530,10800,오류동,356,11530-3734,다청림(356),,36.01,3,2013,23400,2020-03-02,,,,,,
구로구,11530,10200,구로동,1259,11530-1,구일우성,,59.44,23,1998,48100,2020-03-02,,,,,,
구로구,11530,10600,고척동,336,11530-180,삼환로즈빌,,102.375,10,2004,80200,2020-03-11,,,,,,
구로구,11530,10200,구로동,685-222,11530-29,주공1,,73.68,2,1986,74200,2020-03-03,,,,,,
구로구,11530,10200,구로동,501,11530-3269,신구로자이,,101.96,25,2007,73000,2020-03-19,,,,,,
구로구,11530,10200,구로동,108-4,11530-162,아스타빌,,78.18,8,2004,39800,2020-03-04,,,,,,
구로구,11530,11100,천왕동,279-2,11530-3470,천왕이펜하우스2단지,,84.97,11,2011,71500,2020-03-06,,,,,,
구로구,11530,10600,고척동,339,11530-3373,고척파크푸르지오,,84.94,10,2009,79000,2020-03-19,,,,,,
구로구,11530,10200,구로동,685-222,11530-29,주공1,,73.68,8,1986,80000,2020-03-04,,,,,,
구로구,11530,10200,구로동,1278,11530-3249,구로두산위브,,57.1,11,2006,61000,2020-03-02,,,,,,
구로구,11530,10200,구로동,685-124,11530-30,중앙하이츠,,79.97,2,1987,59500,2020-03-03,,,,,,
구로구,11530,10700,개봉동,480,11530-92,현대홈타운,,59.49,14,2001,55000,2020-03-14,,,,,,
구로구,11530,10700,개봉동,478,11530-90,한진,,59.95,5,2000,41000,2020-03-18,O,20.04.04,,,,
구로구,11530,10600,고척동,331,11530-55,삼익(2단지),,59.82,11,2001,35500,2020-03-07,,,,,,
구로구,11530,10600,고척동,227-1,11530-66,한성,,69.48,3,1986,25800,2020-03-17,,,,,,
구로구,11530,10700,개봉동,478,11530-90,한진,,84.96,8,2000,50000,2020-03-14,,,,,,
구로구,11530,11100,천왕동,282,11530-3514,천왕이펜하우스1단지,,59.94,13,2011,58800,2020-03-08,,,,,,
구로구,11530,10200,구로동,256-1,11530-171,삼성래미안,,78.665,16,2004,75000,2020-03-09,,,,,,
구로구,11530,10200,구로동,1269,11530-31,중앙하이츠(1269),,59.73,3,2001,54800,2020-03-14,,,,,,
구로구,11530,10700,개봉동,170-30,11530-82,신개봉삼환,,59.81,12,2001,41000,2020-03-09,,,,,,
구로구,11530,10600,고척동,331,11530-55,삼익(2단지),,114.9,3,2001,50700,2020-03-01,,,,,,
구로구,11530,10700,개봉동,478,11530-90,한진,,59.95,11,2000,40800,2020-03-16,,,,,,
구로구,11530,10200,구로동,110-10,11530-170,효성,,81.6933,4,2000,36000,2020-03-17,,,,,,
구로구,11530,10700,개봉동,476,11530-89,한마을,,84.57,4,1999,68000,2020-03-04,,,,,,
구로구,11530,10700,개봉동,493,11530-4223,한양아이클래스구로,,42.35,11,2018,25800,2020-03-04,,,,,,
구로구,11530,10600,고척동,328,11530-60,양우,,71.1,5,2000,36500,2020-03-20,,,,,,
구로구,11530,10600,고척동,338,11530-3323,마젤란,,94.421,2,2008,57000,2020-03-18,,,,,,
구로구,11530,10200,구로동,1265,11530-9,구로두산,,44.64,5,1998,37900,2020-03-05,,,,,,
구로구,11530,10700,개봉동,60-82,11530-72,거성푸르뫼2,,59.9,8,1994,29000,2020-03-14,,,,,,
구로구,11530,10200,구로동,1259,11530-1,구일우성,,59.44,7,1998,35000,2020-03-02,,,,,,
구로구,11530,10600,고척동,296,11530-51,대우,,59.97,7,1999,43000,2020-03-14,O,20.06.02,,,,
구로구,11530,10600,고척동,296,11530-51,대우,,84.99,2,1999,49800,2020-03-16,,,,,,
구로구,11530,10700,개봉동,478,11530-90,한진,,59.95,4,2000,40700,2020-03-14,,,,,,
구로구,11530,10600,고척동,320,11530-58,센츄리,,84.56,13,1994,54800,2020-03-11,,,,,,
구로구,11530,10600,고척동,296,11530-51,대우,,71.53,2,1999,49000,2020-03-09,,,,,,
구로구,11530,10700,개봉동,472,11530-77,두산,,59.69,27,1997,37400,2020-03-07,,,,,,
구로구,11530,10700,개봉동,478,11530-90,한진,,59.95,4,2000,40200,2020-03-02,,,,,,
구로구,11530,11100,천왕동,280,11530-3757,천왕연지타운1단지,,59.97,1,2013,59500,2020-03-14,,,,,,
구로구,11530,10200,구로동,97-2,11530-231,순영웰라이빌2차,,64.45,18,2005,38900,2020-03-17,,,,,,
구로구,11530,10600,고척동,306,11530-49,경남2,,59.96,13,1999,37800,2020-03-18,,,,,,
구로구,11530,10600,고척동,338,11530-3323,마젤란,,94.421,2,2008,58500,2020-03-03,,,,,,
구로구,11530,10700,개봉동,477,11530-75,대상,,74.56,17,1999,39500,2020-03-03,,,,,,
구로구,11530,10200,구로동,1267,11530-17,신도림태영타운,,84.87,2,2000,89990,2020-03-17,,,,,,
구로구,11530,10100,신도림동,642,11530-128,대림2,,59.9,13,2001,74700,2020-03-18,,,,,,
구로구,11530,10700,개봉동,472,11530-77,두산,,59.69,8,1997,37300,2020-03-14,,,,,,
구로구,11530,10700,개봉동,475,11530-84,영화,,59.78,25,1998,47000,2020-03-02,,,,,,
구로구,11530,10600,고척동,296,11530-51,대우,,84.99,2,1999,49800,2020-03-16,O,20.03.20,,,,
구로구,11530,10200,구로동,110-10,11530-170,효성,,81.6933,8,2000,37000,2020-03-14,,,,,,
구로구,11530,10700,개봉동,481,11530-91,현대,,59.94,24,2001,56000,2020-03-07,,,,,,
구로구,11530,10700,개봉동,492,11530-3798,개봉푸르지오,,84.83,25,2014,72000,2020-03-05,,,,,,
구로구,11530,10200,구로동,1265,11530-9,구로두산,,44.64,3,1998,36900,2020-03-01,,,,,,
구로구,11530,11200,항동,236,11530-4392,항동중흥에스클래스베르데카운티,,84.9416,7,2019,66500,2020-03-08,,,,,,
구로구,11530,10600,고척동,339,11530-3373,고척파크푸르지오,,84.94,10,2009,79000,2020-03-06,O,20.03.19,,,,
구로구,11530,10600,고척동,57-9,11530-53,산업인,,47.26,3,1976,24500,2020-03-17,O,20.03.30,,,,
구로구,11530,10800,오류동,340,11530-105,삼천리,,59.73,23,1998,41500,2020-03-09,,,,,,
구로구,11530,10600,고척동,296,11530-51,대우,,59.96,13,1999,46000,2020-03-14,,,,,,
구로구,11530,10700,개봉동,493,11530-4223,한양아이클래스구로,,42.35,5,2018,25800,2020-03-06,,,,,,
구로구,11530,10600,고척동,57-9,11530-53,산업인,,47.23,4,1976,24700,2020-03-17,,,,,,
구로구,11530,10700,개봉동,480,11530-92,현대홈타운,,84.915,2,2001,61500,2020-03-07,,,,,,
구로구,11530,10700,개봉동,478,11530-90,한진,,84.96,11,2000,51800,2020-03-14,,,,,,
구로구,11530,10200,구로동,1263,11530-11,신도림롯데아파트,,84.93,20,1999,77000,2020-03-04,,,,,,
구로구,11530,10200,구로동,1269,11530-31,중앙하이츠(1269),,82.3019,11,2001,60500,2020-03-10,,,,,,
구로구,11530,10700,개봉동,478,11530-90,한진,,59.95,16,2000,40900,2020-03-09,,,,,,
구로구,11530,10600,고척동,342,11530-3437,벽산베스트블루밍,,84.887,3,2010,65600,2020-03-12,,,,,,
구로구,11530,10600,고척동,306,11530-49,경남2,,84.85,6,1999,49700,2020-03-12,,,,,,
구로구,11530,10700,개봉동,480,11530-92,현대홈타운,,59.49,1,2001,46000,2020-03-01,,,,,,
구로구,11530,10200,구로동,43-4,11530-4,다솜금호,,84.95,8,1995,53000,2020-03-04,,,,,,
구로구,11530,10800,오류동,34-13,11530-3799,썬앤빌,,14.064,8,2014,7400,2020-03-10,,,,,,
구로구,11530,10200,구로동,1280,11530-3282,한신휴플러스(1280-0),,50.03,16,2007,55000,2020-03-01,,,,,,
구로구,11530,10200,구로동,1269,11530-31,중앙하이츠(1269),,82.3019,3,2001,59700,2020-03-10,O,20.03.24,,,,
구로구,11530,10200,구로동,1265,11530-9,구로두산,,44.64,16,1998,37500,2020-03-16,,,,,,
구로구,11530,10200,구로동,747-33,11530-394,(747-33),,47.32,4,1996,14700,2020-03-14,,,,,,
구로구,11530,10100,신도림동,432-1,11530-3174,SKVIEW,,84.99,2,2006,87800,2020-03-07,,,,,,
구로구,11530,10800,오류동,334,11530-103,라인,,84.36,20,1995,36800,2020-03-13,,,,,,
구로구,11530,10200,구로동,1259,11530-1,구일우성,,84.49,10,1998,60000,2020-03-03,,,,,,
구로구,11530,10200,구로동,642-9,11530-35,한신,,35.277,7,1988,28900,2020-03-03,,,,,,
구로구,11530,10200,구로동,314,11530-2,극동,,64,11,1984,34000,2020-03-05,O,20.05.28,,,,
구로구,11530,10600,고척동,336,11530-180,삼환로즈빌,,102.375,10,2004,80200,2020-03-11,O,20.03.20,,,,
구로구,11530,10800,오류동,339,11530-101,동부(105동~106동),,84.9,18,1999,43000,2020-03-07,,,,,,
구로구,11530,10200,구로동,46,11530-3246,쌍용플래티넘노블,,124.11,26,2006,70500,2020-03-02,,,,,,
구로구,11530,10100,신도림동,645,11530-132,동아3,,84.99,6,2000,109000,2020-03-05,,,,,,
구로구,11530,10200,구로동,642-33,11530-40,현대의보아파트,,84.22,6,1994,45000,2020-03-05,,,,,,
구로구,11530,10800,오류동,34-13,11530-3799,썬앤빌,,14.064,11,2014,7500,2020-03-11,,,,,,
구로구,11530,10700,개봉동,481,11530-91,현대,,84.99,4,2001,69000,2020-03-05,,,,,,
구로구,11530,10200,구로동,642-39,11530-33,한국현대,,84.72,2,1994,43500,2020-03-02,,,,,,
구로구,11530,10600,고척동,306,11530-49,경남2,,70.98,7,1999,38800,2020-03-13,,,,,,
구로구,11530,10700,개봉동,60-82,11530-72,거성푸르뫼2,,59.9,6,1994,29000,2020-03-06,,,,,,
구로구,11530,10200,구로동,1285,11530-3371,대림역경남아너스빌,,84.8382,3,2009,63000,2020-03-10,,,,,,
구로구,11530,10700,개봉동,480,11530-92,현대홈타운,,84.915,25,2001,62000,2020-03-07,,,,,,
구로구,11530,10200,구로동,1256,11530-138,구로현대,,63.98,1,1992,45650,2020-03-01,,,,,,
구로구,11530,10200,구로동,796-39,11530-589,(796-39)중앙빌라,,52.05,2,1996,17450,2020-03-04,,,,,,
구로구,11530,10700,개봉동,489,11530-3213,개봉동현대아이파크,,84.98,6,2006,70500,2020-03-11,,,,,,
구로구,11530,10700,개봉동,480,11530-92,현대홈타운,,59.49,9,2001,54000,2020-03-07,,,,,,
구로구,11530,10700,개봉동,480,11530-92,현대홈타운,,59.49,4,2001,50300,2020-03-08,O,20.04.14,,,,
구로구,11530,10700,개봉동,483,11530-94,율포그레이스빌,,84.78,6,2002,41800,2020-03-05,,,,,,
구로구,11530,10900,궁동,178-1,11530-3247,다청림(106동),,73.03,6,2006,42800,2020-03-11,,,,,,
구로구,11530,10200,구로동,107-1,11530-3204,대림역대성스카이렉스,,114.23,8,2006,60000,2020-03-09,,,,,,
구로구,11530,10700,개봉동,472,11530-77,두산,,111.69,5,1997,50000,2020-03-06,,,,,,
구로구,11530,10200,구로동,1265,11530-9,구로두산,,44.64,2,1998,35800,2020-03-06,,,,,,
구로구,11530,10700,개봉동,493,11530-4223,한양아이클래스구로,,42.35,5,2018,25800,2020-03-07,O,20.03.18,,,,
구로구,11530,10700,개봉동,473,11530-81,상우,,59.4,19,1997,38000,2020-03-08,,,,,,
구로구,11530,11200,항동,236,11530-4392,항동중흥에스클래스베르데카운티,,147.9822,16,2019,97500,2020-03-09,,,,,,
구로구,11530,10800,오류동,338,11530-102,동부골든,,113.43,18,1998,47500,2020-03-03,,,,,,
구로구,11530,10800,오류동,338,11530-102,동부골든,,59.94,13,1998,34300,2020-03-03,O,20.03.27,,,,
구로구,11530,10600,고척동,336,11530-180,삼환로즈빌,,102.375,5,2004,77000,2020-03-07,O,20.07.13,,,,
구로구,11530,10800,오류동,340,11530-105,삼천리,,59.73,7,1998,40500,2020-03-07,,,,,,
구로구,11530,10600,고척동,340-1,11530-3386,고척LIG리가2차,,84.91,4,2009,67000,2020-03-07,,,,,,
구로구,11530,10700,개봉동,486,11530-187,화신,,65.95,1,2004,24500,2020-03-06,,,,,,
구로구,11530,10200,구로동,97-5,11530-3397,SR친오애,,84.961,12,2009,53000,2020-03-10,,,,,,
구로구,11530,10200,구로동,1256,11530-138,구로현대,,84.57,12,1992,59800,2020-03-07,,,,,,
구로구,11530,10700,개봉동,470,11530-80,삼환,,59.4,9,1995,41200,2020-03-07,,,,,,
구로구,11530,10200,구로동,110-4,11530-8,도림두산베어스타워,,84.99,23,1997,44000,2020-03-10,,,,,,
구로구,11530,10700,개봉동,481,11530-91,현대,,84.99,1,2001,59500,2020-03-03,,,,,,
구로구,11530,10200,구로동,749-30,11530-420,(749-30),,50.44,4,1998,14500,2020-03-07,,,,,,
구로구,11530,10200,구로동,701-76,11530-37,현대로얄,,79.79,3,1987,35800,2020-03-03,,,,,,
구로구,11530,10600,고척동,340-1,11530-3386,고척LIG리가2차,,59.95,8,2009,57800,2020-03-06,,,,,,
구로구,11530,10800,오류동,340,11530-105,삼천리,,59.73,6,1998,41000,2020-03-05,,,,,,
구로구,11530,10200,구로동,256-1,11530-171,삼성래미안,,78.665,15,2004,73000,2020-03-10,,,,,,
구로구,11530,10200,구로동,1260,11530-27,이화우성,,59.82,10,1998,48500,2020-03-02,,,,,,
구로구,11530,10700,개봉동,471,11530-79,삼호,,84.88,22,1996,51000,2020-03-04,,,,,,
구로구,11530,10200,구로동,1260,11530-27,이화우성,,114.92,4,1998,70750,2020-03-05,,,,,,
구로구,11530,10800,오류동,345,11530-190,동선,,58.2159,1,2004,33200,2020-03-10,,,,,,
구로구,11530,10200,구로동,46-5,11530-34,한스타워,,84.91,24,1996,39500,2020-03-01,,,,,,
구로구,11530,10700,개봉동,471,11530-79,삼호,,84.88,7,1996,50300,2020-03-04,,,,,,
구로구,11530,10200,구로동,42,11530-148,신도림LG자이,,84.952,30,2004,81500,2020-03-09,,,,,,
구로구,11530,10700,개봉동,476,11530-89,한마을,,149.97,3,1999,85000,2020-03-02,,,,,,
구로구,11530,10200,구로동,1280,11530-3282,한신휴플러스(1280-0),,58.03,9,2007,64800,2020-03-05,,,,,,
구로구,11530,10600,고척동,296,11530-51,대우,,114.95,19,1999,60000,2020-03-07,,,,,,
구로구,11530,10600,고척동,57-9,11530-53,산업인,,47.23,5,1976,23900,2020-03-03,,,,,,
구로구,11530,10200,구로동,1273,11530-147,대림아르빌,,111.8,13,2003,60000,2020-03-11,,,,,,
구로구,11530,10600,고척동,326,11530-63,청구,,59.94,13,1999,45000,2020-03-07,,,,,,
구로구,11530,10600,고척동,326,11530-63,청구,,84.87,14,1999,58000,2020-03-01,,,,,,
구로구,11530,10600,고척동,326,11530-63,청구,,59.94,17,1999,43500,2020-03-02,,,,,,
구로구,11530,10100,신도림동,642,11530-127,대림1,,84.95,24,1999,89900,2020-03-06,O,20.06.04,,,,
구로구,11530,10600,고척동,296,11530-51,대우,,114.95,8,1999,65000,2020-03-07,,,,,,
구로구,11530,10600,고척동,326,11530-63,청구,,59.94,2,1999,38500,2020-03-02,,,,,,
구로구,11530,10100,신도림동,412-3,11530-3233,신도림팰러티움,,84.94,18,2006,59800,2020-03-09,,,,,,
구로구,11530,11200,항동,236,11530-4392,항동중흥에스클래스베르데카운티,,84.9908,10,2019,69000,2020-03-05,,,,,,
구로구,11530,10200,구로동,1265,11530-9,구로두산,,44.64,12,1998,37500,2020-03-05,,,,,,
구로구,11530,10700,개봉동,478,11530-90,한진,,59.95,3,2000,40700,2020-03-07,,,,,,
구로구,11530,10700,개봉동,470,11530-80,삼환,,59.4,17,1995,43500,2020-03-07,,,,,,
구로구,11530,10200,구로동,1269,11530-31,중앙하이츠(1269),,66.1665,22,2001,55750,2020-03-07,,,,,,
구로구,11530,10600,고척동,269-1,11530-47,개봉청구,,58.67,5,1993,24000,2020-03-05,,,,,,
구로구,11530,10200,구로동,440,11530-13,보광,,73.89,5,1984,61500,2020-03-03,,,,,,
구로구,11530,10100,신도림동,412-3,11530-3233,신도림팰러티움,,84.62,11,2006,59000,2020-03-06,,,,,,
구로구,11530,10200,구로동,1259,11530-1,구일우성,,59.44,23,1998,48100,2020-03-02,O,20.03.20,,,,
구로구,11530,10600,고척동,269-1,11530-47,개봉청구,,80.86,7,1993,30000,2020-03-03,,,,,,
구로구,11530,10700,개봉동,471,11530-79,삼호,,59.86,13,1996,46000,2020-03-01,,,,,,
구로구,11530,10200,구로동,1268,11530-21,영화참마음,,84.63,14,2001,65000,2020-03-03,,,,,,
구로구,11530,10700,개봉동,484,11530-95,고운아파트,,59.94,13,2002,33800,2020-03-03,,,,,,
구로구,11530,10200,구로동,110-1,11530-42,희훈타워빌,,142.59,10,1998,53000,2020-03-01,,,,,,
구로구,11530,10700,개봉동,478,11530-90,한진,,59.95,13,2000,40000,2020-03-04,,,,,,
구로구,11530,10600,고척동,323,11530-50,그랜드,,57.74,4,1997,24000,2020-03-05,,,,,,
구로구,11530,10200,구로동,1267,11530-17,신도림태영타운,,84.87,17,2000,95000,2020-03-05,O,20.04.09,,,,
구로구,11530,10700,개봉동,70-12,11530-96,동도센트리움(70-12),,114.286,6,2002,42400,2020-03-03,,,,,,
구로구,11530,10200,구로동,314,11530-2,극동,,91.01,9,1984,45000,2020-03-02,,,,,,
구로구,11530,10800,오류동,356,11530-3734,다청림(356),,36.01,7,2013,24000,2020-03-03,,,,,,
금천구,11545,10100,가산동,769,11545-2,두산,,84.9,12,1998,65000,2020-03-18,,,,,,
금천구,11545,10300,시흥동,1026,11545-1642,남서울힐스테이트,,150.72,15,2014,110000,2020-03-04,,,,,,
금천구,11545,10300,시흥동,992-2,11545-33,남서울건영아파트,,88.83,10,1982,63000,2020-03-30,,,,,,
금천구,11545,10300,시흥동,5-13,11545-41,삼익,,59.9,14,1999,36000,2020-03-31,,,,,,
금천구,11545,10100,가산동,140-36,11545-1957,비즈트위트바이올렛5차,,12.19,8,2014,10500,2020-03-31,,,,,,
금천구,11545,10200,독산동,1006-139,11545-2267,리버스타운,,59.13,7,2016,29500,2020-03-30,,,,,,
금천구,11545,10200,독산동,1093-4,11545-22,한신아파트,,89.46,16,1991,56700,2020-03-30,,,,,,
금천구,11545,10300,시흥동,1026,11545-1642,남서울힐스테이트,,84.697,13,2014,84000,2020-03-24,,,,,,
금천구,11545,10300,시흥동,806,11545-1421,시흥동월드메르디앙,,82.81,15,2006,49700,2020-03-28,,,,,,
금천구,11545,10200,독산동,1144,11545-1560,독산동한양수자인,,68.307,8,2011,59800,2020-03-20,,,,,,
금천구,11545,10300,시흥동,384-12,11545-34,남서울건영2,,41.34,4,1989,24500,2020-03-29,,,,,,
금천구,11545,10300,시흥동,384-12,11545-34,남서울건영2,,61.23,5,1989,37800,2020-03-28,,,,,,
금천구,11545,10300,시흥동,268-46,11545-110,탑스빌,,79.32,6,2002,38500,2020-03-30,,,,,,
금천구,11545,10300,시흥동,1010,11545-39,벽산,,84.99,1,2000,38000,2020-03-29,,,,,,
금천구,11545,10200,독산동,711-2,11545-23,금천현대,,84.83,16,2002,56800,2020-03-17,,,,,,
금천구,11545,10100,가산동,769,11545-2,두산,,84.9,17,1998,61000,2020-03-23,,,,,,
금천구,11545,10100,가산동,769,11545-2,두산,,59.84,25,1998,51500,2020-03-21,,,,,,
금천구,11545,10300,시흥동,1010,11545-39,벽산,,84.99,18,2000,39950,2020-03-22,,,,,,
금천구,11545,10200,독산동,1028,11545-29,대덕트윈빌,,59.56,6,2002,47000,2020-03-14,,,,,,
금천구,11545,10200,독산동,958,11545-160,을미월드힐,,64.87,1,2006,32500,2020-03-23,,,,,,
금천구,11545,10200,독산동,1140,11545-108,독산동중앙하이츠빌,,84.8768,11,2004,64000,2020-03-12,,,,,,
금천구,11545,10200,독산동,293-10,11545-8,독산현대,,58.72,2,1999,46000,2020-03-13,,,,,,
금천구,11545,10200,독산동,1140,11545-108,독산동중앙하이츠빌,,84.8768,2,2004,59990,2020-03-19,O,20.04.21,,,,
금천구,11545,10300,시흥동,220-2,11545-52,현대(220-2),,49.14,4,1984,36500,2020-03-21,,,,,,
금천구,11545,10200,독산동,1133,11545-20,진도2차,,59.95,3,1997,37000,2020-03-18,,,,,,
금천구,11545,10100,가산동,141-2,11545-1825,가산양우내안에애플,,12.04,14,2013,10000,2020-03-27,,,,,,
금천구,11545,10200,독산동,1088,11545-17,독산주공14단지,,38.64,3,1990,26700,2020-03-21,,,,,,
금천구,11545,10300,시흥동,960-6,11545-1716,힐캐슬,,53.01,4,2012,22500,2020-03-07,,,,,,
금천구,11545,10200,독산동,711-2,11545-23,금천현대,,59.82,15,2002,47300,2020-03-15,,,,,,
금천구,11545,10200,독산동,1093-4,11545-22,한신아파트,,89.46,11,1991,54500,2020-03-15,,,,,,
금천구,11545,10300,시흥동,1010,11545-39,벽산,,84.99,9,2000,39500,2020-03-31,,,,,,
금천구,11545,10100,가산동,141-2,11545-1825,가산양우내안에애플,,12.04,15,2013,13000,2020-03-28,,,,,,
금천구,11545,10100,가산동,141-2,11545-1825,가산양우내안에애플,,12.04,15,2013,13000,2020-03-28,,,,,,
금천구,11545,10100,가산동,141-2,11545-1825,가산양우내안에애플,,12.04,14,2013,10000,2020-03-27,O,20.04.07,,,,
금천구,11545,10300,시흥동,5-13,11545-41,삼익,,84.96,2,1999,41500,2020-03-13,,,,,,
금천구,11545,10200,독산동,958,11545-160,을미월드힐,,83.53,3,2006,41500,2020-03-21,,,,,,
금천구,11545,10300,시흥동,1017,11545-1440,관악산신도브래뉴,,84.8,13,2006,58500,2020-03-07,,,,,,
금천구,11545,10300,시흥동,5-13,11545-41,삼익,,59.9,5,1999,34000,2020-03-31,,,,,,
금천구,11545,10200,독산동,1150,11545-2369,금천롯데캐슬골드파크2차201동202동,,84.97,24,2017,105000,2020-03-07,,,,,,
금천구,11545,10200,독산동,293-10,11545-8,독산현대,,58.72,1,1999,45000,2020-03-02,,,,,,
금천구,11545,10300,시흥동,1013,11545-55,관악산벽산타운5,,59.34,16,2004,35500,2020-03-15,,,,,,
금천구,11545,10200,독산동,888-18,11545-100,성웅,,66.85,7,2001,29700,2020-03-07,,,,,,
금천구,11545,10300,시흥동,1014,11545-109,금광,,83.2925,4,2004,46000,2020-03-25,,,,,,
금천구,11545,10300,시흥동,1006,11545-40,벽산3,,84.96,4,1998,36500,2020-03-15,,,,,,
금천구,11545,10200,독산동,1131,11545-9,라이프,,84.74,1,1996,44500,2020-03-14,,,,,,
금천구,11545,10200,독산동,1150,11545-2369,금천롯데캐슬골드파크2차201동202동,,59.27,28,2017,87000,2020-03-07,,,,,,
금천구,11545,10300,시흥동,1013,11545-55,관악산벽산타운5,,59.34,2,2004,32300,2020-03-21,,,,,,
금천구,11545,10300,시흥동,977-1,11545-2541,루체클래식,,43.606,7,2019,27500,2020-03-03,,,,,,
금천구,11545,10300,시흥동,977-1,11545-2541,루체클래식,,58.883,2,2019,37300,2020-03-07,,,,,,
금천구,11545,10100,가산동,140-36,11545-1957,비즈트위트바이올렛5차,,12.19,13,2014,11500,2020-03-30,,,,,,
금천구,11545,10300,시흥동,1010,11545-39,벽산,,84.99,16,2000,43400,2020-03-28,,,,,,
금천구,11545,10300,시흥동,1013,11545-55,관악산벽산타운5,,59.34,17,2004,35900,2020-03-24,,,,,,
금천구,11545,10300,시흥동,1006,11545-40,벽산3,,84.96,4,1998,36500,2020-03-15,O,20.03.31,,,,
금천구,11545,10200,독산동,992,11545-165,리치힐103동(992-0),,94.88,5,2004,25600,2020-03-26,,,,,,
금천구,11545,10300,시흥동,1011,11545-63,우방,,59.91,3,2002,39900,2020-03-12,,,,,,
금천구,11545,10200,독산동,1141,11545-1410,서초파레스,,79.7,8,2005,46500,2020-03-02,,,,,,
금천구,11545,10300,시흥동,1013,11545-55,관악산벽산타운5,,84.97,20,2004,46000,2020-03-24,,,,,,
금천구,11545,10300,시흥동,999-1,11545-79,산호시티빌,,41.58,4,2003,23800,2020-03-16,,,,,,
금천구,11545,10300,시흥동,999-1,11545-79,산호시티빌,,41.58,3,2003,22900,2020-03-03,,,,,,
금천구,11545,10200,독산동,1088,11545-17,독산주공14단지,,59.22,11,1990,42000,2020-03-01,,,,,,
금천구,11545,10200,독산동,711-2,11545-23,금천현대,,59.82,20,2002,45450,2020-03-07,,,,,,
금천구,11545,10300,시흥동,1013,11545-55,관악산벽산타운5,,114.84,11,2004,54300,2020-03-09,,,,,,
금천구,11545,10300,시흥동,1008,11545-31,금강,,84.65,1,2000,39900,2020-03-06,,,,,,
금천구,11545,10300,시흥동,1011,11545-63,우방,,59.91,10,2002,40000,2020-03-14,O,20.07.02,,,,
금천구,11545,10200,독산동,711-2,11545-23,금천현대,,84.83,19,2002,54800,2020-03-08,,,,,,
금천구,11545,10300,시흥동,1010,11545-39,벽산,,84.99,13,2000,41800,2020-03-04,,,,,,
금천구,11545,10300,시흥동,1017,11545-1440,관악산신도브래뉴,,59.77,4,2006,43000,2020-03-09,,,,,,
금천구,11545,10300,시흥동,1013,11545-55,관악산벽산타운5,,84.97,19,2004,47900,2020-03-14,,,,,,
금천구,11545,10300,시흥동,1013,11545-55,관악산벽산타운5,,59.34,19,2004,34800,2020-03-11,,,,,,
금천구,11545,10300,시흥동,1013,11545-55,관악산벽산타운5,,84.97,20,2004,46500,2020-03-08,,,,,,
금천구,11545,10300,시흥동,1010,11545-39,벽산,,59.94,16,2000,32300,2020-03-18,,,,,,
금천구,11545,10300,시흥동,1013,11545-55,관악산벽산타운5,,59.34,15,2004,35300,2020-03-15,,,,,,
금천구,11545,10300,시흥동,1017,11545-1440,관악산신도브래뉴,,84.8,11,2006,59000,2020-03-08,,,,,,
금천구,11545,10300,시흥동,817-29,11545-45,시흥(817-29),,39.83,5,1975,9300,2020-03-13,,,,,,
금천구,11545,10200,독산동,332-14,11545-5,계룡아파트,,59.34,13,1998,47000,2020-03-07,,,,,,
금천구,11545,10300,시흥동,1010,11545-39,벽산,,59.94,8,2000,32900,2020-03-16,,,,,,
금천구,11545,10300,시흥동,1010,11545-39,벽산,,84.99,8,2000,40000,2020-03-11,,,,,,
금천구,11545,10300,시흥동,1013,11545-55,관악산벽산타운5,,59.34,10,2004,35500,2020-03-07,,,,,,
금천구,11545,10300,시흥동,1026,11545-1642,남서울힐스테이트,,84.677,12,2014,82000,2020-03-02,,,,,,
금천구,11545,10200,독산동,956,11545-14,삼익,,59.96,2,1998,33900,2020-03-03,,,,,,
금천구,11545,10300,시흥동,1017,11545-1440,관악산신도브래뉴,,94.6,5,2006,55000,2020-03-07,,,,,,
금천구,11545,10200,독산동,1093-4,11545-22,한신아파트,,89.46,5,1991,53500,2020-03-16,,,,,,
금천구,11545,10200,독산동,1069,11545-24,호정타워,,59.44,5,1993,25600,2020-03-09,,,,,,
금천구,11545,10100,가산동,148-1,11545-1,덕산,,59.97,7,1995,35980,2020-03-12,,,,,,
금천구,11545,10200,독산동,1069,11545-24,호정타워,,59.44,9,1993,25900,2020-03-02,,,,,,
금천구,11545,10300,시흥동,1010,11545-39,벽산,,59.94,9,2000,32000,2020-03-14,,,,,,
금천구,11545,10100,가산동,769,11545-2,두산,,59.84,24,1998,55000,2020-03-09,,,,,,
금천구,11545,10200,독산동,992,11545-165,리치힐103동(992-0),,68.52,7,2004,32750,2020-03-03,,,,,,
금천구,11545,10200,독산동,1147,11545-2262,금천롯데캐슬골드파크1차,,84.8114,24,2016,107500,2020-03-12,,,,,,
금천구,11545,10200,독산동,958,11545-160,을미월드힐,,84.87,7,2006,41300,2020-03-02,,,,,,
금천구,11545,10300,시흥동,384-12,11545-34,남서울건영2,,61.14,10,1989,36300,2020-03-04,,,,,,
금천구,11545,10100,가산동,234-46,11545-3,삼익,,59.94,1,1998,31250,2020-03-05,,,,,,
금천구,11545,10300,시흥동,1013,11545-55,관악산벽산타운5,,114.84,14,2004,52500,2020-03-10,,,,,,
금천구,11545,10300,시흥동,1013,11545-55,관악산벽산타운5,,114.84,14,2004,51000,2020-03-04,,,,,,
금천구,11545,10300,시흥동,1013,11545-55,관악산벽산타운5,,114.84,9,2004,50000,2020-03-03,,,,,,
금천구,11545,10300,시흥동,1010,11545-39,벽산,,84.99,13,2000,38000,2020-03-07,,,,,,
금천구,11545,10300,시흥동,1013,11545-55,관악산벽산타운5,,59.34,6,2004,37100,2020-03-09,,,,,,
금천구,11545,10200,독산동,1140,11545-108,독산동중앙하이츠빌,,84.8768,13,2004,64000,2020-03-07,,,,,,
금천구,11545,10300,시흥동,1011,11545-63,우방,,59.91,18,2002,41000,2020-03-09,,,,,,
금천구,11545,10200,독산동,1140,11545-108,독산동중앙하이츠빌,,84.8768,2,2004,59500,2020-03-04,,,,,,
금천구,11545,10300,시흥동,992-20,11545-2601,웨스트밸리,,41.67,7,2020,30000,2020-03-04,,,,,,
금천구,11545,10300,시흥동,992-20,11545-2601,웨스트밸리,,41.7,7,2020,30000,2020-03-04,,,,,,
금천구,11545,10300,시흥동,992-20,11545-2601,웨스트밸리,,41.7,7,2020,30000,2020-03-04,,,,,,
금천구,11545,10300,시흥동,992-20,11545-2601,웨스트밸리,,41.67,7,2020,30000,2020-03-04,,,,,,
금천구,11545,10300,시흥동,992-20,11545-2601,웨스트밸리,,41.7,7,2020,30000,2020-03-04,,,,,,
금천구,11545,10300,시흥동,992-20,11545-2601,웨스트밸리,,41.67,7,2020,30000,2020-03-04,,,,,,
금천구,11545,10300,시흥동,992-20,11545-2601,웨스트밸리,,41.67,7,2020,30000,2020-03-04,,,,,,
금천구,11545,10300,시흥동,992-20,11545-2601,웨스트밸리,,41.7,7,2020,30000,2020-03-04,,,,,,
금천구,11545,10300,시흥동,992-20,11545-2601,웨스트밸리,,43.36,7,2020,30000,2020-03-04,,,,,,
금천구,11545,10300,시흥동,992-20,11545-2601,웨스트밸리,,43.19,7,2020,30000,2020-03-04,,,,,,
금천구,11545,10300,시흥동,992-20,11545-2601,웨스트밸리,,26.21,7,2020,18550,2020-03-04,,,,,,
금천구,11545,10300,시흥동,992-20,11545-2601,웨스트밸리,,41.67,7,2020,30000,2020-03-04,,,,,,
금천구,11545,10300,시흥동,992-20,11545-2601,웨스트밸리,,41.7,7,2020,30000,2020-03-04,,,,,,
금천구,11545,10300,시흥동,992-20,11545-2601,웨스트밸리,,41.67,8,2020,30000,2020-03-04,,,,,,
금천구,11545,10300,시흥동,992-20,11545-2601,웨스트밸리,,41.7,8,2020,30000,2020-03-04,,,,,,
금천구,11545,10300,시흥동,992-20,11545-2601,웨스트밸리,,41.7,8,2020,30000,2020-03-04,,,,,,
금천구,11545,10300,시흥동,992-20,11545-2601,웨스트밸리,,41.67,8,2020,30000,2020-03-04,,,,,,
금천구,11545,10300,시흥동,992-20,11545-2601,웨스트밸리,,41.7,8,2020,30000,2020-03-04,,,,,,
금천구,11545,10300,시흥동,992-20,11545-2601,웨스트밸리,,41.67,8,2020,30000,2020-03-04,,,,,,
금천구,11545,10300,시흥동,992-20,11545-2601,웨스트밸리,,41.67,8,2020,30000,2020-03-04,,,,,,
금천구,11545,10300,시흥동,992-20,11545-2601,웨스트밸리,,41.7,8,2020,30000,2020-03-04,,,,,,
금천구,11545,10300,시흥동,992-20,11545-2601,웨스트밸리,,43.36,8,2020,30000,2020-03-04,,,,,,
금천구,11545,10300,시흥동,992-20,11545-2601,웨스트밸리,,43.19,8,2020,30000,2020-03-04,,,,,,
금천구,11545,10300,시흥동,992-20,11545-2601,웨스트밸리,,26.21,8,2020,18850,2020-03-04,,,,,,
금천구,11545,10300,시흥동,992-20,11545-2601,웨스트밸리,,41.67,8,2020,30000,2020-03-04,,,,,,
금천구,11545,10300,시흥동,992-20,11545-2601,웨스트밸리,,41.7,8,2020,30000,2020-03-04,,,,,,
금천구,11545,10300,시흥동,992-20,11545-2601,웨스트밸리,,41.67,9,2020,30000,2020-03-04,,,,,,
금천구,11545,10300,시흥동,992-20,11545-2601,웨스트밸리,,41.7,9,2020,30000,2020-03-04,,,,,,
금천구,11545,10300,시흥동,992-20,11545-2601,웨스트밸리,,41.7,9,2020,30000,2020-03-04,,,,,,
금천구,11545,10300,시흥동,992-20,11545-2601,웨스트밸리,,41.67,9,2020,30000,2020-03-04,,,,,,
금천구,11545,10300,시흥동,992-20,11545-2601,웨스트밸리,,41.7,9,2020,30000,2020-03-04,,,,,,
금천구,11545,10300,시흥동,992-20,11545-2601,웨스트밸리,,41.67,9,2020,30000,2020-03-04,,,,,,
금천구,11545,10300,시흥동,992-20,11545-2601,웨스트밸리,,41.67,9,2020,30000,2020-03-04,,,,,,
금천구,11545,10300,시흥동,992-20,11545-2601,웨스트밸리,,41.7,9,2020,30000,2020-03-04,,,,,,
금천구,11545,10300,시흥동,992-20,11545-2601,웨스트밸리,,43.36,9,2020,30000,2020-03-04,,,,,,
금천구,11545,10300,시흥동,992-20,11545-2601,웨스트밸리,,43.19,9,2020,30000,2020-03-04,,,,,,
금천구,11545,10300,시흥동,992-20,11545-2601,웨스트밸리,,26.21,9,2020,19000,2020-03-04,,,,,,
금천구,11545,10300,시흥동,992-20,11545-2601,웨스트밸리,,41.67,9,2020,30000,2020-03-04,,,,,,
금천구,11545,10300,시흥동,992-20,11545-2601,웨스트밸리,,41.7,9,2020,30000,2020-03-04,,,,,,
금천구,11545,10300,시흥동,992-20,11545-2601,웨스트밸리,,41.67,10,2020,30000,2020-03-04,,,,,,
금천구,11545,10300,시흥동,992-20,11545-2601,웨스트밸리,,41.7,10,2020,30000,2020-03-04,,,,,,
금천구,11545,10300,시흥동,992-20,11545-2601,웨스트밸리,,41.7,10,2020,30000,2020-03-04,,,,,,
금천구,11545,10300,시흥동,992-20,11545-2601,웨스트밸리,,41.67,10,2020,30000,2020-03-04,,,,,,
금천구,11545,10300,시흥동,992-20,11545-2601,웨스트밸리,,41.7,10,2020,30000,2020-03-04,,,,,,
금천구,11545,10300,시흥동,992-20,11545-2601,웨스트밸리,,41.67,10,2020,30000,2020-03-04,,,,,,
금천구,11545,10300,시흥동,992-20,11545-2601,웨스트밸리,,41.67,10,2020,30000,2020-03-04,,,,,,
금천구,11545,10300,시흥동,992-20,11545-2601,웨스트밸리,,41.7,10,2020,30000,2020-03-04,,,,,,
금천구,11545,10300,시흥동,992-20,11545-2601,웨스트밸리,,43.36,10,2020,30000,2020-03-04,,,,,,
금천구,11545,10300,시흥동,992-20,11545-2601,웨스트밸리,,43.19,10,2020,30000,2020-03-04,,,,,,
금천구,11545,10300,시흥동,992-20,11545-2601,웨스트밸리,,26.21,10,2020,19200,2020-03-04,,,,,,
금천구,11545,10300,시흥동,992-20,11545-2601,웨스트밸리,,41.67,10,2020,30000,2020-03-04,,,,,,
금천구,11545,10300,시흥동,992-20,11545-2601,웨스트밸리,,41.7,10,2020,30000,2020-03-04,,,,,,
금천구,11545,10300,시흥동,992-20,11545-2601,웨스트밸리,,41.67,11,2020,30000,2020-03-04,,,,,,
금천구,11545,10300,시흥동,992-20,11545-2601,웨스트밸리,,41.7,11,2020,30000,2020-03-04,,,,,,
금천구,11545,10300,시흥동,992-20,11545-2601,웨스트밸리,,41.7,11,2020,30000,2020-03-04,,,,,,
금천구,11545,10300,시흥동,992-20,11545-2601,웨스트밸리,,41.67,11,2020,30000,2020-03-04,,,,,,
금천구,11545,10300,시흥동,992-20,11545-2601,웨스트밸리,,41.7,11,2020,30000,2020-03-04,,,,,,
금천구,11545,10300,시흥동,992-20,11545-2601,웨스트밸리,,41.67,11,2020,30000,2020-03-04,,,,,,
금천구,11545,10300,시흥동,992-20,11545-2601,웨스트밸리,,41.67,11,2020,30000,2020-03-04,,,,,,
금천구,11545,10300,시흥동,992-20,11545-2601,웨스트밸리,,41.7,11,2020,30000,2020-03-04,,,,,,
금천구,11545,10300,시흥동,992-20,11545-2601,웨스트밸리,,43.36,11,2020,30000,2020-03-04,,,,,,
금천구,11545,10300,시흥동,992-20,11545-2601,웨스트밸리,,43.19,11,2020,30000,2020-03-04,,,,,,
금천구,11545,10300,시흥동,992-20,11545-2601,웨스트밸리,,26.21,11,2020,19350,2020-03-04,,,,,,
금천구,11545,10300,시흥동,992-20,11545-2601,웨스트밸리,,41.67,11,2020,30000,2020-03-04,,,,,,
금천구,11545,10300,시흥동,992-20,11545-2601,웨스트밸리,,41.7,11,2020,30000,2020-03-04,,,,,,
금천구,11545,10300,시흥동,992-20,11545-2601,웨스트밸리,,41.67,12,2020,30000,2020-03-04,,,,,,
금천구,11545,10300,시흥동,992-20,11545-2601,웨스트밸리,,41.7,12,2020,30000,2020-03-04,,,,,,
금천구,11545,10300,시흥동,992-20,11545-2601,웨스트밸리,,41.7,12,2020,30000,2020-03-04,,,,,,
금천구,11545,10300,시흥동,992-20,11545-2601,웨스트밸리,,41.67,12,2020,30000,2020-03-04,,,,,,
금천구,11545,10300,시흥동,992-20,11545-2601,웨스트밸리,,41.67,12,2020,30000,2020-03-04,,,,,,
금천구,11545,10300,시흥동,992-20,11545-2601,웨스트밸리,,41.67,12,2020,30000,2020-03-04,,,,,,
금천구,11545,10300,시흥동,992-20,11545-2601,웨스트밸리,,41.7,12,2020,30000,2020-03-04,,,,,,
금천구,11545,10300,시흥동,992-20,11545-2601,웨스트밸리,,43.36,12,2020,30000,2020-03-04,,,,,,
금천구,11545,10300,시흥동,992-20,11545-2601,웨스트밸리,,43.19,12,2020,30000,2020-03-04,,,,,,
금천구,11545,10300,시흥동,992-20,11545-2601,웨스트밸리,,26.21,12,2020,19350,2020-03-04,,,,,,
금천구,11545,10300,시흥동,992-20,11545-2601,웨스트밸리,,41.67,12,2020,30000,2020-03-04,,,,,,
금천구,11545,10300,시흥동,992-20,11545-2601,웨스트밸리,,41.7,12,2020,30000,2020-03-04,,,,,,
금천구,11545,10300,시흥동,817-29,11545-45,시흥(817-29),,39.83,3,1975,12000,2020-03-04,,,,,,
금천구,11545,10300,시흥동,882-61,11545-1734,와이즈플레이스,,14.22,15,2012,9500,2020-03-02,,,,,,
금천구,11545,10300,시흥동,384-12,11545-34,남서울건영2,,41.34,14,1989,24500,2020-03-02,,,,,,
영등포구,11560,12100,문래동3가,76-1,11560-57,국화맨션,,84.71,11,1983,101000,2020-03-16,,,,,,
영등포구,11560,11400,당산동4가,30-1,11560-40,당산현대5차,,114.84,15,2000,127500,2020-03-10,,,,,,
영등포구,11560,12400,문래동6가,45,11560-75,현대2차,,41.04,6,1987,46500,2020-03-14,,,,,,
영등포구,11560,11500,당산동5가,11-33,11560-165,당산디오빌,,28.86,5,2005,35000,2020-03-17,,,,,,
영등포구,11560,13200,신길동,4950,11560-2006,래미안에스티움,,84.97,8,2017,144000,2020-03-26,,,,,,
영등포구,11560,11500,당산동5가,42,11560-138,당산삼성래미안4차,,133.42,2,2003,146000,2020-03-30,,,,,,
영등포구,11560,11500,당산동5가,42,11560-138,당산삼성래미안4차,,161.08,18,2003,149500,2020-03-27,,,,,,
영등포구,11560,12100,문래동3가,54,11560-60,문래자이,,121.53,4,2001,130000,2020-03-24,,,,,,
영등포구,11560,13300,대림동,717,11560-1602,쌍용플래티넘S,,18.24,10,2013,11300,2020-03-31,,,,,,
영등포구,11560,11400,당산동4가,30-1,11560-40,당산현대5차,,59.75,7,2000,89950,2020-03-30,,,,,,
영등포구,11560,13200,신길동,4950,11560-2006,래미안에스티움,,84.97,8,2017,144000,2020-03-26,O,20.05.21,,,,
영등포구,11560,13200,신길동,897-1,11560-108,삼환,,59.53,20,1997,74000,2020-03-26,,,,,,
영등포구,11560,13200,신길동,4935,11560-109,신기목련아파트,,59.4,6,2000,47600,2020-03-26,,,,,,
영등포구,11560,11400,당산동4가,96,11560-1446,당산반도유보라팰리스,,127.09,8,2010,130000,2020-03-31,,,,,,
영등포구,11560,11200,당산동2가,16-1,11560-152,당산대우,,45.55,7,1999,41000,2020-03-23,,,,,,
영등포구,11560,11500,당산동5가,11-33,11560-165,당산디오빌,,58.54,11,2005,61500,2020-03-24,,,,,,
영등포구,11560,11200,당산동2가,16-1,11560-152,당산대우,,31.73,21,1999,32000,2020-03-20,,,,,,
영등포구,11560,11300,당산동3가,564,11560-1682,당산계룡리슈빌1단지,,38.77,11,2014,63700,2020-03-18,O,20.04.17,,,,
영등포구,11560,12600,양평동2가,45,11560-82,상록수,,59.99,4,1999,48500,2020-03-26,,,,,,
영등포구,11560,11200,당산동2가,16-1,11560-152,당산대우,,31.73,17,1999,31900,2020-03-31,,,,,,
영등포구,11560,12400,문래동6가,43,11560-74,한신,,40.04,6,1985,41000,2020-03-27,,,,,,
영등포구,11560,12100,문래동3가,54,11560-60,문래자이,,121.53,9,2001,135000,2020-03-16,,,,,,
영등포구,11560,11300,당산동3가,394,11560-32,삼익,,82.65,5,1979,84000,2020-03-24,,,,,,
영등포구,11560,13300,대림동,608-1,11560-133,현대3차,,43.92,12,1997,54300,2020-03-20,,,,,,
영등포구,11560,13300,대림동,946-1,11560-120,대림현대,,84.96,10,1999,67000,2020-03-24,,,,,,
영등포구,11560,12500,양평동1가,14-1,11560-80,한신공영,,59.98,14,1996,62500,2020-03-21,,,,,,
영등포구,11560,13200,신길동,4759,11560-106,삼성,,41.58,2,1984,63500,2020-03-25,,,,,,
영등포구,11560,13300,대림동,1124,11560-1606,신대림신동아파밀리에,,84.9511,2,2013,69650,2020-03-27,,,,,,
영등포구,11560,12700,양평동3가,24,11560-87,삼천리,,123.58,3,2000,79000,2020-03-14,,,,,,
영등포구,11560,12300,문래동5가,67,11560-1971,문래모아미래도,,84.81,12,2017,97000,2020-03-21,,,,,,
영등포구,11560,10100,영등포동,647,11560-2,영등포푸르지오,,84.84,11,2002,94000,2020-03-17,,,,,,
영등포구,11560,12200,문래동4가,43,11560-63,문래동삼환,,59.85,6,2001,66000,2020-03-16,,,,,,
영등포구,11560,12100,문래동3가,76-1,11560-57,국화맨션,,84.71,11,1983,101000,2020-03-16,O,20.06.29,,,,
영등포구,11560,13300,대림동,897-1,11560-129,한신휴2차,,59.89,7,1999,51000,2020-03-21,,,,,,
영등포구,11560,11000,여의도동,61,11560-135,리첸시아,,119.21,29,2003,155000,2020-03-16,,,,,,
영등포구,11560,11800,도림동,821,11560-1665,영등포아트자이,,84.974,14,2014,108500,2020-03-21,,,,,,
영등포구,11560,13300,대림동,1101-1,11560-1546,(1101-1),,14.46,8,2012,11400,2020-03-24,,,,,,
영등포구,11560,11700,당산동,121-41,11560-140,강변한솔그라치아,,79.57,7,2003,55000,2020-03-13,,,,,,
영등포구,11560,12700,양평동3가,79-4,11560-92,현대2차,,80.92,11,1990,84000,2020-03-20,,,,,,
영등포구,11560,13300,대림동,608-1,11560-133,현대3차,,63.48,16,1997,72000,2020-03-14,,,,,,
영등포구,11560,11300,당산동3가,566,11560-1681,당산계룡리슈빌2단지,,47.25,2,2014,63700,2020-03-12,,,,,,
영등포구,11560,11500,당산동5가,42,11560-138,당산삼성래미안4차,,84.94,23,2003,134300,2020-03-18,,,,,,
영등포구,11560,12300,문래동5가,67,11560-1971,문래모아미래도,,84.81,10,2017,99000,2020-03-16,,,,,,
영등포구,11560,13300,대림동,696,11560-131,우성1,,83.59,2,1985,57500,2020-03-23,,,,,,
영등포구,11560,10100,영등포동,647,11560-2,영등포푸르지오,,84.84,23,2002,92500,2020-03-21,,,,,,
영등포구,11560,12400,문래동6가,45,11560-75,현대2차,,41.04,6,1987,46500,2020-03-14,O,20.06.09,,,,
영등포구,11560,10100,영등포동,647,11560-2,영등포푸르지오,,79.777,12,2002,90000,2020-03-17,,,,,,
영등포구,11560,13300,대림동,777-1,11560-125,신동아,,53.37,4,1987,38500,2020-03-28,,,,,,
영등포구,11560,11000,여의도동,43-4,11560-1247,롯데캐슬아이비,,113.59,24,2005,155000,2020-03-11,,,,,,
영등포구,11560,10800,영등포동7가,203,11560-1955,아크로타워스퀘어,,84.65,3,2017,132500,2020-03-21,,,,,,
영등포구,11560,10800,영등포동7가,46-1,11560-6,경남아너스빌,,59.9,7,1998,73900,2020-03-10,,,,,,
영등포구,11560,10800,영등포동7가,46-1,11560-6,경남아너스빌,,84.93,12,1998,91500,2020-03-11,,,,,,
영등포구,11560,11000,여의도동,54,11560-23,진주,,48.26,3,1977,110000,2020-03-12,,,,,,
영등포구,11560,12000,문래동2가,35,11560-56,남성,,58.52,6,1983,61500,2020-03-17,,,,,,
영등포구,11560,12700,양평동3가,55-1,11560-89,경남아너스빌,,84.92,16,1998,64800,2020-03-20,,,,,,
영등포구,11560,10800,영등포동7가,94-99,11560-2052,여의휴젠느,,29.95,14,2018,32500,2020-03-13,,,,,,
영등포구,11560,13200,신길동,4780,11560-1233,보라매경남아너스빌,,84.79,23,2005,86000,2020-03-14,,,,,,
영등포구,11560,12900,양평동5가,76,11560-98,양평한신,,84.87,8,1996,87500,2020-03-16,,,,,,
영등포구,11560,13300,대림동,785-1,11560-132,현대1,,84.75,20,1992,61900,2020-03-28,,,,,,
영등포구,11560,11500,당산동5가,42,11560-138,당산삼성래미안4차,,115.78,15,2003,141000,2020-03-24,,,,,,
영등포구,11560,12400,문래동6가,45,11560-75,현대2차,,59.31,1,1987,53500,2020-03-19,,,,,,
영등포구,11560,13200,신길동,4964,11560-2118,신길센트럴자이아파트,,59.98,3,2021,104800,2020-03-10,O,20.07.09,,,,
영등포구,11560,11000,여의도동,50,11560-20,시범,,79.24,9,1971,148000,2020-03-12,,,,,,
영등포구,11560,13200,신길동,4933,11560-115,우성5,,84.98,16,1993,66550,2020-03-07,,,,,,
영등포구,11560,13200,신길동,4501,11560-116,우창,,62.84,6,1983,74500,2020-03-05,,,,,,
영등포구,11560,12100,문래동3가,54,11560-60,문래자이,,147.34,4,2001,150000,2020-03-31,,,,,,
영등포구,11560,12400,문래동6가,45,11560-75,현대2차,,41.04,14,1987,45000,2020-03-20,,,,,,
영등포구,11560,12300,문래동5가,14,11560-64,문래두산위브,,79.86,11,1988,65100,2020-03-12,,,,,,
영등포구,11560,13200,신길동,897-1,11560-108,삼환,,59.53,20,1997,74000,2020-03-05,,,,,,
영등포구,11560,11200,당산동2가,16-1,11560-152,당산대우,,45.55,2,1999,38650,2020-03-06,,,,,,
영등포구,11560,13300,대림동,897-1,11560-129,한신휴2차,,59.89,4,1999,51000,2020-03-22,,,,,,
영등포구,11560,13300,대림동,607-1,11560-127,코오롱,,84.93,24,1998,77800,2020-03-19,,,,,,
영등포구,11560,13200,신길동,4942,11560-1574,여의도리버뷰,,12.96,6,2012,11700,2020-03-31,,,,,,
영등포구,11560,11400,당산동4가,94-1,11560-35,당산삼성2차,,84.93,8,1997,95000,2020-03-06,,,,,,
영등포구,11560,11100,당산동1가,16-1,11560-29,진로,,162.21,1,1997,99500,2020-03-06,,,,,,
영등포구,11560,11000,여의도동,36,11560-168,롯데캐슬엠파이어,,156.66,18,2005,172000,2020-03-05,,,,,,
영등포구,11560,13200,신길동,4935,11560-109,신기목련아파트,,59.4,15,2000,44800,2020-03-04,,,,,,
영등포구,11560,13200,신길동,65-21,11560-1639,프리가,,16.09,5,2013,14400,2020-03-23,,,,,,
영등포구,11560,10100,영등포동,649,11560-164,두산위브,,59.8,8,2004,71000,2020-03-21,,,,,,
영등포구,11560,10200,영등포동1가,75-4,11560-1607,스테이72여의도,,12.4,7,2013,14300,2020-03-26,,,,,,
영등포구,11560,10800,영등포동7가,202,11560-151,브라운스톤영등포,,84.9,14,2004,77000,2020-03-16,,,,,,
영등포구,11560,13200,신길동,4780,11560-1233,보라매경남아너스빌,,84.79,15,2005,86000,2020-03-10,,,,,,
영등포구,11560,11000,여의도동,43-4,11560-1247,롯데캐슬아이비,,103.86,25,2005,144000,2020-03-02,,,,,,
영등포구,11560,11300,당산동3가,565,11560-1689,당산계룡리슈빌3단지,,49.993,3,2014,66300,2020-03-03,,,,,,
영등포구,11560,12400,문래동6가,47-1,11560-69,대원,,106.41,9,1998,84500,2020-03-15,,,,,,
영등포구,11560,13200,신길동,4518,11560-112,우성2,,53.24,6,1986,76500,2020-03-14,,,,,,
영등포구,11560,11500,당산동5가,7-2,11560-45,유원제일2차,,84.6,8,1984,126000,2020-03-03,,,,,,
영등포구,11560,12500,양평동1가,270,11560-1321,창건애드웰,,51.95,11,2006,47600,2020-03-24,,,,,,
영등포구,11560,10100,영등포동,618-83,11560-1,영일,,41.32,3,1969,23800,2020-03-26,,,,,,
영등포구,11560,12400,문래동6가,38-1,11560-72,문래베어스타운,,84.9,4,1997,73500,2020-03-10,,,,,,
영등포구,11560,11000,여의도동,51,11560-16,삼익,,122.78,11,1974,160000,2020-03-01,,,,,,
영등포구,11560,13300,대림동,777-1,11560-125,신동아,,84.85,6,1987,40000,2020-03-26,,,,,,
영등포구,11560,12800,양평동4가,12,11560-95,성원,,84.66,18,1993,79300,2020-03-10,,,,,,
영등포구,11560,12100,문래동3가,93-1,11560-58,문래건영,,59.4,5,1998,68000,2020-03-05,,,,,,
영등포구,11560,11200,당산동2가,16-1,11560-152,당산대우,,45.55,15,1999,38900,2020-03-16,,,,,,
영등포구,11560,13200,신길동,364,11560-101,건영,,75.93,1,1985,69500,2020-03-03,,,,,,
영등포구,11560,12900,양평동5가,76,11560-98,양평한신,,59.94,15,1996,71000,2020-03-10,,,,,,
영등포구,11560,12900,양평동5가,76,11560-98,양평한신,,59.94,10,1996,73500,2020-03-09,,,,,,
영등포구,11560,13200,신길동,4945,11560-1793,래미안영등포프레비뉴,,84.98,6,2015,123500,2020-03-03,,,,,,
영등포구,11560,12900,양평동5가,76,11560-98,양평한신,,59.94,4,1996,71900,2020-03-07,,,,,,
영등포구,11560,13200,신길동,364,11560-101,건영,,60.27,8,1985,72500,2020-03-09,,,,,,
영등포구,11560,11200,당산동2가,164,11560-31,당산2가현대홈타운,,82.77,14,1994,92500,2020-03-09,,,,,,
영등포구,11560,11300,당산동3가,566,11560-1681,당산계룡리슈빌2단지,,39.986,3,2014,57000,2020-03-13,,,,,,
영등포구,11560,11400,당산동4가,30-1,11560-40,당산현대5차,,114.84,15,2000,127500,2020-03-10,O,20.06.12,,,,
영등포구,11560,12700,양평동3가,101,11560-91,양평현대6차,,84.94,20,2000,85000,2020-03-10,,,,,,
영등포구,11560,13200,신길동,4942,11560-1574,여의도리버뷰,,12.96,3,2012,11000,2020-03-23,,,,,,
영등포구,11560,10200,영등포동1가,113-1,11560-1637,여의도씨티아이,,12.59,18,2013,13000,2020-03-10,,,,,,
영등포구,11560,11800,도림동,165-1,11560-54,동아에코빌,,84.99,13,2000,80000,2020-03-23,,,,,,
영등포구,11560,12400,문래동6가,38-1,11560-72,문래베어스타운,,84.9,1,1997,67000,2020-03-18,,,,,,
영등포구,11560,13000,양평동6가,99,11560-100,한솔,,59.28,4,1999,58500,2020-03-14,,,,,,
영등포구,11560,13200,신길동,454-4,11560-147,한양,,49.98,2,2003,26000,2020-03-19,,,,,,
영등포구,11560,13300,대림동,607-1,11560-127,코오롱,,84.93,13,1998,80000,2020-03-10,,,,,,
영등포구,11560,10800,영등포동7가,202,11560-151,브라운스톤영등포,,84.9,2,2004,69000,2020-03-09,,,,,,
영등포구,11560,10800,영등포동7가,203,11560-1955,아크로타워스퀘어,,84.75,21,2017,146800,2020-03-13,,,,,,
영등포구,11560,10800,영등포동7가,203,11560-1955,아크로타워스퀘어,,84.75,14,2017,145000,2020-03-05,,,,,,
영등포구,11560,12100,문래동3가,99,11560-1762,예지팰리스77차,,77.76,4,2015,59990,2020-03-16,,,,,,
영등포구,11560,11300,당산동3가,559,11560-1453,쌍용예가클래식,,68.28,6,2010,84000,2020-03-12,,,,,,
영등포구,11560,10100,영등포동,649,11560-164,두산위브,,83.98,8,2004,80000,2020-03-07,,,,,,
영등포구,11560,13200,신길동,4943,11560-1626,선원가와인,,84.782,6,2013,64800,2020-03-07,,,,,,
영등포구,11560,13200,신길동,4501,11560-116,우창,,55.9,8,1983,73000,2020-03-03,,,,,,
영등포구,11560,10100,영등포동,647,11560-2,영등포푸르지오,,59.912,16,2002,86000,2020-03-09,,,,,,
영등포구,11560,13200,신길동,67-1,11560-102,경남,,59.96,13,1999,66000,2020-03-12,,,,,,
영등포구,11560,11500,당산동5가,11-33,11560-165,당산디오빌,,57.75,14,2005,62000,2020-03-02,,,,,,
영등포구,11560,12100,문래동3가,13,11560-59,문래해태,,84.69,3,1999,70000,2020-03-07,,,,,,
영등포구,11560,11000,여의도동,41,11560-10,대교,,95.5,7,1975,150000,2020-03-03,,,,,,
영등포구,11560,13200,신길동,4780,11560-1233,보라매경남아너스빌,,84.79,19,2005,86500,2020-03-14,,,,,,
영등포구,11560,13300,대림동,777-1,11560-125,신동아,,84.85,3,1987,53000,2020-03-02,,,,,,
영등포구,11560,13200,신길동,4950,11560-2006,래미안에스티움,,84.97,22,2017,139000,2020-03-09,,,,,,
영등포구,11560,10100,영등포동,649,11560-164,두산위브,,59.8,10,2004,71000,2020-03-04,,,,,,
영등포구,11560,10800,영등포동7가,203,11560-1955,아크로타워스퀘어,,59.91,8,2017,113000,2020-03-06,,,,,,
영등포구,11560,11300,당산동3가,561,11560-139,동부센트레빌,,82.19,4,2003,95800,2020-03-12,,,,,,
영등포구,11560,13300,대림동,887-1,11560-119,한신휴1차,,99.92,9,1998,65500,2020-03-09,,,,,,
영등포구,11560,11200,당산동2가,164,11560-31,당산2가현대홈타운,,82.77,11,1994,92300,2020-03-04,,,,,,
영등포구,11560,13300,대림동,897-1,11560-129,한신휴2차,,84.93,11,1999,60000,2020-03-03,,,,,,
영등포구,11560,11400,당산동4가,30-1,11560-40,당산현대5차,,114.84,15,2000,127500,2020-03-10,O,20.03.13,,,,
영등포구,11560,11700,당산동,376,11560-50,강변래미안,,79.43,10,2002,99700,2020-03-05,,,,,,
영등포구,11560,11500,당산동5가,40,11560-44,성원,,84.96,2,1997,88000,2020-03-11,,,,,,
영등포구,11560,11400,당산동4가,30-1,11560-40,당산현대5차,,84.69,22,2000,107000,2020-03-07,,,,,,
영등포구,11560,11400,당산동4가,30-1,11560-40,당산현대5차,,84.69,9,2000,108700,2020-03-09,,,,,,
영등포구,11560,12500,양평동1가,14-1,11560-80,한신공영,,59.98,15,1996,60000,2020-03-06,,,,,,
영등포구,11560,12800,양평동4가,94,11560-94,삼호한숲,,84.99,11,2000,87000,2020-03-04,,,,,,
영등포구,11560,11700,당산동,376,11560-50,강변래미안,,55.91,2,2002,85000,2020-03-06,,,,,,
영등포구,11560,13200,신길동,4780,11560-1233,보라매경남아너스빌,,59.78,14,2005,71800,2020-03-04,,,,,,
영등포구,11560,10900,영등포동8가,76-1,11560-7,삼환,,84.87,13,1999,97000,2020-03-05,,,,,,
영등포구,11560,11000,여의도동,30-2,11560-15,삼부,,135.8,11,1975,208000,2020-03-05,,,,,,
영등포구,11560,12800,양평동4가,160-2,11560-96,약산,,39.99,5,1984,17600,2020-03-06,,,,,,
영등포구,11560,11800,도림동,231-1,11560-55,한라,,84.38,15,1998,57400,2020-03-06,,,,,,
영등포구,11560,13200,신길동,4950,11560-2006,래미안에스티움,,84.92,9,2017,135000,2020-03-01,,,,,,
영등포구,11560,12600,양평동2가,45,11560-82,상록수,,59.67,2,1999,42000,2020-03-03,,,,,,
영등포구,11560,10100,영등포동,648,11560-3,순영웰라이빌,,84.88,16,2002,63000,2020-03-03,,,,,,
영등포구,11560,10800,영등포동7가,94-51,11560-1530,훼미리하우스117,,16.98,9,2012,12000,2020-03-04,,,,,,
영등포구,11560,13300,대림동,946-1,11560-120,대림현대,,59.76,8,1999,53000,2020-03-03,,,,,,
영등포구,11560,11300,당산동3가,561,11560-139,동부센트레빌,,114.96,15,2003,110000,2020-03-02,,,,,,
동작구,11590,10400,본동,494,11590-3831,래미안트윈파크,,59.9,14,2011,111500,2020-03-14,,,,,,
동작구,11590,10700,사당동,1037-9,11590-3313,삼성아파트,,59.275,10,2006,71000,2020-03-30,O,20.07.27,,,,
동작구,11590,10100,노량진동,227-5,11590-2,노량진맨션,,56.06,4,1974,82000,2020-03-27,,,,,,
동작구,11590,10800,대방동,503,11590-63,주공2,,59.97,8,1995,81600,2020-03-27,,,,,,
동작구,11590,10800,대방동,502,11590-84,대방동현대,,59.84,22,1994,68500,2020-03-28,,,,,,
동작구,11590,10200,상도동,903,11590-4879,e편한세상상도노빌리티,,84.9704,17,2018,140000,2020-03-27,,,,,,
동작구,11590,10200,상도동,409,11590-11,동아,,83.09,6,1995,43850,2020-03-21,,,,,,
동작구,11590,10600,동작동,331,11590-95,금강KCC,,84.95,4,2003,88000,2020-03-28,,,,,,
동작구,11590,10500,흑석동,327,11590-35,청호,,59.85,6,1997,61850,2020-03-18,,,,,,
동작구,11590,10900,신대방동,705,11590-74,신대방,,59.6,7,1995,46200,2020-03-21,,,,,,
동작구,11590,10800,대방동,503,11590-63,주공2,,58.65,5,1995,80000,2020-03-24,,,,,,
동작구,11590,10900,신대방동,395-66,11590-82,보라매삼성쉐르빌,,163.83,35,2003,115800,2020-03-25,,,,,,
동작구,11590,10400,본동,482,11590-30,유원강변,,114.58,4,2000,114500,2020-03-17,,,,,,
동작구,11590,10800,대방동,500,11590-59,성원,,84.32,8,1994,99950,2020-03-28,,,,,,
동작구,11590,10700,사당동,105,11590-49,사당우성2,,46.75,10,1993,67000,2020-03-30,,,,,,
동작구,11590,10800,대방동,515,11590-3964,아데나339,,27.83,3,2012,17000,2020-03-28,,,,,,
동작구,11590,10700,사당동,1150,11590-98,삼익그린뷰,,84.9941,4,2003,62500,2020-03-28,,,,,,
동작구,11590,10700,사당동,169-8,11590-39,대림(169-8),,84.91,11,1990,108000,2020-03-18,,,,,,
동작구,11590,10600,동작동,332,11590-3322,이수교KCC스위첸,,84.98,9,2006,93900,2020-03-28,,,,,,
동작구,11590,10200,상도동,531,11590-3954,힐스테이트 상도 센트럴파크,,59.7754,10,2012,105000,2020-03-27,,,,,,
동작구,11590,10800,대방동,501,11590-57,대림아파트,,59.84,7,1993,80000,2020-03-14,,,,,,
동작구,11590,10600,동작동,331,11590-95,금강KCC,,84.95,4,2003,86500,2020-03-10,,,,,,
동작구,11590,10100,노량진동,325,11590-4,신동아리버파크,,84.88,6,2001,87300,2020-03-31,,,,,,
동작구,11590,10900,신대방동,565,11590-76,우성1차,,126.16,9,1988,112000,2020-03-19,,,,,,
동작구,11590,10400,본동,484,11590-96,경동윈츠리버,,56.68,11,2004,59900,2020-03-18,,,,,,
동작구,11590,10200,상도동,414,11590-9,건영,,32.8,17,1997,47000,2020-03-21,,,,,,
동작구,11590,10900,신대방동,710,11590-66,경남교수,,84.94,18,2001,84500,2020-03-21,,,,,,
동작구,11590,10600,동작동,331,11590-95,금강KCC,,59.72,6,2003,78000,2020-03-14,,,,,,
동작구,11590,10200,상도동,431,11590-127,래미안상도3차,,114.97,1,2004,108000,2020-03-17,,,,,,
동작구,11590,10200,상도동,903,11590-4879,e편한세상상도노빌리티,,108.9843,22,2018,159200,2020-03-09,,,,,,
동작구,11590,10700,사당동,1132,11590-97,롯데캐슬,,117.68,5,2003,113000,2020-03-23,,,,,,
동작구,11590,10200,상도동,409-3,11590-3754,종인아네스트(409-3),,58.76,3,2010,38000,2020-03-21,,,,,,
동작구,11590,10800,대방동,500,11590-59,성원,,84.32,19,1994,95000,2020-03-13,,,,,,
동작구,11590,10200,상도동,416,11590-126,아이파크,,84.96,2,2004,86000,2020-03-21,,,,,,
동작구,11590,10200,상도동,536,11590-4559,상도효성해링턴플레이스,,84.9506,16,2016,106000,2020-03-07,,,,,,
동작구,11590,10800,대방동,385-11,11590-117,삼인,,83.28,4,2004,51000,2020-03-14,,,,,,
동작구,11590,10700,사당동,105,11590-49,사당우성2,,118.25,4,1993,120000,2020-03-11,,,,,,
동작구,11590,10900,신대방동,565,11590-76,우성1차,,66.69,9,1988,73500,2020-03-23,,,,,,
동작구,11590,10800,대방동,504,11590-64,한국개나리,,108.99,2,1997,69000,2020-03-21,,,,,,
동작구,11590,10200,상도동,520,11590-3388,삼환나우빌(520-0),,126.362,10,2007,85000,2020-03-31,,,,,,
동작구,11590,10200,상도동,416,11590-126,아이파크,,84.96,2,2004,85000,2020-03-07,,,,,,
동작구,11590,10900,신대방동,395-62,11590-73,삼성보라매옴니타워,,164.88,19,1997,89950,2020-03-20,,,,,,
동작구,11590,10200,상도동,409-3,11590-3754,종인아네스트(409-3),,58.76,10,2010,26000,2020-03-24,,,,,,
동작구,11590,10900,신대방동,470-8,11590-78,한성아파트,,59.87,1,1995,64000,2020-03-20,,,,,,
동작구,11590,10900,신대방동,364-55,11590-237,펭귄,,57.69,2,1978,35000,2020-03-19,,,,,,
동작구,11590,10900,신대방동,713,11590-103,롯데낙천대,,80.1726,15,2003,89000,2020-03-14,,,,,,
동작구,11590,10200,상도동,256-206,11590-3349,원아파트,,84.74,2,2006,39400,2020-03-19,,,,,,
동작구,11590,10700,사당동,105,11590-49,사당우성2,,84.66,10,1993,113000,2020-03-10,,,,,,
동작구,11590,10200,상도동,407,11590-3295,현대(관악),,84.78,3,1992,72000,2020-03-06,,,,,,
동작구,11590,10400,본동,494,11590-3831,래미안트윈파크,,59.9,14,2011,111500,2020-03-14,O,20.06.15,,,,
동작구,11590,10800,대방동,502,11590-84,대방동현대,,84.96,20,1994,88500,2020-03-10,,,,,,
동작구,11590,10700,사당동,240-15,11590-51,제일,,60.03,7,1987,73000,2020-03-13,,,,,,
동작구,11590,10900,신대방동,565,11590-76,우성1차,,127.02,17,1988,110000,2020-03-26,,,,,,
동작구,11590,10500,흑석동,28,11590-36,한강현대,,131.4,15,1988,150000,2020-03-07,,,,,,
동작구,11590,10800,대방동,501,11590-57,대림아파트,,84.92,10,1993,112500,2020-03-03,,,,,,
동작구,11590,10900,신대방동,713,11590-103,롯데낙천대,,80.2422,2,2003,85000,2020-03-07,,,,,,
동작구,11590,10700,사당동,169-32,11590-52,현대,,51.66,8,1991,59500,2020-03-28,,,,,,
동작구,11590,10700,사당동,105,11590-47,신동아4,,84.46,11,1993,108000,2020-03-17,O,20.03.30,,,,
동작구,11590,10700,사당동,105,11590-47,신동아4,,84.46,11,1993,108000,2020-03-17,,,,,,
동작구,11590,10700,사당동,1143,11590-55,남해오네뜨,,59.958,8,2002,60000,2020-03-09,,,,,,
동작구,11590,10700,사당동,105,11590-49,사당우성2,,59.89,12,1993,95000,2020-03-10,,,,,,
동작구,11590,10500,흑석동,10,11590-34,명수대현대,,112.29,10,1988,141500,2020-03-07,,,,,,
동작구,11590,10700,사당동,1138,11590-45,삼호그린,,59.96,16,1999,60500,2020-03-09,,,,,,
동작구,11590,10700,사당동,1158,11590-4568,반석블레스,,59.86,11,2016,60000,2020-03-15,,,,,,
동작구,11590,10200,상도동,211-1,11590-17,약수맨션,,131.47,10,1980,82500,2020-03-18,,,,,,
동작구,11590,10700,사당동,105,11590-49,사당우성2,,118.25,7,1993,118000,2020-03-07,,,,,,
동작구,11590,10200,상도동,532,11590-3991,씨티아모리움,,14.1881,3,2012,16000,2020-03-07,,,,,,
동작구,11590,10700,사당동,1151,11590-3317,갑을명가,,81.6491,9,2006,62400,2020-03-26,,,,,,
동작구,11590,10200,상도동,445,11590-23,경향렉스빌,,114.6534,6,2002,76500,2020-03-02,,,,,,
동작구,11590,10700,사당동,105,11590-38,극동(105),,46.75,1,1993,59000,2020-03-03,,,,,,
동작구,11590,10100,노량진동,325,11590-4,신동아리버파크,,84.88,8,2001,89000,2020-03-14,,,,,,
동작구,11590,10800,대방동,515,11590-3964,아데나339,,18.67,5,2012,14900,2020-03-14,,,,,,
동작구,11590,10200,상도동,408,11590-13,상도동삼호아파트,,84.52,3,1994,70500,2020-03-09,,,,,,
동작구,11590,10700,사당동,1154,11590-3579,사당휴먼시아,,84.73,7,2009,86500,2020-03-21,,,,,,
동작구,11590,10200,상도동,256-28,11590-4728,다온아파트,,55.22,5,2017,39000,2020-03-21,,,,,,
동작구,11590,10200,상도동,421,11590-102,삼성래미안2,,84.796,3,2003,84000,2020-03-17,,,,,,
동작구,11590,10800,대방동,506,11590-65,현대홈타운2,,59.89,13,1999,69000,2020-03-08,,,,,,
동작구,11590,10100,노량진동,324,11590-1,건영(103동-106동),,84.94,11,1997,84700,2020-03-07,,,,,,
동작구,11590,10800,대방동,501,11590-57,대림아파트,,84.92,12,1993,119500,2020-03-02,,,,,,
동작구,11590,10900,신대방동,713,11590-103,롯데낙천대,,80.1726,15,2003,89000,2020-03-14,O,20.04.01,,,,
동작구,11590,10200,상도동,363-164,11590-4526,상도휴엔하임,,14.7,6,2016,16000,2020-03-06,,,,,,
동작구,11590,10900,신대방동,395-62,11590-73,삼성보라매옴니타워,,164.76,17,1997,88000,2020-03-05,,,,,,
동작구,11590,10700,사당동,1133,11590-54,삼성래미안,,84.967,17,2003,96000,2020-03-02,,,,,,
동작구,11590,10700,사당동,105,11590-49,사당우성2,,46.75,1,1993,63000,2020-03-11,,,,,,
동작구,11590,10200,상도동,363-164,11590-4526,상도휴엔하임,,14.7,8,2016,16100,2020-03-17,,,,,,
동작구,11590,10200,상도동,363-164,11590-4526,상도휴엔하임,,14.7,6,2016,16000,2020-03-06,O,20.03.18,,,,
동작구,11590,10100,노량진동,324,11590-1,건영(103동-106동),,84.94,3,1997,84000,2020-03-09,,,,,,
동작구,11590,10100,노량진동,325,11590-4,신동아리버파크,,84.88,19,2001,89000,2020-03-12,,,,,,
동작구,11590,10900,신대방동,720,11590-3743,보라매e편한세상,,128.86,1,2010,110000,2020-03-12,,,,,,
동작구,11590,10800,대방동,375-14,11590-3382,신건드림원,,84.85,2,2007,51000,2020-03-02,,,,,,
동작구,11590,10800,대방동,502,11590-84,대방동현대,,84.96,2,1994,79700,2020-03-07,O,20.05.26,,,,
동작구,11590,10200,상도동,450,11590-22,상도동래미안1차,,84.959,10,2004,93000,2020-03-06,,,,,,
동작구,11590,10900,신대방동,707,11590-79,현대,,84.57,8,1996,79800,2020-03-11,,,,,,
동작구,11590,10200,상도동,421,11590-102,삼성래미안2,,59.886,9,2003,79900,2020-03-07,,,,,,
동작구,11590,10100,노량진동,323,11590-5,우성,,124.77,12,1997,94500,2020-03-02,,,,,,
동작구,11590,10200,상도동,521,11590-3412,포스코더샵,,59.99,6,2007,95500,2020-03-12,,,,,,
동작구,11590,10600,동작동,331,11590-95,금강KCC,,84.95,14,2003,93500,2020-03-07,O,20.04.29,,,,
동작구,11590,10700,사당동,1131,11590-3828,두산위브트레지움,,59.9893,11,2011,95000,2020-03-09,,,,,,
동작구,11590,10700,사당동,1138,11590-45,삼호그린,,59.58,6,1999,60000,2020-03-04,,,,,,
동작구,11590,10700,사당동,169-8,11590-39,대림(169-8),,125.4,6,1990,130000,2020-03-06,,,,,,
동작구,11590,10700,사당동,1139,11590-43,사당자이,,60,6,1999,68800,2020-03-03,,,,,,
동작구,11590,10200,상도동,527,11590-3441,이수브라운스톤상도(527-0),,84.99,10,2007,105000,2020-03-06,,,,,,
동작구,11590,10200,상도동,531,11590-3954,힐스테이트 상도 센트럴파크,,84.7954,10,2012,125000,2020-03-05,,,,,,
동작구,11590,10400,본동,494,11590-3831,래미안트윈파크,,84.76,9,2011,145000,2020-03-04,O,20.05.12,,,,
동작구,11590,10100,노량진동,325,11590-4,신동아리버파크,,84.88,2,2001,86000,2020-03-04,,,,,,
동작구,11590,10200,상도동,431,11590-127,래미안상도3차,,84.96,15,2004,108000,2020-03-06,,,,,,
동작구,11590,10700,사당동,169-8,11590-39,대림(169-8),,84.91,14,1990,114000,2020-03-06,,,,,,
동작구,11590,10200,상도동,532,11590-3991,씨티아모리움,,14.1881,7,2012,14600,2020-03-10,,,,,,
동작구,11590,10700,사당동,1155,11590-3643,대성유니드,,84.93,4,2009,75000,2020-03-02,,,,,,
동작구,11590,10500,흑석동,339,11590-4002,흑석한강센트레빌Ⅱ,,84.978,13,2012,133000,2020-03-08,,,,,,
동작구,11590,10700,사당동,105,11590-89,사당우성3,,84.66,14,1993,104000,2020-03-10,,,,,,
동작구,11590,10700,사당동,105,11590-47,신동아4,,46.75,1,1993,63000,2020-03-03,,,,,,
동작구,11590,10700,사당동,1154,11590-3579,사당휴먼시아,,84.9,11,2009,88500,2020-03-06,,,,,,
동작구,11590,10200,상도동,903,11590-4879,e편한세상상도노빌리티,,59.7827,20,2018,116000,2020-03-07,,,,,,
동작구,11590,10200,상도동,535,11590-4495,두산위브트레지움2차,,84.8032,19,2016,127000,2020-03-07,,,,,,
동작구,11590,10900,신대방동,713,11590-103,롯데낙천대,,55.4561,9,2003,67200,2020-03-01,,,,,,
동작구,11590,10700,사당동,169-32,11590-52,현대,,59.96,3,1991,59900,2020-03-05,,,,,,
동작구,11590,10700,사당동,1132,11590-97,롯데캐슬,,155.6,19,2003,134500,2020-03-02,,,,,,
동작구,11590,10800,대방동,515,11590-3964,아데나339,,15.36,3,2012,12400,2020-03-02,,,,,,
동작구,11590,10500,흑석동,329,11590-105,우리유앤미,,59.9404,10,2003,69500,2020-03-03,,,,,,
동작구,11590,10200,상도동,520,11590-3388,삼환나우빌(520-0),,124.837,4,2007,75000,2020-03-02,,,,,,
동작구,11590,10700,사당동,105,11590-47,신동아4,,59.89,12,1993,86500,2020-03-04,,,,,,
동작구,11590,10700,사당동,105,11590-38,극동(105),,84.32,16,1993,85000,2020-03-03,,,,,,
동작구,11590,10200,상도동,531,11590-3954,힐스테이트 상도 센트럴파크,,84.6099,6,2012,121500,2020-03-03,,,,,,
동작구,11590,10100,노량진동,325,11590-4,신동아리버파크,,59.67,19,2001,75000,2020-03-03,,,,,,
관악구,11620,10100,봉천동,1698-1,11620-14,보라매삼성,,84.84,14,1996,75000,2020-03-30,,,,,,
관악구,11620,10200,신림동,1694,11620-58,신림현대,,82.2,11,1993,65400,2020-03-28,,,,,,
관악구,11620,10200,신림동,1698,11620-67,태흥,,59.86,3,1995,38000,2020-03-30,,,,,,
관악구,11620,10200,신림동,1724,11620-98,서초,,59.99,6,2003,45000,2020-03-26,,,,,,
관악구,11620,10100,봉천동,1701,11620-2,건영6,,49.21,10,1999,40000,2020-03-27,,,,,,
관악구,11620,10100,봉천동,645,11620-189,새진(645-0),,69.26,7,2005,41500,2020-03-27,,,,,,
관악구,11620,10200,신림동,1715,11620-61,우방,,114.79,2,1999,58500,2020-03-27,,,,,,
관악구,11620,10100,봉천동,1717,11620-102,관악푸르지오,,59.58,13,2004,70000,2020-03-21,O,20.06.12,,,,
관악구,11620,10200,신림동,1684-7,11620-148,중앙힐101동,,83.85,4,2001,42500,2020-03-30,,,,,,
관악구,11620,10100,봉천동,859-17,11620-4558,관악위버폴리스,,107.08,16,2010,78000,2020-03-23,,,,,,
관악구,11620,10200,신림동,1694,11620-58,신림현대,,82.2,6,1993,66000,2020-03-21,,,,,,
관악구,11620,10100,봉천동,1574-1,11620-4356,생모리츠타운,,84.36,9,2007,48000,2020-03-25,,,,,,
관악구,11620,10200,신림동,1694,11620-58,신림현대,,119.49,7,1993,77500,2020-03-31,,,,,,
관악구,11620,10200,신림동,1693,11620-43,국제산장,,84.15,6,1993,43500,2020-03-06,,,,,,
관악구,11620,10200,신림동,1735-1,11620-4348,관악산휴먼시아1단지,,59.96,16,2008,52000,2020-03-22,,,,,,
관악구,11620,10200,신림동,1693,11620-43,국제산장,,84.15,5,1993,42000,2020-03-19,,,,,,
관악구,11620,10200,신림동,1714,11620-54,삼성산주공(주공3단지),,113.31,14,2000,56300,2020-03-23,,,,,,
관악구,11620,10100,봉천동,1712,11620-5,관악드림(삼성),,59.83,19,2003,65500,2020-03-20,,,,,,
관악구,11620,10200,신림동,1735,11620-4347,관악산휴먼시아2단지,,84.97,11,2008,59800,2020-03-24,,,,,,
관악구,11620,10200,신림동,1712,11620-65,초원,,59.93,1,1999,29400,2020-03-31,,,,,,
관악구,11620,10100,봉천동,1712,11620-4,관악드림(동아),,84.96,24,2003,74000,2020-03-23,,,,,,
관악구,11620,10100,봉천동,1000,11620-28,현대(관악),,116.72,6,1992,79700,2020-03-30,,,,,,
관악구,11620,10200,신림동,497-5,11620-4719,보라매해담채,,12.89,10,2012,12100,2020-03-16,,,,,,
관악구,11620,10200,신림동,1735,11620-4347,관악산휴먼시아2단지,,59.96,13,2008,51000,2020-03-14,,,,,,
관악구,11620,10200,신림동,1735,11620-4347,관악산휴먼시아2단지,,114.7,6,2008,64800,2020-03-29,,,,,,
관악구,11620,10200,신림동,1735,11620-4347,관악산휴먼시아2단지,,59.96,6,2008,53500,2020-03-26,,,,,,
관악구,11620,10200,신림동,255-189,11620-69,현대,,84.44,4,1991,45000,2020-03-24,,,,,,
관악구,11620,10200,신림동,746-43,11620-37,건영1,,74.13,7,1984,60000,2020-03-29,,,,,,
관악구,11620,10100,봉천동,1707,11620-23,은천1,,84.65,7,2001,69000,2020-03-25,,,,,,
관악구,11620,10200,신림동,1730,11620-183,신림푸르지오,,84.79,12,2005,71000,2020-03-17,,,,,,
관악구,11620,10100,봉천동,1717,11620-102,관악푸르지오,,59.58,14,2004,67700,2020-03-28,,,,,,
관악구,11620,10100,봉천동,1712,11620-4,관악드림(동아),,114.75,6,2003,85000,2020-03-20,,,,,,
관악구,11620,10100,봉천동,1716,11620-94,벽산타운II,,79.28,10,2003,61900,2020-03-14,O,20.03.24,,,,
관악구,11620,10100,봉천동,1712,11620-5,관악드림(삼성),,84.96,25,2003,75800,2020-03-28,,,,,,
관악구,11620,10200,신림동,1733,11620-4246,벽산블루밍,,100.27,8,2005,58500,2020-03-07,,,,,,
관악구,11620,10200,신림동,1736,11620-4349,신림2차푸르지오,,84.8098,5,2007,63000,2020-03-14,,,,,,
관악구,11620,10100,봉천동,1703,11620-9,봉천동아,,114.69,2,2000,75900,2020-03-09,O,20.06.18,,,,
관악구,11620,10200,신림동,1694,11620-58,신림현대,,119.49,7,1993,77500,2020-03-11,O,20.04.13,,,,
관악구,11620,10200,신림동,746-43,11620-37,건영1,,41.04,1,1984,34000,2020-03-21,,,,,,
관악구,11620,10200,신림동,1699,11620-47,동마,,59.99,4,1995,33900,2020-03-06,,,,,,
관악구,11620,10200,신림동,1714,11620-54,삼성산주공(주공3단지),,83.21,14,2000,47000,2020-03-29,,,,,,
관악구,11620,10100,봉천동,1712,11620-4,관악드림(동아),,114.75,6,2003,85000,2020-03-20,O,20.04.07,,,,
관악구,11620,10100,봉천동,1021,11620-25,일두(1021),,38.92,4,1985,29500,2020-03-30,,,,,,
관악구,11620,10100,봉천동,1021,11620-25,일두(1021),,38.92,3,1985,31900,2020-03-21,,,,,,
관악구,11620,10100,봉천동,1717,11620-102,관악푸르지오,,59.58,17,2004,67000,2020-03-07,,,,,,
관악구,11620,10100,봉천동,1712,11620-4,관악드림(동아),,59.83,16,2003,67000,2020-03-14,,,,,,
관악구,11620,10200,신림동,1735,11620-4347,관악산휴먼시아2단지,,84.96,3,2008,54000,2020-03-29,,,,,,
관악구,11620,10100,봉천동,1560-62,11620-4344,서울대입구아이원(1560-62),,59.96,9,2006,74000,2020-03-14,,,,,,
관악구,11620,10100,봉천동,1697,11620-18,선경,,50.49,7,1996,34700,2020-03-14,O,20.04.20,,,,
관악구,11620,10100,봉천동,1629-2,11620-10,동아타운,,32.76,11,1999,29500,2020-03-15,,,,,,
관악구,11620,10100,봉천동,180-422,11620-188,새진8차,,84.88,4,2005,44500,2020-03-28,,,,,,
관악구,11620,10100,봉천동,1000,11620-28,현대(관악),,58.59,6,1992,61450,2020-03-11,,,,,,
관악구,11620,10200,신림동,1694,11620-58,신림현대,,34.86,11,1993,45500,2020-03-07,,,,,,
관악구,11620,10100,봉천동,1653-10,11620-140,새진(1653-10),,77.01,4,2003,45500,2020-03-31,,,,,,
관악구,11620,10100,봉천동,1717,11620-102,관악푸르지오,,84.2,14,2004,82500,2020-03-18,,,,,,
관악구,11620,10100,봉천동,1706,11620-21,봉천우성,,84.96,13,2000,67000,2020-03-08,,,,,,
관악구,11620,10100,봉천동,1698-1,11620-14,보라매삼성,,84.84,3,1996,72000,2020-03-25,,,,,,
관악구,11620,10100,봉천동,1716,11620-94,벽산타운II,,107.62,14,2003,68000,2020-03-13,,,,,,
관악구,11620,10100,봉천동,1724,11620-4232,관악월드메르디앙,,84.56,2,2005,58000,2020-03-21,,,,,,
관악구,11620,10200,신림동,534-1,11620-4583,아데나,,17.94,3,2010,12500,2020-03-10,,,,,,
관악구,11620,10100,봉천동,1712,11620-4,관악드림(동아),,59.83,1,2003,62000,2020-03-17,,,,,,
관악구,11620,10100,봉천동,1712,11620-4,관악드림(동아),,60,14,2003,68000,2020-03-30,,,,,,
관악구,11620,10100,봉천동,1712,11620-4,관악드림(동아),,84.96,2,2003,70300,2020-03-11,,,,,,
관악구,11620,10100,봉천동,463-1,11620-4929,더블유에스타워,,19.63,14,2013,19400,2020-03-07,,,,,,
관악구,11620,10100,봉천동,1690-164,11620-142,낙성대늘푸른,,96.91,4,2004,66000,2020-03-12,,,,,,
관악구,11620,10100,봉천동,1712,11620-4,관악드림(동아),,84.96,11,2003,78000,2020-03-31,,,,,,
관악구,11620,10200,신림동,244,11620-42,관악,,56.39,1,1983,33300,2020-03-11,,,,,,
관악구,11620,10200,신림동,1735,11620-4347,관악산휴먼시아2단지,,84.97,12,2008,55000,2020-03-06,,,,,,
관악구,11620,10100,봉천동,1629-2,11620-10,동아타운,,28.8,3,1999,26000,2020-03-28,,,,,,
관악구,11620,10200,신림동,1433-55,11620-5002,프라비다트라움,,14.06,3,2013,11000,2020-03-30,,,,,,
관악구,11620,10100,봉천동,1712,11620-5,관악드림(삼성),,84.96,5,2003,77900,2020-03-07,,,,,,
관악구,11620,10200,신림동,1433-55,11620-5002,프라비다트라움,,14.06,3,2013,11000,2020-03-30,,,,,,
관악구,11620,10100,봉천동,1717,11620-102,관악푸르지오,,84.2,11,2004,83500,2020-03-09,,,,,,
관악구,11620,10200,신림동,746-43,11620-37,건영1,,60.27,9,1984,50000,2020-03-21,,,,,,
관악구,11620,10100,봉천동,645-87,11620-15,복권,,47.61,2,1971,19750,2020-03-23,,,,,,
관악구,11620,10100,봉천동,1712,11620-5,관악드림(삼성),,59.85,12,2003,63900,2020-03-14,,,,,,
관악구,11620,10200,신림동,1735,11620-4347,관악산휴먼시아2단지,,84.97,14,2008,60900,2020-03-07,,,,,,
관악구,11620,10200,신림동,1693,11620-43,국제산장,,84.15,9,1993,43400,2020-03-09,,,,,,
관악구,11620,10200,신림동,1693,11620-43,국제산장,,59.94,2,1993,34800,2020-03-09,,,,,,
관악구,11620,10100,봉천동,1712,11620-5,관악드림(삼성),,59.85,9,2003,64000,2020-03-09,,,,,,
관악구,11620,10200,신림동,1714,11620-54,삼성산주공(주공3단지),,113.31,20,2000,53000,2020-03-09,,,,,,
관악구,11620,10200,신림동,1705,11620-44,금호(1차),,59.4,7,1997,35900,2020-03-24,,,,,,
관악구,11620,10200,신림동,1727,11620-101,그대家,,59.6,8,2003,42000,2020-03-06,,,,,,
관악구,11620,10100,봉천동,1706,11620-21,봉천우성,,84.96,3,2000,72000,2020-03-13,,,,,,
관악구,11620,10200,신림동,1693,11620-43,국제산장,,59.94,12,1993,33800,2020-03-06,,,,,,
관악구,11620,10200,신림동,1694,11620-58,신림현대,,119.49,7,1993,77700,2020-03-11,O,20.04.04,,,,
관악구,11620,10100,봉천동,1718,11620-95,벽산블루밍,,59.99,4,2005,62500,2020-03-06,,,,,,
관악구,11620,10100,봉천동,1712,11620-4,관악드림(동아),,84.96,23,2003,80000,2020-03-21,,,,,,
관악구,11620,10200,신림동,1700,11620-50,라이프,,84.38,13,1996,54000,2020-03-20,,,,,,
관악구,11620,10100,봉천동,1719,11620-144,관악동부센트레빌,,59.75,1,2004,64500,2020-03-21,,,,,,
관악구,11620,10200,신림동,1728,11620-105,제창그로힐,,84.23,5,2004,57000,2020-03-09,,,,,,
관악구,11620,10100,봉천동,1712,11620-4,관악드림(동아),,114.75,8,2003,82000,2020-03-21,,,,,,
관악구,11620,10200,신림동,1735-1,11620-4348,관악산휴먼시아1단지,,59.99,16,2008,51800,2020-03-21,,,,,,
관악구,11620,10200,신림동,1735,11620-4347,관악산휴먼시아2단지,,59.96,9,2008,51700,2020-03-21,,,,,,
관악구,11620,10200,신림동,1735,11620-4347,관악산휴먼시아2단지,,84.97,11,2008,59800,2020-03-18,,,,,,
관악구,11620,10200,신림동,1735,11620-4347,관악산휴먼시아2단지,,84.97,16,2008,60000,2020-03-14,,,,,,
관악구,11620,10200,신림동,1693,11620-43,국제산장,,84.15,3,1993,43800,2020-03-07,,,,,,
관악구,11620,10100,봉천동,1708,11620-11,두산,,84.87,6,2000,88500,2020-03-11,,,,,,
관악구,11620,10200,신림동,1433-55,11620-5002,프라비다트라움,,14.05,4,2013,11000,2020-03-14,,,,,,
관악구,11620,10100,봉천동,1560-61,11620-4341,서울대입구아이원(1560-61),,84.89,6,2006,88500,2020-03-01,,,,,,
관악구,11620,10200,신림동,1735,11620-4347,관악산휴먼시아2단지,,114.7,15,2008,63500,2020-03-27,,,,,,
관악구,11620,10200,신림동,1433-55,11620-5002,프라비다트라움,,14.06,4,2013,10990,2020-03-09,,,,,,
관악구,11620,10100,봉천동,869-3,11620-4694,프라비다1,,14.38,14,2012,16500,2020-03-11,,,,,,
관악구,11620,10100,봉천동,1717,11620-102,관악푸르지오,,84.2,10,2004,84000,2020-03-14,,,,,,
관악구,11620,10100,봉천동,1707-1,11620-22,은천2단지아파트,,49.95,5,2000,45000,2020-03-09,,,,,,
관악구,11620,10200,신림동,1730,11620-183,신림푸르지오,,84.79,1,2005,41100,2020-03-26,,,,,,
관악구,11620,10100,봉천동,1000,11620-28,현대(관악),,105.84,15,1992,78000,2020-03-09,,,,,,
관악구,11620,10200,신림동,10-622,11620-56,성우,,84.97,10,1998,69000,2020-03-07,,,,,,
관악구,11620,10200,신림동,1735,11620-4347,관악산휴먼시아2단지,,84.97,15,2008,59900,2020-03-13,,,,,,
관악구,11620,10200,신림동,1719,11620-74,우민조원,,73.36,16,2003,56200,2020-03-05,,,,,,
관악구,11620,10200,신림동,1686,11620-60,신림동쌍용아파트,,59.26,8,1998,38000,2020-03-08,,,,,,
관악구,11620,10100,봉천동,1707,11620-23,은천1,,84.65,2,2001,68000,2020-03-09,,,,,,
관악구,11620,10200,신림동,1735,11620-4347,관악산휴먼시아2단지,,59.99,14,2008,52500,2020-03-14,,,,,,
관악구,11620,10100,봉천동,1706,11620-21,봉천우성,,59.76,14,2000,59900,2020-03-07,,,,,,
관악구,11620,10200,신림동,1714,11620-54,삼성산주공(주공3단지),,58.55,15,2000,39700,2020-03-24,,,,,,
관악구,11620,10200,신림동,1421-1,11620-5276,신림큐브,,12.35,5,2015,10650,2020-03-05,,,,,,
관악구,11620,10200,신림동,1703-1,11620-39,LIG대학마을(건영아파트3차),,69.17,8,1996,55000,2020-03-02,,,,,,
관악구,11620,10100,봉천동,1718,11620-95,벽산블루밍,,59.99,14,2005,64600,2020-03-09,,,,,,
관악구,11620,10100,봉천동,1729,11620-5206,서희스타힐스,,84.32,5,2015,69000,2020-03-23,,,,,,
관악구,11620,10100,봉천동,1728,11620-5194,관악파크푸르지오,,84.99,8,2014,80000,2020-03-14,,,,,,
관악구,11620,10200,신림동,1735,11620-4347,관악산휴먼시아2단지,,114.7,15,2008,64900,2020-03-06,,,,,,
관악구,11620,10100,봉천동,645-87,11620-15,복권,,47.61,5,1971,21300,2020-03-02,,,,,,
관악구,11620,10100,봉천동,1724,11620-4232,관악월드메르디앙,,84.56,2,2005,58000,2020-03-21,O,20.04.02,,,,
관악구,11620,10200,신림동,1703-1,11620-39,LIG대학마을(건영아파트3차),,84.82,7,1996,63500,2020-03-02,,,,,,
관악구,11620,10100,봉천동,1728,11620-5194,관악파크푸르지오,,59.98,4,2014,70400,2020-03-21,,,,,,
관악구,11620,10100,봉천동,1728,11620-5194,관악파크푸르지오,,84.99,15,2014,81000,2020-03-14,,,,,,
관악구,11620,10200,신림동,1714,11620-54,삼성산주공(주공3단지),,58.55,20,2000,39000,2020-03-19,,,,,,
관악구,11620,10100,봉천동,1712,11620-5,관악드림(삼성),,84.96,15,2003,72700,2020-03-14,,,,,,
관악구,11620,10200,신림동,1703-1,11620-39,LIG대학마을(건영아파트3차),,69.17,10,1996,57500,2020-03-02,,,,,,
관악구,11620,10200,신림동,746-43,11620-37,건영1,,60.27,9,1984,50000,2020-03-21,O,20.03.31,,,,
관악구,11620,10100,봉천동,1703,11620-9,봉천동아,,59.76,22,2000,62000,2020-03-12,,,,,,
관악구,11620,10100,봉천동,1000,11620-28,현대(관악),,58.59,15,1992,58000,2020-03-04,,,,,,
관악구,11620,10200,신림동,1735,11620-4347,관악산휴먼시아2단지,,59.99,3,2008,49500,2020-03-21,,,,,,
관악구,11620,10200,신림동,1714,11620-54,삼성산주공(주공3단지),,83.21,9,2000,48000,2020-03-18,,,,,,
관악구,11620,10200,신림동,1714,11620-54,삼성산주공(주공3단지),,113.31,10,2000,53300,2020-03-19,,,,,,
관악구,11620,10200,신림동,1730,11620-183,신림푸르지오,,114.84,13,2005,89900,2020-03-21,,,,,,
관악구,11620,10200,신림동,1735,11620-4347,관악산휴먼시아2단지,,84.98,1,2008,53100,2020-03-01,,,,,,
관악구,11620,10100,봉천동,1000,11620-28,현대(관악),,68.8,8,1992,64500,2020-03-05,,,,,,
관악구,11620,10100,봉천동,1718,11620-95,벽산블루밍,,59.99,8,2005,63500,2020-03-10,,,,,,
관악구,11620,10100,봉천동,1712,11620-5,관악드림(삼성),,84.96,19,2003,76000,2020-03-14,,,,,,
관악구,11620,10100,봉천동,1522-28,11620-4572,금강아미움(101동),,71.1203,9,2010,71600,2020-03-15,,,,,,
관악구,11620,10100,봉천동,1706,11620-21,봉천우성,,59.76,3,2000,54800,2020-03-07,,,,,,
관악구,11620,10100,봉천동,1719,11620-144,관악동부센트레빌,,59.75,3,2004,69500,2020-03-11,,,,,,
관악구,11620,10100,봉천동,1712,11620-4,관악드림(동아),,114.75,17,2003,82000,2020-03-05,,,,,,
관악구,11620,10100,봉천동,1727,11620-4549,관악유앤아이,,84.866,11,2009,72200,2020-03-06,,,,,,
관악구,11620,10100,봉천동,1718,11620-95,벽산블루밍,,84.99,16,2005,76300,2020-03-04,,,,,,
관악구,11620,10100,봉천동,1717,11620-102,관악푸르지오,,84.75,20,2004,80000,2020-03-03,,,,,,
관악구,11620,10200,신림동,1705,11620-44,금호(1차),,59.4,20,1997,37000,2020-03-08,,,,,,
관악구,11620,10100,봉천동,1021,11620-25,일두(1021),,46.75,4,1985,29000,2020-03-17,,,,,,
관악구,11620,10200,신림동,1714,11620-54,삼성산주공(주공3단지),,83.21,25,2000,48500,2020-03-14,,,,,,
관악구,11620,10100,봉천동,1703,11620-9,봉천동아,,84.87,15,2000,74700,2020-03-07,,,,,,
관악구,11620,10200,신림동,1694,11620-58,신림현대,,34.86,12,1993,42000,2020-03-09,,,,,,
관악구,11620,10200,신림동,1735,11620-4347,관악산휴먼시아2단지,,59.96,10,2008,51500,2020-03-07,,,,,,
관악구,11620,10100,봉천동,1712,11620-4,관악드림(동아),,59.83,22,2003,66800,2020-03-10,,,,,,
관악구,11620,10200,신림동,1730,11620-183,신림푸르지오,,138.64,4,2005,89500,2020-03-04,,,,,,
관악구,11620,10100,봉천동,1728,11620-5194,관악파크푸르지오,,59.98,13,2014,71200,2020-03-12,,,,,,
관악구,11620,10200,신림동,255-189,11620-69,현대,,84.22,7,1991,42750,2020-03-06,,,,,,
관악구,11620,10100,봉천동,1718,11620-95,벽산블루밍,,101.95,1,2005,75000,2020-03-07,,,,,,
관악구,11620,10200,신림동,1730,11620-183,신림푸르지오,,84.79,6,2005,83400,2020-03-14,,,,,,
관악구,11620,10200,신림동,1732,11620-193,서초그린,,84.84,2,2005,63000,2020-03-05,,,,,,
관악구,11620,10100,봉천동,1724,11620-4232,관악월드메르디앙,,79.27,5,2005,59500,2020-03-07,,,,,,
관악구,11620,10100,봉천동,1707-1,11620-22,은천2단지아파트,,59.93,3,2000,56000,2020-03-10,,,,,,
관악구,11620,10200,신림동,1714,11620-54,삼성산주공(주공3단지),,113.31,24,2000,57500,2020-03-07,,,,,,
관악구,11620,10200,신림동,1421-1,11620-5276,신림큐브,,13.97,10,2015,11050,2020-03-09,,,,,,
관악구,11620,10100,봉천동,1729,11620-5206,서희스타힐스,,84.93,11,2015,71500,2020-03-12,,,,,,
관악구,11620,10100,봉천동,1718,11620-95,벽산블루밍,,84.99,12,2005,72000,2020-03-09,,,,,,
관악구,11620,10100,봉천동,1718,11620-95,벽산블루밍,,59.99,8,2005,58000,2020-03-11,,,,,,
관악구,11620,10100,봉천동,1717,11620-102,관악푸르지오,,59.58,5,2004,65600,2020-03-12,,,,,,
관악구,11620,10200,신림동,1735,11620-4347,관악산휴먼시아2단지,,114.7,8,2008,62200,2020-03-05,,,,,,
관악구,11620,10100,봉천동,1720,11620-145,벽산블루밍3차,,59.8,1,2004,59300,2020-03-09,,,,,,
관악구,11620,10200,신림동,1735,11620-4347,관악산휴먼시아2단지,,59.99,12,2008,49000,2020-03-04,,,,,,
관악구,11620,10200,신림동,1732,11620-193,서초그린,,84.84,4,2005,65000,2020-03-07,O,20.04.08,,,,
관악구,11620,10200,신림동,1735-1,11620-4348,관악산휴먼시아1단지,,59.99,8,2008,51000,2020-03-10,,,,,,
관악구,11620,10100,봉천동,1717,11620-102,관악푸르지오,,84.2,9,2004,100000,2020-03-12,,,,,,
관악구,11620,10200,신림동,1728,11620-105,제창그로힐,,84.23,5,2004,57000,2020-03-09,O,20.03.30,,,,
관악구,11620,10100,봉천동,1712,11620-4,관악드림(동아),,60,4,2003,64000,2020-03-06,,,,,,
관악구,11620,10200,신림동,1735-1,11620-4348,관악산휴먼시아1단지,,114.7,13,2008,65000,2020-03-09,,,,,,
관악구,11620,10100,봉천동,1703,11620-9,봉천동아,,114.69,17,2000,84500,2020-03-03,,,,,,
관악구,11620,10200,신림동,1705,11620-44,금호(1차),,84.96,9,1997,42000,2020-03-07,,,,,,
관악구,11620,10100,봉천동,1712,11620-4,관악드림(동아),,114.75,23,2003,84000,2020-03-09,,,,,,
관악구,11620,10200,신림동,1705,11620-44,금호(1차),,59.4,6,1997,35200,2020-03-02,,,,,,
관악구,11620,10300,남현동,602-189,11620-84,성원나이스,,89.8,2,2002,57000,2020-03-05,,,,,,
관악구,11620,10100,봉천동,1690-171,11620-4467,늘푸른5차,,82.41,6,2008,55500,2020-03-08,,,,,,
관악구,11620,10100,봉천동,867-9,11620-4818,서울대역해담채,,12.87,7,2012,13000,2020-03-05,,,,,,
관악구,11620,10100,봉천동,1718,11620-95,벽산블루밍,,59.99,18,2005,60750,2020-03-03,,,,,,
관악구,11620,10100,봉천동,1728,11620-5194,관악파크푸르지오,,84.98,14,2014,83000,2020-03-03,,,,,,
관악구,11620,10200,신림동,1433-55,11620-5002,프라비다트라움,,14.05,3,2013,11300,2020-03-02,,,,,,
관악구,11620,10100,봉천동,1574-1,11620-4356,생모리츠타운,,64.31,10,2007,40500,2020-03-02,,,,,,
서초구,11650,10700,반포동,60-4,11650-172,반포미도,,84.96,2,1987,180000,2020-03-11,,,,,,
서초구,11650,10600,잠원동,61-2,11650-116,신반포19,,107.93,6,1982,185000,2020-03-07,,,,,,
서초구,11650,10600,잠원동,61-2,11650-116,신반포19,,107.93,3,1982,185000,2020-03-12,,,,,,
서초구,11650,10700,반포동,757,11650-175,반포주공1단지,,106.26,2,1973,329000,2020-03-31,,,,,,
서초구,11650,10600,잠원동,61-2,11650-116,신반포19,,107.93,4,1982,182000,2020-03-31,,,,,,
서초구,11650,10600,잠원동,50-1,11650-682,롯데캐슬갤럭시(50-1),,148.86,5,2004,242500,2020-03-31,,,,,,
서초구,11650,10100,방배동,884-21,11650-511,대림e-편한세상1,,164.25,6,2003,180000,2020-03-28,,,,,,
서초구,11650,10700,반포동,60-5,11650-173,반포미도2차아파트,,59.07,10,1989,148500,2020-03-26,,,,,,
서초구,11650,10100,방배동,906-13,11650-3573,서리풀e편한세상,,84.97,6,2010,190000,2020-03-30,,,,,,
서초구,11650,10100,방배동,755-14,11650-3569,리첸시아방배,,150.03,9,2010,140000,2020-03-28,,,,,,
서초구,11650,10700,반포동,16-6,11650-3687,반포힐스테이트,,84.77,4,2012,222500,2020-03-27,,,,,,
서초구,11650,10600,잠원동,61-2,11650-116,신반포19,,80.25,2,1982,154500,2020-03-27,O,20.06.08,,,,
서초구,11650,10100,방배동,752-36,11650-640,방배아크로리버,,124.569,17,2004,147000,2020-03-21,,,,,,
서초구,11650,10800,서초동,1583-10,11650-3542,서초아트자이,,144.3141,5,2009,162000,2020-03-26,,,,,,
서초구,11650,10800,서초동,1471-5,11650-839,로얄하이츠,,140.515,4,2005,105000,2020-03-18,,,,,,
서초구,11650,10100,방배동,1010-1,11650-342,방배임광3차,,84,4,1988,119000,2020-03-28,,,,,,
서초구,11650,10100,방배동,486-4,11650-3173,방배아트e편한세상105,,117.26,2,2005,133000,2020-03-28,,,,,,
서초구,11650,10800,서초동,1620-20,11650-833,서초동롯데캐슬리버티,,125.79,7,2005,149000,2020-03-24,,,,,,
서초구,11650,10100,방배동,485-3,11650-759,방배래미안타워,,134.96,19,2005,171500,2020-03-28,,,,,,
서초구,11650,10100,방배동,2525,11650-331,방배우성,,84.99,11,1991,130000,2020-03-21,,,,,,
서초구,11650,10600,잠원동,160,11650-4675,신반포자이,,114.94,18,2018,338000,2020-03-14,,,,,,
서초구,11650,10800,서초동,1675-11,11650-606,서초대우아이빌,,35.307,4,2003,31300,2020-03-24,,,,,,
서초구,11650,10800,서초동,1326,11650-31,삼성서초가든스위트,,244.87,21,2000,370000,2020-03-27,,,,,,
서초구,11650,10700,반포동,60-4,11650-172,반포미도,,84.96,15,1987,170000,2020-03-30,,,,,,
서초구,11650,10800,서초동,1330,11650-608,서초동삼성쉐르빌2,,35.22,4,2002,32500,2020-03-28,,,,,,
서초구,11650,10100,방배동,1010-1,11650-342,방배임광3차,,51.84,7,1988,83000,2020-03-28,,,,,,
서초구,11650,10800,서초동,1346,11650-85,현대아파트,,84.33,12,1989,135000,2020-03-21,,,,,,
서초구,11650,10700,반포동,16-6,11650-3687,반포힐스테이트,,155.95,21,2012,345000,2020-03-25,,,,,,
서초구,11650,10800,서초동,1675-11,11650-606,서초대우아이빌,,37.777,5,2003,31800,2020-03-18,,,,,,
서초구,11650,10100,방배동,2525,11650-331,방배우성,,84.99,10,1991,128000,2020-03-14,,,,,,
서초구,11650,10800,서초동,1445-4,11650-518,래미안서초유니빌,,36.838,16,2003,34000,2020-03-14,,,,,,
서초구,11650,10200,양재동,333-9,11650-464,파크사이드,,66.24,2,2002,59900,2020-03-11,,,,,,
서초구,11650,10600,잠원동,50-5,11650-110,신반포12,,55.45,12,1982,129000,2020-03-17,,,,,,
서초구,11650,10300,우면동,737,11650-3874,서초네이처힐6단지,,84.77,3,2013,125000,2020-03-25,,,,,,
서초구,11650,10800,서초동,1330-16,11650-32,서초나산스위트,,138.99,9,1996,98000,2020-03-11,,,,,,
서초구,11650,10100,방배동,815-22,11650-836,설록,,121.78,2,2005,106000,2020-03-24,,,,,,
서초구,11650,10800,서초동,1685-3,11650-724,아크로비스타,,152.33,2,2004,198000,2020-03-08,,,,,,
서초구,11650,10700,반포동,79-5,11650-535,반포동피카소빌,,152.19,5,2004,129000,2020-03-06,O,20.04.22,,,,
서초구,11650,10600,잠원동,73,11650-117,신반포2,,137.66,10,1978,309000,2020-03-05,,,,,,
서초구,11650,10700,반포동,2-12,11650-4440,아크로리버파크,,154.97,7,2016,525000,2020-03-10,,,,,,
서초구,11650,10600,잠원동,65-8,11650-146,한신그린,,84.89,9,1993,172000,2020-03-07,,,,,,
서초구,11650,10800,서초동,1445-14,11650-3284,더샵서초,,30.39,29,2006,52000,2020-03-12,,,,,,
서초구,11650,10100,방배동,3279,11650-4769,방배 서리풀 그랑블,,84.979,7,2019,148799,2020-03-17,,,,,,
서초구,11650,10600,잠원동,65-8,11650-146,한신그린,,84.89,7,1993,167000,2020-03-07,,,,,,
서초구,11650,10600,잠원동,33-7,11650-728,잠원동트루빌,,84.99,1,2004,77500,2020-03-27,,,,,,
서초구,11650,10100,방배동,866-20,11650-3191,방배대우디오빌,,29.6,6,2005,33200,2020-03-12,,,,,,
서초구,11650,10800,서초동,1671-5,11650-605,대림서초리시온,,49.92,6,2003,44500,2020-03-21,,,,,,
서초구,11650,10200,양재동,312-3,11650-669,서초파크빌,,84.94,3,2000,66500,2020-03-07,,,,,,
서초구,11650,10800,서초동,1513-5,11650-558,스위트빌,,84.66,4,2003,89500,2020-03-12,,,,,,
서초구,11650,10100,방배동,2525,11650-331,방배우성,,80.2,1,1991,119500,2020-03-14,,,,,,
서초구,11650,10800,서초동,1456-2,11650-3257,경남아너스빌201동,,84.95,14,2006,149000,2020-03-04,,,,,,
서초구,11650,10700,반포동,100-1,11650-254,노블하우스,,161.46,5,2002,150000,2020-03-31,,,,,,
서초구,11650,10800,서초동,1363-25,11650-3926,한라비발디스튜디오193,,25.75,12,2013,32200,2020-03-31,,,,,,
서초구,11650,10800,서초동,1458-6,11650-3221,서초지웰,,84.74,8,2005,135000,2020-03-10,,,,,,
서초구,11650,10200,양재동,402-6,11650-597,더-클라스,,104.78,2,2004,80000,2020-03-07,,,,,,
서초구,11650,10100,방배동,816-1,11650-590,한신트리플,,43.93,12,2004,40900,2020-03-17,,,,,,
서초구,11650,10300,우면동,773,11650-3821,서초힐스,,84.96,19,2012,134000,2020-03-16,,,,,,
서초구,11650,10800,서초동,1446-11,11650-519,현대슈퍼빌,,147.86,20,2003,180000,2020-03-10,,,,,,
서초구,11650,10100,방배동,866-20,11650-3191,방배대우디오빌,,29.6,22,2005,35000,2020-03-23,,,,,,
서초구,11650,10100,방배동,2525,11650-331,방배우성,,80.2,9,1991,127500,2020-03-03,,,,,,
서초구,11650,10800,서초동,1492-4,11650-841,브라운스톤로얄스위트서초,,151.1,3,2005,145000,2020-03-07,,,,,,
서초구,11650,10100,방배동,2626,11650-503,삼성래미안1,,114.94,2,2003,144000,2020-03-16,,,,,,
서초구,11650,10600,잠원동,71-8,11650-4533,잠원시티아파트,,21.17,2,2017,45000,2020-03-02,,,,,,
서초구,11650,10900,내곡동,411,11650-4063,서초더샵포레,,59.94,7,2014,108000,2020-03-10,,,,,,
서초구,11650,10100,방배동,2525,11650-331,방배우성,,117.19,7,1991,150000,2020-03-14,,,,,,
서초구,11650,10300,우면동,773,11650-3821,서초힐스,,59.91,16,2012,112800,2020-03-11,,,,,,
서초구,11650,10900,내곡동,384,11650-4156,서초포레스타2단지,,84.48,20,2015,126500,2020-03-07,,,,,,
서초구,11650,10700,반포동,20-43,11650-3500,반포자이,,59.971,5,2009,200000,2020-03-04,,,,,,
서초구,11650,10100,방배동,866-20,11650-3191,방배대우디오빌,,29.6,4,2005,32000,2020-03-17,,,,,,
서초구,11650,10600,잠원동,63-34,11650-147,한신로얄,,81.23,5,1992,175000,2020-03-05,,,,,,
서초구,11650,10700,반포동,20-43,11650-3500,반포자이,,84.982,28,2009,250000,2020-03-12,,,,,,
서초구,11650,10600,잠원동,58-22,11650-114,신반포17,,80.4,10,1983,226000,2020-03-03,,,,,,
서초구,11650,10100,방배동,1010-1,11650-342,방배임광3차,,51.84,9,1988,83500,2020-03-17,,,,,,
서초구,11650,10800,서초동,1647-1,11650-604,롯데캐슬스파,,194.51,1,2003,175000,2020-03-20,,,,,,
서초구,11650,10800,서초동,1445-14,11650-3284,더샵서초,,30.39,29,2006,52000,2020-03-02,O,20.04.02,,,,
서초구,11650,10900,내곡동,411,11650-4063,서초더샵포레,,59.69,13,2014,107500,2020-03-02,,,,,,
서초구,11650,10700,반포동,60-4,11650-172,반포미도,,84.96,8,1987,184500,2020-03-14,,,,,,
서초구,11650,10900,내곡동,411,11650-4063,서초더샵포레,,84.41,4,2014,128000,2020-03-07,,,,,,
서초구,11650,10800,서초동,1316-15,11650-700,현대성우주상복합아파트,,161.91,16,2002,155000,2020-03-01,,,,,,
서초구,11650,10800,서초동,1338-1,11650-701,풍림아이원플러스,,34.4237,14,2004,36200,2020-03-07,,,,,,
서초구,11650,10800,서초동,1531-6,11650-559,예림,,84.16,3,2003,76000,2020-03-06,,,,,,
서초구,11650,10800,서초동,1450-1,11650-705,월드메르디앙(오페라),,183.503,8,2004,145000,2020-03-18,,,,,,
서초구,11650,10300,우면동,764,11650-4065,우솔마을서초리슈빌S아파트,,30.89,6,2014,27000,2020-03-20,,,,,,
서초구,11650,10100,방배동,1010-1,11650-342,방배임광3차,,82.34,8,1988,120000,2020-03-05,,,,,,
서초구,11650,10600,잠원동,42-13,11650-101,대우아이빌,,34.72,4,2001,62700,2020-03-01,,,,,,
서초구,11650,11100,신원동,579,11650-4026,서초포레스타5단지,,59.93,8,2014,120000,2020-03-04,,,,,,
서초구,11650,10700,반포동,1342,11650-4703,반포써밋,,133.0453,6,2018,300000,2020-03-10,,,,,,
서초구,11650,10800,서초동,1648-2,11650-46,서초현대,,53.01,12,1999,95500,2020-03-09,,,,,,
서초구,11650,10700,반포동,60-4,11650-172,반포미도,,84.96,3,1987,183000,2020-03-04,,,,,,
서초구,11650,11100,신원동,579,11650-4026,서초포레스타5단지,,101.35,3,2014,145000,2020-03-03,,,,,,
서초구,11650,10800,서초동,1533,11650-44,서초한신리빙타워,,42.55,12,1999,48000,2020-03-06,,,,,,
서초구,11650,10800,서초동,1338,11650-532,현대이에스에이아파트,,163.95,11,2002,128000,2020-03-10,,,,,,
서초구,11650,10100,방배동,1344,11650-290,방배1차현대홈타운,,84.96,1,1999,155000,2020-03-02,,,,,,
서초구,11650,10600,잠원동,71-12,11650-142,킴스빌리지,,37.38,9,1996,85500,2020-03-11,,,,,,
서초구,11650,10700,반포동,968,11650-209,에이아이디차관주택,,72.51,3,1974,205000,2020-03-03,,,,,,
서초구,11650,10200,양재동,90,11650-461,신영체르니,,39.1,6,2002,49000,2020-03-14,,,,,,
서초구,11650,11100,신원동,568,11650-4040,서초포레스타3단지,,84.39,7,2014,139000,2020-03-12,,,,,,
서초구,11650,10100,방배동,866-20,11650-3191,방배대우디오빌,,28.84,20,2005,33000,2020-03-07,,,,,,
서초구,11650,11100,신원동,615,11650-3954,서초포레스타7단지,,59.92,5,2013,122500,2020-03-07,,,,,,
서초구,11650,10800,서초동,1685-3,11650-724,아크로비스타,,138.96,9,2004,185000,2020-03-03,,,,,,
서초구,11650,10800,서초동,1450-1,11650-705,월드메르디앙(오페라),,183.503,8,2004,130000,2020-03-12,O,20.04.02,,,,
서초구,11650,10300,우면동,789,11650-3976,호반써밋서초파크뷰(토지임대부아파트),,84.95,11,2013,115000,2020-03-12,,,,,,
서초구,11650,10600,잠원동,71-12,11650-142,킴스빌리지,,37.38,9,1996,85500,2020-03-11,O,20.03.16,,,,
서초구,11650,10800,서초동,1344-13,11650-3238,서초트라팰리스,,133.05,23,2005,163000,2020-03-06,O,20.06.23,,,,
서초구,11650,10800,서초동,1434-2,11650-704,신원아침도시(1434),,82.174,6,2004,118000,2020-03-02,,,,,,
서초구,11650,10300,우면동,789,11650-3976,호반써밋서초파크뷰(토지임대부아파트),,84.95,8,2013,113000,2020-03-03,,,,,,
서초구,11650,10700,반포동,968,11650-209,에이아이디차관주택,,72.51,5,1974,186000,2020-03-12,,,,,,
서초구,11650,11100,신원동,568,11650-4040,서초포레스타3단지,,59.93,9,2014,102000,2020-03-07,,,,,,
서초구,11650,10700,반포동,16-6,11650-3687,반포힐스테이트,,84.77,18,2012,220000,2020-03-12,,,,,,
서초구,11650,10800,서초동,1487-115,11650-4139,연우,,88.96,9,2015,80000,2020-03-06,,,,,,
서초구,11650,10800,서초동,1600-11,11650-3230,서초레몬,,49.44,13,2005,47000,2020-03-12,,,,,,
서초구,11650,10100,방배동,473-1,11650-281,두원,,84.87,8,1996,133000,2020-03-07,,,,,,
서초구,11650,10800,서초동,1666-14,11650-33,서초녹원,,84.99,6,1997,109500,2020-03-07,,,,,,
서초구,11650,10300,우면동,773,11650-3821,서초힐스,,59.91,2,2012,109000,2020-03-11,,,,,,
서초구,11650,10600,잠원동,157,11650-102,동아,,84.91,11,2002,197000,2020-03-10,,,,,,
서초구,11650,10600,잠원동,157,11650-102,동아,,84.91,8,2002,193000,2020-03-04,,,,,,
서초구,11650,11100,신원동,568,11650-4040,서초포레스타3단지,,59.96,11,2014,109000,2020-03-01,,,,,,
서초구,11650,10700,반포동,46,11650-199,엠브이아파트,,129.93,8,1994,150000,2020-03-10,,,,,,
서초구,11650,10700,반포동,20-43,11650-3500,반포자이,,194.515,10,2009,375000,2020-03-07,,,,,,
서초구,11650,10800,서초동,1445-14,11650-3284,더샵서초,,152.95,13,2006,175000,2020-03-05,,,,,,
서초구,11650,10300,우면동,789,11650-3976,호반써밋서초파크뷰(토지임대부아파트),,84.99,23,2013,110000,2020-03-07,,,,,,
서초구,11650,10100,방배동,2001,11650-380,방배2차현대홈타운,,84.94,5,2001,160000,2020-03-02,,,,,,
서초구,11650,10100,방배동,3279,11650-4769,방배 서리풀 그랑블,,84.9969,1,2019,149000,2020-03-05,,,,,,
서초구,11650,10800,서초동,1451-89,11650-3944,서초중흥S-클래스(도시형생활주택),,20.68,3,2013,21500,2020-03-07,,,,,,
서초구,11650,10700,반포동,18-1,11650-3559,래미안퍼스티지,,59.89,26,2009,230000,2020-03-06,,,,,,
서초구,11650,10800,서초동,1593-7,11650-521,서초이오빌,,58.48,10,2003,47000,2020-03-05,,,,,,
강남구,11680,11800,도곡동,467-10,11680-435,우성리빙텔,,119.25,20,1996,135000,2020-03-31,,,,,,
강남구,11680,11800,도곡동,467-10,11680-435,우성리빙텔,,119.25,20,1996,135000,2020-03-31,O,20.07.17,,,,
강남구,11680,11200,자곡동,618,11680-4341,강남브리즈힐(토지임대부아파트),,84.98,9,2014,113000,2020-03-09,,,,,,
강남구,11680,11000,압구정동,510,11680-383,한양8(81동한개동),,210.1,12,1984,480000,2020-03-10,,,,,,
강남구,11680,11500,수서동,747,11680-316,삼성,,84.97,14,1997,157500,2020-03-14,,,,,,
강남구,11680,11800,도곡동,952,11680-560,대우디오빌,,25.89,9,2004,26000,2020-03-21,,,,,,
강남구,11680,10300,개포동,12,11680-280,성원대치2단지아파트,,33.18,7,1992,91000,2020-03-14,,,,,,
강남구,11680,10800,논현동,252-1,11680-558,두산위브1단지,,84.993,2,2004,150000,2020-03-12,,,,,,
강남구,11680,11100,세곡동,525,11680-4003,강남데시앙파크,,84.97,10,2011,110000,2020-03-28,,,,,,
강남구,11680,10600,대치동,500,11680-216,개포우성2,,127.78,5,1984,305000,2020-03-27,,,,,,
강남구,11680,10600,대치동,975-20,11680-213,세영팔레스타운,,84.85,4,2002,138000,2020-03-25,,,,,,
강남구,11680,10600,대치동,506,11680-211,선경1차(1동-7동),,136.68,11,1983,320000,2020-03-25,,,,,,
강남구,11680,11800,도곡동,467-10,11680-435,우성리빙텔,,120.21,9,1996,128000,2020-03-30,,,,,,
강남구,11680,10300,개포동,12,11680-279,삼익대청아파트,,60,14,1992,138000,2020-03-25,,,,,,
강남구,11680,10500,삼성동,2,11680-177,서광아파트,,59.67,10,1998,141000,2020-03-27,,,,,,
강남구,11680,10700,신사동,658,11680-3,로데오현대,,84.96,7,1998,119000,2020-03-23,,,,,,
강남구,11680,11000,압구정동,443,11680-417,현대3차(61~64동),,82.5,6,1976,200000,2020-03-26,O,20.04.25,,,,
강남구,11680,10400,청담동,114-18,11680-369,상지리츠빌4B,,172.98,5,2000,220000,2020-03-26,,,,,,
강남구,11680,10600,대치동,500,11680-216,개포우성2,,127.78,12,1984,340000,2020-03-23,,,,,,
강남구,11680,10300,개포동,12,11680-280,성원대치2단지아파트,,33.18,9,1992,85000,2020-03-30,,,,,,
강남구,11680,10600,대치동,316,11680-218,은마,,76.79,11,1979,193300,2020-03-25,,,,,,
강남구,11680,11800,도곡동,467-10,11680-435,우성리빙텔,,119.25,20,1996,135000,2020-03-31,O,20.07.14,,,,
강남구,11680,10600,대치동,891-23,11680-530,대우아이빌명문가(891-23),,33.06,8,2004,33500,2020-03-20,,,,,,
강남구,11680,10100,역삼동,755-4,11680-3622,e-편한세상,,59.606,5,2005,162000,2020-03-27,,,,,,
강남구,11680,10500,삼성동,87,11680-472,아이파크,,156.857,32,2004,427000,2020-03-18,,,,,,
강남구,11680,10700,신사동,593-32,11680-584,토미,,80.83,5,2004,79000,2020-03-20,,,,,,
강남구,11680,11000,압구정동,456,11680-420,"현대6차(78~81,83,84,86,87동)",,157.36,1,1978,305000,2020-03-16,,,,,,
강남구,11680,10400,청담동,42,11680-33,삼성청담아파트,,114.83,18,1999,190000,2020-03-20,,,,,,
강남구,11680,11800,도곡동,952,11680-560,대우디오빌,,25.89,15,2004,27500,2020-03-14,,,,,,
강남구,11680,10700,신사동,510-11,11680-1,강남상가,,103.44,4,1974,85000,2020-03-18,,,,,,
강남구,11680,11800,도곡동,199-4,11680-3879,도곡지웰카운티101동,,107.11,4,2010,166000,2020-03-10,,,,,,
강남구,11680,11100,세곡동,579,11680-4199,강남엘에이치1단지,,59.99,5,2013,111000,2020-03-19,,,,,,
강남구,11680,10600,대치동,891-23,11680-530,대우아이빌명문가(891-23),,33.06,8,2004,33500,2020-03-20,O,20.04.17,,,,
강남구,11680,11200,자곡동,611,11680-4319,래미안강남힐즈,,101.95,4,2014,161000,2020-03-12,,,,,,
강남구,11680,11800,도곡동,467-17,11680-365,타워팰리스2,,163.28,25,2003,294000,2020-03-17,,,,,,
강남구,11680,11800,도곡동,467-10,11680-435,우성리빙텔,,120.21,9,1996,135000,2020-03-24,,,,,,
강남구,11680,10800,논현동,58-2,11680-551,마일스디오빌,,36.29,12,2004,39000,2020-03-12,O,20.06.12,,,,
강남구,11680,11000,압구정동,426,11680-423,신현대9차,,108.88,2,1982,239500,2020-03-13,,,,,,
강남구,11680,11500,수서동,736,11680-319,신동아,,49.96,9,1992,108500,2020-03-12,,,,,,
강남구,11680,11000,압구정동,369-1,11680-415,"현대1차(12,13,21,22,31,32,33동)",,131.48,3,1976,290000,2020-03-19,,,,,,
강남구,11680,10300,개포동,1280,11680-4800,래미안블레스티지,,84.94,15,2019,263000,2020-03-11,,,,,,
강남구,11680,10800,논현동,58-2,11680-551,마일스디오빌,,36.29,7,2004,37750,2020-03-27,,,,,,
강남구,11680,11800,도곡동,467-19,11680-354,현대비젼21,,34.995,22,1999,35700,2020-03-14,,,,,,
강남구,11680,11800,도곡동,91-5,11680-331,삼성래미안,,122.81,24,2001,237500,2020-03-12,,,,,,
강남구,11680,11200,자곡동,686,11680-4298,강남한양수자인(4단지),,101.4,4,2014,153000,2020-03-14,,,,,,
강남구,11680,10600,대치동,670,11680-601,동부센트레빌,,121.74,4,2005,325000,2020-03-09,,,,,,
강남구,11680,10100,역삼동,828-28,11680-4129,EGSoulLeader,,25.56,9,2012,28000,2020-03-18,,,,,,
강남구,11680,10800,논현동,252-1,11680-558,두산위브1단지,,84.993,2,2004,150000,2020-03-12,O,20.04.28,,,,
강남구,11680,10300,개포동,185,11680-290,개포주공6단지,,73.02,12,1983,167500,2020-03-26,,,,,,
강남구,11680,11500,수서동,747,11680-316,삼성,,84.97,14,1997,157500,2020-03-14,,,,,,
강남구,11680,10800,논현동,192-3,11680-717,논현동프라임,,134.28,6,2004,118000,2020-03-09,,,,,,
강남구,11680,10600,대치동,670,11680-601,동부센트레빌,,121.74,4,2005,325000,2020-03-09,O,20.04.07,,,,
강남구,11680,11800,도곡동,199-4,11680-3879,도곡지웰카운티101동,,107.11,4,2010,166000,2020-03-10,O,20.04.14,,,,
강남구,11680,10600,대치동,1014-3,11680-205,대치삼성,,97.35,20,2000,220000,2020-03-21,,,,,,
강남구,11680,11800,도곡동,467-19,11680-354,현대비젼21,,32.65,17,1999,37000,2020-03-25,,,,,,
강남구,11680,11500,수서동,746,11680-314,까치마을,,39.6,14,1993,89000,2020-03-07,,,,,,
강남구,11680,10300,개포동,1164-25,11680-477,리더스,,84.16,6,2002,62000,2020-03-20,,,,,,
강남구,11680,10500,삼성동,106,11680-191,풍림(1차),,59.7,11,1998,149900,2020-03-14,,,,,,
강남구,11680,10500,삼성동,64-5,11680-3819,아델하우스,,206.1,3,2008,292000,2020-03-10,,,,,,
강남구,11680,11500,수서동,708,11680-317,삼익,,60,9,1992,116500,2020-03-09,,,,,,
강남구,11680,10800,논현동,53-1,11680-582,힐타워,,125.73,1,2001,60000,2020-03-30,,,,,,
강남구,11680,10100,역삼동,789-29,11680-462,지석천평대,,59.77,7,2003,52000,2020-03-07,,,,,,
강남구,11680,10300,개포동,141,11680-573,개포주공1단지,,50.64,4,1982,194000,2020-03-30,,,,,,
강남구,11680,11200,자곡동,611,11680-4319,래미안강남힐즈,,101.94,9,2014,156000,2020-03-03,,,,,,
강남구,11680,11800,도곡동,161,11680-330,삼성,,73.41,8,1994,160000,2020-03-05,,,,,,
강남구,11680,11000,압구정동,456,11680-421,"현대7차(73~77,82,85동)",,144.2,9,1979,350000,2020-03-14,,,,,,
강남구,11680,11800,도곡동,952,11680-560,대우디오빌,,25.89,4,2004,28000,2020-03-14,,,,,,
강남구,11680,10300,개포동,141,11680-573,개포주공1단지,,50.64,3,1982,190000,2020-03-30,,,,,,
강남구,11680,10600,대치동,670,11680-601,동부센트레빌,,145.83,4,2005,319000,2020-03-30,,,,,,
강남구,11680,10300,개포동,141,11680-573,개포주공1단지,,49.56,3,1982,235000,2020-03-27,,,,,,
강남구,11680,11800,도곡동,527,11680-3623,도곡렉슬,,84.9231,3,2006,232000,2020-03-10,,,,,,
강남구,11680,10100,역삼동,757,11680-3621,역삼래미안,,59.4,11,2005,156000,2020-03-19,,,,,,
강남구,11680,10100,역삼동,755-4,11680-3622,e-편한세상,,84.991,7,2005,205000,2020-03-16,,,,,,
강남구,11680,11000,압구정동,434,11680-426,신현대12차,,182.95,10,1982,450000,2020-03-10,,,,,,
강남구,11680,10600,대치동,506,11680-211,선경1차(1동-7동),,84.35,3,1983,259600,2020-03-11,,,,,,
강남구,11680,10400,청담동,108,11680-65,청담건영,,84.595,5,1994,190000,2020-03-11,,,,,,
강남구,11680,10100,역삼동,720-25,11680-275,대우디오빌,,30.03,11,2002,34000,2020-03-19,,,,,,
강남구,11680,11100,세곡동,579,11680-4199,강남엘에이치1단지,,74.74,8,2013,123000,2020-03-07,,,,,,
강남구,11680,10300,개포동,12,11680-280,성원대치2단지아파트,,39.53,8,1992,102250,2020-03-23,,,,,,
강남구,11680,10100,역삼동,727-2,11680-4036,대명벨리온,,17.684,3,2012,21000,2020-03-05,,,,,,
강남구,11680,10500,삼성동,101,11680-3608,삼성동에스케이뷰,,84.88,7,2005,165000,2020-03-06,,,,,,
강남구,11680,10400,청담동,5-25,11680-3574,휴먼스타빌,,35.905,20,2005,59300,2020-03-12,,,,,,
강남구,11680,10100,역삼동,754-1,11680-3643,역삼푸르지오,,59.8848,21,2006,167000,2020-03-06,,,,,,
강남구,11680,11000,압구정동,369-1,11680-415,"현대1차(12,13,21,22,31,32,33동)",,131.48,6,1976,297500,2020-03-13,,,,,,
강남구,11680,10300,개포동,185,11680-290,개포주공6단지,,83.21,4,1983,200000,2020-03-12,,,,,,
강남구,11680,10300,개포동,141,11680-573,개포주공1단지,,50.38,1,1982,264000,2020-03-19,,,,,,
강남구,11680,10300,개포동,12,11680-280,성원대치2단지아파트,,49.86,10,1992,123500,2020-03-06,,,,,,
강남구,11680,10300,개포동,12,11680-280,성원대치2단지아파트,,49.86,4,1992,124000,2020-03-03,,,,,,
강남구,11680,11800,도곡동,952,11680-560,대우디오빌,,25.89,9,2004,26000,2020-03-21,O,20.05.22,,,,
강남구,11680,10600,대치동,891-26,11680-531,대우아이빌멤버스(891-26),,36.566,8,2003,35000,2020-03-07,,,,,,
강남구,11680,10800,논현동,103,11680-136,쌍용,,84.87,11,1996,74000,2020-03-18,,,,,,
강남구,11680,10500,삼성동,142-7,11680-434,LG선릉에클라트(A),,36.16,5,2003,34000,2020-03-09,,,,,,
강남구,11680,11500,수서동,746,11680-314,까치마을,,49.5,11,1993,114500,2020-03-03,,,,,,
강남구,11680,11500,수서동,736,11680-319,신동아,,39.51,13,1992,94000,2020-03-04,,,,,,
강남구,11680,11800,도곡동,953-1,11680-3647,SK허브프리모,,33.8,17,2006,37500,2020-03-02,,,,,,
강남구,11680,10100,역삼동,709-5,11680-4296,테헤란아이파크,,92.6232,21,2014,243000,2020-03-07,,,,,,
강남구,11680,10100,역삼동,836,11680-251,한스빌(836),,52.27,2,1996,39000,2020-03-09,,,,,,
강남구,11680,10100,역삼동,795-41,11680-3570,역삼동월드메르디앙,,81.76,7,2005,125000,2020-03-07,,,,,,
강남구,11680,11400,일원동,734,11680-303,상록수,,74.54,4,1993,160000,2020-03-10,,,,,,
강남구,11680,10300,개포동,141,11680-573,개포주공1단지,,56.57,1,1982,215000,2020-03-12,,,,,,
강남구,11680,11400,일원동,711,11680-305,수서,,59.94,14,1992,110000,2020-03-10,,,,,,
강남구,11680,10600,대치동,500,11680-216,개포우성2,,127.78,1,1984,295000,2020-03-14,,,,,,
강남구,11680,11800,도곡동,869,11680-332,삼익,,153.71,6,1983,191000,2020-03-07,,,,,,
강남구,11680,10100,역삼동,823-7,11680-503,강남역우정에쉐르,,26.68,13,2004,32800,2020-03-09,,,,,,
강남구,11680,11000,압구정동,510,11680-383,한양8(81동한개동),,210.1,12,1984,480000,2020-03-10,,,,,,
강남구,11680,11500,수서동,708,11680-317,삼익,,60,15,1992,85000,2020-03-10,,,,,,
강남구,11680,10700,신사동,540-2,11680-16,대성아파트,,78.51,3,2002,71500,2020-03-02,,,,,,
강남구,11680,10100,역삼동,709-5,11680-4296,테헤란아이파크,,92.6232,1,2014,221000,2020-03-10,,,,,,
강남구,11680,11400,일원동,718,11680-304,샘터마을,,101.97,4,1994,180000,2020-03-12,,,,,,
강남구,11680,11400,일원동,734,11680-303,상록수,,74.54,1,1993,157000,2020-03-05,,,,,,
강남구,11680,11500,수서동,746,11680-314,까치마을,,49.5,11,1993,114500,2020-03-03,O,20.03.23,,,,
강남구,11680,11500,수서동,746,11680-314,까치마을,,49.5,14,1993,115000,2020-03-04,,,,,,
강남구,11680,10400,청담동,109-16,11680-3736,청담범신칼릭스빌2차,,102.69,5,2007,148000,2020-03-02,,,,,,
강남구,11680,10300,개포동,185,11680-290,개포주공6단지,,53.06,11,1983,158500,2020-03-07,,,,,,
강남구,11680,10600,대치동,316,11680-218,은마,,76.79,2,1979,195000,2020-03-10,,,,,,
강남구,11680,11500,수서동,795,11680-4324,강남데시앙포레,,59.81,4,2014,125000,2020-03-12,,,,,,
강남구,11680,10500,삼성동,114-11,11680-3645,삼성동신영지웰,,84.32,14,2005,98000,2020-03-07,,,,,,
강남구,11680,11500,수서동,736,11680-319,신동아,,33.18,2,1992,84000,2020-03-03,,,,,,
강남구,11680,11800,도곡동,527,11680-3623,도곡렉슬,,84.9984,9,2006,239000,2020-03-11,,,,,,
강남구,11680,10100,역삼동,797-12,11680-244,우성빌라트,,129.72,1,1996,83000,2020-03-07,,,,,,
강남구,11680,10800,논현동,138-9,11680-442,월드쉐르빌,,68.86,2,2003,58000,2020-03-07,,,,,,
강남구,11680,11500,수서동,795,11680-4324,강남데시앙포레,,84.86,10,2014,155000,2020-03-10,,,,,,
강남구,11680,11400,일원동,719,11680-308,푸른마을아파트101동~111동,,84.93,15,1994,157000,2020-03-07,,,,,,
강남구,11680,10300,개포동,1281,11680-4850,디에이치아너힐즈,,76.17,2,2019,228000,2020-03-11,,,,,,
강남구,11680,11000,압구정동,397,11680-20,미성2차,,74.4,11,1987,195000,2020-03-07,,,,,,
강남구,11680,11400,일원동,719,11680-308,푸른마을아파트101동~111동,,84.93,1,1994,150000,2020-03-09,,,,,,
강남구,11680,11400,일원동,716,11680-301,목련타운,,134.71,2,1993,199000,2020-03-07,,,,,,
강남구,11680,10400,청담동,134-38,11680-4004,청담자이,,82.952,14,2011,239000,2020-03-03,,,,,,
강남구,11680,10300,개포동,141,11680-573,개포주공1단지,,41.98,5,1982,203000,2020-03-06,,,,,,
강남구,11680,11800,도곡동,161,11680-330,삼성,,73.41,10,1994,138000,2020-03-10,,,,,,
강남구,11680,10100,역삼동,762-3,11680-3905,래미안그레이튼(진달래2차),,121.54,33,2010,249000,2020-03-04,,,,,,
강남구,11680,10300,개포동,141,11680-573,개포주공1단지,,56.57,4,1982,309500,2020-03-04,,,,,,
강남구,11680,11800,도곡동,467,11680-364,타워팰리스1,,164.95,48,2002,308500,2020-03-04,,,,,,
강남구,11680,10400,청담동,34-13,11680-4364,청담스위트,,13.425,6,2015,24500,2020-03-11,,,,,,
강남구,11680,11800,도곡동,467-29,11680-470,타워팰리스3,,163.567,51,2004,298000,2020-03-04,,,,,,
강남구,11680,11400,일원동,719,11680-308,푸른마을아파트101동~111동,,59.76,10,1994,131000,2020-03-07,,,,,,
강남구,11680,10300,개포동,649,11680-278,경남2차,,149.21,5,1984,247000,2020-03-09,,,,,,
강남구,11680,11000,압구정동,513,11680-382,한양5,,153.59,13,1979,340000,2020-03-10,,,,,,
강남구,11680,11800,도곡동,527,11680-3623,도곡렉슬,,84.9231,18,2006,229000,2020-03-08,,,,,,
강남구,11680,10500,삼성동,101,11680-3608,삼성동에스케이뷰,,117.42,7,2005,187000,2020-03-06,,,,,,
강남구,11680,11800,도곡동,527,11680-3623,도곡렉슬,,120.8233,20,2006,265000,2020-03-04,,,,,,
강남구,11680,11800,도곡동,467-19,11680-354,현대비젼21,,34.995,23,1999,34000,2020-03-03,,,,,,
강남구,11680,11500,수서동,712,11680-318,수서한아름,,97.63,1,1993,141000,2020-03-07,,,,,,
강남구,11680,11800,도곡동,895-8,11680-350,한신엠비씨,,84.74,1,1988,160000,2020-03-05,,,,,,
강남구,11680,10700,신사동,659,11680-2,압구정대원칸타빌아파트,,113.31,5,2001,165000,2020-03-05,,,,,,
강남구,11680,11800,도곡동,895-8,11680-350,한신엠비씨,,84.74,1,1988,160000,2020-03-05,O,20.03.06,,,,
강남구,11680,10300,개포동,141,11680-573,개포주공1단지,,58.08,1,1982,226000,2020-03-02,,,,,,
강남구,11680,10400,청담동,102-6,11680-57,연세빌라(102-6),,125.64,13,1997,185000,2020-03-02,,,,,,
강남구,11680,11000,압구정동,397,11680-20,미성2차,,74.4,16,1987,209000,2020-03-02,,,,,,
송파구,11710,10700,가락동,96-1,11710-61,우성,,127.75,2,1986,139500,2020-03-11,,,,,,
송파구,11710,10100,잠실동,19,11710-6346,잠실엘스,,84.97,5,2008,179500,2020-03-27,,,,,,
송파구,11710,10100,잠실동,27,11710-164,주공아파트 5단지,,76.5,6,1978,191000,2020-03-27,,,,,,
송파구,11710,10200,신천동,7,11710-170,장미1,,71.2,12,1979,154500,2020-03-30,,,,,,
송파구,11710,10800,문정동,88-11,11710-207,미소로,,82.25,6,2004,52000,2020-03-25,,,,,,
송파구,11710,11200,오금동,43,11710-130,현대(2-4차),,84.98,7,1984,134400,2020-03-28,,,,,,
송파구,11710,10800,문정동,145,11710-83,문정시영,,39.69,12,1989,64800,2020-03-28,,,,,,
송파구,11710,10700,가락동,165,11710-6150,래미안파크팰리스,,59.968,3,2007,118000,2020-03-29,,,,,,
송파구,11710,11300,거여동,294,11710-137,거여5단지,,59.74,10,1997,71500,2020-03-23,,,,,,
송파구,11710,10100,잠실동,35,11710-6028,트리지움,,84.95,23,2007,168000,2020-03-28,,,,,,
송파구,11710,11200,오금동,2,11710-122,대림,,84.91,9,1988,116600,2020-03-31,,,,,,
송파구,11710,10100,잠실동,320,11710-160,우성4차,,95.84,8,1983,158500,2020-03-21,,,,,,
송파구,11710,11100,방이동,50-10,11710-8754,동광팰리스,,25.27,13,2018,34000,2020-03-28,,,,,,
송파구,11710,10300,풍납동,172,11710-4,대동1,,59.96,4,1999,60000,2020-03-21,,,,,,
송파구,11710,10100,잠실동,22,11710-6249,리센츠,,84.99,2,2008,183000,2020-03-16,,,,,,
송파구,11710,10900,장지동,894,11710-7945,위례아이파크,,108.8004,20,2015,155000,2020-03-20,,,,,,
송파구,11710,11100,방이동,47-2,11710-9044,에비뉴잠실,,29.51,12,2020,39000,2020-03-18,,,,,,
송파구,11710,11200,오금동,135,11710-8878,송파두산위브,,59.9823,23,2019,90000,2020-03-23,,,,,,
송파구,11710,11300,거여동,290,11710-133,거여1단지,,39.6,2,1997,50500,2020-03-26,,,,,,
송파구,11710,10900,장지동,879,11710-7430,송파더센트레,,59.96,18,2013,103000,2020-03-18,,,,,,
송파구,11710,10200,신천동,17,11710-6266,파크리오,,59.64,23,2008,143000,2020-03-21,,,,,,
송파구,11710,10100,잠실동,27,11710-164,주공아파트 5단지,,82.61,13,1978,210425,2020-03-26,,,,,,
송파구,11710,11200,오금동,55-3,11710-446,진성,,64.32,3,1990,36000,2020-03-23,,,,,,
송파구,11710,11200,오금동,55-3,11710-446,진성,,64.32,3,1990,36000,2020-03-27,,,,,,
송파구,11710,10900,장지동,849,11710-6241,송파파인타운3단지,,84.93,2,2008,90000,2020-03-23,,,,,,
송파구,11710,11200,오금동,55-3,11710-446,진성,,64.32,5,1990,36000,2020-03-23,,,,,,
송파구,11710,11200,오금동,55-3,11710-446,진성,,64.32,2,1990,36000,2020-03-28,,,,,,
송파구,11710,11200,오금동,55-3,11710-446,진성,,64.32,5,1990,36000,2020-03-23,,,,,,
송파구,11710,11200,오금동,55-3,11710-446,진성,,64.32,4,1990,36000,2020-03-23,,,,,,
송파구,11710,11200,오금동,55-3,11710-446,진성,,64.32,4,1990,36000,2020-03-23,,,,,,
송파구,11710,11200,오금동,138,11710-127,우방,,84.95,3,2001,74700,2020-03-17,,,,,,
송파구,11710,11200,오금동,55-3,11710-446,진성,,64.32,2,1990,36000,2020-03-24,,,,,,
송파구,11710,11200,오금동,55-3,11710-446,진성,,64.32,1,1990,36000,2020-03-24,,,,,,
송파구,11710,11200,오금동,55-3,11710-446,진성,,64.32,1,1990,36000,2020-03-24,,,,,,
송파구,11710,10800,문정동,145,11710-83,문정시영,,25.65,6,1989,42000,2020-03-28,,,,,,
송파구,11710,10800,문정동,150,11710-89,올림픽훼밀리타운,,84.705,2,1988,140000,2020-03-30,,,,,,
송파구,11710,10100,잠실동,22,11710-6249,리센츠,,84.99,12,2008,195000,2020-03-21,,,,,,
송파구,11710,11400,마천동,32-1,11710-6291,송파자연채,,65.56,2,2008,45000,2020-03-18,,,,,,
송파구,11710,10400,송파동,163-14,11710-32,현대,,59.91,22,1997,74000,2020-03-19,,,,,,
송파구,11710,10800,문정동,1,11710-282,문정래미안,,133.29,5,2004,128000,2020-03-25,,,,,,
송파구,11710,10100,잠실동,44,11710-5957,레이크팰리스,,84.82,7,2006,170500,2020-03-25,,,,,,
송파구,11710,10500,석촌동,224-2,11710-214,서원파인뷰(101동),,84.96,4,2003,56400,2020-03-12,,,,,,
송파구,11710,10100,잠실동,320,11710-160,우성4차,,95.84,14,1983,148000,2020-03-12,,,,,,
송파구,11710,10300,풍납동,251-2,11710-16,토성현대,,49.14,3,1986,49000,2020-03-11,,,,,,
송파구,11710,11400,마천동,68-5,11710-270,천마그랑밸리,,117.36,4,2004,85000,2020-03-21,,,,,,
송파구,11710,10100,잠실동,27,11710-164,주공아파트 5단지,,76.5,9,1978,203560,2020-03-14,,,,,,
송파구,11710,11200,오금동,29,11710-239,쌍용스윗닷홈1단지,,84.94,4,2005,94500,2020-03-25,,,,,,
송파구,11710,10800,문정동,145,11710-83,문정시영,,46.26,14,1989,70000,2020-03-17,,,,,,
송파구,11710,11400,마천동,304,11710-148,마천동금호타운1,,84.92,6,1998,85000,2020-03-14,O,20.06.23,,,,
송파구,11710,10100,잠실동,19,11710-6346,잠실엘스,,84.8,10,2008,191000,2020-03-12,,,,,,
송파구,11710,10100,잠실동,19,11710-6346,잠실엘스,,84.8,10,2008,191000,2020-03-12,O,20.04.08,,,,
송파구,11710,11200,오금동,616,11710-8570,송파레미니스,,84.82,10,2017,105000,2020-03-18,,,,,,
송파구,11710,10100,잠실동,19,11710-6346,잠실엘스,,84.8,21,2008,187000,2020-03-21,,,,,,
송파구,11710,11200,오금동,45,11710-265,르네상스빌,,179.66,15,2002,117800,2020-03-18,,,,,,
송파구,11710,10400,송파동,243,11710-6929,래미안송파파인탑,,87.05,24,2012,149000,2020-03-11,,,,,,
송파구,11710,10800,문정동,145,11710-83,문정시영,,25.65,14,1989,41000,2020-03-21,,,,,,
송파구,11710,10100,잠실동,22,11710-6249,리센츠,,124.22,15,2008,258000,2020-03-11,,,,,,
송파구,11710,10700,가락동,8,11710-6088,가락스타클래스,,84.8,4,2007,87000,2020-03-14,,,,,,
송파구,11710,10200,신천동,11-8,11710-5899,더샵스타리버,,171.53,26,2006,148500,2020-03-11,,,,,,
송파구,11710,11100,방이동,89,11710-5715,올림픽선수기자촌2단지,,131.76,5,1988,220000,2020-03-12,,,,,,
송파구,11710,10300,풍납동,251-2,11710-16,토성현대,,49.14,3,1986,49000,2020-03-11,O,20.04.09,,,,
송파구,11710,10300,풍납동,508,11710-17,한강극동,,114.76,4,1995,120500,2020-03-07,,,,,,
송파구,11710,10800,문정동,145,11710-83,문정시영,,35.46,10,1989,52000,2020-03-30,,,,,,
송파구,11710,10800,문정동,145,11710-83,문정시영,,25.65,1,1989,38900,2020-03-21,,,,,,
송파구,11710,11400,마천동,576,11710-156,우방아파트,,55.32,9,2002,62500,2020-03-12,,,,,,
송파구,11710,10200,신천동,7-18,11710-5589,롯데캐슬골드,,166.7,15,2005,170000,2020-03-12,,,,,,
송파구,11710,11400,마천동,576,11710-156,우방아파트,,55.32,13,2002,55000,2020-03-21,,,,,,
송파구,11710,10200,신천동,11-9,11710-175,한신잠실코아,,52.51,7,1988,84000,2020-03-26,,,,,,
송파구,11710,11200,오금동,160,11710-123,삼성,,84.87,5,1989,81500,2020-03-28,,,,,,
송파구,11710,11400,마천동,576,11710-156,우방아파트,,55.32,13,2002,55000,2020-03-21,O,20.04.08,,,,
송파구,11710,11200,오금동,166,11710-9042,상아1차아파트,,106.61,4,1984,110000,2020-03-28,,,,,,
송파구,11710,10100,잠실동,35,11710-6028,트리지움,,149.45,8,2007,230000,2020-03-04,,,,,,
송파구,11710,10100,잠실동,22,11710-6249,리센츠,,84.99,7,2008,190500,2020-03-12,,,,,,
송파구,11710,10400,송파동,119,11710-30,한양아파트,,137.28,4,1983,132000,2020-03-12,,,,,,
송파구,11710,11200,오금동,43,11710-130,현대(2-4차),,170.32,10,1984,166000,2020-03-28,,,,,,
송파구,11710,10500,석촌동,216-4,11710-231,석촌,,148.44,4,2002,71000,2020-03-09,,,,,,
송파구,11710,10700,가락동,96-1,11710-61,우성,,127.75,2,1986,139500,2020-03-11,O,20.10.13,,,,
송파구,11710,10200,신천동,20-4,11710-172,진주,,81.88,7,1980,190000,2020-03-10,,,,,,
송파구,11710,10900,장지동,879,11710-7430,송파더센트레,,51.77,5,2013,82700,2020-03-02,,,,,,
송파구,11710,10200,신천동,17,11710-6266,파크리오,,59.64,6,2008,150000,2020-03-06,,,,,,
송파구,11710,11200,오금동,138,11710-127,우방,,114.96,1,2001,76000,2020-03-10,,,,,,
송파구,11710,10700,가락동,102,11710-69,한신1,,84.53,3,1993,91000,2020-03-21,,,,,,
송파구,11710,10100,잠실동,101-1,11710-159,우성아파트,,96.65,10,1981,183800,2020-03-05,,,,,,
송파구,11710,10300,풍납동,251-2,11710-16,토성현대,,49.14,4,1986,47500,2020-03-02,,,,,,
송파구,11710,10800,문정동,128-10,11710-188,뉴파크팰리스,,67.03,2,2003,42000,2020-03-16,O,20.06.04,,,,
송파구,11710,11200,오금동,43,11710-130,현대(2-4차),,130.93,5,1984,157000,2020-03-07,,,,,,
송파구,11710,10300,풍납동,254,11710-6200,미랜드퀸,,84.44,2,2008,58000,2020-03-09,,,,,,
송파구,11710,10100,잠실동,35,11710-6028,트리지움,,59.88,13,2007,162900,2020-03-06,,,,,,
송파구,11710,10100,잠실동,40,11710-281,갤러리아팰리스,,123.291,18,2005,183500,2020-03-23,,,,,,
송파구,11710,10700,가락동,192,11710-47,극동,,59.4,10,1984,101000,2020-03-10,,,,,,
송파구,11710,10100,잠실동,27,11710-164,주공아파트 5단지,,76.5,8,1978,203560,2020-03-02,,,,,,
송파구,11710,11200,오금동,165,11710-124,상아2차아파트,,45.77,7,1988,46200,2020-03-21,,,,,,
송파구,11710,10700,가락동,55,11710-72,현대(6차),,84.8,4,1991,89800,2020-03-09,,,,,,
송파구,11710,10700,가락동,102,11710-69,한신1,,84.53,9,1993,92000,2020-03-19,,,,,,
송파구,11710,10900,장지동,897,11710-8307,위례중앙푸르지오1단지,,84.7362,15,2016,140000,2020-03-09,,,,,,
송파구,11710,10800,문정동,1,11710-282,문정래미안,,133.29,19,2004,126500,2020-03-20,,,,,,
송파구,11710,11200,오금동,43,11710-130,현대(2-4차),,130.93,3,1984,148000,2020-03-06,,,,,,
송파구,11710,11100,방이동,157,11710-93,방이금호어울림,,59.67,3,2001,68000,2020-03-09,,,,,,
송파구,11710,10800,문정동,145,11710-83,문정시영,,35.46,14,1989,53000,2020-03-06,,,,,,
송파구,11710,10300,풍납동,508,11710-17,한강극동,,114.76,9,1995,117800,2020-03-04,,,,,,
송파구,11710,11100,방이동,193-37,11710-100,옥산크리스탈,,62.5,3,2001,57500,2020-03-04,,,,,,
송파구,11710,10300,풍납동,413-1,11710-18,현대1,,83.02,16,1995,112000,2020-03-12,,,,,,
송파구,11710,10800,문정동,145,11710-83,문정시영,,39.69,8,1989,65000,2020-03-18,,,,,,
송파구,11710,10900,장지동,845,11710-6276,송파파인타운5단지,,84.93,10,2008,119900,2020-03-10,,,,,,
송파구,11710,10100,잠실동,27,11710-164,주공아파트 5단지,,82.61,14,1978,228425,2020-03-10,,,,,,
송파구,11710,10300,풍납동,506,11710-6,동아한가람1,,84.38,2,1995,82000,2020-03-04,,,,,,
송파구,11710,10400,송파동,243,11710-6929,래미안송파파인탑,,64.66,8,2012,120000,2020-03-09,,,,,,
송파구,11710,11300,거여동,290,11710-133,거여1단지,,49.8,12,1997,66000,2020-03-11,,,,,,
송파구,11710,10800,문정동,150,11710-89,올림픽훼밀리타운,,84.705,3,1988,148000,2020-03-12,,,,,,
송파구,11710,11200,오금동,43,11710-130,현대(2-4차),,130.93,2,1984,150000,2020-03-07,,,,,,
송파구,11710,10500,석촌동,285,11710-40,잠실한솔,,84.94,11,2000,112000,2020-03-11,,,,,,
송파구,11710,10200,신천동,7,11710-170,장미1,,120,7,1979,197000,2020-03-18,,,,,,
송파구,11710,10500,석촌동,285,11710-40,잠실한솔,,84.87,16,2000,114500,2020-03-05,,,,,,
송파구,11710,11300,거여동,290,11710-133,거여1단지,,39.6,10,1997,52000,2020-03-07,,,,,,
송파구,11710,10700,가락동,177-7,11710-180,주성드림아파트,,82.46,2,2003,47000,2020-03-11,,,,,,
송파구,11710,10900,장지동,842,11710-6317,송파파인타운8단지,,59.97,20,2008,100700,2020-03-05,,,,,,
송파구,11710,10500,석촌동,24-3,11710-7855,석촌호수효성해링턴타워,,15.8307,10,2015,29500,2020-03-09,,,,,,
송파구,11710,10200,신천동,17,11710-6266,파크리오,,59.86,16,2008,145000,2020-03-09,,,,,,
송파구,11710,10500,석촌동,285,11710-40,잠실한솔,,84.94,13,2000,119000,2020-03-11,,,,,,
송파구,11710,10200,신천동,11,11710-177,장미2,,82.45,5,1979,162600,2020-03-12,,,,,,
송파구,11710,10100,잠실동,101-1,11710-159,우성아파트,,160.74,11,1981,233600,2020-03-05,,,,,,
송파구,11710,11100,방이동,40,11710-5750,파라다이스빌(40-0),,84.95,7,2006,65000,2020-03-05,,,,,,
송파구,11710,11400,마천동,191-17,11710-273,기영,,81.94,3,1998,87000,2020-03-04,,,,,,
송파구,11710,11100,방이동,48-5,11710-119,현대주상복합,,30.8,3,1998,23500,2020-03-11,O,20.04.17,,,,
송파구,11710,11200,오금동,43,11710-130,현대(2-4차),,170.32,9,1984,168000,2020-03-11,,,,,,
송파구,11710,10900,장지동,845,11710-6276,송파파인타운5단지,,84.93,10,2008,119900,2020-03-10,O,20.03.23,,,,
송파구,11710,10900,장지동,856,11710-6030,송파파인타운10단지,,59.96,18,2007,101500,2020-03-05,,,,,,
송파구,11710,10900,장지동,855,11710-6677,송파파인타운12단지,,84.9,17,2011,124000,2020-03-07,,,,,,
송파구,11710,10800,문정동,18,11710-80,문정대우푸르지오1차,,84.86,6,1999,97500,2020-03-12,,,,,,
송파구,11710,10100,잠실동,101-1,11710-159,우성아파트,,96.65,7,1981,165000,2020-03-11,,,,,,
송파구,11710,11100,방이동,89,11710-5715,올림픽선수기자촌2단지,,83.06,8,1988,164000,2020-03-09,,,,,,
송파구,11710,10400,송파동,162,11710-26,송파삼성래미안아파트,,79.7,10,2001,122000,2020-03-05,,,,,,
송파구,11710,10800,문정동,150,11710-89,올림픽훼밀리타운,,136.325,11,1988,173000,2020-03-09,,,,,,
송파구,11710,10300,풍납동,512,11710-5831,송파해모로아파트,,84.96,1,2006,90000,2020-03-03,,,,,,
송파구,11710,10100,잠실동,22,11710-6249,리센츠,,84.99,8,2008,160000,2020-03-06,,,,,,
송파구,11710,10100,잠실동,44,11710-5957,레이크팰리스,,116.19,12,2006,202000,2020-03-06,,,,,,
송파구,11710,11300,거여동,290,11710-133,거여1단지,,39.6,1,1997,50000,2020-03-06,,,,,,
송파구,11710,10200,신천동,11,11710-177,장미2,,99,8,1979,184000,2020-03-09,,,,,,
송파구,11710,10400,송파동,151,11710-31,2차한양아파트,,84.92,4,1984,135500,2020-03-03,,,,,,
송파구,11710,10100,잠실동,19,11710-6346,잠실엘스,,84.88,5,2008,185300,2020-03-07,,,,,,
송파구,11710,11300,거여동,293,11710-136,거여4단지,,39.6,4,1997,56500,2020-03-06,,,,,,
송파구,11710,11200,오금동,615,11710-6424,올림픽파크센트레빌,,84.3755,9,2009,102000,2020-03-07,,,,,,
송파구,11710,10200,신천동,17,11710-6266,파크리오,,84.9,19,2008,175000,2020-03-02,,,,,,
송파구,11710,10200,신천동,17,11710-6266,파크리오,,59.86,3,2008,144000,2020-03-08,,,,,,
송파구,11710,10700,가락동,78-1,11710-250,한화오벨리스크,,25.32,17,2004,18200,2020-03-05,,,,,,
송파구,11710,10800,문정동,150,11710-89,올림픽훼밀리타운,,84.751,13,1988,150000,2020-03-03,,,,,,
송파구,11710,10800,문정동,19,11710-81,문정대우푸르지오2차,,84.88,3,2001,93000,2020-03-04,,,,,,
송파구,11710,10700,가락동,101-3,11710-425,아키죤아파트1동,,75.29,7,2002,45000,2020-03-03,,,,,,
송파구,11710,10800,문정동,81-1,11710-236,아름빌,,125.65,7,2005,58000,2020-03-02,,,,,,
송파구,11710,10200,신천동,11,11710-177,장미2,,120,13,1979,208000,2020-03-03,,,,,,
강동구,11740,10900,천호동,19-1,11740-173,우성,,84.93,1,1985,80000,2020-03-14,,,,,,
강동구,11740,10700,암사동,509,11740-91,선사현대아파트,,59.64,6,2000,68000,2020-03-02,,,,,,
강동구,11740,10800,성내동,419-13,11740-118,동아1,,59.72,16,1997,57500,2020-03-07,,,,,,
강동구,11740,10900,천호동,566,11740-181,천호태영아파트,,59.63,19,1999,67500,2020-03-04,,,,,,
강동구,11740,10700,암사동,518,11740-2893,한솔솔파크,,84.98,7,2009,93000,2020-03-06,,,,,,
강동구,11740,10300,상일동,476,11740-38,중앙하이츠,,84.23,8,1992,87000,2020-03-11,,,,,,
강동구,11740,11000,강일동,707,11740-3005,고덕리엔파크1단지,,84.87,15,2011,79500,2020-03-12,,,,,,
강동구,11740,10500,길동,401-1,11740-357,하나플러스,,84.85,4,2004,60000,2020-03-30,,,,,,
강동구,11740,10500,길동,387-4,11740-4503,다성이즈빌(387-4),,32.4,13,2018,38800,2020-03-28,,,,,,
강동구,11740,10100,명일동,48-12,11740-2,동양타워,,75.48,6,1995,50500,2020-03-28,,,,,,
강동구,11740,10500,길동,414-10,11740-2618,강동한신휴플러스,,84.61,4,2006,49700,2020-03-26,O,20.07.01,,,,
강동구,11740,10500,길동,413-11,11740-4576,경지Arium,,14.12,11,2019,21100,2020-03-27,,,,,,
강동구,11740,10500,길동,379,11740-295,에스엠이로빌(379-0),,60.84,5,2004,45000,2020-03-19,,,,,,
강동구,11740,10800,성내동,419-1,11740-121,둔촌역청구,,59.96,12,1999,67000,2020-03-28,,,,,,
강동구,11740,10800,성내동,599,11740-323,우림루미아트,,84.5,9,2004,62000,2020-03-25,,,,,,
강동구,11740,10800,성내동,137,11740-346,성내2차e-편한세상,,84.79,10,2004,70000,2020-03-22,,,,,,
강동구,11740,10500,길동,413-11,11740-4576,경지Arium,,22.81,16,2019,29900,2020-03-19,,,,,,
강동구,11740,10500,길동,456-4,11740-4482,다성이즈빌,,22.82,14,2018,31100,2020-03-16,,,,,,
강동구,11740,10500,길동,456-2,11740-2619,하이브,,83.87,5,2006,44300,2020-03-17,,,,,,
강동구,11740,10100,명일동,312-256,11740-17,삼보힐아파트,,81.52,5,2001,48000,2020-03-17,,,,,,
강동구,11740,10900,천호동,163-34,11740-363,우정에쉐르(101동),,84.24,3,2004,49700,2020-03-21,,,,,,
강동구,11740,10500,길동,456-3,11740-3323,강동큐브,,12.49,20,2013,11400,2020-03-30,,,,,,
강동구,11740,10900,천호동,565,11740-185,현대코아아파트,,59.9,23,1999,49000,2020-03-30,,,,,,
강동구,11740,10700,암사동,459-1,11740-3915,다성이즈빌,,58.88,12,2016,48000,2020-03-16,,,,,,
강동구,11740,10200,고덕동,486,11740-25,아남1,,50.2,2,1996,58500,2020-03-25,,,,,,
강동구,11740,10600,둔촌동,603,11740-57,프라자,,109.07,5,1984,94500,2020-03-30,,,,,,
강동구,11740,10500,길동,352-4,11740-275,길동쎈스빌주상복합,,84.54,6,2004,44500,2020-03-20,,,,,,
강동구,11740,10900,천호동,170-2,11740-207,천호네스빌,,39.15,6,2003,21900,2020-03-19,,,,,,
강동구,11740,10700,암사동,447-8,11740-107,대명,,68.19,2,1987,47000,2020-03-18,,,,,,
강동구,11740,10800,성내동,428-2,11740-231,파크프라자,,97.53,4,2003,57900,2020-03-21,,,,,,
강동구,11740,10700,암사동,400,11740-276,현대홈타운,,84.98,19,2004,103500,2020-03-25,,,,,,
강동구,11740,10200,고덕동,688,11740-4214,래미안힐스테이트고덕,,97.26,4,2016,141100,2020-03-21,,,,,,
강동구,11740,10600,둔촌동,603,11740-57,프라자,,109.07,9,1984,98000,2020-03-14,,,,,,
강동구,11740,10800,성내동,590,11740-129,성내동삼성아파트,,59.88,11,1999,74800,2020-03-28,,,,,,
강동구,11740,10900,천호동,19-1,11740-173,우성,,84.93,6,1985,84400,2020-03-21,,,,,,
강동구,11740,10200,고덕동,312,11740-28,배재현대,,59.94,22,1995,78000,2020-03-14,,,,,,
강동구,11740,10200,고덕동,312,11740-28,배재현대,,59.94,7,1995,75000,2020-03-19,,,,,,
강동구,11740,10200,고덕동,688,11740-4214,래미안힐스테이트고덕,,84.9,7,2016,143000,2020-03-12,,,,,,
강동구,11740,10300,상일동,490,11740-3008,고덕리엔파크3단지,,59.83,15,2011,77000,2020-03-18,,,,,,
강동구,11740,10700,암사동,442,11740-96,암사라인,,59.34,19,1996,50000,2020-03-14,,,,,,
강동구,11740,10500,길동,413-11,11740-4576,경지Arium,,14.12,11,2019,21100,2020-03-16,,,,,,
강동구,11740,10500,길동,413-11,11740-4576,경지Arium,,13.45,13,2019,21400,2020-03-16,,,,,,
강동구,11740,10800,성내동,545-8,11740-4641,집앤사비키아파트,,72.06,3,2019,70000,2020-03-28,,,,,,
강동구,11740,10900,천호동,170-2,11740-207,천호네스빌,,39.15,3,2003,19400,2020-03-20,,,,,,
강동구,11740,10300,상일동,473,11740-30,동아,,59.25,11,1997,41000,2020-03-31,,,,,,
강동구,11740,10800,성내동,551-4,11740-3481,다성이즈빌,,35.11,10,2014,28000,2020-03-17,,,,,,
강동구,11740,10500,길동,472,11740-68,희훈리치파크1,,76.66,2,2002,56000,2020-03-08,,,,,,
강동구,11740,10900,천호동,571,11740-4289,래미안강동팰리스,,59.98,19,2017,107000,2020-03-14,,,,,,
강동구,11740,10500,길동,416-3,11740-300,다성이즈텔,,84.88,5,2004,47500,2020-03-21,,,,,,
강동구,11740,10600,둔촌동,630,11740-2931,둔촌푸르지오,,59.98,14,2010,88000,2020-03-16,,,,,,
강동구,11740,10900,천호동,19-1,11740-173,우성,,84.93,1,1985,80000,2020-03-14,O,20.11.04,,,,
강동구,11740,10500,길동,385-1,11740-417,예건타워빌,,64.21,5,2005,33000,2020-03-07,,,,,,
강동구,11740,10800,성내동,565,11740-128,선광,,84.98,11,1997,63000,2020-03-28,,,,,,
강동구,11740,10900,천호동,467-11,11740-4353,현진리버파크,,14.9,8,2017,18500,2020-03-12,,,,,,
강동구,11740,10800,성내동,295,11740-130,성안마을청구,,84.96,17,2002,94500,2020-03-11,,,,,,
강동구,11740,10500,길동,456-3,11740-3323,강동큐브,,12.49,10,2013,11500,2020-03-31,O,20.04.03,,,,
강동구,11740,10700,암사동,493-14,11740-99,중앙하이츠,,59.52,9,1998,42400,2020-03-18,,,,,,
강동구,11740,10500,길동,343-2,11740-3163,현대웰하임(201동),,13.109,5,2012,8400,2020-03-10,,,,,,
강동구,11740,10300,상일동,473,11740-30,동아,,59.25,11,1997,41000,2020-03-21,,,,,,
강동구,11740,10500,길동,400,11740-39,길동우성,,84.75,9,1994,81500,2020-03-11,,,,,,
강동구,11740,10700,암사동,413,11740-2664,프라이어팰리스,,59.983,9,2007,89900,2020-03-08,,,,,,
강동구,11740,10800,성내동,396-10,11740-135,일심,,84.36,4,2001,50000,2020-03-05,,,,,,
강동구,11740,10700,암사동,414-2,11740-2802,롯데캐슬퍼스트,,59.99,27,2008,97000,2020-03-07,,,,,,
강동구,11740,10800,성내동,413-6,11740-418,신이모닝빌,,84.83,5,2004,57700,2020-03-09,,,,,,
강동구,11740,10700,암사동,509,11740-91,선사현대아파트,,82.94,22,2000,106000,2020-03-09,,,,,,
강동구,11740,10300,상일동,513,11740-4675,고덕센트럴IPARK,,84.91,20,2019,135800,2020-03-10,,,,,,
강동구,11740,10500,길동,413-11,11740-4576,경지Arium,,14.12,9,2019,21100,2020-03-26,,,,,,
강동구,11740,10900,천호동,168-6,11740-184,현대아파트,,44.1,12,1990,42500,2020-03-23,O,20.04.14,,,,
강동구,11740,10100,명일동,257,11740-1,고덕주공9,,83.34,15,1985,98000,2020-03-14,,,,,,
강동구,11740,10600,둔촌동,545,11740-77,둔촌하이츠,,84.54,4,1998,82500,2020-03-04,,,,,,
강동구,11740,10700,암사동,422-26,11740-2500,암사e편한세상,,84.96,9,2005,78000,2020-03-12,,,,,,
강동구,11740,10500,길동,413-11,11740-4576,경지Arium,,13.98,8,2019,20800,2020-03-08,,,,,,
강동구,11740,10500,길동,413-11,11740-4576,경지Arium,,14.12,12,2019,21400,2020-03-19,,,,,,
강동구,11740,10900,천호동,44,11740-167,금호아파트,,27.61,12,1987,30500,2020-03-23,,,,,,
강동구,11740,10800,성내동,590,11740-129,성내동삼성아파트,,84.99,2,1999,85000,2020-03-07,,,,,,
강동구,11740,10500,길동,413-11,11740-4576,경지Arium,,19.39,7,2019,27800,2020-03-09,,,,,,
강동구,11740,10500,길동,413-11,11740-4576,경지Arium,,19.39,5,2019,27500,2020-03-09,O,20.03.31,,,,
강동구,11740,10900,천호동,44,11740-167,금호아파트,,27.61,10,1987,31800,2020-03-24,,,,,,
강동구,11740,10100,명일동,15,11740-7,삼익그린2차,,54.81,9,1983,82000,2020-03-20,,,,,,
강동구,11740,11000,강일동,673,11740-2851,강일리버파크4단지,,84.74,10,2009,82000,2020-03-07,,,,,,
강동구,11740,10800,성내동,419-13,11740-118,동아1,,93.55,2,1997,67300,2020-03-09,,,,,,
강동구,11740,10800,성내동,405-9,11740-2983,한솔애리즈,,84.74,6,2010,54000,2020-03-21,,,,,,
강동구,11740,10500,길동,413-11,11740-4576,경지Arium,,14.12,12,2019,21400,2020-03-10,,,,,,
강동구,11740,10500,길동,456-4,11740-4482,다성이즈빌,,22.82,12,2018,30800,2020-03-02,,,,,,
강동구,11740,10900,천호동,49-8,11740-168,대명사이버아파트,,59.84,3,2001,42000,2020-03-07,,,,,,
강동구,11740,10500,길동,146-1,11740-2521,길동3차이룸,,82.81,5,2005,51600,2020-03-07,,,,,,
강동구,11740,10500,길동,413-11,11740-4576,경지Arium,,14.12,8,2019,20800,2020-03-25,,,,,,
강동구,11740,10900,천호동,566,11740-181,천호태영아파트,,59.63,11,1999,70000,2020-03-10,,,,,,
강동구,11740,10600,둔촌동,511-2,11740-306,케이엔피로얄,,84.58,5,2004,53000,2020-03-07,,,,,,
강동구,11740,10200,고덕동,688,11740-4214,래미안힐스테이트고덕,,84.88,3,2016,125000,2020-03-20,,,,,,
강동구,11740,10500,길동,92,11740-51,신동아4,,42.44,4,1999,33000,2020-03-07,,,,,,
강동구,11740,10500,길동,74,11740-286,골든빌,,95.52,5,2004,48500,2020-03-17,,,,,,
강동구,11740,10800,성내동,435-7,11740-262,광남캐스빌(435-7),,75.28,8,2003,58500,2020-03-18,,,,,,
강동구,11740,10700,암사동,670,11740-110,동원베네스트,,84.98,9,2002,61300,2020-03-02,,,,,,
강동구,11740,10500,길동,400,11740-39,길동우성,,57.1,11,1994,66500,2020-03-19,,,,,,
강동구,11740,10100,명일동,359,11740-4585,래미안솔베뉴,,59.11,21,2019,109500,2020-03-06,,,,,,
강동구,11740,10500,길동,413-11,11740-4576,경지Arium,,14.12,10,2019,21100,2020-03-22,,,,,,
강동구,11740,10500,길동,413-11,11740-4576,경지Arium,,14.12,9,2019,21100,2020-03-22,,,,,,
강동구,11740,10900,천호동,565,11740-185,현대코아아파트,,59.9,6,1999,42000,2020-03-20,,,,,,
강동구,11740,10100,명일동,48-12,11740-2,동양타워,,77.46,10,1995,44000,2020-03-21,,,,,,
강동구,11740,10500,길동,413-11,11740-4576,경지Arium,,14.12,8,2019,20800,2020-03-06,,,,,,
강동구,11740,10500,길동,350-9,11740-356,태흥,,74.24,7,2004,39100,2020-03-12,,,,,,
강동구,11740,10500,길동,415-16,11740-3569,청광플러스원큐브3차,,13.265,14,2014,9800,2020-03-17,,,,,,
강동구,11740,10900,천호동,22-17,11740-190,평대미진아파트,,84.14,10,2003,52500,2020-03-26,,,,,,
강동구,11740,10900,천호동,47-24,11740-330,천호1차우림루미아트,,84.69,2,2004,53800,2020-03-16,,,,,,
강동구,11740,10500,길동,160,11740-49,신동아,,60.42,4,1983,72500,2020-03-16,,,,,,
강동구,11740,10600,둔촌동,621,11740-44,초원동아,,59.63,3,1997,55000,2020-03-09,,,,,,
강동구,11740,10800,성내동,438,11740-354,한솔애리즈501동,,102.8,6,2004,60000,2020-03-06,,,,,,
강동구,11740,10300,상일동,473,11740-30,동아,,59.25,3,1997,39450,2020-03-11,,,,,,
강동구,11740,10700,암사동,414-2,11740-2802,롯데캐슬퍼스트,,84.81,19,2008,117800,2020-03-12,,,,,,
강동구,11740,10900,천호동,566,11740-181,천호태영아파트,,114.83,2,1999,79000,2020-03-02,,,,,,
강동구,11740,10800,성내동,164-1,11740-2569,씨제이나인,,84.42,6,2006,63000,2020-03-05,,,,,,
강동구,11740,10500,길동,413-11,11740-4576,경지Arium,,13.98,10,2019,21100,2020-03-03,,,,,,
강동구,11740,10800,성내동,606,11740-4102,올림픽파크한양수자인,,115.88,13,2016,138000,2020-03-02,,,,,,
강동구,11740,10700,암사동,442-1,11740-103,한강현대,,59.94,9,1999,68500,2020-03-09,,,,,,
강동구,11740,10900,천호동,237,11740-183,한신아파트,,58.08,3,1991,40500,2020-03-09,,,,,,
강동구,11740,10500,길동,415-13,11740-3349,강동큐브(2차),,15.12,13,2013,12050,2020-03-21,,,,,,
강동구,11740,10500,길동,332,11740-208,한전우성1,,81.54,5,1989,66000,2020-03-23,,,,,,
강동구,11740,10700,암사동,670,11740-110,동원베네스트,,84.98,2,2002,59900,2020-03-14,,,,,,
강동구,11740,10500,길동,414-10,11740-2618,강동한신휴플러스,,84.93,8,2006,51500,2020-03-14,,,,,,
강동구,11740,10900,천호동,566,11740-181,천호태영아파트,,59.63,19,1999,67500,2020-03-04,O,20.04.20,,,,
강동구,11740,10800,성내동,545-8,11740-4641,집앤사비키아파트,,72.06,4,2019,70500,2020-03-14,,,,,,
강동구,11740,10300,상일동,514,11740-4672,고덕롯데캐슬베네루체,,84.146,23,2019,130000,2020-03-06,,,,,,
강동구,11740,10800,성내동,590,11740-129,성내동삼성아파트,,59.88,9,1999,71000,2020-03-03,,,,,,
강동구,11740,10800,성내동,196-8,11740-141,코오롱(1차),,59.96,13,1999,66000,2020-03-04,,,,,,
강동구,11740,10900,천호동,328-1,11740-4611,집앤사스윗사이드아파트,,14.02,6,2019,19000,2020-03-19,,,,,,
강동구,11740,10900,천호동,564,11740-179,성원아파트,,84.93,7,1998,55500,2020-03-05,,,,,,
강동구,11740,10600,둔촌동,546,11740-74,신성둔촌미소지움1,,59.78,6,1998,72000,2020-03-07,,,,,,
강동구,11740,10700,암사동,400,11740-276,현대홈타운,,84.98,18,2004,104700,2020-03-14,,,,,,
강동구,11740,10900,천호동,361-1,11740-176,제일아파트,,59.96,5,1995,42000,2020-03-10,,,,,,
강동구,11740,10700,암사동,413,11740-2664,프라이어팰리스,,84.949,15,2007,101500,2020-03-07,,,,,,
강동구,11740,10700,암사동,442-1,11740-103,한강현대,,84.93,19,1999,84700,2020-03-05,,,,,,
강동구,11740,10200,고덕동,688,11740-4214,래미안힐스테이트고덕,,59.23,12,2016,117000,2020-03-12,,,,,,
강동구,11740,10500,길동,365-1,11740-45,라인,,105.71,6,1998,68700,2020-03-10,,,,,,
강동구,11740,10500,길동,385-4,11740-243,이스트드림힐,,84.92,4,2003,53000,2020-03-12,O,20.03.18,,,,
강동구,11740,10900,천호동,565,11740-185,현대코아아파트,,79.98,24,1999,57250,2020-03-02,,,,,,
강동구,11740,10800,성내동,194,11740-347,에스케이허브진,,33.71,15,2004,28500,2020-03-07,,,,,,
강동구,11740,10900,천호동,410-100,11740-180,코오롱상가아파트,,56.4,12,1988,63800,2020-03-07,,,,,,
강동구,11740,11000,강일동,717,11740-3004,고덕리엔파크2단지,,84.98,1,2011,75000,2020-03-13,,,,,,
강동구,11740,10900,천호동,447-17,11740-3722,강동역신동아파밀리에,,94.61,26,2015,96000,2020-03-17,,,,,,
강동구,11740,10200,고덕동,312,11740-28,배재현대,,59.94,18,1995,79500,2020-03-06,,,,,,
강동구,11740,10500,길동,415-16,11740-3569,청광플러스원큐브3차,,13.265,14,2014,11000,2020-03-04,,,,,,
강동구,11740,10800,성내동,386-74,11740-281,우성(104동),,83.21,5,2005,52000,2020-03-03,,,,,,
강동구,11740,10800,성내동,196-8,11740-141,코오롱(1차),,114.5,6,1999,83500,2020-03-14,,,,,,
강동구,11740,10200,고덕동,486,11740-25,아남1,,84.91,17,1996,84500,2020-03-01,,,,,,
강동구,11740,10700,암사동,461,11740-88,대원,,59.9,13,1998,44700,2020-03-07,,,,,,
강동구,11740,10300,상일동,473,11740-30,동아,,59.25,14,1997,41000,2020-03-03,,,,,,
강동구,11740,10600,둔촌동,621,11740-44,초원동아,,59.63,10,1997,56300,2020-03-06,,,,,,
강동구,11740,10100,명일동,257,11740-1,고덕주공9,,83.93,3,1985,97500,2020-03-12,,,,,,
강동구,11740,10100,명일동,47,11740-8,삼환,,84.92,6,1992,94000,2020-03-12,,,,,,
강동구,11740,10500,길동,456-2,11740-2619,하이브,,84.84,5,2006,43800,2020-03-04,,,,,,
강동구,11740,10100,명일동,47,11740-8,삼환,,84.93,4,1992,91000,2020-03-12,,,,,,
강동구,11740,10100,명일동,15,11740-7,삼익그린2차,,66.87,8,1983,73000,2020-03-11,,,,,,
강동구,11740,10800,성내동,447-5,11740-142,타운빌라트,,84.6,5,2000,51000,2020-03-04,,,,,,
강동구,11740,10100,명일동,257,11740-1,고덕주공9,,83.34,12,1985,98900,2020-03-10,,,,,,
강동구,11740,10200,고덕동,688,11740-4214,래미안힐스테이트고덕,,59.96,8,2016,117500,2020-03-02,,,,,,
강동구,11740,10900,천호동,450,11740-2632,강동상떼빌,,119.7,11,2007,76000,2020-03-04,,,,,,
강동구,11740,10700,암사동,509,11740-91,선사현대아파트,,83.67,14,2000,97000,2020-03-11,,,,,,
강동구,11740,10500,길동,332,11740-208,한전우성1,,81.63,8,1989,65000,2020-03-07,,,,,,
강동구,11740,10600,둔촌동,630,11740-2931,둔촌푸르지오,,84.9,5,2010,105000,2020-03-05,,,,,,
강동구,11740,10700,암사동,493-14,11740-99,중앙하이츠,,59.52,6,1998,43800,2020-03-07,,,,,,
강동구,11740,10800,성내동,196-8,11740-141,코오롱(1차),,94.74,9,1999,72000,2020-03-12,,,,,,
강동구,11740,10700,암사동,509,11740-91,선사현대아파트,,59.64,7,2000,75000,2020-03-03,,,,,,
강동구,11740,10100,명일동,359,11740-4585,래미안솔베뉴,,49.62,17,2019,101000,2020-03-11,,,,,,
강동구,11740,10700,암사동,414-2,11740-2802,롯데캐슬퍼스트,,133.97,12,2008,139000,2020-03-06,,,,,,
강동구,11740,10900,천호동,19-1,11740-173,우성,,84.93,12,1985,85000,2020-03-09,,,,,,
강동구,11740,10100,명일동,332,11740-3,명일지에스아파트,,84.9,1,1999,70000,2020-03-10,,,,,,
강동구,11740,10900,천호동,410-100,11740-180,코오롱상가아파트,,67.68,6,1988,74500,2020-03-06,,,,,,
강동구,11740,10700,암사동,463-18,11740-234,우암쎈스뷰,,77.19,9,2003,55000,2020-03-05,,,,,,
강동구,11740,10600,둔촌동,613,11740-969,성원,,59.22,7,1995,51800,2020-03-05,,,,,,
강동구,11740,10800,성내동,595,11740-164,코오롱2,,107.23,6,2002,88800,2020-03-07,,,,,,
강동구,11740,10900,천호동,164-70,11740-3322,하이브2,,13.5,13,2013,14400,2020-03-06,,,,,,
