구,시군구코드,법정동코드,법정동,지번,단지코드,아파트명,동,전용면적,층,건축년도,거래금액,계약일,해제여부,해제일,거래유형,매수자,매도자,등기일
종로구,11110,18700,무악동,60,11110-2212,인왕산아이파크,,84.858,8,2008,139800,2021-03-06,,,,,,
종로구,11110,11500,사직동,9,11110-2203,광화문스페이스본(101동~105동),,95.88,5,2008,134000,2021-03-06,,,,,,
종로구,11110,17400,창신동,639-50,11110-29,덕산,,59.28,4,1999,53000,2021-03-25,,,,,,
종로구,11110,11500,사직동,9,11110-2203,광화문스페이스본(101동~105동),,108.07,5,2008,144000,2021-03-13,,,,,,
종로구,11110,17400,창신동,232,11110-34,두산,,59.95,14,1999,79500,2021-03-26,,,,,,
종로구,11110,17500,숭인동,545,11110-208,동문A,,59,2,1996,31000,2021-03-23,,,,,,
종로구,11110,17400,창신동,639-50,11110-29,덕산,,59.28,4,1999,53000,2021-03-25,O,21.05.24,,,,
종로구,11110,17100,명륜2가,4,11110-25,아남1,,84.9,9,1995,109250,2021-03-31,,,,,,
종로구,11110,18300,평창동,596,11110-73,삼성,,84.98,1,1998,50000,2021-03-19,,,,,,
종로구,11110,17400,창신동,703,11110-91,창신쌍용2,,54.7,4,1993,63300,2021-03-20,,,,,,
종로구,11110,18400,부암동,218-1,11110-150,부암스카이뷰,,81,5,2004,48500,2021-03-19,,,,,,
종로구,11110,17000,명륜1가,2-12,11110-127,송림아마레스아파트,,53.42,6,2003,48000,2021-03-17,,,,,,
종로구,11110,18300,평창동,179-5,11110-2292,밀레니엄,,84.41,3,2017,65000,2021-03-13,,,,,,
종로구,11110,18300,평창동,66-1,11110-2261,엘리시아,,213.07,2,2009,125000,2021-03-10,,,,,,
종로구,11110,13300,익선동,55,11110-102,현대뜨레비앙,,46.64,4,2003,30000,2021-03-29,,,,,,
종로구,11110,17900,홍파동,199,11110-2445,경희궁자이(2단지),,84.836,15,2017,192000,2021-03-31,,,,,,
종로구,11110,11500,사직동,9,11110-2203,광화문스페이스본(101동~105동),,108.07,5,2008,144000,2021-03-13,O,21.05.03,,,,
종로구,11110,16200,효제동,65-2,11110-2440,포레스트힐시티,,22.0584,11,2017,26000,2021-03-15,,,,,,
종로구,11110,17500,숭인동,76,11110-152,롯데캐슬천지인,,84.95,20,2004,104500,2021-03-12,,,,,,
종로구,11110,17900,홍파동,199,11110-2445,경희궁자이(2단지),,101.991,6,2017,220000,2021-03-08,,,,,,
종로구,11110,17400,창신동,702,11110-37,창신쌍용1,,106.62,12,1992,98500,2021-03-15,,,,,,
종로구,11110,17400,창신동,702,11110-37,창신쌍용1,,79.87,13,1992,86500,2021-03-26,,,,,,
종로구,11110,17900,홍파동,199,11110-2445,경희궁자이(2단지),,59.855,13,2017,160000,2021-03-11,,,,,,
종로구,11110,11500,사직동,9,11110-2203,광화문스페이스본(101동~105동),,95.88,5,2008,134500,2021-03-06,O,21.05.28,,,,
종로구,11110,17500,숭인동,318-2,11110-2368,삼전솔하임4차,,15.09,12,2014,12250,2021-03-28,,,,,,
종로구,11110,18600,신영동,105-22,11110-89,구암하이빌,,84.94,3,2002,45000,2021-03-01,,,,,,
종로구,11110,17400,창신동,703,11110-91,창신쌍용2,,79.87,7,1993,80000,2021-03-17,,,,,,
종로구,11110,15700,인의동,48-2,11110-2155,효성쥬얼리시티,,84.98,8,2006,78000,2021-03-05,,,,,,
종로구,11110,18300,평창동,66-1,11110-2261,엘리시아,,200.19,1,2009,120000,2021-03-23,,,,,,
종로구,11110,17400,창신동,702,11110-37,창신쌍용1,,54.7,10,1992,68500,2021-03-13,,,,,,
종로구,11110,17400,창신동,703,11110-91,창신쌍용2,,64.66,4,1993,66000,2021-03-01,,,,,,
종로구,11110,17400,창신동,703,11110-91,창신쌍용2,,106.62,11,1993,89700,2021-03-01,,,,,,
종로구,11110,18300,평창동,145-5,11110-77,일성빌라트,,59.82,2,1996,51500,2021-03-25,,,,,,
종로구,11110,17100,명륜2가,4,11110-25,아남1,,84.9,19,1995,107500,2021-03-17,,,,,,
종로구,11110,11500,사직동,9,11110-2203,광화문스페이스본(101동~105동),,158.99,7,2008,155000,2021-03-03,,,,,,
종로구,11110,17500,숭인동,201-11,11110-2334,종로유케이201,,12.01,12,2013,11000,2021-03-15,,,,,,
종로구,11110,13300,익선동,55,11110-102,현대뜨레비앙,,45.5,3,2003,25000,2021-03-24,,,,,,
종로구,11110,11500,사직동,9,11110-2203,광화문스페이스본(101동~105동),,159.01,5,2008,184000,2021-03-20,,,,,,
종로구,11110,18700,무악동,60,11110-2212,인왕산아이파크,,84.858,8,2008,139800,2021-03-06,O,21.08.20,,,,
종로구,11110,13300,익선동,55,11110-102,현대뜨레비앙,,36.08,6,2003,26000,2021-03-22,,,,,,
종로구,11110,18700,무악동,60,11110-2212,인왕산아이파크,,157.289,7,2008,165000,2021-03-06,,,,,,
종로구,11110,17500,숭인동,1421-1,11110-2343,종로동광모닝스카이,,15.855,12,2013,11450,2021-03-11,,,,,,
종로구,11110,18700,무악동,82,11110-90,현대,,114.9,19,2000,144950,2021-03-11,,,,,,
종로구,11110,17700,평동,233,11110-2446,경희궁자이(3단지),,59.755,2,2017,151000,2021-03-18,,,,,,
종로구,11110,18100,행촌동,41-1,11110-52,대성아파트,,19.27,1,1971,7500,2021-03-11,,,,,,
종로구,11110,13300,익선동,55,11110-102,현대뜨레비앙,,48.54,6,2003,33000,2021-03-11,,,,,,
종로구,11110,17900,홍파동,199,11110-2445,경희궁자이(2단지),,84.934,4,2017,175000,2021-03-07,,,,,,
종로구,11110,17000,명륜1가,19,11110-973,렉스빌,,107.94,7,2006,91000,2021-03-03,,,,,,
중구,11140,12100,회현동1가,208,11140-1142,남산롯데캐슬아이리스,,113.46,18,2011,159350,2021-03-30,,,,,,
중구,11140,16200,신당동,851,11140-1141,래미안하이베르,,59.74,2,2011,108000,2021-03-30,,,,,,
중구,11140,13600,묵정동,11-67,11140-15,묵정,,52.46,1,1981,37600,2021-03-31,,,,,,
중구,11140,13600,묵정동,11-67,11140-15,묵정,,52.46,1,1981,37700,2021-03-28,,,,,,
중구,11140,16200,신당동,844,11140-28,남산타운,,84.88,3,2002,139700,2021-03-24,,,,,,
중구,11140,13600,묵정동,11-67,11140-15,묵정,,52.46,7,1981,42000,2021-03-28,,,,,,
중구,11140,16200,신당동,844,11140-28,남산타운,,114.88,11,2002,162000,2021-03-24,,,,,,
중구,11140,16500,황학동,2033,11140-1330,청계리버팰리스A,,26.49,9,2019,29800,2021-03-27,,,,,,
중구,11140,13200,충무로4가,306,11140-1097,남산센트럴자이,,137.166,24,2009,140000,2021-03-27,,,,,,
중구,11140,13600,묵정동,11-2,11140-16,충무,,54.18,9,1982,43000,2021-03-19,,,,,,
중구,11140,12200,회현동2가,87,11140-1123,쌍용남산플래티넘,,177,31,2010,230000,2021-03-24,O,21.04.20,,,,
중구,11140,16800,순화동,215,11140-1010,바비엥3,,70.81,15,2006,58300,2021-03-20,,,,,,
중구,11140,16200,신당동,844,11140-28,남산타운,,59.94,16,2002,123000,2021-03-26,,,,,,
중구,11140,12100,회현동1가,206,11140-1099,SK리더스뷰남산,,205.62,9,2010,188000,2021-03-20,,,,,,
중구,11140,17100,중림동,355,11140-1000,브라운스톤서울,,84.878,31,2006,124500,2021-03-12,,,,,,
중구,11140,16500,황학동,2545,11140-1039,롯데캐슬,,114.9,28,2008,144000,2021-03-11,,,,,,
중구,11140,16200,신당동,290-90,11140-42,청구드림,,84.99,1,2002,70000,2021-03-27,,,,,,
중구,11140,13200,충무로4가,306,11140-1097,남산센트럴자이,,114.84,11,2009,133000,2021-03-26,,,,,,
중구,11140,16200,신당동,851,11140-1141,래미안하이베르,,59.95,11,2011,109000,2021-03-08,,,,,,
중구,11140,16700,정동,37,11140-1361,삼정아트테라스정동,,23.4274,5,2020,46000,2021-03-19,,,,,,
중구,11140,16200,신당동,856,11140-1333,신당KCC스위첸,,59.7807,12,2019,118000,2021-03-13,,,,,,
중구,11140,16500,황학동,2545,11140-1039,롯데캐슬,,84.97,9,2008,109500,2021-03-19,,,,,,
중구,11140,16200,신당동,844,11140-28,남산타운,,84.88,15,2002,130000,2021-03-11,,,,,,
중구,11140,16200,신당동,432-2000,11140-67,스위스빌라,,38.53,3,2001,14800,2021-03-19,,,,,,
중구,11140,16200,신당동,843,11140-32,삼성,,84.96,11,1999,112000,2021-03-13,,,,,,
중구,11140,13600,묵정동,11-67,11140-15,묵정,,52.46,1,1981,36000,2021-03-06,,,,,,
중구,11140,16200,신당동,844,11140-28,남산타운,,114.88,10,2002,147000,2021-03-09,,,,,,
중구,11140,15400,오장동,139-7,11140-1364,오장동오팰리오,,22.31,12,2021,36600,2021-03-20,,,,,,
중구,11140,12100,회현동1가,206,11140-1099,SK리더스뷰남산,,137.57,16,2010,158000,2021-03-10,,,,,,
중구,11140,16300,흥인동,3-4,11140-26,우일타운,,84.87,19,1994,58000,2021-03-13,,,,,,
중구,11140,12100,회현동1가,100-12,11140-1004,이지-빌,,68.8,4,2006,47500,2021-03-24,,,,,,
중구,11140,13200,충무로4가,306,11140-1097,남산센트럴자이,,82.413,15,2009,107000,2021-03-27,,,,,,
중구,11140,13200,충무로4가,306,11140-1097,남산센트럴자이,,82.413,13,2009,105000,2021-03-15,,,,,,
중구,11140,16200,신당동,842,11140-37,약수하이츠,,57.63,20,1999,89500,2021-03-29,,,,,,
중구,11140,13600,묵정동,11-67,11140-15,묵정,,52.46,3,1981,38700,2021-03-12,,,,,,
중구,11140,16300,흥인동,3-4,11140-26,우일타운,,69.39,18,1994,53000,2021-03-02,,,,,,
중구,11140,16200,신당동,844,11140-28,남산타운,,84.88,9,2002,138000,2021-03-04,,,,,,
중구,11140,12100,회현동1가,206,11140-1099,SK리더스뷰남산,,205.62,4,2010,160000,2021-03-12,,,,,,
중구,11140,16200,신당동,844,11140-28,남산타운,,84.88,14,2002,149500,2021-03-12,,,,,,
중구,11140,16500,황학동,2033,11140-1330,청계리버팰리스A,,26.49,7,2019,26500,2021-03-17,,,,,,
중구,11140,12200,회현동2가,87,11140-1123,쌍용남산플래티넘,,177,8,2010,187000,2021-03-12,,,,,,
중구,11140,16500,황학동,846,11140-1273,신당블루카운티,,59.98,10,2016,65000,2021-03-13,,,,,,
중구,11140,15100,을지로5가,39-1,11140-998,삼성파크빌,,84.65,14,2006,76000,2021-03-06,,,,,,
중구,11140,16800,순화동,215,11140-1010,바비엥3,,69.29,13,2006,57800,2021-03-20,,,,,,
중구,11140,16500,황학동,787,11140-1197,한양I-Class,,16.37,16,2013,13000,2021-03-06,,,,,,
중구,11140,13300,충무로5가,36-2,11140-1261,충무로엘크루메크로시티2차,,35.55,18,2016,32000,2021-03-16,,,,,,
중구,11140,16800,순화동,217,11140-1277,덕수궁롯데캐슬,,31.7571,9,2016,60000,2021-03-16,,,,,,
중구,11140,16200,신당동,432-2006,11140-85,수산타운(2차),,32.86,-1,2001,9500,2021-03-11,,,,,,
중구,11140,16500,황학동,787,11140-1197,한양I-Class,,24.67,15,2013,22900,2021-03-04,,,,,,
중구,11140,16200,신당동,850,11140-990,신당푸르지오,,84.39,17,2005,124500,2021-03-09,,,,,,
중구,11140,16200,신당동,842,11140-37,약수하이츠,,57.63,5,1999,104000,2021-03-03,,,,,,
중구,11140,16200,신당동,850,11140-990,신당푸르지오,,84.39,8,2005,116500,2021-03-06,,,,,,
용산구,11170,13100,한남동,802,11170-82,리버탑,,59.57,9,2001,108000,2021-03-24,,,,,,
용산구,11170,13100,한남동,810,11170-2839,한남더힐,,208.478,6,2011,567000,2021-03-18,,,,,,
용산구,11170,12800,한강로3가,65-230,11170-174,한강대우트럼프월드3,,173.21,8,2004,238000,2021-03-31,,,,,,
용산구,11170,13100,한남동,72-1,11170-184,한남동리첸시아,,51.93,14,2004,86000,2021-03-30,,,,,,
용산구,11170,12800,한강로3가,63-387,11170-2521,시티파크(2단지),,145.65,20,2007,260000,2021-03-29,,,,,,
용산구,11170,13000,이태원동,198-16,11170-176,마운틴뷰,,146.13,2,1999,116000,2021-03-07,,,,,,
용산구,11170,12900,이촌동,404,11170-66,한가람,,114.96,20,1998,225000,2021-03-23,,,,,,
용산구,11170,12900,이촌동,402,11170-35,강촌,,84.905,14,1998,175000,2021-03-27,,,,,,
용산구,11170,13100,한남동,1-297,11170-179,로얄튼빌라,,192.94,1,2002,182500,2021-03-22,,,,,,
용산구,11170,13100,한남동,72-1,11170-184,한남동리첸시아,,37.53,11,2004,65000,2021-03-30,,,,,,
용산구,11170,12900,이촌동,412,11170-55,이촌코오롱(A),,59.82,8,1999,155000,2021-03-30,,,,,,
용산구,11170,12200,문배동,17-1,11170-191,지오베르크,,76.02,11,2004,105000,2021-03-26,,,,,,
용산구,11170,12200,문배동,24-8,11170-2906,프라임펠리스,,13.69,17,2012,16000,2021-03-28,,,,,,
용산구,11170,12900,이촌동,411,11170-41,동아그린,,114.96,15,1999,165000,2021-03-24,,,,,,
용산구,11170,13100,한남동,802,11170-82,리버탑,,59.57,9,2001,108000,2021-03-24,O,21.06.09,,,,
용산구,11170,10100,후암동,1-20,11170-3,후암맨션,,72.13,6,1974,60000,2021-03-25,,,,,,
용산구,11170,13100,한남동,810,11170-2839,한남더힐,,59.686,8,2011,250000,2021-03-30,,,,,,
용산구,11170,11600,청암동,181,11170-164,GS자이,,157.43,5,2005,194600,2021-03-26,,,,,,
용산구,11170,12900,이촌동,402,11170-35,강촌,,84.85,2,1998,175000,2021-03-20,,,,,,
용산구,11170,12900,이촌동,395,11170-38,대림,,114.96,14,1994,199000,2021-03-26,,,,,,
용산구,11170,13100,한남동,29-4,11170-114,한성1,,36.79,6,1974,53000,2021-03-24,,,,,,
용산구,11170,11800,원효로4가,118-16,11170-14,산호,,78.06,8,1977,148000,2021-03-27,,,,,,
용산구,11170,12900,이촌동,404,11170-66,한가람,,84.96,8,1998,198000,2021-03-18,,,,,,
용산구,11170,12900,이촌동,300-23,11170-68,한강맨숀,,87.54,5,1971,250000,2021-03-25,,,,,,
용산구,11170,12400,한강로1가,64,11170-2539,대우월드마크용산,,107.626,6,2007,155000,2021-03-18,,,,,,
용산구,11170,13100,한남동,829,11170-3240,나인원한남,,244.3478,3,2019,730000,2021-03-19,,,,,,
용산구,11170,12900,이촌동,399-1,11170-54,우성,,58.2,11,1995,146250,2021-03-20,,,,,,
용산구,11170,12800,한강로3가,65-230,11170-174,한강대우트럼프월드3,,173.21,18,2004,248000,2021-03-17,,,,,,
용산구,11170,13000,이태원동,252-1,11170-284,창덕아파트,,59.9,3,1996,54000,2021-03-22,,,,,,
용산구,11170,13100,한남동,29-4,11170-114,한성1,,69.88,1,1974,104000,2021-03-15,,,,,,
용산구,11170,12900,이촌동,412,11170-55,이촌코오롱(A),,59.82,8,1999,160000,2021-03-26,,,,,,
용산구,11170,11900,효창동,274,11170-2821,효창파크푸르지오,,84.45,12,2010,160000,2021-03-29,,,,,,
용산구,11170,13000,이태원동,729,11170-72,남산대림,,59.92,5,1994,124000,2021-03-19,,,,,,
용산구,11170,12200,문배동,17-1,11170-191,지오베르크,,84.95,5,2004,107000,2021-03-14,,,,,,
용산구,11170,11800,원효로4가,109-4,11170-15,풍전,,67.04,4,1971,82500,2021-03-25,O,21.05.13,,,,
용산구,11170,12200,문배동,11-14,11170-2305,이안용산1차(101동),,107.53,8,2005,129500,2021-03-26,,,,,,
용산구,11170,12900,이촌동,411,11170-41,동아그린,,114.96,19,1999,149500,2021-03-03,O,21.05.18,,,,
용산구,11170,13100,한남동,29-4,11170-114,한성1,,24.76,-1,1974,37000,2021-03-15,,,,,,
용산구,11170,12900,이촌동,301-170,11170-46,반도,,167.18,6,1977,215000,2021-03-25,,,,,,
용산구,11170,12000,도원동,23,11170-27,삼성래미안,,59.94,15,2001,120000,2021-03-14,,,,,,
용산구,11170,13100,한남동,828,11170-3107,한남아이파크애비뉴,,49.6243,11,2017,87500,2021-03-27,,,,,,
용산구,11170,12900,이촌동,436,11170-3048,래미안첼리투스,,124.02,30,2015,369000,2021-03-16,,,,,,
용산구,11170,11800,원효로4가,118-16,11170-14,산호,,40.46,7,1977,103000,2021-03-09,,,,,,
용산구,11170,12900,이촌동,436,11170-3048,래미안첼리투스,,124.02,28,2015,317998,2021-03-10,,,,,,
용산구,11170,12900,이촌동,301-160,11170-69,현대맨숀,,146.38,4,1974,191999,2021-03-13,,,,,,
용산구,11170,13100,한남동,258,11170-83,리버티하우스,,217.42,16,2001,225000,2021-03-13,,,,,,
용산구,11170,12900,이촌동,301-160,11170-69,현대맨숀,,146.38,1,1974,179998,2021-03-08,,,,,,
용산구,11170,13100,한남동,805,11170-120,현대하이페리온,,225.13,12,2002,350000,2021-03-09,,,,,,
용산구,11170,12900,이촌동,430,11170-156,LG한강자이,,210.01,19,2003,340000,2021-03-22,,,,,,
용산구,11170,13000,이태원동,22-2,11170-77,청화1,,142.71,11,1982,210000,2021-03-20,,,,,,
용산구,11170,11900,효창동,274,11170-2821,효창파크푸르지오,,84.45,4,2010,160000,2021-03-19,,,,,,
용산구,11170,12900,이촌동,301-160,11170-69,현대맨숀,,146.38,4,1974,192000,2021-03-13,O,21.04.07,,,,
용산구,11170,13100,한남동,810,11170-2839,한남더힐,,177.764,6,2011,490000,2021-03-06,,,,,,
용산구,11170,13100,한남동,810,11170-2839,한남더힐,,235.312,10,2011,615000,2021-03-11,,,,,,
용산구,11170,12900,이촌동,415,11170-67,한강(대우),,59.98,19,2000,160000,2021-03-04,,,,,,
용산구,11170,11800,원효로4가,118-16,11170-14,산호,,78.06,2,1977,152000,2021-03-08,,,,,,
용산구,11170,12900,이촌동,399-1,11170-54,우성,,114.74,5,1995,195000,2021-03-06,,,,,,
용산구,11170,13100,한남동,810,11170-2839,한남더힐,,177.764,6,2011,490000,2021-03-06,O,21.04.01,,,,
용산구,11170,11200,원효로1가,46-3,11170-3174,용산파크뷰(46-3),,29.67,15,2018,49000,2021-03-12,,,,,,
용산구,11170,12500,한강로2가,422,11170-3122,래미안용산더센트럴,,161.48,27,2017,365000,2021-03-23,,,,,,
용산구,11170,13100,한남동,29-4,11170-114,한성1,,39.38,5,1974,57600,2021-03-11,,,,,,
용산구,11170,13100,한남동,810,11170-2839,한남더힐,,233.062,5,2011,580000,2021-03-05,,,,,,
용산구,11170,11900,효창동,274,11170-2821,효창파크푸르지오,,59.41,5,2010,135000,2021-03-20,,,,,,
용산구,11170,11900,효창동,274,11170-2821,효창파크푸르지오,,84.45,13,2010,160500,2021-03-15,,,,,,
용산구,11170,12900,이촌동,430,11170-156,LG한강자이,,202.32,16,2003,375000,2021-03-10,,,,,,
용산구,11170,11900,효창동,272,11170-24,효창베네스,,84.94,8,2002,100000,2021-03-01,,,,,,
용산구,11170,13100,한남동,828,11170-3107,한남아이파크애비뉴,,49.6971,12,2017,94500,2021-03-17,,,,,,
용산구,11170,12000,도원동,23,11170-27,삼성래미안,,59.94,4,2001,112500,2021-03-20,,,,,,
용산구,11170,12900,이촌동,404,11170-66,한가람,,59.88,19,1998,159500,2021-03-13,,,,,,
용산구,11170,13100,한남동,96-3,11170-2325,신성미소시티,,139.96,7,2006,170000,2021-03-08,,,,,,
용산구,11170,11500,산천동,204,11170-139,한강타운,,59.69,14,2001,99000,2021-03-20,,,,,,
용산구,11170,13600,보광동,448,11170-134,신동아1,,84.93,8,1992,203000,2021-03-10,,,,,,
용산구,11170,12900,이촌동,436,11170-3048,래미안첼리투스,,124.02,18,2015,330000,2021-03-11,,,,,,
용산구,11170,11800,원효로4가,118-16,11170-14,산호,,85.95,5,1977,165000,2021-03-17,,,,,,
용산구,11170,12900,이촌동,301-10,11170-43,로얄맨숀,,186.12,9,1972,205500,2021-03-02,,,,,,
용산구,11170,13100,한남동,805,11170-120,현대하이페리온,,203.76,11,2002,320000,2021-03-13,,,,,,
용산구,11170,12900,이촌동,300-27,11170-44,리버뷰,,141.55,5,1970,135000,2021-03-06,,,,,,
용산구,11170,13100,한남동,809,11170-2346,대성이태리하우스,,84.89,5,2006,150000,2021-03-03,,,,,,
용산구,11170,12900,이촌동,404,11170-66,한가람,,114.96,10,1998,224000,2021-03-03,,,,,,
용산구,11170,12900,이촌동,404,11170-66,한가람,,84.96,17,1998,200000,2021-03-17,,,,,,
용산구,11170,12900,이촌동,404,11170-66,한가람,,59.88,1,1998,154000,2021-03-13,,,,,,
용산구,11170,12900,이촌동,302-86,11170-48,빌라맨션,,174.48,17,1974,215000,2021-03-16,,,,,,
용산구,11170,13100,한남동,810,11170-2839,한남더힐,,240.23,1,2011,750000,2021-03-12,,,,,,
용산구,11170,11400,신창동,102,11170-259,세방리버하이빌,,59.76,5,2005,95000,2021-03-13,,,,,,
용산구,11170,11800,원효로4가,178,11170-13,강변삼성스위트,,72.84,18,1999,114000,2021-03-10,,,,,,
용산구,11170,12900,이촌동,402,11170-35,강촌,,59.12,7,1998,159500,2021-03-03,,,,,,
용산구,11170,12200,문배동,11-10,11170-3008,용산KCC웰츠타워,,84.03,14,2015,106000,2021-03-08,,,,,,
성동구,11200,10900,금호동1가,633,11200-32,벽산,,114.57,3,2001,137500,2021-03-19,,,,,,
성동구,11200,11100,금호동3가,700,11200-2969,금호자이2차,,84.7313,6,2012,135000,2021-03-20,,,,,,
성동구,11200,11500,성수동2가,843,11200-2883,서울숲힐스테이트,,117.13,19,2009,220000,2021-03-15,,,,,,
성동구,11200,10200,하왕십리동,1058,11200-1,극동미라주,,84.33,10,2001,110000,2021-03-03,,,,,,
성동구,11200,11400,성수동1가,708,11200-53,동아그린,,58.32,15,1999,108500,2021-03-27,,,,,,
성동구,11200,11400,성수동1가,685-700,11200-3215,아크로서울포레스트,,159.603,34,2020,530000,2021-03-18,,,,,,
성동구,11200,10800,응봉동,97,11200-28,대림(2차),,59.91,12,1989,91500,2021-03-31,,,,,,
성동구,11200,11100,금호동3가,1331,11200-34,두산,,79.08,14,1994,113000,2021-03-29,,,,,,
성동구,11200,10800,응봉동,276,11200-82,서울숲리버그린동아아파트,,59.98,23,2003,108000,2021-03-31,,,,,,
성동구,11200,11400,성수동1가,708,11200-53,동아그린,,58.32,15,1999,108500,2021-03-27,O,21.05.13,,,,
성동구,11200,10200,하왕십리동,1061,11200-98,왕십리풍림아이원,,59.936,8,2004,100300,2021-03-27,,,,,,
성동구,11200,11400,성수동1가,656-320,11200-52,동아,,52.68,9,1983,124000,2021-03-26,,,,,,
성동구,11200,10800,응봉동,275,11200-30,신동아,,59.97,10,1996,87500,2021-03-24,,,,,,
성동구,11200,10200,하왕십리동,1066,11200-3074,텐즈힐(1단지),,148.94,23,2015,210000,2021-03-24,,,,,,
성동구,11200,10200,하왕십리동,1070,11200-3120,센트라스,,59.95,19,2016,136000,2021-03-30,,,,,,
성동구,11200,10700,행당동,346,11200-22,행당한진타운,,59.96,19,2000,109900,2021-03-31,,,,,,
성동구,11200,11200,금호동4가,1553,11200-3158,힐스테이트서울숲리버,,84.92,2,2018,167000,2021-03-29,,,,,,
성동구,11200,11500,성수동2가,830,11200-64,강변금호타운,,59.67,7,1994,165000,2021-03-25,,,,,,
성동구,11200,11400,성수동1가,704,11200-60,한진타운,,84.21,5,1994,152000,2021-03-30,,,,,,
성동구,11200,10200,하왕십리동,1058,11200-1,극동미라주,,114.63,15,2001,114500,2021-03-24,,,,,,
성동구,11200,10700,행당동,376,11200-2914,서울숲행당푸르지오,,84.74,11,2011,131000,2021-03-26,,,,,,
성동구,11200,11000,금호동2가,1,11200-3086,신금호파크자이,,59.98,8,2016,141000,2021-03-25,,,,,,
성동구,11200,10500,마장동,830,11200-2703,신명스카이뷰,,84.038,7,2005,81000,2021-03-28,,,,,,
성동구,11200,10600,사근동,199,11200-17,중앙하이츠,,71.85,3,1989,70000,2021-03-21,,,,,,
성동구,11200,11300,옥수동,250,11200-42,옥수삼성,,59.7,14,1999,126000,2021-03-31,,,,,,
성동구,11200,10200,하왕십리동,1071,11200-3144,왕십리자이,,59.99,10,2017,124000,2021-03-22,,,,,,
성동구,11200,10500,마장동,784,11200-13,세림,,40.86,6,1986,80500,2021-03-20,,,,,,
성동구,11200,11100,금호동3가,700,11200-2969,금호자이2차,,84.7313,6,2012,135000,2021-03-20,O,21.06.08,,,,
성동구,11200,11300,옥수동,4,11200-47,현대,,84.9,7,1990,160000,2021-03-21,,,,,,
성동구,11200,11300,옥수동,561,11200-2980,래미안 옥수 리버젠,,113.74,16,2012,208000,2021-03-21,,,,,,
성동구,11200,11000,금호동2가,1217,11200-2944,래미안하이리버,,84.99,15,2012,145000,2021-03-20,,,,,,
성동구,11200,11300,옥수동,428,11200-38,극동,,68.58,3,1986,130000,2021-03-25,,,,,,
성동구,11200,10700,행당동,346,11200-22,행당한진타운,,114.62,1,2000,137300,2021-03-31,,,,,,
성동구,11200,10700,행당동,347,11200-18,대림e-편한세상,,84.87,14,2000,118000,2021-03-27,,,,,,
성동구,11200,10800,응봉동,98,11200-27,금호현대,,79.8,12,1990,114500,2021-03-27,,,,,,
성동구,11200,10800,응봉동,15,11200-29,대림강변타운,,84.42,5,2001,130000,2021-03-23,,,,,,
성동구,11200,11100,금호동3가,1331,11200-34,두산,,59.97,7,1994,98000,2021-03-20,,,,,,
성동구,11200,11400,성수동1가,685-700,11200-3215,아크로서울포레스트,,159.603,34,2020,530000,2021-03-18,O,21.04.19,,,,
성동구,11200,11300,옥수동,436,11200-39,극동그린,,84.92,13,1997,120000,2021-03-22,,,,,,
성동구,11200,11100,금호동3가,700,11200-2969,금호자이2차,,84.9796,5,2012,133000,2021-03-20,,,,,,
성동구,11200,10800,응봉동,15,11200-29,대림강변타운,,114.88,12,2001,151000,2021-03-23,,,,,,
성동구,11200,11300,옥수동,428,11200-38,극동,,68.58,8,1986,123000,2021-03-13,,,,,,
성동구,11200,10900,금호동1가,633,11200-32,벽산,,114.57,3,2001,137500,2021-03-19,O,21.06.17,,,,
성동구,11200,10700,행당동,346,11200-22,행당한진타운,,59.96,6,2000,104500,2021-03-22,,,,,,
성동구,11200,11000,금호동2가,1215,11200-2938,금호자이1차,,84.97,15,2012,153500,2021-03-15,,,,,,
성동구,11200,11400,성수동1가,685-696,11200-2923,갤러리아포레,,195.2,29,2011,445000,2021-03-17,,,,,,
성동구,11200,10200,하왕십리동,1070,11200-3120,센트라스,,59.95,23,2016,135000,2021-03-22,,,,,,
성동구,11200,11000,금호동2가,1217,11200-2944,래미안하이리버,,59.99,20,2012,127500,2021-03-20,,,,,,
성동구,11200,10900,금호동1가,1823,11200-3161,이편한세상금호파크힐스,,59.949,21,2019,141500,2021-03-19,,,,,,
성동구,11200,11400,성수동1가,685-696,11200-2923,갤러리아포레,,241.93,31,2011,595000,2021-03-08,,,,,,
성동구,11200,11300,옥수동,528,11200-3114,옥수파크힐스101동~116동,,59.88,18,2016,160000,2021-03-18,,,,,,
성동구,11200,10700,행당동,346,11200-22,행당한진타운,,84.71,2,2000,126000,2021-03-27,,,,,,
성동구,11200,11200,금호동4가,235,11200-2970,서울숲2차푸르지오,,59.862,7,2012,153500,2021-03-17,,,,,,
성동구,11200,11100,금호동3가,700,11200-2969,금호자이2차,,59.9912,9,2012,112000,2021-03-13,,,,,,
성동구,11200,11300,옥수동,528,11200-3114,옥수파크힐스101동~116동,,59.78,6,2016,156000,2021-03-17,,,,,,
성동구,11200,10800,응봉동,276,11200-82,서울숲리버그린동아아파트,,84.83,19,2003,143500,2021-03-29,,,,,,
성동구,11200,11000,금호동2가,1,11200-3086,신금호파크자이,,59.98,10,2016,139000,2021-03-20,,,,,,
성동구,11200,10200,하왕십리동,1058,11200-1,극동미라주,,84.33,14,2001,108000,2021-03-30,,,,,,
성동구,11200,11500,성수동2가,833,11200-70,신성미소지움,,84.01,11,2001,123000,2021-03-23,,,,,,
성동구,11200,11200,금호동4가,800,11200-35,대우,,84.96,23,2001,157000,2021-03-27,,,,,,
성동구,11200,10200,하왕십리동,1070,11200-3120,센트라스,,59.59,4,2016,127900,2021-03-12,,,,,,
성동구,11200,10200,하왕십리동,1070,11200-3120,센트라스,,40.94,10,2016,93500,2021-03-27,,,,,,
성동구,11200,11000,금호동2가,1217,11200-2944,래미안하이리버,,59.99,18,2012,129000,2021-03-12,,,,,,
성동구,11200,10700,행당동,147,11200-20,서울숲삼부아파트,,122.01,7,1998,165000,2021-03-16,,,,,,
성동구,11200,10700,행당동,347,11200-18,대림e-편한세상,,59.96,1,2000,98000,2021-03-20,,,,,,
성동구,11200,10800,응봉동,15,11200-29,대림강변타운,,114.88,8,2001,156000,2021-03-18,,,,,,
성동구,11200,10900,금호동1가,633,11200-32,벽산,,84.82,12,2001,131500,2021-03-11,,,,,,
성동구,11200,11500,성수동2가,843,11200-2883,서울숲힐스테이트,,117.13,19,2009,220000,2021-03-15,,,,,,
성동구,11200,11200,금호동4가,1550,11200-2902,브라운스톤2차,,84.98,9,2010,153000,2021-03-13,,,,,,
성동구,11200,12200,용답동,15,11200-76,중앙하이츠,,84.545,1,1995,70000,2021-03-27,,,,,,
성동구,11200,11200,금호동4가,1553,11200-3158,힐스테이트서울숲리버,,59.98,10,2018,145500,2021-03-06,,,,,,
성동구,11200,11200,금호동4가,340,11200-2820,서울숲푸르지오,,59.99,8,2007,128000,2021-03-10,,,,,,
성동구,11200,10500,마장동,834,11200-3052,삼성홈타운,,15.77,5,2015,18000,2021-03-08,,,,,,
성동구,11200,10500,마장동,818,11200-14,현대,,59.94,2,1998,83700,2021-03-09,,,,,,
성동구,11200,11300,옥수동,250,11200-42,옥수삼성,,84.822,4,1999,156500,2021-03-06,,,,,,
성동구,11200,10600,사근동,314,11200-16,벽산,,59.84,6,2000,70500,2021-03-02,,,,,,
성동구,11200,10900,금호동1가,1823,11200-3161,이편한세상금호파크힐스,,116.134,13,2019,201000,2021-03-18,,,,,,
성동구,11200,11100,금호동3가,1331,11200-34,두산,,59.97,10,1994,95000,2021-03-06,,,,,,
성동구,11200,11300,옥수동,12,11200-1831,동인샤인빌,,57.16,9,2003,97000,2021-03-06,,,,,,
성동구,11200,11300,옥수동,250,11200-42,옥수삼성,,84.822,17,1999,160000,2021-03-07,,,,,,
성동구,11200,11400,성수동1가,685-696,11200-2923,갤러리아포레,,241.93,31,2011,595000,2021-03-08,O,21.04.12,,,,
성동구,11200,11000,금호동2가,1217,11200-2944,래미안하이리버,,59.99,13,2012,134500,2021-03-13,,,,,,
성동구,11200,11300,옥수동,561,11200-2980,래미안 옥수 리버젠,,59.25,2,2012,144500,2021-03-08,,,,,,
성동구,11200,11300,옥수동,250,11200-42,옥수삼성,,114.666,14,1999,168250,2021-03-08,,,,,,
성동구,11200,10700,행당동,346,11200-22,행당한진타운,,84.71,3,2000,125500,2021-03-06,,,,,,
성동구,11200,10200,하왕십리동,1070,11200-3120,센트라스,,59.99,3,2016,124000,2021-03-01,,,,,,
성동구,11200,10200,하왕십리동,1070,11200-3120,센트라스,,59.59,10,2016,132000,2021-03-13,,,,,,
성동구,11200,11000,금호동2가,1,11200-3086,신금호파크자이,,84.98,6,2016,170000,2021-03-06,,,,,,
성동구,11200,10800,응봉동,97,11200-28,대림(2차),,59.91,13,1989,94500,2021-03-07,,,,,,
성동구,11200,11200,금호동4가,235,11200-2970,서울숲2차푸르지오,,59.862,6,2012,148000,2021-03-13,,,,,,
성동구,11200,11200,금호동4가,340,11200-2820,서울숲푸르지오,,59.39,4,2007,125500,2021-03-12,,,,,,
성동구,11200,10200,하왕십리동,1002,11200-3085,왕십리KCC스위첸,,84.897,9,2016,127000,2021-03-14,,,,,,
성동구,11200,10200,하왕십리동,1058,11200-1,극동미라주,,84.33,10,2001,110000,2021-03-03,O,21.05.14,,,,
성동구,11200,10100,상왕십리동,811,11200-3024,텐즈힐(2단지),,127.44,10,2014,184500,2021-03-04,,,,,,
성동구,11200,11500,성수동2가,835,11200-81,롯데캐슬파크,,101.995,3,2003,152000,2021-03-06,,,,,,
성동구,11200,11000,금호동2가,1,11200-3086,신금호파크자이,,59.98,7,2016,139000,2021-03-13,,,,,,
성동구,11200,11400,성수동1가,718,11200-3141,트리마제,,69.7244,38,2017,210000,2021-03-02,,,,,,
성동구,11200,10400,도선동,69,11200-2751,삼성쉐르빌,,71.34,23,2006,87700,2021-03-11,,,,,,
성동구,11200,10800,응봉동,98,11200-27,금호현대,,59.91,1,1990,85000,2021-03-06,,,,,,
성동구,11200,11400,성수동1가,704,11200-60,한진타운,,84.21,15,1994,144000,2021-03-20,,,,,,
성동구,11200,11300,옥수동,428,11200-38,극동,,57.78,1,1986,109500,2021-03-05,,,,,,
성동구,11200,10800,응봉동,15,11200-29,대림강변타운,,59.76,2,2001,105000,2021-03-06,,,,,,
성동구,11200,10700,행당동,346,11200-22,행당한진타운,,59.96,13,2000,106000,2021-03-06,,,,,,
성동구,11200,10200,하왕십리동,1071,11200-3144,왕십리자이,,59.99,3,2017,116500,2021-03-20,,,,,,
성동구,11200,11400,성수동1가,685-700,11200-3215,아크로서울포레스트,,97.485,7,2020,280000,2021-03-23,,,,,,
성동구,11200,10200,하왕십리동,990,11200-5,한신무학,,62.41,3,1989,90000,2021-03-10,,,,,,
성동구,11200,11000,금호동2가,1217,11200-2944,래미안하이리버,,59.99,10,2012,129000,2021-03-04,,,,,,
성동구,11200,10400,도선동,69,11200-2751,삼성쉐르빌,,84.93,15,2006,107000,2021-03-12,,,,,,
성동구,11200,10200,하왕십리동,1002,11200-3085,왕십리KCC스위첸,,68.733,9,2016,123500,2021-03-12,,,,,,
성동구,11200,10800,응봉동,15,11200-29,대림강변타운,,84.42,5,2001,148000,2021-03-13,,,,,,
성동구,11200,10800,응봉동,15,11200-29,대림강변타운,,84.42,6,2001,145000,2021-03-06,,,,,,
성동구,11200,11100,금호동3가,1331,11200-34,두산,,59.97,9,1994,95000,2021-03-03,,,,,,
성동구,11200,11000,금호동2가,1,11200-3086,신금호파크자이,,59.98,8,2016,138000,2021-03-14,,,,,,
성동구,11200,10700,행당동,346,11200-22,행당한진타운,,59.96,15,2000,108000,2021-03-06,,,,,,
성동구,11200,11400,성수동1가,706,11200-56,쌍용,,59.76,17,1997,123500,2021-03-01,,,,,,
성동구,11200,11500,성수동2가,835,11200-81,롯데캐슬파크,,81.567,13,2003,145000,2021-03-04,,,,,,
성동구,11200,10200,하왕십리동,1052,11200-2,금호베스트빌,,59.79,1,2001,76500,2021-03-06,,,,,,
성동구,11200,11400,성수동1가,706,11200-56,쌍용,,59.76,17,1997,123500,2021-03-01,O,21.03.19,,,,
성동구,11200,10700,행당동,347,11200-18,대림e-편한세상,,84.87,15,2000,127500,2021-03-06,,,,,,
성동구,11200,10700,행당동,344,11200-21,신동아,,114.96,15,1995,124300,2021-03-09,,,,,,
성동구,11200,10800,응봉동,15,11200-29,대림강변타운,,59.76,4,2001,115000,2021-03-13,,,,,,
성동구,11200,11200,금호동4가,340,11200-2820,서울숲푸르지오,,59.99,14,2007,143000,2021-03-01,,,,,,
성동구,11200,10700,행당동,346,11200-22,행당한진타운,,114.62,13,2000,143000,2021-03-02,,,,,,
성동구,11200,10200,하왕십리동,1070,11200-3120,센트라스,,59.93,19,2016,137000,2021-03-01,,,,,,
성동구,11200,11000,금호동2가,1,11200-3086,신금호파크자이,,59.98,1,2016,135000,2021-03-08,O,21.04.29,,,,
성동구,11200,11500,성수동2가,843,11200-2883,서울숲힐스테이트,,84.78,18,2009,186500,2021-03-04,,,,,,
성동구,11200,11300,옥수동,100,11200-44,옥수하이츠,,114.78,5,1998,206000,2021-03-08,,,,,,
성동구,11200,11000,금호동2가,1,11200-3086,신금호파크자이,,84.98,9,2016,173000,2021-03-02,,,,,,
광진구,11215,10400,광장동,125,11215-2411,워커힐 팰리스,,133.83,12,2005,125000,2021-03-02,O,21.08.06,,,,
광진구,11215,10300,구의동,663,11215-2912,아차산포레안,,59.63,8,2010,90000,2021-03-31,,,,,,
광진구,11215,10300,구의동,237-5,11215-104,명성,,44.2,4,2003,33500,2021-03-30,,,,,,
광진구,11215,10500,자양동,855,11215-2484,이튼타워리버3차,,84.98,13,2007,140000,2021-03-30,,,,,,
광진구,11215,10400,광장동,145-8,11215-11,워커힐,,162.41,6,1978,215000,2021-03-31,,,,,,
광진구,11215,10900,군자동,360-20,11215-2576,광진동양파라곤1단지,,124.65,15,2008,112900,2021-03-27,,,,,,
광진구,11215,10500,자양동,624-45,11215-3091,대원캐슬빌,,48.46,5,2012,40000,2021-03-29,,,,,,
광진구,11215,10400,광장동,453-1,11215-8,삼성광장2,,69.06,14,1989,123000,2021-03-27,,,,,,
광진구,11215,10400,광장동,145-8,11215-11,워커힐,,166.91,9,1978,238000,2021-03-25,,,,,,
광진구,11215,10300,구의동,665,11215-3742,파크타운,,55.07,9,2015,64500,2021-03-24,,,,,,
광진구,11215,10500,자양동,789,11215-75,자양8차현대홈타운,,108.43,19,2002,157600,2021-03-27,,,,,,
광진구,11215,10500,자양동,788,11215-74,자양7차현대홈타운,,59.94,12,2001,117600,2021-03-27,,,,,,
광진구,11215,10900,군자동,360-20,11215-2576,광진동양파라곤1단지,,124.65,12,2008,113000,2021-03-24,,,,,,
광진구,11215,10400,광장동,453-1,11215-8,삼성광장2,,84.93,8,1989,108000,2021-03-26,,,,,,
광진구,11215,10500,자양동,591-12,11215-54,신호빌라트,,156.48,12,1997,160000,2021-03-19,,,,,,
광진구,11215,10500,자양동,854,11215-2457,광진트라팰리스,,169.53,15,2006,250000,2021-03-31,,,,,,
광진구,11215,10300,구의동,631-1,11215-33,현대프라임,,59.82,11,1997,113500,2021-03-24,,,,,,
광진구,11215,10500,자양동,607-31,11215-4363,명성,,64.84,7,2018,68000,2021-03-19,,,,,,
광진구,11215,10500,자양동,663-21,11215-2413,와이엠프라젠스파,,56.13,5,2005,68500,2021-03-17,,,,,,
광진구,11215,10400,광장동,567,11215-1,광나루현대,,84.92,6,1996,128000,2021-03-23,,,,,,
광진구,11215,10400,광장동,218-1,11215-4,극동2,,84.55,12,1989,173000,2021-03-26,,,,,,
광진구,11215,10400,광장동,579,11215-102,광장11현대홈타운,,84.94,2,2003,195000,2021-03-20,O,21.09.28,,,,
광진구,11215,10500,자양동,858,11215-3573,한영해시안,,65.09,5,2015,75000,2021-03-24,,,,,,
광진구,11215,10300,구의동,71-6,11215-4712,한영해시안아파트,,59.93,3,2020,64000,2021-03-29,,,,,,
광진구,11215,10300,구의동,610,11215-26,구의현대6단지,,84.84,18,1994,145000,2021-03-13,,,,,,
광진구,11215,10500,자양동,219-11,11215-4348,자양동명진센트라임,,34.25,6,2017,35000,2021-03-20,,,,,,
광진구,11215,10500,자양동,227-7,11215-2478,더샵스타시티,,163.53,13,2007,200000,2021-03-17,,,,,,
광진구,11215,10500,자양동,673,11215-76,현대강변,,81.94,5,1991,101000,2021-03-12,,,,,,
광진구,11215,10400,광장동,250,11215-2535,신동아파밀리에,,84.69,3,2007,135000,2021-03-14,,,,,,
광진구,11215,10300,구의동,71-6,11215-4712,한영해시안아파트,,59.93,9,2020,64000,2021-03-20,,,,,,
광진구,11215,10500,자양동,811,11215-2401,광진하나플러스,,84.66,5,2005,94700,2021-03-20,,,,,,
광진구,11215,10500,자양동,695,11215-72,한양,,107.31,6,1983,133500,2021-03-16,,,,,,
광진구,11215,10400,광장동,121,11215-2919,유진스웰,,136.684,13,2011,152500,2021-03-08,,,,,,
광진구,11215,10300,구의동,631-1,11215-33,현대프라임,,84.99,16,1997,163000,2021-03-09,,,,,,
광진구,11215,10500,자양동,670,11215-73,현대3,,84.9,10,1996,103000,2021-03-10,,,,,,
광진구,11215,10700,화양동,111-102,11215-4483,아스하임(111-102),,14.09,10,2018,19000,2021-03-24,,,,,,
광진구,11215,10500,자양동,762,11215-70,한라아파트,,59.96,5,1996,100000,2021-03-26,,,,,,
광진구,11215,10500,자양동,788,11215-74,자양7차현대홈타운,,109.91,5,2001,144500,2021-03-11,,,,,,
광진구,11215,10300,구의동,665,11215-3742,파크타운,,59.26,6,2015,66500,2021-03-11,,,,,,
광진구,11215,10500,자양동,516,11215-57,우성3,,51.39,12,1989,95500,2021-03-16,,,,,,
광진구,11215,10900,군자동,360-20,11215-2576,광진동양파라곤1단지,,84.98,5,2008,89500,2021-03-27,,,,,,
광진구,11215,10500,자양동,789,11215-75,자양8차현대홈타운,,108.43,12,2002,154500,2021-03-06,,,,,,
광진구,11215,10500,자양동,520-2,11215-56,우성2,,64.79,6,1989,110000,2021-03-20,,,,,,
광진구,11215,10400,광장동,148-4,11215-3323,워커힐푸르지오,,69,7,1987,105500,2021-03-11,,,,,,
광진구,11215,10500,자양동,783-1,11215-64,자양우성7,,84.93,1,1998,130500,2021-03-07,,,,,,
광진구,11215,10300,구의동,656,11215-30,새한,,84.91,5,2000,110100,2021-03-06,,,,,,
광진구,11215,10400,광장동,457-24,11215-4121,한강현대아파트,,72.96,3,2016,79000,2021-03-27,,,,,,
광진구,11215,10500,자양동,227-7,11215-2478,더샵스타시티,,163.53,22,2007,235000,2021-03-12,,,,,,
광진구,11215,10500,자양동,670,11215-73,현대3,,84.9,6,1996,103000,2021-03-16,,,,,,
광진구,11215,10400,광장동,566,11215-14,청구,,84.86,2,1996,143500,2021-03-05,,,,,,
광진구,11215,10400,광장동,565,11215-18,"현대8(801동,802동)",,84.92,14,1995,160000,2021-03-13,,,,,,
광진구,11215,10700,화양동,111-102,11215-4483,아스하임(111-102),,14.11,14,2018,19400,2021-03-20,,,,,,
광진구,11215,10500,자양동,788,11215-74,자양7차현대홈타운,,59.94,15,2001,116700,2021-03-20,,,,,,
광진구,11215,10300,구의동,668,11215-4466,래미안파크스위트,,84.98,17,2018,149000,2021-03-04,,,,,,
광진구,11215,10500,자양동,579,11215-55,우성1,,79.75,13,1988,135500,2021-03-07,,,,,,
광진구,11215,10500,자양동,579,11215-55,우성1,,59.91,6,1988,101500,2021-03-06,,,,,,
광진구,11215,10500,자양동,644,11215-53,로얄동아,,84.83,11,1999,119600,2021-03-11,,,,,,
광진구,11215,10400,광장동,582,11215-3062,광장힐스테이트,,84.9,16,2012,196000,2021-03-23,,,,,,
광진구,11215,10700,화양동,111-102,11215-4483,아스하임(111-102),,14.09,9,2018,19500,2021-03-16,,,,,,
광진구,11215,10500,자양동,553-41,11215-59,우성5,,84.72,7,1990,120000,2021-03-20,,,,,,
광진구,11215,10100,중곡동,168-1,11215-147,에이탑,,52.49,6,2003,28500,2021-03-18,,,,,,
광진구,11215,10900,군자동,503,11215-2656,광진We’vePark,,131.96,11,2008,115000,2021-03-10,,,,,,
광진구,11215,10300,구의동,611,11215-25,구의현대2단지,,84.75,14,1996,158500,2021-03-13,,,,,,
광진구,11215,10500,자양동,789,11215-75,자양8차현대홈타운,,80.47,11,2002,145000,2021-03-04,,,,,,
광진구,11215,10900,군자동,503,11215-2656,광진We’vePark,,131.96,11,2008,115000,2021-03-10,O,21.03.16,,,,
광진구,11215,10500,자양동,762,11215-70,한라아파트,,59.96,6,1996,105000,2021-03-04,,,,,,
광진구,11215,10500,자양동,859,11215-4343,래미안프리미어팰리스,,59.87,29,2017,118000,2021-03-05,,,,,,
광진구,11215,10500,자양동,762,11215-70,한라아파트,,84.6,14,1996,121000,2021-03-04,,,,,,
광진구,11215,10400,광장동,218-1,11215-4,극동2,,84.55,13,1989,100000,2021-03-05,,,,,,
광진구,11215,10400,광장동,145-8,11215-11,워커힐,,162.41,4,1978,170000,2021-03-05,,,,,,
동대문구,11230,10500,답십리동,1002,11230-2208,청계한신휴플러스,,59.74,3,2010,107000,2021-03-05,,,,,,
동대문구,11230,10500,답십리동,1002,11230-2208,청계한신휴플러스,,59.74,3,2010,107000,2021-03-06,O,21.08.19,,,,
동대문구,11230,10200,용두동,792,11230-2198,래미안 허브리츠,,84.96,2,2011,126500,2021-03-03,,,,,,
동대문구,11230,10300,제기동,757-12,11230-3019,건영스타밸리,,62.15,6,2021,57000,2021-03-25,,,,,,
동대문구,11230,10400,전농동,688,11230-2222,래미안아름숲,,114.9,4,2012,139000,2021-03-03,,,,,,
동대문구,11230,10200,용두동,792,11230-2198,래미안 허브리츠,,84.97,15,2011,129000,2021-03-19,,,,,,
동대문구,11230,10200,용두동,792,11230-2198,래미안 허브리츠,,59.98,3,2011,112000,2021-03-03,,,,,,
동대문구,11230,11000,이문동,73,11230-61,삼익,,59.95,4,1997,74500,2021-03-27,,,,,,
동대문구,11230,10400,전농동,6,11230-12,전농우성,,59.78,11,1992,64000,2021-03-27,,,,,,
동대문구,11230,11000,이문동,225,11230-65,대림e-편한세상,,59.958,14,2003,84000,2021-03-27,,,,,,
동대문구,11230,11000,이문동,425,11230-60,이문삼성래미안아파트,,114.988,6,2001,90000,2021-03-30,,,,,,
동대문구,11230,10500,답십리동,530-4,11230-2897,보광타워,,24.27,14,2019,24500,2021-03-26,,,,,,
동대문구,11230,10900,휘경동,52,11230-58,휘경베스트빌현대,,59.92,16,2000,64000,2021-03-24,,,,,,
동대문구,11230,10300,제기동,757-12,11230-3019,건영스타밸리,,62.15,6,2021,57000,2021-03-25,O,21.05.14,,,,
동대문구,11230,10900,휘경동,57,11230-64,휘경리오포레아파트(2단지),,39.98,8,2001,47500,2021-03-27,,,,,,
동대문구,11230,10900,휘경동,365,11230-1996,휘경동일하이빌,,59.934,1,2005,66900,2021-03-29,,,,,,
동대문구,11230,10400,전농동,6,11230-12,전농우성,,59.78,4,1992,62500,2021-03-28,,,,,,
동대문구,11230,10600,장안동,382-2,11230-2434,제이드파크(382-2),,84.98,7,2014,43000,2021-03-25,,,,,,
동대문구,11230,10900,휘경동,369,11230-2645,휘경제이스카이아파트,,84.43,3,2016,73000,2021-03-22,,,,,,
동대문구,11230,10700,청량리동,235-1,11230-43,미주,,102.15,4,1978,126000,2021-03-23,,,,,,
동대문구,11230,10700,청량리동,60,11230-44,한신,,59.97,15,1997,78000,2021-03-20,,,,,,
동대문구,11230,10800,회기동,346-18,11230-2350,베라체캠퍼스,,33.34,7,2013,32700,2021-03-25,,,,,,
동대문구,11230,10600,장안동,576,11230-2075,흥해오크팰리스(576-0),,84.62,7,2007,74000,2021-03-27,,,,,,
동대문구,11230,10500,답십리동,990,11230-22,두산,,114.97,1,2000,89500,2021-03-17,,,,,,
동대문구,11230,10800,회기동,65-39,11230-3015,민족통일MJ캠퍼스경희대2차,,17.67,10,2021,29980,2021-03-16,,,,,,
동대문구,11230,10500,답십리동,464-1,11230-17,신답극동,,71.28,11,1987,90000,2021-03-30,,,,,,
동대문구,11230,10600,장안동,284-3,11230-216,푸른마을(284-3),,59.94,2,2004,39300,2021-03-27,,,,,,
동대문구,11230,10600,장안동,336,11230-81,장안현대홈타운(336),,84.78,15,2003,94400,2021-03-17,,,,,,
동대문구,11230,10500,답십리동,80,11230-26,답십리청솔우성,,59.74,11,2000,72000,2021-03-23,,,,,,
동대문구,11230,10900,휘경동,43-66,11230-55,휘경,,64.93,1,1972,31000,2021-03-19,,,,,,
동대문구,11230,10900,휘경동,365,11230-1996,휘경동일하이빌,,84.997,4,2005,81000,2021-03-18,,,,,,
동대문구,11230,10700,청량리동,235-1,11230-43,미주,,170.31,7,1978,175000,2021-03-16,O,21.04.22,,,,
동대문구,11230,10400,전농동,6,11230-12,전농우성,,84.84,2,1992,80000,2021-03-16,,,,,,
동대문구,11230,10500,답십리동,990,11230-22,두산,,114.97,23,2000,96000,2021-03-16,,,,,,
동대문구,11230,10600,장안동,329-2,11230-2078,장안힐스테이트,,59.885,10,2007,88000,2021-03-25,,,,,,
동대문구,11230,10500,답십리동,464-1,11230-17,신답극동,,105.59,15,1987,102000,2021-03-27,,,,,,
동대문구,11230,10800,회기동,346-18,11230-2350,베라체캠퍼스,,24.319,9,2013,23500,2021-03-31,,,,,,
동대문구,11230,10600,장안동,575,11230-2070,장안평월드메르디앙2차,,84.85,10,2007,83000,2021-03-18,,,,,,
동대문구,11230,10900,휘경동,57,11230-53,휘경리오포레아파트(1단지),,114.62,7,2001,92000,2021-03-16,,,,,,
동대문구,11230,10900,휘경동,52,11230-58,휘경베스트빌현대,,114.88,1,2000,77500,2021-03-20,,,,,,
동대문구,11230,10500,답십리동,530-4,11230-2897,보광타워,,14.69,13,2019,13000,2021-03-12,,,,,,
동대문구,11230,10600,장안동,336,11230-81,장안현대홈타운(336),,84.87,5,2003,98000,2021-03-17,,,,,,
동대문구,11230,10900,휘경동,78,11230-50,롯데,,84.89,11,2000,82500,2021-03-24,,,,,,
동대문구,11230,10500,답십리동,1013,11230-2802,래미안미드카운티,,59.98,9,2019,127500,2021-03-26,,,,,,
동대문구,11230,10400,전농동,10,11230-10,전농SK,,59.34,7,2000,77900,2021-03-29,,,,,,
동대문구,11230,10900,휘경동,109,11230-75,롯데낙천대,,59.94,14,2003,69000,2021-03-20,,,,,,
동대문구,11230,10300,제기동,892-65,11230-4,공성,,89.88,5,1978,62500,2021-03-15,,,,,,
동대문구,11230,10500,답십리동,464-1,11230-17,신답극동,,46.53,8,1987,64000,2021-03-27,,,,,,
동대문구,11230,10600,장안동,416-1,11230-2996,에스아이팰리스장안센텀,,23.381,11,2020,31000,2021-03-13,,,,,,
동대문구,11230,11000,이문동,225,11230-65,대림e-편한세상,,59.958,11,2003,84000,2021-03-20,,,,,,
동대문구,11230,10600,장안동,329-3,11230-129,래미안장안2차,,64.85,6,2007,89000,2021-03-27,,,,,,
동대문구,11230,10700,청량리동,235-1,11230-43,미주,,127.11,12,1978,153000,2021-03-13,,,,,,
동대문구,11230,10500,답십리동,1014,11230-2868,답십리파크자이,,49.27,7,2019,92000,2021-03-21,,,,,,
동대문구,11230,10600,장안동,336,11230-81,장안현대홈타운(336),,59.61,2,2003,75000,2021-03-20,,,,,,
동대문구,11230,10600,장안동,336,11230-81,장안현대홈타운(336),,58.42,16,2003,84000,2021-03-13,,,,,,
동대문구,11230,10500,답십리동,1014,11230-2868,답십리파크자이,,49.27,7,2019,92000,2021-03-17,O,21.04.07,,,,
동대문구,11230,10400,전농동,6,11230-12,전농우성,,59.78,2,1992,64000,2021-03-20,,,,,,
동대문구,11230,11000,이문동,84,11230-76,중앙하이츠빌,,59.4,8,2002,74000,2021-03-10,,,,,,
동대문구,11230,10800,회기동,346-18,11230-2350,베라체캠퍼스,,24.319,12,2013,23900,2021-03-23,,,,,,
동대문구,11230,10600,장안동,372-8,11230-2723,청명에버아트3차,,52.96,6,2017,40000,2021-03-31,,,,,,
동대문구,11230,10600,장안동,342-11,11230-126,르메이에르장안타운II(342-11),,105.51,13,2005,40000,2021-03-18,,,,,,
동대문구,11230,10600,장안동,336,11230-81,장안현대홈타운(336),,84.87,15,2003,104900,2021-03-13,,,,,,
동대문구,11230,10200,용두동,112-8,11230-2413,한양아이클래스,,14.19,2,2014,11300,2021-03-11,,,,,,
동대문구,11230,10600,장안동,373-3,11230-2556,현대썬앤빌601,,18.35,14,2015,11380,2021-03-11,,,,,,
동대문구,11230,10500,답십리동,989-1,11230-24,우성그린,,84.66,10,1997,72500,2021-03-19,,,,,,
동대문구,11230,10900,휘경동,363,11230-54,현대,,84.94,7,1992,70000,2021-03-20,,,,,,
동대문구,11230,10200,용두동,792,11230-2198,래미안 허브리츠,,114.98,20,2011,149000,2021-03-07,,,,,,
동대문구,11230,10600,장안동,336,11230-81,장안현대홈타운(336),,84.87,4,2003,94000,2021-03-09,,,,,,
동대문구,11230,10500,답십리동,1003,11230-2587,래미안위브,,84.98,10,2014,140000,2021-03-12,,,,,,
동대문구,11230,10300,제기동,892-66,11230-6,현대,,59.92,4,1999,72700,2021-03-17,,,,,,
동대문구,11230,10900,휘경동,57,11230-64,휘경리오포레아파트(2단지),,59.13,9,2001,71000,2021-03-10,,,,,,
동대문구,11230,10400,전농동,155,11230-9,전농동삼성래미안,,59.93,11,2000,80000,2021-03-07,,,,,,
동대문구,11230,10500,답십리동,497-23,11230-2510,청계푸르지오시티,,18.92,5,2015,14600,2021-03-05,,,,,,
동대문구,11230,10400,전농동,695,11230-2822,동대문롯데캐슬노블레스,,84.98,29,2018,159500,2021-03-13,,,,,,
동대문구,11230,11000,이문동,429,11230-2277,대성유니드아파트,,84.27,12,2012,84800,2021-03-18,,,,,,
동대문구,11230,11000,이문동,311,11230-125,래미안이문2차,,59.79,5,2004,80000,2021-03-05,,,,,,
동대문구,11230,10900,휘경동,366,11230-2072,동일스위트리버,,59.732,22,2007,75000,2021-03-13,,,,,,
동대문구,11230,10600,장안동,319-6,11230-2683,U-포그니,,57.64,7,2016,30000,2021-03-04,,,,,,
동대문구,11230,10500,답십리동,497-23,11230-2510,청계푸르지오시티,,30.42,21,2015,33000,2021-03-20,,,,,,
동대문구,11230,10600,장안동,382-5,11230-2638,태솔아파트1차,,58.71,11,2016,47500,2021-03-22,,,,,,
동대문구,11230,10600,장안동,455-4,11230-121,SM이로빌4차B동(455-4),,84.9,4,2004,48000,2021-03-08,,,,,,
동대문구,11230,10500,답십리동,1003,11230-2587,래미안위브,,84.99,1,2014,135000,2021-03-13,,,,,,
동대문구,11230,10300,제기동,153,11230-84,안암골벽산,,116.69,13,2003,108000,2021-03-05,,,,,,
동대문구,11230,10600,장안동,336,11230-81,장안현대홈타운(336),,59.54,12,2003,80000,2021-03-08,O,21.04.17,,,,
동대문구,11230,10200,용두동,792,11230-2198,래미안 허브리츠,,84.96,2,2011,126500,2021-03-03,O,21.06.24,,,,
동대문구,11230,10800,회기동,346-18,11230-2350,베라체캠퍼스,,43.166,12,2013,45000,2021-03-13,,,,,,
동대문구,11230,10500,답십리동,1000,11230-2157,래미안엘파인아파트,,59.95,9,2011,80500,2021-03-13,,,,,,
동대문구,11230,10600,장안동,466-5,11230-2389,장안푸르미에,,12.9463,10,2013,12890,2021-03-06,,,,,,
동대문구,11230,10600,장안동,306-10,11230-66,새한그린빌(306-10),,43.96,7,2003,27500,2021-03-13,,,,,,
동대문구,11230,10500,답십리동,1003,11230-2587,래미안위브,,59.97,1,2014,115000,2021-03-05,,,,,,
동대문구,11230,10400,전농동,690,11230-2578,래미안크레시티,,84.98,7,2014,157500,2021-03-05,,,,,,
동대문구,11230,10600,장안동,382-5,11230-2638,태솔아파트1차,,58.71,9,2016,44000,2021-03-09,,,,,,
동대문구,11230,10900,휘경동,366,11230-2072,동일스위트리버,,59.732,6,2007,74000,2021-03-13,,,,,,
동대문구,11230,11000,이문동,225,11230-65,대림e-편한세상,,59.958,12,2003,84000,2021-03-07,O,21.04.19,,,,
동대문구,11230,10600,장안동,587,11230-2969,동대문더퍼스트데시앙,,84.8605,13,2019,109800,2021-03-25,,,,,,
동대문구,11230,10200,용두동,104-3,11230-2647,동대문푸르지오시티(도시형생활주택),,30.11,2,2016,36800,2021-03-20,,,,,,
동대문구,11230,10500,답십리동,1002,11230-2208,청계한신휴플러스,,59.74,3,2010,107000,2021-03-05,O,21.08.19,,,,
동대문구,11230,10300,제기동,1212,11230-5,한신아파트,,59.84,14,2004,80000,2021-03-15,,,,,,
동대문구,11230,10900,휘경동,52,11230-58,휘경베스트빌현대,,59.92,16,2000,64000,2021-03-24,O,21.04.22,,,,
동대문구,11230,10600,장안동,344-2,11230-2836,다우하임,,29.98,12,2018,25300,2021-03-06,,,,,,
동대문구,11230,11000,이문동,225,11230-65,대림e-편한세상,,59.958,16,2003,85000,2021-03-11,,,,,,
동대문구,11230,10400,전농동,6,11230-12,전농우성,,84.84,14,1992,79000,2021-03-01,,,,,,
동대문구,11230,10700,청량리동,235-1,11230-43,미주,,124.73,2,1978,140000,2021-03-02,,,,,,
동대문구,11230,10700,청량리동,235-1,11230-43,미주,,124.76,10,1978,148500,2021-03-03,,,,,,
동대문구,11230,10600,장안동,372-9,11230-2541,청솔아파트(A동),,59.78,8,2015,44800,2021-03-04,,,,,,
동대문구,11230,11000,이문동,73,11230-61,삼익,,59.95,11,1997,71800,2021-03-05,,,,,,
동대문구,11230,10400,전농동,688,11230-2222,래미안아름숲,,59.9,7,2012,103000,2021-03-15,,,,,,
동대문구,11230,10900,휘경동,109,11230-75,롯데낙천대,,112.03,18,2003,61000,2021-03-02,O,22.03.13,,,,
동대문구,11230,10600,장안동,336,11230-81,장안현대홈타운(336),,59.61,14,2003,83500,2021-03-10,,,,,,
동대문구,11230,10600,장안동,365-4,11230-2240,서희스타힐스,,51.07,8,2013,38500,2021-03-06,,,,,,
동대문구,11230,10400,전농동,690,11230-2578,래미안크레시티,,59.99,6,2014,134500,2021-03-02,,,,,,
동대문구,11230,10600,장안동,410-13,11230-114,이한센토빌(410-13),,49.46,7,2004,28700,2021-03-13,,,,,,
동대문구,11230,10200,용두동,792,11230-2198,래미안 허브리츠,,114.98,1,2011,138500,2021-03-07,,,,,,
동대문구,11230,10600,장안동,372-12,11230-2899,아르떼하임,,29.53,10,2019,32000,2021-03-25,,,,,,
동대문구,11230,10900,휘경동,367,11230-2232,휘경센트레빌,,84.79,17,2011,98500,2021-03-04,,,,,,
동대문구,11230,10400,전농동,690,11230-2578,래미안크레시티,,84.96,5,2014,160000,2021-03-01,,,,,,
동대문구,11230,10600,장안동,466-5,11230-2389,장안푸르미에,,12.9463,3,2013,12000,2021-03-24,,,,,,
동대문구,11230,10900,휘경동,52,11230-58,휘경베스트빌현대,,59.92,6,2000,61200,2021-03-06,,,,,,
동대문구,11230,10600,장안동,390-5,11230-39,성림(390-5),,73.12,3,2003,37000,2021-03-18,,,,,,
동대문구,11230,10400,전농동,688,11230-2222,래미안아름숲,,114.9,4,2012,139000,2021-03-03,O,21.05.03,,,,
동대문구,11230,10500,답십리동,990,11230-22,두산,,84.83,20,2000,91000,2021-03-06,,,,,,
동대문구,11230,10800,회기동,65,11230-48,신현대,,84.96,1,1989,85000,2021-03-12,,,,,,
동대문구,11230,10600,장안동,347-8,11230-2038,정은스카이빌201동,,84.6,14,2006,59000,2021-03-04,,,,,,
동대문구,11230,11000,이문동,225,11230-65,대림e-편한세상,,84.972,1,2003,95700,2021-03-01,,,,,,
동대문구,11230,10500,답십리동,10,11230-21,동아,,84.72,5,2001,82500,2021-03-02,,,,,,
동대문구,11230,10500,답십리동,1008,11230-2758,청계와이즈노벨리아,,59.8379,6,2017,90000,2021-03-19,,,,,,
동대문구,11230,10400,전농동,690,11230-2578,래미안크레시티,,59.99,4,2014,126500,2021-03-11,,,,,,
동대문구,11230,10400,전농동,645-2,11230-8,동아,,57.9,9,1997,80000,2021-03-05,,,,,,
동대문구,11230,10600,장안동,372-9,11230-2541,청솔아파트(A동),,48.78,7,2015,34000,2021-03-12,,,,,,
동대문구,11230,10400,전농동,645-2,11230-8,동아,,57.9,10,1997,78000,2021-03-04,,,,,,
동대문구,11230,10400,전농동,6,11230-12,전농우성,,126.63,7,1992,94500,2021-03-06,,,,,,
동대문구,11230,10600,장안동,383-10,11230-2500,태솔에버빌2차,,58.05,5,2015,38800,2021-03-02,,,,,,
동대문구,11230,11000,이문동,64,11230-62,쌍용,,84.89,4,2000,88000,2021-03-01,,,,,,
동대문구,11230,10600,장안동,416-1,11230-2996,에스아이팰리스장안센텀,,14.213,8,2020,19900,2021-03-13,,,,,,
동대문구,11230,10800,회기동,351,11230-2239,회기힐스테이트,,84.99,13,2011,118000,2021-03-15,,,,,,
동대문구,11230,10900,휘경동,336-32,11230-2964,캠퍼스드림오피스텔,,16.04,12,2020,19000,2021-03-16,,,,,,
동대문구,11230,10600,장안동,581,11230-2249,일성트루엘,,84.9216,8,2012,81800,2021-03-06,,,,,,
동대문구,11230,10600,장안동,587,11230-2969,동대문더퍼스트데시앙,,75.8896,12,2019,101500,2021-03-01,,,,,,
동대문구,11230,10900,휘경동,368,11230-2283,브라운스톤휘경,,59.95,2,2013,82000,2021-03-03,,,,,,
동대문구,11230,10400,전농동,10,11230-10,전농SK,,84.95,3,2000,96500,2021-03-02,,,,,,
동대문구,11230,11000,이문동,64,11230-62,쌍용,,84.89,23,2000,88000,2021-03-02,,,,,,
동대문구,11230,11000,이문동,225,11230-65,대림e-편한세상,,59.958,4,2003,80000,2021-03-01,,,,,,
동대문구,11230,10600,장안동,373-3,11230-2556,현대썬앤빌601,,18.35,9,2015,12000,2021-03-08,,,,,,
동대문구,11230,10600,장안동,373-3,11230-2556,현대썬앤빌601,,18.35,10,2015,12000,2021-03-08,,,,,,
동대문구,11230,10800,회기동,67-3,11230-2744,민족통일MJ캠퍼스경희대,,23.16,15,2017,21500,2021-03-05,,,,,,
동대문구,11230,10600,장안동,374-9,11230-2649,가우디트윈캐슬1,,41.26,10,2016,31150,2021-03-01,,,,,,
동대문구,11230,10600,장안동,415-14,11230-2650,가우디캐슬,,25.93,7,2016,26000,2021-03-02,,,,,,
동대문구,11230,10600,장안동,332-2,11230-33,정은101동(332-2),,59.84,7,1999,35000,2021-03-03,,,,,,
동대문구,11230,10500,답십리동,997,11230-214,세양청마루,,84.98,11,2005,73000,2021-03-03,,,,,,
동대문구,11230,10500,답십리동,497-23,11230-2510,청계푸르지오시티,,18.92,18,2015,14500,2021-03-02,,,,,,
중랑구,11260,10100,면목동,1545,11260-4104,사가정센트럴아이파크,,84.956,18,2020,112000,2021-03-29,,,,,,
중랑구,11260,10100,면목동,1545,11260-4104,사가정센트럴아이파크,,114.853,1,2020,142000,2021-03-06,,,,,,
중랑구,11260,10600,신내동,450-1,11260-224,신내아트빌,,119.59,3,1997,50000,2021-03-15,,,,,,
중랑구,11260,10200,상봉동,499,11260-2002,건영캐스빌,,84.6475,17,2006,87300,2021-03-18,,,,,,
중랑구,11260,10100,면목동,1545,11260-4104,사가정센트럴아이파크,,114.853,1,2020,142000,2021-03-06,O,21.07.09,,,,
중랑구,11260,10400,묵동,377,11260-51,세원,,84.66,6,1997,45000,2021-03-16,,,,,,
중랑구,11260,10500,망우동,490-30,11260-222,문수해오름,,83.61,5,2002,43000,2021-03-08,,,,,,
중랑구,11260,10500,망우동,580-1,11260-2013,금호어울림(580-1),,84.93,1,2006,66000,2021-03-11,,,,,,
중랑구,11260,10600,신내동,487,11260-86,라이프미성,,82.3,7,1992,53900,2021-03-27,,,,,,
중랑구,11260,10500,망우동,577,11260-115,예성그린캐슬,,58.9,2,2004,44000,2021-03-20,,,,,,
중랑구,11260,10200,상봉동,484,11260-36,"엘지,쌍용아파트",,68.12,14,1996,66000,2021-03-27,,,,,,
중랑구,11260,10400,묵동,13,11260-52,신내,,39.84,4,1996,43500,2021-03-31,,,,,,
중랑구,11260,10100,면목동,1511,11260-1974,두산3,,84.77,24,1995,78000,2021-03-27,,,,,,
중랑구,11260,10400,묵동,396,11260-3783,이편한세상화랑대,,59.953,12,2017,91000,2021-03-27,,,,,,
중랑구,11260,10200,상봉동,63,11260-33,건영2차아파트,,84.96,12,1996,84700,2021-03-29,,,,,,
중랑구,11260,10500,망우동,580,11260-2012,금호어울림(580),,84.94,5,2006,70500,2021-03-22,,,,,,
중랑구,11260,10200,상봉동,500,11260-2804,프레미어스엠코,,111.56,26,2013,127350,2021-03-29,,,,,,
중랑구,11260,10500,망우동,401-21,11260-155,예성그린캐슬2차,,83.39,6,2004,39800,2021-03-01,,,,,,
중랑구,11260,10500,망우동,207-6,11260-4118,세움삼익플라주,,54.6,6,2020,54700,2021-03-31,,,,,,
중랑구,11260,10400,묵동,13,11260-52,신내,,59.76,9,1996,59900,2021-03-30,,,,,,
중랑구,11260,10400,묵동,379,11260-47,극동늘푸른,,84.08,3,1999,62800,2021-03-31,,,,,,
중랑구,11260,10100,면목동,1511,11260-1974,두산3,,84.77,8,1995,79000,2021-03-24,,,,,,
중랑구,11260,10200,상봉동,496,11260-37,우정아파트,,81.783,12,2002,84000,2021-03-19,,,,,,
중랑구,11260,10100,면목동,1545,11260-4104,사가정센트럴아이파크,,84.87,25,2020,134500,2021-03-26,,,,,,
중랑구,11260,10600,신내동,816,11260-2893,신내우디안1단지,,84.91,11,2014,83500,2021-03-30,,,,,,
중랑구,11260,10100,면목동,193-1,11260-24,면목한신,,35.3,10,1987,35500,2021-03-07,,,,,,
중랑구,11260,10400,묵동,378,11260-62,한국,,59.64,11,1999,54000,2021-03-27,,,,,,
중랑구,11260,10600,신내동,661,11260-99,신내11대명,,59.76,15,1996,56500,2021-03-25,,,,,,
중랑구,11260,10600,신내동,618,11260-100,동성3,,59.4,4,1997,55500,2021-03-20,,,,,,
중랑구,11260,10600,신내동,591,11260-101,동성아파트,,46.44,16,1997,44800,2021-03-13,,,,,,
중랑구,11260,10200,상봉동,484,11260-36,"엘지,쌍용아파트",,84.67,6,1996,77800,2021-03-24,,,,,,
중랑구,11260,10100,면목동,715,11260-30,늘푸른동아,,114.73,7,2002,93000,2021-03-26,,,,,,
중랑구,11260,10600,신내동,816,11260-2893,신내우디안1단지,,84.94,23,2014,82000,2021-03-08,O,21.04.22,,,,
중랑구,11260,10100,면목동,1502,11260-25,현대,,84.81,7,1994,73500,2021-03-31,,,,,,
중랑구,11260,10600,신내동,657,11260-98,신내9진흥,,33.18,12,1996,33600,2021-03-27,,,,,,
중랑구,11260,10400,묵동,387,11260-108,브라운스톤태릉,,83.5358,11,2004,86000,2021-03-23,,,,,,
중랑구,11260,10600,신내동,657,11260-98,신내9진흥,,33.18,8,1996,33000,2021-03-20,,,,,,
중랑구,11260,10600,신내동,661,11260-99,신내11대명,,49.77,9,1996,52000,2021-03-19,,,,,,
중랑구,11260,10400,묵동,13,11260-52,신내,,59.76,9,1996,60000,2021-03-22,,,,,,
중랑구,11260,10600,신내동,650,11260-92,신내6대주,,59.76,10,1996,64000,2021-03-16,,,,,,
중랑구,11260,10100,면목동,1521,11260-8,두원,,59.31,20,1998,49000,2021-03-04,O,21.04.18,,,,
중랑구,11260,10600,신내동,799,11260-80,광남,,44.45,5,2000,34000,2021-03-17,,,,,,
중랑구,11260,10400,묵동,385,11260-65,현대아이파크,,84.9785,9,2002,90000,2021-03-18,,,,,,
중랑구,11260,10100,면목동,715,11260-30,늘푸른동아,,59.65,12,2002,65650,2021-03-23,,,,,,
중랑구,11260,10600,신내동,657,11260-98,신내9진흥,,49.93,11,1996,53700,2021-03-26,,,,,,
중랑구,11260,10600,신내동,656,11260-85,화성.두산아파트,,66.96,15,1995,62500,2021-03-15,,,,,,
중랑구,11260,10500,망우동,573,11260-71,신원,,59.62,7,1999,45700,2021-03-15,,,,,,
중랑구,11260,10100,면목동,193-1,11260-24,면목한신,,84.92,7,1987,60000,2021-03-17,,,,,,
중랑구,11260,10400,묵동,20,11260-53,신내대림아파트,,102.7,8,1995,102000,2021-03-18,,,,,,
중랑구,11260,10600,신내동,657,11260-98,신내9진흥,,39.84,15,1996,42700,2021-03-26,,,,,,
중랑구,11260,10600,신내동,816,11260-2893,신내우디안1단지,,84.65,14,2014,82000,2021-03-15,,,,,,
중랑구,11260,10200,상봉동,495,11260-35,동부아파트,,54,14,1999,60000,2021-03-17,,,,,,
중랑구,11260,10200,상봉동,63,11260-33,건영2차아파트,,84.96,10,1996,83000,2021-03-17,,,,,,
중랑구,11260,10200,상봉동,495,11260-35,동부아파트,,54,17,1999,60500,2021-03-26,,,,,,
중랑구,11260,10600,신내동,591,11260-101,동성아파트,,59.4,7,1997,61500,2021-03-23,,,,,,
중랑구,11260,10300,중화동,450,11260-46,한신아파트상가동유치원동(103~109),,59.76,8,1997,68000,2021-03-20,,,,,,
중랑구,11260,10300,중화동,450,11260-46,한신아파트상가동유치원동(103~109),,59.76,14,1997,69800,2021-03-16,,,,,,
중랑구,11260,10200,상봉동,497,11260-107,태영데시앙1,,84.9353,12,2003,88000,2021-03-12,,,,,,
중랑구,11260,10100,면목동,193-1,11260-24,면목한신,,84.92,11,1987,72500,2021-03-29,,,,,,
중랑구,11260,10600,신내동,479,11260-94,중앙하이츠,,84.97,6,1996,61500,2021-03-10,,,,,,
중랑구,11260,10400,묵동,13,11260-52,신내,,59.76,9,1996,60000,2021-03-31,,,,,,
중랑구,11260,10100,면목동,1522,11260-7,두산4,,84.87,25,2000,85500,2021-03-25,,,,,,
중랑구,11260,10200,상봉동,495,11260-35,동부아파트,,54,1,1999,49500,2021-03-15,,,,,,
중랑구,11260,10600,신내동,661,11260-99,신내11대명,,39.76,2,1996,41400,2021-03-20,,,,,,
중랑구,11260,10600,신내동,650,11260-92,신내6대주,,39.84,8,1996,48300,2021-03-13,,,,,,
중랑구,11260,10500,망우동,506-8,11260-2668,EGSoulLeader,,13.42,8,2012,9250,2021-03-16,,,,,,
중랑구,11260,10400,묵동,396,11260-3783,이편한세상화랑대,,84.956,15,2017,112000,2021-03-20,,,,,,
중랑구,11260,10300,중화동,450,11260-46,한신아파트상가동유치원동(103~109),,59.76,12,1997,66000,2021-03-13,,,,,,
중랑구,11260,10600,신내동,650,11260-92,신내6대주,,39.84,6,1996,47500,2021-03-18,,,,,,
중랑구,11260,10400,묵동,13,11260-52,신내,,39.84,8,1996,42000,2021-03-17,,,,,,
중랑구,11260,10100,면목동,1545,11260-4104,사가정센트럴아이파크,,84.956,18,2020,120000,2021-03-29,O,23.02.01,,,,
중랑구,11260,10500,망우동,580-1,11260-2013,금호어울림(580-1),,59.96,5,2006,61500,2021-03-08,,,,,,
중랑구,11260,10500,망우동,508-11,11260-1965,해오름102동,,57.66,8,2005,40000,2021-03-08,,,,,,
중랑구,11260,10600,신내동,816,11260-2893,신내우디안1단지,,84.65,9,2014,82000,2021-03-10,,,,,,
중랑구,11260,10300,중화동,450,11260-46,한신아파트상가동유치원동(103~109),,59.76,14,1997,66500,2021-03-18,,,,,,
중랑구,11260,10600,신내동,650,11260-92,신내6대주,,59.76,12,1996,63800,2021-03-23,,,,,,
중랑구,11260,10400,묵동,387,11260-108,브라운스톤태릉,,101.9481,4,2004,95000,2021-03-15,,,,,,
중랑구,11260,10400,묵동,13,11260-52,신내,,59.76,1,1996,49000,2021-03-15,,,,,,
중랑구,11260,10600,신내동,657,11260-98,신내9진흥,,49.93,7,1996,50400,2021-03-23,,,,,,
중랑구,11260,10600,신내동,437,11260-87,벽산,,59.783,16,2000,52800,2021-03-19,,,,,,
중랑구,11260,10400,묵동,381,11260-57,신안1,,59.96,16,1999,61900,2021-03-16,,,,,,
중랑구,11260,10400,묵동,390,11260-2019,SM해그린,,81.48,7,2006,63900,2021-03-13,,,,,,
중랑구,11260,10600,신내동,661,11260-99,신내11대명,,49.77,2,1996,44900,2021-03-15,,,,,,
중랑구,11260,10100,면목동,193-1,11260-24,면목한신,,35.3,13,1987,37800,2021-03-21,,,,,,
중랑구,11260,10400,묵동,121-302,11260-2471,하늘빛아파트,,84.97,7,2011,59000,2021-03-11,,,,,,
중랑구,11260,10100,면목동,126-1,11260-3890,킴스아파트,,35.75,8,2018,29900,2021-03-12,,,,,,
중랑구,11260,10400,묵동,13,11260-52,신내,,49.77,10,1996,51900,2021-03-16,,,,,,
중랑구,11260,10200,상봉동,501,11260-3271,상봉듀오트리스,,131.8,23,2016,139000,2021-03-10,,,,,,
중랑구,11260,10600,신내동,479,11260-94,중앙하이츠,,84.97,13,1996,69400,2021-03-18,,,,,,
중랑구,11260,10600,신내동,479,11260-94,중앙하이츠,,84.97,13,1996,65800,2021-03-13,,,,,,
중랑구,11260,10400,묵동,13,11260-52,신내,,39.84,9,1996,40250,2021-03-20,,,,,,
중랑구,11260,10600,신내동,591,11260-101,동성아파트,,84.08,2,1997,69800,2021-03-12,,,,,,
중랑구,11260,10200,상봉동,113-1,11260-2879,포시티,,14.855,14,2014,12000,2021-03-27,,,,,,
중랑구,11260,10600,신내동,487,11260-86,라이프미성,,76.6,12,1992,46000,2021-03-13,,,,,,
중랑구,11260,10100,면목동,193-1,11260-24,면목한신,,35.3,10,1987,35500,2021-03-07,O,21.04.20,,,,
중랑구,11260,10600,신내동,650,11260-92,신내6대주,,49.77,11,1996,56000,2021-03-15,,,,,,
중랑구,11260,10100,면목동,1530,11260-1946,면목동2차미소지움아파트,,81.96,9,2005,66500,2021-03-08,,,,,,
중랑구,11260,10100,면목동,1077-1,11260-19,용마한신,,35.44,12,1990,38500,2021-03-17,,,,,,
중랑구,11260,10500,망우동,573,11260-71,신원,,59.62,6,1999,46000,2021-03-15,,,,,,
중랑구,11260,10600,신내동,657,11260-98,신내9진흥,,33.18,8,1996,33600,2021-03-08,,,,,,
중랑구,11260,10100,면목동,353-55,11260-2356,동진노블클래스,,80.4,5,2010,65000,2021-03-09,,,,,,
중랑구,11260,10200,상봉동,497,11260-107,태영데시앙1,,84.9353,12,2003,85000,2021-03-08,,,,,,
중랑구,11260,10400,묵동,384,11260-59,신안3,,59.86,9,2000,56500,2021-03-06,,,,,,
중랑구,11260,10600,신내동,795,11260-89,새한,,84.4,6,1998,67800,2021-03-19,O,21.04.26,,,,
중랑구,11260,10100,면목동,1545,11260-4104,사가정센트럴아이파크,,84.87,28,2020,130000,2021-03-06,,,,,,
중랑구,11260,10200,상봉동,115-61,11260-3199,주함해븐타워,,15.73,6,2015,13000,2021-03-27,,,,,,
중랑구,11260,10600,신내동,591,11260-101,동성아파트,,129.37,19,1997,80000,2021-03-27,,,,,,
중랑구,11260,10100,면목동,1511,11260-1974,두산3,,84.77,15,1995,78000,2021-03-12,,,,,,
중랑구,11260,10600,신내동,816,11260-2893,신내우디안1단지,,84.91,21,2014,80000,2021-03-25,,,,,,
중랑구,11260,10600,신내동,661,11260-99,신내11대명,,39.76,2,1996,40000,2021-03-16,,,,,,
중랑구,11260,10100,면목동,1077-1,11260-19,용마한신,,44.35,11,1990,49000,2021-03-03,,,,,,
중랑구,11260,10600,신내동,657,11260-98,신내9진흥,,33.18,4,1996,33000,2021-03-20,,,,,,
중랑구,11260,10600,신내동,657,11260-98,신내9진흥,,39.84,12,1996,43000,2021-03-02,,,,,,
중랑구,11260,10600,신내동,449-1,11260-79,경원,,59.4,2,1989,31500,2021-03-19,,,,,,
중랑구,11260,10600,신내동,654,11260-95,진로아파트,,101.86,11,1995,91500,2021-03-08,,,,,,
중랑구,11260,10600,신내동,397,11260-83,동성1,,84.98,12,1993,68000,2021-03-06,,,,,,
중랑구,11260,10200,상봉동,113-1,11260-2879,포시티,,14.855,11,2014,12000,2021-03-13,,,,,,
중랑구,11260,10200,상봉동,484,11260-36,"엘지,쌍용아파트",,68.12,10,1996,63000,2021-03-26,,,,,,
중랑구,11260,10400,묵동,20,11260-54,신내두산아파트,,107.05,2,1995,94700,2021-03-01,,,,,,
중랑구,11260,10300,중화동,450,11260-46,한신아파트상가동유치원동(103~109),,59.76,7,1997,68000,2021-03-02,,,,,,
중랑구,11260,10100,면목동,538,11260-2791,신영,,14.43,4,2013,8900,2021-03-23,,,,,,
중랑구,11260,10600,신내동,657,11260-98,신내9진흥,,33.18,6,1996,32900,2021-03-10,,,,,,
중랑구,11260,10100,면목동,1544,11260-4103,라온프라이빗,,84.9672,13,2020,117000,2021-03-03,,,,,,
중랑구,11260,10600,신내동,785,11260-1971,건영2차,,74.25,3,1996,72300,2021-03-20,,,,,,
중랑구,11260,10400,묵동,13,11260-52,신내,,39.84,2,1996,42400,2021-03-08,,,,,,
중랑구,11260,10100,면목동,1545,11260-4104,사가정센트럴아이파크,,114.931,2,2020,142000,2021-03-03,,,,,,
중랑구,11260,10500,망우동,573,11260-71,신원,,59.62,16,1999,46000,2021-03-07,,,,,,
중랑구,11260,10600,신내동,783,11260-91,성원,,84.32,2,1994,68000,2021-03-10,,,,,,
중랑구,11260,10600,신내동,661,11260-99,신내11대명,,39.76,9,1996,40000,2021-03-23,,,,,,
중랑구,11260,10400,묵동,13,11260-52,신내,,39.84,5,1996,42000,2021-03-06,,,,,,
중랑구,11260,10100,면목동,1543,11260-4027,한양수자인사가정파크,,84.9979,10,2019,118000,2021-03-19,,,,,,
중랑구,11260,10300,중화동,438,11260-45,삼익아파트.상가동,,59.34,7,1995,49500,2021-03-17,,,,,,
중랑구,11260,10200,상봉동,63,11260-33,건영2차아파트,,84.96,14,1996,84000,2021-03-08,,,,,,
중랑구,11260,10400,묵동,20,11260-53,신내대림아파트,,126.28,4,1995,104500,2021-03-17,,,,,,
중랑구,11260,10400,묵동,383,11260-50,세방,,84.8,18,2000,70000,2021-03-15,,,,,,
중랑구,11260,10600,신내동,657,11260-98,신내9진흥,,33.18,9,1996,32900,2021-03-13,,,,,,
중랑구,11260,10200,상봉동,500,11260-2804,프레미어스엠코,,107.12,10,2013,114000,2021-03-02,,,,,,
중랑구,11260,10400,묵동,13,11260-52,신내,,39.84,1,1996,38000,2021-03-01,,,,,,
중랑구,11260,10600,신내동,799,11260-80,광남,,41.556,7,2000,32000,2021-03-13,,,,,,
중랑구,11260,10600,신내동,479,11260-94,중앙하이츠,,84.97,3,1996,62200,2021-03-06,,,,,,
중랑구,11260,10200,상봉동,495,11260-35,동부아파트,,54,16,1999,60000,2021-03-20,,,,,,
중랑구,11260,10600,신내동,657,11260-98,신내9진흥,,33.18,3,1996,30500,2021-03-22,,,,,,
중랑구,11260,10300,중화동,453,11260-2061,청광플러스원,,84.69,7,2007,80000,2021-03-16,,,,,,
중랑구,11260,10600,신내동,450-1,11260-224,신내아트빌,,119.59,3,1997,50000,2021-03-15,O,21.06.15,,,,
중랑구,11260,10500,망우동,508-6,11260-2772,더하이어,,12.0156,10,2013,9800,2021-03-18,,,,,,
중랑구,11260,10600,신내동,657,11260-98,신내9진흥,,33.18,5,1996,31400,2021-03-01,,,,,,
중랑구,11260,10600,신내동,783,11260-91,성원,,84.32,5,1994,70000,2021-03-06,,,,,,
중랑구,11260,10300,중화동,314-1,11260-229,태능에셈빌,,84.843,4,2005,65000,2021-03-05,,,,,,
중랑구,11260,10500,망우동,213-3,11260-67,개나리,,41.88,2,1988,22000,2021-03-06,,,,,,
중랑구,11260,10100,면목동,1543,11260-4027,한양수자인사가정파크,,59.9598,11,2019,81400,2021-03-17,O,21.03.24,,,,
중랑구,11260,10600,신내동,817,11260-2821,신내 데시앙포레,,84.91,1,2013,74000,2021-03-22,,,,,,
중랑구,11260,10600,신내동,786,11260-84,동성타워프라자,,61.95,16,1996,48000,2021-03-15,,,,,,
중랑구,11260,10600,신내동,654,11260-95,진로아파트,,101.86,4,1995,89000,2021-03-05,,,,,,
중랑구,11260,10500,망우동,184-16,11260-154,주영파크뷰,,84.38,3,2004,39500,2021-03-06,,,,,,
중랑구,11260,10600,신내동,816,11260-2893,신내우디안1단지,,101.65,4,2014,75000,2021-03-06,,,,,,
중랑구,11260,10200,상봉동,495,11260-35,동부아파트,,54,11,1999,58750,2021-03-05,,,,,,
중랑구,11260,10600,신내동,657,11260-98,신내9진흥,,49.93,12,1996,49000,2021-03-20,,,,,,
중랑구,11260,10100,면목동,1515,11260-13,성원상떼빌,,59.91,16,1997,52000,2021-03-19,,,,,,
중랑구,11260,10600,신내동,661,11260-99,신내11대명,,59.76,2,1996,53850,2021-03-01,,,,,,
중랑구,11260,10200,상봉동,81-5,11260-105,한일써너스빌,,125.677,11,2003,105000,2021-03-09,,,,,,
중랑구,11260,10200,상봉동,496,11260-37,우정아파트,,57.189,25,2002,72000,2021-03-04,,,,,,
중랑구,11260,10400,묵동,393,11260-2711,묵동포레시타,,18.59,3,2013,11500,2021-03-16,,,,,,
중랑구,11260,10500,망우동,580,11260-2012,금호어울림(580),,84.93,12,2006,68000,2021-03-10,,,,,,
중랑구,11260,10500,망우동,207-6,11260-4118,세움삼익플라주,,59.87,7,2020,60000,2021-03-03,,,,,,
중랑구,11260,10100,면목동,1545,11260-4104,사가정센트럴아이파크,,84.87,24,2020,130000,2021-03-02,,,,,,
중랑구,11260,10600,신내동,657,11260-98,신내9진흥,,49.93,5,1996,51500,2021-03-01,,,,,,
중랑구,11260,10500,망우동,576,11260-66,가야써니빌,,68.05,9,2002,51800,2021-03-03,,,,,,
중랑구,11260,10600,신내동,657,11260-98,신내9진흥,,39.84,9,1996,41400,2021-03-03,,,,,,
중랑구,11260,10100,면목동,715,11260-30,늘푸른동아,,59.65,6,2002,59000,2021-03-11,,,,,,
중랑구,11260,10500,망우동,578,11260-2055,한진해모로,,137.29,8,2007,50000,2021-03-11,,,,,,
중랑구,11260,10500,망우동,580,11260-2012,금호어울림(580),,84.93,14,2006,70000,2021-03-03,,,,,,
중랑구,11260,10100,면목동,1545,11260-4104,사가정센트럴아이파크,,59.78,25,2020,89750,2021-03-05,,,,,,
중랑구,11260,10600,신내동,657,11260-98,신내9진흥,,33.18,9,1996,30500,2021-03-03,,,,,,
성북구,11290,13800,장위동,320,11290-4861,래미안장위퍼스트하이,,59.99,15,2020,104500,2021-03-26,,,,,,
성북구,11290,13300,정릉동,239,11290-82,정릉풍림아이원,,84.09,13,2005,70800,2021-03-06,,,,,,
성북구,11290,13400,길음동,1284,11290-3807,길음뉴타운8단지(래미안),,114.98,8,2010,140000,2021-03-04,,,,,,
성북구,11290,13800,장위동,320,11290-4861,래미안장위퍼스트하이,,101.72,12,2020,149000,2021-03-16,,,,,,
성북구,11290,13300,정릉동,780,11290-41,"산장아파트가동,나동",,71.5,9,1977,48800,2021-03-10,,,,,,
성북구,11290,13300,정릉동,239,11290-82,정릉풍림아이원,,114.75,16,2005,78000,2021-03-16,,,,,,
성북구,11290,13500,종암동,130,11290-113,아이파크종암동1차,,55.27,8,2004,76000,2021-03-20,,,,,,
성북구,11290,13400,길음동,1280,11290-210,길음뉴타운2단지푸르지오,,84.97,3,2005,94500,2021-03-13,,,,,,
성북구,11290,13800,장위동,316-5,11290-3473,참누리아파트,,84.98,5,2006,80500,2021-03-31,,,,,,
성북구,11290,10300,돈암동,644,11290-4544,돈암코오롱하늘채,,59.9342,7,2016,93000,2021-03-27,,,,,,
성북구,11290,13600,하월곡동,230,11290-3875,동일하이빌뉴시티,,126.6,31,2011,125000,2021-03-27,,,,,,
성북구,11290,13500,종암동,125-1,11290-61,고려,,86.46,3,1983,41500,2021-03-19,,,,,,
성북구,11290,13500,종암동,80,11290-84,래미안크리시엘,,84.95,9,2004,99000,2021-03-27,,,,,,
성북구,11290,13800,장위동,316-5,11290-3473,참누리아파트,,84.98,12,2006,83000,2021-03-27,,,,,,
성북구,11290,13400,길음동,1288,11290-4786,래미안길음센터피스,,59.97,6,2019,115500,2021-03-27,,,,,,
성북구,11290,13600,하월곡동,219,11290-67,동신,,59.88,1,1998,59000,2021-03-31,,,,,,
성북구,11290,13300,정릉동,1028,11290-3510,정릉e-편한세상,,85,15,2006,77800,2021-03-28,,,,,,
성북구,11290,13600,하월곡동,90-700,11290-4953,베로니스,,52.9,6,2020,56800,2021-03-22,,,,,,
성북구,11290,13600,하월곡동,228,11290-3794,꿈의숲푸르지오,,59.65,5,2010,79500,2021-03-27,,,,,,
성북구,11290,13300,정릉동,1037,11290-4257,정릉꿈에그린,,84.56,14,2015,87000,2021-03-27,,,,,,
성북구,11290,13500,종암동,135,11290-3826,종암2차SKVIEW,,59.98,15,2010,87500,2021-03-26,,,,,,
성북구,11290,13400,길음동,1278,11290-56,길음동동부센트레빌(1278-0),,114.912,3,2003,107000,2021-03-25,,,,,,
성북구,11290,10300,돈암동,609-1,11290-20,한진(609-1),,84.87,5,1998,83300,2021-03-22,,,,,,
성북구,11290,13500,종암동,135,11290-3826,종암2차SKVIEW,,59.98,1,2010,83000,2021-03-23,,,,,,
성북구,11290,10300,돈암동,636,11290-116,이수브라운스톤돈암,,114.89,1,2004,100000,2021-03-23,,,,,,
성북구,11290,13600,하월곡동,228,11290-3794,꿈의숲푸르지오,,59.65,5,2010,79500,2021-03-27,O,21.04.19,,,,
성북구,11290,13300,정릉동,239,11290-82,정릉풍림아이원,,84.09,8,2005,76700,2021-03-30,,,,,,
성북구,11290,12800,보문동6가,36-2,11290-35,아남,,78.57,5,1994,64500,2021-03-21,,,,,,
성북구,11290,13700,상월곡동,101,11290-71,동아에코빌,,59.95,16,2003,64500,2021-03-20,,,,,,
성북구,11290,10300,돈암동,609-1,11290-19,한신,,68.13,6,1998,69800,2021-03-20,,,,,,
성북구,11290,10300,돈암동,609-1,11290-19,한신,,68.13,3,1998,68500,2021-03-31,,,,,,
성북구,11290,13500,종암동,134,11290-3824,래미안라센트,,84.99,6,2011,116000,2021-03-19,,,,,,
성북구,11290,13300,정릉동,1028,11290-3510,정릉e-편한세상,,114.56,11,2006,89000,2021-03-31,,,,,,
성북구,11290,13500,종암동,80,11290-84,래미안크리시엘,,114.98,1,2004,103500,2021-03-20,,,,,,
성북구,11290,13300,정릉동,1028,11290-3510,정릉e-편한세상,,85,16,2006,80000,2021-03-25,,,,,,
성북구,11290,13800,장위동,317,11290-3719,꿈의숲대명루첸아파트,,84.843,19,2008,95000,2021-03-20,,,,,,
성북구,11290,10300,돈암동,609-1,11290-20,한진(609-1),,84.87,15,1998,82500,2021-03-27,,,,,,
성북구,11290,13500,종암동,130,11290-113,아이파크종암동1차,,55.27,8,2004,76000,2021-03-20,O,21.05.27,,,,
성북구,11290,13300,정릉동,239,11290-82,정릉풍림아이원,,59.88,7,2005,57000,2021-03-16,,,,,,
성북구,11290,13300,정릉동,1028,11290-3510,정릉e-편한세상,,59.77,10,2006,69000,2021-03-26,,,,,,
성북구,11290,13300,정릉동,1028,11290-3510,정릉e-편한세상,,85,10,2006,80700,2021-03-17,,,,,,
성북구,11290,13400,길음동,1288,11290-4786,래미안길음센터피스,,59.69,9,2019,115500,2021-03-24,,,,,,
성북구,11290,13300,정릉동,494,11290-111,중앙하이츠빌1단지,,84.98,8,2004,74800,2021-03-27,,,,,,
성북구,11290,13600,하월곡동,225,11290-3492,래미안월곡,,59.754,11,2006,85000,2021-03-15,,,,,,
성북구,11290,10100,성북동,348-3,11290-4,성북,,37.36,3,1971,17200,2021-03-15,,,,,,
성북구,11290,10300,돈암동,15-1,11290-17,돈암동삼성,,59.4,13,1999,70000,2021-03-20,,,,,,
성북구,11290,13300,정릉동,494,11290-111,중앙하이츠빌1단지,,84.98,6,2004,73500,2021-03-17,,,,,,
성북구,11290,13300,정릉동,1032,11290-3647,정릉2차대주피오레,,84.99,6,2008,72500,2021-03-23,,,,,,
성북구,11290,13500,종암동,133,11290-3786,래미안세레니티,,114.99,15,2009,130000,2021-03-20,,,,,,
성북구,11290,13300,정릉동,1021,11290-38,대우,,43.11,2,2001,31500,2021-03-20,,,,,,
성북구,11290,13900,석관동,110-2,11290-76,중앙하이츠,,59.79,10,1994,54300,2021-03-20,,,,,,
성북구,11290,10300,돈암동,15-1,11290-17,돈암동삼성,,114.66,14,1999,94500,2021-03-12,,,,,,
성북구,11290,13600,하월곡동,222,11290-88,월곡두산위브,,84.992,2,2003,91000,2021-03-23,,,,,,
성북구,11290,13500,종암동,80,11290-84,래미안크리시엘,,84.95,6,2004,100000,2021-03-27,,,,,,
성북구,11290,13900,석관동,10,11290-74,두산,,54.55,22,1998,67800,2021-03-15,,,,,,
성북구,11290,13900,석관동,410,11290-4788,래미안아트리치,,59.98,12,2019,105500,2021-03-14,,,,,,
성북구,11290,13700,상월곡동,101,11290-71,동아에코빌,,59.95,14,2003,68000,2021-03-20,,,,,,
성북구,11290,12100,안암동1가,361,11290-207,안암동삼성래미안,,114.926,3,2005,115000,2021-03-20,,,,,,
성북구,11290,10900,동소문동6가,24,11290-26,청기와,,69.84,1,2001,31000,2021-03-14,,,,,,
성북구,11290,13200,보문동3가,2,11290-81,현대I-PARK,,114.55,7,2003,121800,2021-03-12,,,,,,
성북구,11290,13300,정릉동,809,11290-50,정릉중앙하이츠아파트,,59.26,12,1999,40800,2021-03-10,,,,,,
성북구,11290,10300,돈암동,644,11290-4544,돈암코오롱하늘채,,59.9342,13,2016,89000,2021-03-27,,,,,,
성북구,11290,12100,안암동1가,361,11290-207,안암동삼성래미안,,59.6983,6,2005,79000,2021-03-14,,,,,,
성북구,11290,13700,상월곡동,101,11290-71,동아에코빌,,84.97,20,2003,84000,2021-03-22,,,,,,
성북구,11290,12300,안암동3가,136-1,11290-32,대광,,44.4,2,1971,25000,2021-03-25,,,,,,
성북구,11290,11000,동소문동7가,23,11290-28,한신플러스C,,59.91,5,2004,77000,2021-03-13,,,,,,
성북구,11290,10300,돈암동,609-1,11290-19,한신,,132.96,17,1998,114500,2021-03-27,,,,,,
성북구,11290,13500,종암동,132,11290-3624,우림카이저팰리스,,84.98,18,2008,78500,2021-03-27,,,,,,
성북구,11290,13900,석관동,10,11290-74,두산,,59.97,11,1998,76700,2021-03-20,,,,,,
성북구,11290,10300,돈암동,15-1,11290-17,돈암동삼성,,84.59,14,1999,89500,2021-03-14,,,,,,
성북구,11290,13300,정릉동,1025,11290-117,정릉힐스테이트,,84.92,2,2004,82000,2021-03-11,,,,,,
성북구,11290,13600,하월곡동,225,11290-3492,래미안월곡,,84.589,6,2006,109000,2021-03-20,,,,,,
성북구,11290,13600,하월곡동,90-700,11290-4953,베로니스,,54.14,3,2020,56800,2021-03-13,,,,,,
성북구,11290,13400,길음동,1278,11290-56,길음동동부센트레빌(1278-0),,84.844,10,2003,91000,2021-03-13,,,,,,
성북구,11290,13800,장위동,317,11290-3719,꿈의숲대명루첸아파트,,84.843,13,2008,97500,2021-03-23,,,,,,
성북구,11290,13400,길음동,1280-1,11290-211,길음뉴타운3단지푸르지오,,84.97,14,2005,89700,2021-03-13,,,,,,
성북구,11290,13400,길음동,1281,11290-212,길음뉴타운4단지(e편한세상),,84.64,16,2005,113500,2021-03-12,,,,,,
성북구,11290,13400,길음동,1286,11290-3825,길음뉴타운9단지(래미안),,84.95,12,2010,128000,2021-03-06,,,,,,
성북구,11290,10300,돈암동,609-1,11290-20,한진(609-1),,59.58,3,1998,60600,2021-03-15,,,,,,
성북구,11290,13600,하월곡동,226,11290-3572,월곡래미안루나밸리,,84.88,13,2007,107800,2021-03-08,,,,,,
성북구,11290,13600,하월곡동,218,11290-68,아남,,84.69,18,1996,62500,2021-03-13,,,,,,
성북구,11290,13400,길음동,1280,11290-210,길음뉴타운2단지푸르지오,,84.97,16,2005,94800,2021-03-13,,,,,,
성북구,11290,13400,길음동,1280,11290-210,길음뉴타운2단지푸르지오,,84.97,17,2005,103000,2021-03-20,,,,,,
성북구,11290,13300,정릉동,1035,11290-3763,정릉2차e-편한세상,,84.09,12,2009,87000,2021-03-14,,,,,,
성북구,11290,13300,정릉동,1015,11290-37,길음뉴타운경남아너스빌,,59.59,11,1999,66000,2021-03-13,,,,,,
성북구,11290,10300,돈암동,609-1,11290-20,한진(609-1),,59.58,1,1998,57000,2021-03-14,,,,,,
성북구,11290,13500,종암동,131,11290-3379,아이파크종암동2차,,84.73,11,2005,101500,2021-03-17,,,,,,
성북구,11290,13400,길음동,1286,11290-3825,길음뉴타운9단지(래미안),,84.95,13,2010,128000,2021-03-06,O,21.04.06,,,,
성북구,11290,13900,석관동,10,11290-74,두산,,84.95,14,1998,92500,2021-03-10,,,,,,
성북구,11290,13900,석관동,10,11290-74,두산,,59.97,17,1998,76500,2021-03-09,O,21.05.20,,,,
성북구,11290,13300,정릉동,1028,11290-3510,정릉e-편한세상,,59.77,19,2006,70000,2021-03-13,,,,,,
성북구,11290,10300,돈암동,636,11290-116,이수브라운스톤돈암,,59.99,6,2004,85000,2021-03-13,,,,,,
성북구,11290,13500,종암동,131,11290-3379,아이파크종암동2차,,84.73,12,2005,97000,2021-03-21,,,,,,
성북구,11290,11200,삼선동2가,425,11290-3576,삼선푸르지오,,84.83,4,2008,87000,2021-03-17,,,,,,
성북구,11290,13300,정릉동,1025,11290-117,정릉힐스테이트,,59.94,1,2004,68000,2021-03-12,O,21.06.14,,,,
성북구,11290,13300,정릉동,1018,11290-53,길음뉴타운데시앙,,59.42,7,1999,59000,2021-03-13,,,,,,
성북구,11290,13800,장위동,320,11290-4861,래미안장위퍼스트하이,,101.72,16,2020,149500,2021-03-05,,,,,,
성북구,11290,13300,정릉동,1028,11290-3510,정릉e-편한세상,,59.77,16,2006,69900,2021-03-10,,,,,,
성북구,11290,13700,상월곡동,101,11290-71,동아에코빌,,84.97,11,2003,83000,2021-03-01,,,,,,
성북구,11290,13300,정릉동,1021,11290-38,대우,,43.11,11,2001,32800,2021-03-08,,,,,,
성북구,11290,13400,길음동,1279,11290-60,길음뉴타운1단지(래미안길음1차),,59.99,12,2003,89800,2021-03-12,,,,,,
성북구,11290,13700,상월곡동,101,11290-71,동아에코빌,,84.97,11,2003,83000,2021-03-01,O,21.04.05,,,,
성북구,11290,13400,길음동,1278,11290-56,길음동동부센트레빌(1278-0),,59.998,1,2003,72000,2021-03-11,,,,,,
성북구,11290,13400,길음동,1288,11290-4786,래미안길음센터피스,,109.98,13,2019,200000,2021-03-22,,,,,,
성북구,11290,12800,보문동6가,458,11290-4536,보문파크뷰자이,,45.81,5,2017,84500,2021-03-08,,,,,,
성북구,11290,13300,정릉동,239,11290-82,정릉풍림아이원,,60,2,2005,62400,2021-03-30,,,,,,
성북구,11290,10300,돈암동,609-1,11290-20,한진(609-1),,59.58,18,1998,62500,2021-03-09,,,,,,
성북구,11290,10800,동소문동5가,120,11290-3476,돈암동일하이빌,,84.958,16,2006,97500,2021-03-19,,,,,,
성북구,11290,13600,하월곡동,88-510,11290-4041,삼전솔하임3차,,15.62,4,2013,10500,2021-03-12,,,,,,
성북구,11290,10300,돈암동,609-1,11290-19,한신,,68.13,14,1998,69000,2021-03-13,,,,,,
성북구,11290,10300,돈암동,609-1,11290-20,한진(609-1),,84.87,19,1998,83500,2021-03-14,,,,,,
성북구,11290,13300,정릉동,1035,11290-3763,정릉2차e-편한세상,,84.4,9,2009,92000,2021-03-13,,,,,,
성북구,11290,13900,석관동,10,11290-74,두산,,59.97,8,1998,75800,2021-03-27,,,,,,
성북구,11290,10300,돈암동,636,11290-116,이수브라운스톤돈암,,59.99,14,2004,84100,2021-03-13,,,,,,
성북구,11290,13400,길음동,1278,11290-56,길음동동부센트레빌(1278-0),,84.844,17,2003,97000,2021-03-18,,,,,,
성북구,11290,13600,하월곡동,222,11290-88,월곡두산위브,,59.855,13,2003,75000,2021-03-29,,,,,,
성북구,11290,13400,길음동,1282,11290-3511,길음뉴타운5단지(래미안),,59.75,14,2006,87500,2021-03-06,,,,,,
성북구,11290,13600,하월곡동,219,11290-67,동신,,59.88,9,1998,63000,2021-03-06,,,,,,
성북구,11290,13300,정릉동,239,11290-82,정릉풍림아이원,,59.88,9,2005,56000,2021-03-06,,,,,,
성북구,11290,13900,석관동,405,11290-77,코오롱,,59.94,16,1999,65000,2021-03-03,,,,,,
성북구,11290,10300,돈암동,632,11290-18,돈암동 풍림아파트 101~105동,,84.68,10,1999,72500,2021-03-07,,,,,,
성북구,11290,13900,석관동,10,11290-74,두산,,59.97,3,1998,75000,2021-03-13,,,,,,
성북구,11290,13200,보문동3가,2,11290-81,현대I-PARK,,59.65,8,2003,95000,2021-03-02,,,,,,
성북구,11290,13300,정릉동,239,11290-82,정릉풍림아이원,,114.75,14,2005,80000,2021-03-06,,,,,,
성북구,11290,13400,길음동,1280-1,11290-211,길음뉴타운3단지푸르지오,,84.97,14,2005,89800,2021-03-10,,,,,,
성북구,11290,13400,길음동,1284,11290-3807,길음뉴타운8단지(래미안),,114.98,20,2010,140000,2021-03-06,,,,,,
성북구,11290,13400,길음동,1278,11290-56,길음동동부센트레빌(1278-0),,114.912,11,2003,111000,2021-03-20,,,,,,
성북구,11290,13400,길음동,1278,11290-56,길음동동부센트레빌(1278-0),,59.998,18,2003,80000,2021-03-27,,,,,,
성북구,11290,13400,길음동,1283,11290-3512,길음뉴타운6단지(래미안),,59.373,19,2007,100500,2021-03-12,,,,,,
성북구,11290,13400,길음동,1288,11290-4786,래미안길음센터피스,,59.97,9,2019,115500,2021-03-20,,,,,,
성북구,11290,13300,정릉동,239,11290-82,정릉풍림아이원,,84.09,16,2005,71000,2021-03-13,,,,,,
성북구,11290,13300,정릉동,1018,11290-53,길음뉴타운데시앙,,59.42,6,1999,59000,2021-03-12,,,,,,
성북구,11290,11200,삼선동2가,425,11290-3576,삼선푸르지오,,84.83,8,2008,94500,2021-03-06,,,,,,
성북구,11290,13300,정릉동,239,11290-82,정릉풍림아이원,,84.09,18,2005,77900,2021-03-09,,,,,,
성북구,11290,13300,정릉동,239,11290-82,정릉풍림아이원,,84.09,11,2005,72500,2021-03-04,,,,,,
성북구,11290,13500,종암동,131,11290-3379,아이파크종암동2차,,84.73,10,2005,97000,2021-03-22,,,,,,
성북구,11290,10300,돈암동,15-1,11290-17,돈암동삼성,,59.4,14,1999,68000,2021-03-08,,,,,,
성북구,11290,13300,정릉동,239,11290-82,정릉풍림아이원,,59.88,3,2005,58500,2021-03-08,,,,,,
성북구,11290,13400,길음동,1288,11290-4786,래미안길음센터피스,,59.9,36,2019,115500,2021-03-03,,,,,,
성북구,11290,13600,하월곡동,222,11290-88,월곡두산위브,,114.752,4,2003,100000,2021-03-01,,,,,,
성북구,11290,10300,돈암동,15-1,11290-17,돈암동삼성,,114.66,16,1999,98000,2021-03-13,,,,,,
성북구,11290,13300,정릉동,1015,11290-37,길음뉴타운경남아너스빌,,59.59,15,1999,66000,2021-03-10,,,,,,
성북구,11290,13300,정릉동,239,11290-82,정릉풍림아이원,,59.88,14,2005,57300,2021-03-24,,,,,,
성북구,11290,13800,장위동,320,11290-4861,래미안장위퍼스트하이,,84.98,10,2020,127000,2021-03-02,,,,,,
성북구,11290,12400,안암동4가,23-3,11290-34,안암,,52.1,6,1969,19800,2021-03-11,,,,,,
성북구,11290,10300,돈암동,609-1,11290-20,한진(609-1),,84.87,8,1998,85000,2021-03-08,,,,,,
성북구,11290,13300,정릉동,239,11290-82,정릉풍림아이원,,84.09,13,2005,70800,2021-03-06,O,21.06.29,,,,
성북구,11290,10800,동소문동5가,15,11290-4663,성신여대역솔하임,,14.093,13,2018,20800,2021-03-10,,,,,,
성북구,11290,13600,하월곡동,225,11290-3492,래미안월곡,,84.589,15,2006,108000,2021-03-02,,,,,,
성북구,11290,13500,종암동,127,11290-99,선경(127),,59.17,3,1998,48000,2021-03-17,,,,,,
성북구,11290,11300,삼선동3가,116,11290-3905,삼선에스케이뷰,,59.96,13,2012,97500,2021-03-01,,,,,,
성북구,11290,13400,길음동,1284,11290-3807,길음뉴타운8단지(래미안),,59.99,12,2010,97300,2021-03-18,,,,,,
성북구,11290,11200,삼선동2가,420,11290-3485,삼선현대힐스테이트,,56.83,10,2009,79500,2021-03-06,,,,,,
성북구,11290,13800,장위동,314,11290-3400,그린빌아파트,,84.69,1,2002,49000,2021-03-19,,,,,,
성북구,11290,13400,길음동,1288,11290-4786,래미안길음센터피스,,59.99,27,2019,118000,2021-03-06,,,,,,
성북구,11290,13300,정릉동,239,11290-82,정릉풍림아이원,,60,12,2005,63700,2021-03-06,,,,,,
성북구,11290,13400,길음동,1280,11290-210,길음뉴타운2단지푸르지오,,84.97,16,2005,94800,2021-03-09,,,,,,
성북구,11290,13400,길음동,1288,11290-4786,래미안길음센터피스,,59.99,39,2019,119000,2021-03-08,,,,,,
성북구,11290,13300,정릉동,1037,11290-4257,정릉꿈에그린,,59.63,4,2015,78000,2021-03-04,,,,,,
성북구,11290,10300,돈암동,603,11290-3475,돈암동더샵아파트,,84.817,1,2006,83000,2021-03-05,,,,,,
성북구,11290,10300,돈암동,609-1,11290-20,한진(609-1),,59.58,7,1998,61000,2021-03-12,,,,,,
성북구,11290,13400,길음동,1278,11290-56,길음동동부센트레빌(1278-0),,59.998,4,2003,76000,2021-03-07,,,,,,
성북구,11290,13700,상월곡동,101,11290-71,동아에코빌,,59.95,7,2003,64000,2021-03-07,,,,,,
성북구,11290,13700,상월곡동,101,11290-71,동아에코빌,,59.95,22,2003,69000,2021-03-06,,,,,,
성북구,11290,13200,보문동3가,2,11290-81,현대I-PARK,,84.3,2,2003,97500,2021-03-02,,,,,,
성북구,11290,13800,장위동,320,11290-4861,래미안장위퍼스트하이,,101.72,9,2020,90500,2021-03-15,,,,,,
성북구,11290,13600,하월곡동,219,11290-67,동신,,59.88,17,1998,64500,2021-03-06,,,,,,
성북구,11290,13500,종암동,130,11290-113,아이파크종암동1차,,114.99,17,2004,118500,2021-03-08,,,,,,
성북구,11290,13300,정릉동,494,11290-111,중앙하이츠빌1단지,,59.98,5,2004,65000,2021-03-09,,,,,,
성북구,11290,13300,정릉동,1028,11290-3510,정릉e-편한세상,,85,9,2006,83000,2021-03-06,,,,,,
성북구,11290,13400,길음동,1283,11290-3512,길음뉴타운6단지(래미안),,84.049,2,2007,120000,2021-03-12,,,,,,
성북구,11290,11200,삼선동2가,425,11290-3576,삼선푸르지오,,114.65,11,2008,116000,2021-03-13,,,,,,
성북구,11290,13300,정릉동,239,11290-82,정릉풍림아이원,,114.75,16,2005,78000,2021-03-16,O,21.06.05,,,,
성북구,11290,10800,동소문동5가,15,11290-4663,성신여대역솔하임,,14.022,7,2018,20800,2021-03-09,,,,,,
성북구,11290,10300,돈암동,609-1,11290-20,한진(609-1),,132.96,14,1998,94000,2021-03-08,,,,,,
성북구,11290,13300,정릉동,1028,11290-3510,정릉e-편한세상,,59.77,4,2006,66900,2021-03-06,,,,,,
성북구,11290,13500,종암동,133,11290-3786,래미안세레니티,,59.97,12,2009,87500,2021-03-17,,,,,,
성북구,11290,13700,상월곡동,101,11290-71,동아에코빌,,84.97,4,2003,80000,2021-03-06,,,,,,
성북구,11290,13500,종암동,130,11290-113,아이파크종암동1차,,84.98,15,2004,114000,2021-03-08,,,,,,
성북구,11290,13400,길음동,1280-1,11290-211,길음뉴타운3단지푸르지오,,84.97,5,2005,91000,2021-03-01,,,,,,
성북구,11290,13300,정릉동,1014,11290-45,정릉스카이쌍용아파트,,59.9,3,1999,58800,2021-03-07,,,,,,
성북구,11290,13300,정릉동,435,11290-110,중앙하이츠빌2단지,,84.6824,14,2005,76900,2021-03-09,,,,,,
성북구,11290,13300,정릉동,406,11290-3372,정릉푸르지오,,59.98,4,2005,74000,2021-03-04,,,,,,
성북구,11290,10300,돈암동,1,11290-21,돈암현대아파트,,41.58,8,1991,50400,2021-03-17,,,,,,
성북구,11290,13500,종암동,80,11290-84,래미안크리시엘,,59.99,6,2004,81750,2021-03-06,,,,,,
성북구,11290,13500,종암동,80,11290-84,래미안크리시엘,,59.99,10,2004,84000,2021-03-01,,,,,,
성북구,11290,10300,돈암동,609-1,11290-19,한신,,68.13,14,1998,70500,2021-03-03,,,,,,
성북구,11290,13300,정릉동,1028,11290-3510,정릉e-편한세상,,85,18,2006,79600,2021-03-01,,,,,,
성북구,11290,12300,안암동3가,136-1,11290-32,대광,,47.87,6,1971,30000,2021-03-09,,,,,,
성북구,11290,13400,길음동,1281,11290-212,길음뉴타운4단지(e편한세상),,59.97,8,2005,84000,2021-03-06,,,,,,
성북구,11290,13300,정릉동,1018,11290-53,길음뉴타운데시앙,,114.76,14,1999,80000,2021-03-02,,,,,,
성북구,11290,13700,상월곡동,101,11290-71,동아에코빌,,59.95,2,2003,61000,2021-03-07,,,,,,
성북구,11290,13600,하월곡동,228,11290-3794,꿈의숲푸르지오,,59.65,10,2010,77800,2021-03-03,,,,,,
성북구,11290,13800,장위동,312,11290-72,우방아파트,,59.98,14,2001,51000,2021-03-06,,,,,,
성북구,11290,12300,안암동3가,136-1,11290-32,대광,,47.7,1,1971,25000,2021-03-09,,,,,,
성북구,11290,13300,정릉동,1028,11290-3510,정릉e-편한세상,,59.77,9,2006,68800,2021-03-02,,,,,,
성북구,11290,11900,동선동4가,295-1,11290-3718,한양수자인,,68.03,15,2008,60000,2021-03-10,,,,,,
성북구,11290,13300,정릉동,1030,11290-3534,정릉힐스테이트1차,,84.915,1,2007,75900,2021-03-11,,,,,,
성북구,11290,10700,동소문동4가,279,11290-24,송산아파트,,84.87,1,1998,70000,2021-03-12,,,,,,
성북구,11290,13200,보문동3가,230,11290-4074,이편한세상보문,,84.774,2,2013,101500,2021-03-02,,,,,,
성북구,11290,13900,석관동,10,11290-74,두산,,59.97,10,1998,73700,2021-03-08,,,,,,
성북구,11290,13400,길음동,1284,11290-3807,길음뉴타운8단지(래미안),,59.99,3,2010,91500,2021-03-02,,,,,,
성북구,11290,13300,정릉동,1028,11290-3510,정릉e-편한세상,,85,19,2006,79700,2021-03-09,,,,,,
성북구,11290,13300,정릉동,1028,11290-3510,정릉e-편한세상,,59.77,7,2006,67400,2021-03-03,,,,,,
성북구,11290,10300,돈암동,609-1,11290-19,한신,,68.13,10,1998,68900,2021-03-01,,,,,,
성북구,11290,13600,하월곡동,228,11290-3794,꿈의숲푸르지오,,59.65,9,2010,80700,2021-03-06,,,,,,
성북구,11290,13300,정릉동,1018,11290-53,길음뉴타운데시앙,,59.42,14,1999,61000,2021-03-02,,,,,,
성북구,11290,10300,돈암동,15-1,11290-17,돈암동삼성,,84.59,9,1999,86000,2021-03-02,,,,,,
성북구,11290,13400,길음동,1284,11290-3807,길음뉴타운8단지(래미안),,114.98,8,2010,140000,2021-03-04,O,21.06.24,,,,
성북구,11290,13400,길음동,1283,11290-3512,길음뉴타운6단지(래미안),,59.373,3,2007,96000,2021-03-06,,,,,,
성북구,11290,13400,길음동,1288,11290-4786,래미안길음센터피스,,59.99,15,2019,121000,2021-03-03,,,,,,
성북구,11290,13300,정릉동,1018,11290-53,길음뉴타운데시앙,,84.44,7,1999,70000,2021-03-02,,,,,,
성북구,11290,13600,하월곡동,90-700,11290-4953,베로니스,,52.9,7,2020,56800,2021-03-05,,,,,,
성북구,11290,13400,길음동,1280,11290-210,길음뉴타운2단지푸르지오,,84.97,13,2005,96100,2021-03-06,,,,,,
성북구,11290,13400,길음동,1284,11290-3807,길음뉴타운8단지(래미안),,59.99,11,2010,96500,2021-03-04,,,,,,
성북구,11290,13400,길음동,1279,11290-60,길음뉴타운1단지(래미안길음1차),,84.96,4,2003,104700,2021-03-06,,,,,,
성북구,11290,13600,하월곡동,224,11290-100,샹그레빌아파트,,79.248,2,2004,71000,2021-03-05,,,,,,
성북구,11290,13300,정릉동,1021,11290-38,대우,,114.84,5,2001,72500,2021-03-04,,,,,,
성북구,11290,13400,길음동,1276,11290-57,삼부컨비니언,,84.52,11,1998,75000,2021-03-02,,,,,,
성북구,11290,13400,길음동,1284,11290-3807,길음뉴타운8단지(래미안),,114.98,22,2010,135000,2021-03-02,,,,,,
성북구,11290,10300,돈암동,636,11290-116,이수브라운스톤돈암,,114.89,17,2004,110000,2021-03-02,,,,,,
강북구,11305,10300,수유동,229-49,11305-3643,경남아너스빌,,84.59,12,2005,69500,2021-03-05,,,,,,
강북구,11305,10100,미아동,1353,11305-6,에스케이북한산시티,,59.98,21,2004,66900,2021-03-28,,,,,,
강북구,11305,10300,수유동,190-18,11305-3850,포엠빌,,100.385,7,2008,63700,2021-03-30,,,,,,
강북구,11305,10200,번동,760,11305-22,오동공원현대,,84.7848,5,2001,70000,2021-03-31,,,,,,
강북구,11305,10200,번동,656,11305-15,번동금호어울림,,59.43,4,1998,50000,2021-03-29,,,,,,
강북구,11305,10400,우이동,117-3,11305-134,다인플레움,,66.73,3,2004,25000,2021-03-27,,,,,,
강북구,11305,10100,미아동,1353,11305-6,에스케이북한산시티,,84.92,6,2004,79500,2021-03-30,,,,,,
강북구,11305,10100,미아동,1357,11305-46,삼각산아이원,,84.705,10,2003,75000,2021-03-18,,,,,,
강북구,11305,10100,미아동,1354,11305-13,벽산라이브파크,,84.89,17,2004,74000,2021-03-27,,,,,,
강북구,11305,10100,미아동,813,11305-4123,래미안트리베라1단지,,84.97,1,2010,89500,2021-03-17,,,,,,
강북구,11305,10400,우이동,1,11305-44,성원상떼빌,,84.98,4,1990,49000,2021-03-16,,,,,,
강북구,11305,10200,번동,242,11305-24,주공1단지,,41.3,4,1991,47000,2021-03-20,,,,,,
강북구,11305,10100,미아동,1353,11305-6,에스케이북한산시티,,59.98,21,2004,68000,2021-03-17,,,,,,
강북구,11305,10200,번동,242,11305-24,주공1단지,,49.94,8,1991,61000,2021-03-24,,,,,,
강북구,11305,10200,번동,234,11305-25,주공4단지,,49.94,10,1991,50500,2021-03-18,,,,,,
강북구,11305,10300,수유동,648,11305-34,수유벽산2차,,114.24,13,1994,76000,2021-03-15,,,,,,
강북구,11305,10200,번동,242,11305-24,주공1단지,,41.3,5,1991,50000,2021-03-27,,,,,,
강북구,11305,10200,번동,242,11305-24,주공1단지,,41.3,13,1991,49000,2021-03-22,,,,,,
강북구,11305,10100,미아동,1369,11305-5365,꿈의숲해링턴플레이스,,59.36,8,2019,84500,2021-03-21,,,,,,
강북구,11305,10100,미아동,1357,11305-46,삼각산아이원,,114.88,1,2003,90900,2021-03-20,,,,,,
강북구,11305,10100,미아동,1357,11305-46,삼각산아이원,,59.758,2,2003,61500,2021-03-27,,,,,,
강북구,11305,10200,번동,242,11305-24,주공1단지,,71.89,3,1991,68500,2021-03-11,,,,,,
강북구,11305,10300,수유동,205,11305-33,수유벽산1차,,63.78,8,1993,62700,2021-03-13,,,,,,
강북구,11305,10100,미아동,1357,11305-46,삼각산아이원,,84.705,22,2003,77500,2021-03-20,,,,,,
강북구,11305,10200,번동,242,11305-24,주공1단지,,41.3,13,1991,47000,2021-03-22,,,,,,
강북구,11305,10100,미아동,1357,11305-46,삼각산아이원,,59.758,14,2003,71500,2021-03-13,,,,,,
강북구,11305,10100,미아동,1357,11305-46,삼각산아이원,,59.758,12,2003,69000,2021-03-20,,,,,,
강북구,11305,10100,미아동,1353,11305-6,에스케이북한산시티,,84.76,4,2004,75000,2021-03-12,,,,,,
강북구,11305,10100,미아동,198-36,11305-1,그린힐빌라트,,148.54,1,1995,69500,2021-03-16,,,,,,
강북구,11305,10200,번동,242,11305-24,주공1단지,,49.94,4,1991,60000,2021-03-17,,,,,,
강북구,11305,10100,미아동,4,11305-5141,꿈의숲롯데캐슬,,59.97,4,2017,88500,2021-03-22,,,,,,
강북구,11305,10100,미아동,1357,11305-46,삼각산아이원,,114.88,6,2003,90500,2021-03-20,,,,,,
강북구,11305,10200,번동,133-1,11305-26,번동한양아파트,,84.67,11,1992,58700,2021-03-06,,,,,,
강북구,11305,10200,번동,242,11305-24,주공1단지,,49.94,12,1991,59000,2021-03-22,,,,,,
강북구,11305,10100,미아동,811,11305-4255,두산위브트레지움,,84.97,6,2011,87100,2021-03-16,,,,,,
강북구,11305,10100,미아동,811,11305-4255,두산위브트레지움,,84.97,3,2011,85500,2021-03-30,,,,,,
강북구,11305,10100,미아동,1353,11305-6,에스케이북한산시티,,114.85,14,2004,94200,2021-03-13,,,,,,
강북구,11305,10200,번동,138,11305-157,한솔솔파크,,84.88,9,2005,74300,2021-03-25,,,,,,
강북구,11305,10100,미아동,1369,11305-5365,꿈의숲해링턴플레이스,,84.67,9,2019,100000,2021-03-18,,,,,,
강북구,11305,10200,번동,658,11305-27,한진,,84.97,13,2000,63900,2021-03-06,,,,,,
강북구,11305,10200,번동,133-1,11305-26,번동한양아파트,,84.67,10,1992,59400,2021-03-11,,,,,,
강북구,11305,10100,미아동,812,11305-4129,삼성래미안트리베라2단지,,58.99,15,2010,85300,2021-03-09,,,,,,
강북구,11305,10100,미아동,1354,11305-13,벽산라이브파크,,59.67,17,2004,60000,2021-03-10,,,,,,
강북구,11305,10100,미아동,1353,11305-6,에스케이북한산시티,,59.98,17,2004,64800,2021-03-17,,,,,,
강북구,11305,10100,미아동,1369,11305-5365,꿈의숲해링턴플레이스,,84.36,7,2019,102000,2021-03-20,,,,,,
강북구,11305,10200,번동,242,11305-24,주공1단지,,41.3,10,1991,48700,2021-03-10,,,,,,
강북구,11305,10100,미아동,811,11305-4255,두산위브트레지움,,59.54,8,2011,79000,2021-03-20,,,,,,
강북구,11305,10100,미아동,1369,11305-5365,꿈의숲해링턴플레이스,,59.36,4,2019,88000,2021-03-12,,,,,,
강북구,11305,10200,번동,656,11305-15,번동금호어울림,,59.43,6,1998,50000,2021-03-11,,,,,,
강북구,11305,10300,수유동,205,11305-33,수유벽산1차,,63.78,9,1993,59500,2021-03-09,,,,,,
강북구,11305,10100,미아동,1357,11305-46,삼각산아이원,,84.705,9,2003,76700,2021-03-20,,,,,,
강북구,11305,10300,수유동,733,11305-4704,수유역하이씨티,,12.33,12,2014,10900,2021-03-29,,,,,,
강북구,11305,10100,미아동,811,11305-4255,두산위브트레지움,,84.99,18,2011,85500,2021-03-22,,,,,,
강북구,11305,10200,번동,148-490,11305-23,훼밀리힐,,126.67,5,1996,54500,2021-03-06,,,,,,
강북구,11305,10100,미아동,1353,11305-6,에스케이북한산시티,,84.76,21,2004,76500,2021-03-18,,,,,,
강북구,11305,10100,미아동,1353,11305-6,에스케이북한산시티,,59.98,21,2004,67500,2021-03-13,,,,,,
강북구,11305,10100,미아동,1357,11305-46,삼각산아이원,,84.705,1,2003,72000,2021-03-13,,,,,,
강북구,11305,10100,미아동,1353,11305-6,에스케이북한산시티,,59.98,6,2004,68500,2021-03-13,,,,,,
강북구,11305,10300,수유동,733,11305-4704,수유역하이씨티,,12.02,12,2014,10400,2021-03-25,,,,,,
강북구,11305,10200,번동,191,11305-16,기산그린,,59.94,10,2000,40000,2021-03-24,,,,,,
강북구,11305,10300,수유동,733,11305-4704,수유역하이씨티,,12.01,10,2014,10400,2021-03-24,,,,,,
강북구,11305,10100,미아동,1353,11305-6,에스케이북한산시티,,84.92,8,2004,79500,2021-03-12,,,,,,
강북구,11305,10200,번동,234,11305-25,주공4단지,,44.89,12,1991,43850,2021-03-15,,,,,,
강북구,11305,10100,미아동,1353,11305-6,에스케이북한산시티,,84.76,3,2004,74900,2021-03-13,,,,,,
강북구,11305,10100,미아동,4,11305-5141,꿈의숲롯데캐슬,,59.99,12,2017,85600,2021-03-17,,,,,,
강북구,11305,10100,미아동,1354,11305-13,벽산라이브파크,,59.67,6,2004,60500,2021-03-09,,,,,,
강북구,11305,10200,번동,242,11305-24,주공1단지,,41.3,2,1991,46000,2021-03-06,,,,,,
강북구,11305,10100,미아동,1353,11305-6,에스케이북한산시티,,59.98,17,2004,68600,2021-03-01,,,,,,
강북구,11305,10100,미아동,1353,11305-6,에스케이북한산시티,,84.76,9,2004,73800,2021-03-19,,,,,,
강북구,11305,10300,수유동,274-3,11305-4175,FIRSTVIEW,,46.61,9,2010,29000,2021-03-17,,,,,,
강북구,11305,10100,미아동,811,11305-4255,두산위브트레지움,,84.97,1,2011,83500,2021-03-04,,,,,,
강북구,11305,10200,번동,204,11305-20,신원,,84.6,17,2000,60000,2021-03-04,,,,,,
강북구,11305,10300,수유동,229-50,11305-3644,우암센스뷰,,84.83,5,2005,60500,2021-03-02,,,,,,
강북구,11305,10100,미아동,474,11305-3667,미아동부센트레빌,,59.96,14,2006,85000,2021-03-05,,,,,,
강북구,11305,10100,미아동,811,11305-4255,두산위브트레지움,,59.68,7,2011,73500,2021-03-08,,,,,,
강북구,11305,10100,미아동,1355,11305-14,미아한일유앤아이,,84.552,16,2002,74800,2021-03-07,,,,,,
강북구,11305,10200,번동,656,11305-15,번동금호어울림,,59.9,8,1998,48000,2021-03-06,,,,,,
강북구,11305,10100,미아동,160-3,11305-4711,푸르지오시티,,18.6479,15,2014,14450,2021-03-01,,,,,,
강북구,11305,10200,번동,139,11305-28,해모로아파트,,84.93,4,2003,63500,2021-03-02,,,,,,
강북구,11305,10300,수유동,229-49,11305-3643,경남아너스빌,,84.59,12,2005,69500,2021-03-05,O,21.03.30,,,,
강북구,11305,10300,수유동,229-49,11305-3643,경남아너스빌,,84.59,12,2005,69500,2021-03-05,O,21.03.11,,,,
강북구,11305,10100,미아동,1356,11305-47,경남아너스빌(1356-0),,84.873,1,2003,73000,2021-03-06,,,,,,
강북구,11305,10100,미아동,1353,11305-6,에스케이북한산시티,,84.86,14,2004,73000,2021-03-06,,,,,,
강북구,11305,10100,미아동,1353,11305-6,에스케이북한산시티,,114.85,11,2004,87800,2021-03-01,,,,,,
도봉구,11320,10600,방학동,720-18,11320-49,방학동삼성래미안1,,84.937,13,2002,93000,2021-03-08,,,,,,
도봉구,11320,10700,창동,27,11320-101,주공19단지(창동리버타운),,59.39,4,1988,67000,2021-03-30,,,,,,
도봉구,11320,10800,도봉동,83,11320-85,유원도봉,,84.93,7,1990,51000,2021-03-30,,,,,,
도봉구,11320,10700,창동,373,11320-99,창동주공4단지,,41.3,2,1991,48500,2021-03-30,,,,,,
도봉구,11320,10600,방학동,736,11320-43,신동아타워아파트,,84.94,8,1997,53250,2021-03-29,,,,,,
도봉구,11320,10600,방학동,444-31,11320-37,대원그린아파트,,46.86,4,1987,29900,2021-03-29,O,21.04.27,,,,
도봉구,11320,10700,창동,38,11320-100,주공17단지,,36.16,13,1989,44500,2021-03-29,,,,,,
도봉구,11320,10700,창동,373,11320-99,창동주공4단지,,41.3,13,1991,50700,2021-03-31,,,,,,
도봉구,11320,10700,창동,30,11320-64,창동주공18단지,,41.34,6,1988,60000,2021-03-25,,,,,,
도봉구,11320,10500,쌍문동,56,11320-11,삼익세라믹,,58.77,11,1988,47000,2021-03-25,,,,,,
도봉구,11320,10700,창동,743-15,11320-68,성원상떼빌,,59.75,9,2001,66000,2021-03-26,,,,,,
도봉구,11320,10700,창동,825,11320-149,북한산아이파크5차,,134.7947,18,2004,149000,2021-03-29,,,,,,
도봉구,11320,10700,창동,804,11320-53,대우,,59.86,18,1995,60000,2021-03-23,,,,,,
도봉구,11320,10700,창동,38,11320-100,주공17단지,,36.16,11,1989,46000,2021-03-26,,,,,,
도봉구,11320,10600,방학동,531,11320-91,신동아아파트2,,84.82,3,1992,56000,2021-03-25,,,,,,
도봉구,11320,10600,방학동,705-17,11320-2945,퍼스티안,,13.6794,6,2013,9300,2021-03-22,,,,,,
도봉구,11320,10600,방학동,275,11320-38,벽산아파트1,,84.96,12,1991,54500,2021-03-23,,,,,,
도봉구,11320,10700,창동,808,11320-57,동아청솔,,84.97,9,1997,114400,2021-03-26,,,,,,
도봉구,11320,10700,창동,715-3,11320-2348,미소애,,45.466,7,2005,31500,2021-03-22,,,,,,
도봉구,11320,10700,창동,347,11320-98,창동주공3단지(해등마을),,49.94,10,1990,71700,2021-03-20,,,,,,
도봉구,11320,10600,방학동,271-1,11320-42,신동아아파트1,,43.35,3,1986,36000,2021-03-20,,,,,,
도봉구,11320,10700,창동,552-12,11320-3609,엘리시아,,56.09,7,2020,42500,2021-03-23,,,,,,
도봉구,11320,10700,창동,45,11320-58,삼성래미안,,73.92,12,1992,81000,2021-03-23,,,,,,
도봉구,11320,10500,쌍문동,388-33,11320-20,한양1,,66.33,5,1986,61200,2021-03-20,,,,,,
도봉구,11320,10700,창동,27,11320-101,주공19단지(창동리버타운),,90.94,12,1988,125000,2021-03-24,,,,,,
도봉구,11320,10700,창동,821,11320-2349,초안산신도브래뉴,,59.8329,1,2005,47700,2021-03-29,,,,,,
도봉구,11320,10800,도봉동,641,11320-83,서원,,39.85,2,1996,31900,2021-03-20,,,,,,
도봉구,11320,10700,창동,373,11320-99,창동주공4단지,,41.3,8,1991,49900,2021-03-20,,,,,,
도봉구,11320,10500,쌍문동,285-5,11320-8,동익미라벨,,84.53,15,1987,48800,2021-03-29,,,,,,
도봉구,11320,10600,방학동,271-1,11320-42,신동아아파트1,,43.35,2,1986,34000,2021-03-18,,,,,,
도봉구,11320,10700,창동,316,11320-97,창동주공2단지,,36.16,10,1990,53000,2021-03-22,,,,,,
도봉구,11320,10600,방학동,636,11320-3414,송학휴스테이,,51.867,5,2016,28000,2021-03-16,,,,,,
도봉구,11320,10600,방학동,734,11320-47,청구아파트,,70.69,4,1994,52500,2021-03-18,,,,,,
도봉구,11320,10700,창동,815,11320-66,창동2차현대,,84.504,7,2001,93000,2021-03-23,,,,,,
도봉구,11320,10500,쌍문동,56,11320-11,삼익세라믹,,42.93,10,1988,36800,2021-03-18,,,,,,
도봉구,11320,10600,방학동,732,11320-93,신동아아파트4,,59.92,13,1995,45000,2021-03-17,,,,,,
도봉구,11320,10700,창동,300,11320-102,상아2차아파트,,58.59,2,1988,64000,2021-03-20,,,,,,
도봉구,11320,10800,도봉동,641,11320-83,서원,,49.07,18,1996,42500,2021-03-23,,,,,,
도봉구,11320,10500,쌍문동,285-5,11320-8,동익미라벨,,65.42,14,1987,37000,2021-03-20,,,,,,
도봉구,11320,10500,쌍문동,725,11320-32,쌍문동삼성래미안,,59.9899,10,2002,64500,2021-03-29,,,,,,
도봉구,11320,10700,창동,807,11320-63,쌍용,,84.76,20,1997,68000,2021-03-15,,,,,,
도봉구,11320,10700,창동,373,11320-99,창동주공4단지,,41.3,7,1991,52500,2021-03-12,,,,,,
도봉구,11320,10700,창동,817,11320-147,수산트리플,,59.86,5,2004,53500,2021-03-23,,,,,,
도봉구,11320,10600,방학동,531,11320-91,신동아아파트2,,84.82,3,1992,59000,2021-03-25,,,,,,
도봉구,11320,10500,쌍문동,285-5,11320-8,동익미라벨,,84.53,4,1987,48900,2021-03-31,,,,,,
도봉구,11320,10700,창동,38,11320-100,주공17단지,,36.16,11,1989,44500,2021-03-16,,,,,,
도봉구,11320,10700,창동,808,11320-57,동아청솔,,59.76,15,1997,82000,2021-03-20,,,,,,
도봉구,11320,10600,방학동,271-1,11320-42,신동아아파트1,,53.16,11,1986,47200,2021-03-20,,,,,,
도봉구,11320,10600,방학동,720-1,11320-36,대상타운현대아파트,,84.78,15,2001,89000,2021-03-10,,,,,,
도봉구,11320,10700,창동,810,11320-62,신창,,59.4,7,1998,44000,2021-03-18,,,,,,
도봉구,11320,10600,방학동,271-1,11320-42,신동아아파트1,,70.62,4,1986,50000,2021-03-15,,,,,,
도봉구,11320,10500,쌍문동,56,11320-11,삼익세라믹,,58.77,12,1988,49800,2021-03-18,,,,,,
도봉구,11320,10600,방학동,730,11320-35,극동아파트,,84.935,1,1993,47000,2021-03-16,,,,,,
도봉구,11320,10600,방학동,507,11320-45,우성아파트1,,84.69,12,1992,58500,2021-03-17,,,,,,
도봉구,11320,10700,창동,316,11320-97,창동주공2단지,,36.16,2,1990,48000,2021-03-23,,,,,,
도봉구,11320,10600,방학동,720-18,11320-49,방학동삼성래미안1,,118.381,8,2002,117000,2021-03-26,,,,,,
도봉구,11320,10600,방학동,531,11320-91,신동아아파트2,,122.28,9,1992,72000,2021-03-12,,,,,,
도봉구,11320,10700,창동,805,11320-56,동아그린,,59.96,4,1996,71000,2021-03-17,,,,,,
도봉구,11320,10700,창동,810,11320-62,신창,,49.77,6,1998,36500,2021-03-29,,,,,,
도봉구,11320,10700,창동,316,11320-97,창동주공2단지,,36.34,13,1990,51000,2021-03-22,,,,,,
도봉구,11320,10500,쌍문동,59,11320-21,한양2,,59.67,10,1988,42000,2021-03-16,,,,,,
도봉구,11320,10600,방학동,271-1,11320-42,신동아아파트1,,70.62,6,1986,52500,2021-03-09,,,,,,
도봉구,11320,10600,방학동,720-18,11320-49,방학동삼성래미안1,,118.381,13,2002,105000,2021-03-10,,,,,,
도봉구,11320,10700,창동,38,11320-100,주공17단지,,36.16,13,1989,47700,2021-03-12,,,,,,
도봉구,11320,10500,쌍문동,56,11320-11,삼익세라믹,,58.77,14,1988,49500,2021-03-16,,,,,,
도봉구,11320,10600,방학동,507,11320-45,우성아파트1,,51.91,11,1992,43000,2021-03-19,,,,,,
도봉구,11320,10600,방학동,720-18,11320-49,방학동삼성래미안1,,84.937,1,2002,81000,2021-03-08,,,,,,
도봉구,11320,10800,도봉동,654,11320-88,동아에코빌,,84.967,1,2003,60000,2021-03-19,,,,,,
도봉구,11320,10700,창동,807,11320-63,쌍용,,84.76,19,1997,105000,2021-03-16,,,,,,
도봉구,11320,10600,방학동,271-1,11320-42,신동아아파트1,,70.62,8,1986,53000,2021-03-11,,,,,,
도봉구,11320,10700,창동,823,11320-110,금호어울림,,84.99,1,2004,85000,2021-03-13,,,,,,
도봉구,11320,10600,방학동,720-1,11320-36,대상타운현대아파트,,84.78,16,2001,90500,2021-03-08,,,,,,
도봉구,11320,10700,창동,805,11320-56,동아그린,,59.96,13,1996,74500,2021-03-12,,,,,,
도봉구,11320,10700,창동,305,11320-96,창동주공1단지,,41.3,5,1990,52000,2021-03-16,,,,,,
도봉구,11320,10600,방학동,496,11320-95,벽산아파트2,,59.581,9,1998,47000,2021-03-20,,,,,,
도봉구,11320,10600,방학동,444-31,11320-37,대원그린아파트,,53.7,6,1987,36000,2021-03-17,,,,,,
도봉구,11320,10500,쌍문동,53,11320-12,성원,,84.98,1,1989,57500,2021-03-22,,,,,,
도봉구,11320,10800,도봉동,644,11320-115,도봉파크빌3,,84.155,13,2002,70800,2021-03-15,,,,,,
도봉구,11320,10600,방학동,720-18,11320-49,방학동삼성래미안1,,84.937,13,2002,93000,2021-03-08,O,21.06.09,,,,
도봉구,11320,10700,창동,305,11320-96,창동주공1단지,,41.3,6,1990,51500,2021-03-11,,,,,,
도봉구,11320,10700,창동,810,11320-62,신창,,59.4,7,1998,44500,2021-03-27,,,,,,
도봉구,11320,10500,쌍문동,59,11320-21,한양2,,35.1,8,1988,32400,2021-03-23,,,,,,
도봉구,11320,10600,방학동,612-2,11320-292,태양아파트(612-2),,67.83,3,2004,19800,2021-03-17,,,,,,
도봉구,11320,10500,쌍문동,199-1,11320-90,금호1,,56.73,5,1990,46700,2021-03-06,,,,,,
도봉구,11320,10700,창동,825,11320-149,북한산아이파크5차,,134.7947,18,2004,137750,2021-03-03,,,,,,
도봉구,11320,10700,창동,817,11320-147,수산트리플,,59.86,15,2004,51700,2021-03-05,,,,,,
도봉구,11320,10700,창동,38,11320-100,주공17단지,,36.16,3,1989,47000,2021-03-06,,,,,,
도봉구,11320,10500,쌍문동,730,11320-140,대우파크힐(쌍문동이안),,84.955,6,2004,78000,2021-03-25,,,,,,
도봉구,11320,10600,방학동,275,11320-38,벽산아파트1,,63.38,6,1991,46000,2021-03-11,,,,,,
도봉구,11320,10500,쌍문동,59,11320-21,한양2,,48.96,15,1988,39000,2021-03-06,,,,,,
도봉구,11320,10600,방학동,271-1,11320-42,신동아아파트1,,62.22,13,1986,48700,2021-03-10,,,,,,
도봉구,11320,10700,창동,347,11320-98,창동주공3단지(해등마을),,41.3,12,1990,62500,2021-03-20,,,,,,
도봉구,11320,10500,쌍문동,59,11320-21,한양2,,76.92,13,1988,57500,2021-03-10,,,,,,
도봉구,11320,10600,방학동,530,11320-92,신동아아파트3,,84.86,6,1992,55000,2021-03-06,,,,,,
도봉구,11320,10800,도봉동,643,11320-81,서광,,59.91,4,1999,42000,2021-03-06,,,,,,
도봉구,11320,10700,창동,810,11320-62,신창,,59.4,15,1998,44500,2021-03-08,,,,,,
도봉구,11320,10700,창동,743-15,11320-68,성원상떼빌,,59.75,17,2001,59800,2021-03-06,,,,,,
도봉구,11320,10700,창동,805,11320-56,동아그린,,59.96,16,1996,72500,2021-03-06,,,,,,
도봉구,11320,10700,창동,373,11320-99,창동주공4단지,,36.16,9,1991,46800,2021-03-06,,,,,,
도봉구,11320,10700,창동,373,11320-99,창동주공4단지,,49.94,14,1991,59700,2021-03-06,,,,,,
도봉구,11320,10800,도봉동,30-1,11320-86,한신,,84.94,17,1995,64000,2021-03-04,,,,,,
도봉구,11320,10600,방학동,669-7,11320-142,청화아파트,,83.73,4,2004,34200,2021-03-01,,,,,,
도봉구,11320,10600,방학동,271-1,11320-42,신동아아파트1,,43.35,3,1986,34000,2021-03-23,,,,,,
도봉구,11320,10500,쌍문동,59,11320-21,한양2,,76.92,6,1988,55000,2021-03-06,,,,,,
도봉구,11320,10800,도봉동,30-1,11320-86,한신,,84.94,14,1995,64500,2021-03-08,,,,,,
도봉구,11320,10600,방학동,496,11320-95,벽산아파트2,,84.98,2,1998,55000,2021-03-04,,,,,,
도봉구,11320,10700,창동,451,11320-69,한신APT,,84.92,9,1999,52000,2021-03-09,,,,,,
도봉구,11320,10500,쌍문동,160,11320-9,미라보,,59.96,13,1995,46000,2021-03-12,,,,,,
도봉구,11320,10700,창동,821,11320-2349,초안산신도브래뉴,,84.9991,12,2005,64000,2021-03-12,,,,,,
도봉구,11320,10800,도봉동,641,11320-83,서원,,49.77,3,1996,41900,2021-03-08,,,,,,
도봉구,11320,10500,쌍문동,285-5,11320-8,동익미라벨,,65.42,1,1987,34500,2021-03-11,,,,,,
도봉구,11320,10800,도봉동,87,11320-80,삼환도봉,,73.89,10,1987,65000,2021-03-24,,,,,,
도봉구,11320,10500,쌍문동,285-5,11320-8,동익미라벨,,84.59,14,1987,47800,2021-03-10,,,,,,
도봉구,11320,10600,방학동,695-10,11320-117,신주아파트(A동),,45.135,6,2003,18700,2021-03-13,,,,,,
도봉구,11320,10700,창동,608-167,11320-2396,새울아파트,,84.45,5,2006,41800,2021-03-09,,,,,,
도봉구,11320,10700,창동,810,11320-62,신창,,39.6,13,1998,30300,2021-03-10,,,,,,
도봉구,11320,10700,창동,810,11320-62,신창,,59.4,15,1998,43000,2021-03-10,,,,,,
도봉구,11320,10700,창동,27,11320-101,주공19단지(창동리버타운),,68.86,12,1988,100000,2021-03-06,,,,,,
도봉구,11320,10600,방학동,271-1,11320-42,신동아아파트1,,53.16,14,1986,43000,2021-03-02,,,,,,
도봉구,11320,10700,창동,30,11320-64,창동주공18단지,,32.34,12,1988,53000,2021-03-10,,,,,,
도봉구,11320,10700,창동,813,11320-70,현대조합,,84.21,5,2000,70500,2021-03-01,,,,,,
도봉구,11320,10600,방학동,530,11320-92,신동아아파트3,,84.86,5,1992,54000,2021-03-02,,,,,,
도봉구,11320,10700,창동,808,11320-57,동아청솔,,84.97,1,1997,108000,2021-03-03,,,,,,
도봉구,11320,10700,창동,807,11320-63,쌍용,,84.76,9,1997,99900,2021-03-03,,,,,,
도봉구,11320,10700,창동,807,11320-63,쌍용,,59.88,1,1997,67900,2021-03-05,,,,,,
도봉구,11320,10700,창동,804,11320-53,대우,,59.86,18,1995,59900,2021-03-15,,,,,,
도봉구,11320,10600,방학동,732,11320-93,신동아아파트4,,84.9,3,1995,52500,2021-03-06,,,,,,
도봉구,11320,10500,쌍문동,53,11320-12,성원,,71.78,11,1989,56200,2021-03-15,,,,,,
도봉구,11320,10500,쌍문동,59,11320-21,한양2,,35.1,1,1988,29000,2021-03-22,,,,,,
도봉구,11320,10500,쌍문동,56,11320-11,삼익세라믹,,42.93,11,1988,36000,2021-03-10,,,,,,
도봉구,11320,10700,창동,810,11320-62,신창,,49.77,5,1998,36000,2021-03-13,,,,,,
도봉구,11320,10500,쌍문동,59,11320-21,한양2,,76.92,13,1988,55700,2021-03-11,,,,,,
도봉구,11320,10700,창동,807,11320-63,쌍용,,59.88,16,1997,79000,2021-03-08,,,,,,
도봉구,11320,10700,창동,305,11320-96,창동주공1단지,,49.94,12,1990,62000,2021-03-01,,,,,,
도봉구,11320,10500,쌍문동,199-1,11320-90,금호1,,36.36,2,1990,29000,2021-03-11,,,,,,
도봉구,11320,10500,쌍문동,20-4,11320-3718,쌍문동LG트윈빌2,,240.97,10,1999,79500,2021-03-06,,,,,,
도봉구,11320,10700,창동,807,11320-63,쌍용,,135,10,1997,128500,2021-03-06,,,,,,
도봉구,11320,10600,방학동,636,11320-3414,송학휴스테이,,51.001,6,2016,30800,2021-03-03,,,,,,
도봉구,11320,10700,창동,347,11320-98,창동주공3단지(해등마을),,45.77,12,1990,50000,2021-03-03,,,,,,
도봉구,11320,10500,쌍문동,357-6,11320-134,금강,,74.32,6,2002,28000,2021-03-10,,,,,,
도봉구,11320,10500,쌍문동,100-2,11320-127,성원팰리스,,82.7,6,2004,37000,2021-03-08,,,,,,
도봉구,11320,10600,방학동,531,11320-91,신동아아파트2,,84.82,9,1992,57500,2021-03-02,,,,,,
도봉구,11320,10600,방학동,274,11320-39,삼익세라믹아파트,,58.77,1,1988,40000,2021-03-02,,,,,,
도봉구,11320,10700,창동,825,11320-149,북한산아이파크5차,,84.4516,16,2004,109700,2021-03-16,,,,,,
도봉구,11320,10800,도봉동,87,11320-80,삼환도봉,,73.89,8,1987,64000,2021-03-05,,,,,,
도봉구,11320,10600,방학동,271-1,11320-42,신동아아파트1,,43.35,6,1986,33000,2021-03-12,,,,,,
도봉구,11320,10600,방학동,271-1,11320-42,신동아아파트1,,62.22,3,1986,45750,2021-03-02,,,,,,
도봉구,11320,10700,창동,661-88,11320-108,리치,,55.98,3,2003,27500,2021-03-05,,,,,,
도봉구,11320,10700,창동,804,11320-53,대우,,59.71,19,1995,57500,2021-03-06,,,,,,
도봉구,11320,10700,창동,819,11320-112,태영데시앙,,84.995,2,2003,76500,2021-03-01,,,,,,
도봉구,11320,10500,쌍문동,53,11320-12,성원,,71.78,14,1989,56300,2021-03-09,,,,,,
도봉구,11320,10700,창동,815,11320-66,창동2차현대,,95.633,4,2001,100000,2021-03-06,,,,,,
도봉구,11320,10500,쌍문동,195,11320-19,청구,,84.63,5,1996,63500,2021-03-06,,,,,,
도봉구,11320,10800,도봉동,555,11320-82,서울가든,,75.33,5,1987,44500,2021-03-02,,,,,,
도봉구,11320,10700,창동,808,11320-57,동아청솔,,84.97,9,1997,114800,2021-03-06,,,,,,
도봉구,11320,10600,방학동,740,11320-146,동양크레오아파트,,84.9696,3,2004,58800,2021-03-02,,,,,,
도봉구,11320,10500,쌍문동,725,11320-32,쌍문동삼성래미안,,59.9899,3,2002,62000,2021-03-15,,,,,,
도봉구,11320,10700,창동,825,11320-149,북한산아이파크5차,,84.4516,14,2004,89500,2021-03-01,,,,,,
도봉구,11320,10500,쌍문동,59,11320-21,한양2,,48.96,4,1988,42700,2021-03-11,,,,,,
도봉구,11320,10500,쌍문동,56,11320-11,삼익세라믹,,79.98,13,1988,65000,2021-03-03,,,,,,
도봉구,11320,10700,창동,621-1,11320-305,한일아파트,,82.18,6,2001,48000,2021-03-11,,,,,,
도봉구,11320,10500,쌍문동,199-1,11320-90,금호1,,70.13,10,1990,59900,2021-03-06,,,,,,
도봉구,11320,10500,쌍문동,731,11320-2404,e편한세상,,84.978,7,2007,72000,2021-03-11,,,,,,
도봉구,11320,10700,창동,347,11320-98,창동주공3단지(해등마을),,61.52,8,1990,55000,2021-03-12,,,,,,
도봉구,11320,10700,창동,347,11320-98,창동주공3단지(해등마을),,58.01,11,1990,46200,2021-03-11,,,,,,
도봉구,11320,10500,쌍문동,59,11320-21,한양2,,84.9,13,1988,62000,2021-03-08,,,,,,
도봉구,11320,10700,창동,38,11320-100,주공17단지,,36.16,2,1989,47500,2021-03-01,,,,,,
도봉구,11320,10600,방학동,271-1,11320-42,신동아아파트1,,62.22,12,1986,47400,2021-03-02,,,,,,
도봉구,11320,10800,도봉동,641,11320-83,서원,,49.77,1,1996,36000,2021-03-03,,,,,,
도봉구,11320,10600,방학동,718-7,11320-106,이에스에이아파트1,,124.66,3,2003,82000,2021-03-03,,,,,,
도봉구,11320,10800,도봉동,555,11320-82,서울가든,,75.33,11,1987,45000,2021-03-06,,,,,,
도봉구,11320,10600,방학동,271-1,11320-42,신동아아파트1,,70.62,1,1986,48000,2021-03-02,,,,,,
도봉구,11320,10600,방학동,271-1,11320-42,신동아아파트1,,70.62,7,1986,50000,2021-03-05,,,,,,
도봉구,11320,10500,쌍문동,719,11320-29,현대3,,84.93,6,1995,51500,2021-03-06,,,,,,
도봉구,11320,10800,도봉동,555,11320-82,서울가든,,75.33,1,1987,41000,2021-03-06,,,,,,
도봉구,11320,10700,창동,743-15,11320-68,성원상떼빌,,59.75,15,2001,60000,2021-03-01,,,,,,
노원구,11350,10600,중계동,360-16,11350-111,주공10,,58.14,8,1995,78500,2021-03-06,,,,,,
노원구,11350,10500,상계동,1117-12,11350-1737,D.S아파트,,103.92,5,2007,46000,2021-03-31,,,,,,
노원구,11350,10200,월계동,556,11350-149,주공2,,58.65,4,1992,58700,2021-03-31,,,,,,
노원구,11350,10500,상계동,173-1,11350-10,벽산,,75.03,10,1989,65000,2021-03-30,,,,,,
노원구,11350,10400,하계동,284,11350-81,한신1,,44.52,3,1988,58000,2021-03-31,,,,,,
노원구,11350,10500,상계동,1281,11350-45,코오롱,,73.17,7,1997,72000,2021-03-27,,,,,,
노원구,11350,10600,중계동,512,11350-102,중계무지개,,39.82,10,1991,49950,2021-03-27,,,,,,
노원구,11350,10200,월계동,13,11350-197,삼호3,,59.22,4,1986,92000,2021-03-30,O,21.05.31,,,,
노원구,11350,10500,상계동,749-5,11350-38,상계주공4(고층),,59.2,3,1988,63000,2021-03-27,,,,,,
노원구,11350,10500,상계동,765,11350-29,상계주공1(고층),,32.39,4,1988,50000,2021-03-30,,,,,,
노원구,11350,10500,상계동,765,11350-29,상계주공1(고층),,59.39,7,1988,69500,2021-03-31,,,,,,
노원구,11350,10400,하계동,251,11350-78,하계1청구,,84.6,8,1997,100000,2021-03-27,,,,,,
노원구,11350,10500,상계동,1282,11350-16,상계2차중앙하이츠,,84.6,9,1998,84500,2021-03-29,,,,,,
노원구,11350,10500,상계동,730-2,11350-37,상계주공3(고층),,58.01,5,1987,80400,2021-03-29,,,,,,
노원구,11350,10200,월계동,556,11350-149,주공2,,58.65,4,1992,58700,2021-03-31,O,21.04.29,,,,
노원구,11350,10500,상계동,639,11350-202,보람아파트,,44.33,3,1988,47000,2021-03-24,,,,,,
노원구,11350,10300,공릉동,81,11350-182,태강아파트(아이파크),,49.6,8,1999,50500,2021-03-26,O,21.11.23,,,,
노원구,11350,10400,하계동,271-3,11350-68,극동,,55.72,15,1988,61000,2021-03-29,,,,,,
노원구,11350,10400,하계동,273,11350-72,장미(시영6),,54.02,4,1989,67000,2021-03-23,,,,,,
노원구,11350,10600,중계동,359-1,11350-114,주공5,,84.79,7,1992,110000,2021-03-29,,,,,,
노원구,11350,10500,상계동,1318,11350-1831,노원IPARK,,139.28,5,2009,88000,2021-03-23,,,,,,
노원구,11350,10500,상계동,1285,11350-6,동아불암,,84.9,14,1999,60000,2021-03-23,,,,,,
노원구,11350,10500,상계동,639,11350-202,보람아파트,,44.33,10,1988,52500,2021-03-29,,,,,,
노원구,11350,10500,상계동,639,11350-11,보람2단지,,68.99,3,1988,66000,2021-03-26,,,,,,
노원구,11350,10600,중계동,359-1,11350-114,주공5,,76.51,1,1992,93500,2021-03-27,,,,,,
노원구,11350,10500,상계동,624,11350-35,상계주공16(고층),,45.77,9,1988,49000,2021-03-27,,,,,,
노원구,11350,10300,공릉동,90,11350-181,청솔아파트9,,84.99,6,2000,81500,2021-03-26,,,,,,
노원구,11350,10300,공릉동,745,11350-167,동신아파트,,59.99,10,1999,60000,2021-03-28,,,,,,
노원구,11350,10500,상계동,721,11350-39,상계주공5(저층),,31.98,1,1987,66600,2021-03-30,,,,,,
노원구,11350,10500,상계동,740,11350-36,상계주공2(고층),,41.3,9,1987,60000,2021-03-31,,,,,,
노원구,11350,10500,상계동,639,11350-202,보람아파트,,44.33,1,1988,48000,2021-03-30,,,,,,
노원구,11350,10600,중계동,512,11350-102,중계무지개,,39.96,12,1991,49900,2021-03-25,,,,,,
노원구,11350,10200,월계동,775,11350-136,대우,,134.64,13,1998,80500,2021-03-31,,,,,,
노원구,11350,10500,상계동,1299,11350-59,양우,,79.4198,7,2002,73800,2021-03-30,,,,,,
노원구,11350,10600,중계동,369,11350-112,주공2,,44.52,15,1992,45500,2021-03-26,,,,,,
노원구,11350,10200,월계동,780,11350-150,청백3,,49.77,12,1998,42000,2021-03-22,,,,,,
노원구,11350,10500,상계동,624,11350-35,상계주공16(고층),,59.39,9,1988,63000,2021-03-28,,,,,,
노원구,11350,10200,월계동,556,11350-149,주공2,,58.65,11,1992,57300,2021-03-30,,,,,,
노원구,11350,10500,상계동,670,11350-43,상계주공9(고층),,41.3,7,1988,52900,2021-03-29,,,,,,
노원구,11350,10500,상계동,670,11350-43,상계주공9(고층),,45.9,6,1988,49000,2021-03-29,,,,,,
노원구,11350,10200,월계동,929,11350-156,현대,,114.99,24,2000,110000,2021-03-27,,,,,,
노원구,11350,10500,상계동,666,11350-30,상계주공10(고층),,49.94,10,1988,61000,2021-03-23,,,,,,
노원구,11350,10200,월계동,556,11350-149,주공2,,84.815,5,1992,75000,2021-03-31,,,,,,
노원구,11350,10300,공릉동,90,11350-181,청솔아파트9,,84.9,5,2000,80000,2021-03-22,,,,,,
노원구,11350,10500,상계동,1276,11350-62,청암2단지,,59.96,2,2001,56000,2021-03-25,,,,,,
노원구,11350,10500,상계동,1309,11350-249,한일유앤아이,,59.877,8,2005,69500,2021-03-26,,,,,,
노원구,11350,10200,월계동,556,11350-149,주공2,,44.52,2,1992,38000,2021-03-31,,,,,,
노원구,11350,10500,상계동,1265,11350-9,수락산벨리체,,114.92,9,2000,102000,2021-03-29,,,,,,
노원구,11350,10500,상계동,670,11350-43,상계주공9(고층),,45.9,11,1988,52000,2021-03-28,,,,,,
노원구,11350,10200,월계동,18,11350-133,한진한화그랑빌,,59.94,23,2002,82900,2021-03-22,,,,,,
노원구,11350,10500,상계동,740,11350-36,상계주공2(고층),,32.39,9,1987,49500,2021-03-25,,,,,,
노원구,11350,10200,월계동,929,11350-156,현대,,84.98,8,2000,92000,2021-03-27,,,,,,
노원구,11350,10500,상계동,721,11350-39,상계주공5(저층),,31.98,3,1987,72500,2021-03-27,,,,,,
노원구,11350,10500,상계동,652,11350-31,상계주공11(고층),,60.5,9,1988,64000,2021-03-28,,,,,,
노원구,11350,10500,상계동,173-1,11350-10,벽산,,38.71,2,1989,36000,2021-03-22,,,,,,
노원구,11350,10500,상계동,730-2,11350-37,상계주공3(고층),,59.28,10,1987,80000,2021-03-26,,,,,,
노원구,11350,10600,중계동,512,11350-102,중계무지개,,39.96,8,1991,47000,2021-03-20,,,,,,
노원구,11350,10500,상계동,172,11350-5,상계대림,,59.67,1,1989,48000,2021-03-22,,,,,,
노원구,11350,10500,상계동,666,11350-30,상계주공10(고층),,58.01,8,1988,73000,2021-03-28,,,,,,
노원구,11350,10400,하계동,284,11350-81,한신1,,44.52,8,1988,60000,2021-03-18,,,,,,
노원구,11350,10500,상계동,359,11350-3,노원현대,,84.78,16,1997,76000,2021-03-24,,,,,,
노원구,11350,10200,월계동,938,11350-216,건양노블레스빌,,84.659,9,2003,79000,2021-03-22,,,,,,
노원구,11350,10300,공릉동,743,11350-184,공릉동한보에센시티아파트,,59.4,8,2000,50000,2021-03-31,,,,,,
노원구,11350,10300,공릉동,81,11350-182,태강아파트(아이파크),,49.6,6,1999,54000,2021-03-28,,,,,,
노원구,11350,10600,중계동,502-1,11350-120,중계그린1단지,,39.91,10,1990,50800,2021-03-31,,,,,,
노원구,11350,10200,월계동,556,11350-149,주공2,,38.64,4,1992,37700,2021-03-24,,,,,,
노원구,11350,10300,공릉동,743,11350-184,공릉동한보에센시티아파트,,84.93,13,2000,70000,2021-03-30,,,,,,
노원구,11350,10500,상계동,691,11350-41,상계주공7(고층),,41.3,1,1988,60000,2021-03-27,,,,,,
노원구,11350,10500,상계동,691,11350-41,상계주공7(고층),,45.9,12,1988,61500,2021-03-24,,,,,,
노원구,11350,10600,중계동,103,11350-94,동진,,47.61,3,1988,26000,2021-03-16,,,,,,
노원구,11350,10500,상계동,144-3,11350-57,보미,,84.81,3,2002,49800,2021-03-18,,,,,,
노원구,11350,10600,중계동,364,11350-105,동진신안,,134.74,3,1993,155000,2021-03-27,,,,,,
노원구,11350,10200,월계동,380-1,11350-1728,삼능스페이스향,,84.91,12,2006,70000,2021-03-15,,,,,,
노원구,11350,10300,공릉동,725,11350-183,풍림아파트A,,84.99,5,2001,95000,2021-03-24,,,,,,
노원구,11350,10300,공릉동,747,11350-168,두산힐스빌아파트,,59.76,9,2000,67000,2021-03-25,,,,,,
노원구,11350,10400,하계동,251,11350-78,하계1청구,,84.6,10,1997,96000,2021-03-15,O,21.04.23,,,,
노원구,11350,10200,월계동,18,11350-133,한진한화그랑빌,,84.97,9,2002,97500,2021-03-29,,,,,,
노원구,11350,10500,상계동,135,11350-46,한신1차,,53.96,11,1987,44900,2021-03-17,,,,,,
노원구,11350,10500,상계동,647,11350-32,상계주공12(고층),,41.3,9,1988,51000,2021-03-27,,,,,,
노원구,11350,10600,중계동,103,11350-94,동진,,47.61,1,1988,28000,2021-03-29,,,,,,
노원구,11350,10500,상계동,626,11350-34,상계주공14(고층),,49.94,5,1989,60000,2021-03-29,,,,,,
노원구,11350,10200,월계동,556,11350-149,주공2,,38.64,15,1992,36500,2021-03-30,,,,,,
노원구,11350,10200,월계동,13,11350-197,삼호3,,59.22,12,1986,90000,2021-03-20,,,,,,
노원구,11350,10500,상계동,666,11350-30,상계주공10(고층),,68.86,8,1988,86000,2021-03-27,,,,,,
노원구,11350,10600,중계동,592,11350-118,중계3벽산,,59.88,12,1999,64700,2021-03-25,,,,,,
노원구,11350,10500,상계동,624,11350-35,상계주공16(고층),,59.39,3,1988,60000,2021-03-24,,,,,,
노원구,11350,10600,중계동,369,11350-112,주공2,,44.52,9,1992,46000,2021-03-20,,,,,,
노원구,11350,10300,공릉동,725,11350-183,풍림아파트A,,84.99,18,2001,84000,2021-03-23,,,,,,
노원구,11350,10400,하계동,273,11350-72,장미(시영6),,54.02,6,1989,66000,2021-03-20,,,,,,
노원구,11350,10600,중계동,598,11350-429,한화꿈에그린,,84.902,5,2005,94500,2021-03-23,,,,,,
노원구,11350,10500,상계동,173-1,11350-10,벽산,,46.8,6,1989,41000,2021-03-20,,,,,,
노원구,11350,10600,중계동,505,11350-90,경남,,50.97,14,1989,58900,2021-03-19,,,,,,
노원구,11350,10200,월계동,940,11350-423,동원베네스트,,59.854,3,2005,59950,2021-03-16,,,,,,
노원구,11350,10500,상계동,749-5,11350-38,상계주공4(고층),,41.3,4,1988,58000,2021-03-31,,,,,,
노원구,11350,10500,상계동,691,11350-41,상계주공7(고층),,79.07,13,1988,124000,2021-03-15,,,,,,
노원구,11350,10500,상계동,749-5,11350-38,상계주공4(고층),,32.39,2,1988,46000,2021-03-26,,,,,,
노원구,11350,10600,중계동,512,11350-102,중계무지개,,39.96,6,1991,49700,2021-03-27,,,,,,
노원구,11350,10300,공릉동,108,11350-177,우방아파트,,60.502,7,2000,63500,2021-03-13,,,,,,
노원구,11350,10300,공릉동,111,11350-187,화랑타운아파트,,84.65,5,2000,95000,2021-03-13,,,,,,
노원구,11350,10600,중계동,502-1,11350-120,중계그린1단지,,59.87,13,1990,62000,2021-03-27,,,,,,
노원구,11350,10400,하계동,288,11350-79,하계2현대,,84.896,8,1997,98000,2021-03-20,,,,,,
노원구,11350,10400,하계동,284,11350-81,한신1,,44.52,10,1988,57900,2021-03-17,,,,,,
노원구,11350,10600,중계동,512,11350-102,중계무지개,,59.26,4,1991,68000,2021-03-13,,,,,,
노원구,11350,10300,공릉동,714,11350-171,삼익4단지아파트,,39.6,2,1994,40500,2021-03-27,,,,,,
노원구,11350,10500,상계동,721,11350-39,상계주공5(저층),,31.98,5,1987,73000,2021-03-14,,,,,,
노원구,11350,10300,공릉동,492-1,11350-164,대아2차아파트,,59.88,3,2000,57000,2021-03-20,,,,,,
노원구,11350,10600,중계동,362-1,11350-117,주공8,,49.72,11,1993,58500,2021-03-18,,,,,,
노원구,11350,10600,중계동,502-1,11350-120,중계그린1단지,,49.5,8,1990,59950,2021-03-20,O,21.05.12,,,,
노원구,11350,10500,상계동,463,11350-24,상계신동아,,59.4,1,1995,47000,2021-03-16,,,,,,
노원구,11350,10400,하계동,354,11350-80,학여울청구,,84.77,4,1999,88000,2021-03-13,,,,,,
노원구,11350,10200,월계동,929,11350-156,현대,,59.95,25,2000,73000,2021-03-20,,,,,,
노원구,11350,10600,중계동,502-1,11350-120,중계그린1단지,,39.92,14,1990,48500,2021-03-24,,,,,,
노원구,11350,10600,중계동,364,11350-105,동진신안,,101.99,14,1993,135000,2021-03-26,,,,,,
노원구,11350,10500,상계동,730-2,11350-37,상계주공3(고층),,58.01,2,1987,79000,2021-03-27,,,,,,
노원구,11350,10600,중계동,512,11350-102,중계무지개,,59.26,7,1991,66000,2021-03-22,,,,,,
노원구,11350,10600,중계동,512,11350-102,중계무지개,,49.54,11,1991,59000,2021-03-22,,,,,,
노원구,11350,10500,상계동,995,11350-49,한신4차,,84.84,8,1995,62000,2021-03-27,,,,,,
노원구,11350,10200,월계동,556,11350-149,주공2,,38.64,15,1992,36900,2021-03-23,,,,,,
노원구,11350,10400,하계동,256-5,11350-83,한신동성,,138.29,3,1993,120000,2021-03-12,,,,,,
노원구,11350,10500,상계동,1312,11350-1825,수락리버시티3단지,,84.88,5,2009,70000,2021-03-20,,,,,,
노원구,11350,10500,상계동,740,11350-36,상계주공2(고층),,68.86,8,1987,81000,2021-03-27,,,,,,
노원구,11350,10200,월계동,322-1,11350-146,성원(사슴4),,49.92,11,1995,54000,2021-03-11,,,,,,
노원구,11350,10500,상계동,135,11350-46,한신1차,,53.96,12,1987,44500,2021-03-09,,,,,,
노원구,11350,10300,공릉동,254,11350-178,태릉우성아파트,,84.97,3,1985,88000,2021-03-16,,,,,,
노원구,11350,10200,월계동,556,11350-149,주공2,,44.52,5,1992,42000,2021-03-18,,,,,,
노원구,11350,10200,월계동,13,11350-140,미성,,50.14,14,1986,80000,2021-03-27,,,,,,
노원구,11350,10600,중계동,502-1,11350-120,중계그린1단지,,49.85,5,1990,57000,2021-03-18,,,,,,
노원구,11350,10300,공릉동,738,11350-198,공릉우성아파트,,59.26,12,1995,55000,2021-03-19,,,,,,
노원구,11350,10600,중계동,364,11350-105,동진신안,,134.74,9,1993,167000,2021-03-15,,,,,,
노원구,11350,10500,상계동,173-1,11350-10,벽산,,46.8,3,1989,41900,2021-03-13,,,,,,
노원구,11350,10400,하계동,273,11350-72,장미(시영6),,54.02,5,1989,61000,2021-03-09,O,21.05.13,,,,
노원구,11350,10500,상계동,720,11350-40,상계주공6(고층),,58.01,8,1988,82000,2021-03-18,,,,,,
노원구,11350,10500,상계동,1282,11350-16,상계2차중앙하이츠,,84.6,3,1998,83800,2021-03-30,,,,,,
노원구,11350,10300,공릉동,109,11350-169,비선아파트,,48.6,8,1999,52000,2021-03-09,,,,,,
노원구,11350,10500,상계동,626,11350-34,상계주공14(고층),,45.9,15,1989,48500,2021-03-27,,,,,,
노원구,11350,10600,중계동,583,11350-91,금호타운(583),,84.98,12,1997,83000,2021-03-09,,,,,,
노원구,11350,10300,공릉동,108,11350-177,우방아파트,,84.881,6,2000,75000,2021-03-24,,,,,,
노원구,11350,10200,월계동,320-11,11350-141,사슴3,,49.5,13,1995,54000,2021-03-23,,,,,,
노원구,11350,10500,상계동,1055,11350-51,상계1차현대아파트,,83.92,15,1993,63000,2021-03-24,,,,,,
노원구,11350,10400,하계동,353,11350-74,우방,,59.74,10,1999,56000,2021-03-27,,,,,,
노원구,11350,10500,상계동,1312,11350-1825,수락리버시티3단지,,84.69,2,2009,63700,2021-03-22,,,,,,
노원구,11350,10500,상계동,1281,11350-45,코오롱,,84.9,9,1997,76000,2021-03-10,,,,,,
노원구,11350,10300,공릉동,715,11350-173,시영3차(라이프)아파트,,39.6,13,1994,43750,2021-03-30,,,,,,
노원구,11350,10500,상계동,1355,11350-2275,노원센트럴푸르지오,,84.999,12,2021,124000,2021-03-26,,,,,,
노원구,11350,10200,월계동,556,11350-149,주공2,,38.64,11,1992,36300,2021-03-17,,,,,,
노원구,11350,10300,공릉동,705,11350-166,동부아파트,,114.17,9,1996,75500,2021-03-10,,,,,,
노원구,11350,10500,상계동,652,11350-31,상계주공11(고층),,49.94,5,1988,61000,2021-03-09,,,,,,
노원구,11350,10500,상계동,1313,11350-1826,수락리버시티4단지,,59.9,8,2009,61000,2021-03-26,,,,,,
노원구,11350,10300,공릉동,725,11350-183,풍림아파트A,,84.99,2,2001,80000,2021-03-11,,,,,,
노원구,11350,10500,상계동,757,11350-50,한양,,107.92,10,1988,100000,2021-03-15,,,,,,
노원구,11350,10600,중계동,359-1,11350-114,주공5,,38.64,3,1992,46300,2021-03-27,,,,,,
노원구,11350,10500,상계동,765,11350-29,상계주공1(고층),,32.39,1,1988,43900,2021-03-17,,,,,,
노원구,11350,10300,공릉동,714,11350-171,삼익4단지아파트,,39.6,4,1994,38500,2021-03-23,,,,,,
노원구,11350,10200,월계동,556,11350-149,주공2,,84.815,12,1992,69000,2021-03-18,,,,,,
노원구,11350,10600,중계동,359-1,11350-114,주공5,,58.46,10,1992,81000,2021-03-04,,,,,,
노원구,11350,10600,중계동,359-1,11350-114,주공5,,38.64,1,1992,42200,2021-03-20,,,,,,
노원구,11350,10300,공릉동,737,11350-172,삼익포레스트아파트,,114.85,11,1995,78500,2021-03-10,,,,,,
노원구,11350,10200,월계동,13,11350-197,삼호3,,59.22,9,1986,82000,2021-03-09,,,,,,
노원구,11350,10200,월계동,556,11350-149,주공2,,44.94,15,1992,40800,2021-03-22,,,,,,
노원구,11350,10300,공릉동,715,11350-173,시영3차(라이프)아파트,,34.44,1,1994,31900,2021-03-24,,,,,,
노원구,11350,10500,상계동,670,11350-43,상계주공9(고층),,45.9,8,1988,52000,2021-03-13,,,,,,
노원구,11350,10200,월계동,775,11350-136,대우,,99.98,3,1998,72000,2021-03-20,,,,,,
노원구,11350,10500,상계동,1305,11350-214,동양엔파트,,84.98,10,2003,87000,2021-03-07,,,,,,
노원구,11350,10500,상계동,1255,11350-19,은빛1단지,,49.77,3,1998,48000,2021-03-13,,,,,,
노원구,11350,10200,월계동,13,11350-140,미성,,50.14,12,1986,79500,2021-03-19,,,,,,
노원구,11350,10200,월계동,940,11350-423,동원베네스트,,84.627,11,2005,68500,2021-03-10,,,,,,
노원구,11350,10500,상계동,1269,11350-60,수락파크빌,,84.62,11,2001,82500,2021-03-16,,,,,,
노원구,11350,10500,상계동,666,11350-30,상계주공10(고층),,59.39,7,1988,71500,2021-03-16,,,,,,
노원구,11350,10300,공릉동,707,11350-160,시영2단지(라이프)아파트,,39.6,6,1994,42000,2021-03-13,,,,,,
노원구,11350,10600,중계동,369,11350-112,주공2,,44.52,7,1992,44000,2021-03-10,,,,,,
노원구,11350,10600,중계동,34-5,11350-127,현대(6차),,59.84,10,2018,59700,2021-03-25,,,,,,
노원구,11350,10200,월계동,942,11350-1663,월계역신도브래뉴,,59.8587,2,2005,59900,2021-03-15,,,,,,
노원구,11350,10500,상계동,1305,11350-214,동양엔파트,,84.98,10,2003,87000,2021-03-07,O,21.04.05,,,,
노원구,11350,10300,공릉동,604-11,11350-161,대동아파트,,59.83,13,1999,56750,2021-03-08,,,,,,
노원구,11350,10300,공릉동,705,11350-166,동부아파트,,59.34,15,1996,48000,2021-03-16,,,,,,
노원구,11350,10500,상계동,624,11350-35,상계주공16(고층),,58.01,6,1988,57300,2021-03-12,,,,,,
노원구,11350,10300,공릉동,743,11350-184,공릉동한보에센시티아파트,,84.93,9,2000,71700,2021-03-10,,,,,,
노원구,11350,10500,상계동,624,11350-35,상계주공16(고층),,59.39,8,1988,60000,2021-03-16,,,,,,
노원구,11350,10200,월계동,12,11350-143,삼호4,,50.18,8,1987,63500,2021-03-13,,,,,,
노원구,11350,10300,공릉동,254,11350-178,태릉우성아파트,,84.97,1,1985,84500,2021-03-10,,,,,,
노원구,11350,10400,하계동,273,11350-72,장미(시영6),,54.29,8,1989,60800,2021-03-06,,,,,,
노원구,11350,10200,월계동,929,11350-156,현대,,59.95,27,2000,73000,2021-03-27,,,,,,
노원구,11350,10200,월계동,556,11350-149,주공2,,44.52,6,1992,40000,2021-03-31,,,,,,
노원구,11350,10300,공릉동,742,11350-188,효성아파트,,73.18,2,1995,71750,2021-03-16,,,,,,
노원구,11350,10500,상계동,720,11350-40,상계주공6(고층),,41.3,13,1988,58000,2021-03-19,,,,,,
노원구,11350,10300,공릉동,690-2,11350-170,삼익아파트,,84.77,20,1997,63000,2021-03-04,,,,,,
노원구,11350,10500,상계동,1055,11350-51,상계1차현대아파트,,83.92,2,1993,59500,2021-03-09,,,,,,
노원구,11350,10500,상계동,637,11350-33,상계주공13(고층),,41.3,15,1989,45500,2021-03-22,,,,,,
노원구,11350,10200,월계동,556,11350-149,주공2,,44.52,14,1992,42250,2021-03-10,,,,,,
노원구,11350,10300,공릉동,747,11350-168,두산힐스빌아파트,,59.76,5,2000,61000,2021-03-02,,,,,,
노원구,11350,10600,중계동,502-1,11350-120,중계그린1단지,,39.92,4,1990,47000,2021-03-27,,,,,,
노원구,11350,10600,중계동,502-1,11350-120,중계그린1단지,,49.5,5,1990,61700,2021-03-25,,,,,,
노원구,11350,10500,상계동,1256,11350-20,은빛2단지,,39.7,6,1998,36000,2021-03-24,,,,,,
노원구,11350,10500,상계동,721,11350-39,상계주공5(저층),,31.98,1,1987,69000,2021-03-18,,,,,,
노원구,11350,10600,중계동,502-1,11350-120,중계그린1단지,,44.1,3,1990,53700,2021-03-12,,,,,,
노원구,11350,10600,중계동,512,11350-102,중계무지개,,59.26,10,1991,70000,2021-03-13,,,,,,
노원구,11350,10300,공릉동,727,11350-209,풍림아파트B,,31.32,2,2001,29500,2021-03-19,,,,,,
노원구,11350,10200,월계동,947,11350-1734,롯데캐슬루나,,84.9852,1,2006,86000,2021-03-03,,,,,,
노원구,11350,10500,상계동,749-5,11350-38,상계주공4(고층),,59.2,10,1988,68000,2021-03-02,,,,,,
노원구,11350,10600,중계동,587,11350-107,양지마을(대림)1,,114.96,17,1998,134700,2021-03-13,,,,,,
노원구,11350,10300,공릉동,715,11350-173,시영3차(라이프)아파트,,34.44,2,1994,30700,2021-03-30,,,,,,
노원구,11350,10200,월계동,13,11350-140,미성,,50.14,2,1986,79500,2021-03-17,,,,,,
노원구,11350,10200,월계동,12,11350-143,삼호4,,50.18,7,1987,68000,2021-03-11,,,,,,
노원구,11350,10400,하계동,273,11350-72,장미(시영6),,64.62,15,1989,72700,2021-03-11,,,,,,
노원구,11350,10500,상계동,173-1,11350-10,벽산,,46.8,9,1989,37000,2021-03-19,,,,,,
노원구,11350,10500,상계동,639,11350-11,보람2단지,,68.99,14,1988,74500,2021-03-04,,,,,,
노원구,11350,10500,상계동,173-1,11350-10,벽산,,46.8,12,1989,43000,2021-03-15,,,,,,
노원구,11350,10500,상계동,172,11350-5,상계대림,,59.67,15,1989,54900,2021-03-31,,,,,,
노원구,11350,10400,하계동,353,11350-74,우방,,59.74,7,1999,53000,2021-03-20,,,,,,
노원구,11350,10400,하계동,284,11350-81,한신1,,27,3,1988,32800,2021-03-18,,,,,,
노원구,11350,10300,공릉동,81,11350-182,태강아파트(아이파크),,49.6,4,1999,55400,2021-03-25,,,,,,
노원구,11350,10300,공릉동,715,11350-173,시영3차(라이프)아파트,,34.44,7,1994,37300,2021-03-27,,,,,,
노원구,11350,10300,공릉동,108,11350-177,우방아파트,,84.881,1,2000,78000,2021-03-12,,,,,,
노원구,11350,10600,중계동,360-16,11350-111,주공10,,58.14,9,1995,75000,2021-03-20,,,,,,
노원구,11350,10200,월계동,923,11350-153,초안1,,59.85,5,1998,38000,2021-03-17,,,,,,
노원구,11350,10500,상계동,1293,11350-14,불암현대,,59.4,2,1999,48800,2021-03-22,,,,,,
노원구,11350,10500,상계동,1256,11350-20,은빛2단지,,49.77,2,1998,42300,2021-03-18,,,,,,
노원구,11350,10600,중계동,585,11350-119,중계3우성,,59.94,2,1999,62500,2021-03-13,,,,,,
노원구,11350,10500,상계동,1063,11350-53,상계현대3차,,84.96,3,1999,67000,2021-03-06,,,,,,
노원구,11350,10200,월계동,780,11350-150,청백3,,39.84,12,1998,31000,2021-03-22,,,,,,
노원구,11350,10200,월계동,780,11350-150,청백3,,49.77,11,1998,43300,2021-03-16,,,,,,
노원구,11350,10200,월계동,924,11350-152,초안2,,49.6,13,1997,43300,2021-03-04,,,,,,
노원구,11350,10500,상계동,1272,11350-23,수락현대,,84.87,1,1995,54000,2021-03-30,,,,,,
노원구,11350,10600,중계동,606,11350-2072,한화꿈에그린TheFIRST,,84.97,5,2014,110000,2021-03-20,,,,,,
노원구,11350,10500,상계동,1320,11350-8,미라보(성림),,60,8,2006,42500,2021-03-08,,,,,,
노원구,11350,10500,상계동,720,11350-40,상계주공6(고층),,49.94,12,1988,68600,2021-03-15,,,,,,
노원구,11350,10300,공릉동,747,11350-168,두산힐스빌아파트,,59.76,12,2000,67000,2021-03-25,,,,,,
노원구,11350,10400,하계동,271-3,11350-70,벽산,,70.56,13,1988,80200,2021-03-03,,,,,,
노원구,11350,10500,상계동,451,11350-47,한신2차,,58.46,10,1988,50000,2021-03-29,,,,,,
노원구,11350,10200,월계동,780,11350-150,청백3,,49.77,9,1998,44470,2021-03-26,,,,,,
노원구,11350,10500,상계동,626,11350-34,상계주공14(고층),,45.55,3,1989,51600,2021-03-10,,,,,,
노원구,11350,10200,월계동,320-11,11350-141,사슴3,,33.18,5,1995,35100,2021-03-20,,,,,,
노원구,11350,10200,월계동,13,11350-140,미성,,50.14,8,1986,78000,2021-03-13,,,,,,
노원구,11350,10200,월계동,556,11350-149,주공2,,44.52,15,1992,40000,2021-03-24,,,,,,
노원구,11350,10400,하계동,271-3,11350-67,건영,,53.14,1,1988,50000,2021-03-25,,,,,,
노원구,11350,10200,월계동,951,11350-2280,월계센트럴아이파크,,84.99,16,2020,125000,2021-03-10,,,,,,
노원구,11350,10500,상계동,624,11350-35,상계주공16(고층),,45.77,5,1988,52500,2021-03-02,,,,,,
노원구,11350,10500,상계동,1281,11350-45,코오롱,,84.9,14,1997,83500,2021-03-18,,,,,,
노원구,11350,10500,상계동,720,11350-40,상계주공6(고층),,58.01,8,1988,81900,2021-03-22,,,,,,
노원구,11350,10600,중계동,364-12,11350-115,주공6,,44.1,5,1993,49500,2021-03-15,,,,,,
노원구,11350,10400,하계동,273,11350-72,장미(시영6),,54.29,8,1989,61000,2021-03-05,,,,,,
노원구,11350,10300,공릉동,108,11350-177,우방아파트,,61.151,5,2000,59000,2021-03-12,,,,,,
노원구,11350,10300,공릉동,743,11350-184,공릉동한보에센시티아파트,,59.4,14,2000,59000,2021-03-05,,,,,,
노원구,11350,10400,하계동,271-3,11350-67,건영,,84.93,6,1988,89500,2021-03-03,,,,,,
노원구,11350,10400,하계동,271-3,11350-68,극동,,70.56,12,1988,77000,2021-03-18,,,,,,
노원구,11350,10500,상계동,1276,11350-62,청암2단지,,49.77,11,2001,50000,2021-03-20,,,,,,
노원구,11350,10600,중계동,580,11350-100,성원1,,59.75,1,1996,72000,2021-03-06,,,,,,
노원구,11350,10600,중계동,360-16,11350-111,주공10,,58.14,8,1995,78500,2021-03-06,,,,,,
노원구,11350,10400,하계동,280,11350-69,미성,,84.94,13,1989,90500,2021-03-02,,,,,,
노원구,11350,10300,공릉동,106,11350-190,공릉해링턴플레이스,,134.914,4,2000,116000,2021-03-10,,,,,,
노원구,11350,10200,월계동,924,11350-152,초안2,,39.6,8,1997,31700,2021-03-22,,,,,,
노원구,11350,10300,공릉동,575-24,11350-233,라메즈아파트,,83.03,5,2004,49000,2021-03-20,,,,,,
노원구,11350,10600,중계동,598,11350-429,한화꿈에그린,,84.902,2,2005,90000,2021-03-02,,,,,,
노원구,11350,10400,하계동,274,11350-73,청솔(시영7),,39.78,4,1989,46600,2021-03-06,,,,,,
노원구,11350,10300,공릉동,715,11350-173,시영3차(라이프)아파트,,39.6,9,1994,42000,2021-03-03,,,,,,
노원구,11350,10300,공릉동,715,11350-173,시영3차(라이프)아파트,,49.5,14,1994,54000,2021-03-13,,,,,,
노원구,11350,10300,공릉동,106,11350-190,공릉해링턴플레이스,,99.917,5,2000,94850,2021-03-24,,,,,,
노원구,11350,10500,상계동,1305,11350-214,동양엔파트,,84.88,12,2003,92800,2021-03-01,,,,,,
노원구,11350,10200,월계동,13,11350-140,미성,,50.14,10,1986,78000,2021-03-10,,,,,,
노원구,11350,10400,하계동,274,11350-73,청솔(시영7),,49.85,13,1989,56500,2021-03-11,,,,,,
노원구,11350,10500,상계동,666,11350-30,상계주공10(고층),,49.94,6,1988,62700,2021-03-08,,,,,,
노원구,11350,10500,상계동,107-980,11350-259,불암신기101동,,60.16,5,2002,46500,2021-03-25,,,,,,
노원구,11350,10600,중계동,502-1,11350-120,중계그린1단지,,49.5,2,1990,58800,2021-03-04,,,,,,
노원구,11350,10600,중계동,360-16,11350-111,주공10,,58.14,11,1995,78000,2021-03-06,,,,,,
노원구,11350,10600,중계동,580,11350-100,성원1,,134.78,8,1996,130000,2021-03-02,,,,,,
노원구,11350,10600,중계동,364,11350-105,동진신안,,134.74,7,1993,160000,2021-03-02,,,,,,
노원구,11350,10600,중계동,360-16,11350-111,주공10,,58.14,5,1995,76700,2021-03-06,,,,,,
노원구,11350,10300,공릉동,715,11350-173,시영3차(라이프)아파트,,34.44,8,1994,38000,2021-03-16,,,,,,
노원구,11350,10400,하계동,353,11350-74,우방,,59.74,2,1999,51300,2021-03-15,,,,,,
노원구,11350,10500,상계동,463,11350-24,상계신동아,,84.99,8,1995,62000,2021-03-18,,,,,,
노원구,11350,10500,상계동,637,11350-33,상계주공13(고층),,45.9,7,1989,45500,2021-03-12,,,,,,
노원구,11350,10300,공릉동,81,11350-182,태강아파트(아이파크),,59.34,12,1999,64700,2021-03-11,,,,,,
노원구,11350,10500,상계동,720,11350-40,상계주공6(고층),,59.2,5,1988,77700,2021-03-05,,,,,,
노원구,11350,10500,상계동,1276,11350-62,청암2단지,,49.77,12,2001,50000,2021-03-12,,,,,,
노원구,11350,10200,월계동,556,11350-149,주공2,,38.64,6,1992,38000,2021-03-06,,,,,,
노원구,11350,10500,상계동,1255,11350-19,은빛1단지,,39.69,5,1998,37500,2021-03-20,,,,,,
노원구,11350,10400,하계동,284,11350-81,한신1,,27,12,1988,35000,2021-03-01,,,,,,
노원구,11350,10200,월계동,320-11,11350-141,사슴3,,33.18,6,1995,34900,2021-03-06,,,,,,
노원구,11350,10600,중계동,359-1,11350-114,주공5,,44.94,11,1992,51000,2021-03-06,,,,,,
노원구,11350,10600,중계동,505,11350-99,상아,,51.29,13,1989,61000,2021-03-02,,,,,,
노원구,11350,10200,월계동,940,11350-423,동원베네스트,,84.607,5,2005,69000,2021-03-17,,,,,,
노원구,11350,10400,하계동,288,11350-79,하계2현대,,84.896,1,1997,88000,2021-03-24,,,,,,
노원구,11350,10600,중계동,369,11350-112,주공2,,44.52,8,1992,45300,2021-03-24,,,,,,
노원구,11350,10400,하계동,271-3,11350-67,건영,,45.55,14,1988,46800,2021-03-13,,,,,,
노원구,11350,10500,상계동,1277,11350-22,수락한신,,59.95,1,1997,50000,2021-03-11,,,,,,
노원구,11350,10200,월계동,13,11350-140,미성,,50.14,10,1986,77000,2021-03-11,,,,,,
노원구,11350,10200,월계동,320-11,11350-141,사슴3,,39.6,4,1995,44300,2021-03-06,,,,,,
노원구,11350,10200,월계동,947,11350-1734,롯데캐슬루나,,84.9852,2,2006,85000,2021-03-01,,,,,,
노원구,11350,10200,월계동,942,11350-1663,월계역신도브래뉴,,59.8587,5,2005,60000,2021-03-06,,,,,,
노원구,11350,10400,하계동,274,11350-73,청솔(시영7),,49.85,4,1989,57000,2021-03-19,,,,,,
노원구,11350,10300,공릉동,707,11350-160,시영2단지(라이프)아파트,,39.6,15,1994,41500,2021-03-07,,,,,,
노원구,11350,10300,공릉동,727,11350-209,풍림아파트B,,31.32,5,2001,35000,2021-03-16,,,,,,
노원구,11350,10500,상계동,173-1,11350-10,벽산,,46.8,3,1989,37000,2021-03-04,,,,,,
노원구,11350,10600,중계동,502-1,11350-120,중계그린1단지,,49.5,1,1990,53000,2021-03-05,,,,,,
노원구,11350,10500,상계동,740,11350-36,상계주공2(고층),,32.39,3,1987,50000,2021-03-08,,,,,,
노원구,11350,10400,하계동,288,11350-79,하계2현대,,84.51,13,1997,95800,2021-03-06,,,,,,
노원구,11350,10300,공릉동,81,11350-182,태강아파트(아이파크),,49.6,7,1999,55000,2021-03-18,,,,,,
노원구,11350,10600,중계동,359-1,11350-114,주공5,,44.52,14,1992,50000,2021-03-13,,,,,,
노원구,11350,10300,공릉동,715,11350-173,시영3차(라이프)아파트,,34.44,1,1994,35000,2021-03-13,,,,,,
노원구,11350,10400,하계동,274,11350-73,청솔(시영7),,39.92,12,1989,47500,2021-03-01,,,,,,
노원구,11350,10300,공릉동,109,11350-169,비선아파트,,48.6,12,1999,51000,2021-03-06,,,,,,
노원구,11350,10600,중계동,502-1,11350-120,중계그린1단지,,39.78,6,1990,51000,2021-03-08,,,,,,
노원구,11350,10200,월계동,322-1,11350-146,성원(사슴4),,39.6,3,1995,40000,2021-03-01,,,,,,
노원구,11350,10300,공릉동,389-13,11350-179,임성아파트,,56.55,3,1997,45000,2021-03-06,,,,,,
노원구,11350,10500,상계동,730-2,11350-37,상계주공3(고층),,58.01,13,1987,79000,2021-03-05,,,,,,
노원구,11350,10300,공릉동,109,11350-169,비선아파트,,48.6,1,1999,42500,2021-03-04,,,,,,
노원구,11350,10200,월계동,781,11350-151,청백4,,39.84,15,1998,30000,2021-03-01,,,,,,
노원구,11350,10500,상계동,1256,11350-20,은빛2단지,,39.7,2,1998,37000,2021-03-12,,,,,,
노원구,11350,10300,공릉동,715,11350-173,시영3차(라이프)아파트,,49.5,5,1994,55500,2021-03-13,,,,,,
노원구,11350,10500,상계동,720,11350-40,상계주공6(고층),,58.01,13,1988,83000,2021-03-13,,,,,,
노원구,11350,10200,월계동,930,11350-157,우남그랜드,,84.73,5,2001,78200,2021-03-02,,,,,,
노원구,11350,10300,공릉동,715,11350-173,시영3차(라이프)아파트,,34.44,12,1994,34200,2021-03-13,,,,,,
노원구,11350,10300,공릉동,108,11350-177,우방아파트,,84.881,14,2000,79500,2021-03-02,,,,,,
노원구,11350,10500,상계동,740,11350-36,상계주공2(고층),,59.39,5,1987,69500,2021-03-13,,,,,,
노원구,11350,10200,월계동,18,11350-133,한진한화그랑빌,,114.97,5,2002,115000,2021-03-06,,,,,,
노원구,11350,10600,중계동,361-1,11350-110,롯데우성,,115.26,8,1993,137000,2021-03-17,,,,,,
노원구,11350,10300,공릉동,707,11350-160,시영2단지(라이프)아파트,,34.44,5,1994,37000,2021-03-04,,,,,,
노원구,11350,10500,상계동,173-1,11350-10,벽산,,46.8,13,1989,44300,2021-03-09,,,,,,
노원구,11350,10200,월계동,556,11350-149,주공2,,44.52,14,1992,41000,2021-03-15,,,,,,
노원구,11350,10500,상계동,173-1,11350-10,벽산,,43.35,13,1989,39000,2021-03-10,,,,,,
노원구,11350,10300,공릉동,737,11350-172,삼익포레스트아파트,,51.03,2,1995,47700,2021-03-03,,,,,,
노원구,11350,10500,상계동,1110,11350-28,두산,,58.65,5,1994,52250,2021-03-04,,,,,,
노원구,11350,10500,상계동,1285,11350-6,동아불암,,59.4,16,1999,52000,2021-03-12,,,,,,
노원구,11350,10600,중계동,502-1,11350-120,중계그린1단지,,49.5,1,1990,54500,2021-03-04,,,,,,
노원구,11350,10500,상계동,691,11350-41,상계주공7(고층),,45.9,12,1988,55000,2021-03-12,,,,,,
노원구,11350,10300,공릉동,715,11350-173,시영3차(라이프)아파트,,39.6,11,1994,40900,2021-03-02,,,,,,
노원구,11350,10500,상계동,1293,11350-14,불암현대,,59.4,10,1999,52500,2021-03-01,,,,,,
노원구,11350,10500,상계동,458,11350-48,한신3차,,84.59,12,1990,58000,2021-03-10,,,,,,
노원구,11350,10600,중계동,359-1,11350-114,주공5,,44.52,6,1992,52000,2021-03-03,,,,,,
노원구,11350,10500,상계동,1301,11350-66,상계대림e편한세상,,83.87,1,2002,63000,2021-03-04,,,,,,
노원구,11350,10300,공릉동,714,11350-171,삼익4단지아파트,,59.04,9,1994,56400,2021-03-05,,,,,,
노원구,11350,10600,중계동,505,11350-99,상아,,72.73,15,1989,75000,2021-03-01,,,,,,
노원구,11350,10600,중계동,359-1,11350-114,주공5,,58.46,8,1992,80000,2021-03-03,,,,,,
노원구,11350,10500,상계동,1313,11350-1826,수락리버시티4단지,,84.81,6,2009,72000,2021-03-08,,,,,,
노원구,11350,10300,공릉동,725,11350-183,풍림아파트A,,84.99,2,2001,86500,2021-03-03,,,,,,
노원구,11350,10500,상계동,637,11350-33,상계주공13(고층),,45.9,6,1989,46900,2021-03-02,,,,,,
노원구,11350,10200,월계동,320-11,11350-141,사슴3,,39.6,14,1995,43800,2021-03-04,,,,,,
노원구,11350,10500,상계동,670,11350-43,상계주공9(고층),,61.52,9,1988,71000,2021-03-01,,,,,,
노원구,11350,10500,상계동,1255,11350-19,은빛1단지,,59.95,1,1998,48000,2021-03-05,,,,,,
노원구,11350,10300,공릉동,670-6,11350-2231,미라쉘,,17.58,9,2018,20000,2021-03-05,,,,,,
노원구,11350,10200,월계동,950,11350-2194,녹천역두산위브아파트,,59.7828,4,2017,78000,2021-03-03,,,,,,
노원구,11350,10200,월계동,436,11350-137,동신,,71.83,6,1983,69800,2021-03-02,,,,,,
노원구,11350,10600,중계동,103,11350-94,동진,,47.61,5,1988,24000,2021-03-02,,,,,,
노원구,11350,10500,상계동,749-5,11350-38,상계주공4(고층),,32.39,2,1988,46800,2021-03-01,,,,,,
은평구,11380,10600,대조동,9-19,11380-10081,모아아파트(103동),,42.51,7,2015,34000,2021-03-20,,,,,,
은평구,11380,10900,신사동,372,11380-10944,응암역효성해링턴플레이스,,75.72,11,2019,93800,2021-03-20,,,,,,
은평구,11380,10600,대조동,4-6,11380-9604,정익제이원,,41.08,13,2014,37300,2021-03-14,,,,,,
은평구,11380,10700,응암동,769,11380-11078,녹번역e편한세상캐슬,,59.97,2,2021,108500,2021-03-18,,,,,,
은평구,11380,10600,대조동,9-21,11380-9385,모아아파트(101동),,51.12,10,2013,36500,2021-03-10,,,,,,
은평구,11380,11400,진관동,107,11380-8489,마고정3단지센트레빌(310~322동)BL2-3,,167.13,15,2009,151000,2021-03-23,,,,,,
은평구,11380,10900,신사동,372,11380-10944,응암역효성해링턴플레이스,,71.93,13,2019,87000,2021-03-27,,,,,,
은평구,11380,10700,응암동,113-27,11380-55,상아,,73.67,4,2002,38400,2021-03-06,,,,,,
은평구,11380,11000,증산동,223-28,11380-8471,DMC자이2단지,,115.61,13,2009,124500,2021-03-06,,,,,,
은평구,11380,10600,대조동,4-8,11380-9811,대조리치빌III,,32.24,8,2014,25000,2021-03-29,,,,,,
은평구,11380,10300,불광동,248,11380-11,라이프미성,,84.65,14,1988,88000,2021-03-14,,,,,,
은평구,11380,10700,응암동,122-4,11380-196,명남래희안(122-4),,67.36,5,2001,44500,2021-03-06,,,,,,
은평구,11380,10700,응암동,759,11380-9190,백련산힐스테이트1차,,84.49,7,2011,103500,2021-03-17,,,,,,
은평구,11380,10900,신사동,19-147,11380-10994,승윤노블리안,,57.997,8,2019,46500,2021-03-31,,,,,,
은평구,11380,10200,녹번동,283,11380-11015,래미안베라힐즈,,59.99,17,2019,109800,2021-03-27,,,,,,
은평구,11380,10600,대조동,6-26,11380-9708,정익제이원,,40.51,9,2014,36200,2021-03-18,,,,,,
은평구,11380,10900,신사동,355,11380-105,현대2,,84.83,7,1994,64400,2021-03-19,,,,,,
은평구,11380,10700,응암동,714,11380-53,경남,,74.21,1,1995,44000,2021-03-27,,,,,,
은평구,11380,10500,구산동,224,11380-247,경남아너스빌,,84.69,19,2004,60800,2021-03-27,,,,,,
은평구,11380,10900,신사동,354,11380-67,라이프씨티,,83.04,5,1992,53000,2021-03-29,,,,,,
은평구,11380,10700,응암동,111-48,11380-113,프라임팰리스,,71.16,11,2003,45000,2021-03-30,,,,,,
은평구,11380,10700,응암동,197-78,11380-57,신동아,,52.71,9,1990,46000,2021-03-27,,,,,,
은평구,11380,10600,대조동,9-40,11380-9203,해오름시티,,19.34,12,2012,14500,2021-03-24,,,,,,
은평구,11380,11000,증산동,162-21,11380-87,자선메르시안(162-21),,76.66,7,2002,80000,2021-03-30,,,,,,
은평구,11380,10600,대조동,15-114,11380-9933,정익제이원아파트(15-114),,26.65,10,2015,25000,2021-03-26,,,,,,
은평구,11380,11400,진관동,64,11380-10517,힐데스하임,,42.24,11,2017,49500,2021-03-27,,,,,,
은평구,11380,10400,갈현동,267-1,11380-27,라이프시티,,79.11,11,1991,50000,2021-03-20,,,,,,
은평구,11380,10300,불광동,248,11380-11,라이프미성,,84.65,7,1988,92500,2021-03-27,,,,,,
은평구,11380,10400,갈현동,539,11380-35,한솔,,39.96,10,1997,24700,2021-03-23,,,,,,
은평구,11380,11400,진관동,88,11380-8506,우물골2단지두산위브(209~222동)BL2-8,,84.49,10,2009,89900,2021-03-29,,,,,,
은평구,11380,10500,구산동,225,11380-7688,한국프라우드,,70.35,2,2005,39800,2021-03-02,,,,,,
은평구,11380,11400,진관동,60,11380-10714,은평뉴타운솔하임,,45.034,20,2017,55000,2021-03-27,,,,,,
은평구,11380,10200,녹번동,280-1,11380-6,녹번JR아파트,,59.866,9,2002,65500,2021-03-27,,,,,,
은평구,11380,10700,응암동,764,11380-10719,백련산힐스테이트4차,,84.98,17,2018,116000,2021-03-20,,,,,,
은평구,11380,10300,불광동,645,11380-10903,불광롯데캐슬,,84.99,16,2018,110000,2021-03-16,,,,,,
은평구,11380,11400,진관동,60,11380-10714,은평뉴타운솔하임,,45.034,20,2017,55000,2021-03-27,O,21.04.19,,,,
은평구,11380,11400,진관동,5,11380-8021,상림마을6단지푸르지오(622~629동)BL1-5,,134.96,7,2008,113500,2021-03-21,,,,,,
은평구,11380,10800,역촌동,32-3,11380-125,명남뉴(32-3),,77.03,5,2004,44500,2021-03-30,,,,,,
은평구,11380,10700,응암동,762,11380-9567,녹번역센트레빌,,84.9,1,2013,88000,2021-03-17,,,,,,
은평구,11380,11400,진관동,10,11380-8171,상림마을7단지아이파크(730~742동)BL1-14,,101.94,7,2008,92000,2021-03-24,,,,,,
은평구,11380,10700,응암동,763,11380-10357,모아아파트,,52.54,4,2016,51500,2021-03-20,,,,,,
은평구,11380,10500,구산동,224,11380-247,경남아너스빌,,84.69,15,2004,68250,2021-03-13,,,,,,
은평구,11380,10600,대조동,186-12,11380-10570,정익제이원6차,,29.95,7,2017,29400,2021-03-30,,,,,,
은평구,11380,10300,불광동,633,11380-263,북한산현대홈타운,,84.9956,9,2004,94500,2021-03-18,,,,,,
은평구,11380,11000,증산동,244,11380-84,DMC우방,,59.91,18,2000,75900,2021-03-13,,,,,,
은평구,11380,10900,신사동,354,11380-67,라이프씨티,,59.32,5,1992,49000,2021-03-24,,,,,,
은평구,11380,10200,녹번동,282,11380-10967,힐스테이트녹번,,59.9,7,2019,109700,2021-03-13,,,,,,
은평구,11380,11400,진관동,60,11380-10714,은평뉴타운솔하임,,45.034,11,2017,50000,2021-03-17,,,,,,
은평구,11380,10500,구산동,382,11380-24,갈현현대,,59.94,15,1998,49980,2021-03-18,,,,,,
은평구,11380,10600,대조동,6-13,11380-9292,예가크레시아,,49.8,10,2012,37500,2021-03-13,,,,,,
은평구,11380,10200,녹번동,141-8,11380-8437,동호스카이,,56.77,8,2009,47000,2021-03-16,,,,,,
은평구,11380,10700,응암동,761,11380-9188,백련산힐스테이트3차,,84.59,6,2011,100000,2021-03-13,,,,,,
은평구,11380,10800,역촌동,45-30,11380-149,디케이,,84.6,5,2003,40500,2021-03-22,,,,,,
은평구,11380,10800,역촌동,231,11380-115,한국리치빌,,84.2164,2,2003,59900,2021-03-27,,,,,,
은평구,11380,10300,불광동,633,11380-263,북한산현대홈타운,,59.9765,5,2004,80000,2021-03-19,,,,,,
은평구,11380,10900,신사동,354,11380-67,라이프씨티,,83.04,7,1992,52250,2021-03-17,,,,,,
은평구,11380,10800,역촌동,31-6,11380-8464,아그네스풍림아이원,,103.87,5,2009,63000,2021-03-26,,,,,,
은평구,11380,10600,대조동,231,11380-51,삼성타운,,84.82,1,1997,59000,2021-03-17,,,,,,
은평구,11380,10600,대조동,231,11380-51,삼성타운,,59.4,10,1997,59500,2021-03-25,,,,,,
은평구,11380,10300,불광동,636,11380-7808,북한산한양수자인아파트,,84.97,13,2006,70500,2021-03-13,,,,,,
은평구,11380,10300,불광동,635,11380-8104,북한산힐스테이트1차아파트,,59.817,2,2009,82500,2021-03-10,,,,,,
은평구,11380,10400,갈현동,538,11380-30,미미,,84.9,6,1997,71600,2021-03-13,,,,,,
은평구,11380,10600,대조동,4-6,11380-9604,정익제이원,,41.08,8,2014,35200,2021-03-19,,,,,,
은평구,11380,10800,역촌동,31-6,11380-8464,아그네스풍림아이원,,103.87,4,2009,61000,2021-03-20,,,,,,
은평구,11380,11400,진관동,83,11380-8505,우물골2단지두산위브(204~208동)BL2-5,,59.37,5,2009,81000,2021-03-27,,,,,,
은평구,11380,10700,응암동,590-23,11380-10932,디우아르떼,,39.44,8,2019,37000,2021-03-18,,,,,,
은평구,11380,10600,대조동,9-14,11380-9641,주주베에이,,12.25,10,2014,12500,2021-03-27,,,,,,
은평구,11380,10600,대조동,197-1,11380-11027,유진아이디움,,14.03,12,2019,17600,2021-03-09,,,,,,
은평구,11380,10600,대조동,15-58,11380-11087,서경아파트(15-58),,24.91,14,2020,42400,2021-03-08,,,,,,
은평구,11380,10100,수색동,415-1,11380-100,e편한세상 수색 에코포레,,59.895,9,2003,78000,2021-03-04,,,,,,
은평구,11380,10700,응암동,122-4,11380-196,명남래희안(122-4),,67.36,4,2001,44300,2021-03-04,,,,,,
은평구,11380,10700,응암동,694-1,11380-58,우성,,115.67,6,1988,69300,2021-03-10,,,,,,
은평구,11380,10700,응암동,116-17,11380-111,서강스카이빌2,,84.87,10,2003,63000,2021-03-12,,,,,,
은평구,11380,10300,불광동,638,11380-8699,북한산래미안아파트(1단지),,84.9885,12,2010,99000,2021-03-10,,,,,,
은평구,11380,10900,신사동,372,11380-10944,응암역효성해링턴플레이스,,71.99,8,2019,85700,2021-03-01,,,,,,
은평구,11380,11400,진관동,140,11380-8599,폭포동4단지힐스테이트(408~422동)BL3-9,,166.96,11,2010,150000,2021-03-27,,,,,,
은평구,11380,10400,갈현동,468-5,11380-10502,베로니스,,52.1,10,2017,53000,2021-03-13,,,,,,
은평구,11380,10100,수색동,75,11380-8443,DMC자이1단지,,134.91,3,2009,107000,2021-03-09,,,,,,
은평구,11380,10600,대조동,231,11380-51,삼성타운,,59.4,9,1997,56000,2021-03-22,,,,,,
은평구,11380,10200,녹번동,279-1,11380-3,해주드림빌,,78.8,3,2001,65000,2021-03-09,,,,,,
은평구,11380,11000,증산동,173-1,11380-9047,디오반,,14.46,2,2011,12600,2021-03-30,,,,,,
은평구,11380,10700,응암동,742-3,11380-54,남청파인힐,,55.14,15,2001,43000,2021-03-21,,,,,,
은평구,11380,10900,신사동,140-1,11380-66,미성,,83.27,6,1987,74000,2021-03-06,,,,,,
은평구,11380,10500,구산동,382,11380-24,갈현현대,,59.94,12,1998,46000,2021-03-03,,,,,,
은평구,11380,10600,대조동,9-21,11380-9385,모아아파트(101동),,51.12,7,2013,23000,2021-03-15,,,,,,
은평구,11380,11400,진관동,5,11380-8021,상림마을6단지푸르지오(622~629동)BL1-5,,84.79,1,2008,79000,2021-03-26,,,,,,
은평구,11380,10800,역촌동,31-6,11380-8464,아그네스풍림아이원,,103.87,3,2009,57550,2021-03-18,,,,,,
은평구,11380,10700,응암동,738,11380-60,해태드림타운,,59.18,5,1997,40500,2021-03-16,,,,,,
은평구,11380,10800,역촌동,31-6,11380-8464,아그네스풍림아이원,,102.88,4,2009,58560,2021-03-13,,,,,,
은평구,11380,10300,불광동,484-56,11380-10114,정익제이원(4차),,27.92,14,2015,26000,2021-03-25,O,21.04.02,,,,
은평구,11380,10200,녹번동,282,11380-10967,힐스테이트녹번,,59.938,2,2019,100000,2021-03-05,,,,,,
은평구,11380,10400,갈현동,539,11380-35,한솔,,84.93,11,1997,50000,2021-03-17,,,,,,
은평구,11380,11400,진관동,94,11380-8670,은평뉴타운 제각말 푸르지오(5-3단지),,84.89,1,2010,88000,2021-03-04,,,,,,
은평구,11380,10700,응암동,119-15,11380-191,자선메르시안(119-15),,63.41,6,2003,37700,2021-03-11,,,,,,
은평구,11380,10700,응암동,176,11380-7855,응암푸르지오,,84.2,3,2008,79000,2021-03-01,,,,,,
은평구,11380,10300,불광동,71-16,11380-257,북한산대창센시티,,59.85,2,2004,65300,2021-03-06,,,,,,
은평구,11380,10900,신사동,7-11,11380-8516,개성하이뷰,,80.53,7,2009,46500,2021-03-03,,,,,,
은평구,11380,10300,불광동,346-3,11380-20,금상아파트,,84.95,4,2002,53000,2021-03-05,,,,,,
은평구,11380,10400,갈현동,542-1,11380-37,현재트윈빌,,170.1,1,2000,73000,2021-03-10,,,,,,
은평구,11380,10200,녹번동,282,11380-10967,힐스테이트녹번,,59.938,14,2019,112000,2021-03-16,,,,,,
은평구,11380,10300,불광동,645,11380-10903,불광롯데캐슬,,84.99,5,2018,112000,2021-03-16,,,,,,
은평구,11380,10700,응암동,96-18,11380-189,경향렉스빌,,74.895,12,2004,62000,2021-03-06,,,,,,
은평구,11380,10300,불광동,645,11380-10903,불광롯데캐슬,,84.98,17,2018,119000,2021-03-07,,,,,,
은평구,11380,10300,불광동,633,11380-263,북한산현대홈타운,,59.9765,10,2004,85000,2021-03-05,,,,,,
은평구,11380,10600,대조동,6-17,11380-9318,미래하임,,32.79,10,2012,28400,2021-03-09,,,,,,
은평구,11380,10200,녹번동,280-1,11380-6,녹번JR아파트,,59.866,1,2002,60000,2021-03-01,,,,,,
은평구,11380,10600,대조동,6-26,11380-9708,정익제이원,,26.37,7,2014,25000,2021-03-16,,,,,,
은평구,11380,11000,증산동,244,11380-84,DMC우방,,84.99,2,2000,89000,2021-03-01,,,,,,
은평구,11380,10500,구산동,159-10,11380-7732,브라운스톤구산,,84.89,1,2006,64500,2021-03-15,,,,,,
은평구,11380,10300,불광동,241-23,11380-16,신우아파트,,59.97,7,1995,45000,2021-03-13,,,,,,
은평구,11380,10400,갈현동,468-5,11380-10502,베로니스,,52.1,9,2017,53000,2021-03-04,,,,,,
은평구,11380,10600,대조동,186-12,11380-10570,정익제이원6차,,29.17,14,2017,30000,2021-03-20,,,,,,
은평구,11380,11400,진관동,81,11380-8503,우물골2단지두산위브(245~255동)BL2-6,,101.42,1,2009,105000,2021-03-10,,,,,,
은평구,11380,11400,진관동,84,11380-8515,우물골2단지두산위브(223~244동)BL2-7,,167.71,2,2010,122500,2021-03-05,,,,,,
은평구,11380,10600,대조동,4-8,11380-9811,대조리치빌III,,30.02,6,2014,33000,2021-03-06,,,,,,
은평구,11380,11000,증산동,254,11380-254,DMC문영퀸즈파크아파트,,84.97,14,2004,60000,2021-03-18,,,,,,
은평구,11380,10500,구산동,25-53,11380-401,우신,,61.23,5,1995,21500,2021-03-02,,,,,,
은평구,11380,10300,불광동,643,11380-8922,북한산힐스테이트7차,,84.947,7,2011,117000,2021-03-17,,,,,,
은평구,11380,10600,대조동,186-12,11380-10570,정익제이원6차,,29.95,6,2017,30600,2021-03-13,,,,,,
은평구,11380,10600,대조동,6-26,11380-9708,정익제이원,,40.51,11,2014,35300,2021-03-02,,,,,,
은평구,11380,11400,진관동,60,11380-10714,은평뉴타운솔하임,,45.034,10,2017,54500,2021-03-07,,,,,,
은평구,11380,11000,증산동,223-28,11380-8471,DMC자이2단지,,115.61,2,2009,124500,2021-03-06,O,21.05.21,,,,
은평구,11380,10100,수색동,416-1,11380-173,DMC 진흥,,57.5033,2,2003,64000,2021-03-04,,,,,,
은평구,11380,10300,불광동,633,11380-263,북한산현대홈타운,,59.9765,8,2004,81500,2021-03-01,,,,,,
은평구,11380,10900,신사동,371,11380-9151,은평신사두산위브2차,,84.99,6,2011,78400,2021-03-11,,,,,,
은평구,11380,11400,진관동,150,11380-9862,은평뉴타운기자촌11단지,,84.94,3,2015,85000,2021-03-09,,,,,,
은평구,11380,11400,진관동,101,11380-8391,박석고개1단지힐스테이트(101~111동)BL2-12,,84.72,13,2009,103500,2021-03-20,,,,,,
은평구,11380,10300,불광동,8-51,11380-142,월드그린,,83.43,5,2003,41000,2021-03-08,,,,,,
은평구,11380,11400,진관동,88,11380-8506,우물골2단지두산위브(209~222동)BL2-8,,84.43,13,2009,88500,2021-03-01,,,,,,
은평구,11380,10700,응암동,109-3,11380-56,서강스카이빌,,150.37,10,2001,70000,2021-03-19,,,,,,
은평구,11380,10600,대조동,186-12,11380-10570,정익제이원6차,,28.65,13,2017,29800,2021-03-05,,,,,,
은평구,11380,10500,구산동,23-30,11380-137,동양,,73.41,7,2004,42500,2021-03-06,,,,,,
은평구,11380,11400,진관동,6,11380-8022,상림마을7단지아이파크(702~705동)BL1-4,,84.83,4,2008,85600,2021-03-08,,,,,,
은평구,11380,10700,응암동,197-78,11380-57,신동아,,52.71,12,1990,47500,2021-03-09,,,,,,
은평구,11380,10700,응암동,669-1,11380-109,대주피오레,,145.77,11,2003,108000,2021-03-13,,,,,,
은평구,11380,10100,수색동,415-1,11380-100,e편한세상 수색 에코포레,,84.951,13,2003,90000,2021-03-06,,,,,,
은평구,11380,10900,신사동,372,11380-10944,응암역효성해링턴플레이스,,71.99,3,2019,85500,2021-03-14,,,,,,
은평구,11380,10700,응암동,176,11380-7855,응암푸르지오,,114.92,6,2008,89000,2021-03-01,,,,,,
은평구,11380,10200,녹번동,281,11380-10020,북한산푸르지오,,84.99,11,2015,127000,2021-03-02,,,,,,
은평구,11380,11400,진관동,150,11380-9862,은평뉴타운기자촌11단지,,84.94,3,2015,85000,2021-03-09,O,21.03.15,,,,
은평구,11380,10200,녹번동,282,11380-10967,힐스테이트녹번,,84.9,12,2019,137700,2021-03-05,,,,,,
은평구,11380,11400,진관동,19,11380-8028,상림마을8단지롯데캐슬(810~820동)BL1-1,,101.61,4,2008,108000,2021-03-10,,,,,,
은평구,11380,10300,불광동,637,11380-8696,북한산래미안아파트(2단지),,59.9932,15,2010,84000,2021-03-03,,,,,,
은평구,11380,10900,신사동,360,11380-70,신사성원,,59.94,17,2000,54300,2021-03-02,,,,,,
은평구,11380,10700,응암동,88-8,11380-9791,응암아네스트,,15.4961,12,2014,13500,2021-03-10,,,,,,
은평구,11380,11400,진관동,150,11380-9862,은평뉴타운기자촌11단지,,59.88,4,2015,78000,2021-03-09,,,,,,
은평구,11380,10300,불광동,484-56,11380-10114,정익제이원(4차),,24.2,10,2015,24000,2021-03-02,,,,,,
은평구,11380,10900,신사동,229-24,11380-9946,미래하임(아파트),,44.49,2,2015,28000,2021-03-12,,,,,,
은평구,11380,10300,불광동,635,11380-8104,북한산힐스테이트1차아파트,,84.369,2,2009,83800,2021-03-06,,,,,,
은평구,11380,10600,대조동,6-26,11380-9708,정익제이원,,26.37,14,2014,26500,2021-03-04,,,,,,
서대문구,11410,11100,홍제동,157-68,11410-45,광산,,70.64,6,1973,34450,2021-03-25,,,,,,
서대문구,11410,11200,대현동,144,11410-22,신촌럭키,,59.7,9,1999,87700,2021-03-20,,,,,,
서대문구,11410,11000,북아현동,1-422,11410-3542,비버리힐,,110.9,2,2005,73000,2021-03-28,,,,,,
서대문구,11410,11900,북가좌동,3-71,11410-110,대성,,82.84,1,2002,34700,2021-03-27,,,,,,
서대문구,11410,10800,영천동,100,11410-9,독립문삼호,,84.78,5,1995,106000,2021-03-30,,,,,,
서대문구,11410,12000,남가좌동,376,11410-104,남가좌동현대,,73.65,19,1999,95500,2021-03-30,,,,,,
서대문구,11410,11800,홍은동,440-3,11410-92,풍림1차,,56.61,11,1988,56800,2021-03-27,,,,,,
서대문구,11410,11100,홍제동,460,11410-60,인왕산현대,,59.93,1,2000,75000,2021-03-22,,,,,,
서대문구,11410,11000,북아현동,1013,11410-4619,e편한세상신촌1단지,,84.93,10,2018,152500,2021-03-27,,,,,,
서대문구,11410,11900,북가좌동,488,11410-4768,대경아르체,,28.36,6,2018,31500,2021-03-28,,,,,,
서대문구,11410,11100,홍제동,461,11410-71,홍제삼성래미안,,32.76,1,2001,48000,2021-03-22,,,,,,
서대문구,11410,11800,홍은동,454,11410-77,극동,,84.92,4,1995,56000,2021-03-28,,,,,,
서대문구,11410,11900,북가좌동,449,11410-106,북가좌삼호,,84.57,9,1996,88000,2021-03-21,,,,,,
서대문구,11410,11800,홍은동,439-1,11410-4377,홍은동아더프라임,,59.8736,13,2014,65800,2021-03-23,,,,,,
서대문구,11410,10900,현저동,200,11410-10,독립문극동(200-0),,114.51,21,1998,144300,2021-03-20,,,,,,
서대문구,11410,11800,홍은동,산11-244,11410-3755,세한숲속마을,,83.91,14,2002,63000,2021-03-18,,,,,,
서대문구,11410,12000,남가좌동,385,11410-4479,DMC파크뷰자이1단지,,84.974,18,2015,148000,2021-03-27,,,,,,
서대문구,11410,11800,홍은동,440-3,11410-92,풍림1차,,56.61,5,1988,52000,2021-03-24,,,,,,
서대문구,11410,11800,홍은동,392-1,11410-3656,베벌리힐즈,,236.92,3,2006,156000,2021-03-18,,,,,,
서대문구,11410,11800,홍은동,202-5,11410-95,"현대(1,2차)",,59.97,11,1988,63000,2021-03-27,,,,,,
서대문구,11410,11800,홍은동,202-5,11410-95,"현대(1,2차)",,73.98,7,1988,68000,2021-03-20,,,,,,
서대문구,11410,11100,홍제동,82,11410-67,홍제한양,,60.06,9,1993,74000,2021-03-27,,,,,,
서대문구,11410,12000,남가좌동,388,11410-4762,DMC센트럴아이파크,,84.9,5,2018,135700,2021-03-31,,,,,,
서대문구,11410,11900,북가좌동,449,11410-106,북가좌삼호,,84.57,5,1996,85500,2021-03-27,,,,,,
서대문구,11410,11700,연희동,740,11410-30,성원,,84.95,2,2001,79800,2021-03-16,,,,,,
서대문구,11410,10200,충정로3가,189-8,11410-3,미동,,77.63,4,1969,42000,2021-03-28,O,21.07.12,,,,
서대문구,11410,11100,홍제동,157-68,11410-45,광산,,52.53,5,1973,29300,2021-03-27,,,,,,
서대문구,11410,11100,홍제동,331,11410-68,홍제현대,,75.15,2,1992,81500,2021-03-15,,,,,,
서대문구,11410,11000,북아현동,1013,11410-4619,e편한세상신촌1단지,,59.85,8,2018,135000,2021-03-20,,,,,,
서대문구,11410,11100,홍제동,468,11410-3599,홍제비콘드림힐,,84.946,3,2006,69700,2021-03-27,,,,,,
서대문구,11410,11100,홍제동,459,11410-73,홍제원현대(459-0),,84.9,7,2000,102000,2021-03-13,,,,,,
서대문구,11410,11000,북아현동,187-12,11410-149,북아현2차,,104.8,2,2001,59000,2021-03-16,,,,,,
서대문구,11410,11100,홍제동,473,11410-4769,홍제센트럴IPARK,,84.9644,10,2020,133000,2021-03-27,,,,,,
서대문구,11410,11800,홍은동,22,11410-89,유원,,64.26,4,1987,55000,2021-03-19,,,,,,
서대문구,11410,11100,홍제동,82,11410-67,홍제한양,,120.14,14,1993,103000,2021-03-27,,,,,,
서대문구,11410,11700,연희동,708-4,11410-37,홍연,,52.23,4,1981,29300,2021-03-17,,,,,,
서대문구,11410,12000,남가좌동,377,11410-102,DMC래미안클라시스,,59.93,6,2000,84700,2021-03-20,,,,,,
서대문구,11410,11800,홍은동,455,11410-85,홍은동벽산,,58.64,8,1997,63000,2021-03-25,,,,,,
서대문구,11410,11800,홍은동,439-1,11410-4377,홍은동아더프라임,,59.8736,3,2014,64800,2021-03-27,,,,,,
서대문구,11410,12000,남가좌동,381,11410-3900,DMC센트레빌,,59.95,4,2009,98000,2021-03-20,,,,,,
서대문구,11410,11900,북가좌동,481,11410-4085,DMC래미안e편한세상,,84.95,5,2012,137000,2021-03-13,,,,,,
서대문구,11410,11200,대현동,144,11410-22,신촌럭키,,83.38,5,1999,95000,2021-03-20,,,,,,
서대문구,11410,11800,홍은동,453-2,11410-93,풍림2,,58.5,1,1990,56500,2021-03-27,,,,,,
서대문구,11410,11800,홍은동,455,11410-85,홍은동벽산,,114.96,8,1997,92000,2021-03-27,,,,,,
서대문구,11410,11100,홍제동,463,11410-49,문화촌현대,,59.94,3,2002,64500,2021-03-20,,,,,,
서대문구,11410,12000,남가좌동,385,11410-4479,DMC파크뷰자이1단지,,59.977,10,2015,122000,2021-03-13,,,,,,
서대문구,11410,12000,남가좌동,377,11410-102,DMC래미안클라시스,,84.9,1,2000,91500,2021-03-10,,,,,,
서대문구,11410,11100,홍제동,457,11410-46,남양,,83.07,4,1999,77700,2021-03-08,,,,,,
서대문구,11410,11100,홍제동,453,11410-63,청구1차,,84.78,15,1994,90200,2021-03-26,,,,,,
서대문구,11410,12000,남가좌동,385,11410-4479,DMC파크뷰자이1단지,,84.98,20,2015,149000,2021-03-16,,,,,,
서대문구,11410,11100,홍제동,461,11410-71,홍제삼성래미안,,114.75,9,2001,120000,2021-03-14,,,,,,
서대문구,11410,11200,대현동,145,11410-3713,예스에이피엠,,63.41,12,2007,54800,2021-03-13,,,,,,
서대문구,11410,12000,남가좌동,385,11410-4480,DMC파크뷰자이2단지,,84.968,2,2015,130500,2021-03-30,,,,,,
서대문구,11410,11800,홍은동,456,11410-82,두산,,59.61,15,1997,64500,2021-03-17,,,,,,
서대문구,11410,11900,북가좌동,481,11410-4085,DMC래미안e편한세상,,84.92,11,2012,134000,2021-03-19,,,,,,
서대문구,11410,10600,천연동,145,11410-3569,천연뜨란채,,75.42,1,2006,92000,2021-03-19,,,,,,
서대문구,11410,11100,홍제동,465,11410-59,인왕산벽산,,84.63,14,2003,84000,2021-03-31,,,,,,
서대문구,11410,11800,홍은동,455,11410-85,홍은동벽산,,114.96,7,1997,94800,2021-03-27,,,,,,
서대문구,11410,11900,북가좌동,481,11410-4085,DMC래미안e편한세상,,84.93,9,2012,100000,2021-03-23,,,,,,
서대문구,11410,11100,홍제동,459,11410-73,홍제원현대(459-0),,114.72,4,2000,115000,2021-03-29,,,,,,
서대문구,11410,11900,북가좌동,3-33,11410-311,성암,,51.3,7,2003,22400,2021-03-19,,,,,,
서대문구,11410,10900,현저동,200,11410-10,독립문극동(200-0),,59.58,15,1998,95000,2021-03-10,,,,,,
서대문구,11410,12000,남가좌동,387,11410-4634,디엠씨엘가,,30.36,10,2017,33500,2021-03-23,,,,,,
서대문구,11410,10200,충정로3가,465,11410-141,충정리시온,,45.75,13,2004,53200,2021-03-25,,,,,,
서대문구,11410,11100,홍제동,460,11410-60,인왕산현대,,114.72,5,2000,101500,2021-03-05,,,,,,
서대문구,11410,11800,홍은동,464,11410-4702,북한산더샵,,84.956,7,2017,120000,2021-03-20,,,,,,
서대문구,11410,11000,북아현동,1013,11410-4617,e편한세상신촌3단지,,84.93,12,2018,162000,2021-03-13,,,,,,
서대문구,11410,11800,홍은동,8-26,11410-91,초원,,49.26,3,1988,20000,2021-03-10,,,,,,
서대문구,11410,11800,홍은동,393-2,11410-3554,신원지벤스타5,,134.18,3,2005,73000,2021-03-17,,,,,,
서대문구,11410,11100,홍제동,453,11410-63,청구1차,,84.78,4,1994,95000,2021-03-20,,,,,,
서대문구,11410,12000,남가좌동,385,11410-4479,DMC파크뷰자이1단지,,59.992,6,2015,115000,2021-03-13,,,,,,
서대문구,11410,11100,홍제동,463,11410-49,문화촌현대,,84.99,19,2002,85000,2021-03-27,,,,,,
서대문구,11410,11100,홍제동,453,11410-63,청구1차,,84.78,6,1994,95500,2021-03-13,,,,,,
서대문구,11410,10300,합동,118,11410-3838,에스케이뷰,,84.98,6,2008,114000,2021-03-20,,,,,,
서대문구,11410,11100,홍제동,462,11410-65,청구3차,,59.4,5,2001,74500,2021-03-15,,,,,,
서대문구,11410,11900,북가좌동,481,11410-4085,DMC래미안e편한세상,,59.97,9,2012,109200,2021-03-19,,,,,,
서대문구,11410,11800,홍은동,195-8,11410-174,강림스위트빌(A동),,74.58,2,2003,22700,2021-03-02,,,,,,
서대문구,11410,11100,홍제동,461,11410-71,홍제삼성래미안,,60,11,2001,70000,2021-03-12,,,,,,
서대문구,11410,11900,북가좌동,467,11410-3743,DMC서부인터빌,,59.93,9,2008,67500,2021-03-13,,,,,,
서대문구,11410,11000,북아현동,1009,11410-13,두산,,59.96,3,1999,82000,2021-03-06,,,,,,
서대문구,11410,11000,북아현동,1009,11410-13,두산,,59.96,2,1999,79000,2021-03-13,,,,,,
서대문구,11410,11800,홍은동,455,11410-85,홍은동벽산,,142.98,12,1997,102000,2021-03-23,,,,,,
서대문구,11410,11900,북가좌동,481,11410-4085,DMC래미안e편한세상,,59.97,8,2012,115000,2021-03-16,,,,,,
서대문구,11410,11900,북가좌동,456,11410-3608,DMC휴먼빌아파트,,114.53,11,2008,92000,2021-03-14,,,,,,
서대문구,11410,11900,북가좌동,304-10,11410-191,청솔하이츠1동,,79.26,3,2004,50000,2021-03-26,,,,,,
서대문구,11410,11900,북가좌동,481,11410-4085,DMC래미안e편한세상,,84.92,18,2012,135000,2021-03-20,,,,,,
서대문구,11410,11100,홍제동,459,11410-73,홍제원현대(459-0),,84.9,12,2000,105000,2021-03-06,,,,,,
서대문구,11410,11100,홍제동,459,11410-73,홍제원현대(459-0),,59.93,5,2000,84500,2021-03-06,,,,,,
서대문구,11410,12000,남가좌동,385,11410-4482,DMC파크뷰자이4단지,,59.981,8,2015,107700,2021-03-05,,,,,,
서대문구,11410,11000,북아현동,1013,11410-4619,e편한세상신촌1단지,,84.95,3,2018,147200,2021-03-24,,,,,,
서대문구,11410,11100,홍제동,82,11410-67,홍제한양,,60.06,11,1993,73500,2021-03-10,,,,,,
서대문구,11410,11800,홍은동,202-5,11410-95,"현대(1,2차)",,59.97,9,1988,61000,2021-03-13,,,,,,
서대문구,11410,11600,창천동,511-5,11410-164,래디앙,,132.16,4,2003,88000,2021-03-17,,,,,,
서대문구,11410,11100,홍제동,460,11410-60,인왕산현대,,114.72,2,2000,99850,2021-03-23,,,,,,
서대문구,11410,10600,천연동,145,11410-3569,천연뜨란채,,57.78,7,2006,83000,2021-03-04,,,,,,
서대문구,11410,11800,홍은동,440-3,11410-92,풍림1차,,64.53,3,1988,53000,2021-03-06,,,,,,
서대문구,11410,11100,홍제동,461,11410-71,홍제삼성래미안,,32.76,4,2001,50000,2021-03-15,,,,,,
서대문구,11410,12000,남가좌동,389,11410-4818,DMC에코자이,,84.978,18,2019,145000,2021-03-02,,,,,,
서대문구,11410,12000,남가좌동,385,11410-4479,DMC파크뷰자이1단지,,84.968,10,2015,132500,2021-03-09,,,,,,
서대문구,11410,12000,남가좌동,381,11410-3900,DMC센트레빌,,84.98,4,2009,109500,2021-03-01,,,,,,
서대문구,11410,12000,남가좌동,377,11410-102,DMC래미안클라시스,,59.93,12,2000,88250,2021-03-01,,,,,,
서대문구,11410,11800,홍은동,455,11410-85,홍은동벽산,,58.64,15,1997,58000,2021-03-13,,,,,,
서대문구,11410,12000,남가좌동,377,11410-102,DMC래미안클라시스,,84.9,8,2000,100800,2021-03-01,,,,,,
서대문구,11410,11800,홍은동,22,11410-89,유원,,54.54,12,1987,30000,2021-03-16,,,,,,
서대문구,11410,11800,홍은동,22,11410-89,유원,,84.6,5,1987,60000,2021-03-01,,,,,,
서대문구,11410,12000,남가좌동,385,11410-4479,DMC파크뷰자이1단지,,84.98,12,2015,147800,2021-03-06,,,,,,
서대문구,11410,11900,북가좌동,68-3,11410-304,주은스카이빌,,199.08,10,2000,73000,2021-03-08,,,,,,
서대문구,11410,11000,북아현동,1009,11410-13,두산,,59.96,12,1999,88000,2021-03-06,,,,,,
서대문구,11410,11200,대현동,90-70,11410-4847,파라타워,,15.792,5,2020,22700,2021-03-15,,,,,,
서대문구,11410,11100,홍제동,460,11410-60,인왕산현대,,114.72,14,2000,114500,2021-03-01,,,,,,
서대문구,11410,11200,대현동,144,11410-22,신촌럭키,,83.38,6,1999,95000,2021-03-11,,,,,,
서대문구,11410,11100,홍제동,471,11410-4537,금호어울림,,59.18,10,2016,87000,2021-03-04,,,,,,
서대문구,11410,11100,홍제동,460,11410-60,인왕산현대,,114.72,9,2000,117000,2021-03-08,,,,,,
서대문구,11410,11800,홍은동,454,11410-77,극동,,84.92,12,1995,57000,2021-03-06,,,,,,
서대문구,11410,11800,홍은동,467,11410-4813,북한산두산위브,,84.98,3,2020,89800,2021-03-06,,,,,,
서대문구,11410,11700,연희동,89-9,11410-32,연화,,78.88,3,1975,49800,2021-03-11,,,,,,
서대문구,11410,11600,창천동,510-2,11410-4202,3RU-City,,17.19,4,2013,20000,2021-03-09,,,,,,
서대문구,11410,11600,창천동,510-2,11410-4202,3RU-City,,16.93,3,2013,17000,2021-03-02,,,,,,
마포구,11440,10200,공덕동,457,11440-175,공덕3삼성래미안,,114.98,17,2004,170000,2021-03-12,,,,,,
마포구,11440,12500,성산동,446,11440-169,성산시영(대우),,50.03,11,1986,98000,2021-03-23,,,,,,
마포구,11440,10200,공덕동,30-10,11440-5776,솔리스타,,14.29,16,2018,18000,2021-03-30,,,,,,
마포구,11440,10100,아현동,777,11440-5406,마포래미안푸르지오2단지,,84.3884,15,2014,184800,2021-03-30,,,,,,
마포구,11440,11100,신수동,91-511,11440-5002,(91-511),,47.37,7,2011,45500,2021-03-27,,,,,,
마포구,11440,10700,마포동,253,11440-30,마포쌍용황금아파트,,59.9,13,2000,93000,2021-03-25,,,,,,
마포구,11440,10300,신공덕동,172,11440-4887,펜트라우스,,152.85,2,2011,197000,2021-03-29,,,,,,
마포구,11440,12500,성산동,254-8,11440-4161,현대하이츠아파트,,84.7,7,2007,65000,2021-03-29,,,,,,
마포구,11440,10200,공덕동,464,11440-3934,래미안공덕4차,,83.42,12,2005,152000,2021-03-25,,,,,,
마포구,11440,10100,아현동,777,11440-5406,마포래미안푸르지오2단지,,59.9236,7,2014,149000,2021-03-26,,,,,,
마포구,11440,10300,신공덕동,159,11440-8,신공덕래미안2차,,59.48,6,2000,101000,2021-03-27,,,,,,
마포구,11440,10400,도화동,550,11440-15,삼성,,84.985,3,1997,131500,2021-03-21,,,,,,
마포구,11440,10100,아현동,777,11440-5406,마포래미안푸르지오2단지,,59.9796,2,2014,149500,2021-03-20,,,,,,
마포구,11440,10400,도화동,555,11440-177,한화오벨리스크,,59,14,2004,77800,2021-03-21,,,,,,
마포구,11440,12600,중동,392,11440-122,마포중동현대,,84.9,16,2001,99000,2021-03-27,,,,,,
마포구,11440,12000,서교동,487,11440-3901,대우미래사랑,,57.36,3,2005,46000,2021-03-22,,,,,,
마포구,11440,10900,염리동,521,11440-147,마포자이,,157.304,10,2003,207000,2021-03-19,,,,,,
마포구,11440,11100,신수동,459,11440-4706,밤섬경남아너스빌,,84.83,12,2009,134500,2021-03-25,,,,,,
마포구,11440,12000,서교동,487,11440-3901,대우미래사랑,,68.11,5,2005,64000,2021-03-29,,,,,,
마포구,11440,10100,아현동,780,11440-5634,애오개아이파크,,30.01,9,2016,53700,2021-03-25,,,,,,
마포구,11440,10100,아현동,777,11440-5410,마포래미안푸르지오4단지,,59.9656,6,2014,158000,2021-03-25,,,,,,
마포구,11440,11100,신수동,453,11440-129,대원칸타빌,,143.656,11,2004,150000,2021-03-20,,,,,,
마포구,11440,12200,합정동,473,11440-5606,마포한강2차푸르지오,,83.45,17,2016,164000,2021-03-15,,,,,,
마포구,11440,12500,성산동,446,11440-168,성산시영(선경),,50.54,10,1986,105000,2021-03-15,,,,,,
마포구,11440,12300,망원동,497,11440-93,대림2,,59.99,13,2002,88000,2021-03-20,,,,,,
마포구,11440,12700,상암동,1655,11440-4038,상암월드컵파크4단지,,84.89,26,2006,128500,2021-03-13,,,,,,
마포구,11440,12500,성산동,446,11440-169,성산시영(대우),,50.03,11,1986,100000,2021-03-23,O,21.05.07,,,,
마포구,11440,10300,신공덕동,171,11440-4876,kcc웰츠,,106.27,21,2011,154000,2021-03-17,,,,,,
마포구,11440,10900,염리동,520,11440-34,염리삼성래미안,,59.52,12,2001,114900,2021-03-27,,,,,,
마포구,11440,11100,신수동,462,11440-5823,마포아이파크포레,,59.751,9,2019,148880,2021-03-20,,,,,,
마포구,11440,10500,용강동,380,11440-23,마포용강삼성래미안,,84.2,12,2003,158000,2021-03-16,,,,,,
마포구,11440,10800,대흥동,804,11440-5348,마포자이2차,,118.56,14,2014,205000,2021-03-09,,,,,,
마포구,11440,12600,중동,392,11440-122,마포중동현대,,84.9,17,2001,100000,2021-03-21,,,,,,
마포구,11440,10400,도화동,555,11440-177,한화오벨리스크,,75.72,28,2004,90000,2021-03-13,,,,,,
마포구,11440,10500,용강동,501,11440-178,대림2차,,118.86,5,2004,155000,2021-03-11,,,,,,
마포구,11440,10500,용강동,501,11440-178,대림2차,,84.88,20,2004,155500,2021-03-11,,,,,,
마포구,11440,12600,중동,392,11440-122,마포중동현대,,59.88,8,2001,81000,2021-03-12,,,,,,
마포구,11440,12300,망원동,509,11440-204,휴먼빌,,59.943,11,2004,78500,2021-03-10,,,,,,
마포구,11440,11100,신수동,456,11440-4078,마포경남아너스빌,,84.95,2,2007,110000,2021-03-16,,,,,,
마포구,11440,12000,서교동,487,11440-3901,대우미래사랑,,34.29,4,2005,26850,2021-03-31,,,,,,
마포구,11440,12300,망원동,494,11440-92,삼성화원,,89.55,12,2002,92000,2021-03-09,,,,,,
마포구,11440,11100,신수동,459,11440-4706,밤섬경남아너스빌,,84.9,7,2009,132500,2021-03-13,,,,,,
마포구,11440,10100,아현동,777,11440-5408,마포래미안푸르지오3단지,,59.9236,4,2014,146300,2021-03-11,,,,,,
마포구,11440,10400,도화동,555,11440-177,한화오벨리스크,,38.08,3,2004,50500,2021-03-20,,,,,,
마포구,11440,10300,신공덕동,161,11440-10,신공덕래미안3차,,59.96,17,2003,122000,2021-03-20,,,,,,
마포구,11440,12400,연남동,259-1,11440-94,대명,,59.99,13,1995,73000,2021-03-12,,,,,,
마포구,11440,11600,하중동,101,11440-4715,한강밤섬자이,,118.28,5,2010,190000,2021-03-21,,,,,,
마포구,11440,10400,도화동,82,11440-17,우성,,128.315,7,1991,149000,2021-03-20,,,,,,
마포구,11440,11100,신수동,453,11440-129,대원칸타빌,,117.183,6,2004,155000,2021-03-10,,,,,,
마포구,11440,10200,공덕동,457,11440-175,공덕3삼성래미안,,84.98,13,2004,160000,2021-03-29,,,,,,
마포구,11440,11000,노고산동,107-36,11440-37,현대벤처빌,,41.96,13,2002,30000,2021-03-04,,,,,,
마포구,11440,11200,현석동,220,11440-42,밤섬힐스테이트,,84.84,18,1999,148000,2021-03-19,,,,,,
마포구,11440,11100,신수동,459,11440-4706,밤섬경남아너스빌,,84.83,7,2009,133000,2021-03-13,,,,,,
마포구,11440,10100,아현동,777,11440-5408,마포래미안푸르지오3단지,,84.9603,1,2014,190000,2021-03-20,,,,,,
마포구,11440,11500,상수동,402,11440-5428,래미안밤섬리베뉴Ⅰ,,59.99,6,2014,136000,2021-03-12,,,,,,
마포구,11440,11100,신수동,462,11440-5823,마포아이파크포레,,111.024,17,2019,232000,2021-03-30,,,,,,
마포구,11440,10100,아현동,780,11440-5634,애오개아이파크,,30.01,5,2016,53500,2021-03-27,,,,,,
마포구,11440,10400,도화동,353,11440-19,현대홈타운,,59.17,2,2000,102500,2021-03-11,,,,,,
마포구,11440,12000,서교동,487,11440-3901,대우미래사랑,,34.29,6,2005,27500,2021-03-29,,,,,,
마포구,11440,10300,신공덕동,167,11440-4071,대우메트로디오빌,,23.63,28,2005,32000,2021-03-27,,,,,,
마포구,11440,10400,도화동,559,11440-3993,마포트라팰리스,,97.6,10,2006,139500,2021-03-27,,,,,,
마포구,11440,12400,연남동,573,11440-146,코오롱,,150.048,15,2003,135000,2021-03-13,,,,,,
마포구,11440,10200,공덕동,371,11440-4,공덕1삼성래미안,,84.94,8,1999,148500,2021-03-13,,,,,,
마포구,11440,11500,상수동,398,11440-5427,래미안밤섬리베뉴Ⅱ,,59.99,7,2014,136000,2021-03-08,,,,,,
마포구,11440,10300,신공덕동,159,11440-8,신공덕래미안2차,,59.48,16,2000,100000,2021-03-06,,,,,,
마포구,11440,12300,망원동,509,11440-204,휴먼빌,,59.955,9,2004,78500,2021-03-13,,,,,,
마포구,11440,10300,신공덕동,159,11440-8,신공덕래미안2차,,84.73,7,2000,125000,2021-03-20,,,,,,
마포구,11440,10200,공덕동,371,11440-4,공덕1삼성래미안,,84.94,23,1999,148000,2021-03-20,,,,,,
마포구,11440,11100,신수동,445-5,11440-41,현대,,84.47,4,1996,104250,2021-03-06,,,,,,
마포구,11440,12300,망원동,468-18,11440-195,세광,,68.88,5,2004,48700,2021-03-08,,,,,,
마포구,11440,12200,합정동,466,11440-63,장미(466-0),,83.9,5,2000,69500,2021-03-23,,,,,,
마포구,11440,10400,도화동,564,11440-4611,마포동원베네스트,,83.33,3,2010,112000,2021-03-06,,,,,,
마포구,11440,11500,상수동,398,11440-5427,래미안밤섬리베뉴Ⅱ,,84.82,5,2014,155000,2021-03-06,,,,,,
마포구,11440,12400,연남동,573,11440-146,코오롱,,84.936,1,2003,94500,2021-03-09,,,,,,
마포구,11440,10800,대흥동,12-41,11440-5381,서희스타힐스,,12.85,14,2014,22000,2021-03-28,,,,,,
마포구,11440,12200,합정동,396-8,11440-166,리버아인,,84.36,2,2003,66000,2021-03-23,,,,,,
마포구,11440,12700,상암동,1660,11440-3927,상암월드컵파크7단지,,84.45,11,2005,125000,2021-03-16,,,,,,
마포구,11440,11400,창전동,449,11440-5818,마포웨스트리버태영데시앙,,59.804,13,2019,124700,2021-03-07,,,,,,
마포구,11440,12200,합정동,381-16,11440-4027,KCC엠파이어리버,,156.13,12,2006,135000,2021-03-05,,,,,,
마포구,11440,11100,신수동,457,11440-4155,벽산솔렌스힐,,84.9619,5,2007,114000,2021-03-02,,,,,,
마포구,11440,12700,상암동,1660,11440-3927,상암월드컵파크7단지,,84.9,2,2005,116000,2021-03-06,,,,,,
마포구,11440,12600,중동,392,11440-122,마포중동현대,,59.88,20,2001,88700,2021-03-05,,,,,,
마포구,11440,11100,신수동,459,11440-4706,밤섬경남아너스빌,,84.83,13,2009,140000,2021-03-06,,,,,,
마포구,11440,12400,연남동,573,11440-146,코오롱,,114.88,3,2003,119000,2021-03-13,,,,,,
마포구,11440,11400,창전동,439,11440-149,신촌태영데시앙,,84.97,10,2003,117900,2021-03-01,,,,,,
마포구,11440,10400,도화동,82,11440-17,우성,,79.97,6,1991,119500,2021-03-02,,,,,,
마포구,11440,10900,염리동,520,11440-34,염리삼성래미안,,59.52,1,2001,99000,2021-03-06,,,,,,
마포구,11440,12000,서교동,487,11440-3901,대우미래사랑,,33.8,11,2005,27000,2021-03-06,,,,,,
마포구,11440,10200,공덕동,30-10,11440-5776,솔리스타,,14.29,15,2018,17700,2021-03-16,,,,,,
마포구,11440,12500,성산동,601,11440-118,성산월드타운대림,,84.549,2,2004,96000,2021-03-05,,,,,,
마포구,11440,10100,아현동,777,11440-5407,마포래미안푸르지오1단지,,84.8919,7,2014,184500,2021-03-06,,,,,,
마포구,11440,12300,망원동,470-1,11440-196,몬드리안,,83.46,6,2004,76000,2021-03-13,,,,,,
마포구,11440,11500,상수동,396,11440-213,상수두산위브,,84.79,14,2004,116100,2021-03-06,O,21.07.14,,,,
마포구,11440,11200,현석동,225,11440-5559,래미안웰스트림,,59.96,2,2016,130000,2021-03-04,,,,,,
마포구,11440,12200,합정동,474,11440-5673,합정한강아파트,,52.62,5,2017,69500,2021-03-06,,,,,,
마포구,11440,12400,연남동,573,11440-146,코오롱,,102.158,9,2003,109250,2021-03-13,,,,,,
마포구,11440,11100,신수동,445-5,11440-41,현대,,84.47,5,1996,103500,2021-03-13,,,,,,
마포구,11440,10400,도화동,550,11440-15,삼성,,84.985,11,1997,146500,2021-03-02,,,,,,
마포구,11440,11100,신수동,462,11440-5823,마포아이파크포레,,111.024,17,2019,235000,2021-03-07,O,21.03.30,,,,
마포구,11440,10400,도화동,555,11440-177,한화오벨리스크,,59,22,2004,76000,2021-03-18,,,,,,
마포구,11440,10200,공덕동,188-108,11440-6,마포현대,,59.95,11,1988,100000,2021-03-13,,,,,,
마포구,11440,10400,도화동,555,11440-177,한화오벨리스크,,38.08,9,2004,52900,2021-03-06,,,,,,
마포구,11440,11500,상수동,402,11440-5428,래미안밤섬리베뉴Ⅰ,,84.99,15,2014,165000,2021-03-16,,,,,,
마포구,11440,10300,신공덕동,161,11440-10,신공덕래미안3차,,59.96,10,2003,116800,2021-03-06,,,,,,
마포구,11440,11200,현석동,225,11440-5559,래미안웰스트림,,84.9,7,2016,166000,2021-03-07,,,,,,
마포구,11440,10900,염리동,515-1,11440-33,상록,,58.71,21,1997,92000,2021-03-05,,,,,,
마포구,11440,12500,성산동,446,11440-169,성산시영(대우),,50.03,11,1986,101500,2021-03-08,,,,,,
마포구,11440,12300,망원동,521,11440-5759,마포한강아이파크,,84.5533,15,2019,143800,2021-03-01,,,,,,
마포구,11440,11000,노고산동,107-36,11440-37,현대벤처빌,,27.9,16,2002,22000,2021-03-11,,,,,,
마포구,11440,10400,도화동,555,11440-177,한화오벨리스크,,38.88,14,2004,52700,2021-03-11,,,,,,
마포구,11440,12500,성산동,23-1,11440-172,해피존2,,82.78,4,2005,58500,2021-03-05,,,,,,
마포구,11440,11000,노고산동,107-36,11440-37,현대벤처빌,,41.96,13,2002,29500,2021-03-07,O,21.04.05,,,,
마포구,11440,10400,도화동,357,11440-12,도화동현대,,128.26,5,1996,148000,2021-03-03,,,,,,
마포구,11440,11000,노고산동,107-36,11440-37,현대벤처빌,,31.57,11,2002,24700,2021-03-04,,,,,,
마포구,11440,12300,망원동,509,11440-204,휴먼빌,,59.955,6,2004,80000,2021-03-03,,,,,,
마포구,11440,12300,망원동,521,11440-5759,마포한강아이파크,,84.5533,3,2019,135000,2021-03-05,,,,,,
마포구,11440,11400,창전동,440,11440-3890,창전동현대홈타운,,84.978,13,2005,128000,2021-03-01,,,,,,
양천구,11470,10300,신월동,1043,11470-3946,길훈엔트런스빌,,58.89,3,2005,42200,2021-03-20,,,,,,
양천구,11470,10200,목동,903,11470-19,목동신시가지3,,116.12,8,1986,240000,2021-03-30,,,,,,
양천구,11470,10100,신정동,311,11470-119,목동신시가지10,,156.87,1,1987,255000,2021-03-30,,,,,,
양천구,11470,10200,목동,911,11470-22,목동신시가지6,,47.94,4,1986,131000,2021-03-30,,,,,,
양천구,11470,10300,신월동,142-14,11470-4322,금하뜨라네,,84.83,3,2016,40000,2021-03-12,,,,,,
양천구,11470,10200,목동,925,11470-23,목동신시가지7,,64.4,1,1986,164800,2021-03-31,,,,,,
양천구,11470,10300,신월동,350-2,11470-86,신안파크,,47.6,5,1987,39000,2021-03-30,,,,,,
양천구,11470,10100,신정동,1278,11470-132,목동삼성,,114.93,16,1996,164000,2021-03-27,,,,,,
양천구,11470,10200,목동,966,11470-5595,목동에버하임,,41.06,10,2019,41000,2021-03-29,,,,,,
양천구,11470,10300,신월동,56-6,11470-278,청남,,59.19,2,2003,29000,2021-03-27,,,,,,
양천구,11470,10300,신월동,607-1,11470-72,동방,,27.69,14,1999,16000,2021-03-31,,,,,,
양천구,11470,10100,신정동,314,11470-124,목동신시가지8,,54.94,5,1987,130000,2021-03-27,,,,,,
양천구,11470,10300,신월동,1055,11470-4743,신정두산위브,,75.63,3,2012,98500,2021-03-27,,,,,,
양천구,11470,10100,신정동,329,11470-123,목동신시가지14,,55.02,14,1987,115000,2021-03-31,,,,,,
양천구,11470,10300,신월동,591-1,11470-85,신안약수,,68,7,1985,60500,2021-03-31,,,,,,
양천구,11470,10100,신정동,312,11470-125,목동신시가지9,,126.53,1,1987,209000,2021-03-26,,,,,,
양천구,11470,10100,신정동,1285,11470-170,푸른마을4,,84.99,4,2002,75000,2021-03-23,,,,,,
양천구,11470,10300,신월동,1077,11470-5629,목동센트럴아이파크위브3단지,,84.98,8,2020,125000,2021-03-26,,,,,,
양천구,11470,10200,목동,950,11470-4014,목동이-편한세상,,134.77,5,2006,160500,2021-03-27,,,,,,
양천구,11470,10300,신월동,350-3,11470-92,우정,,62.24,5,1988,26000,2021-03-24,,,,,,
양천구,11470,10200,목동,908-34,11470-30,부영3,,83.9,24,2000,140000,2021-03-30,,,,,,
양천구,11470,10100,신정동,311,11470-119,목동신시가지10,,70.2,3,1987,155000,2021-03-18,,,,,,
양천구,11470,10100,신정동,326,11470-121,목동신시가지12,,71.64,12,1988,159000,2021-03-20,,,,,,
양천구,11470,10300,신월동,341-1,11470-67,길훈,,49.32,2,1987,38500,2021-03-30,,,,,,
양천구,11470,10100,신정동,1259,11470-138,신트리1,,49.8,5,1999,63500,2021-03-25,,,,,,
양천구,11470,10300,신월동,218-12,11470-284,동도하이츠,,84.96,4,2004,31000,2021-03-19,,,,,,
양천구,11470,10100,신정동,1278,11470-132,목동삼성,,114.93,2,1996,147000,2021-03-25,,,,,,
양천구,11470,10300,신월동,128,11470-98,태헌(신월프라자),,56.97,10,1999,21700,2021-03-21,,,,,,
양천구,11470,10100,신정동,334,11470-142,쌍용,,84.63,12,1992,109000,2021-03-27,,,,,,
양천구,11470,10100,신정동,201-1,11470-4241,세양청마루2차주상복합,,84.42,6,2008,68000,2021-03-27,,,,,,
양천구,11470,10300,신월동,1029,11470-332,신도신월1차,,84.85,13,2004,79000,2021-03-18,,,,,,
양천구,11470,10100,신정동,1252,11470-154,현대,,84.14,8,1995,102000,2021-03-27,,,,,,
양천구,11470,10100,신정동,1259,11470-138,신트리1,,49.8,8,1999,63500,2021-03-27,,,,,,
양천구,11470,10100,신정동,334,11470-142,쌍용,,84.63,8,1992,106500,2021-03-20,,,,,,
양천구,11470,10200,목동,902,11470-18,목동신시가지2,,97.92,11,1986,210000,2021-03-30,,,,,,
양천구,11470,10100,신정동,327,11470-122,목동신시가지13,,151.76,6,1987,245000,2021-03-18,,,,,,
양천구,11470,10100,신정동,326,11470-121,목동신시가지12,,56.76,1,1988,128500,2021-03-15,,,,,,
양천구,11470,10100,신정동,917-10,11470-341,장미,,74.03,2,1996,40000,2021-03-29,,,,,,
양천구,11470,10300,신월동,987-1,11470-83,신월시영,,50.67,9,1988,66000,2021-03-27,,,,,,
양천구,11470,10300,신월동,1043,11470-3946,길훈엔트런스빌,,59.89,4,2005,43000,2021-03-23,,,,,,
양천구,11470,10300,신월동,222-7,11470-89,신월성원,,59.94,8,1996,38500,2021-03-23,,,,,,
양천구,11470,10300,신월동,350-2,11470-86,신안파크,,47.6,3,1987,36800,2021-03-31,,,,,,
양천구,11470,10300,신월동,1077,11470-5629,목동센트럴아이파크위브3단지,,52.85,2,2020,76000,2021-03-27,,,,,,
양천구,11470,10200,목동,911,11470-22,목동신시가지6,,47.94,19,1986,137000,2021-03-18,,,,,,
양천구,11470,10100,신정동,1306,11470-4015,세양청마루,,84.98,5,2006,95000,2021-03-19,,,,,,
양천구,11470,10300,신월동,987-1,11470-83,신월시영,,43.2,7,1988,60000,2021-03-22,,,,,,
양천구,11470,10100,신정동,1293,11470-153,학마을1단지,,49.99,12,2000,53000,2021-03-15,,,,,,
양천구,11470,10200,목동,549,11470-7,목동금호베스트빌,,96.83,9,2002,98500,2021-03-14,,,,,,
양천구,11470,10100,신정동,336,11470-147,청구,,84.99,16,1992,108000,2021-03-20,,,,,,
양천구,11470,10100,신정동,1283,11470-151,푸른마을3,,59.99,3,2001,59950,2021-03-27,,,,,,
양천구,11470,10100,신정동,327,11470-122,목동신시가지13,,122.3,12,1987,215000,2021-03-17,,,,,,
양천구,11470,10100,신정동,1326,11470-5691,래미안목동아델리체(101동~118동),,84.94,15,2021,165000,2021-03-11,O,21.05.10,,,,
양천구,11470,10100,신정동,1283,11470-151,푸른마을3,,59.91,8,2001,60000,2021-03-16,,,,,,
양천구,11470,10200,목동,905-22,11470-24,목동트윈빌,,112.73,15,2000,150000,2021-03-20,,,,,,
양천구,11470,10100,신정동,1303,11470-182,대림e-편한세상,,84.985,4,2004,89500,2021-03-05,,,,,,
양천구,11470,10200,목동,904,11470-20,목동신시가지4,,115.65,13,1986,227500,2021-03-23,,,,,,
양천구,11470,10200,목동,901,11470-17,목동신시가지1,,47.52,10,1985,116000,2021-03-16,,,,,,
양천구,11470,10100,신정동,312,11470-125,목동신시가지9,,71.37,14,1987,164100,2021-03-13,,,,,,
양천구,11470,10100,신정동,1303,11470-182,대림e-편한세상,,104.466,3,2004,99500,2021-03-20,,,,,,
양천구,11470,10100,신정동,327,11470-122,목동신시가지13,,70.73,1,1987,154000,2021-03-15,,,,,,
양천구,11470,10300,신월동,142-14,11470-4322,금하뜨라네,,84.94,4,2016,34800,2021-03-13,,,,,,
양천구,11470,10100,신정동,1326,11470-5691,래미안목동아델리체(101동~118동),,84.72,17,2021,160000,2021-03-13,,,,,,
양천구,11470,10100,신정동,1259,11470-138,신트리1,,49.8,8,1999,65000,2021-03-13,,,,,,
양천구,11470,10200,목동,901,11470-17,목동신시가지1,,51.48,15,1985,127000,2021-03-27,,,,,,
양천구,11470,10200,목동,966,11470-5595,목동에버하임,,41.06,3,2019,42000,2021-03-19,,,,,,
양천구,11470,10300,신월동,987-1,11470-83,신월시영,,43.2,3,1988,40000,2021-03-25,,,,,,
양천구,11470,10100,신정동,334,11470-142,쌍용,,84.65,6,1992,106000,2021-03-11,,,,,,
양천구,11470,10100,신정동,1293,11470-153,학마을1단지,,49.99,3,2000,56800,2021-03-20,,,,,,
양천구,11470,10200,목동,966,11470-5595,목동에버하임,,39.82,3,2019,44000,2021-03-08,,,,,,
양천구,11470,10200,목동,903,11470-19,목동신시가지3,,64.98,2,1986,161000,2021-03-11,,,,,,
양천구,11470,10100,신정동,1293,11470-153,학마을1단지,,49.99,6,2000,53800,2021-03-31,,,,,,
양천구,11470,10100,신정동,1019-4,11470-234,동림,,74.3,4,2003,54000,2021-03-20,,,,,,
양천구,11470,10100,신정동,312,11470-125,목동신시가지9,,106.93,14,1987,198000,2021-03-17,,,,,,
양천구,11470,10200,목동,901,11470-17,목동신시가지1,,99.15,3,1985,197000,2021-03-15,,,,,,
양천구,11470,10200,목동,758-2,11470-266,목동2차아이파크,,84.85,11,2004,127000,2021-03-20,,,,,,
양천구,11470,10100,신정동,1281,11470-150,푸른마을2,,49.16,3,2001,50000,2021-03-27,,,,,,
양천구,11470,10100,신정동,1281,11470-150,푸른마을2,,59.99,9,2001,57000,2021-03-08,,,,,,
양천구,11470,10300,신월동,341-1,11470-67,길훈,,49.77,3,1987,37950,2021-03-13,,,,,,
양천구,11470,10100,신정동,1277,11470-140,신트리4,,48.96,14,2000,62700,2021-03-20,,,,,,
양천구,11470,10100,신정동,329,11470-123,목동신시가지14,,55.02,15,1987,110000,2021-03-13,,,,,,
양천구,11470,10200,목동,912,11470-21,목동신시가지5,,65.08,8,1986,170000,2021-03-13,,,,,,
양천구,11470,10100,신정동,325,11470-120,목동신시가지11,,66.24,1,1988,132000,2021-03-03,O,21.10.15,,,,
양천구,11470,10200,목동,966,11470-5595,목동에버하임,,41.06,7,2019,40000,2021-03-31,,,,,,
양천구,11470,10300,신월동,1076,11470-5628,목동센트럴아이파크위브2단지,,52.85,7,2020,88000,2021-03-13,,,,,,
양천구,11470,10200,목동,907-5,11470-14,목동가든스위트,,144.16,15,1999,153000,2021-03-11,,,,,,
양천구,11470,10100,신정동,1259,11470-138,신트리1,,49.95,9,1999,63500,2021-03-13,,,,,,
양천구,11470,10100,신정동,1259,11470-138,신트리1,,59.73,11,1999,80000,2021-03-13,,,,,,
양천구,11470,10200,목동,960,11470-3998,신한이모르젠,,52.26,11,2006,61000,2021-03-06,,,,,,
양천구,11470,10200,목동,966,11470-5595,목동에버하임,,41.06,8,2019,40000,2021-03-26,,,,,,
양천구,11470,10100,신정동,1323,11470-5271,목동힐스테이트,,84.98,16,2016,169000,2021-03-10,,,,,,
양천구,11470,10200,목동,956,11470-206,롯데캐슬위너,,84.98,1,2005,115000,2021-03-09,,,,,,
양천구,11470,10100,신정동,1303,11470-182,대림e-편한세상,,109.905,22,2004,108000,2021-03-13,,,,,,
양천구,11470,10200,목동,555-4,11470-5215,CG아름채목동아파트,,49.589,2,2016,36500,2021-03-20,,,,,,
양천구,11470,10100,신정동,312,11470-125,목동신시가지9,,53.82,5,1987,123000,2021-03-30,,,,,,
양천구,11470,10300,신월동,591-1,11470-85,신안약수,,87.17,5,1985,76000,2021-03-04,,,,,,
양천구,11470,10100,신정동,312,11470-125,목동신시가지9,,53.82,8,1987,129700,2021-03-16,,,,,,
양천구,11470,10100,신정동,337,11470-126,목동우성2,,113.91,4,2000,130000,2021-03-20,,,,,,
양천구,11470,10100,신정동,1259,11470-138,신트리1,,49.95,11,1999,70000,2021-03-13,,,,,,
양천구,11470,10300,신월동,45-1,11470-276,NEWSK아파트,,70.14,5,2002,29500,2021-03-13,,,,,,
양천구,11470,10300,신월동,426-3,11470-114,방주아크빌,,54.262,6,2002,38300,2021-03-06,,,,,,
양천구,11470,10300,신월동,987-1,11470-83,신월시영,,50.67,1,1988,65000,2021-03-23,,,,,,
양천구,11470,10300,신월동,467-3,11470-97,태진,,59.95,2,1998,43000,2021-03-12,,,,,,
양천구,11470,10300,신월동,1023,11470-361,벽산블루밍2단지,,98.919,1,2003,82000,2021-03-13,,,,,,
양천구,11470,10200,목동,902,11470-18,목동신시가지2,,83.52,1,1986,170000,2021-03-29,,,,,,
양천구,11470,10300,신월동,87-21,11470-104,흥양훼미리,,64.8,6,2002,27500,2021-03-19,,,,,,
양천구,11470,10300,신월동,1057,11470-4500,롯데캐슬(1057-0),,70.61,5,2010,79500,2021-03-13,,,,,,
양천구,11470,10200,목동,709-2,11470-35,성원2,,114.57,8,2000,95650,2021-03-04,,,,,,
양천구,11470,10200,목동,549,11470-7,목동금호베스트빌,,96.83,10,2002,98500,2021-03-02,,,,,,
양천구,11470,10100,신정동,1285,11470-170,푸른마을4,,84.81,3,2002,77000,2021-03-11,,,,,,
양천구,11470,10300,신월동,1029,11470-332,신도신월1차,,80.19,4,2004,72900,2021-03-16,,,,,,
양천구,11470,10300,신월동,1057,11470-4500,롯데캐슬(1057-0),,84.94,5,2010,93500,2021-03-16,,,,,,
양천구,11470,10200,목동,904,11470-20,목동신시가지4,,65.52,1,1986,159000,2021-03-02,,,,,,
양천구,11470,10100,신정동,1310,11470-3927,동일하이빌1단지,,84.955,2,2005,94500,2021-03-10,,,,,,
양천구,11470,10300,신월동,1075,11470-5627,목동센트럴아이파크위브1단지,,59.68,2,2020,91500,2021-03-10,,,,,,
양천구,11470,10100,신정동,327,11470-122,목동신시가지13,,99.26,2,1987,175000,2021-03-06,,,,,,
양천구,11470,10100,신정동,312,11470-125,목동신시가지9,,126.53,15,1987,205000,2021-03-24,,,,,,
양천구,11470,10100,신정동,314,11470-124,목동신시가지8,,54.94,1,1987,119500,2021-03-10,,,,,,
양천구,11470,10100,신정동,1293,11470-153,학마을1단지,,49.99,12,2000,57000,2021-03-14,,,,,,
양천구,11470,10200,목동,908-34,11470-30,부영3,,95.99,9,2000,138000,2021-03-03,,,,,,
양천구,11470,10100,신정동,86-6,11470-4027,프리우스,,78.08,4,2006,86500,2021-03-13,,,,,,
양천구,11470,10200,목동,904,11470-20,목동신시가지4,,48.69,15,1986,133000,2021-03-02,,,,,,
양천구,11470,10100,신정동,326,11470-121,목동신시가지12,,56.76,1,1988,120000,2021-03-03,,,,,,
양천구,11470,10100,신정동,334,11470-142,쌍용,,84.65,6,1992,102500,2021-03-06,,,,,,
양천구,11470,10100,신정동,326,11470-121,목동신시가지12,,56.76,3,1988,122000,2021-03-09,,,,,,
양천구,11470,10200,목동,934,11470-6,금호1,,59.88,18,1997,117000,2021-03-16,,,,,,
양천구,11470,10300,신월동,207-24,11470-64,금강,,59.4,1,1998,27900,2021-03-02,,,,,,
양천구,11470,10300,신월동,142-14,11470-4322,금하뜨라네,,84.93,3,2016,42000,2021-03-04,,,,,,
양천구,11470,10300,신월동,217-2,11470-68,나산,,59.9,13,1997,35000,2021-03-05,,,,,,
양천구,11470,10100,신정동,1259,11470-138,신트리1,,49.8,14,1999,60000,2021-03-02,,,,,,
양천구,11470,10200,목동,966,11470-5595,목동에버하임,,41.06,9,2019,41000,2021-03-22,,,,,,
양천구,11470,10100,신정동,311,11470-119,목동신시가지10,,106.06,3,1987,185500,2021-03-03,,,,,,
양천구,11470,10300,신월동,1075,11470-5627,목동센트럴아이파크위브1단지,,59.68,6,2020,95000,2021-03-06,,,,,,
양천구,11470,10200,목동,722-5,11470-175,세종그랑시아,,111.1,12,2003,104500,2021-03-02,,,,,,
양천구,11470,10200,목동,925,11470-23,목동신시가지7,,53.88,4,1986,150000,2021-03-01,,,,,,
양천구,11470,10300,신월동,207-24,11470-64,금강,,84.9,9,1998,47500,2021-03-10,O,21.04.19,,,,
양천구,11470,10300,신월동,1043,11470-3946,길훈엔트런스빌,,84.96,2,2005,53700,2021-03-13,,,,,,
양천구,11470,10100,신정동,314,11470-124,목동신시가지8,,54.94,13,1987,128000,2021-03-01,,,,,,
양천구,11470,10100,신정동,1293,11470-153,학마을1단지,,49.99,4,2000,56100,2021-03-06,,,,,,
양천구,11470,10300,신월동,538-6,11470-66,길성,,69.21,6,2000,39300,2021-03-18,,,,,,
양천구,11470,10300,신월동,81-7,11470-4925,덕현해밀(102동),,84.99,5,2013,49600,2021-03-08,,,,,,
양천구,11470,10100,신정동,329,11470-123,목동신시가지14,,55.02,4,1987,115000,2021-03-06,,,,,,
양천구,11470,10200,목동,901,11470-17,목동신시가지1,,91.26,1,1985,201000,2021-03-01,,,,,,
양천구,11470,10300,신월동,1057,11470-4500,롯데캐슬(1057-0),,84.94,12,2010,93500,2021-03-03,,,,,,
양천구,11470,10300,신월동,1076,11470-5628,목동센트럴아이파크위브2단지,,59.68,8,2020,98000,2021-03-06,,,,,,
양천구,11470,10300,신월동,1075,11470-5627,목동센트럴아이파크위브1단지,,84.98,13,2020,117800,2021-03-12,,,,,,
양천구,11470,10300,신월동,1029,11470-332,신도신월1차,,84.85,1,2004,73200,2021-03-05,,,,,,
양천구,11470,10200,목동,541,11470-342,수산팰리스,,79.79,5,2005,50000,2021-03-05,,,,,,
양천구,11470,10100,신정동,1325,11470-5547,목동파크자이(101동~108동),,84.977,3,2019,130000,2021-03-02,,,,,,
양천구,11470,10100,신정동,325,11470-120,목동신시가지11,,51.48,13,1988,106000,2021-03-13,,,,,,
양천구,11470,10200,목동,405,11470-8,목동대림,,84.82,3,1994,147500,2021-03-06,,,,,,
양천구,11470,10300,신월동,529-2,11470-81,세제뉴타운,,106.37,9,2002,56000,2021-03-13,,,,,,
양천구,11470,10100,신정동,312,11470-125,목동신시가지9,,53.82,4,1987,120000,2021-03-02,,,,,,
양천구,11470,10300,신월동,538-6,11470-66,길성,,69.21,6,2000,39300,2021-03-11,O,21.03.18,,,,
양천구,11470,10300,신월동,1040,11470-3944,신월2차미소지움,,83.74,5,2005,75900,2021-03-01,,,,,,
양천구,11470,10100,신정동,329,11470-123,목동신시가지14,,108.28,12,1987,172000,2021-03-01,,,,,,
양천구,11470,10300,신월동,1041,11470-3945,삼정그린뷰,,84.14,2,2005,62500,2021-03-10,,,,,,
양천구,11470,10100,신정동,1279,11470-128,목동현대3차,,84.77,4,1997,130000,2021-03-11,,,,,,
양천구,11470,10200,목동,558-7,11470-4303,ParkPalaceII,,71.75,3,2008,43600,2021-03-10,,,,,,
양천구,11470,10200,목동,961,11470-4045,하이페리온2,,191.088,32,2006,285000,2021-03-08,,,,,,
양천구,11470,10100,신정동,1277,11470-140,신트리4,,49.5,15,2000,60000,2021-03-03,,,,,,
양천구,11470,10300,신월동,1057,11470-4500,롯데캐슬(1057-0),,70.91,7,2010,80600,2021-03-07,,,,,,
양천구,11470,10100,신정동,1295,11470-172,목동2삼성래미안,,59.92,2,2001,89000,2021-03-01,,,,,,
양천구,11470,10100,신정동,1323,11470-5271,목동힐스테이트,,59.95,9,2016,139000,2021-03-02,,,,,,
양천구,11470,10200,목동,966,11470-5595,목동에버하임,,41.06,8,2019,40000,2021-03-03,,,,,,
양천구,11470,10100,신정동,329,11470-123,목동신시가지14,,83.89,4,1987,158000,2021-03-02,,,,,,
강서구,11500,10800,공항동,61-2,11500-184,장미,,79.2,3,1994,63000,2021-03-05,,,,,,
강서구,11500,10800,공항동,61-2,11500-184,장미,,62.4,3,1994,48000,2021-03-31,,,,,,
강서구,11500,10800,공항동,61-2,11500-184,장미,,62.4,3,1994,50000,2021-03-19,,,,,,
강서구,11500,10800,공항동,61-2,11500-184,장미,,81.82,1,1994,64000,2021-03-05,,,,,,
강서구,11500,10500,마곡동,743,11500-6893,마곡엠밸리6단지,,114.98,12,2014,162000,2021-03-23,,,,,,
강서구,11500,10100,염창동,274-18,11500-8101,한울밸리움,,24.08,12,2020,40600,2021-03-16,,,,,,
강서구,11500,10500,마곡동,1589,11500-7244,마곡힐스테이트,,84.98,9,2017,139000,2021-03-31,,,,,,
강서구,11500,10900,방화동,860,11500-211,마곡서광(치현마을),,84.93,15,1998,61000,2021-03-29,,,,,,
강서구,11500,10300,화곡동,899-4,11500-7666,동양하우징(899-4),,29.8,13,2017,27200,2021-03-29,,,,,,
강서구,11500,10300,화곡동,1161,11500-6622,강서동도센트리움,,14.677,6,2012,9450,2021-03-31,,,,,,
강서구,11500,10100,염창동,303,11500-5297,강변코아루,,114.78,4,2007,119500,2021-03-30,,,,,,
강서구,11500,10100,염창동,241-24,11500-5234,엠그린,,59.73,1,2006,40000,2021-03-31,,,,,,
강서구,11500,10900,방화동,867,11500-484,길성그랑프리텔,,77.8,10,2002,71000,2021-03-30,,,,,,
강서구,11500,10200,등촌동,688,11500-55,주공3,,58.14,5,1995,83000,2021-03-25,,,,,,
강서구,11500,10400,가양동,1485,11500-149,가양6단지,,49.5,11,1992,79700,2021-03-25,,,,,,
강서구,11500,10500,마곡동,743,11500-6893,마곡엠밸리6단지,,114.98,12,2014,160000,2021-03-23,O,21.05.26,,,,
강서구,11500,10600,내발산동,704-2,11500-180,우장산타워빌,,144.31,11,2002,70000,2021-03-26,,,,,,
강서구,11500,10100,염창동,281-22,11500-465,염창1차한화꿈에그린,,84.93,20,2005,128000,2021-03-27,,,,,,
강서구,11500,10200,등촌동,638,11500-44,서광등촌마을아파트,,59.67,4,1999,73000,2021-03-23,,,,,,
강서구,11500,10200,등촌동,687,11500-54,"등촌1,2단지주공아파트",,41.16,11,1994,56500,2021-03-27,,,,,,
강서구,11500,10300,화곡동,1155,11500-5137,탑건진선미,,84.97,11,2005,67000,2021-03-30,,,,,,
강서구,11500,10200,등촌동,365-195,11500-37,두보아파트,,58.41,4,1991,40300,2021-03-24,,,,,,
강서구,11500,10200,등촌동,637-26,11500-66,다울,,83.286,10,2002,64500,2021-03-24,,,,,,
강서구,11500,10200,등촌동,695,11500-56,주공5,,58.14,13,1995,79800,2021-03-26,,,,,,
강서구,11500,10300,화곡동,887-1,11500-272,태승훼밀리,,77.5,6,2003,48000,2021-03-29,,,,,,
강서구,11500,10200,등촌동,630-3,11500-49,우성,,66.9,8,1992,68900,2021-03-25,,,,,,
강서구,11500,10400,가양동,1495,11500-156,한보구암마을,,59.22,5,1999,69500,2021-03-22,,,,,,
강서구,11500,10300,화곡동,1018-32,11500-5172,수산동우,,83.84,5,2005,47000,2021-03-27,,,,,,
강서구,11500,10300,화곡동,1095,11500-6063,그랜드아이파크,,138.86,18,2010,110000,2021-03-19,,,,,,
강서구,11500,10600,내발산동,749,11500-5547,마곡수명산파크5단지,,59.87,13,2008,87500,2021-03-27,,,,,,
강서구,11500,10900,방화동,841,11500-209,장미,,39.96,6,1994,49000,2021-03-20,,,,,,
강서구,11500,10500,마곡동,743-4,11500-6892,마곡엠밸리7단지,,84.95,9,2014,148000,2021-03-27,,,,,,
강서구,11500,10300,화곡동,894-12,11500-8116,오경아파트,,26,5,2020,27000,2021-03-22,,,,,,
강서구,11500,10400,가양동,1461,11500-151,가양2단지(성지),,34.44,6,1992,58800,2021-03-30,,,,,,
강서구,11500,10500,마곡동,1577,11500-189,마곡나루경남아파트,,84.9,4,1991,80000,2021-03-26,,,,,,
강서구,11500,10900,방화동,904,11500-8134,신마곡벽산블루밍,,72.8607,5,2020,89000,2021-03-23,,,,,,
강서구,11500,10300,화곡동,56-28,11500-178,계명가동,,68.52,5,2002,26000,2021-03-19,,,,,,
강서구,11500,10500,마곡동,1467,11500-269,마곡우림필유아파트,,84.897,7,2003,75500,2021-03-23,,,,,,
강서구,11500,10900,방화동,852,11500-192,마곡중앙하이츠아파트,,51.03,5,1994,54450,2021-03-18,,,,,,
강서구,11500,10900,방화동,832,11500-196,청솔,,49.2,2,1994,53700,2021-03-24,,,,,,
강서구,11500,10200,등촌동,688,11500-55,주공3,,58.14,5,1995,81500,2021-03-19,,,,,,
강서구,11500,10900,방화동,579,11500-376,마곡 한진해모로,,59.92,5,2004,62400,2021-03-20,,,,,,
강서구,11500,10400,가양동,1461,11500-151,가양2단지(성지),,39.6,1,1992,57800,2021-03-31,,,,,,
강서구,11500,10400,가양동,448-1,11500-143,가양강나루현대,,59.76,9,1999,82000,2021-03-28,,,,,,
강서구,11500,10500,마곡동,741,11500-7419,마곡엠밸리8단지,,84.88,1,2016,110000,2021-03-24,,,,,,
강서구,11500,10200,등촌동,642,11500-52,제일(코오롱),,84.83,15,1999,76000,2021-03-27,,,,,,
강서구,11500,10300,화곡동,919-1,11500-332,유림노르웨이숲(919-1),,64.05,8,2004,47800,2021-03-20,,,,,,
강서구,11500,10300,화곡동,1154,11500-475,화곡6차보람쉬움,,84.98,2,2005,62500,2021-03-18,,,,,,
강서구,11500,10300,화곡동,1139,11500-103,초록,,49.77,8,1998,60000,2021-03-28,,,,,,
강서구,11500,10400,가양동,1460,11500-155,한강타운,,84.99,9,1993,109000,2021-03-17,,,,,,
강서구,11500,10100,염창동,270-1,11500-25,태영,,59.97,17,1999,72000,2021-03-12,,,,,,
강서구,11500,10900,방화동,614-11,11500-208,원미,,54.75,2,1988,74500,2021-03-19,,,,,,
강서구,11500,10500,마곡동,748,11500-7596,마곡13단지힐스테이트마스터,,84.9805,2,2017,133000,2021-03-24,,,,,,
강서구,11500,10900,방화동,862,11500-215,한숲마을대림,,84.83,7,1999,67700,2021-03-15,O,21.04.17,,,,
강서구,11500,10900,방화동,567-4,11500-375,삼정코아,,83.74,10,2004,52000,2021-03-19,,,,,,
강서구,11500,10100,염창동,258-1,11500-7,동아3,,84.87,23,1999,108000,2021-03-27,,,,,,
강서구,11500,10900,방화동,583-23,11500-203,성옥,,51.06,5,1991,25400,2021-03-18,,,,,,
강서구,11500,10900,방화동,870,11500-220,동부센트레빌,,84.96,9,2003,79400,2021-03-16,,,,,,
강서구,11500,10300,화곡동,1159,11500-5419,"우장산아이파크,이편한세상",,59.98,13,2008,109500,2021-03-26,,,,,,
강서구,11500,10400,가양동,1459,11500-152,동신대아,,134.88,9,1993,128300,2021-03-13,,,,,,
강서구,11500,10300,화곡동,894-12,11500-8116,오경아파트,,25.75,8,2020,30000,2021-03-15,,,,,,
강서구,11500,10400,가양동,1475,11500-146,강변,,34.44,8,1992,51000,2021-03-26,,,,,,
강서구,11500,10100,염창동,300,11500-5105,강변한솔솔파크,,84.97,11,2005,106000,2021-03-16,,,,,,
강서구,11500,10300,화곡동,472-13,11500-265,양용아네스,,72.14,5,2003,27500,2021-03-23,,,,,,
강서구,11500,10400,가양동,1490,11500-150,가양도시개발9-2단지,,39.6,10,1993,64750,2021-03-27,,,,,,
강서구,11500,10400,가양동,1475,11500-146,강변,,34.44,12,1992,52500,2021-03-20,,,,,,
강서구,11500,10300,화곡동,351-89,11500-101,중앙화곡하이츠,,56.88,10,1988,44800,2021-03-22,,,,,,
강서구,11500,10900,방화동,902,11500-7716,방화메이빌,,48.8686,5,2017,48000,2021-03-31,,,,,,
강서구,11500,10300,화곡동,361-1,11500-76,대림e편한세상,,84.84,14,1992,69700,2021-03-20,,,,,,
강서구,11500,10900,방화동,870,11500-220,동부센트레빌,,84.96,3,2003,72700,2021-03-19,,,,,,
강서구,11500,10100,염창동,242-10,11500-294,여명,,80.08,3,2002,61000,2021-03-23,,,,,,
강서구,11500,10400,가양동,1490,11500-150,가양도시개발9-2단지,,39.6,7,1993,59800,2021-03-27,,,,,,
강서구,11500,10500,마곡동,750,11500-6868,마곡엠벨리(14단지),,84.88,6,2014,133000,2021-03-20,,,,,,
강서구,11500,10900,방화동,832,11500-196,청솔,,49.2,12,1994,55000,2021-03-10,,,,,,
강서구,11500,10300,화곡동,1091,11500-120,화곡푸르지오,,156.876,8,2002,133000,2021-03-29,,,,,,
강서구,11500,10300,화곡동,351-89,11500-101,중앙화곡하이츠,,56.88,2,1988,43600,2021-03-20,,,,,,
강서구,11500,10400,가양동,1490,11500-150,가양도시개발9-2단지,,34.44,13,1993,54000,2021-03-11,,,,,,
강서구,11500,10300,화곡동,1165,11500-6919,강서힐스테이트,,119.63,8,2015,160000,2021-03-17,,,,,,
강서구,11500,10200,등촌동,715,11500-263,등촌동아이파크,,84.9958,6,2004,102500,2021-03-13,,,,,,
강서구,11500,10100,염창동,263,11500-26,태진한솔,,104.82,5,1994,110000,2021-03-20,,,,,,
강서구,11500,10200,등촌동,707,11500-57,"등촌7,8단지주공아파트",,41.85,5,1994,60000,2021-03-10,,,,,,
강서구,11500,10200,등촌동,688,11500-55,주공3,,58.14,12,1995,77000,2021-03-10,,,,,,
강서구,11500,10600,내발산동,722-16,11500-373,태승훼미리,,83.58,7,2004,70000,2021-03-19,,,,,,
강서구,11500,10900,방화동,839,11500-193,방화그린,,39.76,2,1993,41000,2021-03-24,,,,,,
강서구,11500,10300,화곡동,1018-32,11500-5172,수산동우,,84.32,7,2005,51500,2021-03-22,,,,,,
강서구,11500,10200,등촌동,702,11500-53,주공10,,37.67,12,1995,61000,2021-03-23,,,,,,
강서구,11500,10300,화곡동,354-54,11500-111,화곡동복지,,53.94,4,1974,21700,2021-03-13,,,,,,
강서구,11500,10100,염창동,274-18,11500-8101,한울밸리움,,21.54,7,2020,39800,2021-03-09,,,,,,
강서구,11500,10900,방화동,814,11500-197,방화5,,39.6,13,1994,56500,2021-03-30,,,,,,
강서구,11500,10600,내발산동,657,11500-477,우장산힐스테이트,,84.98,14,2005,134000,2021-03-17,,,,,,
강서구,11500,10100,염창동,263,11500-26,태진한솔,,58.87,1,1994,68500,2021-03-19,,,,,,
강서구,11500,10300,화곡동,1012-1,11500-88,신일골드빌,,67.35,9,2001,26500,2021-03-20,,,,,,
강서구,11500,10400,가양동,1459,11500-152,동신대아,,134.88,6,1993,129000,2021-03-17,,,,,,
강서구,11500,10300,화곡동,1076-9,11500-7742,NS파크APT,,28.74,10,2018,24500,2021-03-16,,,,,,
강서구,11500,10900,방화동,861,11500-219,홍익아파트,,73.05,7,1999,40000,2021-03-18,,,,,,
강서구,11500,10400,가양동,1475,11500-146,강변,,49.5,5,1992,75000,2021-03-07,,,,,,
강서구,11500,10300,화곡동,925-17,11500-6787,프라임하우스(925-17),,37.18,10,2013,22000,2021-03-13,,,,,,
강서구,11500,10100,염창동,311,11500-8132,등촌제이스카이,,28.94,11,2021,36000,2021-03-17,,,,,,
강서구,11500,10500,마곡동,738,11500-6900,마곡엠밸리4단지,,114.86,5,2014,159000,2021-03-05,,,,,,
강서구,11500,10500,마곡동,743-4,11500-6892,마곡엠밸리7단지,,114.69,9,2014,165000,2021-03-22,,,,,,
강서구,11500,10200,등촌동,687,11500-54,"등촌1,2단지주공아파트",,41.85,15,1994,58000,2021-03-06,,,,,,
강서구,11500,10100,염창동,290,11500-14,벽산늘푸른,,84.94,14,1998,92000,2021-03-12,,,,,,
강서구,11500,10500,마곡동,429,11500-157,벽산,,84.97,7,1999,88500,2021-03-06,,,,,,
강서구,11500,10100,염창동,311,11500-8132,등촌제이스카이,,28.94,8,2021,37000,2021-03-19,,,,,,
강서구,11500,10200,등촌동,688,11500-55,주공3,,58.14,7,1995,85000,2021-03-23,,,,,,
강서구,11500,10300,화곡동,1146,11500-245,태창네스트힐,,55.88,7,2004,38000,2021-03-10,,,,,,
강서구,11500,10400,가양동,1474,11500-147,대림경동아파트,,131.4,12,1993,133000,2021-03-18,,,,,,
강서구,11500,10300,화곡동,1161,11500-6622,강서동도센트리움,,14.677,5,2012,9700,2021-03-31,,,,,,
강서구,11500,10900,방화동,814,11500-197,방화5,,39.6,8,1994,55500,2021-03-29,,,,,,
강서구,11500,10900,방화동,841,11500-209,장미,,49.2,2,1994,52300,2021-03-17,,,,,,
강서구,11500,10400,가양동,1461,11500-151,가양2단지(성지),,49.56,8,1992,72800,2021-03-13,,,,,,
강서구,11500,10100,염창동,309,11500-7907,e편한세상염창,,59.8873,18,2019,115000,2021-03-11,,,,,,
강서구,11500,10200,등촌동,702,11500-53,주공10,,37.67,11,1995,62500,2021-03-22,,,,,,
강서구,11500,10200,등촌동,561-1,11500-71,대림e편한세상,,75.64,1,2002,82000,2021-03-15,,,,,,
강서구,11500,10900,방화동,839,11500-193,방화그린,,39.76,15,1993,50000,2021-03-02,,,,,,
강서구,11500,10500,마곡동,748,11500-7596,마곡13단지힐스테이트마스터,,59.9825,1,2017,108000,2021-03-08,,,,,,
강서구,11500,10300,화곡동,915-8,11500-7007,팔라이스아파트먼트(915-8),,30.14,5,2014,18750,2021-03-30,,,,,,
강서구,11500,10300,화곡동,1151,11500-350,우장산한화꿈에그린,,84.98,12,2004,71000,2021-03-25,,,,,,
강서구,11500,10300,화곡동,917-5,11500-7167,남광아파트,,45.53,6,2015,31000,2021-03-18,,,,,,
강서구,11500,10900,방화동,870,11500-220,동부센트레빌,,84.96,15,2003,74500,2021-03-04,,,,,,
강서구,11500,10400,가양동,1475,11500-146,강변,,49.5,10,1992,77500,2021-03-09,,,,,,
강서구,11500,10900,방화동,839,11500-193,방화그린,,33.18,10,1993,42500,2021-03-24,,,,,,
강서구,11500,10900,방화동,839,11500-193,방화그린,,33.6,13,1993,39900,2021-03-06,,,,,,
강서구,11500,10400,가양동,448-10,11500-352,보광드림타운,,84.22,15,2003,65000,2021-03-15,,,,,,
강서구,11500,10300,화곡동,354-54,11500-111,화곡동복지,,53.94,1,1974,17081,2021-03-12,,,,,,
강서구,11500,10100,염창동,272-11,11500-464,롯데캐슬,,134.5767,13,2005,149000,2021-03-03,,,,,,
강서구,11500,10400,가양동,1475,11500-146,강변,,49.5,13,1992,70500,2021-03-19,,,,,,
강서구,11500,10900,방화동,793,11500-217,현대,,84.99,8,1993,77500,2021-03-01,,,,,,
강서구,11500,10100,염창동,258-1,11500-7,동아3,,59.7,4,1999,81000,2021-03-05,,,,,,
강서구,11500,10400,가양동,1460,11500-155,한강타운,,84.99,12,1993,105000,2021-03-03,,,,,,
강서구,11500,10300,화곡동,915-8,11500-7007,팔라이스아파트먼트(915-8),,30.14,7,2014,25900,2021-03-29,,,,,,
강서구,11500,10300,화곡동,351-89,11500-101,중앙화곡하이츠,,56.88,9,1988,44000,2021-03-20,,,,,,
강서구,11500,10600,내발산동,734,11500-5146,우장산월드메르디앙,,84.4476,11,2005,82000,2021-03-13,,,,,,
강서구,11500,10600,내발산동,714-4,11500-6006,태승훼미리아파트5차,,61.14,5,2010,61500,2021-03-11,,,,,,
강서구,11500,10200,등촌동,638,11500-44,서광등촌마을아파트,,59.67,6,1999,80000,2021-03-09,,,,,,
강서구,11500,10600,내발산동,676-12,11500-252,덕현중앙타워빌,,70.51,2,2003,44900,2021-03-13,,,,,,
강서구,11500,10600,내발산동,736,11500-5179,청솔파인힐(736-0),,79.37,5,2005,54800,2021-03-16,,,,,,
강서구,11500,10600,내발산동,749,11500-5547,마곡수명산파크5단지,,59.84,9,2008,86000,2021-03-16,,,,,,
강서구,11500,10600,내발산동,749,11500-5547,마곡수명산파크5단지,,59.76,10,2008,87500,2021-03-20,,,,,,
강서구,11500,10300,화곡동,1091,11500-120,화곡푸르지오,,156.876,3,2002,124500,2021-03-12,,,,,,
강서구,11500,10300,화곡동,894-12,11500-8116,오경아파트,,26,7,2020,27500,2021-03-07,,,,,,
강서구,11500,10300,화곡동,894-12,11500-8116,오경아파트,,26,6,2020,27000,2021-03-14,,,,,,
강서구,11500,10300,화곡동,894-12,11500-8116,오경아파트,,26,8,2020,27500,2021-03-02,,,,,,
강서구,11500,10600,내발산동,734,11500-5146,우장산월드메르디앙,,84.4476,11,2005,85000,2021-03-25,,,,,,
강서구,11500,10200,등촌동,688,11500-55,주공3,,58.14,3,1995,78000,2021-03-04,,,,,,
강서구,11500,10300,화곡동,1071-19,11500-6652,강서뉴타워,,82.14,4,2013,57900,2021-03-07,,,,,,
강서구,11500,10300,화곡동,474-1,11500-79,미주,,48.3,5,1988,18500,2021-03-02,,,,,,
강서구,11500,10300,화곡동,143-6,11500-7276,성재센트리움아파트,,16.56,10,2016,15300,2021-03-23,,,,,,
강서구,11500,10200,등촌동,691-3,11500-41,부영,,80.64,14,1994,93000,2021-03-19,,,,,,
강서구,11500,10300,화곡동,1144,11500-284,우림루미아트아파트,,83.396,2,2003,55000,2021-03-19,,,,,,
강서구,11500,10500,마곡동,743-4,11500-6892,마곡엠밸리7단지,,114.91,14,2014,163000,2021-03-13,,,,,,
강서구,11500,10300,화곡동,343-35,11500-7098,성재센트리움아파트(343-35),,29.97,6,2015,19900,2021-03-15,,,,,,
강서구,11500,10200,등촌동,655-27,11500-62,현대,,84.62,15,1995,74500,2021-03-18,,,,,,
강서구,11500,10100,염창동,305,11500-5406,염창1차보람더하임,,84.98,9,2008,105000,2021-03-12,,,,,,
강서구,11500,10900,방화동,839,11500-193,방화그린,,49.77,1,1993,49300,2021-03-02,,,,,,
강서구,11500,10300,화곡동,56-28,11500-178,계명가동,,57.38,4,2002,21600,2021-03-26,,,,,,
강서구,11500,10500,마곡동,746-1,11500-7468,마곡엠밸리12단지,,59.79,4,2016,110000,2021-03-12,,,,,,
강서구,11500,10300,화곡동,1155,11500-5137,탑건진선미,,69.33,2,2005,49500,2021-03-18,,,,,,
강서구,11500,10900,방화동,615-103,11500-218,형제,,73.92,1,1982,85500,2021-03-17,,,,,,
강서구,11500,10900,방화동,839,11500-193,방화그린,,33.18,15,1993,42000,2021-03-09,,,,,,
강서구,11500,10900,방화동,880,11500-385,치현마을동일스위트리버,,84.9829,1,2004,68000,2021-03-18,,,,,,
강서구,11500,10100,염창동,311,11500-8132,등촌제이스카이,,39.87,2,2021,21956,2021-03-12,,,,,,
강서구,11500,10300,화곡동,143-6,11500-7276,성재센트리움아파트,,25.18,5,2016,19000,2021-03-09,,,,,,
강서구,11500,10900,방화동,862,11500-215,한숲마을대림,,84.83,3,1999,63800,2021-03-08,,,,,,
강서구,11500,10400,가양동,1475,11500-146,강변,,34.44,9,1992,54000,2021-03-02,,,,,,
강서구,11500,10300,화곡동,926-5,11500-6746,한양아이클래스,,13.79,7,2013,7800,2021-03-20,,,,,,
강서구,11500,10300,화곡동,400-42,11500-5329,뉴파인,,78.91,9,2007,49300,2021-03-13,,,,,,
강서구,11500,10600,내발산동,688-4,11500-5728,수명산태송팰리채,,77.14,4,2008,57600,2021-03-05,,,,,,
강서구,11500,10100,염창동,298,11500-299,일신건영휴먼빌,,84.93,1,2004,97000,2021-03-06,,,,,,
강서구,11500,10400,가양동,448-1,11500-143,가양강나루현대,,84.98,4,1999,95000,2021-03-10,,,,,,
강서구,11500,10300,화곡동,1159,11500-5419,"우장산아이파크,이편한세상",,84.97,18,2008,134000,2021-03-01,,,,,,
강서구,11500,10100,염창동,282,11500-18,삼정그린코아,,84.358,10,2001,103700,2021-03-07,,,,,,
강서구,11500,10600,내발산동,659-1,11500-5213,강서월드메르디앙,,84.8945,6,2006,92000,2021-03-05,,,,,,
강서구,11500,10500,마곡동,716,11500-5140,한솔솔파크,,84.87,9,2005,110000,2021-03-01,,,,,,
강서구,11500,10300,화곡동,918-25,11500-6801,AndPra레지던스,,15.26,15,2013,13960,2021-03-22,,,,,,
강서구,11500,10900,방화동,898,11500-6839,경동팰리스힐,,12.22,2,2014,7800,2021-03-18,,,,,,
강서구,11500,10500,마곡동,1454,11500-5166,마곡태승훼미리아파트,,74.79,11,2005,73500,2021-03-06,,,,,,
강서구,11500,10100,염창동,240-32,11500-3,금호타운,,59.88,4,1999,79000,2021-03-06,,,,,,
강서구,11500,10200,등촌동,687,11500-54,"등촌1,2단지주공아파트",,41.85,10,1994,61700,2021-03-02,,,,,,
강서구,11500,10300,화곡동,917-14,11500-7090,삼성다빈치(917-14),,14.35,7,2015,10300,2021-03-03,,,,,,
강서구,11500,10200,등촌동,687,11500-54,"등촌1,2단지주공아파트",,41.85,9,1994,59500,2021-03-06,,,,,,
강서구,11500,10400,가양동,1461,11500-151,가양2단지(성지),,49.56,4,1992,74500,2021-03-13,,,,,,
강서구,11500,10500,마곡동,748,11500-7596,마곡13단지힐스테이트마스터,,59.9825,6,2017,115000,2021-03-17,,,,,,
강서구,11500,10300,화곡동,840-6,11500-5286,그라비스,,79.26,5,2007,44000,2021-03-01,,,,,,
강서구,11500,10900,방화동,814,11500-197,방화5,,39.6,8,1994,53500,2021-03-03,,,,,,
강서구,11500,10300,화곡동,1014-12,11500-338,은하수,,99.34,4,2004,46000,2021-03-02,,,,,,
강서구,11500,10100,염창동,263-2,11500-24,주상복합태진가람,,58.86,8,1995,44000,2021-03-04,,,,,,
강서구,11500,10300,화곡동,917-5,11500-7167,남광아파트,,45.47,8,2015,30000,2021-03-05,,,,,,
강서구,11500,10300,화곡동,1151,11500-350,우장산한화꿈에그린,,120.11,11,2004,96800,2021-03-15,,,,,,
강서구,11500,10900,방화동,852,11500-192,마곡중앙하이츠아파트,,51.03,1,1994,53000,2021-03-13,,,,,,
강서구,11500,10500,마곡동,747,11500-7435,마곡엠밸리10단지,,84.89,9,2016,120000,2021-03-04,,,,,,
강서구,11500,10300,화곡동,351-89,11500-101,중앙화곡하이츠,,56.88,7,1988,47000,2021-03-01,,,,,,
강서구,11500,10600,내발산동,674-32,11500-179,제이월드에메랄드,,84.32,5,2002,62800,2021-03-04,,,,,,
강서구,11500,10600,내발산동,686-1,11500-163,보람,,84.03,10,2001,63000,2021-03-01,,,,,,
강서구,11500,10300,화곡동,343-21,11500-311,일광2차,,77.04,4,2002,20000,2021-03-15,,,,,,
강서구,11500,10300,화곡동,1159,11500-5419,"우장산아이파크,이편한세상",,84.97,8,2008,127000,2021-03-03,,,,,,
강서구,11500,10300,화곡동,917-16,11500-473,태영그린(917-16),,69.68,4,2004,23500,2021-03-10,,,,,,
강서구,11500,10300,화곡동,1165,11500-6919,강서힐스테이트,,59.99,3,2015,111500,2021-03-01,,,,,,
강서구,11500,10500,마곡동,716,11500-5140,한솔솔파크,,84.87,2,2005,101150,2021-03-03,,,,,,
강서구,11500,10500,마곡동,1171,11500-199,마곡현대아파트,,59.92,2,1999,59000,2021-03-06,,,,,,
강서구,11500,10600,내발산동,742,11500-5371,마곡수명산파크1단지,,84.53,7,2007,95000,2021-03-10,,,,,,
강서구,11500,10100,염창동,299,11500-466,강변힐스테이트,,84.99,15,2005,129000,2021-03-05,,,,,,
강서구,11500,10500,마곡동,1589,11500-7244,마곡힐스테이트,,84.98,14,2017,135000,2021-03-01,,,,,,
강서구,11500,10900,방화동,832,11500-196,청솔,,49.2,12,1994,56600,2021-03-03,,,,,,
강서구,11500,10600,내발산동,676-23,11500-359,청솔샤르망1001동,,84.4121,3,2004,64000,2021-03-01,,,,,,
강서구,11500,10200,등촌동,662-3,11500-46,신송타워,,118.99,8,1997,67500,2021-03-01,,,,,,
강서구,11500,10900,방화동,819,11500-186,개화,,133.98,2,1994,97000,2021-03-02,,,,,,
강서구,11500,10300,화곡동,931-9,11500-335,중앙(931-9),,58.62,3,2004,22000,2021-03-09,,,,,,
강서구,11500,10600,내발산동,728,11500-182,롯데1차,,95.549,13,2002,82000,2021-03-05,,,,,,
강서구,11500,10600,내발산동,674-32,11500-179,제이월드에메랄드,,111.56,2,2002,63500,2021-03-05,,,,,,
강서구,11500,10300,화곡동,29-79,11500-485,강동,,58.86,5,2002,16500,2021-03-05,,,,,,
강서구,11500,10600,내발산동,660-6,11500-5282,쥴리앙,,70.08,5,2007,51500,2021-03-03,,,,,,
강서구,11500,10900,방화동,898,11500-6839,경동팰리스힐,,12.22,2,2014,7800,2021-03-04,,,,,,
강서구,11500,10900,방화동,898,11500-6839,경동팰리스힐,,12.22,4,2014,7900,2021-03-04,,,,,,
강서구,11500,10300,화곡동,931-9,11500-335,중앙(931-9),,58.62,3,2004,23000,2021-03-06,O,21.03.08,,,,
강서구,11500,10500,마곡동,1525,11500-5552,마곡푸르지오,,84.99,8,2008,119500,2021-03-02,,,,,,
구로구,11530,11200,항동,241,11530-4373,한양수자인에듀힐즈,,84.8784,8,2019,45000,2021-03-31,,,,,,
구로구,11530,10200,구로동,1265,11530-9,구로두산,,51.84,21,1998,60000,2021-03-13,,,,,,
구로구,11530,11200,항동,233,11530-193,현대홈타운스위트,,84.9852,5,2004,73500,2021-03-07,,,,,,
구로구,11530,10200,구로동,104-3,11530-3783,해담채3,,13.39,12,2014,10100,2021-03-29,,,,,,
구로구,11530,10200,구로동,1267,11530-17,신도림태영타운,,171.22,19,2000,141000,2021-03-27,,,,,,
구로구,11530,10200,구로동,1267,11530-17,신도림태영타운,,59.88,3,2000,100000,2021-03-27,,,,,,
구로구,11530,10200,구로동,104-3,11530-3783,해담채3,,13.39,11,2014,12000,2021-03-16,,,,,,
구로구,11530,10800,오류동,34-13,11530-3799,썬앤빌,,14.064,16,2014,8000,2021-03-27,,,,,,
구로구,11530,10200,구로동,748-43,11530-407,정창빌라,,48.48,5,1996,19000,2021-03-26,,,,,,
구로구,11530,10100,신도림동,645,11530-132,동아3,,60,7,2000,109800,2021-03-26,,,,,,
구로구,11530,10900,궁동,182,11530-3215,다청림(104동),,63.99,1,2006,23500,2021-03-24,,,,,,
구로구,11530,10700,개봉동,489,11530-3213,개봉동현대아이파크,,59.99,12,2006,81000,2021-03-28,,,,,,
구로구,11530,10200,구로동,107-4,11530-3660,비즈트위트블루,,15.12,3,2012,13000,2021-03-21,,,,,,
구로구,11530,10100,신도림동,641,11530-136,현대홈타운아파트,,64.23,1,1999,80500,2021-03-29,,,,,,
구로구,11530,10200,구로동,49,11530-3,금호,,84.86,5,1997,59000,2021-03-23,,,,,,
구로구,11530,10100,신도림동,644,11530-131,동아2,,112.354,11,2000,107000,2021-03-24,,,,,,
구로구,11530,10600,고척동,327,11530-52,동아한신,,84.92,1,2000,69000,2021-03-20,,,,,,
구로구,11530,10800,오류동,46-1,11530-3146,이좋은집,,36.69,4,2005,18000,2021-03-27,,,,,,
구로구,11530,10200,구로동,745-60,11530-376,(745-60),,43.42,1,1996,19000,2021-03-29,,,,,,
구로구,11530,10100,신도림동,647,11530-150,대림e-편한세상5,,84.789,18,2003,132000,2021-03-26,,,,,,
구로구,11530,10200,구로동,1263,11530-11,신도림롯데아파트,,59.68,8,1999,87900,2021-03-25,,,,,,
구로구,11530,10200,구로동,560,11530-18,신도림현대,,80.01,20,1994,86000,2021-03-21,,,,,,
구로구,11530,10800,오류동,31-4,11530-3224,오류동휘버스,,83.97,4,2006,45000,2021-03-29,,,,,,
구로구,11530,10200,구로동,797-8,11530-597,봉일(797-8),,42.2,1,1995,16000,2021-03-23,,,,,,
구로구,11530,10200,구로동,749-46,11530-425,(749-46),,38.43,3,1996,17500,2021-03-19,,,,,,
구로구,11530,10200,구로동,98-10,11530-3652,비즈트위트그린,,15.11,13,2012,12500,2021-03-28,,,,,,
구로구,11530,10700,개봉동,489,11530-3213,개봉동현대아이파크,,117.74,22,2006,103300,2021-03-29,,,,,,
구로구,11530,10200,구로동,642-9,11530-35,한신,,44.78,7,1988,53300,2021-03-27,,,,,,
구로구,11530,10600,고척동,339,11530-3373,고척파크푸르지오,,59.89,1,2009,74000,2021-03-31,,,,,,
구로구,11530,10100,신도림동,642,11530-127,대림1,,84.95,7,1999,112000,2021-03-26,,,,,,
구로구,11530,10100,신도림동,642,11530-127,대림1,,59.9,6,1999,97000,2021-03-27,,,,,,
구로구,11530,10200,구로동,1058,11530-23,우성(1058),,59.34,18,1995,68000,2021-03-19,,,,,,
구로구,11530,10700,개봉동,481,11530-91,현대,,59.94,14,2001,74200,2021-03-20,,,,,,
구로구,11530,10800,오류동,343,11530-153,금강(343),,60.054,2,2003,67900,2021-03-26,,,,,,
구로구,11530,10900,궁동,178-5,11530-3253,다청림(107동),,79.81,3,2007,40000,2021-03-25,,,,,,
구로구,11530,10100,신도림동,646,11530-163,대림e-편한세상4,,152.07,16,2003,178000,2021-03-22,,,,,,
구로구,11530,10200,구로동,1286,11530-3416,다울숲,,84.32,12,2010,65900,2021-03-22,,,,,,
구로구,11530,10700,개봉동,489,11530-3213,개봉동현대아이파크,,59.99,12,2006,81200,2021-03-20,,,,,,
구로구,11530,10700,개봉동,478,11530-90,한진,,59.95,11,2000,57000,2021-03-23,,,,,,
구로구,11530,10200,구로동,718-22,11530-276,(718-22),,50.26,4,2000,21000,2021-03-24,,,,,,
구로구,11530,10800,오류동,51-31,11530-3818,포스시티,,17.75,19,2014,10800,2021-03-24,,,,,,
구로구,11530,10700,개봉동,476,11530-89,한마을,,123.46,24,1999,91500,2021-03-25,,,,,,
구로구,11530,10100,신도림동,290,11530-133,미성,,83.67,3,1987,96500,2021-03-27,,,,,,
구로구,11530,10200,구로동,743-10,11530-325,(743-10),,37.26,1,1994,25000,2021-03-27,,,,,,
구로구,11530,10200,구로동,797-8,11530-597,봉일(797-8),,42.2,4,1995,26000,2021-03-24,,,,,,
구로구,11530,10700,개봉동,481,11530-91,현대,,59.94,15,2001,73000,2021-03-29,,,,,,
구로구,11530,10800,오류동,343,11530-153,금강(343),,60.054,1,2003,63000,2021-03-27,,,,,,
구로구,11530,10700,개봉동,481,11530-91,현대,,59.94,7,2001,76500,2021-03-27,,,,,,
구로구,11530,10800,오류동,343,11530-153,금강(343),,84.983,3,2003,80000,2021-03-19,,,,,,
구로구,11530,10700,개봉동,472,11530-77,두산,,111.69,16,1997,72000,2021-03-18,,,,,,
구로구,11530,10100,신도림동,642,11530-128,대림2,,134.99,2,2001,125000,2021-03-18,,,,,,
구로구,11530,10200,구로동,1283,11530-3289,근상프리즘,,84.96,6,2007,64400,2021-03-24,,,,,,
구로구,11530,10700,개봉동,478,11530-90,한진,,84.96,4,2000,70000,2021-03-25,,,,,,
구로구,11530,10100,신도림동,692,11530-3480,디큐브시티,,59.16,5,2011,103000,2021-03-22,,,,,,
구로구,11530,10700,개봉동,476,11530-89,한마을,,59.57,9,1999,74000,2021-03-29,,,,,,
구로구,11530,10700,개봉동,478,11530-90,한진,,59.95,16,2000,57000,2021-03-29,,,,,,
구로구,11530,10700,개봉동,493,11530-4223,한양아이클래스구로,,45.32,2,2018,31000,2021-03-26,,,,,,
구로구,11530,10200,구로동,1280,11530-3282,한신휴플러스(1280-0),,50.17,8,2007,69800,2021-03-27,,,,,,
구로구,11530,10700,개봉동,473,11530-81,상우,,96.3,23,1997,67000,2021-03-28,,,,,,
구로구,11530,10200,구로동,1267,11530-17,신도림태영타운,,84.87,19,2000,119000,2021-03-25,,,,,,
구로구,11530,10700,개봉동,481,11530-91,현대,,84.99,1,2001,78000,2021-03-18,,,,,,
구로구,11530,10200,구로동,1263,11530-11,신도림롯데아파트,,170.3,11,1999,135000,2021-03-15,,,,,,
구로구,11530,10100,신도림동,290,11530-133,미성,,83.67,13,1987,95000,2021-03-27,,,,,,
구로구,11530,10100,신도림동,645,11530-132,동아3,,60,5,2000,109000,2021-03-17,,,,,,
구로구,11530,10200,구로동,796-14,11530-579,(796-14),,49.84,3,1996,26000,2021-03-25,,,,,,
구로구,11530,10200,구로동,1259,11530-1,구일우성,,84.49,2,1998,71700,2021-03-16,,,,,,
구로구,11530,10200,구로동,1257,11530-10,럭키,,56.11,5,1992,60000,2021-03-16,,,,,,
구로구,11530,10700,개봉동,481,11530-91,현대,,59.94,24,2001,74500,2021-03-20,,,,,,
구로구,11530,10600,고척동,76-55,11530-61,"우성,현대아파트",,68.7,6,1987,64000,2021-03-27,,,,,,
구로구,11530,10700,개봉동,481,11530-91,현대,,59.94,9,2001,73500,2021-03-24,,,,,,
구로구,11530,10100,신도림동,646,11530-163,대림e-편한세상4,,117.74,16,2003,172500,2021-03-12,,,,,,
구로구,11530,10100,신도림동,290,11530-133,미성,,37.91,13,1987,64800,2021-03-27,,,,,,
구로구,11530,10200,구로동,749-5,11530-412,(749-5),,55.44,1,1998,26000,2021-03-23,,,,,,
구로구,11530,10200,구로동,104-3,11530-3783,해담채3,,13.39,13,2014,10100,2021-03-26,,,,,,
구로구,11530,10600,고척동,141-1,11530-56,서울가든,,84.99,1,1989,73000,2021-03-13,,,,,,
구로구,11530,10200,구로동,104-9,11530-43,성호메이플라워멤버스빌,,41.4,10,2002,20600,2021-03-28,,,,,,
구로구,11530,10200,구로동,256-1,11530-171,삼성래미안,,78.665,5,2004,88000,2021-03-17,,,,,,
구로구,11530,10700,개봉동,481,11530-91,현대,,59.94,24,2001,76000,2021-03-23,,,,,,
구로구,11530,10800,오류동,340,11530-105,삼천리,,59.73,6,1998,58500,2021-03-08,,,,,,
구로구,11530,10100,신도림동,647,11530-150,대림e-편한세상5,,84.789,13,2003,132000,2021-03-12,,,,,,
구로구,11530,10200,구로동,804-4,11530-637,구로아트빌라9,,59.89,4,1997,21500,2021-03-27,,,,,,
구로구,11530,10700,개봉동,478,11530-90,한진,,84.96,11,2000,68000,2021-03-22,,,,,,
구로구,11530,10600,고척동,141-1,11530-56,서울가든,,84.99,3,1989,69300,2021-03-12,,,,,,
구로구,11530,10700,개봉동,492,11530-3798,개봉푸르지오,,71.86,10,2014,87000,2021-03-18,,,,,,
구로구,11530,10800,오류동,46-1,11530-3146,이좋은집,,36.69,12,2005,19650,2021-03-30,,,,,,
구로구,11530,10200,구로동,104-9,11530-43,성호메이플라워멤버스빌,,41.4,4,2002,19600,2021-03-13,,,,,,
구로구,11530,10700,개봉동,335-1,11530-76,동인,,78.64,6,1989,42500,2021-03-12,,,,,,
구로구,11530,10700,개봉동,489,11530-3213,개봉동현대아이파크,,84.98,2,2006,89000,2021-03-07,,,,,,
구로구,11530,10700,개봉동,481,11530-91,현대,,84.99,5,2001,86700,2021-03-20,,,,,,
구로구,11530,10600,고척동,340,11530-3385,고척LIG리가1차,,84.98,7,2009,80500,2021-03-12,,,,,,
구로구,11530,10200,구로동,104-9,11530-43,성호메이플라워멤버스빌,,41.4,10,2002,20800,2021-03-24,,,,,,
구로구,11530,10600,고척동,57-9,11530-53,산업인,,47.01,1,1976,33900,2021-03-20,,,,,,
구로구,11530,10700,개봉동,493,11530-4223,한양아이클래스구로,,48.24,3,2018,37000,2021-03-12,,,,,,
구로구,11530,10700,개봉동,476,11530-89,한마을,,84.57,6,1999,83000,2021-03-18,,,,,,
구로구,11530,10200,구로동,780-58,11530-503,(780-58),,33.52,2,1997,22000,2021-03-29,,,,,,
구로구,11530,10200,구로동,744-15,11530-353,(744-15),,45.45,4,1996,28000,2021-03-24,,,,,,
구로구,11530,10200,구로동,799-1,11530-621,대성,,37.14,5,1995,19500,2021-03-24,,,,,,
구로구,11530,10200,구로동,744-3,11530-347,(744-3),,38.81,1,1998,19000,2021-03-30,,,,,,
구로구,11530,10700,개봉동,312-38,11530-74,길훈,,59.57,1,1988,21700,2021-03-23,,,,,,
구로구,11530,10200,구로동,1268,11530-21,영화참마음,,84.63,11,2001,82500,2021-03-13,,,,,,
구로구,11530,10100,신도림동,642,11530-128,대림2,,59.88,13,2001,92500,2021-03-15,,,,,,
구로구,11530,10200,구로동,1265,11530-9,구로두산,,63.33,14,1998,66000,2021-03-09,,,,,,
구로구,11530,10200,구로동,43-4,11530-4,다솜금호,,84.35,1,1995,64500,2021-03-04,,,,,,
구로구,11530,10200,구로동,744-19,11530-356,(744-19),,45.64,1,1996,20000,2021-03-27,,,,,,
구로구,11530,10100,신도림동,649,11530-168,대림e-편한세상7,,84.928,5,2004,135000,2021-03-27,,,,,,
구로구,11530,10700,개봉동,478,11530-90,한진,,59.95,10,2000,55500,2021-03-13,,,,,,
구로구,11530,10700,개봉동,493,11530-4223,한양아이클래스구로,,45.32,7,2018,26100,2021-03-29,,,,,,
구로구,11530,10200,구로동,104-6,11530-3700,그린플러스구로해담채2,,13.23,13,2013,11400,2021-03-31,,,,,,
구로구,11530,10200,구로동,792-86,11530-545,(792-86),,47.5,1,1996,19000,2021-03-29,,,,,,
구로구,11530,10200,구로동,1265,11530-9,구로두산,,44.64,3,1998,52500,2021-03-20,,,,,,
구로구,11530,10600,고척동,57-9,11530-53,산업인,,47.27,1,1976,33000,2021-03-26,,,,,,
구로구,11530,10700,개봉동,488,11530-3141,영화아이닉스,,84.98,11,2005,62000,2021-03-09,,,,,,
구로구,11530,10200,구로동,1287,11530-3509,구로지웰,,59.651,1,2011,55000,2021-03-20,,,,,,
구로구,11530,10100,신도림동,290,11530-133,미성,,37.91,2,1987,55600,2021-03-24,,,,,,
구로구,11530,10200,구로동,1280,11530-3282,한신휴플러스(1280-0),,50.03,15,2007,67500,2021-03-05,,,,,,
구로구,11530,10800,오류동,344,11530-152,경남아너스빌,,84.98,10,2003,78000,2021-03-08,,,,,,
구로구,11530,10700,개봉동,481,11530-91,현대,,84.99,11,2001,85000,2021-03-12,,,,,,
구로구,11530,10200,구로동,1267,11530-17,신도림태영타운,,84.87,2,2000,109000,2021-03-20,,,,,,
구로구,11530,10700,개봉동,478,11530-90,한진,,59.95,14,2000,59000,2021-03-15,,,,,,
구로구,11530,10700,개봉동,478,11530-90,한진,,84.96,23,2000,69500,2021-03-16,,,,,,
구로구,11530,10200,구로동,415-37,11530-174,한일퍼스트빌(415-37),,83.18,3,2004,29000,2021-03-10,O,21.04.12,,,,
구로구,11530,10200,구로동,104-9,11530-43,성호메이플라워멤버스빌,,41.4,7,2002,20500,2021-03-08,,,,,,
구로구,11530,10800,오류동,34-13,11530-3799,썬앤빌,,14.064,8,2014,8300,2021-03-20,,,,,,
구로구,11530,10600,고척동,342,11530-3437,벽산베스트블루밍,,84.742,13,2010,86900,2021-03-26,,,,,,
구로구,11530,10700,개봉동,481,11530-91,현대,,59.94,10,2001,75000,2021-03-06,,,,,,
구로구,11530,10800,오류동,343,11530-153,금강(343),,60.054,5,2003,70000,2021-03-26,,,,,,
구로구,11530,10200,구로동,97,11530-3762,로제리움2차,,14.91,16,2014,11500,2021-03-30,,,,,,
구로구,11530,10200,구로동,642-9,11530-35,한신,,44.78,6,1988,53500,2021-03-10,,,,,,
구로구,11530,10600,고척동,57-9,11530-53,산업인,,48.04,4,1976,33000,2021-03-17,,,,,,
구로구,11530,10800,오류동,292-10,11530-189,우창굿모닝,,102.99,3,2004,44000,2021-03-10,,,,,,
구로구,11530,10200,구로동,98-14,11530-4316,마인드에코프라움,,35.34,14,2019,33600,2021-03-05,,,,,,
구로구,11530,10200,구로동,1265,11530-9,구로두산,,44.64,10,1998,53000,2021-03-21,,,,,,
구로구,11530,10600,고척동,57-9,11530-53,산업인,,89.27,1,1976,62000,2021-03-27,,,,,,
구로구,11530,10200,구로동,314,11530-2,극동,,58.22,11,1984,49850,2021-03-06,,,,,,
구로구,11530,10600,고척동,57-9,11530-53,산업인,,47.23,3,1976,34000,2021-03-23,,,,,,
구로구,11530,10800,오류동,336,11530-142,동부(101동~103동),,59.98,14,1998,43000,2021-03-18,,,,,,
구로구,11530,10800,오류동,46-1,11530-3146,이좋은집,,36.69,7,2005,17700,2021-03-02,,,,,,
구로구,11530,10200,구로동,106,11530-144,동도아르떼빌,,83.01,8,2003,48800,2021-03-13,,,,,,
구로구,11530,10200,구로동,642-9,11530-35,한신,,35.277,5,1988,40000,2021-03-09,,,,,,
구로구,11530,10800,오류동,338,11530-102,동부골든,,59.94,1,1998,48000,2021-03-18,,,,,,
구로구,11530,10200,구로동,1267,11530-17,신도림태영타운,,84.87,16,2000,120000,2021-03-20,,,,,,
구로구,11530,10200,구로동,1257,11530-10,럭키,,56.11,9,1992,62900,2021-03-12,,,,,,
구로구,11530,10600,고척동,57-9,11530-53,산업인,,47,4,1976,33750,2021-03-24,,,,,,
구로구,11530,10700,개봉동,477,11530-75,대상,,84.98,20,1999,59900,2021-03-07,,,,,,
구로구,11530,10100,신도림동,435-10,11530-3291,신도림3차푸르지오,,82.8,5,2007,99000,2021-03-18,,,,,,
구로구,11530,10700,개봉동,478,11530-90,한진,,59.95,23,2000,60000,2021-03-09,,,,,,
구로구,11530,10700,개봉동,476,11530-89,한마을,,59.57,18,1999,73000,2021-03-08,,,,,,
구로구,11530,10200,구로동,44-8,11530-3730,비즈트위트오렌지,,15.6,4,2013,13000,2021-03-29,,,,,,
구로구,11530,10200,구로동,44-8,11530-3730,비즈트위트오렌지,,15.6,5,2013,11500,2021-03-19,,,,,,
구로구,11530,10200,구로동,1058,11530-23,우성(1058),,84.38,15,1995,80000,2021-03-12,,,,,,
구로구,11530,10200,구로동,1259,11530-1,구일우성,,59.44,23,1998,61000,2021-03-13,,,,,,
구로구,11530,10200,구로동,642-9,11530-35,한신,,35.277,3,1988,40600,2021-03-13,,,,,,
구로구,11530,10300,가리봉동,139,11530-46,효성,,84.87,4,1998,56500,2021-03-13,,,,,,
구로구,11530,10200,구로동,747-34,11530-395,(747-34),,49.11,4,2000,21600,2021-03-15,,,,,,
구로구,11530,10700,개봉동,493,11530-4223,한양아이클래스구로,,47.74,2,2018,32500,2021-03-08,,,,,,
구로구,11530,10200,구로동,685-223,11530-137,주공2,,32.39,1,1987,51000,2021-03-05,,,,,,
구로구,11530,10200,구로동,781-12,11530-512,(781-12),,50.32,4,1997,21000,2021-03-13,,,,,,
구로구,11530,10600,고척동,57-9,11530-53,산업인,,47,3,1976,34800,2021-03-12,,,,,,
구로구,11530,10200,구로동,685-223,11530-137,주공2,,32.39,4,1987,52000,2021-03-13,,,,,,
구로구,11530,10100,신도림동,642,11530-128,대림2,,59.82,12,2001,97000,2021-03-13,,,,,,
구로구,11530,10100,신도림동,642,11530-127,대림1,,84.95,3,1999,111000,2021-03-05,,,,,,
구로구,11530,10200,구로동,685-154,11530-5,다원그린빌,,114.84,4,1999,81000,2021-03-13,,,,,,
구로구,11530,10800,오류동,343,11530-153,금강(343),,60.054,5,2003,74000,2021-03-12,,,,,,
구로구,11530,10600,고척동,57-9,11530-53,산업인,,47.01,4,1976,33900,2021-03-18,,,,,,
구로구,11530,10800,오류동,108-76,11530-3311,유한수목원,,74.94,7,2008,36700,2021-03-25,,,,,,
구로구,11530,10700,개봉동,481,11530-91,현대,,84.99,3,2001,85500,2021-03-13,,,,,,
구로구,11530,10100,신도림동,290,11530-133,미성,,66.03,10,1987,81000,2021-03-13,,,,,,
구로구,11530,10800,오류동,46-1,11530-3146,이좋은집,,36.69,3,2005,19500,2021-03-15,,,,,,
구로구,11530,10600,고척동,339,11530-3373,고척파크푸르지오,,59.89,6,2009,80800,2021-03-20,,,,,,
구로구,11530,10200,구로동,796-65,11530-594,(796-65)삼성주택,,44,5,1985,17500,2021-03-25,,,,,,
구로구,11530,10100,신도림동,642,11530-127,대림1,,59.9,20,1999,94000,2021-03-04,,,,,,
구로구,11530,10700,개봉동,476,11530-89,한마을,,84.57,19,1999,88000,2021-03-03,,,,,,
구로구,11530,10200,구로동,1265,11530-9,구로두산,,44.64,22,1998,49000,2021-03-17,,,,,,
구로구,11530,10200,구로동,1058,11530-23,우성(1058),,84.38,14,1995,82500,2021-03-23,,,,,,
구로구,11530,10800,오류동,343,11530-153,금강(343),,84.983,5,2003,94000,2021-03-08,,,,,,
구로구,11530,10700,개봉동,480,11530-92,현대홈타운,,84.915,28,2001,80000,2021-03-13,,,,,,
구로구,11530,10300,가리봉동,139,11530-46,효성,,59.94,15,1998,42000,2021-03-13,,,,,,
구로구,11530,10200,구로동,747-35,11530-396,(747-35),,50.52,3,1982,23500,2021-03-16,,,,,,
구로구,11530,10200,구로동,685-222,11530-29,주공1,,84.87,1,1986,94500,2021-03-03,,,,,,
구로구,11530,10800,오류동,31-4,11530-3224,오류동휘버스,,83.97,3,2006,41300,2021-03-16,,,,,,
구로구,11530,10200,구로동,685-70,11530-39,현대연예인,,84.91,5,1989,72000,2021-03-01,,,,,,
구로구,11530,10200,구로동,256-1,11530-171,삼성래미안,,78.665,8,2004,94000,2021-03-03,,,,,,
구로구,11530,10700,개봉동,476,11530-89,한마을,,59.57,4,1999,74000,2021-03-13,,,,,,
구로구,11530,10200,구로동,1265,11530-9,구로두산,,44.64,10,1998,53000,2021-03-08,,,,,,
구로구,11530,10200,구로동,1278,11530-3249,구로두산위브,,50.14,12,2006,70000,2021-03-03,,,,,,
구로구,11530,10200,구로동,314,11530-2,극동,,55.57,6,1984,45000,2021-03-16,,,,,,
구로구,11530,10700,개봉동,20-1,11530-87,창동,,46.08,5,1987,26000,2021-03-23,,,,,,
구로구,11530,10800,오류동,9-231,11530-4466,오류동삼전솔하임,,15.943,7,2020,13300,2021-03-11,,,,,,
구로구,11530,10100,신도림동,290,11530-133,미성,,52.45,10,1987,71000,2021-03-02,,,,,,
구로구,11530,10200,구로동,104-9,11530-43,성호메이플라워멤버스빌,,31.75,9,2002,14000,2021-03-05,,,,,,
구로구,11530,10900,궁동,290,11530-3262,우남푸르미아,,84.958,2,2007,51000,2021-03-11,,,,,,
구로구,11530,10600,고척동,296,11530-51,대우,,84.98,4,1999,73800,2021-03-05,,,,,,
구로구,11530,10700,개봉동,476,11530-89,한마을,,84.57,3,1999,84000,2021-03-23,,,,,,
구로구,11530,10800,오류동,338,11530-102,동부골든,,59.94,11,1998,50800,2021-03-06,,,,,,
구로구,11530,10100,신도림동,637,11530-141,우성3,,84.75,3,1993,115000,2021-03-03,,,,,,
구로구,11530,10100,신도림동,639,11530-140,우성2,,84.82,11,1996,114500,2021-03-13,,,,,,
구로구,11530,10200,구로동,42,11530-148,신도림LG자이,,84.952,31,2004,107000,2021-03-01,,,,,,
구로구,11530,10700,개봉동,493,11530-4223,한양아이클래스구로,,48.24,12,2018,36900,2021-03-03,,,,,,
구로구,11530,10100,신도림동,646,11530-163,대림e-편한세상4,,84.78,3,2003,145000,2021-03-06,,,,,,
구로구,11530,10200,구로동,104-8,11530-3973,비즈트위트레드,,20.84,6,2016,16900,2021-03-02,,,,,,
구로구,11530,10200,구로동,1263,11530-11,신도림롯데아파트,,59.68,13,1999,85800,2021-03-08,,,,,,
구로구,11530,10200,구로동,1271,11530-161,보람쉬움,,81.0944,4,2003,62500,2021-03-10,,,,,,
구로구,11530,10200,구로동,74-30,11530-36,현대,,72.33,12,1988,66800,2021-03-13,,,,,,
구로구,11530,10200,구로동,1267,11530-17,신도림태영타운,,84.87,9,2000,114500,2021-03-13,,,,,,
구로구,11530,10800,오류동,340,11530-105,삼천리,,59.73,24,1998,59500,2021-03-06,O,21.04.02,,,,
구로구,11530,10700,개봉동,476,11530-89,한마을,,84.57,23,1999,88000,2021-03-02,,,,,,
구로구,11530,10700,개봉동,480,11530-92,현대홈타운,,59.49,16,2001,69000,2021-03-05,,,,,,
구로구,11530,10700,개봉동,335-1,11530-76,동인,,67.36,6,1989,42000,2021-03-13,,,,,,
구로구,11530,10100,신도림동,290,11530-133,미성,,37.91,11,1987,64000,2021-03-01,,,,,,
구로구,11530,10700,개봉동,170-30,11530-82,신개봉삼환,,84.99,17,2001,70000,2021-03-02,,,,,,
구로구,11530,10100,신도림동,642,11530-128,대림2,,84.95,12,2001,120000,2021-03-02,,,,,,
구로구,11530,10700,개봉동,471,11530-79,삼호,,84.88,18,1996,71500,2021-03-01,,,,,,
구로구,11530,10800,오류동,345,11530-190,동선,,58.2159,18,2004,49000,2021-03-08,,,,,,
구로구,11530,10200,구로동,1259,11530-1,구일우성,,84.49,5,1998,71400,2021-03-13,,,,,,
구로구,11530,10800,오류동,343,11530-153,금강(343),,60.054,2,2003,67800,2021-03-11,,,,,,
구로구,11530,10200,구로동,1259,11530-1,구일우성,,59.44,21,1998,59500,2021-03-05,,,,,,
구로구,11530,10700,개봉동,472,11530-77,두산,,59.69,21,1997,59000,2021-03-05,,,,,,
구로구,11530,10700,개봉동,481,11530-91,현대,,114.99,13,2001,96000,2021-03-01,,,,,,
구로구,11530,10700,개봉동,471,11530-79,삼호,,84.88,14,1996,66650,2021-03-06,,,,,,
구로구,11530,10700,개봉동,478,11530-90,한진,,59.95,15,2000,52500,2021-03-12,,,,,,
구로구,11530,10700,개봉동,480,11530-92,현대홈타운,,59.49,3,2001,64700,2021-03-16,,,,,,
구로구,11530,10700,개봉동,478,11530-90,한진,,59.95,7,2000,56500,2021-03-13,,,,,,
구로구,11530,10900,궁동,236-4,11530-3276,뉴파인,,76.17,6,2007,32200,2021-03-04,,,,,,
구로구,11530,11000,온수동,83,11530-241,온수동,,84.98,5,2001,28000,2021-03-05,,,,,,
구로구,11530,10200,구로동,104-3,11530-3783,해담채3,,13.39,15,2014,10000,2021-03-16,,,,,,
구로구,11530,10200,구로동,104-3,11530-3783,해담채3,,13.39,16,2014,10000,2021-03-16,,,,,,
구로구,11530,10200,구로동,104-3,11530-3783,해담채3,,13.39,12,2014,10000,2021-03-16,,,,,,
구로구,11530,10200,구로동,314,11530-2,극동,,58.17,1,1984,48800,2021-03-08,,,,,,
구로구,11530,10700,개봉동,488,11530-3141,영화아이닉스,,65.71,9,2005,57800,2021-03-10,,,,,,
구로구,11530,10100,신도림동,646,11530-163,대림e-편한세상4,,117.74,5,2003,168000,2021-03-03,,,,,,
구로구,11530,10600,고척동,339,11530-3373,고척파크푸르지오,,59.89,5,2009,79000,2021-03-03,,,,,,
구로구,11530,11200,항동,16-33,11530-3287,동보수목원,,84.87,2,2007,34500,2021-03-07,,,,,,
구로구,11530,10200,구로동,107-4,11530-3660,비즈트위트블루,,16.04,7,2012,12500,2021-03-16,,,,,,
구로구,11530,10200,구로동,685-124,11530-30,중앙하이츠,,70.52,4,1987,69800,2021-03-05,,,,,,
구로구,11530,10800,오류동,344,11530-152,경남아너스빌,,84.98,20,2003,74700,2021-03-02,,,,,,
구로구,11530,10700,개봉동,481,11530-91,현대,,59.94,20,2001,76000,2021-03-06,,,,,,
구로구,11530,10700,개봉동,175-8,11530-88,청실,,64.56,12,1987,52900,2021-03-01,,,,,,
구로구,11530,10100,신도림동,290,11530-133,미성,,83.67,10,1987,95000,2021-03-02,,,,,,
구로구,11530,10700,개봉동,476,11530-89,한마을,,59.57,23,1999,76500,2021-03-01,,,,,,
구로구,11530,10700,개봉동,472,11530-77,두산,,59.69,13,1997,60000,2021-03-06,,,,,,
구로구,11530,10800,오류동,31-4,11530-3224,오류동휘버스,,83.97,8,2006,39000,2021-03-10,,,,,,
구로구,11530,10200,구로동,1278,11530-3249,구로두산위브,,36.88,5,2006,54000,2021-03-04,,,,,,
구로구,11530,10700,개봉동,480,11530-92,현대홈타운,,84.915,14,2001,79500,2021-03-01,,,,,,
구로구,11530,10200,구로동,746-49,11530-389,계영주택(746-49),,59.88,1,1996,23000,2021-03-05,,,,,,
구로구,11530,10600,고척동,338,11530-3323,마젤란,,84.923,5,2008,74900,2021-03-05,,,,,,
구로구,11530,10600,고척동,141-1,11530-56,서울가든,,84.99,5,1989,68300,2021-03-05,,,,,,
구로구,11530,10700,개봉동,470,11530-80,삼환,,114.48,15,1995,76000,2021-03-01,,,,,,
구로구,11530,10900,궁동,236-4,11530-3276,뉴파인,,75.94,5,2007,34700,2021-03-10,,,,,,
구로구,11530,10800,오류동,345,11530-190,동선,,58.2159,8,2004,50000,2021-03-11,,,,,,
구로구,11530,10200,구로동,108-2,11530-15,새솔금호,,59.9,7,1996,54000,2021-03-05,,,,,,
구로구,11530,10200,구로동,98-10,11530-3652,비즈트위트그린,,15.11,15,2012,12500,2021-03-09,,,,,,
구로구,11530,10200,구로동,1278,11530-3249,구로두산위브,,36.88,9,2006,53500,2021-03-02,,,,,,
구로구,11530,10200,구로동,74-30,11530-36,현대,,56.49,11,1988,57000,2021-03-03,,,,,,
구로구,11530,10600,고척동,325,11530-48,경남1,,84.85,6,1998,59000,2021-03-01,,,,,,
구로구,11530,10700,개봉동,489,11530-3213,개봉동현대아이파크,,84.98,16,2006,92000,2021-03-06,,,,,,
구로구,11530,10900,궁동,112-10,11530-159,호수1차A동,,75.37,1,2003,27000,2021-03-08,,,,,,
구로구,11530,10600,고척동,57-9,11530-53,산업인,,47.01,2,1976,34000,2021-03-05,,,,,,
구로구,11530,10200,구로동,1277,11530-175,우리유앤미,,84.54,12,2004,73000,2021-03-09,,,,,,
구로구,11530,10700,개봉동,63-15,11530-3137,수영힐(나동),,76.58,2,2005,35000,2021-03-06,,,,,,
구로구,11530,10900,궁동,290,11530-3262,우남푸르미아,,84.974,5,2007,59000,2021-03-08,,,,,,
구로구,11530,11100,천왕동,282,11530-3514,천왕이펜하우스1단지,,59.94,2,2011,78000,2021-03-05,,,,,,
구로구,11530,10200,구로동,44-8,11530-3730,비즈트위트오렌지,,14.88,3,2013,12900,2021-03-05,,,,,,
구로구,11530,10100,신도림동,647,11530-150,대림e-편한세상5,,84.789,2,2003,115000,2021-03-01,,,,,,
구로구,11530,10200,구로동,685-223,11530-137,주공2,,32.39,6,1987,32000,2021-03-04,,,,,,
구로구,11530,10800,오류동,75-2,11530-4009,오류동역솔리스타,,19.09,8,2016,10500,2021-03-04,,,,,,
구로구,11530,10700,개봉동,478,11530-90,한진,,59.95,8,2000,57850,2021-03-01,,,,,,
구로구,11530,10200,구로동,1285,11530-3371,대림역경남아너스빌,,84.8382,4,2009,75000,2021-03-02,,,,,,
구로구,11530,10800,오류동,193-17,11530-3689,양지쉐르빌아파트,,53.7,1,2013,36000,2021-03-02,,,,,,
금천구,11545,10300,시흥동,1026,11545-1642,남서울힐스테이트,,84.697,5,2014,97000,2021-03-16,,,,,,
금천구,11545,10300,시흥동,992-2,11545-33,남서울건영아파트,,77.02,12,1982,62500,2021-03-27,,,,,,
금천구,11545,10300,시흥동,1010,11545-39,벽산,,84.99,8,2000,61000,2021-03-30,,,,,,
금천구,11545,10300,시흥동,1026,11545-1642,남서울힐스테이트,,84.697,16,2014,101200,2021-03-29,,,,,,
금천구,11545,10300,시흥동,1026,11545-1642,남서울힐스테이트,,59.817,9,2014,86000,2021-03-29,,,,,,
금천구,11545,10100,가산동,140-36,11545-1957,비즈트위트바이올렛5차,,12.19,11,2014,9500,2021-03-23,,,,,,
금천구,11545,10200,독산동,1150,11545-2369,금천롯데캐슬골드파크2차201동202동,,59.27,31,2017,94500,2021-03-22,,,,,,
금천구,11545,10200,독산동,1147,11545-2262,금천롯데캐슬골드파크1차,,72.5249,7,2016,115000,2021-03-27,,,,,,
금천구,11545,10200,독산동,1088,11545-17,독산주공14단지,,38.64,1,1990,34900,2021-03-22,,,,,,
금천구,11545,10100,가산동,140-36,11545-1957,비즈트위트바이올렛5차,,12.19,10,2014,9500,2021-03-23,,,,,,
금천구,11545,10300,시흥동,1010,11545-39,벽산,,84.99,6,2000,57500,2021-03-31,,,,,,
금천구,11545,10100,가산동,140-36,11545-1957,비즈트위트바이올렛5차,,12.19,8,2014,12000,2021-03-18,,,,,,
금천구,11545,10200,독산동,184-3,11545-25,아셈그린힐,,59.95,6,2002,35000,2021-03-29,,,,,,
금천구,11545,10100,가산동,769,11545-2,두산,,84.9,17,1998,72000,2021-03-16,,,,,,
금천구,11545,10200,독산동,1132,11545-10,목화101,,59.95,8,1996,38000,2021-03-15,,,,,,
금천구,11545,10200,독산동,711-2,11545-23,금천현대,,84.83,8,2002,73000,2021-03-24,,,,,,
금천구,11545,10200,독산동,955,11545-27,신도브래뉴,,55.55,13,2002,55300,2021-03-17,,,,,,
금천구,11545,10200,독산동,1155,11545-2479,금천롯데캐슬골드파크3차,,59.9672,35,2018,101000,2021-03-13,,,,,,
금천구,11545,10200,독산동,711-2,11545-23,금천현대,,84.83,16,2002,69900,2021-03-10,O,21.09.09,,,,
금천구,11545,10200,독산동,1155,11545-2479,금천롯데캐슬골드파크3차,,84.408,21,2018,136500,2021-03-16,,,,,,
금천구,11545,10100,가산동,140-36,11545-1957,비즈트위트바이올렛5차,,12.31,9,2014,13500,2021-03-25,,,,,,
금천구,11545,10200,독산동,1088,11545-17,독산주공14단지,,38.64,15,1990,38700,2021-03-24,,,,,,
금천구,11545,10300,시흥동,1013,11545-55,관악산벽산타운5,,59.34,12,2004,50000,2021-03-20,,,,,,
금천구,11545,10300,시흥동,1010,11545-39,벽산,,84.99,1,2000,57000,2021-03-27,,,,,,
금천구,11545,10300,시흥동,1026,11545-1642,남서울힐스테이트,,59.817,12,2014,86000,2021-03-21,,,,,,
금천구,11545,10300,시흥동,1002-1,11545-36,럭키남서울아파트,,41.22,1,1981,55000,2021-03-20,,,,,,
금천구,11545,10300,시흥동,1013,11545-55,관악산벽산타운5,,59.34,11,2004,50000,2021-03-14,,,,,,
금천구,11545,10300,시흥동,1013,11545-55,관악산벽산타운5,,114.84,6,2004,70000,2021-03-19,,,,,,
금천구,11545,10200,독산동,1088,11545-17,독산주공14단지,,44.89,10,1990,44000,2021-03-20,,,,,,
금천구,11545,10300,시흥동,5-13,11545-41,삼익,,59.9,12,1999,44900,2021-03-30,,,,,,
금천구,11545,10200,독산동,887-5,11545-86,청호센트레빌,,72.36,5,2003,35300,2021-03-13,,,,,,
금천구,11545,10100,가산동,140-9,11545-1860,가산지웰에스테이트,,15.52,7,2013,14500,2021-03-19,,,,,,
금천구,11545,10300,시흥동,5-13,11545-41,삼익,,59.9,18,1999,48000,2021-03-15,,,,,,
금천구,11545,10100,가산동,141-2,11545-1825,가산양우내안에애플,,12.04,13,2013,9800,2021-03-16,,,,,,
금천구,11545,10200,독산동,965-1,11545-87,예전이룸(965-1),,54.832,5,2003,37200,2021-03-23,,,,,,
금천구,11545,10200,독산동,1093-4,11545-22,한신아파트,,89.46,4,1991,77000,2021-03-19,,,,,,
금천구,11545,10100,가산동,140-9,11545-1860,가산지웰에스테이트,,16.26,7,2013,16000,2021-03-29,,,,,,
금천구,11545,10200,독산동,303-1,11545-151,은탑로얄클라스,,101.9,8,2001,45000,2021-03-13,,,,,,
금천구,11545,10300,시흥동,1002-1,11545-36,럭키남서울아파트,,41.22,9,1981,59000,2021-03-29,,,,,,
금천구,11545,10200,독산동,1003-21,11545-149,태영아파트,,59.86,19,2001,42000,2021-03-07,,,,,,
금천구,11545,10300,시흥동,1010,11545-39,벽산,,84.99,10,2000,57250,2021-03-27,,,,,,
금천구,11545,10300,시흥동,1013,11545-55,관악산벽산타운5,,59.34,11,2004,51000,2021-03-15,,,,,,
금천구,11545,10300,시흥동,1026,11545-1642,남서울힐스테이트,,84.697,5,2014,97000,2021-03-16,O,21.05.13,,,,
금천구,11545,10200,독산동,1155,11545-2479,금천롯데캐슬골드파크3차,,59.9662,30,2018,101700,2021-03-05,,,,,,
금천구,11545,10100,가산동,769,11545-2,두산,,59.84,13,1998,67500,2021-03-20,,,,,,
금천구,11545,10200,독산동,1088,11545-17,독산주공14단지,,38.64,8,1990,36500,2021-03-20,,,,,,
금천구,11545,10200,독산동,1006-132,11545-15,삼환아파트,,59.94,4,1998,44750,2021-03-16,,,,,,
금천구,11545,10300,시흥동,1006,11545-40,벽산3,,59.94,10,1998,42850,2021-03-28,,,,,,
금천구,11545,10300,시흥동,1011,11545-63,우방,,84.84,7,2002,71800,2021-03-30,,,,,,
금천구,11545,10100,가산동,234-46,11545-3,삼익,,59.94,15,1998,52500,2021-03-22,,,,,,
금천구,11545,10100,가산동,769,11545-2,두산,,84.9,2,1998,68000,2021-03-31,,,,,,
금천구,11545,10300,시흥동,1026,11545-1642,남서울힐스테이트,,115.801,8,2014,108000,2021-03-13,,,,,,
금천구,11545,10300,시흥동,1013,11545-55,관악산벽산타운5,,84.97,12,2004,64500,2021-03-20,,,,,,
금천구,11545,10200,독산동,1088,11545-17,독산주공14단지,,38.64,1,1990,36200,2021-03-23,,,,,,
금천구,11545,10200,독산동,1093-4,11545-22,한신아파트,,89.46,13,1991,77200,2021-03-10,,,,,,
금천구,11545,10300,시흥동,817-29,11545-45,시흥(817-29),,39.83,3,1975,13500,2021-03-29,,,,,,
금천구,11545,10300,시흥동,1013,11545-55,관악산벽산타운5,,84.97,18,2004,59500,2021-03-29,,,,,,
금천구,11545,10100,가산동,140-36,11545-1957,비즈트위트바이올렛5차,,12.19,11,2014,12000,2021-03-22,,,,,,
금천구,11545,10200,독산동,1147,11545-2262,금천롯데캐슬골드파크1차,,84.4214,9,2016,123000,2021-03-05,,,,,,
금천구,11545,10300,시흥동,1013,11545-55,관악산벽산타운5,,59.34,15,2004,51500,2021-03-27,,,,,,
금천구,11545,10200,독산동,1147,11545-2262,금천롯데캐슬골드파크1차,,84.4214,29,2016,120000,2021-03-03,,,,,,
금천구,11545,10200,독산동,1147,11545-2262,금천롯데캐슬골드파크1차,,84.8114,26,2016,125000,2021-03-12,,,,,,
금천구,11545,10300,시흥동,1013,11545-55,관악산벽산타운5,,59.34,11,2004,49500,2021-03-09,,,,,,
금천구,11545,10100,가산동,141-2,11545-1825,가산양우내안에애플,,12.04,11,2013,9500,2021-03-31,,,,,,
금천구,11545,10200,독산동,1136,11545-21,진도3차아파트,,59.34,14,1999,60000,2021-03-09,,,,,,
금천구,11545,10300,시흥동,1013,11545-55,관악산벽산타운5,,84.97,13,2004,65000,2021-03-23,,,,,,
금천구,11545,10300,시흥동,1013,11545-55,관악산벽산타운5,,84.97,18,2004,63500,2021-03-08,,,,,,
금천구,11545,10200,독산동,994-33,11545-167,한아101(994-33),,84.87,4,2004,40000,2021-03-19,,,,,,
금천구,11545,10300,시흥동,1010,11545-39,벽산,,84.99,7,2000,57000,2021-03-08,,,,,,
금천구,11545,10200,독산동,1093-4,11545-22,한신아파트,,129.66,2,1991,86500,2021-03-01,,,,,,
금천구,11545,10200,독산동,1144,11545-1560,독산동한양수자인,,68.161,6,2011,70500,2021-03-17,,,,,,
금천구,11545,10300,시흥동,1026,11545-1642,남서울힐스테이트,,59.973,4,2014,81900,2021-03-02,,,,,,
금천구,11545,10100,가산동,140-36,11545-1957,비즈트위트바이올렛5차,,12.19,11,2014,12000,2021-03-26,,,,,,
금천구,11545,10300,시흥동,1026,11545-1642,남서울힐스테이트,,59.817,9,2014,84500,2021-03-15,,,,,,
금천구,11545,10300,시흥동,1013,11545-55,관악산벽산타운5,,114.84,1,2004,71000,2021-03-23,,,,,,
금천구,11545,10200,독산동,183-1,11545-7,독산동아아파트,,59.96,12,1997,36000,2021-03-16,,,,,,
금천구,11545,10300,시흥동,1013,11545-55,관악산벽산타운5,,59.34,15,2004,50000,2021-03-20,,,,,,
금천구,11545,10200,독산동,1140,11545-108,독산동중앙하이츠빌,,84.8768,11,2004,82000,2021-03-09,,,,,,
금천구,11545,10200,독산동,378-77,11545-26,동양드림아파트,,61.15,3,2002,21700,2021-03-16,,,,,,
금천구,11545,10300,시흥동,1010,11545-39,벽산,,84.99,18,2000,57000,2021-03-06,,,,,,
금천구,11545,10300,시흥동,1006,11545-40,벽산3,,59.94,11,1998,41500,2021-03-13,,,,,,
금천구,11545,10300,시흥동,1013,11545-55,관악산벽산타운5,,84.97,14,2004,63000,2021-03-22,,,,,,
금천구,11545,10300,시흥동,1013,11545-55,관악산벽산타운5,,84.97,3,2004,63000,2021-03-01,,,,,,
금천구,11545,10200,독산동,907-21,11545-158,한솔아트빌라,,67.88,1,2001,25000,2021-03-06,,,,,,
금천구,11545,10300,시흥동,1016,11545-113,한빛무궁화101동,,68.309,2,2004,42000,2021-03-22,,,,,,
금천구,11545,10200,독산동,711-2,11545-23,금천현대,,59.82,5,2002,60000,2021-03-10,,,,,,
금천구,11545,10300,시흥동,1010,11545-39,벽산,,114.84,15,2000,64000,2021-03-15,,,,,,
금천구,11545,10300,시흥동,1013,11545-55,관악산벽산타운5,,59.34,18,2004,50000,2021-03-13,,,,,,
금천구,11545,10300,시흥동,1026,11545-1642,남서울힐스테이트,,84.677,2,2014,90000,2021-03-14,,,,,,
금천구,11545,10300,시흥동,1010,11545-39,벽산,,59.94,18,2000,44800,2021-03-06,,,,,,
금천구,11545,10300,시흥동,1013,11545-55,관악산벽산타운5,,59.34,16,2004,51000,2021-03-13,,,,,,
금천구,11545,10300,시흥동,882-61,11545-1734,와이즈플레이스,,14.22,19,2012,8800,2021-03-19,,,,,,
금천구,11545,10300,시흥동,1013,11545-55,관악산벽산타운5,,59.34,20,2004,48000,2021-03-06,,,,,,
금천구,11545,10300,시흥동,1013,11545-55,관악산벽산타운5,,59.34,9,2004,49500,2021-03-12,,,,,,
금천구,11545,10200,독산동,711-2,11545-23,금천현대,,59.82,2,2002,59300,2021-03-02,,,,,,
금천구,11545,10300,시흥동,1013,11545-55,관악산벽산타운5,,114.84,17,2004,72000,2021-03-15,,,,,,
금천구,11545,10300,시흥동,956-6,11545-60,거상센스빌(956-6),,70.695,1,2002,30000,2021-03-06,,,,,,
금천구,11545,10300,시흥동,1013,11545-55,관악산벽산타운5,,114.84,16,2004,71300,2021-03-12,,,,,,
금천구,11545,10100,가산동,769,11545-2,두산,,84.9,11,1998,79500,2021-03-07,,,,,,
금천구,11545,10300,시흥동,1002-1,11545-36,럭키남서울아파트,,41.26,4,1981,50000,2021-03-22,,,,,,
금천구,11545,10100,가산동,140-36,11545-1957,비즈트위트바이올렛5차,,12.19,10,2014,11500,2021-03-18,,,,,,
금천구,11545,10300,시흥동,3-28,11545-1393,하나어울림,,63.79,3,2005,22600,2021-03-08,,,,,,
금천구,11545,10200,독산동,183-1,11545-7,독산동아아파트,,59.96,12,1997,36000,2021-03-16,,,,,,
금천구,11545,10200,독산동,183-1,11545-7,독산동아아파트,,59.96,11,1997,35850,2021-03-06,,,,,,
금천구,11545,10200,독산동,1088,11545-17,독산주공14단지,,44.89,4,1990,44000,2021-03-04,,,,,,
금천구,11545,10300,시흥동,1013,11545-55,관악산벽산타운5,,84.97,16,2004,66100,2021-03-06,,,,,,
금천구,11545,10300,시흥동,1010,11545-39,벽산,,59.94,4,2000,44500,2021-03-05,,,,,,
금천구,11545,10100,가산동,141-2,11545-1825,가산양우내안에애플,,12.04,14,2013,12500,2021-03-16,,,,,,
금천구,11545,10300,시흥동,384-12,11545-34,남서울건영2,,61.14,4,1989,49000,2021-03-14,,,,,,
금천구,11545,10300,시흥동,1006,11545-40,벽산3,,59.94,7,1998,42800,2021-03-05,,,,,,
금천구,11545,10300,시흥동,1010,11545-39,벽산,,84.99,13,2000,56800,2021-03-10,,,,,,
금천구,11545,10300,시흥동,1010,11545-39,벽산,,114.84,11,2000,67500,2021-03-03,,,,,,
금천구,11545,10300,시흥동,384-12,11545-34,남서울건영2,,61.14,2,1989,48000,2021-03-05,,,,,,
금천구,11545,10300,시흥동,산173-8,11545-44,성지,,79.42,6,1986,70000,2021-03-09,,,,,,
금천구,11545,10300,시흥동,1010,11545-39,벽산,,59.94,14,2000,44000,2021-03-15,,,,,,
금천구,11545,10200,독산동,889-26,11545-101,장미아파트A동,,67.21,6,2000,34000,2021-03-03,,,,,,
금천구,11545,10200,독산동,917-3,11545-82,해찬아파트,,82.44,5,2003,35400,2021-03-12,,,,,,
금천구,11545,10300,시흥동,1010,11545-39,벽산,,84.99,7,2000,57300,2021-03-01,,,,,,
금천구,11545,10100,가산동,140-36,11545-1957,비즈트위트바이올렛5차,,12.1,9,2014,9800,2021-03-13,,,,,,
금천구,11545,10300,시흥동,1013,11545-55,관악산벽산타운5,,84.97,18,2004,65000,2021-03-08,,,,,,
금천구,11545,10200,독산동,1131,11545-9,라이프,,84.74,14,1996,47000,2021-03-05,,,,,,
금천구,11545,10100,가산동,141-2,11545-1825,가산양우내안에애플,,12.04,13,2013,10600,2021-03-15,,,,,,
금천구,11545,10100,가산동,141-2,11545-1825,가산양우내안에애플,,15.73,13,2013,13500,2021-03-02,,,,,,
금천구,11545,10100,가산동,140-36,11545-1957,비즈트위트바이올렛5차,,12.19,11,2014,9500,2021-03-10,,,,,,
금천구,11545,10300,시흥동,1015,11545-112,시흥베르빌,,81.16,10,2004,84200,2021-03-06,,,,,,
금천구,11545,10300,시흥동,1012,11545-75,백운한비치,,78.1642,1,2003,49800,2021-03-04,,,,,,
금천구,11545,10300,시흥동,1013,11545-55,관악산벽산타운5,,84.97,7,2004,63000,2021-03-01,,,,,,
금천구,11545,10200,독산동,917-3,11545-82,해찬아파트,,82.44,4,2003,34900,2021-03-02,,,,,,
금천구,11545,10100,가산동,145-42,11545-66,백운한비치(나),,82.41,4,2003,28000,2021-03-01,,,,,,
금천구,11545,10100,가산동,141-2,11545-1825,가산양우내안에애플,,12.04,11,2013,12200,2021-03-02,,,,,,
금천구,11545,10100,가산동,141-2,11545-1825,가산양우내안에애플,,12.04,14,2013,12000,2021-03-02,,,,,,
영등포구,11560,11700,당산동,374,11560-49,래미안당산1차,,84.99,11,1995,125000,2021-03-09,,,,,,
영등포구,11560,11000,여의도동,30-2,11560-15,삼부,,135.8,8,1975,257500,2021-03-31,,,,,,
영등포구,11560,11000,여의도동,41,11560-10,대교,,95.5,8,1975,180000,2021-03-31,,,,,,
영등포구,11560,11000,여의도동,55-1,11560-28,대우트럼프월드Ⅰ,,178.5,8,2002,210000,2021-03-29,,,,,,
영등포구,11560,11400,당산동4가,96,11560-1446,당산반도유보라팰리스,,124.62,9,2010,154500,2021-03-30,,,,,,
영등포구,11560,11000,여의도동,47,11560-1369,여의도자이,,182.45,18,2008,273000,2021-03-29,,,,,,
영등포구,11560,13200,신길동,4935,11560-109,신기목련아파트,,59.4,3,2000,59800,2021-03-27,,,,,,
영등포구,11560,12700,양평동3가,79,11560-90,현대3차,,71.5,11,1991,94000,2021-03-26,,,,,,
영등포구,11560,13200,신길동,4934,11560-107,삼성래미안,,114.87,3,2001,119500,2021-03-27,,,,,,
영등포구,11560,11000,여의도동,21-2,11560-8,공작,,126.02,1,1976,230000,2021-03-27,,,,,,
영등포구,11560,13300,대림동,1101-1,11560-1546,(1101-1),,13.9,8,2012,11400,2021-03-26,,,,,,
영등포구,11560,12200,문래동4가,43,11560-63,문래동삼환,,84.98,1,2001,87500,2021-03-27,,,,,,
영등포구,11560,11000,여의도동,52,11560-21,은하,,121.52,12,1974,195000,2021-03-30,,,,,,
영등포구,11560,12300,문래동5가,1,11560-65,문래대림,,84.92,4,2000,83000,2021-03-26,,,,,,
영등포구,11560,11500,당산동5가,42,11560-138,당산삼성래미안4차,,133.42,5,2003,177000,2021-03-22,,,,,,
영등포구,11560,11500,당산동5가,12,11560-47,당산효성1차,,84.9,4,1999,137000,2021-03-29,,,,,,
영등포구,11560,10100,영등포동,649,11560-164,두산위브,,59.8,15,2004,84000,2021-03-27,,,,,,
영등포구,11560,10800,영등포동7가,203,11560-1955,아크로타워스퀘어,,84.69,9,2017,152500,2021-03-27,,,,,,
영등포구,11560,11500,당산동5가,12,11560-47,당산효성1차,,59.85,6,1999,118300,2021-03-29,,,,,,
영등포구,11560,13200,신길동,4780,11560-1233,보라매경남아너스빌,,114.19,1,2005,110000,2021-03-26,,,,,,
영등포구,11560,10800,영등포동7가,203,11560-1955,아크로타워스퀘어,,59.7,21,2017,138000,2021-03-24,,,,,,
영등포구,11560,13200,신길동,4950,11560-2006,래미안에스티움,,59.95,6,2017,131000,2021-03-20,,,,,,
영등포구,11560,10900,영등포동8가,76-1,11560-7,삼환,,84.87,18,1999,123000,2021-03-29,,,,,,
영등포구,11560,12700,양평동3가,101,11560-91,양평현대6차,,84.92,23,2000,110000,2021-03-17,,,,,,
영등포구,11560,12700,양평동3가,90-1,11560-85,거성파스텔,,59.96,16,1999,90500,2021-03-27,,,,,,
영등포구,11560,13300,대림동,785-1,11560-132,현대1,,66.66,12,1992,73000,2021-03-20,,,,,,
영등포구,11560,10900,영등포동8가,76-1,11560-7,삼환,,59.91,14,1999,97000,2021-03-29,,,,,,
영등포구,11560,11000,여의도동,30-2,11560-15,삼부,,146.68,9,1975,278000,2021-03-24,,,,,,
영등포구,11560,11000,여의도동,61,11560-135,리첸시아,,164.86,26,2003,245000,2021-03-19,,,,,,
영등포구,11560,13200,신길동,67-1,11560-102,경남,,59.96,13,1999,82000,2021-03-22,,,,,,
영등포구,11560,11000,여의도동,48,11560-136,대우트럼프월드II,,163.87,20,2003,210000,2021-03-27,,,,,,
영등포구,11560,11000,여의도동,40-4,11560-27,화랑,,104.5,9,1977,183000,2021-03-17,,,,,,
영등포구,11560,13200,신길동,4950,11560-2006,래미안에스티움,,59.95,5,2017,124000,2021-03-20,,,,,,
영등포구,11560,11000,여의도동,21-1,11560-17,서울,,139.31,2,1976,310000,2021-03-23,,,,,,
영등포구,11560,11300,당산동3가,394,11560-32,삼익,,82.64,1,1979,91000,2021-03-27,,,,,,
영등포구,11560,11200,당산동2가,16-1,11560-152,당산대우,,45.55,8,1999,54000,2021-03-22,,,,,,
영등포구,11560,11700,당산동,374,11560-49,래미안당산1차,,84.99,10,1995,122000,2021-03-20,,,,,,
영등포구,11560,10100,영등포동,618-83,11560-1,영일,,38.02,4,1969,28000,2021-03-23,,,,,,
영등포구,11560,10100,영등포동,647,11560-2,영등포푸르지오,,73.133,19,2002,115000,2021-03-20,,,,,,
영등포구,11560,11000,여의도동,61-4,11560-24,라이프콤비,,127.82,24,1994,120000,2021-03-17,,,,,,
영등포구,11560,12100,문래동3가,78,11560-61,문래우정,,84.99,8,1998,98000,2021-03-19,,,,,,
영등포구,11560,13000,양평동6가,100,11560-99,동양,,84.85,1,2000,82000,2021-03-26,,,,,,
영등포구,11560,12100,문래동3가,54,11560-60,문래자이,,121.53,13,2001,168500,2021-03-15,,,,,,
영등포구,11560,11000,여의도동,50,11560-20,시범,,79.24,11,1971,182000,2021-03-20,,,,,,
영등포구,11560,11800,도림동,821,11560-1665,영등포아트자이,,143.591,11,2014,150000,2021-03-15,,,,,,
영등포구,11560,11200,당산동2가,16-1,11560-152,당산대우,,31.73,12,1999,36200,2021-03-20,,,,,,
영등포구,11560,13300,대림동,607-1,11560-127,코오롱,,134.91,16,1998,119000,2021-03-17,,,,,,
영등포구,11560,10800,영등포동7가,203,11560-1955,아크로타워스퀘어,,84.65,27,2017,158000,2021-03-18,,,,,,
영등포구,11560,13200,신길동,4656,11560-113,우성3,,53.24,9,1989,77000,2021-03-19,,,,,,
영등포구,11560,11000,여의도동,11-1,11560-19,순복음(초원),,66.94,2,1971,91000,2021-03-16,,,,,,
영등포구,11560,13200,신길동,4950,11560-2006,래미안에스티움,,84.93,6,2017,155500,2021-03-27,,,,,,
영등포구,11560,11000,여의도동,50,11560-20,시범,,156.99,6,1971,298000,2021-03-27,,,,,,
영등포구,11560,12800,양평동4가,261,11560-146,계명,,75.29,5,2003,59500,2021-03-24,,,,,,
영등포구,11560,12100,문래동3가,54,11560-60,문래자이,,84.98,8,2001,155000,2021-03-15,,,,,,
영등포구,11560,13300,대림동,785-1,11560-132,현대1,,84.75,8,1992,82500,2021-03-11,,,,,,
영등포구,11560,13200,신길동,897-1,11560-108,삼환,,84.84,19,1997,105000,2021-03-16,,,,,,
영등포구,11560,11400,당산동4가,30-1,11560-40,당산현대5차,,84.69,7,2000,130000,2021-03-18,,,,,,
영등포구,11560,11300,당산동3가,2-6,11560-34,당산한양,,84.93,7,1986,107000,2021-03-20,,,,,,
영등포구,11560,10900,영등포동8가,76-1,11560-7,삼환,,59.91,13,1999,92500,2021-03-16,,,,,,
영등포구,11560,11300,당산동3가,2-6,11560-34,당산한양,,73.87,5,1986,95000,2021-03-22,,,,,,
영등포구,11560,11700,당산동,121-130,11560-1732,리버뷰,,18.36,9,2015,13000,2021-03-31,,,,,,
영등포구,11560,11700,당산동,121-130,11560-1732,리버뷰,,18.36,9,2015,13000,2021-03-31,,,,,,
영등포구,11560,10800,영등포동7가,203,11560-1955,아크로타워스퀘어,,71.98,24,2017,156000,2021-03-12,,,,,,
영등포구,11560,12900,양평동5가,76,11560-98,양평한신,,84.87,6,1996,109500,2021-03-18,,,,,,
영등포구,11560,11000,여의도동,50,11560-20,시범,,79.24,10,1971,182000,2021-03-10,,,,,,
영등포구,11560,12700,양평동3가,66,11560-88,삼호,,84.92,13,1998,89000,2021-03-14,,,,,,
영등포구,11560,13300,대림동,608-1,11560-133,현대3차,,140.54,21,1997,130000,2021-03-09,,,,,,
영등포구,11560,13300,대림동,1124,11560-1606,신대림신동아파밀리에,,59.9754,8,2013,80000,2021-03-20,,,,,,
영등포구,11560,11300,당산동3가,566,11560-1681,당산계룡리슈빌2단지,,38.77,5,2014,67000,2021-03-16,,,,,,
영등포구,11560,10900,영등포동8가,91,11560-153,당산푸르지오,,59.7,1,2004,99000,2021-03-12,,,,,,
영등포구,11560,10900,영등포동8가,76-1,11560-7,삼환,,59.91,9,1999,90000,2021-03-12,,,,,,
영등포구,11560,11700,당산동,374,11560-49,래미안당산1차,,59.97,4,1995,100000,2021-03-14,,,,,,
영등포구,11560,10900,영등포동8가,51-1,11560-1577,영등포메이준2011,,12.11,11,2012,15000,2021-03-30,,,,,,
영등포구,11560,12500,양평동1가,270,11560-1321,창건애드웰,,84.69,1,2006,83000,2021-03-29,,,,,,
영등포구,11560,11000,여의도동,48,11560-136,대우트럼프월드II,,143.61,13,2003,198000,2021-03-08,,,,,,
영등포구,11560,11400,당산동4가,30-1,11560-40,당산현대5차,,59.75,4,2000,119900,2021-03-16,,,,,,
영등포구,11560,11000,여의도동,43-4,11560-1247,롯데캐슬아이비,,137.09,18,2005,165000,2021-03-08,,,,,,
영등포구,11560,11000,여의도동,50,11560-20,시범,,79.24,9,1971,172000,2021-03-15,,,,,,
영등포구,11560,10100,영등포동,647,11560-2,영등포푸르지오,,59.912,1,2002,94000,2021-03-13,,,,,,
영등포구,11560,12900,양평동5가,9-1,11560-97,동보,,59.4,17,1998,84800,2021-03-11,,,,,,
영등포구,11560,11300,당산동3가,394,11560-32,삼익,,60.83,3,1979,85000,2021-03-25,,,,,,
영등포구,11560,12400,문래동6가,45,11560-75,현대2차,,59.31,5,1987,79900,2021-03-06,,,,,,
영등포구,11560,12100,문래동3가,54,11560-60,문래자이,,84.98,4,2001,148000,2021-03-09,,,,,,
영등포구,11560,13200,신길동,4950,11560-2006,래미안에스티움,,59.95,15,2017,128000,2021-03-13,,,,,,
영등포구,11560,10400,영등포동3가,19-2,11560-1680,포레스트힐시티,,13.53,5,2014,11000,2021-03-31,,,,,,
영등포구,11560,13300,대림동,777-1,11560-125,신동아,,67.41,10,1987,71000,2021-03-15,,,,,,
영등포구,11560,10100,영등포동,647,11560-2,영등포푸르지오,,79.777,3,2002,114000,2021-03-13,,,,,,
영등포구,11560,13300,대림동,887-1,11560-119,한신휴1차,,59.89,7,1998,66500,2021-03-27,,,,,,
영등포구,11560,11000,여의도동,30-2,11560-15,삼부,,146.68,11,1975,260000,2021-03-10,,,,,,
영등포구,11560,11000,여의도동,21-2,11560-8,공작,,93.06,5,1976,165000,2021-03-27,,,,,,
영등포구,11560,13200,신길동,4759,11560-106,삼성,,60.48,2,1984,89500,2021-03-11,,,,,,
영등포구,11560,11000,여의도동,47,11560-1369,여의도자이,,125.71,2,2008,190000,2021-03-22,,,,,,
영등포구,11560,11000,여의도동,61,11560-135,리첸시아,,147.71,29,2003,170000,2021-03-15,,,,,,
영등포구,11560,12800,양평동4가,94,11560-94,삼호한숲,,59.96,17,2000,87500,2021-03-02,,,,,,
영등포구,11560,12400,문래동6가,54,11560-70,문래미원,,84.93,13,1996,104200,2021-03-23,,,,,,
영등포구,11560,10800,영등포동7가,208,11560-2164,포레나영등포센트럴,,59.8976,20,2020,124700,2021-03-20,,,,,,
영등포구,11560,12700,양평동3가,101,11560-91,양평현대6차,,59.98,8,2000,91900,2021-03-06,,,,,,
영등포구,11560,13200,신길동,897-1,11560-108,삼환,,59.53,21,1997,89500,2021-03-10,,,,,,
영등포구,11560,10900,영등포동8가,51-1,11560-1577,영등포메이준2011,,12.11,17,2012,12500,2021-03-29,,,,,,
영등포구,11560,11800,도림동,231-1,11560-55,한라,,84.38,11,1998,80000,2021-03-18,,,,,,
영등포구,11560,13200,신길동,4955,11560-2071,신길센트럴아이파크,,59.97,20,2019,124500,2021-03-14,,,,,,
영등포구,11560,12300,문래동5가,1,11560-65,문래대림,,84.92,3,2000,83000,2021-03-02,,,,,,
영등포구,11560,11700,당산동,376,11560-50,강변래미안,,55.91,3,2002,106500,2021-03-06,,,,,,
영등포구,11560,12400,문래동6가,38-1,11560-72,문래베어스타운,,84.9,17,1997,96500,2021-03-05,,,,,,
영등포구,11560,12700,양평동3가,101,11560-91,양평현대6차,,59.98,8,2000,91900,2021-03-06,O,21.03.31,,,,
영등포구,11560,12400,문래동6가,46,11560-76,현대1차,,64.38,11,1986,82000,2021-03-05,,,,,,
영등포구,11560,11000,여의도동,50,11560-20,시범,,79.24,1,1971,177000,2021-03-08,,,,,,
영등포구,11560,11800,도림동,821,11560-1665,영등포아트자이,,84.762,10,2014,124000,2021-03-11,,,,,,
영등포구,11560,13200,신길동,4656,11560-113,우성3,,53.24,10,1989,79000,2021-03-06,,,,,,
영등포구,11560,11000,여의도동,40-4,11560-27,화랑,,104.5,4,1977,192700,2021-03-13,,,,,,
영등포구,11560,13200,신길동,4759,11560-106,삼성,,60.48,2,1984,88000,2021-03-20,,,,,,
영등포구,11560,11000,여의도동,50,11560-20,시범,,79.24,10,1971,178000,2021-03-02,,,,,,
영등포구,11560,11000,여의도동,21-2,11560-8,공작,,125.75,8,1976,225000,2021-03-04,,,,,,
영등포구,11560,13000,양평동6가,99,11560-100,한솔,,84.13,11,1999,71500,2021-03-13,,,,,,
영등포구,11560,12700,양평동3가,90-1,11560-85,거성파스텔,,84.99,14,1999,106000,2021-03-12,,,,,,
영등포구,11560,12700,양평동3가,101,11560-91,양평현대6차,,59.98,13,2000,91000,2021-03-06,,,,,,
영등포구,11560,11500,당산동5가,11-33,11560-165,당산디오빌,,58.54,10,2005,77700,2021-03-05,,,,,,
영등포구,11560,13300,대림동,608-1,11560-133,현대3차,,43.92,21,1997,63900,2021-03-09,,,,,,
영등포구,11560,13300,대림동,696,11560-131,우성1,,52.07,12,1985,63000,2021-03-03,,,,,,
영등포구,11560,13200,신길동,897-1,11560-108,삼환,,59.53,10,1997,88000,2021-03-06,,,,,,
영등포구,11560,11400,당산동4가,30-1,11560-40,당산현대5차,,84.69,4,2000,132500,2021-03-15,,,,,,
영등포구,11560,11500,당산동5가,42,11560-138,당산삼성래미안4차,,115.78,25,2003,175000,2021-03-11,,,,,,
영등포구,11560,13200,신길동,4780,11560-1233,보라매경남아너스빌,,59.78,16,2005,90500,2021-03-05,,,,,,
영등포구,11560,11500,당산동5가,11-33,11560-165,당산디오빌,,28.86,9,2005,36500,2021-03-13,,,,,,
영등포구,11560,11400,당산동4가,29,11560-37,한강아파트,,59.4,18,1999,90500,2021-03-02,,,,,,
영등포구,11560,13300,대림동,608-1,11560-133,현대3차,,84.89,25,1997,99000,2021-03-26,,,,,,
영등포구,11560,11000,여의도동,43-4,11560-1247,롯데캐슬아이비,,113.59,5,2005,171000,2021-03-02,,,,,,
영등포구,11560,10200,영등포동1가,113-1,11560-1637,여의도씨티아이,,12.59,16,2013,13000,2021-03-25,,,,,,
영등포구,11560,13200,신길동,69-20,11560-2082,루나플라체,,13.8,15,2019,14500,2021-03-18,,,,,,
영등포구,11560,13300,대림동,650,11560-124,성원(650),,59.63,17,1995,64500,2021-03-11,,,,,,
영등포구,11560,11500,당산동5가,12,11560-47,당산효성1차,,134.77,24,1999,155000,2021-03-09,,,,,,
영등포구,11560,12900,양평동5가,76,11560-98,양평한신,,59.94,11,1996,91800,2021-03-06,,,,,,
영등포구,11560,11000,여의도동,61-4,11560-24,라이프콤비,,131.6,14,1994,104500,2021-03-12,,,,,,
영등포구,11560,10200,영등포동1가,145,11560-1549,내이처해밀,,14.24,3,2012,11500,2021-03-23,,,,,,
영등포구,11560,11000,여의도동,48,11560-136,대우트럼프월드II,,123.78,16,2003,180000,2021-03-01,,,,,,
영등포구,11560,12900,양평동5가,76,11560-98,양평한신,,59.94,2,1996,86000,2021-03-02,,,,,,
영등포구,11560,11400,당산동4가,88,11560-38,당산현대3차,,73.27,3,1988,110000,2021-03-08,,,,,,
영등포구,11560,13200,신길동,4955,11560-2071,신길센트럴아이파크,,59.97,3,2019,117000,2021-03-01,,,,,,
영등포구,11560,13200,신길동,4964,11560-2118,신길센트럴자이아파트,,75.87,24,2021,144000,2021-03-05,,,,,,
영등포구,11560,13200,신길동,769-1,11560-118,한성,,84.98,4,1997,95000,2021-03-18,,,,,,
영등포구,11560,11200,당산동2가,16-1,11560-152,당산대우,,45.55,7,1999,50500,2021-03-02,,,,,,
영등포구,11560,11700,당산동,374,11560-49,래미안당산1차,,84.99,11,1995,125000,2021-03-09,O,21.06.10,,,,
영등포구,11560,11700,당산동,374,11560-49,래미안당산1차,,59.97,7,1995,110000,2021-03-09,,,,,,
영등포구,11560,13200,신길동,4955,11560-2071,신길센트럴아이파크,,59.97,11,2019,115000,2021-03-02,,,,,,
영등포구,11560,12900,양평동5가,76,11560-98,양평한신,,59.94,8,1996,92000,2021-03-13,,,,,,
영등포구,11560,11400,당산동4가,30-1,11560-40,당산현대5차,,114.84,1,2000,137500,2021-03-08,,,,,,
영등포구,11560,12100,문래동3가,94,11560-137,문래힐스테이트,,84.92,12,2003,139000,2021-03-11,,,,,,
영등포구,11560,13300,대림동,1124,11560-1606,신대림신동아파밀리에,,84.949,8,2013,87500,2021-03-09,,,,,,
영등포구,11560,13200,신길동,4518,11560-112,우성2,,53.24,7,1986,93000,2021-03-01,,,,,,
영등포구,11560,11500,당산동5가,40,11560-44,성원,,59.94,1,1997,78500,2021-03-06,O,21.04.22,,,,
영등포구,11560,11400,당산동4가,30-1,11560-40,당산현대5차,,114.84,4,2000,136000,2021-03-13,,,,,,
영등포구,11560,11800,도림동,821,11560-1665,영등포아트자이,,84.974,13,2014,128500,2021-03-04,,,,,,
영등포구,11560,11400,당산동4가,30-1,11560-40,당산현대5차,,59.75,13,2000,120000,2021-03-02,,,,,,
영등포구,11560,10900,영등포동8가,76-1,11560-7,삼환,,59.91,11,1999,96000,2021-03-03,,,,,,
영등포구,11560,10900,영등포동8가,51-1,11560-1577,영등포메이준2011,,12.11,12,2012,14000,2021-03-16,,,,,,
영등포구,11560,11700,당산동,121-108,11560-1580,훼미리하우스138,,14.28,13,2013,14000,2021-03-16,,,,,,
영등포구,11560,13300,대림동,608-1,11560-133,현대3차,,59.83,26,1997,92000,2021-03-15,,,,,,
영등포구,11560,11400,당산동4가,30-1,11560-40,당산현대5차,,59.37,18,2000,111800,2021-03-06,,,,,,
영등포구,11560,13300,대림동,974-1,11560-1385,늘푸른,,79.75,2,2008,56000,2021-03-08,,,,,,
영등포구,11560,11300,당산동3가,561,11560-139,동부센트레빌,,134.83,16,2003,149000,2021-03-01,,,,,,
영등포구,11560,13200,신길동,365,11560-111,우성1,,49.64,10,1986,81000,2021-03-10,,,,,,
영등포구,11560,12900,양평동5가,9-1,11560-97,동보,,59.4,6,1998,83500,2021-03-06,,,,,,
영등포구,11560,12700,양평동3가,101,11560-91,양평현대6차,,59.98,16,2000,90500,2021-03-03,,,,,,
영등포구,11560,13300,대림동,785-1,11560-132,현대1,,84.75,12,1992,80500,2021-03-12,,,,,,
영등포구,11560,10400,영등포동3가,19-2,11560-1680,포레스트힐시티,,13.53,4,2014,11000,2021-03-08,,,,,,
영등포구,11560,10400,영등포동3가,19-2,11560-1680,포레스트힐시티,,13.53,3,2014,11000,2021-03-08,,,,,,
영등포구,11560,13300,대림동,717,11560-1602,쌍용플래티넘S,,18.24,9,2013,12500,2021-03-10,,,,,,
영등포구,11560,13200,신길동,67-1,11560-102,경남,,84.96,11,1999,99000,2021-03-02,,,,,,
영등포구,11560,10200,영등포동1가,94-2,11560-2153,여의도더리브스타일,,14.8376,14,2020,19000,2021-03-05,,,,,,
영등포구,11560,10300,영등포동2가,28-138,11560-1868,현대팰리스,,29.67,8,2016,33500,2021-03-06,,,,,,
영등포구,11560,10900,영등포동8가,51-1,11560-1577,영등포메이준2011,,12.11,12,2012,14000,2021-03-05,,,,,,
영등포구,11560,10900,영등포동8가,51-1,11560-1577,영등포메이준2011,,12.11,18,2012,13500,2021-03-03,,,,,,
영등포구,11560,10900,영등포동8가,51-1,11560-1577,영등포메이준2011,,12.11,18,2012,13500,2021-03-05,,,,,,
영등포구,11560,11500,당산동5가,12,11560-47,당산효성1차,,59.85,14,1999,109400,2021-03-02,,,,,,
동작구,11590,10700,사당동,1149,11590-138,사당롯데캐슬2차,,84.766,12,2004,112700,2021-03-31,,,,,,
동작구,11590,10800,대방동,500,11590-59,성원,,84.32,2,1994,113000,2021-03-27,,,,,,
동작구,11590,10200,상도동,363-164,11590-4526,상도휴엔하임,,14.7,9,2016,15000,2021-03-24,,,,,,
동작구,11590,10300,상도1동,328-11,11590-27,백경,,59.74,5,2002,45000,2021-03-24,,,,,,
동작구,11590,10200,상도동,363-164,11590-4526,상도휴엔하임,,14.7,12,2016,15500,2021-03-23,,,,,,
동작구,11590,10200,상도동,363-164,11590-4526,상도휴엔하임,,14.7,13,2016,15500,2021-03-29,,,,,,
동작구,11590,10800,대방동,501,11590-57,대림아파트,,84.92,4,1993,124500,2021-03-30,,,,,,
동작구,11590,10700,사당동,105,11590-47,신동아4,,59.89,11,1993,115000,2021-03-15,,,,,,
동작구,11590,10500,흑석동,28,11590-36,한강현대,,131.4,4,1988,186500,2021-03-24,,,,,,
동작구,11590,10200,상도동,450,11590-22,상도동래미안1차,,84.959,5,2004,116000,2021-03-18,O,21.05.04,,,,
동작구,11590,10200,상도동,411,11590-85,대림아파트,,84.89,2,1995,81000,2021-03-20,,,,,,
동작구,11590,10700,사당동,169-8,11590-39,대림(169-8),,84.91,14,1990,143000,2021-03-23,,,,,,
동작구,11590,10500,흑석동,28,11590-36,한강현대,,66.225,10,1988,143750,2021-03-20,,,,,,
동작구,11590,10700,사당동,1134,11590-40,경남아너스빌1차,,59.9,8,1997,84000,2021-03-27,,,,,,
동작구,11590,10700,사당동,1157,11590-4095,이수역리가,,84.9827,11,2013,139500,2021-03-18,,,,,,
동작구,11590,10200,상도동,534,11590-4206,상도더샵2차,,84.99,9,2014,125000,2021-03-20,,,,,,
동작구,11590,10900,신대방동,710,11590-66,경남교수,,84.94,9,2001,105000,2021-03-21,,,,,,
동작구,11590,10200,상도동,445,11590-23,경향렉스빌,,61.5494,2,2002,64500,2021-03-20,O,21.04.28,,,,
동작구,11590,10100,노량진동,325,11590-4,신동아리버파크,,84.88,4,2001,108500,2021-03-20,,,,,,
동작구,11590,10900,신대방동,360-17,11590-75,신동아,,48.18,11,1993,56000,2021-03-20,,,,,,
동작구,11590,10700,사당동,105,11590-49,사당우성2,,46.75,11,1993,86000,2021-03-24,,,,,,
동작구,11590,10800,대방동,501,11590-57,대림아파트,,84.92,5,1993,135100,2021-03-28,,,,,,
동작구,11590,10500,흑석동,28,11590-36,한강현대,,83.475,4,1988,148000,2021-03-20,,,,,,
동작구,11590,10700,사당동,1155,11590-3643,대성유니드,,66.11,1,2009,81000,2021-03-20,,,,,,
동작구,11590,10900,신대방동,395-66,11590-82,보라매삼성쉐르빌,,163.83,38,2003,126000,2021-03-26,,,,,,
동작구,11590,10200,상도동,408,11590-13,상도동삼호아파트,,84.52,15,1994,98000,2021-03-15,,,,,,
동작구,11590,10700,사당동,1145,11590-137,사당해그린,,84.98,4,2004,78000,2021-03-20,O,21.05.07,,,,
동작구,11590,10700,사당동,105,11590-38,극동(105),,119.91,8,1993,145000,2021-03-20,,,,,,
동작구,11590,10200,상도동,527,11590-3441,이수브라운스톤상도(527-0),,84.99,13,2007,125800,2021-03-20,,,,,,
동작구,11590,10600,동작동,333,11590-4023,이수힐스테이트,,84.972,1,2013,149000,2021-03-20,,,,,,
동작구,11590,10200,상도동,445,11590-23,경향렉스빌,,61.5494,13,2002,65800,2021-03-19,,,,,,
동작구,11590,10200,상도동,420,11590-101,대우유로카운티,,133.67,11,2003,100000,2021-03-16,,,,,,
동작구,11590,10200,상도동,415,11590-100,중앙하이츠빌,,84.9883,14,2003,110000,2021-03-17,,,,,,
동작구,11590,10200,상도동,527,11590-3441,이수브라운스톤상도(527-0),,84.99,4,2007,126000,2021-03-11,,,,,,
동작구,11590,10700,사당동,1155,11590-3643,대성유니드,,66.11,1,2009,81000,2021-03-20,O,21.04.12,,,,
동작구,11590,10200,상도동,411,11590-85,대림아파트,,84.89,8,1995,89000,2021-03-11,,,,,,
동작구,11590,10900,신대방동,719,11590-3351,동작상떼빌,,84.98,25,2006,103500,2021-03-15,,,,,,
동작구,11590,10400,본동,492,11590-130,삼성래미안,,84.2261,16,2004,125000,2021-03-19,,,,,,
동작구,11590,10200,상도동,421,11590-102,삼성래미안2,,114.738,5,2003,143000,2021-03-26,,,,,,
동작구,11590,10500,흑석동,339,11590-4002,흑석한강센트레빌Ⅱ,,146.487,11,2012,203000,2021-03-20,,,,,,
동작구,11590,10900,신대방동,713,11590-103,롯데낙천대,,55.4561,6,2003,86000,2021-03-12,,,,,,
동작구,11590,10500,흑석동,328,11590-106,흑석동양아파트,,84.991,9,2003,108000,2021-03-31,,,,,,
동작구,11590,10200,상도동,375-5,11590-217,성우2차아파트,,75.6,2,1994,28000,2021-03-18,,,,,,
동작구,11590,10700,사당동,105,11590-38,극동(105),,59.25,12,1993,114000,2021-03-20,,,,,,
동작구,11590,10400,본동,150,11590-31,한강쌍용,,59.64,2,1999,86000,2021-03-12,,,,,,
동작구,11590,10100,노량진동,323,11590-5,우성,,59.82,11,1997,91500,2021-03-13,,,,,,
동작구,11590,10200,상도동,415,11590-100,중앙하이츠빌,,84.9883,1,2003,104000,2021-03-28,,,,,,
동작구,11590,10900,신대방동,707,11590-79,현대,,84.57,1,1996,92500,2021-03-21,,,,,,
동작구,11590,10400,본동,484,11590-96,경동윈츠리버,,56.68,4,2004,86900,2021-03-13,,,,,,
동작구,11590,10700,사당동,105,11590-47,신동아4,,59.89,11,1993,115000,2021-03-15,O,21.04.20,,,,
동작구,11590,10400,본동,150,11590-31,한강쌍용,,59.64,2,1999,86000,2021-03-12,,,,,,
동작구,11590,10100,노량진동,325,11590-4,신동아리버파크,,84.88,10,2001,106000,2021-03-23,,,,,,
동작구,11590,10200,상도동,458,11590-3356,상도1차갑을명가,,84.38,8,2006,69000,2021-03-27,,,,,,
동작구,11590,10200,상도동,531,11590-3954,힐스테이트 상도 센트럴파크,,84.6099,5,2012,149000,2021-03-18,,,,,,
동작구,11590,10800,대방동,508,11590-94,대방1차e-편한세상,,84.32,9,2003,141000,2021-03-20,,,,,,
동작구,11590,10800,대방동,501,11590-57,대림아파트,,84.92,2,1993,130000,2021-03-11,,,,,,
동작구,11590,10200,상도동,418,11590-99,쌍용스윗닷홈,,59.578,4,2003,95000,2021-03-30,,,,,,
동작구,11590,10700,사당동,1158,11590-4568,반석블레스,,59.86,13,2016,71000,2021-03-23,,,,,,
동작구,11590,10200,상도동,533,11590-4078,힐스테이트 상도 프레스티지,,84.884,1,2013,134500,2021-03-13,,,,,,
동작구,11590,10500,흑석동,339,11590-4002,흑석한강센트레빌Ⅱ,,84.951,2,2012,162000,2021-03-24,,,,,,
동작구,11590,10200,상도동,380-1,11590-218,성우아파트,,68.72,3,1993,25000,2021-03-12,,,,,,
동작구,11590,10400,본동,492,11590-130,삼성래미안,,59.9843,6,2004,108300,2021-03-16,,,,,,
동작구,11590,10500,흑석동,329,11590-105,우리유앤미,,59.6618,16,2003,87000,2021-03-18,,,,,,
동작구,11590,10200,상도동,460,11590-123,상도팰리스,,84.86,8,2006,89000,2021-03-15,,,,,,
동작구,11590,10700,사당동,1141,11590-41,르메이에르,,59.4,14,2001,64000,2021-03-20,,,,,,
동작구,11590,10700,사당동,1139,11590-43,사당자이,,59.89,3,1999,84500,2021-03-15,,,,,,
동작구,11590,10700,사당동,1157,11590-4095,이수역리가,,84.9604,2,2013,138000,2021-03-10,,,,,,
동작구,11590,10200,상도동,531,11590-3954,힐스테이트 상도 센트럴파크,,59.7754,6,2012,127500,2021-03-20,,,,,,
동작구,11590,10700,사당동,1141,11590-41,르메이에르,,59.4,14,2001,60000,2021-03-22,,,,,,
동작구,11590,10700,사당동,1142,11590-150,진흥아리엘,,84.9871,2,2004,70400,2021-03-13,,,,,,
동작구,11590,10400,본동,494,11590-3831,래미안트윈파크,,84.94,8,2011,156000,2021-03-12,,,,,,
동작구,11590,10800,대방동,515,11590-3964,아데나339,,15.36,6,2012,12700,2021-03-23,,,,,,
동작구,11590,10100,노량진동,57-1,11590-4413,메가스터디타워,,21.746,10,2015,25500,2021-03-29,,,,,,
동작구,11590,10800,대방동,505,11590-61,우정,,84.6,6,1999,83500,2021-03-13,,,,,,
동작구,11590,10900,신대방동,395-62,11590-73,삼성보라매옴니타워,,164.88,23,1997,110000,2021-03-04,,,,,,
동작구,11590,10800,대방동,506,11590-65,현대홈타운2,,59.89,16,1999,88500,2021-03-13,,,,,,
동작구,11590,10900,신대방동,712,11590-81,신대방경남,,78.19,7,2003,99700,2021-03-06,,,,,,
동작구,11590,10900,신대방동,707,11590-79,현대,,84.57,16,1996,103000,2021-03-06,,,,,,
동작구,11590,10700,사당동,105,11590-89,사당우성3,,108.08,10,1993,148000,2021-03-06,,,,,,
동작구,11590,10700,사당동,1142,11590-150,진흥아리엘,,84.9871,3,2004,73700,2021-03-20,,,,,,
동작구,11590,10900,신대방동,707,11590-79,현대,,84.57,11,1996,97800,2021-03-01,,,,,,
동작구,11590,10900,신대방동,707,11590-79,현대,,84.57,20,1996,100000,2021-03-11,,,,,,
동작구,11590,10200,상도동,445,11590-23,경향렉스빌,,58.7112,16,2002,68500,2021-03-15,,,,,,
동작구,11590,10700,사당동,1139,11590-43,사당자이,,59.89,19,1999,85000,2021-03-03,,,,,,
동작구,11590,10800,대방동,501,11590-57,대림아파트,,84.92,7,1993,143000,2021-03-13,,,,,,
동작구,11590,10700,사당동,105,11590-89,사당우성3,,108.08,6,1993,137500,2021-03-05,,,,,,
동작구,11590,10100,노량진동,57-1,11590-4413,메가스터디타워,,16.01,10,2015,16000,2021-03-19,,,,,,
동작구,11590,10100,노량진동,325,11590-4,신동아리버파크,,114.75,22,2001,129000,2021-03-23,,,,,,
동작구,11590,10700,사당동,105,11590-38,극동(105),,46.75,13,1993,89300,2021-03-19,,,,,,
동작구,11590,10700,사당동,1156,11590-3869,이너스내안애,,84.97,2,2012,90500,2021-03-16,,,,,,
동작구,11590,10200,상도동,531,11590-3954,힐스테이트 상도 센트럴파크,,84.6099,6,2012,150000,2021-03-01,,,,,,
동작구,11590,10900,신대방동,711,11590-83,보라매파크빌,,84.81,8,2002,127000,2021-03-06,,,,,,
동작구,11590,10200,상도동,418,11590-99,쌍용스윗닷홈,,59.578,9,2003,65000,2021-03-18,,,,,,
동작구,11590,10900,신대방동,707,11590-79,현대,,84.57,4,1996,101800,2021-03-09,,,,,,
동작구,11590,10600,동작동,333,11590-4023,이수힐스테이트,,59.999,6,2013,140000,2021-03-06,,,,,,
동작구,11590,10100,노량진동,325,11590-4,신동아리버파크,,114.75,22,2001,129000,2021-03-05,O,21.03.19,,,,
동작구,11590,10800,대방동,505,11590-61,우정,,59.89,13,1999,74500,2021-03-06,,,,,,
동작구,11590,10200,상도동,529,11590-3714,상도두산위브,,84.909,6,2010,129500,2021-03-18,,,,,,
동작구,11590,10200,상도동,903,11590-4879,e편한세상상도노빌리티,,84.9546,8,2018,130020,2021-03-17,,,,,,
동작구,11590,10200,상도동,415,11590-100,중앙하이츠빌,,123.6025,10,2003,117000,2021-03-05,,,,,,
동작구,11590,10100,노량진동,325,11590-4,신동아리버파크,,114.75,22,2001,129000,2021-03-05,O,21.03.18,,,,
동작구,11590,10700,사당동,1137,11590-88,신동아5,,114.68,13,1998,132000,2021-03-07,,,,,,
동작구,11590,10700,사당동,1132,11590-97,롯데캐슬,,84.96,3,2003,119000,2021-03-08,,,,,,
동작구,11590,10900,신대방동,707,11590-79,현대,,84.57,11,1996,105000,2021-03-01,,,,,,
동작구,11590,10800,대방동,505,11590-61,우정,,84.6,9,1999,88700,2021-03-13,,,,,,
동작구,11590,10100,노량진동,57-1,11590-4413,메가스터디타워,,21.746,8,2015,24700,2021-03-04,,,,,,
동작구,11590,10700,사당동,169-32,11590-52,현대,,120.03,13,1991,110000,2021-03-03,,,,,,
동작구,11590,10700,사당동,1149,11590-138,사당롯데캐슬2차,,71.634,13,2004,107350,2021-03-01,,,,,,
동작구,11590,10600,동작동,333,11590-4023,이수힐스테이트,,84.972,9,2013,149500,2021-03-01,,,,,,
동작구,11590,10800,대방동,503,11590-63,주공2,,51.66,9,1995,80000,2021-03-13,,,,,,
동작구,11590,10200,상도동,531,11590-3954,힐스테이트 상도 센트럴파크,,84.7835,15,2012,150000,2021-03-02,,,,,,
동작구,11590,10900,신대방동,712,11590-81,신대방경남,,78.19,17,2003,98500,2021-03-03,,,,,,
동작구,11590,10200,상도동,256-28,11590-4728,다온아파트,,48.88,3,2017,42000,2021-03-02,,,,,,
동작구,11590,10200,상도동,445,11590-23,경향렉스빌,,58.7112,15,2002,70000,2021-03-07,,,,,,
동작구,11590,10800,대방동,502,11590-84,대방동현대,,59.84,19,1994,87000,2021-03-06,,,,,,
동작구,11590,10900,신대방동,720,11590-3743,보라매e편한세상,,128.86,15,2010,138000,2021-03-02,,,,,,
동작구,11590,10500,흑석동,341,11590-4876,아크로리버하임,,59.9154,23,2019,163500,2021-03-02,,,,,,
관악구,11620,10200,신림동,1694,11620-58,신림현대,,34.86,9,1993,49000,2021-03-03,,,,,,
관악구,11620,10100,봉천동,856-1,11620-4378,대우디오슈페리움2단지,,84.76,5,2007,73100,2021-03-25,O,21.06.16,,,,
관악구,11620,10100,봉천동,867-9,11620-4818,서울대역해담채,,19.82,11,2012,16500,2021-03-26,,,,,,
관악구,11620,10100,봉천동,856-1,11620-4378,대우디오슈페리움2단지,,84.93,12,2007,88500,2021-03-27,,,,,,
관악구,11620,10100,봉천동,1713,11620-8,낙성대현대홈타운,,114.919,12,2002,122000,2021-03-27,,,,,,
관악구,11620,10100,봉천동,1719,11620-144,관악동부센트레빌,,59.75,8,2004,89500,2021-03-29,,,,,,
관악구,11620,10100,봉천동,1707,11620-23,은천1,,84.83,6,2001,83000,2021-03-27,,,,,,
관악구,11620,10200,신림동,1694,11620-58,신림현대,,34.86,13,1993,48000,2021-03-31,,,,,,
관악구,11620,10100,봉천동,893-1,11620-5183,프라비다M,,30.01,2,2014,25500,2021-03-28,,,,,,
관악구,11620,10200,신림동,1704-1,11620-63,주공1,,59.5,10,1995,46000,2021-03-28,,,,,,
관악구,11620,10200,신림동,1735,11620-4347,관악산휴먼시아2단지,,84.97,13,2008,80500,2021-03-31,,,,,,
관악구,11620,10100,봉천동,1672-10,11620-141,탑,,79.1,4,2004,60500,2021-03-24,,,,,,
관악구,11620,10100,봉천동,1703,11620-9,봉천동아,,84.87,16,2000,97000,2021-03-27,,,,,,
관악구,11620,10200,신림동,1694,11620-58,신림현대,,34.86,9,1993,49800,2021-03-26,,,,,,
관악구,11620,10200,신림동,1720,11620-79,에셀비전21,,84.64,8,2003,59900,2021-03-20,,,,,,
관악구,11620,10200,신림동,1735,11620-4347,관악산휴먼시아2단지,,59.96,15,2008,68500,2021-03-27,,,,,,
관악구,11620,10100,봉천동,1706,11620-21,봉천우성,,59.76,20,2000,78000,2021-03-24,,,,,,
관악구,11620,10200,신림동,1732,11620-193,서초그린,,84.84,6,2005,81000,2021-03-29,,,,,,
관악구,11620,10200,신림동,1743,11620-5993,앰팰리스아파트,,72.687,13,2020,77000,2021-03-23,,,,,,
관악구,11620,10100,봉천동,1712,11620-5,관악드림(삼성),,59.85,13,2003,78000,2021-03-27,,,,,,
관악구,11620,10200,신림동,1730,11620-183,신림푸르지오,,84.79,16,2005,103500,2021-03-27,,,,,,
관악구,11620,10100,봉천동,1608-27,11620-1794,뉴파크플러스(1608-27),,77.8,2,2005,60000,2021-03-19,,,,,,
관악구,11620,10100,봉천동,875-1,11620-119,관악캠퍼스타워,,35.76,9,1998,22300,2021-03-18,,,,,,
관악구,11620,10300,남현동,1059-1,11620-87,르메이르강남타운1,,132.36,13,2002,113000,2021-03-24,,,,,,
관악구,11620,10100,봉천동,1717,11620-102,관악푸르지오,,59.58,5,2004,88000,2021-03-22,,,,,,
관악구,11620,10200,신림동,255-189,11620-69,현대,,84.44,2,1991,58000,2021-03-23,,,,,,
관악구,11620,10200,신림동,1722,11620-104,신림동신도브래뉴,,84.98,6,2003,81400,2021-03-20,,,,,,
관악구,11620,10100,봉천동,1721,11620-181,브라운스톤관악,,84.41,7,2005,104000,2021-03-20,,,,,,
관악구,11620,10100,봉천동,1719,11620-144,관악동부센트레빌,,59.75,4,2004,89000,2021-03-24,,,,,,
관악구,11620,10100,봉천동,1707-1,11620-22,은천2단지아파트,,59.93,12,2000,72000,2021-03-19,,,,,,
관악구,11620,10100,봉천동,1707,11620-23,은천1,,84.65,16,2001,80500,2021-03-22,,,,,,
관악구,11620,10100,봉천동,1707-1,11620-22,은천2단지아파트,,59.93,8,2000,69000,2021-03-27,,,,,,
관악구,11620,10100,봉천동,1712,11620-5,관악드림(삼성),,60,2,2003,88500,2021-03-29,,,,,,
관악구,11620,10100,봉천동,1707-1,11620-22,은천2단지아파트,,59.93,11,2000,67000,2021-03-22,,,,,,
관악구,11620,10100,봉천동,1629-2,11620-10,동아타운,,28.8,6,1999,27000,2021-03-13,,,,,,
관악구,11620,10100,봉천동,867-9,11620-4818,서울대역해담채,,12.87,8,2012,13200,2021-03-20,,,,,,
관악구,11620,10200,신림동,1700,11620-50,라이프,,84.38,5,1996,47000,2021-03-26,,,,,,
관악구,11620,10100,봉천동,1712,11620-5,관악드림(삼성),,60,7,2003,90800,2021-03-20,,,,,,
관악구,11620,10100,봉천동,1725,11620-24,인헌,,59.75,6,1998,51200,2021-03-10,,,,,,
관악구,11620,10100,봉천동,1000,11620-28,현대(관악),,84.74,8,1992,102500,2021-03-16,,,,,,
관악구,11620,10200,신림동,1736,11620-4349,신림2차푸르지오,,114.7143,15,2007,90000,2021-03-21,,,,,,
관악구,11620,10300,남현동,602-110,11620-5487,라움아파트,,51.58,6,2016,57000,2021-03-09,O,21.04.06,,,,
관악구,11620,10100,봉천동,1728,11620-5194,관악파크푸르지오,,84.99,8,2014,100500,2021-03-27,,,,,,
관악구,11620,10300,남현동,602-110,11620-5487,라움아파트,,51.58,6,2016,57000,2021-03-09,,,,,,
관악구,11620,10100,봉천동,1021,11620-25,일두(1021),,38.92,4,1985,41000,2021-03-23,,,,,,
관악구,11620,10100,봉천동,1708,11620-11,두산,,59.92,2,2000,85400,2021-03-13,,,,,,
관악구,11620,10100,봉천동,1712,11620-4,관악드림(동아),,59.85,25,2003,79000,2021-03-17,,,,,,
관악구,11620,10100,봉천동,1730,11620-5925,e편한세상서울대입구1단지,,84.93,18,2019,140000,2021-03-20,,,,,,
관악구,11620,10200,신림동,1720,11620-79,에셀비전21,,84.64,9,2003,59600,2021-03-22,,,,,,
관악구,11620,10200,신림동,721-2,11620-38,건영2,,43.92,8,1988,32500,2021-03-09,,,,,,
관악구,11620,10100,봉천동,1728,11620-5194,관악파크푸르지오,,74.87,2,2014,96000,2021-03-13,,,,,,
관악구,11620,10100,봉천동,1718,11620-95,벽산블루밍,,59.99,12,2005,77800,2021-03-01,,,,,,
관악구,11620,10100,봉천동,893-12,11620-4794,마에스트로캠퍼스타운,,13.15,10,2012,13100,2021-03-26,,,,,,
관악구,11620,10100,봉천동,1728,11620-5194,관악파크푸르지오,,59.98,17,2014,84500,2021-03-13,,,,,,
관악구,11620,10200,신림동,1425-4,11620-4732,코스모그린,,12.21,7,2012,9800,2021-03-13,,,,,,
관악구,11620,10200,신림동,721-2,11620-38,건영2,,43.92,4,1988,34750,2021-03-12,,,,,,
관악구,11620,10300,남현동,602-17,11620-5546,다청림라인씨티,,36.68,11,2016,50000,2021-03-10,,,,,,
관악구,11620,10200,신림동,1694,11620-58,신림현대,,34.86,2,1993,48000,2021-03-30,,,,,,
관악구,11620,10200,신림동,1563-82,11620-68,한양,,84.79,14,1992,61700,2021-03-10,,,,,,
관악구,11620,10100,봉천동,1712,11620-5,관악드림(삼성),,84.96,23,2003,107000,2021-03-20,,,,,,
관악구,11620,10100,봉천동,1712,11620-4,관악드림(동아),,60,12,2003,90000,2021-03-19,,,,,,
관악구,11620,10200,신림동,1718,11620-75,보라매갑을,,74.7,1,2003,54500,2021-03-11,,,,,,
관악구,11620,10200,신림동,1700,11620-50,라이프,,84.38,4,1996,58000,2021-03-15,,,,,,
관악구,11620,10200,신림동,497-5,11620-4719,보라매해담채,,12.89,6,2012,11600,2021-03-31,,,,,,
관악구,11620,10100,봉천동,30-8,11620-5481,관악태우미소가,,52.58,9,2016,42000,2021-03-23,,,,,,
관악구,11620,10100,봉천동,179-58,11620-29,낙성대현대아파트,,61.74,4,1988,71000,2021-03-06,,,,,,
관악구,11620,10200,신림동,497-5,11620-4719,보라매해담채,,12.89,6,2012,11600,2021-03-29,,,,,,
관악구,11620,10200,신림동,1722,11620-104,신림동신도브래뉴,,84.95,1,2003,86000,2021-03-04,,,,,,
관악구,11620,10200,신림동,1735,11620-4347,관악산휴먼시아2단지,,59.99,3,2008,61800,2021-03-20,,,,,,
관악구,11620,10100,봉천동,1708,11620-11,두산,,84.92,16,2000,109500,2021-03-03,,,,,,
관악구,11620,10100,봉천동,1568-1,11620-5860,서울대입구한양아이클래스,,16.58,13,2018,17000,2021-03-30,,,,,,
관악구,11620,10200,신림동,1735-1,11620-4348,관악산휴먼시아1단지,,84.97,13,2008,84500,2021-03-06,,,,,,
관악구,11620,10100,봉천동,1000,11620-28,현대(관악),,123.29,12,1992,125000,2021-03-05,,,,,,
관악구,11620,10200,신림동,1735,11620-4347,관악산휴먼시아2단지,,84.97,10,2008,81500,2021-03-13,,,,,,
관악구,11620,10200,신림동,1433-55,11620-5002,프라비다트라움,,14.06,3,2013,11500,2021-03-29,,,,,,
관악구,11620,10100,봉천동,875-1,11620-119,관악캠퍼스타워,,25.86,18,1998,14500,2021-03-07,,,,,,
관악구,11620,10100,봉천동,1717,11620-102,관악푸르지오,,59.58,11,2004,90000,2021-03-13,,,,,,
관악구,11620,10100,봉천동,1719,11620-144,관악동부센트레빌,,84.7,7,2004,103000,2021-03-09,,,,,,
관악구,11620,10100,봉천동,1717,11620-102,관악푸르지오,,84.2,5,2004,105000,2021-03-13,,,,,,
관악구,11620,10100,봉천동,1712,11620-4,관악드림(동아),,59.85,26,2003,81000,2021-03-06,,,,,,
관악구,11620,10200,신림동,1735,11620-4347,관악산휴먼시아2단지,,59.96,7,2008,67000,2021-03-20,,,,,,
관악구,11620,10100,봉천동,1712,11620-5,관악드림(삼성),,59.83,4,2003,84500,2021-03-06,,,,,,
관악구,11620,10100,봉천동,1717,11620-102,관악푸르지오,,59.58,8,2004,88000,2021-03-13,,,,,,
관악구,11620,10100,봉천동,1712,11620-5,관악드림(삼성),,84.96,18,2003,106000,2021-03-13,,,,,,
관악구,11620,10100,봉천동,1021,11620-25,일두(1021),,57.66,4,1985,37000,2021-03-24,O,21.03.29,,,,
관악구,11620,10200,신림동,763,11620-70,한라타운아파트,,78.0386,9,2001,57800,2021-03-06,,,,,,
관악구,11620,10100,봉천동,893-1,11620-5183,프라비다M,,30.12,13,2014,29500,2021-03-08,,,,,,
관악구,11620,10100,봉천동,1717,11620-102,관악푸르지오,,84.2,18,2004,109500,2021-03-04,,,,,,
관악구,11620,10200,신림동,1695,11620-49,동부,,50.57,2,1993,60000,2021-03-06,,,,,,
관악구,11620,10100,봉천동,1672-10,11620-141,탑,,84.7,3,2004,57100,2021-03-11,,,,,,
관악구,11620,10200,신림동,1421-1,11620-5276,신림큐브,,13.41,7,2015,11480,2021-03-18,,,,,,
관악구,11620,10200,신림동,1695,11620-49,동부,,50.57,10,1993,61000,2021-03-12,,,,,,
관악구,11620,10100,봉천동,1716,11620-94,벽산타운II,,79.28,13,2003,84800,2021-03-06,,,,,,
관악구,11620,10200,신림동,1694,11620-58,신림현대,,34.86,14,1993,52000,2021-03-01,,,,,,
관악구,11620,10200,신림동,1694,11620-58,신림현대,,34.86,12,1993,51000,2021-03-16,,,,,,
관악구,11620,10200,신림동,1735,11620-4347,관악산휴먼시아2단지,,59.96,3,2008,62800,2021-03-13,,,,,,
관악구,11620,10100,봉천동,1718,11620-95,벽산블루밍,,84.99,11,2005,100000,2021-03-05,,,,,,
관악구,11620,10100,봉천동,1718,11620-95,벽산블루밍,,59.99,12,2005,77800,2021-03-01,O,21.04.02,,,,
관악구,11620,10200,신림동,1694,11620-58,신림현대,,34.86,15,1993,49500,2021-03-06,,,,,,
관악구,11620,10200,신림동,534-1,11620-4583,아데나,,18,4,2010,12400,2021-03-15,,,,,,
관악구,11620,10200,신림동,1722,11620-104,신림동신도브래뉴,,81.42,9,2003,75000,2021-03-19,,,,,,
관악구,11620,10100,봉천동,1717,11620-102,관악푸르지오,,59.58,6,2004,86000,2021-03-06,,,,,,
관악구,11620,10300,남현동,1081-4,11620-203,우평,,99.29,3,2003,81600,2021-03-15,,,,,,
관악구,11620,10200,신림동,1714,11620-54,삼성산주공(주공3단지),,58.55,21,2000,61400,2021-03-13,,,,,,
관악구,11620,10100,봉천동,15-5,11620-5115,대영,,44.5,7,2014,36700,2021-03-08,,,,,,
관악구,11620,10100,봉천동,1717,11620-102,관악푸르지오,,84.2,12,2004,109700,2021-03-13,,,,,,
관악구,11620,10100,봉천동,1719,11620-144,관악동부센트레빌,,59.75,7,2004,89000,2021-03-10,,,,,,
관악구,11620,10100,봉천동,1717,11620-102,관악푸르지오,,59.58,23,2004,90800,2021-03-20,,,,,,
관악구,11620,10100,봉천동,1728,11620-5194,관악파크푸르지오,,59.98,9,2014,85000,2021-03-08,,,,,,
관악구,11620,10200,신림동,1724,11620-98,서초,,84.8,13,2003,69000,2021-03-01,,,,,,
관악구,11620,10200,신림동,1737,11620-4417,효림다온,,84.79,4,2007,71000,2021-03-10,,,,,,
관악구,11620,10200,신림동,1696,11620-48,동문,,59.4,2,1995,36000,2021-03-02,,,,,,
관악구,11620,10200,신림동,551-9,11620-80,신림2차현대,,84.6,11,1996,70000,2021-03-15,,,,,,
관악구,11620,10200,신림동,1694,11620-58,신림현대,,34.86,7,1993,49000,2021-03-03,O,21.05.06,,,,
관악구,11620,10100,봉천동,1700,11620-1,갑을,,80.7,3,1998,74000,2021-03-09,,,,,,
관악구,11620,10100,봉천동,1708,11620-11,두산,,114.99,19,2000,117000,2021-03-05,,,,,,
관악구,11620,10100,봉천동,1702,11620-6,그린,,72.84,3,1999,42000,2021-03-15,,,,,,
관악구,11620,10100,봉천동,1712,11620-4,관악드림(동아),,84.96,19,2003,100000,2021-03-02,,,,,,
관악구,11620,10200,신림동,497-5,11620-4719,보라매해담채,,12.89,9,2012,16500,2021-03-17,,,,,,
관악구,11620,10200,신림동,1684-7,11620-148,중앙힐101동,,83.85,6,2001,45250,2021-03-10,,,,,,
관악구,11620,10200,신림동,534-1,11620-4583,아데나,,18,4,2010,12400,2021-03-12,O,21.03.23,,,,
관악구,11620,10200,신림동,1694,11620-58,신림현대,,34.86,10,1993,51000,2021-03-01,,,,,,
관악구,11620,10100,봉천동,1718,11620-95,벽산블루밍,,84.99,11,2005,104500,2021-03-06,,,,,,
관악구,11620,10100,봉천동,1717,11620-102,관악푸르지오,,59.58,10,2004,84000,2021-03-06,,,,,,
관악구,11620,10200,신림동,497-5,11620-4719,보라매해담채,,12.89,11,2012,16500,2021-03-15,,,,,,
관악구,11620,10200,신림동,1735,11620-4347,관악산휴먼시아2단지,,84.98,13,2008,74000,2021-03-13,,,,,,
관악구,11620,10200,신림동,1735-1,11620-4348,관악산휴먼시아1단지,,59.96,14,2008,71000,2021-03-10,,,,,,
관악구,11620,10200,신림동,1735,11620-4347,관악산휴먼시아2단지,,114.7,9,2008,84000,2021-03-06,,,,,,
관악구,11620,10100,봉천동,1729,11620-5206,서희스타힐스,,59.81,15,2015,70000,2021-03-03,,,,,,
관악구,11620,10200,신림동,1727,11620-101,그대家,,59.6,6,2003,55800,2021-03-05,,,,,,
관악구,11620,10200,신림동,534-1,11620-4583,아데나,,18,2,2010,12300,2021-03-02,,,,,,
관악구,11620,10200,신림동,1714,11620-54,삼성산주공(주공3단지),,113.31,23,2000,81000,2021-03-08,,,,,,
관악구,11620,10200,신림동,1433-55,11620-5002,프라비다트라움,,14.05,3,2013,11250,2021-03-06,,,,,,
관악구,11620,10200,신림동,255-189,11620-69,현대,,71.9,2,1991,45000,2021-03-02,,,,,,
관악구,11620,10200,신림동,1735,11620-4347,관악산휴먼시아2단지,,114.7,12,2008,83000,2021-03-03,,,,,,
관악구,11620,10200,신림동,1703-1,11620-39,LIG대학마을(건영아파트3차),,58.89,1,1996,57000,2021-03-02,,,,,,
관악구,11620,10200,신림동,1580-3,11620-76,태성,,73,4,2002,46000,2021-03-02,,,,,,
관악구,11620,10100,봉천동,867-12,11620-4853,프라비다2,,15.98,11,2013,14000,2021-03-03,,,,,,
관악구,11620,10200,신림동,1684-9,11620-78,서울중앙,,84.39,2,2002,42500,2021-03-02,,,,,,
관악구,11620,10200,신림동,1433-55,11620-5002,프라비다트라움,,14.05,7,2013,11500,2021-03-02,,,,,,
서초구,11650,10300,우면동,788,11650-3974,호반써밋서초파크,,59.93,3,2013,115000,2021-03-08,,,,,,
서초구,11650,10700,반포동,60-4,11650-172,반포미도,,84.96,13,1987,220000,2021-03-27,,,,,,
서초구,11650,10600,잠원동,157,11650-102,동아,,59.8,10,2002,189000,2021-03-20,,,,,,
서초구,11650,10600,잠원동,55-12,11650-113,신반포16,,52.32,3,1983,155500,2021-03-30,,,,,,
서초구,11650,10700,반포동,1342,11650-4703,반포써밋,,84.4182,22,2018,279500,2021-03-02,,,,,,
서초구,11650,10600,잠원동,70,11650-125,신반포4,,137.1,4,1979,358500,2021-03-30,,,,,,
서초구,11650,10100,방배동,424-28,11650-4044,롯데캐슬아르떼,,84.974,16,2013,205000,2021-03-31,,,,,,
서초구,11650,10100,방배동,816-1,11650-590,한신트리플,,61.16,6,2004,70000,2021-03-30,,,,,,
서초구,11650,10700,반포동,2-12,11650-4440,아크로리버파크,,112.93,26,2016,473500,2021-03-30,,,,,,
서초구,11650,10800,서초동,1303-10,11650-3393,서초한일유앤아이주상복합,,96.65,7,2007,124900,2021-03-29,,,,,,
서초구,11650,10600,잠원동,73,11650-117,신반포2,,135.97,6,1978,347000,2021-03-30,,,,,,
서초구,11650,10600,잠원동,60-3,11650-129,신반포8,,54.8,8,1981,190000,2021-03-31,,,,,,
서초구,11650,10700,반포동,60-4,11650-172,반포미도,,84.96,13,1987,220000,2021-03-27,O,21.07.27,,,,
서초구,11650,10800,서초동,1641-13,11650-54,아남,,71.1,6,1989,144000,2021-03-30,,,,,,
서초구,11650,10800,서초동,1420-18,11650-3219,신원아침도시(1420),,84.34,8,2005,150000,2021-03-27,,,,,,
서초구,11650,10600,잠원동,42-13,11650-101,대우아이빌,,27.07,3,2001,45800,2021-03-30,,,,,,
서초구,11650,10700,반포동,18-1,11650-3559,래미안퍼스티지,,198.22,8,2009,472000,2021-03-29,,,,,,
서초구,11650,10800,서초동,1682,11650-523,서초래미안,,111.32,11,2003,240000,2021-03-25,,,,,,
서초구,11650,11100,신원동,579,11650-4026,서초포레스타5단지,,84.41,15,2014,184500,2021-03-24,,,,,,
서초구,11650,10800,서초동,1686-9,11650-3579,서초교대e편한세상,,59.9,4,2010,186000,2021-03-27,,,,,,
서초구,11650,10700,반포동,1341,11650-4678,반포래미안아이파크,,84.93,13,2018,285000,2021-03-27,,,,,,
서초구,11650,10800,서초동,1333,11650-53,신동아아파트(1차),,101.6,5,1978,224500,2021-03-31,,,,,,
서초구,11650,10600,잠원동,60-3,11650-129,신반포8,,52.74,5,1981,187000,2021-03-27,,,,,,
서초구,11650,10800,서초동,1326-17,11650-60,우성아파트,,84.93,5,1998,180000,2021-03-27,,,,,,
서초구,11650,10700,반포동,968,11650-209,에이아이디차관주택,,72.51,1,1974,253000,2021-03-30,,,,,,
서초구,11650,10100,방배동,12-1,11650-3858,UPPERHOUSE,,233.44,3,2012,285000,2021-03-29,,,,,,
서초구,11650,10800,서초동,1685,11650-28,삼풍아파트,,130.73,4,1988,310000,2021-03-03,,,,,,
서초구,11650,10800,서초동,1487-63,11650-708,서초1차e-편한세상,,130.53,6,2004,190000,2021-03-28,,,,,,
서초구,11650,10100,방배동,3001-1,11650-3311,디오수페리움2,,84.94,7,2006,136700,2021-03-29,,,,,,
서초구,11650,10800,서초동,1583-10,11650-3542,서초아트자이,,144.3141,15,2009,219000,2021-03-25,,,,,,
서초구,11650,10100,방배동,3278,11650-4706,방배아트자이,,59.9938,6,2018,171000,2021-03-20,,,,,,
서초구,11650,10100,방배동,1-57,11650-727,부에나비스타,,244.89,6,2004,312500,2021-03-24,,,,,,
서초구,11650,10100,방배동,725,11650-323,방배신삼호,,164.97,11,1983,280000,2021-03-20,,,,,,
서초구,11650,10100,방배동,847-34,11650-399,방배대우유로카운티,,202.4,4,2002,288000,2021-03-28,,,,,,
서초구,11650,10600,잠원동,160,11650-4675,신반포자이,,59.93,20,2018,238800,2021-03-25,,,,,,
서초구,11650,10700,반포동,54-5,11650-168,반포두산힐스빌,,58.7,8,2001,130000,2021-03-26,,,,,,
서초구,11650,10600,잠원동,70,11650-125,신반포4,,96.48,11,1979,279000,2021-03-30,,,,,,
서초구,11650,10100,방배동,754-1,11650-3317,롯데캐슬헤론,,174.89,3,2006,182500,2021-03-22,,,,,,
서초구,11650,10100,방배동,865-24,11650-321,신구하이텍빌리지,,204.69,2,1996,180500,2021-03-17,,,,,,
서초구,11650,10700,반포동,2-12,11650-4440,아크로리버파크,,84.95,12,2016,385000,2021-03-19,,,,,,
서초구,11650,10600,잠원동,157,11650-102,동아,,59.8,10,2002,189000,2021-03-20,O,21.07.02,,,,
서초구,11650,10600,잠원동,42-13,11650-101,대우아이빌,,27.07,3,2001,49000,2021-03-20,,,,,,
서초구,11650,10600,잠원동,60-4,11650-149,한신타운,,78.39,2,1989,183000,2021-03-25,,,,,,
서초구,11650,10700,반포동,70,11650-169,라인,,84.89,10,1995,157000,2021-03-28,,,,,,
서초구,11650,10800,서초동,1472-1,11650-3251,더샾오데움(104동),,110.52,3,2006,155000,2021-03-22,,,,,,
서초구,11650,10600,잠원동,63-2,11650-141,신반포청구,,59.91,3,1998,167000,2021-03-23,,,,,,
서초구,11650,10600,잠원동,158,11650-4439,래미안신반포팰리스,,84.46,14,2016,280000,2021-03-18,,,,,,
서초구,11650,10600,잠원동,60-4,11650-149,한신타운,,78.39,10,1989,182000,2021-03-17,,,,,,
서초구,11650,10700,반포동,2-12,11650-4440,아크로리버파크,,84.97,1,2016,310000,2021-03-17,,,,,,
서초구,11650,10700,반포동,70,11650-169,라인,,59.97,5,1995,128000,2021-03-18,,,,,,
서초구,11650,10100,방배동,1-21,11650-3355,방배롯데캐슬OSCAR,,270.6,1,2006,325000,2021-03-17,,,,,,
서초구,11650,10100,방배동,725,11650-323,방배신삼호,,105.04,8,1983,229000,2021-03-19,,,,,,
서초구,11650,10800,서초동,1671-5,11650-605,대림서초리시온,,40.26,10,2003,41700,2021-03-19,,,,,,
서초구,11650,10800,서초동,1445-4,11650-518,래미안서초유니빌,,42,11,2003,39300,2021-03-27,,,,,,
서초구,11650,10700,반포동,20-43,11650-3500,반포자이,,84.943,25,2009,287000,2021-03-19,,,,,,
서초구,11650,10700,반포동,48-2,11650-684,대성유니드,,120.73,8,2004,190000,2021-03-20,,,,,,
서초구,11650,10800,서초동,1326-17,11650-60,우성아파트,,59.93,21,1998,153000,2021-03-21,,,,,,
서초구,11650,10600,잠원동,55-12,11650-113,신반포16,,52.26,5,1983,157500,2021-03-21,,,,,,
서초구,11650,10800,서초동,1583-10,11650-3542,서초아트자이,,165.5725,16,2009,236000,2021-03-20,,,,,,
서초구,11650,10800,서초동,1445-4,11650-518,래미안서초유니빌,,45.255,11,2003,40350,2021-03-20,,,,,,
서초구,11650,10700,반포동,968,11650-209,에이아이디차관주택,,72.51,4,1974,166250,2021-03-23,,,,,,
서초구,11650,10100,방배동,866-20,11650-3191,방배대우디오빌,,29.6,21,2005,33000,2021-03-27,,,,,,
서초구,11650,10600,잠원동,55-12,11650-113,신반포16,,52.26,9,1983,155000,2021-03-20,,,,,,
서초구,11650,10100,방배동,424-28,11650-4044,롯데캐슬아르떼,,84.9145,15,2013,216000,2021-03-13,O,21.06.14,,,,
서초구,11650,10800,서초동,1682,11650-523,서초래미안,,111.32,21,2003,245000,2021-03-20,,,,,,
서초구,11650,10700,반포동,728-7,11650-698,반포팰리스,,100.41,2,2004,97500,2021-03-12,,,,,,
서초구,11650,10800,서초동,1312-3,11650-3300,롯데캐슬클래식,,84.98,3,2006,229800,2021-03-27,,,,,,
서초구,11650,10800,서초동,1446-11,11650-519,현대슈퍼빌,,214.92,31,2003,267000,2021-03-23,,,,,,
서초구,11650,10700,반포동,2-12,11650-4440,아크로리버파크,,84.97,4,2016,310000,2021-03-12,,,,,,
서초구,11650,10800,서초동,1337-3,11650-4072,urbanplace,,20.334,7,2014,19500,2021-03-19,,,,,,
서초구,11650,10100,방배동,906-13,11650-3573,서리풀e편한세상,,121.48,7,2010,286000,2021-03-19,,,,,,
서초구,11650,10100,방배동,3278,11650-4706,방배아트자이,,59.9775,9,2018,172000,2021-03-11,,,,,,
서초구,11650,10600,잠원동,55-12,11650-113,신반포16,,52.32,6,1983,160000,2021-03-17,,,,,,
서초구,11650,10800,서초동,1301-6,11650-3515,래미안서초스위트,,84.9571,23,2009,238000,2021-03-20,,,,,,
서초구,11650,10800,서초동,1301-6,11650-3515,래미안서초스위트,,95.7555,8,2009,250000,2021-03-20,,,,,,
서초구,11650,10800,서초동,1445-4,11650-518,래미안서초유니빌,,58.601,18,2003,71900,2021-03-12,,,,,,
서초구,11650,10700,반포동,968,11650-209,에이아이디차관주택,,72.51,4,1974,286000,2021-03-26,,,,,,
서초구,11650,10600,잠원동,55-12,11650-113,신반포16,,52.32,3,1983,155500,2021-03-30,O,21.06.21,,,,
서초구,11650,10300,우면동,788,11650-3974,호반써밋서초파크,,59.93,14,2013,126000,2021-03-20,,,,,,
서초구,11650,10600,잠원동,42-13,11650-101,대우아이빌,,34.72,7,2001,62700,2021-03-20,,,,,,
서초구,11650,10800,서초동,1330,11650-608,서초동삼성쉐르빌2,,35.22,13,2002,32500,2021-03-23,,,,,,
서초구,11650,10100,방배동,866-20,11650-3191,방배대우디오빌,,37.67,4,2005,42000,2021-03-20,,,,,,
서초구,11650,10100,방배동,754-1,11650-3317,롯데캐슬헤론,,168.81,23,2006,198000,2021-03-23,,,,,,
서초구,11650,10100,방배동,866-20,11650-3191,방배대우디오빌,,37.67,4,2005,42000,2021-03-20,O,21.04.08,,,,
서초구,11650,10100,방배동,800-1,11650-3183,빌라일두오모,,199.83,5,2005,310000,2021-03-09,,,,,,
서초구,11650,10700,반포동,20-43,11650-3500,반포자이,,194.515,9,2009,427000,2021-03-17,,,,,,
서초구,11650,10100,방배동,3279,11650-4769,방배 서리풀 그랑블,,84.9969,4,2019,170000,2021-03-17,,,,,,
서초구,11650,10300,우면동,788,11650-3974,호반써밋서초파크,,59.93,8,2013,123000,2021-03-10,,,,,,
서초구,11650,10800,서초동,1467-62,11650-3225,서초5차e편한세상,,158.24,10,2005,214000,2021-03-26,,,,,,
서초구,11650,10800,서초동,1593-7,11650-521,서초이오빌,,58.48,11,2003,57500,2021-03-08,,,,,,
서초구,11650,10600,잠원동,71-12,11650-142,킴스빌리지,,30.18,7,1996,81900,2021-03-20,,,,,,
서초구,11650,10100,방배동,970-13,11650-575,방배승원아트빌,,137.25,2,2003,135500,2021-03-09,,,,,,
서초구,11650,10800,서초동,1671-5,11650-605,대림서초리시온,,40.26,10,2003,41300,2021-03-24,,,,,,
서초구,11650,10800,서초동,1671-5,11650-605,대림서초리시온,,49.92,7,2003,48500,2021-03-17,,,,,,
서초구,11650,10700,반포동,103-1,11650-622,윌턴빌,,174.44,1,2002,187000,2021-03-11,,,,,,
서초구,11650,10100,방배동,755-14,11650-3569,리첸시아방배,,150.03,6,2010,168000,2021-03-09,,,,,,
서초구,11650,10700,반포동,60-5,11650-173,반포미도2차아파트,,71.49,8,1989,190000,2021-03-29,,,,,,
서초구,11650,10700,반포동,612-31,11650-3431,아델스빌1,,241.96,2,2007,250000,2021-03-10,,,,,,
서초구,11650,10800,서초동,1687,11650-62,유원서초,,84.87,10,1993,189000,2021-03-12,,,,,,
서초구,11650,10700,반포동,46,11650-199,엠브이아파트,,83.4,5,1994,144000,2021-03-11,,,,,,
서초구,11650,10100,방배동,3278,11650-4706,방배아트자이,,84.9152,10,2018,228000,2021-03-10,,,,,,
서초구,11650,10800,서초동,1671-5,11650-605,대림서초리시온,,49.79,13,2003,54500,2021-03-10,,,,,,
서초구,11650,10600,잠원동,58-24,11650-109,신반포11,,76.4,4,1981,249000,2021-03-13,,,,,,
서초구,11650,10700,반포동,46,11650-199,엠브이아파트,,59.82,8,1994,130000,2021-03-12,,,,,,
서초구,11650,10800,서초동,1675-11,11650-606,서초대우아이빌,,35.307,10,2003,31500,2021-03-19,,,,,,
서초구,11650,10800,서초동,1445-4,11650-518,래미안서초유니빌,,45.255,12,2003,40000,2021-03-16,,,,,,
서초구,11650,10800,서초동,1593-7,11650-521,서초이오빌,,45.96,6,2003,36100,2021-03-06,,,,,,
서초구,11650,10800,서초동,1671-5,11650-605,대림서초리시온,,35.02,14,2003,41000,2021-03-10,,,,,,
서초구,11650,10700,반포동,16-6,11650-3687,반포힐스테이트,,84.77,4,2012,283000,2021-03-13,,,,,,
서초구,11650,10100,방배동,906-13,11650-3573,서리풀e편한세상,,59.97,8,2010,178000,2021-03-29,,,,,,
서초구,11650,10700,반포동,30-26,11650-3617,반포리체,,138.257,16,2010,370000,2021-03-12,,,,,,
서초구,11650,10100,방배동,884-21,11650-511,대림e-편한세상1,,164.38,10,2003,249000,2021-03-24,,,,,,
서초구,11650,10700,반포동,18-1,11650-3559,래미안퍼스티지,,84.93,21,2009,290000,2021-03-23,,,,,,
서초구,11650,10600,잠원동,53,11650-152,현대,,84.87,12,1993,200000,2021-03-23,,,,,,
서초구,11650,10800,서초동,1495-2,11650-72,트라움하우스2,,267.08,3,1996,260000,2021-03-09,,,,,,
서초구,11650,10700,반포동,757,11650-175,반포주공1단지,,106.25,2,1973,450000,2021-03-11,,,,,,
서초구,11650,10100,방배동,424-28,11650-4044,롯데캐슬아르떼,,147.7221,2,2013,250000,2021-03-20,,,,,,
서초구,11650,10800,서초동,1451-89,11650-3944,서초중흥S-클래스(도시형생활주택),,22.37,8,2013,19000,2021-03-20,,,,,,
서초구,11650,10200,양재동,19-1,11650-666,해청파인빌,,129.4,2,2004,130000,2021-03-03,,,,,,
서초구,11650,11100,신원동,557,11650-4103,힐스테이트서초젠트리스,,84.95,2,2014,163000,2021-03-11,,,,,,
서초구,11650,10300,우면동,59,11650-480,동고,,84.96,2,1995,115500,2021-03-03,,,,,,
서초구,11650,10800,서초동,1497-18,11650-84,현대서초빌라트,,242.58,10,1997,200000,2021-03-10,,,,,,
서초구,11650,10800,서초동,1685,11650-28,삼풍아파트,,130.73,4,1988,310000,2021-03-03,O,21.04.19,,,,
서초구,11650,10300,우면동,70,11650-482,코오롱,,52.47,3,1994,100000,2021-03-27,,,,,,
서초구,11650,10700,반포동,54-5,11650-168,반포두산힐스빌,,47.7,10,2001,98500,2021-03-11,,,,,,
서초구,11650,10700,반포동,54-5,11650-168,반포두산힐스빌,,58.7,7,2001,126000,2021-03-11,,,,,,
서초구,11650,10800,서초동,1685-3,11650-724,아크로비스타,,205.07,25,2004,348000,2021-03-06,,,,,,
서초구,11650,10300,우면동,788,11650-3974,호반써밋서초파크,,51.89,20,2013,109250,2021-03-10,,,,,,
서초구,11650,10100,방배동,988-1,11650-322,신동아,,105.86,15,1981,213000,2021-03-02,,,,,,
서초구,11650,10100,방배동,424-28,11650-4044,롯데캐슬아르떼,,84.9145,9,2013,216500,2021-03-06,,,,,,
서초구,11650,10100,방배동,899-16,11650-630,브라운스톤방배,,84.96,13,2005,189800,2021-03-06,,,,,,
서초구,11650,10800,서초동,1671-5,11650-605,대림서초리시온,,49.92,4,2003,49000,2021-03-06,,,,,,
서초구,11650,10600,잠원동,55-12,11650-113,신반포16,,52.26,4,1983,159300,2021-03-18,,,,,,
서초구,11650,10300,우면동,788,11650-3974,호반써밋서초파크,,59.93,18,2013,71000,2021-03-30,O,22.02.11,,,,
서초구,11650,10700,반포동,2-12,11650-4440,아크로리버파크,,112.93,3,2016,395000,2021-03-17,,,,,,
서초구,11650,10700,반포동,18-1,11650-3559,래미안퍼스티지,,198.22,16,2009,485000,2021-03-04,,,,,,
서초구,11650,10700,반포동,20-43,11650-3500,반포자이,,59.98,7,2009,235000,2021-03-21,,,,,,
서초구,11650,10700,반포동,70-1,11650-232,한신서래,,64.53,3,1987,160000,2021-03-03,,,,,,
서초구,11650,10100,방배동,797-30,11650-3281,방배3차e-편한세상,,198.5315,5,2006,300000,2021-03-02,,,,,,
서초구,11650,10100,방배동,906-13,11650-3573,서리풀e편한세상,,84.97,7,2010,230000,2021-03-10,,,,,,
서초구,11650,10700,반포동,1341,11650-4678,반포래미안아이파크,,130.93,14,2018,396000,2021-03-04,,,,,,
서초구,11650,10600,잠원동,161,11650-4750,래미안신반포리오센트,,133.37,16,2019,360000,2021-03-20,,,,,,
서초구,11650,10800,서초동,1446-11,11650-519,현대슈퍼빌,,164.87,20,2003,239000,2021-03-08,,,,,,
서초구,11650,10900,내곡동,384,11650-4156,서초포레스타2단지,,84.48,11,2015,159000,2021-03-02,,,,,,
서초구,11650,10700,반포동,20-43,11650-3500,반포자이,,132.439,18,2009,370000,2021-03-01,,,,,,
서초구,11650,10600,잠원동,60-3,11650-129,신반포8,,52.74,6,1981,190000,2021-03-20,,,,,,
서초구,11650,10700,반포동,18-1,11650-3559,래미안퍼스티지,,198.04,24,2009,470000,2021-03-01,,,,,,
서초구,11650,10100,방배동,906-13,11650-3573,서리풀e편한세상,,59.94,4,2010,183000,2021-03-05,,,,,,
서초구,11650,10100,방배동,484-5,11650-3170,방배아트e-편한세상102,,74.87,5,2005,152000,2021-03-06,,,,,,
서초구,11650,10100,방배동,3279,11650-4769,방배 서리풀 그랑블,,84.9969,5,2019,172000,2021-03-06,,,,,,
서초구,11650,10100,방배동,866-20,11650-3191,방배대우디오빌,,36.63,7,2005,40500,2021-03-06,,,,,,
서초구,11650,10800,서초동,1337-3,11650-4072,urbanplace,,22.032,5,2014,23000,2021-03-20,,,,,,
서초구,11650,10800,서초동,1593-7,11650-521,서초이오빌,,36.66,24,2003,31000,2021-03-22,O,21.04.27,,,,
서초구,11650,10100,방배동,1008-2,11650-658,래미안방배아트힐(1008-2),,127.61,12,2004,205000,2021-03-20,,,,,,
서초구,11650,10700,반포동,2-12,11650-4440,아크로리버파크,,129.92,8,2016,470000,2021-03-02,,,,,,
서초구,11650,10800,서초동,1445-4,11650-518,래미안서초유니빌,,45.255,9,2003,39800,2021-03-03,,,,,,
서초구,11650,10700,반포동,968,11650-209,에이아이디차관주택,,72.51,2,1974,265000,2021-03-05,,,,,,
서초구,11650,10800,서초동,1677-11,11650-3331,삼환바우스,,84.74,12,2006,135000,2021-03-04,,,,,,
서초구,11650,10600,잠원동,160,11650-4675,신반포자이,,84.97,20,2018,275000,2021-03-09,,,,,,
서초구,11650,10700,반포동,757,11650-175,반포주공1단지,,107.47,2,1973,450000,2021-03-06,,,,,,
서초구,11650,10800,서초동,1492-5,11650-3252,서초트레져,,224.22,1,2005,165000,2021-03-11,,,,,,
서초구,11650,10600,잠원동,61-2,11650-116,신반포19,,107.93,5,1982,237000,2021-03-03,,,,,,
서초구,11650,10700,반포동,60-4,11650-172,반포미도,,84.96,1,1987,210000,2021-03-10,,,,,,
서초구,11650,10100,방배동,866-10,11650-4693,방배마에스트로,,35.53,13,2019,80000,2021-03-12,,,,,,
서초구,11650,10300,우면동,788,11650-3974,호반써밋서초파크,,51.89,8,2013,56300,2021-03-23,O,22.02.11,,,,
서초구,11650,10300,우면동,788,11650-3974,호반써밋서초파크,,51.89,7,2013,57600,2021-03-23,O,22.02.11,,,,
서초구,11650,10700,반포동,2-12,11650-4440,아크로리버파크,,129.95,7,2016,425000,2021-03-12,,,,,,
서초구,11650,10800,서초동,1445-4,11650-518,래미안서초유니빌,,42,6,2003,37000,2021-03-04,,,,,,
서초구,11650,10800,서초동,1560-9,11650-3309,서초우방유쉘,,84.85,6,2006,148000,2021-03-15,,,,,,
서초구,11650,10600,잠원동,67-2,11650-530,브라운스톤잠원,,84.94,7,2003,215000,2021-03-02,,,,,,
서초구,11650,10600,잠원동,60-3,11650-129,신반포8,,55.17,1,1981,193000,2021-03-06,,,,,,
서초구,11650,10100,방배동,798-10,11650-4143,르가든6차,,181.08,2,2015,265000,2021-03-05,,,,,,
서초구,11650,10700,반포동,20-43,11650-3500,반포자이,,216.49,23,2009,449500,2021-03-13,,,,,,
서초구,11650,10100,방배동,889-5,11650-762,방배CJ나인빌1차,,145.76,1,2005,149000,2021-03-01,,,,,,
서초구,11650,10300,우면동,788,11650-3974,호반써밋서초파크,,59.93,16,2013,71000,2021-03-19,O,22.02.11,,,,
서초구,11650,10800,서초동,1656-4,11650-3568,롯데캐슬메디치,,103.24,7,2010,147000,2021-03-03,,,,,,
서초구,11650,10100,방배동,444-3,11650-3325,SK리더스뷰(파스텔시티),,84.8,13,2006,149900,2021-03-06,,,,,,
서초구,11650,10300,우면동,717,11650-3864,서초네이처힐3단지,,84.84,13,2013,160000,2021-03-08,,,,,,
서초구,11650,10700,반포동,18-1,11650-3559,래미안퍼스티지,,198.04,21,2009,480000,2021-03-09,,,,,,
서초구,11650,10300,우면동,764,11650-4065,우솔마을서초리슈빌S아파트,,44.4883,6,2014,61000,2021-03-03,,,,,,
서초구,11650,10700,반포동,16-6,11650-3687,반포힐스테이트,,155.38,9,2012,383000,2021-03-02,,,,,,
서초구,11650,10100,방배동,2626,11650-503,삼성래미안1,,59.9,1,2003,132250,2021-03-02,,,,,,
서초구,11650,10300,우면동,788,11650-3974,호반써밋서초파크,,59.93,3,2013,115000,2021-03-08,O,21.08.13,,,,
서초구,11650,10300,우면동,788,11650-3974,호반써밋서초파크,,59.93,18,2013,71000,2021-03-17,O,22.02.11,,,,
서초구,11650,10300,우면동,788,11650-3974,호반써밋서초파크,,59.93,14,2013,71000,2021-03-17,O,22.02.11,,,,
서초구,11650,10700,반포동,18-1,11650-3559,래미안퍼스티지,,59.96,7,2009,260000,2021-03-01,,,,,,
서초구,11650,10800,서초동,1656-4,11650-3568,롯데캐슬메디치,,110.62,15,2010,160000,2021-03-05,,,,,,
서초구,11650,10300,우면동,788,11650-3974,호반써밋서초파크,,51.89,8,2013,57600,2021-03-16,O,22.02.11,,,,
서초구,11650,10300,우면동,788,11650-3974,호반써밋서초파크,,51.89,10,2013,57100,2021-03-16,O,22.02.11,,,,
서초구,11650,10800,서초동,1677-1,11650-3278,브라운스톤서초(1677-1),,84.23,13,2006,138000,2021-03-06,,,,,,
서초구,11650,10800,서초동,1685,11650-28,삼풍아파트,,130.23,3,1988,265000,2021-03-04,,,,,,
서초구,11650,10800,서초동,1446-11,11650-519,현대슈퍼빌,,216.16,26,2003,279000,2021-03-07,,,,,,
서초구,11650,10800,서초동,1671-5,11650-605,대림서초리시온,,49.92,3,2003,50000,2021-03-15,,,,,,
서초구,11650,10600,잠원동,157,11650-102,동아,,84.91,19,2002,238000,2021-03-15,,,,,,
서초구,11650,10300,우면동,788,11650-3974,호반써밋서초파크,,59.93,22,2013,71000,2021-03-15,O,22.02.11,,,,
서초구,11650,10300,우면동,788,11650-3974,호반써밋서초파크,,59.93,3,2013,67400,2021-03-15,O,22.02.11,,,,
서초구,11650,10300,우면동,788,11650-3974,호반써밋서초파크,,59.93,15,2013,71000,2021-03-12,O,22.02.11,,,,
서초구,11650,10700,반포동,1342,11650-4703,반포써밋,,84.4182,22,2018,279500,2021-03-02,O,21.05.12,,,,
서초구,11650,10300,우면동,788,11650-3974,호반써밋서초파크,,59.93,23,2013,71000,2021-03-12,O,22.02.11,,,,
서초구,11650,10300,우면동,788,11650-3974,호반써밋서초파크,,59.93,7,2013,70100,2021-03-12,O,22.02.11,,,,
서초구,11650,10600,잠원동,162,11650-4805,반포센트럴자이,,59.98,13,2020,232500,2021-03-06,,,,,,
서초구,11650,10800,서초동,1467-62,11650-3225,서초5차e편한세상,,158.24,7,2005,183000,2021-03-03,,,,,,
서초구,11650,10700,반포동,702-1,11650-261,반포훼미리(103동),,102.1,3,2003,170000,2021-03-02,,,,,,
서초구,11650,10300,우면동,788,11650-3974,호반써밋서초파크,,59.93,20,2013,71000,2021-03-10,O,22.02.11,,,,
서초구,11650,10300,우면동,788,11650-3974,호반써밋서초파크,,51.89,11,2013,58350,2021-03-10,O,22.02.11,,,,
서초구,11650,10300,우면동,788,11650-3974,호반써밋서초파크,,51.89,10,2013,58100,2021-03-10,O,22.02.11,,,,
서초구,11650,10300,우면동,788,11650-3974,호반써밋서초파크,,59.93,21,2013,71000,2021-03-09,O,22.02.11,,,,
서초구,11650,10300,우면동,788,11650-3974,호반써밋서초파크,,59.93,12,2013,70700,2021-03-03,O,22.02.11,,,,
서초구,11650,10300,우면동,788,11650-3974,호반써밋서초파크,,51.89,8,2013,56550,2021-03-09,O,22.02.11,,,,
서초구,11650,10300,우면동,788,11650-3974,호반써밋서초파크,,59.93,2,2013,66500,2021-03-08,O,22.02.11,,,,
서초구,11650,10100,방배동,888-53,11650-512,방배자이,,164.96,9,2003,210000,2021-03-02,,,,,,
서초구,11650,10700,반포동,551,11650-544,팔라디오,,77.28,5,2003,52000,2021-03-05,,,,,,
서초구,11650,10800,서초동,1316-31,11650-21,밀라텔쉐르빌,,45.62,21,2001,22000,2021-03-04,,,,,,
서초구,11650,10300,우면동,788,11650-3974,호반써밋서초파크,,51.89,3,2013,55800,2021-03-05,O,22.02.11,,,,
서초구,11650,10300,우면동,788,11650-3974,호반써밋서초파크,,51.89,20,2013,58100,2021-03-05,O,22.02.11,,,,
서초구,11650,10300,우면동,788,11650-3974,호반써밋서초파크,,51.89,9,2013,56550,2021-03-05,O,22.02.11,,,,
서초구,11650,10300,우면동,788,11650-3974,호반써밋서초파크,,51.89,11,2013,57600,2021-03-03,O,22.02.11,,,,
서초구,11650,10300,우면동,788,11650-3974,호반써밋서초파크,,59.93,3,2013,67400,2021-03-03,O,22.02.11,,,,
서초구,11650,10300,우면동,788,11650-3974,호반써밋서초파크,,59.93,8,2013,69500,2021-03-02,O,22.02.11,,,,
강남구,11680,11200,자곡동,602,11680-4332,강남자곡아이파크,,74.97,1,2014,82050,2021-03-10,,,,,,
강남구,11680,11200,자곡동,602,11680-4332,강남자곡아이파크,,59.96,1,2014,71800,2021-03-15,,,,,,
강남구,11680,10400,청담동,129,11680-4909,PH129,,273.96,14,2020,1150000,2021-03-04,,,,,,
강남구,11680,11500,수서동,747,11680-316,삼성,,84.97,11,1997,180100,2021-03-12,,,,,,
강남구,11680,11500,수서동,795,11680-4324,강남데시앙포레,,101.81,11,2014,227000,2021-03-04,,,,,,
강남구,11680,11500,수서동,795,11680-4324,강남데시앙포레,,59.97,10,2014,159000,2021-03-06,,,,,,
강남구,11680,11400,일원동,735,11680-299,가람,,75.16,2,1993,200000,2021-03-20,,,,,,
강남구,11680,11500,수서동,795,11680-4324,강남데시앙포레,,84.92,2,2014,179300,2021-03-30,,,,,,
강남구,11680,11000,압구정동,456,11680-420,"현대6차(78~81,83,84,86,87동)",,196.7,9,1978,620000,2021-03-16,,,,,,
강남구,11680,10600,대치동,503,11680-372,개포우성1,,127.61,4,1983,371000,2021-03-31,,,,,,
강남구,11680,10800,논현동,107-44,11680-161,우민,,79.227,2,2002,118500,2021-03-30,,,,,,
강남구,11680,11800,도곡동,963,11680-327,럭키(963),,84.97,15,1995,166000,2021-03-30,,,,,,
강남구,11680,10800,논현동,107-44,11680-161,우민,,79.227,2,2002,118500,2021-03-30,O,21.10.07,,,,
강남구,11680,10700,신사동,555-11,11680-544,청림빌,,67.66,4,2004,76300,2021-03-29,,,,,,
강남구,11680,10600,대치동,891-6,11680-529,테헤란로대우아이빌(891-6),,59.83,14,2004,85000,2021-03-31,,,,,,
강남구,11680,10300,개포동,185,11680-290,개포주공6단지,,73.02,7,1983,226000,2021-03-31,,,,,,
강남구,11680,10100,역삼동,681-46,11680-492,성영forU,,114.01,3,2004,138000,2021-03-25,O,21.05.20,,,,
강남구,11680,10100,역삼동,720-25,11680-275,대우디오빌,,84.986,11,2002,104000,2021-03-31,,,,,,
강남구,11680,10600,대치동,891-6,11680-529,테헤란로대우아이빌(891-6),,59.83,14,2004,85000,2021-03-31,O,21.04.27,,,,
강남구,11680,10300,개포동,1164-30,11680-673,뉴현대파크빌,,83.46,2,2001,71400,2021-03-31,,,,,,
강남구,11680,11400,일원동,711,11680-305,수서,,39.98,1,1992,92500,2021-03-31,,,,,,
강남구,11680,10300,개포동,649,11680-278,경남2차,,91.91,15,1984,230000,2021-03-26,,,,,,
강남구,11680,11500,수서동,746,11680-314,까치마을,,39.6,1,1993,96000,2021-03-30,,,,,,
강남구,11680,11400,일원동,734,11680-303,상록수,,74.54,4,1993,196500,2021-03-31,,,,,,
강남구,11680,10600,대치동,66,11680-373,"쌍용대치아파트1동,2동,3동,5동,6동",,148.8,15,1983,324000,2021-03-29,,,,,,
강남구,11680,10300,개포동,12,11680-280,성원대치2단지아파트,,39.53,15,1992,136000,2021-03-29,,,,,,
강남구,11680,10100,역삼동,720-25,11680-275,대우디오빌,,30.03,15,2002,30000,2021-03-29,,,,,,
강남구,11680,10100,역삼동,755-4,11680-3622,e-편한세상,,59.606,5,2005,200000,2021-03-27,,,,,,
강남구,11680,10100,역삼동,826-29,11680-504,역삼동우정에쉐르1,,71.78,2,2004,80000,2021-03-31,,,,,,
강남구,11680,10100,역삼동,823-7,11680-503,강남역우정에쉐르,,17.23,11,2004,19200,2021-03-27,,,,,,
강남구,11680,10600,대치동,316,11680-218,은마,,84.43,11,1979,245000,2021-03-24,,,,,,
강남구,11680,11800,도곡동,953-1,11680-3647,SK허브프리모,,33.8,8,2006,37200,2021-03-29,,,,,,
강남구,11680,10400,청담동,36,11680-412,영풍마드레빌,,122.2,2,2003,188000,2021-03-30,,,,,,
강남구,11680,11800,도곡동,464,11680-349,한신(개포),,52.72,5,1985,202000,2021-03-24,,,,,,
강남구,11680,10800,논현동,221-7,11680-4202,한양수자인어반게이트,,16.2,9,2013,22000,2021-03-26,,,,,,
강남구,11680,11800,도곡동,467-7,11680-566,아카데미스위트1,,128.74,26,2004,184000,2021-03-22,,,,,,
강남구,11680,11800,도곡동,465,11680-337,우성4,,152.74,7,1985,335000,2021-03-19,,,,,,
강남구,11680,10800,논현동,55,11680-697,스위트캐슬레지던스,,143.28,1,2004,165000,2021-03-30,,,,,,
강남구,11680,11800,도곡동,467,11680-364,타워팰리스1,,244.66,58,2002,514000,2021-03-26,,,,,,
강남구,11680,10400,청담동,116-5,11680-476,대우로얄카운티2,,241.24,5,2002,299000,2021-03-29,,,,,,
강남구,11680,10800,논현동,22,11680-109,신동아(22),,84.52,3,1997,156700,2021-03-18,,,,,,
강남구,11680,10600,대치동,670,11680-601,동부센트레빌,,161.47,14,2005,450000,2021-03-20,,,,,,
강남구,11680,11000,압구정동,369-1,11680-415,"현대1차(12,13,21,22,31,32,33동)",,196.21,11,1976,640000,2021-03-31,,,,,,
강남구,11680,11800,도곡동,467-19,11680-354,현대비젼21,,32.65,13,1999,39000,2021-03-20,,,,,,
강남구,11680,10600,대치동,891-6,11680-529,테헤란로대우아이빌(891-6),,59.83,16,2004,79000,2021-03-13,,,,,,
강남구,11680,11000,압구정동,513,11680-382,한양5,,153.59,3,1979,420000,2021-03-17,,,,,,
강남구,11680,10100,역삼동,783-3,11680-271,갤러리하우스,,84.95,1,2002,73000,2021-03-25,,,,,,
강남구,11680,10400,청담동,43,11680-73,청담우방아파트,,59.97,8,1999,164000,2021-03-18,,,,,,
강남구,11680,10400,청담동,108,11680-65,청담건영,,84.595,2,1994,191500,2021-03-19,,,,,,
강남구,11680,11800,도곡동,467-17,11680-365,타워팰리스2,,154.35,47,2003,379000,2021-03-31,,,,,,
강남구,11680,10300,개포동,1164-14,11680-672,새롬(1164-14),,57.93,2,2000,53450,2021-03-25,,,,,,
강남구,11680,10100,역삼동,706-20,11680-249,한화진넥스빌,,39.2,18,2001,38500,2021-03-15,,,,,,
강남구,11680,11800,도곡동,467-17,11680-365,타워팰리스2,,164.99,47,2003,350000,2021-03-23,,,,,,
강남구,11680,11000,압구정동,414,11680-385,미성1차,,153.35,7,1982,420000,2021-03-15,,,,,,
강남구,11680,11800,도곡동,527,11680-3623,도곡렉슬,,59.9203,17,2006,200000,2021-03-14,,,,,,
강남구,11680,10500,삼성동,142-3,11680-522,LG선릉에클라트(B),,56.68,15,2004,85000,2021-03-20,,,,,,
강남구,11680,11500,수서동,746,11680-314,까치마을,,49.5,13,1993,140000,2021-03-15,,,,,,
강남구,11680,11800,도곡동,527,11680-3623,도곡렉슬,,134.9023,5,2006,383000,2021-03-15,,,,,,
강남구,11680,11400,일원동,719,11680-308,푸른마을아파트101동~111동,,59.76,6,1994,148700,2021-03-20,,,,,,
강남구,11680,11800,도곡동,467-17,11680-365,타워팰리스2,,144.63,19,2003,300000,2021-03-16,,,,,,
강남구,11680,10100,역삼동,766-8,11680-274,트레벨,,33.48,5,2002,59000,2021-03-17,,,,,,
강남구,11680,11500,수서동,747,11680-316,삼성,,84.97,11,1997,180100,2021-03-12,O,21.07.28,,,,
강남구,11680,10300,개포동,649,11680-278,경남2차,,182.2,1,1984,300000,2021-03-15,,,,,,
강남구,11680,11800,도곡동,550-1,11680-3600,파크힐,,47.6,2,2005,65000,2021-03-20,,,,,,
강남구,11680,11500,수서동,736,11680-319,신동아,,39.51,4,1992,104000,2021-03-13,,,,,,
강남구,11680,10600,대치동,506,11680-211,선경1차(1동-7동),,117.7,8,1983,327000,2021-03-31,,,,,,
강남구,11680,11100,세곡동,533,11680-4090,세곡푸르지오,,74.74,8,2012,155000,2021-03-13,,,,,,
강남구,11680,10100,역삼동,708-31,11680-494,우정에쉐르멤버스,,36.19,7,2004,50300,2021-03-08,,,,,,
강남구,11680,11200,자곡동,602,11680-4332,강남자곡아이파크,,74.97,14,2014,170000,2021-03-07,,,,,,
강남구,11680,10600,대치동,316,11680-218,은마,,76.79,7,1979,220000,2021-03-08,,,,,,
강남구,11680,10600,대치동,891-6,11680-529,테헤란로대우아이빌(891-6),,65.24,9,2004,55000,2021-03-13,,,,,,
강남구,11680,11800,도곡동,467-29,11680-470,타워팰리스3,,141.381,30,2004,298000,2021-03-11,,,,,,
강남구,11680,10600,대치동,65,11680-214,쌍용대치2,,120.76,7,1983,290000,2021-03-09,,,,,,
강남구,11680,10800,논현동,194-23,11680-3705,한화꿈에그린2차,,117.335,6,2006,160000,2021-03-06,,,,,,
강남구,11680,10400,청담동,5-25,11680-3574,휴먼스타빌,,35.905,6,2005,69000,2021-03-20,,,,,,
강남구,11680,10400,청담동,110-3,11680-570,청담대우멤버스카운티7차,,145.14,3,2004,245000,2021-03-16,,,,,,
강남구,11680,11400,일원동,742,11680-4949,디에이치포레센트,,84.94,5,2021,250000,2021-03-08,,,,,,
강남구,11680,11200,자곡동,602,11680-4332,강남자곡아이파크,,84.96,4,2014,170000,2021-03-10,,,,,,
강남구,11680,10500,삼성동,16-2,11680-3834,삼성동힐스테이트 1단지,,84.236,13,2008,259000,2021-03-20,,,,,,
강남구,11680,10300,개포동,649,11680-277,경남1,,96.98,3,1984,235000,2021-03-11,,,,,,
강남구,11680,11000,압구정동,490,11680-378,한양1차(영동한양),,49.98,6,1977,210000,2021-03-12,,,,,,
강남구,11680,11000,압구정동,447,11680-428,"현대14차(203,204,205,206동)",,84.98,4,1987,300000,2021-03-29,,,,,,
강남구,11680,11500,수서동,708,11680-317,삼익,,60,4,1992,135000,2021-03-10,,,,,,
강남구,11680,10300,개포동,12,11680-279,삼익대청아파트,,39.53,6,1992,126500,2021-03-15,,,,,,
강남구,11680,10800,논현동,221-7,11680-4202,한양수자인어반게이트,,16.2,5,2013,20000,2021-03-03,,,,,,
강남구,11680,10700,신사동,635-14,11680-550,금광아크존(635-14),,45.35,4,2004,53300,2021-03-03,,,,,,
강남구,11680,10100,역삼동,755-4,11680-3622,e-편한세상,,59.606,14,2005,206500,2021-03-20,,,,,,
강남구,11680,11800,도곡동,467-29,11680-470,타워팰리스3,,163.567,28,2004,310000,2021-03-19,,,,,,
강남구,11680,10700,신사동,622,11680-9,신성아파트101동,,84.9,4,1996,112000,2021-03-24,,,,,,
강남구,11680,11500,수서동,736,11680-319,신동아,,33.18,7,1992,87000,2021-03-13,,,,,,
강남구,11680,10100,역삼동,713-11,11680-3679,역삼I'PARK,,28.246,1,2006,80000,2021-03-11,,,,,,
강남구,11680,10500,삼성동,105,11680-3624,래미안삼성1차(105-0),,122.85,13,2005,278000,2021-03-27,,,,,,
강남구,11680,10100,역삼동,706-20,11680-249,한화진넥스빌,,34.82,14,2001,32300,2021-03-04,,,,,,
강남구,11680,10400,청담동,102-7,11680-55,연세리버빌,,236.42,8,1997,375000,2021-03-31,,,,,,
강남구,11680,11800,도곡동,467,11680-364,타워팰리스1,,164.97,27,2002,325000,2021-03-30,,,,,,
강남구,11680,10800,논현동,62-3,11680-141,"청학아파트에이동,비동,씨동",,85.12,4,1976,130000,2021-03-18,,,,,,
강남구,11680,11100,세곡동,533,11680-4090,세곡푸르지오,,84.95,12,2012,160000,2021-03-05,,,,,,
강남구,11680,10100,역삼동,713-11,11680-3679,역삼I'PARK,,144.641,1,2006,290000,2021-03-18,,,,,,
강남구,11680,11500,수서동,747,11680-316,삼성,,84.97,1,1997,174000,2021-03-05,,,,,,
강남구,11680,11000,압구정동,456,11680-420,"현대6차(78~81,83,84,86,87동)",,196.7,9,1978,620000,2021-03-16,O,21.04.29,,,,
강남구,11680,10500,삼성동,3-1,11680-598,삼성월드타워,,84.202,2,1997,117990,2021-03-03,,,,,,
강남구,11680,11000,압구정동,426,11680-423,신현대9차,,111.38,6,1982,305000,2021-03-25,,,,,,
강남구,11680,10100,역삼동,836,11680-251,한스빌(836),,39.89,5,1996,40000,2021-03-08,,,,,,
강남구,11680,11000,압구정동,369-1,11680-416,"현대2차(10,11,20,23,24,25동)",,198.41,7,1976,630000,2021-03-05,,,,,,
강남구,11680,11000,압구정동,369-1,11680-415,"현대1차(12,13,21,22,31,32,33동)",,131.48,4,1976,365000,2021-03-29,,,,,,
강남구,11680,10400,청담동,134-38,11680-4004,청담자이,,49.619,30,2011,186500,2021-03-05,,,,,,
강남구,11680,11500,수서동,795,11680-4324,강남데시앙포레,,59.97,10,2014,159000,2021-03-06,O,21.07.26,,,,
강남구,11680,10500,삼성동,8-2,11680-3860,삼성동브라운스톤레전드,,219.48,8,2009,290000,2021-03-05,,,,,,
강남구,11680,11800,도곡동,527,11680-3623,도곡렉슬,,119.8906,7,2006,329000,2021-03-04,,,,,,
강남구,11680,10100,역삼동,757,11680-3621,역삼래미안,,80.87,3,2005,247000,2021-03-06,,,,,,
강남구,11680,10800,논현동,58-2,11680-551,마일스디오빌,,36.29,10,2004,35000,2021-03-29,O,21.03.31,,,,
강남구,11680,11800,도곡동,527,11680-3623,도곡렉슬,,119.8906,3,2006,321000,2021-03-13,,,,,,
강남구,11680,11800,도곡동,467-7,11680-566,아카데미스위트1,,122.07,28,2004,183000,2021-03-03,,,,,,
강남구,11680,10100,역삼동,727-2,11680-4036,대명벨리온,,17.684,2,2012,24300,2021-03-30,,,,,,
강남구,11680,10800,논현동,180-6,11680-583,우성,,110.1,1,2004,105000,2021-03-16,,,,,,
강남구,11680,11500,수서동,736,11680-319,신동아,,33.18,9,1992,91000,2021-03-10,,,,,,
강남구,11680,10300,개포동,1281,11680-4850,디에이치아너힐즈,,59.7479,7,2019,213000,2021-03-27,,,,,,
강남구,11680,11500,수서동,746,11680-314,까치마을,,39.6,9,1993,105000,2021-03-03,,,,,,
강남구,11680,10400,청담동,10,11680-41,삼환(101동),,57.78,7,1999,80000,2021-03-13,,,,,,
강남구,11680,10500,삼성동,53-2,11680-187,진흥아파트,,104.31,7,1984,233500,2021-03-03,,,,,,
강남구,11680,10400,청담동,129,11680-4909,PH129,,273.96,14,2020,1150000,2021-03-04,,,,,,
강남구,11680,11800,도곡동,538-3,11680-4173,래미안도곡카운티,,106.39,13,2016,280000,2021-03-05,,,,,,
강남구,11680,11200,자곡동,686,11680-4298,강남한양수자인(4단지),,114.32,9,2014,178000,2021-03-07,,,,,,
강남구,11680,10300,개포동,1260-11,11680-3662,우찬현대(1260-11),,59.7,6,2006,65900,2021-03-07,,,,,,
강남구,11680,10500,삼성동,107,11680-401,미켈란107,,83,7,2003,170000,2021-03-08,,,,,,
강남구,11680,10500,삼성동,16-2,11680-3834,삼성동힐스테이트 1단지,,84.236,5,2008,240000,2021-03-01,,,,,,
강남구,11680,11500,수서동,708,11680-317,삼익,,49.2,3,1992,119000,2021-03-08,,,,,,
강남구,11680,10100,역삼동,836-35,11680-263,역삼카이스아파트,,100.8,1,2002,120000,2021-03-01,,,,,,
강남구,11680,10300,개포동,1280,11680-4800,래미안블레스티지,,59.967,10,2019,199000,2021-03-10,,,,,,
강남구,11680,10800,논현동,196,11680-104,거평프리젠,,30.215,9,1996,33800,2021-03-22,,,,,,
강남구,11680,10300,개포동,12,11680-280,성원대치2단지아파트,,33.18,12,1992,105000,2021-03-01,,,,,,
강남구,11680,11500,수서동,746,11680-314,까치마을,,39.6,14,1993,102500,2021-03-13,,,,,,
강남구,11680,10100,역삼동,836,11680-251,한스빌(836),,39.89,9,1996,39800,2021-03-02,,,,,,
강남구,11680,11800,도곡동,467-7,11680-566,아카데미스위트1,,122.07,29,2004,183000,2021-03-02,,,,,,
강남구,11680,10100,역삼동,787-4,11680-408,리츠빌아파트,,93.22,3,2003,86500,2021-03-19,,,,,,
강남구,11680,10600,대치동,316,11680-218,은마,,76.79,8,1979,224000,2021-03-02,,,,,,
강남구,11680,10100,역삼동,720-25,11680-275,대우디오빌,,59.505,22,2002,80000,2021-03-04,,,,,,
강남구,11680,10300,개포동,12,11680-280,성원대치2단지아파트,,33.18,3,1992,109000,2021-03-06,,,,,,
강남구,11680,11800,도곡동,467-17,11680-365,타워팰리스2,,115.63,8,2003,265000,2021-03-13,,,,,,
강남구,11680,10800,논현동,245,11680-473,동양파라곤,,213.98,2,2004,320000,2021-03-04,,,,,,
강남구,11680,10800,논현동,276-1,11680-4356,아크로힐스논현,,84.13,30,2014,210000,2021-03-13,,,,,,
강남구,11680,11000,압구정동,414,11680-385,미성1차,,105.65,7,1982,277000,2021-03-11,,,,,,
강남구,11680,11500,수서동,795,11680-4324,강남데시앙포레,,101.81,11,2014,227000,2021-03-04,O,21.07.26,,,,
강남구,11680,11000,압구정동,434,11680-426,신현대12차,,110.82,13,1982,300000,2021-03-23,,,,,,
강남구,11680,10800,논현동,103,11680-136,쌍용,,59.91,6,1996,107000,2021-03-24,,,,,,
강남구,11680,11800,도곡동,467-17,11680-365,타워팰리스2,,243.08,54,2003,550000,2021-03-13,O,21.03.23,,,,
강남구,11680,11800,도곡동,467-17,11680-365,타워팰리스2,,164.88,55,2003,340000,2021-03-13,O,21.03.23,,,,
강남구,11680,11800,도곡동,467-17,11680-365,타워팰리스2,,243.08,54,2003,550326,2021-03-13,,,,,,
강남구,11680,11800,도곡동,467-17,11680-365,타워팰리스2,,164.88,55,2003,339674,2021-03-13,,,,,,
강남구,11680,10300,개포동,12,11680-279,삼익대청아파트,,51.12,11,1992,151500,2021-03-02,,,,,,
강남구,11680,10400,청담동,116-10,11680-591,상지리츠빌9차,,200.88,3,2004,310000,2021-03-04,,,,,,
강남구,11680,10300,개포동,1281,11680-4850,디에이치아너힐즈,,76.1709,11,2019,258000,2021-03-09,,,,,,
강남구,11680,11100,세곡동,525,11680-4003,강남데시앙파크,,84.95,5,2011,132000,2021-03-21,,,,,,
강남구,11680,10600,대치동,891-6,11680-529,테헤란로대우아이빌(891-6),,29.63,7,2004,29990,2021-03-13,,,,,,
강남구,11680,10500,삼성동,142-3,11680-522,LG선릉에클라트(B),,36.35,10,2004,38700,2021-03-08,,,,,,
강남구,11680,10800,논현동,221-7,11680-4202,한양수자인어반게이트,,16.2,8,2013,20200,2021-03-06,,,,,,
강남구,11680,11000,압구정동,397,11680-20,미성2차,,74.4,16,1987,242200,2021-03-02,,,,,,
강남구,11680,10100,역삼동,835-68,11680-3728,롯데캐슬노블,,176.03,6,2007,205000,2021-03-10,,,,,,
강남구,11680,11000,압구정동,369-1,11680-415,"현대1차(12,13,21,22,31,32,33동)",,196.21,10,1976,630000,2021-03-15,,,,,,
강남구,11680,11800,도곡동,467-7,11680-566,아카데미스위트1,,128.74,26,2004,184000,2021-03-08,,,,,,
강남구,11680,10100,역삼동,824-25,11680-668,대우디오빌플러스,,43.99,11,2004,44500,2021-03-12,,,,,,
강남구,11680,10600,대치동,66,11680-373,"쌍용대치아파트1동,2동,3동,5동,6동",,128.03,14,1983,300000,2021-03-06,,,,,,
강남구,11680,11800,도곡동,202,11680-4774,상지리츠빌카일룸,,212.45,2,2018,556600,2021-03-12,,,,,,
강남구,11680,10500,삼성동,16-2,11680-3834,삼성동힐스테이트 1단지,,31.402,18,2008,119000,2021-03-04,,,,,,
강남구,11680,11200,자곡동,602,11680-4332,강남자곡아이파크,,59.96,3,2014,73250,2021-03-15,,,,,,
강남구,11680,10600,대치동,986,11680-602,하이캐슬102동,,145.34,5,2005,184000,2021-03-06,,,,,,
강남구,11680,10100,역삼동,735-15,11680-4317,이스턴오피스텔,,14.78,10,2014,18000,2021-03-12,,,,,,
강남구,11680,10300,개포동,1281,11680-4850,디에이치아너힐즈,,59.8732,15,2019,215000,2021-03-02,,,,,,
강남구,11680,10400,청담동,134-38,11680-4004,청담자이,,89.115,32,2011,315000,2021-03-06,,,,,,
강남구,11680,10300,개포동,1280,11680-4800,래미안블레스티지,,84.94,23,2019,277000,2021-03-09,,,,,,
강남구,11680,10500,삼성동,3-1,11680-598,삼성월드타워,,84.202,5,1997,121930,2021-03-02,,,,,,
강남구,11680,10600,대치동,316,11680-218,은마,,84.43,6,1979,232000,2021-03-02,,,,,,
강남구,11680,10500,삼성동,147-2,11680-525,미켈란147,,83.69,10,2004,155000,2021-03-01,,,,,,
강남구,11680,10100,역삼동,707-18,11680-493,역삼우정에쉐르2,,50.72,6,2004,65000,2021-03-02,,,,,,
송파구,11710,11300,거여동,293,11710-136,거여4단지,,59.73,11,1997,93000,2021-03-20,,,,,,
송파구,11710,10100,잠실동,22,11710-6249,리센츠,,84.99,24,2008,235000,2021-03-03,,,,,,
송파구,11710,10600,삼전동,38-12,11710-8217,하이파크아파트,,51.2,11,2016,78000,2021-03-30,,,,,,
송파구,11710,10100,잠실동,22,11710-6249,리센츠,,124.22,24,2008,287000,2021-03-12,,,,,,
송파구,11710,10800,문정동,150,11710-89,올림픽훼밀리타운,,192.235,4,1988,290000,2021-03-31,,,,,,
송파구,11710,10800,문정동,1,11710-282,문정래미안,,120.97,19,2004,173000,2021-03-30,,,,,,
송파구,11710,10100,잠실동,44,11710-5957,레이크팰리스,,135.82,4,2006,250000,2021-03-27,,,,,,
송파구,11710,11300,거여동,290,11710-133,거여1단지,,49.8,11,1997,82650,2021-03-29,,,,,,
송파구,11710,11300,거여동,44,11710-144,현대2차,,82.96,4,1992,94000,2021-03-30,,,,,,
송파구,11710,11100,방이동,89,11710-102,올림픽선수기자촌3단지,,83.06,24,1988,208000,2021-03-26,,,,,,
송파구,11710,10100,잠실동,22,11710-6249,리센츠,,84.99,16,2008,248000,2021-03-22,,,,,,
송파구,11710,11300,거여동,293,11710-136,거여4단지,,39.6,2,1997,65000,2021-03-19,,,,,,
송파구,11710,11200,오금동,135,11710-8878,송파두산위브,,59.9823,10,2019,100000,2021-03-27,,,,,,
송파구,11710,11100,방이동,51-4,11710-192,올림픽카운티,,38.22,9,2003,33500,2021-03-31,,,,,,
송파구,11710,10200,신천동,17,11710-6266,파크리오,,84.9,18,2008,211000,2021-03-30,,,,,,
송파구,11710,10100,잠실동,22,11710-6249,리센츠,,27.68,8,2008,105000,2021-03-26,,,,,,
송파구,11710,11300,거여동,46,11710-145,현대3차,,84.94,6,1993,94500,2021-03-27,,,,,,
송파구,11710,11200,오금동,135,11710-8878,송파두산위브,,59.9823,2,2019,104300,2021-03-31,,,,,,
송파구,11710,10200,신천동,7-18,11710-5589,롯데캐슬골드,,166.7,14,2005,199000,2021-03-20,,,,,,
송파구,11710,11300,거여동,290,11710-133,거여1단지,,39.6,9,1997,64400,2021-03-22,,,,,,
송파구,11710,11200,오금동,165,11710-124,상아2차아파트,,45.77,5,1988,85000,2021-03-27,,,,,,
송파구,11710,10300,풍납동,220-2,11710-9,신동아파밀리에,,84.63,13,1993,98000,2021-03-30,,,,,,
송파구,11710,10100,잠실동,27,11710-164,주공아파트 5단지,,76.5,14,1978,241300,2021-03-26,,,,,,
송파구,11710,11300,거여동,136,11710-140,삼호아파트,,84.96,18,1999,88500,2021-03-29,,,,,,
송파구,11710,10700,가락동,21-6,11710-42,가락쌍용(2차),,84.42,21,1999,144000,2021-03-27,,,,,,
송파구,11710,10700,가락동,140,11710-59,가락(1차)쌍용아파트,,59.92,16,1997,129000,2021-03-23,,,,,,
송파구,11710,10100,잠실동,22,11710-6249,리센츠,,59.99,23,2008,198000,2021-03-25,,,,,,
송파구,11710,10100,잠실동,22,11710-6249,리센츠,,84.99,8,2008,228000,2021-03-24,,,,,,
송파구,11710,10700,가락동,140,11710-59,가락(1차)쌍용아파트,,59.92,14,1997,132000,2021-03-23,,,,,,
송파구,11710,10800,문정동,145,11710-83,문정시영,,25.65,11,1989,54000,2021-03-27,,,,,,
송파구,11710,11200,오금동,43,11710-130,현대(2-4차),,130.93,11,1984,199000,2021-03-16,O,21.04.28,,,,
송파구,11710,10100,잠실동,22,11710-6249,리센츠,,27.68,1,2008,100000,2021-03-27,,,,,,
송파구,11710,10700,가락동,78-1,11710-250,한화오벨리스크,,24.95,15,2004,18500,2021-03-19,,,,,,
송파구,11710,10100,잠실동,19,11710-6346,잠실엘스,,84.8,14,2008,239000,2021-03-27,,,,,,
송파구,11710,11200,오금동,43,11710-130,현대(2-4차),,170.32,4,1984,220000,2021-03-23,,,,,,
송파구,11710,10800,문정동,150,11710-89,올림픽훼밀리타운,,136.325,13,1988,230000,2021-03-31,,,,,,
송파구,11710,11300,거여동,593,11710-185,금호어울림,,104.5,12,2003,95000,2021-03-20,,,,,,
송파구,11710,10900,장지동,879,11710-7430,송파더센트레,,51.82,14,2013,108000,2021-03-18,,,,,,
송파구,11710,10700,가락동,913,11710-8865,헬리오시티,,84.99,24,2018,190000,2021-03-18,,,,,,
송파구,11710,10100,잠실동,22,11710-6249,리센츠,,27.68,33,2008,90300,2021-03-31,,,,,,
송파구,11710,10700,가락동,913,11710-8865,헬리오시티,,84.98,8,2018,214000,2021-03-25,,,,,,
송파구,11710,11100,방이동,89,11710-102,올림픽선수기자촌3단지,,83.06,6,1988,200000,2021-03-29,,,,,,
송파구,11710,11200,오금동,135,11710-8878,송파두산위브,,59.9823,16,2019,105700,2021-03-16,,,,,,
송파구,11710,11300,거여동,293,11710-136,거여4단지,,49.8,8,1997,87000,2021-03-26,,,,,,
송파구,11710,10100,잠실동,35,11710-6028,트리지움,,59.88,26,2007,180000,2021-03-27,,,,,,
송파구,11710,10200,신천동,7-17,11710-174,한빛웰리스,,146.74,14,1996,163000,2021-03-13,,,,,,
송파구,11710,10700,가락동,21-6,11710-42,가락쌍용(2차),,59.88,14,1999,122000,2021-03-13,,,,,,
송파구,11710,10600,삼전동,39,11710-41,현대1,,80.01,4,1989,107500,2021-03-15,,,,,,
송파구,11710,11100,방이동,48-5,11710-119,현대주상복합,,23.43,8,1998,26800,2021-03-18,,,,,,
송파구,11710,11300,거여동,46,11710-145,현대3차,,84.94,15,1993,95250,2021-03-12,,,,,,
송파구,11710,10800,문정동,150,11710-89,올림픽훼밀리타운,,158.705,12,1988,261500,2021-03-20,,,,,,
송파구,11710,11100,방이동,89,11710-5715,올림픽선수기자촌2단지,,163.44,7,1988,305000,2021-03-16,,,,,,
송파구,11710,10700,가락동,138,11710-53,가락미륭아파트,,60.72,14,1986,115000,2021-03-12,,,,,,
송파구,11710,10100,잠실동,19,11710-6346,잠실엘스,,84.8,24,2008,225000,2021-03-13,,,,,,
송파구,11710,10200,신천동,7-18,11710-5589,롯데캐슬골드,,148.15,20,2005,215000,2021-03-13,,,,,,
송파구,11710,10700,가락동,138,11710-53,가락미륭아파트,,60.72,13,1986,115000,2021-03-27,,,,,,
송파구,11710,10700,가락동,173-4,11710-430,금홍해오름,,65.62,5,2004,48000,2021-03-31,,,,,,
송파구,11710,11100,방이동,148-7,11710-106,은성아파트,,80.09,3,2001,50000,2021-03-17,,,,,,
송파구,11710,10100,잠실동,175-4,11710-5571,잠실월드메르디앙,,81.04,2,2005,135000,2021-03-18,,,,,,
송파구,11710,10100,잠실동,40,11710-281,갤러리아팰리스,,150.689,46,2005,210000,2021-03-25,,,,,,
송파구,11710,10800,문정동,150,11710-89,올림픽훼밀리타운,,192.235,6,1988,285000,2021-03-16,,,,,,
송파구,11710,11200,오금동,135,11710-8878,송파두산위브,,59.9823,1,2019,98000,2021-03-08,,,,,,
송파구,11710,11300,거여동,293,11710-136,거여4단지,,59.73,11,1997,93000,2021-03-20,O,21.06.01,,,,
송파구,11710,10400,송파동,243,11710-6929,래미안송파파인탑,,87.05,21,2012,170000,2021-03-27,,,,,,
송파구,11710,10100,잠실동,22,11710-6249,리센츠,,84.99,23,2008,235000,2021-03-31,,,,,,
송파구,11710,11200,오금동,118-23,11710-226,명성화인캐슬,,84.89,3,2003,57000,2021-03-12,,,,,,
송파구,11710,10100,잠실동,22,11710-6249,리센츠,,27.68,25,2008,95000,2021-03-19,,,,,,
송파구,11710,10800,문정동,150,11710-89,올림픽훼밀리타운,,158.705,14,1988,250000,2021-03-21,,,,,,
송파구,11710,10800,문정동,150,11710-89,올림픽훼밀리타운,,117.585,12,1988,215000,2021-03-15,,,,,,
송파구,11710,10200,신천동,17,11710-6266,파크리오,,84.9,16,2008,210000,2021-03-13,,,,,,
송파구,11710,10100,잠실동,19,11710-6346,잠실엘스,,119.93,4,2008,270000,2021-03-09,,,,,,
송파구,11710,10100,잠실동,86,11710-158,아시아선수촌아파트,,178.325,14,1986,425000,2021-03-09,,,,,,
송파구,11710,10800,문정동,618,11710-8245,파크하비오,,84.9648,1,2016,145000,2021-03-06,,,,,,
송파구,11710,10300,풍납동,260,11710-19,현대리버빌1지구,,43.2,7,1999,75000,2021-03-07,,,,,,
송파구,11710,11200,오금동,160,11710-123,삼성,,73.59,12,1989,100000,2021-03-06,,,,,,
송파구,11710,11100,방이동,89,11710-5714,올림픽선수기자촌1단지,,121.23,6,1988,245000,2021-03-08,,,,,,
송파구,11710,10800,문정동,145,11710-83,문정시영,,25.65,12,1989,52000,2021-03-12,,,,,,
송파구,11710,10100,잠실동,22,11710-6249,리센츠,,27.68,16,2008,95000,2021-03-17,,,,,,
송파구,11710,10700,가락동,96-1,11710-61,우성,,43.79,12,1986,97000,2021-03-24,,,,,,
송파구,11710,10700,가락동,161-1,11710-70,현대(60동),,82.16,7,1991,95000,2021-03-30,,,,,,
송파구,11710,10100,잠실동,35,11710-6028,트리지움,,114.7,12,2007,273000,2021-03-31,,,,,,
송파구,11710,10800,문정동,1,11710-282,문정래미안,,170.7,6,2004,180000,2021-03-06,,,,,,
송파구,11710,11300,거여동,293,11710-136,거여4단지,,39.6,3,1997,64000,2021-03-08,,,,,,
송파구,11710,10700,가락동,913,11710-8865,헬리오시티,,84.95,8,2018,202000,2021-03-09,,,,,,
송파구,11710,11300,거여동,290,11710-133,거여1단지,,39.6,4,1997,64750,2021-03-13,,,,,,
송파구,11710,10700,가락동,165,11710-6150,래미안파크팰리스,,59.968,11,2007,157000,2021-03-15,,,,,,
송파구,11710,10700,가락동,913,11710-8865,헬리오시티,,49.29,16,2018,150000,2021-03-08,,,,,,
송파구,11710,10100,잠실동,44,11710-5957,레이크팰리스,,84.82,15,2006,218500,2021-03-12,,,,,,
송파구,11710,11300,거여동,293,11710-136,거여4단지,,39.6,10,1997,67500,2021-03-20,,,,,,
송파구,11710,10700,가락동,96-1,11710-61,우성,,43.79,5,1986,102000,2021-03-06,,,,,,
송파구,11710,10700,가락동,96-1,11710-61,우성,,43.79,14,1986,97500,2021-03-20,,,,,,
송파구,11710,10200,신천동,17,11710-6266,파크리오,,84.9,1,2008,203800,2021-03-20,,,,,,
송파구,11710,10800,문정동,58,11710-88,현대2,,59.94,7,1995,81500,2021-03-08,,,,,,
송파구,11710,10800,문정동,618,11710-8245,파크하비오,,84.9648,19,2016,157000,2021-03-06,,,,,,
송파구,11710,10100,잠실동,22,11710-6249,리센츠,,84.99,9,2008,225000,2021-03-17,,,,,,
송파구,11710,10100,잠실동,22,11710-6249,리센츠,,124.22,24,2008,287000,2021-03-12,O,21.05.04,,,,
송파구,11710,10600,삼전동,38-12,11710-8217,하이파크아파트,,51.2,12,2016,78500,2021-03-16,,,,,,
송파구,11710,10700,가락동,53,11710-298,"가락3차쌍용스윗닷홈101동,102동",,59.94,6,2005,110000,2021-03-05,O,21.03.30,,,,
송파구,11710,10700,가락동,130-3,11710-77,신한에스빌-미지엔,,84.99,5,2002,106000,2021-03-22,,,,,,
송파구,11710,11200,오금동,135,11710-8878,송파두산위브,,59.9823,8,2019,101500,2021-03-13,,,,,,
송파구,11710,11300,거여동,293,11710-136,거여4단지,,59.73,11,1997,93000,2021-03-15,,,,,,
송파구,11710,10900,장지동,857,11710-6678,송파파인타운13단지,,84.92,5,2011,145000,2021-03-01,,,,,,
송파구,11710,10400,송파동,119,11710-30,한양아파트,,137.28,7,1983,125000,2021-03-05,,,,,,
송파구,11710,10200,신천동,17,11710-6266,파크리오,,59.95,12,2008,190000,2021-03-11,,,,,,
송파구,11710,10700,가락동,53,11710-298,"가락3차쌍용스윗닷홈101동,102동",,59.94,7,2005,115000,2021-03-24,,,,,,
송파구,11710,11200,오금동,135,11710-8878,송파두산위브,,59.9823,14,2019,104000,2021-03-12,,,,,,
송파구,11710,11200,오금동,113-2,11710-6423,광남캐스빌,,84.44,8,2009,72000,2021-03-18,,,,,,
송파구,11710,11300,거여동,294,11710-137,거여5단지,,59.74,5,1997,89500,2021-03-06,,,,,,
송파구,11710,11300,거여동,44,11710-144,현대2차,,82.96,3,1992,89000,2021-03-26,,,,,,
송파구,11710,10800,문정동,88-11,11710-207,미소로,,59.71,3,2004,52000,2021-03-04,,,,,,
송파구,11710,10700,가락동,913,11710-8865,헬리오시티,,84.96,4,2018,199000,2021-03-07,,,,,,
송파구,11710,11300,거여동,293,11710-136,거여4단지,,39.6,8,1997,67000,2021-03-15,,,,,,
송파구,11710,11300,거여동,27-5,11710-5926,쌍용스윗닷홈2차,,104.04,10,2006,117500,2021-03-09,,,,,,
송파구,11710,11300,거여동,291,11710-134,거여2단지효성아파트,,134.88,3,1997,129000,2021-03-03,,,,,,
송파구,11710,11200,오금동,2,11710-122,대림,,125.79,2,1988,175000,2021-03-07,,,,,,
송파구,11710,10800,문정동,618,11710-8245,파크하비오,,84.9072,15,2016,184500,2021-03-11,,,,,,
송파구,11710,10100,잠실동,27,11710-164,주공아파트 5단지,,76.5,5,1978,243300,2021-03-03,,,,,,
송파구,11710,11300,거여동,293,11710-136,거여4단지,,39.6,5,1997,64700,2021-03-06,,,,,,
송파구,11710,10100,잠실동,19,11710-6346,잠실엘스,,84.97,10,2008,245000,2021-03-06,,,,,,
송파구,11710,11200,오금동,135,11710-8878,송파두산위브,,59.9823,26,2019,104500,2021-03-14,,,,,,
송파구,11710,11400,마천동,9,11710-153,아남,,70.42,14,1992,75000,2021-03-04,,,,,,
송파구,11710,10200,신천동,17,11710-6266,파크리오,,84.9,22,2008,222000,2021-03-13,,,,,,
송파구,11710,11200,오금동,165,11710-124,상아2차아파트,,60,11,1988,101000,2021-03-16,,,,,,
송파구,11710,10700,가락동,913,11710-8865,헬리오시티,,84.99,30,2018,199900,2021-03-06,,,,,,
송파구,11710,11100,방이동,89,11710-5714,올림픽선수기자촌1단지,,121.23,6,1988,245000,2021-03-08,O,21.04.02,,,,
송파구,11710,10800,문정동,150,11710-89,올림픽훼밀리타운,,84.705,3,1988,192500,2021-03-09,,,,,,
송파구,11710,11400,마천동,576,11710-156,우방아파트,,79.07,12,2002,84500,2021-03-02,,,,,,
송파구,11710,10100,잠실동,22,11710-6249,리센츠,,84.99,24,2008,235000,2021-03-03,O,21.05.25,,,,
송파구,11710,10300,풍납동,261,11710-20,현대리버빌2지구,,84.97,10,1999,123000,2021-03-08,,,,,,
송파구,11710,10700,가락동,96-1,11710-61,우성,,58.46,11,1986,120000,2021-03-15,,,,,,
송파구,11710,10700,가락동,165,11710-6150,래미안파크팰리스,,59.968,2,2007,148000,2021-03-06,,,,,,
송파구,11710,11200,오금동,30-2,11710-5677,쌍용스위닷홈(201동),,143.82,7,2005,154000,2021-03-04,,,,,,
송파구,11710,11400,마천동,319,11710-5807,금호어울림,,84.96,4,2006,100000,2021-03-09,,,,,,
송파구,11710,10300,풍납동,508,11710-17,한강극동,,59.26,4,1995,96000,2021-03-12,,,,,,
송파구,11710,10800,문정동,150,11710-89,올림픽훼밀리타운,,84.705,13,1988,190000,2021-03-01,,,,,,
송파구,11710,10200,신천동,7-18,11710-5589,롯데캐슬골드,,148.15,10,2005,201000,2021-03-05,,,,,,
송파구,11710,10700,가락동,192,11710-47,극동,,120.4,7,1984,160000,2021-03-10,,,,,,
송파구,11710,10400,송파동,161,11710-24,미성맨션,,58.98,14,1985,128000,2021-03-11,,,,,,
송파구,11710,10500,석촌동,1-1,11710-5607,로쟌뷰,,129.32,8,2005,147000,2021-03-05,,,,,,
송파구,11710,10100,잠실동,101-1,11710-159,우성아파트,,131.08,11,1981,245000,2021-03-05,,,,,,
송파구,11710,10400,송파동,162,11710-26,송파삼성래미안아파트,,105.99,13,2001,170000,2021-03-05,,,,,,
송파구,11710,10400,송파동,7-1,11710-6164,아르누보팰리스,,136.54,16,2007,166000,2021-03-03,,,,,,
송파구,11710,10800,문정동,145,11710-83,문정시영,,35.46,5,1989,63000,2021-03-01,,,,,,
송파구,11710,11100,방이동,217,11710-94,대림,,125.075,13,1985,189000,2021-03-16,,,,,,
송파구,11710,10700,가락동,138,11710-53,가락미륭아파트,,50,4,1986,100000,2021-03-13,,,,,,
송파구,11710,10100,잠실동,22,11710-6249,리센츠,,84.99,17,2008,230000,2021-03-16,,,,,,
송파구,11710,10100,잠실동,27,11710-164,주공아파트 5단지,,82.51,8,1978,268100,2021-03-05,,,,,,
송파구,11710,10700,가락동,913,11710-8865,헬리오시티,,84.95,6,2018,209000,2021-03-06,,,,,,
송파구,11710,10300,풍납동,514,11710-9025,잠실올림픽공원아이파크,,59.97,8,2019,165000,2021-03-06,O,21.10.06,,,,
송파구,11710,10800,문정동,150,11710-89,올림픽훼밀리타운,,158.705,13,1988,252000,2021-03-01,,,,,,
송파구,11710,10100,잠실동,35,11710-6028,트리지움,,84.83,2,2007,205000,2021-03-08,,,,,,
송파구,11710,10100,잠실동,22,11710-6249,리센츠,,27.68,8,2008,105000,2021-03-08,,,,,,
송파구,11710,10800,문정동,72-3,11710-78,건영1,,77.68,15,1996,126000,2021-03-04,,,,,,
송파구,11710,10700,가락동,98,11710-300,두산위브,,33.1,10,2004,26500,2021-03-06,,,,,,
송파구,11710,10100,잠실동,305,11710-9188,앙시레이크타워,,18.5251,8,2020,30000,2021-03-02,,,,,,
송파구,11710,10100,잠실동,35,11710-6028,트리지움,,59.88,27,2007,175500,2021-03-03,,,,,,
강동구,11740,10900,천호동,425-5,11740-2626,대우한강베네시티,,132.44,16,2007,120000,2021-03-13,,,,,,
강동구,11740,10800,성내동,443-21,11740-113,갑지하이린,,101.02,9,2001,80000,2021-03-19,,,,,,
강동구,11740,10800,성내동,424-12,11740-119,동아2,,54.36,11,1996,58500,2021-03-07,,,,,,
강동구,11740,10200,고덕동,312,11740-28,배재현대,,59.94,13,1995,115000,2021-03-18,,,,,,
강동구,11740,10100,명일동,15,11740-7,삼익그린2차,,66.87,10,1983,138000,2021-03-31,,,,,,
강동구,11740,10900,천호동,414,11740-343,두산위브센티움,,39.17,3,2004,17500,2021-03-01,,,,,,
강동구,11740,11000,강일동,717,11740-3004,고덕리엔파크2단지,,59.72,6,2011,89900,2021-03-28,,,,,,
강동구,11740,10900,천호동,338-20,11740-342,한건브리앙아파트,,63.2,2,2004,54800,2021-03-28,,,,,,
강동구,11740,10600,둔촌동,425-3,11740-223,태천해오름,,84.95,2,2003,60000,2021-03-31,,,,,,
강동구,11740,10900,천호동,447-15,11740-271,진넥스빌Ⅲ,,73.26,10,2003,61000,2021-03-29,,,,,,
강동구,11740,10500,길동,414-10,11740-2618,강동한신휴플러스,,84.61,5,2006,70000,2021-03-25,,,,,,
강동구,11740,10700,암사동,400,11740-276,현대홈타운,,84.98,11,2004,139000,2021-03-30,,,,,,
강동구,11740,10800,성내동,244-12,11740-2787,LIGA,,125.35,6,2008,85000,2021-03-24,,,,,,
강동구,11740,10900,천호동,55-4,11740-178,천호롯데아파트,,59.99,19,1999,60000,2021-03-28,,,,,,
강동구,11740,10700,암사동,413,11740-2664,프라이어팰리스,,84.988,22,2007,148000,2021-03-29,,,,,,
강동구,11740,10200,고덕동,486,11740-25,아남1,,84.91,14,1996,122500,2021-03-28,,,,,,
강동구,11740,10100,명일동,355,11740-284,태천해오름101동,,74.79,9,2004,59250,2021-03-25,,,,,,
강동구,11740,10800,성내동,443-21,11740-113,갑지하이린,,101.02,9,2001,80000,2021-03-19,,,,,,
강동구,11740,10200,고덕동,312,11740-28,배재현대,,84.9,16,1995,142700,2021-03-27,,,,,,
강동구,11740,10100,명일동,332,11740-3,명일지에스아파트,,59.79,3,1999,85000,2021-03-25,,,,,,
강동구,11740,10800,성내동,593,11740-162,영풍마드레빌,,74.36,11,2002,96000,2021-03-27,,,,,,
강동구,11740,10300,상일동,519,11740-4692,고덕아르테온,,59.98,2,2020,127000,2021-03-27,,,,,,
강동구,11740,10900,천호동,566,11740-181,천호태영아파트,,84.88,8,1999,108000,2021-03-27,,,,,,
강동구,11740,10800,성내동,407-2,11740-117,동방,,60,3,1995,50000,2021-03-24,,,,,,
강동구,11740,10700,암사동,413,11740-2664,프라이어팰리스,,84.988,22,2007,148000,2021-03-29,,,,,,
강동구,11740,10600,둔촌동,64,11740-4169,청호뜨레피움퍼스트아파트,,56.65,5,2016,57500,2021-03-26,,,,,,
강동구,11740,10700,암사동,413,11740-2664,프라이어팰리스,,59.983,19,2007,122500,2021-03-27,,,,,,
강동구,11740,10200,고덕동,693,11740-4628,고덕그라시움,,84.24,27,2019,176000,2021-03-26,,,,,,
강동구,11740,10800,성내동,396-10,11740-135,일심,,84.4,4,2001,60000,2021-03-25,,,,,,
강동구,11740,10200,고덕동,470,11740-22,대우,,96,7,1986,109500,2021-03-24,,,,,,
강동구,11740,10100,명일동,47-12,11740-13,명일진로,,118.44,12,1994,107000,2021-03-19,,,,,,
강동구,11740,10100,명일동,42,11740-11,명일우성,,84.93,6,1986,155000,2021-03-20,,,,,,
강동구,11740,10500,길동,477,11740-4708,이편한세상강동에코포레,,59.97,13,2020,105000,2021-03-20,,,,,,
강동구,11740,10900,천호동,155-5,11740-338,강동역두산위브센티움,,59.96,13,2004,72000,2021-03-23,,,,,,
강동구,11740,10800,성내동,437-26,11740-279,영진파크빌(437-26),,84,2,2005,58300,2021-03-20,,,,,,
강동구,11740,10800,성내동,565,11740-128,선광,,84.98,8,1997,80000,2021-03-15,,,,,,
강동구,11740,10900,천호동,571,11740-4289,래미안강동팰리스,,59.98,32,2017,132800,2021-03-15,,,,,,
강동구,11740,10900,천호동,288-5,11740-172,삼익아파트,,59.55,3,1997,74000,2021-03-23,,,,,,
강동구,11740,10600,둔촌동,613,11740-969,성원,,73.98,2,1995,60000,2021-03-26,,,,,,
강동구,11740,10100,명일동,44,11740-10,신동아,,81.07,9,1986,148500,2021-03-20,,,,,,
강동구,11740,10300,상일동,519,11740-4692,고덕아르테온,,84.97,7,2020,157300,2021-03-09,O,21.05.11,,,,
강동구,11740,10900,천호동,52-17,11740-200,태천해오름아파트,,48.83,7,2002,46500,2021-03-20,,,,,,
강동구,11740,10700,암사동,414-2,11740-2802,롯데캐슬퍼스트,,112.11,25,2008,179000,2021-03-20,,,,,,
강동구,11740,10500,길동,400,11740-39,길동우성,,40.36,5,1994,64000,2021-03-24,,,,,,
강동구,11740,10200,고덕동,312,11740-28,배재현대,,59.94,13,1995,115000,2021-03-18,O,21.05.20,,,,
강동구,11740,10500,길동,415-13,11740-3349,강동큐브(2차),,14.32,14,2013,10600,2021-03-25,,,,,,
강동구,11740,10900,천호동,568,11740-2628,강변그대가리버뷰,,84.93,11,2007,119000,2021-03-23,,,,,,
강동구,11740,10300,상일동,515,11740-4359,고덕숲아이파크,,59.97,8,2018,110000,2021-03-19,,,,,,
강동구,11740,10300,상일동,515,11740-4359,고덕숲아이파크,,84.97,8,2018,151000,2021-03-21,,,,,,
강동구,11740,10100,명일동,359,11740-4585,래미안솔베뉴,,59.11,3,2019,138000,2021-03-23,,,,,,
강동구,11740,10800,성내동,419,11740-4791,집앤사비카,,16.66,6,2020,30700,2021-03-11,,,,,,
강동구,11740,10800,성내동,194,11740-347,에스케이허브진,,33.71,8,2004,30500,2021-03-27,,,,,,
강동구,11740,10500,길동,92,11740-51,신동아4,,42.44,4,1999,49000,2021-03-18,,,,,,
강동구,11740,10100,명일동,359,11740-4585,래미안솔베뉴,,59.11,2,2019,123300,2021-03-22,,,,,,
강동구,11740,10500,길동,400,11740-39,길동우성,,57.1,2,1994,83500,2021-03-15,,,,,,
강동구,11740,10500,길동,53,11740-48,삼익파크맨션,,63.32,9,1982,89000,2021-03-11,,,,,,
강동구,11740,10100,명일동,257,11740-1,고덕주공9,,83.21,8,1985,143500,2021-03-25,,,,,,
강동구,11740,10100,명일동,332,11740-3,명일지에스아파트,,84.9,4,1999,115000,2021-03-13,,,,,,
강동구,11740,10500,길동,160,11740-49,신동아,,60.42,8,1983,72000,2021-03-30,,,,,,
강동구,11740,10800,성내동,607,11740-4787,라움포레,,59.31,3,2020,83000,2021-03-31,,,,,,
강동구,11740,10800,성내동,419,11740-4791,집앤사비카,,16.66,8,2020,31300,2021-03-09,,,,,,
강동구,11740,10700,암사동,509,11740-91,선사현대아파트,,72.85,5,2000,122000,2021-03-20,,,,,,
강동구,11740,10600,둔촌동,135-1,11740-81,현대3,,69.3,4,1988,89200,2021-03-11,,,,,,
강동구,11740,10800,성내동,468,11740-151,현대토파즈,,226.94,6,1999,174000,2021-03-10,,,,,,
강동구,11740,10100,명일동,15,11740-7,삼익그린2차,,42.93,11,1983,105000,2021-03-25,,,,,,
강동구,11740,10100,명일동,15,11740-7,삼익그린2차,,54.81,6,1983,118000,2021-03-23,,,,,,
강동구,11740,10100,명일동,44,11740-10,신동아,,127.33,12,1986,177000,2021-03-13,,,,,,
강동구,11740,10900,천호동,46,11740-2498,강동이루미아파트,,84.85,2,2005,77000,2021-03-13,,,,,,
강동구,11740,10100,명일동,251-1,11740-16,현대(명일),,84.66,13,1988,96000,2021-03-10,,,,,,
강동구,11740,10900,천호동,53-9,11740-201,다성씨티아파트,,79.72,1,2002,59900,2021-03-13,,,,,,
강동구,11740,11000,강일동,670,11740-2890,강일리버파크5단지,,59.87,12,2009,91800,2021-03-13,,,,,,
강동구,11740,10100,명일동,41,11740-9,고덕삼환아파트,,121.987,15,1987,159000,2021-03-13,,,,,,
강동구,11740,10900,천호동,571,11740-4289,래미안강동팰리스,,84.97,27,2017,155000,2021-03-09,,,,,,
강동구,11740,10800,성내동,590,11740-129,성내동삼성아파트,,84.99,6,1999,127000,2021-03-10,,,,,,
강동구,11740,10500,길동,400,11740-39,길동우성,,57.1,4,1994,86000,2021-03-25,,,,,,
강동구,11740,10900,천호동,425-5,11740-2626,대우한강베네시티,,130.13,15,2007,121000,2021-03-20,,,,,,
강동구,11740,10100,명일동,54,11740-14,한양,,119.37,1,1986,170500,2021-03-12,,,,,,
강동구,11740,10300,상일동,514,11740-4672,고덕롯데캐슬베네루체,,84.923,2,2019,145123,2021-03-11,,,,,,
강동구,11740,10700,암사동,442-1,11740-103,한강현대,,59.94,22,1999,95700,2021-03-06,,,,,,
강동구,11740,10500,길동,384-4,11740-360,에이치비골드빌(102동),,64.19,10,2004,62000,2021-03-10,,,,,,
강동구,11740,10300,상일동,519,11740-4692,고덕아르테온,,84.97,4,2020,150000,2021-03-09,,,,,,
강동구,11740,10700,암사동,488-3,11740-2892,다성이즈빌Ⅰ,,84.6,2,2009,61000,2021-03-29,,,,,,
강동구,11740,10700,암사동,493-14,11740-99,중앙하이츠,,59.52,8,1998,60000,2021-03-13,,,,,,
강동구,11740,11000,강일동,665,11740-2849,강일리버파크1단지,,84.83,8,2009,105000,2021-03-20,,,,,,
강동구,11740,10500,길동,353-40,11740-212,유덕휴먼빌,,98.84,2,2003,72500,2021-03-11,,,,,,
강동구,11740,10900,천호동,452-15,11740-4687,미사아름채아파트,,12.14,7,2020,23000,2021-03-31,,,,,,
강동구,11740,10900,천호동,315-3,11740-3015,베네캐슬,,83.52,6,2011,63000,2021-03-14,,,,,,
강동구,11740,10500,길동,53,11740-48,삼익파크맨션,,130.84,3,1982,129000,2021-03-26,,,,,,
강동구,11740,10100,명일동,44,11740-10,신동아,,81.07,10,1986,149000,2021-03-13,,,,,,
강동구,11740,11000,강일동,684,11740-2853,강일리버파크6단지,,84.74,3,2009,115000,2021-03-12,,,,,,
강동구,11740,10200,고덕동,688,11740-4214,래미안힐스테이트고덕,,84.9,14,2016,158000,2021-03-20,,,,,,
강동구,11740,10300,상일동,514,11740-4672,고덕롯데캐슬베네루체,,84.146,2,2019,145050,2021-03-03,,,,,,
강동구,11740,10500,길동,242-6,11740-289,예전이룸1차,,71.49,6,2004,66700,2021-03-10,,,,,,
강동구,11740,11000,강일동,699,11740-2856,강일리버파크9단지,,84.74,6,2009,108500,2021-03-22,,,,,,
강동구,11740,10900,천호동,571,11740-4289,래미안강동팰리스,,84.97,27,2017,155000,2021-03-09,,,,,,
강동구,11740,10500,길동,456-4,11740-4482,다성이즈빌,,23.39,20,2018,27300,2021-03-31,,,,,,
강동구,11740,10800,성내동,599,11740-323,우림루미아트,,84.24,4,2004,76000,2021-03-20,,,,,,
강동구,11740,10800,성내동,549-5,11740-4452,성내스테이,,52.57,8,2018,62000,2021-03-20,,,,,,
강동구,11740,10500,길동,470,11740-60,현대1,,84.96,15,1996,100000,2021-03-15,,,,,,
강동구,11740,10500,길동,242-6,11740-289,예전이룸1차,,76.57,3,2004,67000,2021-03-03,,,,,,
강동구,11740,10100,명일동,359,11740-4585,래미안솔베뉴,,59.25,13,2019,132000,2021-03-13,,,,,,
강동구,11740,10500,길동,474,11740-221,강동LG자이,,84.88,19,2003,131900,2021-03-11,,,,,,
강동구,11740,10200,고덕동,688,11740-4214,래미안힐스테이트고덕,,59.96,7,2016,135000,2021-03-12,,,,,,
강동구,11740,10800,성내동,194,11740-347,에스케이허브진,,33.71,11,2004,31000,2021-03-27,,,,,,
강동구,11740,10800,성내동,194,11740-347,에스케이허브진,,33.71,3,2004,29700,2021-03-27,,,,,,
강동구,11740,10100,명일동,332,11740-3,명일지에스아파트,,59.79,1,1999,82800,2021-03-13,,,,,,
강동구,11740,10500,길동,344-5,11740-41,대상,,114.94,12,1999,79700,2021-03-11,,,,,,
강동구,11740,10800,성내동,386-74,11740-281,우성(104동),,71.76,2,2005,58500,2021-03-03,,,,,,
강동구,11740,10600,둔촌동,546,11740-74,신성둔촌미소지움1,,84.86,5,1998,120000,2021-03-11,,,,,,
강동구,11740,10200,고덕동,499,11740-2894,고덕 아이파크,,59.99,7,2011,135000,2021-03-06,,,,,,
강동구,11740,10500,길동,445-1,11740-2622,강동역에스케이허브,,84.94,11,2006,84000,2021-03-20,,,,,,
강동구,11740,10500,길동,247,11740-2612,광남캐스빌(247-0),,84.44,8,2006,75000,2021-03-13,,,,,,
강동구,11740,10900,천호동,571,11740-4289,래미안강동팰리스,,84.97,43,2017,163500,2021-03-06,,,,,,
강동구,11740,10900,천호동,237,11740-183,한신아파트,,82.08,6,1991,70000,2021-03-01,,,,,,
강동구,11740,10300,상일동,514,11740-4672,고덕롯데캐슬베네루체,,84.923,12,2019,158000,2021-03-13,,,,,,
강동구,11740,10500,길동,371-9,11740-216,다성이즈빌,,70.17,7,2003,59000,2021-03-09,,,,,,
강동구,11740,10800,성내동,448-5,11740-115,광남캐스빌(448-5),,84.64,10,2001,74500,2021-03-04,,,,,,
강동구,11740,10900,천호동,571,11740-4289,래미안강동팰리스,,59.98,10,2017,115000,2021-03-06,,,,,,
강동구,11740,10200,고덕동,693,11740-4628,고덕그라시움,,59.785,13,2019,138000,2021-03-01,,,,,,
강동구,11740,10700,암사동,414-2,11740-2802,롯데캐슬퍼스트,,59.99,12,2008,125000,2021-03-05,,,,,,
강동구,11740,10500,길동,415-13,11740-3349,강동큐브(2차),,15.12,8,2013,10000,2021-03-27,,,,,,
강동구,11740,10200,고덕동,693,11740-4628,고덕그라시움,,84.244,21,2019,177000,2021-03-25,,,,,,
강동구,11740,10500,길동,400,11740-39,길동우성,,57.1,6,1994,85000,2021-03-13,,,,,,
강동구,11740,10100,명일동,54,11740-14,한양,,84.92,11,1986,147000,2021-03-11,,,,,,
강동구,11740,10800,성내동,447-5,11740-142,타운빌라트,,84.6,4,2000,63800,2021-03-18,,,,,,
강동구,11740,10500,길동,383-6,11740-66,동심훼밀리,,82.18,1,2002,59000,2021-03-23,,,,,,
강동구,11740,10100,명일동,15,11740-7,삼익그린2차,,54.81,11,1983,118000,2021-03-19,,,,,,
강동구,11740,10100,명일동,47,11740-8,삼환,,84.92,14,1992,132500,2021-03-06,,,,,,
강동구,11740,10800,성내동,463-1,11740-425,탑건위너빌,,63.54,2,2001,49500,2021-03-22,,,,,,
강동구,11740,10900,천호동,414,11740-343,두산위브센티움,,39.17,5,2004,18500,2021-03-25,,,,,,
강동구,11740,10800,성내동,433-12,11740-126,삼진,,82.92,2,1995,65000,2021-03-02,,,,,,
강동구,11740,10300,상일동,490,11740-3008,고덕리엔파크3단지,,84.83,13,2011,120000,2021-03-12,,,,,,
강동구,11740,10500,길동,388-7,11740-3711,다성이즈빌(주상복합),,36.35,6,2015,26250,2021-03-01,,,,,,
강동구,11740,10900,천호동,414,11740-343,두산위브센티움,,39.17,3,2004,17500,2021-03-02,,,,,,
강동구,11740,10900,천호동,49-4,11740-331,천호동1차예전이룸아파트,,84.18,1,2004,63000,2021-03-13,,,,,,
강동구,11740,10900,천호동,237,11740-183,한신아파트,,82.08,8,1991,76000,2021-03-13,,,,,,
강동구,11740,10800,성내동,295,11740-130,성안마을청구,,59.93,3,2002,89000,2021-03-06,,,,,,
강동구,11740,10500,길동,415-16,11740-3569,청광플러스원큐브3차,,13.265,16,2014,10000,2021-03-26,,,,,,
강동구,11740,10300,상일동,514,11740-4672,고덕롯데캐슬베네루체,,84.923,14,2019,154700,2021-03-02,,,,,,
강동구,11740,10600,둔촌동,89,11740-78,현대4,,84.94,7,1996,100000,2021-03-17,,,,,,
강동구,11740,10900,천호동,32-2,11740-195,성인아파트,,80.12,2,2002,33000,2021-03-25,,,,,,
강동구,11740,10800,성내동,434-13,11740-4038,다성이즈빌아파트,,34.48,2,2016,42000,2021-03-20,,,,,,
강동구,11740,10500,길동,457,11740-3392,청광플러스원큐브2차,,14.495,17,2013,12500,2021-03-21,,,,,,
강동구,11740,10100,명일동,270,11740-4,삼익가든,,106.65,5,1984,133000,2021-03-20,,,,,,
강동구,11740,10900,천호동,317-31,11740-2546,부강아파트,,84.99,3,2006,56200,2021-03-03,,,,,,
강동구,11740,10100,명일동,48-12,11740-2,동양타워,,86.79,7,1995,74000,2021-03-05,,,,,,
강동구,11740,10100,명일동,356,11740-285,우성101동,,84.59,1,2004,78000,2021-03-06,,,,,,
강동구,11740,10900,천호동,55-4,11740-178,천호롯데아파트,,114.68,1,1999,98000,2021-03-18,,,,,,
강동구,11740,10500,길동,415-16,11740-3569,청광플러스원큐브3차,,13.265,17,2014,11000,2021-03-23,,,,,,
강동구,11740,10800,성내동,194,11740-347,에스케이허브진,,33.71,11,2004,30400,2021-03-20,,,,,,
강동구,11740,10200,고덕동,693,11740-4628,고덕그라시움,,84.244,6,2019,160000,2021-03-08,,,,,,
강동구,11740,10700,암사동,509,11740-91,선사현대아파트,,58.68,21,2000,104500,2021-03-03,,,,,,
강동구,11740,10800,성내동,194,11740-347,에스케이허브진,,30.26,6,2004,34000,2021-03-12,,,,,,
강동구,11740,10900,천호동,565,11740-185,현대코아아파트,,79.98,23,1999,75000,2021-03-13,,,,,,
강동구,11740,10500,길동,324-6,11740-2522,다성이즈빌아파트,,84.93,7,2005,55000,2021-03-12,,,,,,
강동구,11740,10800,성내동,419,11740-4791,집앤사비카,,16.66,4,2020,30100,2021-03-18,,,,,,
강동구,11740,10900,천호동,452-15,11740-4687,미사아름채아파트,,12.62,16,2020,25000,2021-03-13,,,,,,
강동구,11740,10200,고덕동,693,11740-4628,고덕그라시움,,73.566,25,2019,160000,2021-03-01,,,,,,
강동구,11740,10600,둔촌동,544,11740-72,라이프101동(544)102동(544-1),,79.53,2,1993,79000,2021-03-04,,,,,,
강동구,11740,10100,명일동,15,11740-7,삼익그린2차,,107.56,14,1983,175000,2021-03-11,,,,,,
강동구,11740,10100,명일동,359,11740-4585,래미안솔베뉴,,49.62,27,2019,115000,2021-03-02,,,,,,
강동구,11740,10800,성내동,25-1,11740-2558,이안강동,,77.49,12,2006,72000,2021-03-18,,,,,,
강동구,11740,10300,상일동,513,11740-4675,고덕센트럴IPARK,,84.91,1,2019,140000,2021-03-03,,,,,,
강동구,11740,10500,길동,477,11740-4708,이편한세상강동에코포레,,59.97,17,2020,110000,2021-03-06,,,,,,
강동구,11740,10800,성내동,194,11740-347,에스케이허브진,,33.71,11,2004,31000,2021-03-06,,,,,,
강동구,11740,10900,천호동,54-13,11740-367,골드하임(101동),,84.97,3,2005,67000,2021-03-08,,,,,,
강동구,11740,10900,천호동,571,11740-4289,래미안강동팰리스,,84.97,7,2017,148000,2021-03-06,,,,,,
강동구,11740,10300,상일동,515,11740-4359,고덕숲아이파크,,59.87,8,2018,117000,2021-03-12,,,,,,
강동구,11740,10900,천호동,568,11740-2628,강변그대가리버뷰,,84.99,14,2007,137000,2021-03-15,,,,,,
강동구,11740,10800,성내동,592,11740-161,원다빌2,,67.17,9,2002,58000,2021-03-13,,,,,,
강동구,11740,10100,명일동,54,11740-14,한양,,119.37,4,1986,170000,2021-03-03,,,,,,
강동구,11740,10800,성내동,607,11740-4787,라움포레,,59.31,3,2020,83000,2021-03-09,O,21.03.31,,,,
강동구,11740,10100,명일동,15,11740-7,삼익그린2차,,42.93,15,1983,95000,2021-03-16,,,,,,
강동구,11740,10700,암사동,414-2,11740-2802,롯데캐슬퍼스트,,59.99,25,2008,128500,2021-03-06,,,,,,
강동구,11740,10900,천호동,452-15,11740-4687,미사아름채아파트,,13.0175,6,2020,23000,2021-03-13,,,,,,
강동구,11740,10800,성내동,194,11740-347,에스케이허브진,,33.71,14,2004,30500,2021-03-06,,,,,,
강동구,11740,10500,길동,347-27,11740-292,예다움,,79.25,3,2004,58500,2021-03-03,,,,,,
강동구,11740,11000,강일동,699,11740-2856,강일리버파크9단지,,84.53,5,2009,107500,2021-03-08,,,,,,
강동구,11740,10900,천호동,566,11740-181,천호태영아파트,,84.88,19,1999,108000,2021-03-02,,,,,,
강동구,11740,10900,천호동,566,11740-181,천호태영아파트,,59.63,8,1999,93000,2021-03-02,,,,,,
강동구,11740,10900,천호동,425-5,11740-2626,대우한강베네시티,,114.63,18,2007,115000,2021-03-09,,,,,,
강동구,11740,10100,명일동,270,11740-4,삼익가든,,57.01,3,1984,100000,2021-03-06,,,,,,
강동구,11740,10500,길동,414-4,11740-3474,강동와이시티,,13.97,17,2014,10000,2021-03-13,,,,,,
강동구,11740,10900,천호동,452-15,11740-4687,미사아름채아파트,,13.0175,14,2020,24000,2021-03-13,,,,,,
강동구,11740,10900,천호동,452-15,11740-4687,미사아름채아파트,,13.0175,10,2020,23500,2021-03-09,,,,,,
강동구,11740,10600,둔촌동,611,11740-220,한솔솔파크,,84.49,7,2003,93000,2021-03-06,,,,,,
강동구,11740,10100,명일동,15,11740-7,삼익그린2차,,66.87,4,1983,135000,2021-03-13,,,,,,
강동구,11740,10100,명일동,270,11740-4,삼익가든,,66.87,1,1984,105000,2021-03-02,,,,,,
강동구,11740,10900,천호동,450-38,11740-272,강동파크빌,,66.45,4,2003,69900,2021-03-03,,,,,,
강동구,11740,10500,길동,388-7,11740-3711,다성이즈빌(주상복합),,17.91,6,2015,13000,2021-03-12,,,,,,
강동구,11740,10900,천호동,571,11740-4289,래미안강동팰리스,,84.97,10,2017,140000,2021-03-05,,,,,,
강동구,11740,10900,천호동,22-17,11740-190,평대미진아파트,,84.73,1,2003,50000,2021-03-04,,,,,,
강동구,11740,10500,길동,400,11740-39,길동우성,,84.75,9,1994,106000,2021-03-09,,,,,,
강동구,11740,10500,길동,242-6,11740-289,예전이룸1차,,71.49,4,2004,63000,2021-03-06,,,,,,
강동구,11740,10500,길동,415-11,11740-358,한솔브리즈,,84.89,13,2004,70000,2021-03-08,,,,,,
강동구,11740,10900,천호동,563,11740-169,동아코아아파트,,57.33,9,1997,50000,2021-03-10,,,,,,
강동구,11740,10500,길동,415-11,11740-358,한솔브리즈,,84.89,13,2004,69300,2021-03-02,,,,,,
강동구,11740,10500,길동,415-13,11740-3349,강동큐브(2차),,15.12,13,2013,11680,2021-03-01,,,,,,
강동구,11740,10900,천호동,50,11740-332,천호2차우림루미아트,,84.7,8,2004,78500,2021-03-08,,,,,,
강동구,11740,10500,길동,400,11740-39,길동우성,,40.36,4,1994,62900,2021-03-08,,,,,,
강동구,11740,10500,길동,400,11740-39,길동우성,,57.1,3,1994,83000,2021-03-01,,,,,,
강동구,11740,10500,길동,339-1,11740-2906,동서울오네뜨,,74.05,10,2009,69000,2021-03-02,,,,,,
강동구,11740,10700,암사동,493-14,11740-99,중앙하이츠,,59.52,1,1998,59000,2021-03-06,,,,,,
강동구,11740,10900,천호동,237,11740-183,한신아파트,,58.08,2,1991,59000,2021-03-01,,,,,,
강동구,11740,10700,암사동,509,11740-91,선사현대아파트,,82.94,14,2000,137500,2021-03-02,,,,,,
강동구,11740,10500,길동,343-1,11740-3164,현대웰하임(101동),,16.959,3,2012,12000,2021-03-08,,,,,,
강동구,11740,10500,길동,384-4,11740-360,에이치비골드빌(102동),,64.19,13,2004,66000,2021-03-01,,,,,,
