구,시군구코드,법정동코드,법정동,지번,단지코드,아파트명,동,전용면적,층,건축년도,거래금액,계약일,해제여부,해제일,거래유형,매수자,매도자,등기일
강남구,11680,10100,역삼동,706-10,11680-664,우림루미아트2,,23.9,7,2003,18800,2026-08-08,,,중개거래,개인,개인,26.08.11
강남구,11680,10100,역삼동,706-10,11680-664,우림루미아트2,,23.9,7,2003,18800,2026-08-10,O,26.08.11,중개거래,개인,개인,
강남구,11680,10100,역삼동,713-11,11680-3679,역삼I'PARK,,28.246,12,2006,115000,2026-08-07,,,중개거래,개인,개인,
강남구,11680,10100,역삼동,722,11680-276,경남아너스빌,,81.013,12,2002,184000,2026-08-25,,,중개거래,개인,개인,
강남구,11680,10100,역삼동,754-1,11680-3643,역삼푸르지오,,59.8848,14,2006,280000,2026-08-14,,,중개거래,개인,개인,
강남구,11680,10100,역삼동,755-1,11680-3678,개나리푸르지오,,133.1686,15,2006,395000,2026-08-27,,,중개거래,개인,개인,
강남구,11680,10100,역삼동,755-4,11680-3622,e-편한세상,,84.991,7,2005,336000,2026-08-14,,,중개거래,개인,개인,
강남구,11680,10100,역삼동,755-4,11680-3622,e-편한세상,104,59.606,7,2005,288000,2026-08-01,,,중개거래,개인,개인,26.09.28
강남구,11680,10100,역삼동,765-32,11680-3760,역삼2차아이파크,,84.587,10,2008,360000,2026-08-05,,,직거래,개인,개인,
강남구,11680,10100,역삼동,824-25,11680-668,대우디오빌플러스,,34.41,12,2004,32800,2026-08-28,,,중개거래,개인,개인,
강남구,11680,10100,역삼동,826-29,11680-504,역삼동우정에쉐르1,,59.81,5,2004,77000,2026-08-29,,,중개거래,개인,개인,26.09.23
강남구,11680,10100,역삼동,835-67,11680-411,금호어울림,,132.88,9,2003,242000,2026-08-12,,,중개거래,개인,개인,
강남구,11680,10100,역삼동,900,11680-4958,시티프라디움더강남101동,공동주택(아파트),59.93,14,2021,149000,2026-08-03,,,중개거래,개인,개인,26.09.21
강남구,11680,10100,역삼동,902,11680-5056,강남센트럴아이파크,102,84.99,6,2022,378000,2026-08-01,,,중개거래,개인,개인,26.09.28
강남구,11680,10300,개포동,12,11680-279,삼익대청아파트,,51.12,6,1992,205000,2026-08-22,O,26.10.06,중개거래,개인,개인,
강남구,11680,10300,개포동,12,11680-280,성원대치2단지아파트,,39.53,12,1992,126000,2026-08-21,O,26.08.28,중개거래,개인,개인,
강남구,11680,10300,개포동,12,11680-280,성원대치2단지아파트,,49.86,15,1992,193000,2026-08-28,,,중개거래,개인,개인,
강남구,11680,10300,개포동,1280,11680-4800,래미안블레스티지,,49.909,7,2019,240000,2026-08-04,,,중개거래,개인,개인,
강남구,11680,10300,개포동,1281,11680-4850,디에이치아너힐즈,,59.7479,8,2019,300000,2026-08-17,,,중개거래,개인,개인,
강남구,11680,10300,개포동,1281,11680-4850,디에이치아너힐즈,,76.1709,6,2019,350000,2026-08-15,,,중개거래,개인,개인,
강남구,11680,10300,개포동,1282,11680-4929,개포래미안포레스트,,59.92,2,2020,290000,2026-08-04,,,중개거래,개인,개인,
강남구,11680,10300,개포동,1284,11680-5235,개포자이프레지던스,,59.9751,11,2023,280000,2026-08-08,,,중개거래,개인,개인,
강남구,11680,10400,청담동,106,11680-89,현대한강빌라,,177.69,9,1992,670000,2026-08-04,,,중개거래,개인,개인,26.09.14
강남구,11680,10400,청담동,122-35,11680-4284,청담신원아침도시마인,,27.7131,5,2013,33000,2026-08-10,,,중개거래,개인,개인,
강남구,11680,10400,청담동,14,11680-3650,"청담2차이-편한세상(201동,202동,203동)",,113.21,3,2006,250000,2026-08-07,O,26.09.08,직거래,개인,개인,
강남구,11680,10400,청담동,30-33,11680-98,청담대림이-편한세상,,113.57,17,2002,308000,2026-08-01,,,중개거래,개인,개인,
강남구,11680,10400,청담동,50-5,11680-474,대우유로카운티,,179.38,14,2004,400000,2026-08-14,,,중개거래,개인,개인,
강남구,11680,10400,청담동,62-6,11680-4643,청담디에브스아파트,,91.68,3,2017,127500,2026-08-12,,,중개거래,개인,개인,
강남구,11680,10500,삼성동,11,11680-3733,롯데캐슬프레미어,,121.931,14,2007,405000,2026-08-21,,,중개거래,개인,개인,
강남구,11680,10500,삼성동,142-3,11680-522,LG선릉에클라트(B),LG선릉에클라트B,36.35,13,2004,33500,2026-08-14,,,중개거래,개인,개인,26.09.21
강남구,11680,10500,삼성동,48,11680-195,한일,,80.29,10,2001,218000,2026-08-18,,,중개거래,개인,개인,
강남구,11680,10500,삼성동,50,11680-3830,현대힐스테이트2단지,,40.586,15,2008,195000,2026-08-01,,,중개거래,개인,개인,
강남구,11680,10600,대치동,1032,11680-5251,대치푸르지오써밋,,59.9885,13,2023,300000,2026-08-28,,,중개거래,개인,개인,
강남구,11680,10600,대치동,316,11680-218,은마,,76.79,3,1979,334000,2026-08-01,,,중개거래,개인,개인,
강남구,11680,10600,대치동,316,11680-218,은마,,76.79,6,1979,325000,2026-08-28,,,중개거래,개인,개인,
강남구,11680,10600,대치동,316,11680-218,은마,,76.79,7,1979,344000,2026-08-03,,,중개거래,개인,개인,
강남구,11680,10600,대치동,316,11680-218,은마,,76.79,8,1979,345000,2026-08-01,,,중개거래,개인,개인,
강남구,11680,10600,대치동,316,11680-218,은마,,76.79,9,1979,333000,2026-08-29,,,중개거래,개인,개인,
강남구,11680,10600,대치동,316,11680-218,은마,,84.43,2,1979,372000,2026-08-20,,,중개거래,개인,개인,
강남구,11680,10600,대치동,506,11680-211,선경1차(1동-7동),,136.68,10,1983,480000,2026-08-05,,,직거래,개인,개인,
강남구,11680,10600,대치동,511,11680-481,한보미도맨션2,,115.05,4,1985,450000,2026-08-01,,,중개거래,개인,개인,
강남구,11680,10600,대치동,511,11680-481,한보미도맨션2,,126.33,8,1985,478000,2026-08-04,,,중개거래,개인,개인,
강남구,11680,10600,대치동,890-42,11680-527,대치동우정에쉐르2(890-42),,59.95,3,2004,81500,2026-08-10,,,중개거래,개인,개인,26.09.30
강남구,11680,10600,대치동,891-6,11680-529,테헤란로대우아이빌(891-6),,59.83,14,2004,90000,2026-08-22,,,중개거래,개인,개인,
강남구,11680,10600,대치동,894,11680-4542,현대썬앤빌테헤란,현대썬앤빌 테헤란,33.09,5,2016,52000,2026-08-18,,,중개거래,개인,개인,26.09.30
강남구,11680,10600,대치동,910-5,11680-395,풍림아이원1차103동(910-5),,83.65,2,2003,132000,2026-08-04,,,직거래,개인,개인,26.09.02
강남구,11680,10800,논현동,103,11680-136,쌍용,,70.57,2,1996,138000,2026-08-13,,,중개거래,개인,개인,
강남구,11680,10800,논현동,105,11680-121,동현아파트1~6,,84.92,12,1985,284000,2026-08-13,,,중개거래,개인,개인,
강남구,11680,10800,논현동,105,11680-121,동현아파트1~6,,84.92,12,1985,285000,2026-08-20,,,중개거래,개인,개인,
강남구,11680,10800,논현동,105,11680-121,동현아파트1~6,,84.92,4,1985,270000,2026-08-16,,,중개거래,개인,개인,
강남구,11680,10800,논현동,138-9,11680-442,월드쉐르빌,,84.06,1,2003,98500,2026-08-24,,,중개거래,개인,개인,26.09.09
강남구,11680,10800,논현동,195-1,11680-3592,e-편한세상,,84.9876,10,2005,165000,2026-08-22,,,중개거래,개인,개인,
강남구,11680,10800,논현동,211-21,11680-4994,펜트힐루논현,,43.392,7,2021,65000,2026-08-14,,,직거래,개인,개인,26.08.18
강남구,11680,10800,논현동,245,11680-473,동양파라곤,101,157.41,8,2004,440000,2026-08-11,,,중개거래,개인,법인,26.09.15
강남구,11680,11000,압구정동,369-1,11680-415,"현대1차(12,13,21,22,31,32,33동)",,161.18,5,1976,800000,2026-08-14,,,중개거래,개인,개인,
강남구,11680,11000,압구정동,397,11680-20,미성2차,,140.9,2,1987,570000,2026-08-20,,,중개거래,개인,개인,
강남구,11680,11000,압구정동,426,11680-423,신현대9차,,111.38,4,1982,665000,2026-08-23,,,중개거래,개인,개인,
강남구,11680,11000,압구정동,433,11680-425,신현대11차,,183.41,9,1983,973000,2026-08-28,,,중개거래,개인,개인,
강남구,11680,11000,압구정동,434,11680-426,신현대12차,,155.52,13,1982,850000,2026-08-15,,,중개거래,개인,개인,
강남구,11680,11000,압구정동,448,11680-427,현대13차(208~211동),,105.45,5,1983,610000,2026-08-12,,,중개거래,개인,개인,
강남구,11680,11000,압구정동,486,11680-381,한양4,,208.65,13,1978,900000,2026-08-29,,,중개거래,개인,개인,
강남구,11680,11000,압구정동,489,11680-380,한양3,31,161.9,9,1978,685000,2026-08-20,,,중개거래,개인,개인,26.09.08
강남구,11680,11000,압구정동,489,11680-380,한양3,35,116.94,12,1978,587000,2026-08-06,,,중개거래,개인,개인,26.10.01
강남구,11680,11000,압구정동,490,11680-378,한양1차(영동한양),,49.98,5,1977,405000,2026-08-21,,,중개거래,개인,개인,
강남구,11680,11000,압구정동,493,11680-379,한양2,,147.41,12,1978,790000,2026-08-29,,,중개거래,개인,개인,
강남구,11680,11100,세곡동,525,11680-4003,강남데시앙파크,,84.97,6,2011,160000,2026-08-12,,,중개거래,개인,개인,
강남구,11680,11100,세곡동,533,11680-4090,세곡푸르지오,,74.74,8,2012,186000,2026-08-14,O,26.09.12,중개거래,개인,개인,
강남구,11680,11100,세곡동,533,11680-4090,세곡푸르지오,,84.83,10,2012,210000,2026-08-24,,,중개거래,개인,개인,
강남구,11680,11100,세곡동,533,11680-4090,세곡푸르지오,,84.83,13,2012,205000,2026-08-12,,,중개거래,개인,개인,
강남구,11680,11100,세곡동,533,11680-4090,세곡푸르지오,,84.84,5,2012,205000,2026-08-21,,,중개거래,개인,개인,
강남구,11680,11200,자곡동,611,11680-4319,래미안강남힐즈,,91.96,14,2014,231000,2026-08-29,,,중개거래,개인,개인,
강남구,11680,11200,자곡동,618,11680-4341,강남브리즈힐(토지임대부아파트),,74.44,15,2014,130600,2026-08-09,,,중개거래,개인,개인,
강남구,11680,11200,자곡동,618,11680-4341,강남브리즈힐(토지임대부아파트),,84.29,6,2014,130000,2026-08-07,,,중개거래,개인,개인,
강남구,11680,11200,자곡동,619,11680-4375,강남자곡 힐스테이트,,59.93,4,2015,155000,2026-08-27,,,중개거래,개인,개인,
강남구,11680,11200,자곡동,619,11680-4375,강남자곡 힐스테이트,504,51.96,2,2015,139000,2026-08-19,,,중개거래,개인,개인,26.10.02
강남구,11680,11400,일원동,711,11680-305,수서,,39.98,9,1992,150000,2026-08-01,,,중개거래,개인,개인,
강남구,11680,11400,일원동,711,11680-305,수서,,49.68,1,1992,171500,2026-08-29,,,중개거래,개인,개인,
강남구,11680,11400,일원동,716,11680-301,목련타운,,134.71,2,1993,320000,2026-08-31,,,중개거래,개인,개인,
강남구,11680,11400,일원동,716,11680-301,목련타운,,99.79,8,1993,308000,2026-08-31,,,중개거래,개인,개인,
강남구,11680,11400,일원동,716,11680-301,목련타운,,99.79,8,1993,315000,2026-08-29,,,중개거래,개인,개인,
강남구,11680,11400,일원동,718,11680-304,샘터마을,,134.438,10,1994,275600,2026-08-17,,,직거래,개인,개인,
강남구,11680,11400,일원동,734,11680-303,상록수,,74.54,5,1993,274000,2026-08-10,,,중개거래,개인,개인,
강남구,11680,11500,수서동,708,11680-317,삼익,401,49.2,8,1992,212000,2026-08-07,,,중개거래,개인,개인,26.08.27
강남구,11680,11500,수서동,746,11680-314,까치마을,,34.44,10,1993,154500,2026-08-22,,,중개거래,개인,개인,
강남구,11680,11800,도곡동,200-5,11680-704,월드메르디앙102동,,159.43,4,2005,255000,2026-08-13,,,중개거래,개인,개인,
강남구,11680,11800,도곡동,463-1,11680-338,우성사원5,,78.99,4,1986,305000,2026-08-19,,,중개거래,개인,개인,
강남구,11680,11800,도곡동,464,11680-349,한신(개포),,52.72,2,1985,315000,2026-08-08,,,중개거래,개인,개인,
강남구,11680,11800,도곡동,464,11680-349,한신(개포),,52.73,4,1985,300000,2026-08-27,,,중개거래,개인,개인,
강남구,11680,11800,도곡동,464,11680-349,한신(개포),4,52.73,2,1985,310000,2026-08-01,,,중개거래,개인,개인,26.10.01
강남구,11680,11800,도곡동,467-17,11680-365,타워팰리스2,이,164.88,55,2003,355000,2026-08-11,,,중개거래,개인,개인,26.09.14
강남구,11680,11800,도곡동,467-17,11680-365,타워팰리스2,이,243.08,54,2003,745000,2026-08-11,,,중개거래,개인,개인,26.09.14
강남구,11680,11800,도곡동,467-19,11680-354,현대비젼21,,34.995,26,1999,45000,2026-08-10,,,중개거래,개인,개인,
강남구,11680,11800,도곡동,527,11680-3623,도곡렉슬,,119.8906,5,2006,415000,2026-08-12,,,중개거래,개인,개인,
강남구,11680,11800,도곡동,895-8,11680-350,한신엠비씨,,84.74,10,1988,260000,2026-08-14,,,중개거래,개인,개인,
강남구,11680,11800,도곡동,91-5,11680-331,삼성래미안,,122.81,14,2001,385000,2026-08-24,,,중개거래,개인,개인,
강남구,11680,11800,도곡동,91-5,11680-331,삼성래미안,,122.81,22,2001,365000,2026-08-01,,,중개거래,개인,개인,
강남구,11680,11800,도곡동,953-1,11680-3647,SK허브프리모,,63.09,19,2006,103500,2026-08-17,,,중개거래,개인,개인,
강남구,11680,11800,도곡동,953-1,11680-3647,SK허브프리모,,70.31,10,2006,115000,2026-08-24,,,중개거래,개인,개인,
강동구,11740,10100,명일동,15,11740-7,삼익그린2차,,42.93,9,1983,149000,2026-08-25,,,중개거래,개인,개인,
강동구,11740,10100,명일동,15,11740-7,삼익그린2차,,66.87,6,1983,189000,2026-08-15,,,중개거래,개인,개인,
강동구,11740,10100,명일동,15,11740-7,삼익그린2차,605,42.93,12,1983,152000,2026-08-10,,,중개거래,개인,개인,26.09.10
강동구,11740,10100,명일동,257,11740-1,고덕주공9,,83.52,10,1985,188000,2026-08-07,,,중개거래,개인,개인,
강동구,11740,10100,명일동,257,11740-1,고덕주공9,,83.52,3,1985,170000,2026-08-25,,,중개거래,개인,개인,
강동구,11740,10100,명일동,257,11740-1,고덕주공9,,83.93,5,1985,108850,2026-08-26,,,직거래,개인,개인,
강동구,11740,10100,명일동,257,11740-1,고덕주공9,,83.93,5,1985,184000,2026-08-14,,,중개거래,개인,개인,
강동구,11740,10100,명일동,270,11740-4,삼익가든,,106.65,2,1984,175000,2026-08-11,,,중개거래,개인,개인,
강동구,11740,10100,명일동,270,11740-4,삼익가든,,117.76,6,1984,174000,2026-08-10,,,중개거래,개인,개인,
강동구,11740,10100,명일동,332,11740-3,명일지에스아파트,,59.79,10,1999,121000,2026-08-26,,,중개거래,개인,개인,
강동구,11740,10100,명일동,359,11740-4585,래미안솔베뉴,,49.66,4,2019,173500,2026-08-18,,,중개거래,개인,개인,
강동구,11740,10100,명일동,359,11740-4585,래미안솔베뉴,,59.11,23,2019,179000,2026-08-22,,,중개거래,개인,개인,
강동구,11740,10100,명일동,41,11740-9,고덕삼환아파트,,84.644,6,1987,162000,2026-08-28,,,중개거래,개인,개인,
강동구,11740,10100,명일동,42,11740-11,명일우성,,133.65,4,1986,223000,2026-08-01,,,중개거래,개인,개인,
강동구,11740,10100,명일동,44,11740-10,신동아,,127.33,2,1986,248000,2026-08-08,,,중개거래,개인,개인,
강동구,11740,10100,명일동,44,11740-10,신동아,1,112.93,12,1986,231500,2026-08-06,,,중개거래,개인,개인,26.09.09
강동구,11740,10200,고덕동,210-1,11740-4735,고덕센트럴푸르지오,,59.14,8,2020,162000,2026-08-10,,,중개거래,개인,개인,
강동구,11740,10200,고덕동,486,11740-25,아남1,,84.91,11,1996,152500,2026-08-04,,,중개거래,개인,개인,
강동구,11740,10200,고덕동,486,11740-25,아남1,,84.91,5,1996,153000,2026-08-06,,,중개거래,개인,개인,
강동구,11740,10200,고덕동,486,11740-25,아남1,,84.91,8,1996,156000,2026-08-06,,,중개거래,개인,개인,
강동구,11740,10200,고덕동,486,11740-25,아남1,1,84.91,14,1996,112000,2026-08-01,,,중개거래,개인,개인,26.10.02
강동구,11740,10200,고덕동,688,11740-4214,래미안힐스테이트고덕,,59.35,11,2016,195000,2026-08-15,,,중개거래,개인,개인,
강동구,11740,10200,고덕동,688,11740-4214,래미안힐스테이트고덕,,59.35,25,2016,189000,2026-08-12,,,중개거래,개인,개인,
강동구,11740,10200,고덕동,688,11740-4214,래미안힐스테이트고덕,,84.88,6,2016,200000,2026-08-13,,,중개거래,개인,개인,
강동구,11740,10200,고덕동,693,11740-4628,고덕그라시움,,59.052,14,2019,207000,2026-08-29,,,중개거래,개인,개인,
강동구,11740,10200,고덕동,693,11740-4628,고덕그라시움,,73.566,13,2019,229000,2026-08-08,,,중개거래,개인,개인,
강동구,11740,10200,고덕동,693,11740-4628,고덕그라시움,,73.873,24,2019,237000,2026-08-22,,,중개거래,개인,개인,
강동구,11740,10200,고덕동,693,11740-4628,고덕그라시움,,97.784,24,2019,277000,2026-08-08,,,중개거래,개인,개인,
강동구,11740,10300,상일동,28,11740-4802,강동리엔파크14단지,,59.94,12,2021,115000,2026-08-08,,,중개거래,개인,개인,
강동구,11740,10300,상일동,490,11740-3008,고덕리엔파크3단지,,84.83,14,2011,140000,2026-08-18,,,중개거래,개인,개인,
강동구,11740,10300,상일동,490,11740-3008,고덕리엔파크3단지,,84.87,10,2011,136000,2026-08-29,,,중개거래,개인,개인,
강동구,11740,10300,상일동,490,11740-3008,고덕리엔파크3단지,,84.87,14,2011,144600,2026-08-06,,,중개거래,개인,개인,
강동구,11740,10300,상일동,490,11740-3008,고덕리엔파크3단지,,84.87,2,2011,139000,2026-08-05,,,중개거래,개인,개인,
강동구,11740,10300,상일동,490,11740-3008,고덕리엔파크3단지,338,59.72,7,2011,109000,2026-08-14,,,중개거래,개인,개인,26.09.21
강동구,11740,10300,상일동,513,11740-4675,고덕센트럴IPARK,,59.97,17,2019,178000,2026-08-06,,,중개거래,개인,개인,
강동구,11740,10300,상일동,513,11740-4675,고덕센트럴IPARK,,59.99,3,2019,172000,2026-08-08,,,중개거래,개인,개인,
강동구,11740,10300,상일동,513,11740-4675,고덕센트럴IPARK,,84.97,14,2019,210000,2026-08-14,,,중개거래,개인,개인,
강동구,11740,10300,상일동,514,11740-4672,고덕롯데캐슬베네루체,,84.146,22,2019,195000,2026-08-08,,,중개거래,개인,개인,
강동구,11740,10300,상일동,515,11740-4359,고덕숲아이파크,,84.85,8,2018,179000,2026-08-09,,,중개거래,개인,개인,
강동구,11740,10300,상일동,519,11740-4692,고덕아르테온,,84.97,20,2020,239000,2026-08-08,,,중개거래,개인,개인,
강동구,11740,10300,상일동,519,11740-4692,고덕아르테온,,84.97,5,2020,233500,2026-08-14,,,중개거래,개인,개인,
강동구,11740,10300,상일동,519,11740-4692,고덕아르테온,,84.97,6,2020,230500,2026-08-08,,,중개거래,개인,개인,
강동구,11740,10500,길동,247,11740-2612,광남캐스빌(247-0),1,84.43,6,2006,88500,2026-08-01,,,중개거래,개인,개인,26.09.21
강동구,11740,10500,길동,332,11740-208,한전우성1,,81.54,5,1989,95000,2026-08-20,,,중개거래,개인,개인,
강동구,11740,10500,길동,349-1,11740-3158,다성이즈빌(349-1),,16.88,7,2012,12500,2026-08-17,,,중개거래,개인,개인,
강동구,11740,10500,길동,349-1,11740-3158,다성이즈빌(349-1),,17.2,3,2012,13700,2026-08-21,,,중개거래,개인,개인,26.08.31
강동구,11740,10500,길동,349-1,11740-3158,다성이즈빌(349-1),,17.2,4,2012,13000,2026-08-28,,,중개거래,개인,개인,26.08.31
강동구,11740,10500,길동,384-1,11740-59,한빛골드빌1차,,72.41,6,2001,79000,2026-08-07,,,중개거래,개인,개인,
강동구,11740,10500,길동,385-1,11740-417,예건타워빌,,37.66,5,2005,27500,2026-08-18,,,중개거래,개인,개인,26.09.03
강동구,11740,10500,길동,385-4,11740-243,이스트드림힐,,71.49,11,2003,69500,2026-08-31,,,중개거래,개인,개인,
강동구,11740,10500,길동,387-5,11740-3273,청광플러스원(큐브1차),,16.685,12,2012,9500,2026-08-15,,,중개거래,개인,개인,26.09.15
강동구,11740,10500,길동,388-7,11740-3711,다성이즈빌(주상복합),,36.62,7,2015,33700,2026-08-31,,,중개거래,개인,개인,
강동구,11740,10500,길동,400,11740-39,길동우성,,40.36,13,1994,83000,2026-08-08,,,중개거래,개인,개인,
강동구,11740,10500,길동,400,11740-39,길동우성,,84.75,11,1994,128500,2026-08-22,,,중개거래,개인,개인,
강동구,11740,10500,길동,401-1,11740-357,하나플러스,,84.88,9,2004,92000,2026-08-08,,,중개거래,개인,개인,
강동구,11740,10500,길동,414-10,11740-2618,강동한신휴플러스,,84.93,9,2006,75000,2026-08-13,,,중개거래,개인,개인,
강동구,11740,10500,길동,445-1,11740-2622,강동역에스케이허브,,84.81,12,2006,92500,2026-08-20,,,중개거래,개인,개인,
강동구,11740,10500,길동,445-1,11740-2622,강동역에스케이허브,,99.55,12,2006,94500,2026-08-17,,,중개거래,개인,개인,
강동구,11740,10500,길동,456-3,11740-3323,강동큐브,1,12.49,8,2013,8900,2026-08-07,,,중개거래,개인,개인,26.08.12
강동구,11740,10500,길동,53,11740-48,삼익파크맨션,,137.7,8,1982,170000,2026-08-15,,,중개거래,개인,개인,
강동구,11740,10500,길동,53,11740-48,삼익파크맨션,,62.91,10,1982,138000,2026-08-22,,,중개거래,개인,개인,
강동구,11740,10500,길동,53,11740-48,삼익파크맨션,,62.91,12,1982,78000,2026-08-21,,,중개거래,개인,개인,
강동구,11740,10500,길동,53,11740-48,삼익파크맨션,,62.91,5,1982,136000,2026-08-24,,,중개거래,개인,개인,
강동구,11740,10500,길동,53,11740-48,삼익파크맨션,,63.32,5,1982,135000,2026-08-08,,,중개거래,개인,개인,
강동구,11740,10500,길동,53,11740-48,삼익파크맨션,,72.89,2,1982,141000,2026-08-01,,,중개거래,개인,개인,
강동구,11740,10500,길동,53,11740-48,삼익파크맨션,,95.96,6,1982,160000,2026-08-15,,,중개거래,개인,개인,
강동구,11740,10500,길동,53,11740-48,삼익파크맨션,510,79.57,12,1982,142000,2026-08-07,,,중개거래,개인,개인,26.10.06
강동구,11740,10600,둔촌동,134-10,11740-73,신성둔촌미소지움2,,59.88,12,2000,140000,2026-08-31,,,중개거래,개인,개인,
강동구,11740,10600,둔촌동,135-1,11740-81,현대3,,69.3,3,1988,106000,2026-08-31,,,중개거래,개인,개인,
강동구,11740,10600,둔촌동,435-3,11740-302,광남캐스빌103동,,84.77,12,2004,107000,2026-08-01,,,중개거래,개인,개인,
강동구,11740,10600,둔촌동,518-2,11740-228,광남아파트101동,,84.63,3,2004,89000,2026-08-14,,,중개거래,개인,개인,
강동구,11740,10600,둔촌동,545,11740-77,둔촌하이츠,,59.79,16,1998,124000,2026-08-05,,,중개거래,개인,개인,
강동구,11740,10600,둔촌동,545,11740-77,둔촌하이츠,,59.79,16,1998,124000,2026-08-05,O,26.09.10,중개거래,개인,개인,
강동구,11740,10600,둔촌동,545,11740-77,둔촌하이츠,,59.79,18,1998,114000,2026-08-04,,,중개거래,개인,개인,26.08.26
강동구,11740,10600,둔촌동,546,11740-74,신성둔촌미소지움1,,59.78,4,1998,132500,2026-08-28,,,중개거래,개인,개인,
강동구,11740,10600,둔촌동,546,11740-74,신성둔촌미소지움1,102,59.78,7,1998,137000,2026-08-10,,,중개거래,개인,개인,26.10.01
강동구,11740,10600,둔촌동,555,11740-83,신동아파밀리에,,59.4,2,2002,130500,2026-08-01,,,중개거래,개인,개인,
강동구,11740,10600,둔촌동,555,11740-83,신동아파밀리에,103,84.72,7,2002,154000,2026-08-01,,,중개거래,개인,개인,26.10.01
강동구,11740,10600,둔촌동,61-12,11740-364,동호리츠빌,,68.54,2,2004,69000,2026-08-10,,,중개거래,개인,개인,
강동구,11740,10600,둔촌동,62,11740-301,KNP이스트빌,,84.87,1,2004,70000,2026-08-07,,,중개거래,개인,개인,
강동구,11740,10600,둔촌동,62,11740-301,KNP이스트빌,,84.87,2,2004,81500,2026-08-07,,,중개거래,개인,개인,
강동구,11740,10600,둔촌동,630,11740-2931,둔촌푸르지오,,113.67,13,2010,186000,2026-08-10,,,중개거래,개인,개인,
강동구,11740,10600,둔촌동,630,11740-2931,둔촌푸르지오,,84.9,13,2010,170000,2026-08-07,,,중개거래,개인,개인,
강동구,11740,10600,둔촌동,630,11740-2931,둔촌푸르지오,,84.92,9,2010,165000,2026-08-12,,,중개거래,개인,개인,
강동구,11740,10600,둔촌동,630,11740-2931,둔촌푸르지오,102,113.67,1,2010,182000,2026-08-05,,,중개거래,개인,개인,26.09.18
강동구,11740,10600,둔촌동,633,11740-5273,올림픽파크포레온,,59.98,25,2024,263000,2026-08-17,,,중개거래,개인,개인,
강동구,11740,10600,둔촌동,633,11740-5273,올림픽파크포레온,,84.98,22,2024,300000,2026-08-29,,,중개거래,개인,개인,
강동구,11740,10600,둔촌동,633,11740-5273,올림픽파크포레온,,84.99,15,2024,300000,2026-08-07,,,중개거래,개인,개인,
강동구,11740,10600,둔촌동,633,11740-5273,올림픽파크포레온,,84.99,20,2024,299000,2026-08-12,,,중개거래,개인,개인,
강동구,11740,10600,둔촌동,633,11740-5273,올림픽파크포레온,,84.99,30,2024,319500,2026-08-11,,,중개거래,개인,개인,
강동구,11740,10600,둔촌동,633,11740-5273,올림픽파크포레온,311,84.99,25,2024,305000,2026-08-22,,,중개거래,개인,개인,26.10.02
강동구,11740,10600,둔촌동,633,11740-5273,올림픽파크포레온,420,59.99,30,2024,180000,2026-08-07,,,중개거래,개인,개인,26.09.11
강동구,11740,10600,둔촌동,654,11740-5199,더샵파크솔레이유,,84.88,8,2023,172500,2026-08-17,,,중개거래,개인,개인,
강동구,11740,10600,둔촌동,70-5,11740-80,현대2,,59.19,4,1988,113000,2026-08-08,,,중개거래,개인,개인,
강동구,11740,10600,둔촌동,89,11740-78,현대4,102,84.94,14,1996,131000,2026-08-08,,,중개거래,개인,개인,26.10.06
강동구,11740,10600,둔촌동,94-16,11740-71,동아,,48.1,6,1992,70000,2026-08-15,,,중개거래,개인,개인,
강동구,11740,10700,암사동,413,11740-2664,프라이어팰리스,,59.983,21,2007,163000,2026-08-01,,,중개거래,개인,개인,
강동구,11740,10700,암사동,413,11740-2664,프라이어팰리스,,84.988,13,2007,173000,2026-08-08,,,중개거래,개인,개인,
강동구,11740,10700,암사동,414-2,11740-2802,롯데캐슬퍼스트,,111.22,4,2008,214000,2026-08-11,,,중개거래,개인,개인,
강동구,11740,10700,암사동,414-2,11740-2802,롯데캐슬퍼스트,,112.11,11,2008,208800,2026-08-27,,,중개거래,개인,개인,
강동구,11740,10700,암사동,445,11740-105,한강포스파크,101,80.65,6,2002,114500,2026-08-05,,,중개거래,개인,개인,26.10.01
강동구,11740,10700,암사동,472-18,11740-310,에스엠해그린,,82.62,4,2004,79500,2026-08-14,,,직거래,개인,개인,
강동구,11740,10700,암사동,497-6,11740-314,한건브리앙,,68.54,8,2004,77000,2026-08-07,,,중개거래,개인,개인,
강동구,11740,10700,암사동,508,11740-90,삼성광나루,,157.24,24,2002,150000,2026-08-03,,,직거래,개인,개인,
강동구,11740,10700,암사동,508,11740-90,삼성광나루,,59.69,16,2002,155000,2026-08-06,,,중개거래,개인,개인,
강동구,11740,10700,암사동,518,11740-2893,한솔솔파크,,84.98,8,2009,156000,2026-08-07,,,중개거래,개인,개인,
강동구,11740,10800,성내동,137,11740-346,성내2차e-편한세상,,84.79,7,2004,125500,2026-08-18,,,중개거래,개인,개인,
강동구,11740,10800,성내동,164-1,11740-2569,씨제이나인,,83.59,4,2006,83500,2026-08-07,,,중개거래,개인,개인,
강동구,11740,10800,성내동,194,11740-347,에스케이허브진,,33.71,5,2004,33500,2026-08-22,,,중개거래,개인,개인,
강동구,11740,10800,성내동,196-8,11740-141,코오롱(1차),,59.24,16,1999,114000,2026-08-26,,,중개거래,개인,개인,
강동구,11740,10800,성내동,244-12,11740-2787,LIGA,1,84.91,4,2008,82500,2026-08-18,,,중개거래,개인,개인,26.09.28
강동구,11740,10800,성내동,405-9,11740-2983,한솔애리즈,801,84.74,1,2010,65000,2026-08-07,,,중개거래,개인,개인,26.08.19
강동구,11740,10800,성내동,407-2,11740-117,동방,,60,7,1995,61000,2026-08-08,,,중개거래,개인,개인,
강동구,11740,10800,성내동,410-2,11740-138,중앙하이츠,,84.95,8,2001,85000,2026-08-05,,,중개거래,개인,개인,26.09.15
강동구,11740,10800,성내동,419-13,11740-118,동아1,,59.72,5,1997,82500,2026-08-22,,,중개거래,개인,개인,
강동구,11740,10800,성내동,423-15,11740-259,신성,,84.83,2,2004,52000,2026-08-13,,,직거래,개인,개인,26.09.04
강동구,11740,10800,성내동,427-74,11740-419,태천해오름,,88.59,6,2005,79000,2026-08-22,,,중개거래,개인,개인,
강동구,11740,10800,성내동,428-2,11740-231,파크프라자,,90.96,6,2003,87000,2026-08-11,,,중개거래,개인,개인,
강동구,11740,10800,성내동,428-2,11740-231,파크프라자,,97.53,8,2003,95000,2026-08-27,,,중개거래,개인,개인,
강동구,11740,10800,성내동,434-13,11740-4038,다성이즈빌아파트,,27.15,12,2016,48000,2026-08-13,,,중개거래,개인,개인,
강동구,11740,10800,성내동,434-13,11740-4038,다성이즈빌아파트,,37.56,8,2016,55000,2026-08-06,,,중개거래,개인,개인,26.10.01
강동구,11740,10800,성내동,443-26,11740-2883,광남캐스빌(443-26),,61.7,6,2009,66000,2026-08-14,,,중개거래,개인,개인,
강동구,11740,10800,성내동,444-4,11740-114,강동네스빌,,24.45,5,2002,23300,2026-08-13,,,중개거래,개인,개인,26.09.04
강동구,11740,10800,성내동,468,11740-151,현대토파즈,,226.94,11,1999,240000,2026-08-07,,,중개거래,개인,개인,
강동구,11740,10800,성내동,545-7,11740-4625,집앤사비디아파트,,20.83,6,2019,24000,2026-08-29,,,중개거래,개인,개인,
강동구,11740,10800,성내동,565,11740-128,선광,,59.96,10,1997,81500,2026-08-15,,,중개거래,개인,개인,
강동구,11740,10800,성내동,565,11740-128,선광,,59.96,10,1997,81500,2026-08-15,O,26.09.30,중개거래,개인,개인,
강동구,11740,10800,성내동,590,11740-129,성내동삼성아파트,,59.88,14,1999,145000,2026-08-05,,,중개거래,개인,개인,
강동구,11740,10800,성내동,590,11740-129,성내동삼성아파트,,59.88,18,1999,145000,2026-08-04,,,중개거래,개인,개인,
강동구,11740,10800,성내동,590,11740-129,성내동삼성아파트,,59.88,2,1999,86000,2026-08-03,,,직거래,개인,개인,
강동구,11740,10800,성내동,590,11740-129,성내동삼성아파트,,59.88,6,1999,146000,2026-08-27,,,중개거래,개인,개인,
강동구,11740,10800,성내동,597,11740-266,한솔애리즈2차,,65.5,4,2003,79000,2026-08-14,,,중개거래,개인,개인,
강동구,11740,10800,성내동,597,11740-266,한솔애리즈2차,,65.5,7,2003,85000,2026-08-31,,,중개거래,개인,개인,
강동구,11740,10800,성내동,604,11740-2638,금광포란재,,84.3,10,2007,100000,2026-08-18,,,중개거래,개인,개인,
강동구,11740,10800,성내동,607,11740-4787,라움포레,,59.31,3,2020,90000,2026-08-12,,,중개거래,개인,개인,
강동구,11740,10800,성내동,611,11740-6985,그란츠리버파크,101동,59.98,38,2025,159000,2026-08-21,,,중개거래,개인,개인,26.09.04
강동구,11740,10900,천호동,168-6,11740-184,현대아파트,,44.1,4,1990,76000,2026-08-31,,,중개거래,개인,개인,
강동구,11740,10900,천호동,168-6,11740-184,현대아파트,,60.76,3,1990,99000,2026-08-04,,,중개거래,개인,개인,
강동구,11740,10900,천호동,237,11740-183,한신아파트,,57.84,2,1991,69200,2026-08-04,,,중개거래,개인,개인,
강동구,11740,10900,천호동,291-50,11740-202,천호동이연아마빌레아파트,,65.71,7,2002,59990,2026-08-26,,,중개거래,개인,개인,
강동구,11740,10900,천호동,338-20,11740-342,한건브리앙아파트,,63.21,8,2004,75000,2026-08-14,,,중개거래,개인,개인,
강동구,11740,10900,천호동,362,11740-269,로뎀,,126.48,7,2003,89500,2026-08-28,,,중개거래,개인,개인,
강동구,11740,10900,천호동,37-24,11740-197,베스트빌,,84.75,7,2002,64500,2026-08-31,,,중개거래,개인,개인,26.10.01
강동구,11740,10900,천호동,414,11740-343,두산위브센티움,,31.37,8,2004,17100,2026-08-05,,,중개거래,개인,개인,
강동구,11740,10900,천호동,425-5,11740-2626,대우한강베네시티,,132.44,17,2007,135000,2026-08-07,,,중개거래,개인,개인,
강동구,11740,10900,천호동,427-3,11740-2835,천호엘크루,,144.5,16,2008,147000,2026-08-01,,,중개거래,개인,개인,
강동구,11740,10900,천호동,432-7,11740-4852,아스하임,,12.88,18,2021,16500,2026-08-31,O,26.10.01,중개거래,개인,개인,
강동구,11740,10900,천호동,46-5,11740-174,우정아파트,,59.94,1,1996,66000,2026-08-11,,,중개거래,개인,개인,26.10.06
강동구,11740,10900,천호동,46-5,11740-174,우정아파트,,59.94,1,1996,66000,2026-08-11,O,26.08.27,중개거래,개인,개인,
강동구,11740,10900,천호동,467-11,11740-4353,현진리버파크,,23.26,3,2017,34000,2026-08-06,,,중개거래,개인,개인,26.08.27
강동구,11740,10900,천호동,54-13,11740-367,골드하임(101동),,84.97,4,2005,69000,2026-08-22,,,중개거래,개인,개인,
강동구,11740,10900,천호동,55-25,11740-2607,다성이즈빌아파트(55-25),,84.95,8,2006,83000,2026-08-22,,,중개거래,개인,개인,
강동구,11740,10900,천호동,568,11740-2628,강변그대가리버뷰,,84.99,15,2007,195000,2026-08-10,,,중개거래,개인,개인,
강동구,11740,10900,천호동,571,11740-4289,래미안강동팰리스,,84.97,26,2017,188000,2026-08-01,,,중개거래,개인,개인,
강동구,11740,10900,천호동,571,11740-4289,래미안강동팰리스,,84.97,44,2017,195000,2026-08-06,,,중개거래,개인,개인,
강동구,11740,10900,천호동,571,11740-4289,래미안강동팰리스,,84.97,5,2017,175000,2026-08-28,,,중개거래,개인,개인,
강동구,11740,10900,천호동,571,11740-4289,래미안강동팰리스,102동,84.97,19,2017,181000,2026-08-23,,,중개거래,개인,개인,26.08.28
강동구,11740,11000,강일동,114,11740-4743,강동리버스트4단지,,49.82,22,2020,102000,2026-08-10,,,중개거래,개인,개인,
강동구,11740,11000,강일동,114,11740-4743,강동리버스트4단지,,49.82,8,2020,101000,2026-08-04,,,중개거래,개인,개인,
강동구,11740,11000,강일동,114,11740-4743,강동리버스트4단지,,59.99,4,2020,116700,2026-08-17,,,중개거래,개인,개인,
강동구,11740,11000,강일동,114,11740-4743,강동리버스트4단지,407,59.99,4,2020,116000,2026-08-05,,,중개거래,개인,개인,26.10.01
강동구,11740,11000,강일동,66,11740-4804,강동리버스트8단지,,49.74,18,2021,103800,2026-08-28,,,중개거래,개인,개인,
강동구,11740,11000,강일동,66,11740-4804,강동리버스트8단지,,49.74,4,2021,102000,2026-08-08,,,중개거래,개인,개인,
강동구,11740,11000,강일동,66,11740-4804,강동리버스트8단지,,49.74,6,2021,100000,2026-08-01,,,중개거래,개인,개인,
강동구,11740,11000,강일동,673,11740-2851,강일리버파크4단지,,84.74,9,2009,141300,2026-08-22,,,중개거래,개인,개인,
강동구,11740,11000,강일동,695,11740-2855,강일리버파크10단지,,84.53,10,2009,135000,2026-08-07,,,중개거래,개인,개인,
강동구,11740,11000,강일동,701,11740-2854,강일리버파크8단지,,84.53,10,2009,133000,2026-08-15,,,중개거래,개인,개인,
강동구,11740,11000,강일동,717,11740-3004,고덕리엔파크2단지,,114.97,3,2011,157000,2026-08-06,,,중개거래,개인,개인,
강동구,11740,11000,강일동,717,11740-3004,고덕리엔파크2단지,,59.72,12,2011,133500,2026-08-13,,,중개거래,개인,개인,
강동구,11740,11000,강일동,717,11740-3004,고덕리엔파크2단지,,84.87,6,2011,140000,2026-08-03,,,중개거래,개인,개인,
강동구,11740,11000,강일동,72,11740-5220,힐스테이트리슈빌강일,,84.8935,12,2023,165000,2026-08-20,,,중개거래,개인,개인,
강북구,11305,10100,미아동,1353,11305-6,에스케이북한산시티,,114.85,17,2004,86500,2026-08-12,,,중개거래,개인,개인,
강북구,11305,10100,미아동,1353,11305-6,에스케이북한산시티,,114.85,7,2004,95000,2026-08-05,,,중개거래,개인,개인,
강북구,11305,10100,미아동,1353,11305-6,에스케이북한산시티,,59.98,4,2004,83000,2026-08-05,,,중개거래,개인,개인,
강북구,11305,10100,미아동,1353,11305-6,에스케이북한산시티,,84.71,12,2004,84000,2026-08-05,,,중개거래,개인,개인,
강북구,11305,10100,미아동,1353,11305-6,에스케이북한산시티,,84.71,3,2004,83000,2026-08-18,,,중개거래,개인,개인,
강북구,11305,10100,미아동,1353,11305-6,에스케이북한산시티,,84.76,4,2004,85000,2026-08-29,,,중개거래,개인,개인,
강북구,11305,10100,미아동,1353,11305-6,에스케이북한산시티,,84.76,8,2004,92300,2026-08-13,,,중개거래,개인,개인,
강북구,11305,10100,미아동,1353,11305-6,에스케이북한산시티,,84.86,13,2004,86500,2026-08-07,,,중개거래,개인,개인,
강북구,11305,10100,미아동,1353,11305-6,에스케이북한산시티,,84.92,17,2004,86500,2026-08-01,,,중개거래,개인,개인,
강북구,11305,10100,미아동,1353,11305-6,에스케이북한산시티,115,84.92,15,2004,84500,2026-08-19,,,중개거래,개인,개인,26.10.01
강북구,11305,10100,미아동,1354,11305-13,벽산라이브파크,,59.67,2,2004,63500,2026-08-26,,,중개거래,개인,개인,
강북구,11305,10100,미아동,1354,11305-13,벽산라이브파크,,59.67,20,2004,70000,2026-08-29,,,중개거래,개인,개인,
강북구,11305,10100,미아동,1354,11305-13,벽산라이브파크,,59.67,4,2004,67500,2026-08-08,,,중개거래,개인,개인,
강북구,11305,10100,미아동,1354,11305-13,벽산라이브파크,,84.89,1,2004,73000,2026-08-01,,,중개거래,개인,개인,
강북구,11305,10100,미아동,1354,11305-13,벽산라이브파크,116,59.67,11,2004,59000,2026-08-08,,,중개거래,개인,개인,26.09.30
강북구,11305,10100,미아동,1356,11305-47,경남아너스빌(1356-0),,59.964,3,2003,82000,2026-08-25,,,중개거래,개인,개인,
강북구,11305,10100,미아동,1357,11305-46,삼각산아이원,,59.758,2,2003,81500,2026-08-22,,,중개거래,개인,개인,
강북구,11305,10100,미아동,1357,11305-46,삼각산아이원,,84.705,13,2003,92500,2026-08-28,,,중개거래,개인,개인,
강북구,11305,10100,미아동,1357,11305-46,삼각산아이원,,84.705,9,2003,89200,2026-08-22,,,중개거래,개인,개인,
강북구,11305,10100,미아동,1357,11305-46,삼각산아이원,102,84.705,6,2003,89000,2026-08-01,,,중개거래,개인,개인,26.09.15
강북구,11305,10100,미아동,1358,11305-3672,신일해피트리,,83.72,7,2006,64900,2026-08-15,,,중개거래,개인,개인,
강북구,11305,10100,미아동,1369,11305-5365,꿈의숲해링턴플레이스,,115.61,5,2019,140000,2026-08-23,,,중개거래,개인,개인,
강북구,11305,10100,미아동,1369,11305-5365,꿈의숲해링턴플레이스,,46.68,4,2019,73000,2026-08-28,,,중개거래,개인,개인,
강북구,11305,10100,미아동,1369,11305-5365,꿈의숲해링턴플레이스,,84.67,11,2019,103000,2026-08-10,,,중개거래,개인,개인,
강북구,11305,10100,미아동,1369,11305-5365,꿈의숲해링턴플레이스,,84.67,7,2019,110000,2026-08-23,,,중개거래,개인,개인,
강북구,11305,10100,미아동,1369,11305-5365,꿈의숲해링턴플레이스,102,84.67,4,2019,107500,2026-08-01,,,중개거래,개인,개인,26.09.21
강북구,11305,10100,미아동,1371,11305-5532,꿈의숲한신더휴,,59.9812,8,2022,85000,2026-08-29,,,중개거래,개인,개인,
강북구,11305,10100,미아동,190-2,11305-9,현대(190-2),,84.91,4,1992,67500,2026-08-15,,,중개거래,개인,개인,
강북구,11305,10100,미아동,198-36,11305-1,그린힐빌라트,,148.54,7,1995,80000,2026-08-29,,,중개거래,개인,개인,
강북구,11305,10100,미아동,4,11305-5141,꿈의숲롯데캐슬,,59.99,6,2017,96000,2026-08-22,,,중개거래,개인,개인,
강북구,11305,10100,미아동,474,11305-3667,미아동부센트레빌,,84.93,3,2006,117000,2026-08-12,,,중개거래,개인,개인,
강북구,11305,10100,미아동,561-2,11305-5,현대성우,,84.92,14,1998,62800,2026-08-28,,,중개거래,개인,개인,
강북구,11305,10100,미아동,561-2,11305-5,현대성우,,84.92,17,1998,62000,2026-08-28,,,중개거래,개인,개인,
강북구,11305,10100,미아동,796,11305-3753,경남아너스빌,,81.9853,1,2008,70000,2026-08-01,,,중개거래,개인,개인,
강북구,11305,10100,미아동,796,11305-3753,경남아너스빌,,84.8712,6,2008,77500,2026-08-15,,,중개거래,개인,개인,
강북구,11305,10100,미아동,811,11305-4255,두산위브트레지움,,59.54,9,2011,94000,2026-08-27,,,중개거래,개인,개인,
강북구,11305,10100,미아동,811,11305-4255,두산위브트레지움,,84.95,4,2011,102700,2026-08-18,,,중개거래,개인,개인,
강북구,11305,10100,미아동,811,11305-4255,두산위브트레지움,,84.99,5,2011,97000,2026-08-22,,,중개거래,개인,개인,
강북구,11305,10100,미아동,812,11305-4129,삼성래미안트리베라2단지,,59.38,1,2010,95000,2026-08-01,,,중개거래,개인,개인,
강북구,11305,10100,미아동,812,11305-4129,삼성래미안트리베라2단지,,84.29,13,2010,116000,2026-08-29,,,중개거래,개인,개인,
강북구,11305,10100,미아동,813,11305-4123,래미안트리베라1단지,,84.97,6,2010,114000,2026-08-29,,,중개거래,개인,개인,
강북구,11305,10200,번동,136,11305-21,번동솔그린,,84.6,14,1999,59000,2026-08-01,,,중개거래,개인,개인,
강북구,11305,10200,번동,191,11305-16,기산그린,,59.94,14,2000,41500,2026-08-14,,,중개거래,개인,개인,
강북구,11305,10200,번동,204,11305-20,신원,,84.6,19,2000,58000,2026-08-06,,,중개거래,개인,개인,
강북구,11305,10200,번동,204,11305-20,신원,102,59.96,12,2000,44900,2026-08-27,,,중개거래,개인,개인,26.09.21
강북구,11305,10200,번동,234,11305-25,주공4단지,,49.94,1,1991,46300,2026-08-25,,,중개거래,개인,개인,
강북구,11305,10200,번동,234,11305-25,주공4단지,,49.94,14,1991,47000,2026-08-11,,,중개거래,개인,개인,
강북구,11305,10200,번동,234,11305-25,주공4단지,,59.22,9,1991,54000,2026-08-08,,,중개거래,개인,개인,
강북구,11305,10200,번동,242,11305-24,주공1단지,,41.3,11,1991,59000,2026-08-10,,,중개거래,개인,개인,
강북구,11305,10200,번동,242,11305-24,주공1단지,,41.3,12,1991,56500,2026-08-07,,,중개거래,개인,개인,
강북구,11305,10200,번동,242,11305-24,주공1단지,,41.3,12,1991,60000,2026-08-27,,,중개거래,개인,개인,
강북구,11305,10200,번동,242,11305-24,주공1단지,,41.3,8,1991,61500,2026-08-28,,,중개거래,개인,개인,
강북구,11305,10200,번동,242,11305-24,주공1단지,,49.94,2,1991,70500,2026-08-28,,,중개거래,개인,개인,
강북구,11305,10200,번동,242,11305-24,주공1단지,,79.07,14,1991,83000,2026-08-31,,,중개거래,개인,개인,
강북구,11305,10200,번동,242,11305-24,주공1단지,111,41.3,4,1991,60000,2026-08-20,,,중개거래,개인,개인,26.10.02
강북구,11305,10200,번동,418-3,11305-161,효성네오인텔리안,,81.12,15,2005,64500,2026-08-31,,,중개거래,개인,개인,
강북구,11305,10200,번동,418-3,11305-161,효성네오인텔리안,,81.12,16,2005,66500,2026-08-08,,,중개거래,개인,개인,
강북구,11305,10200,번동,656,11305-15,번동금호어울림,,59.43,4,1998,47500,2026-08-12,,,중개거래,개인,개인,
강북구,11305,10200,번동,657,11305-17,동문,,84.86,3,1998,62000,2026-08-05,,,중개거래,개인,개인,
강북구,11305,10200,번동,658,11305-27,한진,,58.65,12,2000,52000,2026-08-22,,,중개거래,개인,개인,
강북구,11305,10200,번동,760,11305-22,오동공원현대,,84.7848,18,2001,60000,2026-08-06,,,중개거래,개인,개인,
강북구,11305,10200,번동,760,11305-22,오동공원현대,101,117.2775,3,2001,68000,2026-08-06,,,중개거래,개인,개인,26.09.28
강북구,11305,10200,번동,761,11305-4887,센트로힐,,72.7695,4,2015,54500,2026-08-14,,,중개거래,개인,개인,
강북구,11305,10300,수유동,130-43,11305-5443,JKapartment,,49.56,2,2020,36000,2026-08-04,,,중개거래,개인,개인,26.08.07
강북구,11305,10300,수유동,205,11305-33,수유벽산1차,,122.58,6,1993,78000,2026-08-05,,,중개거래,개인,개인,
강북구,11305,10300,수유동,47-23,11305-6578,수유아름채,,20.45,11,2025,26000,2026-08-03,,,직거래,개인,개인,26.08.24
강북구,11305,10300,수유동,47-23,11305-6578,수유아름채,,20.45,9,2025,26000,2026-08-21,,,직거래,개인,개인,26.09.08
강북구,11305,10300,수유동,553-61,11305-31,극동,3,84.99,8,1992,54900,2026-08-01,,,중개거래,개인,개인,26.10.06
강북구,11305,10300,수유동,729,11305-38,수유현대,,51.38,2,2000,44000,2026-08-04,,,중개거래,개인,개인,
강북구,11305,10300,수유동,729,11305-38,수유현대,,59.67,2,2000,43000,2026-08-31,,,중개거래,개인,개인,
강북구,11305,10300,수유동,732,11305-4413,형인휴아름,,62.99,2,2013,44000,2026-08-31,,,중개거래,개인,개인,
강북구,11305,10300,수유동,739,11305-5438,북한산스카이뷰아파트,,56.41,4,2020,40500,2026-08-29,,,중개거래,개인,개인,
강북구,11305,10400,우이동,342,11305-43,대우,,84.93,4,2000,66000,2026-08-11,,,중개거래,개인,개인,
강북구,11305,10400,우이동,342,11305-43,대우,,84.93,4,2000,75500,2026-08-26,,,중개거래,개인,개인,
강북구,11305,10400,우이동,342,11305-43,대우,103,84.93,2,2000,63000,2026-08-07,,,중개거래,개인,개인,26.10.06
강서구,11500,10100,염창동,240-32,11500-3,금호타운,101,59.88,18,1999,60200,2026-08-05,,,직거래,개인,개인,26.08.13
강서구,11500,10100,염창동,242-8,11500-5101,염창동예성그린캐슬,,84.99,12,2005,89000,2026-08-08,,,중개거래,개인,개인,
강서구,11500,10100,염창동,244-2,11500-16,삼성한마음,,59.94,11,1995,102000,2026-08-11,,,중개거래,개인,개인,
강서구,11500,10100,염창동,245-1,11500-5247,이너스내안에201동,,84.74,3,2006,90500,2026-08-03,,,중개거래,개인,개인,
강서구,11500,10100,염창동,248-3,11500-15,삼성하나로,,59.26,1,1994,79500,2026-08-08,,,중개거래,개인,개인,
강서구,11500,10100,염창동,250-1,11500-5621,삼현팰리채,,84.62,5,2008,75000,2026-08-18,,,중개거래,개인,개인,
강서구,11500,10100,염창동,250-3,11500-5856,이너스양화6차,이너스 양화아파트 6차,84.75,4,2009,83000,2026-08-17,,,중개거래,개인,개인,26.09.30
강서구,11500,10100,염창동,258-1,11500-7,동아3,,59.7,8,1999,129500,2026-08-17,,,중개거래,개인,개인,
강서구,11500,10100,염창동,258-1,11500-7,동아3,,59.83,15,1999,133000,2026-08-10,,,중개거래,개인,개인,
강서구,11500,10100,염창동,258-1,11500-7,동아3,,59.83,16,1999,137500,2026-08-13,,,중개거래,개인,개인,
강서구,11500,10100,염창동,262-2,11500-5,대림,,84.87,5,1999,75000,2026-08-29,,,중개거래,개인,개인,
강서구,11500,10100,염창동,263-7,11500-8312,DH팰리스,,53.03,5,2022,67900,2026-08-20,,,중개거래,개인,법인,
강서구,11500,10100,염창동,264-27,11500-17,삼성한아름,,84.9,9,1993,105000,2026-08-07,,,중개거래,개인,개인,
강서구,11500,10100,염창동,268,11500-1,관음삼성,,59.96,6,1997,110000,2026-08-28,,,중개거래,개인,개인,
강서구,11500,10100,염창동,268,11500-1,관음삼성,,59.96,6,1997,110000,2026-08-28,O,26.09.29,중개거래,개인,개인,
강서구,11500,10100,염창동,272-11,11500-464,롯데캐슬,,134.5767,7,2005,173000,2026-08-13,,,중개거래,개인,개인,
강서구,11500,10100,염창동,272-11,11500-464,롯데캐슬,,84.9519,12,2005,155000,2026-08-18,,,중개거래,개인,개인,
강서구,11500,10100,염창동,272-28,11500-224,염창3우성,,84.93,4,1993,108000,2026-08-03,,,중개거래,개인,개인,
강서구,11500,10100,염창동,272-28,11500-224,염창3우성,,84.96,2,1993,101000,2026-08-16,,,중개거래,개인,개인,
강서구,11500,10100,염창동,282,11500-18,삼정그린코아,,84.358,13,2001,137500,2026-08-11,,,중개거래,개인,개인,
강서구,11500,10100,염창동,282-19,11500-5104,현대아이파크,,84.84,2,2005,129000,2026-08-08,,,중개거래,개인,개인,
강서구,11500,10100,염창동,287-1,11500-23,우성2,,84.7,7,1992,127000,2026-08-13,,,중개거래,개인,개인,
강서구,11500,10100,염창동,288,11500-28,현대1,,84.34,2,1994,124000,2026-08-09,,,중개거래,개인,개인,
강서구,11500,10100,염창동,288,11500-28,현대1,101,84.34,3,1994,74000,2026-08-19,,,중개거래,개인,개인,26.10.01
강서구,11500,10100,염창동,288,11500-28,현대1,101,84.34,3,1994,74000,2026-08-19,,,중개거래,개인,개인,26.10.01
강서구,11500,10100,염창동,290,11500-14,벽산늘푸른,,59.97,12,1998,86500,2026-08-10,,,중개거래,개인,개인,
강서구,11500,10100,염창동,290,11500-14,벽산늘푸른,,59.97,13,1998,90000,2026-08-08,,,중개거래,개인,개인,
강서구,11500,10100,염창동,292,11500-6,동아,,114.84,11,1998,147500,2026-08-12,,,중개거래,개인,개인,
강서구,11500,10100,염창동,292,11500-6,동아,,59.97,1,1998,104000,2026-08-08,,,중개거래,개인,개인,
강서구,11500,10100,염창동,292,11500-6,동아,,59.97,7,1998,114000,2026-08-08,,,중개거래,개인,개인,
강서구,11500,10100,염창동,292,11500-6,동아,,84.95,10,1998,125000,2026-08-07,,,중개거래,개인,개인,
강서구,11500,10100,염창동,293,11500-27,한강동아,,59.97,6,1998,106000,2026-08-11,,,중개거래,개인,개인,
강서구,11500,10100,염창동,294,11500-4,길훈,,59.94,9,1999,98000,2026-08-08,,,중개거래,개인,개인,
강서구,11500,10100,염창동,295,11500-20,성원,,84.81,8,2001,122500,2026-08-21,,,중개거래,개인,개인,
강서구,11500,10100,염창동,300,11500-5105,강변한솔솔파크,,84.97,11,2005,140000,2026-08-19,,,중개거래,개인,개인,
강서구,11500,10100,염창동,300,11500-5105,강변한솔솔파크,,84.97,4,2005,130000,2026-08-17,,,중개거래,개인,개인,
강서구,11500,10100,염창동,300,11500-5105,강변한솔솔파크,104,84.97,6,2005,74500,2026-08-07,,,직거래,개인,개인,26.09.10
강서구,11500,10100,염창동,305,11500-5406,염창1차보람더하임,,116.92,6,2008,140000,2026-08-23,,,중개거래,개인,개인,
강서구,11500,10100,염창동,311,11500-8132,등촌제이스카이,101동,28.94,4,2021,36000,2026-08-15,,,중개거래,개인,개인,26.09.18
강서구,11500,10200,등촌동,511-4,11500-8078,등촌퀸즈포디엄삼익,,44.8,9,2020,43000,2026-08-27,,,중개거래,개인,개인,
강서구,11500,10200,등촌동,628-15,11500-39,등촌라인(조합),,59.91,15,1997,100000,2026-08-01,,,중개거래,개인,개인,
강서구,11500,10200,등촌동,630-3,11500-49,우성,,66.9,2,1992,71500,2026-08-07,,,중개거래,개인,개인,
강서구,11500,10200,등촌동,631-9,11500-34,대동황토방,,114.97,7,2000,125000,2026-08-12,,,중개거래,개인,개인,
강서구,11500,10200,등촌동,631-9,11500-34,대동황토방,,84.95,4,2000,108000,2026-08-28,,,중개거래,개인,개인,
강서구,11500,10200,등촌동,634-13,11500-65,심미에셈빌,,82.65,5,2003,74800,2026-08-08,,,중개거래,개인,개인,
강서구,11500,10200,등촌동,634-2,11500-61,한사랑2삼성,,84.96,12,1999,117300,2026-08-08,,,중개거래,개인,개인,
강서구,11500,10200,등촌동,634-2,11500-61,한사랑2삼성,,84.96,12,1999,117300,2026-08-08,O,26.09.30,중개거래,개인,개인,
강서구,11500,10200,등촌동,634-2,11500-61,한사랑2삼성,,84.96,6,1999,113900,2026-08-06,,,중개거래,개인,개인,
강서구,11500,10200,등촌동,634-2,11500-61,한사랑2삼성,205,59.37,3,1999,102000,2026-08-12,,,중개거래,개인,개인,26.10.01
강서구,11500,10200,등촌동,637-22,11500-68,대림아르빌아파트,,84.6,1,2002,79000,2026-08-10,,,중개거래,개인,개인,
강서구,11500,10200,등촌동,638,11500-44,서광등촌마을아파트,,84.93,18,1999,110000,2026-08-10,,,중개거래,개인,개인,
강서구,11500,10200,등촌동,642,11500-52,제일(코오롱),,59.99,9,1999,82500,2026-08-13,,,중개거래,개인,개인,
강서구,11500,10200,등촌동,654-79,11500-7402,풍성애뜨란아파트,,73.03,7,2016,61500,2026-08-07,,,중개거래,개인,개인,
강서구,11500,10200,등촌동,688,11500-55,주공3,301,58.14,10,1995,120000,2026-08-14,,,중개거래,개인,개인,26.09.11
강서구,11500,10200,등촌동,691-1,11500-36,동성,,134.94,15,1995,140000,2026-08-11,,,중개거래,개인,개인,
강서구,11500,10200,등촌동,694,11500-35,대림,,89.975,18,1995,143300,2026-08-06,,,중개거래,개인,개인,
강서구,11500,10200,등촌동,695,11500-56,주공5,,58.14,1,1995,103000,2026-08-06,,,중개거래,개인,개인,
강서구,11500,10200,등촌동,695,11500-56,주공5,507,37.67,6,1995,48000,2026-08-11,,,직거래,개인,개인,26.10.02
강서구,11500,10200,등촌동,701,11500-58,"진로,미주아파트",,84.96,12,1994,115000,2026-08-21,,,중개거래,개인,개인,
강서구,11500,10200,등촌동,702,11500-53,주공10,,37.67,11,1995,82500,2026-08-27,,,중개거래,개인,개인,
강서구,11500,10200,등촌동,702,11500-53,주공10,,58.14,2,1995,107000,2026-08-06,,,중개거래,개인,개인,
강서구,11500,10200,등촌동,702,11500-53,주공10,,58.14,6,1995,112000,2026-08-11,,,중개거래,개인,개인,
강서구,11500,10200,등촌동,702,11500-53,주공10,,58.14,6,1995,113500,2026-08-15,,,중개거래,개인,개인,
강서구,11500,10200,등촌동,702,11500-53,주공10,1004,37.67,13,1995,78500,2026-08-31,,,중개거래,개인,개인,26.10.02
강서구,11500,10200,등촌동,707,11500-57,"등촌7,8단지주공아파트",,41.85,1,1994,76000,2026-08-16,,,중개거래,개인,개인,
강서구,11500,10200,등촌동,707,11500-57,"등촌7,8단지주공아파트",801,41.85,8,1994,81500,2026-08-01,,,중개거래,개인,개인,26.10.01
강서구,11500,10200,등촌동,710,11500-40,보람,,54.26,7,1999,63000,2026-08-28,,,중개거래,개인,개인,
강서구,11500,10200,등촌동,713,11500-229,대동황토방2,,59.96,2,2003,99800,2026-08-08,,,중개거래,개인,개인,
강서구,11500,10200,등촌동,715,11500-263,등촌동아이파크,,119.9031,13,2004,100000,2026-08-22,,,중개거래,개인,개인,
강서구,11500,10200,등촌동,715,11500-263,등촌동아이파크,,134.9883,8,2004,147500,2026-08-12,,,중개거래,개인,개인,
강서구,11500,10200,등촌동,715,11500-263,등촌동아이파크,,165.8299,18,2004,141000,2026-08-07,,,중개거래,개인,개인,
강서구,11500,10200,등촌동,715,11500-263,등촌동아이파크,,84.9958,2,2004,127500,2026-08-13,,,중개거래,개인,개인,
강서구,11500,10200,등촌동,715,11500-263,등촌동아이파크,,84.9958,20,2004,137000,2026-08-20,,,중개거래,개인,개인,
강서구,11500,10200,등촌동,723,11500-8049,등촌파밀리에더클래식201동,,56.5,5,2020,82000,2026-08-24,,,중개거래,개인,개인,
강서구,11500,10200,등촌동,726,11500-8261,가양역두산위브,,64.46,18,2022,124000,2026-08-11,,,중개거래,개인,개인,
강서구,11500,10200,등촌동,727,11500-8462,"등촌지와인아파트,비지니스센터",,59.6202,10,2023,110000,2026-08-10,,,중개거래,개인,개인,
강서구,11500,10200,등촌동,852,11500-10188,등촌센트럴르씨엘,,59.3,2,2026,69700,2026-08-27,,,중개거래,개인,개인,
강서구,11500,10300,화곡동,1018-32,11500-5172,수산동우,,84.32,5,2005,62500,2026-08-19,,,중개거래,개인,개인,
강서구,11500,10300,화곡동,1026-13,11500-3856,우공팰리스102동,,84.7,3,2005,64000,2026-08-07,,,중개거래,개인,개인,
강서구,11500,10300,화곡동,1091,11500-120,화곡푸르지오,,125.021,1,2002,116000,2026-08-19,,,중개거래,개인,개인,
강서구,11500,10300,화곡동,1091,11500-120,화곡푸르지오,,125.021,12,2002,133000,2026-08-14,,,중개거래,개인,개인,
강서구,11500,10300,화곡동,1091,11500-120,화곡푸르지오,,125.021,2,2002,127000,2026-08-22,,,중개거래,개인,개인,
강서구,11500,10300,화곡동,1091,11500-120,화곡푸르지오,,156.876,3,2002,148000,2026-08-22,,,중개거래,개인,개인,
강서구,11500,10300,화곡동,1091,11500-120,화곡푸르지오,,84.94,12,2002,126000,2026-08-06,,,중개거래,개인,개인,
강서구,11500,10300,화곡동,1095-4,11500-6048,강서그랜드아이파크주상복합,,130.17,15,2010,117300,2026-08-19,,,중개거래,개인,개인,
강서구,11500,10300,화곡동,1139,11500-103,초록,,49.77,3,1998,75500,2026-08-10,,,중개거래,개인,개인,
강서구,11500,10300,화곡동,1139,11500-103,초록,,59.51,10,1998,88500,2026-08-07,,,중개거래,개인,개인,
강서구,11500,10300,화곡동,1139,11500-103,초록,,84.07,6,1998,101000,2026-08-10,,,중개거래,개인,개인,
강서구,11500,10300,화곡동,1145,11500-242,우장산롯데캐슬,,85,14,2003,134500,2026-08-01,,,중개거래,개인,개인,
강서구,11500,10300,화곡동,1145,11500-242,우장산롯데캐슬,,85,4,2003,130000,2026-08-17,,,중개거래,개인,개인,
강서구,11500,10300,화곡동,1159,11500-5419,"우장산아이파크,이편한세상",,59.98,16,2008,145500,2026-08-07,,,중개거래,개인,개인,
강서구,11500,10300,화곡동,1159,11500-5419,"우장산아이파크,이편한세상",,59.98,20,2008,142000,2026-08-08,,,중개거래,개인,개인,
강서구,11500,10300,화곡동,1159,11500-5419,"우장산아이파크,이편한세상",,59.98,20,2008,143000,2026-08-08,,,중개거래,개인,개인,
강서구,11500,10300,화곡동,1159,11500-5419,"우장산아이파크,이편한세상",,84.97,1,2008,150000,2026-08-06,,,중개거래,개인,개인,
강서구,11500,10300,화곡동,1159,11500-5419,"우장산아이파크,이편한세상",,84.97,15,2008,154000,2026-08-20,,,중개거래,개인,개인,
강서구,11500,10300,화곡동,1159,11500-5419,"우장산아이파크,이편한세상",,84.97,17,2008,163000,2026-08-08,,,중개거래,개인,개인,
강서구,11500,10300,화곡동,1159,11500-5419,"우장산아이파크,이편한세상",,84.97,7,2008,164000,2026-08-10,,,중개거래,개인,개인,
강서구,11500,10300,화곡동,1159,11500-5419,"우장산아이파크,이편한세상",130,59.98,8,2008,141500,2026-08-13,,,중개거래,개인,개인,26.09.30
강서구,11500,10300,화곡동,1165,11500-6919,강서힐스테이트,,128.81,12,2015,173500,2026-08-19,,,중개거래,개인,개인,
강서구,11500,10300,화곡동,1165,11500-6919,강서힐스테이트,,128.81,12,2015,178500,2026-08-12,,,중개거래,개인,개인,
강서구,11500,10300,화곡동,1165,11500-6919,강서힐스테이트,,152.1,2,2015,174000,2026-08-12,,,중개거래,개인,개인,
강서구,11500,10300,화곡동,1165,11500-6919,강서힐스테이트,,152.1,4,2015,175000,2026-08-20,,,중개거래,개인,개인,
강서구,11500,10300,화곡동,1165,11500-6919,강서힐스테이트,,59.99,2,2015,143000,2026-08-21,,,중개거래,개인,개인,
강서구,11500,10300,화곡동,1165,11500-6919,강서힐스테이트,,84.99,4,2015,155000,2026-08-28,,,중개거래,개인,개인,
강서구,11500,10300,화곡동,1173,11500-8361,우장산숲아이파크,,84.9932,12,2022,159500,2026-08-25,,,중개거래,개인,개인,
강서구,11500,10300,화곡동,351-89,11500-101,중앙화곡하이츠,,56.88,4,1988,50000,2026-08-08,,,중개거래,개인,개인,
강서구,11500,10300,화곡동,351-89,11500-101,중앙화곡하이츠,,74.16,12,1988,55000,2026-08-06,,,중개거래,개인,개인,
강서구,11500,10300,화곡동,351-89,11500-101,중앙화곡하이츠,3,56.88,9,1988,51000,2026-08-01,,,중개거래,개인,개인,26.10.01
강서구,11500,10300,화곡동,899-31,11500-7782,디아인스,,23.93,2,2018,21000,2026-08-22,,,중개거래,개인,개인,
강서구,11500,10300,화곡동,899-4,11500-7666,동양하우징(899-4),1,28.25,13,2017,26000,2026-08-16,,,직거래,개인,개인,26.09.14
강서구,11500,10300,화곡동,900-1,11500-106,해태드림타운,,83.16,5,1997,48000,2026-08-27,,,중개거래,개인,개인,
강서구,11500,10300,화곡동,900-28,11500-7611,에스타워,,27.32,8,2017,21500,2026-08-29,,,중개거래,개인,개인,
강서구,11500,10300,화곡동,900-47,11500-8207,센트럴파크아파트,,48.65,2,2021,48500,2026-08-25,,,직거래,개인,법인,
강서구,11500,10300,화곡동,913-1,11500-80,삼도,A,70.84,9,1999,36800,2026-08-15,,,중개거래,개인,개인,26.10.06
강서구,11500,10300,화곡동,915-39,11500-7730,드림시드아파트,,46.03,8,2018,39000,2026-08-26,,,중개거래,개인,개인,
강서구,11500,10300,화곡동,916-14,11500-6421,승윤노블리안,,80.06,6,2012,52200,2026-08-26,,,중개거래,개인,개인,
강서구,11500,10300,화곡동,916-6,11500-5908,천우네오젠9차,,56.15,8,2009,37000,2026-08-24,,,중개거래,개인,개인,26.09.21
강서구,11500,10300,화곡동,916-9,11500-6678,프라임하우스(916-9),,34.32,5,2013,22200,2026-08-28,,,중개거래,개인,개인,
강서구,11500,10300,화곡동,919-1,11500-332,유림노르웨이숲(919-1),,76.23,4,2004,61500,2026-08-01,,,중개거래,개인,개인,26.09.28
강서구,11500,10300,화곡동,926-3,11500-7954,메종드로제,,33.4,9,2019,19295,2026-08-31,,,직거래,공공기관,기타,26.09.29
강서구,11500,10300,화곡동,926-3,11500-7954,메종드로제,,34.75,9,2019,28000,2026-08-10,,,중개거래,개인,개인,26.10.01
강서구,11500,10300,화곡동,926-3,11500-7954,메종드로제,,57.3,5,2019,42000,2026-08-07,,,중개거래,개인,개인,
강서구,11500,10300,화곡동,926-5,11500-6746,한양아이클래스,,13.79,8,2013,6000,2026-08-24,,,중개거래,개인,개인,26.08.24
강서구,11500,10400,가양동,14-3,11500-144,가양우성,,84.85,15,1990,129000,2026-08-07,,,중개거래,개인,개인,
강서구,11500,10400,가양동,1459,11500-152,동신대아,,101.97,3,1993,137000,2026-08-01,,,중개거래,개인,개인,
강서구,11500,10400,가양동,1460,11500-155,한강타운,,84.99,14,1993,142000,2026-08-18,,,중개거래,개인,개인,
강서구,11500,10400,가양동,1460,11500-155,한강타운,,84.99,9,1993,142000,2026-08-24,,,중개거래,개인,개인,
강서구,11500,10400,가양동,1461,11500-151,가양2단지(성지),,34.44,12,1992,78500,2026-08-28,,,중개거래,개인,개인,
강서구,11500,10400,가양동,1461,11500-151,가양2단지(성지),,34.44,13,1992,76000,2026-08-08,,,중개거래,개인,개인,
강서구,11500,10400,가양동,1461,11500-151,가양2단지(성지),,34.44,13,1992,76000,2026-08-18,,,중개거래,개인,개인,
강서구,11500,10400,가양동,1461,11500-151,가양2단지(성지),,34.44,2,1992,73000,2026-08-01,,,중개거래,개인,개인,
강서구,11500,10400,가양동,1461,11500-151,가양2단지(성지),,34.44,4,1992,76000,2026-08-08,,,중개거래,개인,개인,
강서구,11500,10400,가양동,1461,11500-151,가양2단지(성지),,34.44,6,1992,74000,2026-08-20,,,중개거래,개인,개인,
강서구,11500,10400,가양동,1467,11500-154,중앙하이츠,,119.85,8,1999,120000,2026-08-11,,,중개거래,개인,개인,
강서구,11500,10400,가양동,1474,11500-147,대림경동아파트,,131.4,7,1993,150000,2026-08-25,,,중개거래,개인,개인,
강서구,11500,10400,가양동,1475,11500-146,강변,,34.44,1,1992,66000,2026-08-18,,,중개거래,개인,개인,
강서구,11500,10400,가양동,1475,11500-146,강변,,34.44,11,1992,80300,2026-08-06,,,중개거래,개인,개인,
강서구,11500,10400,가양동,1475,11500-146,강변,,34.44,14,1992,81000,2026-08-08,,,중개거래,개인,개인,
강서구,11500,10400,가양동,1475,11500-146,강변,,39.6,1,1992,77500,2026-08-13,,,중개거래,개인,개인,
강서구,11500,10400,가양동,1475,11500-146,강변,,39.6,14,1992,89800,2026-08-18,,,중개거래,개인,개인,
강서구,11500,10400,가양동,1475,11500-146,강변,,39.6,6,1992,90000,2026-08-07,,,중개거래,개인,개인,
강서구,11500,10400,가양동,1475,11500-146,강변,303,49.5,13,1992,110000,2026-08-01,,,중개거래,개인,개인,26.09.22
강서구,11500,10400,가양동,1485,11500-149,가양6단지,,39.6,14,1992,95000,2026-08-27,,,중개거래,개인,개인,
강서구,11500,10400,가양동,1485,11500-149,가양6단지,,58.65,4,1992,116000,2026-08-17,,,중개거래,개인,개인,
강서구,11500,10400,가양동,1490,11500-150,가양도시개발9-2단지,,39.6,13,1993,80000,2026-08-06,,,중개거래,개인,개인,
강서구,11500,10400,가양동,1490,11500-150,가양도시개발9-2단지,,39.6,6,1993,79500,2026-08-29,,,중개거래,개인,개인,
강서구,11500,10400,가양동,1490,11500-150,가양도시개발9-2단지,,49.5,7,1993,99500,2026-08-12,,,중개거래,개인,개인,
강서구,11500,10400,가양동,1490,11500-150,가양도시개발9-2단지,,49.5,9,1993,105000,2026-08-13,,,중개거래,개인,개인,
강서구,11500,10400,가양동,1497,11500-5212,가양1차보람더하임,,66.37,4,2006,75000,2026-08-03,,,중개거래,개인,개인,
강서구,11500,10400,가양동,1500,11500-6753,강서한강자이,,84.9903,12,2013,160000,2026-08-13,,,중개거래,개인,개인,
강서구,11500,10400,가양동,239-1,11500-5228,디아이빌101동,,83.92,5,2006,67000,2026-08-26,,,중개거래,개인,개인,
강서구,11500,10400,가양동,448-1,11500-143,가양강나루현대,,59.76,6,1999,122500,2026-08-08,,,중개거래,개인,개인,
강서구,11500,10400,가양동,448-1,11500-143,가양강나루현대,109,84.98,5,1999,131500,2026-08-08,,,중개거래,개인,개인,26.10.01
강서구,11500,10400,가양동,448-10,11500-352,보광드림타운,,84.22,15,2003,83000,2026-08-29,,,중개거래,개인,개인,
강서구,11500,10500,마곡동,1171,11500-199,마곡현대아파트,204,59.92,3,1999,72000,2026-08-22,,,중개거래,개인,개인,26.09.28
강서구,11500,10500,마곡동,1171,11500-199,마곡현대아파트,204,59.92,9,1999,72500,2026-08-07,,,중개거래,개인,개인,26.09.10
강서구,11500,10500,마곡동,1252,11500-5165,마곡보타닉경남아너스빌,,59.7672,8,2005,76000,2026-08-12,,,중개거래,개인,개인,
강서구,11500,10500,마곡동,1467,11500-269,마곡우림필유아파트,,84.528,5,2003,108500,2026-08-31,,,중개거래,개인,개인,
강서구,11500,10500,마곡동,1478,11500-198,마곡삼성아파트,,59.95,14,1998,81500,2026-08-18,,,중개거래,개인,개인,
강서구,11500,10500,마곡동,1589,11500-7244,마곡힐스테이트,,84.92,3,2017,163000,2026-08-15,,,중개거래,개인,개인,
강서구,11500,10500,마곡동,1589,11500-7244,마곡힐스테이트,,84.98,1,2017,109500,2026-08-03,O,26.08.13,직거래,개인,개인,
강서구,11500,10500,마곡동,1589,11500-7244,마곡힐스테이트,,84.98,4,2017,166500,2026-08-21,,,중개거래,개인,개인,
강서구,11500,10500,마곡동,1589,11500-7244,마곡힐스테이트,101,84.98,1,2017,109500,2026-08-03,,,직거래,개인,개인,26.08.18
강서구,11500,10500,마곡동,717,11500-5141,마곡금호어울림,,84.948,14,2005,91000,2026-08-11,,,중개거래,개인,개인,
강서구,11500,10500,마곡동,717,11500-5141,마곡금호어울림,,84.948,6,2005,95000,2026-08-17,,,중개거래,개인,개인,
강서구,11500,10500,마곡동,738,11500-6900,마곡엠밸리4단지,,84.56,12,2014,175500,2026-08-13,,,중개거래,개인,개인,
강서구,11500,10500,마곡동,743,11500-6893,마곡엠밸리6단지,,114.98,15,2014,205000,2026-08-29,,,중개거래,개인,개인,
강서구,11500,10500,마곡동,743-4,11500-6892,마곡엠밸리7단지,,114.84,15,2014,240000,2026-08-05,,,중개거래,개인,개인,
강서구,11500,10500,마곡동,744,11500-8142,마곡엠밸리9단지,915동,59.86,13,2021,156000,2026-08-10,,,중개거래,개인,개인,26.10.01
강서구,11500,10500,마곡동,748,11500-7596,마곡13단지힐스테이트마스터,,59.9855,9,2017,166000,2026-08-10,,,중개거래,개인,개인,
강서구,11500,10500,마곡동,748,11500-7596,마곡13단지힐스테이트마스터,,84.9805,10,2017,190000,2026-08-10,,,중개거래,개인,개인,
강서구,11500,10500,마곡동,750,11500-6868,마곡엠벨리(14단지),,84.88,7,2014,172500,2026-08-18,,,중개거래,개인,개인,
강서구,11500,10500,마곡동,750,11500-6868,마곡엠벨리(14단지),,84.95,8,2014,185000,2026-08-25,,,중개거래,개인,개인,
강서구,11500,10500,마곡동,751,11500-6867,마곡엠벨리(15단지),,84.88,5,2014,180000,2026-08-27,,,중개거래,개인,개인,
강서구,11500,10600,내발산동,657,11500-477,우장산힐스테이트,,59.98,13,2005,145000,2026-08-18,,,중개거래,개인,개인,
강서구,11500,10600,내발산동,673-11,11500-5262,청솔숲속마을101동,,80.61,12,2006,90000,2026-08-29,,,중개거래,개인,개인,
강서구,11500,10600,내발산동,686-1,11500-163,보람,,84.03,13,2001,84000,2026-08-11,,,중개거래,개인,개인,
강서구,11500,10600,내발산동,708-14,11500-161,낙원연립재건축조합아파트,,69.96,6,2001,66000,2026-08-14,,,중개거래,개인,개인,
강서구,11500,10600,내발산동,711-6,11500-5412,청솔수(711-6),,84.92,7,2007,79000,2026-08-29,,,중개거래,개인,개인,
강서구,11500,10600,내발산동,711-6,11500-5412,청솔수(711-6),청솔수아파트,75.36,12,2007,50500,2026-08-24,,,직거래,개인,개인,26.08.25
강서구,11500,10600,내발산동,730,11500-226,길성그랑프리텔,,84.99,9,2003,82500,2026-08-28,,,중개거래,개인,개인,
강서구,11500,10600,내발산동,741,11500-5326,마곡수명산파크2단지,,84.68,13,2007,151700,2026-08-03,,,중개거래,개인,개인,
강서구,11500,10600,내발산동,741,11500-5326,마곡수명산파크2단지,,84.75,14,2007,149500,2026-08-17,,,중개거래,개인,개인,
강서구,11500,10600,내발산동,742,11500-5371,마곡수명산파크1단지,,84.68,7,2007,143000,2026-08-14,,,중개거래,개인,개인,
강서구,11500,10600,내발산동,749,11500-5547,마곡수명산파크5단지,,59.76,7,2008,119000,2026-08-14,,,중개거래,개인,개인,
강서구,11500,10600,내발산동,749,11500-5547,마곡수명산파크5단지,,59.84,2,2008,110000,2026-08-16,,,중개거래,개인,개인,
강서구,11500,10600,내발산동,753,11500-5437,마곡수명산파크4단지,,59.84,5,2008,114800,2026-08-01,,,중개거래,개인,개인,
강서구,11500,10600,내발산동,759,11500-5364,마곡수명산파크6단지,,84.68,7,2007,123750,2026-08-27,,,중개거래,개인,개인,
강서구,11500,10800,공항동,1371,11500-185,해태,,59.99,16,2000,72000,2026-08-15,,,중개거래,개인,개인,
강서구,11500,10800,공항동,1398,11500-8519,더트루엘마곡HQ,,48.3293,3,2024,59590,2026-08-07,,,직거래,개인,법인,
강서구,11500,10800,공항동,1398,11500-8519,더트루엘마곡HQ,,48.3293,3,2024,59590,2026-08-15,,,직거래,개인,법인,
강서구,11500,10800,공항동,1398,11500-8519,더트루엘마곡HQ,,48.3293,3,2024,59590,2026-08-20,,,직거래,개인,법인,
강서구,11500,10800,공항동,1398,11500-8519,더트루엘마곡HQ,,48.3293,4,2024,59800,2026-08-09,,,직거래,개인,법인,
강서구,11500,10800,공항동,1398,11500-8519,더트루엘마곡HQ,,48.3293,4,2024,59800,2026-08-09,,,직거래,개인,법인,
강서구,11500,10800,공항동,1398,11500-8519,더트루엘마곡HQ,,48.3293,4,2024,59800,2026-08-14,,,직거래,개인,법인,
강서구,11500,10800,공항동,1398,11500-8519,더트루엘마곡HQ,,48.3293,4,2024,59900,2026-08-29,,,직거래,개인,법인,
강서구,11500,10800,공항동,1398,11500-8519,더트루엘마곡HQ,,48.3293,4,2024,59900,2026-08-30,,,직거래,개인,법인,
강서구,11500,10800,공항동,1398,11500-8519,더트루엘마곡HQ,,48.3293,4,2024,67400,2026-08-29,,,직거래,개인,법인,
강서구,11500,10800,공항동,1398,11500-8519,더트루엘마곡HQ,,48.3293,5,2024,59900,2026-08-30,,,직거래,개인,법인,
강서구,11500,10800,공항동,1398,11500-8519,더트루엘마곡HQ,,48.3293,5,2024,67400,2026-08-25,,,직거래,개인,법인,
강서구,11500,10800,공항동,1398,11500-8519,더트루엘마곡HQ,,48.3293,6,2024,67400,2026-08-13,,,직거래,개인,법인,
강서구,11500,10800,공항동,1398,11500-8519,더트루엘마곡HQ,,48.3293,7,2024,64200,2026-08-05,,,직거래,개인,법인,
강서구,11500,10800,공항동,1398,11500-8519,더트루엘마곡HQ,,48.3293,7,2024,64200,2026-08-08,,,직거래,개인,법인,
강서구,11500,10800,공항동,1398,11500-8519,더트루엘마곡HQ,,48.3293,9,2024,64300,2026-08-16,,,직거래,개인,법인,
강서구,11500,10800,공항동,1398,11500-8519,더트루엘마곡HQ,102,48.3293,6,2024,67400,2026-08-22,,,직거래,개인,법인,26.09.29
강서구,11500,10900,방화동,286-1,11500-214,한미(286-1),,47.22,2,1988,48500,2026-08-22,,,중개거래,개인,개인,
강서구,11500,10900,방화동,286-1,11500-214,한미(286-1),5,47.22,2,1988,50000,2026-08-31,,,중개거래,개인,개인,26.10.02
강서구,11500,10900,방화동,546-1,11500-5164,방화3차우림필유,,59.89,2,2005,62500,2026-08-06,,,중개거래,개인,개인,
강서구,11500,10900,방화동,546-1,11500-5164,방화3차우림필유,,99.62,9,2005,88000,2026-08-12,,,중개거래,개인,개인,
강서구,11500,10900,방화동,546-1,11500-5164,방화3차우림필유,,99.62,9,2005,88000,2026-08-12,O,26.08.24,중개거래,개인,개인,
강서구,11500,10900,방화동,567-4,11500-375,삼정코아,,83.74,12,2004,60000,2026-08-14,,,중개거래,개인,개인,
강서구,11500,10900,방화동,579,11500-376,마곡 한진해모로,,59.92,8,2004,85000,2026-08-25,,,중개거래,개인,개인,
강서구,11500,10900,방화동,579,11500-376,마곡 한진해모로,,81.68,10,2004,87000,2026-08-07,,,중개거래,개인,개인,
강서구,11500,10900,방화동,585-4,11500-201,삼미,,58.29,5,1982,75000,2026-08-27,,,중개거래,개인,개인,
강서구,11500,10900,방화동,614-11,11500-208,원미,,54.75,2,1988,98500,2026-08-12,,,중개거래,개인,개인,
강서구,11500,10900,방화동,793,11500-217,현대,,59.89,3,1993,81800,2026-08-07,,,중개거래,개인,개인,
강서구,11500,10900,방화동,793,11500-217,현대,,84.99,1,1993,81500,2026-08-14,,,중개거래,개인,개인,
강서구,11500,10900,방화동,804,11500-210,방화동진로아파트,,84.96,2,1994,68000,2026-08-07,,,중개거래,개인,개인,
강서구,11500,10900,방화동,814,11500-197,방화5,,33.18,2,1994,50000,2026-08-24,,,중개거래,개인,개인,
강서구,11500,10900,방화동,814,11500-197,방화5,,33.18,7,1994,51800,2026-08-08,,,중개거래,개인,개인,
강서구,11500,10900,방화동,814,11500-197,방화5,,33.18,8,1994,50500,2026-08-12,,,중개거래,개인,개인,
강서구,11500,10900,방화동,814,11500-197,방화5,,39.6,11,1994,63000,2026-08-08,,,중개거래,개인,개인,
강서구,11500,10900,방화동,814,11500-197,방화5,506,33.18,8,1994,53000,2026-08-22,,,중개거래,개인,개인,26.10.01
강서구,11500,10900,방화동,817,11500-194,동성,,84.95,13,1993,92000,2026-08-08,,,중개거래,개인,개인,
강서구,11500,10900,방화동,817,11500-194,동성,102,76.8,12,1993,88000,2026-08-15,,,중개거래,개인,개인,26.09.08
강서구,11500,10900,방화동,817,11500-194,동성,106,64.65,8,1993,87400,2026-08-06,,,중개거래,개인,개인,26.09.22
강서구,11500,10900,방화동,819,11500-186,개화,,101.86,2,1994,93500,2026-08-17,,,중개거래,개인,개인,
강서구,11500,10900,방화동,831,11500-195,방화4단지,,134.61,15,1994,116000,2026-08-08,,,중개거래,개인,개인,
강서구,11500,10900,방화동,831,11500-195,방화4단지,,134.65,11,1994,109800,2026-08-06,,,중개거래,개인,개인,
강서구,11500,10900,방화동,832,11500-196,청솔,,39.36,1,1994,53800,2026-08-14,,,중개거래,개인,개인,
강서구,11500,10900,방화동,832,11500-196,청솔,,39.36,6,1994,57800,2026-08-07,,,중개거래,개인,개인,
강서구,11500,10900,방화동,832,11500-196,청솔,,49.2,4,1994,69900,2026-08-12,,,중개거래,개인,개인,
강서구,11500,10900,방화동,832,11500-196,청솔,302,49.2,12,1994,75000,2026-08-04,,,중개거래,개인,개인,26.10.01
강서구,11500,10900,방화동,839,11500-193,방화그린,,33.6,1,1993,34500,2026-08-15,,,중개거래,개인,개인,
강서구,11500,10900,방화동,839,11500-193,방화그린,,33.6,7,1993,44400,2026-08-08,,,중개거래,개인,개인,
강서구,11500,10900,방화동,839,11500-193,방화그린,,39.76,5,1993,56350,2026-08-11,,,중개거래,개인,개인,
강서구,11500,10900,방화동,841,11500-209,장미,,39.96,9,1994,55000,2026-08-13,,,중개거래,개인,개인,
강서구,11500,10900,방화동,841,11500-209,장미,,49.2,12,1994,69000,2026-08-08,,,중개거래,개인,개인,
강서구,11500,10900,방화동,852,11500-192,마곡중앙하이츠아파트,,51.03,1,1994,70000,2026-08-31,,,중개거래,개인,개인,
강서구,11500,10900,방화동,852,11500-192,마곡중앙하이츠아파트,,51.03,4,1994,70000,2026-08-20,,,중개거래,개인,개인,
강서구,11500,10900,방화동,852,11500-192,마곡중앙하이츠아파트,,59.34,9,1994,75800,2026-08-08,,,중개거래,개인,개인,
강서구,11500,10900,방화동,858,11500-202,삼성꽃마을,,59.99,1,1997,56500,2026-08-15,,,중개거래,개인,개인,
강서구,11500,10900,방화동,858,11500-202,삼성꽃마을,,59.99,1,1997,57000,2026-08-12,,,중개거래,개인,개인,
강서구,11500,10900,방화동,858,11500-202,삼성꽃마을,,59.99,1,1997,57000,2026-08-12,O,26.08.25,중개거래,개인,개인,
강서구,11500,10900,방화동,860,11500-211,마곡서광(치현마을),,59.67,1,1998,54500,2026-08-13,,,중개거래,개인,개인,
강서구,11500,10900,방화동,860,11500-211,마곡서광(치현마을),,84.93,12,1998,76000,2026-08-30,,,중개거래,개인,개인,
강서구,11500,10900,방화동,866,11500-221,청성,,84.6275,9,2002,70000,2026-08-28,,,중개거래,개인,개인,
강서구,11500,10900,방화동,867,11500-484,길성그랑프리텔,,62.65,11,2002,74500,2026-08-05,,,중개거래,개인,개인,
강서구,11500,10900,방화동,868,11500-222,신안네트빌1단지,,114.3032,3,2002,84000,2026-08-14,,,중개거래,개인,개인,
강서구,11500,10900,방화동,868,11500-222,신안네트빌1단지,,84.0164,1,2002,65000,2026-08-18,,,중개거래,개인,개인,
강서구,11500,10900,방화동,870,11500-220,동부센트레빌,,84.96,12,2003,84000,2026-08-15,,,중개거래,개인,개인,
강서구,11500,10900,방화동,870,11500-220,동부센트레빌,102,84.96,11,2003,84000,2026-08-04,,,중개거래,개인,개인,26.10.01
강서구,11500,10900,방화동,871,11500-235,방신서광,,113.3376,9,2003,84000,2026-08-08,,,중개거래,개인,개인,
강서구,11500,10900,방화동,871,11500-235,방신서광,,84.3819,3,2003,71000,2026-08-08,,,중개거래,개인,개인,
강서구,11500,10900,방화동,871,11500-235,방신서광,102,84.3819,2,2003,71500,2026-08-05,,,중개거래,개인,개인,26.10.01
강서구,11500,10900,방화동,873,11500-237,마곡우림1차아파트,,59.901,10,2003,77500,2026-08-28,,,중개거래,개인,개인,
강서구,11500,10900,방화동,873,11500-237,마곡우림1차아파트,,59.901,6,2003,74000,2026-08-19,,,중개거래,개인,개인,
강서구,11500,10900,방화동,874,11500-238,대림e-편한세상,,111.07,2,2003,92000,2026-08-08,,,중개거래,개인,개인,
강서구,11500,10900,방화동,874,11500-238,대림e-편한세상,,84.67,1,2003,80500,2026-08-07,,,중개거래,개인,개인,
강서구,11500,10900,방화동,875,11500-233,방화동동부센트레빌(875번지),,114.99,5,2003,106500,2026-08-30,,,중개거래,개인,개인,
강서구,11500,10900,방화동,878,11500-378,월드메르디앙101동,101,84.93,3,2004,81000,2026-08-10,,,중개거래,개인,개인,26.09.10
강서구,11500,10900,방화동,891,11500-5625,태승훼미리4차,,79.58,1,2008,61000,2026-08-06,,,중개거래,개인,개인,
강서구,11500,10900,방화동,894,11500-5853,강서센트레빌3차(894-0),,72.43,10,2009,100000,2026-08-01,,,중개거래,개인,개인,
강서구,11500,10900,방화동,902,11500-7716,방화메이빌,,44.8323,10,2017,50000,2026-08-25,,,중개거래,개인,개인,
강서구,11500,10900,방화동,902,11500-7716,방화메이빌,,51.8976,3,2017,54800,2026-08-19,,,중개거래,개인,개인,
강서구,11500,10900,방화동,903,11500-7784,신세계아파트,,74.02,3,2018,61000,2026-08-31,,,중개거래,개인,개인,
강서구,11500,10900,방화동,904,11500-8134,신마곡벽산블루밍,,59.9205,2,2020,87500,2026-08-19,,,중개거래,개인,개인,
관악구,11620,10100,봉천동,1000,11620-28,현대(관악),,58.59,5,1992,100000,2026-08-05,,,중개거래,개인,개인,
관악구,11620,10100,봉천동,1000,11620-28,현대(관악),,58.59,5,1992,100000,2026-08-05,O,26.08.10,중개거래,개인,개인,
관악구,11620,10100,봉천동,1000,11620-28,현대(관악),,68.8,14,1992,118000,2026-08-10,,,중개거래,개인,개인,
관악구,11620,10100,봉천동,1000,11620-28,현대(관악),,68.8,4,1992,113000,2026-08-11,,,중개거래,개인,개인,
관악구,11620,10100,봉천동,1000,11620-28,현대(관악),,68.8,9,1992,116000,2026-08-21,,,중개거래,개인,개인,
관악구,11620,10100,봉천동,1021,11620-25,일두(1021),,57.66,1,1985,69000,2026-08-10,,,중개거래,개인,개인,
관악구,11620,10100,봉천동,1526-16,11620-122,봉천두솔,,65.71,2,2003,51500,2026-08-15,,,중개거래,개인,개인,
관악구,11620,10100,봉천동,1531-39,11620-13,무학,,59.38,5,1998,57000,2026-08-18,,,중개거래,개인,개인,
관악구,11620,10100,봉천동,1574-1,11620-4356,생모리츠타운,,84.36,5,2007,65900,2026-08-04,,,중개거래,개인,개인,
관악구,11620,10100,봉천동,1616-11,11620-4362,코스코수,코스코 수 아파트,95.54,6,2007,70000,2026-08-05,,,중개거래,개인,개인,26.09.07
관악구,11620,10100,봉천동,1701,11620-2,건영6,101,59.9,17,1999,92000,2026-08-05,,,중개거래,개인,개인,26.10.06
관악구,11620,10100,봉천동,1703,11620-9,봉천동아,,59.76,12,2000,112500,2026-08-07,,,중개거래,개인,개인,
관악구,11620,10100,봉천동,1706,11620-21,봉천우성,102,114.78,23,2000,124500,2026-08-12,,,중개거래,개인,개인,26.09.15
관악구,11620,10100,봉천동,1707,11620-23,은천1,,84.65,5,2001,94000,2026-08-01,,,중개거래,개인,개인,
관악구,11620,10100,봉천동,1707-1,11620-22,은천2단지아파트,,49.95,3,2000,58000,2026-08-05,,,중개거래,개인,개인,
관악구,11620,10100,봉천동,1707-1,11620-22,은천2단지아파트,,49.95,6,2000,65000,2026-08-11,,,중개거래,개인,개인,
관악구,11620,10100,봉천동,1708,11620-11,두산,,84.73,13,2000,105000,2026-08-01,O,26.08.06,중개거래,개인,개인,
관악구,11620,10100,봉천동,1708,11620-11,두산,,84.92,21,2000,148300,2026-08-07,,,중개거래,개인,개인,
관악구,11620,10100,봉천동,1708,11620-11,두산,103,84.73,13,2000,105000,2026-08-01,,,중개거래,개인,개인,26.10.02
관악구,11620,10100,봉천동,1712,11620-4,관악드림(동아),,114.75,15,2003,135000,2026-08-31,,,중개거래,개인,개인,
관악구,11620,10100,봉천동,1712,11620-4,관악드림(동아),,114.75,17,2003,145000,2026-08-30,,,중개거래,개인,개인,
관악구,11620,10100,봉천동,1712,11620-4,관악드림(동아),,114.75,8,2003,136500,2026-08-17,,,중개거래,개인,개인,
관악구,11620,10100,봉천동,1712,11620-4,관악드림(동아),,114.75,9,2003,138000,2026-08-11,,,중개거래,개인,개인,
관악구,11620,10100,봉천동,1712,11620-4,관악드림(동아),,60,12,2003,124500,2026-08-28,,,중개거래,개인,개인,
관악구,11620,10100,봉천동,1712,11620-4,관악드림(동아),,84.96,16,2003,130200,2026-08-07,,,중개거래,개인,개인,
관악구,11620,10100,봉천동,1712,11620-4,관악드림(동아),,84.96,22,2003,133500,2026-08-10,,,중개거래,개인,개인,
관악구,11620,10100,봉천동,1712,11620-5,관악드림(삼성),,60,6,2003,120000,2026-08-22,,,중개거래,개인,개인,
관악구,11620,10100,봉천동,1712,11620-5,관악드림(삼성),,84.96,22,2003,133500,2026-08-08,,,중개거래,개인,개인,
관악구,11620,10100,봉천동,1717,11620-102,관악푸르지오,,59.58,21,2004,121500,2026-08-29,,,중개거래,개인,개인,
관악구,11620,10100,봉천동,1717,11620-102,관악푸르지오,,84.2,16,2004,134000,2026-08-16,,,중개거래,개인,개인,
관악구,11620,10100,봉천동,1717,11620-102,관악푸르지오,,84.75,1,2004,117000,2026-08-09,,,중개거래,개인,개인,
관악구,11620,10100,봉천동,1718,11620-95,벽산블루밍,,59.99,1,2005,94000,2026-08-08,,,중개거래,개인,개인,
관악구,11620,10100,봉천동,1718,11620-95,벽산블루밍,,59.99,15,2005,109500,2026-08-07,,,중개거래,개인,개인,
관악구,11620,10100,봉천동,1718,11620-95,벽산블루밍,,59.99,17,2005,110500,2026-08-28,,,중개거래,개인,개인,
관악구,11620,10100,봉천동,1718,11620-95,벽산블루밍,,59.99,8,2005,109500,2026-08-07,,,중개거래,개인,개인,
관악구,11620,10100,봉천동,1718,11620-95,벽산블루밍,,59.99,9,2005,113500,2026-08-30,,,중개거래,개인,개인,
관악구,11620,10100,봉천동,1718,11620-95,벽산블루밍,,84.99,22,2005,130500,2026-08-08,,,중개거래,개인,개인,
관악구,11620,10100,봉천동,1719,11620-144,관악동부센트레빌,,113.83,10,2004,138000,2026-08-22,,,중개거래,개인,개인,
관악구,11620,10100,봉천동,1719,11620-144,관악동부센트레빌,,59.75,6,2004,121000,2026-08-22,,,중개거래,개인,개인,
관악구,11620,10100,봉천동,1719,11620-144,관악동부센트레빌,,84.7,10,2004,129500,2026-08-04,,,중개거래,개인,개인,
관악구,11620,10100,봉천동,1721,11620-181,브라운스톤관악,,114.98,6,2005,125000,2026-08-08,,,중개거래,개인,개인,
관악구,11620,10100,봉천동,1723,11620-4231,반석푸른숲,,58.67,9,2006,68000,2026-08-08,,,중개거래,개인,개인,
관악구,11620,10100,봉천동,1729,11620-5206,서희스타힐스,,59.82,4,2015,78000,2026-08-26,,,중개거래,개인,개인,
관악구,11620,10100,봉천동,1733,11620-5987,e편한세상서울대입구2차,,84.31,13,2020,155000,2026-08-08,,,중개거래,개인,개인,
관악구,11620,10100,봉천동,1733,11620-5987,e편한세상서울대입구2차,,84.31,5,2020,150000,2026-08-07,,,중개거래,개인,개인,
관악구,11620,10100,봉천동,1733,11620-5987,e편한세상서울대입구2차,,84.31,8,2020,158000,2026-08-29,,,중개거래,개인,개인,
관악구,11620,10100,봉천동,1737,11620-6102,관악중앙하이츠포레,,46.6783,2,2022,58000,2026-08-08,,,중개거래,개인,개인,
관악구,11620,10100,봉천동,179-58,11620-29,낙성대현대아파트,,61.74,12,1988,79000,2026-08-03,,,중개거래,개인,개인,
관악구,11620,10100,봉천동,296,11620-7,낙성대현대(296),,59.78,5,1998,83000,2026-08-14,,,중개거래,개인,개인,
관악구,11620,10100,봉천동,645-87,11620-15,복권,,47.61,3,1971,31000,2026-08-23,,,중개거래,개인,개인,
관악구,11620,10100,봉천동,645-87,11620-15,복권,,47.61,3,1971,31000,2026-08-23,O,26.09.23,중개거래,개인,개인,
관악구,11620,10100,봉천동,859-17,11620-4558,관악위버폴리스,,107.08,7,2010,104500,2026-08-19,,,중개거래,개인,개인,
관악구,11620,10100,봉천동,863-9,11620-4792,코스모블루,,14.47,8,2012,10000,2026-08-11,,,직거래,개인,개인,26.08.12
관악구,11620,10100,봉천동,867-12,11620-4853,프라비다2,,20.45,6,2013,16000,2026-08-31,,,직거래,개인,개인,
관악구,11620,10200,신림동,1425-4,11620-4732,코스모그린,,12.21,5,2012,9500,2026-08-28,,,중개거래,개인,개인,
관악구,11620,10200,신림동,1425-4,11620-4732,코스모그린,,12.21,7,2012,8700,2026-08-15,,,중개거래,개인,개인,26.08.31
관악구,11620,10200,신림동,1433-55,11620-5002,프라비다트라움,,14.05,10,2013,10200,2026-08-07,,,중개거래,개인,개인,26.10.01
관악구,11620,10200,신림동,1433-55,11620-5002,프라비다트라움,,14.06,3,2013,8700,2026-08-31,,,중개거래,개인,개인,26.08.31
관악구,11620,10200,신림동,1433-55,11620-5002,프라비다트라움,,14.06,9,2013,10500,2026-08-10,,,중개거래,개인,개인,26.08.18
관악구,11620,10200,신림동,1559-19,11620-147,상목에버빌B,,81.595,4,2004,52500,2026-08-08,,,중개거래,개인,개인,26.09.14
관악구,11620,10200,신림동,1559-19,11620-147,상목에버빌B,,84.31,6,2004,55000,2026-08-06,,,중개거래,개인,개인,26.08.31
관악구,11620,10200,신림동,1580-3,11620-76,태성,,73,2,2002,45000,2026-08-24,,,중개거래,개인,개인,
관악구,11620,10200,신림동,1639-51,11620-5091,푸리마타운,1,12.25,18,2014,10500,2026-08-28,,,중개거래,개인,개인,26.09.22
관악구,11620,10200,신림동,1655-17,11620-6063,G밸리마인드,,14.96,11,2021,19000,2026-08-29,,,중개거래,개인,개인,26.10.02
관악구,11620,10200,신림동,1693,11620-43,국제산장,,84.15,9,1993,53000,2026-08-10,O,26.08.12,중개거래,개인,개인,
관악구,11620,10200,신림동,1693,11620-43,국제산장,105,84.15,9,1993,53000,2026-08-10,,,중개거래,개인,개인,26.09.11
관악구,11620,10200,신림동,1694,11620-58,신림현대,,105.36,12,1993,90000,2026-08-11,,,중개거래,개인,개인,
관악구,11620,10200,신림동,1694,11620-58,신림현대,,119.49,10,1993,87000,2026-08-22,,,중개거래,개인,개인,
관악구,11620,10200,신림동,1694,11620-58,신림현대,,34.86,15,1993,49000,2026-08-29,,,중개거래,개인,개인,
관악구,11620,10200,신림동,1694,11620-58,신림현대,,34.86,2,1993,41000,2026-08-10,,,중개거래,개인,개인,
관악구,11620,10200,신림동,1694,11620-58,신림현대,,34.86,4,1993,44400,2026-08-28,,,중개거래,개인,개인,
관악구,11620,10200,신림동,1694,11620-58,신림현대,,34.86,7,1993,45800,2026-08-22,,,중개거래,개인,개인,
관악구,11620,10200,신림동,1694,11620-58,신림현대,,59.85,3,1993,74500,2026-08-05,,,중개거래,개인,개인,
관악구,11620,10200,신림동,1694,11620-58,신림현대,,59.85,3,1993,74500,2026-08-05,O,26.09.01,중개거래,개인,개인,
관악구,11620,10200,신림동,1694,11620-58,신림현대,,59.85,8,1993,76000,2026-08-05,,,중개거래,개인,개인,
관악구,11620,10200,신림동,1694,11620-58,신림현대,,82.2,10,1993,86000,2026-08-29,,,중개거래,개인,개인,
관악구,11620,10200,신림동,1694,11620-58,신림현대,,82.2,10,1993,88500,2026-08-06,,,중개거래,개인,개인,
관악구,11620,10200,신림동,1703-1,11620-39,LIG대학마을(건영아파트3차),,58.9,12,1996,62500,2026-08-08,,,중개거래,개인,개인,
관악구,11620,10200,신림동,1703-1,11620-39,LIG대학마을(건영아파트3차),,84.82,1,1996,71000,2026-08-22,,,중개거래,개인,개인,
관악구,11620,10200,신림동,1703-1,11620-39,LIG대학마을(건영아파트3차),,84.82,15,1996,77000,2026-08-25,,,중개거래,개인,개인,
관악구,11620,10200,신림동,1703-1,11620-39,LIG대학마을(건영아파트3차),,84.82,7,1996,75000,2026-08-31,,,중개거래,개인,개인,
관악구,11620,10200,신림동,1703-1,11620-39,LIG대학마을(건영아파트3차),,84.82,8,1996,74300,2026-08-24,,,중개거래,개인,개인,
관악구,11620,10200,신림동,1703-1,11620-39,LIG대학마을(건영아파트3차),3,84.82,9,1996,72000,2026-08-02,,,중개거래,개인,개인,26.08.13
관악구,11620,10200,신림동,1704-1,11620-63,주공1,,59.5,16,1995,47200,2026-08-27,,,중개거래,개인,개인,
관악구,11620,10200,신림동,1704-1,11620-63,주공1,107,59.5,15,1995,47300,2026-08-11,,,중개거래,개인,개인,26.10.01
관악구,11620,10200,신림동,1706,11620-45,금호2,,59.96,14,1998,63300,2026-08-31,,,중개거래,개인,개인,
관악구,11620,10200,신림동,1712,11620-65,초원,,59.93,15,1999,41700,2026-08-12,,,중개거래,개인,개인,
관악구,11620,10200,신림동,1714,11620-54,삼성산주공(주공3단지),,83.21,4,2000,64000,2026-08-12,,,중개거래,개인,개인,
관악구,11620,10200,신림동,1714,11620-54,삼성산주공(주공3단지),,83.21,5,2000,64000,2026-08-08,,,중개거래,개인,개인,
관악구,11620,10200,신림동,1714,11620-54,삼성산주공(주공3단지),309,113.31,13,2000,75000,2026-08-21,,,중개거래,개인,개인,26.08.24
관악구,11620,10200,신림동,1715,11620-61,우방,,59.74,22,1999,60000,2026-08-22,,,중개거래,개인,개인,
관악구,11620,10200,신림동,1719,11620-74,우민조원,,73.36,1,2003,64000,2026-08-21,,,중개거래,개인,개인,
관악구,11620,10200,신림동,1725,11620-99,로마,,77.71,5,2003,68000,2026-08-21,,,중개거래,개인,개인,
관악구,11620,10200,신림동,1728,11620-105,제창그로힐,,84.23,2,2004,73000,2026-08-13,,,중개거래,개인,개인,
관악구,11620,10200,신림동,1730,11620-183,신림푸르지오,,138.64,2,2005,113500,2026-08-22,,,중개거래,개인,개인,
관악구,11620,10200,신림동,1730,11620-183,신림푸르지오,,138.74,19,2005,127500,2026-08-11,,,중개거래,개인,개인,
관악구,11620,10200,신림동,1730,11620-183,신림푸르지오,,138.74,2,2005,125000,2026-08-09,,,중개거래,개인,개인,
관악구,11620,10200,신림동,1730,11620-183,신림푸르지오,,84.79,18,2005,117000,2026-08-29,,,중개거래,개인,개인,
관악구,11620,10200,신림동,1730,11620-183,신림푸르지오,,84.79,23,2005,113000,2026-08-22,,,중개거래,개인,개인,
관악구,11620,10200,신림동,1730,11620-183,신림푸르지오,,84.79,7,2005,117000,2026-08-31,,,중개거래,개인,개인,
관악구,11620,10200,신림동,1730,11620-183,신림푸르지오,,84.87,18,2005,109000,2026-08-08,,,중개거래,개인,개인,
관악구,11620,10200,신림동,1735,11620-4347,관악산휴먼시아2단지,,114.7,2,2008,76500,2026-08-15,,,중개거래,개인,개인,
관악구,11620,10200,신림동,1735,11620-4347,관악산휴먼시아2단지,,59.96,16,2008,69000,2026-08-15,,,중개거래,개인,개인,
관악구,11620,10200,신림동,1735,11620-4347,관악산휴먼시아2단지,,59.99,20,2008,69000,2026-08-27,,,중개거래,개인,개인,
관악구,11620,10200,신림동,1735,11620-4347,관악산휴먼시아2단지,,84.97,16,2008,77900,2026-08-25,,,중개거래,개인,개인,
관악구,11620,10200,신림동,1735,11620-4347,관악산휴먼시아2단지,,84.97,18,2008,74500,2026-08-21,,,중개거래,개인,개인,
관악구,11620,10200,신림동,1735,11620-4347,관악산휴먼시아2단지,218,114.7,19,2008,82000,2026-08-15,,,중개거래,개인,개인,26.08.31
관악구,11620,10200,신림동,1735-1,11620-4348,관악산휴먼시아1단지,101,84.97,2,2008,73500,2026-08-01,,,중개거래,개인,개인,26.09.14
관악구,11620,10200,신림동,1735-1,11620-4348,관악산휴먼시아1단지,106,59.96,5,2008,66500,2026-08-01,,,중개거래,개인,개인,26.09.14
관악구,11620,10200,신림동,1736,11620-4349,신림2차푸르지오,,84.8098,10,2007,75100,2026-08-11,,,중개거래,개인,개인,
관악구,11620,10200,신림동,1746,11620-6128,힐스테이트뉴포레,,59.9882,26,2022,138000,2026-08-29,,,중개거래,개인,개인,
관악구,11620,10200,신림동,1746,11620-6128,힐스테이트뉴포레,,59.9882,29,2022,138000,2026-08-08,,,중개거래,개인,개인,
관악구,11620,10200,신림동,1746,11620-6128,힐스테이트뉴포레,,59.9882,35,2022,142000,2026-08-29,,,중개거래,개인,개인,
관악구,11620,10200,신림동,1746,11620-6128,힐스테이트뉴포레,106,59.9882,14,2022,135000,2026-08-20,,,중개거래,개인,개인,26.09.16
관악구,11620,10200,신림동,255-189,11620-69,현대,,84.22,7,1991,52000,2026-08-06,,,중개거래,개인,개인,
관악구,11620,10200,신림동,746-43,11620-37,건영1,,74.22,8,1984,79000,2026-08-24,,,중개거래,개인,개인,
관악구,11620,10200,신림동,763,11620-70,한라타운아파트,,78.0386,8,2001,61000,2026-08-31,,,중개거래,개인,개인,
관악구,11620,10200,신림동,763,11620-70,한라타운아파트,,78.0386,8,2001,61000,2026-08-31,O,26.09.03,중개거래,개인,개인,
관악구,11620,10200,신림동,산28-9,11620-57,신동아,,84.3,8,1994,50000,2026-08-30,,,중개거래,개인,개인,
관악구,11620,10300,남현동,1054-42,11620-171,남현현대아이빌라,,79.14,3,2002,55000,2026-08-30,,,중개거래,개인,개인,
관악구,11620,10300,남현동,1134,11620-91,예성2차그린캐슬,,84.17,8,2004,92500,2026-08-06,,,중개거래,개인,개인,
광진구,11215,10100,중곡동,133-7,11215-174,대영1동,,84.7,3,2001,77000,2026-08-18,,,중개거래,개인,개인,
광진구,11215,10100,중곡동,186-9,11215-4380,삼성베스트빌(31차),동명없음,47.24,8,2018,49000,2026-08-28,,,중개거래,개인,개인,26.09.22
광진구,11215,10100,중곡동,190-26,11215-100,중곡2단지,,55.87,1,1976,65000,2026-08-28,O,26.09.03,중개거래,개인,개인,
광진구,11215,10100,중곡동,190-26,11215-100,중곡2단지,7,55.87,1,1976,65000,2026-08-28,,,중개거래,개인,개인,26.09.22
광진구,11215,10100,중곡동,190-29,11215-4838,엘림퍼스트중곡동,,54.13,5,2021,55000,2026-08-14,,,중개거래,개인,개인,
광진구,11215,10100,중곡동,190-29,11215-4838,엘림퍼스트중곡동,,55.06,5,2021,55000,2026-08-14,,,중개거래,개인,개인,
광진구,11215,10100,중곡동,190-29,11215-4838,엘림퍼스트중곡동,,55.06,6,2021,56500,2026-08-12,,,중개거래,개인,개인,
광진구,11215,10100,중곡동,191-77,11215-88,중곡1단지,,57.88,1,1976,62000,2026-08-12,,,중개거래,개인,개인,
광진구,11215,10100,중곡동,699,11215-3170,욱현하이브Ⅲ,,18.12,4,2012,15300,2026-08-13,,,중개거래,개인,개인,26.08.14
광진구,11215,10300,구의동,231-18,11215-4906,현대팰리스,1,55.64,5,2022,58800,2026-08-24,,,직거래,개인,법인,26.09.21
광진구,11215,10300,구의동,560-15,11215-179,청목파크빌,,83.93,4,2001,56000,2026-08-11,,,중개거래,개인,개인,
광진구,11215,10300,구의동,59-1,11215-4954,스타파크,,55.34,4,2022,82000,2026-08-29,,,중개거래,개인,개인,
광진구,11215,10300,구의동,631-1,11215-33,현대프라임,,59.82,28,1997,186000,2026-08-01,,,중개거래,개인,개인,
광진구,11215,10300,구의동,656,11215-30,새한,,84.91,2,2000,130000,2026-08-29,O,26.10.07,중개거래,개인,개인,
광진구,11215,10300,구의동,662,11215-2781,아차산한라아파트,,60.39,6,2009,74000,2026-08-11,,,중개거래,개인,개인,
광진구,11215,10300,구의동,668,11215-4466,래미안파크스위트,,59.98,5,2018,166000,2026-08-13,,,중개거래,개인,개인,
광진구,11215,10300,구의동,668,11215-4466,래미안파크스위트,,84.98,3,2018,200000,2026-08-12,,,중개거래,개인,개인,
광진구,11215,10300,구의동,682,11215-5035,광진파크하우스,,44.2079,2,2023,74000,2026-08-19,,,중개거래,개인,법인,
광진구,11215,10400,광장동,218-1,11215-4,극동2,,84.55,10,1989,254500,2026-08-11,,,중개거래,개인,개인,
광진구,11215,10400,광장동,218-1,11215-4,극동2,11,84.55,8,1989,201000,2026-08-11,,,중개거래,개인,개인,26.09.30
광진구,11215,10400,광장동,530-1,11215-5187,광장르엣지29,,71.22,15,2024,125460,2026-08-14,,,직거래,개인,개인,
광진구,11215,10400,광장동,554-7,11215-17,현대5,501,74.88,14,1989,166000,2026-08-06,,,중개거래,개인,개인,26.09.21
광진구,11215,10400,광장동,566,11215-14,청구,,84.86,23,1996,200000,2026-08-31,,,중개거래,개인,개인,
광진구,11215,10400,광장동,576,11215-2,광장현대9단지,,59.97,14,1999,187000,2026-08-01,,,중개거래,개인,개인,
광진구,11215,10400,광장동,576,11215-2,광장현대9단지,,84.96,6,1999,214000,2026-08-01,,,중개거래,개인,개인,
광진구,11215,10400,광장동,582,11215-3062,광장힐스테이트,,131.96,3,2012,335000,2026-08-01,,,중개거래,개인,개인,
광진구,11215,10500,자양동,227-7,11215-2478,더샵스타시티,,127.95,52,2007,267000,2026-08-14,,,중개거래,개인,개인,
광진구,11215,10500,자양동,520-2,11215-56,우성2,,64.79,10,1989,156000,2026-08-19,,,중개거래,개인,개인,
광진구,11215,10500,자양동,579,11215-55,우성1,,59.91,3,1988,150000,2026-08-11,,,중개거래,개인,개인,
광진구,11215,10500,자양동,579,11215-55,우성1,,59.91,4,1988,155000,2026-08-19,,,중개거래,개인,개인,
광진구,11215,10500,자양동,670,11215-73,현대3,,84.9,10,1996,180000,2026-08-11,,,중개거래,개인,개인,
광진구,11215,10500,자양동,670,11215-73,현대3,,84.9,4,1996,173000,2026-08-07,,,중개거래,개인,개인,
광진구,11215,10500,자양동,670,11215-73,현대3,,84.9,4,1996,173000,2026-08-07,O,26.10.01,중개거래,개인,개인,
광진구,11215,10500,자양동,673,11215-76,현대강변,,82.08,11,1991,160000,2026-08-08,,,중개거래,개인,개인,
광진구,11215,10500,자양동,762,11215-70,한라아파트,,84.6,4,1996,163500,2026-08-06,,,중개거래,개인,개인,
광진구,11215,10500,자양동,783-1,11215-64,자양우성7,,84.93,6,1998,187500,2026-08-12,,,중개거래,개인,개인,
광진구,11215,10500,자양동,810,11215-2392,자양힐101동,,82.75,4,2005,93000,2026-08-05,,,중개거래,개인,개인,
광진구,11215,10500,자양동,854,11215-2457,광진트라팰리스,,84.96,15,2006,240000,2026-08-22,,,중개거래,개인,개인,
광진구,11215,10500,자양동,859,11215-4343,래미안프리미어팰리스,,84.92,11,2017,178000,2026-08-26,,,중개거래,개인,개인,
광진구,11215,10500,자양동,860,11215-4511,테라팰리스건대2차,,56.4,5,2018,103800,2026-08-28,,,중개거래,개인,개인,
광진구,11215,10500,자양동,860,11215-4511,테라팰리스건대2차,102,57.3,9,2018,100000,2026-08-01,,,중개거래,개인,개인,26.09.22
광진구,11215,10700,화양동,113-1,11215-3509,광진코지웰,,13.83,8,2014,14300,2026-08-01,,,중개거래,개인,개인,26.08.25
광진구,11215,10700,화양동,21-2,11215-2471,브라운스톤,,65.09,14,2006,75000,2026-08-31,,,중개거래,개인,개인,
광진구,11215,10700,화양동,21-2,11215-2471,브라운스톤,,78.44,6,2006,84000,2026-08-14,O,26.09.16,중개거래,개인,개인,
광진구,11215,10700,화양동,21-2,11215-2471,브라운스톤,브라운스톤 화양,78.44,6,2006,84000,2026-08-14,,,중개거래,개인,개인,26.09.30
광진구,11215,10700,화양동,530,11215-4313,씨즈건대힐스,,14.23,7,2017,15500,2026-08-20,,,중개거래,개인,개인,26.09.09
광진구,11215,10900,군자동,346-18,11215-138,홍익봄마을(101동),,84.52,5,2004,80000,2026-08-30,,,중개거래,개인,개인,
광진구,11215,10900,군자동,360-20,11215-2576,광진동양파라곤1단지,광진동양파라곤1단지102동,124.65,14,2008,140000,2026-08-03,,,직거래,개인,개인,26.08.27
광진구,11215,10900,군자동,503,11215-2656,광진We’vePark,,129.37,16,2008,148000,2026-08-29,,,중개거래,개인,개인,
광진구,11215,10900,군자동,99,11215-41,일성파크,,114.86,14,1996,127500,2026-08-22,,,중개거래,개인,개인,
구로구,11530,10100,신도림동,290,11530-133,미성,,52.45,3,1987,89000,2026-08-17,,,중개거래,개인,개인,
구로구,11530,10100,신도림동,412-3,11530-3233,신도림팰러티움,,84.95,15,2006,83600,2026-08-26,,,중개거래,개인,개인,
구로구,11530,10100,신도림동,637,11530-141,우성3,,84.75,11,1993,139700,2026-08-06,,,중개거래,개인,개인,
구로구,11530,10100,신도림동,639,11530-140,우성2,,84.82,11,1996,126000,2026-08-10,,,중개거래,개인,개인,
구로구,11530,10100,신도림동,639,11530-140,우성2,,84.82,14,1996,126500,2026-08-27,,,중개거래,개인,개인,
구로구,11530,10100,신도림동,640,11530-134,신성은하수,,84.97,3,1997,110000,2026-08-13,,,중개거래,개인,개인,
구로구,11530,10100,신도림동,642,11530-127,대림1,,134.99,21,1999,167500,2026-08-14,,,중개거래,개인,개인,
구로구,11530,10100,신도림동,642,11530-128,대림2,,59.88,15,2001,134800,2026-08-06,,,중개거래,개인,개인,
구로구,11530,10100,신도림동,646,11530-163,대림e-편한세상4,,152.07,9,2003,235000,2026-08-21,,,중개거래,개인,개인,
구로구,11530,10100,신도림동,646,11530-163,대림e-편한세상4,,84.78,16,2003,189000,2026-08-12,,,중개거래,개인,개인,
구로구,11530,10100,신도림동,649,11530-168,대림e-편한세상7,,84.928,12,2004,157000,2026-08-07,,,중개거래,개인,개인,
구로구,11530,10100,신도림동,649,11530-168,대림e-편한세상7,,84.928,6,2004,160000,2026-08-15,,,중개거래,개인,개인,
구로구,11530,10100,신도림동,692,11530-3480,디큐브시티,,59.88,4,2011,108500,2026-08-28,,,중개거래,개인,개인,
구로구,11530,10100,신도림동,692,11530-3480,디큐브시티,아파트,59.95,8,2011,118000,2026-08-08,,,중개거래,개인,개인,26.09.17
구로구,11530,10200,구로동,104-3,11530-3783,해담채3,그린플러스 구로 해담채3,13.39,12,2014,8800,2026-08-14,,,중개거래,개인,개인,26.08.20
구로구,11530,10200,구로동,104-9,11530-43,성호메이플라워멤버스빌,,41.4,9,2002,21000,2026-08-17,,,중개거래,개인,개인,26.09.18
구로구,11530,10200,구로동,106-10,11530-145,순영웰라이빌1차,,59.5,16,2003,51500,2026-08-21,,,중개거래,개인,개인,
구로구,11530,10200,구로동,106-10,11530-145,순영웰라이빌1차,,59.5,8,2003,50000,2026-08-08,,,중개거래,개인,개인,
구로구,11530,10200,구로동,106-2,11530-3957,대림역포스큐,,14.579,20,2015,8800,2026-08-25,,,중개거래,개인,개인,26.08.31
구로구,11530,10200,구로동,108-2,11530-15,새솔금호,,59.9,12,1996,52500,2026-08-28,,,중개거래,개인,개인,
구로구,11530,10200,구로동,108-2,11530-15,새솔금호,,59.9,14,1996,50500,2026-08-29,,,중개거래,개인,개인,
구로구,11530,10200,구로동,108-2,11530-15,새솔금호,,84.89,9,1996,62000,2026-08-22,,,중개거래,개인,개인,26.09.29
구로구,11530,10200,구로동,110-10,11530-170,효성,,81.6933,13,2000,51800,2026-08-24,,,중개거래,개인,개인,
구로구,11530,10200,구로동,110-10,11530-170,효성,,81.6933,8,2000,60000,2026-08-27,,,중개거래,개인,개인,
구로구,11530,10200,구로동,110-4,11530-8,도림두산베어스타워,,82.73,25,1997,54000,2026-08-15,,,중개거래,개인,개인,
구로구,11530,10200,구로동,1259,11530-1,구일우성,,114.47,12,1998,87000,2026-08-20,,,중개거래,개인,개인,
구로구,11530,10200,구로동,1259,11530-1,구일우성,,114.47,19,1998,99000,2026-08-22,,,중개거래,개인,개인,
구로구,11530,10200,구로동,1259,11530-1,구일우성,,59.44,14,1998,68000,2026-08-11,,,중개거래,개인,개인,
구로구,11530,10200,구로동,1259,11530-1,구일우성,,59.44,20,1998,60000,2026-08-13,,,중개거래,개인,개인,
구로구,11530,10200,구로동,1259,11530-1,구일우성,,59.44,21,1998,63500,2026-08-18,,,중개거래,개인,개인,
구로구,11530,10200,구로동,1259,11530-1,구일우성,201,59.44,4,1998,62000,2026-08-13,,,중개거래,개인,개인,26.10.06
구로구,11530,10200,구로동,1260,11530-27,이화우성,,59.82,3,1998,66000,2026-08-31,,,중개거래,개인,개인,
구로구,11530,10200,구로동,1260,11530-27,이화우성,,59.82,4,1998,72300,2026-08-06,,,중개거래,개인,개인,
구로구,11530,10200,구로동,1263,11530-11,신도림롯데아파트,,59.68,11,1999,118000,2026-08-05,,,중개거래,개인,개인,
구로구,11530,10200,구로동,1263,11530-11,신도림롯데아파트,,59.68,12,1999,116500,2026-08-04,,,중개거래,개인,개인,
구로구,11530,10200,구로동,1265,11530-9,구로두산,,44.64,4,1998,65000,2026-08-21,,,중개거래,개인,개인,
구로구,11530,10200,구로동,1267,11530-17,신도림태영타운,,101.74,2,2000,144500,2026-08-01,,,중개거래,개인,개인,
구로구,11530,10200,구로동,1267,11530-17,신도림태영타운,,134.88,1,2000,149800,2026-08-27,,,중개거래,개인,개인,
구로구,11530,10200,구로동,1267,11530-17,신도림태영타운,,84.87,21,2000,147500,2026-08-07,,,중개거래,개인,개인,
구로구,11530,10200,구로동,1267,11530-17,신도림태영타운,,84.87,4,2000,142000,2026-08-22,,,중개거래,개인,개인,
구로구,11530,10200,구로동,1267,11530-17,신도림태영타운,,84.87,7,2000,143500,2026-08-11,,,중개거래,개인,개인,
구로구,11530,10200,구로동,1269,11530-31,중앙하이츠(1269),,59.73,23,2001,75000,2026-08-13,,,중개거래,개인,개인,
구로구,11530,10200,구로동,1269,11530-31,중앙하이츠(1269),,82.3019,3,2001,87000,2026-08-01,,,중개거래,개인,개인,
구로구,11530,10200,구로동,1269,11530-31,중앙하이츠(1269),,82.3019,5,2001,87100,2026-08-08,,,중개거래,개인,개인,
구로구,11530,10200,구로동,1273,11530-147,대림아르빌,,111.8,12,2003,84000,2026-08-29,,,중개거래,개인,개인,26.10.01
구로구,11530,10200,구로동,1274,11530-146,신성미소지움,,84.23,6,2003,75000,2026-08-23,,,중개거래,개인,개인,
구로구,11530,10200,구로동,1275,11530-149,성삼하이츠,,31.08,6,2004,26000,2026-08-05,,,중개거래,개인,개인,
구로구,11530,10200,구로동,1278,11530-3249,구로두산위브,,36.88,16,2006,59500,2026-08-21,,,중개거래,개인,개인,
구로구,11530,10200,구로동,1278,11530-3249,구로두산위브,,36.88,9,2006,60500,2026-08-08,,,중개거래,개인,개인,
구로구,11530,10200,구로동,1279,11530-176,우민늘푸른,,84.702,5,2004,75000,2026-08-18,,,중개거래,개인,개인,
구로구,11530,10200,구로동,1279,11530-176,우민늘푸른,101,66.122,1,2004,60000,2026-08-06,,,중개거래,개인,개인,26.09.30
구로구,11530,10200,구로동,1281,11530-3214,한일유앤아이,,74.229,13,2006,66500,2026-08-29,,,중개거래,개인,개인,
구로구,11530,10200,구로동,1281,11530-3214,한일유앤아이,,84.962,3,2006,71000,2026-08-24,,,중개거래,개인,개인,
구로구,11530,10200,구로동,1286,11530-3416,다울숲,101,84.32,10,2010,73000,2026-08-05,,,중개거래,개인,개인,26.10.02
구로구,11530,10200,구로동,1289,11530-4422,승윤노블리안,,58.109,9,2020,59900,2026-08-12,,,중개거래,개인,개인,
구로구,11530,10200,구로동,145-23,11530-16,성락,,57.33,10,1988,37800,2026-08-27,,,중개거래,개인,개인,
구로구,11530,10200,구로동,256-1,11530-171,삼성래미안,,110.188,5,2004,118000,2026-08-28,,,중개거래,개인,개인,
구로구,11530,10200,구로동,256-1,11530-171,삼성래미안,,78.665,15,2004,108000,2026-08-30,,,중개거래,개인,개인,
구로구,11530,10200,구로동,256-1,11530-171,삼성래미안,,78.665,20,2004,98000,2026-08-06,,,중개거래,개인,개인,
구로구,11530,10200,구로동,256-1,11530-171,삼성래미안,104,78.665,19,2004,107000,2026-08-25,,,중개거래,개인,개인,26.09.30
구로구,11530,10200,구로동,314,11530-2,극동,,64,4,1984,53000,2026-08-25,,,중개거래,개인,개인,
구로구,11530,10200,구로동,42,11530-148,신도림LG자이,101,84.952,23,2004,115000,2026-08-01,,,중개거래,개인,개인,26.09.02
구로구,11530,10200,구로동,43-1,11530-3600,신도림로제리움,신도림 로제리움,16.92,17,2012,11000,2026-08-05,,,중개거래,개인,개인,26.08.07
구로구,11530,10200,구로동,43-2,11530-169,예원아파트,,94.63,10,2004,68500,2026-08-12,,,중개거래,개인,개인,
구로구,11530,10200,구로동,43-4,11530-4,다솜금호,,59.95,10,1995,59500,2026-08-18,,,중개거래,개인,개인,
구로구,11530,10200,구로동,43-4,11530-4,다솜금호,,59.95,11,1995,61000,2026-08-12,,,중개거래,개인,개인,
구로구,11530,10200,구로동,43-4,11530-4,다솜금호,,59.95,23,1995,61300,2026-08-28,,,중개거래,개인,개인,
구로구,11530,10200,구로동,43-4,11530-4,다솜금호,,59.95,7,1995,57800,2026-08-18,,,중개거래,개인,개인,
구로구,11530,10200,구로동,44-8,11530-3730,비즈트위트오렌지,비즈트위트오렌지,15.54,5,2013,9300,2026-08-10,,,중개거래,개인,개인,26.08.14
구로구,11530,10200,구로동,44-8,11530-3730,비즈트위트오렌지,비즈트위트오렌지,15.6,3,2013,8700,2026-08-11,,,중개거래,개인,개인,26.08.27
구로구,11530,10200,구로동,440,11530-13,보광,,66.42,2,1984,76500,2026-08-30,,,중개거래,개인,개인,
구로구,11530,10200,구로동,440,11530-13,보광,,66.42,3,1984,76000,2026-08-24,,,중개거래,개인,개인,
구로구,11530,10200,구로동,440,11530-13,보광,,73.89,1,1984,80000,2026-08-04,,,중개거래,개인,개인,
구로구,11530,10200,구로동,440,11530-13,보광,,84.51,5,1984,90000,2026-08-24,,,중개거래,개인,개인,
구로구,11530,10200,구로동,487-24,11530-4404,M센트럴뷰,,48.61,5,2020,44000,2026-08-05,,,중개거래,개인,개인,26.09.10
구로구,11530,10200,구로동,501,11530-3269,신구로자이,,84.98,31,2007,94500,2026-08-12,,,중개거래,개인,개인,
구로구,11530,10200,구로동,560,11530-18,신도림현대,,80.01,11,1994,114500,2026-08-19,,,중개거래,개인,개인,
구로구,11530,10200,구로동,560,11530-18,신도림현대,,80.01,11,1994,120000,2026-08-19,,,중개거래,개인,개인,
구로구,11530,10200,구로동,560,11530-18,신도림현대,101,80.01,17,1994,112400,2026-08-02,,,중개거래,개인,개인,26.10.01
구로구,11530,10200,구로동,642-39,11530-33,한국현대,,84.72,8,1994,60000,2026-08-22,,,중개거래,개인,개인,
구로구,11530,10200,구로동,642-46,11530-22,우방,,84.9,15,1993,74000,2026-08-31,,,중개거래,개인,개인,
구로구,11530,10200,구로동,642-9,11530-35,한신,,35.277,11,1988,45000,2026-08-19,,,중개거래,개인,개인,
구로구,11530,10200,구로동,685-124,11530-30,중앙하이츠,,70.52,13,1987,79000,2026-08-27,,,중개거래,개인,개인,
구로구,11530,10200,구로동,685-124,11530-30,중앙하이츠,,79.97,9,1987,83500,2026-08-12,,,중개거래,개인,개인,
구로구,11530,10200,구로동,685-223,11530-137,주공2,,32.39,4,1987,59000,2026-08-13,,,중개거래,개인,개인,
구로구,11530,10200,구로동,685-223,11530-137,주공2,,32.39,5,1987,59000,2026-08-22,,,중개거래,개인,개인,
구로구,11530,10200,구로동,685-223,11530-137,주공2,,32.39,6,1987,62500,2026-08-09,,,중개거래,개인,개인,
구로구,11530,10200,구로동,685-223,11530-137,주공2,,41.3,1,1987,73000,2026-08-28,,,중개거래,개인,개인,
구로구,11530,10200,구로동,685-223,11530-137,주공2,,41.3,12,1987,71000,2026-08-12,,,중개거래,개인,개인,
구로구,11530,10200,구로동,685-223,11530-137,주공2,,54.9,1,1987,94000,2026-08-20,,,중개거래,개인,개인,
구로구,11530,10200,구로동,685-223,11530-137,주공2,116,32.39,5,1987,58500,2026-08-13,,,중개거래,개인,개인,26.09.30
구로구,11530,10200,구로동,685-223,11530-137,주공2,116,32.39,7,1987,61500,2026-08-19,,,중개거래,개인,개인,26.10.06
구로구,11530,10200,구로동,685-223,11530-137,주공2,116,41.3,7,1987,45000,2026-08-18,,,직거래,개인,개인,26.08.31
구로구,11530,10200,구로동,685-223,11530-137,주공2,117,32.39,2,1987,58700,2026-08-25,,,중개거래,개인,개인,26.10.02
구로구,11530,10200,구로동,685-70,11530-39,현대연예인,,84.91,15,1989,82600,2026-08-14,,,중개거래,개인,개인,
구로구,11530,10200,구로동,738-39,11530-283,청우아트빌리지(738-39),,51.86,3,1994,21500,2026-08-24,,,중개거래,개인,개인,
구로구,11530,10200,구로동,746-14,11530-387,(746-14),,49.64,1,1996,27400,2026-08-24,,,중개거래,개인,법인,26.09.10
구로구,11530,10200,구로동,792-102,11530-549,(792-102),,29.01,1,1995,15000,2026-08-04,,,중개거래,개인,개인,26.08.14
구로구,11530,10300,가리봉동,779,11530-5665,남구로역동일센타시아,103동,42.38,4,2024,48500,2026-08-12,,,중개거래,개인,개인,26.09.29
구로구,11530,10600,고척동,141-1,11530-56,서울가든,,64.39,7,1989,71000,2026-08-08,,,중개거래,개인,개인,
구로구,11530,10600,고척동,227-1,11530-66,한성,A,68.88,3,1986,39700,2026-08-06,,,중개거래,개인,개인,26.09.17
구로구,11530,10600,고척동,296,11530-51,대우,,114.95,3,1999,77000,2026-08-08,,,중개거래,개인,개인,
구로구,11530,10600,고척동,296,11530-51,대우,,59.96,16,1999,68200,2026-08-26,,,중개거래,개인,개인,
구로구,11530,10600,고척동,296,11530-51,대우,,71.52,20,1999,78800,2026-08-25,,,중개거래,개인,개인,
구로구,11530,10600,고척동,296,11530-51,대우,,84.99,7,1999,77000,2026-08-27,,,중개거래,개인,개인,
구로구,11530,10600,고척동,306,11530-49,경남2,,84.85,6,1999,65000,2026-08-05,,,중개거래,개인,개인,
구로구,11530,10600,고척동,320,11530-58,센츄리,,84.56,5,1994,67500,2026-08-01,,,중개거래,개인,개인,
구로구,11530,10600,고척동,321,11530-62,우성꿈동산,,65.16,4,1996,50000,2026-08-13,,,중개거래,개인,개인,
구로구,11530,10600,고척동,321,11530-62,우성꿈동산,,65.16,6,1996,53000,2026-08-13,,,중개거래,개인,개인,
구로구,11530,10600,고척동,326,11530-63,청구,,114.12,17,1999,84000,2026-08-10,,,중개거래,개인,개인,
구로구,11530,10600,고척동,326,11530-63,청구,,114.12,17,1999,84000,2026-08-10,O,26.10.01,중개거래,개인,개인,
구로구,11530,10600,고척동,327,11530-52,동아한신,,59.9,8,2000,68000,2026-08-15,,,중개거래,개인,개인,
구로구,11530,10600,고척동,327,11530-52,동아한신,,84.92,18,2000,77000,2026-08-01,,,중개거래,개인,개인,
구로구,11530,10600,고척동,328,11530-60,양우,,59.94,3,2000,48000,2026-08-22,,,중개거래,개인,개인,
구로구,11530,10600,고척동,331,11530-55,삼익(2단지),,114.9,4,2001,67500,2026-08-19,,,중개거래,개인,개인,
구로구,11530,10600,고척동,334,11530-69,벽산,,84.878,13,2003,108500,2026-08-15,,,중개거래,개인,개인,
구로구,11530,10600,고척동,334,11530-69,벽산,,84.878,23,2003,118000,2026-08-14,,,중개거래,개인,법인,
구로구,11530,10600,고척동,336,11530-180,삼환로즈빌,,59.998,6,2004,96500,2026-08-08,,,중개거래,개인,개인,
구로구,11530,10600,고척동,336,11530-180,삼환로즈빌,,84.994,14,2004,114000,2026-08-08,,,중개거래,개인,개인,
구로구,11530,10600,고척동,336,11530-180,삼환로즈빌,101,84.994,22,2004,77000,2026-08-04,,,직거래,개인,개인,26.09.30
구로구,11530,10600,고척동,337,11530-3134,한일유앤아이,105,59.647,3,2005,66000,2026-08-02,,,중개거래,개인,개인,26.09.30
구로구,11530,10600,고척동,339,11530-3373,고척파크푸르지오,,59.89,2,2009,105000,2026-08-26,,,중개거래,개인,개인,
구로구,11530,10600,고척동,342,11530-3437,벽산베스트블루밍,,84.896,7,2010,115000,2026-08-28,,,중개거래,개인,개인,
구로구,11530,10600,고척동,352,11530-4660,더헤리츠,,56,13,2023,67000,2026-08-01,,,중개거래,개인,개인,
구로구,11530,10600,고척동,352,11530-4660,더헤리츠,101동,56,17,2023,58700,2026-08-10,,,중개거래,개인,개인,26.08.12
구로구,11530,10600,고척동,52-332,11530-67,한효,1,74.1,1,1985,62000,2026-08-19,,,직거래,개인,개인,26.08.20
구로구,11530,10600,고척동,76-55,11530-61,"우성,현대아파트",,68.7,10,1987,80000,2026-08-12,,,중개거래,개인,개인,
구로구,11530,10600,고척동,97-3,11530-167,삼명,,43.74,1,1977,30000,2026-08-29,,,중개거래,개인,개인,
구로구,11530,10700,개봉동,170-30,11530-82,신개봉삼환,,59.81,16,2001,71700,2026-08-23,,,중개거래,개인,개인,
구로구,11530,10700,개봉동,175-8,11530-88,청실,,64.56,1,1987,55900,2026-08-11,,,중개거래,개인,개인,
구로구,11530,10700,개봉동,470,11530-80,삼환,,59.4,18,1995,69000,2026-08-22,,,중개거래,개인,개인,
구로구,11530,10700,개봉동,472,11530-77,두산,,84.96,13,1997,80000,2026-08-03,,,중개거래,개인,개인,
구로구,11530,10700,개봉동,472,11530-77,두산,101,59.69,6,1997,71000,2026-08-01,,,중개거래,개인,개인,26.09.30
구로구,11530,10700,개봉동,473,11530-81,상우,102,59.4,4,1997,55000,2026-08-24,,,중개거래,개인,개인,26.09.30
구로구,11530,10700,개봉동,475,11530-84,영화,,143.09,2,1998,108000,2026-08-14,,,중개거래,개인,개인,
구로구,11530,10700,개봉동,476,11530-89,한마을,,59.57,16,1999,101400,2026-08-01,,,중개거래,개인,개인,
구로구,11530,10700,개봉동,476,11530-89,한마을,,59.57,24,1999,104000,2026-08-14,,,중개거래,개인,개인,
구로구,11530,10700,개봉동,476,11530-89,한마을,,84.57,10,1999,115000,2026-08-22,,,중개거래,개인,개인,
구로구,11530,10700,개봉동,476,11530-89,한마을,,84.57,16,1999,117000,2026-08-19,,,중개거래,개인,개인,
구로구,11530,10700,개봉동,478,11530-90,한진,,59.95,6,2000,70700,2026-08-08,,,중개거래,개인,개인,
구로구,11530,10700,개봉동,478,11530-90,한진,,84.96,10,2000,84000,2026-08-13,,,중개거래,개인,개인,
구로구,11530,10700,개봉동,478,11530-90,한진,,84.96,10,2000,84000,2026-08-13,O,26.08.26,중개거래,개인,개인,
구로구,11530,10700,개봉동,480,11530-92,현대홈타운,,151.41,5,2001,105000,2026-08-10,,,중개거래,개인,개인,
구로구,11530,10700,개봉동,480,11530-92,현대홈타운,,151.41,8,2001,105800,2026-08-15,,,중개거래,개인,개인,
구로구,11530,10700,개봉동,480,11530-92,현대홈타운,,59.49,23,2001,91900,2026-08-14,,,중개거래,개인,개인,
구로구,11530,10700,개봉동,481,11530-91,현대,,84.99,10,2001,103000,2026-08-02,,,중개거래,개인,개인,
구로구,11530,10700,개봉동,481,11530-91,현대,,84.99,21,2001,107000,2026-08-08,,,중개거래,개인,개인,
구로구,11530,10700,개봉동,481,11530-91,현대,,84.99,4,2001,105000,2026-08-21,,,중개거래,개인,개인,
구로구,11530,10700,개봉동,487,11530-236,개봉동상우,,82.8,4,2005,68000,2026-08-06,,,중개거래,개인,개인,
구로구,11530,10700,개봉동,489,11530-3213,개봉동현대아이파크,,59.99,4,2006,103000,2026-08-12,,,중개거래,개인,개인,
구로구,11530,10700,개봉동,489,11530-3213,개봉동현대아이파크,,59.99,7,2006,106000,2026-08-15,,,중개거래,개인,개인,
구로구,11530,10700,개봉동,492,11530-3798,개봉푸르지오,,119.98,14,2014,124000,2026-08-04,,,중개거래,개인,개인,
구로구,11530,10700,개봉동,492,11530-3798,개봉푸르지오,,71.49,6,2014,90500,2026-08-08,,,중개거래,개인,개인,
구로구,11530,10700,개봉동,492,11530-3798,개봉푸르지오,101,119.98,16,2014,106000,2026-08-19,,,중개거래,개인,개인,26.09.29
구로구,11530,10700,개봉동,492,11530-3798,개봉푸르지오,104,84.94,16,2014,101000,2026-08-24,,,중개거래,개인,개인,26.09.10
구로구,11530,10700,개봉동,60-101,11530-71,거성푸르뫼,,132.68,1,1993,52000,2026-08-20,,,중개거래,개인,개인,
구로구,11530,10700,개봉동,60-101,11530-71,거성푸르뫼,,59.89,11,1993,45000,2026-08-19,,,중개거래,개인,개인,
구로구,11530,10700,개봉동,60-101,11530-71,거성푸르뫼,,84.96,18,1993,53000,2026-08-13,,,중개거래,개인,개인,
구로구,11530,10700,개봉동,60-101,11530-71,거성푸르뫼,101,132.68,5,1993,61500,2026-08-12,,,중개거래,개인,개인,26.10.02
구로구,11530,10700,개봉동,60-82,11530-72,거성푸르뫼2,,59.9,12,1994,42300,2026-08-21,,,중개거래,개인,개인,
구로구,11530,10700,개봉동,60-82,11530-72,거성푸르뫼2,,59.9,8,1994,45000,2026-08-14,,,중개거래,개인,개인,
구로구,11530,10700,개봉동,60-82,11530-72,거성푸르뫼2,202,59.9,17,1994,41500,2026-08-06,,,중개거래,개인,개인,26.09.30
구로구,11530,10800,오류동,334,11530-103,라인,101,59.52,21,1995,41000,2026-08-14,,,중개거래,개인,개인,26.08.31
구로구,11530,10800,오류동,335,11530-98,금강,,59.28,9,1996,40000,2026-08-21,,,중개거래,개인,개인,
구로구,11530,10800,오류동,335,11530-98,금강,,59.7,10,1996,41800,2026-08-24,,,중개거래,개인,개인,
구로구,11530,10800,오류동,335,11530-98,금강,,84.96,4,1996,48000,2026-08-03,,,중개거래,개인,개인,
구로구,11530,10800,오류동,336,11530-142,동부(101동~103동),,59.98,1,1998,46400,2026-08-20,,,중개거래,개인,개인,
구로구,11530,10800,오류동,336,11530-142,동부(101동~103동),,84.89,11,1998,68500,2026-08-12,,,중개거래,개인,개인,
구로구,11530,10800,오류동,338,11530-102,동부골든,,105.21,8,1998,62000,2026-08-14,,,중개거래,개인,개인,
구로구,11530,10800,오류동,338,11530-102,동부골든,,113.43,17,1998,60000,2026-08-12,,,중개거래,개인,개인,
구로구,11530,10800,오류동,338,11530-102,동부골든,,59.94,16,1998,54000,2026-08-30,,,중개거래,개인,개인,
구로구,11530,10800,오류동,338,11530-102,동부골든,,71.06,1,1998,48400,2026-08-07,,,중개거래,개인,개인,
구로구,11530,10800,오류동,338,11530-102,동부골든,,71.06,6,1998,57000,2026-08-06,,,중개거래,개인,개인,
구로구,11530,10800,오류동,338,11530-102,동부골든,,84.96,1,1998,57500,2026-08-11,,,중개거래,개인,개인,
구로구,11530,10800,오류동,339,11530-101,동부(105동~106동),,59.58,19,1999,48500,2026-08-31,,,중개거래,개인,개인,
구로구,11530,10800,오류동,340,11530-105,삼천리,,134.64,18,1998,88000,2026-08-28,,,중개거래,개인,개인,
구로구,11530,10800,오류동,340,11530-105,삼천리,,59.73,17,1998,64500,2026-08-31,,,중개거래,개인,개인,
구로구,11530,10800,오류동,340,11530-105,삼천리,,84.75,6,1998,73800,2026-08-28,,,중개거래,개인,개인,
구로구,11530,10800,오류동,341,11530-114,한신플러스타운,,59.91,14,2002,59900,2026-08-05,,,중개거래,개인,개인,
구로구,11530,10800,오류동,341,11530-114,한신플러스타운,,84.96,6,2002,67400,2026-08-24,,,중개거래,개인,개인,
구로구,11530,10800,오류동,342,11530-115,영풍마드레빌,,59.819,11,2002,67500,2026-08-22,,,중개거래,개인,개인,
구로구,11530,10800,오류동,342,11530-115,영풍마드레빌,,84.741,6,2002,80500,2026-08-06,,,중개거래,개인,개인,
구로구,11530,10800,오류동,343,11530-153,금강(343),,84.983,2,2003,84000,2026-08-14,,,중개거래,개인,개인,
구로구,11530,10800,오류동,345,11530-190,동선,,58.2159,17,2004,54000,2026-08-29,,,중개거래,개인,개인,
구로구,11530,10800,오류동,346,11530-191,오류동푸르지오,,61.257,10,2004,75900,2026-08-25,,,중개거래,개인,개인,
구로구,11530,10800,오류동,347,11530-3225,오류동금호어울림,,59.87,1,2006,59000,2026-08-06,,,중개거래,개인,개인,
구로구,11530,10800,오류동,349,11530-3149,은하수수목원,,84.954,4,2005,52700,2026-08-29,,,중개거래,개인,개인,
구로구,11530,10800,오류동,351,11530-3359,서해그랑블,,84.98,6,2009,64000,2026-08-22,,,중개거래,개인,개인,
구로구,11530,10800,오류동,44-10,11530-108,시티월드,,81.84,17,1993,42900,2026-08-20,,,중개거래,개인,개인,
구로구,11530,10800,오류동,63-4,11530-164,한가람,,70.04,6,2003,41000,2026-08-05,,,중개거래,개인,개인,26.08.13
구로구,11530,10800,오류동,9-231,11530-4466,오류동삼전솔하임,,31.724,7,2020,25900,2026-08-03,,,중개거래,개인,개인,
구로구,11530,11000,온수동,155,11530-3391,온수힐스테이트,,59.98,6,2010,77000,2026-08-24,,,중개거래,개인,개인,
구로구,11530,11000,온수동,155,11530-3391,온수힐스테이트,106,84.97,4,2010,84000,2026-08-01,,,중개거래,개인,개인,26.09.22
구로구,11530,11000,온수동,157,11530-3900,다청림시티,다청림시티,42.85,3,2015,26700,2026-08-04,,,중개거래,개인,개인,26.09.30
구로구,11530,11100,천왕동,279-2,11530-3470,천왕이펜하우스2단지,209,84.97,6,2011,85000,2026-08-08,,,중개거래,개인,개인,26.09.30
구로구,11530,11100,천왕동,281,11530-3775,천왕연지타운2단지,,84.98,1,2014,78000,2026-08-01,,,중개거래,개인,개인,
구로구,11530,11100,천왕동,281,11530-3775,천왕연지타운2단지,210,84.95,2,2014,78700,2026-08-08,,,중개거래,개인,개인,26.09.17
구로구,11530,11200,항동,233,11530-193,현대홈타운스위트,,84.9852,1,2004,61700,2026-08-10,,,중개거래,개인,개인,
구로구,11530,11200,항동,236,11530-4392,항동중흥에스클래스베르데카운티,,84.9416,7,2019,94500,2026-08-10,,,중개거래,개인,개인,
구로구,11530,11200,항동,236,11530-4392,항동중흥에스클래스베르데카운티,,84.9908,17,2019,94500,2026-08-31,,,중개거래,개인,개인,
구로구,11530,11200,항동,236,11530-4392,항동중흥에스클래스베르데카운티,105동,116.9785,16,2019,123500,2026-08-08,,,중개거래,개인,개인,26.08.28
구로구,11530,11200,항동,237,11530-4363,하버라인2단지,,59.86,5,2019,74500,2026-08-11,,,중개거래,개인,개인,
구로구,11530,11200,항동,241,11530-4373,한양수자인에듀힐즈,,84.8784,17,2019,85700,2026-08-15,,,중개거래,개인,개인,
구로구,11530,11200,항동,241,11530-4373,한양수자인에듀힐즈,,84.9544,15,2019,91500,2026-08-29,,,중개거래,개인,개인,
구로구,11530,11200,항동,242,11530-4325,하버라인3단지,,59.86,1,2019,74000,2026-08-28,,,중개거래,개인,개인,
구로구,11530,11200,항동,242,11530-4325,하버라인3단지,,59.86,16,2019,76000,2026-08-28,,,중개거래,개인,개인,
구로구,11530,11200,항동,244,11530-4424,우남퍼스트빌더센트럴,,79.9913,14,2020,75000,2026-08-07,,,중개거래,개인,개인,
구로구,11530,11200,항동,가-238,11530-4350,하버라인4단지,,59.86,8,2019,65000,2026-08-31,,,직거래,개인,개인,
금천구,11545,10100,가산동,140-36,11545-1957,비즈트위트바이올렛5차,1,12.19,14,2014,8000,2026-08-13,,,직거래,개인,개인,26.08.14
금천구,11545,10100,가산동,140-9,11545-1860,가산지웰에스테이트,1,15.95,12,2013,9500,2026-08-23,,,중개거래,개인,개인,26.08.27
금천구,11545,10100,가산동,234-46,11545-3,삼익,,59.94,4,1998,47500,2026-08-11,,,중개거래,개인,개인,
금천구,11545,10100,가산동,769,11545-2,두산,,59.84,11,1998,79000,2026-08-26,,,중개거래,개인,개인,
금천구,11545,10100,가산동,769,11545-2,두산,,59.84,3,1998,73000,2026-08-03,,,중개거래,개인,개인,
금천구,11545,10100,가산동,769,11545-2,두산,,59.84,6,1998,73000,2026-08-06,,,중개거래,개인,개인,
금천구,11545,10100,가산동,769,11545-2,두산,,84.9,16,1998,88000,2026-08-13,,,중개거래,개인,개인,
금천구,11545,10200,독산동,1007-13,11545-2587,e편한세상독산더타워,,59.6222,37,2019,84500,2026-08-30,,,중개거래,개인,개인,
금천구,11545,10200,독산동,1007-13,11545-2587,e편한세상독산더타워,,78.5532,6,2019,97000,2026-08-22,,,중개거래,개인,개인,
금천구,11545,10200,독산동,1069,11545-24,호정타워,,59.44,4,1993,35000,2026-08-08,,,중개거래,개인,개인,
금천구,11545,10200,독산동,1088,11545-17,독산주공14단지,,38.64,1,1990,39700,2026-08-11,,,중개거래,개인,개인,
금천구,11545,10200,독산동,1088,11545-17,독산주공14단지,,38.64,7,1990,42000,2026-08-22,,,중개거래,개인,개인,
금천구,11545,10200,독산동,1088,11545-17,독산주공14단지,,38.64,9,1990,41000,2026-08-06,,,중개거래,개인,개인,
금천구,11545,10200,독산동,1088,11545-17,독산주공14단지,,44.94,4,1990,46000,2026-08-12,,,중개거래,개인,개인,
금천구,11545,10200,독산동,1088,11545-17,독산주공14단지,,59.22,6,1990,65500,2026-08-07,,,중개거래,개인,개인,
금천구,11545,10200,독산동,1088,11545-17,독산주공14단지,1402,76.51,5,1990,73500,2026-08-11,,,중개거래,개인,개인,26.10.02
금천구,11545,10200,독산동,1093-4,11545-22,한신아파트,,89.46,11,1991,74500,2026-08-27,,,중개거래,개인,개인,
금천구,11545,10200,독산동,1093-4,11545-22,한신아파트,,89.46,3,1991,72000,2026-08-08,,,중개거래,개인,개인,
금천구,11545,10200,독산동,1093-4,11545-22,한신아파트,,89.46,5,1991,75000,2026-08-28,,,중개거래,개인,개인,
금천구,11545,10200,독산동,1093-5,11545-28,각산,,84.78,10,2002,52000,2026-08-11,,,중개거래,개인,개인,
금천구,11545,10200,독산동,1131,11545-9,라이프,,84.74,11,1996,47000,2026-08-01,,,중개거래,개인,개인,
금천구,11545,10200,독산동,1136,11545-21,진도3차아파트,,79.71,1,1999,60000,2026-08-10,,,중개거래,개인,개인,
금천구,11545,10200,독산동,1136,11545-21,진도3차아파트,,79.71,4,1999,65000,2026-08-22,,,중개거래,개인,개인,
금천구,11545,10200,독산동,1136,11545-21,진도3차아파트,,79.71,7,1999,60000,2026-08-27,,,중개거래,개인,개인,
금천구,11545,10200,독산동,1140,11545-108,독산동중앙하이츠빌,,84.8768,1,2004,77500,2026-08-13,,,중개거래,개인,개인,
금천구,11545,10200,독산동,1140,11545-108,독산동중앙하이츠빌,,84.8768,22,2004,83000,2026-08-29,,,중개거래,개인,개인,
금천구,11545,10200,독산동,1140,11545-108,독산동중앙하이츠빌,,84.8768,4,2004,84500,2026-08-14,,,중개거래,개인,개인,
금천구,11545,10200,독산동,1147,11545-2262,금천롯데캐슬골드파크1차,,101.8228,24,2016,133000,2026-08-17,,,중개거래,개인,개인,
금천구,11545,10200,독산동,1147,11545-2262,금천롯데캐슬골드파크1차,,72.5249,15,2016,120000,2026-08-21,O,26.10.06,중개거래,개인,개인,
금천구,11545,10200,독산동,1147,11545-2262,금천롯데캐슬골드파크1차,,72.5249,21,2016,130000,2026-08-20,,,중개거래,개인,개인,
금천구,11545,10200,독산동,1147,11545-2262,금천롯데캐슬골드파크1차,,84.3963,1,2016,114000,2026-08-20,,,중개거래,개인,개인,
금천구,11545,10200,독산동,1147,11545-2262,금천롯데캐슬골드파크1차,,84.4417,27,2016,128000,2026-08-19,,,중개거래,개인,개인,
금천구,11545,10200,독산동,1147,11545-2262,금천롯데캐슬골드파크1차,,84.8114,12,2016,134500,2026-08-23,,,중개거래,개인,개인,
금천구,11545,10200,독산동,1147,11545-2262,금천롯데캐슬골드파크1차,,84.8114,13,2016,125000,2026-08-22,,,중개거래,개인,개인,
금천구,11545,10200,독산동,1147,11545-2262,금천롯데캐슬골드파크1차,104,84.8114,31,2016,130000,2026-08-01,,,중개거래,개인,개인,26.10.02
금천구,11545,10200,독산동,1150,11545-2369,금천롯데캐슬골드파크2차201동202동,,59.27,34,2017,105000,2026-08-22,,,중개거래,개인,개인,
금천구,11545,10200,독산동,1150,11545-2369,금천롯데캐슬골드파크2차201동202동,,84.97,15,2017,119000,2026-08-20,,,중개거래,개인,개인,
금천구,11545,10200,독산동,1155,11545-2479,금천롯데캐슬골드파크3차,,59.9662,7,2018,112000,2026-08-29,,,중개거래,개인,개인,
금천구,11545,10200,독산동,1155,11545-2479,금천롯데캐슬골드파크3차,,59.9672,27,2018,110000,2026-08-08,,,중개거래,개인,개인,
금천구,11545,10200,독산동,1155,11545-2479,금천롯데캐슬골드파크3차,,59.968,20,2018,109000,2026-08-14,,,중개거래,개인,개인,
금천구,11545,10200,독산동,1155,11545-2479,금천롯데캐슬골드파크3차,,84.408,39,2018,135000,2026-08-25,,,중개거래,개인,개인,
금천구,11545,10200,독산동,1155,11545-2479,금천롯데캐슬골드파크3차,,84.4855,21,2018,132000,2026-08-22,,,중개거래,개인,개인,
금천구,11545,10200,독산동,293-10,11545-8,독산현대,,83.73,4,1999,59300,2026-08-27,,,중개거래,개인,개인,
금천구,11545,10200,독산동,293-10,11545-8,독산현대,,83.73,4,1999,66000,2026-08-31,,,중개거래,개인,개인,
금천구,11545,10200,독산동,711-2,11545-23,금천현대,,59.82,5,2002,61800,2026-08-24,,,중개거래,개인,개인,
금천구,11545,10200,독산동,711-2,11545-23,금천현대,,59.82,9,2002,64400,2026-08-03,,,중개거래,개인,개인,
금천구,11545,10200,독산동,711-2,11545-23,금천현대,,84.83,9,2002,74700,2026-08-27,,,중개거래,개인,개인,
금천구,11545,10200,독산동,955,11545-27,신도브래뉴,,55.55,2,2002,56000,2026-08-12,,,중개거래,개인,개인,
금천구,11545,10200,독산동,955,11545-27,신도브래뉴,,73.2,17,2002,67000,2026-08-31,,,중개거래,개인,개인,
금천구,11545,10200,독산동,965-1,11545-87,예전이룸(965-1),,61.711,5,2003,52500,2026-08-22,,,중개거래,개인,개인,
금천구,11545,10200,독산동,989,11545-2652,독산오르페움타워,,37.806,3,2020,32000,2026-08-09,,,중개거래,개인,개인,
금천구,11545,10300,시흥동,1002-1,11545-36,럭키남서울아파트,,49.75,10,1981,52000,2026-08-18,,,중개거래,개인,개인,
금천구,11545,10300,시흥동,1002-1,11545-36,럭키남서울아파트,,49.75,11,1981,52000,2026-08-01,,,중개거래,개인,개인,
금천구,11545,10300,시흥동,1002-1,11545-36,럭키남서울아파트,,49.75,4,1981,50600,2026-08-15,,,중개거래,개인,개인,
금천구,11545,10300,시흥동,1002-1,11545-36,럭키남서울아파트,,49.75,5,1981,49000,2026-08-22,,,중개거래,개인,개인,
금천구,11545,10300,시흥동,1010,11545-39,벽산,,114.84,14,2000,59500,2026-08-31,,,중개거래,개인,개인,
금천구,11545,10300,시흥동,1010,11545-39,벽산,,114.84,16,2000,57000,2026-08-28,,,중개거래,개인,개인,
금천구,11545,10300,시흥동,1010,11545-39,벽산,,114.84,4,2000,55800,2026-08-28,,,중개거래,개인,개인,
금천구,11545,10300,시흥동,1010,11545-39,벽산,,114.84,7,2000,55200,2026-08-21,,,직거래,개인,개인,
금천구,11545,10300,시흥동,1010,11545-39,벽산,,59.94,11,2000,40500,2026-08-15,,,중개거래,개인,개인,
금천구,11545,10300,시흥동,1010,11545-39,벽산,,59.94,2,2000,38200,2026-08-22,,,중개거래,개인,개인,
금천구,11545,10300,시흥동,1010,11545-39,벽산,,59.94,7,2000,37800,2026-08-28,,,중개거래,개인,개인,
금천구,11545,10300,시흥동,1010,11545-39,벽산,,84.99,16,2000,55400,2026-08-29,,,중개거래,개인,개인,
금천구,11545,10300,시흥동,1010,11545-39,벽산,,84.99,2,2000,59300,2026-08-10,,,중개거래,개인,개인,
금천구,11545,10300,시흥동,1010,11545-39,벽산,110,84.99,13,2000,52500,2026-08-01,,,중개거래,개인,개인,26.09.30
금천구,11545,10300,시흥동,1011,11545-63,우방,,114.89,18,2002,77500,2026-08-22,,,중개거래,개인,개인,
금천구,11545,10300,시흥동,1011,11545-63,우방,,59.91,11,2002,51000,2026-08-08,,,중개거래,개인,개인,
금천구,11545,10300,시흥동,1011,11545-63,우방,,59.91,22,2002,48000,2026-08-22,,,중개거래,개인,개인,
금천구,11545,10300,시흥동,1011,11545-63,우방,,84.84,19,2002,66000,2026-08-16,,,중개거래,개인,개인,
금천구,11545,10300,시흥동,1013,11545-55,관악산벽산타운5,,114.84,18,2004,68000,2026-08-13,,,중개거래,개인,개인,
금천구,11545,10300,시흥동,1013,11545-55,관악산벽산타운5,,59.34,10,2004,47800,2026-08-11,,,중개거래,개인,개인,
금천구,11545,10300,시흥동,1013,11545-55,관악산벽산타운5,,59.34,12,2004,48500,2026-08-22,,,중개거래,개인,개인,
금천구,11545,10300,시흥동,1013,11545-55,관악산벽산타운5,,59.34,15,2004,48000,2026-08-01,,,중개거래,개인,개인,
금천구,11545,10300,시흥동,1013,11545-55,관악산벽산타운5,,59.34,18,2004,46000,2026-08-29,,,중개거래,개인,개인,
금천구,11545,10300,시흥동,1013,11545-55,관악산벽산타운5,,59.34,2,2004,43000,2026-08-31,,,중개거래,개인,개인,
금천구,11545,10300,시흥동,1013,11545-55,관악산벽산타운5,,84.97,10,2004,58000,2026-08-10,,,중개거래,개인,개인,
금천구,11545,10300,시흥동,1013,11545-55,관악산벽산타운5,,84.97,11,2004,57500,2026-08-27,,,중개거래,개인,개인,
금천구,11545,10300,시흥동,1013,11545-55,관악산벽산타운5,,84.97,14,2004,58000,2026-08-15,,,중개거래,개인,개인,
금천구,11545,10300,시흥동,1013,11545-55,관악산벽산타운5,,84.97,16,2004,59000,2026-08-14,,,중개거래,개인,개인,
금천구,11545,10300,시흥동,1013,11545-55,관악산벽산타운5,,84.97,17,2004,59000,2026-08-28,,,중개거래,개인,개인,
금천구,11545,10300,시흥동,1013,11545-55,관악산벽산타운5,,84.97,18,2004,58000,2026-08-16,,,중개거래,개인,개인,
금천구,11545,10300,시흥동,1013,11545-55,관악산벽산타운5,,84.97,18,2004,59900,2026-08-27,,,중개거래,개인,개인,
금천구,11545,10300,시흥동,1013,11545-55,관악산벽산타운5,,84.97,3,2004,54400,2026-08-29,,,중개거래,개인,개인,
금천구,11545,10300,시흥동,1013,11545-55,관악산벽산타운5,,84.97,3,2004,56500,2026-08-20,,,중개거래,개인,개인,
금천구,11545,10300,시흥동,1013,11545-55,관악산벽산타운5,,84.97,4,2004,54900,2026-08-08,,,중개거래,개인,개인,
금천구,11545,10300,시흥동,1013,11545-55,관악산벽산타운5,,84.97,5,2004,57500,2026-08-17,,,중개거래,개인,개인,
금천구,11545,10300,시흥동,1013,11545-55,관악산벽산타운5,515,114.84,8,2004,62000,2026-08-12,,,중개거래,개인,개인,26.10.02
금천구,11545,10300,시흥동,1015,11545-112,시흥베르빌,,81.16,4,2004,78000,2026-08-04,,,중개거래,개인,개인,
금천구,11545,10300,시흥동,1017,11545-1440,관악산신도브래뉴,102,84.8,12,2006,65500,2026-08-15,,,중개거래,개인,개인,26.08.21
금천구,11545,10300,시흥동,1026,11545-1642,남서울힐스테이트,,113.329,1,2014,105000,2026-08-02,,,중개거래,개인,개인,
금천구,11545,10300,시흥동,1026,11545-1642,남서울힐스테이트,,84.677,17,2014,97000,2026-08-13,,,중개거래,개인,개인,
금천구,11545,10300,시흥동,1026,11545-1642,남서울힐스테이트,,84.697,16,2014,98500,2026-08-29,,,중개거래,개인,개인,
금천구,11545,10300,시흥동,1035,11545-3846,그린포레아파트,101,59.98,6,2025,52000,2026-08-13,,,중개거래,개인,개인,26.09.28
금천구,11545,10300,시흥동,109-1,11545-38,무지개,,67.93,6,1980,69000,2026-08-06,,,중개거래,개인,개인,
금천구,11545,10300,시흥동,109-1,11545-38,무지개,,67.93,6,1980,69000,2026-08-06,O,26.09.28,중개거래,개인,개인,
금천구,11545,10300,시흥동,109-1,11545-38,무지개,5,67.93,4,1980,67000,2026-08-01,,,중개거래,개인,개인,26.09.11
금천구,11545,10300,시흥동,384-12,11545-34,남서울건영2,,61.14,2,1989,42000,2026-08-07,,,직거래,개인,개인,
금천구,11545,10300,시흥동,5-13,11545-41,삼익,,59.9,14,1999,48000,2026-08-25,,,중개거래,개인,개인,
금천구,11545,10300,시흥동,5-13,11545-41,삼익,,84.96,17,1999,61800,2026-08-25,,,중개거래,개인,개인,
금천구,11545,10300,시흥동,806,11545-1421,시흥동월드메르디앙,,82.81,9,2006,61500,2026-08-14,,,중개거래,개인,개인,
금천구,11545,10300,시흥동,806,11545-1421,시흥동월드메르디앙,101,82.81,8,2006,60000,2026-08-11,,,중개거래,개인,개인,26.09.04
금천구,11545,10300,시흥동,817-29,11545-45,시흥(817-29),A,39.83,1,1975,26000,2026-08-29,,,중개거래,개인,개인,26.09.11
금천구,11545,10300,시흥동,882-3,11545-2270,우림메르디앙,,53.09,9,2016,40000,2026-08-04,,,직거래,개인,개인,26.08.04
금천구,11545,10300,시흥동,882-61,11545-1734,와이즈플레이스,,14.22,14,2012,8000,2026-08-05,,,중개거래,개인,개인,26.08.12
금천구,11545,10300,시흥동,882-61,11545-1734,와이즈플레이스,,14.22,19,2012,8800,2026-08-12,,,중개거래,개인,개인,26.08.14
금천구,11545,10300,시흥동,959-11,11545-61,백운스위트빌,,64.51,3,2002,35900,2026-08-22,,,중개거래,개인,개인,
금천구,11545,10300,시흥동,977-1,11545-2541,루체클래식,,50.899,6,2019,43500,2026-08-24,,,중개거래,개인,개인,
금천구,11545,10300,시흥동,999-1,11545-79,산호시티빌,,41.58,12,2003,28500,2026-08-07,,,중개거래,개인,개인,
노원구,11350,10200,월계동,12,11350-143,삼호4,,50.18,1,1987,83000,2026-08-01,,,중개거래,개인,개인,
노원구,11350,10200,월계동,12,11350-143,삼호4,,50.18,3,1987,90000,2026-08-17,,,중개거래,개인,개인,
노원구,11350,10200,월계동,12,11350-143,삼호4,,59.49,11,1987,92000,2026-08-14,,,중개거래,개인,개인,
노원구,11350,10200,월계동,12,11350-143,삼호4,,59.49,14,1987,98000,2026-08-31,,,중개거래,개인,개인,
노원구,11350,10200,월계동,12,11350-143,삼호4,,59.49,3,1987,95000,2026-08-06,,,중개거래,개인,개인,
노원구,11350,10200,월계동,12,11350-143,삼호4,,59.49,9,1987,98500,2026-08-21,,,중개거래,개인,개인,
노원구,11350,10200,월계동,13,11350-139,미륭,,51.48,1,1986,97000,2026-08-11,,,중개거래,개인,개인,
노원구,11350,10200,월계동,13,11350-139,미륭,,51.48,10,1986,103000,2026-08-29,,,중개거래,개인,개인,
노원구,11350,10200,월계동,13,11350-139,미륭,,51.48,2,1986,106000,2026-08-31,,,중개거래,개인,개인,
노원구,11350,10200,월계동,13,11350-139,미륭,,51.48,8,1986,100000,2026-08-08,,,중개거래,개인,개인,
노원구,11350,10200,월계동,13,11350-139,미륭,,51.48,9,1986,100000,2026-08-15,,,중개거래,개인,개인,
노원구,11350,10200,월계동,13,11350-140,미성,,33.28,1,1986,77300,2026-08-29,,,중개거래,개인,개인,
노원구,11350,10200,월계동,13,11350-140,미성,,33.28,2,1986,82000,2026-08-25,,,중개거래,개인,개인,
노원구,11350,10200,월계동,13,11350-140,미성,,33.28,5,1986,79500,2026-08-14,,,중개거래,개인,개인,
노원구,11350,10200,월계동,13,11350-140,미성,13,50.14,7,1986,100000,2026-08-08,,,중개거래,개인,개인,26.10.02
노원구,11350,10200,월계동,13,11350-140,미성,14,50.14,12,1986,97500,2026-08-06,,,중개거래,개인,개인,26.10.06
노원구,11350,10200,월계동,13,11350-140,미성,15,50.14,9,1986,101000,2026-08-13,,,중개거래,개인,개인,26.10.02
노원구,11350,10200,월계동,13,11350-197,삼호3,,59.22,10,1986,120000,2026-08-01,,,중개거래,개인,개인,
노원구,11350,10200,월계동,13,11350-197,삼호3,,59.22,13,1986,118500,2026-08-22,,,중개거래,개인,개인,
노원구,11350,10200,월계동,13,11350-197,삼호3,,59.22,14,1986,107500,2026-08-15,,,중개거래,개인,개인,
노원구,11350,10200,월계동,13,11350-197,삼호3,,59.22,2,1986,114500,2026-08-12,,,중개거래,개인,개인,
노원구,11350,10200,월계동,13,11350-197,삼호3,,59.22,3,1986,114500,2026-08-14,,,중개거래,개인,개인,
노원구,11350,10200,월계동,13,11350-197,삼호3,,59.22,5,1986,118500,2026-08-06,,,중개거래,개인,개인,
노원구,11350,10200,월계동,13,11350-197,삼호3,,59.22,6,1986,120000,2026-08-24,,,중개거래,개인,개인,
노원구,11350,10200,월계동,18,11350-133,한진한화그랑빌,,59.94,17,2002,114000,2026-08-21,,,중개거래,개인,개인,
노원구,11350,10200,월계동,18,11350-133,한진한화그랑빌,,59.94,5,2002,103000,2026-08-08,,,중개거래,개인,개인,
노원구,11350,10200,월계동,18,11350-133,한진한화그랑빌,,84.97,1,2002,109000,2026-08-08,,,중개거래,개인,개인,
노원구,11350,10200,월계동,18,11350-133,한진한화그랑빌,109,84.97,14,2002,125000,2026-08-07,,,중개거래,개인,개인,26.10.01
노원구,11350,10200,월계동,320-11,11350-141,사슴3,,33.18,14,1995,39950,2026-08-21,,,중개거래,개인,개인,
노원구,11350,10200,월계동,320-11,11350-141,사슴3,,39.6,8,1995,39500,2026-08-21,,,중개거래,개인,개인,
노원구,11350,10200,월계동,320-11,11350-141,사슴3,,49.5,14,1995,57000,2026-08-20,,,중개거래,개인,개인,
노원구,11350,10200,월계동,322-1,11350-146,성원(사슴4),,49.92,6,1995,66000,2026-08-20,,,중개거래,개인,개인,
노원구,11350,10200,월계동,436,11350-137,동신,,104.36,1,1983,113000,2026-08-31,,,중개거래,개인,개인,
노원구,11350,10200,월계동,436,11350-137,동신,,106.09,4,1983,115000,2026-08-20,,,중개거래,개인,개인,
노원구,11350,10200,월계동,436,11350-137,동신,,106.7,3,1983,108000,2026-08-01,,,중개거래,개인,개인,
노원구,11350,10200,월계동,436,11350-137,동신,,70.81,2,1983,96500,2026-08-22,,,중개거래,개인,개인,
노원구,11350,10200,월계동,436,11350-137,동신,,70.81,5,1983,85500,2026-08-28,,,중개거래,개인,개인,
노원구,11350,10200,월계동,436,11350-137,동신,,71.77,10,1983,100000,2026-08-22,,,중개거래,개인,개인,
노원구,11350,10200,월계동,436,11350-137,동신,,71.77,9,1983,95000,2026-08-01,,,중개거래,개인,개인,
노원구,11350,10200,월계동,436,11350-137,동신,,71.83,11,1983,98500,2026-08-20,,,중개거래,개인,개인,
노원구,11350,10200,월계동,436,11350-137,동신,,71.83,12,1983,80000,2026-08-22,,,중개거래,개인,개인,
노원구,11350,10200,월계동,436,11350-137,동신,,71.83,2,1983,101000,2026-08-31,,,중개거래,개인,개인,
노원구,11350,10200,월계동,436,11350-137,동신,,91.54,3,1983,106000,2026-08-22,,,중개거래,개인,개인,
노원구,11350,10200,월계동,436,11350-137,동신,,91.54,6,1983,100000,2026-08-06,,,중개거래,개인,개인,
노원구,11350,10200,월계동,436,11350-137,동신,,91.54,6,1983,113000,2026-08-28,,,중개거래,개인,개인,
노원구,11350,10200,월계동,436,11350-137,동신,,91.54,9,1983,108000,2026-08-10,,,중개거래,개인,개인,
노원구,11350,10200,월계동,436,11350-137,동신,,91.54,9,1983,110000,2026-08-28,,,중개거래,개인,개인,
노원구,11350,10200,월계동,436,11350-137,동신,,91.6,6,1983,113000,2026-08-29,,,중개거래,개인,개인,
노원구,11350,10200,월계동,436,11350-137,동신,,91.6,7,1983,109500,2026-08-10,,,중개거래,개인,개인,
노원구,11350,10200,월계동,436,11350-137,동신,,92.84,4,1983,97000,2026-08-06,,,중개거래,개인,개인,
노원구,11350,10200,월계동,436,11350-137,동신,,93.38,11,1983,109800,2026-08-13,,,중개거래,개인,개인,
노원구,11350,10200,월계동,436,11350-137,동신,,93.38,2,1983,100000,2026-08-01,,,중개거래,개인,개인,
노원구,11350,10200,월계동,436,11350-137,동신,,93.39,12,1983,112500,2026-08-28,,,중개거래,개인,개인,
노원구,11350,10200,월계동,436,11350-137,동신,6,72.2,1,1983,95000,2026-08-08,,,중개거래,개인,개인,26.09.18
노원구,11350,10200,월계동,436,11350-137,동신,7,93.39,11,1983,98500,2026-08-06,,,중개거래,개인,개인,26.09.23
노원구,11350,10200,월계동,556,11350-149,주공2,,38.64,11,1992,35000,2026-08-13,,,중개거래,개인,개인,
노원구,11350,10200,월계동,556,11350-149,주공2,,38.64,11,1992,36400,2026-08-19,,,중개거래,개인,개인,
노원구,11350,10200,월계동,556,11350-149,주공2,,38.64,4,1992,35000,2026-08-06,,,중개거래,개인,개인,
노원구,11350,10200,월계동,556,11350-149,주공2,,38.64,9,1992,34000,2026-08-24,,,중개거래,개인,개인,
노원구,11350,10200,월계동,556,11350-149,주공2,,44.52,3,1992,28000,2026-08-21,O,26.08.28,직거래,개인,개인,
노원구,11350,10200,월계동,556,11350-149,주공2,,44.94,11,1992,40200,2026-08-07,,,중개거래,개인,개인,
노원구,11350,10200,월계동,556,11350-149,주공2,,44.94,8,1992,42800,2026-08-18,,,중개거래,개인,개인,
노원구,11350,10200,월계동,556,11350-149,주공2,201,44.52,7,1992,41000,2026-08-07,,,중개거래,개인,개인,26.09.30
노원구,11350,10200,월계동,556,11350-149,주공2,208,44.52,3,1992,28000,2026-08-22,,,직거래,개인,개인,26.08.28
노원구,11350,10200,월계동,556,11350-149,주공2,211,44.52,15,1992,37700,2026-08-07,,,중개거래,개인,개인,26.10.02
노원구,11350,10200,월계동,556,11350-149,주공2,215,38.64,9,1992,34000,2026-08-05,,,중개거래,개인,개인,26.09.28
노원구,11350,10200,월계동,775,11350-136,대우,,99.98,12,1998,77000,2026-08-31,,,중개거래,개인,개인,
노원구,11350,10200,월계동,775,11350-136,대우,,99.98,3,1998,74500,2026-08-24,,,중개거래,개인,개인,
노원구,11350,10200,월계동,781,11350-151,청백4,,59.4,1,1998,43500,2026-08-10,,,중개거래,개인,개인,
노원구,11350,10200,월계동,922,11350-144,서광,,59.96,7,1994,64500,2026-08-07,O,26.08.11,직거래,개인,개인,
노원구,11350,10200,월계동,923,11350-153,초안1,,39.6,3,1998,25800,2026-08-31,,,중개거래,개인,개인,
노원구,11350,10200,월계동,923,11350-153,초안1,,49.6,5,1998,40000,2026-08-13,,,중개거래,개인,개인,
노원구,11350,10200,월계동,924,11350-152,초안2,,39.6,12,1997,28300,2026-08-27,,,중개거래,개인,개인,
노원구,11350,10200,월계동,924,11350-152,초안2,,39.6,5,1997,27500,2026-08-06,,,중개거래,개인,개인,
노원구,11350,10200,월계동,924,11350-152,초안2,,49.6,11,1997,39800,2026-08-12,,,중개거래,개인,개인,
노원구,11350,10200,월계동,924,11350-152,초안2,,59.85,13,1997,46000,2026-08-24,,,중개거래,개인,개인,
노원구,11350,10200,월계동,924,11350-152,초안2,,59.85,6,1997,44800,2026-08-14,,,중개거래,개인,개인,
노원구,11350,10200,월계동,924,11350-152,초안2,,59.85,7,1997,41300,2026-08-18,,,중개거래,개인,개인,
노원구,11350,10200,월계동,924,11350-152,초안2,201,39.6,3,1997,27600,2026-08-07,,,중개거래,개인,개인,26.10.01
노원구,11350,10200,월계동,925,11350-135,대동,,59.76,6,1997,69000,2026-08-14,,,중개거래,개인,개인,
노원구,11350,10200,월계동,925,11350-135,대동,,84.85,9,1997,89000,2026-08-14,,,중개거래,개인,개인,
노원구,11350,10200,월계동,929,11350-156,현대,,59.95,11,2000,94500,2026-08-07,,,중개거래,개인,개인,
노원구,11350,10200,월계동,929,11350-156,현대,,59.95,8,2000,96000,2026-08-29,,,중개거래,개인,개인,
노원구,11350,10200,월계동,929,11350-156,현대,,84.98,16,2000,120000,2026-08-01,,,중개거래,개인,개인,
노원구,11350,10200,월계동,939,11350-224,월계흥화브라운빌,,84.91,14,2004,70000,2026-08-18,,,중개거래,개인,개인,
노원구,11350,10200,월계동,939,11350-224,월계흥화브라운빌,,84.91,4,2004,64400,2026-08-10,,,중개거래,개인,개인,
노원구,11350,10200,월계동,941,11350-1662,성북역신도브래뉴,103,84.8437,9,2005,85000,2026-08-03,,,중개거래,개인,개인,26.10.02
노원구,11350,10200,월계동,942,11350-1663,월계역신도브래뉴,,59.8587,2,2005,54000,2026-08-02,,,직거래,개인,개인,
노원구,11350,10200,월계동,943,11350-1664,세양청마루,101,84.957,2,2005,72000,2026-08-09,,,중개거래,개인,개인,26.09.15
노원구,11350,10200,월계동,944,11350-1665,풍림아이원,,59.149,9,2005,107000,2026-08-22,,,중개거래,개인,개인,
노원구,11350,10200,월계동,944,11350-1665,풍림아이원,,84.303,13,2005,111000,2026-08-06,,,중개거래,개인,개인,
노원구,11350,10200,월계동,944,11350-1665,풍림아이원,,84.303,20,2005,109000,2026-08-19,,,중개거래,개인,개인,
노원구,11350,10200,월계동,944,11350-1665,풍림아이원,108,59.149,11,2005,109500,2026-08-04,,,중개거래,개인,개인,26.10.01
노원구,11350,10200,월계동,945,11350-1719,초안산쌍용스윗닷홈,,59.92,5,2006,55500,2026-08-14,,,중개거래,개인,개인,
노원구,11350,10200,월계동,945,11350-1719,초안산쌍용스윗닷홈,,59.92,6,2006,59000,2026-08-18,,,중개거래,개인,개인,
노원구,11350,10200,월계동,945,11350-1719,초안산쌍용스윗닷홈,,84.69,11,2006,69000,2026-08-15,,,중개거래,개인,개인,
노원구,11350,10200,월계동,947,11350-1734,롯데캐슬루나,,127.0318,6,2006,80000,2026-08-18,O,26.09.17,직거래,개인,개인,
노원구,11350,10200,월계동,947,11350-1734,롯데캐슬루나,,84.9852,3,2006,100000,2026-08-19,,,중개거래,개인,개인,
노원구,11350,10200,월계동,949,11350-2140,꿈의숲SKVIEW,,59.92,8,2016,95000,2026-08-20,,,중개거래,개인,개인,
노원구,11350,10200,월계동,949,11350-2140,꿈의숲SKVIEW,106,59.92,16,2016,95000,2026-08-04,,,중개거래,개인,개인,26.10.02
노원구,11350,10200,월계동,951,11350-2280,월계센트럴아이파크,,59.99,7,2020,108500,2026-08-27,,,중개거래,개인,개인,
노원구,11350,10300,공릉동,106,11350-190,공릉해링턴플레이스,,134.914,13,2000,113000,2026-08-21,,,중개거래,개인,개인,
노원구,11350,10300,공릉동,108,11350-177,우방아파트,,60.502,5,2000,68000,2026-08-08,,,중개거래,개인,개인,
노원구,11350,10300,공릉동,108,11350-177,우방아파트,,60.502,8,2000,68500,2026-08-06,,,중개거래,개인,개인,
노원구,11350,10300,공릉동,108,11350-177,우방아파트,,60.502,9,2000,68500,2026-08-06,,,중개거래,개인,개인,
노원구,11350,10300,공릉동,108,11350-177,우방아파트,,61.151,10,2000,67000,2026-08-26,,,중개거래,개인,개인,
노원구,11350,10300,공릉동,108,11350-177,우방아파트,,84.881,5,2000,76000,2026-08-07,,,중개거래,개인,개인,
노원구,11350,10300,공릉동,108,11350-177,우방아파트,,84.881,7,2000,78000,2026-08-11,,,중개거래,개인,개인,
노원구,11350,10300,공릉동,108,11350-177,우방아파트,,84.881,9,2000,76500,2026-08-27,,,중개거래,개인,개인,
노원구,11350,10300,공릉동,109,11350-169,비선아파트,,48.6,3,1999,45800,2026-08-13,,,중개거래,개인,개인,
노원구,11350,10300,공릉동,109,11350-169,비선아파트,,48.6,9,1999,47900,2026-08-27,,,중개거래,개인,개인,
노원구,11350,10300,공릉동,109,11350-169,비선아파트,,48.93,1,1999,53000,2026-08-08,,,중개거래,개인,개인,
노원구,11350,10300,공릉동,109,11350-169,비선아파트,,48.93,9,1999,59700,2026-08-25,,,중개거래,개인,개인,
노원구,11350,10300,공릉동,109,11350-169,비선아파트,,59.74,13,1999,67000,2026-08-10,,,중개거래,개인,개인,
노원구,11350,10300,공릉동,109,11350-169,비선아파트,501,48.6,10,1999,59500,2026-08-12,,,중개거래,개인,개인,26.09.03
노원구,11350,10300,공릉동,111,11350-187,화랑타운아파트,,84.65,4,2000,91000,2026-08-12,,,중개거래,개인,개인,
노원구,11350,10300,공릉동,254,11350-178,태릉우성아파트,,66.87,8,1985,72000,2026-08-31,,,중개거래,개인,개인,
노원구,11350,10300,공릉동,254,11350-178,태릉우성아파트,,84.97,4,1985,91500,2026-08-06,,,중개거래,개인,개인,
노원구,11350,10300,공릉동,254,11350-178,태릉우성아파트,,84.97,6,1985,85000,2026-08-31,,,직거래,개인,개인,
노원구,11350,10300,공릉동,254,11350-178,태릉우성아파트,,84.97,7,1985,82500,2026-08-14,,,중개거래,개인,개인,
노원구,11350,10300,공릉동,370-4,11350-176,신원아파트,,84.99,7,2000,64500,2026-08-21,,,중개거래,개인,개인,
노원구,11350,10300,공릉동,370-4,11350-176,신원아파트,101,59.59,8,2000,47000,2026-08-21,,,중개거래,개인,개인,26.09.29
노원구,11350,10300,공릉동,370-4,11350-176,신원아파트,101,59.59,9,2000,54800,2026-08-10,,,중개거래,개인,개인,26.09.30
노원구,11350,10300,공릉동,371-11,11350-1668,서일이츠뷰,,84.983,6,2005,66000,2026-08-14,,,중개거래,개인,개인,
노원구,11350,10300,공릉동,382-14,11350-175,신명아파트,,84.55,2,1995,60000,2026-08-07,,,중개거래,개인,개인,
노원구,11350,10300,공릉동,408-23,11350-1739,한진아파트,,84.85,4,2007,55000,2026-08-19,,,중개거래,개인,개인,
노원구,11350,10300,공릉동,492-1,11350-164,대아2차아파트,,114.96,3,2000,70700,2026-08-05,,,중개거래,개인,개인,
노원구,11350,10300,공릉동,492-1,11350-164,대아2차아파트,101,59.88,10,2000,60000,2026-08-03,,,중개거래,개인,개인,26.10.06
노원구,11350,10300,공릉동,586-15,11350-1733,보람노블레스아파트,,84.51,6,2006,57000,2026-08-31,,,중개거래,개인,개인,
노원구,11350,10300,공릉동,590-1,11350-199,현대(고려)아파트,101,84.09,1,1999,65800,2026-08-10,,,중개거래,개인,개인,26.09.18
노원구,11350,10300,공릉동,590-1,11350-199,현대(고려)아파트,101,84.09,2,1999,71000,2026-08-05,,,중개거래,개인,개인,26.09.18
노원구,11350,10300,공릉동,670-20,11350-2139,노원프레미어스엠코,,84.0261,32,2016,100000,2026-08-01,,,중개거래,개인,개인,
노원구,11350,10300,공릉동,683-14,11350-2019,한일휴니스빌,,13.62,9,2013,13200,2026-08-01,,,중개거래,개인,개인,26.08.26
노원구,11350,10300,공릉동,705,11350-166,동부아파트,,84.79,2,1996,70000,2026-08-19,,,중개거래,개인,개인,
노원구,11350,10300,공릉동,707,11350-160,시영2단지(라이프)아파트,,34.44,13,1994,36300,2026-08-08,,,중개거래,개인,개인,
노원구,11350,10300,공릉동,707,11350-160,시영2단지(라이프)아파트,,39.6,12,1994,40000,2026-08-08,,,중개거래,개인,개인,
노원구,11350,10300,공릉동,707,11350-160,시영2단지(라이프)아파트,,39.6,14,1994,47000,2026-08-06,,,중개거래,개인,개인,
노원구,11350,10300,공릉동,707,11350-160,시영2단지(라이프)아파트,,39.6,5,1994,42500,2026-08-01,,,중개거래,개인,개인,
노원구,11350,10300,공릉동,707,11350-160,시영2단지(라이프)아파트,,39.6,7,1994,45000,2026-08-06,,,중개거래,개인,개인,
노원구,11350,10300,공릉동,707,11350-160,시영2단지(라이프)아파트,201,39.6,4,1994,47700,2026-08-07,,,중개거래,개인,개인,26.09.15
노원구,11350,10300,공릉동,714,11350-171,삼익4단지아파트,,39.6,14,1994,44200,2026-08-07,,,중개거래,개인,개인,
노원구,11350,10300,공릉동,714,11350-171,삼익4단지아파트,,39.6,5,1994,42300,2026-08-04,,,중개거래,개인,개인,
노원구,11350,10300,공릉동,715,11350-173,시영3차(라이프)아파트,,34.44,4,1994,37000,2026-08-08,,,중개거래,개인,개인,
노원구,11350,10300,공릉동,715,11350-173,시영3차(라이프)아파트,,39.6,7,1994,45800,2026-08-03,O,26.09.14,중개거래,개인,개인,
노원구,11350,10300,공릉동,715,11350-173,시영3차(라이프)아파트,301,39.6,10,1994,46800,2026-08-04,,,중개거래,개인,개인,26.09.30
노원구,11350,10300,공릉동,715,11350-173,시영3차(라이프)아파트,302,39.6,7,1994,45800,2026-08-03,,,중개거래,개인,개인,26.09.18
노원구,11350,10300,공릉동,725,11350-183,풍림아파트A,,59.94,5,2001,85000,2026-08-04,,,중개거래,개인,개인,
노원구,11350,10300,공릉동,725,11350-183,풍림아파트A,,59.94,8,2001,88000,2026-08-12,,,중개거래,개인,개인,
노원구,11350,10300,공릉동,725,11350-183,풍림아파트A,,84.99,20,2001,99500,2026-08-17,,,중개거래,개인,개인,
노원구,11350,10300,공릉동,727,11350-209,풍림아파트B,,31.32,14,2001,31800,2026-08-14,,,중개거래,개인,개인,
노원구,11350,10300,공릉동,737,11350-172,삼익포레스트아파트,,114.88,5,1995,82000,2026-08-26,,,중개거래,개인,개인,
노원구,11350,10300,공릉동,737,11350-172,삼익포레스트아파트,,51.03,4,1995,53500,2026-08-02,,,중개거래,개인,개인,
노원구,11350,10300,공릉동,738,11350-198,공릉우성아파트,,84.97,9,1995,74500,2026-08-01,,,중개거래,개인,개인,
노원구,11350,10300,공릉동,741,11350-186,현대성우아파트,,59.98,10,2000,57500,2026-08-28,,,중개거래,개인,개인,
노원구,11350,10300,공릉동,741,11350-186,현대성우아파트,,59.98,15,2000,64000,2026-08-30,,,중개거래,개인,개인,
노원구,11350,10300,공릉동,741,11350-186,현대성우아파트,,84.96,18,2000,74000,2026-08-06,,,중개거래,개인,개인,
노원구,11350,10300,공릉동,742,11350-188,효성아파트,,73.18,5,1995,74000,2026-08-26,,,중개거래,개인,개인,
노원구,11350,10300,공릉동,742,11350-188,효성아파트,,84.66,3,1995,83300,2026-08-28,,,중개거래,개인,개인,
노원구,11350,10300,공릉동,742,11350-188,효성아파트,,84.66,4,1995,82500,2026-08-08,,,중개거래,개인,개인,
노원구,11350,10300,공릉동,742,11350-188,효성아파트,106,73.18,1,1995,77300,2026-08-26,,,중개거래,개인,개인,26.09.18
노원구,11350,10300,공릉동,743,11350-184,공릉동한보에센시티아파트,,114.84,4,2000,85000,2026-08-28,,,직거래,개인,개인,
노원구,11350,10300,공릉동,743,11350-184,공릉동한보에센시티아파트,,59.4,5,2000,60000,2026-08-26,,,중개거래,개인,개인,
노원구,11350,10300,공릉동,744,11350-159,건영장미아파트,,59.87,4,1999,52750,2026-08-09,,,중개거래,개인,개인,
노원구,11350,10300,공릉동,744,11350-159,건영장미아파트,,84.88,2,1999,70000,2026-08-13,,,중개거래,개인,개인,
노원구,11350,10300,공릉동,745,11350-167,동신아파트,,84.97,21,1999,82300,2026-08-29,,,중개거래,개인,개인,
노원구,11350,10300,공릉동,746,11350-189,화랑해링턴플레이스아파트,,126.78,5,1999,84500,2026-08-13,,,중개거래,개인,개인,
노원구,11350,10300,공릉동,746,11350-189,화랑해링턴플레이스아파트,,84.75,9,1999,77000,2026-08-08,,,중개거래,개인,개인,
노원구,11350,10300,공릉동,747,11350-168,두산힐스빌아파트,,114.72,10,2000,107000,2026-08-15,,,중개거래,개인,개인,
노원구,11350,10300,공릉동,747,11350-168,두산힐스빌아파트,,60,21,2000,73500,2026-08-14,,,중개거래,개인,개인,
노원구,11350,10300,공릉동,747,11350-168,두산힐스빌아파트,,60,21,2000,73500,2026-08-14,O,26.08.26,중개거래,개인,개인,
노원구,11350,10300,공릉동,747,11350-168,두산힐스빌아파트,,84.9,6,2000,93000,2026-08-06,,,중개거래,개인,개인,
노원구,11350,10300,공릉동,748,11350-174,신도1차아파트,,131.7554,12,2002,90000,2026-08-13,,,중개거래,개인,개인,
노원구,11350,10300,공릉동,748,11350-174,신도1차아파트,,72.8129,15,2002,83000,2026-08-03,,,중개거래,개인,개인,
노원구,11350,10300,공릉동,748,11350-174,신도1차아파트,,72.8129,18,2002,87700,2026-08-03,,,중개거래,개인,개인,
노원구,11350,10300,공릉동,751,11350-196,대주파크빌아파트,,81.773,3,2003,69800,2026-08-18,,,중개거래,개인,개인,
노원구,11350,10300,공릉동,754,11350-235,삼익2차아파트,,54.74,2,2004,56000,2026-08-09,,,중개거래,개인,개인,
노원구,11350,10300,공릉동,754,11350-235,삼익2차아파트,,54.74,8,2004,62500,2026-08-08,,,중개거래,개인,개인,
노원구,11350,10300,공릉동,755,11350-236,비콘아파트,101,65.221,10,2004,63000,2026-08-04,,,중개거래,개인,개인,26.09.22
노원구,11350,10300,공릉동,756,11350-237,신성미소지움아파트,,84.996,11,2004,55000,2026-08-13,,,중개거래,개인,개인,
노원구,11350,10300,공릉동,757,11350-1724,우국리더스빌,,65.6,8,2006,58000,2026-08-05,,,중개거래,개인,개인,26.08.27
노원구,11350,10300,공릉동,758,11350-2313,태릉해링턴플레이스,,49.98,5,2022,89000,2026-08-21,,,중개거래,개인,개인,
노원구,11350,10300,공릉동,758,11350-2313,태릉해링턴플레이스,,59.98,1,2022,94500,2026-08-15,,,중개거래,개인,개인,
노원구,11350,10300,공릉동,758,11350-2313,태릉해링턴플레이스,,59.98,18,2022,101800,2026-08-08,,,중개거래,개인,개인,
노원구,11350,10300,공릉동,758,11350-2313,태릉해링턴플레이스,,59.98,5,2022,104000,2026-08-20,,,중개거래,개인,개인,
노원구,11350,10300,공릉동,758,11350-2313,태릉해링턴플레이스,,74.95,23,2022,115750,2026-08-05,,,중개거래,개인,개인,
노원구,11350,10300,공릉동,758,11350-2313,태릉해링턴플레이스,,74.96,13,2022,113000,2026-08-22,,,중개거래,개인,개인,
노원구,11350,10300,공릉동,758,11350-2313,태릉해링턴플레이스,,84.98,19,2022,134800,2026-08-14,,,중개거래,개인,개인,
노원구,11350,10300,공릉동,758,11350-2313,태릉해링턴플레이스,,84.98,4,2022,144500,2026-08-17,,,중개거래,개인,개인,
노원구,11350,10300,공릉동,759,11350-1828,태승훼미리아파트,,45.31,9,2009,43500,2026-08-26,,,중개거래,개인,개인,
노원구,11350,10300,공릉동,81,11350-182,태강아파트(아이파크),,49.6,1,1999,58000,2026-08-24,,,중개거래,개인,개인,
노원구,11350,10300,공릉동,81,11350-182,태강아파트(아이파크),,49.6,1,1999,59500,2026-08-10,,,중개거래,개인,개인,
노원구,11350,10300,공릉동,81,11350-182,태강아파트(아이파크),,49.6,12,1999,64700,2026-08-08,,,중개거래,개인,개인,
노원구,11350,10300,공릉동,81,11350-182,태강아파트(아이파크),,49.6,2,1999,62900,2026-08-11,,,중개거래,개인,개인,
노원구,11350,10300,공릉동,81,11350-182,태강아파트(아이파크),,49.6,2,1999,63800,2026-08-07,,,중개거래,개인,개인,
노원구,11350,10300,공릉동,81,11350-182,태강아파트(아이파크),,49.6,6,1999,65800,2026-08-08,,,중개거래,개인,개인,
노원구,11350,10300,공릉동,81,11350-182,태강아파트(아이파크),,49.6,7,1999,64700,2026-08-31,,,중개거래,개인,개인,
노원구,11350,10300,공릉동,81,11350-182,태강아파트(아이파크),,49.6,8,1999,65000,2026-08-08,,,중개거래,개인,개인,
노원구,11350,10300,공릉동,81,11350-182,태강아파트(아이파크),,49.6,8,1999,69000,2026-08-22,,,중개거래,개인,개인,
노원구,11350,10300,공릉동,81,11350-182,태강아파트(아이파크),,49.6,9,1999,65000,2026-08-15,,,중개거래,개인,개인,
노원구,11350,10300,공릉동,81,11350-182,태강아파트(아이파크),,49.6,9,1999,66000,2026-08-08,,,중개거래,개인,개인,
노원구,11350,10300,공릉동,81,11350-182,태강아파트(아이파크),1004,49.6,6,1999,66000,2026-08-08,,,중개거래,개인,개인,26.10.01
노원구,11350,10300,공릉동,91,11350-180,청솔아파트8,,84.65,1,2000,75000,2026-08-29,,,중개거래,개인,개인,
노원구,11350,10300,공릉동,91,11350-180,청솔아파트8,,84.83,10,2000,84500,2026-08-27,,,중개거래,개인,개인,
노원구,11350,10400,하계동,251,11350-78,하계1청구,,84.6,1,1997,83500,2026-08-08,,,중개거래,개인,개인,
노원구,11350,10400,하계동,251,11350-78,하계1청구,,84.6,14,1997,98000,2026-08-06,,,중개거래,개인,법인,
노원구,11350,10400,하계동,270,11350-85,현대,104,84.95,3,1988,115000,2026-08-01,,,중개거래,개인,개인,26.09.30
노원구,11350,10400,하계동,271-3,11350-68,극동,,55.72,14,1988,70000,2026-08-06,,,중개거래,개인,개인,
노원구,11350,10400,하계동,271-3,11350-68,극동,,70.56,12,1988,84300,2026-08-15,,,중개거래,개인,개인,
노원구,11350,10400,하계동,271-3,11350-68,극동,,70.56,8,1988,83500,2026-08-10,,,중개거래,개인,개인,
노원구,11350,10400,하계동,271-3,11350-70,벽산,,84.85,2,1988,98000,2026-08-24,,,중개거래,개인,개인,
노원구,11350,10400,하계동,271-3,11350-70,벽산,,84.85,9,1988,101700,2026-08-10,,,중개거래,개인,개인,
노원구,11350,10400,하계동,273,11350-72,장미(시영6),,39.78,4,1989,60000,2026-08-18,,,중개거래,개인,개인,
노원구,11350,10400,하계동,273,11350-72,장미(시영6),,39.92,11,1989,64000,2026-08-29,,,중개거래,개인,개인,
노원구,11350,10400,하계동,273,11350-72,장미(시영6),,39.92,6,1989,64000,2026-08-25,,,중개거래,개인,개인,
노원구,11350,10400,하계동,273,11350-72,장미(시영6),,49.5,10,1989,60000,2026-08-25,,,중개거래,개인,개인,
노원구,11350,10400,하계동,273,11350-72,장미(시영6),,49.5,10,1989,73000,2026-08-03,,,중개거래,개인,개인,
노원구,11350,10400,하계동,273,11350-72,장미(시영6),,49.5,2,1989,72500,2026-08-05,,,중개거래,개인,개인,
노원구,11350,10400,하계동,273,11350-72,장미(시영6),,49.5,3,1989,76000,2026-08-01,,,중개거래,개인,개인,
노원구,11350,10400,하계동,273,11350-72,장미(시영6),,49.5,4,1989,77500,2026-08-24,,,중개거래,개인,개인,
노원구,11350,10400,하계동,273,11350-72,장미(시영6),,59.22,10,1989,88000,2026-08-07,,,중개거래,개인,개인,
노원구,11350,10400,하계동,273,11350-72,장미(시영6),,59.22,5,1989,87000,2026-08-21,,,중개거래,개인,개인,
노원구,11350,10400,하계동,274,11350-73,청솔(시영7),,39.78,10,1989,58000,2026-08-25,,,중개거래,개인,개인,
노원구,11350,10400,하계동,274,11350-73,청솔(시영7),,39.92,5,1989,50000,2026-08-08,,,중개거래,개인,개인,
노원구,11350,10400,하계동,274,11350-73,청솔(시영7),,49.5,1,1989,59700,2026-08-27,,,중개거래,개인,개인,
노원구,11350,10400,하계동,274,11350-73,청솔(시영7),707,49.5,7,1989,59900,2026-08-05,,,중개거래,개인,개인,26.09.30
노원구,11350,10400,하계동,280,11350-69,미성,,72.17,6,1989,89000,2026-08-14,,,중개거래,개인,개인,
노원구,11350,10400,하계동,284,11350-76,청구,,70.69,7,1988,85000,2026-08-26,,,중개거래,개인,개인,
노원구,11350,10400,하계동,284,11350-76,청구,,84.97,9,1988,96500,2026-08-08,,,중개거래,개인,개인,
노원구,11350,10400,하계동,284,11350-81,한신1,,27,3,1988,35000,2026-08-08,,,중개거래,개인,개인,
노원구,11350,10400,하계동,284,11350-81,한신1,,44.52,4,1988,61000,2026-08-19,,,중개거래,개인,개인,
노원구,11350,10400,하계동,284,11350-81,한신1,2,27,6,1988,38000,2026-08-17,,,중개거래,개인,개인,26.09.21
노원구,11350,10400,하계동,284,11350-81,한신1,2,35.28,10,1988,50000,2026-08-31,,,중개거래,개인,개인,26.09.30
노원구,11350,10400,하계동,284,11350-82,한신2,4,35.28,3,1988,49000,2026-08-29,,,중개거래,개인,개인,26.09.23
노원구,11350,10400,하계동,354,11350-80,학여울청구,,84.77,15,1999,99000,2026-08-11,,,중개거래,개인,개인,
노원구,11350,10400,하계동,354,11350-80,학여울청구,,84.77,3,1999,93000,2026-08-20,,,중개거래,개인,개인,
노원구,11350,10500,상계동,1063,11350-53,상계현대3차,,84.96,12,1999,68500,2026-08-14,,,중개거래,개인,개인,
노원구,11350,10500,상계동,1068,11350-44,중앙하이츠(5지역),,84.87,1,1996,53000,2026-08-25,,,중개거래,개인,개인,
노원구,11350,10500,상계동,1078,11350-52,현대2차,,82.68,2,1993,60000,2026-08-29,,,중개거래,개인,개인,
노원구,11350,10500,상계동,1110,11350-28,두산,,41.85,10,1994,39000,2026-08-15,,,중개거래,개인,개인,
노원구,11350,10500,상계동,1110,11350-28,두산,,51.66,1,1994,41700,2026-08-04,,,중개거래,개인,개인,
노원구,11350,10500,상계동,1110,11350-28,두산,,51.66,6,1994,49000,2026-08-08,,,중개거래,개인,개인,
노원구,11350,10500,상계동,1110,11350-28,두산,,58.65,1,1994,46000,2026-08-06,,,중개거래,개인,개인,
노원구,11350,10500,상계동,1110,11350-28,두산,,58.65,11,1994,56500,2026-08-24,,,중개거래,개인,개인,
노원구,11350,10500,상계동,1110,11350-28,두산,,59.97,11,1994,59000,2026-08-08,,,중개거래,개인,개인,
노원구,11350,10500,상계동,1110,11350-28,두산,,67.43,1,1994,57700,2026-08-27,,,중개거래,개인,개인,
노원구,11350,10500,상계동,1128,11350-1,극동늘푸른,,84.514,9,2000,78900,2026-08-24,,,중개거래,개인,개인,
노원구,11350,10500,상계동,1255,11350-19,은빛1단지,,39.7,10,1998,35000,2026-08-17,,,중개거래,개인,개인,
노원구,11350,10500,상계동,1255,11350-19,은빛1단지,,49.77,1,1998,40500,2026-08-14,,,중개거래,개인,개인,
노원구,11350,10500,상계동,1255,11350-19,은빛1단지,,49.77,8,1998,49500,2026-08-09,,,중개거래,개인,개인,
노원구,11350,10500,상계동,1255,11350-19,은빛1단지,,59.92,9,1998,57000,2026-08-17,,,중개거래,개인,개인,
노원구,11350,10500,상계동,1255,11350-19,은빛1단지,,59.95,15,1998,57500,2026-08-10,,,중개거래,개인,개인,
노원구,11350,10500,상계동,1255,11350-19,은빛1단지,,59.95,4,1998,55900,2026-08-22,,,중개거래,개인,개인,
노원구,11350,10500,상계동,1255,11350-19,은빛1단지,,59.95,8,1998,56000,2026-08-12,,,중개거래,개인,개인,
노원구,11350,10500,상계동,1255,11350-19,은빛1단지,103,59.95,13,1998,40000,2026-08-19,,,직거래,개인,개인,26.08.26
노원구,11350,10500,상계동,1255,11350-19,은빛1단지,104,39.7,3,1998,33000,2026-08-28,,,중개거래,개인,개인,26.09.22
노원구,11350,10500,상계동,1256,11350-20,은빛2단지,,39.7,13,1998,36500,2026-08-12,,,중개거래,개인,개인,
노원구,11350,10500,상계동,1256,11350-20,은빛2단지,,59.92,10,1998,55700,2026-08-12,,,중개거래,개인,개인,
노원구,11350,10500,상계동,1256,11350-20,은빛2단지,,59.95,15,1998,54000,2026-08-26,,,중개거래,개인,개인,
노원구,11350,10500,상계동,1256,11350-20,은빛2단지,,59.95,2,1998,62500,2026-08-22,,,중개거래,개인,개인,
노원구,11350,10500,상계동,1256,11350-20,은빛2단지,,59.95,4,1998,55000,2026-08-10,,,중개거래,개인,개인,
노원구,11350,10500,상계동,1256,11350-20,은빛2단지,,59.95,5,1998,56000,2026-08-08,,,중개거래,개인,개인,
노원구,11350,10500,상계동,1256,11350-20,은빛2단지,,59.95,7,1998,58000,2026-08-10,O,26.09.16,중개거래,개인,개인,
노원구,11350,10500,상계동,1256,11350-20,은빛2단지,202,59.95,4,1998,57000,2026-08-22,,,중개거래,개인,개인,26.09.30
노원구,11350,10500,상계동,1256,11350-20,은빛2단지,203,49.77,4,1998,48000,2026-08-12,,,중개거래,개인,개인,26.09.30
노원구,11350,10500,상계동,1256,11350-20,은빛2단지,203,49.77,9,1998,50000,2026-08-24,,,중개거래,개인,개인,26.09.17
노원구,11350,10500,상계동,1276,11350-62,청암2단지,,49.77,4,2001,45000,2026-08-29,,,중개거래,개인,개인,
노원구,11350,10500,상계동,1276,11350-62,청암2단지,,49.77,5,2001,48500,2026-08-29,,,중개거래,개인,개인,
노원구,11350,10500,상계동,1276,11350-62,청암2단지,,59.4,10,2001,58000,2026-08-19,,,중개거래,개인,개인,
노원구,11350,10500,상계동,1276,11350-62,청암2단지,204,49.77,15,2001,33000,2026-08-12,,,직거래,개인,개인,26.08.21
노원구,11350,10500,상계동,1277,11350-22,수락한신,,59.95,11,1997,51000,2026-08-10,,,중개거래,개인,개인,
노원구,11350,10500,상계동,1280,11350-55,희락,,59.73,4,1997,36900,2026-08-07,,,중개거래,개인,개인,
노원구,11350,10500,상계동,1282,11350-16,상계2차중앙하이츠,,59.82,15,1998,72000,2026-08-11,,,중개거래,개인,개인,
노원구,11350,10500,상계동,1282,11350-16,상계2차중앙하이츠,,84.6,16,1998,84500,2026-08-29,,,중개거래,개인,개인,
노원구,11350,10500,상계동,1283,11350-21,성원상떼빌,,59.93,20,1999,48000,2026-08-29,,,중개거래,개인,개인,
노원구,11350,10500,상계동,1283,11350-21,성원상떼빌,,59.93,4,1999,49500,2026-08-07,,,중개거래,개인,개인,
노원구,11350,10500,상계동,1284,11350-4,대동황토방,,60,23,2001,63000,2026-08-29,,,중개거래,개인,개인,
노원구,11350,10500,상계동,1289,11350-17,상계불암대림,,59.22,6,2000,60000,2026-08-17,,,중개거래,개인,법인,
노원구,11350,10500,상계동,1289,11350-17,상계불암대림,,84.96,12,2000,74000,2026-08-19,,,중개거래,개인,개인,
노원구,11350,10500,상계동,1293,11350-14,불암현대,,59.4,12,1999,56500,2026-08-19,,,중개거래,개인,개인,
노원구,11350,10500,상계동,1293,11350-14,불암현대,,59.4,13,1999,52000,2026-08-08,,,중개거래,개인,개인,
노원구,11350,10500,상계동,1293,11350-14,불암현대,,59.4,19,1999,55000,2026-08-20,,,중개거래,개인,개인,
노원구,11350,10500,상계동,1293,11350-14,불암현대,,59.4,2,1999,46500,2026-08-14,,,중개거래,개인,개인,
노원구,11350,10500,상계동,1293,11350-14,불암현대,,59.4,2,1999,51000,2026-08-10,,,중개거래,개인,개인,
노원구,11350,10500,상계동,1293,11350-14,불암현대,,59.4,22,1999,48000,2026-08-29,,,중개거래,개인,개인,
노원구,11350,10500,상계동,1293,11350-14,불암현대,,84.9,15,1999,62500,2026-08-07,,,중개거래,개인,개인,
노원구,11350,10500,상계동,1293,11350-14,불암현대,,84.9,22,1999,72000,2026-08-08,,,중개거래,개인,개인,
노원구,11350,10500,상계동,1293,11350-14,불암현대,,84.9,4,1999,64500,2026-08-27,,,중개거래,개인,개인,
노원구,11350,10500,상계동,1297,11350-64,상록수2단지,201,77.257,7,2002,48000,2026-08-22,,,중개거래,개인,개인,26.09.30
노원구,11350,10500,상계동,1299,11350-59,양우,,79.4198,19,2002,73000,2026-08-07,,,중개거래,개인,개인,
노원구,11350,10500,상계동,1299,11350-59,양우,102,110.5345,4,2002,83500,2026-08-05,,,중개거래,개인,법인,26.09.15
노원구,11350,10500,상계동,1301,11350-66,상계대림e편한세상,,83.87,4,2002,61000,2026-08-15,,,중개거래,개인,개인,
노원구,11350,10500,상계동,1305,11350-214,동양엔파트,,84.88,12,2003,90000,2026-08-09,,,중개거래,개인,개인,
노원구,11350,10500,상계동,1305,11350-214,동양엔파트,,84.88,19,2003,93000,2026-08-31,,,중개거래,개인,개인,
노원구,11350,10500,상계동,1307,11350-245,우림루미아트201동,,84.569,3,2004,71900,2026-08-29,,,중개거래,개인,개인,
노원구,11350,10500,상계동,1310,11350-1677,비콘드림힐3,,84.978,2,2005,73000,2026-08-27,,,중개거래,개인,개인,
노원구,11350,10500,상계동,1312,11350-1825,수락리버시티3단지,,84.81,13,2009,68000,2026-08-20,,,중개거래,개인,개인,
노원구,11350,10500,상계동,1313,11350-1826,수락리버시티4단지,,59.9,3,2009,61700,2026-08-11,,,중개거래,개인,개인,
노원구,11350,10500,상계동,1318,11350-1831,노원IPARK,,110.17,4,2009,80000,2026-08-25,,,중개거래,개인,개인,
노원구,11350,10500,상계동,1318,11350-1831,노원IPARK,,178.33,11,2009,93000,2026-08-25,,,중개거래,개인,개인,
노원구,11350,10500,상계동,1322,11350-2151,중계센트럴파크,,84.13,10,2016,97000,2026-08-29,,,중개거래,개인,개인,
노원구,11350,10500,상계동,1322,11350-2151,중계센트럴파크,,84.13,13,2016,90500,2026-08-15,,,중개거래,개인,개인,
노원구,11350,10500,상계동,1322,11350-2151,중계센트럴파크,,84.53,15,2016,93000,2026-08-17,,,중개거래,개인,개인,
노원구,11350,10500,상계동,1322,11350-2151,중계센트럴파크,,84.53,6,2016,94000,2026-08-11,,,중개거래,개인,개인,
노원구,11350,10500,상계동,1322,11350-2151,중계센트럴파크,105,59.75,10,2016,83000,2026-08-12,,,중개거래,개인,개인,26.09.28
노원구,11350,10500,상계동,135,11350-46,한신1차,,45.44,3,1987,34300,2026-08-12,,,중개거래,개인,개인,
노원구,11350,10500,상계동,135,11350-46,한신1차,,53.96,3,1987,46700,2026-08-10,,,중개거래,개인,개인,
노원구,11350,10500,상계동,135,11350-46,한신1차,,53.96,4,1987,52000,2026-08-22,,,중개거래,개인,개인,
노원구,11350,10500,상계동,1355,11350-2275,노원센트럴푸르지오,,59.996,4,2021,98000,2026-08-08,,,중개거래,개인,개인,
노원구,11350,10500,상계동,1355,11350-2275,노원센트럴푸르지오,,84.994,9,2021,109000,2026-08-22,,,중개거래,개인,개인,
노원구,11350,10500,상계동,1355,11350-2275,노원센트럴푸르지오,107,59.996,16,2021,91000,2026-08-12,,,중개거래,개인,개인,26.09.01
노원구,11350,10500,상계동,1410,11350-2515,노원롯데캐슬시그니처,,52.873,21,2023,89500,2026-08-04,,,중개거래,개인,개인,
노원구,11350,10500,상계동,1410,11350-2515,노원롯데캐슬시그니처,,59.975,25,2023,102500,2026-08-06,,,중개거래,개인,개인,
노원구,11350,10500,상계동,1410,11350-2515,노원롯데캐슬시그니처,,84.997,4,2023,111900,2026-08-06,,,중개거래,개인,개인,
노원구,11350,10500,상계동,1410,11350-2515,노원롯데캐슬시그니처,,84.999,11,2023,113850,2026-08-08,,,중개거래,개인,개인,
노원구,11350,10500,상계동,1410,11350-2515,노원롯데캐슬시그니처,,84.999,16,2023,114000,2026-08-07,,,중개거래,개인,개인,
노원구,11350,10500,상계동,1410,11350-2515,노원롯데캐슬시그니처,,84.999,23,2023,129700,2026-08-15,,,중개거래,개인,개인,
노원구,11350,10500,상계동,1410,11350-2515,노원롯데캐슬시그니처,,84.999,9,2023,118500,2026-08-04,,,중개거래,개인,개인,
노원구,11350,10500,상계동,1410,11350-2515,노원롯데캐슬시그니처,102,39.038,23,2023,64800,2026-08-04,,,중개거래,개인,개인,26.09.11
노원구,11350,10500,상계동,1410,11350-2515,노원롯데캐슬시그니처,109,59.975,6,2023,100000,2026-08-06,,,중개거래,개인,개인,26.10.01
노원구,11350,10500,상계동,172,11350-5,상계대림,,59.67,7,1989,55000,2026-08-08,,,중개거래,개인,개인,
노원구,11350,10500,상계동,173-1,11350-10,벽산,,38.71,8,1989,35900,2026-08-17,,,중개거래,개인,개인,
노원구,11350,10500,상계동,173-1,11350-10,벽산,,43.35,14,1989,38000,2026-08-07,,,중개거래,개인,개인,
노원구,11350,10500,상계동,173-1,11350-10,벽산,,43.35,14,1989,40000,2026-08-07,,,중개거래,개인,개인,
노원구,11350,10500,상계동,173-1,11350-10,벽산,,46.8,7,1989,41700,2026-08-29,,,중개거래,개인,개인,
노원구,11350,10500,상계동,173-1,11350-10,벽산,,59.9,5,1989,55000,2026-08-21,,,중개거래,개인,개인,
노원구,11350,10500,상계동,359,11350-3,노원현대,,84.78,11,1997,75500,2026-08-20,,,중개거래,개인,개인,
노원구,11350,10500,상계동,451,11350-47,한신2차,,45.92,8,1988,37500,2026-08-22,,,중개거래,개인,개인,
노원구,11350,10500,상계동,451,11350-47,한신2차,,84.92,9,1988,71000,2026-08-22,,,중개거래,개인,개인,
노원구,11350,10500,상계동,458,11350-48,한신3차,,84.59,8,1990,73000,2026-08-22,,,중개거래,개인,개인,
노원구,11350,10500,상계동,463,11350-24,상계신동아,,84.99,12,1995,62000,2026-08-24,,,중개거래,개인,개인,
노원구,11350,10500,상계동,624,11350-35,상계주공16(고층),,45.77,15,1988,45000,2026-08-21,,,중개거래,개인,개인,
노원구,11350,10500,상계동,624,11350-35,상계주공16(고층),,59.39,14,1988,60000,2026-08-12,,,중개거래,개인,개인,
노원구,11350,10500,상계동,624,11350-35,상계주공16(고층),,59.39,15,1988,63200,2026-08-04,,,중개거래,개인,개인,
노원구,11350,10500,상계동,624,11350-35,상계주공16(고층),,59.39,3,1988,60000,2026-08-05,,,중개거래,개인,개인,
노원구,11350,10500,상계동,624,11350-35,상계주공16(고층),,79.07,11,1988,74700,2026-08-04,,,중개거래,개인,개인,
노원구,11350,10500,상계동,624,11350-35,상계주공16(고층),1612,79.07,13,1988,70000,2026-08-26,,,중개거래,개인,개인,26.09.07
노원구,11350,10500,상계동,626,11350-34,상계주공14(고층),,41.3,1,1989,46900,2026-08-21,,,중개거래,개인,개인,
노원구,11350,10500,상계동,626,11350-34,상계주공14(고층),,41.3,1,1989,46900,2026-08-21,O,26.09.14,중개거래,개인,개인,
노원구,11350,10500,상계동,626,11350-34,상계주공14(고층),,41.3,13,1989,46000,2026-08-05,,,중개거래,개인,개인,
노원구,11350,10500,상계동,626,11350-34,상계주공14(고층),,41.3,14,1989,50000,2026-08-24,,,중개거래,개인,개인,
노원구,11350,10500,상계동,626,11350-34,상계주공14(고층),,41.3,2,1989,47000,2026-08-20,,,중개거래,개인,개인,
노원구,11350,10500,상계동,626,11350-34,상계주공14(고층),,45.9,15,1989,47000,2026-08-11,,,중개거래,개인,개인,
노원구,11350,10500,상계동,626,11350-34,상계주공14(고층),,45.9,3,1989,47900,2026-08-14,,,중개거래,개인,개인,
노원구,11350,10500,상계동,626,11350-34,상계주공14(고층),,49.94,9,1989,63400,2026-08-12,,,중개거래,개인,개인,
노원구,11350,10500,상계동,626,11350-34,상계주공14(고층),,90.94,13,1989,87000,2026-08-08,,,중개거래,개인,개인,
노원구,11350,10500,상계동,626,11350-34,상계주공14(고층),,90.94,8,1989,95000,2026-08-17,,,중개거래,개인,개인,
노원구,11350,10500,상계동,626,11350-34,상계주공14(고층),1402,49.94,14,1989,42700,2026-08-19,,,중개거래,개인,개인,26.09.15
노원구,11350,10500,상계동,637,11350-33,상계주공13(고층),,41.3,15,1989,37700,2026-08-06,,,중개거래,개인,개인,
노원구,11350,10500,상계동,637,11350-33,상계주공13(고층),,41.3,2,1989,43000,2026-08-26,,,중개거래,개인,개인,
노원구,11350,10500,상계동,637,11350-33,상계주공13(고층),,45.55,11,1989,46500,2026-08-29,,,중개거래,개인,개인,
노원구,11350,10500,상계동,637,11350-33,상계주공13(고층),,45.9,12,1989,34000,2026-08-07,,,중개거래,개인,개인,
노원구,11350,10500,상계동,637,11350-33,상계주공13(고층),,58.01,6,1989,59000,2026-08-19,,,중개거래,개인,개인,
노원구,11350,10500,상계동,637,11350-33,상계주공13(고층),1304,58.01,3,1989,56000,2026-08-07,,,중개거래,개인,개인,26.08.28
노원구,11350,10500,상계동,639,11350-202,보람아파트,,44.33,11,1988,56700,2026-08-07,,,중개거래,개인,개인,
노원구,11350,10500,상계동,639,11350-202,보람아파트,,44.33,11,1988,56700,2026-08-07,O,26.09.30,중개거래,개인,개인,
노원구,11350,10500,상계동,639,11350-202,보람아파트,,44.33,3,1988,49000,2026-08-18,,,중개거래,개인,개인,
노원구,11350,10500,상계동,639,11350-202,보람아파트,,54.59,7,1988,66800,2026-08-05,,,중개거래,개인,개인,
노원구,11350,10500,상계동,639,11350-202,보람아파트,,54.59,8,1988,62000,2026-08-07,,,중개거래,개인,개인,
노원구,11350,10500,상계동,639,11350-202,보람아파트,,68.99,12,1988,77000,2026-08-31,O,26.09.09,중개거래,개인,개인,
노원구,11350,10500,상계동,639,11350-202,보람아파트,,68.99,12,1988,78000,2026-08-12,,,중개거래,개인,개인,
노원구,11350,10500,상계동,639,11350-202,보람아파트,,79.25,7,1988,84000,2026-08-08,,,중개거래,개인,개인,
노원구,11350,10500,상계동,639,11350-202,보람아파트,107,54.59,1,1988,60000,2026-08-03,,,중개거래,개인,개인,26.09.28
노원구,11350,10500,상계동,647,11350-32,상계주공12(고층),,41.3,5,1988,56000,2026-08-24,,,중개거래,개인,개인,
노원구,11350,10500,상계동,647,11350-32,상계주공12(고층),,49.94,13,1988,69800,2026-08-10,,,중개거래,개인,개인,
노원구,11350,10500,상계동,647,11350-32,상계주공12(고층),,49.94,7,1988,63500,2026-08-26,,,중개거래,개인,개인,
노원구,11350,10500,상계동,647,11350-32,상계주공12(고층),,49.94,7,1988,65000,2026-08-21,,,중개거래,개인,개인,
노원구,11350,10500,상계동,647,11350-32,상계주공12(고층),,49.94,8,1988,62000,2026-08-07,,,중개거래,개인,개인,
노원구,11350,10500,상계동,647,11350-32,상계주공12(고층),,58.01,12,1988,70000,2026-08-06,,,중개거래,개인,개인,
노원구,11350,10500,상계동,647,11350-32,상계주공12(고층),,66.56,8,1988,83000,2026-08-22,,,중개거래,개인,개인,
노원구,11350,10500,상계동,652,11350-31,상계주공11(고층),,58.01,1,1988,70000,2026-08-22,,,중개거래,개인,개인,
노원구,11350,10500,상계동,652,11350-31,상계주공11(고층),,60.5,8,1988,75000,2026-08-01,,,중개거래,개인,개인,
노원구,11350,10500,상계동,652,11350-31,상계주공11(고층),,79.07,5,1988,86500,2026-08-12,,,중개거래,개인,개인,
노원구,11350,10500,상계동,652,11350-31,상계주공11(고층),1113,59.39,3,1988,64000,2026-08-11,,,중개거래,개인,개인,26.09.18
노원구,11350,10500,상계동,652,11350-31,상계주공11(고층),1115,68.86,5,1988,82000,2026-08-21,,,중개거래,개인,개인,26.08.31
노원구,11350,10500,상계동,666,11350-30,상계주공10(고층),,41.3,7,1988,53000,2026-08-07,,,중개거래,개인,개인,
노원구,11350,10500,상계동,666,11350-30,상계주공10(고층),,45.9,13,1988,54000,2026-08-17,,,중개거래,개인,개인,
노원구,11350,10500,상계동,666,11350-30,상계주공10(고층),,45.9,15,1988,51500,2026-08-11,,,중개거래,개인,개인,
노원구,11350,10500,상계동,666,11350-30,상계주공10(고층),,45.9,8,1988,51500,2026-08-27,,,중개거래,개인,개인,
노원구,11350,10500,상계동,666,11350-30,상계주공10(고층),,49.94,1,1988,65000,2026-08-06,,,중개거래,개인,개인,
노원구,11350,10500,상계동,666,11350-30,상계주공10(고층),,49.94,7,1988,70000,2026-08-01,,,중개거래,개인,개인,
노원구,11350,10500,상계동,666,11350-30,상계주공10(고층),,58.01,11,1988,74500,2026-08-07,,,중개거래,개인,개인,
노원구,11350,10500,상계동,666,11350-30,상계주공10(고층),,59.2,9,1988,70500,2026-08-01,,,중개거래,개인,개인,
노원구,11350,10500,상계동,666,11350-30,상계주공10(고층),1001,45.9,12,1988,47000,2026-08-05,,,중개거래,개인,개인,26.09.18
노원구,11350,10500,상계동,666,11350-30,상계주공10(고층),1009,66.56,15,1988,57000,2026-08-06,,,중개거래,개인,개인,26.09.23
노원구,11350,10500,상계동,670,11350-43,상계주공9(고층),,41.3,4,1988,55000,2026-08-26,,,중개거래,개인,개인,
노원구,11350,10500,상계동,670,11350-43,상계주공9(고층),,45.55,4,1988,54000,2026-08-01,,,중개거래,개인,개인,
노원구,11350,10500,상계동,670,11350-43,상계주공9(고층),,45.9,12,1988,59700,2026-08-24,,,중개거래,개인,개인,
노원구,11350,10500,상계동,670,11350-43,상계주공9(고층),,45.9,3,1988,52000,2026-08-08,,,중개거래,개인,개인,
노원구,11350,10500,상계동,670,11350-43,상계주공9(고층),,49.94,9,1988,64000,2026-08-07,,,중개거래,개인,개인,
노원구,11350,10500,상계동,670,11350-43,상계주공9(고층),,58.01,11,1988,71000,2026-08-22,,,중개거래,개인,개인,
노원구,11350,10500,상계동,670,11350-43,상계주공9(고층),,58.01,7,1988,69700,2026-08-06,,,중개거래,개인,개인,
노원구,11350,10500,상계동,670,11350-43,상계주공9(고층),,58.01,7,1988,70000,2026-08-29,,,중개거래,개인,개인,
노원구,11350,10500,상계동,670,11350-43,상계주공9(고층),,58.01,8,1988,69800,2026-08-06,,,중개거래,개인,개인,
노원구,11350,10500,상계동,670,11350-43,상계주공9(고층),,61.52,13,1988,69500,2026-08-14,,,중개거래,개인,개인,
노원구,11350,10500,상계동,670,11350-43,상계주공9(고층),,79.07,14,1988,86500,2026-08-08,,,중개거래,개인,개인,
노원구,11350,10500,상계동,670,11350-43,상계주공9(고층),903,58.01,9,1988,45000,2026-08-19,,,중개거래,개인,개인,26.09.30
노원구,11350,10500,상계동,670,11350-43,상계주공9(고층),913,45.55,12,1988,53900,2026-08-05,,,중개거래,개인,개인,26.09.21
노원구,11350,10500,상계동,670,11350-43,상계주공9(고층),922,79.07,9,1988,82000,2026-08-08,,,중개거래,개인,개인,26.09.21
노원구,11350,10500,상계동,680,11350-2302,포레나노원,,59.9908,16,2020,108000,2026-08-11,,,중개거래,개인,개인,
노원구,11350,10500,상계동,680,11350-2302,포레나노원,,84.9014,17,2020,137500,2026-08-08,,,중개거래,개인,개인,
노원구,11350,10500,상계동,680,11350-2302,포레나노원,,84.9728,5,2020,140000,2026-08-26,,,중개거래,개인,개인,
노원구,11350,10500,상계동,691,11350-41,상계주공7(고층),,45.55,2,1988,64000,2026-08-10,,,중개거래,개인,개인,
노원구,11350,10500,상계동,691,11350-41,상계주공7(고층),,45.55,7,1988,60000,2026-08-13,,,중개거래,개인,개인,
노원구,11350,10500,상계동,691,11350-41,상계주공7(고층),,45.9,10,1988,65000,2026-08-06,,,중개거래,개인,개인,
노원구,11350,10500,상계동,691,11350-41,상계주공7(고층),,45.9,14,1988,59500,2026-08-21,,,중개거래,개인,개인,
노원구,11350,10500,상계동,691,11350-41,상계주공7(고층),,45.9,15,1988,62000,2026-08-04,,,중개거래,개인,개인,
노원구,11350,10500,상계동,691,11350-41,상계주공7(고층),,45.9,5,1988,66000,2026-08-24,,,중개거래,개인,개인,
노원구,11350,10500,상계동,691,11350-41,상계주공7(고층),,49.94,1,1988,70500,2026-08-11,,,중개거래,개인,개인,
노원구,11350,10500,상계동,691,11350-41,상계주공7(고층),,58.01,15,1988,80000,2026-08-10,,,중개거래,개인,개인,
노원구,11350,10500,상계동,691,11350-41,상계주공7(고층),,58.01,7,1988,80000,2026-08-24,,,중개거래,개인,개인,
노원구,11350,10500,상계동,691,11350-41,상계주공7(고층),704,45.55,14,1988,50000,2026-08-11,,,직거래,개인,개인,26.09.16
노원구,11350,10500,상계동,691,11350-41,상계주공7(고층),711,41.3,6,1988,63900,2026-08-06,,,중개거래,개인,개인,26.09.17
노원구,11350,10500,상계동,691,11350-41,상계주공7(고층),711,49.94,13,1988,75000,2026-08-08,,,중개거래,개인,개인,26.09.30
노원구,11350,10500,상계동,691,11350-41,상계주공7(고층),719,59.39,7,1988,80000,2026-08-14,,,직거래,개인,개인,26.09.21
노원구,11350,10500,상계동,720,11350-40,상계주공6(고층),,41.3,13,1988,67000,2026-08-08,,,중개거래,개인,개인,
노원구,11350,10500,상계동,720,11350-40,상계주공6(고층),,41.3,3,1988,62500,2026-08-07,,,중개거래,개인,개인,
노원구,11350,10500,상계동,720,11350-40,상계주공6(고층),,49.94,1,1988,70000,2026-08-14,,,중개거래,개인,개인,
노원구,11350,10500,상계동,720,11350-40,상계주공6(고층),,58.01,5,1988,81000,2026-08-29,,,중개거래,개인,개인,
노원구,11350,10500,상계동,720,11350-40,상계주공6(고층),,58.01,9,1988,81500,2026-08-19,,,중개거래,개인,개인,
노원구,11350,10500,상계동,720,11350-40,상계주공6(고층),,59.2,10,1988,81500,2026-08-25,,,중개거래,개인,개인,
노원구,11350,10500,상계동,720,11350-40,상계주공6(고층),,59.28,11,1988,85000,2026-08-18,,,중개거래,개인,개인,
노원구,11350,10500,상계동,720,11350-40,상계주공6(고층),,59.28,3,1988,78000,2026-08-08,,,중개거래,개인,개인,
노원구,11350,10500,상계동,720,11350-40,상계주공6(고층),,59.28,3,1988,82500,2026-08-20,,,중개거래,개인,개인,
노원구,11350,10500,상계동,721,11350-39,상계주공5(저층),,31.98,5,1987,65000,2026-08-17,,,중개거래,개인,개인,
노원구,11350,10500,상계동,730-2,11350-37,상계주공3(고층),,38,7,1987,57500,2026-08-07,,,중개거래,개인,개인,
노원구,11350,10500,상계동,730-2,11350-37,상계주공3(고층),,58.01,12,1987,83500,2026-08-21,,,중개거래,개인,개인,
노원구,11350,10500,상계동,730-2,11350-37,상계주공3(고층),,58.01,4,1987,85500,2026-08-20,,,중개거래,개인,개인,
노원구,11350,10500,상계동,730-2,11350-37,상계주공3(고층),,58.01,5,1987,86500,2026-08-08,,,중개거래,개인,개인,
노원구,11350,10500,상계동,730-2,11350-37,상계주공3(고층),,60.5,1,1987,79000,2026-08-12,,,중개거래,개인,개인,
노원구,11350,10500,상계동,730-2,11350-37,상계주공3(고층),,73.94,7,1987,103500,2026-08-11,O,26.09.15,중개거래,개인,개인,
노원구,11350,10500,상계동,730-2,11350-37,상계주공3(고층),,73.94,9,1987,110000,2026-08-08,,,중개거래,개인,개인,
노원구,11350,10500,상계동,730-2,11350-37,상계주공3(고층),,75.2,9,1987,108500,2026-08-08,,,중개거래,개인,개인,
노원구,11350,10500,상계동,730-2,11350-37,상계주공3(고층),,84.2,4,1987,120000,2026-08-09,,,중개거래,개인,개인,
노원구,11350,10500,상계동,730-2,11350-37,상계주공3(고층),323,58.01,10,1987,84700,2026-08-06,,,중개거래,개인,개인,26.10.06
노원구,11350,10500,상계동,740,11350-206,상계주공2(저층),,46.04,1,1987,39500,2026-08-25,,,중개거래,개인,개인,
노원구,11350,10500,상계동,740,11350-206,상계주공2(저층),,59.18,3,1987,67000,2026-08-25,,,중개거래,개인,개인,
노원구,11350,10500,상계동,740,11350-36,상계주공2(고층),,32.39,10,1987,38500,2026-08-13,,,중개거래,개인,개인,
노원구,11350,10500,상계동,740,11350-36,상계주공2(고층),,37.46,5,1987,53000,2026-08-13,,,중개거래,개인,개인,
노원구,11350,10500,상계동,740,11350-36,상계주공2(고층),,41.3,5,1987,55000,2026-08-15,,,중개거래,개인,개인,
노원구,11350,10500,상계동,740,11350-36,상계주공2(고층),,41.3,7,1987,57900,2026-08-11,,,중개거래,개인,개인,
노원구,11350,10500,상계동,740,11350-36,상계주공2(고층),,58.01,12,1987,71700,2026-08-18,,,중개거래,개인,개인,
노원구,11350,10500,상계동,740,11350-36,상계주공2(고층),,59.28,15,1987,73000,2026-08-08,,,중개거래,개인,개인,
노원구,11350,10500,상계동,740,11350-36,상계주공2(고층),204,32.39,12,1987,42000,2026-08-07,,,중개거래,개인,개인,26.10.02
노원구,11350,10500,상계동,740,11350-36,상계주공2(고층),204,32.39,4,1987,39500,2026-08-11,,,중개거래,개인,개인,26.09.30
노원구,11350,10500,상계동,740,11350-36,상계주공2(고층),205,58.01,9,1987,72000,2026-08-05,,,직거래,개인,개인,26.09.04
노원구,11350,10500,상계동,740,11350-36,상계주공2(고층),207,32.39,1,1987,37700,2026-08-06,,,중개거래,개인,개인,26.09.28
노원구,11350,10500,상계동,740,11350-36,상계주공2(고층),223,68.86,4,1987,79000,2026-08-06,,,중개거래,개인,개인,26.10.01
노원구,11350,10500,상계동,749-5,11350-38,상계주공4(고층),,32.39,13,1988,43000,2026-08-24,,,중개거래,개인,개인,
노원구,11350,10500,상계동,749-5,11350-38,상계주공4(고층),,32.39,2,1988,41000,2026-08-24,,,중개거래,개인,개인,
노원구,11350,10500,상계동,749-5,11350-38,상계주공4(고층),,41.3,2,1988,52000,2026-08-29,,,중개거래,개인,개인,
노원구,11350,10500,상계동,749-5,11350-38,상계주공4(고층),,41.3,3,1988,60000,2026-08-27,,,중개거래,개인,개인,
노원구,11350,10500,상계동,749-5,11350-38,상계주공4(고층),,41.3,8,1988,58000,2026-08-13,,,중개거래,개인,개인,
노원구,11350,10500,상계동,749-5,11350-38,상계주공4(고층),,58.01,6,1988,72000,2026-08-18,,,중개거래,개인,개인,
노원구,11350,10500,상계동,749-5,11350-38,상계주공4(고층),,73.94,15,1988,84000,2026-08-13,,,중개거래,개인,개인,
노원구,11350,10500,상계동,749-5,11350-38,상계주공4(고층),,84.2,9,1988,58700,2026-08-01,,,중개거래,개인,개인,
노원구,11350,10500,상계동,749-5,11350-38,상계주공4(고층),417,41.3,9,1988,56500,2026-08-13,,,중개거래,개인,개인,26.09.23
노원구,11350,10500,상계동,757,11350-50,한양,,86.62,4,1988,84000,2026-08-08,,,중개거래,개인,개인,
노원구,11350,10500,상계동,765,11350-203,상계주공1(저층),,84.41,5,1988,75500,2026-08-04,,,중개거래,개인,개인,
노원구,11350,10500,상계동,765,11350-29,상계주공1(고층),,32.39,4,1988,38800,2026-08-13,,,중개거래,개인,개인,
노원구,11350,10500,상계동,765,11350-29,상계주공1(고층),,32.39,5,1988,40000,2026-08-28,,,중개거래,개인,개인,
노원구,11350,10500,상계동,765,11350-29,상계주공1(고층),,32.39,8,1988,40200,2026-08-23,,,중개거래,개인,개인,
노원구,11350,10500,상계동,765,11350-29,상계주공1(고층),,41.3,10,1988,56000,2026-08-08,,,중개거래,개인,개인,
노원구,11350,10500,상계동,765,11350-29,상계주공1(고층),,41.3,9,1988,49800,2026-08-06,,,중개거래,개인,개인,
노원구,11350,10500,상계동,765,11350-29,상계주공1(고층),,41.3,9,1988,49800,2026-08-06,O,26.08.13,중개거래,개인,개인,
노원구,11350,10500,상계동,765,11350-29,상계주공1(고층),,58.01,11,1988,67000,2026-08-22,,,중개거래,개인,개인,
노원구,11350,10500,상계동,765,11350-29,상계주공1(고층),106,58.01,4,1988,69000,2026-08-08,,,중개거래,개인,개인,26.09.30
노원구,11350,10500,상계동,765,11350-29,상계주공1(고층),117,41.3,13,1988,58000,2026-08-14,,,중개거래,개인,개인,26.10.02
노원구,11350,10500,상계동,766-1,11350-7,미도,,87.57,10,1988,88700,2026-08-06,,,중개거래,개인,개인,
노원구,11350,10500,상계동,766-1,11350-7,미도,,87.57,9,1988,84000,2026-08-09,,,중개거래,개인,개인,
노원구,11350,10500,상계동,995,11350-49,한신4차,,84.84,2,1995,53500,2026-08-14,,,중개거래,개인,개인,
노원구,11350,10500,상계동,995,11350-49,한신4차,,84.84,4,1995,57000,2026-08-07,,,중개거래,개인,개인,
노원구,11350,10600,중계동,103,11350-94,동진,,41.85,4,1988,24000,2026-08-19,,,중개거래,개인,개인,
노원구,11350,10600,중계동,137-39,11350-1759,정진아트리움,,84.95,8,2008,55000,2026-08-10,,,중개거래,개인,개인,
노원구,11350,10600,중계동,161-1,11350-122,중앙하이츠,,84.21,10,1998,72000,2026-08-19,,,중개거래,개인,개인,
노원구,11350,10600,중계동,358-2,11350-113,주공4,,45.77,2,1991,54000,2026-08-01,,,중개거래,개인,개인,
노원구,11350,10600,중계동,358-2,11350-113,주공4,,59.39,8,1991,73500,2026-08-25,,,중개거래,개인,개인,
노원구,11350,10600,중계동,359-1,11350-114,주공5,,44.52,11,1992,52000,2026-08-11,,,중개거래,개인,개인,
노원구,11350,10600,중계동,359-1,11350-114,주공5,,84.79,10,1992,124000,2026-08-22,,,중개거래,개인,개인,
노원구,11350,10600,중계동,360-15,11350-88,건영3,,84.9,9,1995,133000,2026-08-05,,,중개거래,개인,개인,
노원구,11350,10600,중계동,361-1,11350-110,롯데우성,,115.26,11,1993,152000,2026-08-13,,,중개거래,개인,개인,
노원구,11350,10600,중계동,362-1,11350-117,주공8,,49.72,10,1993,64700,2026-08-10,,,중개거래,개인,개인,
노원구,11350,10600,중계동,362-1,11350-117,주공8,,49.72,3,1993,64300,2026-08-20,,,중개거래,개인,개인,
노원구,11350,10600,중계동,363-1,11350-116,주공7,,44.1,2,1993,43000,2026-08-01,,,중개거래,개인,개인,
노원구,11350,10600,중계동,364-12,11350-115,주공6,,44.1,10,1993,49500,2026-08-10,,,중개거래,개인,개인,
노원구,11350,10600,중계동,364-12,11350-115,주공6,,44.1,14,1993,48800,2026-08-08,,,중개거래,개인,개인,
노원구,11350,10600,중계동,364-12,11350-115,주공6,,44.1,8,1993,49800,2026-08-01,,,중개거래,개인,개인,
노원구,11350,10600,중계동,366,11350-103,신동아(366),,115.35,7,1993,145000,2026-08-24,,,중개거래,개인,개인,
노원구,11350,10600,중계동,366,11350-124,청구(366),,115.47,4,1993,133500,2026-08-18,,,중개거래,개인,개인,
노원구,11350,10600,중계동,366,11350-95,라이프,,115.65,13,1993,149000,2026-08-11,,,중개거래,개인,개인,
노원구,11350,10600,중계동,366,11350-95,라이프,,115.65,13,1993,149000,2026-08-24,,,중개거래,개인,개인,
노원구,11350,10600,중계동,369,11350-112,주공2,,44.52,1,1992,34700,2026-08-08,,,중개거래,개인,개인,
노원구,11350,10600,중계동,369,11350-112,주공2,,44.52,1,1992,37000,2026-08-10,,,중개거래,개인,개인,
노원구,11350,10600,중계동,369,11350-112,주공2,,44.52,10,1992,39000,2026-08-24,,,중개거래,개인,개인,
노원구,11350,10600,중계동,369,11350-112,주공2,,44.52,15,1992,37000,2026-08-03,,,중개거래,개인,개인,
노원구,11350,10600,중계동,369,11350-112,주공2,,44.52,3,1992,37500,2026-08-22,,,중개거래,개인,개인,
노원구,11350,10600,중계동,369,11350-112,주공2,,44.52,3,1992,37900,2026-08-07,,,중개거래,개인,개인,
노원구,11350,10600,중계동,369,11350-112,주공2,203,44.52,8,1992,39500,2026-08-07,,,중개거래,개인,개인,26.09.30
노원구,11350,10600,중계동,369,11350-112,주공2,209,44.52,2,1992,34700,2026-08-12,,,중개거래,개인,개인,26.09.17
노원구,11350,10600,중계동,445,11350-109,염광,,84.5,1,1996,81300,2026-08-07,,,중개거래,개인,개인,
노원구,11350,10600,중계동,49,11350-130,현대그린,,84.99,2,1998,64500,2026-08-31,,,중개거래,개인,개인,
노원구,11350,10600,중계동,49,11350-130,현대그린,,84.99,8,1998,70000,2026-08-10,,,중개거래,개인,개인,
노원구,11350,10600,중계동,502-1,11350-120,중계그린1단지,,39.78,3,1990,56000,2026-08-22,,,중개거래,개인,개인,
노원구,11350,10600,중계동,502-1,11350-120,중계그린1단지,,39.78,3,1990,58000,2026-08-15,,,중개거래,개인,개인,
노원구,11350,10600,중계동,502-1,11350-120,중계그린1단지,,59.46,6,1990,72500,2026-08-24,,,중개거래,개인,개인,
노원구,11350,10600,중계동,502-1,11350-120,중계그린1단지,,59.87,10,1990,75000,2026-08-28,,,중개거래,개인,개인,
노원구,11350,10600,중계동,502-1,11350-120,중계그린1단지,103,39.78,3,1990,55000,2026-08-08,,,중개거래,개인,개인,26.09.29
노원구,11350,10600,중계동,502-1,11350-120,중계그린1단지,105,39.78,12,1990,54000,2026-08-18,,,중개거래,개인,개인,26.09.17
노원구,11350,10600,중계동,502-1,11350-120,중계그린1단지,115,39.91,10,1990,59000,2026-08-18,,,중개거래,개인,개인,26.09.30
노원구,11350,10600,중계동,505,11350-96,롯데(505),10,72.49,1,1989,74500,2026-08-28,,,중개거래,개인,개인,26.09.21
노원구,11350,10600,중계동,512,11350-102,중계무지개,,39.82,7,1991,52000,2026-08-15,,,중개거래,개인,개인,
노원구,11350,10600,중계동,512,11350-102,중계무지개,,39.96,11,1991,50800,2026-08-29,,,중개거래,개인,개인,
노원구,11350,10600,중계동,512,11350-102,중계무지개,,39.96,12,1991,54500,2026-08-15,,,중개거래,개인,개인,
노원구,11350,10600,중계동,512,11350-102,중계무지개,,59.26,1,1991,55000,2026-08-25,,,중개거래,개인,개인,
노원구,11350,10600,중계동,512,11350-102,중계무지개,,59.26,1,1991,55000,2026-08-25,O,26.09.29,중개거래,개인,개인,
노원구,11350,10600,중계동,512,11350-102,중계무지개,,59.26,1,1991,55000,2026-08-25,O,26.10.01,중개거래,개인,개인,
노원구,11350,10600,중계동,512,11350-102,중계무지개,,59.26,12,1991,75000,2026-08-22,,,중개거래,개인,개인,
노원구,11350,10600,중계동,515-2,11350-87,건영2,105,75.02,13,1991,83800,2026-08-11,,,중개거래,개인,개인,26.09.30
노원구,11350,10600,중계동,576,11350-126,현대(3차),,66.47,3,1992,64000,2026-08-21,,,중개거래,개인,개인,
노원구,11350,10600,중계동,576,11350-126,현대(3차),101,84.35,1,1992,76500,2026-08-14,,,중개거래,개인,개인,26.09.21
노원구,11350,10600,중계동,577,11350-128,현대1(4차),,77.15,1,1993,55000,2026-08-26,,,중개거래,개인,개인,
노원구,11350,10600,중계동,579,11350-131,화인상가,,59.31,5,1994,37800,2026-08-08,,,중개거래,개인,개인,
노원구,11350,10600,중계동,580,11350-100,성원1,,59.75,5,1996,81000,2026-08-31,,,중개거래,개인,개인,
노원구,11350,10600,중계동,580,11350-100,성원1,,84.78,19,1996,105500,2026-08-25,,,중개거래,개인,개인,
노원구,11350,10600,중계동,582,11350-217,청암3단지(582),,84.438,2,2003,62000,2026-08-27,,,중개거래,개인,개인,
노원구,11350,10600,중계동,583,11350-91,금호타운(583),,84.98,10,1997,84700,2026-08-09,,,중개거래,개인,개인,
노원구,11350,10600,중계동,586,11350-89,LIG건영,101,84.44,7,1998,65000,2026-08-14,,,중개거래,개인,개인,26.10.02
노원구,11350,10600,중계동,587,11350-107,양지마을(대림)1,,84.9,12,1998,117000,2026-08-13,,,중개거래,개인,개인,
노원구,11350,10600,중계동,590,11350-104,신안,,84.93,1,1999,95000,2026-08-08,,,중개거래,개인,개인,
노원구,11350,10600,중계동,592,11350-118,중계3벽산,101,59.88,4,1999,73500,2026-08-19,,,중개거래,개인,개인,26.09.18
노원구,11350,10600,중계동,593,11350-97,삼성,,59.9,12,1999,57000,2026-08-10,,,중개거래,개인,개인,
노원구,11350,10600,중계동,593,11350-97,삼성,,84.75,10,1999,85000,2026-08-14,,,중개거래,개인,개인,
노원구,11350,10600,중계동,593,11350-97,삼성,,84.75,3,1999,82000,2026-08-10,,,중개거래,개인,개인,
노원구,11350,10600,중계동,593,11350-97,삼성,,84.75,4,1999,86300,2026-08-27,,,중개거래,개인,개인,
노원구,11350,10600,중계동,597,11350-132,경남아너스빌,,79.098,16,2002,72000,2026-08-26,,,중개거래,개인,개인,
노원구,11350,10600,중계동,597,11350-132,경남아너스빌,101,79.098,8,2002,43000,2026-08-12,,,직거래,개인,개인,26.08.18
노원구,11350,10600,중계동,598,11350-429,한화꿈에그린,,59.941,2,2005,74500,2026-08-28,,,중개거래,개인,개인,
노원구,11350,10600,중계동,598,11350-429,한화꿈에그린,,84.902,4,2005,92000,2026-08-14,,,중개거래,개인,개인,
노원구,11350,10600,중계동,598,11350-429,한화꿈에그린,,84.902,8,2005,93000,2026-08-12,,,중개거래,개인,개인,
노원구,11350,10600,중계동,599,11350-430,중계스타클래스,,84.832,3,2005,69500,2026-08-14,,,중개거래,개인,개인,
노원구,11350,10600,중계동,78,11350-123,진로유통조합대림,,84.94,11,1992,69500,2026-08-01,,,중개거래,개인,개인,
노원구,11350,10600,중계동,78,11350-123,진로유통조합대림,,84.94,11,1992,71000,2026-08-25,,,중개거래,개인,개인,
노원구,11350,10600,중계동,78,11350-123,진로유통조합대림,,84.94,3,1992,66000,2026-08-01,,,중개거래,개인,개인,
도봉구,11320,10500,쌍문동,13-2,11320-7,대웅,2,44.82,4,1989,26200,2026-08-31,,,중개거래,개인,개인,26.09.16
도봉구,11320,10500,쌍문동,158,11320-26,한양7,,84.92,15,1993,60000,2026-08-25,,,중개거래,개인,개인,
도봉구,11320,10500,쌍문동,199-1,11320-90,금호1,,36.36,5,1990,29900,2026-08-07,,,중개거래,개인,개인,
도봉구,11320,10500,쌍문동,199-1,11320-90,금호1,,36.36,6,1990,28500,2026-08-31,,,중개거래,개인,개인,
도봉구,11320,10500,쌍문동,199-1,11320-90,금호1,,56.73,14,1990,42500,2026-08-12,,,중개거래,개인,개인,
도봉구,11320,10500,쌍문동,199-1,11320-90,금호1,,56.73,15,1990,41500,2026-08-26,,,중개거래,개인,개인,
도봉구,11320,10500,쌍문동,199-1,11320-90,금호1,,56.73,3,1990,40000,2026-08-18,,,중개거래,개인,개인,
도봉구,11320,10500,쌍문동,199-1,11320-90,금호1,,84.88,11,1990,62400,2026-08-14,,,중개거래,개인,개인,
도봉구,11320,10500,쌍문동,199-1,11320-90,금호1,8,56.73,3,1990,42500,2026-08-31,,,중개거래,개인,개인,26.10.06
도봉구,11320,10500,쌍문동,285-5,11320-8,동익미라벨,,65.42,2,1987,37300,2026-08-11,,,중개거래,개인,개인,
도봉구,11320,10500,쌍문동,311,11320-2698,그린스테이트,,78.18,3,2010,46300,2026-08-31,,,중개거래,개인,개인,
도봉구,11320,10500,쌍문동,388-33,11320-20,한양1,,66.33,12,1986,70500,2026-08-11,,,중개거래,개인,개인,
도봉구,11320,10500,쌍문동,388-33,11320-20,한양1,,79.2,6,1986,79500,2026-08-19,,,중개거래,개인,개인,
도봉구,11320,10500,쌍문동,53,11320-12,성원,,84.98,9,1989,53000,2026-08-14,,,중개거래,개인,개인,
도봉구,11320,10500,쌍문동,54,11320-27,현대1,,44.55,4,1990,31000,2026-08-18,,,중개거래,개인,개인,
도봉구,11320,10500,쌍문동,54,11320-27,현대1,,56.7,10,1990,43000,2026-08-06,,,중개거래,개인,개인,
도봉구,11320,10500,쌍문동,54,11320-27,현대1,,84.66,10,1990,53000,2026-08-26,,,중개거래,개인,개인,
도봉구,11320,10500,쌍문동,54,11320-27,현대1,,84.66,10,1990,53800,2026-08-25,,,중개거래,개인,개인,
도봉구,11320,10500,쌍문동,56,11320-11,삼익세라믹,,42.93,14,1988,33300,2026-08-10,,,중개거래,개인,개인,
도봉구,11320,10500,쌍문동,56,11320-11,삼익세라믹,,42.93,2,1988,34950,2026-08-26,,,중개거래,개인,개인,
도봉구,11320,10500,쌍문동,56,11320-11,삼익세라믹,,42.93,8,1988,35000,2026-08-07,,,중개거래,개인,개인,
도봉구,11320,10500,쌍문동,56,11320-11,삼익세라믹,,58.77,11,1988,46000,2026-08-12,,,중개거래,개인,개인,
도봉구,11320,10500,쌍문동,56,11320-11,삼익세라믹,,58.77,12,1988,45000,2026-08-28,,,중개거래,개인,개인,
도봉구,11320,10500,쌍문동,56,11320-11,삼익세라믹,,58.77,15,1988,44800,2026-08-27,,,중개거래,개인,개인,
도봉구,11320,10500,쌍문동,56,11320-11,삼익세라믹,,79.98,10,1988,60700,2026-08-12,,,중개거래,개인,개인,
도봉구,11320,10500,쌍문동,56,11320-11,삼익세라믹,,79.98,14,1988,63500,2026-08-07,,,중개거래,개인,개인,
도봉구,11320,10500,쌍문동,56,11320-11,삼익세라믹,,79.98,5,1988,57000,2026-08-24,,,중개거래,개인,개인,
도봉구,11320,10500,쌍문동,56,11320-11,삼익세라믹,102,58.77,8,1988,43800,2026-08-26,,,중개거래,개인,개인,26.10.06
도봉구,11320,10500,쌍문동,567,11320-2397,성원하이츠(C동),,76.96,2,2006,42800,2026-08-13,,,중개거래,개인,개인,
도봉구,11320,10500,쌍문동,59,11320-21,한양2,,28.71,14,1988,22000,2026-08-19,,,중개거래,개인,개인,
도봉구,11320,10500,쌍문동,59,11320-21,한양2,,35.1,13,1988,25000,2026-08-11,,,중개거래,개인,개인,
도봉구,11320,10500,쌍문동,59,11320-21,한양2,,48.96,10,1988,36000,2026-08-26,,,중개거래,개인,개인,
도봉구,11320,10500,쌍문동,59,11320-21,한양2,,76.92,9,1988,52500,2026-08-29,,,중개거래,개인,개인,
도봉구,11320,10500,쌍문동,59,11320-21,한양2,8,59.67,15,1988,41500,2026-08-14,,,중개거래,개인,개인,26.10.06
도봉구,11320,10500,쌍문동,59,11320-21,한양2,9,35.1,9,1988,24500,2026-08-13,,,중개거래,개인,개인,26.08.21
도봉구,11320,10500,쌍문동,658,11320-3231,그린힐스아파트,,54.83,6,2015,39000,2026-08-24,,,중개거래,개인,개인,
도봉구,11320,10500,쌍문동,719,11320-29,현대3,,84.08,8,1995,51000,2026-08-08,,,중개거래,개인,개인,
도봉구,11320,10500,쌍문동,721,11320-2,극동아파트,,59.92,3,1996,44000,2026-08-24,,,중개거래,개인,개인,
도봉구,11320,10500,쌍문동,721,11320-2,극동아파트,,84.9,10,1996,54000,2026-08-28,,,중개거래,개인,개인,
도봉구,11320,10500,쌍문동,725,11320-32,쌍문동삼성래미안,,59.9899,2,2002,66000,2026-08-18,,,중개거래,개인,개인,
도봉구,11320,10500,쌍문동,725,11320-32,쌍문동삼성래미안,,84.9383,6,2002,81000,2026-08-15,,,중개거래,개인,개인,
도봉구,11320,10500,쌍문동,728,11320-2342,북한산월드메르디앙,,70.71,9,2005,64800,2026-08-10,,,중개거래,개인,개인,
도봉구,11320,10500,쌍문동,729,11320-2399,브라운스톤쌍문,,84.97,6,2006,70000,2026-08-07,,,중개거래,개인,개인,
도봉구,11320,10500,쌍문동,730,11320-140,대우파크힐(쌍문동이안),,84.955,8,2004,71500,2026-08-19,,,중개거래,개인,개인,
도봉구,11320,10500,쌍문동,731,11320-2404,e편한세상,,84.978,4,2007,66250,2026-08-09,,,중개거래,개인,개인,
도봉구,11320,10500,쌍문동,731,11320-2404,e편한세상,,84.978,6,2007,69000,2026-08-15,,,중개거래,개인,개인,
도봉구,11320,10500,쌍문동,88-72,11320-31,신성,,59.52,4,2003,29500,2026-08-21,,,중개거래,개인,개인,
도봉구,11320,10500,쌍문동,산69-1,11320-4,금호2,,71.98,12,1991,50000,2026-08-28,,,중개거래,개인,개인,
도봉구,11320,10600,방학동,271-1,11320-42,신동아아파트1,,51.27,8,1986,38000,2026-08-13,O,26.08.20,중개거래,개인,개인,
도봉구,11320,10600,방학동,271-1,11320-42,신동아아파트1,,70.62,4,1986,50000,2026-08-06,,,중개거래,개인,개인,
도봉구,11320,10600,방학동,271-1,11320-42,신동아아파트1,,70.62,9,1986,48000,2026-08-18,,,중개거래,개인,개인,
도봉구,11320,10600,방학동,271-1,11320-42,신동아아파트1,,84.87,1,1986,55000,2026-08-06,,,중개거래,개인,개인,
도봉구,11320,10600,방학동,271-1,11320-42,신동아아파트1,13,70.62,9,1986,49700,2026-08-31,,,중개거래,개인,개인,26.09.21
도봉구,11320,10600,방학동,271-1,11320-42,신동아아파트1,14,84.87,12,1986,66500,2026-08-28,,,중개거래,개인,개인,26.09.01
도봉구,11320,10600,방학동,271-1,11320-42,신동아아파트1,14,84.87,2,1986,61400,2026-08-27,,,중개거래,개인,개인,26.09.22
도봉구,11320,10600,방학동,271-1,11320-42,신동아아파트1,14,84.87,6,1986,56800,2026-08-06,,,중개거래,개인,개인,26.08.27
도봉구,11320,10600,방학동,271-1,11320-42,신동아아파트1,16,53.16,6,1986,34000,2026-08-31,,,중개거래,개인,개인,26.09.08
도봉구,11320,10600,방학동,271-1,11320-42,신동아아파트1,17,53.16,11,1986,40000,2026-08-06,,,중개거래,개인,개인,26.09.28
도봉구,11320,10600,방학동,271-1,11320-42,신동아아파트1,17,53.16,8,1986,36000,2026-08-24,,,중개거래,개인,개인,26.09.22
도봉구,11320,10600,방학동,271-1,11320-42,신동아아파트1,2,70.62,11,1986,46500,2026-08-27,,,중개거래,개인,개인,26.09.30
도봉구,11320,10600,방학동,271-1,11320-42,신동아아파트1,2,70.62,8,1986,47500,2026-08-03,,,중개거래,개인,개인,26.09.18
도봉구,11320,10600,방학동,271-1,11320-42,신동아아파트1,20,126.89,2,1986,80000,2026-08-07,,,중개거래,개인,개인,26.09.11
도봉구,11320,10600,방학동,271-1,11320-42,신동아아파트1,21,43.35,6,1986,27400,2026-08-22,,,중개거래,개인,개인,26.09.21
도봉구,11320,10600,방학동,271-1,11320-42,신동아아파트1,21,43.35,8,1986,28500,2026-08-06,,,중개거래,개인,개인,26.08.21
도봉구,11320,10600,방학동,271-1,11320-42,신동아아파트1,22,43.35,8,1986,29000,2026-08-25,,,중개거래,개인,개인,26.09.28
도봉구,11320,10600,방학동,271-1,11320-42,신동아아파트1,24,53.16,10,1986,39000,2026-08-06,,,중개거래,개인,개인,26.09.30
도봉구,11320,10600,방학동,271-1,11320-42,신동아아파트1,26,53.16,4,1986,41000,2026-08-07,,,중개거래,개인,개인,26.09.29
도봉구,11320,10600,방학동,271-1,11320-42,신동아아파트1,28,62.22,12,1986,43300,2026-08-04,,,중개거래,개인,개인,26.08.12
도봉구,11320,10600,방학동,271-1,11320-42,신동아아파트1,28,62.22,5,1986,43500,2026-08-25,,,중개거래,개인,개인,26.09.30
도봉구,11320,10600,방학동,271-1,11320-42,신동아아파트1,3,51.27,8,1986,38000,2026-08-13,,,중개거래,개인,개인,26.08.28
도봉구,11320,10600,방학동,271-1,11320-42,신동아아파트1,3,70.62,1,1986,45000,2026-08-24,,,중개거래,개인,개인,26.09.30
도봉구,11320,10600,방학동,271-1,11320-42,신동아아파트1,5,70.62,10,1986,48500,2026-08-06,,,중개거래,개인,개인,26.09.21
도봉구,11320,10600,방학동,271-1,11320-42,신동아아파트1,9,84.87,4,1986,58000,2026-08-11,,,중개거래,개인,개인,26.10.02
도봉구,11320,10600,방학동,271-1,11320-42,신동아아파트1,9,84.87,8,1986,67000,2026-08-21,,,중개거래,개인,개인,26.09.30
도봉구,11320,10600,방학동,274,11320-39,삼익세라믹아파트,,42.93,9,1988,30900,2026-08-28,,,중개거래,개인,개인,
도봉구,11320,10600,방학동,274,11320-39,삼익세라믹아파트,,58.77,6,1988,43000,2026-08-25,,,중개거래,개인,개인,
도봉구,11320,10600,방학동,274,11320-39,삼익세라믹아파트,,58.77,7,1988,38500,2026-08-27,,,중개거래,개인,개인,
도봉구,11320,10600,방학동,274,11320-39,삼익세라믹아파트,,84.96,1,1988,49800,2026-08-07,O,26.09.01,중개거래,개인,개인,
도봉구,11320,10600,방학동,496,11320-95,벽산아파트2,,59.52,7,1998,44800,2026-08-28,,,중개거래,개인,개인,
도봉구,11320,10600,방학동,496,11320-95,벽산아파트2,,84.98,10,1998,55500,2026-08-21,,,중개거래,개인,개인,
도봉구,11320,10600,방학동,496,11320-95,벽산아파트2,,84.98,9,1998,53000,2026-08-11,,,중개거래,개인,개인,
도봉구,11320,10600,방학동,507,11320-45,우성아파트1,,84.69,2,1992,48500,2026-08-10,,,중개거래,개인,개인,
도봉구,11320,10600,방학동,508,11320-46,우성아파트2,,84.98,11,1993,57400,2026-08-28,,,중개거래,개인,개인,
도봉구,11320,10600,방학동,508,11320-46,우성아파트2,,84.98,4,1993,55500,2026-08-31,,,중개거래,개인,개인,
도봉구,11320,10600,방학동,508,11320-46,우성아파트2,,84.98,6,1993,54900,2026-08-13,,,중개거래,개인,개인,
도봉구,11320,10600,방학동,519-1,11320-290,선덕빌라트아파트,,109.97,4,1996,42000,2026-08-08,,,중개거래,개인,개인,
도봉구,11320,10600,방학동,530,11320-92,신동아아파트3,,84.86,8,1992,54500,2026-08-18,,,중개거래,개인,개인,
도봉구,11320,10600,방학동,531,11320-91,신동아아파트2,,72.92,12,1992,45500,2026-08-14,,,중개거래,개인,개인,
도봉구,11320,10600,방학동,531,11320-91,신동아아파트2,,72.92,13,1992,46800,2026-08-21,,,중개거래,개인,개인,
도봉구,11320,10600,방학동,531,11320-91,신동아아파트2,,84.82,6,1992,52700,2026-08-13,,,중개거래,개인,개인,
도봉구,11320,10600,방학동,531,11320-91,신동아아파트2,,84.86,7,1992,52500,2026-08-21,,,중개거래,개인,개인,
도봉구,11320,10600,방학동,689,11320-2343,동부센트레빌아파트,,131.336,8,2005,73000,2026-08-21,,,중개거래,개인,개인,
도봉구,11320,10600,방학동,701-15,11320-34,거성학마을아파트,,59.99,12,1994,47000,2026-08-01,,,중개거래,개인,개인,
도봉구,11320,10600,방학동,701-15,11320-34,거성학마을아파트,,84.93,15,1994,63000,2026-08-01,,,중개거래,개인,개인,
도봉구,11320,10600,방학동,720-1,11320-36,대상타운현대아파트,,60,7,2001,75000,2026-08-13,,,중개거래,개인,개인,
도봉구,11320,10600,방학동,720-1,11320-36,대상타운현대아파트,203,84.78,17,2001,91000,2026-08-21,,,중개거래,개인,개인,26.09.30
도봉구,11320,10600,방학동,720-18,11320-49,방학동삼성래미안1,,118.381,2,2002,65000,2026-08-29,,,직거래,개인,개인,
도봉구,11320,10600,방학동,731,11320-40,한화성원아파트,,59.88,13,1996,41800,2026-08-28,,,중개거래,개인,개인,
도봉구,11320,10600,방학동,732,11320-93,신동아아파트4,114,59.92,12,1995,38000,2026-08-28,,,중개거래,개인,개인,26.09.15
도봉구,11320,10600,방학동,734,11320-47,청구아파트,,70.69,5,1994,50900,2026-08-11,,,중개거래,개인,개인,
도봉구,11320,10600,방학동,734,11320-47,청구아파트,,72.21,1,1994,43300,2026-08-18,,,중개거래,개인,개인,
도봉구,11320,10600,방학동,734,11320-47,청구아파트,,84.97,10,1994,59000,2026-08-13,,,중개거래,개인,개인,
도봉구,11320,10600,방학동,734,11320-47,청구아파트,,84.97,10,1994,64000,2026-08-14,,,중개거래,개인,개인,
도봉구,11320,10600,방학동,734,11320-47,청구아파트,,84.97,12,1994,56000,2026-08-25,,,중개거래,개인,개인,
도봉구,11320,10600,방학동,734,11320-47,청구아파트,,84.97,13,1994,58800,2026-08-13,,,중개거래,개인,개인,
도봉구,11320,10600,방학동,734,11320-47,청구아파트,,84.97,2,1994,54500,2026-08-27,,,중개거래,개인,개인,
도봉구,11320,10600,방학동,735,11320-41,성원아파트,,59.94,10,1996,42500,2026-08-06,,,중개거래,개인,개인,
도봉구,11320,10600,방학동,735,11320-41,성원아파트,,84.54,2,1996,45000,2026-08-19,,,중개거래,개인,개인,
도봉구,11320,10600,방학동,735,11320-41,성원아파트,101,84.54,4,1996,54000,2026-08-07,,,직거래,개인,개인,26.08.12
도봉구,11320,10600,방학동,736,11320-43,신동아타워아파트,,60,3,1997,33500,2026-08-27,,,중개거래,개인,개인,
도봉구,11320,10600,방학동,740,11320-146,동양크레오아파트,,84.9696,11,2004,56000,2026-08-07,,,중개거래,개인,개인,
도봉구,11320,10600,방학동,740,11320-146,동양크레오아파트,,84.9696,12,2004,59000,2026-08-11,,,중개거래,개인,개인,
도봉구,11320,10600,방학동,743,11320-3776,북한산청호아파트,,59.56,3,2022,44750,2026-08-07,,,중개거래,개인,개인,
도봉구,11320,10700,창동,27,11320-101,주공19단지(창동리버타운),,68.86,8,1988,106500,2026-08-25,,,중개거래,개인,개인,
도봉구,11320,10700,창동,27,11320-101,주공19단지(창동리버타운),,90.94,4,1988,120000,2026-08-24,,,중개거래,개인,개인,
도봉구,11320,10700,창동,299,11320-59,상아1차아파트,,84.99,4,1987,89500,2026-08-11,,,중개거래,개인,개인,
도봉구,11320,10700,창동,30,11320-64,창동주공18단지,,45.77,6,1988,67500,2026-08-26,,,중개거래,개인,개인,
도봉구,11320,10700,창동,30,11320-64,창동주공18단지,,45.9,2,1988,59500,2026-08-01,,,중개거래,개인,개인,
도봉구,11320,10700,창동,300,11320-102,상아2차아파트,,58.59,7,1988,66000,2026-08-13,,,중개거래,개인,개인,
도봉구,11320,10700,창동,300,11320-102,상아2차아파트,,58.59,9,1988,75000,2026-08-24,,,중개거래,개인,개인,
도봉구,11320,10700,창동,305,11320-96,창동주공1단지,,41.3,14,1990,57000,2026-08-31,,,중개거래,개인,개인,
도봉구,11320,10700,창동,347,11320-98,창동주공3단지(해등마을),,41.3,13,1990,67000,2026-08-08,,,중개거래,개인,개인,
도봉구,11320,10700,창동,347,11320-98,창동주공3단지(해등마을),,41.3,5,1990,65500,2026-08-11,,,중개거래,개인,개인,
도봉구,11320,10700,창동,347,11320-98,창동주공3단지(해등마을),,41.3,6,1990,33500,2026-08-12,O,26.09.11,직거래,개인,개인,
도봉구,11320,10700,창동,347,11320-98,창동주공3단지(해등마을),,58.01,10,1990,84000,2026-08-13,,,중개거래,개인,개인,
도봉구,11320,10700,창동,347,11320-98,창동주공3단지(해등마을),,71.89,3,1990,68000,2026-08-21,,,중개거래,개인,개인,
도봉구,11320,10700,창동,347,11320-98,창동주공3단지(해등마을),,84.41,1,1990,86500,2026-08-13,,,중개거래,개인,개인,
도봉구,11320,10700,창동,373,11320-99,창동주공4단지,,36.34,2,1991,36000,2026-08-12,,,중개거래,개인,개인,
도봉구,11320,10700,창동,373,11320-99,창동주공4단지,,36.34,9,1991,42700,2026-08-26,,,중개거래,개인,개인,
도봉구,11320,10700,창동,373,11320-99,창동주공4단지,,41.3,2,1991,47900,2026-08-15,,,중개거래,개인,개인,
도봉구,11320,10700,창동,373,11320-99,창동주공4단지,,49.94,13,1991,38500,2026-08-22,,,직거래,개인,개인,
도봉구,11320,10700,창동,373,11320-99,창동주공4단지,,49.94,15,1991,59500,2026-08-30,,,중개거래,개인,개인,
도봉구,11320,10700,창동,373,11320-99,창동주공4단지,,49.94,9,1991,65000,2026-08-19,,,중개거래,개인,개인,
도봉구,11320,10700,창동,38,11320-100,주공17단지,,36.16,11,1989,39000,2026-08-20,,,중개거래,개인,개인,
도봉구,11320,10700,창동,38,11320-100,주공17단지,,36.16,14,1989,40000,2026-08-26,,,중개거래,개인,개인,
도봉구,11320,10700,창동,38,11320-100,주공17단지,,36.16,14,1989,45000,2026-08-27,,,중개거래,개인,개인,
도봉구,11320,10700,창동,38,11320-100,주공17단지,,36.16,15,1989,39000,2026-08-11,,,중개거래,개인,개인,
도봉구,11320,10700,창동,38,11320-100,주공17단지,,36.16,15,1989,40000,2026-08-28,,,중개거래,개인,개인,
도봉구,11320,10700,창동,38,11320-100,주공17단지,,36.16,2,1989,36500,2026-08-14,,,중개거래,개인,개인,
도봉구,11320,10700,창동,38,11320-100,주공17단지,,36.16,5,1989,41000,2026-08-31,,,중개거래,개인,개인,
도봉구,11320,10700,창동,38,11320-100,주공17단지,,36.16,9,1989,32500,2026-08-03,,,중개거래,개인,개인,
도봉구,11320,10700,창동,45,11320-58,삼성래미안,,84.87,3,1992,93500,2026-08-13,,,중개거래,개인,개인,
도봉구,11320,10700,창동,45,11320-58,삼성래미안,,84.87,9,1992,91500,2026-08-24,,,중개거래,개인,개인,
도봉구,11320,10700,창동,45,11320-58,삼성래미안,106,84.87,5,1992,49300,2026-08-03,,,직거래,개인,개인,26.08.04
도봉구,11320,10700,창동,553-50,11320-299,세명,,78.61,2,2004,43000,2026-08-20,,,중개거래,개인,개인,
도봉구,11320,10700,창동,661-13,11320-75,원산아파트33차,,55.68,4,2003,37500,2026-08-22,,,중개거래,개인,개인,
도봉구,11320,10700,창동,661-89,11320-109,황지,,62.04,5,2003,31500,2026-08-07,,,중개거래,개인,개인,
도봉구,11320,10700,창동,743-23,11320-3611,창동역블루핀2동,,65.83,4,2020,58800,2026-08-28,,,중개거래,개인,개인,
도봉구,11320,10700,창동,804,11320-53,대우,,84.88,18,1995,75000,2026-08-27,,,중개거래,개인,개인,
도봉구,11320,10700,창동,804,11320-53,대우,,84.88,2,1995,71000,2026-08-15,,,중개거래,개인,개인,
도봉구,11320,10700,창동,804,11320-53,대우,,84.88,6,1995,72900,2026-08-10,,,중개거래,개인,개인,
도봉구,11320,10700,창동,805,11320-56,동아그린,,59.96,16,1996,70000,2026-08-19,O,26.10.01,중개거래,개인,개인,
도봉구,11320,10700,창동,805,11320-56,동아그린,,59.96,16,1996,75000,2026-08-19,,,중개거래,개인,개인,
도봉구,11320,10700,창동,805,11320-56,동아그린,,59.96,6,1996,85000,2026-08-08,,,중개거래,개인,개인,
도봉구,11320,10700,창동,805,11320-56,동아그린,,84.94,9,1996,88000,2026-08-26,,,중개거래,개인,개인,
도봉구,11320,10700,창동,807,11320-63,쌍용,,59.88,11,1997,84500,2026-08-10,,,중개거래,개인,개인,
도봉구,11320,10700,창동,808,11320-57,동아청솔,,84.97,1,1997,104000,2026-08-29,,,중개거래,개인,개인,
도봉구,11320,10700,창동,809,11320-51,금용,,59.97,19,1997,49000,2026-08-28,,,중개거래,개인,개인,
도봉구,11320,10700,창동,810,11320-62,신창,,49.77,11,1998,37000,2026-08-31,,,중개거래,개인,개인,
도봉구,11320,10700,창동,810,11320-62,신창,,59.4,1,1998,37500,2026-08-23,,,중개거래,개인,개인,
도봉구,11320,10700,창동,810,11320-62,신창,,59.4,3,1998,44000,2026-08-31,,,중개거래,개인,개인,
도봉구,11320,10700,창동,810,11320-62,신창,105,39.6,10,1998,28000,2026-08-15,,,중개거래,개인,개인,26.09.28
도봉구,11320,10700,창동,813,11320-70,현대조합,101,84.21,12,2000,76000,2026-08-12,,,중개거래,개인,개인,26.09.30
도봉구,11320,10700,창동,814,11320-54,대우그린,,59.97,16,2000,71000,2026-08-10,,,중개거래,개인,개인,
도봉구,11320,10700,창동,814,11320-54,대우그린,,84.93,17,2000,86000,2026-08-22,,,중개거래,개인,개인,
도봉구,11320,10700,창동,814,11320-54,대우그린,,84.93,18,2000,86000,2026-08-10,,,중개거래,개인,개인,
도봉구,11320,10700,창동,815,11320-66,창동2차현대,,84.504,1,2001,81000,2026-08-10,,,중개거래,개인,개인,
도봉구,11320,10700,창동,815,11320-66,창동2차현대,,84.504,20,2001,91000,2026-08-31,,,중개거래,개인,개인,
도봉구,11320,10700,창동,817,11320-147,수산트리플,,59.86,14,2004,59700,2026-08-17,,,중개거래,개인,개인,
도봉구,11320,10700,창동,817,11320-147,수산트리플,,59.86,4,2004,59000,2026-08-04,,,중개거래,개인,개인,
도봉구,11320,10700,창동,818,11320-111,창동현대4차,,119.4426,13,2003,100000,2026-08-28,,,중개거래,개인,개인,
도봉구,11320,10700,창동,819,11320-112,태영데시앙,,84.995,17,2003,91000,2026-08-10,,,중개거래,개인,개인,
도봉구,11320,10700,창동,819,11320-112,태영데시앙,,84.995,3,2003,84500,2026-08-10,,,중개거래,개인,개인,
도봉구,11320,10700,창동,819,11320-112,태영데시앙,,84.995,5,2003,85000,2026-08-07,,,중개거래,개인,개인,
도봉구,11320,10700,창동,820,11320-113,창동신도브래뉴1차,,84.989,15,2003,90000,2026-08-20,,,중개거래,개인,개인,
도봉구,11320,10700,창동,820,11320-113,창동신도브래뉴1차,,84.989,16,2003,99500,2026-08-28,,,중개거래,개인,개인,
도봉구,11320,10700,창동,820,11320-113,창동신도브래뉴1차,,84.989,9,2003,94300,2026-08-25,,,중개거래,개인,개인,
도봉구,11320,10700,창동,820,11320-113,창동신도브래뉴1차,107,84.989,15,2003,99000,2026-08-01,,,중개거래,개인,개인,26.09.30
도봉구,11320,10700,창동,824,11320-148,창동한승미메이드,,112.9242,13,2004,70000,2026-08-07,,,중개거래,개인,개인,
도봉구,11320,10700,창동,825,11320-149,북한산아이파크5차,,84.4516,19,2004,96300,2026-08-13,,,중개거래,개인,개인,
도봉구,11320,10700,창동,825,11320-149,북한산아이파크5차,,84.4516,20,2004,101200,2026-08-28,,,중개거래,개인,개인,
도봉구,11320,10700,창동,825,11320-149,북한산아이파크5차,,84.4516,6,2004,103000,2026-08-27,,,중개거래,개인,개인,
도봉구,11320,10700,창동,825,11320-149,북한산아이파크5차,,84.4516,6,2004,103000,2026-08-27,O,26.09.02,중개거래,개인,개인,
도봉구,11320,10700,창동,825,11320-149,북한산아이파크5차,518,165.1717,2,2004,120000,2026-08-20,,,중개거래,개인,개인,26.09.22
도봉구,11320,10700,창동,826,11320-2420,북한산한신휴플러스,,84.9499,12,2007,83300,2026-08-15,,,중개거래,개인,개인,
도봉구,11320,10800,도봉동,30-1,11320-86,한신,,77.46,1,1995,54000,2026-08-12,,,중개거래,개인,개인,
도봉구,11320,10800,도봉동,30-1,11320-86,한신,,84.94,10,1995,64000,2026-08-25,,,중개거래,개인,개인,
도봉구,11320,10800,도봉동,30-1,11320-86,한신,,84.94,10,1995,66000,2026-08-14,,,중개거래,개인,개인,
도봉구,11320,10800,도봉동,30-1,11320-86,한신,,84.94,14,1995,65500,2026-08-24,,,중개거래,개인,개인,
도봉구,11320,10800,도봉동,30-1,11320-86,한신,,84.94,16,1995,66000,2026-08-06,,,중개거래,개인,개인,
도봉구,11320,10800,도봉동,30-1,11320-86,한신,,84.94,3,1995,55500,2026-08-01,,,중개거래,개인,개인,
도봉구,11320,10800,도봉동,30-1,11320-86,한신,,84.94,5,1995,68200,2026-08-05,,,중개거래,개인,개인,
도봉구,11320,10800,도봉동,51-12,11320-150,중흥에스-클래스,,81.443,11,2004,59000,2026-08-05,,,중개거래,개인,개인,
도봉구,11320,10800,도봉동,51-12,11320-150,중흥에스-클래스,,84.951,7,2004,62000,2026-08-29,,,중개거래,개인,개인,
도봉구,11320,10800,도봉동,51-12,11320-150,중흥에스-클래스,,84.951,7,2004,62000,2026-08-29,O,26.09.15,중개거래,개인,개인,
도봉구,11320,10800,도봉동,51-12,11320-150,중흥에스-클래스,,84.951,8,2004,59900,2026-08-08,,,중개거래,개인,개인,
도봉구,11320,10800,도봉동,555,11320-82,서울가든,,75.33,11,1987,48000,2026-08-05,,,중개거래,개인,개인,
도봉구,11320,10800,도봉동,595,11320-79,럭키,,84.86,13,1992,63000,2026-08-20,,,중개거래,개인,개인,
도봉구,11320,10800,도봉동,595,11320-79,럭키,,84.86,5,1992,57000,2026-08-01,,,중개거래,개인,개인,
도봉구,11320,10800,도봉동,641,11320-83,서원,,40.02,13,1996,31000,2026-08-25,,,중개거래,개인,개인,
도봉구,11320,10800,도봉동,641,11320-83,서원,,49.77,18,1996,36900,2026-08-14,O,26.09.10,중개거래,개인,개인,
도봉구,11320,10800,도봉동,641,11320-83,서원,,49.77,3,1996,35000,2026-08-06,,,중개거래,개인,개인,
도봉구,11320,10800,도봉동,641,11320-83,서원,,49.77,6,1996,38000,2026-08-20,,,중개거래,개인,개인,
도봉구,11320,10800,도봉동,641,11320-83,서원,,49.77,7,1996,37000,2026-08-06,,,중개거래,개인,개인,
도봉구,11320,10800,도봉동,641,11320-83,서원,,59.76,3,1996,49500,2026-08-06,,,중개거래,개인,개인,
도봉구,11320,10800,도봉동,641,11320-83,서원,113,49.77,18,1996,36900,2026-08-14,,,중개거래,개인,개인,26.09.15
도봉구,11320,10800,도봉동,641,11320-83,서원,114,49.77,2,1996,37000,2026-08-22,,,중개거래,개인,개인,26.09.09
도봉구,11320,10800,도봉동,642,11320-87,현대성우,,59.04,16,1998,41500,2026-08-27,,,중개거래,개인,개인,
도봉구,11320,10800,도봉동,642,11320-87,현대성우,,59.04,4,1998,40500,2026-08-28,,,중개거래,개인,개인,
도봉구,11320,10800,도봉동,647,11320-116,도봉파크빌2,,84.155,7,2002,61000,2026-08-06,,,중개거래,개인,개인,
도봉구,11320,10800,도봉동,647,11320-116,도봉파크빌2,,84.163,2,2002,62500,2026-08-14,,,중개거래,개인,개인,
도봉구,11320,10800,도봉동,647,11320-116,도봉파크빌2,,84.354,20,2002,57000,2026-08-13,,,중개거래,개인,개인,
도봉구,11320,10800,도봉동,647,11320-116,도봉파크빌2,,84.354,5,2002,61800,2026-08-30,,,중개거래,개인,개인,
도봉구,11320,10800,도봉동,647,11320-116,도봉파크빌2,202,84.354,5,2002,60700,2026-08-27,,,중개거래,개인,개인,26.09.30
도봉구,11320,10800,도봉동,654,11320-88,동아에코빌,,105.976,19,2003,80500,2026-08-13,,,중개거래,개인,개인,
도봉구,11320,10800,도봉동,654,11320-88,동아에코빌,,84.967,14,2003,72000,2026-08-27,,,중개거래,개인,개인,
도봉구,11320,10800,도봉동,655,11320-154,래미안도봉,,84.55,18,2005,73900,2026-08-11,,,중개거래,개인,개인,
도봉구,11320,10800,도봉동,655,11320-154,래미안도봉,,84.55,3,2005,70000,2026-08-07,,,중개거래,개인,개인,
도봉구,11320,10800,도봉동,655,11320-154,래미안도봉,106,59.25,11,2005,60000,2026-08-08,,,중개거래,개인,개인,26.09.14
도봉구,11320,10800,도봉동,656,11320-2351,양우내안애,,84.92,2,2005,57000,2026-08-10,,,중개거래,개인,개인,
도봉구,11320,10800,도봉동,81-1,11320-77,극동,,84.83,14,1991,54000,2026-08-29,,,중개거래,개인,개인,
도봉구,11320,10800,도봉동,81-1,11320-77,극동,,84.83,14,1991,54000,2026-08-29,O,26.09.17,중개거래,개인,개인,
도봉구,11320,10800,도봉동,81-1,11320-77,극동,,84.83,3,1991,47000,2026-08-14,,,중개거래,개인,개인,
도봉구,11320,10800,도봉동,87,11320-80,삼환도봉,,73.89,11,1987,59500,2026-08-07,,,중개거래,개인,개인,
도봉구,11320,10800,도봉동,87,11320-80,삼환도봉,,73.89,2,1987,55000,2026-08-21,,,중개거래,개인,개인,
동대문구,11230,10100,신설동,96-48,11230-3381,신설동역자이르네,,42.836,4,2024,81000,2026-08-23,,,중개거래,개인,개인,
동대문구,11230,10200,용두동,779,11230-2,신동아,,58.59,1,1994,92500,2026-08-06,,,중개거래,개인,개인,
동대문구,11230,10200,용두동,779,11230-2,신동아,,84.63,13,1994,110000,2026-08-08,,,중개거래,개인,개인,
동대문구,11230,10200,용두동,779,11230-2,신동아,,84.63,7,1994,114000,2026-08-17,,,중개거래,개인,개인,
동대문구,11230,10200,용두동,790,11230-2159,롯데캐슬피렌체,,30.4,13,2009,37800,2026-08-22,,,중개거래,개인,개인,
동대문구,11230,10200,용두동,790,11230-2159,롯데캐슬피렌체,,84.99,4,2009,119000,2026-08-12,,,중개거래,개인,개인,
동대문구,11230,10200,용두동,791,11230-2164,용두두산위브,,84.99,14,2009,149500,2026-08-07,,,중개거래,개인,개인,
동대문구,11230,10200,용두동,794,11230-2518,용두롯데캐슬리치,,84.8378,5,2015,140000,2026-08-01,,,중개거래,개인,개인,
동대문구,11230,10200,용두동,798,11230-3341,청량리역한양수자인그라시엘,,84.97,22,2023,177000,2026-08-05,,,중개거래,개인,개인,
동대문구,11230,10200,용두동,798,11230-3341,청량리역한양수자인그라시엘,,84.97,44,2023,185000,2026-08-22,,,중개거래,개인,개인,
동대문구,11230,10300,제기동,1212,11230-5,한신아파트,,114.885,20,2004,133000,2026-08-01,,,중개거래,개인,개인,
동대문구,11230,10300,제기동,1212,11230-5,한신아파트,,114.885,3,2004,124500,2026-08-12,,,중개거래,개인,개인,
동대문구,11230,10300,제기동,1212,11230-5,한신아파트,,59.84,20,2004,111700,2026-08-01,,,중개거래,개인,개인,
동대문구,11230,10300,제기동,1212,11230-5,한신아파트,101,59.84,2,2004,103500,2026-08-01,,,중개거래,개인,개인,26.10.02
동대문구,11230,10300,제기동,153,11230-84,안암골벽산,,116.69,13,2003,116000,2026-08-22,,,중개거래,개인,개인,
동대문구,11230,10300,제기동,153,11230-84,안암골벽산,,116.69,9,2003,119000,2026-08-31,,,중개거래,개인,개인,
동대문구,11230,10400,전농동,10,11230-10,전농SK,,114.3,15,2000,126000,2026-08-08,,,중개거래,개인,개인,
동대문구,11230,10400,전농동,10,11230-10,전농SK,,114.3,18,2000,133500,2026-08-28,,,중개거래,개인,개인,
동대문구,11230,10400,전농동,10,11230-10,전농SK,,114.3,22,2000,130000,2026-08-01,,,중개거래,개인,개인,
동대문구,11230,10400,전농동,10,11230-10,전농SK,,59.34,19,2000,112000,2026-08-01,,,중개거래,개인,개인,
동대문구,11230,10400,전농동,10,11230-10,전농SK,,59.34,24,2000,112500,2026-08-14,,,중개거래,개인,개인,
동대문구,11230,10400,전농동,6,11230-12,전농우성,,59.78,8,1992,88000,2026-08-22,,,중개거래,개인,개인,
동대문구,11230,10400,전농동,6,11230-12,전농우성,,84.84,8,1992,101000,2026-08-08,,,중개거래,개인,개인,
동대문구,11230,10400,전농동,620-47,11230-3346,청량리역롯데캐슬 SKY-L65,,84.981,8,2023,191000,2026-08-31,,,중개거래,개인,개인,
동대문구,11230,10400,전농동,620-47,11230-3346,청량리역롯데캐슬 SKY-L65,,84.993,39,2023,208000,2026-08-31,,,중개거래,개인,개인,
동대문구,11230,10400,전농동,620-47,11230-3346,청량리역롯데캐슬 SKY-L65,A,84.971,33,2023,156000,2026-08-12,,,직거래,개인,개인,26.08.20
동대문구,11230,10400,전농동,645-2,11230-8,동아,,57.9,17,1997,102000,2026-08-09,,,중개거래,개인,개인,
동대문구,11230,10400,전농동,687,11230-1966,전농동신성미소지움,,55.371,8,2005,124000,2026-08-05,,,중개거래,개인,개인,
동대문구,11230,10400,전농동,687,11230-1966,전농동신성미소지움,,80.325,16,2005,139500,2026-08-04,,,중개거래,개인,개인,
동대문구,11230,10400,전농동,687,11230-1966,전농동신성미소지움,,80.325,16,2005,139500,2026-08-04,O,26.09.04,중개거래,개인,개인,
동대문구,11230,10400,전농동,688,11230-2222,래미안아름숲,,114.92,9,2012,147000,2026-08-03,,,중개거래,개인,개인,
동대문구,11230,10400,전농동,690,11230-2578,래미안크레시티,,121.93,4,2014,194000,2026-08-08,,,중개거래,개인,개인,
동대문구,11230,10400,전농동,690,11230-2578,래미안크레시티,,59.99,15,2014,164500,2026-08-29,,,중개거래,개인,개인,
동대문구,11230,10400,전농동,690,11230-2578,래미안크레시티,,59.99,3,2014,159000,2026-08-11,,,중개거래,개인,개인,
동대문구,11230,10400,전농동,690,11230-2578,래미안크레시티,,59.99,7,2014,162500,2026-08-01,,,중개거래,개인,개인,
동대문구,11230,10400,전농동,690,11230-2578,래미안크레시티,,84.96,10,2014,180000,2026-08-07,,,중개거래,개인,개인,
동대문구,11230,10400,전농동,690,11230-2578,래미안크레시티,,84.96,13,2014,175000,2026-08-03,,,중개거래,개인,개인,
동대문구,11230,10400,전농동,690,11230-2578,래미안크레시티,,84.96,13,2014,178000,2026-08-03,,,중개거래,개인,개인,
동대문구,11230,10400,전농동,690,11230-2578,래미안크레시티,,84.98,14,2014,180000,2026-08-01,,,중개거래,개인,개인,
동대문구,11230,10400,전농동,690,11230-2578,래미안크레시티,302동,84.97,11,2014,174000,2026-08-25,,,중개거래,개인,개인,26.09.04
동대문구,11230,10400,전농동,695,11230-2822,동대문롯데캐슬노블레스,,84.98,8,2018,176000,2026-08-01,,,중개거래,개인,개인,
동대문구,11230,10500,답십리동,10,11230-21,동아,,59.88,16,2001,104000,2026-08-01,,,중개거래,개인,개인,
동대문구,11230,10500,답십리동,1001,11230-2197,한신휴플러스그린파크,,59.69,2,2010,105500,2026-08-01,,,중개거래,개인,개인,
동대문구,11230,10500,답십리동,1003,11230-2587,래미안위브,,59.96,4,2014,162000,2026-08-12,,,중개거래,개인,개인,
동대문구,11230,10500,답십리동,1003,11230-2587,래미안위브,,59.96,6,2014,157000,2026-08-08,,,중개거래,개인,개인,
동대문구,11230,10500,답십리동,1003,11230-2587,래미안위브,,59.99,16,2014,161000,2026-08-29,,,중개거래,개인,개인,
동대문구,11230,10500,답십리동,1003,11230-2587,래미안위브,,84.98,7,2014,167000,2026-08-04,,,중개거래,개인,개인,
동대문구,11230,10500,답십리동,1003,11230-2587,래미안위브,,84.99,20,2014,176000,2026-08-29,,,중개거래,개인,개인,
동대문구,11230,10500,답십리동,1003,11230-2587,래미안위브,,84.99,20,2014,176000,2026-08-29,O,26.09.28,중개거래,개인,개인,
동대문구,11230,10500,답십리동,1009,11230-2823,힐스테이트청계,,48.98,22,2018,137500,2026-08-01,,,중개거래,개인,개인,
동대문구,11230,10500,답십리동,1009,11230-2823,힐스테이트청계,,48.98,8,2018,138000,2026-08-06,,,중개거래,개인,개인,
동대문구,11230,10500,답십리동,1009,11230-2823,힐스테이트청계,,59.94,5,2018,158000,2026-08-12,,,중개거래,개인,개인,
동대문구,11230,10500,답십리동,1009,11230-2823,힐스테이트청계,,84.85,28,2018,179000,2026-08-15,,,중개거래,개인,개인,
동대문구,11230,10500,답십리동,1009,11230-2823,힐스테이트청계,104,84.85,13,2018,174500,2026-08-18,,,중개거래,개인,개인,26.09.15
동대문구,11230,10500,답십리동,1016,11230-4328,e편한세상답십리아르테포레,,59.9533,16,2025,140800,2026-08-31,,,중개거래,개인,개인,
동대문구,11230,10500,답십리동,41,11230-20,동서울한양,,59.67,2,1989,73000,2026-08-12,,,중개거래,개인,개인,
동대문구,11230,10500,답십리동,42,11230-19,동답한신,,35.45,1,1992,51700,2026-08-15,,,중개거래,개인,개인,
동대문구,11230,10500,답십리동,42,11230-19,동답한신,,44.35,14,1992,63000,2026-08-28,,,중개거래,개인,개인,
동대문구,11230,10500,답십리동,488-18,11230-2370,센시티16,,14.244,15,2013,10950,2026-08-01,,,중개거래,개인,개인,26.08.06
동대문구,11230,10500,답십리동,494-1,11230-2691,한일노벨리아,,16.64,17,2016,14000,2026-08-13,,,중개거래,개인,개인,
동대문구,11230,10500,답십리동,530-15,11230-2682,현대썬앤빌청계,1,14.82,10,2016,13000,2026-08-22,,,직거래,개인,개인,26.08.24
동대문구,11230,10500,답십리동,530-15,11230-2682,현대썬앤빌청계,1,14.82,7,2016,10000,2026-08-29,,,직거래,개인,개인,26.09.02
동대문구,11230,10500,답십리동,80-2,11230-27,청솔2차우성,,82.49,13,2000,93000,2026-08-12,,,중개거래,개인,개인,
동대문구,11230,10500,답십리동,808,11230-31,대림,,59.65,6,2003,82000,2026-08-06,,,중개거래,개인,개인,
동대문구,11230,10500,답십리동,808,11230-31,대림,,84.66,6,2003,88000,2026-08-24,,,중개거래,개인,개인,
동대문구,11230,10500,답십리동,989-1,11230-24,우성그린,,84.66,9,1997,93000,2026-08-01,,,중개거래,개인,개인,
동대문구,11230,10500,답십리동,990,11230-22,두산,,114.97,13,2000,95000,2026-08-11,,,중개거래,개인,개인,
동대문구,11230,10500,답십리동,990,11230-22,두산,107,114.97,5,2000,107500,2026-08-06,,,중개거래,개인,개인,26.09.04
동대문구,11230,10500,답십리동,997,11230-214,세양청마루,,84.98,13,2005,90500,2026-08-18,,,중개거래,개인,개인,
동대문구,11230,10500,답십리동,998,11230-2036,두산위브,,84.91,2,2007,141500,2026-08-23,,,중개거래,개인,개인,
동대문구,11230,10500,답십리동,999,11230-2037,청계벽산메가트리움,,84.96,18,2006,106000,2026-08-01,,,중개거래,개인,개인,
동대문구,11230,10500,답십리동,999,11230-2037,청계벽산메가트리움,,84.96,3,2006,81000,2026-08-12,,,중개거래,개인,개인,
동대문구,11230,10600,장안동,309-6,11230-2041,SM해그린아파트,,84.87,7,2006,67500,2026-08-14,,,중개거래,개인,개인,
동대문구,11230,10600,장안동,319-6,11230-2683,U-포그니,,57.32,8,2016,45000,2026-08-06,,,중개거래,개인,개인,26.09.08
동대문구,11230,10600,장안동,329-2,11230-2078,장안힐스테이트,,59.885,8,2007,120000,2026-08-15,,,중개거래,개인,개인,
동대문구,11230,10600,장안동,329-2,11230-2078,장안힐스테이트,,84.854,3,2007,126500,2026-08-03,,,중개거래,개인,개인,
동대문구,11230,10600,장안동,329-3,11230-129,래미안장안2차,,81.05,10,2007,132000,2026-08-05,,,중개거래,개인,개인,
동대문구,11230,10600,장안동,329-3,11230-129,래미안장안2차,,81.05,20,2007,132500,2026-08-08,,,중개거래,개인,개인,
동대문구,11230,10600,장안동,336,11230-81,장안현대홈타운(336),,133.72,7,2003,139000,2026-08-07,,,중개거래,개인,개인,
동대문구,11230,10600,장안동,344-11,11230-224,우정A(344-11),,51.58,4,2003,33000,2026-08-03,,,직거래,개인,개인,26.08.31
동대문구,11230,10600,장안동,346-1,11230-2825,태솔아파트3차,,59.24,5,2018,52000,2026-08-03,,,중개거래,개인,개인,
동대문구,11230,10600,장안동,346-2,11230-2658,태솔아파트2차,,59.72,6,2016,50000,2026-08-28,,,중개거래,개인,개인,
동대문구,11230,10600,장안동,347-8,11230-2038,정은스카이빌201동,,84.6,4,2006,68300,2026-08-22,,,중개거래,개인,개인,
동대문구,11230,10600,장안동,347-8,11230-2038,정은스카이빌201동,,97.37,5,2006,75000,2026-08-12,,,중개거래,개인,개인,
동대문구,11230,10600,장안동,354-2,11230-70,래미안장안,,84.774,14,2003,132500,2026-08-20,,,중개거래,개인,개인,
동대문구,11230,10600,장안동,354-2,11230-70,래미안장안,,84.774,2,2003,121000,2026-08-06,,,중개거래,개인,개인,
동대문구,11230,10600,장안동,364-7,11230-2842,스마트트라움,,47.84,13,2018,46000,2026-08-18,,,중개거래,개인,개인,
동대문구,11230,10600,장안동,364-7,11230-2842,스마트트라움,,48.02,6,2018,41500,2026-08-07,,,중개거래,개인,개인,
동대문구,11230,10600,장안동,364-9,11230-2285,태솔타워,태솔타워,39.24,6,2012,24700,2026-08-13,,,직거래,개인,개인,26.09.16
동대문구,11230,10600,장안동,367-4,11230-2448,태솔타운2차,,46.41,10,2014,36500,2026-08-28,,,중개거래,개인,개인,
동대문구,11230,10600,장안동,371-1,11230-38,장안삼성쉐르빌,,100.7,9,2002,80500,2026-08-03,,,중개거래,개인,개인,
동대문구,11230,10600,장안동,372-16,11230-2543,청솔아파트(B동),,53.95,10,2015,42000,2026-08-18,,,중개거래,개인,개인,
동대문구,11230,10600,장안동,373-3,11230-2556,현대썬앤빌601,,18.35,13,2015,10500,2026-08-11,,,중개거래,개인,개인,26.09.10
동대문구,11230,10600,장안동,373-3,11230-2556,현대썬앤빌601,,18.35,16,2015,10500,2026-08-20,,,중개거래,개인,개인,26.09.17
동대문구,11230,10600,장안동,373-7,11230-111,가야써니빌(373-7),,84.87,4,2002,48000,2026-08-16,,,중개거래,개인,개인,
동대문구,11230,10600,장안동,381-3,11230-2182,한강훼미리주상복합아파트,,83.43,8,2009,60500,2026-08-27,,,중개거래,개인,개인,
동대문구,11230,10600,장안동,400-3,11230-2057,(해오름),,83.18,3,2006,67000,2026-08-19,,,중개거래,개인,개인,
동대문구,11230,10600,장안동,440-3,11230-2210,상록파라브3차,,84.37,3,2010,69500,2026-08-23,,,중개거래,개인,개인,
동대문구,11230,10600,장안동,562,11230-1977,우성3차(562),,83.7,1,2005,68000,2026-08-19,,,중개거래,개인,개인,26.10.02
동대문구,11230,10600,장안동,564,11230-1979,신일해피트리아파트101동,,65.58,6,2005,66000,2026-08-08,,,중개거래,개인,개인,
동대문구,11230,10600,장안동,564,11230-1979,신일해피트리아파트101동,,84.71,6,2005,85000,2026-08-08,,,중개거래,개인,개인,
동대문구,11230,10600,장안동,572,11230-2058,은하수드림필,,84.91,5,2006,75500,2026-08-29,,,중개거래,개인,개인,
동대문구,11230,10600,장안동,576,11230-2075,흥해오크팰리스(576-0),101,84.62,13,2007,74700,2026-08-10,,,중개거래,개인,개인,26.10.01
동대문구,11230,10600,장안동,95-1,11230-36,장안현대,,95.39,5,1984,98000,2026-08-31,,,중개거래,개인,개인,
동대문구,11230,10600,장안동,95-1,11230-36,장안현대,,95.44,8,1984,96000,2026-08-10,,,중개거래,개인,개인,
동대문구,11230,10600,장안동,95-1,11230-36,장안현대,,95.45,4,1984,92500,2026-08-21,,,중개거래,개인,개인,
동대문구,11230,10600,장안동,95-1,11230-36,장안현대,,95.45,8,1984,92000,2026-08-24,,,중개거래,개인,개인,
동대문구,11230,10700,청량리동,235-1,11230-43,미주,,101.62,4,1978,147000,2026-08-05,,,중개거래,개인,개인,
동대문구,11230,10700,청량리동,235-1,11230-43,미주,,102.15,15,1978,147500,2026-08-02,,,중개거래,개인,개인,
동대문구,11230,10700,청량리동,60,11230-44,한신,,84.92,1,1997,95500,2026-08-08,,,중개거래,개인,개인,
동대문구,11230,10800,회기동,346-18,11230-2350,베라체캠퍼스,,16.396,14,2013,20000,2026-08-21,,,직거래,개인,개인,26.09.04
동대문구,11230,10800,회기동,67-3,11230-2744,민족통일MJ캠퍼스경희대,,28.07,7,2017,26500,2026-08-29,,,중개거래,개인,개인,
동대문구,11230,10900,휘경동,106,11230-52,휘경미소지움,,114.03,19,1999,104500,2026-08-22,,,중개거래,개인,개인,
동대문구,11230,10900,휘경동,106,11230-52,휘경미소지움,,59.84,5,1999,77800,2026-08-09,,,중개거래,개인,개인,
동대문구,11230,10900,휘경동,264-2,11230-2056,효자워너빌,,84.64,14,2006,74000,2026-08-14,,,중개거래,개인,개인,
동대문구,11230,10900,휘경동,264-2,11230-2056,효자워너빌,,84.64,8,2006,75000,2026-08-07,,,중개거래,개인,개인,
동대문구,11230,10900,휘경동,336-32,11230-2964,캠퍼스드림오피스텔,,16.04,13,2020,21000,2026-08-14,,,직거래,개인,개인,26.08.31
동대문구,11230,10900,휘경동,363,11230-54,현대,,84.94,4,1992,78500,2026-08-08,,,중개거래,개인,개인,
동대문구,11230,10900,휘경동,368,11230-2283,브라운스톤휘경,,84.74,1,2013,95000,2026-08-15,,,중개거래,개인,개인,
동대문구,11230,10900,휘경동,375,11230-2975,휘경해모로프레스티지,,59.82,4,2021,109000,2026-08-10,,,중개거래,개인,개인,
동대문구,11230,10900,휘경동,57,11230-53,휘경리오포레아파트(1단지),,114.73,4,2001,126000,2026-08-20,,,중개거래,개인,개인,
동대문구,11230,10900,휘경동,57,11230-53,휘경리오포레아파트(1단지),,84.75,13,2001,110000,2026-08-22,,,중개거래,개인,개인,
동대문구,11230,10900,휘경동,57,11230-64,휘경리오포레아파트(2단지),,39.97,15,2001,63000,2026-08-26,,,중개거래,개인,개인,
동대문구,11230,10900,휘경동,57,11230-64,휘경리오포레아파트(2단지),,39.98,10,2001,67300,2026-08-02,,,중개거래,개인,개인,
동대문구,11230,10900,휘경동,57,11230-64,휘경리오포레아파트(2단지),,39.98,4,2001,67000,2026-08-29,,,중개거래,개인,개인,
동대문구,11230,10900,휘경동,78,11230-50,롯데,,114.96,5,2000,92000,2026-08-09,,,중개거래,개인,개인,
동대문구,11230,10900,휘경동,78,11230-50,롯데,,114.96,5,2000,92000,2026-08-09,O,26.09.18,중개거래,개인,개인,
동대문구,11230,11000,이문동,225,11230-65,대림e-편한세상,,79.35,6,2003,121000,2026-08-01,,,중개거래,개인,개인,
동대문구,11230,11000,이문동,225,11230-65,대림e-편한세상,,84.972,21,2003,125000,2026-08-17,,,중개거래,개인,개인,
동대문구,11230,11000,이문동,257-42,11230-3384,래미안라그란데,,99.98,12,2025,185130,2026-08-07,,,직거래,개인,법인,
동대문구,11230,11000,이문동,291-35,11230-2970,이문스카이뷰,,25.99,10,2020,33000,2026-08-22,,,중개거래,개인,개인,
동대문구,11230,11000,이문동,425,11230-60,이문삼성래미안아파트,,114.988,18,2001,109500,2026-08-29,,,중개거래,개인,개인,
동대문구,11230,11000,이문동,428,11230-2126,신이문금호어울림,101,84.84,10,2008,102000,2026-08-12,,,중개거래,개인,개인,26.10.01
동대문구,11230,11000,이문동,45,11230-59,대우,,84.891,2,2001,97000,2026-08-12,,,중개거래,개인,개인,
동대문구,11230,11000,이문동,64,11230-62,쌍용,,114.35,18,2000,123000,2026-08-01,,,중개거래,개인,개인,
동대문구,11230,11000,이문동,64,11230-62,쌍용,,59.99,11,2000,104300,2026-08-08,,,중개거래,개인,개인,
동대문구,11230,11000,이문동,64,11230-62,쌍용,,59.99,15,2000,110000,2026-08-13,,,중개거래,개인,개인,
동대문구,11230,11000,이문동,64,11230-62,쌍용,,84.89,1,2000,104500,2026-08-11,,,중개거래,개인,개인,
동대문구,11230,11000,이문동,64,11230-62,쌍용,,84.89,11,2000,107500,2026-08-02,,,중개거래,개인,개인,
동대문구,11230,11000,이문동,64,11230-62,쌍용,,84.89,9,2000,114500,2026-08-19,,,중개거래,개인,개인,
동작구,11590,10100,노량진동,323,11590-5,우성,,124.77,8,1997,169300,2026-08-13,,,중개거래,개인,개인,
동작구,11590,10100,노량진동,323,11590-5,우성,,59.82,8,1997,151000,2026-08-07,,,중개거래,개인,개인,
동작구,11590,10100,노량진동,325,11590-4,신동아리버파크,,114.75,20,2001,179500,2026-08-04,,,중개거래,개인,개인,
동작구,11590,10100,노량진동,325,11590-4,신동아리버파크,,84.88,13,2001,166000,2026-08-27,,,중개거래,개인,개인,
동작구,11590,10100,노량진동,325,11590-4,신동아리버파크,,84.88,16,2001,165000,2026-08-29,,,중개거래,개인,개인,
동작구,11590,10100,노량진동,331,11590-6,형인한강,,76.05,2,2001,106000,2026-08-11,,,중개거래,개인,개인,
동작구,11590,10200,상도동,301-226,11590-216,청운아파트,,61.7,4,1994,40000,2026-08-05,,,중개거래,개인,개인,26.10.02
동작구,11590,10200,상도동,407,11590-3295,현대(관악),,84.78,11,1992,116000,2026-08-26,,,중개거래,개인,개인,
동작구,11590,10200,상도동,407,11590-3295,현대(관악),,84.78,12,1992,122000,2026-08-01,,,중개거래,개인,개인,
동작구,11590,10200,상도동,408,11590-13,상도동삼호아파트,,84.52,10,1994,116000,2026-08-21,,,중개거래,개인,개인,
동작구,11590,10200,상도동,408,11590-13,상도동삼호아파트,,84.52,11,1994,130000,2026-08-28,,,중개거래,개인,개인,
동작구,11590,10200,상도동,409-3,11590-3754,종인아네스트(409-3),,68.57,4,2010,70000,2026-08-01,,,중개거래,개인,개인,
동작구,11590,10200,상도동,414,11590-9,건영,,32.8,18,1997,80000,2026-08-26,,,중개거래,개인,개인,
동작구,11590,10200,상도동,415,11590-100,중앙하이츠빌,,84.9883,16,2003,158500,2026-08-28,,,중개거래,개인,개인,
동작구,11590,10200,상도동,418,11590-99,쌍용스윗닷홈,,84.954,9,2003,155500,2026-08-26,,,중개거래,개인,개인,
동작구,11590,10200,상도동,431,11590-127,래미안상도3차,,84.96,1,2004,163000,2026-08-27,,,중개거래,개인,개인,
동작구,11590,10200,상도동,431,11590-127,래미안상도3차,,84.96,7,2004,180000,2026-08-27,,,중개거래,개인,개인,
동작구,11590,10200,상도동,459,11590-3358,상도2차갑을명가,,84.33,3,2006,77000,2026-08-03,,,중개거래,개인,개인,
동작구,11590,10200,상도동,488,11590-8,강남(488),,88.69,5,1972,16000,2026-08-22,,,중개거래,개인,개인,
동작구,11590,10200,상도동,521,11590-3412,포스코더샵,111,59.99,6,2007,173000,2026-08-12,,,중개거래,개인,개인,26.09.22
동작구,11590,10200,상도동,527,11590-3441,이수브라운스톤상도(527-0),,59.91,9,2007,169800,2026-08-29,,,중개거래,개인,개인,
동작구,11590,10200,상도동,527,11590-3441,이수브라운스톤상도(527-0),,84.84,5,2007,191000,2026-08-06,,,중개거래,개인,개인,
동작구,11590,10200,상도동,527,11590-3441,이수브라운스톤상도(527-0),,84.91,12,2007,176800,2026-08-17,,,중개거래,개인,개인,
동작구,11590,10200,상도동,529,11590-3714,상도두산위브,,84.911,5,2010,165000,2026-08-19,,,중개거래,개인,개인,
동작구,11590,10200,상도동,529,11590-3714,상도두산위브,,84.99,8,2010,172000,2026-08-20,,,중개거래,개인,개인,
동작구,11590,10200,상도동,531,11590-3954,힐스테이트 상도 센트럴파크,,59.7754,8,2012,183000,2026-08-08,,,중개거래,개인,개인,
동작구,11590,10200,상도동,531,11590-3954,힐스테이트 상도 센트럴파크,,84.6099,16,2012,200000,2026-08-08,,,중개거래,개인,개인,
동작구,11590,10200,상도동,531,11590-3954,힐스테이트 상도 센트럴파크,,84.6099,2,2012,190000,2026-08-21,,,중개거래,개인,개인,
동작구,11590,10200,상도동,533,11590-4078,힐스테이트 상도 프레스티지,,84.884,15,2013,193500,2026-08-22,,,중개거래,개인,개인,
동작구,11590,10200,상도동,535,11590-4495,두산위브트레지움2차,202,84.864,23,2016,193000,2026-08-03,,,중개거래,개인,개인,26.09.15
동작구,11590,10200,상도동,56-45,11590-155,수정빌라트(56-45),,50.82,1,2000,32500,2026-08-11,,,중개거래,개인,개인,26.08.18
동작구,11590,10200,상도동,7-92,11590-3769,종인아네스트,,84.84,3,2011,65000,2026-08-05,,,중개거래,개인,법인,26.09.30
동작구,11590,10200,상도동,900,11590-4642,상도파크자이,,84.888,13,2016,224000,2026-08-10,,,중개거래,개인,개인,
동작구,11590,10200,상도동,904,11590-4993,상도역롯데캐슬파크엘,101,59.9818,13,2021,189000,2026-08-26,,,중개거래,개인,개인,26.09.21
동작구,11590,10200,상도동,906,11590-5189,상도푸르지오클라베뉴,,59.8166,2,2024,153000,2026-08-26,,,중개거래,개인,개인,
동작구,11590,10200,상도동,906,11590-5189,상도푸르지오클라베뉴,,84.6246,5,2024,173000,2026-08-22,,,중개거래,개인,개인,
동작구,11590,10300,상도1동,501-3,11590-227,현진베스트빌,,73.15,1,2003,56000,2026-08-13,,,중개거래,개인,개인,
동작구,11590,10400,본동,481,11590-29,신동아,3,84.46,4,1993,161000,2026-08-25,,,중개거래,개인,개인,26.08.27
동작구,11590,10400,본동,484,11590-96,경동윈츠리버,,110.04,3,2004,149000,2026-08-22,,,중개거래,개인,개인,
동작구,11590,10400,본동,484,11590-96,경동윈츠리버,,56.68,4,2004,130000,2026-08-20,,,중개거래,개인,개인,
동작구,11590,10400,본동,484,11590-96,경동윈츠리버,106,79.68,11,2004,153000,2026-08-12,,,중개거래,개인,개인,26.08.31
동작구,11590,10400,본동,487,11590-128,한신휴플러스,,84.84,10,2004,152000,2026-08-19,,,중개거래,개인,개인,
동작구,11590,10400,본동,492,11590-130,삼성래미안,,59.9843,2,2004,153000,2026-08-13,,,중개거래,개인,개인,
동작구,11590,10400,본동,492,11590-130,삼성래미안,,84.2261,2,2004,150000,2026-08-12,,,중개거래,개인,개인,
동작구,11590,10400,본동,494,11590-3831,래미안트윈파크,,84.76,8,2011,225000,2026-08-22,,,중개거래,개인,개인,
동작구,11590,10500,흑석동,10,11590-34,명수대현대,108,124.95,5,1988,265000,2026-08-13,,,중개거래,개인,법인,26.09.07
동작구,11590,10500,흑석동,28,11590-36,한강현대,,66.225,11,1988,224000,2026-08-06,,,중개거래,개인,개인,
동작구,11590,10500,흑석동,28,11590-36,한강현대,,66.225,11,1988,224000,2026-08-06,O,26.10.06,중개거래,개인,개인,
동작구,11590,10500,흑석동,28,11590-36,한강현대,,66.225,5,1988,218000,2026-08-12,,,중개거래,개인,개인,
동작구,11590,10500,흑석동,328,11590-106,흑석동양아파트,,59.511,3,2003,145000,2026-08-22,,,중개거래,개인,개인,
동작구,11590,10500,흑석동,329,11590-105,우리유앤미,,83.5859,17,2003,149000,2026-08-07,,,중개거래,개인,개인,
동작구,11590,10500,흑석동,336,11590-3965,흑석한강푸르지오,,59.84,5,2012,200000,2026-08-30,,,중개거래,개인,개인,
동작구,11590,10500,흑석동,340,11590-4875,롯데캐슬에듀포레,,59.8718,3,2018,213500,2026-08-09,,,중개거래,개인,개인,
동작구,11590,10500,흑석동,343,11590-5152,흑석리버파크자이,,84.96,1,2025,240000,2026-08-07,,,중개거래,개인,개인,
동작구,11590,10500,흑석동,343,11590-5152,흑석리버파크자이,313,59.93,19,2025,224000,2026-08-10,,,중개거래,개인,개인,26.09.21
동작구,11590,10600,동작동,331,11590-95,금강KCC,,84.95,12,2003,152500,2026-08-15,,,중개거래,개인,개인,
동작구,11590,10600,동작동,332,11590-3322,이수교KCC스위첸,,120.71,6,2006,168000,2026-08-14,,,중개거래,개인,개인,
동작구,11590,10600,동작동,332,11590-3322,이수교KCC스위첸,,84.98,7,2006,158000,2026-08-12,,,중개거래,개인,개인,
동작구,11590,10600,동작동,333,11590-4023,이수힐스테이트,,84.9817,2,2013,218000,2026-08-23,,,중개거래,개인,개인,
동작구,11590,10700,사당동,105,11590-38,극동(105),,46.75,1,1993,133500,2026-08-11,,,중개거래,개인,개인,
동작구,11590,10700,사당동,105,11590-38,극동(105),,46.75,13,1993,140500,2026-08-19,,,중개거래,개인,개인,
동작구,11590,10700,사당동,105,11590-38,극동(105),,46.75,14,1993,142700,2026-08-18,,,중개거래,개인,개인,
동작구,11590,10700,사당동,105,11590-38,극동(105),,59.25,12,1993,162000,2026-08-19,,,중개거래,개인,개인,
동작구,11590,10700,사당동,105,11590-47,신동아4,,118.25,3,1993,189000,2026-08-31,,,중개거래,개인,개인,
동작구,11590,10700,사당동,105,11590-47,신동아4,,46.75,1,1993,129800,2026-08-12,,,중개거래,개인,개인,
동작구,11590,10700,사당동,105,11590-47,신동아4,,84.46,6,1993,176000,2026-08-13,,,중개거래,개인,개인,
동작구,11590,10700,사당동,105,11590-49,사당우성2,,118.25,11,1993,214000,2026-08-10,,,중개거래,개인,개인,
동작구,11590,10700,사당동,105,11590-49,사당우성2,,118.25,2,1993,200000,2026-08-17,,,중개거래,개인,개인,
동작구,11590,10700,사당동,105,11590-49,사당우성2,,59.89,10,1993,171000,2026-08-01,,,중개거래,개인,개인,
동작구,11590,10700,사당동,105,11590-49,사당우성2,,59.89,13,1993,172000,2026-08-10,,,중개거래,개인,개인,
동작구,11590,10700,사당동,105,11590-49,사당우성2,,59.89,13,1993,172000,2026-08-27,,,중개거래,개인,개인,
동작구,11590,10700,사당동,105,11590-89,사당우성3,,46.75,15,1993,135000,2026-08-05,,,중개거래,개인,개인,
동작구,11590,10700,사당동,105,11590-89,사당우성3,,46.75,8,1993,138000,2026-08-13,,,중개거래,개인,개인,
동작구,11590,10700,사당동,105,11590-89,사당우성3,,59.89,11,1993,167500,2026-08-08,,,중개거래,개인,개인,
동작구,11590,10700,사당동,1131,11590-3828,두산위브트레지움,,116.6177,19,2011,239500,2026-08-13,,,중개거래,개인,개인,
동작구,11590,10700,사당동,1132,11590-97,롯데캐슬,,84.96,3,2003,155000,2026-08-14,,,중개거래,개인,개인,
동작구,11590,10700,사당동,1132,11590-97,롯데캐슬,,84.96,3,2003,155000,2026-08-28,,,중개거래,개인,개인,
동작구,11590,10700,사당동,1133,11590-54,삼성래미안,,84.967,18,2003,161000,2026-08-29,,,중개거래,개인,개인,
동작구,11590,10700,사당동,1134,11590-40,경남아너스빌1차,,59.9,9,1997,114000,2026-08-01,,,중개거래,개인,개인,
동작구,11590,10700,사당동,1135,11590-86,경남아너스빌2차,,59.9,10,1998,98000,2026-08-12,,,중개거래,개인,개인,
동작구,11590,10700,사당동,1137,11590-88,신동아5,,114.68,13,1998,169000,2026-08-31,,,중개거래,개인,개인,
동작구,11590,10700,사당동,1138,11590-45,삼호그린,,84.72,8,1999,127000,2026-08-19,,,중개거래,개인,개인,
동작구,11590,10700,사당동,1139,11590-43,사당자이,,59.89,7,1999,120000,2026-08-14,,,중개거래,개인,개인,
동작구,11590,10700,사당동,1139,11590-43,사당자이,,60,6,1999,123500,2026-08-22,,,중개거래,개인,개인,
동작구,11590,10700,사당동,1139,11590-43,사당자이,,84.49,14,1999,140000,2026-08-31,,,중개거래,개인,개인,
동작구,11590,10700,사당동,1140,11590-44,삼성,,59.91,2,1999,99000,2026-08-14,,,중개거래,개인,개인,
동작구,11590,10700,사당동,1140,11590-44,삼성,,59.91,2,1999,99000,2026-08-14,O,26.09.15,중개거래,개인,개인,
동작구,11590,10700,사당동,1142,11590-150,진흥아리엘,,75.6967,10,2004,84000,2026-08-29,,,중개거래,개인,개인,
동작구,11590,10700,사당동,1143,11590-55,남해오네뜨,,59.958,8,2002,93000,2026-08-13,,,중개거래,개인,개인,
동작구,11590,10700,사당동,1147,11590-3279,대창센시티,,84.9344,3,2005,114000,2026-08-17,,,중개거래,개인,개인,
동작구,11590,10700,사당동,1147,11590-3279,대창센시티,,84.9344,7,2005,114800,2026-08-03,,,중개거래,개인,개인,
동작구,11590,10700,사당동,1151,11590-3317,갑을명가,,81.6491,9,2006,89500,2026-08-28,,,중개거래,개인,개인,
동작구,11590,10700,사당동,1155,11590-3643,대성유니드,,59.99,8,2009,102000,2026-08-29,,,중개거래,개인,개인,
동작구,11590,10700,사당동,1157,11590-4095,이수역리가,,84.847,10,2013,183000,2026-08-11,,,중개거래,개인,개인,
동작구,11590,10700,사당동,1157,11590-4095,이수역리가,,84.956,3,2013,173500,2026-08-01,,,중개거래,개인,개인,
동작구,11590,10700,사당동,1160,11590-4948,사당롯데캐슬골든포레,,49.4797,6,2021,147500,2026-08-12,,,중개거래,개인,개인,
동작구,11590,10700,사당동,169-32,11590-52,현대,,59.96,3,1991,111000,2026-08-25,,,중개거래,개인,개인,
동작구,11590,10700,사당동,169-32,11590-52,현대,,59.96,8,1991,108500,2026-08-15,,,중개거래,개인,개인,
동작구,11590,10700,사당동,169-8,11590-39,대림(169-8),,84.91,15,1990,170000,2026-08-22,,,중개거래,개인,개인,
동작구,11590,10700,사당동,240-15,11590-51,제일,,60.03,8,1987,123000,2026-08-14,,,중개거래,개인,개인,
동작구,11590,10800,대방동,381-3,11590-235,드림빌라트,,80.45,1,2001,59000,2026-08-03,,,중개거래,개인,개인,26.09.08
동작구,11590,10800,대방동,501,11590-57,대림아파트,,134.25,13,1993,207500,2026-08-09,,,중개거래,개인,개인,
동작구,11590,10800,대방동,501,11590-57,대림아파트,,59.84,14,1993,149000,2026-08-27,,,중개거래,개인,개인,
동작구,11590,10800,대방동,501,11590-57,대림아파트,,84.92,3,1993,190000,2026-08-29,,,중개거래,개인,개인,
동작구,11590,10800,대방동,504,11590-64,한국개나리,,59.85,9,1997,95000,2026-08-30,,,중개거래,개인,개인,
동작구,11590,10800,대방동,508,11590-94,대방1차e-편한세상,,84.32,17,2003,172000,2026-08-29,,,중개거래,개인,개인,
동작구,11590,10800,대방동,510,11590-3282,신일해피트리,,59.8165,5,2005,105000,2026-08-03,,,중개거래,개인,개인,
동작구,11590,10800,대방동,512,11590-3323,경남아너스빌,,84.805,7,2006,149000,2026-08-08,,,중개거래,개인,개인,
동작구,11590,10900,신대방동,360-17,11590-75,신동아,,37.74,4,1993,48500,2026-08-14,,,중개거래,개인,개인,26.10.01
동작구,11590,10900,신대방동,360-17,11590-75,신동아,,48.18,1,1993,55000,2026-08-24,,,중개거래,개인,개인,
동작구,11590,10900,신대방동,360-17,11590-75,신동아,,48.18,6,1993,60800,2026-08-06,,,중개거래,개인,개인,
동작구,11590,10900,신대방동,395-62,11590-73,삼성보라매옴니타워,,164.76,19,1997,147000,2026-08-06,,,중개거래,개인,개인,
동작구,11590,10900,신대방동,470-8,11590-78,한성아파트,,130.13,1,1995,145000,2026-08-06,,,중개거래,개인,개인,
동작구,11590,10900,신대방동,565,11590-76,우성1차,,126.16,9,1988,166000,2026-08-25,,,중개거래,개인,개인,
동작구,11590,10900,신대방동,707,11590-79,현대,,84.57,3,1996,132500,2026-08-06,,,중개거래,개인,개인,
동작구,11590,10900,신대방동,712,11590-81,신대방경남,,78.19,7,2003,115000,2026-08-16,,,중개거래,개인,개인,
동작구,11590,10900,신대방동,713,11590-103,롯데낙천대,,55.4561,18,2003,125000,2026-08-07,,,중개거래,개인,개인,
동작구,11590,10900,신대방동,717,11590-3285,신동아파밀리에,,112.058,5,2005,138000,2026-08-15,,,중개거래,개인,개인,
동작구,11590,10900,신대방동,719,11590-3351,동작상떼빌,,84.98,1,2006,116600,2026-08-25,,,중개거래,개인,개인,
동작구,11590,10900,신대방동,719,11590-3351,동작상떼빌,,84.98,2,2006,112500,2026-08-22,,,중개거래,개인,개인,
동작구,11590,10900,신대방동,719,11590-3351,동작상떼빌,,84.98,2,2006,118000,2026-08-28,,,중개거래,개인,개인,
동작구,11590,10900,신대방동,720,11590-3743,보라매e편한세상,,133.3,3,2010,156000,2026-08-01,,,중개거래,개인,개인,
동작구,11590,10900,신대방동,724,11590-5026,보라매자이더포레스트,,84.75,31,2021,193000,2026-08-31,,,중개거래,개인,개인,
동작구,11590,10900,신대방동,724,11590-5026,보라매자이더포레스트,,84.7739,8,2021,183000,2026-08-04,,,중개거래,개인,개인,
동작구,11590,10900,신대방동,724,11590-5026,보라매자이더포레스트,101,59.9365,37,2021,160000,2026-08-01,,,중개거래,개인,개인,26.08.31
마포구,11440,10100,아현동,275-2,11440-6250,마포푸르지오더센트럴,,31.59,12,2023,60000,2026-08-27,,,직거래,개인,개인,
마포구,11440,10100,아현동,777,11440-5406,마포래미안푸르지오2단지,,59.9656,2,2014,195000,2026-08-22,,,중개거래,개인,개인,
마포구,11440,10100,아현동,777,11440-5406,마포래미안푸르지오2단지,,84.3884,12,2014,261000,2026-08-07,,,중개거래,개인,개인,
마포구,11440,10100,아현동,777,11440-5407,마포래미안푸르지오1단지,106,59.9236,4,2014,185000,2026-08-25,,,직거래,개인,개인,26.09.30
마포구,11440,10100,아현동,777,11440-5410,마포래미안푸르지오4단지,,59.9656,2,2014,202000,2026-08-28,,,중개거래,개인,개인,
마포구,11440,10100,아현동,777,11440-5410,마포래미안푸르지오4단지,,59.9656,2,2014,202000,2026-08-28,O,26.09.10,중개거래,개인,개인,
마포구,11440,10100,아현동,804,11440-6132,더클래시,,84.94,6,2022,255000,2026-08-10,,,중개거래,개인,개인,
마포구,11440,10200,공덕동,188-108,11440-6,마포현대,,59.95,1,1988,148000,2026-08-28,,,중개거래,개인,개인,
마포구,11440,10200,공덕동,188-108,11440-6,마포현대,,59.95,4,1988,150000,2026-08-21,,,중개거래,개인,개인,
마포구,11440,10200,공덕동,43,11440-7,공덕2삼성래미안,,59.97,10,2004,179500,2026-08-25,,,중개거래,개인,개인,
마포구,11440,10200,공덕동,43,11440-7,공덕2삼성래미안,,84.94,17,2004,201500,2026-08-29,,,중개거래,개인,개인,
마포구,11440,10200,공덕동,469,11440-4855,래미안공덕5차,,59.959,5,2011,204000,2026-08-27,,,중개거래,개인,개인,
마포구,11440,10200,공덕동,469,11440-4855,래미안공덕5차,,59.959,5,2011,204000,2026-08-27,O,26.09.16,중개거래,개인,개인,
마포구,11440,10200,공덕동,479,11440-5909,공덕SK리더스뷰,,84.94,12,2021,250000,2026-08-05,,,중개거래,개인,개인,
마포구,11440,10300,신공덕동,155,11440-9,신공덕1차삼성래미안1아파트,,84.9,3,2000,194000,2026-08-28,,,중개거래,개인,개인,
마포구,11440,10300,신공덕동,159,11440-8,신공덕래미안2차,,114.5,17,2000,185000,2026-08-19,,,중개거래,개인,개인,
마포구,11440,10300,신공덕동,161,11440-10,신공덕래미안3차,,59.96,2,2003,161000,2026-08-22,,,중개거래,개인,개인,
마포구,11440,10400,도화동,353,11440-19,현대홈타운,,113.25,18,2000,180000,2026-08-14,,,중개거래,개인,개인,
마포구,11440,10400,도화동,353,11440-19,현대홈타운,,84.95,12,2000,181500,2026-08-12,,,중개거래,개인,개인,
마포구,11440,10400,도화동,353,11440-19,현대홈타운,,84.95,20,2000,180000,2026-08-18,,,중개거래,개인,개인,
마포구,11440,10400,도화동,357,11440-12,도화동현대,,68.22,11,1996,170000,2026-08-14,,,중개거래,개인,개인,
마포구,11440,10400,도화동,357,11440-12,도화동현대,101,54.72,8,1996,150000,2026-08-10,,,중개거래,개인,개인,26.09.29
마포구,11440,10400,도화동,538,11440-16,성지,,163.68,14,1984,141000,2026-08-07,,,중개거래,개인,개인,
마포구,11440,10400,도화동,555,11440-177,한화오벨리스크,,36.49,4,2004,50000,2026-08-20,,,중개거래,개인,개인,
마포구,11440,10400,도화동,555,11440-177,한화오벨리스크,,38.08,3,2004,57600,2026-08-11,,,중개거래,개인,개인,26.09.23
마포구,11440,10400,도화동,555,11440-177,한화오벨리스크,,39.91,3,2004,59000,2026-08-27,,,중개거래,개인,개인,
마포구,11440,10400,도화동,555,11440-177,한화오벨리스크,,75.7,25,2004,129000,2026-08-29,,,중개거래,개인,개인,
마포구,11440,10400,도화동,555,11440-177,한화오벨리스크,,79.9,22,2004,155000,2026-08-29,,,중개거래,개인,개인,
마포구,11440,10400,도화동,82,11440-17,우성,,128.315,4,1991,195000,2026-08-03,,,중개거래,개인,개인,
마포구,11440,10400,도화동,82,11440-17,우성,,68.94,7,1991,169000,2026-08-27,,,중개거래,개인,개인,
마포구,11440,10400,도화동,82,11440-17,우성,,79.97,11,1991,183000,2026-08-06,,,중개거래,개인,개인,
마포구,11440,10400,도화동,82,11440-17,우성,,79.97,11,1991,183000,2026-08-06,O,26.09.07,중개거래,개인,개인,
마포구,11440,10500,용강동,380,11440-23,마포용강삼성래미안,,59.98,3,2003,184000,2026-08-20,,,중개거래,개인,개인,
마포구,11440,10500,용강동,380,11440-23,마포용강삼성래미안,,59.99,7,2003,188000,2026-08-03,,,중개거래,개인,개인,
마포구,11440,10500,용강동,380,11440-23,마포용강삼성래미안,,84.2,13,2003,231000,2026-08-11,,,중개거래,개인,개인,
마포구,11440,10500,용강동,502,11440-5455,래미안마포리버웰,,84.98,3,2015,250000,2026-08-29,,,중개거래,개인,개인,
마포구,11440,10600,토정동,138,11440-26,한강삼성,,59.97,27,1997,190000,2026-08-07,,,중개거래,개인,개인,
마포구,11440,10800,대흥동,12-41,11440-5381,서희스타힐스,,12.81,12,2014,18500,2026-08-22,,,중개거래,개인,개인,26.09.02
마포구,11440,10800,대흥동,660,11440-32,대흥동태영아파트,,59.4,19,1999,169000,2026-08-14,,,직거래,개인,개인,
마포구,11440,10800,대흥동,660,11440-32,대흥동태영아파트,,84.77,16,1999,214000,2026-08-15,,,중개거래,개인,개인,
마포구,11440,10900,염리동,515-1,11440-33,상록,,49.02,7,1997,120000,2026-08-07,,,중개거래,개인,개인,
마포구,11440,10900,염리동,515-1,11440-33,상록,,58.71,4,1997,130000,2026-08-01,,,중개거래,개인,개인,
마포구,11440,10900,염리동,520,11440-34,염리삼성래미안,,84.96,15,2001,207000,2026-08-04,,,중개거래,개인,개인,
마포구,11440,10900,염리동,520,11440-34,염리삼성래미안,,84.96,5,2001,191000,2026-08-27,,,중개거래,개인,개인,
마포구,11440,10900,염리동,521,11440-147,마포자이,,113.803,19,2003,288500,2026-08-19,,,중개거래,개인,개인,
마포구,11440,10900,염리동,532,11440-5977,마포프레스티지자이,,59.8772,12,2021,235000,2026-08-22,,,중개거래,개인,개인,
마포구,11440,10900,염리동,533,11440-5772,마포자이더센트리지(102동~112동),,84.987,10,2022,234000,2026-08-01,,,중개거래,개인,개인,
마포구,11440,11000,노고산동,107-36,11440-37,현대벤처빌,,25.42,16,2002,24400,2026-08-01,,,중개거래,개인,법인,
마포구,11440,11000,노고산동,129,11440-7481,빌리브디에이블,1,38.39,18,2025,78800,2026-08-18,,,중개거래,개인,개인,26.08.31
마포구,11440,11100,신수동,450,11440-40,신촌삼익,,59.85,8,1997,145000,2026-08-06,,,중개거래,개인,개인,
마포구,11440,11100,신수동,456,11440-4078,마포경남아너스빌,,84.95,2,2007,160000,2026-08-28,,,중개거래,개인,개인,
마포구,11440,11100,신수동,456,11440-4078,마포경남아너스빌,,84.95,2,2007,160000,2026-08-28,O,26.09.04,중개거래,개인,개인,
마포구,11440,11100,신수동,456,11440-4078,마포경남아너스빌,,84.95,9,2007,162000,2026-08-10,,,중개거래,개인,개인,
마포구,11440,11100,신수동,457,11440-4155,벽산솔렌스힐,,84.9854,8,2007,150000,2026-08-04,,,중개거래,개인,개인,
마포구,11440,11100,신수동,459,11440-4706,밤섬경남아너스빌,,84.83,4,2009,181500,2026-08-18,,,중개거래,개인,개인,
마포구,11440,11100,신수동,459,11440-4706,밤섬경남아너스빌,101,84.83,7,2009,184000,2026-08-08,,,중개거래,개인,개인,26.10.06
마포구,11440,11100,신수동,462,11440-5823,마포아이파크포레,,84.901,11,2019,249500,2026-08-10,,,중개거래,개인,개인,
마포구,11440,11100,신수동,462,11440-5823,마포아이파크포레,,84.912,13,2019,240000,2026-08-26,,,중개거래,개인,개인,
마포구,11440,11100,신수동,462,11440-5823,마포아이파크포레,,84.932,24,2019,250000,2026-08-25,,,중개거래,개인,개인,
마포구,11440,11100,신수동,91-90,11440-7551,힐스테이트마포더퍼스트,,84.07,11,2026,169000,2026-08-14,O,26.09.14,직거래,개인,개인,
마포구,11440,11100,신수동,91-90,11440-7551,힐스테이트마포더퍼스트,,84.98,16,2026,162000,2026-08-13,,,중개거래,개인,개인,
마포구,11440,11200,현석동,225,11440-5559,래미안웰스트림,,114.98,14,2016,294000,2026-08-24,,,중개거래,개인,개인,
마포구,11440,11400,창전동,42-10,11440-4063,중앙하이츠104동,,47.01,1,2007,47500,2026-08-07,,,중개거래,개인,개인,
마포구,11440,11400,창전동,42-10,11440-4063,중앙하이츠104동,,47.01,2,2007,54800,2026-08-31,,,중개거래,개인,개인,
마포구,11440,11400,창전동,439,11440-149,신촌태영데시앙,,84.97,17,2003,161000,2026-08-25,,,중개거래,개인,개인,
마포구,11440,11400,창전동,439,11440-149,신촌태영데시앙,,84.97,9,2003,163000,2026-08-02,,,중개거래,개인,개인,
마포구,11440,11400,창전동,449,11440-5818,마포웨스트리버태영데시앙,,59.989,5,2019,179500,2026-08-27,,,중개거래,개인,개인,
마포구,11440,11500,상수동,398,11440-5427,래미안밤섬리베뉴Ⅱ,,122.87,14,2014,260000,2026-08-14,,,중개거래,개인,개인,
마포구,11440,12000,서교동,465-1,11440-215,광남벨라스(1차),,84.46,5,2004,88700,2026-08-03,,,중개거래,개인,개인,
마포구,11440,12000,서교동,487,11440-3901,대우미래사랑,,34.29,9,2005,31400,2026-08-18,,,중개거래,개인,개인,26.10.02
마포구,11440,12000,서교동,487,11440-3901,대우미래사랑,,57.36,5,2005,62300,2026-08-20,,,중개거래,개인,개인,
마포구,11440,12000,서교동,490,11440-5097,메세나폴리스,102,142.034,13,2012,250000,2026-08-28,,,중개거래,개인,개인,26.08.31
마포구,11440,12200,합정동,357-5,11440-4341,두영이지안102동,,84.876,8,2007,105000,2026-08-21,,,직거래,개인,개인,26.09.23
마포구,11440,12200,합정동,466,11440-63,장미(466-0),,78.22,1,2000,81800,2026-08-01,,,중개거래,개인,개인,26.09.30
마포구,11440,12200,합정동,473,11440-5606,마포한강2차푸르지오,,83.45,4,2016,188000,2026-08-29,,,중개거래,개인,개인,
마포구,11440,12300,망원동,433-3,11440-75,성신,,48.3,3,1976,43800,2026-08-05,,,중개거래,개인,개인,
마포구,11440,12300,망원동,433-9,11440-127,미원2,,79.74,6,1997,82000,2026-08-18,,,중개거래,개인,개인,
마포구,11440,12300,망원동,433-9,11440-127,미원2,,79.74,6,1997,82000,2026-08-18,,,중개거래,개인,개인,
마포구,11440,12300,망원동,439-1,11440-5944,솔루체,,54.19,4,2021,68700,2026-08-17,,,중개거래,개인,개인,
마포구,11440,12300,망원동,456-65,11440-191,태경크레앙스(101동),,80.67,3,2004,91000,2026-08-08,,,중개거래,개인,개인,
마포구,11440,12300,망원동,471-3,11440-197,노아아크빌,,106.2,5,2004,95000,2026-08-25,,,중개거래,개인,개인,
마포구,11440,12300,망원동,483-3,11440-5249,리츠,,53.65,3,2013,64700,2026-08-08,,,중개거래,개인,개인,
마포구,11440,12300,망원동,489,11440-76,성원2,,114.74,10,1999,126000,2026-08-13,,,중개거래,개인,개인,
마포구,11440,12300,망원동,489,11440-76,성원2,,114.74,9,1999,118000,2026-08-05,,,중개거래,개인,개인,
마포구,11440,12300,망원동,495,11440-157,신부3차파스카,,83.95,8,2002,88000,2026-08-18,,,중개거래,개인,개인,
마포구,11440,12300,망원동,497,11440-93,대림2,,84.73,5,2002,134000,2026-08-09,,,중개거래,개인,개인,
마포구,11440,12300,망원동,499,11440-91,한강2차대주피오레,,99.16,8,2003,147000,2026-08-20,,,중개거래,개인,개인,
마포구,11440,12300,망원동,517,11440-4686,영화블렌하임,102,107.33,11,2009,66000,2026-08-21,,,직거래,개인,개인,26.08.25
마포구,11440,12300,망원동,522,11440-5822,마포한강제이스카이,101,31.524,9,2019,40000,2026-08-08,,,중개거래,개인,개인,26.09.10
마포구,11440,12300,망원동,522,11440-5822,마포한강제이스카이,101,49.738,6,2019,72000,2026-08-08,,,중개거래,개인,개인,26.08.31
마포구,11440,12300,망원동,523,11440-5919,마포월드컵제이스카이,,59.97,4,2021,85000,2026-08-01,,,중개거래,개인,개인,
마포구,11440,12400,연남동,515-23,11440-98,청기와,,70.6,5,2000,82800,2026-08-14,,,중개거래,개인,개인,
마포구,11440,12400,연남동,573,11440-146,코오롱,106,59.76,2,2003,110000,2026-08-05,,,중개거래,개인,개인,26.10.01
마포구,11440,12500,성산동,25-1,11440-170,라인성서,,78.9,5,2005,71500,2026-08-18,,,중개거래,개인,개인,
마포구,11440,12500,성산동,446,11440-169,성산시영(대우),,50.03,2,1986,144000,2026-08-05,,,중개거래,개인,개인,
마포구,11440,12500,성산동,446,11440-169,성산시영(대우),,50.03,2,1986,144000,2026-08-05,,,중개거래,개인,개인,
마포구,11440,12500,성산동,446,11440-169,성산시영(대우),,50.03,8,1986,153850,2026-08-11,,,중개거래,개인,개인,
마포구,11440,12500,성산동,54-7,11440-6234,만민하늘애,,53.61,11,2023,81000,2026-08-20,,,중개거래,개인,개인,26.09.28
마포구,11440,12500,성산동,600,11440-112,성사1차풍림아파트101동,,59.85,4,2000,83000,2026-08-20,,,중개거래,개인,개인,
마포구,11440,12500,성산동,601,11440-118,성산월드타운대림,,117.898,13,2004,142000,2026-08-14,,,중개거래,개인,개인,
마포구,11440,12500,성산동,601,11440-118,성산월드타운대림,,84.549,21,2004,123700,2026-08-11,,,중개거래,개인,개인,
마포구,11440,12500,성산동,650,11440-4037,성산동자담이움아파트,,84.82,6,2006,85000,2026-08-14,,,중개거래,개인,개인,
마포구,11440,12500,성산동,666,11440-4564,월드컵아이파크(666-0),,84.15,12,2008,124000,2026-08-29,,,중개거래,개인,개인,
마포구,11440,12500,성산동,667,11440-4586,월드컵아이파크(667),,59.73,3,2009,120000,2026-08-17,,,중개거래,개인,개인,
마포구,11440,12600,중동,391,11440-121,중동계룡아파트,,84.6,11,2000,117500,2026-08-08,,,중개거래,개인,개인,
마포구,11440,12600,중동,392,11440-122,마포중동현대,,59.88,12,2001,111700,2026-08-07,,,중개거래,개인,개인,
마포구,11440,12700,상암동,1655,11440-4038,상암월드컵파크4단지,404,84.76,19,2006,175000,2026-08-04,,,중개거래,개인,개인,26.10.02
마포구,11440,12700,상암동,1658,11440-3929,상암월드컵파크5단지,,84.73,10,2005,155000,2026-08-07,,,중개거래,개인,개인,
마포구,11440,12700,상암동,1658,11440-3929,상암월드컵파크5단지,,84.75,17,2005,160000,2026-08-21,,,중개거래,개인,개인,
마포구,11440,12700,상암동,1658,11440-3929,상암월드컵파크5단지,504,104.69,16,2005,154000,2026-08-07,,,중개거래,개인,개인,26.08.21
마포구,11440,12700,상암동,1660,11440-3927,상암월드컵파크7단지,,104.77,11,2005,150000,2026-08-13,,,중개거래,개인,개인,
마포구,11440,12700,상암동,1660,11440-3927,상암월드컵파크7단지,,84.45,2,2005,139000,2026-08-29,O,26.10.07,중개거래,개인,개인,
마포구,11440,12700,상암동,1660,11440-3927,상암월드컵파크7단지,,84.74,7,2005,136000,2026-08-30,,,중개거래,개인,개인,
마포구,11440,12700,상암동,1660,11440-3927,상암월드컵파크7단지,,84.9,10,2005,138500,2026-08-21,,,중개거래,개인,개인,
마포구,11440,12700,상암동,1689,11440-3928,상암월드컵파크6단지,,104.32,13,2005,170000,2026-08-11,,,중개거래,개인,개인,
마포구,11440,12700,상암동,1689,11440-3928,상암월드컵파크6단지,,104.32,14,2005,159500,2026-08-18,,,중개거래,개인,개인,
마포구,11440,12700,상암동,1752,11440-4800,상암월드컵파크9단지,,84.66,11,2010,118000,2026-08-12,,,중개거래,개인,개인,
마포구,11440,12700,상암동,1752,11440-4800,상암월드컵파크9단지,,84.66,3,2010,117000,2026-08-08,,,중개거래,개인,개인,
마포구,11440,12700,상암동,1752,11440-4800,상암월드컵파크9단지,,84.89,15,2010,118500,2026-08-28,,,중개거래,개인,개인,
마포구,11440,12700,상암동,1752,11440-4800,상암월드컵파크9단지,,84.94,14,2010,115000,2026-08-05,,,중개거래,개인,개인,
서대문구,11410,10200,충정로3가,465,11410-141,충정리시온,,33.32,21,2004,44000,2026-08-01,,,중개거래,개인,개인,
서대문구,11410,10200,충정로3가,466,11410-3607,우리유앤미,,83.77,17,2008,119000,2026-08-25,,,중개거래,개인,개인,
서대문구,11410,10600,천연동,145,11410-3569,천연뜨란채,,55.85,1,2006,105500,2026-08-07,,,중개거래,개인,개인,
서대문구,11410,10600,천연동,145,11410-3569,천연뜨란채,,57.78,5,2006,119700,2026-08-06,,,중개거래,개인,개인,
서대문구,11410,10600,천연동,145,11410-3569,천연뜨란채,,75.8,7,2006,127000,2026-08-17,,,중개거래,개인,개인,
서대문구,11410,10800,영천동,100,11410-9,독립문삼호,,75.66,11,1995,139000,2026-08-26,,,중개거래,개인,개인,
서대문구,11410,10900,현저동,1019,11410-11,독립문파크빌,,59.4,1,2000,70000,2026-08-08,,,중개거래,개인,개인,
서대문구,11410,10900,현저동,1019,11410-11,독립문파크빌,,59.4,4,2000,72000,2026-08-13,,,중개거래,개인,개인,
서대문구,11410,10900,현저동,1019,11410-11,독립문파크빌,,59.4,7,2000,76500,2026-08-18,,,중개거래,개인,개인,
서대문구,11410,10900,현저동,200,11410-10,독립문극동(200-0),,59.58,14,1998,139800,2026-08-21,,,중개거래,개인,개인,
서대문구,11410,11000,북아현동,1009,11410-13,두산,,59.96,3,1999,135500,2026-08-21,,,중개거래,개인,개인,
서대문구,11410,11000,북아현동,1011,11410-4476,신촌푸르지오,,59.8802,5,2015,184000,2026-08-29,,,중개거래,개인,개인,
서대문구,11410,11000,북아현동,1013,11410-4617,e편한세상신촌3단지,,84.95,6,2018,234500,2026-08-31,,,중개거래,개인,개인,
서대문구,11410,11000,북아현동,998,11410-4942,신촌헤리센트,,14.66,6,2022,24000,2026-08-31,,,직거래,개인,법인,26.09.08
서대문구,11410,11100,홍제동,156-200,11410-43,고은,,62.48,2,1975,59700,2026-08-22,,,중개거래,개인,개인,
서대문구,11410,11100,홍제동,322-138,11410-5010,홍제에스피엘,,84.785,7,2023,52145,2026-08-26,,,직거래,개인,법인,
서대문구,11410,11100,홍제동,331,11410-68,홍제현대,,75.15,15,1992,101500,2026-08-01,,,중개거래,개인,개인,
서대문구,11410,11100,홍제동,373,11410-56,태영으뜸(데시앙),,46.36,12,1998,50000,2026-08-27,,,중개거래,개인,개인,
서대문구,11410,11100,홍제동,453,11410-63,청구1차,,84.78,13,1994,127500,2026-08-19,,,중개거래,개인,개인,
서대문구,11410,11100,홍제동,453-1,11410-64,청구2차,,84.81,6,1997,104000,2026-08-22,,,중개거래,개인,개인,
서대문구,11410,11100,홍제동,454,11410-55,유원하나,,103.11,10,1996,76000,2026-08-28,,,중개거래,개인,개인,
서대문구,11410,11100,홍제동,454,11410-55,유원하나,,58.77,3,1996,55000,2026-08-14,,,중개거래,개인,개인,
서대문구,11410,11100,홍제동,455,11410-69,현대그린,,84.96,1,1996,68900,2026-08-03,,,중개거래,개인,개인,
서대문구,11410,11100,홍제동,455,11410-69,현대그린,,84.96,9,1996,85000,2026-08-29,,,중개거래,개인,개인,
서대문구,11410,11100,홍제동,456,11410-53,성원,,55.35,1,1998,58000,2026-08-15,,,중개거래,개인,개인,
서대문구,11410,11100,홍제동,456,11410-53,성원,,55.35,12,1998,64500,2026-08-11,,,중개거래,개인,개인,
서대문구,11410,11100,홍제동,456,11410-53,성원,,55.35,13,1998,68500,2026-08-15,,,중개거래,개인,개인,
서대문구,11410,11100,홍제동,460,11410-60,인왕산현대,,84.9,14,2000,119500,2026-08-08,,,중개거래,개인,개인,
서대문구,11410,11100,홍제동,461,11410-71,홍제삼성래미안,,60,1,2001,89000,2026-08-14,,,중개거래,개인,개인,
서대문구,11410,11100,홍제동,462,11410-65,청구3차,,59.4,6,2001,95000,2026-08-24,,,중개거래,개인,개인,
서대문구,11410,11100,홍제동,463,11410-49,문화촌현대,,59.94,14,2002,85000,2026-08-14,,,중개거래,개인,개인,
서대문구,11410,11100,홍제동,463,11410-49,문화촌현대,,59.94,4,2002,88500,2026-08-05,,,중개거래,개인,개인,
서대문구,11410,11100,홍제동,468,11410-3599,홍제비콘드림힐,,84.9,1,2006,74500,2026-08-22,,,중개거래,개인,개인,
서대문구,11410,11100,홍제동,469,11410-3893,인왕산한신휴플러스,,108.806,9,2009,115000,2026-08-07,,,중개거래,개인,개인,
서대문구,11410,11100,홍제동,471,11410-4537,금호어울림,,59.18,9,2016,96500,2026-08-01,,,중개거래,개인,개인,
서대문구,11410,11100,홍제동,473,11410-4769,홍제센트럴IPARK,,84.9602,2,2020,130000,2026-08-25,,,중개거래,개인,개인,
서대문구,11410,11100,홍제동,473,11410-4769,홍제센트럴IPARK,,84.9602,2,2020,130000,2026-08-25,O,26.09.17,중개거래,개인,개인,
서대문구,11410,11100,홍제동,473,11410-4769,홍제센트럴IPARK,,84.9728,13,2020,162000,2026-08-21,,,중개거래,개인,개인,
서대문구,11410,11100,홍제동,474,11410-4894,홍제역해링턴플레이스,,84.95,5,2024,169000,2026-08-12,,,중개거래,개인,개인,
서대문구,11410,11100,홍제동,474,11410-4894,홍제역해링턴플레이스,,84.95,8,2024,169000,2026-08-01,,,중개거래,개인,개인,
서대문구,11410,11100,홍제동,478,11410-4932,서대문푸르지오센트럴파크,,55.25,7,2023,144000,2026-08-05,,,중개거래,개인,개인,
서대문구,11410,11100,홍제동,478,11410-4932,서대문푸르지오센트럴파크,,59.94,15,2023,165000,2026-08-07,,,중개거래,개인,개인,
서대문구,11410,11100,홍제동,478,11410-4932,서대문푸르지오센트럴파크,,75.2,3,2023,170000,2026-08-12,,,중개거래,개인,개인,
서대문구,11410,11100,홍제동,478,11410-4932,서대문푸르지오센트럴파크,,75.49,14,2023,175000,2026-08-01,,,중개거래,개인,개인,
서대문구,11410,11100,홍제동,478,11410-4932,서대문푸르지오센트럴파크,,84.95,9,2023,192500,2026-08-27,,,중개거래,개인,개인,
서대문구,11410,11100,홍제동,82,11410-67,홍제한양,,60.06,3,1993,103000,2026-08-08,,,중개거래,개인,개인,
서대문구,11410,11100,홍제동,82,11410-67,홍제한양,,60.06,9,1993,102500,2026-08-08,,,중개거래,개인,개인,
서대문구,11410,11100,홍제동,82,11410-67,홍제한양,,84.77,2,1993,107800,2026-08-19,,,중개거래,개인,개인,
서대문구,11410,11100,홍제동,82,11410-67,홍제한양,,84.77,2,1993,116000,2026-08-15,,,중개거래,개인,개인,
서대문구,11410,11100,홍제동,82,11410-67,홍제한양,104,60.06,4,1993,92000,2026-08-08,,,중개거래,개인,개인,26.09.18
서대문구,11410,11200,대현동,144,11410-22,신촌럭키,109,83.38,11,1999,142000,2026-08-11,,,중개거래,개인,개인,26.10.06
서대문구,11410,11600,창천동,510-2,11410-4202,3RU-City,,16.84,10,2013,17200,2026-08-13,O,26.08.14,중개거래,개인,개인,
서대문구,11410,11600,창천동,510-2,11410-4202,3RU-City,1,16.84,10,2013,17200,2026-08-13,,,중개거래,개인,개인,26.08.13
서대문구,11410,11700,연희동,1-78,11410-117,파크카운티,,84.21,4,2003,47000,2026-08-21,,,중개거래,개인,개인,
서대문구,11410,11700,연희동,723-9,11410-116,홍연(723-9),,52.23,2,1981,51000,2026-08-15,,,중개거래,개인,개인,
서대문구,11410,11700,연희동,738,11410-35,임광,102,84.83,15,1999,97500,2026-08-05,,,중개거래,개인,개인,26.10.06
서대문구,11410,11700,연희동,739,11410-28,대우푸르지오,,59.584,14,2002,103000,2026-08-04,,,중개거래,개인,개인,
서대문구,11410,11700,연희동,739,11410-28,대우푸르지오,,84.706,11,2002,130000,2026-08-30,,,중개거래,개인,개인,
서대문구,11410,11700,연희동,740,11410-30,성원,,120.2,1,2001,105000,2026-08-11,,,중개거래,개인,개인,
서대문구,11410,11700,연희동,740,11410-30,성원,,84.95,4,2001,94500,2026-08-28,,,중개거래,개인,개인,
서대문구,11410,11700,연희동,747,11410-4767,연희파크푸르지오,105,84.8003,4,2018,125800,2026-08-02,,,중개거래,개인,개인,26.10.01
서대문구,11410,11800,홍은동,202-5,11410-95,"현대(1,2차)",102,84.77,11,1988,55826,2026-08-28,,,직거래,개인,개인,26.08.28
서대문구,11410,11800,홍은동,202-5,11410-95,"현대(1,2차)",203,74.52,4,1988,80800,2026-08-07,,,중개거래,개인,개인,26.10.02
서대문구,11410,11800,홍은동,22,11410-89,유원,,54.54,11,1987,46000,2026-08-22,,,중개거래,개인,개인,
서대문구,11410,11800,홍은동,392-7,11410-3535,신원지벤스타1,신원지벤스타,132.45,4,2005,84000,2026-08-27,,,중개거래,개인,개인,26.09.30
서대문구,11410,11800,홍은동,439-1,11410-4377,홍은동아더프라임,101,59.8736,11,2014,66000,2026-08-22,,,중개거래,개인,개인,26.10.01
서대문구,11410,11800,홍은동,440-1,11410-3960,반석블레스,102,84.96,9,2013,81800,2026-08-01,,,중개거래,개인,개인,26.10.02
서대문구,11410,11800,홍은동,440-3,11410-92,풍림1차,,64.53,3,1988,60000,2026-08-21,,,중개거래,개인,개인,
서대문구,11410,11800,홍은동,453-2,11410-93,풍림2,,58.5,6,1990,74500,2026-08-10,,,중개거래,개인,개인,
서대문구,11410,11800,홍은동,454,11410-77,극동,,84.92,11,1995,64000,2026-08-22,,,중개거래,개인,개인,
서대문구,11410,11800,홍은동,454,11410-77,극동,,84.92,14,1995,53500,2026-08-22,,,중개거래,개인,개인,
서대문구,11410,11800,홍은동,454,11410-77,극동,,84.98,12,1995,50000,2026-08-03,,,중개거래,개인,개인,
서대문구,11410,11800,홍은동,455,11410-85,홍은동벽산,,142.98,3,1997,97800,2026-08-28,,,중개거래,개인,개인,
서대문구,11410,11800,홍은동,455,11410-85,홍은동벽산,,84.78,14,1997,90000,2026-08-28,,,중개거래,개인,개인,
서대문구,11410,11800,홍은동,455,11410-85,홍은동벽산,112,142.98,3,1997,95500,2026-08-14,,,중개거래,개인,개인,26.09.30
서대문구,11410,11800,홍은동,456,11410-82,두산,,59.73,7,1997,66500,2026-08-15,,,중개거래,개인,개인,
서대문구,11410,11800,홍은동,456,11410-82,두산,,59.96,14,1997,67700,2026-08-18,,,중개거래,개인,개인,
서대문구,11410,11800,홍은동,456,11410-82,두산,,84.84,9,1997,71500,2026-08-20,,,중개거래,개인,개인,
서대문구,11410,11800,홍은동,459,11410-97,진흥,제101,110.4,12,2002,74500,2026-08-12,,,중개거래,개인,개인,26.10.01
서대문구,11410,11800,홍은동,460,11410-96,홍은동풍림아이원,,130.539,1,2002,83000,2026-08-18,,,중개거래,개인,개인,
서대문구,11410,11800,홍은동,461,11410-3898,홍은센트레빌,,59.96,14,2009,84000,2026-08-15,,,중개거래,개인,개인,
서대문구,11410,11800,홍은동,461,11410-3898,홍은센트레빌,,84.84,9,2009,92000,2026-08-24,,,중개거래,개인,개인,
서대문구,11410,11800,홍은동,463,11410-4044,동원베네스트,,84.9772,5,2012,79800,2026-08-08,,,중개거래,개인,개인,
서대문구,11410,11800,홍은동,464,11410-4702,북한산더샵,,114.868,13,2017,159500,2026-08-25,,,중개거래,개인,개인,
서대문구,11410,11800,홍은동,464,11410-4702,북한산더샵,107,84.747,5,2017,148000,2026-08-01,,,중개거래,개인,개인,26.10.01
서대문구,11410,11800,홍은동,468,11410-4856,북한산두산위브2차,,59.7501,10,2021,85000,2026-08-25,,,중개거래,개인,개인,
서대문구,11410,11800,홍은동,468,11410-4856,북한산두산위브2차,,59.7501,7,2021,86800,2026-08-18,,,중개거래,개인,개인,
서대문구,11410,11800,홍은동,469,11410-4982,e편한세상서대문,,59.991,12,2023,127000,2026-08-05,,,중개거래,개인,개인,
서대문구,11410,11800,홍은동,469,11410-4982,e편한세상서대문,,59.991,3,2023,119000,2026-08-03,,,중개거래,개인,개인,
서대문구,11410,11800,홍은동,470,11410-4947,힐스테이트홍은포레스트,,59.84,6,2023,101500,2026-08-08,,,중개거래,개인,개인,
서대문구,11410,11800,홍은동,470,11410-4947,힐스테이트홍은포레스트,,72.79,5,2023,108000,2026-08-05,,,중개거래,개인,개인,
서대문구,11410,11800,홍은동,8-26,11410-91,초원,,49.26,3,1988,27000,2026-08-08,,,중개거래,개인,개인,
서대문구,11410,11800,홍은동,8-26,11410-91,초원,,49.26,5,1988,28000,2026-08-03,,,중개거래,개인,개인,
서대문구,11410,11900,북가좌동,371-1,11410-107,월드컵현대,,111.13,10,1998,110000,2026-08-21,,,중개거래,개인,개인,
서대문구,11410,11900,북가좌동,431,11410-108,DMC한양,,116.76,3,1987,115000,2026-08-01,,,중개거래,개인,개인,
서대문구,11410,11900,북가좌동,431,11410-108,DMC한양,6,65.34,15,1987,88000,2026-08-12,,,중개거래,개인,개인,26.09.30
서대문구,11410,11900,북가좌동,449,11410-106,북가좌삼호,,84.57,13,1996,103000,2026-08-24,,,중개거래,개인,개인,
서대문구,11410,11900,북가좌동,453,11410-109,DMC현대아파트,,84.95,4,2000,85000,2026-08-15,,,중개거래,개인,개인,
서대문구,11410,11900,북가좌동,459,11410-3677,DMC두산위브,,84.9623,9,2007,112000,2026-08-19,,,중개거래,개인,개인,
서대문구,11410,11900,북가좌동,459,11410-3677,DMC두산위브,104,84.9623,3,2007,98000,2026-08-03,,,중개거래,개인,개인,26.08.31
서대문구,11410,11900,북가좌동,481,11410-4085,DMC래미안e편한세상,,120.95,13,2012,183000,2026-08-07,,,중개거래,개인,개인,
서대문구,11410,11900,북가좌동,481,11410-4085,DMC래미안e편한세상,,120.95,14,2012,179500,2026-08-10,,,중개거래,개인,개인,
서대문구,11410,11900,북가좌동,481,11410-4085,DMC래미안e편한세상,,120.95,20,2012,179000,2026-08-13,,,중개거래,개인,개인,
서대문구,11410,11900,북가좌동,481,11410-4085,DMC래미안e편한세상,,59.97,9,2012,145500,2026-08-01,,,중개거래,개인,개인,
서대문구,11410,11900,북가좌동,481,11410-4085,DMC래미안e편한세상,,84.94,4,2012,158000,2026-08-24,,,중개거래,개인,개인,
서대문구,11410,11900,북가좌동,481,11410-4085,DMC래미안e편한세상,,84.94,9,2012,163900,2026-08-21,,,중개거래,개인,개인,
서대문구,11410,11900,북가좌동,481,11410-4085,DMC래미안e편한세상,,84.95,4,2012,158000,2026-08-29,,,중개거래,개인,개인,
서대문구,11410,12000,남가좌동,376,11410-104,남가좌동현대,,59.4,14,1999,98000,2026-08-04,,,중개거래,개인,개인,
서대문구,11410,12000,남가좌동,376,11410-104,남가좌동현대,,59.4,2,1999,99000,2026-08-12,,,중개거래,개인,개인,
서대문구,11410,12000,남가좌동,376,11410-104,남가좌동현대,,59.4,5,1999,106000,2026-08-13,,,중개거래,개인,개인,
서대문구,11410,12000,남가좌동,376,11410-104,남가좌동현대,110,59.4,9,1999,96000,2026-08-11,,,중개거래,개인,개인,26.10.01
서대문구,11410,12000,남가좌동,377,11410-102,DMC래미안클라시스,,59.93,9,2000,108500,2026-08-13,,,중개거래,개인,개인,
서대문구,11410,12000,남가좌동,381,11410-3900,DMC센트레빌,,114.85,6,2009,142000,2026-08-03,,,중개거래,개인,개인,
서대문구,11410,12000,남가좌동,385,11410-4479,DMC파크뷰자이1단지,,59.992,9,2015,149500,2026-08-20,,,중개거래,개인,개인,
서대문구,11410,12000,남가좌동,385,11410-4480,DMC파크뷰자이2단지,,84.968,3,2015,160000,2026-08-07,,,중개거래,개인,개인,
서대문구,11410,12000,남가좌동,385,11410-4481,DMC파크뷰자이3단지,,84.968,10,2015,150000,2026-08-26,,,중개거래,개인,개인,
서대문구,11410,12000,남가좌동,387,11410-4634,디엠씨엘가,,13.03,6,2017,13500,2026-08-10,,,중개거래,개인,개인,
서대문구,11410,12000,남가좌동,387,11410-4634,디엠씨엘가,,13.03,6,2017,13500,2026-08-10,O,26.08.27,중개거래,개인,개인,
서대문구,11410,12000,남가좌동,387,11410-4634,디엠씨엘가,,30.36,2,2017,33500,2026-08-18,,,중개거래,개인,법인,
서대문구,11410,12000,남가좌동,388,11410-4762,DMC센트럴아이파크,,59.91,14,2018,126000,2026-08-30,,,중개거래,개인,개인,
서대문구,11410,12000,남가좌동,388,11410-4762,DMC센트럴아이파크,,59.99,15,2018,125000,2026-08-15,,,중개거래,개인,개인,
서대문구,11410,12000,남가좌동,388,11410-4762,DMC센트럴아이파크,,84.98,5,2018,145000,2026-08-28,,,중개거래,개인,개인,
서대문구,11410,12000,남가좌동,388,11410-4762,DMC센트럴아이파크,,84.98,6,2018,143500,2026-08-21,,,중개거래,개인,개인,
서대문구,11410,12000,남가좌동,389,11410-4818,DMC에코자이,,59.79,4,2019,135000,2026-08-22,,,중개거래,개인,개인,
서대문구,11410,12000,남가좌동,389,11410-4818,DMC에코자이,,72.845,13,2019,144500,2026-08-12,,,중개거래,개인,개인,
서대문구,11410,12000,남가좌동,389,11410-4818,DMC에코자이,,72.969,5,2019,145500,2026-08-29,,,중개거래,개인,개인,
서초구,11650,10100,방배동,1010-1,11650-342,방배임광3차,,84,8,1988,225000,2026-08-14,,,중개거래,개인,개인,
서초구,11650,10100,방배동,1015,11650-341,임광,,84.78,5,1985,250000,2026-08-10,,,중개거래,개인,개인,
서초구,11650,10100,방배동,3276,11650-764,한진로즈힐,,102.503,4,2005,242000,2026-08-13,,,중개거래,개인,개인,
서초구,11650,10100,방배동,3278,11650-4706,방배아트자이,,59.9938,5,2018,250000,2026-08-29,,,중개거래,개인,개인,
서초구,11650,10100,방배동,3283,11650-4970,방배그랑자이,,122.9294,5,2021,414000,2026-08-07,,,중개거래,개인,개인,
서초구,11650,10100,방배동,3283,11650-4970,방배그랑자이,103,112.961,3,2021,385000,2026-08-14,,,중개거래,개인,개인,26.09.11
서초구,11650,10100,방배동,424-28,11650-4044,롯데캐슬아르떼,,84.9145,3,2013,309000,2026-08-07,,,중개거래,개인,개인,
서초구,11650,10100,방배동,485-3,11650-759,방배래미안타워,,102.93,11,2005,245000,2026-08-22,,,중개거래,개인,개인,
서초구,11650,10100,방배동,754-1,11650-3317,롯데캐슬헤론,,95.66,14,2006,220000,2026-08-20,,,중개거래,개인,개인,
서초구,11650,10100,방배동,849-30,11650-3548,방배롯데캐슬로제,102,204.41,9,2009,436000,2026-08-13,,,중개거래,개인,개인,26.09.30
서초구,11650,10100,방배동,866-20,11650-3191,방배대우디오빌,,28.84,16,2005,28000,2026-08-29,,,중개거래,개인,개인,
서초구,11650,10100,방배동,866-20,11650-3191,방배대우디오빌,,29.6,10,2005,27000,2026-08-17,,,중개거래,개인,개인,
서초구,11650,10100,방배동,866-20,11650-3191,방배대우디오빌,,29.6,4,2005,29000,2026-08-05,,,중개거래,개인,개인,26.09.18
서초구,11650,10100,방배동,866-20,11650-3191,방배대우디오빌,,29.6,6,2005,30000,2026-08-07,,,직거래,개인,개인,26.08.11
서초구,11650,10100,방배동,866-20,11650-3191,방배대우디오빌,,36.63,11,2005,37000,2026-08-19,,,중개거래,개인,개인,
서초구,11650,10100,방배동,917-4,11650-4570,서초훼미리하우스,,59.49,8,2017,133000,2026-08-17,,,중개거래,개인,개인,
서초구,11650,10100,방배동,982-1,11650-406,방배현대멤피스2,,162.8,8,2002,269000,2026-08-01,,,중개거래,개인,개인,
서초구,11650,10200,양재동,206-8,11650-430,아원데코빌,,63.9,6,2001,49000,2026-08-18,,,중개거래,개인,개인,
서초구,11650,10200,양재동,385-9,11650-593,우면파크아파트,,74.52,2,2003,117000,2026-08-01,,,중개거래,개인,개인,
서초구,11650,10200,양재동,6-29,11650-525,미영(101),,70.78,4,2003,111000,2026-08-13,,,중개거래,개인,개인,
서초구,11650,10200,양재동,90,11650-461,신영체르니,,32.08,5,2002,57000,2026-08-04,,,중개거래,개인,개인,26.09.28
서초구,11650,10300,우면동,67,11650-483,한라,,59.98,4,1994,164000,2026-08-21,,,중개거래,개인,개인,
서초구,11650,10300,우면동,70,11650-482,코오롱,104,52.47,4,1994,166000,2026-08-11,,,중개거래,개인,개인,26.09.30
서초구,11650,10300,우면동,753,11650-3963,서초호반써밋,,101.0482,14,2013,228000,2026-08-18,,,중개거래,개인,개인,
서초구,11650,10300,우면동,753,11650-3963,서초호반써밋,,101.0482,14,2013,228000,2026-08-18,O,26.09.18,중개거래,개인,개인,
서초구,11650,10300,우면동,773,11650-3821,서초힐스,,59.97,6,2012,184000,2026-08-04,,,중개거래,개인,개인,
서초구,11650,10300,우면동,773,11650-3821,서초힐스,,84.95,7,2012,207500,2026-08-12,,,중개거래,개인,개인,
서초구,11650,10300,우면동,773,11650-3821,서초힐스,,84.97,22,2012,210000,2026-08-01,,,중개거래,개인,개인,
서초구,11650,10300,우면동,788,11650-3974,호반써밋서초파크,,59.93,11,2013,175000,2026-08-24,,,중개거래,개인,개인,
서초구,11650,10300,우면동,788,11650-3974,호반써밋서초파크,,59.93,19,2013,173000,2026-08-22,,,중개거래,개인,개인,
서초구,11650,10600,잠원동,161,11650-4750,래미안신반포리오센트,,133.37,11,2019,520000,2026-08-10,,,중개거래,개인,개인,
서초구,11650,10600,잠원동,162,11650-4805,반포센트럴자이,,84.95,7,2020,460000,2026-08-11,,,직거래,개인,개인,
서초구,11650,10600,잠원동,163,11650-5015,반포르엘,,59.9446,13,2022,354000,2026-08-03,,,중개거래,개인,개인,
서초구,11650,10600,잠원동,32-22,11650-105,보미리아파트,,115.24,11,2001,205000,2026-08-26,,,중개거래,개인,개인,
서초구,11650,10600,잠원동,33-11,11650-135,월드메르디앙,,84.78,9,2002,240000,2026-08-27,,,중개거래,개인,개인,
서초구,11650,10600,잠원동,42-13,11650-101,대우아이빌,,35.38,9,2001,70000,2026-08-26,,,중개거래,개인,개인,
서초구,11650,10600,잠원동,49-8,11650-144,한강,,84.53,7,1989,320000,2026-08-01,,,중개거래,개인,개인,
서초구,11650,10600,잠원동,53-15,11650-97,강변,,84.53,14,1987,305000,2026-08-01,,,중개거래,개인,개인,
서초구,11650,10700,반포동,1,11650-5126,래미안원베일리,,133.91,14,2023,900000,2026-08-06,,,중개거래,개인,개인,
서초구,11650,10700,반포동,1,11650-5126,래미안원베일리,,59.96,21,2023,470000,2026-08-27,,,중개거래,개인,개인,
서초구,11650,10700,반포동,10,11650-176,반포푸르지오,102,84.82,4,2000,299000,2026-08-25,,,중개거래,개인,개인,26.08.28
서초구,11650,10700,반포동,1342,11650-4703,반포써밋,,84.6849,13,2018,390000,2026-08-10,,,중개거래,개인,개인,
서초구,11650,10700,반포동,18-1,11650-3559,래미안퍼스티지,,135.92,25,2009,700000,2026-08-22,,,중개거래,개인,개인,
서초구,11650,10700,반포동,18-1,11650-3559,래미안퍼스티지,,222.76,14,2009,910000,2026-08-14,,,중개거래,개인,개인,
서초구,11650,10700,반포동,2-12,11650-4440,아크로리버파크,,112.93,25,2016,740000,2026-08-31,,,중개거래,개인,개인,
서초구,11650,10700,반포동,2-12,11650-4440,아크로리버파크,,129.97,34,2016,850000,2026-08-03,,,중개거래,개인,개인,
서초구,11650,10700,반포동,2-12,11650-4440,아크로리버파크,,59.98,14,2016,456500,2026-08-04,,,중개거래,개인,개인,
서초구,11650,10700,반포동,2-12,11650-4440,아크로리버파크,107동,84.97,13,2016,539000,2026-08-06,,,중개거래,개인,개인,26.08.07
서초구,11650,10700,반포동,30-26,11650-3617,반포리체,,59.994,32,2010,340000,2026-08-28,,,중개거래,개인,개인,
서초구,11650,10700,반포동,60-4,11650-172,반포미도,305,84.96,12,1987,401500,2026-08-13,,,중개거래,개인,개인,26.09.09
서초구,11650,10700,반포동,64-5,11650-236,현대동궁아파트,,82.35,12,1991,366000,2026-08-02,,,중개거래,개인,개인,
서초구,11650,10800,서초동,1316-31,11650-21,밀라텔쉐르빌,,66.99,14,2001,85000,2026-08-23,O,26.09.03,중개거래,개인,개인,
서초구,11650,10800,서초동,1326-17,11650-60,우성아파트,,84.93,2,1998,255000,2026-08-23,,,중개거래,개인,개인,
서초구,11650,10800,서초동,1326-17,11650-60,우성아파트,,84.93,2,1998,255000,2026-08-31,O,26.09.16,중개거래,개인,개인,
서초구,11650,10800,서초동,1330,11650-608,서초동삼성쉐르빌2,,35.22,12,2002,28300,2026-08-08,,,중개거래,개인,개인,
서초구,11650,10800,서초동,1330,11650-608,서초동삼성쉐르빌2,,35.22,12,2002,28300,2026-08-08,O,26.08.14,중개거래,개인,개인,
서초구,11650,10800,서초동,1330,11650-608,서초동삼성쉐르빌2,,51.08,18,2002,65000,2026-08-29,,,중개거래,개인,개인,26.09.21
서초구,11650,10800,서초동,1330,11650-608,서초동삼성쉐르빌2,,70.49,12,2002,98000,2026-08-22,,,중개거래,개인,개인,
서초구,11650,10800,서초동,1337-3,11650-4072,urbanplace,1,21.007,7,2014,20500,2026-08-07,,,중개거래,개인,개인,26.09.28
서초구,11650,10800,서초동,1346,11650-85,현대아파트,,84.33,11,1989,248000,2026-08-06,,,중개거래,개인,개인,
서초구,11650,10800,서초동,1362,11650-3250,두산위브(1362),,84.99,15,2005,90000,2026-08-11,,,직거래,개인,개인,26.08.12
서초구,11650,10800,서초동,1363-25,11650-3926,한라비발디스튜디오193,,32.98,11,2013,36000,2026-08-22,,,중개거래,개인,개인,
서초구,11650,10800,서초동,1445-14,11650-3284,더샵서초,,33.06,28,2006,63000,2026-08-01,,,중개거래,개인,개인,
서초구,11650,10800,서초동,1446-11,11650-519,현대슈퍼빌,C,185.02,4,2003,230000,2026-08-05,,,직거래,개인,개인,26.09.10
서초구,11650,10800,서초동,1509-1,11650-42,서초한빛삼성,,99.09,8,1999,230000,2026-08-13,,,중개거래,개인,개인,
서초구,11650,10800,서초동,1511-3,11650-717,N-Suite102동(1511-3),,120.56,6,2004,194000,2026-08-13,,,중개거래,개인,개인,
서초구,11650,10800,서초동,1588-5,11650-4779,디아레나서초,101동,27.92,11,2020,42500,2026-08-05,,,중개거래,개인,개인,26.09.17
서초구,11650,10800,서초동,1593-7,11650-521,서초이오빌,,50.77,6,2003,54000,2026-08-10,,,중개거래,개인,개인,26.08.24
서초구,11650,10800,서초동,1600-11,11650-3230,서초레몬,,30.24,14,2005,31000,2026-08-29,,,중개거래,개인,개인,
서초구,11650,10800,서초동,1615-10,11650-3321,극동스타클래스2,202,81.065,3,2006,168000,2026-08-13,,,중개거래,개인,개인,26.08.21
서초구,11650,10800,서초동,1625-7,11650-753,티에스프리우스,,108.34,4,2004,160000,2026-08-10,,,중개거래,개인,개인,
서초구,11650,10800,서초동,1648-2,11650-46,서초현대,,53.01,7,1999,169000,2026-08-23,,,중개거래,개인,개인,
서초구,11650,10800,서초동,1648-2,11650-46,서초현대,,84.69,10,1999,245000,2026-08-23,,,중개거래,개인,개인,
서초구,11650,10800,서초동,1671-5,11650-605,대림서초리시온,,49.92,3,2003,50000,2026-08-24,,,중개거래,개인,개인,
서초구,11650,10800,서초동,1671-5,11650-605,대림서초리시온,,49.92,3,2003,54500,2026-08-08,,,중개거래,개인,개인,
서초구,11650,10800,서초동,1675-11,11650-606,서초대우아이빌,,37.777,6,2003,30000,2026-08-29,,,중개거래,개인,개인,
서초구,11650,10800,서초동,1682,11650-523,서초래미안,,111.32,6,2003,320000,2026-08-10,,,중개거래,개인,개인,
서초구,11650,10800,서초동,1685-3,11650-724,아크로비스타,,134.97,15,2004,293000,2026-08-30,,,중개거래,개인,개인,
서초구,11650,10800,서초동,1754,11650-4622,래미안서초에스티지S,,84.96,13,2018,345000,2026-08-01,,,중개거래,개인,개인,
서초구,11650,10800,서초동,1755,11650-4887,래미안 리더스원,,84.94,31,2020,401000,2026-08-10,,,중개거래,개인,개인,
서초구,11650,10800,서초동,1757,11650-4969,서초그랑자이,,90.72,9,2021,440000,2026-08-13,,,중개거래,개인,개인,
서초구,11650,10900,내곡동,384,11650-4156,서초포레스타2단지,,84.48,5,2015,170000,2026-08-09,,,중개거래,개인,개인,
서초구,11650,10900,내곡동,384,11650-4156,서초포레스타2단지,202,84.48,13,2015,199000,2026-08-01,,,중개거래,개인,개인,26.09.30
서초구,11650,11100,신원동,557,11650-4103,힐스테이트서초젠트리스,,84.95,2,2014,150000,2026-08-08,,,직거래,개인,개인,
서초구,11650,11100,신원동,557,11650-4103,힐스테이트서초젠트리스,,84.95,6,2014,201500,2026-08-01,,,중개거래,개인,개인,
서초구,11650,11100,신원동,557,11650-4103,힐스테이트서초젠트리스,,84.99,7,2014,210000,2026-08-06,,,중개거래,개인,개인,
서초구,11650,11100,신원동,568,11650-4040,서초포레스타3단지,,59.96,2,2014,164000,2026-08-08,,,중개거래,개인,개인,
서초구,11650,11100,신원동,579,11650-4026,서초포레스타5단지,,84.39,8,2014,210000,2026-08-07,,,중개거래,개인,개인,
성동구,11200,10100,상왕십리동,811,11200-3024,텐즈힐(2단지),,84.92,17,2014,222000,2026-08-22,,,중개거래,개인,개인,
성동구,11200,10100,상왕십리동,811,11200-3024,텐즈힐(2단지),,84.92,17,2014,222000,2026-08-22,O,26.09.07,중개거래,개인,개인,
성동구,11200,10200,하왕십리동,1052,11200-2,금호베스트빌,,114.93,4,2001,149000,2026-08-06,,,중개거래,개인,개인,
성동구,11200,10200,하왕십리동,1052,11200-2,금호베스트빌,,114.93,8,2001,150000,2026-08-03,,,중개거래,개인,개인,
성동구,11200,10200,하왕십리동,1052,11200-2,금호베스트빌,,59.79,2,2001,125000,2026-08-28,,,중개거래,개인,개인,
성동구,11200,10200,하왕십리동,1064,11200-2895,왕십리지웰,,84.981,3,2009,135000,2026-08-01,,,중개거래,개인,개인,
성동구,11200,10200,하왕십리동,1066,11200-3074,텐즈힐(1단지),,148.94,12,2015,252000,2026-08-24,,,중개거래,개인,개인,
성동구,11200,10200,하왕십리동,1066,11200-3074,텐즈힐(1단지),,84.96,20,2015,229000,2026-08-07,,,중개거래,개인,개인,
성동구,11200,10200,하왕십리동,1066,11200-3074,텐즈힐(1단지),,84.96,25,2015,228000,2026-08-19,,,중개거래,개인,개인,
성동구,11200,10200,하왕십리동,1070,11200-3120,센트라스,,59.94,7,2016,208000,2026-08-08,,,중개거래,개인,개인,
성동구,11200,10200,하왕십리동,1070,11200-3120,센트라스,,59.95,8,2016,208000,2026-08-13,,,중개거래,개인,개인,
성동구,11200,10200,하왕십리동,1070,11200-3120,센트라스,,84.77,26,2016,243000,2026-08-01,,,중개거래,개인,개인,
성동구,11200,10200,하왕십리동,1070,11200-3120,센트라스,,84.96,15,2016,181500,2026-08-11,,,중개거래,개인,개인,
성동구,11200,10200,하왕십리동,1070,11200-3120,센트라스,129,59.93,17,2016,194500,2026-08-26,,,중개거래,개인,개인,26.10.07
성동구,11200,10200,하왕십리동,258,11200-4,벽산,,84.94,19,1996,168000,2026-08-12,,,중개거래,개인,개인,
성동구,11200,10200,하왕십리동,258,11200-4,벽산,,84.94,4,1996,171000,2026-08-22,,,중개거래,개인,개인,
성동구,11200,10200,하왕십리동,258,11200-4,벽산,103,114.46,2,1996,156000,2026-08-09,,,중개거래,개인,개인,26.09.30
성동구,11200,10200,하왕십리동,966-19,11200-3210,왕십리지음재,,13.72,6,2020,19000,2026-08-13,,,중개거래,개인,개인,
성동구,11200,10300,홍익동,53,11200-2674,청계대주파크빌,,84.98,12,2005,106000,2026-08-04,,,중개거래,개인,개인,
성동구,11200,10500,마장동,818,11200-14,현대,,59.91,19,1998,138000,2026-08-28,,,중개거래,개인,개인,
성동구,11200,10500,마장동,819,11200-9,마장동중앙하이츠,,60,1,1999,119000,2026-08-25,,,중개거래,개인,개인,
성동구,11200,10500,마장동,819,11200-9,마장동중앙하이츠,,60,10,1999,129000,2026-08-06,,,중개거래,개인,개인,
성동구,11200,10500,마장동,830,11200-2703,신명스카이뷰,,84.038,12,2005,118000,2026-08-20,,,중개거래,개인,개인,
성동구,11200,10600,사근동,314,11200-16,벽산,101,84.8,13,2000,102000,2026-08-25,,,중개거래,개인,개인,26.09.11
성동구,11200,10700,행당동,344,11200-21,신동아,,59.97,10,1995,147000,2026-08-08,,,중개거래,개인,개인,
성동구,11200,10700,행당동,344,11200-21,신동아,,59.97,10,1995,149700,2026-08-01,,,중개거래,개인,개인,
성동구,11200,10700,행당동,346,11200-22,행당한진타운,,59.96,25,2000,167000,2026-08-12,,,중개거래,개인,개인,
성동구,11200,10700,행당동,346,11200-22,행당한진타운,,59.96,8,2000,162000,2026-08-08,,,중개거래,개인,개인,
성동구,11200,10700,행당동,347,11200-18,대림e-편한세상,,59.96,3,2000,150000,2026-08-05,,,중개거래,개인,개인,
성동구,11200,10700,행당동,347,11200-18,대림e-편한세상,,59.96,3,2000,150000,2026-08-05,O,26.10.07,중개거래,개인,개인,
성동구,11200,10700,행당동,347,11200-18,대림e-편한세상,,84.87,8,2000,165000,2026-08-04,,,중개거래,개인,개인,
성동구,11200,10700,행당동,349,11200-24,서울숲 한신 더 휴,,114.97,16,2003,191500,2026-08-12,,,중개거래,개인,개인,
성동구,11200,10700,행당동,349,11200-24,서울숲 한신 더 휴,,59.94,11,2003,171000,2026-08-05,,,중개거래,개인,개인,
성동구,11200,10700,행당동,349,11200-24,서울숲 한신 더 휴,,84.95,23,2003,195000,2026-08-01,,,중개거래,개인,개인,
성동구,11200,10700,행당동,349,11200-24,서울숲 한신 더 휴,118,114.97,17,2003,207000,2026-08-05,,,중개거래,개인,개인,26.09.29
성동구,11200,10700,행당동,376,11200-2914,서울숲행당푸르지오,,59.68,3,2011,168000,2026-08-08,,,중개거래,개인,개인,
성동구,11200,10800,응봉동,100,11200-77,대림(1차),,63.18,5,1986,180000,2026-08-08,,,중개거래,개인,개인,
성동구,11200,10800,응봉동,100,11200-77,대림(1차),,75.51,15,1986,190000,2026-08-21,,,중개거래,개인,개인,
성동구,11200,10800,응봉동,15,11200-29,대림강변타운,,114.88,15,2001,234000,2026-08-11,,,중개거래,개인,개인,
성동구,11200,10800,응봉동,97,11200-28,대림(2차),,84.53,3,1989,174500,2026-08-07,,,중개거래,개인,개인,
성동구,11200,11000,금호동2가,1217,11200-2944,래미안하이리버,101,59.99,12,2012,186500,2026-08-06,,,중개거래,개인,개인,26.10.02
성동구,11200,11100,금호동3가,1331,11200-34,두산,,84.99,15,1994,185000,2026-08-15,,,중개거래,개인,개인,
성동구,11200,11100,금호동3가,700,11200-2969,금호자이2차,,59.9663,5,2012,170000,2026-08-23,,,중개거래,개인,개인,
성동구,11200,11200,금호동4가,1553,11200-3158,힐스테이트서울숲리버,103,59.98,5,2018,205500,2026-08-18,,,중개거래,개인,개인,26.09.30
성동구,11200,11200,금호동4가,340,11200-2820,서울숲푸르지오,,84.87,12,2007,246000,2026-08-09,,,중개거래,개인,개인,
성동구,11200,11300,옥수동,250,11200-42,옥수삼성,,59.7,14,1999,199500,2026-08-13,,,중개거래,개인,개인,
성동구,11200,11300,옥수동,428,11200-38,극동,,84.74,3,1986,183000,2026-08-27,,,중개거래,개인,개인,
성동구,11200,11300,옥수동,561,11200-2980,래미안 옥수 리버젠,,84.81,19,2012,269000,2026-08-09,,,중개거래,개인,개인,
성동구,11200,11400,성수동1가,656-320,11200-52,동아,,53.14,1,1983,192000,2026-08-22,,,중개거래,개인,개인,
성동구,11200,11400,성수동1가,685-696,11200-2923,갤러리아포레,102,217.86,34,2011,920000,2026-08-12,,,중개거래,개인,개인,26.08.12
성동구,11200,11400,성수동1가,708,11200-53,동아그린,102,84.91,5,1999,168000,2026-08-05,,,중개거래,개인,개인,26.10.02
성동구,11200,11500,성수동2가,609-2,11200-65,강변임광,,59.67,6,2000,298000,2026-08-25,,,중개거래,개인,개인,
성동구,11200,11500,성수동2가,834,11200-80,현대I-PARK,,84.98,12,2003,219000,2026-08-12,,,중개거래,개인,개인,
성동구,11200,11500,성수동2가,846,11200-3027,E-아름다운세상,,83.35,2,2014,133000,2026-08-01,,,중개거래,개인,개인,26.10.01
성동구,11200,11800,송정동,90,11200-74,건영,,59.21,11,2000,104000,2026-08-29,,,중개거래,개인,개인,
성동구,11200,11800,송정동,90,11200-74,건영,,84.945,14,2000,130000,2026-08-04,,,중개거래,개인,개인,
성북구,11290,10300,돈암동,1,11290-21,돈암현대아파트,,41.58,13,1991,59500,2026-08-30,,,중개거래,개인,개인,
성북구,11290,10300,돈암동,15-1,11290-17,돈암동삼성,,114.66,11,1999,115000,2026-08-13,,,중개거래,개인,개인,
성북구,11290,10300,돈암동,15-1,11290-17,돈암동삼성,,84.59,11,1999,99800,2026-08-12,,,중개거래,개인,개인,
성북구,11290,10300,돈암동,524,11290-204,일신건영휴먼빌아파트,,117.16,9,2005,105000,2026-08-22,,,중개거래,개인,개인,
성북구,11290,10300,돈암동,524,11290-204,일신건영휴먼빌아파트,,143.51,16,2005,112500,2026-08-18,,,중개거래,개인,개인,
성북구,11290,10300,돈암동,603,11290-3475,돈암동더샵아파트,,84.817,1,2006,92500,2026-08-06,,,중개거래,개인,개인,
성북구,11290,10300,돈암동,609-1,11290-19,한신,,68.13,12,1998,94000,2026-08-26,,,중개거래,개인,개인,
성북구,11290,10300,돈암동,609-1,11290-19,한신,,68.13,16,1998,98000,2026-08-29,,,중개거래,개인,개인,
성북구,11290,10300,돈암동,609-1,11290-20,한진(609-1),,59.58,10,1998,89000,2026-08-26,,,중개거래,개인,개인,
성북구,11290,10300,돈암동,609-1,11290-20,한진(609-1),,59.58,11,1998,87500,2026-08-27,,,중개거래,개인,개인,
성북구,11290,10300,돈암동,609-1,11290-20,한진(609-1),,59.58,16,1998,87300,2026-08-15,,,중개거래,개인,개인,
성북구,11290,10300,돈암동,609-1,11290-20,한진(609-1),,59.58,16,1998,88500,2026-08-27,,,중개거래,개인,개인,
성북구,11290,10300,돈암동,609-1,11290-20,한진(609-1),,59.58,2,1998,84500,2026-08-22,,,중개거래,개인,개인,
성북구,11290,10300,돈암동,609-1,11290-20,한진(609-1),,59.58,6,1998,86000,2026-08-18,,,중개거래,개인,개인,
성북구,11290,10300,돈암동,609-1,11290-20,한진(609-1),,59.58,6,1998,88000,2026-08-27,,,중개거래,개인,개인,
성북구,11290,10300,돈암동,609-1,11290-20,한진(609-1),,84.87,15,1998,104500,2026-08-01,,,중개거래,개인,개인,
성북구,11290,10300,돈암동,609-1,11290-20,한진(609-1),,84.87,5,1998,100000,2026-08-21,,,중개거래,개인,개인,
성북구,11290,10300,돈암동,609-1,11290-20,한진(609-1),,84.87,6,1998,97000,2026-08-06,,,중개거래,개인,개인,
성북구,11290,10300,돈암동,624,11290-14,구현대,다(625-5),51.47,1,1981,80814,2026-08-28,,,직거래,기타,개인,26.08.31
성북구,11290,10300,돈암동,630,11290-15,동소문현대,,84.72,14,1994,76000,2026-08-25,,,중개거래,개인,기타,
성북구,11290,10300,돈암동,636,11290-116,이수브라운스톤돈암,,59.99,16,2004,102500,2026-08-03,,,중개거래,개인,개인,
성북구,11290,10300,돈암동,636,11290-116,이수브라운스톤돈암,,84.97,18,2004,119700,2026-08-26,,,중개거래,개인,개인,
성북구,11290,10300,돈암동,637,11290-104,성일우리미,,84.95,8,2004,75000,2026-08-08,,,중개거래,개인,개인,
성북구,11290,10300,돈암동,639,11290-3519,돈암힐스테이트,,112.42,6,2007,118500,2026-08-07,,,중개거래,개인,개인,
성북구,11290,10300,돈암동,643,11290-4173,길음역금호어울림센터힐,,59.5,14,2014,109000,2026-08-01,,,중개거래,개인,개인,
성북구,11290,10300,돈암동,643,11290-4173,길음역금호어울림센터힐,105,84.77,9,2014,80000,2026-08-14,,,직거래,개인,개인,26.09.30
성북구,11290,10300,돈암동,644,11290-4544,돈암코오롱하늘채,,84.869,11,2016,134000,2026-08-06,,,중개거래,개인,개인,
성북구,11290,10300,돈암동,7-15,11290-127,서라벌,,73.94,6,2004,55500,2026-08-28,,,중개거래,개인,개인,
성북구,11290,10900,동소문동6가,3-1,11290-4199,시티플레이스,,14.02,14,2015,15000,2026-08-06,,,직거래,개인,개인,
성북구,11290,11000,동소문동7가,120,11290-3830,브라운스톤동선,,84.96,7,2010,118000,2026-08-08,,,중개거래,개인,개인,
성북구,11290,11200,삼선동2가,425,11290-3576,삼선푸르지오,,114.65,2,2008,125000,2026-08-25,,,중개거래,개인,개인,
성북구,11290,11200,삼선동2가,425,11290-3576,삼선푸르지오,,84.83,4,2008,110250,2026-08-25,,,중개거래,개인,개인,
성북구,11290,11200,삼선동2가,425,11290-3576,삼선푸르지오,,84.83,7,2008,110000,2026-08-26,,,중개거래,개인,개인,
성북구,11290,11300,삼선동3가,116,11290-3905,삼선에스케이뷰,,122.44,4,2012,167000,2026-08-20,,,중개거래,개인,개인,
성북구,11290,11300,삼선동3가,116,11290-3905,삼선에스케이뷰,,122.44,5,2012,164000,2026-08-01,,,중개거래,개인,개인,
성북구,11290,11900,동선동4가,295-1,11290-3718,한양수자인,,68.03,11,2008,64000,2026-08-21,,,중개거래,개인,개인,
성북구,11290,12100,안암동1가,361,11290-207,안암동삼성래미안,,84.8681,3,2005,114000,2026-08-26,,,중개거래,개인,개인,
성북구,11290,12300,안암동3가,135,11290-33,삼익,,174.68,2,1983,106000,2026-08-11,,,중개거래,개인,개인,
성북구,11290,12600,보문동4가,116,11290-3876,보문하우스토리,,82.713,13,2011,93000,2026-08-13,,,중개거래,개인,개인,
성북구,11290,12800,보문동6가,458,11290-4536,보문파크뷰자이,,59.19,8,2017,129500,2026-08-18,,,중개거래,개인,개인,
성북구,11290,12800,보문동6가,458,11290-4536,보문파크뷰자이,,72.97,7,2017,136800,2026-08-29,,,중개거래,개인,개인,
성북구,11290,12800,보문동6가,458,11290-4536,보문파크뷰자이,,72.97,9,2017,138000,2026-08-11,,,중개거래,개인,개인,
성북구,11290,13000,보문동1가,228,11290-5098,보문리슈빌하우트,,59.7918,12,2022,132500,2026-08-19,,,중개거래,개인,개인,
성북구,11290,13000,보문동1가,228,11290-5098,보문리슈빌하우트,,59.7918,7,2022,145000,2026-08-06,,,중개거래,개인,개인,
성북구,11290,13200,보문동3가,2,11290-81,현대I-PARK,,84.57,3,2003,115000,2026-08-14,,,중개거래,개인,개인,
성북구,11290,13300,정릉동,1015,11290-37,길음뉴타운경남아너스빌,,50.45,7,1999,75000,2026-08-14,,,중개거래,개인,개인,
성북구,11290,13300,정릉동,1015,11290-37,길음뉴타운경남아너스빌,,50.45,8,1999,76000,2026-08-13,,,중개거래,개인,개인,
성북구,11290,13300,정릉동,1015,11290-37,길음뉴타운경남아너스빌,,59.59,12,1999,89000,2026-08-22,,,중개거래,개인,개인,
성북구,11290,13300,정릉동,1015,11290-37,길음뉴타운경남아너스빌,,59.59,7,1999,89000,2026-08-26,,,중개거래,개인,개인,
성북구,11290,13300,정릉동,1016,11290-47,우방,,114.03,13,1999,77700,2026-08-26,,,중개거래,개인,개인,
성북구,11290,13300,정릉동,1017,11290-46,쌍용2,,59.9,16,1999,64000,2026-08-08,,,중개거래,개인,개인,
성북구,11290,13300,정릉동,1018,11290-53,길음뉴타운데시앙,,114.76,8,1999,82500,2026-08-27,,,중개거래,개인,개인,
성북구,11290,13300,정릉동,1018,11290-53,길음뉴타운데시앙,,84.44,2,1999,81000,2026-08-08,,,중개거래,개인,개인,
성북구,11290,13300,정릉동,1019,11290-43,정릉성원상떼빌,,59.94,13,2000,53800,2026-08-07,,,중개거래,개인,개인,
성북구,11290,13300,정릉동,1019,11290-43,정릉성원상떼빌,,59.94,6,2000,53500,2026-08-22,,,중개거래,개인,개인,
성북구,11290,13300,정릉동,1020,11290-48,정릉우성아파트 101~105동,,46.65,16,2000,60000,2026-08-21,,,중개거래,개인,개인,
성북구,11290,13300,정릉동,1020,11290-48,정릉우성아파트 101~105동,,84.99,5,2000,80000,2026-08-20,,,중개거래,개인,개인,
성북구,11290,13300,정릉동,1020,11290-48,정릉우성아파트 101~105동,,84.99,9,2000,85000,2026-08-22,,,중개거래,개인,개인,
성북구,11290,13300,정릉동,1021,11290-38,대우,,43.11,5,2001,38000,2026-08-23,,,중개거래,개인,개인,
성북구,11290,13300,정릉동,1024,11290-112,피오레,,94.59,6,2004,68000,2026-08-29,,,중개거래,개인,개인,
성북구,11290,13300,정릉동,1028,11290-3510,정릉e-편한세상,,114.56,5,2006,88000,2026-08-07,,,중개거래,개인,개인,
성북구,11290,13300,정릉동,1028,11290-3510,정릉e-편한세상,,59.77,17,2006,74000,2026-08-09,,,중개거래,개인,개인,
성북구,11290,13300,정릉동,1028,11290-3510,정릉e-편한세상,106,59.77,19,2006,78500,2026-08-13,,,중개거래,개인,개인,26.10.01
성북구,11290,13300,정릉동,1028,11290-3510,정릉e-편한세상,108,114.56,9,2006,91500,2026-08-10,,,중개거래,개인,개인,26.09.22
성북구,11290,13300,정릉동,1031,11290-3622,정릉힐스테이트3차,,59.98,10,2008,74500,2026-08-30,,,중개거래,개인,개인,
성북구,11290,13300,정릉동,1031,11290-3622,정릉힐스테이트3차,,84.97,6,2008,89000,2026-08-25,,,중개거래,개인,개인,
성북구,11290,13300,정릉동,1031,11290-3622,정릉힐스테이트3차,,84.97,7,2008,85500,2026-08-25,,,중개거래,개인,개인,
성북구,11290,13300,정릉동,1032,11290-3647,정릉2차대주피오레,202,84.9819,7,2008,73000,2026-08-15,,,중개거래,개인,개인,26.10.02
성북구,11290,13300,정릉동,210,11290-54,정릉푸른마을동아,,114.81,9,2003,78000,2026-08-30,,,중개거래,개인,개인,
성북구,11290,13300,정릉동,210,11290-54,정릉푸른마을동아,107,59.4,10,2003,67000,2026-08-13,,,중개거래,개인,개인,26.09.30
성북구,11290,13300,정릉동,239,11290-82,정릉풍림아이원,,114.75,11,2005,75000,2026-08-08,,,중개거래,개인,개인,
성북구,11290,13300,정릉동,239,11290-82,정릉풍림아이원,,59.88,11,2005,66000,2026-08-26,,,중개거래,개인,개인,
성북구,11290,13300,정릉동,239,11290-82,정릉풍림아이원,,59.88,6,2005,67800,2026-08-11,,,중개거래,개인,개인,
성북구,11290,13300,정릉동,239,11290-82,정릉풍림아이원,,59.88,8,2005,61500,2026-08-22,,,중개거래,개인,개인,
성북구,11290,13300,정릉동,239,11290-82,정릉풍림아이원,,60,19,2005,67000,2026-08-09,,,중개거래,개인,개인,
성북구,11290,13300,정릉동,239,11290-82,정릉풍림아이원,,84.09,7,2005,74000,2026-08-21,,,중개거래,개인,개인,
성북구,11290,13300,정릉동,239,11290-82,정릉풍림아이원,,84.09,8,2005,74500,2026-08-30,,,중개거래,개인,개인,
성북구,11290,13300,정릉동,239,11290-82,정릉풍림아이원,115,114.75,15,2005,72000,2026-08-12,,,중개거래,개인,개인,26.08.18
성북구,11290,13300,정릉동,239,11290-82,정릉풍림아이원,124,59.88,11,2005,64000,2026-08-03,,,중개거래,개인,개인,26.09.18
성북구,11290,13300,정릉동,435,11290-110,중앙하이츠빌2단지,,59.99,18,2005,72000,2026-08-08,,,중개거래,개인,개인,
성북구,11290,13300,정릉동,435,11290-110,중앙하이츠빌2단지,,84.6824,2,2005,79000,2026-08-01,,,중개거래,개인,개인,
성북구,11290,13300,정릉동,494,11290-111,중앙하이츠빌1단지,,84.98,14,2004,80000,2026-08-29,,,중개거래,개인,개인,
성북구,11290,13300,정릉동,494,11290-111,중앙하이츠빌1단지,,84.98,3,2004,79000,2026-08-03,,,중개거래,개인,개인,
성북구,11290,13300,정릉동,670-50,11290-5255,스카이아파트,,84.97,3,2023,44500,2026-08-24,,,중개거래,개인,개인,
성북구,11290,13300,정릉동,780,11290-41,"산장아파트가동,나동",,52.89,3,1977,41500,2026-08-29,,,중개거래,개인,개인,
성북구,11290,13300,정릉동,809,11290-50,정릉중앙하이츠아파트,,57.84,1,1999,27000,2026-08-27,,,중개거래,개인,개인,
성북구,11290,13300,정릉동,809,11290-50,정릉중앙하이츠아파트,,84.31,2,1999,55700,2026-08-07,,,중개거래,개인,개인,
성북구,11290,13400,길음동,1276,11290-57,삼부컨비니언,,59.94,13,1998,85000,2026-08-18,,,중개거래,개인,개인,
성북구,11290,13400,길음동,1276,11290-57,삼부컨비니언,101,59.94,12,1998,82000,2026-08-14,,,중개거래,개인,개인,26.09.08
성북구,11290,13400,길음동,1278,11290-56,길음동동부센트레빌(1278-0),,114.912,7,2003,136000,2026-08-19,,,중개거래,개인,개인,
성북구,11290,13400,길음동,1278,11290-56,길음동동부센트레빌(1278-0),,59.998,17,2003,112000,2026-08-29,,,중개거래,개인,개인,
성북구,11290,13400,길음동,1278,11290-56,길음동동부센트레빌(1278-0),,59.998,18,2003,115000,2026-08-13,,,중개거래,개인,개인,
성북구,11290,13400,길음동,1278,11290-56,길음동동부센트레빌(1278-0),,59.998,2,2003,102000,2026-08-08,,,중개거래,개인,개인,
성북구,11290,13400,길음동,1279,11290-60,길음뉴타운1단지(래미안길음1차),,59.99,11,2003,128800,2026-08-22,,,중개거래,개인,개인,
성북구,11290,13400,길음동,1280,11290-210,길음뉴타운2단지푸르지오,207,84.97,11,2005,75000,2026-08-14,,,직거래,개인,개인,26.09.09
성북구,11290,13400,길음동,1281,11290-212,길음뉴타운4단지(e편한세상),,114.88,9,2005,139500,2026-08-25,,,중개거래,개인,개인,
성북구,11290,13400,길음동,1281,11290-212,길음뉴타운4단지(e편한세상),,59.86,8,2005,111000,2026-08-22,,,중개거래,개인,개인,
성북구,11290,13400,길음동,1281,11290-212,길음뉴타운4단지(e편한세상),,59.97,3,2005,110000,2026-08-11,,,중개거래,개인,개인,
성북구,11290,13400,길음동,1281,11290-212,길음뉴타운4단지(e편한세상),,84.64,8,2005,136500,2026-08-08,,,중개거래,개인,개인,
성북구,11290,13400,길음동,1282,11290-3511,길음뉴타운5단지(래미안),,59.75,4,2006,117800,2026-08-01,,,중개거래,개인,개인,
성북구,11290,13400,길음동,1282,11290-3511,길음뉴타운5단지(래미안),510,84.96,13,2006,76000,2026-08-03,,,중개거래,개인,개인,26.08.31
성북구,11290,13400,길음동,1283,11290-3512,길음뉴타운6단지(래미안),,113.226,10,2007,168500,2026-08-18,,,중개거래,개인,개인,
성북구,11290,13400,길음동,1283,11290-3512,길음뉴타운6단지(래미안),,84.049,19,2007,154500,2026-08-13,,,중개거래,개인,개인,
성북구,11290,13400,길음동,1283,11290-3512,길음뉴타운6단지(래미안),,84.049,20,2007,154000,2026-08-08,,,중개거래,개인,개인,
성북구,11290,13400,길음동,1284,11290-3807,길음뉴타운8단지(래미안),,59.99,19,2010,137000,2026-08-21,,,중개거래,개인,개인,
성북구,11290,13400,길음동,1285,11290-3815,길음뉴타운7단지(두산위브),,59.98,22,2010,124000,2026-08-01,,,중개거래,개인,개인,
성북구,11290,13400,길음동,1285,11290-3815,길음뉴타운7단지(두산위브),,84.96,10,2010,140000,2026-08-08,,,중개거래,개인,개인,
성북구,11290,13400,길음동,1286,11290-3825,길음뉴타운9단지(래미안),,84.96,18,2010,140000,2026-08-07,,,중개거래,개인,개인,
성북구,11290,13400,길음동,1287-1,11290-4773,롯데캐슬골든힐스,,84.93,7,2019,120000,2026-08-29,,,중개거래,개인,개인,
성북구,11290,13400,길음동,1287-1,11290-4773,롯데캐슬골든힐스,,84.932,3,2019,117000,2026-08-08,,,중개거래,개인,개인,
성북구,11290,13400,길음동,1288,11290-4786,래미안길음센터피스,,59.9,21,2019,151500,2026-08-24,,,중개거래,개인,개인,
성북구,11290,13400,길음동,1288,11290-4786,래미안길음센터피스,,84.95,17,2019,190000,2026-08-08,,,중개거래,개인,개인,
성북구,11290,13400,길음동,1288,11290-4786,래미안길음센터피스,,84.95,27,2019,191000,2026-08-14,,,중개거래,개인,개인,
성북구,11290,13400,길음동,1289,11290-5086,롯데캐슬클라시아,,59.7812,12,2022,155000,2026-08-25,,,중개거래,개인,개인,
성북구,11290,13400,길음동,1289,11290-5086,롯데캐슬클라시아,102,59.7812,7,2022,150000,2026-08-08,,,중개거래,개인,개인,26.10.02
성북구,11290,13400,길음동,635-168,11290-58,길음뉴타운신안파크아파트,,68.14,8,1988,52000,2026-08-28,,,중개거래,개인,개인,
성북구,11290,13400,길음동,635-168,11290-58,길음뉴타운신안파크아파트,101동,68.14,5,1988,48000,2026-08-08,,,중개거래,개인,개인,26.09.28
성북구,11290,13500,종암동,104-1,11290-65,종암에스케이,,114.75,18,1999,120000,2026-08-18,,,중개거래,개인,개인,
성북구,11290,13500,종암동,104-1,11290-65,종암에스케이,,59.04,1,1999,84900,2026-08-10,,,중개거래,개인,개인,
성북구,11290,13500,종암동,104-1,11290-65,종암에스케이,,59.04,1,1999,85000,2026-08-08,,,중개거래,개인,개인,
성북구,11290,13500,종암동,104-1,11290-65,종암에스케이,,59.04,13,1999,98000,2026-08-03,,,중개거래,개인,개인,
성북구,11290,13500,종암동,104-1,11290-65,종암에스케이,,59.04,23,1999,94500,2026-08-08,,,중개거래,개인,개인,
성북구,11290,13500,종암동,128,11290-62,극동,,59.67,8,2000,75200,2026-08-08,,,중개거래,개인,개인,
성북구,11290,13500,종암동,130,11290-113,아이파크종암동1차,106,59.73,18,2004,95000,2026-08-07,,,중개거래,개인,개인,26.09.11
성북구,11290,13500,종암동,133,11290-3786,래미안세레니티,,84.92,2,2009,76100,2026-08-20,,,중개거래,개인,개인,
성북구,11290,13500,종암동,134,11290-3824,래미안라센트,106,84.99,3,2011,134000,2026-08-05,,,중개거래,개인,개인,26.10.01
성북구,11290,13500,종암동,135,11290-3826,종암2차SKVIEW,,59.95,3,2010,97000,2026-08-04,,,중개거래,개인,개인,
성북구,11290,13500,종암동,135,11290-3826,종암2차SKVIEW,,59.98,15,2010,112000,2026-08-07,,,중개거래,개인,개인,
성북구,11290,13500,종암동,135,11290-3826,종암2차SKVIEW,201,119.87,4,2010,139500,2026-08-08,,,중개거래,개인,개인,26.10.01
성북구,11290,13500,종암동,34-3,11290-64,종암선경,101,75.5,7,1996,80000,2026-08-01,,,중개거래,개인,개인,26.09.18
성북구,11290,13500,종암동,80,11290-84,래미안크리시엘,,114.98,1,2004,113000,2026-08-28,,,중개거래,개인,개인,
성북구,11290,13500,종암동,80,11290-84,래미안크리시엘,,114.98,19,2004,125000,2026-08-22,,,중개거래,개인,개인,
성북구,11290,13500,종암동,80,11290-84,래미안크리시엘,,84.95,12,2004,127000,2026-08-06,,,중개거래,개인,개인,
성북구,11290,13600,하월곡동,218,11290-68,아남,,84.69,20,1996,74700,2026-08-01,,,중개거래,개인,개인,
성북구,11290,13600,하월곡동,219,11290-67,동신,,59.88,21,1998,87000,2026-08-07,,,중개거래,개인,개인,
성북구,11290,13600,하월곡동,222,11290-88,월곡두산위브,,114.752,6,2003,110000,2026-08-08,,,중개거래,개인,개인,
성북구,11290,13600,하월곡동,222,11290-88,월곡두산위브,,59.855,19,2003,105000,2026-08-30,,,중개거래,개인,개인,
성북구,11290,13600,하월곡동,222,11290-88,월곡두산위브,,84.647,20,2003,102000,2026-08-15,,,중개거래,개인,개인,
성북구,11290,13600,하월곡동,222,11290-88,월곡두산위브,,84.843,6,2003,99500,2026-08-09,,,중개거래,개인,개인,
성북구,11290,13600,하월곡동,224,11290-100,샹그레빌아파트,,79.248,5,2004,84000,2026-08-07,,,중개거래,개인,개인,
성북구,11290,13600,하월곡동,224,11290-100,샹그레빌아파트,,79.248,6,2004,79000,2026-08-13,,,중개거래,개인,개인,
성북구,11290,13600,하월곡동,224,11290-100,샹그레빌아파트,,79.984,18,2004,80800,2026-08-06,,,중개거래,개인,개인,
성북구,11290,13600,하월곡동,225,11290-3492,래미안월곡,,59.754,7,2006,111000,2026-08-03,,,중개거래,개인,개인,
성북구,11290,13600,하월곡동,225,11290-3492,래미안월곡,,84.589,9,2006,127000,2026-08-03,,,중개거래,개인,개인,
성북구,11290,13600,하월곡동,226,11290-3572,월곡래미안루나밸리,,84.88,1,2007,100000,2026-08-28,,,중개거래,개인,개인,
성북구,11290,13600,하월곡동,228,11290-3794,꿈의숲푸르지오,,59.65,13,2010,102000,2026-08-01,,,중개거래,개인,개인,
성북구,11290,13600,하월곡동,228,11290-3794,꿈의숲푸르지오,,84.73,6,2010,110000,2026-08-19,,,중개거래,개인,개인,
성북구,11290,13600,하월곡동,90-2066,11290-86,창방트윈(B동),,83.07,5,2003,59500,2026-08-12,,,중개거래,개인,개인,26.10.01
성북구,11290,13600,하월곡동,90-700,11290-4953,베로니스,,54.79,10,2020,60000,2026-08-21,,,중개거래,개인,개인,
성북구,11290,13600,하월곡동,90-700,11290-4953,베로니스,,56.97,4,2020,61000,2026-08-15,,,중개거래,개인,개인,
성북구,11290,13700,상월곡동,101,11290-71,동아에코빌,,59.95,13,2003,94000,2026-08-13,,,중개거래,개인,개인,
성북구,11290,13700,상월곡동,101,11290-71,동아에코빌,,59.95,16,2003,88200,2026-08-12,,,중개거래,개인,개인,
성북구,11290,13700,상월곡동,101,11290-71,동아에코빌,,59.95,21,2003,93000,2026-08-29,,,중개거래,개인,개인,
성북구,11290,13700,상월곡동,101,11290-71,동아에코빌,,59.95,9,2003,90000,2026-08-26,,,중개거래,개인,개인,
성북구,11290,13700,상월곡동,101,11290-71,동아에코빌,107,114.66,3,2003,95000,2026-08-13,,,중개거래,개인,개인,26.09.29
성북구,11290,13700,상월곡동,55-56,11290-70,우남푸르미아,,59.64,18,1994,59900,2026-08-07,,,중개거래,개인,개인,
성북구,11290,13700,상월곡동,55-56,11290-70,우남푸르미아,,59.64,9,1994,59500,2026-08-08,,,중개거래,개인,개인,
성북구,11290,13700,상월곡동,55-56,11290-70,우남푸르미아,,84.51,8,1994,73500,2026-08-01,,,중개거래,개인,개인,
성북구,11290,13800,장위동,312,11290-72,우방아파트,,59.98,10,2001,54500,2026-08-03,,,중개거래,개인,개인,
성북구,11290,13800,장위동,319,11290-4641,꿈의숲코오롱하늘채,,59.35,15,2017,115000,2026-08-24,,,중개거래,개인,개인,
성북구,11290,13800,장위동,320,11290-4861,래미안장위퍼스트하이,,59.99,8,2020,130000,2026-08-09,,,중개거래,개인,개인,
성북구,11290,13800,장위동,320,11290-4861,래미안장위퍼스트하이,,84.94,6,2020,147400,2026-08-27,,,중개거래,개인,개인,
성북구,11290,13800,장위동,320,11290-4861,래미안장위퍼스트하이,,84.98,11,2020,144000,2026-08-04,,,중개거래,개인,개인,
성북구,11290,13800,장위동,320,11290-4861,래미안장위퍼스트하이,,84.98,26,2020,152700,2026-08-07,,,중개거래,개인,개인,
성북구,11290,13800,장위동,322,11290-4834,래미안포레카운티,,84.98,20,2021,138000,2026-08-14,,,중개거래,개인,개인,
성북구,11290,13800,장위동,323,11290-4978,꿈의숲아이파크,,59.49,24,2022,146000,2026-08-07,,,중개거래,개인,개인,
성북구,11290,13800,장위동,323,11290-4978,꿈의숲아이파크,705,59.1,15,2022,142000,2026-08-03,,,중개거래,개인,개인,26.09.04
성북구,11290,13800,장위동,323,11290-4978,꿈의숲아이파크,708,84.48,14,2022,145000,2026-08-24,,,직거래,개인,개인,26.10.01
성북구,11290,13800,장위동,50-50,11290-3381,장위동동원베네스트,,84.69,15,2005,70000,2026-08-24,,,중개거래,개인,개인,
성북구,11290,13900,석관동,10,11290-74,두산,,134.97,9,1998,113500,2026-08-04,,,중개거래,개인,개인,
성북구,11290,13900,석관동,10,11290-74,두산,,164.92,6,1998,125000,2026-08-22,,,중개거래,개인,개인,
성북구,11290,13900,석관동,10,11290-74,두산,,59.97,5,1998,102000,2026-08-22,,,중개거래,개인,개인,
성북구,11290,13900,석관동,10,11290-74,두산,,84.9,18,1998,112000,2026-08-21,,,중개거래,개인,개인,
성북구,11290,13900,석관동,405,11290-77,코오롱,,59.94,4,1999,81850,2026-08-01,,,중개거래,개인,개인,
성북구,11290,13900,석관동,405,11290-77,코오롱,,84.87,14,1999,92000,2026-08-27,,,중개거래,개인,개인,
성북구,11290,13900,석관동,407,11290-3766,석관래미안,,84.84,13,2009,113500,2026-08-01,,,중개거래,개인,개인,
성북구,11290,13900,석관동,410,11290-4788,래미안아트리치,,59.98,8,2019,126000,2026-08-12,,,중개거래,개인,개인,
성북구,11290,13900,석관동,410,11290-4788,래미안아트리치,,59.98,8,2019,126000,2026-08-12,O,26.09.15,중개거래,개인,개인,
성북구,11290,13900,석관동,410,11290-4788,래미안아트리치,105,84.97,11,2019,142000,2026-08-05,,,중개거래,개인,개인,26.10.02
송파구,11710,10100,잠실동,101-1,11710-159,우성아파트,,136.34,5,1981,390000,2026-08-08,,,중개거래,개인,개인,
송파구,11710,10100,잠실동,101-1,11710-159,우성아파트,,96.65,3,1981,348000,2026-08-21,,,중개거래,개인,개인,
송파구,11710,10100,잠실동,101-1,11710-159,우성아파트,17,131.08,3,1981,340000,2026-08-14,,,중개거래,개인,개인,26.08.25
송파구,11710,10100,잠실동,19,11710-6346,잠실엘스,,59.96,2,2008,287000,2026-08-11,,,중개거래,개인,개인,
송파구,11710,10100,잠실동,19,11710-6346,잠실엘스,,59.96,20,2008,298000,2026-08-06,,,중개거래,개인,개인,
송파구,11710,10100,잠실동,19,11710-6346,잠실엘스,,59.96,26,2008,300500,2026-08-07,,,중개거래,개인,개인,
송파구,11710,10100,잠실동,19,11710-6346,잠실엘스,,84.8,5,2008,335000,2026-08-06,,,중개거래,개인,개인,
송파구,11710,10100,잠실동,19,11710-6346,잠실엘스,,84.8,7,2008,325000,2026-08-20,,,중개거래,개인,개인,
송파구,11710,10100,잠실동,19,11710-6346,잠실엘스,,84.97,21,2008,341000,2026-08-21,,,중개거래,개인,개인,
송파구,11710,10100,잠실동,19,11710-6346,잠실엘스,152,59.96,7,2008,297000,2026-08-10,,,중개거래,개인,개인,26.10.02
송파구,11710,10100,잠실동,22,11710-6249,리센츠,,124.22,19,2008,430000,2026-08-21,,,중개거래,개인,개인,
송파구,11710,10100,잠실동,22,11710-6249,리센츠,,27.68,12,2008,160800,2026-08-26,,,중개거래,개인,개인,
송파구,11710,10100,잠실동,22,11710-6249,리센츠,,27.68,30,2008,161500,2026-08-11,,,중개거래,개인,개인,
송파구,11710,10100,잠실동,22,11710-6249,리센츠,,84.99,21,2008,346500,2026-08-08,,,중개거래,개인,개인,
송파구,11710,10100,잠실동,22,11710-6249,리센츠,,84.99,24,2008,365000,2026-08-11,,,중개거래,개인,개인,
송파구,11710,10100,잠실동,22,11710-6249,리센츠,,84.99,4,2008,335000,2026-08-12,,,중개거래,개인,개인,
송파구,11710,10100,잠실동,27,11710-164,주공아파트 5단지,,76.5,14,1978,410500,2026-08-11,,,중개거래,개인,개인,
송파구,11710,10100,잠실동,27,11710-164,주공아파트 5단지,,76.5,3,1978,407700,2026-08-03,,,중개거래,개인,개인,
송파구,11710,10100,잠실동,27,11710-164,주공아파트 5단지,,76.5,8,1978,413700,2026-08-18,,,중개거래,개인,개인,
송파구,11710,10100,잠실동,27,11710-164,주공아파트 5단지,,82.61,9,1978,457500,2026-08-06,,,중개거래,개인,개인,
송파구,11710,10100,잠실동,27,11710-164,주공아파트 5단지,529,76.5,14,1978,402700,2026-08-07,,,중개거래,개인,개인,26.08.31
송파구,11710,10100,잠실동,320,11710-160,우성4차,105,115.83,6,1983,292000,2026-08-11,,,중개거래,개인,개인,26.08.28
송파구,11710,10100,잠실동,35,11710-6028,트리지움,,59.88,18,2007,292000,2026-08-08,,,중개거래,개인,개인,
송파구,11710,10100,잠실동,35,11710-6028,트리지움,,59.88,6,2007,271000,2026-08-12,,,중개거래,개인,개인,
송파구,11710,10100,잠실동,35,11710-6028,트리지움,,84.83,12,2007,322000,2026-08-21,,,중개거래,개인,개인,
송파구,11710,10100,잠실동,35,11710-6028,트리지움,,84.95,21,2007,322000,2026-08-18,,,중개거래,개인,개인,
송파구,11710,10100,잠실동,40,11710-281,갤러리아팰리스,,164.3,30,2005,390000,2026-08-07,,,중개거래,개인,개인,
송파구,11710,10100,잠실동,40,11710-281,갤러리아팰리스,,176.034,31,2005,385000,2026-08-11,,,중개거래,개인,개인,
송파구,11710,10100,잠실동,44,11710-5957,레이크팰리스,,59.97,9,2006,275000,2026-08-19,,,중개거래,개인,개인,
송파구,11710,10200,신천동,11,11710-177,장미2,,82.45,12,1979,327000,2026-08-11,,,중개거래,개인,개인,
송파구,11710,10200,신천동,11-4,11710-7307,잠실푸르지오월드마크,,123.27,10,2013,280000,2026-08-28,,,중개거래,개인,개인,
송파구,11710,10200,신천동,11-4,11710-7307,잠실푸르지오월드마크,102,84.39,19,2013,229000,2026-08-01,,,중개거래,개인,개인,26.09.01
송파구,11710,10200,신천동,11-9,11710-175,한신잠실코아,,41.99,12,1988,158000,2026-08-12,,,중개거래,개인,개인,
송파구,11710,10200,신천동,17,11710-6266,파크리오,,59.95,28,2008,280000,2026-08-20,,,중개거래,개인,개인,
송파구,11710,10200,신천동,17,11710-6266,파크리오,,84.79,9,2008,295000,2026-08-28,,,중개거래,개인,개인,
송파구,11710,10200,신천동,7,11710-170,장미1,,71.2,4,1979,305000,2026-08-19,,,중개거래,개인,개인,
송파구,11710,10200,신천동,7,11710-170,장미1,,71.2,7,1979,300000,2026-08-12,,,중개거래,개인,개인,
송파구,11710,10200,신천동,7,11710-170,장미1,,82.45,13,1979,347500,2026-08-29,,,중개거래,개인,개인,
송파구,11710,10200,신천동,7-14,11710-6284,잠실더샵스타파크,,173.17,16,2008,266000,2026-08-04,,,중개거래,개인,개인,
송파구,11710,10300,풍납동,214-6,11710-1,갑을,,84.42,5,1996,119500,2026-08-14,,,중개거래,개인,개인,
송파구,11710,10300,풍납동,271-3,11710-11,신아,,130.05,9,1999,90000,2026-08-14,,,중개거래,개인,개인,
송파구,11710,10300,풍납동,271-3,11710-11,신아,,130.05,9,1999,90000,2026-08-14,O,26.09.10,중개거래,개인,개인,
송파구,11710,10300,풍납동,281-4,11710-9623,이트리움송파(281-4),,84.96,3,2024,94500,2026-08-27,,,중개거래,개인,법인,
송파구,11710,10300,풍납동,401-1,11710-12,쌍용,101,84.86,2,1994,120000,2026-08-31,,,직거래,개인,개인,26.09.08
송파구,11710,10300,풍납동,413-1,11710-18,현대1,,83.02,1,1995,178000,2026-08-11,,,중개거래,개인,개인,
송파구,11710,10300,풍납동,413-1,11710-18,현대1,,83.02,9,1995,195000,2026-08-27,,,중개거래,개인,개인,
송파구,11710,10300,풍납동,506,11710-6,동아한가람1,,59.98,9,1995,130000,2026-08-22,,,중개거래,개인,개인,
송파구,11710,10300,풍납동,506,11710-6,동아한가람1,,84.38,3,1995,152000,2026-08-22,,,중개거래,개인,개인,
송파구,11710,10300,풍납동,508,11710-17,한강극동,,114.76,12,1995,196000,2026-08-29,,,중개거래,개인,개인,
송파구,11710,10300,풍납동,508,11710-17,한강극동,,59.26,6,1995,162500,2026-08-10,,,중개거래,개인,개인,
송파구,11710,10300,풍납동,508,11710-17,한강극동,,59.26,7,1995,156900,2026-08-18,,,중개거래,개인,개인,
송파구,11710,10300,풍납동,509,11710-13,씨티극동1,,59.95,1,1998,118000,2026-08-20,,,중개거래,개인,개인,
송파구,11710,10300,풍납동,512,11710-5831,송파해모로아파트,,118.44,4,2006,178000,2026-08-07,,,중개거래,개인,개인,
송파구,11710,10300,풍납동,514,11710-9025,잠실올림픽공원아이파크,,59.93,17,2019,230000,2026-08-04,,,중개거래,개인,개인,
송파구,11710,10300,풍납동,514,11710-9025,잠실올림픽공원아이파크,,59.93,9,2019,223000,2026-08-29,,,중개거래,개인,개인,
송파구,11710,10400,송파동,151,11710-31,2차한양아파트,,108.68,4,1984,257000,2026-08-21,,,중개거래,개인,개인,
송파구,11710,10400,송파동,151,11710-31,2차한양아파트,,64.26,7,1984,220500,2026-08-19,,,중개거래,개인,개인,
송파구,11710,10400,송파동,151,11710-31,2차한양아파트,,84.92,8,1984,249900,2026-08-12,,,중개거래,개인,개인,
송파구,11710,10400,송파동,161,11710-24,미성맨션,,58.98,8,1985,198000,2026-08-10,,,중개거래,개인,개인,
송파구,11710,10400,송파동,162,11710-26,송파삼성래미안아파트,,105.99,14,2001,240000,2026-08-13,,,중개거래,개인,개인,
송파구,11710,10400,송파동,167-1,11710-8841,한영해시안아파트,,63.81,3,2019,104000,2026-08-29,,,중개거래,개인,개인,
송파구,11710,10400,송파동,171,11710-13145,잠실더샵루벤,,83.8852,15,2025,212000,2026-08-29,,,중개거래,개인,개인,
송파구,11710,10400,송파동,243,11710-6929,래미안송파파인탑,101,53.59,10,2012,225000,2026-08-08,,,중개거래,개인,개인,26.09.29
송파구,11710,10400,송파동,245,11710-9611,송파파밀리에더퍼스트,,59.935,2,2023,150000,2026-08-15,,,중개거래,개인,개인,
송파구,11710,10500,석촌동,158-5,11710-5968,미켈란호수가,,136.8,6,2007,207000,2026-08-03,,,중개거래,개인,개인,
송파구,11710,10600,삼전동,38-12,11710-8217,하이파크아파트,,51.2,5,2016,76000,2026-08-17,,,중개거래,개인,개인,
송파구,11710,10600,삼전동,39,11710-41,현대1,,80.01,3,1989,141000,2026-08-05,,,중개거래,개인,개인,
송파구,11710,10700,가락동,102,11710-69,한신1,,84.51,11,1993,173000,2026-08-14,,,중개거래,개인,개인,
송파구,11710,10700,가락동,140,11710-59,가락(1차)쌍용아파트,,59.92,15,1997,195000,2026-08-05,,,중개거래,개인,개인,
송파구,11710,10700,가락동,140,11710-59,가락(1차)쌍용아파트,,59.92,24,1997,194000,2026-08-18,,,중개거래,개인,개인,
송파구,11710,10700,가락동,140,11710-59,가락(1차)쌍용아파트,,59.92,8,1997,192000,2026-08-06,,,중개거래,개인,개인,
송파구,11710,10700,가락동,140,11710-59,가락(1차)쌍용아파트,,84.69,12,1997,218000,2026-08-08,,,중개거래,개인,개인,
송파구,11710,10700,가락동,140,11710-59,가락(1차)쌍용아파트,,84.69,22,1997,218000,2026-08-07,,,중개거래,개인,개인,
송파구,11710,10700,가락동,166-10,11710-8428,진넥스베르디엠,,59.9788,6,2017,86500,2026-08-10,,,중개거래,개인,개인,
송파구,11710,10700,가락동,166-6,11710-9304,테라펠리체송파,,44.0351,6,2021,82000,2026-08-31,,,중개거래,개인,법인,
송파구,11710,10700,가락동,192,11710-47,극동,,149.74,13,1984,249000,2026-08-18,,,중개거래,개인,개인,
송파구,11710,10700,가락동,192,11710-47,극동,,84.96,1,1984,219000,2026-08-28,,,중개거래,개인,개인,
송파구,11710,10700,가락동,192,11710-47,극동,3,120.4,3,1984,128600,2026-08-10,,,중개거래,개인,개인,26.09.18
송파구,11710,10700,가락동,55,11710-72,현대(6차),,84.8,1,1991,168500,2026-08-26,,,중개거래,개인,개인,
송파구,11710,10700,가락동,8-1,11710-248,우정에쉐르,,84.91,7,2004,92000,2026-08-18,,,중개거래,개인,개인,
송파구,11710,10700,가락동,80,11710-5828,성원상떼빌,,103.96,12,2006,142000,2026-08-06,,,중개거래,개인,개인,
송파구,11710,10700,가락동,913,11710-8865,헬리오시티,,110.66,27,2018,347000,2026-08-03,,,중개거래,개인,개인,
송파구,11710,10700,가락동,913,11710-8865,헬리오시티,,39.12,10,2018,203000,2026-08-30,,,중개거래,개인,개인,
송파구,11710,10700,가락동,913,11710-8865,헬리오시티,,84.95,15,2018,310000,2026-08-07,,,중개거래,개인,개인,
송파구,11710,10700,가락동,913,11710-8865,헬리오시티,,84.95,2,2018,289000,2026-08-01,,,중개거래,개인,개인,
송파구,11710,10700,가락동,913,11710-8865,헬리오시티,,84.99,35,2018,290000,2026-08-15,,,중개거래,개인,개인,
송파구,11710,10700,가락동,95-1,11710-49,가락금호아파트,,59.91,7,1997,181000,2026-08-11,,,중개거래,개인,개인,
송파구,11710,10700,가락동,96-1,11710-61,우성,,58.46,13,1986,183000,2026-08-06,,,중개거래,개인,개인,
송파구,11710,10700,가락동,98,11710-300,두산위브,,25.05,8,2004,15500,2026-08-21,,,직거래,개인,개인,
송파구,11710,10800,문정동,1,11710-282,문정래미안,,120.97,14,2004,220000,2026-08-20,,,중개거래,개인,개인,
송파구,11710,10800,문정동,104,11710-85,현대,,71.52,8,1991,105000,2026-08-31,,,중개거래,개인,개인,
송파구,11710,10800,문정동,104,11710-85,현대,,84.03,1,1991,97000,2026-08-29,,,중개거래,개인,개인,
송파구,11710,10800,문정동,104,11710-85,현대,,84.03,4,1991,108000,2026-08-03,,,중개거래,개인,개인,
송파구,11710,10800,문정동,106-23,11710-360,선경쉐르빌(106-23),,84.57,6,2002,80000,2026-08-23,,,중개거래,개인,개인,
송파구,11710,10800,문정동,145,11710-83,문정시영,,25.65,1,1989,70000,2026-08-07,,,중개거래,개인,개인,
송파구,11710,10800,문정동,145,11710-83,문정시영,,25.65,10,1989,77200,2026-08-13,,,중개거래,개인,개인,
송파구,11710,10800,문정동,145,11710-83,문정시영,,25.65,9,1989,77800,2026-08-19,,,중개거래,개인,개인,
송파구,11710,10800,문정동,145,11710-83,문정시영,,39.69,12,1989,112000,2026-08-11,,,중개거래,개인,개인,
송파구,11710,10800,문정동,145,11710-83,문정시영,,39.69,12,1989,113000,2026-08-31,,,중개거래,개인,개인,
송파구,11710,10800,문정동,145,11710-83,문정시영,,39.69,14,1989,120000,2026-08-15,,,중개거래,개인,개인,
송파구,11710,10800,문정동,145,11710-83,문정시영,,39.69,3,1989,113000,2026-08-29,,,중개거래,개인,개인,
송파구,11710,10800,문정동,145,11710-83,문정시영,6,39.69,2,1989,102500,2026-08-13,,,중개거래,개인,개인,26.09.18
송파구,11710,10800,문정동,150,11710-89,올림픽훼밀리타운,,136.325,10,1988,291000,2026-08-20,,,중개거래,개인,개인,
송파구,11710,10800,문정동,150,11710-89,올림픽훼밀리타운,,136.325,10,1988,291000,2026-08-20,,,중개거래,개인,개인,
송파구,11710,10800,문정동,150,11710-89,올림픽훼밀리타운,,136.325,11,1988,310000,2026-08-14,,,중개거래,개인,개인,
송파구,11710,10800,문정동,150,11710-89,올림픽훼밀리타운,,136.325,6,1988,310000,2026-08-06,,,중개거래,개인,개인,
송파구,11710,10800,문정동,150,11710-89,올림픽훼밀리타운,,84.705,3,1988,268500,2026-08-14,,,중개거래,개인,개인,
송파구,11710,10800,문정동,150,11710-89,올림픽훼밀리타운,,84.705,5,1988,268000,2026-08-07,,,중개거래,개인,개인,
송파구,11710,10800,문정동,150,11710-89,올림픽훼밀리타운,202,136.325,15,1988,310000,2026-08-07,,,중개거래,개인,개인,26.10.06
송파구,11710,10800,문정동,18,11710-80,문정대우푸르지오1차,,84.86,15,1999,180000,2026-08-03,,,중개거래,개인,개인,
송파구,11710,10800,문정동,3,11710-87,문정가락현대1차,,84.98,1,1984,192500,2026-08-12,,,중개거래,개인,개인,
송파구,11710,10800,문정동,72-3,11710-78,건영1,,84.39,1,1996,171000,2026-08-31,,,중개거래,개인,개인,
송파구,11710,10800,문정동,72-3,11710-78,건영1,,84.39,12,1996,180500,2026-08-08,,,중개거래,개인,개인,
송파구,11710,10800,문정동,72-3,11710-78,건영1,,84.39,13,1996,184500,2026-08-12,,,중개거래,개인,개인,
송파구,11710,10900,장지동,833,11710-6486,송파파인타운1단지,,84.95,4,2010,168000,2026-08-12,,,중개거래,개인,개인,
송파구,11710,10900,장지동,835,11710-6299,송파파인타운2단지,,84.94,4,2008,175000,2026-08-13,,,중개거래,개인,개인,
송파구,11710,10900,장지동,837,11710-6182,송파파인타운4단지,,84.95,11,2008,195000,2026-08-07,,,중개거래,개인,개인,
송파구,11710,10900,장지동,847,11710-6309,송파파인타운6단지,,84.98,18,2008,183000,2026-08-28,,,중개거래,개인,개인,
송파구,11710,10900,장지동,855,11710-6677,송파파인타운12단지,,84.76,14,2011,201000,2026-08-26,,,중개거래,개인,개인,
송파구,11710,10900,장지동,878,11710-7714,위례신도시송파푸르지오,,108.281,10,2015,232000,2026-08-29,,,중개거래,개인,개인,
송파구,11710,10900,장지동,879,11710-7430,송파더센트레,,59.85,21,2013,175000,2026-08-08,,,중개거래,개인,개인,
송파구,11710,10900,장지동,884,11710-8107,위례2차아이파크,,108.1376,27,2016,245000,2026-08-13,,,중개거래,개인,개인,
송파구,11710,10900,장지동,901,11710-7441,위례24단지(꿈에그린),,51.77,7,2013,162800,2026-08-25,,,중개거래,개인,개인,
송파구,11710,10900,장지동,901,11710-7441,위례24단지(꿈에그린),,59.63,10,2013,194000,2026-08-07,,,중개거래,개인,개인,
송파구,11710,11100,방이동,120-2,11710-5998,광명아파트,,70.55,4,2007,82000,2026-08-05,,,중개거래,개인,개인,
송파구,11710,11100,방이동,130-19,11710-109,인텍스빌,,20.12,8,2000,18500,2026-08-26,,,중개거래,개인,개인,26.09.11
송파구,11710,11100,방이동,225,11710-113,한양3,,84.92,8,1985,259000,2026-08-05,,,중개거래,개인,개인,
송파구,11710,11100,방이동,39-2,11710-97,신동아타워,,80.13,9,1995,84500,2026-08-24,,,중개거래,개인,개인,
송파구,11710,11100,방이동,454,11710-9292,트리니엘,,40.986,3,2021,64000,2026-08-29,,,중개거래,개인,개인,
송파구,11710,11100,방이동,456,11710-9654,잠실라펜앤,,29.6,4,2024,52000,2026-08-23,,,중개거래,개인,개인,
송파구,11710,11100,방이동,456,11710-9654,잠실라펜앤,,44.09,5,2024,85000,2026-08-19,,,중개거래,개인,개인,
송파구,11710,11100,방이동,46-1,11710-9084,이스턴잠실,,29.57,4,2020,40500,2026-08-22,,,중개거래,개인,개인,
송파구,11710,11100,방이동,51-4,11710-192,올림픽카운티,,38.7,17,2003,34000,2026-08-22,,,중개거래,개인,개인,26.09.29
송파구,11710,11100,방이동,51-4,11710-192,올림픽카운티,,38.7,17,2003,34000,2026-08-22,O,26.09.01,중개거래,개인,개인,
송파구,11710,11100,방이동,89,11710-102,올림픽선수기자촌3단지,,83.06,24,1988,295000,2026-08-25,,,중개거래,개인,개인,
송파구,11710,11100,방이동,89,11710-5714,올림픽선수기자촌1단지,,100.82,3,1988,266100,2026-08-27,,,직거래,개인,개인,
송파구,11710,11100,방이동,89,11710-5715,올림픽선수기자촌2단지,,100.82,2,1988,327000,2026-08-13,,,중개거래,개인,개인,
송파구,11710,11200,오금동,11,11710-131,현대백조,,114.36,8,1997,198000,2026-08-27,,,직거래,개인,개인,
송파구,11710,11200,오금동,114-29,11710-267,한두리,,61.78,5,2004,54300,2026-08-22,,,중개거래,개인,개인,
송파구,11710,11200,오금동,135,11710-8878,송파두산위브,,59.9823,9,2019,148500,2026-08-13,,,중개거래,개인,개인,
송파구,11710,11200,오금동,164,11710-129,우창,,109.72,10,1985,189000,2026-08-08,,,중개거래,개인,개인,
송파구,11710,11200,오금동,165,11710-124,상아2차아파트,,45.77,9,1988,140000,2026-08-29,,,중개거래,개인,개인,
송파구,11710,11200,오금동,166,11710-9042,상아1차아파트,2,60.7,7,1984,170000,2026-08-31,,,중개거래,개인,개인,26.09.29
송파구,11710,11200,오금동,615,11710-6424,올림픽파크센트레빌,,84.3755,4,2009,167500,2026-08-12,,,중개거래,개인,개인,
송파구,11710,11200,오금동,619,11710-8630,송파호반베르디움더퍼스트,,101.4632,19,2018,181000,2026-08-21,,,중개거래,개인,개인,
송파구,11710,11200,오금동,67,11710-9616,송파더플래티넘,,73.22,10,2024,153500,2026-08-13,,,중개거래,개인,개인,
송파구,11710,11300,거여동,290,11710-133,거여1단지,,49.8,11,1997,132500,2026-08-17,,,중개거래,개인,개인,
송파구,11710,11300,거여동,290,11710-133,거여1단지,,49.8,12,1997,129000,2026-08-01,,,중개거래,개인,개인,
송파구,11710,11300,거여동,290,11710-133,거여1단지,,49.8,3,1997,125500,2026-08-29,,,중개거래,개인,개인,
송파구,11710,11300,거여동,294,11710-137,거여5단지,,59.4,12,1997,132000,2026-08-18,,,중개거래,개인,개인,
송파구,11710,11300,거여동,294,11710-137,거여5단지,,59.74,12,1997,133000,2026-08-22,,,중개거래,개인,개인,
송파구,11710,11300,거여동,294,11710-137,거여5단지,,59.74,12,1997,135000,2026-08-26,,,중개거래,개인,개인,
송파구,11710,11300,거여동,356,11710-142,우방1,,59.91,14,1999,86000,2026-08-27,,,중개거래,개인,개인,
송파구,11710,11300,거여동,356,11710-142,우방1,,59.91,9,1999,113000,2026-08-13,,,중개거래,개인,개인,
송파구,11710,11300,거여동,362,11710-143,현대1차,,84.91,12,1992,143000,2026-08-12,,,중개거래,개인,개인,
송파구,11710,11300,거여동,46,11710-145,현대3차,,84.83,14,1993,139200,2026-08-14,,,중개거래,개인,개인,
송파구,11710,11300,거여동,606,11710-9298,송파레이크힐,송파 레이크힐 1502동,74.96,16,2021,110100,2026-08-26,,,직거래,개인,개인,26.10.02
송파구,11710,11300,거여동,607,11710-9363,송파레이크파크호반써밋Ⅱ,,108.8119,9,2022,260000,2026-08-14,,,중개거래,개인,개인,
송파구,11710,11300,거여동,607,11710-9363,송파레이크파크호반써밋Ⅱ,,110.8519,4,2022,265000,2026-08-06,,,중개거래,개인,개인,
송파구,11710,11300,거여동,607,11710-9363,송파레이크파크호반써밋Ⅱ,1409,110.8519,5,2022,262000,2026-08-12,,,중개거래,개인,개인,26.09.11
송파구,11710,11300,거여동,651,11710-9297,포레나송파,,84.8,8,2021,160000,2026-08-31,,,중개거래,개인,개인,
송파구,11710,11300,거여동,697,11710-9347,송파시그니처롯데캐슬,,108.98,4,2021,231000,2026-08-01,,,중개거래,개인,개인,
송파구,11710,11300,거여동,697,11710-9347,송파시그니처롯데캐슬,,59.98,10,2021,185700,2026-08-01,,,중개거래,개인,개인,
송파구,11710,11300,거여동,697,11710-9347,송파시그니처롯데캐슬,,59.98,12,2021,184500,2026-08-21,,,중개거래,개인,개인,
송파구,11710,11300,거여동,697,11710-9347,송파시그니처롯데캐슬,,84.98,13,2021,210000,2026-08-18,,,중개거래,개인,법인,
송파구,11710,11300,거여동,697,11710-9347,송파시그니처롯데캐슬,,84.98,14,2021,204000,2026-08-24,,,중개거래,개인,개인,
송파구,11710,11300,거여동,697,11710-9347,송파시그니처롯데캐슬,,84.98,16,2021,214000,2026-08-23,,,중개거래,개인,개인,
송파구,11710,11300,거여동,697,11710-9347,송파시그니처롯데캐슬,,84.98,8,2021,210000,2026-08-21,,,중개거래,개인,법인,
송파구,11710,11300,거여동,697,11710-9347,송파시그니처롯데캐슬,105,84.98,11,2021,210000,2026-08-13,,,중개거래,개인,법인,26.09.30
송파구,11710,11400,마천동,31-1,11710-152,씨티,,84.98,3,2001,69000,2026-08-27,,,중개거래,개인,개인,
송파구,11710,11400,마천동,573,11710-149,삼익1,,84.9,14,1996,149000,2026-08-23,,,중개거래,개인,개인,
송파구,11710,11400,마천동,575,11710-146,마천금호어울림1차아파트,,81.18,10,2002,122700,2026-08-18,,,중개거래,개인,개인,
송파구,11710,11400,마천동,68-5,11710-270,천마그랑밸리,,84.8,2,2004,128800,2026-08-29,,,중개거래,개인,개인,
양천구,11470,10100,신정동,1014-5,11470-4256,SM엘루이아파트,,84.98,5,2008,109000,2026-08-07,,,중개거래,개인,개인,
양천구,11470,10100,신정동,1198-3,11470-240,대성유니드2차,,84.67,11,2004,73000,2026-08-15,,,중개거래,개인,개인,
양천구,11470,10100,신정동,1252,11470-154,현대,,84.84,14,1995,141000,2026-08-04,,,중개거래,개인,개인,
양천구,11470,10100,신정동,1252,11470-154,현대,,84.84,20,1995,141000,2026-08-14,,,중개거래,개인,개인,
양천구,11470,10100,신정동,1259,11470-138,신트리1,,49.95,2,1999,87700,2026-08-27,,,중개거래,개인,개인,
양천구,11470,10100,신정동,1276,11470-139,신트리3,,84.8,17,2000,133000,2026-08-06,,,중개거래,개인,개인,
양천구,11470,10100,신정동,1277,11470-140,신트리4,,48.96,10,2000,81000,2026-08-24,,,중개거래,개인,개인,
양천구,11470,10100,신정동,1277,11470-140,신트리4,,49.8,1,2000,75000,2026-08-12,,,중개거래,개인,개인,
양천구,11470,10100,신정동,1277,11470-140,신트리4,,59.73,13,2000,94000,2026-08-06,,,중개거래,개인,개인,
양천구,11470,10100,신정동,1277,11470-140,신트리4,,59.73,4,2000,95000,2026-08-08,,,중개거래,개인,개인,
양천구,11470,10100,신정동,1277,11470-140,신트리4,406,48.96,13,2000,77400,2026-08-01,,,중개거래,개인,개인,26.10.02
양천구,11470,10100,신정동,1277,11470-140,신트리4,406,49.5,14,2000,80000,2026-08-08,,,중개거래,개인,개인,26.09.30
양천구,11470,10100,신정동,1281,11470-150,푸른마을2,,59.85,2,2001,68000,2026-08-19,,,중개거래,개인,개인,
양천구,11470,10100,신정동,1281,11470-150,푸른마을2,,59.91,1,2001,61000,2026-08-28,,,중개거래,개인,개인,
양천구,11470,10100,신정동,1281,11470-150,푸른마을2,,59.91,7,2001,69000,2026-08-13,,,중개거래,개인,개인,
양천구,11470,10100,신정동,1281,11470-150,푸른마을2,,59.91,7,2001,69000,2026-08-13,O,26.09.02,중개거래,개인,개인,
양천구,11470,10100,신정동,1283,11470-151,푸른마을3,,59.91,10,2001,66500,2026-08-26,,,중개거래,개인,개인,
양천구,11470,10100,신정동,1283,11470-151,푸른마을3,,84.9,4,2001,88000,2026-08-13,,,중개거래,개인,개인,
양천구,11470,10100,신정동,1283,11470-151,푸른마을3,,84.9,4,2001,88000,2026-08-13,O,26.09.01,중개거래,개인,개인,
양천구,11470,10100,신정동,1293,11470-153,학마을1단지,,49.98,14,2000,67500,2026-08-08,,,중개거래,개인,개인,
양천구,11470,10100,신정동,1293,11470-153,학마을1단지,,59.98,1,2000,75500,2026-08-19,,,중개거래,개인,개인,
양천구,11470,10100,신정동,1295,11470-172,목동2삼성래미안,,59.54,5,2001,154500,2026-08-25,,,중개거래,개인,개인,
양천구,11470,10100,신정동,1295,11470-172,목동2삼성래미안,,84.65,4,2001,173000,2026-08-29,,,중개거래,개인,개인,
양천구,11470,10100,신정동,1306,11470-4015,세양청마루,,59.98,12,2006,115000,2026-08-29,,,중개거래,개인,개인,
양천구,11470,10100,신정동,1306,11470-4015,세양청마루,,59.98,8,2006,113000,2026-08-27,,,중개거래,개인,개인,
양천구,11470,10100,신정동,1310,11470-3927,동일하이빌1단지,,84.955,7,2005,116000,2026-08-27,,,중개거래,개인,개인,
양천구,11470,10100,신정동,1311,11470-3928,동일하이빌2단지,,84.955,6,2005,120000,2026-08-02,,,중개거래,개인,개인,
양천구,11470,10100,신정동,1314,11470-4443,중앙하이츠,103,144.38,6,2010,120000,2026-08-21,,,직거래,개인,개인,26.09.29
양천구,11470,10100,신정동,1322,11470-4576,이펜하우스2단지,,84.51,4,2011,85000,2026-08-02,,,중개거래,개인,개인,
양천구,11470,10100,신정동,1323,11470-5271,목동힐스테이트,,59.95,18,2016,186000,2026-08-29,,,중개거래,개인,개인,
양천구,11470,10100,신정동,1325,11470-5547,목동파크자이(101동~108동),,84.977,15,2019,208000,2026-08-07,,,중개거래,개인,개인,
양천구,11470,10100,신정동,1326,11470-5691,래미안목동아델리체(101동~118동),,115.97,27,2021,215000,2026-08-11,,,중개거래,개인,개인,
양천구,11470,10100,신정동,1326,11470-5691,래미안목동아델리체(101동~118동),,84.58,3,2021,190000,2026-08-14,,,중개거래,개인,개인,
양천구,11470,10100,신정동,1326,11470-5691,래미안목동아델리체(101동~118동),,84.95,16,2021,190000,2026-08-13,,,중개거래,개인,개인,
양천구,11470,10100,신정동,1326,11470-5691,래미안목동아델리체(101동~118동),,84.95,17,2021,199000,2026-08-31,,,중개거래,개인,개인,
양천구,11470,10100,신정동,1327,11470-5757,호반써밋목동,,59.9488,5,2022,151500,2026-08-18,,,중개거래,개인,개인,
양천구,11470,10100,신정동,311,11470-119,목동신시가지10,,105.58,9,1987,275000,2026-08-26,,,중개거래,개인,개인,
양천구,11470,10100,신정동,311,11470-119,목동신시가지10,,53.82,7,1987,195000,2026-08-09,,,중개거래,개인,개인,
양천구,11470,10100,신정동,312,11470-125,목동신시가지9,,53.82,2,1987,205500,2026-08-29,,,중개거래,개인,개인,
양천구,11470,10100,신정동,312,11470-125,목동신시가지9,,71.37,7,1987,237000,2026-08-07,,,중개거래,개인,개인,
양천구,11470,10100,신정동,318-10,11470-203,삼성쉐르빌,,221.44,27,2003,292000,2026-08-11,,,중개거래,개인,개인,
양천구,11470,10100,신정동,325,11470-120,목동신시가지11,,51.48,5,1988,180000,2026-08-10,,,중개거래,개인,개인,
양천구,11470,10100,신정동,325,11470-120,목동신시가지11,,51.48,7,1988,178000,2026-08-01,,,중개거래,개인,개인,
양천구,11470,10100,신정동,325,11470-120,목동신시가지11,,51.48,8,1988,183500,2026-08-26,,,중개거래,개인,개인,
양천구,11470,10100,신정동,325,11470-120,목동신시가지11,,66.24,12,1988,205000,2026-08-31,,,중개거래,개인,개인,
양천구,11470,10100,신정동,326,11470-121,목동신시가지12,,53.46,11,1988,199000,2026-08-07,,,중개거래,개인,개인,
양천구,11470,10100,신정동,326,11470-121,목동신시가지12,,71.64,7,1988,229000,2026-08-20,,,중개거래,개인,개인,
양천구,11470,10100,신정동,327,11470-122,목동신시가지13,,70.73,10,1987,230000,2026-08-06,,,중개거래,개인,개인,
양천구,11470,10100,신정동,329,11470-123,목동신시가지14,,71.37,14,1987,238000,2026-08-30,,,중개거래,개인,개인,
양천구,11470,10100,신정동,329,11470-123,목동신시가지14,,74.19,13,1987,227500,2026-08-08,,,중개거래,개인,개인,
양천구,11470,10100,신정동,333,11470-117,대림,,84.89,6,1992,154500,2026-08-13,,,중개거래,개인,개인,
양천구,11470,10100,신정동,336,11470-147,청구,,84.99,9,1992,134500,2026-08-25,,,중개거래,개인,개인,
양천구,11470,10100,신정동,337,11470-126,목동우성2,,113.91,6,2000,135000,2026-08-08,,,중개거래,개인,개인,
양천구,11470,10100,신정동,339,11470-149,파인빌,,59.728,7,2001,85000,2026-08-25,,,중개거래,개인,개인,
양천구,11470,10100,신정동,733-31,11470-135,수정,,48.87,2,1987,45000,2026-08-24,,,중개거래,개인,개인,
양천구,11470,10100,신정동,733-31,11470-135,수정,,51.3,2,1987,43000,2026-08-12,,,중개거래,개인,개인,
양천구,11470,10100,신정동,743-2,11470-136,신정6현대,,114.8,19,2000,93000,2026-08-22,,,중개거래,개인,개인,
양천구,11470,10100,신정동,743-2,11470-136,신정6현대,,59.4,18,2000,80900,2026-08-28,,,중개거래,개인,개인,
양천구,11470,10100,신정동,743-2,11470-136,신정6현대,,59.4,8,2000,78800,2026-08-17,,,중개거래,개인,개인,
양천구,11470,10100,신정동,743-2,11470-136,신정6현대,,84.6,7,2000,100000,2026-08-08,,,중개거래,개인,개인,
양천구,11470,10100,신정동,883,11470-143,심미에셈빌,,61.35,7,2001,35000,2026-08-27,,,중개거래,개인,개인,
양천구,11470,10100,신정동,921-11,11470-162,보람쉬움,,54.821,6,2003,68400,2026-08-28,,,중개거래,개인,개인,
양천구,11470,10100,신정동,948-24,11470-141,신호,,59.94,12,1997,70000,2026-08-03,,,중개거래,개인,개인,26.10.01
양천구,11470,10100,신정동,980-5,11470-145,은행,,73.07,1,1995,51000,2026-08-11,,,중개거래,개인,개인,
양천구,11470,10100,신정동,988-5,11470-5733,중앙하이츠목동펠리시티,,65.92,6,2021,105000,2026-08-19,,,중개거래,개인,개인,
양천구,11470,10200,목동,404-13,11470-5141,목동센트럴푸르지오,,118.8208,16,2015,265000,2026-08-08,,,중개거래,개인,개인,
양천구,11470,10200,목동,739-1,11470-4046,목동보미리즌빌,,83.09,7,2006,70000,2026-08-26,,,중개거래,개인,개인,
양천구,11470,10200,목동,763-1,11470-15,목동성원,,84.94,14,2000,141500,2026-08-19,,,중개거래,개인,개인,
양천구,11470,10200,목동,901,11470-17,목동신시가지1,,123.19,1,1985,327000,2026-08-24,,,중개거래,개인,개인,
양천구,11470,10200,목동,902,11470-18,목동신시가지2,,144,11,1986,370000,2026-08-07,,,중개거래,개인,개인,
양천구,11470,10200,목동,903,11470-19,목동신시가지3,,64.98,9,1986,250000,2026-08-19,,,중개거래,개인,개인,
양천구,11470,10200,목동,911,11470-22,목동신시가지6,,47.94,3,1986,228000,2026-08-13,,,중개거래,개인,개인,
양천구,11470,10200,목동,925,11470-23,목동신시가지7,,53.88,11,1986,250000,2026-08-27,,,중개거래,개인,개인,
양천구,11470,10200,목동,925,11470-23,목동신시가지7,,53.88,7,1986,247500,2026-08-06,,,중개거래,개인,개인,
양천구,11470,10200,목동,925,11470-23,목동신시가지7,,66.6,13,1986,271000,2026-08-28,,,중개거래,개인,개인,
양천구,11470,10200,목동,928,11470-2,건영,,84.3,1,1994,83000,2026-08-03,,,중개거래,개인,개인,
양천구,11470,10200,목동,929,11470-46,목동청구한신아파트,,84.76,13,1997,217000,2026-08-21,,,중개거래,개인,개인,
양천구,11470,10200,목동,929,11470-46,목동청구한신아파트,,84.76,14,1997,225000,2026-08-24,,,중개거래,개인,개인,
양천구,11470,10200,목동,929,11470-46,목동청구한신아파트,,84.77,6,1997,220000,2026-08-28,,,중개거래,개인,개인,
양천구,11470,10200,목동,930,11470-48,현대,,57.84,12,1996,158000,2026-08-10,,,중개거래,개인,개인,
양천구,11470,10200,목동,951,11470-271,금호어울림,,120.12,7,2004,164000,2026-08-26,,,중개거래,개인,개인,
양천구,11470,10200,목동,951,11470-271,금호어울림,,120.12,7,2004,164000,2026-08-26,O,26.08.28,중개거래,개인,개인,
양천구,11470,10200,목동,951,11470-271,금호어울림,,133.03,5,2004,169000,2026-08-02,,,중개거래,개인,개인,
양천구,11470,10200,목동,951,11470-271,금호어울림,101,84.93,8,2004,106100,2026-08-03,,,직거래,개인,개인,26.08.03
양천구,11470,10200,목동,956,11470-206,롯데캐슬위너,,84.97,4,2005,154500,2026-08-29,,,중개거래,개인,개인,
양천구,11470,10200,목동,961,11470-4045,하이페리온2,,133.363,13,2006,352000,2026-08-01,,,중개거래,개인,개인,
양천구,11470,10200,목동,962-1,11470-4350,트라팰리스이스턴에비뉴,,124.95,30,2009,300000,2026-08-24,,,중개거래,개인,개인,
양천구,11470,10200,목동,965,11470-5515,목동롯데캐슬마에스트로,,59.9846,6,2019,136500,2026-08-26,,,중개거래,개인,개인,
양천구,11470,10200,목동,966,11470-5595,목동에버하임,,41.06,3,2019,45500,2026-08-12,,,중개거래,개인,개인,
양천구,11470,10300,신월동,1017,11470-201,대방샤인힐,102,59.648,12,2003,54500,2026-08-09,,,중개거래,개인,개인,26.10.02
양천구,11470,10300,신월동,1022,11470-200,벽산블루밍1단지,102,59.9465,6,2003,73000,2026-08-01,,,중개거래,개인,개인,26.10.02
양천구,11470,10300,신월동,1023,11470-361,벽산블루밍2단지,,84.9285,3,2003,89000,2026-08-20,,,중개거래,개인,개인,
양천구,11470,10300,신월동,1025,11470-330,탑건진선미,,83.15,13,2004,62000,2026-08-02,,,중개거래,개인,개인,
양천구,11470,10300,신월동,1027,11470-4025,양천벽산블루밍2단지,203,84.63,11,2006,73000,2026-08-01,,,중개거래,개인,개인,26.09.11
양천구,11470,10300,신월동,1030,11470-333,방주기픈샘,,80.395,3,2004,56850,2026-08-29,,,중개거래,개인,개인,
양천구,11470,10300,신월동,1036,11470-4305,수명산롯데캐슬,,59.98,8,2008,71700,2026-08-28,,,중개거래,개인,개인,
양천구,11470,10300,신월동,1049,11470-4186,장수마을2단지동원데쟈뷰,202,84.01,1,2007,73700,2026-08-03,,,중개거래,개인,개인,26.09.10
양천구,11470,10300,신월동,1053,11470-4378,수명산SKVIEW,,119.98,2,2009,93000,2026-08-04,,,중개거래,개인,개인,
양천구,11470,10300,신월동,1063,11470-4993,롯데캐슬,,59.747,2,2014,110000,2026-08-14,,,중개거래,개인,개인,
양천구,11470,10300,신월동,1063,11470-4993,롯데캐슬,,84.984,1,2014,115900,2026-08-08,,,중개거래,개인,개인,
양천구,11470,10300,신월동,1063,11470-4993,롯데캐슬,,84.984,5,2014,124500,2026-08-01,,,중개거래,개인,개인,
양천구,11470,10300,신월동,1063,11470-4993,롯데캐슬,105,84.984,4,2014,75000,2026-08-06,,,직거래,개인,개인,26.08.13
양천구,11470,10300,신월동,1075,11470-5627,목동센트럴아이파크위브1단지,108,84.98,19,2020,145000,2026-08-03,,,중개거래,개인,개인,26.09.21
양천구,11470,10300,신월동,1076,11470-5628,목동센트럴아이파크위브2단지,,84.98,23,2020,140500,2026-08-29,,,중개거래,개인,개인,
양천구,11470,10300,신월동,1077,11470-5629,목동센트럴아이파크위브3단지,,84.98,6,2020,142000,2026-08-05,,,중개거래,개인,개인,
양천구,11470,10300,신월동,1078,11470-5630,목동센트럴아이파크위브4단지,,59.68,13,2020,130000,2026-08-03,,,중개거래,개인,개인,
양천구,11470,10300,신월동,1085,11470-5852,신목동파라곤,,59.7052,13,2024,97000,2026-08-02,,,중개거래,개인,개인,
양천구,11470,10300,신월동,1085,11470-5852,신목동파라곤,,84.9558,7,2024,119400,2026-08-27,,,중개거래,개인,개인,
양천구,11470,10300,신월동,203-18,11470-4123,주함헤븐105동,105,62.48,5,2007,35000,2026-08-30,,,중개거래,개인,개인,26.09.30
양천구,11470,10300,신월동,217-8,11470-100,해주,,59.59,4,2001,41000,2026-08-13,,,중개거래,개인,개인,
양천구,11470,10300,신월동,218-12,11470-284,동도하이츠,,83.04,4,2004,32000,2026-08-25,,,직거래,개인,개인,26.08.28
양천구,11470,10300,신월동,341-1,11470-67,길훈,,42.57,5,1987,29999,2026-08-01,,,중개거래,개인,개인,
양천구,11470,10300,신월동,341-1,11470-67,길훈,,49.77,3,1987,38800,2026-08-10,,,중개거래,개인,개인,
양천구,11470,10300,신월동,350-2,11470-86,신안파크,,54.5,2,1987,34500,2026-08-25,,,중개거래,개인,개인,
양천구,11470,10300,신월동,416-1,11470-194,보람쉬움1,,69.91,2,2003,57500,2026-08-01,,,중개거래,개인,개인,
양천구,11470,10300,신월동,418-4,11470-286,탑건위너빌,A,74.75,4,2002,45500,2026-08-04,,,중개거래,개인,개인,26.10.02
양천구,11470,10300,신월동,418-4,11470-286,탑건위너빌,B,77.45,6,2002,41500,2026-08-06,,,중개거래,개인,개인,26.09.28
양천구,11470,10300,신월동,429-1,11470-80,성우,,59.97,7,1998,41000,2026-08-06,,,중개거래,개인,개인,
양천구,11470,10300,신월동,452-2,11470-6754,예담파크뷰,,78.5,4,2026,74000,2026-08-28,,,직거래,개인,개인,26.09.17
양천구,11470,10300,신월동,475,11470-79,서울가든,,81,1,1985,60000,2026-08-04,O,26.09.07,중개거래,개인,개인,
양천구,11470,10300,신월동,491-1,11470-87,신월대림,,84.99,1,2001,67000,2026-08-26,,,중개거래,개인,개인,
양천구,11470,10300,신월동,514-3,11470-101,해태,,59.91,12,1999,44700,2026-08-29,,,중개거래,개인,개인,
양천구,11470,10300,신월동,514-3,11470-101,해태,,59.91,5,1999,45000,2026-08-22,,,중개거래,개인,개인,
양천구,11470,10300,신월동,538-4,11470-311,연흥,,54.8,4,2004,33500,2026-08-03,,,중개거래,개인,개인,26.10.06
양천구,11470,10300,신월동,547-5,11470-313,세아쎄닛빌,,66.9,11,2002,45500,2026-08-03,,,중개거래,개인,개인,26.10.06
양천구,11470,10300,신월동,987-1,11470-83,신월시영,,50.67,11,1988,75500,2026-08-28,,,중개거래,개인,개인,
양천구,11470,10300,신월동,987-1,11470-83,신월시영,,50.67,6,1988,77000,2026-08-22,,,중개거래,개인,개인,
양천구,11470,10300,신월동,987-1,11470-83,신월시영,,59.49,9,1988,89000,2026-08-31,,,중개거래,개인,개인,
영등포구,11560,10100,영등포동,647,11560-2,영등포푸르지오,,59.912,19,2002,154000,2026-08-12,,,중개거래,개인,개인,
영등포구,11560,10100,영등포동,647,11560-2,영등포푸르지오,,59.912,2,2002,142500,2026-08-24,,,중개거래,개인,개인,
영등포구,11560,10100,영등포동,647,11560-2,영등포푸르지오,,73.133,11,2002,154800,2026-08-11,,,중개거래,개인,개인,
영등포구,11560,10100,영등포동,647,11560-2,영등포푸르지오,,73.133,12,2002,162000,2026-08-27,,,중개거래,개인,개인,
영등포구,11560,10100,영등포동,647,11560-2,영등포푸르지오,,79.777,21,2002,163000,2026-08-06,,,중개거래,개인,개인,
영등포구,11560,10100,영등포동,647,11560-2,영등포푸르지오,,84.84,3,2002,154900,2026-08-30,,,중개거래,개인,개인,
영등포구,11560,10100,영등포동,649,11560-164,두산위브,,59.8,12,2004,127000,2026-08-15,,,중개거래,개인,개인,
영등포구,11560,10200,영등포동1가,145,11560-1549,내이처해밀,,14.24,11,2012,12300,2026-08-21,,,직거래,법인,개인,26.08.26
영등포구,11560,10200,영등포동1가,92-3,11560-2281,여의도이튼브라운,,18.89,17,2022,32000,2026-08-29,,,중개거래,개인,개인,
영등포구,11560,10200,영등포동1가,92-3,11560-2281,여의도이튼브라운,,28.86,14,2022,48500,2026-08-06,,,중개거래,개인,개인,
영등포구,11560,10200,영등포동1가,92-3,11560-2281,여의도이튼브라운,,28.86,20,2022,49000,2026-08-29,,,중개거래,개인,개인,
영등포구,11560,10200,영등포동1가,94-2,11560-2153,여의도더리브스타일,102동,14.8376,9,2020,18100,2026-08-26,,,중개거래,개인,개인,26.09.02
영등포구,11560,10300,영등포동2가,139,11560-2270,여의도리미티오148,,24.3859,12,2022,32000,2026-08-25,,,중개거래,개인,개인,
영등포구,11560,10600,영등포동5가,24,11560-4,동남,,84.1,4,1971,99000,2026-08-24,,,중개거래,개인,개인,
영등포구,11560,10600,영등포동5가,49-1,11560-5,현대프라자,,68.06,3,1999,69000,2026-08-27,,,중개거래,개인,개인,
영등포구,11560,10800,영등포동7가,203,11560-1955,아크로타워스퀘어,,59.7,19,2017,181000,2026-08-20,,,중개거래,개인,개인,
영등포구,11560,10800,영등포동7가,203,11560-1955,아크로타워스퀘어,,59.7,3,2017,179000,2026-08-30,,,중개거래,개인,개인,
영등포구,11560,10800,영등포동7가,203,11560-1955,아크로타워스퀘어,,84.65,19,2017,218000,2026-08-04,,,중개거래,개인,개인,
영등포구,11560,10800,영등포동7가,203,11560-1955,아크로타워스퀘어,,84.69,2,2017,180000,2026-08-08,,,중개거래,개인,개인,
영등포구,11560,10800,영등포동7가,208,11560-2164,포레나영등포센트럴,102동,29.8886,16,2020,66000,2026-08-03,,,중개거래,개인,개인,26.09.30
영등포구,11560,10800,영등포동7가,29-130,11560-1449,근상프리즘,,82.79,5,2010,63000,2026-08-05,,,중개거래,개인,개인,
영등포구,11560,10800,영등포동7가,46-1,11560-6,경남아너스빌,,59.9,20,1998,137000,2026-08-22,,,중개거래,개인,개인,
영등포구,11560,10900,영등포동8가,91,11560-153,당산푸르지오,,84.98,4,2004,181000,2026-08-27,,,중개거래,개인,개인,
영등포구,11560,11000,여의도동,30,11560-12,목화,,89.26,12,1977,295000,2026-08-01,O,26.09.28,중개거래,개인,개인,
영등포구,11560,11000,여의도동,30,11560-12,목화,2,89.26,12,1977,295000,2026-08-01,,,중개거래,개인,개인,26.09.28
영등포구,11560,11000,여의도동,30-2,11560-15,삼부,,177.09,15,1975,545000,2026-08-06,,,중개거래,개인,개인,
영등포구,11560,11000,여의도동,30-2,11560-15,삼부,,77.69,5,1975,328000,2026-08-12,,,중개거래,개인,개인,
영등포구,11560,11000,여의도동,30-2,11560-15,삼부,,77.69,5,1975,328000,2026-08-12,,,중개거래,개인,개인,
영등포구,11560,11000,여의도동,30-2,11560-15,삼부,2,135.8,10,1975,360000,2026-08-26,,,직거래,개인,개인,26.08.26
영등포구,11560,11000,여의도동,32,11560-18,수정,씨,74.55,7,1976,240000,2026-08-13,,,중개거래,개인,개인,26.10.06
영등포구,11560,11000,여의도동,36,11560-168,롯데캐슬엠파이어,,107.58,8,2005,260000,2026-08-28,,,중개거래,개인,개인,
영등포구,11560,11000,여의도동,37,11560-13,미성,디동,101.29,8,1978,310000,2026-08-06,,,중개거래,개인,개인,26.09.29
영등포구,11560,11000,여의도동,41,11560-10,대교,,95.5,3,1975,305000,2026-08-14,,,중개거래,개인,개인,
영등포구,11560,11000,여의도동,41,11560-10,대교,,95.5,7,1975,340000,2026-08-10,,,중개거래,개인,개인,
영등포구,11560,11000,여의도동,41,11560-10,대교,3,95.5,11,1975,318500,2026-08-21,,,직거래,법인,개인,26.08.27
영등포구,11560,11000,여의도동,42,11560-26,한양,,105.72,2,1975,300000,2026-08-21,,,중개거래,개인,개인,
영등포구,11560,11000,여의도동,43-4,11560-1247,롯데캐슬아이비,,113.59,3,2005,260000,2026-08-21,,,중개거래,개인,개인,
영등포구,11560,11000,여의도동,50,11560-20,시범,,118.12,6,1971,365000,2026-08-03,,,중개거래,개인,개인,
영등포구,11560,11000,여의도동,51,11560-16,삼익,,123.27,7,1974,299900,2026-08-27,,,중개거래,개인,개인,
영등포구,11560,11100,당산동1가,16-1,11560-29,진로,,84.87,20,1997,164700,2026-08-22,,,중개거래,개인,개인,
영등포구,11560,11200,당산동2가,16-1,11560-152,당산대우,,31.73,2,1999,34500,2026-08-11,,,중개거래,개인,개인,
영등포구,11560,11200,당산동2가,16-1,11560-152,당산대우,,32.62,24,1999,41500,2026-08-20,,,중개거래,개인,개인,
영등포구,11560,11200,당산동2가,16-1,11560-152,당산대우,,45.55,14,1999,59000,2026-08-28,,,중개거래,개인,개인,
영등포구,11560,11200,당산동2가,16-1,11560-152,당산대우,,45.55,7,1999,59800,2026-08-19,,,중개거래,개인,개인,
영등포구,11560,11200,당산동2가,164,11560-31,당산2가현대홈타운,,82.77,14,1994,155000,2026-08-28,,,중개거래,개인,개인,
영등포구,11560,11300,당산동3가,2-6,11560-34,당산한양,,84.93,8,1986,162500,2026-08-11,,,중개거래,개인,개인,
영등포구,11560,11300,당산동3가,561,11560-139,동부센트레빌,,82.19,20,2003,166000,2026-08-03,,,중개거래,개인,개인,
영등포구,11560,11300,당산동3가,561,11560-139,동부센트레빌,,82.19,20,2003,166000,2026-08-03,O,26.09.09,중개거래,개인,개인,
영등포구,11560,11300,당산동3가,564,11560-1682,당산계룡리슈빌1단지,,40.154,16,2014,75000,2026-08-28,,,중개거래,개인,개인,
영등포구,11560,11300,당산동3가,565,11560-1689,당산계룡리슈빌3단지,,49.987,15,2014,89000,2026-08-03,,,중개거래,개인,개인,
영등포구,11560,11400,당산동4가,30-1,11560-40,당산현대5차,,84.69,24,2000,190000,2026-08-14,,,중개거래,개인,개인,
영등포구,11560,11400,당산동4가,30-1,11560-40,당산현대5차,,84.69,25,2000,194300,2026-08-29,,,중개거래,개인,개인,
영등포구,11560,11400,당산동4가,88,11560-38,당산현대3차,,73.27,1,1988,154000,2026-08-08,,,중개거래,개인,개인,
영등포구,11560,11400,당산동4가,88,11560-38,당산현대3차,106,84.93,2,1988,182000,2026-08-20,,,중개거래,개인,개인,26.09.22
영등포구,11560,11400,당산동4가,94-1,11560-35,당산삼성2차,,59.76,14,1997,143700,2026-08-29,,,중개거래,개인,개인,
영등포구,11560,11400,당산동4가,94-1,11560-35,당산삼성2차,,84.93,8,1997,163700,2026-08-29,,,중개거래,개인,개인,
영등포구,11560,11400,당산동4가,96,11560-1446,당산반도유보라팰리스,,157.87,6,2010,193000,2026-08-13,,,중개거래,개인,개인,
영등포구,11560,11400,당산동4가,96,11560-1446,당산반도유보라팰리스,106,127.09,10,2010,199500,2026-08-26,,,중개거래,개인,개인,26.09.15
영등포구,11560,11400,당산동4가,99,11560-2004,당산롯데캐슬프레스티지,,84.99,11,2017,190000,2026-08-29,,,중개거래,개인,개인,
영등포구,11560,11500,당산동5가,40,11560-44,성원,,84.96,9,1997,147500,2026-08-07,,,중개거래,개인,개인,
영등포구,11560,11500,당산동5가,42,11560-138,당산삼성래미안4차,,115.78,3,2003,233000,2026-08-24,,,중개거래,개인,개인,
영등포구,11560,11500,당산동5가,7-2,11560-45,유원제일2차,,123.76,3,1984,228000,2026-08-19,,,중개거래,개인,개인,
영등포구,11560,11700,당산동,121-200,11560-1564,휴브리지빌딩,1,17.11,8,2012,13500,2026-08-31,,,중개거래,개인,개인,26.09.01
영등포구,11560,11700,당산동,121-200,11560-1564,휴브리지빌딩,1,17.11,8,2012,14170,2026-08-31,,,중개거래,개인,개인,26.09.16
영등포구,11560,12000,문래동2가,35,11560-56,남성,,58.52,5,1983,117000,2026-08-18,,,중개거래,개인,개인,
영등포구,11560,12000,문래동2가,35,11560-56,남성,,58.52,5,1983,118000,2026-08-11,,,중개거래,개인,개인,
영등포구,11560,12000,문래동2가,35,11560-56,남성,,58.52,5,1983,118000,2026-08-11,O,26.09.30,중개거래,개인,개인,
영등포구,11560,12100,문래동3가,54,11560-60,문래자이,,121.53,1,2001,208000,2026-08-31,,,중개거래,개인,개인,
영등포구,11560,12100,문래동3가,54,11560-60,문래자이,,84.98,20,2001,195000,2026-08-11,,,중개거래,개인,개인,
영등포구,11560,12100,문래동3가,77-2,11560-62,문래공원한신,1,58.96,6,1988,130800,2026-08-06,,,중개거래,개인,개인,26.10.01
영등포구,11560,12100,문래동3가,78,11560-61,문래우정,,59.76,14,1998,106000,2026-08-31,,,중개거래,개인,개인,
영등포구,11560,12100,문래동3가,93-1,11560-58,문래건영,,59.4,8,1998,119000,2026-08-07,,,중개거래,개인,개인,
영등포구,11560,12100,문래동3가,93-1,11560-58,문래건영,,84.87,4,1998,108000,2026-08-28,,,중개거래,개인,개인,
영등포구,11560,12100,문래동3가,94,11560-137,문래힐스테이트,,119.47,21,2003,196000,2026-08-12,,,중개거래,개인,개인,
영등포구,11560,12300,문래동5가,14,11560-64,문래두산위브,,65.46,1,1988,115000,2026-08-27,,,중개거래,개인,개인,
영등포구,11560,12300,문래동5가,21,11560-67,현대3차,,84.36,6,1991,103000,2026-08-13,,,중개거래,개인,개인,
영등포구,11560,12300,문래동5가,21,11560-67,현대3차,,84.36,9,1991,109000,2026-08-30,,,중개거래,개인,개인,
영등포구,11560,12400,문래동6가,45,11560-75,현대2차,,41.04,2,1987,81700,2026-08-05,,,중개거래,개인,개인,
영등포구,11560,12400,문래동6가,47-1,11560-69,대원,,59.99,7,1998,99500,2026-08-09,,,중개거래,개인,개인,
영등포구,11560,12400,문래동6가,55-1,11560-77,현대6차,,50.55,11,1997,94000,2026-08-08,,,중개거래,개인,개인,
영등포구,11560,12400,문래동6가,55-1,11560-77,현대6차,,50.55,11,1997,94000,2026-08-08,O,26.09.10,중개거래,개인,개인,
영등포구,11560,12400,문래동6가,56-1,11560-71,미주프라자,,59.94,13,1998,60000,2026-08-21,,,중개거래,개인,개인,
영등포구,11560,12400,문래동6가,58,11560-2150,e편한세상 문래 에듀플라츠,,59.9854,8,2020,130000,2026-08-11,,,중개거래,개인,개인,
영등포구,11560,12500,양평동1가,271,11560-2186,영등포중흥에스클래스,,28.97,11,2021,52000,2026-08-11,,,중개거래,개인,개인,
영등포구,11560,12600,양평동2가,23,11560-81,양평벽산블루밍,,51.24,11,1990,98500,2026-08-27,,,중개거래,개인,개인,
영등포구,11560,12600,양평동2가,23,11560-81,양평벽산블루밍,,59.58,15,1990,109700,2026-08-10,,,중개거래,개인,개인,
영등포구,11560,12700,양평동3가,55-1,11560-89,경남아너스빌,,59.9,13,1998,94000,2026-08-18,,,중개거래,개인,개인,
영등포구,11560,12700,양평동3가,55-1,11560-89,경남아너스빌,,84.92,11,1998,117000,2026-08-11,,,중개거래,개인,개인,
영등포구,11560,12700,양평동3가,66,11560-88,삼호,,59.96,14,1998,103000,2026-08-07,,,중개거래,개인,개인,
영등포구,11560,12700,양평동3가,66,11560-88,삼호,,84.92,2,1998,104700,2026-08-09,,,중개거래,개인,개인,
영등포구,11560,12800,양평동4가,12,11560-95,성원,,84.66,7,1993,136900,2026-08-03,,,중개거래,개인,개인,
영등포구,11560,12900,양평동5가,76,11560-98,양평한신,,59.94,18,1996,140700,2026-08-27,,,중개거래,개인,개인,
영등포구,11560,12900,양평동5가,76,11560-98,양평한신,,84.87,8,1996,164500,2026-08-07,,,중개거래,개인,개인,
영등포구,11560,13200,신길동,1343,11560-117,대방전철,,45.98,2,1976,102000,2026-08-28,,,중개거래,개인,개인,
영등포구,11560,13200,신길동,261-22,11560-1609,신길레전드힐스,레전드힐스,13.74,15,2013,10000,2026-08-25,,,중개거래,개인,개인,26.08.27
영등포구,11560,13200,신길동,365,11560-111,우성1,,49.64,10,1986,105500,2026-08-16,,,중개거래,개인,개인,
영등포구,11560,13200,신길동,389,11560-148,대성유니드,,83.5,11,2003,76000,2026-08-13,,,중개거래,개인,개인,
영등포구,11560,13200,신길동,4518,11560-112,우성2,,84.47,2,1986,157000,2026-08-15,,,중개거래,개인,개인,
영등포구,11560,13200,신길동,480,11560-149,EL샤틀레,,84.94,4,2003,81500,2026-08-14,,,중개거래,개인,개인,
영등포구,11560,13200,신길동,4934,11560-107,삼성래미안,,59.33,8,2001,127000,2026-08-26,,,중개거래,개인,개인,
영등포구,11560,13200,신길동,4934,11560-107,삼성래미안,,59.33,8,2001,127000,2026-08-26,O,26.09.29,중개거래,개인,개인,
영등포구,11560,13200,신길동,4935,11560-109,신기목련아파트,,59.4,3,2000,70000,2026-08-07,,,중개거래,개인,개인,
영등포구,11560,13200,신길동,4937,11560-1382,포레나 신길,,101.9112,7,2008,162000,2026-08-27,,,중개거래,개인,개인,
영등포구,11560,13200,신길동,4937,11560-1382,포레나 신길,,84.5802,1,2008,143000,2026-08-08,,,중개거래,개인,개인,
영등포구,11560,13200,신길동,4943,11560-1626,선원가와인,,80.434,15,2013,70000,2026-08-11,O,26.09.02,직거래,개인,개인,
영등포구,11560,13200,신길동,4950,11560-2006,래미안에스티움,103동,84.97,23,2017,192000,2026-08-26,,,중개거래,개인,개인,26.10.02
영등포구,11560,13200,신길동,4955,11560-2071,신길센트럴아이파크,,84.98,7,2019,175700,2026-08-07,,,중개거래,개인,개인,
영등포구,11560,13200,신길동,4958,11560-2113,보라매에스케이뷰,,84.98,1,2020,185500,2026-08-29,,,중개거래,개인,개인,
영등포구,11560,13200,신길동,4958,11560-2113,보라매에스케이뷰,,84.98,6,2020,202000,2026-08-31,,,중개거래,개인,개인,
영등포구,11560,13200,신길동,4964,11560-2118,신길센트럴자이아파트,,59.98,9,2021,179000,2026-08-14,,,중개거래,개인,개인,
영등포구,11560,13200,신길동,4967,11560-2171,신길파크자이,,59.95,3,2022,110000,2026-08-25,,,중개거래,개인,개인,
영등포구,11560,13200,신길동,4969,11560-2151,힐스테이트클래시안,,42.68,9,2020,110000,2026-08-10,,,중개거래,개인,개인,
영등포구,11560,13200,신길동,4969,11560-2151,힐스테이트클래시안,106,59.91,11,2020,180000,2026-08-08,,,중개거래,개인,개인,26.09.30
영등포구,11560,13200,신길동,65-21,11560-1639,프리가,1,13.66,14,2013,13500,2026-08-26,,,중개거래,개인,개인,26.10.02
영등포구,11560,13200,신길동,67-1,11560-102,경남,,114.97,6,1999,137500,2026-08-28,,,중개거래,개인,개인,
영등포구,11560,13200,신길동,67-1,11560-102,경남,,84.96,4,1999,126000,2026-08-01,,,중개거래,개인,개인,
영등포구,11560,13200,신길동,69-20,11560-2082,루나플라체,,10.78,13,2019,15000,2026-08-19,,,중개거래,개인,개인,26.08.28
영등포구,11560,13200,신길동,769-1,11560-118,한성,,59.87,21,1997,128000,2026-08-06,,,중개거래,개인,개인,
영등포구,11560,13200,신길동,769-1,11560-118,한성,,59.87,3,1997,125500,2026-08-25,,,중개거래,개인,개인,
영등포구,11560,13200,신길동,897-1,11560-108,삼환,,59.53,12,1997,133000,2026-08-05,,,중개거래,개인,개인,
영등포구,11560,13200,신길동,897-1,11560-108,삼환,,59.53,17,1997,128500,2026-08-14,,,중개거래,개인,개인,
영등포구,11560,13200,신길동,897-1,11560-108,삼환,,59.53,17,1997,134400,2026-08-27,,,중개거래,개인,개인,
영등포구,11560,13200,신길동,897-1,11560-108,삼환,,84.83,9,1997,142500,2026-08-25,,,중개거래,개인,개인,
영등포구,11560,13200,신길동,897-1,11560-108,삼환,,84.84,11,1997,145000,2026-08-29,,,중개거래,개인,개인,
영등포구,11560,13200,신길동,897-1,11560-108,삼환,,84.84,18,1997,141000,2026-08-21,,,중개거래,개인,개인,
영등포구,11560,13200,신길동,897-1,11560-108,삼환,,84.84,22,1997,143000,2026-08-10,,,중개거래,개인,법인,
영등포구,11560,13300,대림동,1061,11560-122,문영칸타빌레,,84.89,12,2001,65000,2026-08-10,,,중개거래,개인,개인,
영등포구,11560,13300,대림동,1115-1,11560-130,성원(1115-1),,73.14,5,1997,62500,2026-08-29,,,중개거래,개인,개인,
영등포구,11560,13300,대림동,1122,11560-1351,신대림자이2단지,신대림자이201,84.63,9,2007,98000,2026-08-05,,,중개거래,개인,개인,26.09.21
영등포구,11560,13300,대림동,1123,11560-1398,한솔솔파크,105,84.89,10,2008,98000,2026-08-05,,,중개거래,개인,개인,26.09.10
영등포구,11560,13300,대림동,1127,11560-2141,e편한세상영등포아델포레,,59.968,13,2020,144500,2026-08-18,,,중개거래,개인,개인,
영등포구,11560,13300,대림동,1127,11560-2141,e편한세상영등포아델포레,,84.9948,11,2020,165000,2026-08-07,,,중개거래,개인,개인,
영등포구,11560,13300,대림동,1132,11560-2267,영등포자이르네,101동,49.01,17,2022,51700,2026-08-22,,,직거래,개인,개인,26.08.25
영등포구,11560,13300,대림동,1132,11560-2267,영등포자이르네,101동,49.01,3,2022,66900,2026-08-11,,,중개거래,개인,개인,26.09.22
영등포구,11560,13300,대림동,608-1,11560-133,현대3차,,43.92,1,1997,70000,2026-08-30,,,중개거래,개인,개인,
영등포구,11560,13300,대림동,696,11560-131,우성1,,62.37,6,1985,79000,2026-08-29,,,중개거래,개인,개인,
영등포구,11560,13300,대림동,696,11560-131,우성1,,83.59,9,1985,101500,2026-08-15,,,중개거래,개인,개인,
영등포구,11560,13300,대림동,717,11560-1602,쌍용플래티넘S,1,18.24,3,2013,9200,2026-08-27,,,중개거래,개인,개인,26.09.14
영등포구,11560,13300,대림동,717,11560-1602,쌍용플래티넘S,1,18.24,6,2013,9000,2026-08-10,,,중개거래,개인,개인,26.08.18
영등포구,11560,13300,대림동,717,11560-1602,쌍용플래티넘S,1,18.24,8,2013,10600,2026-08-11,,,중개거래,개인,개인,26.08.11
영등포구,11560,13300,대림동,717,11560-1602,쌍용플래티넘S,1,18.24,9,2013,11000,2026-08-29,,,중개거래,개인,개인,26.09.04
영등포구,11560,13300,대림동,785,11560-128,현대2,,84.74,14,1992,102000,2026-08-22,,,중개거래,개인,개인,
영등포구,11560,13300,대림동,785-1,11560-132,현대1,,84.75,5,1992,89000,2026-08-07,,,중개거래,개인,개인,
영등포구,11560,13300,대림동,887-1,11560-119,한신휴1차,,84.93,11,1998,74800,2026-08-08,,,중개거래,개인,개인,
영등포구,11560,13300,대림동,946-1,11560-120,대림현대,,59.76,9,1999,69800,2026-08-05,,,중개거래,개인,개인,
영등포구,11560,13300,대림동,946-1,11560-120,대림현대,,84.96,11,1999,90000,2026-08-29,,,중개거래,개인,개인,
용산구,11170,10200,용산동2가,47-17,11170-7,한신,,81.7,4,1981,118000,2026-08-08,,,중개거래,개인,개인,
용산구,11170,11200,원효로1가,17-66,11170-2552,로얄카운티-3,,130.93,4,2007,144000,2026-08-21,,,직거래,개인,개인,26.09.04
용산구,11170,11500,산천동,193,11170-138,리버힐삼성,,59.55,9,2001,163000,2026-08-13,,,중개거래,개인,개인,
용산구,11170,11500,산천동,193,11170-138,리버힐삼성,,84.98,19,2001,195000,2026-08-13,,,중개거래,개인,개인,
용산구,11170,11900,효창동,274,11170-2821,효창파크푸르지오,,59.47,16,2010,185000,2026-08-28,,,중개거래,개인,개인,
용산구,11170,11900,효창동,288,11170-3413,용산데시앙포레,,84.9003,5,2022,190000,2026-08-28,,,중개거래,개인,개인,
용산구,11170,11900,효창동,3-4,11170-19,효창로즈,,84.81,2,2001,90000,2026-08-21,,,중개거래,개인,개인,
용산구,11170,12000,도원동,23,11170-27,삼성래미안,,114.99,15,2001,208000,2026-08-24,,,중개거래,개인,개인,
용산구,11170,12000,도원동,23,11170-27,삼성래미안,111,59.94,11,2001,165100,2026-08-16,,,중개거래,개인,개인,26.10.02
용산구,11170,12000,도원동,23,11170-27,삼성래미안,115,59.94,13,2001,168000,2026-08-13,,,중개거래,개인,개인,26.10.01
용산구,11170,12200,문배동,17-1,11170-191,지오베르크,,76.1,5,2004,124000,2026-08-22,,,중개거래,개인,개인,
용산구,11170,12200,문배동,17-1,11170-191,지오베르크,,84.99,10,2004,134000,2026-08-22,,,중개거래,개인,개인,
용산구,11170,12200,문배동,24-4,11170-2913,용산큐브,,13.01,14,2013,18000,2026-08-27,,,중개거래,개인,개인,26.09.02
용산구,11170,12200,문배동,24-4,11170-2913,용산큐브,,13.01,15,2013,18000,2026-08-03,,,중개거래,개인,개인,26.08.12
용산구,11170,12200,문배동,24-6,11170-2497,CJ나인파크,,97.24,23,2007,187000,2026-08-03,,,중개거래,개인,개인,
용산구,11170,12200,문배동,3-3,11170-2496,이안용산프리미어,,84.98,28,2007,168000,2026-08-14,,,중개거래,개인,개인,
용산구,11170,12300,신계동,48,11170-2843,용산e편한세상,,59.64,8,2011,209000,2026-08-08,,,중개거래,개인,개인,
용산구,11170,12800,한강로3가,63-389,11170-2522,용산시티파크(1단지),,181.89,10,2007,425000,2026-08-20,,,중개거래,개인,개인,
용산구,11170,12800,한강로3가,65-500,11170-32,철우,,68.76,3,1978,170000,2026-08-14,,,중개거래,개인,개인,
용산구,11170,12800,한강로3가,65-7,11170-2865,시티하우스,,19.9,2,2011,20500,2026-08-05,,,중개거래,개인,개인,26.08.07
용산구,11170,12900,이촌동,193-3,11170-33,강변,,61.26,6,1971,129000,2026-08-21,,,중개거래,개인,개인,
용산구,11170,12900,이촌동,300-27,11170-44,리버뷰,,138.94,8,1970,170000,2026-08-29,,,중개거래,개인,개인,
용산구,11170,12900,이촌동,399-1,11170-54,우성,,58.2,15,1995,227000,2026-08-22,,,중개거래,개인,개인,
용산구,11170,12900,이촌동,402,11170-35,강촌,,59.12,19,1998,245000,2026-08-05,,,중개거래,개인,개인,
용산구,11170,12900,이촌동,404,11170-66,한가람,,59.88,21,1998,244000,2026-08-01,,,중개거래,개인,개인,
용산구,11170,12900,이촌동,404,11170-66,한가람,,59.88,21,1998,244000,2026-08-01,O,26.09.02,중개거래,개인,개인,
용산구,11170,12900,이촌동,404,11170-66,한가람,,59.88,21,1998,249000,2026-08-03,,,중개거래,개인,개인,
용산구,11170,12900,이촌동,412,11170-55,이촌코오롱(A),,59.82,14,1999,250000,2026-08-07,,,중개거래,개인,개인,
용산구,11170,12900,이촌동,412,11170-55,이촌코오롱(A),,59.82,3,1999,224500,2026-08-22,,,중개거래,개인,개인,
용산구,11170,12900,이촌동,412,11170-55,이촌코오롱(A),,84.78,4,1999,267000,2026-08-05,,,중개거래,개인,개인,
용산구,11170,12900,이촌동,415,11170-67,한강(대우),,134.13,13,2000,320000,2026-08-05,,,중개거래,개인,개인,
용산구,11170,12900,이촌동,415,11170-67,한강(대우),,84.98,13,2000,270000,2026-08-31,,,중개거래,개인,개인,
용산구,11170,12900,이촌동,422,11170-47,북한강(성원),,59.55,7,2001,211000,2026-08-29,,,중개거래,개인,개인,
용산구,11170,12900,이촌동,434,11170-2310,동원베네스트,102,84.973,4,2005,144100,2026-08-21,,,직거래,개인,개인,26.08.28
용산구,11170,13000,이태원동,124-12,11170-282,메이(124-12),,104.4,5,2002,140000,2026-08-25,,,중개거래,개인,개인,
용산구,11170,13000,이태원동,22-2,11170-77,청화1,,105.75,5,1982,302500,2026-08-26,,,중개거래,개인,개인,
용산구,11170,13100,한남동,802,11170-82,리버탑,,84.77,7,2001,170000,2026-08-27,,,중개거래,개인,개인,
용산구,11170,13100,한남동,809,11170-2346,대성이태리하우스,,84.5,2,2006,177000,2026-08-26,,,중개거래,개인,개인,
용산구,11170,13100,한남동,828,11170-3107,한남아이파크애비뉴,,49.6971,17,2017,99000,2026-08-21,,,중개거래,개인,개인,
용산구,11170,13100,한남동,829,11170-3240,나인원한남,,273.4125,1,2019,2550000,2026-08-27,,,중개거래,개인,개인,
용산구,11170,13100,한남동,829,11170-3240,나인원한남,,273.4125,1,2019,2630000,2026-08-27,,,중개거래,개인,개인,
용산구,11170,13300,서빙고동,241-21,11170-131,신동아,,166.98,12,1984,493000,2026-08-31,,,중개거래,개인,개인,
용산구,11170,13300,서빙고동,241-21,11170-131,신동아,,166.98,9,1984,475000,2026-08-10,,,중개거래,개인,개인,
용산구,11170,13300,서빙고동,241-21,11170-131,신동아,14,166.98,9,1984,421010,2026-08-05,,,직거래,개인,개인,26.08.07
용산구,11170,13600,보광동,151,11170-133,리버빌(삼성),,84.74,5,2000,220000,2026-08-02,,,중개거래,개인,개인,
은평구,11380,10100,수색동,415-1,11380-100,e편한세상 수색 에코포레,,114.18,4,2003,88500,2026-08-13,,,중개거래,개인,개인,
은평구,11380,10100,수색동,415-1,11380-100,e편한세상 수색 에코포레,,59.895,1,2003,73000,2026-08-17,,,중개거래,개인,개인,
은평구,11380,10100,수색동,415-1,11380-100,e편한세상 수색 에코포레,,59.895,14,2003,78500,2026-08-29,,,중개거래,개인,개인,
은평구,11380,10100,수색동,415-1,11380-100,e편한세상 수색 에코포레,,84.951,10,2003,90000,2026-08-12,,,중개거래,개인,개인,
은평구,11380,10100,수색동,415-1,11380-100,e편한세상 수색 에코포레,112,59.895,15,2003,80400,2026-08-08,,,중개거래,개인,개인,26.10.01
은평구,11380,10100,수색동,415-1,11380-100,e편한세상 수색 에코포레,112,59.895,2,2003,72800,2026-08-10,,,중개거래,개인,개인,26.10.06
은평구,11380,10100,수색동,416-1,11380-173,DMC 진흥,,57.5033,6,2003,79000,2026-08-15,,,중개거래,개인,개인,
은평구,11380,10100,수색동,417,11380-11086,DMC롯데캐슬더퍼스트,,59.96,4,2021,123000,2026-08-11,,,중개거래,개인,개인,
은평구,11380,10100,수색동,419,11380-11600,DMCSK뷰아이파크포레,,39.97,10,2025,70000,2026-08-12,,,중개거래,개인,개인,
은평구,11380,10100,수색동,419,11380-11600,DMCSK뷰아이파크포레,,59.96,4,2025,121500,2026-08-11,,,중개거래,개인,개인,
은평구,11380,10100,수색동,419,11380-11600,DMCSK뷰아이파크포레,,76.65,6,2025,130000,2026-08-10,,,중개거래,개인,개인,
은평구,11380,10100,수색동,419,11380-11600,DMCSK뷰아이파크포레,,76.65,7,2025,130000,2026-08-06,,,중개거래,개인,개인,
은평구,11380,10100,수색동,419,11380-11600,DMCSK뷰아이파크포레,104,39.97,4,2025,66000,2026-08-05,,,중개거래,개인,개인,26.10.02
은평구,11380,10100,수색동,419,11380-11600,DMCSK뷰아이파크포레,105,39.97,5,2025,67000,2026-08-01,,,중개거래,개인,개인,26.10.02
은평구,11380,10100,수색동,431,11380-11599,DMC파인시티자이,,59.98,1,2025,125000,2026-08-14,,,중개거래,개인,개인,
은평구,11380,10100,수색동,431,11380-11599,DMC파인시티자이,,59.98,2,2025,126000,2026-08-03,,,중개거래,개인,개인,
은평구,11380,10100,수색동,431,11380-11599,DMC파인시티자이,,59.98,2,2025,129000,2026-08-14,,,중개거래,개인,개인,
은평구,11380,10100,수색동,431,11380-11599,DMC파인시티자이,,59.98,3,2025,127000,2026-08-01,,,중개거래,개인,개인,
은평구,11380,10100,수색동,431,11380-11599,DMC파인시티자이,,84.94,20,2025,162000,2026-08-01,,,중개거래,개인,개인,
은평구,11380,10100,수색동,432,11380-11598,DMC아트포레자이,,59.9,5,2026,129000,2026-08-14,,,중개거래,개인,개인,
은평구,11380,10100,수색동,75,11380-8443,DMC자이1단지,,116.92,4,2009,123500,2026-08-16,,,중개거래,개인,개인,
은평구,11380,10200,녹번동,183-2,11380-11029,거장메카,,39.51,8,2019,40000,2026-08-27,,,중개거래,개인,개인,
은평구,11380,10200,녹번동,183-2,11380-11029,거장메카,,40.97,14,2019,45900,2026-08-27,,,중개거래,개인,개인,
은평구,11380,10200,녹번동,183-2,11380-11029,거장메카,,40.97,6,2019,46800,2026-08-18,,,중개거래,개인,개인,
은평구,11380,10200,녹번동,276,11380-2,대림아파트(276),,84.94,14,1993,85000,2026-08-17,,,중개거래,개인,개인,
은평구,11380,10200,녹번동,279-1,11380-3,해주드림빌,,106.54,14,2001,88500,2026-08-19,,,중개거래,개인,개인,
은평구,11380,10200,녹번동,280-1,11380-6,녹번JR아파트,,59.866,1,2002,70500,2026-08-26,,,중개거래,개인,개인,
은평구,11380,10200,녹번동,280-1,11380-6,녹번JR아파트,,59.866,14,2002,78000,2026-08-06,,,중개거래,개인,개인,
은평구,11380,10200,녹번동,280-1,11380-6,녹번JR아파트,,59.866,5,2002,50000,2026-08-23,,,직거래,개인,개인,
은평구,11380,10200,녹번동,281,11380-10020,북한산푸르지오,,84.99,11,2015,129000,2026-08-01,,,중개거래,개인,개인,
은평구,11380,10200,녹번동,282,11380-10967,힐스테이트녹번,,59.938,1,2019,122000,2026-08-14,,,중개거래,개인,개인,
은평구,11380,10200,녹번동,282,11380-10967,힐스테이트녹번,,59.938,19,2019,132000,2026-08-29,,,중개거래,개인,개인,
은평구,11380,10200,녹번동,282,11380-10967,힐스테이트녹번,,59.938,8,2019,126000,2026-08-15,,,중개거래,개인,개인,
은평구,11380,10200,녹번동,283,11380-11015,래미안베라힐즈,,59.99,5,2019,121900,2026-08-25,,,중개거래,개인,개인,
은평구,11380,10300,불광동,248,11380-11,라이프미성,,125.75,6,1988,123000,2026-08-21,,,중개거래,개인,개인,
은평구,11380,10300,불광동,248,11380-11,라이프미성,,66.7,3,1988,85500,2026-08-08,,,중개거래,개인,개인,
은평구,11380,10300,불광동,248,11380-11,라이프미성,,66.7,3,1988,89000,2026-08-28,,,중개거래,개인,개인,
은평구,11380,10300,불광동,248,11380-11,라이프미성,,66.7,3,1988,90400,2026-08-17,,,중개거래,개인,개인,
은평구,11380,10300,불광동,248,11380-11,라이프미성,,66.7,5,1988,94000,2026-08-22,,,중개거래,개인,개인,
은평구,11380,10300,불광동,248,11380-11,라이프미성,,66.7,8,1988,92000,2026-08-15,,,중개거래,개인,개인,
은평구,11380,10300,불광동,248,11380-11,라이프미성,,84.65,12,1988,104800,2026-08-19,,,중개거래,개인,개인,
은평구,11380,10300,불광동,248,11380-11,라이프미성,,84.65,12,1988,105000,2026-08-15,,,중개거래,개인,개인,
은평구,11380,10300,불광동,248,11380-11,라이프미성,3,66.7,10,1988,85500,2026-08-05,,,직거래,개인,개인,26.09.15
은평구,11380,10300,불광동,629,11380-174,대호아파트,,59.7,1,1999,53000,2026-08-01,,,중개거래,개인,개인,
은평구,11380,10300,불광동,629,11380-174,대호아파트,,59.7,7,1999,57800,2026-08-19,,,중개거래,개인,개인,
은평구,11380,10300,불광동,631-1,11380-10,대호프라자아파트,,41.22,2,2000,29500,2026-08-18,,,중개거래,개인,개인,
은평구,11380,10300,불광동,631-1,11380-10,대호프라자아파트,,59.97,4,2000,63000,2026-08-06,,,중개거래,개인,개인,
은평구,11380,10300,불광동,633,11380-263,북한산현대홈타운,,114.9984,2,2004,104000,2026-08-01,,,중개거래,개인,개인,
은평구,11380,10300,불광동,633,11380-263,북한산현대홈타운,,59.9765,1,2004,89000,2026-08-12,,,중개거래,개인,개인,
은평구,11380,10300,불광동,633,11380-263,북한산현대홈타운,,59.9765,1,2004,89000,2026-08-12,O,26.09.22,중개거래,개인,개인,
은평구,11380,10300,불광동,633,11380-263,북한산현대홈타운,,59.9765,10,2004,101000,2026-08-01,,,중개거래,개인,개인,
은평구,11380,10300,불광동,633,11380-263,북한산현대홈타운,,59.9765,6,2004,92000,2026-08-13,,,중개거래,개인,개인,
은평구,11380,10300,불광동,633,11380-263,북한산현대홈타운,,84.9956,10,2004,109000,2026-08-31,,,중개거래,개인,개인,
은평구,11380,10300,불광동,633,11380-263,북한산현대홈타운,107,84.9956,12,2004,102000,2026-08-24,,,중개거래,개인,개인,26.09.01
은평구,11380,10300,불광동,635,11380-8104,북한산힐스테이트1차아파트,,59.817,8,2009,98000,2026-08-14,,,중개거래,개인,개인,
은평구,11380,10300,불광동,637,11380-8696,북한산래미안아파트(2단지),,84.9929,1,2010,99750,2026-08-21,,,중개거래,개인,개인,
은평구,11380,10300,불광동,637,11380-8696,북한산래미안아파트(2단지),,84.9929,11,2010,108000,2026-08-20,,,중개거래,개인,개인,
은평구,11380,10300,불광동,638,11380-8699,북한산래미안아파트(1단지),,59.9932,9,2010,99500,2026-08-27,,,중개거래,개인,개인,
은평구,11380,10300,불광동,641,11380-8697,북한산현대힐스테이트3차아파트,,59.99,1,2010,89500,2026-08-05,,,중개거래,개인,개인,
은평구,11380,10300,불광동,641,11380-8697,북한산현대힐스테이트3차아파트,,59.99,9,2010,94000,2026-08-03,,,중개거래,개인,개인,
은평구,11380,10300,불광동,641,11380-8697,북한산현대힐스테이트3차아파트,,84.96,15,2010,109000,2026-08-10,,,중개거래,개인,개인,
은평구,11380,10300,불광동,643,11380-8922,북한산힐스테이트7차,,84.891,4,2011,123000,2026-08-03,,,중개거래,개인,개인,
은평구,11380,10300,불광동,643,11380-8922,북한산힐스테이트7차,,84.947,5,2011,123000,2026-08-20,,,중개거래,개인,개인,
은평구,11380,10300,불광동,643,11380-8922,북한산힐스테이트7차,,84.947,7,2011,127000,2026-08-18,,,중개거래,개인,개인,
은평구,11380,10300,불광동,645,11380-10903,불광롯데캐슬,,59.99,12,2018,111500,2026-08-23,,,중개거래,개인,개인,
은평구,11380,10300,불광동,71-16,11380-257,북한산대창센시티,,59.85,8,2004,65000,2026-08-05,,,중개거래,개인,개인,
은평구,11380,10400,갈현동,267-1,11380-27,라이프시티,,79.11,6,1991,47700,2026-08-08,,,중개거래,개인,개인,
은평구,11380,10400,갈현동,395-2,11380-11613,효민아크로뷰,,47.73,14,2024,68800,2026-08-15,,,직거래,개인,개인,26.08.24
은평구,11380,10400,갈현동,395-2,11380-11613,효민아크로뷰,,47.73,15,2024,68800,2026-08-15,,,직거래,개인,개인,
은평구,11380,10400,갈현동,395-2,11380-11613,효민아크로뷰,,47.73,15,2024,68800,2026-08-30,,,직거래,개인,개인,
은평구,11380,10400,갈현동,395-2,11380-11613,효민아크로뷰,,47.73,18,2024,68800,2026-08-25,,,직거래,개인,개인,
은평구,11380,10400,갈현동,406-46,11380-7858,호림리슈리안,,75.11,1,2007,59000,2026-08-29,,,중개거래,개인,개인,
은평구,11380,10400,갈현동,465-12,11380-273,동광갈현베르빌,,134.715,4,2004,89700,2026-08-29,,,중개거래,개인,개인,
은평구,11380,10400,갈현동,465-12,11380-273,동광갈현베르빌,,134.715,4,2004,96000,2026-08-26,,,중개거래,개인,개인,
은평구,11380,10500,구산동,14-21,11380-249,에덴드림,,84.84,3,2004,45000,2026-08-10,,,중개거래,개인,개인,
은평구,11380,10500,구산동,159-10,11380-7732,브라운스톤구산,,84.89,15,2006,73000,2026-08-29,,,중개거래,개인,개인,
은평구,11380,10500,구산동,169-1,11380-46,한성산장,,120,5,1992,48000,2026-08-01,,,중개거래,개인,개인,
은평구,11380,10500,구산동,224,11380-247,경남아너스빌,,84.69,10,2004,70000,2026-08-21,,,중개거래,개인,개인,
은평구,11380,10500,구산동,224,11380-247,경남아너스빌,,84.69,3,2004,63500,2026-08-05,,,중개거래,개인,개인,
은평구,11380,10500,구산동,224,11380-247,경남아너스빌,,84.69,5,2004,64000,2026-08-27,,,직거래,개인,개인,
은평구,11380,10500,구산동,355-95,11380-26,동익파크1동(355-95),,84.98,12,1991,48500,2026-08-05,,,중개거래,개인,법인,
은평구,11380,10500,구산동,382,11380-24,갈현현대,,59.94,12,1998,48100,2026-08-03,,,중개거래,개인,개인,
은평구,11380,10500,구산동,382,11380-24,갈현현대,,59.94,9,1998,47900,2026-08-19,,,중개거래,개인,개인,
은평구,11380,10500,구산동,547,11380-186,갈현1단지e-편한세상,,84.618,1,2004,62000,2026-08-01,,,중개거래,개인,개인,
은평구,11380,10500,구산동,548,11380-11181,은평서해그랑블,,59.6483,11,2022,59500,2026-08-24,,,중개거래,개인,개인,
은평구,11380,10600,대조동,179-16,11380-11177,북한산포레스트,,19.08,3,2021,19000,2026-08-19,O,26.09.02,직거래,개인,개인,
은평구,11380,10600,대조동,231,11380-51,삼성타운,,59.4,13,1997,64500,2026-08-29,,,중개거래,개인,개인,
은평구,11380,10600,대조동,231,11380-51,삼성타운,102,84.82,19,1997,81000,2026-08-05,,,중개거래,개인,개인,26.10.02
은평구,11380,10600,대조동,59-48,11380-8037,만민하늘愛,,73.34,6,2008,53000,2026-08-27,,,직거래,개인,개인,26.09.30
은평구,11380,10600,대조동,6-13,11380-9292,예가크레시아,,49.77,12,2012,50000,2026-08-03,,,중개거래,개인,개인,26.09.29
은평구,11380,10600,대조동,9-45,11380-9606,대경홈타운,,13.79,8,2014,12200,2026-08-07,,,중개거래,개인,개인,26.08.14
은평구,11380,10700,응암동,109-3,11380-56,서강스카이빌,,150.37,6,2001,81000,2026-08-20,,,중개거래,개인,개인,
은평구,11380,10700,응암동,116-17,11380-111,서강스카이빌2,,156.39,10,2003,86500,2026-08-13,,,중개거래,개인,개인,
은평구,11380,10700,응암동,116-17,11380-111,서강스카이빌2,,156.39,13,2003,85500,2026-08-31,,,중개거래,개인,개인,
은평구,11380,10700,응암동,116-17,11380-111,서강스카이빌2,,84.87,3,2003,69000,2026-08-24,,,중개거래,개인,개인,
은평구,11380,10700,응암동,117-24,11380-11333,펠리시티,,55.69,14,2022,58500,2026-08-28,,,중개거래,개인,개인,
은평구,11380,10700,응암동,117-54,11380-10431,삼흥리치,,59.26,4,2016,55000,2026-08-28,,,중개거래,개인,개인,
은평구,11380,10700,응암동,119-29,11380-8485,마이유,,84.43,13,2009,76300,2026-08-28,,,중개거래,개인,개인,
은평구,11380,10700,응암동,122-12,11380-198,예청B,,77.91,5,2003,54000,2026-08-31,,,중개거래,개인,개인,
은평구,11380,10700,응암동,122-4,11380-196,명남래희안(122-4),,67.24,2,2001,41000,2026-08-22,,,중개거래,개인,개인,
은평구,11380,10700,응암동,176,11380-7855,응암푸르지오,,114.92,5,2008,90000,2026-08-14,,,중개거래,개인,개인,
은평구,11380,10700,응암동,176,11380-7855,응암푸르지오,,59.58,5,2008,77800,2026-08-07,,,중개거래,개인,개인,
은평구,11380,10700,응암동,176,11380-7855,응암푸르지오,,84.2,1,2008,79500,2026-08-03,,,중개거래,개인,개인,
은평구,11380,10700,응암동,197-78,11380-57,신동아,,52.71,4,1990,44700,2026-08-25,,,중개거래,개인,개인,
은평구,11380,10700,응암동,240-63,11380-7661,뉴월드(240-63),,79.78,3,2005,46000,2026-08-22,,,중개거래,개인,개인,
은평구,11380,10700,응암동,368-6,11380-9201,청안파인,,32.24,7,2012,20700,2026-08-12,,,중개거래,개인,개인,
은평구,11380,10700,응암동,669-1,11380-109,대주피오레,,128.92,9,2003,84000,2026-08-10,,,중개거래,개인,개인,
은평구,11380,10700,응암동,669-1,11380-109,대주피오레,,59.66,5,2003,63000,2026-08-01,,,중개거래,개인,개인,
은평구,11380,10700,응암동,669-1,11380-109,대주피오레,,67.02,11,2003,62000,2026-08-13,,,중개거래,개인,개인,
은평구,11380,10700,응암동,669-1,11380-109,대주피오레,,67.02,8,2003,65500,2026-08-20,,,중개거래,개인,개인,
은평구,11380,10700,응암동,738,11380-60,해태드림타운,,45.39,15,1997,30800,2026-08-10,,,중개거래,개인,개인,
은평구,11380,10700,응암동,739,11380-7650,응암동금호,,84.93,3,1998,82000,2026-08-07,,,중개거래,개인,개인,
은평구,11380,10700,응암동,759,11380-9190,백련산힐스테이트1차,,114.9,8,2011,97000,2026-08-26,,,중개거래,개인,개인,
은평구,11380,10700,응암동,759,11380-9190,백련산힐스테이트1차,,59.63,4,2011,87500,2026-08-20,,,중개거래,개인,개인,
은평구,11380,10700,응암동,759,11380-9190,백련산힐스테이트1차,,84.49,9,2011,94000,2026-08-15,,,중개거래,개인,개인,
은평구,11380,10700,응암동,759,11380-9190,백련산힐스테이트1차,110,84.59,3,2011,93700,2026-08-01,,,중개거래,개인,개인,26.10.01
은평구,11380,10700,응암동,760,11380-9189,백련산힐스테이트2차,,59.63,7,2011,95000,2026-08-20,,,중개거래,개인,개인,
은평구,11380,10700,응암동,760,11380-9189,백련산힐스테이트2차,,59.63,9,2011,90500,2026-08-22,,,중개거래,개인,개인,
은평구,11380,10700,응암동,760,11380-9189,백련산힐스테이트2차,,59.95,14,2011,84500,2026-08-01,,,중개거래,개인,개인,
은평구,11380,10700,응암동,761,11380-9188,백련산힐스테이트3차,,84.59,6,2011,94000,2026-08-12,,,중개거래,개인,개인,
은평구,11380,10700,응암동,761,11380-9188,백련산힐스테이트3차,,84.59,6,2011,94000,2026-08-12,,,중개거래,개인,개인,
은평구,11380,10700,응암동,764,11380-10719,백련산힐스테이트4차,,59.98,9,2018,96700,2026-08-19,,,중개거래,개인,개인,
은평구,11380,10700,응암동,764,11380-10719,백련산힐스테이트4차,,84.98,2,2018,107500,2026-08-01,,,중개거래,개인,개인,
은평구,11380,10700,응암동,764,11380-10719,백련산힐스테이트4차,409,84.98,2,2018,107000,2026-08-06,,,중개거래,개인,개인,26.10.02
은평구,11380,10700,응암동,766,11380-10961,백련산파크자이,,55.885,6,2021,92800,2026-08-20,,,중개거래,개인,개인,
은평구,11380,10700,응암동,766,11380-10961,백련산파크자이,,59.789,7,2021,100000,2026-08-26,,,중개거래,개인,개인,
은평구,11380,10700,응암동,767,11380-11008,백련산에스케이뷰아이파크,,59.9335,14,2020,110000,2026-08-21,,,중개거래,개인,개인,
은평구,11380,10700,응암동,767,11380-11008,백련산에스케이뷰아이파크,,59.9335,24,2020,109000,2026-08-13,O,26.09.04,중개거래,개인,개인,
은평구,11380,10700,응암동,767,11380-11008,백련산에스케이뷰아이파크,,84.9039,23,2020,135000,2026-08-19,,,중개거래,개인,개인,
은평구,11380,10700,응암동,767,11380-11008,백련산에스케이뷰아이파크,,84.9039,6,2020,127500,2026-08-10,,,중개거래,개인,개인,
은평구,11380,10700,응암동,768,11380-11061,백련산해모로,,84.91,1,2020,118000,2026-08-19,,,중개거래,개인,개인,
은평구,11380,10700,응암동,768,11380-11061,백련산해모로,,84.99,9,2020,120500,2026-08-22,,,중개거래,개인,개인,
은평구,11380,10700,응암동,769,11380-11078,녹번역e편한세상캐슬,,44.85,13,2021,108000,2026-08-01,,,중개거래,개인,개인,
은평구,11380,10700,응암동,769,11380-11078,녹번역e편한세상캐슬,,44.85,2,2021,102000,2026-08-15,,,중개거래,개인,개인,
은평구,11380,10700,응암동,769,11380-11078,녹번역e편한세상캐슬,,44.85,4,2021,110000,2026-08-12,,,중개거래,개인,개인,
은평구,11380,10700,응암동,769,11380-11078,녹번역e편한세상캐슬,,59.96,2,2021,131000,2026-08-15,,,중개거래,개인,개인,
은평구,11380,10700,응암동,769,11380-11078,녹번역e편한세상캐슬,,59.96,6,2021,125000,2026-08-11,,,중개거래,개인,개인,
은평구,11380,10700,응암동,769,11380-11078,녹번역e편한세상캐슬,,84.92,20,2021,150000,2026-08-25,,,중개거래,개인,개인,
은평구,11380,10700,응암동,769,11380-11078,녹번역e편한세상캐슬,,84.94,19,2021,150500,2026-08-13,,,중개거래,개인,개인,
은평구,11380,10700,응암동,770,11380-11169,힐스테이트녹번역,,59.99,8,2022,135000,2026-08-16,,,중개거래,개인,개인,
은평구,11380,10700,응암동,771,11380-11247,e편한세상백련산,,84.31,7,2022,96500,2026-08-28,,,중개거래,개인,개인,
은평구,11380,10700,응암동,90-23,11380-188,조이팰리스(90-23),,84.32,8,2003,53500,2026-08-03,,,중개거래,개인,개인,
은평구,11380,10700,응암동,96-18,11380-189,경향렉스빌,,74.895,20,2004,73500,2026-08-25,,,중개거래,개인,개인,
은평구,11380,10700,응암동,96-18,11380-189,경향렉스빌,,84.781,8,2004,67500,2026-08-20,,,중개거래,개인,개인,
은평구,11380,10800,역촌동,231,11380-115,한국리치빌,,84.9816,13,2003,69800,2026-08-29,,,중개거래,개인,개인,
은평구,11380,10800,역촌동,232,11380-8811,역촌센트레빌,,59.86,5,2011,66500,2026-08-05,,,중개거래,개인,개인,
은평구,11380,10800,역촌동,232,11380-8811,역촌센트레빌,,84.89,12,2011,78500,2026-08-12,,,중개거래,개인,개인,
은평구,11380,10800,역촌동,232,11380-8811,역촌센트레빌,,84.89,9,2011,73500,2026-08-21,,,중개거래,개인,개인,
은평구,11380,10800,역촌동,232,11380-8811,역촌센트레빌,,84.99,11,2011,78000,2026-08-28,,,중개거래,개인,개인,
은평구,11380,10800,역촌동,237,11380-11633,센트레빌아스테리움시그니처,,59.9995,7,2026,87000,2026-08-22,,,중개거래,개인,개인,
은평구,11380,10800,역촌동,237,11380-11633,센트레빌아스테리움시그니처,,70.6625,15,2026,85000,2026-08-25,,,중개거래,개인,개인,
은평구,11380,10800,역촌동,237,11380-11633,센트레빌아스테리움시그니처,107,84.9719,9,2026,123000,2026-08-14,,,중개거래,개인,개인,26.10.01
은평구,11380,10800,역촌동,32-3,11380-125,명남뉴(32-3),,67.19,6,2004,42000,2026-08-12,,,중개거래,개인,개인,
은평구,11380,10800,역촌동,46-29,11380-217,엔에스,,83.21,3,2001,41800,2026-08-08,,,중개거래,개인,개인,26.09.30
은평구,11380,10800,역촌동,63-16,11380-150,뉴캐슬,,147.27,4,2003,74000,2026-08-07,,,중개거래,개인,개인,
은평구,11380,10900,신사동,140-1,11380-66,미성,,63.53,14,1987,67500,2026-08-22,,,중개거래,개인,개인,
은평구,11380,10900,신사동,19-117,11380-75,홍익,,59.94,7,1995,41000,2026-08-25,,,중개거래,개인,개인,
은평구,11380,10900,신사동,278-1,11380-270,우공101동,,84.27,5,2004,46000,2026-08-31,,,중개거래,개인,개인,
은평구,11380,10900,신사동,297,11380-72,신사씨티,,58.09,11,1993,45900,2026-08-19,,,중개거래,개인,개인,
은평구,11380,10900,신사동,297,11380-72,신사씨티,,58.09,12,1993,43900,2026-08-07,O,26.09.23,중개거래,개인,개인,
은평구,11380,10900,신사동,297,11380-72,신사씨티,,58.09,17,1993,45500,2026-08-29,,,중개거래,개인,개인,
은평구,11380,10900,신사동,355,11380-105,현대2,,84.83,7,1994,65000,2026-08-01,,,중개거래,개인,개인,
은평구,11380,10900,신사동,356,11380-65,뉴신사신성,,84.42,2,1993,53000,2026-08-11,,,중개거래,개인,개인,
은평구,11380,10900,신사동,356,11380-65,뉴신사신성,제102,84.42,12,1993,58000,2026-08-11,,,중개거래,개인,개인,26.09.30
은평구,11380,10900,신사동,359,11380-73,현대1,,84.17,6,1997,63800,2026-08-13,,,중개거래,개인,개인,
은평구,11380,10900,신사동,368,11380-267,대주파크빌,,84.8,11,2004,69500,2026-08-01,,,중개거래,개인,개인,
은평구,11380,10900,신사동,370,11380-7822,은평신사두산위브,,84.997,3,2006,75000,2026-08-08,,,중개거래,개인,개인,
은평구,11380,10900,신사동,370,11380-7822,은평신사두산위브,,84.997,4,2006,74000,2026-08-29,,,중개거래,개인,개인,
은평구,11380,10900,신사동,371,11380-9151,은평신사두산위브2차,,84.99,11,2011,95000,2026-08-20,,,중개거래,개인,개인,
은평구,11380,11000,증산동,173-1,11380-9047,디오반,,14.46,2,2011,11200,2026-08-01,,,중개거래,개인,개인,26.08.21
은평구,11380,11000,증산동,220-1,11380-82,DMC덕원,,59.99,8,1997,78000,2026-08-29,,,중개거래,개인,개인,
은평구,11380,11000,증산동,244,11380-84,DMC우방,,114.97,11,2000,107000,2026-08-24,,,중개거래,개인,개인,
은평구,11380,11000,증산동,244,11380-84,DMC우방,,59.91,11,2000,97500,2026-08-27,,,중개거래,개인,개인,
은평구,11380,11000,증산동,244,11380-84,DMC우방,,59.91,17,2000,98000,2026-08-01,,,중개거래,개인,개인,
은평구,11380,11000,증산동,244,11380-84,DMC우방,,84.99,18,2000,106000,2026-08-03,,,중개거래,개인,개인,
은평구,11380,11000,증산동,244,11380-84,DMC우방,,84.99,2,2000,99000,2026-08-09,,,중개거래,개인,개인,
은평구,11380,11000,증산동,244,11380-84,DMC우방,,84.99,2,2000,99000,2026-08-09,O,26.08.27,중개거래,개인,개인,
은평구,11380,11000,증산동,250,11380-88,DMC월드,,80.931,10,2002,85000,2026-08-02,,,중개거래,개인,개인,
은평구,11380,11000,증산동,258,11380-11265,DMC센트럴자이(3단지),,84.92,8,2023,191000,2026-08-04,,,중개거래,개인,개인,
은평구,11380,11000,증산동,258,11380-11266,DMC센트럴자이(2단지),,59.97,12,2023,159500,2026-08-11,,,중개거래,개인,개인,
은평구,11380,11000,증산동,258,11380-11266,DMC센트럴자이(2단지),202,59.97,9,2023,158000,2026-08-02,,,중개거래,개인,개인,26.10.02
은평구,11380,11400,진관동,102,11380-8392,박석고개1단지힐스테이트(116~131동)BL2-1,,101.83,4,2009,135000,2026-08-25,,,중개거래,개인,개인,
은평구,11380,11400,진관동,102,11380-8392,박석고개1단지힐스테이트(116~131동)BL2-1,,59.85,11,2009,104000,2026-08-29,,,중개거래,개인,개인,
은평구,11380,11400,진관동,105,11380-8507,마고정3단지센트레빌(323~335동)BL2-2,,84.04,5,2009,101000,2026-08-12,,,중개거래,개인,개인,
은평구,11380,11400,진관동,107,11380-8489,마고정3단지센트레빌(310~322동)BL2-3,,59.14,4,2009,85000,2026-08-20,,,중개거래,개인,개인,
은평구,11380,11400,진관동,107,11380-8489,마고정3단지센트레빌(310~322동)BL2-3,,84.04,4,2009,105000,2026-08-18,,,중개거래,개인,개인,
은평구,11380,11400,진관동,107,11380-8489,마고정3단지센트레빌(310~322동)BL2-3,,84.17,3,2009,103500,2026-08-07,,,중개거래,개인,개인,
은평구,11380,11400,진관동,11,11380-8172,상림마을7단지아이파크(719~729동)BL1-13,728,134.91,4,2008,110500,2026-08-08,,,중개거래,개인,개인,26.10.02
은평구,11380,11400,진관동,12,11380-8024,상림마을7단지아이파크(709~712동)BL1-10,,101.61,2,2008,84800,2026-08-04,,,중개거래,개인,개인,
은평구,11380,11400,진관동,12,11380-8024,상림마을7단지아이파크(709~712동)BL1-10,,101.61,2,2008,84800,2026-08-06,O,26.08.07,중개거래,개인,개인,
은평구,11380,11400,진관동,13,11380-8025,상림마을7단지아이파크(706~708동)BL1-3,,84.86,3,2008,82500,2026-08-13,,,중개거래,개인,개인,
은평구,11380,11400,진관동,13,11380-8025,상림마을7단지아이파크(706~708동)BL1-3,708,134.91,7,2008,90000,2026-08-25,,,직거래,개인,개인,26.08.31
은평구,11380,11400,진관동,14,11380-8026,상림마을8단지롯데캐슬(801~809동)BL1-2,801,59.21,2,2008,79000,2026-08-15,,,중개거래,개인,개인,26.09.29
은평구,11380,11400,진관동,140,11380-8599,폭포동4단지힐스테이트(408~422동)BL3-9,410,101.94,14,2010,102000,2026-08-25,,,중개거래,개인,개인,26.09.14
은평구,11380,11400,진관동,15,11380-8027,상림마을7단지아이파크(713~718동)BL1-11,,84.95,7,2008,93000,2026-08-30,,,중개거래,개인,개인,
은평구,11380,11400,진관동,150,11380-9862,은평뉴타운기자촌11단지,,59.88,3,2015,80000,2026-08-13,,,중개거래,개인,개인,
은평구,11380,11400,진관동,150,11380-9862,은평뉴타운기자촌11단지,,84.82,6,2015,98700,2026-08-19,,,중개거래,개인,개인,
은평구,11380,11400,진관동,154,11380-8668,은평뉴타운 제각말 푸르지오(5-1단지),,84.89,6,2010,88800,2026-08-10,,,중개거래,개인,개인,
은평구,11380,11400,진관동,155,11380-8667,은평뉴타운 제각말 푸르지오(5-2단지),,101.9,8,2010,100000,2026-08-10,,,중개거래,개인,개인,
은평구,11380,11400,진관동,25,11380-8619,구파발9단지래미안(916~928동)BL3-2,916,84.84,6,2010,97800,2026-08-18,,,중개거래,개인,개인,26.09.30
은평구,11380,11400,진관동,27,11380-8723,구파발10단지어울림(1011~1019동)BL3-1,,84.8,2,2010,95000,2026-08-22,,,중개거래,개인,개인,
은평구,11380,11400,진관동,3,11380-8020,상림마을6단지푸르지오(601~605동)BL1-8,,84.97,4,2008,83000,2026-08-21,,,중개거래,개인,개인,
은평구,11380,11400,진관동,5,11380-8021,상림마을6단지푸르지오(622~629동)BL1-5,624,101.93,5,2008,87000,2026-08-29,,,중개거래,개인,개인,26.09.17
은평구,11380,11400,진관동,60,11380-10714,은평뉴타운솔하임,,14.235,15,2017,13700,2026-08-26,,,중개거래,개인,개인,
은평구,11380,11400,진관동,60,11380-10714,은평뉴타운솔하임,,45.034,17,2017,59800,2026-08-04,,,중개거래,개인,개인,
은평구,11380,11400,진관동,60,11380-10714,은평뉴타운솔하임,103동,14.235,15,2017,13400,2026-08-17,,,중개거래,개인,개인,26.08.24
은평구,11380,11400,진관동,62,11380-10938,은평스카이뷰자이,,84.7488,20,2019,119000,2026-08-12,,,중개거래,개인,개인,
은평구,11380,11400,진관동,64,11380-10517,힐데스하임,,40.63,12,2017,51000,2026-08-24,,,중개거래,개인,개인,
은평구,11380,11400,진관동,64,11380-10517,힐데스하임,,42.24,12,2017,59500,2026-08-12,,,중개거래,개인,개인,
은평구,11380,11400,진관동,64,11380-10517,힐데스하임,101,39.24,13,2017,56000,2026-08-03,,,중개거래,개인,개인,26.08.20
은평구,11380,11400,진관동,65,11380-10527,은평뉴타운엘크루,,59.98,7,2017,82000,2026-08-29,,,중개거래,개인,개인,
은평구,11380,11400,진관동,82,11380-8504,우물골2단지두산위브(201~203동)BL2-4,,59.92,2,2009,82000,2026-08-12,,,중개거래,개인,개인,
은평구,11380,11400,진관동,83,11380-8505,우물골2단지두산위브(204~208동)BL2-5,,84.04,2,2009,100500,2026-08-13,,,중개거래,개인,개인,
은평구,11380,11400,진관동,88,11380-8506,우물골2단지두산위브(209~222동)BL2-8,,84.43,8,2009,85500,2026-08-14,,,중개거래,개인,개인,
은평구,11380,11400,진관동,92,11380-8666,은평뉴타운 제각말 푸르지오(5-4단지),,84.89,4,2010,94000,2026-08-08,,,중개거래,개인,개인,
은평구,11380,11400,진관동,92,11380-8666,은평뉴타운 제각말 푸르지오(5-4단지),,84.89,8,2010,93200,2026-08-05,,,중개거래,개인,개인,
은평구,11380,11400,진관동,92,11380-8666,은평뉴타운 제각말 푸르지오(5-4단지),,84.97,13,2010,96400,2026-08-09,,,중개거래,개인,개인,
종로구,11110,10100,청운동,56-45,11110-4,청운현대,,78.78,5,2000,119000,2026-08-29,,,중개거래,개인,개인,
종로구,11110,11300,필운동,254,11110-2164,신동아블루아광화문의꿈,,138.66,6,2007,200000,2026-08-19,,,중개거래,개인,개인,
종로구,11110,11500,사직동,9,11110-2203,광화문스페이스본(101동~105동),,108.55,14,2008,163000,2026-08-13,,,직거래,개인,법인,
종로구,11110,11500,사직동,9,11110-2203,광화문스페이스본(101동~105동),,147.31,11,2008,260000,2026-08-14,,,중개거래,개인,개인,
종로구,11110,11500,사직동,9,11110-2203,광화문스페이스본(101동~105동),,94.51,3,2008,175000,2026-08-24,,,중개거래,개인,개인,
종로구,11110,11800,내수동,71,11110-115,경희궁의아침2단지,,124.17,4,2004,219000,2026-08-13,,,중개거래,개인,개인,26.09.30
종로구,11110,11800,내수동,72,11110-116,경희궁의아침3단지,경희궁의 아침 3단지,149,5,2004,243000,2026-08-03,,,중개거래,개인,개인,26.09.10
종로구,11110,11800,내수동,73,11110-117,경희궁의아침4단지,,150.48,11,2004,272000,2026-08-25,,,중개거래,개인,개인,
종로구,11110,15700,인의동,48-2,11110-2155,효성쥬얼리시티,,98.39,18,2006,130000,2026-08-11,,,중개거래,개인,개인,
종로구,11110,17400,창신동,578-5,11110-31,동대문맨션,,83.83,4,1973,68408,2026-08-01,,,중개거래,개인,개인,
종로구,11110,17400,창신동,703,11110-91,창신쌍용2,,115.53,7,1993,105000,2026-08-08,,,중개거래,개인,개인,
종로구,11110,17400,창신동,703,11110-91,창신쌍용2,,54.7,1,1993,74500,2026-08-01,,,중개거래,개인,개인,
종로구,11110,17400,창신동,703,11110-91,창신쌍용2,,64.66,11,1993,85000,2026-08-08,,,중개거래,개인,개인,
종로구,11110,17400,창신동,703,11110-91,창신쌍용2,,64.66,13,1993,89000,2026-08-21,,,중개거래,개인,개인,
종로구,11110,17400,창신동,703,11110-91,창신쌍용2,,79.87,9,1993,99000,2026-08-24,,,중개거래,개인,개인,
종로구,11110,17500,숭인동,2-1,11110-2224,종로센트레빌,,59.92,4,2008,111500,2026-08-08,,,중개거래,개인,개인,
종로구,11110,17500,숭인동,766,11110-2234,종로청계힐스테이트,,59.9426,5,2009,105500,2026-08-12,,,중개거래,개인,개인,
종로구,11110,18000,교북동,126,11110-2464,경희궁자이(4단지),403,33.982,9,2017,98000,2026-08-01,,,중개거래,개인,개인,26.08.31
종로구,11110,18300,평창동,155-1,11110-80,노블레스빌,,243.09,3,2002,157000,2026-08-08,,,중개거래,개인,개인,
종로구,11110,18300,평창동,72,11110-71,롯데낙천대,,110.53,8,2001,111000,2026-08-26,,,중개거래,개인,개인,
종로구,11110,18400,부암동,218-1,11110-150,부암스카이뷰,,81,4,2004,71500,2026-08-19,,,중개거래,개인,개인,
종로구,11110,18700,무악동,60,11110-2212,인왕산아이파크,,84.858,13,2008,172500,2026-08-31,,,중개거래,개인,개인,
종로구,11110,18700,무악동,82,11110-90,현대,,84.92,13,2000,158980,2026-08-21,,,중개거래,개인,개인,
중구,11140,12100,회현동1가,208,11140-1142,남산롯데캐슬아이리스,,44.99,6,2011,100000,2026-08-14,,,중개거래,개인,개인,
중구,11140,13200,충무로4가,306,11140-1097,남산센트럴자이,,114.84,29,2009,186000,2026-08-27,,,중개거래,개인,개인,
중구,11140,13400,인현동2가,240,11140-1520,세운푸르지오헤리시티,,24.5533,25,2023,35000,2026-08-21,,,중개거래,개인,개인,
중구,11140,13400,인현동2가,240,11140-1520,세운푸르지오헤리시티,,24.5533,8,2023,34000,2026-08-17,,,중개거래,개인,개인,
중구,11140,15600,입정동,280,11140-1402,힐스테이트세운센트럴2단지,힐스테이트 세운 센트럴 2단지,49.7623,11,2023,115000,2026-08-12,,,직거래,개인,개인,26.09.02
중구,11140,15600,입정동,280,11140-1402,힐스테이트세운센트럴2단지,힐스테이트 세운 센트럴 2단지,49.9902,27,2023,120000,2026-08-12,,,중개거래,개인,개인,26.09.21
중구,11140,16200,신당동,840,11140-40,현대,,139.275,3,1993,155000,2026-08-15,,,중개거래,개인,개인,
중구,11140,16200,신당동,840,11140-40,현대,,83.97,4,1993,132500,2026-08-15,,,중개거래,개인,개인,
중구,11140,16200,신당동,842,11140-37,약수하이츠,,57.63,19,1999,149000,2026-08-24,O,26.10.06,중개거래,개인,개인,
중구,11140,16200,신당동,842,11140-37,약수하이츠,,57.63,20,1999,153000,2026-08-05,,,중개거래,개인,개인,
중구,11140,16200,신당동,842,11140-37,약수하이츠,,84.88,12,1999,164000,2026-08-14,,,중개거래,개인,개인,
중구,11140,16200,신당동,842,11140-37,약수하이츠,,84.88,20,1999,175000,2026-08-03,,,중개거래,개인,개인,
중구,11140,16200,신당동,842,11140-37,약수하이츠,,84.88,20,1999,175000,2026-08-03,O,26.08.14,중개거래,개인,개인,
중구,11140,16200,신당동,842,11140-37,약수하이츠,109,57.63,3,1999,163000,2026-08-22,,,중개거래,개인,개인,26.10.01
중구,11140,16200,신당동,843,11140-32,삼성,,84.96,2,1999,153000,2026-08-13,,,중개거래,개인,개인,
중구,11140,16200,신당동,844,11140-28,남산타운,,114.88,17,2002,193000,2026-08-12,,,중개거래,개인,개인,
중구,11140,16200,신당동,844,11140-28,남산타운,,59.94,3,2002,152000,2026-08-28,,,중개거래,개인,개인,
중구,11140,16200,신당동,844,11140-28,남산타운,,84.88,18,2002,183000,2026-08-16,,,중개거래,개인,개인,
중구,11140,16200,신당동,844,11140-28,남산타운,,84.88,5,2002,178000,2026-08-13,,,중개거래,개인,개인,
중구,11140,16200,신당동,846,11140-33,신당동파라다이스,,84.77,13,2000,115000,2026-08-21,,,중개거래,개인,개인,
중구,11140,16200,신당동,846,11140-33,신당동파라다이스,,84.77,8,2000,97500,2026-08-03,,,중개거래,개인,개인,
중구,11140,16200,신당동,850,11140-990,신당푸르지오,,84.39,2,2005,149800,2026-08-08,,,중개거래,개인,개인,
중구,11140,16200,신당동,851,11140-1141,래미안하이베르,,117,6,2011,186000,2026-08-14,,,중개거래,개인,개인,
중구,11140,16200,신당동,852,11140-1144,청구e편한세상,,84.96,12,2011,209300,2026-08-14,,,중개거래,개인,개인,
중구,11140,16300,흥인동,119,11140-1220,동대문와이즈캐슬,,15.55,10,2014,14300,2026-08-03,,,중개거래,개인,개인,26.08.06
중구,11140,16500,황학동,2033,11140-1330,청계리버팰리스A,,34.26,6,2019,33000,2026-08-13,,,중개거래,개인,개인,26.08.31
중구,11140,16800,순화동,217,11140-1277,덕수궁롯데캐슬,,116.5445,14,2016,240000,2026-08-14,,,중개거래,개인,개인,
중구,11140,16800,순화동,217,11140-1277,덕수궁롯데캐슬,,69.5135,7,2016,150000,2026-08-27,,,중개거래,개인,개인,
중구,11140,17100,중림동,200,11140-51,삼성사이버빌리지,,84.93,17,2001,185000,2026-08-03,,,중개거래,개인,개인,
중구,11140,17400,만리동2가,273,11140-1300,서울역센트럴자이,,59.943,18,2017,205000,2026-08-06,,,중개거래,개인,개인,
중구,11140,17400,만리동2가,273,11140-1300,서울역센트럴자이,,59.943,18,2017,205000,2026-08-06,O,26.09.02,중개거래,개인,개인,
중구,11140,17400,만리동2가,273,11140-1300,서울역센트럴자이,111,84.972,2,2017,229000,2026-08-01,,,중개거래,개인,개인,26.08.12
중구,11140,17400,만리동2가,288,11140-1307,서울역한라비발디센트럴,,84.9774,3,2018,196000,2026-08-18,,,중개거래,개인,개인,
중랑구,11260,10100,면목동,1073,11260-20,용마한신2,,84.51,6,1998,80000,2026-08-11,,,중개거래,개인,개인,
중랑구,11260,10100,면목동,1077-1,11260-19,용마한신,,59.22,11,1990,65700,2026-08-14,,,중개거래,개인,개인,
중랑구,11260,10100,면목동,1077-1,11260-19,용마한신,,59.22,8,1990,64500,2026-08-01,,,중개거래,개인,개인,
중랑구,11260,10100,면목동,1077-1,11260-19,용마한신,3,35.44,13,1990,38500,2026-08-03,,,중개거래,개인,개인,26.09.28
중랑구,11260,10100,면목동,126-1,11260-3890,킴스아파트,,38.91,13,2018,35000,2026-08-11,,,중개거래,개인,개인,
중랑구,11260,10100,면목동,138-15,11260-128,우정아파트,,57.64,3,2003,43500,2026-08-04,,,중개거래,개인,개인,26.09.29
중랑구,11260,10100,면목동,1502,11260-25,현대,,74.79,20,1994,79000,2026-08-01,,,중개거래,개인,개인,
중랑구,11260,10100,면목동,1502,11260-25,현대,,84.81,11,1994,85000,2026-08-30,,,중개거래,개인,개인,
중랑구,11260,10100,면목동,1502,11260-25,현대,103,84.99,17,1994,90500,2026-08-12,,,중개거래,개인,개인,26.10.06
중랑구,11260,10100,면목동,1505,11260-164,리치카운티,,84.741,4,2004,78000,2026-08-26,,,중개거래,개인,개인,
중랑구,11260,10100,면목동,1508,11260-114,동원베네스트,,84.86,3,2003,79300,2026-08-26,,,중개거래,개인,개인,
중랑구,11260,10100,면목동,1513,11260-12,면목삼호101,,59.67,3,2000,63500,2026-08-08,,,중개거래,개인,개인,
중랑구,11260,10100,면목동,1519,11260-15,신성,,59.91,11,1998,60000,2026-08-24,,,중개거래,개인,개인,
중랑구,11260,10100,면목동,1519,11260-15,신성,,59.91,12,1998,60000,2026-08-25,,,중개거래,개인,개인,
중랑구,11260,10100,면목동,1519,11260-15,신성,,59.91,12,1998,60000,2026-08-25,O,26.10.02,중개거래,개인,개인,
중랑구,11260,10100,면목동,1527,11260-136,신성미소지움,,80.1913,8,2004,70000,2026-08-16,,,중개거래,개인,개인,
중랑구,11260,10100,면목동,1528,11260-1945,면목동금호어울림아파트,,84.8726,6,2005,84800,2026-08-05,,,중개거래,개인,개인,
중랑구,11260,10100,면목동,1529,11260-2042,경남아너스빌,,84.961,5,2006,93800,2026-08-06,,,중개거래,개인,개인,
중랑구,11260,10100,면목동,1531,11260-2048,마젤란21,,78.941,3,2007,80500,2026-08-29,,,중개거래,개인,개인,
중랑구,11260,10100,면목동,1531,11260-2048,마젤란21,,78.941,7,2007,84500,2026-08-15,,,중개거래,개인,개인,
중랑구,11260,10100,면목동,1544,11260-4103,라온프라이빗,,68.1667,24,2020,115700,2026-08-20,,,중개거래,개인,개인,
중랑구,11260,10100,면목동,1545,11260-4104,사가정센트럴아이파크,,114.853,22,2020,180000,2026-08-01,,,중개거래,개인,개인,
중랑구,11260,10100,면목동,1545,11260-4104,사가정센트럴아이파크,,84.87,16,2020,152000,2026-08-19,,,중개거래,개인,개인,
중랑구,11260,10100,면목동,1545,11260-4104,사가정센트럴아이파크,,84.87,9,2020,150000,2026-08-15,,,중개거래,개인,개인,
중랑구,11260,10100,면목동,1545,11260-4104,사가정센트럴아이파크,111,84.87,15,2020,154000,2026-08-07,,,중개거래,개인,개인,26.10.01
중랑구,11260,10100,면목동,1549,11260-4443,용마산모아엘가파크포레,105,59.5,13,2023,74500,2026-08-13,,,중개거래,개인,개인,26.09.30
중랑구,11260,10100,면목동,193-1,11260-24,면목한신,,44.5,7,1987,45500,2026-08-01,,,중개거래,개인,개인,
중랑구,11260,10100,면목동,193-1,11260-24,면목한신,,44.5,7,1987,47000,2026-08-12,,,중개거래,개인,개인,
중랑구,11260,10100,면목동,193-1,11260-24,면목한신,,66.56,4,1987,74600,2026-08-05,,,중개거래,개인,개인,
중랑구,11260,10100,면목동,193-1,11260-24,면목한신,,84.92,1,1987,74000,2026-08-07,,,중개거래,개인,개인,
중랑구,11260,10100,면목동,193-1,11260-24,면목한신,,84.92,14,1987,83500,2026-08-29,,,중개거래,개인,개인,
중랑구,11260,10100,면목동,494,11260-17,용마금호타운,,84.9,13,1992,73800,2026-08-12,,,중개거래,개인,개인,
중랑구,11260,10100,면목동,494,11260-17,용마금호타운,5,84.9,4,1992,69500,2026-08-27,,,중개거래,개인,개인,26.09.01
중랑구,11260,10100,면목동,715,11260-30,늘푸른동아,,59.65,10,2002,75800,2026-08-08,,,중개거래,개인,개인,
중랑구,11260,10200,상봉동,101-19,11260-3951,상봉베스트원,,13.265,8,2019,13500,2026-08-25,,,중개거래,개인,개인,26.09.14
중랑구,11260,10200,상봉동,101-19,11260-3951,상봉베스트원,,27.31,6,2019,31650,2026-08-01,,,중개거래,개인,개인,
중랑구,11260,10200,상봉동,116-49,11260-5602,상봉생활,101동,20.2034,10,2026,29700,2026-08-27,,,직거래,공공기관,법인,26.09.02
중랑구,11260,10200,상봉동,116-49,11260-5602,상봉생활,101동,20.2034,11,2026,29700,2026-08-27,,,직거래,공공기관,법인,26.09.02
중랑구,11260,10200,상봉동,116-49,11260-5602,상봉생활,101동,20.2034,11,2026,30150,2026-08-27,,,직거래,공공기관,법인,26.09.02
중랑구,11260,10200,상봉동,116-49,11260-5602,상봉생활,101동,20.2034,12,2026,29700,2026-08-27,,,직거래,공공기관,법인,26.09.02
중랑구,11260,10200,상봉동,116-49,11260-5602,상봉생활,101동,20.2034,12,2026,29700,2026-08-27,,,직거래,공공기관,법인,26.09.02
중랑구,11260,10200,상봉동,116-49,11260-5602,상봉생활,101동,20.2034,12,2026,30150,2026-08-27,,,직거래,공공기관,법인,26.09.02
중랑구,11260,10200,상봉동,116-49,11260-5602,상봉생활,101동,20.2034,13,2026,29700,2026-08-27,,,직거래,공공기관,법인,26.09.02
중랑구,11260,10200,상봉동,116-49,11260-5602,상봉생활,101동,20.2034,13,2026,29700,2026-08-27,,,직거래,공공기관,법인,26.09.02
중랑구,11260,10200,상봉동,116-49,11260-5602,상봉생활,101동,20.2034,14,2026,29850,2026-08-27,,,직거래,공공기관,법인,26.09.02
중랑구,11260,10200,상봉동,116-49,11260-5602,상봉생활,101동,20.2034,14,2026,30300,2026-08-27,,,직거래,공공기관,법인,26.09.02
중랑구,11260,10200,상봉동,116-49,11260-5602,상봉생활,101동,20.2034,15,2026,29550,2026-08-27,,,직거래,공공기관,법인,26.09.02
중랑구,11260,10200,상봉동,116-49,11260-5602,상봉생활,101동,20.2034,15,2026,30000,2026-08-27,,,직거래,공공기관,법인,26.09.02
중랑구,11260,10200,상봉동,116-49,11260-5602,상봉생활,101동,20.2034,16,2026,29550,2026-08-27,,,직거래,공공기관,법인,26.09.02
중랑구,11260,10200,상봉동,116-49,11260-5602,상봉생활,101동,20.2034,16,2026,30000,2026-08-27,,,직거래,공공기관,법인,26.09.02
중랑구,11260,10200,상봉동,116-49,11260-5602,상봉생활,101동,20.2034,16,2026,30000,2026-08-27,,,직거래,공공기관,법인,26.09.02
중랑구,11260,10200,상봉동,116-49,11260-5602,상봉생활,101동,20.2034,17,2026,30150,2026-08-27,,,직거래,공공기관,법인,26.09.02
중랑구,11260,10200,상봉동,116-49,11260-5602,상봉생활,101동,20.2034,18,2026,30150,2026-08-27,,,직거래,공공기관,법인,26.09.02
중랑구,11260,10200,상봉동,116-49,11260-5602,상봉생활,101동,20.2034,18,2026,30150,2026-08-27,,,직거래,공공기관,법인,26.09.02
중랑구,11260,10200,상봉동,116-49,11260-5602,상봉생활,101동,20.2034,18,2026,30450,2026-08-27,,,직거래,공공기관,법인,26.09.02
중랑구,11260,10200,상봉동,116-49,11260-5602,상봉생활,101동,20.2034,19,2026,29700,2026-08-27,,,직거래,공공기관,법인,26.09.02
중랑구,11260,10200,상봉동,116-49,11260-5602,상봉생활,101동,20.2034,19,2026,30150,2026-08-27,,,직거래,공공기관,법인,26.09.02
중랑구,11260,10200,상봉동,116-49,11260-5602,상봉생활,101동,20.2034,19,2026,30150,2026-08-27,,,직거래,공공기관,법인,26.09.02
중랑구,11260,10200,상봉동,116-49,11260-5602,상봉생활,101동,20.2034,19,2026,30150,2026-08-27,,,직거래,공공기관,법인,26.09.02
중랑구,11260,10200,상봉동,116-49,11260-5602,상봉생활,101동,20.2034,19,2026,30600,2026-08-27,,,직거래,공공기관,법인,26.09.02
중랑구,11260,10200,상봉동,116-49,11260-5602,상봉생활,101동,20.2034,20,2026,29850,2026-08-27,,,직거래,공공기관,법인,26.09.02
중랑구,11260,10200,상봉동,116-49,11260-5602,상봉생활,101동,20.2034,20,2026,30300,2026-08-27,,,직거래,공공기관,법인,26.09.02
중랑구,11260,10200,상봉동,116-49,11260-5602,상봉생활,101동,20.2034,20,2026,30300,2026-08-27,,,직거래,공공기관,법인,26.09.02
중랑구,11260,10200,상봉동,116-49,11260-5602,상봉생활,101동,20.2034,21,2026,30300,2026-08-27,,,직거래,공공기관,법인,26.09.02
중랑구,11260,10200,상봉동,116-49,11260-5602,상봉생활,101동,20.2034,22,2026,30300,2026-08-27,,,직거래,공공기관,법인,26.09.02
중랑구,11260,10200,상봉동,116-49,11260-5602,상봉생활,101동,20.2034,22,2026,30300,2026-08-27,,,직거래,공공기관,법인,26.09.02
중랑구,11260,10200,상봉동,116-49,11260-5602,상봉생활,101동,20.2034,22,2026,30300,2026-08-27,,,직거래,공공기관,법인,26.09.02
중랑구,11260,10200,상봉동,116-49,11260-5602,상봉생활,101동,20.2034,22,2026,30750,2026-08-27,,,직거래,공공기관,법인,26.09.02
중랑구,11260,10200,상봉동,116-49,11260-5602,상봉생활,101동,20.2034,23,2026,30000,2026-08-27,,,직거래,공공기관,법인,26.09.02
중랑구,11260,10200,상봉동,116-49,11260-5602,상봉생활,101동,20.2034,23,2026,30450,2026-08-27,,,직거래,공공기관,법인,26.09.02
중랑구,11260,10200,상봉동,116-49,11260-5602,상봉생활,101동,20.2034,23,2026,30450,2026-08-27,,,직거래,공공기관,법인,26.09.02
중랑구,11260,10200,상봉동,116-49,11260-5602,상봉생활,101동,20.2034,24,2026,30450,2026-08-27,,,직거래,공공기관,법인,26.09.02
중랑구,11260,10200,상봉동,116-49,11260-5602,상봉생활,101동,20.2034,3,2026,28650,2026-08-27,,,직거래,공공기관,법인,26.09.02
중랑구,11260,10200,상봉동,116-49,11260-5602,상봉생활,101동,20.2034,4,2026,28650,2026-08-27,,,직거래,공공기관,법인,26.09.02
중랑구,11260,10200,상봉동,116-49,11260-5602,상봉생활,101동,20.2034,4,2026,29100,2026-08-27,,,직거래,공공기관,법인,26.09.02
중랑구,11260,10200,상봉동,116-49,11260-5602,상봉생활,101동,20.2034,5,2026,29550,2026-08-27,,,직거래,공공기관,법인,26.09.02
중랑구,11260,10200,상봉동,116-49,11260-5602,상봉생활,101동,20.2034,6,2026,28800,2026-08-27,,,직거래,공공기관,법인,26.09.02
중랑구,11260,10200,상봉동,116-49,11260-5602,상봉생활,101동,20.2034,6,2026,29250,2026-08-27,,,직거래,공공기관,법인,26.09.02
중랑구,11260,10200,상봉동,116-49,11260-5602,상봉생활,101동,20.2034,6,2026,29250,2026-08-27,,,직거래,공공기관,법인,26.09.02
중랑구,11260,10200,상봉동,116-49,11260-5602,상봉생활,101동,20.2034,7,2026,28950,2026-08-27,,,직거래,공공기관,법인,26.09.02
중랑구,11260,10200,상봉동,116-49,11260-5602,상봉생활,101동,20.2034,7,2026,29400,2026-08-27,,,직거래,공공기관,법인,26.09.02
중랑구,11260,10200,상봉동,116-49,11260-5602,상봉생활,101동,20.2034,7,2026,29400,2026-08-27,,,직거래,공공기관,법인,26.09.02
중랑구,11260,10200,상봉동,116-49,11260-5602,상봉생활,101동,20.2034,8,2026,28950,2026-08-27,,,직거래,공공기관,법인,26.09.02
중랑구,11260,10200,상봉동,116-49,11260-5602,상봉생활,101동,20.2034,8,2026,29400,2026-08-27,,,직거래,공공기관,법인,26.09.02
중랑구,11260,10200,상봉동,116-49,11260-5602,상봉생활,101동,20.2034,8,2026,29400,2026-08-27,,,직거래,공공기관,법인,26.09.02
중랑구,11260,10200,상봉동,116-49,11260-5602,상봉생활,101동,20.2034,8,2026,29400,2026-08-27,,,직거래,공공기관,법인,26.09.02
중랑구,11260,10200,상봉동,484,11260-36,"엘지,쌍용아파트",,68.12,6,1996,73500,2026-08-14,,,중개거래,개인,개인,
중랑구,11260,10200,상봉동,484,11260-36,"엘지,쌍용아파트",,68.12,9,1996,81000,2026-08-19,,,중개거래,개인,개인,
중랑구,11260,10200,상봉동,484,11260-36,"엘지,쌍용아파트",1307,68.12,5,1996,71800,2026-08-01,,,중개거래,개인,개인,26.08.27
중랑구,11260,10200,상봉동,495,11260-35,동부아파트,,54,17,1999,68300,2026-08-17,,,중개거래,개인,개인,
중랑구,11260,10200,상봉동,495,11260-35,동부아파트,,54,4,1999,67500,2026-08-11,,,중개거래,개인,개인,
중랑구,11260,10200,상봉동,496,11260-37,우정아파트,105,81.783,22,2002,88000,2026-08-26,,,중개거래,개인,개인,26.09.30
중랑구,11260,10200,상봉동,497,11260-107,태영데시앙1,,84.9353,10,2003,96000,2026-08-29,,,중개거래,개인,개인,
중랑구,11260,10200,상봉동,497,11260-107,태영데시앙1,,84.9353,11,2003,91000,2026-08-31,,,중개거래,개인,개인,
중랑구,11260,10200,상봉동,497,11260-107,태영데시앙1,,84.9353,24,2003,87400,2026-08-08,,,중개거래,개인,개인,
중랑구,11260,10200,상봉동,501,11260-3271,상봉듀오트리스,,131.8,12,2016,137000,2026-08-17,,,중개거래,개인,개인,
중랑구,11260,10200,상봉동,63,11260-33,건영2차아파트,,84.96,18,1996,86000,2026-08-03,,,중개거래,개인,개인,
중랑구,11260,10200,상봉동,63,11260-33,건영2차아파트,,84.96,3,1996,89000,2026-08-03,,,중개거래,개인,개인,
중랑구,11260,10200,상봉동,63,11260-33,건영2차아파트,,84.96,8,1996,90000,2026-08-12,,,중개거래,개인,개인,
중랑구,11260,10200,상봉동,81-5,11260-105,한일써너스빌,,84.981,13,2003,91000,2026-08-11,,,중개거래,개인,개인,
중랑구,11260,10200,상봉동,85-1,11260-3807,솔렌시아3(85-1),,45.91,7,2018,37800,2026-08-07,,,중개거래,개인,개인,
중랑구,11260,10200,상봉동,89-10,11260-4076,레그노시티,,26.908,16,2020,30100,2026-08-01,,,중개거래,개인,개인,26.10.02
중랑구,11260,10300,중화동,19,11260-43,극동,,84.13,4,1991,59000,2026-08-14,,,중개거래,개인,개인,
중랑구,11260,10300,중화동,207-14,11260-2114,미영리치타운,,84.71,2,2007,69000,2026-08-28,,,중개거래,개인,개인,
중랑구,11260,10300,중화동,208-33,11260-2353,동양엔파트,,84.79,10,2010,80000,2026-08-14,,,중개거래,개인,개인,
중랑구,11260,10300,중화동,307-76,11260-146,강오(A동),강오아파트,82.28,4,2004,54000,2026-08-12,,,중개거래,개인,개인,26.09.22
중랑구,11260,10300,중화동,318-81,11260-2009,태솔,,73.99,5,2006,53000,2026-08-31,,,중개거래,개인,개인,
중랑구,11260,10300,중화동,438,11260-45,삼익아파트.상가동,,59.34,3,1995,53000,2026-08-24,,,중개거래,기타,개인,26.08.31
중랑구,11260,10300,중화동,438,11260-45,삼익아파트.상가동,,59.34,3,1995,53000,2026-08-24,O,26.08.26,중개거래,기타,개인,
중랑구,11260,10300,중화동,438,11260-45,삼익아파트.상가동,,59.34,3,1995,57000,2026-08-21,,,중개거래,개인,개인,
중랑구,11260,10300,중화동,450,11260-46,한신아파트상가동유치원동(103~109),,50.37,15,1997,80500,2026-08-18,,,중개거래,개인,개인,
중랑구,11260,10300,중화동,450,11260-46,한신아파트상가동유치원동(103~109),,50.37,20,1997,79500,2026-08-14,,,중개거래,개인,개인,
중랑구,11260,10300,중화동,450,11260-46,한신아파트상가동유치원동(103~109),,50.37,21,1997,82500,2026-08-26,,,중개거래,개인,개인,
중랑구,11260,10300,중화동,450,11260-46,한신아파트상가동유치원동(103~109),,50.37,3,1997,83000,2026-08-29,,,중개거래,개인,개인,
중랑구,11260,10300,중화동,450,11260-46,한신아파트상가동유치원동(103~109),,59.76,1,1997,85000,2026-08-06,,,중개거래,개인,개인,
중랑구,11260,10300,중화동,450,11260-46,한신아파트상가동유치원동(103~109),,59.76,1,1997,88500,2026-08-24,,,중개거래,개인,개인,
중랑구,11260,10300,중화동,450,11260-46,한신아파트상가동유치원동(103~109),,59.76,7,1997,90500,2026-08-28,,,중개거래,개인,개인,
중랑구,11260,10300,중화동,450,11260-46,한신아파트상가동유치원동(103~109),,84.03,14,1997,98000,2026-08-22,,,중개거래,개인,개인,
중랑구,11260,10300,중화동,450,11260-46,한신아파트상가동유치원동(103~109),,84.03,19,1997,100000,2026-08-27,,,중개거래,개인,개인,
중랑구,11260,10300,중화동,450,11260-46,한신아파트상가동유치원동(103~109),,84.03,22,1997,109500,2026-08-28,,,중개거래,개인,개인,
중랑구,11260,10300,중화동,450,11260-46,한신아파트상가동유치원동(103~109),,84.87,26,1997,100000,2026-08-10,,,중개거래,개인,개인,
중랑구,11260,10300,중화동,453,11260-2061,청광플러스원,,73.25,14,2007,76300,2026-08-25,,,중개거래,개인,개인,
중랑구,11260,10400,묵동,122-146,11260-63,백운,,75.03,3,2002,47500,2026-08-18,,,중개거래,개인,개인,
중랑구,11260,10400,묵동,13,11260-52,신내,,49.77,12,1996,60000,2026-08-05,,,중개거래,개인,개인,
중랑구,11260,10400,묵동,171-4,11260-230,공감대,,84.99,2,2005,71000,2026-08-01,,,중개거래,개인,개인,
중랑구,11260,10400,묵동,20,11260-53,신내대림아파트,,126.28,1,1995,120000,2026-08-17,,,중개거래,개인,개인,
중랑구,11260,10400,묵동,20,11260-53,신내대림아파트,,126.28,1,1995,99000,2026-08-26,,,중개거래,개인,개인,
중랑구,11260,10400,묵동,378,11260-62,한국,,114.87,5,1999,80000,2026-08-22,,,중개거래,개인,개인,
중랑구,11260,10400,묵동,379,11260-47,극동늘푸른,,84.08,8,1999,74000,2026-08-06,,,중개거래,개인,개인,
중랑구,11260,10400,묵동,379,11260-47,극동늘푸른,,84.08,8,1999,74000,2026-08-06,O,26.09.02,중개거래,개인,개인,
중랑구,11260,10400,묵동,379,11260-47,극동늘푸른,,84.08,8,1999,82500,2026-08-15,,,중개거래,개인,개인,
중랑구,11260,10400,묵동,379,11260-47,극동늘푸른,,84.08,9,1999,74500,2026-08-26,,,중개거래,개인,개인,
중랑구,11260,10400,묵동,379,11260-47,극동늘푸른,101,84.08,8,1999,77000,2026-08-07,,,중개거래,개인,개인,26.09.30
중랑구,11260,10400,묵동,383,11260-50,세방,,84.8,8,2000,71000,2026-08-11,,,중개거래,기타,개인,
중랑구,11260,10400,묵동,384,11260-59,신안3,,59.86,14,2000,59900,2026-08-21,,,중개거래,개인,개인,
중랑구,11260,10400,묵동,387,11260-108,브라운스톤태릉,,59.4364,16,2004,77800,2026-08-08,,,중개거래,개인,개인,
중랑구,11260,10400,묵동,388,11260-151,동구햇살,,84.97,1,2004,68000,2026-08-13,,,중개거래,개인,개인,
중랑구,11260,10500,망우동,226,11260-68,경남,,52.71,1,1989,36000,2026-08-13,,,중개거래,개인,개인,
중랑구,11260,10500,망우동,226,11260-68,경남,,59.94,4,1989,43500,2026-08-01,,,중개거래,개인,개인,
중랑구,11260,10500,망우동,495,11260-2137,한일써너스빌리젠시2단지,,84.6,16,2008,84000,2026-08-12,,,중개거래,개인,개인,
중랑구,11260,10500,망우동,506-22,11260-4565,아스테르아파트,,37.6,17,2024,45500,2026-08-01,,,직거래,개인,법인,
중랑구,11260,10500,망우동,506-22,11260-4565,아스테르아파트,,37.6,19,2024,47850,2026-08-04,,,직거래,개인,법인,
중랑구,11260,10500,망우동,573,11260-71,신원,,84.12,5,1999,54900,2026-08-22,,,중개거래,개인,개인,
중랑구,11260,10500,망우동,574,11260-70,백림금호,,59.99,21,2000,44700,2026-08-17,,,중개거래,개인,개인,
중랑구,11260,10500,망우동,576,11260-66,가야써니빌,,59.96,5,2002,49500,2026-08-11,,,중개거래,개인,개인,
중랑구,11260,10500,망우동,577,11260-115,예성그린캐슬,,84.83,11,2004,61000,2026-08-16,,,중개거래,개인,개인,
중랑구,11260,10500,망우동,583,11260-2564,중랑숲리가,,59.978,3,2012,63500,2026-08-31,,,중개거래,개인,개인,
중랑구,11260,10600,신내동,397,11260-83,동성1,,125.48,6,1993,78000,2026-08-03,,,중개거래,개인,개인,
중랑구,11260,10600,신내동,397,11260-83,동성1,,59.4,20,1993,64000,2026-08-07,,,중개거래,개인,개인,
중랑구,11260,10600,신내동,397,11260-83,동성1,,59.4,3,1993,62500,2026-08-19,,,중개거래,개인,개인,
중랑구,11260,10600,신내동,397,11260-83,동성1,,59.4,3,1993,65000,2026-08-14,,,중개거래,개인,개인,
중랑구,11260,10600,신내동,397,11260-83,동성1,,59.4,9,1993,64000,2026-08-20,,,중개거래,개인,개인,
중랑구,11260,10600,신내동,397,11260-83,동성1,,84.98,2,1993,74000,2026-08-20,,,중개거래,개인,개인,
중랑구,11260,10600,신내동,479,11260-94,중앙하이츠,,84.97,10,1996,72000,2026-08-01,,,중개거래,개인,개인,
중랑구,11260,10600,신내동,479,11260-94,중앙하이츠,,84.97,10,1996,72500,2026-08-05,,,중개거래,개인,개인,
중랑구,11260,10600,신내동,479,11260-94,중앙하이츠,,84.97,13,1996,71000,2026-08-03,,,중개거래,개인,개인,
중랑구,11260,10600,신내동,479,11260-94,중앙하이츠,,84.97,14,1996,75000,2026-08-29,,,중개거래,개인,개인,
중랑구,11260,10600,신내동,479,11260-94,중앙하이츠,,84.97,4,1996,68500,2026-08-15,,,중개거래,개인,개인,
중랑구,11260,10600,신내동,479,11260-94,중앙하이츠,,84.97,9,1996,68000,2026-08-01,,,중개거래,개인,개인,
중랑구,11260,10600,신내동,618,11260-100,동성3,,84.08,5,1997,79500,2026-08-27,,,중개거래,개인,개인,
중랑구,11260,10600,신내동,618,11260-100,동성3,14,59.4,10,1997,53000,2026-08-13,,,중개거래,개인,개인,26.08.19
중랑구,11260,10600,신내동,650,11260-92,신내6대주,,39.84,1,1996,50000,2026-08-22,,,중개거래,개인,개인,
중랑구,11260,10600,신내동,650,11260-92,신내6대주,,39.84,3,1996,49900,2026-08-01,,,중개거래,개인,개인,
중랑구,11260,10600,신내동,650,11260-92,신내6대주,,39.84,3,1996,50000,2026-08-21,,,중개거래,개인,개인,
중랑구,11260,10600,신내동,650,11260-92,신내6대주,,39.84,4,1996,52000,2026-08-14,,,중개거래,개인,개인,
중랑구,11260,10600,신내동,650,11260-92,신내6대주,,39.84,6,1996,52500,2026-08-15,,,중개거래,개인,개인,
중랑구,11260,10600,신내동,650,11260-92,신내6대주,,39.84,9,1996,51000,2026-08-26,,,중개거래,개인,개인,
중랑구,11260,10600,신내동,650,11260-92,신내6대주,,39.84,9,1996,51500,2026-08-22,,,중개거래,개인,개인,
중랑구,11260,10600,신내동,650,11260-92,신내6대주,,49.77,10,1996,68000,2026-08-26,,,중개거래,개인,개인,
중랑구,11260,10600,신내동,650,11260-92,신내6대주,,49.77,9,1996,68500,2026-08-14,,,중개거래,개인,개인,
중랑구,11260,10600,신내동,650,11260-92,신내6대주,,59.76,12,1996,75700,2026-08-19,,,중개거래,개인,개인,
중랑구,11260,10600,신내동,650,11260-92,신내6대주,616,49.77,7,1996,67800,2026-08-13,,,중개거래,개인,개인,26.10.02
중랑구,11260,10600,신내동,654,11260-95,진로아파트,701,134.37,3,1995,109000,2026-08-19,,,중개거래,개인,개인,26.09.30
중랑구,11260,10600,신내동,654,11260-95,진로아파트,701,134.37,7,1995,110000,2026-08-20,,,직거래,개인,개인,26.09.18
중랑구,11260,10600,신내동,656,11260-85,화성.두산아파트,,66.96,10,1995,76000,2026-08-18,,,중개거래,개인,개인,
중랑구,11260,10600,신내동,656,11260-85,화성.두산아파트,,66.96,5,1995,75000,2026-08-07,,,중개거래,개인,개인,
중랑구,11260,10600,신내동,657,11260-98,신내9진흥,,33.18,13,1996,33800,2026-08-11,,,중개거래,개인,개인,
중랑구,11260,10600,신내동,657,11260-98,신내9진흥,,33.18,15,1996,33000,2026-08-15,,,중개거래,개인,개인,
중랑구,11260,10600,신내동,657,11260-98,신내9진흥,,33.18,2,1996,32000,2026-08-28,,,중개거래,개인,개인,
중랑구,11260,10600,신내동,657,11260-98,신내9진흥,,33.18,3,1996,32000,2026-08-11,,,중개거래,개인,개인,
중랑구,11260,10600,신내동,657,11260-98,신내9진흥,,49.93,6,1996,62000,2026-08-27,,,중개거래,개인,개인,
중랑구,11260,10600,신내동,657,11260-98,신내9진흥,,49.93,7,1996,60000,2026-08-01,,,중개거래,개인,개인,
중랑구,11260,10600,신내동,661,11260-99,신내11대명,,39.76,6,1996,47000,2026-08-07,,,중개거래,개인,개인,
중랑구,11260,10600,신내동,661,11260-99,신내11대명,,39.76,8,1996,49700,2026-08-15,,,중개거래,개인,개인,
중랑구,11260,10600,신내동,661,11260-99,신내11대명,,49.77,14,1996,61900,2026-08-28,,,중개거래,개인,개인,
중랑구,11260,10600,신내동,661,11260-99,신내11대명,,49.77,14,1996,61900,2026-08-28,O,26.09.01,중개거래,개인,개인,
중랑구,11260,10600,신내동,786,11260-84,동성타워프라자,,84.21,7,1996,59000,2026-08-04,,,중개거래,개인,개인,26.10.02
중랑구,11260,10600,신내동,787,11260-90,석탑,,84.6,12,1997,59000,2026-08-19,,,중개거래,개인,개인,
중랑구,11260,10600,신내동,795,11260-89,새한,,59.77,10,1998,61500,2026-08-10,,,중개거래,개인,개인,
중랑구,11260,10600,신내동,795,11260-89,새한,,59.77,10,1998,61500,2026-08-10,O,26.08.28,중개거래,개인,개인,
중랑구,11260,10600,신내동,796,11260-81,다우훼밀리,,84.87,15,1999,72300,2026-08-19,,,중개거래,개인,개인,
중랑구,11260,10600,신내동,797,11260-103,동성7,,59.34,9,1999,59800,2026-08-18,,,중개거래,개인,개인,
중랑구,11260,10600,신내동,802,11260-232,우남푸르미아,우남푸르미아아파트101,84.67,11,2005,65000,2026-08-21,,,중개거래,개인,개인,26.08.25
중랑구,11260,10600,신내동,804,11260-2047,경남아너스빌,,84.98,9,2007,75500,2026-08-01,,,중개거래,개인,개인,
중랑구,11260,10600,신내동,816,11260-2893,신내우디안1단지,,84.65,11,2014,85000,2026-08-12,,,중개거래,개인,개인,
중랑구,11260,10600,신내동,816,11260-2893,신내우디안1단지,,84.91,20,2014,87000,2026-08-22,,,중개거래,개인,개인,
중랑구,11260,10600,신내동,816,11260-2893,신내우디안1단지,110,59.49,12,2014,78700,2026-08-08,,,중개거래,개인,개인,26.09.30
중랑구,11260,10600,신내동,817,11260-2821,신내 데시앙포레,,84.65,16,2013,85800,2026-08-01,,,중개거래,개인,개인,
중랑구,11260,10600,신내동,817,11260-2821,신내 데시앙포레,,84.65,3,2013,85000,2026-08-07,,,중개거래,개인,개인,
